Date,Highest_Temp_Outside,Lowest_Temp_Outside,Age,Dead,Cull,Water,Feed,Fuel,Power,Highest_humidity,Lowest_Humidity,Highest_Temn,Lowest_Temn,Ventilation_Coefficient_Cold,Ventilation_Coefficient_Warm,Fan_Num_Less36,Fan_Num_More36,Fan_Num_Less50,Fan_Num_More50,DOCAmount,ID_NUM
2024-02-28 00:00:00,4.7,-1.2,1.0,16.0,6.0,0.74,370.0,229.0,116.0,0.6,0.42,36.1,33.5,0.62,0.62,0.0,0.0,1.0,1.0,28400.0,G02_56_H1
2024-03-04 00:00:00,11.0,4.0,6.0,6.0,19.0,1.74,880.0,172.4,72.0,0.71,0.56,33.3,30.6,0.5,0.56,0.0,0.0,1.0,2.0,28400.0,G02_56_H1
2024-03-05 00:00:00,11.0,5.0,7.0,5.0,11.0,1.98,990.0,193.0,56.0,0.73,0.53,32.1,29.7,0.55,0.55,0.0,0.0,2.0,2.0,28400.0,G02_56_H1
2024-03-06 00:00:00,11.0,2.0,8.0,7.0,173.0,2.07,1035.0,231.4,68.0,0.8,0.54,31.9,29.5,0.53,0.53,0.0,0.0,2.0,2.0,28400.0,G02_56_H1
2024-03-07 00:00:00,14.0,0.0,9.0,27.0,3.0,2.41,1205.0,243.8,60.0,0.77,0.54,31.8,28.9,0.52,0.58,0.0,0.0,2.0,2.0,28400.0,G02_56_H1
2024-03-08 00:00:00,14.0,1.0,10.0,3.0,9.0,2.8,1400.0,193.0,52.0,0.8,0.54,31.4,28.3,0.41,0.5,0.0,0.0,2.0,2.0,28400.0,G02_56_H1
2024-03-09 00:00:00,14.0,0.0,11.0,2.0,16.0,3.19,1595.0,204.0,44.0,0.83,0.57,30.9,27.9,0.4,0.48,0.0,0.0,2.0,2.0,28400.0,G02_56_H1
2024-03-10 00:00:00,16.0,2.0,12.0,6.0,21.0,3.58,1790.0,200.6,44.0,0.83,0.6,30.5,27.5,0.38,0.45,0.0,0.0,2.0,2.0,28400.0,G02_56_H1
2024-03-11 00:00:00,21.0,7.0,13.0,3.0,11.0,4.02,2010.0,104.2,40.0,0.79,0.59,30.1,27.3,0.37,0.52,0.0,0.0,2.0,2.0,28400.0,G02_56_H1
2024-03-12 00:00:00,17.0,5.0,14.0,5.0,10.0,4.19,2090.0,70.4,36.0,0.83,0.63,29.9,27.0,0.35,0.42,0.0,0.0,2.0,2.0,28400.0,G02_56_H1
2024-03-13 00:00:00,16.0,4.0,15.0,8.0,15.0,4.35,2175.0,120.4,40.0,0.81,0.6,29.5,26.9,0.27,0.34,0.0,0.0,2.0,2.0,28400.0,G02_56_H1
2024-03-14 00:00:00,15.0,7.0,16.0,6.0,33.0,4.74,2370.0,35.8,36.0,0.98,0.69,29.2,27.2,0.26,0.33,0.0,0.0,2.0,2.0,28400.0,G02_56_H1
2024-03-15 00:00:00,19.0,4.0,17.0,5.0,18.0,5.07,2535.0,96.6,36.0,0.97,0.78,29.5,26.8,0.25,0.33,0.0,0.0,2.0,2.0,28400.0,G02_56_H1
2024-03-16 00:00:00,22.0,9.0,18.0,9.0,55.0,5.72,2860.0,5.0,36.0,0.97,0.86,29.4,27.1,0.25,0.39,0.0,0.0,2.0,2.0,28400.0,G02_56_H1
2024-03-17 00:00:00,14.0,5.0,19.0,8.0,80.0,6.09,3045.0,1.8,36.0,0.93,0.78,28.7,26.9,0.25,0.27,0.0,0.0,2.0,2.0,28400.0,G02_56_H1
2024-03-18 00:00:00,11.0,3.0,20.0,11.0,110.0,6.28,3140.0,19.4,36.0,0.93,0.77,28.5,26.7,0.23,0.27,0.0,0.0,2.0,2.0,28400.0,G02_56_H1
2024-03-19 00:00:00,17.0,4.0,21.0,5.0,69.0,6.49,3245.0,24.2,36.0,0.97,0.7,28.9,26.3,0.25,0.33,0.0,0.0,2.0,2.0,28400.0,G02_56_H1
2024-03-20 00:00:00,18.0,5.0,22.0,5.0,30.0,6.75,3375.0,27.4,44.0,0.9,0.7,28.4,26.1,0.25,0.38,0.0,0.0,2.0,2.0,28400.0,G02_56_H1
2024-03-21 00:00:00,22.0,5.0,23.0,3.0,24.0,6.093,3047.0,7.2,44.0,0.92,0.71,28.7,25.6,0.24,0.49,0.0,0.0,2.0,2.0,28400.0,G02_56_H1
2024-03-22 00:00:00,27.0,11.0,24.0,5.0,21.0,6.922,3461.0,0.6,52.0,0.94,0.69,30.2,26.3,0.3,0.74,0.0,0.0,2.0,2.0,28400.0,G02_56_H1
2024-03-23 00:00:00,17.0,14.0,25.0,9.0,21.0,7.208,3604.0,0.0,64.0,0.94,0.78,28.6,26.6,0.38,0.4,0.0,0.0,2.0,2.0,28400.0,G02_56_H1
2024-03-24 00:00:00,17.0,11.0,26.0,6.0,25.0,7.585,3793.0,0.0,56.0,0.97,0.81,28.7,26.2,0.35,0.47,0.0,0.0,2.0,2.0,28400.0,G02_56_H1
2024-03-25 00:00:00,13.0,8.0,27.0,10.0,35.0,6.948,3474.0,0.0,56.0,0.96,0.81,27.6,25.0,0.3,0.37,0.0,0.0,2.0,2.0,28400.0,G02_56_H1
2024-03-26 00:00:00,17.0,6.0,28.0,9.0,24.0,6.945,3473.0,0.0,44.0,0.98,0.75,28.6,25.4,0.3,0.42,0.0,0.0,2.0,2.0,28400.0,G02_56_H1
2024-03-27 00:00:00,15.0,9.0,29.0,7.0,16.0,7.458,3729.0,24.2,64.0,0.98,0.75,26.3,24.0,0.33,0.42,0.0,0.0,2.0,2.0,28400.0,G02_56_H1
2024-03-28 00:00:00,20.0,10.0,30.0,10.0,12.0,8.414,4207.0,30.0,60.0,0.92,0.76,26.9,24.1,0.33,0.56,0.0,0.0,2.0,2.0,28400.0,G02_56_H1
2024-03-29 00:00:00,27.0,13.0,31.0,12.0,16.0,9.035,4518.0,2.0,68.0,0.89,0.58,29.3,24.9,0.38,1.46,0.0,0.0,2.0,5.0,28400.0,G02_56_H1
2024-03-30 00:00:00,29.0,14.0,32.0,15.0,10.0,9.035,4518.0,1.0,128.0,0.89,0.48,30.6,23.9,0.36,1.77,0.0,0.0,2.0,6.0,28400.0,G02_56_H1
2024-03-31 00:00:00,22.0,11.0,33.0,19.0,9.0,9.13,4565.0,8.4,92.0,0.83,0.62,26.9,23.2,0.34,0.84,0.0,0.0,2.0,3.0,28400.0,G02_56_H1
2024-04-01 00:00:00,28.0,12.0,34.0,22.0,5.0,9.213,4607.0,20.4,76.0,0.88,0.54,28.4,22.4,0.32,1.87,0.0,0.0,2.0,7.0,28400.0,G02_56_H1
2024-04-02 00:00:00,19.0,15.0,35.0,35.0,7.0,9.271,4636.0,0.6,140.0,0.93,0.73,26.2,23.4,0.51,0.76,0.0,0.0,2.0,3.0,28400.0,G02_56_H1
2024-04-03 00:00:00,17.0,10.0,36.0,38.0,6.0,9.263,4632.0,1.6,84.0,0.92,0.78,24.1,21.6,0.44,0.73,0.0,0.0,2.0,3.0,28400.0,G02_56_H1
2024-04-04 00:00:00,17.0,8.0,37.0,68.0,0.0,8.507,4254.0,7.4,92.0,0.88,0.57,23.7,20.9,0.35,0.7,0.0,0.0,2.0,3.0,28400.0,G02_56_H1
2024-02-28 00:00:00,4.7,-1.2,1.0,22.0,8.0,0.74,370.0,229.0,112.0,0.54,0.47,35.8,33.5,0.62,0.62,0.0,0.0,1.0,1.0,28400.0,G02_56_H2
2024-03-04 00:00:00,11.0,4.0,6.0,24.0,14.0,1.74,885.0,172.4,64.0,0.72,0.62,33.3,30.4,0.5,0.56,0.0,0.0,1.0,2.0,28400.0,G02_56_H2
2024-03-05 00:00:00,11.0,5.0,7.0,11.0,6.0,1.97,985.0,193.0,44.0,0.72,0.63,32.6,29.8,0.55,0.55,0.0,0.0,2.0,2.0,28400.0,G02_56_H2
2024-03-06 00:00:00,11.0,2.0,8.0,20.0,160.0,2.07,1035.0,231.4,60.0,0.72,0.55,32.2,29.5,0.53,0.53,0.0,0.0,2.0,2.0,28400.0,G02_56_H2
2024-03-07 00:00:00,14.0,0.0,9.0,35.0,28.0,2.4,1200.0,243.8,60.0,0.67,0.55,32.1,28.8,0.52,0.58,0.0,0.0,2.0,2.0,28400.0,G02_56_H2
2024-03-08 00:00:00,14.0,1.0,10.0,16.0,18.0,2.79,1395.0,193.0,48.0,0.71,0.56,31.8,28.3,0.41,0.5,0.0,0.0,2.0,2.0,28400.0,G02_56_H2
2024-03-09 00:00:00,14.0,0.0,11.0,7.0,34.0,3.17,1585.0,204.0,40.0,0.76,0.59,31.1,28.0,0.4,0.48,0.0,0.0,2.0,2.0,28400.0,G02_56_H2
2024-03-10 00:00:00,16.0,2.0,12.0,6.0,26.0,3.56,1780.0,200.6,44.0,0.79,0.63,30.7,27.5,0.38,0.45,0.0,0.0,2.0,2.0,28400.0,G02_56_H2
2024-03-11 00:00:00,21.0,7.0,13.0,6.0,16.0,4.0,2000.0,104.2,40.0,0.76,0.6,30.5,27.6,0.37,0.52,0.0,0.0,2.0,2.0,28400.0,G02_56_H2
2024-03-12 00:00:00,17.0,5.0,14.0,16.0,21.0,4.15,2080.0,70.4,28.0,0.8,0.63,29.8,27.2,0.35,0.42,0.0,0.0,2.0,2.0,28400.0,G02_56_H2
2024-03-13 00:00:00,16.0,4.0,15.0,9.0,26.0,4.32,2160.0,120.4,36.0,0.8,0.64,29.7,27.0,0.27,0.34,0.0,0.0,2.0,2.0,28400.0,G02_56_H2
2024-03-14 00:00:00,15.0,7.0,16.0,7.0,62.0,4.7,2350.0,35.8,28.0,0.9,0.75,29.1,27.4,0.26,0.33,0.0,0.0,2.0,2.0,28400.0,G02_56_H2
2024-03-15 00:00:00,19.0,4.0,17.0,12.0,47.0,5.02,2510.0,96.6,28.0,0.9,0.76,29.9,26.9,0.25,0.33,0.0,0.0,2.0,2.0,28400.0,G02_56_H2
2024-03-16 00:00:00,22.0,9.0,18.0,8.0,17.0,5.67,2835.0,5.0,40.0,0.9,0.83,30.2,27.2,0.25,0.39,0.0,0.0,2.0,2.0,28400.0,G02_56_H2
2024-03-17 00:00:00,14.0,5.0,19.0,13.0,36.0,6.05,3025.0,1.8,36.0,0.9,0.83,29.0,26.9,0.25,0.27,0.0,0.0,2.0,2.0,28400.0,G02_56_H2
2024-03-18 00:00:00,11.0,3.0,20.0,6.0,39.0,6.26,3130.0,19.4,28.0,0.9,0.79,28.6,26.6,0.23,0.27,0.0,0.0,2.0,2.0,28400.0,G02_56_H2
2024-03-19 00:00:00,17.0,4.0,21.0,4.0,63.0,6.46,3230.0,24.2,32.0,0.89,0.76,28.9,26.1,0.25,0.33,0.0,0.0,2.0,2.0,28400.0,G02_56_H2
2024-03-20 00:00:00,18.0,5.0,22.0,7.0,29.0,6.73,3365.0,27.4,44.0,0.89,0.75,28.4,26.0,0.25,0.38,0.0,0.0,2.0,2.0,28400.0,G02_56_H2
2024-03-21 00:00:00,22.0,5.0,23.0,7.0,27.0,6.391,3196.0,7.2,44.0,0.9,0.7,29.1,25.7,0.24,0.49,0.0,0.0,2.0,2.0,28400.0,G02_56_H2
2024-03-22 00:00:00,27.0,11.0,24.0,7.0,18.0,6.745,3373.0,0.6,48.0,0.88,0.67,30.9,26.2,0.3,0.81,0.0,0.0,2.0,2.0,28400.0,G02_56_H2
2024-03-23 00:00:00,17.0,14.0,25.0,11.0,20.0,7.538,3769.0,0.0,68.0,0.89,0.81,28.6,26.4,0.38,0.4,0.0,0.0,2.0,2.0,28400.0,G02_56_H2
2024-03-24 00:00:00,17.0,11.0,26.0,13.0,29.0,7.869,3935.0,0.0,52.0,0.89,0.83,28.2,25.9,0.35,0.43,0.0,0.0,2.0,2.0,28400.0,G02_56_H2
2024-03-25 00:00:00,13.0,8.0,27.0,7.0,12.0,7.768,3884.0,0.0,48.0,0.9,0.84,27.7,25.4,0.3,0.37,0.0,0.0,2.0,2.0,28400.0,G02_56_H2
2024-03-26 00:00:00,17.0,6.0,28.0,9.0,6.0,7.617,3809.0,0.0,48.0,0.9,0.79,28.8,25.7,0.3,0.42,0.0,0.0,2.0,2.0,28400.0,G02_56_H2
2024-03-27 00:00:00,15.0,9.0,29.0,5.0,10.0,8.188,4094.0,24.2,60.0,0.9,0.79,26.3,23.9,0.33,0.42,0.0,0.0,2.0,2.0,28400.0,G02_56_H2
2024-03-28 00:00:00,20.0,10.0,30.0,3.0,9.0,8.526,4263.0,30.0,60.0,0.89,0.79,26.9,24.0,0.33,0.56,0.0,0.0,2.0,2.0,28400.0,G02_56_H2
2024-03-29 00:00:00,27.0,13.0,31.0,6.0,7.0,9.184,4592.0,2.0,76.0,0.88,0.59,29.6,24.9,0.38,1.46,0.0,0.0,2.0,5.0,28400.0,G02_56_H2
2024-03-30 00:00:00,29.0,14.0,32.0,20.0,3.0,9.184,4592.0,1.0,120.0,0.89,0.48,31.0,23.7,0.36,1.77,0.0,0.0,2.0,6.0,28400.0,G02_56_H2
2024-03-31 00:00:00,22.0,11.0,33.0,17.0,8.0,9.6,4800.0,8.4,104.0,0.84,0.61,27.1,23.3,0.34,0.84,0.0,0.0,2.0,3.0,28400.0,G02_56_H2
2024-04-01 00:00:00,28.0,12.0,34.0,18.0,6.0,9.871,4936.0,20.4,72.0,0.87,0.53,28.8,22.5,0.32,1.87,0.0,0.0,2.0,7.0,28400.0,G02_56_H2
2024-04-02 00:00:00,19.0,15.0,35.0,62.0,5.0,10.138,5069.0,0.6,132.0,0.89,0.72,26.3,23.5,0.51,0.76,0.0,0.0,2.0,3.0,28400.0,G02_56_H2
2024-04-03 00:00:00,17.0,10.0,36.0,120.0,4.0,10.067,5034.0,1.6,112.0,0.89,0.83,24.1,21.8,0.44,0.73,0.0,0.0,2.0,3.0,28400.0,G02_56_H2
2024-04-04 00:00:00,17.0,8.0,37.0,140.0,0.0,9.243,4622.0,7.4,80.0,0.88,0.58,23.8,21.0,0.35,0.7,0.0,0.0,2.0,3.0,28400.0,G02_56_H2
2024-02-28 00:00:00,4.7,-1.2,1.0,19.0,7.0,0.74,370.0,230.0,124.0,0.59,0.48,35.0,33.0,0.62,0.62,0.0,0.0,1.0,1.0,28600.0,G02_56_H8
2024-03-04 00:00:00,11.0,4.0,6.0,9.0,20.0,1.76,890.0,172.4,68.0,0.74,0.6,32.3,29.9,0.49,0.55,0.0,0.0,1.0,2.0,28600.0,G02_56_H8
2024-03-05 00:00:00,11.0,5.0,7.0,8.0,16.0,1.99,995.0,193.0,60.0,0.76,0.61,31.7,29.2,0.54,0.54,0.0,0.0,2.0,2.0,28600.0,G02_56_H8
2024-03-06 00:00:00,11.0,2.0,8.0,8.0,157.0,2.09,1045.0,231.4,76.0,0.72,0.53,31.6,29.0,0.52,0.52,0.0,0.0,2.0,2.0,28600.0,G02_56_H8
2024-03-07 00:00:00,14.0,0.0,9.0,21.0,5.0,2.43,1215.0,243.8,52.0,0.68,0.55,31.5,28.5,0.5,0.58,0.0,0.0,2.0,2.0,28600.0,G02_56_H8
2024-03-08 00:00:00,14.0,1.0,10.0,5.0,8.0,2.82,1410.0,193.0,40.0,0.72,0.56,30.9,28.1,0.45,0.54,0.0,0.0,2.0,2.0,28600.0,G02_56_H8
2024-03-09 00:00:00,14.0,0.0,11.0,5.0,13.0,3.21,1605.0,204.0,56.0,0.75,0.6,30.3,27.5,0.44,0.51,0.0,0.0,2.0,2.0,28600.0,G02_56_H8
2024-03-10 00:00:00,16.0,2.0,12.0,6.0,23.0,3.6,1800.0,200.6,48.0,0.8,0.63,29.8,27.1,0.42,0.49,0.0,0.0,2.0,2.0,28600.0,G02_56_H8
2024-03-11 00:00:00,21.0,7.0,13.0,9.0,29.0,4.05,2025.0,104.2,44.0,0.78,0.6,29.5,27.2,0.4,0.62,0.0,0.0,2.0,2.0,28600.0,G02_56_H8
2024-03-12 00:00:00,17.0,5.0,14.0,10.0,48.0,4.21,2105.0,70.4,44.0,0.81,0.64,28.7,26.7,0.38,0.46,0.0,0.0,2.0,2.0,28600.0,G02_56_H8
2024-03-13 00:00:00,16.0,4.0,15.0,9.0,106.0,4.36,2180.0,120.4,48.0,0.81,0.6,28.6,26.3,0.34,0.48,0.0,0.0,2.0,2.0,28600.0,G02_56_H8
2024-03-14 00:00:00,15.0,7.0,16.0,8.0,36.0,4.74,2370.0,35.8,44.0,0.92,0.7,28.5,26.8,0.3,0.38,0.0,0.0,2.0,2.0,28600.0,G02_56_H8
2024-03-15 00:00:00,19.0,4.0,17.0,11.0,36.0,5.07,2535.0,96.6,48.0,0.91,0.77,29.6,26.1,0.27,0.39,0.0,0.0,2.0,2.0,28600.0,G02_56_H8
2024-03-16 00:00:00,22.0,9.0,18.0,13.0,49.0,5.72,2860.0,5.0,44.0,0.94,0.79,30.0,26.4,0.27,0.49,0.0,0.0,2.0,2.0,28600.0,G02_56_H8
2024-03-17 00:00:00,14.0,5.0,19.0,6.0,48.0,6.1,3050.0,1.8,52.0,0.92,0.78,28.1,26.1,0.29,0.32,0.0,0.0,2.0,2.0,28600.0,G02_56_H8
2024-03-18 00:00:00,11.0,3.0,20.0,7.0,40.0,6.31,3155.0,19.4,44.0,0.97,0.76,28.0,25.8,0.27,0.36,0.0,0.0,2.0,2.0,28600.0,G02_56_H8
2024-03-19 00:00:00,17.0,4.0,21.0,7.0,22.0,6.52,3260.0,24.2,44.0,0.98,0.78,28.5,26.1,0.25,0.39,0.0,0.0,2.0,2.0,28600.0,G02_56_H8
2024-03-20 00:00:00,18.0,5.0,22.0,6.0,27.0,6.79,3395.0,27.4,56.0,0.98,0.76,29.0,26.2,0.25,0.41,0.0,0.0,2.0,2.0,28600.0,G02_56_H8
2024-03-21 00:00:00,22.0,5.0,23.0,5.0,39.0,6.65,3325.0,7.2,56.0,0.99,0.71,29.5,25.5,0.24,0.53,0.0,0.0,2.0,2.0,28600.0,G02_56_H8
2024-03-22 00:00:00,27.0,11.0,24.0,11.0,15.0,7.04,3520.0,0.6,40.0,0.93,0.68,31.1,26.5,0.3,0.95,0.0,0.0,2.0,2.0,28600.0,G02_56_H8
2024-03-23 00:00:00,17.0,14.0,25.0,15.0,29.0,7.29,3645.0,0.0,64.0,0.97,0.82,28.6,26.0,0.38,0.43,0.0,0.0,2.0,2.0,28600.0,G02_56_H8
2024-03-24 00:00:00,17.0,11.0,26.0,31.0,23.0,7.21,3605.0,0.0,68.0,0.95,0.84,28.3,25.8,0.35,0.47,0.0,0.0,2.0,2.0,28600.0,G02_56_H8
2024-03-25 00:00:00,13.0,8.0,27.0,45.0,17.0,7.06,3530.0,0.0,68.0,0.98,0.85,27.8,25.5,0.3,0.41,0.0,0.0,2.0,2.0,28600.0,G02_56_H8
2024-03-26 00:00:00,17.0,6.0,28.0,81.0,259.0,7.64,3820.0,0.0,96.0,0.98,0.78,29.4,25.8,0.3,0.42,0.0,0.0,2.0,2.0,28600.0,G02_56_H8
2024-03-27 00:00:00,15.0,9.0,29.0,98.0,213.0,7.18,3590.0,24.2,80.0,0.98,0.78,26.1,23.9,0.33,0.42,0.0,0.0,2.0,2.0,28600.0,G02_56_H8
2024-03-28 00:00:00,20.0,10.0,30.0,131.0,262.0,8.24,4120.0,30.0,96.0,0.96,0.77,27.2,24.2,0.33,0.56,0.0,0.0,2.0,2.0,28600.0,G02_56_H8
2024-03-29 00:00:00,27.0,13.0,31.0,103.0,213.0,7.61,3805.0,2.0,72.0,0.86,0.57,29.4,24.7,0.38,1.46,0.0,0.0,2.0,5.0,28600.0,G02_56_H8
2024-03-30 00:00:00,29.0,14.0,32.0,92.0,181.0,7.61,3805.0,1.0,124.0,0.89,0.47,30.8,23.6,0.36,1.77,0.0,0.0,2.0,6.0,28600.0,G02_56_H8
2024-03-31 00:00:00,22.0,11.0,33.0,81.0,23.0,8.31,4155.0,8.4,108.0,0.8,0.6,27.1,23.1,0.34,0.84,0.0,0.0,2.0,3.0,28600.0,G02_56_H8
2024-04-01 00:00:00,28.0,12.0,34.0,63.0,25.0,8.14,4070.0,20.4,92.0,0.89,0.5,28.5,22.3,0.32,1.87,0.0,0.0,2.0,7.0,28600.0,G02_56_H8
2024-04-02 00:00:00,19.0,15.0,35.0,82.0,29.0,8.58,4290.0,0.6,144.0,0.91,0.74,26.0,23.1,0.51,0.76,0.0,0.0,2.0,3.0,28600.0,G02_56_H8
2024-04-03 00:00:00,17.0,10.0,36.0,113.0,5.0,8.5,4250.0,1.6,108.0,0.91,0.8,23.8,21.6,0.44,0.73,0.0,0.0,2.0,3.0,28600.0,G02_56_H8
2024-04-04 00:00:00,17.0,8.0,37.0,175.0,0.0,7.79,3895.0,7.4,96.0,0.87,0.55,23.8,20.9,0.35,0.7,0.0,0.0,2.0,3.0,28600.0,G02_56_H8
2024-02-28 00:00:00,4.7,-1.2,1.0,29.0,6.0,0.71,355.0,229.0,128.0,0.59,0.53,36.0,33.7,0.62,0.62,0.0,0.0,1.0,1.0,27300.0,G02_56_H9
2024-03-04 00:00:00,11.0,4.0,6.0,20.0,12.0,1.68,830.0,172.4,64.0,0.7,0.57,33.6,30.6,0.5,0.56,0.0,0.0,1.0,2.0,27300.0,G02_56_H9
2024-03-05 00:00:00,11.0,5.0,7.0,12.0,11.0,1.89,945.0,193.0,44.0,0.7,0.58,32.5,29.7,0.55,0.55,0.0,0.0,2.0,2.0,27300.0,G02_56_H9
2024-03-06 00:00:00,11.0,2.0,8.0,34.0,144.0,1.99,995.0,231.4,60.0,0.7,0.55,32.3,29.6,0.53,0.53,0.0,0.0,2.0,2.0,27300.0,G02_56_H9
2024-03-07 00:00:00,14.0,0.0,9.0,36.0,40.0,2.3,1150.0,243.8,60.0,0.67,0.53,32.0,29.0,0.52,0.58,0.0,0.0,2.0,2.0,27300.0,G02_56_H9
2024-03-08 00:00:00,14.0,1.0,10.0,11.0,19.0,2.68,1340.0,193.0,48.0,0.72,0.54,31.6,28.5,0.41,0.5,0.0,0.0,2.0,2.0,27300.0,G02_56_H9
2024-03-09 00:00:00,14.0,0.0,11.0,5.0,30.0,3.05,1525.0,204.0,40.0,0.75,0.56,31.2,28.0,0.4,0.48,0.0,0.0,2.0,2.0,27300.0,G02_56_H9
2024-03-10 00:00:00,16.0,2.0,12.0,9.0,34.0,3.41,1705.0,200.6,40.0,0.78,0.61,30.9,27.5,0.38,0.45,0.0,0.0,2.0,2.0,27300.0,G02_56_H9
2024-03-11 00:00:00,21.0,7.0,13.0,8.0,20.0,3.84,1920.0,104.2,40.0,0.76,0.58,30.3,27.6,0.37,0.52,0.0,0.0,2.0,2.0,27300.0,G02_56_H9
2024-03-12 00:00:00,17.0,5.0,14.0,13.0,16.0,3.99,1990.0,70.4,24.0,0.8,0.64,30.1,27.1,0.35,0.42,0.0,0.0,2.0,2.0,27300.0,G02_56_H9
2024-03-13 00:00:00,16.0,4.0,15.0,7.0,14.0,4.15,2075.0,120.4,36.0,0.81,0.61,30.0,27.0,0.27,0.34,0.0,0.0,2.0,2.0,27300.0,G02_56_H9
2024-03-14 00:00:00,15.0,7.0,16.0,10.0,48.0,4.51,2255.0,35.8,28.0,0.9,0.72,30.1,27.4,0.26,0.33,0.0,0.0,2.0,2.0,27300.0,G02_56_H9
2024-03-15 00:00:00,19.0,4.0,17.0,9.0,32.0,4.82,2410.0,96.6,36.0,0.9,0.8,29.2,27.0,0.25,0.33,0.0,0.0,2.0,2.0,27300.0,G02_56_H9
2024-03-16 00:00:00,22.0,9.0,18.0,7.0,25.0,5.45,2725.0,5.0,28.0,0.95,0.84,30.1,27.2,0.25,0.39,0.0,0.0,2.0,2.0,27300.0,G02_56_H9
2024-03-17 00:00:00,14.0,5.0,19.0,15.0,40.0,5.81,2905.0,1.8,32.0,0.94,0.81,28.8,26.9,0.25,0.27,0.0,0.0,2.0,2.0,27300.0,G02_56_H9
2024-03-18 00:00:00,11.0,3.0,20.0,5.0,40.0,6.01,3005.0,19.4,32.0,0.94,0.82,28.6,26.6,0.23,0.27,0.0,0.0,2.0,2.0,27300.0,G02_56_H9
2024-03-19 00:00:00,17.0,4.0,21.0,3.0,25.0,6.22,3110.0,24.2,32.0,0.93,0.8,28.7,26.1,0.25,0.33,0.0,0.0,2.0,2.0,27300.0,G02_56_H9
2024-03-20 00:00:00,18.0,5.0,22.0,6.0,32.0,6.47,3235.0,27.4,44.0,0.95,0.79,28.1,26.2,0.25,0.38,0.0,0.0,2.0,2.0,27300.0,G02_56_H9
2024-03-21 00:00:00,22.0,5.0,23.0,9.0,26.0,5.71,2855.0,7.2,36.0,0.97,0.79,28.8,25.7,0.24,0.49,0.0,0.0,2.0,2.0,27300.0,G02_56_H9
2024-03-22 00:00:00,27.0,11.0,24.0,8.0,23.0,6.13,3065.0,0.6,52.0,0.95,0.67,30.7,26.5,0.3,0.81,0.0,0.0,2.0,2.0,27300.0,G02_56_H9
2024-03-23 00:00:00,17.0,14.0,25.0,14.0,27.0,6.6,3300.0,0.0,60.0,0.87,0.76,28.5,26.6,0.38,0.4,0.0,0.0,2.0,2.0,27300.0,G02_56_H9
2024-03-24 00:00:00,17.0,11.0,26.0,17.0,16.0,6.62,3310.0,0.0,52.0,0.87,0.79,28.3,25.5,0.35,0.43,0.0,0.0,2.0,2.0,27300.0,G02_56_H9
2024-03-25 00:00:00,13.0,8.0,27.0,13.0,10.0,6.28,3140.0,0.0,44.0,0.89,0.79,27.9,25.6,0.3,0.35,0.0,0.0,2.0,2.0,27300.0,G02_56_H9
2024-03-26 00:00:00,17.0,6.0,28.0,11.0,14.0,6.61,3305.0,0.0,44.0,0.9,0.76,29.0,25.6,0.3,0.42,0.0,0.0,2.0,2.0,27300.0,G02_56_H9
2024-03-27 00:00:00,15.0,9.0,29.0,6.0,19.0,7.02,3510.0,24.2,56.0,0.9,0.76,26.5,24.1,0.33,0.42,0.0,0.0,2.0,2.0,27300.0,G02_56_H9
2024-03-28 00:00:00,20.0,10.0,30.0,8.0,25.0,7.47,3735.0,30.0,64.0,0.86,0.74,26.8,24.2,0.33,0.56,0.0,0.0,2.0,2.0,27300.0,G02_56_H9
2024-03-29 00:00:00,27.0,13.0,31.0,31.0,19.0,7.6,3800.0,2.0,72.0,0.83,0.52,29.3,25.0,0.38,1.46,0.0,0.0,2.0,5.0,27300.0,G02_56_H9
2024-03-30 00:00:00,29.0,14.0,32.0,41.0,15.0,7.6,3800.0,1.0,116.0,0.83,0.41,30.6,23.8,0.36,1.77,0.0,0.0,2.0,6.0,27300.0,G02_56_H9
2024-03-31 00:00:00,22.0,11.0,33.0,54.0,28.0,8.22,4110.0,8.4,100.0,0.78,0.58,26.7,23.1,0.34,0.84,0.0,0.0,2.0,3.0,27300.0,G02_56_H9
2024-04-01 00:00:00,28.0,12.0,34.0,80.0,4.0,8.71,4355.0,20.4,68.0,0.82,0.47,28.5,22.4,0.32,1.87,0.0,0.0,2.0,7.0,27300.0,G02_56_H9
2024-04-02 00:00:00,19.0,15.0,35.0,150.0,153.0,9.19,4595.0,0.6,156.0,0.84,0.72,26.0,23.2,0.51,0.76,0.0,0.0,2.0,3.0,27300.0,G02_56_H9
2024-04-03 00:00:00,17.0,10.0,36.0,80.0,44.0,9.3,4650.0,1.6,76.0,0.85,0.78,23.8,21.7,0.44,0.73,0.0,0.0,2.0,3.0,27300.0,G02_56_H9
2024-04-04 00:00:00,17.0,8.0,37.0,160.0,0.0,8.63,4315.0,7.4,64.0,0.83,0.52,24.0,21.0,0.35,0.7,0.0,0.0,2.0,3.0,27300.0,G02_56_H9
2024-02-28 00:00:00,4.7,-1.2,1.0,22.0,5.0,0.71,355.0,229.0,136.0,0.57,0.51,35.9,33.6,0.62,0.62,0.0,0.0,1.0,1.0,27200.0,G02_56_H10
2024-03-04 00:00:00,11.0,4.0,6.0,7.0,15.0,1.67,830.0,172.4,60.0,0.74,0.62,33.4,30.5,0.5,0.56,0.0,0.0,1.0,2.0,27200.0,G02_56_H10
2024-03-05 00:00:00,11.0,5.0,7.0,8.0,16.0,1.89,945.0,193.0,52.0,0.73,0.61,32.3,29.6,0.55,0.55,0.0,0.0,2.0,2.0,27200.0,G02_56_H10
2024-03-06 00:00:00,11.0,2.0,8.0,9.0,181.0,1.99,995.0,231.4,76.0,0.72,0.58,32.2,29.4,0.53,0.53,0.0,0.0,2.0,2.0,27200.0,G02_56_H10
2024-03-07 00:00:00,14.0,0.0,9.0,26.0,4.0,2.31,1155.0,243.8,48.0,0.72,0.57,31.8,28.9,0.52,0.58,0.0,0.0,2.0,2.0,27200.0,G02_56_H10
2024-03-08 00:00:00,14.0,1.0,10.0,6.0,10.0,2.68,1340.0,193.0,56.0,0.75,0.58,31.6,28.5,0.41,0.5,0.0,0.0,2.0,2.0,27200.0,G02_56_H10
2024-03-09 00:00:00,14.0,0.0,11.0,3.0,9.0,3.05,1525.0,204.0,40.0,0.77,0.61,30.7,27.9,0.4,0.48,0.0,0.0,2.0,2.0,27200.0,G02_56_H10
2024-03-10 00:00:00,16.0,2.0,12.0,5.0,10.0,3.43,1715.0,200.6,44.0,0.83,0.62,30.4,27.8,0.38,0.45,0.0,0.0,2.0,2.0,27200.0,G02_56_H10
2024-03-11 00:00:00,21.0,7.0,13.0,4.0,12.0,3.85,1925.0,104.2,36.0,0.82,0.64,30.0,27.4,0.37,0.52,0.0,0.0,2.0,2.0,27200.0,G02_56_H10
2024-03-12 00:00:00,17.0,5.0,14.0,5.0,17.0,4.0,2000.0,70.4,36.0,0.82,0.65,29.8,27.0,0.35,0.42,0.0,0.0,2.0,2.0,27200.0,G02_56_H10
2024-03-13 00:00:00,16.0,4.0,15.0,10.0,14.0,4.17,2085.0,120.4,36.0,0.86,0.64,29.8,27.0,0.27,0.34,0.0,0.0,2.0,2.0,27200.0,G02_56_H10
2024-03-14 00:00:00,15.0,7.0,16.0,6.0,18.0,4.54,2270.0,35.8,28.0,0.96,0.73,29.1,27.4,0.26,0.33,0.0,0.0,2.0,2.0,27200.0,G02_56_H10
2024-03-15 00:00:00,19.0,4.0,17.0,6.0,19.0,4.85,2425.0,96.6,32.0,0.96,0.79,29.6,26.8,0.25,0.33,0.0,0.0,2.0,2.0,27200.0,G02_56_H10
2024-03-16 00:00:00,22.0,9.0,18.0,8.0,17.0,5.49,2745.0,5.0,28.0,0.97,0.87,29.9,27.2,0.25,0.39,0.0,0.0,2.0,2.0,27200.0,G02_56_H10
2024-03-17 00:00:00,14.0,5.0,19.0,10.0,38.0,5.85,2925.0,1.8,36.0,0.93,0.78,28.8,27.0,0.25,0.27,0.0,0.0,2.0,2.0,27200.0,G02_56_H10
2024-03-18 00:00:00,11.0,3.0,20.0,6.0,31.0,6.05,3025.0,19.4,32.0,0.94,0.74,28.8,26.6,0.23,0.27,0.0,0.0,2.0,2.0,27200.0,G02_56_H10
2024-03-19 00:00:00,17.0,4.0,21.0,8.0,56.0,6.25,3125.0,24.2,36.0,0.9,0.74,28.6,26.4,0.25,0.33,0.0,0.0,2.0,2.0,27200.0,G02_56_H10
2024-03-20 00:00:00,18.0,5.0,22.0,6.0,33.0,6.51,3255.0,27.4,40.0,0.93,0.72,29.0,25.8,0.25,0.38,0.0,0.0,2.0,2.0,27200.0,G02_56_H10
2024-03-21 00:00:00,22.0,5.0,23.0,6.0,19.0,5.7,2850.0,7.2,44.0,0.97,0.72,28.9,25.6,0.24,0.49,0.0,0.0,2.0,2.0,27200.0,G02_56_H10
2024-03-22 00:00:00,27.0,11.0,24.0,6.0,13.0,6.13,3065.0,0.6,48.0,0.91,0.72,30.5,26.2,0.3,0.74,0.0,0.0,2.0,2.0,27200.0,G02_56_H10
2024-03-23 00:00:00,17.0,14.0,25.0,16.0,21.0,6.97,3485.0,0.0,60.0,0.93,0.8,28.7,26.4,0.38,0.4,0.0,0.0,2.0,2.0,27200.0,G02_56_H10
2024-03-24 00:00:00,17.0,11.0,26.0,10.0,16.0,7.05,3525.0,0.0,48.0,0.97,0.83,28.3,25.7,0.35,0.43,0.0,0.0,2.0,2.0,27200.0,G02_56_H10
2024-03-25 00:00:00,13.0,8.0,27.0,9.0,11.0,6.33,3165.0,0.0,56.0,0.94,0.84,27.6,25.2,0.3,0.37,0.0,0.0,2.0,2.0,27200.0,G02_56_H10
2024-03-26 00:00:00,17.0,6.0,28.0,11.0,15.0,7.01,3505.0,0.0,40.0,0.96,0.78,28.9,26.0,0.3,0.42,0.0,0.0,2.0,2.0,27200.0,G02_56_H10
2024-03-27 00:00:00,15.0,9.0,29.0,13.0,10.0,7.55,3775.0,24.2,72.0,0.96,0.78,26.5,23.7,0.33,0.42,0.0,0.0,2.0,2.0,27200.0,G02_56_H10
2024-03-28 00:00:00,20.0,10.0,30.0,16.0,9.0,8.28,4140.0,30.0,52.0,0.96,0.8,26.5,23.9,0.33,0.56,0.0,0.0,2.0,2.0,27200.0,G02_56_H10
2024-03-29 00:00:00,27.0,13.0,31.0,21.0,10.0,8.84,4420.0,2.0,72.0,0.9,0.56,29.0,24.9,0.38,1.46,0.0,0.0,2.0,5.0,27200.0,G02_56_H10
2024-03-30 00:00:00,29.0,14.0,32.0,29.0,16.0,8.84,4420.0,1.0,116.0,0.9,0.46,30.6,23.8,0.36,1.77,0.0,0.0,2.0,6.0,27200.0,G02_56_H10
2024-03-31 00:00:00,22.0,11.0,33.0,35.0,7.0,9.23,4615.0,8.4,100.0,0.86,0.64,26.9,23.2,0.34,0.84,0.0,0.0,2.0,3.0,27200.0,G02_56_H10
2024-04-01 00:00:00,28.0,12.0,34.0,41.0,8.0,9.39,4695.0,20.4,72.0,0.91,0.51,28.6,22.4,0.32,1.87,0.0,0.0,2.0,7.0,27200.0,G02_56_H10
2024-04-02 00:00:00,19.0,15.0,35.0,62.0,12.0,9.8,4900.0,0.6,180.0,0.93,0.76,26.4,23.3,0.51,0.76,0.0,0.0,2.0,3.0,27200.0,G02_56_H10
2024-04-03 00:00:00,17.0,10.0,36.0,115.0,20.0,9.8,4900.0,1.6,56.0,0.93,0.83,24.0,21.8,0.44,0.73,0.0,0.0,2.0,3.0,27200.0,G02_56_H10
2024-04-04 00:00:00,17.0,8.0,37.0,168.0,0.0,9.3,4650.0,7.4,76.0,0.92,0.59,24.3,21.0,0.35,0.7,0.0,0.0,2.0,3.0,27200.0,G02_56_H10
2024-02-25 00:00:00,5.0,-1.0,1.0,31.0,5.0,0.74,370.0,571.5,64.0,0.57,0.44,35.3,32.7,0.6,0.6,0.0,0.0,1.0,1.0,28500.0,G03_61_H1
2024-02-26 00:00:00,7.0,-2.0,2.0,7.0,2.0,0.969,485.0,567.0,64.0,0.6,0.47,35.0,32.1,0.6,0.6,0.0,0.0,1.0,1.0,28500.0,G03_61_H1
2024-02-27 00:00:00,7.0,0.0,3.0,13.0,18.0,1.197,599.0,506.0,52.0,0.59,0.5,34.4,32.1,0.6,0.6,0.0,0.0,1.0,1.0,28500.0,G03_61_H1
2024-02-28 00:00:00,5.0,2.0,4.0,12.0,13.0,1.311,656.0,248.8,52.0,0.63,0.53,33.7,31.1,0.6,0.6,0.0,0.0,1.0,1.0,28500.0,G03_61_H1
2024-02-29 00:00:00,5.0,-2.0,5.0,8.0,18.0,1.5,750.0,243.5,44.0,0.64,0.54,33.0,30.4,0.57,0.57,0.0,0.0,1.0,1.0,28500.0,G03_61_H1
2024-03-01 00:00:00,6.0,-1.0,6.0,6.0,20.0,1.69,845.0,140.4,48.0,0.65,0.55,32.2,29.8,0.54,0.54,0.0,0.0,1.0,1.0,28500.0,G03_61_H1
2024-03-02 00:00:00,11.0,0.0,7.0,6.0,11.0,1.97,985.0,266.0,52.0,0.61,0.49,31.8,29.1,0.63,0.63,0.0,0.0,1.0,2.0,28500.0,G03_61_H1
2024-03-03 00:00:00,14.0,3.0,8.0,21.0,283.0,2.21,1105.0,247.3,52.0,0.61,0.5,31.8,28.8,0.62,0.62,0.0,0.0,2.0,2.0,28500.0,G03_61_H1
2024-03-04 00:00:00,10.0,7.0,9.0,15.0,18.0,2.29,1145.0,205.4,52.0,0.63,0.53,31.5,28.5,0.6,0.67,0.0,0.0,2.0,2.0,28500.0,G03_61_H1
2024-03-05 00:00:00,9.0,5.0,10.0,5.0,31.0,2.23,1115.0,197.5,40.0,0.67,0.57,31.0,28.6,0.58,0.64,0.0,0.0,2.0,2.0,28500.0,G03_61_H1
2024-03-06 00:00:00,10.0,0.0,11.0,4.0,16.0,3.05,1525.0,221.2,48.0,0.67,0.57,30.6,28.2,0.57,0.62,0.0,0.0,2.0,2.0,28500.0,G03_61_H1
2024-03-07 00:00:00,14.0,1.0,12.0,4.0,15.0,3.42,1710.0,230.2,36.0,0.68,0.54,30.4,27.2,0.55,0.59,0.0,0.0,2.0,2.0,28500.0,G03_61_H1
2024-03-08 00:00:00,12.0,0.0,13.0,3.0,9.0,3.71,1855.0,206.0,36.0,0.69,0.57,30.2,27.3,0.48,0.57,0.0,0.0,2.0,2.0,28500.0,G03_61_H1
2024-03-09 00:00:00,12.0,2.0,14.0,4.0,19.0,3.98,1990.0,104.6,36.0,0.69,0.53,29.5,26.7,0.5,0.57,0.0,0.0,2.0,2.0,28500.0,G03_61_H1
2024-03-10 00:00:00,16.0,5.0,15.0,5.0,20.0,4.32,2160.0,190.3,40.0,0.7,0.57,29.0,26.7,0.48,0.54,0.0,0.0,2.0,2.0,28500.0,G03_61_H1
2024-03-11 00:00:00,21.0,6.0,16.0,4.0,16.0,4.73,2365.0,128.8,36.0,0.69,0.57,29.5,26.8,0.46,0.63,0.0,0.0,2.0,2.0,28500.0,G03_61_H1
2024-03-12 00:00:00,16.0,4.0,17.0,8.0,13.0,5.01,2505.0,69.5,32.0,0.72,0.61,28.6,26.0,0.44,0.49,0.0,0.0,2.0,2.0,28500.0,G03_61_H1
2024-03-13 00:00:00,16.0,7.0,18.0,7.0,12.0,5.24,2620.0,125.4,32.0,0.71,0.6,28.2,25.4,0.42,0.51,0.0,0.0,2.0,2.0,28500.0,G03_61_H1
2024-03-14 00:00:00,16.0,5.0,19.0,7.0,24.0,5.53,2765.0,57.8,36.0,0.77,0.63,28.6,26.3,0.4,0.47,0.0,0.0,2.0,2.0,28500.0,G03_61_H1
2024-03-15 00:00:00,19.0,5.0,20.0,6.0,15.0,5.69,2845.0,113.7,40.0,0.76,0.64,29.6,24.6,0.39,0.54,0.0,0.0,2.0,2.0,28500.0,G03_61_H1
2024-03-16 00:00:00,22.0,8.0,21.0,8.0,26.0,5.89,2945.0,34.0,32.0,0.77,0.69,30.1,25.2,0.39,0.78,0.0,0.0,2.0,2.0,28500.0,G03_61_H1
2024-03-17 00:00:00,12.0,5.0,22.0,5.0,23.0,6.4,3200.0,4.2,40.0,0.75,0.66,27.4,25.0,0.36,0.43,0.0,0.0,2.0,2.0,28500.0,G03_61_H1
2024-03-18 00:00:00,11.0,4.0,23.0,6.0,15.0,6.67,3335.0,75.7,40.0,0.71,0.59,27.0,24.6,0.33,0.4,0.0,0.0,2.0,2.0,28500.0,G03_61_H1
2024-03-19 00:00:00,17.0,3.0,24.0,7.0,39.0,6.71,3355.0,67.3,44.0,0.71,0.58,28.5,24.8,0.34,0.45,0.0,0.0,2.0,2.0,28500.0,G03_61_H1
2024-03-20 00:00:00,18.0,5.0,25.0,7.0,27.0,7.05,3525.0,73.2,40.0,0.72,0.58,28.0,24.1,0.34,0.47,0.0,0.0,2.0,2.0,28500.0,G03_61_H1
2024-03-21 00:00:00,24.0,9.0,26.0,5.0,21.0,7.06,3530.0,45.6,44.0,0.73,0.53,28.9,24.2,0.35,0.52,0.0,0.0,2.0,2.0,28500.0,G03_61_H1
2024-03-22 00:00:00,26.0,14.0,27.0,6.0,23.0,7.41,3705.0,5.3,48.0,0.7,0.58,30.5,24.8,0.37,0.85,0.0,0.0,2.0,2.0,28500.0,G03_61_H1
2024-03-23 00:00:00,19.0,13.0,28.0,8.0,16.0,7.56,3780.0,0.0,72.0,0.75,0.66,26.8,24.1,0.4,0.6,0.0,0.0,2.0,2.0,28500.0,G03_61_H1
2024-03-24 00:00:00,17.0,10.0,29.0,11.0,23.0,8.18,4090.0,1.7,56.0,0.74,0.7,26.5,23.7,0.42,0.54,0.0,0.0,2.0,2.0,28500.0,G03_61_H1
2024-03-25 00:00:00,11.0,5.0,30.0,21.0,26.0,8.47,4235.0,1.0,56.0,0.74,0.71,26.1,23.54,0.34,0.51,0.0,0.0,2.0,2.0,28500.0,G03_61_H1
2024-03-26 00:00:00,15.0,8.0,31.0,25.0,46.0,8.22,4110.0,13.2,56.0,0.73,0.67,25.8,23.3,0.34,0.53,0.0,0.0,2.0,2.0,28500.0,G03_61_H1
2024-03-27 00:00:00,15.0,10.0,32.0,27.0,61.0,8.58,4290.0,9.3,56.0,0.73,0.69,25.4,23.0,0.33,0.44,0.0,0.0,2.0,2.0,28500.0,G03_61_H1
2024-03-28 00:00:00,20.0,11.0,33.0,48.0,50.0,8.62,4310.0,1.9,60.0,0.72,0.68,26.0,23.0,0.35,0.45,0.0,0.0,2.0,2.0,28500.0,G03_61_H1
2024-03-29 00:00:00,27.0,13.0,34.0,72.0,36.0,8.82,4410.0,0.0,76.0,0.72,0.55,30.2,23.0,0.48,1.48,0.0,0.0,2.0,5.0,28500.0,G03_61_H1
2024-03-30 00:00:00,28.0,11.0,35.0,178.0,0.0,9.31,4655.0,0.0,112.0,0.73,0.42,31.5,21.8,0.47,2.16,0.0,0.0,2.0,5.0,28500.0,G03_61_H1
2024-03-31 00:00:00,22.0,11.0,36.0,133.0,0.0,9.34,4670.0,6.8,52.0,0.69,0.55,25.4,21.2,0.48,1.29,0.0,0.0,2.0,5.0,28500.0,G03_61_H1
2024-04-01 00:00:00,27.0,15.0,37.0,180.0,0.0,8.57,4285.0,29.0,192.0,0.73,0.49,29.1,20.4,0.47,2.25,0.0,0.0,2.0,9.0,28500.0,G03_61_H1
2024-04-02 00:00:00,20.0,13.0,38.0,0.0,0.0,0.0,0.0,0.0,0.0,0.0,0.0,0.0,0.0,0.0,0.0,0.0,0.0,0.0,0.0,28500.0,G03_61_H1
2024-04-03 00:00:00,17.0,9.0,39.0,0.0,0.0,0.0,0.0,0.0,0.0,0.0,0.0,0.0,0.0,0.0,0.0,0.0,0.0,0.0,0.0,28500.0,G03_61_H1
2024-04-04 00:00:00,16.0,6.0,40.0,0.0,0.0,0.0,0.0,0.0,0.0,0.0,0.0,0.0,0.0,0.0,0.0,0.0,0.0,0.0,0.0,28500.0,G03_61_H1
2024-02-25 00:00:00,5.0,-1.0,1.0,23.0,6.0,0.74,370.0,571.5,60.0,0.53,0.4,35.1,32.9,0.6,0.6,0.0,0.0,1.0,1.0,28500.0,G03_61_H2
2024-02-26 00:00:00,7.0,-2.0,2.0,12.0,10.0,0.969,485.0,567.0,60.0,0.53,0.4,34.8,32.2,0.6,0.6,0.0,0.0,1.0,1.0,28500.0,G03_61_H2
2024-02-27 00:00:00,7.0,0.0,3.0,12.0,13.0,1.197,599.0,506.0,60.0,0.54,0.45,34.2,32.0,0.6,0.6,0.0,0.0,1.0,1.0,28500.0,G03_61_H2
2024-02-28 00:00:00,5.0,2.0,4.0,8.0,15.0,1.311,656.0,248.8,60.0,0.6,0.49,33.7,30.9,0.6,0.6,0.0,0.0,1.0,1.0,28500.0,G03_61_H2
2024-02-29 00:00:00,5.0,-2.0,5.0,6.0,12.0,1.507,754.0,243.5,48.0,0.6,0.5,32.7,30.1,0.57,0.57,0.0,0.0,1.0,1.0,28500.0,G03_61_H2
2024-03-01 00:00:00,6.0,-1.0,6.0,5.0,20.0,1.725,863.0,140.4,56.0,0.61,0.51,32.1,29.8,0.54,0.54,0.0,0.0,1.0,1.0,28500.0,G03_61_H2
2024-03-02 00:00:00,11.0,0.0,7.0,7.0,21.0,1.845,923.0,266.0,60.0,0.59,0.46,31.9,29.3,0.63,0.63,0.0,0.0,1.0,2.0,28500.0,G03_61_H2
2024-03-03 00:00:00,14.0,3.0,8.0,10.0,215.0,2.207,1104.0,247.3,64.0,0.61,0.47,31.7,28.7,0.62,0.62,0.0,0.0,2.0,2.0,28500.0,G03_61_H2
2024-03-04 00:00:00,10.0,7.0,9.0,13.0,9.0,2.257,1129.0,205.4,64.0,0.62,0.5,31.4,28.6,0.6,0.67,0.0,0.0,2.0,2.0,28500.0,G03_61_H2
2024-03-05 00:00:00,9.0,5.0,10.0,5.0,56.0,2.196,1098.0,197.5,36.0,0.66,0.56,31.1,28.5,0.58,0.64,0.0,0.0,2.0,2.0,28500.0,G03_61_H2
2024-03-06 00:00:00,10.0,0.0,11.0,3.0,41.0,3.111,1556.0,221.2,36.0,0.67,0.53,30.8,28.0,0.57,0.62,0.0,0.0,2.0,2.0,28500.0,G03_61_H2
2024-03-07 00:00:00,14.0,1.0,12.0,2.0,29.0,3.502,1751.0,230.2,40.0,0.69,0.53,30.3,27.6,0.55,0.59,0.0,0.0,2.0,2.0,28500.0,G03_61_H2
2024-03-08 00:00:00,12.0,0.0,13.0,0.0,18.0,3.8,1900.0,206.0,44.0,0.69,0.53,30.2,27.3,0.48,0.57,0.0,0.0,2.0,2.0,28500.0,G03_61_H2
2024-03-09 00:00:00,12.0,2.0,14.0,1.0,7.0,3.986,1993.0,104.6,40.0,0.69,0.55,29.3,27.0,0.5,0.57,0.0,0.0,2.0,2.0,28500.0,G03_61_H2
2024-03-10 00:00:00,16.0,5.0,15.0,2.0,9.0,4.42,2210.0,190.3,44.0,0.72,0.56,29.4,26.5,0.48,0.54,0.0,0.0,2.0,2.0,28500.0,G03_61_H2
2024-03-11 00:00:00,21.0,6.0,16.0,3.0,23.0,4.672,2336.0,128.8,36.0,0.72,0.57,29.7,26.9,0.46,0.63,0.0,0.0,2.0,2.0,28500.0,G03_61_H2
2024-03-12 00:00:00,16.0,4.0,17.0,5.0,41.0,5.048,2524.0,69.5,40.0,0.75,0.62,28.8,26.3,0.44,0.49,0.0,0.0,2.0,2.0,28500.0,G03_61_H2
2024-03-13 00:00:00,16.0,7.0,18.0,6.0,27.0,5.348,2674.0,125.4,40.0,0.76,0.6,28.9,25.6,0.42,0.51,0.0,0.0,2.0,2.0,28500.0,G03_61_H2
2024-03-14 00:00:00,16.0,5.0,19.0,3.0,19.0,5.761,2881.0,57.8,36.0,0.81,0.63,28.3,26.0,0.4,0.47,0.0,0.0,2.0,2.0,28500.0,G03_61_H2
2024-03-15 00:00:00,19.0,5.0,20.0,1.0,26.0,5.834,2917.0,113.7,44.0,0.81,0.65,29.9,24.7,0.39,0.54,0.0,0.0,2.0,2.0,28500.0,G03_61_H2
2024-03-16 00:00:00,22.0,8.0,21.0,3.0,23.0,6.191,3096.0,34.0,40.0,0.82,0.7,30.3,25.5,0.39,0.78,0.0,0.0,2.0,2.0,28500.0,G03_61_H2
2024-03-17 00:00:00,12.0,5.0,22.0,2.0,21.0,6.836,3418.0,4.2,48.0,0.81,0.68,27.7,25.0,0.36,0.43,0.0,0.0,2.0,2.0,28500.0,G03_61_H2
2024-03-18 00:00:00,11.0,4.0,23.0,1.0,25.0,6.982,3491.0,75.7,44.0,0.76,0.61,27.2,24.8,0.33,0.4,0.0,0.0,2.0,2.0,28500.0,G03_61_H2
2024-03-19 00:00:00,17.0,3.0,24.0,3.0,9.0,7.065,3533.0,67.3,48.0,0.71,0.58,28.1,24.8,0.34,0.45,0.0,0.0,2.0,2.0,28500.0,G03_61_H2
2024-03-20 00:00:00,18.0,5.0,25.0,2.0,19.0,7.11,3555.0,73.2,48.0,0.77,0.61,28.5,23.6,0.34,0.47,0.0,0.0,2.0,2.0,28500.0,G03_61_H2
2024-03-21 00:00:00,24.0,9.0,26.0,3.0,16.0,7.539,3770.0,45.6,52.0,0.78,0.56,28.9,24.1,0.35,0.52,0.0,0.0,2.0,2.0,28500.0,G03_61_H2
2024-03-22 00:00:00,26.0,14.0,27.0,5.0,15.0,7.609,3805.0,5.3,56.0,0.76,0.56,31.2,24.9,0.37,0.85,0.0,0.0,2.0,2.0,28500.0,G03_61_H2
2024-03-23 00:00:00,19.0,13.0,28.0,15.0,18.0,8.282,4141.0,0.0,76.0,0.81,0.66,26.7,24.1,0.4,0.6,0.0,0.0,2.0,2.0,28500.0,G03_61_H2
2024-03-24 00:00:00,17.0,10.0,29.0,26.0,21.0,8.647,4324.0,1.7,64.0,0.81,0.73,26.6,23.9,0.42,0.54,0.0,0.0,2.0,2.0,28500.0,G03_61_H2
2024-03-25 00:00:00,11.0,5.0,30.0,53.0,20.0,8.76,4380.0,1.0,68.0,0.82,0.75,26.2,23.4,0.34,0.51,0.0,0.0,2.0,2.0,28500.0,G03_61_H2
2024-03-26 00:00:00,15.0,8.0,31.0,66.0,68.0,8.461,4231.0,13.2,68.0,0.81,0.67,25.5,23.3,0.34,0.53,0.0,0.0,2.0,2.0,28500.0,G03_61_H2
2024-03-27 00:00:00,15.0,10.0,32.0,102.0,91.0,8.429,4215.0,9.3,64.0,0.81,0.02,25.1,22.8,0.33,0.44,0.0,0.0,2.0,2.0,28500.0,G03_61_H2
2024-03-28 00:00:00,20.0,11.0,33.0,193.0,83.0,8.021,4011.0,1.9,76.0,0.81,0.7,25.7,23.1,0.35,0.45,0.0,0.0,2.0,2.0,28500.0,G03_61_H2
2024-03-29 00:00:00,27.0,13.0,34.0,226.0,51.0,7.74,3870.0,0.0,64.0,0.79,0.54,29.0,23.9,0.48,1.48,0.0,0.0,2.0,5.0,28500.0,G03_61_H2
2024-03-30 00:00:00,28.0,11.0,35.0,300.0,23.0,8.12,4060.0,0.0,124.0,0.81,0.48,31.0,21.6,0.47,2.16,0.0,0.0,2.0,5.0,28500.0,G03_61_H2
2024-03-31 00:00:00,22.0,11.0,36.0,269.0,36.0,8.151,4076.0,6.8,136.0,0.71,0.54,25.0,20.7,0.48,1.29,0.0,0.0,2.0,5.0,28500.0,G03_61_H2
2024-04-01 00:00:00,27.0,15.0,37.0,286.0,0.0,7.803,3902.0,29.0,104.0,0.78,0.47,28.8,20.1,0.47,2.25,0.0,0.0,2.0,9.0,28500.0,G03_61_H2
2024-04-02 00:00:00,20.0,13.0,38.0,0.0,0.0,0.0,0.0,0.0,0.0,0.0,0.0,0.0,0.0,0.0,0.0,0.0,0.0,0.0,0.0,28500.0,G03_61_H2
2024-04-03 00:00:00,17.0,9.0,39.0,0.0,0.0,0.0,0.0,0.0,0.0,0.0,0.0,0.0,0.0,0.0,0.0,0.0,0.0,0.0,0.0,28500.0,G03_61_H2
2024-04-04 00:00:00,16.0,6.0,40.0,0.0,0.0,0.0,0.0,0.0,0.0,0.0,0.0,0.0,0.0,0.0,0.0,0.0,0.0,0.0,0.0,28500.0,G03_61_H2
2024-02-25 00:00:00,5.0,-1.0,,,,,,,,,,,,,,,,,,29300.0,G03_61_H3
2024-02-26 00:00:00,7.0,-2.0,1.0,30.0,9.0,0.761,381.0,567.0,48.0,0.62,0.51,35.9,33.1,0.6,0.6,0.0,0.0,1.0,1.0,29300.0,G03_61_H3
2024-02-27 00:00:00,7.0,0.0,2.0,18.0,12.0,0.996,498.0,506.0,64.0,0.65,0.57,35.1,32.8,0.6,0.6,0.0,0.0,1.0,1.0,29300.0,G03_61_H3
2024-02-28 00:00:00,5.0,2.0,3.0,10.0,30.0,1.23,615.0,248.8,64.0,0.71,0.63,34.3,31.8,0.6,0.6,0.0,0.0,1.0,1.0,29300.0,G03_61_H3
2024-02-29 00:00:00,5.0,-2.0,4.0,11.0,39.0,1.45,725.0,243.5,48.0,0.74,0.62,33.6,31.1,0.59,0.59,0.0,0.0,1.0,1.0,29300.0,G03_61_H3
2024-03-01 00:00:00,6.0,-1.0,5.0,9.0,16.0,1.56,780.0,140.4,52.0,0.72,0.61,33.0,30.4,0.56,0.56,0.0,0.0,1.0,1.0,29300.0,G03_61_H3
2024-03-02 00:00:00,11.0,0.0,6.0,6.0,43.0,1.78,890.0,266.0,52.0,0.69,0.59,32.5,29.8,0.53,0.59,0.0,0.0,1.0,1.0,29300.0,G03_61_H3
2024-03-03 00:00:00,14.0,3.0,7.0,5.0,23.0,2.19,1095.0,247.3,52.0,0.73,0.62,32.2,29.4,0.59,0.59,0.0,0.0,1.0,2.0,29300.0,G03_61_H3
2024-03-04 00:00:00,10.0,7.0,8.0,16.0,202.0,2.45,1225.0,205.4,52.0,0.78,0.63,31.9,29.1,0.6,0.67,0.0,0.0,2.0,2.0,29300.0,G03_61_H3
2024-03-05 00:00:00,9.0,5.0,9.0,6.0,36.0,2.6,1300.0,197.5,32.0,0.79,0.68,31.4,28.8,0.59,0.65,0.0,0.0,2.0,2.0,29300.0,G03_61_H3
2024-03-06 00:00:00,10.0,0.0,10.0,5.0,21.0,2.63,1315.0,221.2,32.0,0.78,0.64,31.1,28.4,0.57,0.63,0.0,0.0,2.0,2.0,29300.0,G03_61_H3
2024-03-07 00:00:00,14.0,1.0,11.0,6.0,18.0,3.35,1675.0,230.2,32.0,0.79,0.65,30.6,28.1,0.55,0.6,0.0,0.0,2.0,2.0,29300.0,G03_61_H3
2024-03-08 00:00:00,12.0,0.0,12.0,2.0,39.0,3.72,1860.0,206.0,36.0,0.8,0.66,30.4,27.9,0.5,0.63,0.0,0.0,2.0,2.0,29300.0,G03_61_H3
2024-03-09 00:00:00,12.0,2.0,13.0,5.0,29.0,4.01,2005.0,104.6,32.0,0.8,0.65,30.0,27.4,0.51,0.6,0.0,0.0,2.0,2.0,29300.0,G03_61_H3
2024-03-10 00:00:00,16.0,5.0,14.0,6.0,61.0,4.22,2110.0,190.3,36.0,0.82,0.67,29.6,27.0,0.49,0.56,0.0,0.0,2.0,2.0,29300.0,G03_61_H3
2024-03-11 00:00:00,21.0,6.0,15.0,8.0,64.0,4.6,2300.0,128.8,32.0,0.82,0.66,30.0,27.1,0.47,0.62,0.0,0.0,2.0,2.0,29300.0,G03_61_H3
2024-03-12 00:00:00,16.0,4.0,16.0,5.0,55.0,4.85,2425.0,69.5,28.0,0.82,0.68,29.0,26.9,0.44,0.5,0.0,0.0,2.0,2.0,29300.0,G03_61_H3
2024-03-13 00:00:00,16.0,7.0,17.0,3.0,53.0,5.19,2595.0,125.4,36.0,0.82,0.69,28.9,25.9,0.42,0.5,0.0,0.0,2.0,2.0,29300.0,G03_61_H3
2024-03-14 00:00:00,16.0,5.0,18.0,5.0,35.0,5.55,2775.0,57.8,32.0,0.87,0.71,28.4,26.1,0.41,0.45,0.0,0.0,2.0,2.0,29300.0,G03_61_H3
2024-03-15 00:00:00,19.0,5.0,19.0,2.0,48.0,5.68,2840.0,113.7,36.0,0.87,0.72,30.0,25.4,0.39,0.53,0.0,0.0,2.0,2.0,29300.0,G03_61_H3
2024-03-16 00:00:00,22.0,8.0,20.0,3.0,30.0,5.89,2945.0,34.0,36.0,0.87,0.82,30.7,25.9,0.38,0.79,0.0,0.0,2.0,2.0,29300.0,G03_61_H3
2024-03-17 00:00:00,12.0,5.0,21.0,5.0,23.0,6.6,3300.0,4.2,40.0,0.86,0.76,28.3,25.3,0.38,0.45,0.0,0.0,2.0,2.0,29300.0,G03_61_H3
2024-03-18 00:00:00,11.0,4.0,22.0,3.0,19.0,7.06,3530.0,75.7,40.0,0.85,0.7,27.1,24.5,0.35,0.41,0.0,0.0,2.0,2.0,29300.0,G03_61_H3
2024-03-19 00:00:00,17.0,3.0,23.0,6.0,25.0,6.79,3395.0,67.3,40.0,0.84,0.71,28.4,24.7,0.35,0.47,0.0,0.0,2.0,2.0,29300.0,G03_61_H3
2024-03-20 00:00:00,18.0,5.0,24.0,3.0,25.0,6.99,3495.0,73.2,44.0,0.84,0.71,28.5,24.4,0.36,0.49,0.0,0.0,2.0,2.0,29300.0,G03_61_H3
2024-03-21 00:00:00,24.0,9.0,25.0,3.0,19.0,7.67,3835.0,45.6,48.0,0.85,0.68,29.3,24.5,0.36,0.54,0.0,0.0,2.0,2.0,29300.0,G03_61_H3
2024-03-22 00:00:00,26.0,14.0,26.0,32.0,15.0,8.08,4040.0,5.3,52.0,0.84,0.71,30.1,24.7,0.39,0.89,0.0,0.0,2.0,2.0,29300.0,G03_61_H3
2024-03-23 00:00:00,19.0,13.0,27.0,56.0,21.0,8.3,4150.0,0.0,72.0,0.86,0.77,26.9,24.6,0.41,0.62,0.0,0.0,2.0,2.0,29300.0,G03_61_H3
2024-03-24 00:00:00,17.0,10.0,28.0,30.0,19.0,8.43,4215.0,1.7,64.0,0.86,0.81,26.4,23.9,0.43,0.56,0.0,0.0,2.0,2.0,29300.0,G03_61_H3
2024-03-25 00:00:00,11.0,5.0,29.0,38.0,28.0,8.63,4315.0,1.0,60.0,0.86,0.82,26.3,23.3,0.35,0.53,0.0,0.0,2.0,2.0,29300.0,G03_61_H3
2024-03-26 00:00:00,15.0,8.0,30.0,25.0,28.0,8.38,4190.0,13.2,60.0,0.86,0.77,26.0,23.4,0.35,0.54,0.0,0.0,2.0,2.0,29300.0,G03_61_H3
2024-03-27 00:00:00,15.0,10.0,31.0,29.0,27.0,8.73,4365.0,9.3,64.0,0.86,0.78,25.6,23.0,0.34,0.45,0.0,0.0,2.0,2.0,29300.0,G03_61_H3
2024-03-28 00:00:00,20.0,11.0,32.0,40.0,54.0,8.48,4240.0,1.9,64.0,0.85,0.79,26.0,23.1,0.35,0.47,0.0,0.0,2.0,2.0,29300.0,G03_61_H3
2024-03-29 00:00:00,27.0,13.0,33.0,62.0,34.0,7.81,3905.0,0.0,76.0,0.83,0.63,29.3,23.9,0.5,1.52,0.0,0.0,2.0,5.0,29300.0,G03_61_H3
2024-03-30 00:00:00,28.0,11.0,34.0,100.0,56.0,8.02,4010.0,0.0,120.0,0.84,0.5,31.3,21.9,0.48,2.2,0.0,0.0,2.0,5.0,29300.0,G03_61_H3
2024-03-31 00:00:00,22.0,11.0,35.0,128.0,27.0,7.9,3950.0,6.8,132.0,0.76,0.61,25.1,21.1,0.49,1.31,0.0,0.0,2.0,5.0,29300.0,G03_61_H3
2024-04-01 00:00:00,27.0,15.0,36.0,148.0,0.0,7.7,3850.0,29.0,104.0,0.82,0.58,29.0,20.7,0.47,2.03,0.0,0.0,2.0,8.0,29300.0,G03_61_H3
2024-04-02 00:00:00,20.0,13.0,37.0,0.0,0.0,0.0,0.0,0.0,0.0,0.0,0.0,0.0,0.0,0.0,0.0,0.0,0.0,0.0,0.0,29300.0,G03_61_H3
2024-04-03 00:00:00,17.0,9.0,38.0,0.0,0.0,0.0,0.0,0.0,0.0,0.0,0.0,0.0,0.0,0.0,0.0,0.0,0.0,0.0,0.0,29300.0,G03_61_H3
2024-04-04 00:00:00,16.0,6.0,39.0,0.0,0.0,0.0,0.0,0.0,0.0,0.0,0.0,0.0,0.0,0.0,0.0,0.0,0.0,0.0,0.0,29300.0,G03_61_H3
2024-02-25 00:00:00,5.0,-1.0,,,,,,,,,,,,,,,,,,29300.0,G03_61_H4
2024-02-26 00:00:00,7.0,-2.0,1.0,41.0,0.0,0.761,381.0,567.0,64.0,0.67,0.56,35.5,33.2,0.6,0.6,0.0,0.0,1.0,1.0,29300.0,G03_61_H4
2024-02-27 00:00:00,7.0,0.0,2.0,27.0,13.0,0.996,498.0,506.0,48.0,0.69,0.6,34.9,32.8,0.6,0.6,0.0,0.0,1.0,1.0,29300.0,G03_61_H4
2024-02-28 00:00:00,5.0,2.0,3.0,13.0,25.0,1.23,615.0,248.8,48.0,0.73,0.66,34.2,31.8,0.6,0.6,0.0,0.0,1.0,1.0,29300.0,G03_61_H4
2024-02-29 00:00:00,5.0,-2.0,4.0,15.0,28.0,1.48,740.0,243.5,44.0,0.75,0.66,33.5,31.1,0.59,0.59,0.0,0.0,1.0,1.0,29300.0,G03_61_H4
2024-03-01 00:00:00,6.0,-1.0,5.0,12.0,21.0,1.7,850.0,140.4,48.0,0.75,0.66,33.0,30.6,0.56,0.56,0.0,0.0,1.0,1.0,29300.0,G03_61_H4
2024-03-02 00:00:00,11.0,0.0,6.0,9.0,12.0,1.96,980.0,266.0,52.0,0.76,0.66,32.6,30.0,0.53,0.59,0.0,0.0,1.0,1.0,29300.0,G03_61_H4
2024-03-03 00:00:00,14.0,3.0,7.0,7.0,13.0,2.25,1125.0,247.3,52.0,0.81,0.65,32.2,29.5,0.59,0.59,0.0,0.0,1.0,2.0,29300.0,G03_61_H4
2024-03-04 00:00:00,10.0,7.0,8.0,8.0,183.0,2.49,1245.0,205.4,52.0,0.81,0.68,31.9,29.0,0.6,0.67,0.0,0.0,2.0,2.0,29300.0,G03_61_H4
2024-03-05 00:00:00,9.0,5.0,9.0,15.0,6.0,2.6,1300.0,197.5,52.0,0.8,0.7,31.6,28.7,0.59,0.65,0.0,0.0,2.0,2.0,29300.0,G03_61_H4
2024-03-06 00:00:00,10.0,0.0,10.0,4.0,16.0,2.74,1370.0,221.2,36.0,0.82,0.67,31.2,28.3,0.57,0.63,0.0,0.0,2.0,2.0,29300.0,G03_61_H4
2024-03-07 00:00:00,14.0,1.0,11.0,3.0,16.0,3.54,1770.0,230.2,40.0,0.83,0.65,31.5,28.5,0.55,0.6,0.0,0.0,2.0,2.0,29300.0,G03_61_H4
2024-03-08 00:00:00,12.0,0.0,12.0,5.0,23.0,3.99,1995.0,206.0,40.0,0.8,0.66,31.0,28.3,0.5,0.63,0.0,0.0,2.0,2.0,29300.0,G03_61_H4
2024-03-09 00:00:00,12.0,2.0,13.0,4.0,17.0,4.41,2205.0,104.6,40.0,0.8,0.66,30.8,27.7,0.51,0.6,0.0,0.0,2.0,2.0,29300.0,G03_61_H4
2024-03-10 00:00:00,16.0,5.0,14.0,3.0,11.0,4.64,2320.0,190.3,44.0,0.83,0.68,29.9,27.3,0.49,0.56,0.0,0.0,2.0,2.0,29300.0,G03_61_H4
2024-03-11 00:00:00,21.0,6.0,15.0,5.0,27.0,4.97,2485.0,128.8,28.0,0.82,0.68,30.0,27.3,0.47,0.62,0.0,0.0,2.0,2.0,29300.0,G03_61_H4
2024-03-12 00:00:00,16.0,4.0,16.0,4.0,32.0,5.24,2620.0,69.5,36.0,0.85,0.69,29.6,26.7,0.44,0.5,0.0,0.0,2.0,2.0,29300.0,G03_61_H4
2024-03-13 00:00:00,16.0,7.0,17.0,6.0,19.0,5.59,2795.0,125.4,36.0,0.86,0.69,28.8,26.5,0.42,0.5,0.0,0.0,2.0,2.0,29300.0,G03_61_H4
2024-03-14 00:00:00,16.0,5.0,18.0,3.0,22.0,6.03,3015.0,57.8,36.0,0.92,0.71,28.6,26.3,0.41,0.45,0.0,0.0,2.0,2.0,29300.0,G03_61_H4
2024-03-15 00:00:00,19.0,5.0,19.0,5.0,17.0,6.07,3035.0,113.7,44.0,0.92,0.74,30.0,25.5,0.39,0.53,0.0,0.0,2.0,2.0,29300.0,G03_61_H4
2024-03-16 00:00:00,22.0,8.0,20.0,4.0,19.0,6.1,3050.0,34.0,32.0,0.94,0.82,30.7,25.7,0.38,0.79,0.0,0.0,2.0,2.0,29300.0,G03_61_H4
2024-03-17 00:00:00,12.0,5.0,21.0,3.0,16.0,6.82,3410.0,4.2,44.0,0.92,0.78,28.2,25.3,0.38,0.45,0.0,0.0,2.0,2.0,29300.0,G03_61_H4
2024-03-18 00:00:00,11.0,4.0,22.0,2.0,14.0,7.53,3765.0,75.7,44.0,0.9,0.75,27.3,24.6,0.35,0.41,0.0,0.0,2.0,2.0,29300.0,G03_61_H4
2024-03-19 00:00:00,17.0,3.0,23.0,6.0,25.0,7.01,3505.0,67.3,40.0,0.9,0.69,28.4,24.8,0.35,0.47,0.0,0.0,2.0,2.0,29300.0,G03_61_H4
2024-03-20 00:00:00,18.0,5.0,24.0,6.0,18.0,7.4,3700.0,73.2,44.0,0.89,0.7,28.3,24.3,0.36,0.49,0.0,0.0,2.0,2.0,29300.0,G03_61_H4
2024-03-21 00:00:00,24.0,9.0,25.0,4.0,13.0,7.72,3860.0,45.6,44.0,0.92,0.66,29.3,24.4,0.36,0.54,0.0,0.0,2.0,2.0,29300.0,G03_61_H4
2024-03-22 00:00:00,26.0,14.0,26.0,5.0,14.0,8.07,4035.0,5.3,60.0,0.9,0.7,30.7,24.6,0.39,0.89,0.0,0.0,2.0,2.0,29300.0,G03_61_H4
2024-03-23 00:00:00,19.0,13.0,27.0,3.0,15.0,8.78,4390.0,0.0,72.0,0.93,0.78,26.9,24.5,0.41,0.62,0.0,0.0,2.0,2.0,29300.0,G03_61_H4
2024-03-24 00:00:00,17.0,10.0,28.0,5.0,12.0,9.06,4530.0,1.7,72.0,0.92,0.83,26.4,24.0,0.43,0.56,0.0,0.0,2.0,2.0,29300.0,G03_61_H4
2024-03-25 00:00:00,11.0,5.0,29.0,7.0,43.0,9.6,4800.0,1.0,68.0,0.94,0.84,26.1,23.5,0.35,0.53,0.0,0.0,2.0,2.0,29300.0,G03_61_H4
2024-03-26 00:00:00,15.0,8.0,30.0,10.0,21.0,9.42,4710.0,13.2,68.0,0.94,0.79,26.5,23.5,0.35,0.54,0.0,0.0,2.0,2.0,29300.0,G03_61_H4
2024-03-27 00:00:00,15.0,10.0,31.0,14.0,45.0,9.73,4865.0,9.3,64.0,0.94,0.82,25.8,23.0,0.34,0.45,0.0,0.0,2.0,2.0,29300.0,G03_61_H4
2024-03-28 00:00:00,20.0,11.0,32.0,29.0,32.0,9.73,4865.0,1.9,72.0,0.93,0.83,26.1,23.1,0.35,0.47,0.0,0.0,2.0,2.0,29300.0,G03_61_H4
2024-03-29 00:00:00,27.0,13.0,33.0,53.0,27.0,9.25,4625.0,0.0,80.0,0.91,0.66,29.6,24.1,0.5,1.52,0.0,0.0,2.0,5.0,29300.0,G03_61_H4
2024-03-30 00:00:00,28.0,11.0,34.0,85.0,13.0,9.47,4735.0,0.0,120.0,0.9,0.51,31.2,21.6,0.48,2.2,0.0,0.0,2.0,5.0,29300.0,G03_61_H4
2024-03-31 00:00:00,22.0,11.0,35.0,94.0,0.0,9.62,4810.0,6.8,128.0,0.81,0.64,25.1,21.2,0.49,1.31,0.0,0.0,2.0,5.0,29300.0,G03_61_H4
2024-04-01 00:00:00,27.0,15.0,36.0,83.0,0.0,9.24,4620.0,29.0,104.0,0.89,0.61,28.9,20.6,0.47,2.03,0.0,0.0,2.0,8.0,29300.0,G03_61_H4
2024-04-02 00:00:00,20.0,13.0,37.0,0.0,0.0,0.0,0.0,0.0,0.0,0.0,0.0,0.0,0.0,0.0,0.0,0.0,0.0,0.0,0.0,29300.0,G03_61_H4
2024-04-03 00:00:00,17.0,9.0,38.0,0.0,0.0,0.0,0.0,0.0,0.0,0.0,0.0,0.0,0.0,0.0,0.0,0.0,0.0,0.0,0.0,29300.0,G03_61_H4
2024-04-04 00:00:00,16.0,6.0,39.0,0.0,0.0,0.0,0.0,0.0,0.0,0.0,0.0,0.0,0.0,0.0,0.0,0.0,0.0,0.0,0.0,29300.0,G03_61_H4
2024-02-25 00:00:00,5.0,-1.0,,,,,,,,,,,,,,,,,,25700.0,G03_61_H5
2024-02-26 00:00:00,7.0,-2.0,1.0,24.0,0.0,0.67,335.0,567.0,60.0,0.53,0.41,36.3,32.8,0.6,0.6,0.0,0.0,1.0,1.0,25700.0,G03_61_H5
2024-02-27 00:00:00,7.0,0.0,2.0,17.0,6.0,0.873,437.0,506.0,52.0,0.55,0.44,35.5,32.8,0.6,0.6,0.0,0.0,1.0,1.0,25700.0,G03_61_H5
2024-02-28 00:00:00,5.0,2.0,3.0,15.0,17.0,1.097,549.0,248.8,52.0,0.59,0.49,34.8,32.0,0.6,0.6,0.0,0.0,1.0,1.0,25700.0,G03_61_H5
2024-02-29 00:00:00,5.0,-2.0,4.0,12.0,30.0,1.286,643.0,243.5,40.0,0.62,0.49,34.2,31.2,0.59,0.59,0.0,0.0,1.0,1.0,25700.0,G03_61_H5
2024-03-01 00:00:00,6.0,-1.0,5.0,10.0,18.0,1.349,675.0,140.4,44.0,0.6,0.49,33.7,30.7,0.56,0.56,0.0,0.0,1.0,1.0,25700.0,G03_61_H5
2024-03-02 00:00:00,11.0,0.0,6.0,9.0,19.0,1.578,789.0,266.0,48.0,0.6,0.5,33.1,30.0,0.53,0.59,0.0,0.0,1.0,1.0,25700.0,G03_61_H5
2024-03-03 00:00:00,14.0,3.0,7.0,6.0,12.0,1.866,933.0,247.3,44.0,0.65,0.52,32.4,29.5,0.59,0.59,0.0,0.0,1.0,2.0,25700.0,G03_61_H5
2024-03-04 00:00:00,10.0,7.0,8.0,9.0,180.0,2.155,1078.0,205.4,48.0,0.66,0.52,32.5,29.1,0.6,0.67,0.0,0.0,2.0,2.0,25700.0,G03_61_H5
2024-03-05 00:00:00,9.0,5.0,9.0,17.0,3.0,2.26,1130.0,197.5,40.0,0.68,0.56,31.7,28.5,0.59,0.65,0.0,0.0,2.0,2.0,25700.0,G03_61_H5
2024-03-06 00:00:00,10.0,0.0,10.0,8.0,27.0,2.432,1216.0,221.2,32.0,0.66,0.51,31.7,28.4,0.57,0.63,0.0,0.0,2.0,2.0,25700.0,G03_61_H5
2024-03-07 00:00:00,14.0,1.0,11.0,6.0,21.0,3.121,1561.0,230.2,32.0,0.67,0.52,31.5,28.3,0.55,0.6,0.0,0.0,2.0,2.0,25700.0,G03_61_H5
2024-03-08 00:00:00,12.0,0.0,12.0,7.0,30.0,3.51,1755.0,206.0,32.0,0.69,0.54,30.8,28.0,0.5,0.63,0.0,0.0,2.0,2.0,25700.0,G03_61_H5
2024-03-09 00:00:00,12.0,2.0,13.0,5.0,34.0,3.916,1958.0,104.6,32.0,0.69,0.51,30.4,27.3,0.51,0.6,0.0,0.0,2.0,2.0,25700.0,G03_61_H5
2024-03-10 00:00:00,16.0,5.0,14.0,3.0,41.0,4.071,2036.0,190.3,40.0,0.7,0.53,30.0,26.9,0.49,0.56,0.0,0.0,2.0,2.0,25700.0,G03_61_H5
2024-03-11 00:00:00,21.0,6.0,15.0,4.0,72.0,4.379,2190.0,128.8,32.0,0.7,0.53,29.9,27.1,0.47,0.62,0.0,0.0,2.0,2.0,25700.0,G03_61_H5
2024-03-12 00:00:00,16.0,4.0,16.0,5.0,47.0,4.672,2336.0,69.5,32.0,0.72,0.56,29.3,26.7,0.44,0.5,0.0,0.0,2.0,2.0,25700.0,G03_61_H5
2024-03-13 00:00:00,16.0,7.0,17.0,7.0,41.0,4.922,2461.0,125.4,32.0,0.7,0.56,29.0,25.9,0.42,0.5,0.0,0.0,2.0,2.0,25700.0,G03_61_H5
2024-03-14 00:00:00,16.0,5.0,18.0,5.0,30.0,5.304,2652.0,57.8,32.0,0.74,0.6,28.3,26.1,0.41,0.45,0.0,0.0,2.0,2.0,25700.0,G03_61_H5
2024-03-15 00:00:00,19.0,5.0,19.0,4.0,31.0,5.51,2755.0,113.7,40.0,0.76,0.59,29.4,25.1,0.39,0.53,0.0,0.0,2.0,2.0,25700.0,G03_61_H5
2024-03-16 00:00:00,22.0,8.0,20.0,6.0,33.0,5.667,2834.0,34.0,32.0,0.79,0.7,30.4,25.5,0.38,0.79,0.0,0.0,2.0,2.0,25700.0,G03_61_H5
2024-03-17 00:00:00,12.0,5.0,21.0,3.0,10.0,5.916,2958.0,4.2,40.0,0.78,0.65,27.9,25.0,0.38,0.45,0.0,0.0,2.0,2.0,25700.0,G03_61_H5
2024-03-18 00:00:00,11.0,4.0,22.0,4.0,19.0,6.58,3290.0,75.7,44.0,0.77,0.62,27.4,24.5,0.35,0.41,0.0,0.0,2.0,2.0,25700.0,G03_61_H5
2024-03-19 00:00:00,17.0,3.0,23.0,6.0,13.0,6.573,3287.0,67.3,32.0,0.76,0.56,28.3,24.3,0.35,0.47,0.0,0.0,2.0,2.0,25700.0,G03_61_H5
2024-03-20 00:00:00,18.0,5.0,24.0,7.0,13.0,6.466,3233.0,73.2,44.0,0.77,0.65,27.7,23.8,0.36,0.49,0.0,0.0,2.0,2.0,25700.0,G03_61_H5
2024-03-21 00:00:00,24.0,9.0,25.0,5.0,19.0,6.717,3359.0,45.6,40.0,0.78,0.58,29.3,24.1,0.36,0.54,0.0,0.0,2.0,2.0,25700.0,G03_61_H5
2024-03-22 00:00:00,26.0,14.0,26.0,8.0,26.0,7.388,3694.0,5.3,52.0,0.76,0.63,29.1,24.2,0.39,0.89,0.0,0.0,2.0,2.0,25700.0,G03_61_H5
2024-03-23 00:00:00,19.0,13.0,27.0,9.0,34.0,7.986,3993.0,0.0,68.0,0.81,0.71,26.4,24.2,0.41,0.62,0.0,0.0,2.0,2.0,25700.0,G03_61_H5
2024-03-24 00:00:00,17.0,10.0,28.0,7.0,47.0,7.98,3990.0,1.7,60.0,0.8,0.73,26.6,23.9,0.43,0.56,0.0,0.0,2.0,2.0,25700.0,G03_61_H5
2024-03-25 00:00:00,11.0,5.0,29.0,8.0,50.0,8.483,4242.0,1.0,56.0,0.8,0.74,26.7,23.3,0.35,0.53,0.0,0.0,2.0,2.0,25700.0,G03_61_H5
2024-03-26 00:00:00,15.0,8.0,30.0,13.0,45.0,8.748,4374.0,13.2,56.0,0.8,0.69,26.0,23.5,0.35,0.54,0.0,0.0,2.0,2.0,25700.0,G03_61_H5
2024-03-27 00:00:00,15.0,10.0,31.0,15.0,37.0,8.921,4461.0,9.3,56.0,0.8,0.73,25.5,23.0,0.34,0.45,0.0,0.0,2.0,2.0,25700.0,G03_61_H5
2024-03-28 00:00:00,20.0,11.0,32.0,48.0,22.0,9.331,4666.0,1.9,60.0,0.8,0.74,25.6,23.1,0.35,0.47,0.0,0.0,2.0,2.0,25700.0,G03_61_H5
2024-03-29 00:00:00,27.0,13.0,33.0,50.0,20.0,8.746,4373.0,0.0,76.0,0.78,0.53,29.9,23.2,0.5,1.52,0.0,0.0,2.0,5.0,25700.0,G03_61_H5
2024-03-30 00:00:00,28.0,11.0,34.0,65.0,14.0,9.099,4550.0,0.0,112.0,0.79,0.43,31.0,21.7,0.48,2.2,0.0,0.0,2.0,5.0,25700.0,G03_61_H5
2024-03-31 00:00:00,22.0,11.0,35.0,72.0,0.0,9.353,4677.0,6.8,128.0,0.73,0.56,25.0,21.2,0.49,1.31,0.0,0.0,2.0,5.0,25700.0,G03_61_H5
2024-04-01 00:00:00,27.0,15.0,36.0,69.0,0.0,8.591,4296.0,29.0,100.0,0.77,0.48,29.2,20.6,0.47,2.03,0.0,0.0,2.0,8.0,25700.0,G03_61_H5
2024-04-02 00:00:00,20.0,13.0,37.0,83.0,0.0,8.59,4295.0,0.0,92.0,0.81,0.73,24.5,22.3,0.75,0.97,0.0,0.0,3.0,4.0,25700.0,G03_61_H5
2024-04-03 00:00:00,17.0,9.0,38.0,0.0,0.0,0.0,0.0,0.0,0.0,0.0,0.0,0.0,0.0,0.0,0.0,0.0,0.0,0.0,0.0,25700.0,G03_61_H5
2024-04-04 00:00:00,16.0,6.0,39.0,0.0,0.0,0.0,0.0,0.0,0.0,0.0,0.0,0.0,0.0,0.0,0.0,0.0,0.0,0.0,0.0,25700.0,G03_61_H5
2024-02-25 00:00:00,5.0,-1.0,,,,,,,,,,,,,,,,,,29400.0,G03_61_H6
2024-02-26 00:00:00,7.0,-2.0,1.0,27.0,0.0,0.771,386.0,567.0,52.0,0.52,0.41,35.8,33.1,0.6,0.6,0.0,0.0,1.0,1.0,29400.0,G03_61_H6
2024-02-27 00:00:00,7.0,0.0,2.0,18.0,13.0,1.0,500.0,506.0,56.0,0.56,0.43,35.3,32.8,0.6,0.6,0.0,0.0,1.0,1.0,29400.0,G03_61_H6
2024-02-28 00:00:00,5.0,2.0,3.0,15.0,19.0,1.23,615.0,248.8,56.0,0.59,0.52,34.0,31.2,0.6,0.6,0.0,0.0,1.0,1.0,29400.0,G03_61_H6
2024-02-29 00:00:00,5.0,-2.0,4.0,12.0,53.0,1.452,726.0,243.5,52.0,0.6,0.51,33.7,31.2,0.59,0.59,0.0,0.0,1.0,1.0,29400.0,G03_61_H6
2024-03-01 00:00:00,6.0,-1.0,5.0,9.0,42.0,1.727,864.0,140.4,56.0,0.6,0.51,33.1,30.7,0.56,0.56,0.0,0.0,1.0,1.0,29400.0,G03_61_H6
2024-03-02 00:00:00,11.0,0.0,6.0,7.0,12.0,1.977,989.0,266.0,52.0,0.58,0.48,32.5,29.9,0.53,0.59,0.0,0.0,1.0,1.0,29400.0,G03_61_H6
2024-03-03 00:00:00,14.0,3.0,7.0,8.0,6.0,2.23,1115.0,247.3,64.0,0.6,0.49,32.0,29.6,0.59,0.59,0.0,0.0,1.0,2.0,29400.0,G03_61_H6
2024-03-04 00:00:00,10.0,7.0,8.0,14.0,176.0,2.594,1297.0,205.4,64.0,0.62,0.51,31.9,29.1,0.6,0.67,0.0,0.0,2.0,2.0,29400.0,G03_61_H6
2024-03-05 00:00:00,9.0,5.0,9.0,26.0,18.0,2.723,1362.0,197.5,60.0,0.62,0.55,31.4,28.7,0.59,0.65,0.0,0.0,2.0,2.0,29400.0,G03_61_H6
2024-03-06 00:00:00,10.0,0.0,10.0,4.0,12.0,2.842,1421.0,221.2,52.0,0.64,0.53,31.2,28.5,0.57,0.63,0.0,0.0,2.0,2.0,29400.0,G03_61_H6
2024-03-07 00:00:00,14.0,1.0,11.0,3.0,27.0,3.761,1881.0,230.2,48.0,0.67,0.54,30.8,28.0,0.55,0.6,0.0,0.0,2.0,2.0,29400.0,G03_61_H6
2024-03-08 00:00:00,12.0,0.0,12.0,4.0,24.0,4.34,2170.0,206.0,52.0,0.68,0.54,30.5,27.9,0.5,0.63,0.0,0.0,2.0,2.0,29400.0,G03_61_H6
2024-03-09 00:00:00,12.0,2.0,13.0,3.0,26.0,4.679,2340.0,104.6,56.0,0.68,0.55,30.0,27.2,0.51,0.6,0.0,0.0,2.0,2.0,29400.0,G03_61_H6
2024-03-10 00:00:00,16.0,5.0,14.0,4.0,23.0,4.923,2462.0,190.3,52.0,0.71,0.58,29.6,26.9,0.49,0.56,0.0,0.0,2.0,2.0,29400.0,G03_61_H6
2024-03-11 00:00:00,21.0,6.0,15.0,5.0,21.0,5.27,2635.0,128.8,44.0,0.71,0.56,29.5,27.0,0.47,0.62,0.0,0.0,2.0,2.0,29400.0,G03_61_H6
2024-03-12 00:00:00,16.0,4.0,16.0,4.0,25.0,5.531,2766.0,69.5,64.0,0.71,0.59,28.9,26.7,0.44,0.5,0.0,0.0,2.0,2.0,29400.0,G03_61_H6
2024-03-13 00:00:00,16.0,7.0,17.0,3.0,18.0,5.865,2933.0,125.4,68.0,0.71,0.58,28.9,26.3,0.42,0.5,0.0,0.0,2.0,2.0,29400.0,G03_61_H6
2024-03-14 00:00:00,16.0,5.0,18.0,4.0,25.0,6.218,3109.0,57.8,68.0,0.75,0.63,28.3,26.1,0.41,0.45,0.0,0.0,2.0,2.0,29400.0,G03_61_H6
2024-03-15 00:00:00,19.0,5.0,19.0,5.0,28.0,6.33,3165.0,113.7,64.0,0.75,0.61,30.5,25.4,0.39,0.53,0.0,0.0,2.0,2.0,29400.0,G03_61_H6
2024-03-16 00:00:00,22.0,8.0,20.0,4.0,50.0,6.768,3384.0,34.0,68.0,0.76,0.66,30.6,25.6,0.38,0.79,0.0,0.0,2.0,2.0,29400.0,G03_61_H6
2024-03-17 00:00:00,12.0,5.0,21.0,5.0,19.0,7.629,3815.0,4.2,60.0,0.75,0.65,28.4,25.4,0.38,0.45,0.0,0.0,2.0,2.0,29400.0,G03_61_H6
2024-03-18 00:00:00,11.0,4.0,22.0,6.0,24.0,7.761,3881.0,75.7,60.0,0.73,0.57,27.2,24.5,0.35,0.41,0.0,0.0,2.0,2.0,29400.0,G03_61_H6
2024-03-19 00:00:00,17.0,3.0,23.0,4.0,29.0,7.674,3837.0,67.3,64.0,0.72,0.55,27.9,24.7,0.35,0.47,0.0,0.0,2.0,2.0,29400.0,G03_61_H6
2024-03-20 00:00:00,18.0,5.0,24.0,6.0,18.0,8.284,4142.0,73.2,64.0,0.73,0.58,27.8,24.2,0.36,0.49,0.0,0.0,2.0,2.0,29400.0,G03_61_H6
2024-03-21 00:00:00,24.0,9.0,25.0,5.0,15.0,8.293,4147.0,45.6,64.0,0.74,0.55,29.2,24.2,0.36,0.54,0.0,0.0,2.0,2.0,29400.0,G03_61_H6
2024-03-22 00:00:00,26.0,14.0,26.0,7.0,22.0,9.217,4609.0,5.3,72.0,0.73,0.59,29.5,24.5,0.39,0.89,0.0,0.0,2.0,2.0,29400.0,G03_61_H6
2024-03-23 00:00:00,19.0,13.0,27.0,16.0,28.0,9.586,4793.0,0.0,72.0,0.76,0.66,26.8,24.3,0.41,0.62,0.0,0.0,2.0,2.0,29400.0,G03_61_H6
2024-03-24 00:00:00,17.0,10.0,28.0,11.0,46.0,9.776,4888.0,1.7,60.0,0.75,0.69,26.4,24.0,0.43,0.56,0.0,0.0,2.0,2.0,29400.0,G03_61_H6
2024-03-25 00:00:00,11.0,5.0,29.0,10.0,53.0,9.713,4857.0,1.0,64.0,0.76,0.71,26.4,23.6,0.35,0.53,0.0,0.0,2.0,2.0,29400.0,G03_61_H6
2024-03-26 00:00:00,15.0,8.0,30.0,23.0,45.0,9.63,4815.0,13.2,64.0,0.75,0.65,26.2,23.5,0.35,0.54,0.0,0.0,2.0,2.0,29400.0,G03_61_H6
2024-03-27 00:00:00,15.0,10.0,31.0,34.0,52.0,9.795,4898.0,9.3,72.0,0.76,0.68,25.4,23.0,0.34,0.45,0.0,0.0,2.0,2.0,29400.0,G03_61_H6
2024-03-28 00:00:00,20.0,11.0,32.0,43.0,47.0,9.601,4801.0,1.9,68.0,0.76,0.68,26.3,23.2,0.35,0.47,0.0,0.0,2.0,2.0,29400.0,G03_61_H6
2024-03-29 00:00:00,27.0,13.0,33.0,64.0,18.0,9.848,4924.0,0.0,76.0,0.75,0.53,29.6,23.5,0.5,1.52,0.0,0.0,2.0,5.0,29400.0,G03_61_H6
2024-03-30 00:00:00,28.0,11.0,34.0,78.0,10.0,10.67,5335.0,0.0,92.0,0.76,0.4,31.3,22.0,0.48,2.2,0.0,0.0,2.0,5.0,29400.0,G03_61_H6
2024-03-31 00:00:00,22.0,11.0,35.0,95.0,0.0,11.318,5659.0,6.8,128.0,0.67,0.51,25.6,21.4,0.49,1.31,0.0,0.0,2.0,5.0,29400.0,G03_61_H6
2024-04-01 00:00:00,27.0,15.0,36.0,91.0,3.0,11.062,5531.0,29.0,96.0,0.74,0.48,29.0,20.7,0.47,2.03,0.0,0.0,2.0,8.0,29400.0,G03_61_H6
2024-04-02 00:00:00,20.0,13.0,37.0,100.0,0.0,10.974,5487.0,0.0,100.0,0.77,0.69,25.0,22.3,0.75,0.97,0.0,0.0,3.0,4.0,29400.0,G03_61_H6
2024-04-03 00:00:00,17.0,9.0,38.0,0.0,0.0,0.0,0.0,0.0,0.0,0.0,0.0,0.0,0.0,0.0,0.0,0.0,0.0,0.0,0.0,29400.0,G03_61_H6
2024-04-04 00:00:00,16.0,6.0,39.0,0.0,0.0,0.0,0.0,0.0,0.0,0.0,0.0,0.0,0.0,0.0,0.0,0.0,0.0,0.0,0.0,29400.0,G03_61_H6
2024-02-25 00:00:00,5.0,-1.0,,,,,,,,,,,,,,,,,,30000.0,G03_61_H7
2024-02-26 00:00:00,7.0,-2.0,1.0,32.0,53.0,0.77,385.0,567.0,48.0,0.5,0.38,35.8,33.4,0.45,0.45,0.0,0.0,1.0,1.0,30000.0,G03_61_H7
2024-02-27 00:00:00,7.0,0.0,2.0,20.0,65.0,1.02,510.0,506.0,64.0,0.52,0.43,35.0,32.9,0.45,0.45,0.0,0.0,1.0,1.0,30000.0,G03_61_H7
2024-02-28 00:00:00,5.0,2.0,3.0,17.0,56.0,1.261,631.0,248.8,64.0,0.56,0.49,34.5,32.2,0.45,0.45,0.0,0.0,1.0,1.0,30000.0,G03_61_H7
2024-02-29 00:00:00,5.0,-2.0,4.0,15.0,83.0,1.48,740.0,243.5,56.0,0.57,0.49,34.0,31.5,0.45,0.45,0.0,0.0,1.0,1.0,30000.0,G03_61_H7
2024-03-01 00:00:00,6.0,-1.0,5.0,11.0,86.0,1.562,781.0,140.4,48.0,0.56,0.59,33.3,30.9,0.45,0.48,0.0,0.0,1.0,1.0,30000.0,G03_61_H7
2024-03-02 00:00:00,11.0,0.0,6.0,13.0,71.0,1.744,872.0,266.0,52.0,0.57,0.49,32.7,30.2,0.46,0.51,0.0,0.0,1.0,1.0,30000.0,G03_61_H7
2024-03-03 00:00:00,14.0,3.0,7.0,9.0,30.0,2.199,1100.0,247.3,60.0,0.62,0.53,32.3,29.6,0.42,0.51,0.0,0.0,1.0,2.0,30000.0,G03_61_H7
2024-03-04 00:00:00,10.0,7.0,8.0,6.0,32.0,2.429,1215.0,205.4,56.0,0.66,0.55,32.1,29.5,0.44,0.51,0.0,0.0,2.0,2.0,30000.0,G03_61_H7
2024-03-05 00:00:00,9.0,5.0,9.0,18.0,227.0,2.768,1384.0,197.5,52.0,0.7,0.59,31.5,29.1,0.45,0.51,0.0,0.0,2.0,2.0,30000.0,G03_61_H7
2024-03-06 00:00:00,10.0,0.0,10.0,21.0,17.0,2.83,1415.0,221.2,52.0,0.64,0.53,31.5,28.7,0.44,0.5,0.0,0.0,2.0,2.0,30000.0,G03_61_H7
2024-03-07 00:00:00,14.0,1.0,11.0,8.0,31.0,3.428,1714.0,230.2,40.0,0.69,0.55,31.2,28.3,0.44,0.49,0.0,0.0,2.0,2.0,30000.0,G03_61_H7
2024-03-08 00:00:00,12.0,0.0,12.0,5.0,26.0,4.013,2007.0,206.0,48.0,0.66,0.53,31.3,28.0,0.45,0.57,0.0,0.0,2.0,2.0,30000.0,G03_61_H7
2024-03-09 00:00:00,12.0,2.0,13.0,6.0,34.0,4.449,2225.0,104.6,44.0,0.66,0.54,30.2,27.6,0.45,0.55,0.0,0.0,2.0,2.0,30000.0,G03_61_H7
2024-03-10 00:00:00,16.0,5.0,14.0,3.0,14.0,4.722,2361.0,190.3,44.0,0.72,0.56,29.8,27.2,0.44,0.51,0.0,0.0,2.0,2.0,30000.0,G03_61_H7
2024-03-11 00:00:00,21.0,6.0,15.0,2.0,16.0,4.952,2476.0,128.8,48.0,0.71,0.56,29.8,27.1,0.42,0.58,0.0,0.0,2.0,2.0,30000.0,G03_61_H7
2024-03-12 00:00:00,16.0,4.0,16.0,3.0,36.0,5.295,2648.0,69.5,52.0,0.72,0.61,29.3,26.8,0.41,0.46,0.0,0.0,2.0,2.0,30000.0,G03_61_H7
2024-03-13 00:00:00,16.0,7.0,17.0,6.0,37.0,5.472,2736.0,125.4,56.0,0.7,0.59,28.7,26.3,0.39,0.46,0.0,0.0,2.0,2.0,30000.0,G03_61_H7
2024-03-14 00:00:00,16.0,5.0,18.0,5.0,21.0,5.872,2936.0,57.8,56.0,0.76,0.63,28.4,26.2,0.38,0.44,0.0,0.0,2.0,2.0,30000.0,G03_61_H7
2024-03-15 00:00:00,19.0,5.0,19.0,6.0,31.0,6.198,3099.0,113.7,52.0,0.76,0.54,29.7,25.5,0.36,0.48,0.0,0.0,2.0,2.0,30000.0,G03_61_H7
2024-03-16 00:00:00,22.0,8.0,20.0,5.0,43.0,6.378,3189.0,34.0,56.0,0.76,0.59,30.4,25.8,0.35,0.7,0.0,0.0,2.0,2.0,30000.0,G03_61_H7
2024-03-17 00:00:00,12.0,5.0,21.0,3.0,16.0,6.897,3449.0,4.2,52.0,0.77,0.67,27.9,25.3,0.37,0.44,0.0,0.0,2.0,2.0,30000.0,G03_61_H7
2024-03-18 00:00:00,11.0,4.0,22.0,4.0,27.0,7.497,3749.0,75.7,52.0,0.72,0.59,27.2,24.4,0.34,0.4,0.0,0.0,2.0,2.0,30000.0,G03_61_H7
2024-03-19 00:00:00,17.0,3.0,23.0,7.0,21.0,7.456,3728.0,67.3,56.0,0.73,0.57,27.7,24.6,0.35,0.46,0.0,0.0,2.0,2.0,30000.0,G03_61_H7
2024-03-20 00:00:00,18.0,5.0,24.0,8.0,13.0,7.763,3882.0,73.2,56.0,0.74,0.64,27.7,24.1,0.35,0.48,0.0,0.0,2.0,2.0,30000.0,G03_61_H7
2024-03-21 00:00:00,24.0,9.0,25.0,7.0,21.0,8.385,4193.0,45.6,60.0,0.76,0.59,28.9,24.2,0.35,0.53,0.0,0.0,2.0,2.0,30000.0,G03_61_H7
2024-03-22 00:00:00,26.0,14.0,26.0,8.0,24.0,9.242,4621.0,5.3,64.0,0.73,0.62,29.6,24.7,0.38,0.87,0.0,0.0,2.0,2.0,30000.0,G03_61_H7
2024-03-23 00:00:00,19.0,13.0,27.0,15.0,37.0,9.396,4698.0,0.0,68.0,0.77,0.63,26.9,24.5,0.4,0.61,0.0,0.0,2.0,2.0,30000.0,G03_61_H7
2024-03-24 00:00:00,17.0,10.0,28.0,18.0,28.0,9.353,4677.0,1.7,60.0,0.77,0.69,26.8,24.2,0.42,0.55,0.0,0.0,2.0,2.0,30000.0,G03_61_H7
2024-03-25 00:00:00,11.0,5.0,29.0,11.0,62.0,9.413,4707.0,1.0,56.0,0.78,0.63,26.7,23.6,0.34,0.52,0.0,0.0,2.0,2.0,30000.0,G03_61_H7
2024-03-26 00:00:00,15.0,8.0,30.0,28.0,43.0,9.579,4790.0,13.2,56.0,0.77,0.68,26.0,23.6,0.34,0.53,0.0,0.0,2.0,2.0,30000.0,G03_61_H7
2024-03-27 00:00:00,15.0,10.0,31.0,32.0,81.0,9.975,4988.0,9.3,64.0,0.77,0.56,25.4,23.0,0.34,0.45,0.0,0.0,2.0,2.0,30000.0,G03_61_H7
2024-03-28 00:00:00,20.0,11.0,32.0,56.0,132.0,10.261,5131.0,1.9,68.0,0.77,0.61,26.1,23.4,0.35,0.47,0.0,0.0,2.0,2.0,30000.0,G03_61_H7
2024-03-29 00:00:00,27.0,13.0,33.0,72.0,53.0,10.409,5205.0,0.0,72.0,0.77,0.57,29.0,23.7,0.5,1.52,0.0,0.0,2.0,5.0,30000.0,G03_61_H7
2024-03-30 00:00:00,28.0,11.0,34.0,107.0,43.0,10.589,5295.0,0.0,84.0,0.78,0.41,30.9,22.2,0.47,2.15,0.0,0.0,2.0,5.0,30000.0,G03_61_H7
2024-03-31 00:00:00,22.0,11.0,35.0,97.0,32.0,11.22,5610.0,6.8,120.0,0.72,0.56,24.9,21.4,0.48,1.28,0.0,0.0,2.0,5.0,30000.0,G03_61_H7
2024-04-01 00:00:00,27.0,15.0,36.0,98.0,17.0,10.954,5477.0,29.0,92.0,0.78,0.52,28.8,20.7,0.47,2.03,0.0,0.0,2.0,8.0,30000.0,G03_61_H7
2024-04-02 00:00:00,20.0,13.0,37.0,120.0,0.0,10.972,5486.0,0.0,96.0,0.79,0.56,25.3,22.2,0.75,0.97,0.0,0.0,3.0,4.0,30000.0,G03_61_H7
2024-04-03 00:00:00,17.0,9.0,38.0,0.0,0.0,0.0,0.0,0.0,0.0,0.0,0.0,0.0,0.0,0.0,0.0,0.0,0.0,0.0,0.0,30000.0,G03_61_H7
2024-04-04 00:00:00,16.0,6.0,39.0,0.0,0.0,0.0,0.0,0.0,0.0,0.0,0.0,0.0,0.0,0.0,0.0,0.0,0.0,0.0,0.0,30000.0,G03_61_H7
2024-02-25 00:00:00,5.0,-1.0,,,,,,,,,,,,,,,,,,30200.0,G03_61_H8
2024-02-26 00:00:00,7.0,-2.0,1.0,20.0,24.0,0.77,385.0,567.0,60.0,0.48,0.38,35.2,32.8,0.45,0.45,0.0,0.0,1.0,1.0,30200.0,G03_61_H8
2024-02-27 00:00:00,7.0,0.0,2.0,10.0,12.0,1.02,510.0,506.0,56.0,0.49,0.42,34.9,33.1,0.45,0.45,0.0,0.0,1.0,1.0,30200.0,G03_61_H8
2024-02-28 00:00:00,5.0,2.0,3.0,35.0,40.0,1.26,630.0,248.8,56.0,0.5,0.47,34.6,32.4,0.45,0.45,0.0,0.0,1.0,1.0,30200.0,G03_61_H8
2024-02-29 00:00:00,5.0,-2.0,4.0,15.0,14.0,1.48,740.0,243.5,72.0,0.51,0.44,33.8,31.2,0.45,0.45,0.0,0.0,1.0,1.0,30200.0,G03_61_H8
2024-03-01 00:00:00,6.0,-1.0,5.0,19.0,15.0,1.48,740.0,140.4,44.0,0.51,0.45,33.1,31.0,0.48,0.48,0.0,0.0,1.0,1.0,30200.0,G03_61_H8
2024-03-02 00:00:00,11.0,0.0,6.0,14.0,16.0,1.855,928.0,266.0,60.0,0.53,0.47,32.5,30.2,0.46,0.51,0.0,0.0,1.0,1.0,30200.0,G03_61_H8
2024-03-03 00:00:00,14.0,3.0,7.0,20.0,15.0,2.055,1028.0,247.3,56.0,0.55,0.44,32.2,29.8,0.42,0.51,0.0,0.0,1.0,2.0,30200.0,G03_61_H8
2024-03-04 00:00:00,10.0,7.0,8.0,9.0,7.0,2.14,1070.0,205.4,52.0,0.65,0.52,31.8,29.6,0.44,0.51,0.0,0.0,2.0,2.0,30200.0,G03_61_H8
2024-03-05 00:00:00,9.0,5.0,9.0,15.0,285.0,2.17,1085.0,197.5,60.0,0.75,0.61,31.6,29.0,0.45,0.51,0.0,0.0,2.0,2.0,30200.0,G03_61_H8
2024-03-06 00:00:00,10.0,0.0,10.0,20.0,5.0,2.27,1135.0,221.2,36.0,0.65,0.56,31.3,28.8,0.44,0.5,0.0,0.0,2.0,2.0,30200.0,G03_61_H8
2024-03-07 00:00:00,14.0,1.0,11.0,8.0,31.0,3.02,1510.0,230.2,36.0,0.68,0.56,31.0,28.3,0.44,0.49,0.0,0.0,2.0,2.0,30200.0,G03_61_H8
2024-03-08 00:00:00,12.0,0.0,12.0,10.0,10.0,3.65,1825.0,206.0,40.0,0.67,0.53,31.2,28.3,0.45,0.57,0.0,0.0,2.0,2.0,30200.0,G03_61_H8
2024-03-09 00:00:00,12.0,2.0,13.0,2.0,16.0,4.15,2075.0,104.6,40.0,0.67,0.56,30.2,27.5,0.45,0.55,0.0,0.0,2.0,2.0,30200.0,G03_61_H8
2024-03-10 00:00:00,16.0,5.0,14.0,7.0,24.0,4.53,2265.0,190.3,40.0,0.71,0.6,29.6,27.0,0.44,0.51,0.0,0.0,2.0,2.0,30200.0,G03_61_H8
2024-03-11 00:00:00,21.0,6.0,15.0,9.0,10.0,4.86,2430.0,128.8,40.0,0.71,0.59,30.2,27.2,0.42,0.58,0.0,0.0,2.0,2.0,30200.0,G03_61_H8
2024-03-12 00:00:00,16.0,4.0,16.0,12.0,13.0,5.23,2615.0,69.5,36.0,0.73,0.62,29.2,26.9,0.41,0.46,0.0,0.0,2.0,2.0,30200.0,G03_61_H8
2024-03-13 00:00:00,16.0,7.0,17.0,5.0,21.0,5.3,2650.0,125.4,36.0,0.72,0.61,29.4,26.2,0.39,0.46,0.0,0.0,2.0,2.0,30200.0,G03_61_H8
2024-03-14 00:00:00,16.0,5.0,18.0,8.0,35.0,5.88,2940.0,57.8,32.0,0.82,0.66,28.5,26.8,0.38,0.44,0.0,0.0,2.0,2.0,30200.0,G03_61_H8
2024-03-15 00:00:00,19.0,5.0,19.0,11.0,19.0,6.06,3030.0,113.7,40.0,0.81,0.58,31.2,25.6,0.36,0.48,0.0,0.0,2.0,2.0,30200.0,G03_61_H8
2024-03-16 00:00:00,22.0,8.0,20.0,4.0,36.0,6.32,3160.0,34.0,36.0,0.81,0.71,31.5,25.9,0.35,0.7,0.0,0.0,2.0,2.0,30200.0,G03_61_H8
2024-03-17 00:00:00,12.0,5.0,21.0,5.0,20.0,6.99,3495.0,4.2,52.0,0.79,0.67,28.3,25.7,0.37,0.44,0.0,0.0,2.0,2.0,30200.0,G03_61_H8
2024-03-18 00:00:00,11.0,4.0,22.0,3.0,22.0,7.32,3660.0,75.7,40.0,0.78,0.64,27.6,24.5,0.34,0.4,0.0,0.0,2.0,2.0,30200.0,G03_61_H8
2024-03-19 00:00:00,17.0,3.0,23.0,8.0,19.0,7.5,3750.0,67.3,44.0,0.79,0.61,29.5,24.8,0.35,0.46,0.0,0.0,2.0,2.0,30200.0,G03_61_H8
2024-03-20 00:00:00,18.0,5.0,24.0,10.0,17.0,7.74,3870.0,73.2,48.0,0.79,0.64,29.0,24.1,0.35,0.48,0.0,0.0,2.0,2.0,30200.0,G03_61_H8
2024-03-21 00:00:00,24.0,9.0,25.0,7.0,10.0,8.14,4070.0,45.6,52.0,0.79,0.58,29.7,24.5,0.35,0.53,0.0,0.0,2.0,2.0,30200.0,G03_61_H8
2024-03-22 00:00:00,26.0,14.0,26.0,16.0,42.0,8.43,4215.0,5.3,60.0,0.76,0.61,31.0,25.0,0.38,0.87,0.0,0.0,2.0,2.0,30200.0,G03_61_H8
2024-03-23 00:00:00,19.0,13.0,27.0,24.0,36.0,9.04,4520.0,0.0,76.0,0.79,0.69,27.2,24.9,0.4,0.61,0.0,0.0,2.0,2.0,30200.0,G03_61_H8
2024-03-24 00:00:00,17.0,10.0,28.0,12.0,28.0,9.19,4595.0,1.7,72.0,0.8,0.72,27.0,24.3,0.42,0.55,0.0,0.0,2.0,2.0,30200.0,G03_61_H8
2024-03-25 00:00:00,11.0,5.0,29.0,30.0,34.0,9.28,4640.0,1.0,60.0,0.79,0.73,26.7,23.6,0.34,0.52,0.0,0.0,2.0,2.0,30200.0,G03_61_H8
2024-03-26 00:00:00,15.0,8.0,30.0,42.0,73.0,9.46,4730.0,13.2,60.0,0.78,0.67,26.2,23.6,0.34,0.53,0.0,0.0,2.0,2.0,30200.0,G03_61_H8
2024-03-27 00:00:00,15.0,10.0,31.0,35.0,66.0,9.4,4700.0,9.3,64.0,0.79,0.71,25.6,23.3,0.34,0.45,0.0,0.0,2.0,2.0,30200.0,G03_61_H8
2024-03-28 00:00:00,20.0,11.0,32.0,50.0,70.0,10.14,5070.0,1.9,56.0,0.8,0.7,26.3,23.4,0.35,0.47,0.0,0.0,2.0,2.0,30200.0,G03_61_H8
2024-03-29 00:00:00,27.0,13.0,33.0,85.0,60.0,9.88,4940.0,0.0,88.0,0.77,0.54,29.8,24.0,0.5,1.52,0.0,0.0,2.0,5.0,30200.0,G03_61_H8
2024-03-30 00:00:00,28.0,11.0,34.0,94.0,80.0,10.86,5430.0,0.0,116.0,0.79,0.5,31.4,23.0,0.47,2.15,0.0,0.0,2.0,5.0,30200.0,G03_61_H8
2024-03-31 00:00:00,22.0,11.0,35.0,108.0,58.0,10.91,5455.0,6.8,152.0,0.73,0.58,25.9,21.4,0.48,1.28,0.0,0.0,2.0,5.0,30200.0,G03_61_H8
2024-04-01 00:00:00,27.0,15.0,36.0,50.0,20.0,10.78,5390.0,29.0,112.0,0.78,0.52,29.8,21.5,0.47,2.03,0.0,0.0,2.0,8.0,30200.0,G03_61_H8
2024-04-02 00:00:00,20.0,13.0,37.0,28.0,20.0,10.77,5385.0,0.0,140.0,0.8,0.7,25.6,22.7,0.75,0.97,0.0,0.0,3.0,4.0,30200.0,G03_61_H8
2024-04-03 00:00:00,17.0,9.0,38.0,0.0,0.0,0.0,0.0,0.0,0.0,0.0,0.0,0.0,0.0,0.0,0.0,0.0,0.0,0.0,0.0,30200.0,G03_61_H8
2024-04-04 00:00:00,16.0,6.0,39.0,0.0,0.0,0.0,0.0,0.0,0.0,0.0,0.0,0.0,0.0,0.0,0.0,0.0,0.0,0.0,0.0,30200.0,G03_61_H8
2024-02-25 00:00:00,5.0,-1.0,,,,,,,,,,,,,,,,,,28500.0,G03_61_H9
2024-02-26 00:00:00,7.0,-2.0,1.0,18.0,15.0,0.74,370.0,567.0,52.0,0.51,0.39,35.6,33.1,0.6,0.6,0.0,0.0,1.0,1.0,28500.0,G03_61_H9
2024-02-27 00:00:00,7.0,0.0,2.0,13.0,14.0,0.877,439.0,506.0,60.0,0.53,0.43,34.9,32.8,0.6,0.6,0.0,0.0,1.0,1.0,28500.0,G03_61_H9
2024-02-28 00:00:00,5.0,2.0,3.0,20.0,26.0,1.197,599.0,248.8,60.0,0.57,0.5,34.6,32.3,0.6,0.6,0.0,0.0,1.0,1.0,28500.0,G03_61_H9
2024-02-29 00:00:00,5.0,-2.0,4.0,20.0,19.0,1.397,699.0,243.5,68.0,0.57,0.49,34.1,31.7,0.59,0.59,0.0,0.0,1.0,1.0,28500.0,G03_61_H9
2024-03-01 00:00:00,6.0,-1.0,5.0,17.0,24.0,1.597,799.0,140.4,56.0,0.57,0.49,33.8,30.8,0.56,0.56,0.0,0.0,1.0,1.0,28500.0,G03_61_H9
2024-03-02 00:00:00,11.0,0.0,6.0,9.0,13.0,1.694,847.0,266.0,56.0,0.56,0.45,32.9,30.0,0.53,0.59,0.0,0.0,1.0,1.0,28500.0,G03_61_H9
2024-03-03 00:00:00,14.0,3.0,7.0,7.0,8.0,1.84,920.0,247.3,48.0,0.59,0.47,32.2,29.5,0.59,0.59,0.0,0.0,1.0,2.0,28500.0,G03_61_H9
2024-03-04 00:00:00,10.0,7.0,8.0,14.0,4.0,1.939,970.0,205.4,52.0,0.6,0.48,32.2,29.3,0.6,0.67,0.0,0.0,2.0,2.0,28500.0,G03_61_H9
2024-03-05 00:00:00,9.0,5.0,9.0,18.0,142.0,2.377,1189.0,197.5,36.0,0.65,0.54,31.8,28.8,0.59,0.65,0.0,0.0,2.0,2.0,28500.0,G03_61_H9
2024-03-06 00:00:00,10.0,0.0,10.0,21.0,3.0,2.477,1239.0,221.2,60.0,0.6,0.49,31.6,28.5,0.57,0.63,0.0,0.0,2.0,2.0,28500.0,G03_61_H9
2024-03-07 00:00:00,14.0,1.0,11.0,9.0,7.0,2.869,1435.0,230.2,40.0,0.62,0.5,30.7,27.8,0.55,0.6,0.0,0.0,2.0,2.0,28500.0,G03_61_H9
2024-03-08 00:00:00,12.0,0.0,12.0,5.0,4.0,3.515,1758.0,206.0,40.0,0.63,0.49,30.7,27.8,0.5,0.63,0.0,0.0,2.0,2.0,28500.0,G03_61_H9
2024-03-09 00:00:00,12.0,2.0,13.0,4.0,5.0,3.913,1957.0,104.6,40.0,0.63,0.48,30.3,27.3,0.51,0.6,0.0,0.0,2.0,2.0,28500.0,G03_61_H9
2024-03-10 00:00:00,16.0,5.0,14.0,6.0,15.0,4.147,2074.0,190.3,40.0,0.66,0.51,30.0,26.9,0.49,0.56,0.0,0.0,2.0,2.0,28500.0,G03_61_H9
2024-03-11 00:00:00,21.0,6.0,15.0,16.0,21.0,4.488,2244.0,128.8,40.0,0.66,0.53,29.9,26.9,0.47,0.62,0.0,0.0,2.0,2.0,28500.0,G03_61_H9
2024-03-12 00:00:00,16.0,4.0,16.0,7.0,15.0,4.923,2462.0,69.5,32.0,0.69,0.55,29.4,26.8,0.44,0.5,0.0,0.0,2.0,2.0,28500.0,G03_61_H9
2024-03-13 00:00:00,16.0,7.0,17.0,16.0,16.0,5.242,2621.0,125.4,40.0,0.69,0.54,28.8,26.0,0.42,0.5,0.0,0.0,2.0,2.0,28500.0,G03_61_H9
2024-03-14 00:00:00,16.0,5.0,18.0,12.0,35.0,5.494,2747.0,57.8,36.0,0.79,0.58,28.5,26.5,0.38,0.44,0.0,0.0,2.0,2.0,28500.0,G03_61_H9
2024-03-15 00:00:00,19.0,5.0,19.0,4.0,13.0,5.968,2984.0,113.7,40.0,0.78,0.6,30.3,25.5,0.36,0.48,0.0,0.0,2.0,2.0,28500.0,G03_61_H9
2024-03-16 00:00:00,22.0,8.0,20.0,6.0,30.0,6.277,3139.0,34.0,32.0,0.81,0.66,30.8,25.8,0.35,0.7,0.0,0.0,2.0,2.0,28500.0,G03_61_H9
2024-03-17 00:00:00,12.0,5.0,21.0,7.0,18.0,6.512,3256.0,4.2,44.0,0.78,0.61,27.8,25.4,0.37,0.44,0.0,0.0,2.0,2.0,28500.0,G03_61_H9
2024-03-18 00:00:00,11.0,4.0,22.0,5.0,12.0,6.873,3437.0,75.7,56.0,0.72,0.56,27.2,24.3,0.34,0.4,0.0,0.0,2.0,2.0,28500.0,G03_61_H9
2024-03-19 00:00:00,17.0,3.0,23.0,10.0,20.0,6.939,3470.0,67.3,32.0,0.74,0.52,28.7,24.7,0.35,0.46,0.0,0.0,2.0,2.0,28500.0,G03_61_H9
2024-03-20 00:00:00,18.0,5.0,24.0,6.0,15.0,7.379,3690.0,73.2,52.0,0.73,0.57,28.9,24.0,0.35,0.48,0.0,0.0,2.0,2.0,28500.0,G03_61_H9
2024-03-21 00:00:00,24.0,9.0,25.0,7.0,9.0,7.809,3905.0,45.6,48.0,0.76,0.58,28.9,24.3,0.35,0.53,0.0,0.0,2.0,2.0,28500.0,G03_61_H9
2024-03-22 00:00:00,26.0,14.0,26.0,15.0,25.0,8.298,4149.0,5.3,80.0,0.74,0.59,30.6,24.9,0.38,0.87,0.0,0.0,2.0,2.0,28500.0,G03_61_H9
2024-03-23 00:00:00,19.0,13.0,27.0,22.0,25.0,8.248,4124.0,0.0,56.0,0.79,0.64,27.0,24.5,0.4,0.61,0.0,0.0,2.0,2.0,28500.0,G03_61_H9
2024-03-24 00:00:00,17.0,10.0,28.0,11.0,19.0,8.283,4142.0,1.7,68.0,0.79,0.7,26.6,24.3,0.42,0.55,0.0,0.0,2.0,2.0,28500.0,G03_61_H9
2024-03-25 00:00:00,11.0,5.0,29.0,8.0,12.0,9.264,4632.0,1.0,56.0,0.8,0.72,26.2,23.8,0.34,0.52,0.0,0.0,2.0,2.0,28500.0,G03_61_H9
2024-03-26 00:00:00,15.0,8.0,30.0,22.0,31.0,8.852,4426.0,13.2,56.0,0.79,0.65,26.1,23.6,0.34,0.53,0.0,0.0,2.0,2.0,28500.0,G03_61_H9
2024-03-27 00:00:00,15.0,10.0,31.0,32.0,65.0,9.107,4554.0,9.3,64.0,0.81,0.69,25.6,23.3,0.34,0.45,0.0,0.0,2.0,2.0,28500.0,G03_61_H9
2024-03-28 00:00:00,20.0,11.0,32.0,33.0,29.0,9.226,4613.0,1.9,64.0,0.81,0.69,26.2,23.5,0.35,0.47,0.0,0.0,2.0,2.0,28500.0,G03_61_H9
2024-03-29 00:00:00,27.0,13.0,33.0,40.0,50.0,9.407,4704.0,0.0,96.0,0.77,0.53,29.7,23.9,0.5,1.52,0.0,0.0,2.0,5.0,28500.0,G03_61_H9
2024-03-30 00:00:00,28.0,11.0,34.0,100.0,50.0,9.923,4962.0,0.0,148.0,0.78,0.4,31.2,22.7,0.47,2.15,0.0,0.0,2.0,5.0,28500.0,G03_61_H9
2024-03-31 00:00:00,22.0,11.0,35.0,84.0,46.0,10.39,5195.0,6.8,100.0,0.69,0.51,25.6,22.0,0.48,1.28,0.0,0.0,2.0,5.0,28500.0,G03_61_H9
2024-04-01 00:00:00,27.0,15.0,36.0,40.0,30.0,10.39,5195.0,29.0,132.0,0.79,0.5,29.1,21.1,0.47,2.03,0.0,0.0,2.0,8.0,28500.0,G03_61_H9
2024-04-02 00:00:00,20.0,13.0,37.0,60.0,30.0,9.528,4764.0,0.0,144.0,0.82,0.69,25.4,22.3,0.75,0.97,0.0,0.0,3.0,4.0,28500.0,G03_61_H9
2024-04-03 00:00:00,17.0,9.0,38.0,0.0,0.0,0.0,0.0,0.0,0.0,0.0,0.0,0.0,0.0,0.0,0.0,0.0,0.0,0.0,0.0,28500.0,G03_61_H9
2024-04-04 00:00:00,16.0,6.0,39.0,0.0,0.0,0.0,0.0,0.0,0.0,0.0,0.0,0.0,0.0,0.0,0.0,0.0,0.0,0.0,0.0,28500.0,G03_61_H9
2024-02-25 00:00:00,5.0,-1.0,,,,,,,,,,,,,,,,,,26700.0,G03_61_H10
2024-02-26 00:00:00,7.0,-2.0,,,,,,,,,,,,,,,,,,26700.0,G03_61_H10
2024-02-27 00:00:00,7.0,0.0,,,,,,,,,,,,,,,,,,26700.0,G03_61_H10
2024-02-28 00:00:00,5.0,2.0,1.0,21.0,3.0,0.694,347.0,248.8,60.0,0.53,0.46,35.6,33.5,0.6,0.6,0.0,0.0,1.0,1.0,26700.0,G03_61_H10
2024-02-29 00:00:00,5.0,-2.0,2.0,5.0,3.0,0.88,440.0,243.5,32.0,0.55,0.49,35.3,32.8,0.6,0.6,0.0,0.0,1.0,1.0,26700.0,G03_61_H10
2024-03-01 00:00:00,6.0,-1.0,3.0,8.0,9.0,1.118,559.0,140.4,60.0,0.58,0.49,34.7,32.3,0.61,0.61,0.0,0.0,1.0,1.0,26700.0,G03_61_H10
2024-03-02 00:00:00,11.0,0.0,4.0,12.0,15.0,1.355,678.0,266.0,44.0,0.58,0.46,34.1,31.5,0.56,0.65,0.0,0.0,1.0,1.0,26700.0,G03_61_H10
2024-03-03 00:00:00,14.0,3.0,5.0,6.0,21.0,1.405,703.0,247.3,56.0,0.6,0.48,33.6,30.8,0.54,0.62,0.0,0.0,1.0,1.0,26700.0,G03_61_H10
2024-03-04 00:00:00,10.0,7.0,6.0,8.0,20.0,1.405,703.0,205.4,44.0,0.63,0.53,33.1,30.2,0.56,0.67,0.0,0.0,1.0,2.0,26700.0,G03_61_H10
2024-03-05 00:00:00,9.0,5.0,7.0,28.0,171.0,1.805,903.0,197.5,48.0,0.68,0.58,32.1,29.7,0.57,0.67,0.0,0.0,2.0,2.0,26700.0,G03_61_H10
2024-03-06 00:00:00,10.0,0.0,8.0,10.0,23.0,1.905,953.0,221.2,48.0,0.63,0.54,32.0,29.4,0.57,0.66,0.0,0.0,2.0,2.0,26700.0,G03_61_H10
2024-03-07 00:00:00,14.0,1.0,9.0,6.0,28.0,2.395,1198.0,230.2,28.0,0.66,0.55,31.8,28.9,0.57,0.64,0.0,0.0,2.0,2.0,26700.0,G03_61_H10
2024-03-08 00:00:00,12.0,0.0,10.0,4.0,16.0,2.39,1195.0,206.0,40.0,0.65,0.5,31.5,28.5,0.57,0.76,0.0,0.0,2.0,2.0,26700.0,G03_61_H10
2024-03-09 00:00:00,12.0,2.0,11.0,3.0,8.0,3.059,1530.0,104.6,32.0,0.65,0.52,30.8,27.7,0.53,0.64,0.0,0.0,2.0,2.0,26700.0,G03_61_H10
2024-03-10 00:00:00,16.0,5.0,12.0,4.0,7.0,3.403,1702.0,190.3,44.0,0.69,0.55,30.5,27.4,0.54,0.65,0.0,0.0,2.0,2.0,26700.0,G03_61_H10
2024-03-11 00:00:00,21.0,6.0,13.0,3.0,10.0,3.57,1785.0,128.8,36.0,0.71,0.57,30.4,27.9,0.52,0.67,0.0,0.0,2.0,2.0,26700.0,G03_61_H10
2024-03-12 00:00:00,16.0,4.0,14.0,4.0,8.0,3.832,1916.0,69.5,32.0,0.72,0.58,30.0,27.0,0.5,0.58,0.0,0.0,2.0,2.0,26700.0,G03_61_H10
2024-03-13 00:00:00,16.0,7.0,15.0,5.0,12.0,4.173,2087.0,125.4,32.0,0.71,0.59,30.3,26.8,0.48,0.58,0.0,0.0,2.0,2.0,26700.0,G03_61_H10
2024-03-14 00:00:00,16.0,5.0,16.0,6.0,11.0,4.442,2221.0,57.8,28.0,0.74,0.62,29.3,26.8,0.46,0.52,0.0,0.0,2.0,2.0,26700.0,G03_61_H10
2024-03-15 00:00:00,19.0,5.0,17.0,5.0,14.0,4.674,2337.0,113.7,40.0,0.75,0.62,29.3,26.0,0.44,0.55,0.0,0.0,2.0,2.0,26700.0,G03_61_H10
2024-03-16 00:00:00,22.0,8.0,18.0,6.0,18.0,5.008,2504.0,34.0,32.0,0.78,0.67,30.0,26.0,0.42,0.84,0.0,0.0,2.0,2.0,26700.0,G03_61_H10
2024-03-17 00:00:00,12.0,5.0,19.0,4.0,16.0,5.308,2654.0,4.2,36.0,0.77,0.66,28.3,26.1,0.36,0.45,0.0,0.0,2.0,2.0,26700.0,G03_61_H10
2024-03-18 00:00:00,11.0,4.0,20.0,5.0,12.0,5.448,2724.0,75.7,40.0,0.74,0.61,28.3,25.3,0.33,0.41,0.0,0.0,2.0,2.0,26700.0,G03_61_H10
2024-03-19 00:00:00,17.0,3.0,21.0,6.0,22.0,5.721,2861.0,67.3,40.0,0.74,0.57,28.7,25.8,0.34,0.49,0.0,0.0,2.0,2.0,26700.0,G03_61_H10
2024-03-20 00:00:00,18.0,5.0,22.0,4.0,19.0,6.167,3084.0,73.2,36.0,0.75,0.6,28.6,25.2,0.35,0.45,0.0,0.0,2.0,2.0,26700.0,G03_61_H10
2024-03-21 00:00:00,24.0,9.0,23.0,5.0,17.0,6.343,3172.0,45.6,36.0,0.77,0.57,28.8,25.2,0.36,0.58,0.0,0.0,2.0,2.0,26700.0,G03_61_H10
2024-03-22 00:00:00,26.0,14.0,24.0,5.0,19.0,6.426,3213.0,5.3,40.0,0.73,0.6,30.4,25.2,0.39,0.98,0.0,0.0,2.0,2.0,26700.0,G03_61_H10
2024-03-23 00:00:00,19.0,13.0,25.0,6.0,15.0,6.965,3483.0,0.0,52.0,0.79,0.67,27.6,24.9,0.43,0.66,0.0,0.0,2.0,2.0,26700.0,G03_61_H10
2024-03-24 00:00:00,17.0,10.0,26.0,4.0,11.0,7.343,3672.0,1.7,64.0,0.78,0.68,27.4,24.8,0.4,0.56,0.0,0.0,2.0,2.0,26700.0,G03_61_H10
2024-03-25 00:00:00,11.0,5.0,27.0,7.0,10.0,7.919,3960.0,1.0,52.0,0.8,0.72,27.2,24.4,0.35,0.47,0.0,0.0,2.0,2.0,26700.0,G03_61_H10
2024-03-26 00:00:00,15.0,8.0,28.0,6.0,7.0,7.676,3838.0,13.2,52.0,0.79,0.65,26.7,24.4,0.36,0.55,0.0,0.0,2.0,2.0,26700.0,G03_61_H10
2024-03-27 00:00:00,15.0,10.0,29.0,8.0,19.0,8.294,4147.0,9.3,52.0,0.84,0.69,26.5,24.1,0.34,41.0,0.0,0.0,2.0,2.0,26700.0,G03_61_H10
2024-03-28 00:00:00,20.0,11.0,30.0,19.0,36.0,8.397,4199.0,1.9,52.0,0.81,0.68,26.7,24.1,0.41,0.65,0.0,0.0,2.0,2.0,26700.0,G03_61_H10
2024-03-29 00:00:00,27.0,13.0,31.0,21.0,11.0,8.37,4185.0,0.0,68.0,0.76,0.52,30.6,24.1,0.52,1.85,0.0,0.0,2.0,5.0,26700.0,G03_61_H10
2024-03-30 00:00:00,28.0,11.0,32.0,87.0,9.0,8.62,4310.0,0.0,112.0,0.76,0.43,31.5,22.9,0.51,2.66,0.0,0.0,2.0,5.0,26700.0,G03_61_H10
2024-03-31 00:00:00,22.0,11.0,33.0,168.0,130.0,8.675,4338.0,6.8,128.0,0.69,0.55,25.7,21.7,0.55,1.27,0.0,0.0,2.0,4.0,26700.0,G03_61_H10
2024-04-01 00:00:00,27.0,15.0,34.0,185.0,341.0,8.177,4089.0,29.0,184.0,0.75,0.51,29.3,21.2,0.57,2.13,0.0,0.0,2.0,7.0,26700.0,G03_61_H10
2024-04-02 00:00:00,20.0,13.0,35.0,273.0,0.0,8.168,4084.0,0.0,160.0,0.81,0.7,24.9,22.4,0.58,0.87,0.0,0.0,2.0,3.0,26700.0,G03_61_H10
2024-04-03 00:00:00,17.0,9.0,36.0,264.0,0.0,7.911,3956.0,0.0,160.0,0.8,0.73,23.5,21.0,0.57,0.86,0.0,0.0,2.0,3.0,26700.0,G03_61_H10
2024-04-04 00:00:00,16.0,6.0,37.0,231.0,0.0,7.261,3631.0,0.0,120.0,0.75,0.54,22.8,20.3,0.55,0.86,0.0,0.0,2.0,3.0,26700.0,G03_61_H10
2024-02-24 00:00:00,2.0,-4.0,1.0,20.0,7.0,0.59,295.0,489.0,60.00000000001364,0.73,0.63,33.7,31.5,0.61,0.61,0.0,0.0,1.0,1.0,32800.0,G1B_45_H1
2024-02-25 00:00:00,6.0,-2.0,2.0,22.0,9.0,0.92,460.0,344.0,59.999999999990905,0.77,0.67,33.2,30.9,0.58,0.58,0.0,0.0,1.0,1.0,32800.0,G1B_45_H1
2024-02-26 00:00:00,8.0,-1.0,3.0,9.0,22.0,1.27,635.0,189.0,59.999999999990905,0.78,0.73,32.6,30.7,0.56,0.56,0.0,0.0,1.0,1.0,32800.0,G1B_45_H1
2024-02-27 00:00:00,10.0,0.0,4.0,10.0,20.0,1.64,820.0,158.0,60.00000000001364,0.77,0.72,31.9,30.1,0.55,0.55,0.0,0.0,1.0,1.0,32800.0,G1B_45_H1
2024-02-28 00:00:00,5.0,1.0,5.0,11.0,21.0,1.98,990.0,152.3,59.999999999990905,0.84,0.77,31.4,29.3,0.55,0.55,0.0,0.0,1.0,1.0,32800.0,G1B_45_H1
2024-02-29 00:00:00,5.0,0.0,6.0,8.0,10.0,2.2,1100.0,150.0,65.0000000000091,0.86,0.78,30.9,29.1,0.54,0.54,0.0,0.0,1.0,1.0,32800.0,G1B_45_H1
2024-03-01 00:00:00,6.0,-1.0,7.0,8.0,9.0,2.43,1215.0,173.4,70.00000000000455,0.85,0.78,30.1,28.7,0.53,0.53,0.0,0.0,1.0,1.0,32800.0,G1B_45_H1
2024-03-02 00:00:00,11.0,0.0,8.0,18.0,139.0,2.63,1315.0,193.0,69.99999999998181,0.83,0.74,30.0,28.0,0.52,0.52,0.0,0.0,1.0,1.0,32800.0,G1B_45_H1
2024-03-03 00:00:00,13.0,1.0,9.0,23.0,4.0,2.88,1440.0,106.0,55.00000000001819,0.82,0.7,29.5,28.0,0.51,0.51,0.0,0.0,1.0,1.0,32800.0,G1B_45_H1
2024-03-04 00:00:00,9.0,3.0,10.0,6.0,7.0,3.18,1590.0,86.0,34.999999999990905,0.83,0.73,29.2,27.7,0.5,0.5,0.0,0.0,1.0,1.0,32800.0,G1B_45_H1
2024-03-05 00:00:00,8.0,4.0,11.0,3.0,6.0,3.52,1760.0,103.0,34.999999999990905,0.78,0.68,29.3,27.3,0.5,0.5,0.0,0.0,1.5,1.5,32800.0,G1B_45_H1
2024-03-06 00:00:00,11.0,4.0,12.0,5.0,8.0,4.1,2050.0,117.0,40.000000000009095,0.81,0.7,29.0,26.9,0.5,0.5,0.0,0.0,1.5,1.5,32800.0,G1B_45_H1
2024-03-07 00:00:00,14.0,2.0,13.0,7.0,15.0,4.41,2205.0,101.0,40.000000000009095,0.83,0.7,28.7,26.6,0.5,0.62,0.0,0.0,1.5,1.5,32800.0,G1B_45_H1
2024-03-08 00:00:00,15.0,4.0,14.0,5.0,6.0,4.79,2395.0,64.0,39.99999999998636,0.82,0.66,28.6,26.3,0.5,0.64,0.0,0.0,1.5,1.5,32800.0,G1B_45_H1
2024-03-09 00:00:00,15.0,3.0,15.0,8.0,11.0,5.08,2540.0,61.0,45.00000000000455,0.82,0.66,28.1,26.1,0.5,0.66,0.0,0.0,1.5,1.5,32800.0,G1B_45_H1
2024-03-10 00:00:00,16.0,4.0,16.0,6.0,11.0,5.51,2755.0,41.0,34.999999999990905,0.82,0.68,28.0,25.7,0.5,0.72,0.0,0.0,1.5,1.5,32800.0,G1B_45_H1
2024-03-11 00:00:00,18.0,4.0,17.0,5.0,14.0,5.83,2915.0,9.0,40.000000000009095,0.82,0.69,28.3,26.1,0.5,1.1,0.0,0.0,1.5,1.5,32800.0,G1B_45_H1
2024-03-12 00:00:00,17.0,4.0,18.0,8.0,15.0,6.15,3075.0,0.0,29.999999999995453,0.82,0.66,27.6,25.8,0.5,1.1,0.0,0.0,1.5,1.5,32800.0,G1B_45_H1
2024-03-13 00:00:00,14.0,2.0,19.0,6.0,12.0,6.45,3225.0,18.0,65.0000000000091,0.82,0.67,27.4,25.4,0.47,0.78,0.0,0.0,1.5,1.5,32800.0,G1B_45_H1
2024-03-14 00:00:00,14.0,4.0,20.0,3.0,6.0,6.98,3490.0,2.0,45.00000000000455,0.84,0.72,26.8,25.1,0.45,0.78,0.0,0.0,1.5,1.5,32800.0,G1B_45_H1
2024-03-15 00:00:00,17.0,5.0,21.0,5.0,8.0,7.5,3750.0,10.0,44.99999999998181,0.85,0.73,27.1,24.7,0.45,0.95,0.0,0.0,1.5,1.5,32800.0,G1B_45_H1
2024-03-16 00:00:00,22.0,6.0,22.0,4.0,10.0,8.1,4050.0,1.0,80.00000000001819,0.85,0.76,28.2,24.8,0.42,0.92,0.0,0.0,1.5,1.5,32800.0,G1B_45_H1
2024-03-17 00:00:00,14.0,11.0,23.0,7.0,21.0,8.35,4175.0,0.0,25.0,0.82,0.71,26.7,24.3,0.45,0.62,0.0,0.0,1.5,1.5,32800.0,G1B_45_H1
2024-03-18 00:00:00,11.0,4.0,24.0,6.0,9.0,8.74,4370.0,6.0,50.0,0.82,0.68,26.6,24.4,0.42,0.58,0.0,0.0,1.5,1.5,32800.0,G1B_45_H1
2024-03-19 00:00:00,17.0,4.0,25.0,8.0,16.0,9.07,4535.0,5.0,50.0,0.81,0.61,27.5,24.1,0.42,0.75,0.0,0.0,1.5,1.5,32800.0,G1B_45_H1
2024-03-20 00:00:00,19.0,5.0,26.0,7.0,13.0,8.92,4460.0,0.0,50.0,0.81,0.61,27.6,24.5,0.42,0.72,0.0,0.0,1.5,1.5,32800.0,G1B_45_H1
2024-03-21 00:00:00,24.0,6.0,27.0,10.0,13.0,9.49,4745.0,0.0,59.999999999990905,0.83,0.58,28.4,24.0,0.42,0.76,0.0,0.0,2.0,2.0,32800.0,G1B_45_H1
2024-03-22 00:00:00,27.0,11.0,28.0,13.0,20.0,9.72,4860.0,0.0,65.0000000000091,0.78,0.65,29.7,24.1,0.45,1.22,0.0,0.0,2.0,3.0,32800.0,G1B_45_H1
2024-03-23 00:00:00,17.0,12.0,29.0,35.0,11.0,9.9,4950.0,0.0,59.999999999990905,0.82,0.7,26.6,24.2,0.42,0.68,0.0,0.0,2.0,2.0,32800.0,G1B_45_H1
2024-03-24 00:00:00,15.0,11.0,30.0,40.0,13.0,9.87,4935.0,0.0,59.999999999990905,0.82,0.7,25.6,23.8,0.42,0.58,0.0,0.0,2.0,2.0,32800.0,G1B_45_H1
2024-03-25 00:00:00,13.0,4.0,31.0,113.0,12.0,9.55,4775.0,0.0,59.999999999990905,0.85,0.8,25.9,23.1,0.4,0.52,0.0,0.0,2.0,2.0,32800.0,G1B_45_H1
2024-03-26 00:00:00,15.0,5.0,32.0,119.0,30.0,9.08,4540.0,0.0,55.00000000001819,0.84,0.74,26.1,22.5,0.4,0.6,0.0,0.0,2.0,2.0,32800.0,G1B_45_H1
2024-03-27 00:00:00,15.0,8.0,33.0,231.0,25.0,9.11,4555.0,4.0,59.999999999990905,0.83,0.79,25.1,22.7,0.4,0.6,0.0,0.0,2.0,2.0,32800.0,G1B_45_H1
2024-03-28 00:00:00,17.0,8.0,34.0,274.0,16.0,9.27,4635.0,0.0,59.999999999990905,0.84,0.79,25.3,22.9,0.4,0.58,0.0,0.0,2.0,2.0,32800.0,G1B_45_H1
2024-03-29 00:00:00,27.0,12.0,35.0,434.0,0.0,9.05,4525.0,0.0,70.00000000000455,0.82,0.59,29.4,24.0,0.4,1.65,0.0,0.0,2.0,5.0,32800.0,G1B_45_H1
2024-03-30 00:00:00,28.0,11.0,36.0,296.0,0.0,9.52,4760.0,0.0,95.00000000000455,0.83,0.49,30.5,22.4,0.58,1.74,0.0,0.0,2.0,6.0,32800.0,G1B_45_H1
2024-03-31 00:00:00,24.0,10.0,37.0,271.0,0.0,9.35,4675.0,0.0,104.99999999999545,0.76,0.64,26.8,21.7,0.58,1.55,0.0,0.0,2.0,6.0,32800.0,G1B_45_H1
2024-04-01 00:00:00,26.0,12.0,38.0,0.0,0.0,0.0,0.0,0.0,0.0,0.0,0.0,0.0,0.0,0.0,0.0,0.0,0.0,0.0,0.0,32800.0,G1B_45_H1
2024-02-24 00:00:00,2.0,-4.0,1.0,57.0,14.0,0.57,285.0,489.0,65.0000000000091,0.71,0.56,33.6,31.7,0.61,0.61,0.0,0.0,1.0,1.0,31500.0,G1B_45_H2
2024-02-25 00:00:00,6.0,-2.0,2.0,17.0,24.0,0.9,450.0,344.0,75.0,0.73,0.66,33.0,31.3,0.58,0.58,0.0,0.0,1.0,1.0,31500.0,G1B_45_H2
2024-02-26 00:00:00,8.0,-1.0,3.0,16.0,31.0,1.25,625.0,189.0,65.0000000000091,0.74,0.7,32.3,31.1,0.56,0.56,0.0,0.0,1.0,1.0,31500.0,G1B_45_H2
2024-02-27 00:00:00,10.0,0.0,4.0,14.0,28.0,1.51,755.0,158.0,69.99999999998181,0.83,0.77,31.9,30.5,0.55,0.55,0.0,0.0,1.0,1.0,31500.0,G1B_45_H2
2024-02-28 00:00:00,5.0,1.0,5.0,8.0,19.0,1.79,895.0,152.3,70.00000000002728,0.83,0.76,31.5,30.0,0.55,0.55,0.0,0.0,1.0,1.0,31500.0,G1B_45_H2
2024-02-29 00:00:00,5.0,0.0,6.0,4.0,7.0,2.1,1050.0,150.0,54.999999999972715,0.89,0.83,31.2,29.7,0.54,0.54,0.0,0.0,1.0,1.0,31500.0,G1B_45_H2
2024-03-01 00:00:00,6.0,-1.0,7.0,13.0,21.0,2.35,1175.0,173.4,65.0000000000091,0.84,0.78,30.7,29.2,0.53,0.53,0.0,0.0,1.0,1.0,31500.0,G1B_45_H2
2024-03-02 00:00:00,11.0,0.0,8.0,17.0,192.0,2.55,1275.0,193.0,75.0,0.8,0.74,30.5,28.9,0.52,0.52,0.0,0.0,1.0,1.0,31500.0,G1B_45_H2
2024-03-03 00:00:00,13.0,1.0,9.0,39.0,9.0,2.79,1395.0,106.0,55.00000000001819,0.78,0.73,30.3,28.8,0.51,0.51,0.0,0.0,1.0,1.0,31500.0,G1B_45_H2
2024-03-04 00:00:00,9.0,3.0,10.0,5.0,6.0,3.09,1545.0,86.0,25.0,0.82,0.77,29.8,28.8,0.5,0.5,0.0,0.0,1.0,1.0,31500.0,G1B_45_H2
2024-03-05 00:00:00,8.0,4.0,11.0,6.0,5.0,3.54,1770.0,103.0,40.000000000009095,0.81,0.77,29.7,28.2,0.5,0.5,0.0,0.0,1.5,1.5,31500.0,G1B_45_H2
2024-03-06 00:00:00,11.0,4.0,12.0,5.0,6.0,4.0,2000.0,117.0,29.999999999972715,0.8,0.76,29.3,27.9,0.5,0.5,0.0,0.0,1.5,1.5,31500.0,G1B_45_H2
2024-03-07 00:00:00,14.0,2.0,13.0,5.0,13.0,4.33,2165.0,101.0,34.999999999990905,0.79,0.74,29.1,27.6,0.5,0.62,0.0,0.0,1.5,1.5,31500.0,G1B_45_H2
2024-03-08 00:00:00,15.0,4.0,14.0,6.0,7.0,4.64,2320.0,64.0,35.00000000003638,0.8,0.77,29.2,27.3,0.5,0.64,0.0,0.0,1.5,1.5,31500.0,G1B_45_H2
2024-03-09 00:00:00,15.0,3.0,15.0,6.0,15.0,4.98,2490.0,61.0,39.99999999996362,0.79,0.76,28.5,26.9,0.5,0.66,0.0,0.0,1.5,1.5,31500.0,G1B_45_H2
2024-03-10 00:00:00,16.0,4.0,16.0,7.0,15.0,5.32,2660.0,41.0,30.00000000001819,0.8,0.76,28.0,26.8,0.5,0.72,0.0,0.0,1.5,1.5,31500.0,G1B_45_H2
2024-03-11 00:00:00,18.0,4.0,17.0,8.0,16.0,5.65,2825.0,9.0,34.999999999990905,0.82,0.76,29.0,27.4,0.5,1.1,0.0,0.0,1.5,1.5,31500.0,G1B_45_H2
2024-03-12 00:00:00,17.0,4.0,18.0,6.0,19.0,5.97,2985.0,0.0,50.0,0.83,0.68,28.3,27.1,0.5,1.1,0.0,0.0,1.5,1.5,31500.0,G1B_45_H2
2024-03-13 00:00:00,14.0,2.0,19.0,5.0,8.0,6.32,3160.0,18.0,45.000000000027285,0.83,0.65,28.3,26.3,0.47,0.78,0.0,0.0,1.5,1.5,31500.0,G1B_45_H2
2024-03-14 00:00:00,14.0,4.0,20.0,6.0,11.0,6.75,3375.0,2.0,50.0,0.84,0.69,27.9,26.5,0.45,0.78,0.0,0.0,1.5,1.5,31500.0,G1B_45_H2
2024-03-15 00:00:00,17.0,5.0,21.0,4.0,7.0,7.2,3600.0,10.0,44.99999999998181,0.84,0.72,27.9,26.3,0.45,0.95,0.0,0.0,1.5,1.5,31500.0,G1B_45_H2
2024-03-16 00:00:00,22.0,6.0,22.0,3.0,11.0,7.67,3835.0,1.0,59.999999999990905,0.85,0.72,29.4,26.6,0.42,0.92,0.0,0.0,1.5,1.5,31500.0,G1B_45_H2
2024-03-17 00:00:00,14.0,11.0,23.0,5.0,18.0,7.96,3980.0,0.0,75.0,0.82,0.66,28.0,25.6,0.45,0.62,0.0,0.0,1.5,1.5,31500.0,G1B_45_H2
2024-03-18 00:00:00,11.0,4.0,24.0,8.0,17.0,8.29,4145.0,6.0,50.0,0.85,0.7,27.4,25.6,0.42,0.58,0.0,0.0,1.5,1.5,31500.0,G1B_45_H2
2024-03-19 00:00:00,17.0,4.0,25.0,7.0,18.0,8.35,4175.0,5.0,55.00000000001819,0.82,0.64,27.7,25.3,0.42,0.75,0.0,0.0,1.5,1.5,31500.0,G1B_45_H2
2024-03-20 00:00:00,19.0,5.0,26.0,11.0,17.0,8.54,4270.0,0.0,65.0000000000091,0.85,0.66,28.5,25.9,0.42,0.72,0.0,0.0,1.5,1.5,31500.0,G1B_45_H2
2024-03-21 00:00:00,24.0,6.0,27.0,8.0,15.0,8.47,4235.0,0.0,50.0,0.86,0.61,29.4,25.7,0.42,0.76,0.0,0.0,2.0,2.0,31500.0,G1B_45_H2
2024-03-22 00:00:00,27.0,11.0,28.0,10.0,13.0,8.92,4460.0,0.0,89.99999999996362,0.8,0.65,30.2,25.9,0.45,1.22,0.0,0.0,2.0,3.0,31500.0,G1B_45_H2
2024-03-23 00:00:00,17.0,12.0,29.0,25.0,15.0,9.3,4650.0,0.0,115.0000000000091,0.85,0.72,28.5,26.2,0.45,0.75,0.0,0.0,2.0,2.0,31500.0,G1B_45_H2
2024-03-24 00:00:00,15.0,11.0,30.0,22.0,20.0,9.66,4830.0,0.0,115.0000000000091,0.85,0.72,27.0,25.1,0.46,0.62,0.0,0.0,2.0,2.0,31500.0,G1B_45_H2
2024-03-25 00:00:00,13.0,4.0,31.0,53.0,9.0,10.05,5025.0,0.0,75.0,0.88,0.81,27.3,25.3,0.42,0.56,0.0,0.0,2.0,2.0,31500.0,G1B_45_H2
2024-03-26 00:00:00,15.0,5.0,32.0,66.0,16.0,10.5,5250.0,0.0,80.00000000001819,0.89,0.78,27.5,25.0,0.42,0.62,0.0,0.0,2.0,2.0,31500.0,G1B_45_H2
2024-03-27 00:00:00,15.0,8.0,33.0,135.0,16.0,10.58,5290.0,4.0,75.0,0.88,0.79,26.4,25.0,0.42,0.62,0.0,0.0,2.0,2.0,31500.0,G1B_45_H2
2024-03-28 00:00:00,17.0,8.0,34.0,130.0,11.0,10.88,5440.0,0.0,50.0,0.89,0.83,26.9,25.2,0.42,0.58,0.0,0.0,2.0,2.0,31500.0,G1B_45_H2
2024-03-29 00:00:00,27.0,12.0,35.0,192.0,0.0,10.82,5410.0,0.0,115.0000000000091,0.88,0.62,29.9,25.9,0.42,1.65,0.0,0.0,2.0,5.0,31500.0,G1B_45_H2
2024-03-30 00:00:00,28.0,11.0,36.0,181.0,0.0,10.44,5220.0,0.0,134.9999999999909,0.89,0.58,30.5,24.5,0.58,2.03,0.0,0.0,2.0,7.0,31500.0,G1B_45_H2
2024-03-31 00:00:00,24.0,10.0,37.0,192.0,0.0,10.25,5125.0,0.0,144.9999999999818,0.8,0.67,26.2,24.4,0.58,1.74,0.0,0.0,2.0,7.0,31500.0,G1B_45_H2
2024-04-01 00:00:00,26.0,12.0,38.0,0.0,0.0,0.0,0.0,0.0,0.0,0.0,0.0,0.0,0.0,0.0,0.0,0.0,0.0,0.0,0.0,31500.0,G1B_45_H2
2024-02-24 00:00:00,2.0,-4.0,1.0,38.0,4.0,0.58,290.0,489.0,65.0000000000091,0.69,0.64,34.1,31.6,0.61,0.61,0.0,0.0,1.0,1.0,32300.0,G1B_45_H3
2024-02-25 00:00:00,6.0,-2.0,2.0,23.0,2.0,0.89,445.0,344.0,54.99999999999545,0.77,0.67,33.5,31.1,0.58,0.58,0.0,0.0,1.0,1.0,32300.0,G1B_45_H3
2024-02-26 00:00:00,8.0,-1.0,3.0,17.0,9.0,1.28,640.0,189.0,50.0,0.79,0.74,32.5,30.9,0.56,0.56,0.0,0.0,1.0,1.0,32300.0,G1B_45_H3
2024-02-27 00:00:00,10.0,0.0,4.0,8.0,4.0,1.63,815.0,158.0,50.0,0.81,0.75,31.9,30.0,0.55,0.55,0.0,0.0,1.0,1.0,32300.0,G1B_45_H3
2024-02-28 00:00:00,5.0,1.0,5.0,10.0,0.0,1.88,940.0,152.3,54.99999999999545,0.83,0.77,31.6,29.5,0.55,0.55,0.0,0.0,1.0,1.0,32300.0,G1B_45_H3
2024-02-29 00:00:00,5.0,0.0,6.0,11.0,7.0,2.15,1075.0,150.0,54.99999999999545,0.86,0.79,30.9,29.2,0.54,0.54,0.0,0.0,1.0,1.0,32300.0,G1B_45_H3
2024-03-01 00:00:00,6.0,-1.0,7.0,9.0,4.0,2.38,1190.0,173.4,55.00000000001819,0.83,0.78,30.7,28.7,0.53,0.53,0.0,0.0,1.0,1.0,32300.0,G1B_45_H3
2024-03-02 00:00:00,11.0,0.0,8.0,7.0,237.0,2.56,1280.0,193.0,69.99999999998181,0.8,0.73,30.2,28.4,0.52,0.52,0.0,0.0,1.0,1.0,32300.0,G1B_45_H3
2024-03-03 00:00:00,13.0,1.0,9.0,12.0,5.0,2.81,1405.0,106.0,35.00000000001364,0.81,0.74,29.8,28.2,0.51,0.51,0.0,0.0,1.0,1.0,32300.0,G1B_45_H3
2024-03-04 00:00:00,9.0,3.0,10.0,8.0,3.0,3.19,1595.0,86.0,25.0,0.82,0.76,29.4,28.1,0.5,0.5,0.0,0.0,1.0,1.0,32300.0,G1B_45_H3
2024-03-05 00:00:00,8.0,4.0,11.0,7.0,13.0,3.48,1740.0,103.0,25.0,0.81,0.73,29.5,27.5,0.5,0.5,0.0,0.0,1.5,1.5,32300.0,G1B_45_H3
2024-03-06 00:00:00,11.0,4.0,12.0,5.0,7.0,3.82,1910.0,117.0,29.999999999995453,0.81,0.73,29.1,27.3,0.5,0.5,0.0,0.0,1.5,1.5,32300.0,G1B_45_H3
2024-03-07 00:00:00,14.0,2.0,13.0,5.0,0.0,4.22,2110.0,101.0,29.999999999995453,0.81,0.73,28.6,27.1,0.5,0.62,0.0,0.0,1.5,1.5,32300.0,G1B_45_H3
2024-03-08 00:00:00,15.0,4.0,14.0,7.0,13.0,4.47,2235.0,64.0,29.999999999995453,0.8,0.72,28.3,26.5,0.5,0.64,0.0,0.0,1.5,1.5,32300.0,G1B_45_H3
2024-03-09 00:00:00,15.0,3.0,15.0,8.0,20.0,4.76,2380.0,62.0,30.00000000001819,0.82,0.72,28.1,26.4,0.5,0.66,0.0,0.0,1.5,1.5,32300.0,G1B_45_H3
2024-03-10 00:00:00,16.0,4.0,16.0,8.0,30.0,5.2,2600.0,41.0,29.999999999995453,0.83,0.73,28.0,26.0,0.5,0.72,0.0,0.0,1.5,1.5,32300.0,G1B_45_H3
2024-03-11 00:00:00,18.0,4.0,17.0,7.0,32.0,5.64,2820.0,9.0,34.999999999990905,0.81,0.71,28.8,26.5,0.5,1.1,0.0,0.0,1.5,1.5,32300.0,G1B_45_H3
2024-03-12 00:00:00,17.0,4.0,18.0,8.0,25.0,5.95,2975.0,0.0,40.000000000009095,0.8,0.68,27.8,26.0,0.5,1.1,0.0,0.0,1.5,1.5,32300.0,G1B_45_H3
2024-03-13 00:00:00,14.0,2.0,19.0,8.0,20.0,6.4,3200.0,18.0,34.999999999990905,0.82,0.7,27.4,25.5,0.47,0.78,0.0,0.0,1.5,1.5,32300.0,G1B_45_H3
2024-03-14 00:00:00,14.0,4.0,20.0,5.0,19.0,6.81,3405.0,2.0,35.00000000001364,0.83,0.74,27.0,25.6,0.45,0.78,0.0,0.0,1.5,1.5,32300.0,G1B_45_H3
2024-03-15 00:00:00,17.0,5.0,21.0,4.0,19.0,7.1,3550.0,10.0,34.999999999990905,0.84,0.72,27.1,25.3,0.45,0.95,0.0,0.0,1.5,1.5,32300.0,G1B_45_H3
2024-03-16 00:00:00,22.0,6.0,22.0,2.0,14.0,7.69,3845.0,1.0,50.0,0.84,0.76,29.1,25.2,0.42,0.92,0.0,0.0,1.5,1.5,32300.0,G1B_45_H3
2024-03-17 00:00:00,14.0,11.0,23.0,3.0,10.0,7.98,3990.0,0.0,65.0000000000091,0.81,0.73,27.0,24.7,0.45,0.62,0.0,0.0,1.5,1.5,32300.0,G1B_45_H3
2024-03-18 00:00:00,11.0,4.0,24.0,4.0,9.0,8.55,4275.0,6.0,14.999999999986358,0.8,0.73,26.4,24.7,0.42,0.58,0.0,0.0,1.5,1.5,32300.0,G1B_45_H3
2024-03-19 00:00:00,17.0,4.0,25.0,5.0,12.0,8.66,4330.0,5.0,50.0,0.79,0.69,27.9,24.6,0.42,0.75,0.0,0.0,1.5,1.5,32300.0,G1B_45_H3
2024-03-20 00:00:00,19.0,5.0,26.0,5.0,13.0,8.88,4440.0,0.0,50.0,0.79,0.67,28.0,25.1,0.42,0.72,0.0,0.0,1.5,1.5,32300.0,G1B_45_H3
2024-03-21 00:00:00,24.0,6.0,27.0,5.0,20.0,8.99,4495.0,0.0,50.0,0.82,0.6,29.2,24.2,0.42,0.76,0.0,0.0,2.0,2.0,32300.0,G1B_45_H3
2024-03-22 00:00:00,27.0,11.0,28.0,13.0,23.0,9.55,4775.0,0.0,54.99999999999545,0.76,0.69,29.8,24.8,0.45,1.22,0.0,0.0,2.0,3.0,32300.0,G1B_45_H3
2024-03-23 00:00:00,17.0,12.0,29.0,23.0,30.0,9.75,4875.0,0.0,54.99999999999545,0.8,0.71,27.0,25.2,0.42,0.68,0.0,0.0,2.0,2.0,32300.0,G1B_45_H3
2024-03-24 00:00:00,15.0,11.0,30.0,38.0,24.0,9.62,4810.0,0.0,54.99999999999545,0.8,0.71,26.3,24.5,0.42,0.58,0.0,0.0,2.0,2.0,32300.0,G1B_45_H3
2024-03-25 00:00:00,13.0,4.0,31.0,97.0,20.0,8.88,4440.0,0.0,50.0,0.82,0.78,26.3,23.3,0.4,0.52,0.0,0.0,2.0,2.0,32300.0,G1B_45_H3
2024-03-26 00:00:00,15.0,5.0,32.0,136.0,24.0,7.86,3930.0,0.0,35.00000000001364,0.79,0.71,26.3,22.9,0.4,0.6,0.0,0.0,2.0,2.0,32300.0,G1B_45_H3
2024-03-27 00:00:00,15.0,8.0,33.0,406.0,0.0,6.78,3390.0,4.0,64.99999999998636,0.88,0.75,25.4,23.3,0.4,0.6,0.0,0.0,2.0,2.0,32300.0,G1B_45_H3
2024-03-28 00:00:00,17.0,8.0,34.0,430.0,0.0,6.51,3255.0,0.0,30.00000000001819,0.8,0.75,25.2,23.1,0.4,0.6,0.0,0.0,2.0,2.0,32300.0,G1B_45_H3
2024-03-29 00:00:00,27.0,12.0,35.0,485.0,0.0,6.05,3025.0,0.0,75.0,0.78,0.63,29.9,24.5,0.4,1.68,0.0,0.0,2.0,5.0,32300.0,G1B_45_H3
2024-03-30 00:00:00,28.0,11.0,36.0,467.0,0.0,6.0,3000.0,0.0,89.99999999998636,0.89,0.58,30.5,24.5,0.56,1.74,0.0,0.0,2.0,6.0,32300.0,G1B_45_H3
2024-03-31 00:00:00,24.0,10.0,37.0,522.0,0.0,5.88,2940.0,0.0,90.0000000000091,0.72,0.68,26.5,23.0,0.56,1.55,0.0,0.0,2.0,6.0,32300.0,G1B_45_H3
2024-04-01 00:00:00,26.0,12.0,38.0,0.0,0.0,0.0,0.0,0.0,0.0,0.0,0.0,0.0,0.0,0.0,0.0,0.0,0.0,0.0,0.0,32300.0,G1B_45_H3
2024-02-24 00:00:00,2.0,-4.0,1.0,25.0,2.0,0.56,280.0,489.0,59.999999999990905,0.72,0.61,33.5,31.8,0.61,0.61,0.0,0.0,1.0,1.0,31600.0,G1B_45_H4
2024-02-25 00:00:00,6.0,-2.0,2.0,28.0,8.0,0.88,440.0,344.0,40.000000000009095,0.8,0.66,33.0,31.5,0.58,0.58,0.0,0.0,1.0,1.0,31600.0,G1B_45_H4
2024-02-26 00:00:00,8.0,-1.0,3.0,20.0,16.0,1.24,620.0,189.0,65.0000000000091,0.81,0.73,32.6,31.3,0.56,0.56,0.0,0.0,1.0,1.0,31600.0,G1B_45_H4
2024-02-27 00:00:00,10.0,0.0,4.0,10.0,4.0,1.53,765.0,158.0,59.999999999990905,0.81,0.71,32.2,30.7,0.55,0.55,0.0,0.0,1.0,1.0,31600.0,G1B_45_H4
2024-02-28 00:00:00,5.0,1.0,5.0,22.0,17.0,1.8,900.0,152.3,70.00000000002728,0.87,0.75,31.5,29.8,0.55,0.55,0.0,0.0,1.0,1.0,31600.0,G1B_45_H4
2024-02-29 00:00:00,5.0,0.0,6.0,19.0,10.0,2.08,1040.0,150.0,75.0,0.92,0.81,31.0,29.6,0.54,0.54,0.0,0.0,1.0,1.0,31600.0,G1B_45_H4
2024-03-01 00:00:00,6.0,-1.0,7.0,20.0,10.0,2.34,1170.0,173.4,75.0,0.83,0.71,30.5,29.2,0.53,0.53,0.0,0.0,1.0,1.0,31600.0,G1B_45_H4
2024-03-02 00:00:00,11.0,0.0,8.0,14.0,240.0,2.54,1270.0,193.0,79.99999999997272,0.84,0.67,30.4,29.0,0.52,0.52,0.0,0.0,1.0,1.0,31600.0,G1B_45_H4
2024-03-03 00:00:00,13.0,1.0,9.0,18.0,7.0,2.76,1380.0,106.0,70.00000000002728,0.82,0.7,30.0,29.1,0.51,0.51,0.0,0.0,1.0,1.0,31600.0,G1B_45_H4
2024-03-04 00:00:00,9.0,3.0,10.0,6.0,5.0,3.05,1525.0,86.0,14.99999999996362,0.81,0.73,30.0,28.9,0.5,0.5,0.0,0.0,1.0,1.0,31600.0,G1B_45_H4
2024-03-05 00:00:00,8.0,4.0,11.0,14.0,8.0,3.45,1725.0,103.0,20.000000000027285,0.82,0.73,29.8,28.6,0.5,0.5,0.0,0.0,1.5,1.5,31600.0,G1B_45_H4
2024-03-06 00:00:00,11.0,4.0,12.0,9.0,27.0,3.79,1895.0,117.0,40.000000000009095,0.83,0.72,29.5,28.4,0.5,0.5,0.0,0.0,1.5,1.5,31600.0,G1B_45_H4
2024-03-07 00:00:00,14.0,2.0,13.0,9.0,0.0,4.18,2090.0,101.0,34.999999999990905,0.83,0.71,29.3,28.0,0.5,0.62,0.0,0.0,1.5,1.5,31600.0,G1B_45_H4
2024-03-08 00:00:00,15.0,4.0,14.0,8.0,12.0,4.47,2235.0,64.0,29.999999999972715,0.84,0.71,28.7,27.2,0.5,0.64,0.0,0.0,1.5,1.5,31600.0,G1B_45_H4
2024-03-09 00:00:00,15.0,3.0,15.0,7.0,23.0,4.78,2390.0,62.0,35.00000000003638,0.84,0.71,28.8,27.0,0.5,0.66,0.0,0.0,1.5,1.5,31600.0,G1B_45_H4
2024-03-10 00:00:00,16.0,4.0,16.0,5.0,25.0,5.1,2550.0,41.0,29.999999999972715,0.85,0.74,28.6,26.8,0.5,0.72,0.0,0.0,1.5,1.5,31600.0,G1B_45_H4
2024-03-11 00:00:00,18.0,4.0,17.0,9.0,31.0,5.52,2760.0,10.0,40.000000000009095,0.81,0.69,29.3,27.4,0.5,1.1,0.0,0.0,1.5,1.5,31600.0,G1B_45_H4
2024-03-12 00:00:00,17.0,4.0,18.0,7.0,43.0,5.83,2915.0,0.0,44.99999999998181,0.8,0.65,28.5,27.0,0.5,1.1,0.0,0.0,1.5,1.5,31600.0,G1B_45_H4
2024-03-13 00:00:00,14.0,2.0,19.0,7.0,49.0,6.21,3105.0,18.0,40.000000000009095,0.81,0.64,28.4,26.5,0.47,0.78,0.0,0.0,1.5,1.5,31600.0,G1B_45_H4
2024-03-14 00:00:00,14.0,4.0,20.0,6.0,27.0,6.63,3315.0,2.0,45.000000000027285,0.82,0.69,28.1,26.7,0.45,0.78,0.0,0.0,1.5,1.5,31600.0,G1B_45_H4
2024-03-15 00:00:00,17.0,5.0,21.0,5.0,13.0,7.0,3500.0,10.0,50.0,0.84,0.73,28.1,26.3,0.45,0.95,0.0,0.0,1.5,1.5,31600.0,G1B_45_H4
2024-03-16 00:00:00,22.0,6.0,22.0,4.0,11.0,7.56,3780.0,1.0,54.999999999972715,0.84,0.74,29.5,26.5,0.42,0.92,0.0,0.0,1.5,1.5,31600.0,G1B_45_H4
2024-03-17 00:00:00,14.0,11.0,23.0,5.0,18.0,7.96,3980.0,0.0,70.00000000002728,0.83,0.69,28.3,26.2,0.45,0.62,0.0,0.0,1.5,1.5,31600.0,G1B_45_H4
2024-03-18 00:00:00,11.0,4.0,24.0,6.0,14.0,8.24,4120.0,6.0,54.999999999972715,0.79,0.68,27.7,26.1,0.42,0.58,0.0,0.0,1.5,1.5,31600.0,G1B_45_H4
2024-03-19 00:00:00,17.0,4.0,25.0,4.0,11.0,8.41,4205.0,6.0,45.000000000027285,0.8,0.65,28.8,26.1,0.42,0.75,0.0,0.0,1.5,1.5,31600.0,G1B_45_H4
2024-03-20 00:00:00,19.0,5.0,26.0,6.0,20.0,8.74,4370.0,0.0,75.0,0.81,0.65,28.6,26.5,0.42,0.72,0.0,0.0,1.5,1.5,31600.0,G1B_45_H4
2024-03-21 00:00:00,24.0,6.0,27.0,7.0,20.0,9.06,4530.0,0.0,59.999999999990905,0.84,0.62,29.3,25.8,0.42,0.76,0.0,0.0,2.0,2.0,31600.0,G1B_45_H4
2024-03-22 00:00:00,27.0,11.0,28.0,11.0,15.0,9.49,4745.0,0.0,69.99999999998181,0.79,0.66,30.1,26.4,0.45,1.22,0.0,0.0,2.0,3.0,31600.0,G1B_45_H4
2024-03-23 00:00:00,17.0,12.0,29.0,15.0,13.0,9.81,4905.0,0.0,69.99999999998181,0.85,0.72,29.1,26.3,0.45,0.75,0.0,0.0,2.0,2.0,31600.0,G1B_45_H4
2024-03-24 00:00:00,15.0,11.0,30.0,22.0,27.0,10.08,5040.0,0.0,69.99999999998181,0.85,0.72,27.5,25.8,0.46,0.62,0.0,0.0,2.0,2.0,31600.0,G1B_45_H4
2024-03-25 00:00:00,13.0,4.0,31.0,42.0,17.0,9.67,4835.0,0.0,75.0,0.86,0.81,27.5,25.8,0.42,0.56,0.0,0.0,2.0,2.0,31600.0,G1B_45_H4
2024-03-26 00:00:00,15.0,5.0,32.0,64.0,16.0,9.4,4700.0,0.0,65.0000000000091,0.83,0.74,27.4,25.2,0.42,0.62,0.0,0.0,2.0,2.0,31600.0,G1B_45_H4
2024-03-27 00:00:00,15.0,8.0,33.0,200.0,12.0,7.8,3900.0,4.0,75.0,0.82,0.75,26.7,25.6,0.42,0.62,0.0,0.0,2.0,2.0,31600.0,G1B_45_H4
2024-03-28 00:00:00,17.0,8.0,34.0,280.0,7.0,7.05,3525.0,0.0,59.999999999990905,0.82,0.77,26.4,25.4,0.42,0.6,0.0,0.0,2.0,2.0,31600.0,G1B_45_H4
2024-03-29 00:00:00,27.0,12.0,35.0,305.0,0.0,6.75,3375.0,0.0,80.00000000001819,0.82,0.61,29.6,26.1,0.42,1.68,0.0,0.0,2.0,5.0,31600.0,G1B_45_H4
2024-03-30 00:00:00,28.0,11.0,36.0,458.0,0.0,7.2,3600.0,0.0,119.99999999998181,0.87,0.59,30.2,25.0,0.56,1.74,0.0,0.0,2.0,6.0,31600.0,G1B_45_H4
2024-03-31 00:00:00,24.0,10.0,37.0,412.0,0.0,7.53,3765.0,0.0,95.00000000002728,0.76,0.67,26.4,23.9,0.56,1.55,0.0,0.0,2.0,6.0,31600.0,G1B_45_H4
2024-04-01 00:00:00,26.0,12.0,38.0,0.0,0.0,0.0,0.0,0.0,0.0,0.0,0.0,0.0,0.0,0.0,0.0,0.0,0.0,0.0,0.0,31600.0,G1B_45_H4
2024-02-24 00:00:00,2.0,-4.0,1.0,20.0,0.0,0.59,295.0,490.0,59.999999999990905,0.75,0.65,33.9,31.7,0.61,0.61,0.0,0.0,1.0,1.0,32400.0,G1B_45_H5
2024-02-25 00:00:00,6.0,-2.0,2.0,26.0,7.0,0.9,450.0,344.0,60.00000000001364,0.8,0.7,33.5,31.1,0.58,0.58,0.0,0.0,1.0,1.0,32400.0,G1B_45_H5
2024-02-26 00:00:00,8.0,-1.0,3.0,20.0,8.0,1.26,630.0,189.0,39.99999999998636,0.82,0.77,32.5,30.9,0.56,0.56,0.0,0.0,1.0,1.0,32400.0,G1B_45_H5
2024-02-27 00:00:00,10.0,0.0,4.0,25.0,10.0,1.61,805.0,158.0,75.0,0.81,0.74,31.8,30.0,0.55,0.55,0.0,0.0,1.0,1.0,32400.0,G1B_45_H5
2024-02-28 00:00:00,5.0,1.0,5.0,10.0,11.0,1.83,915.0,152.3,65.0000000000091,0.82,0.77,31.3,29.4,0.55,0.55,0.0,0.0,1.0,1.0,32400.0,G1B_45_H5
2024-02-29 00:00:00,5.0,0.0,6.0,12.0,8.0,2.1,1050.0,151.0,59.999999999990905,0.83,0.78,30.7,29.1,0.54,0.54,0.0,0.0,1.0,1.0,32400.0,G1B_45_H5
2024-03-01 00:00:00,6.0,-1.0,7.0,7.0,13.0,2.39,1195.0,173.4,60.00000000001364,0.83,0.77,30.5,28.9,0.53,0.53,0.0,0.0,1.0,1.0,32400.0,G1B_45_H5
2024-03-02 00:00:00,11.0,0.0,8.0,14.0,149.0,2.55,1275.0,193.0,75.0,0.81,0.74,30.0,28.6,0.52,0.52,0.0,0.0,1.0,1.0,32400.0,G1B_45_H5
2024-03-03 00:00:00,13.0,1.0,9.0,33.0,2.0,2.88,1440.0,106.0,50.0,0.81,0.71,29.9,28.4,0.51,0.51,0.0,0.0,1.0,1.0,32400.0,G1B_45_H5
2024-03-04 00:00:00,9.0,3.0,10.0,8.0,3.0,3.17,1585.0,86.0,45.00000000000455,0.81,0.73,29.7,28.0,0.5,0.5,0.0,0.0,1.0,1.0,32400.0,G1B_45_H5
2024-03-05 00:00:00,8.0,4.0,11.0,8.0,2.0,3.42,1710.0,103.0,29.999999999995453,0.81,0.75,29.4,27.7,0.5,0.5,0.0,0.0,1.5,1.5,32400.0,G1B_45_H5
2024-03-06 00:00:00,11.0,4.0,12.0,6.0,3.0,3.83,1915.0,117.0,34.999999999990905,0.82,0.73,28.8,27.3,0.5,0.5,0.0,0.0,1.5,1.5,32400.0,G1B_45_H5
2024-03-07 00:00:00,14.0,2.0,13.0,7.0,6.0,4.24,2120.0,101.0,29.999999999995453,0.82,0.73,28.8,27.0,0.5,0.62,0.0,0.0,1.5,1.5,32400.0,G1B_45_H5
2024-03-08 00:00:00,15.0,4.0,14.0,9.0,11.0,4.62,2310.0,64.0,35.00000000001364,0.81,0.71,28.3,26.6,0.5,0.64,0.0,0.0,1.5,1.5,32400.0,G1B_45_H5
2024-03-09 00:00:00,15.0,3.0,15.0,9.0,7.0,4.96,2480.0,62.0,39.99999999998636,0.82,0.7,28.0,26.2,0.5,0.66,0.0,0.0,1.5,1.5,32400.0,G1B_45_H5
2024-03-10 00:00:00,16.0,4.0,16.0,6.0,14.0,5.4,2700.0,41.0,40.000000000009095,0.83,0.71,27.9,26.0,0.5,0.72,0.0,0.0,1.5,1.5,32400.0,G1B_45_H5
2024-03-11 00:00:00,18.0,4.0,17.0,10.0,22.0,5.75,2875.0,10.0,40.000000000009095,0.82,0.69,28.3,26.3,0.5,1.1,0.0,0.0,1.5,1.5,32400.0,G1B_45_H5
2024-03-12 00:00:00,17.0,4.0,18.0,7.0,13.0,6.01,3005.0,0.0,25.0,0.82,0.68,27.7,26.0,0.5,1.1,0.0,0.0,1.5,1.5,32400.0,G1B_45_H5
2024-03-13 00:00:00,14.0,2.0,19.0,7.0,23.0,6.43,3215.0,18.0,64.99999999998636,0.81,0.67,27.4,25.4,0.47,0.78,0.0,0.0,1.5,1.5,32400.0,G1B_45_H5
2024-03-14 00:00:00,14.0,4.0,20.0,6.0,18.0,6.85,3425.0,2.0,40.000000000009095,0.84,0.73,26.9,25.3,0.45,0.78,0.0,0.0,1.5,1.5,32400.0,G1B_45_H5
2024-03-15 00:00:00,17.0,5.0,21.0,5.0,18.0,7.25,3625.0,10.0,45.00000000000455,0.84,0.74,27.0,25.0,0.45,0.95,0.0,0.0,1.5,1.5,32400.0,G1B_45_H5
2024-03-16 00:00:00,22.0,6.0,22.0,10.0,8.0,7.8,3900.0,1.0,50.0,0.84,0.76,28.3,24.9,0.42,0.92,0.0,0.0,1.5,1.5,32400.0,G1B_45_H5
2024-03-17 00:00:00,14.0,11.0,23.0,12.0,27.0,8.3,4150.0,0.0,64.99999999998636,0.82,0.72,26.8,24.3,0.45,0.62,0.0,0.0,1.5,1.5,32400.0,G1B_45_H5
2024-03-18 00:00:00,11.0,4.0,24.0,9.0,14.0,8.88,4440.0,6.0,45.00000000000455,0.83,0.71,26.8,24.5,0.42,0.58,0.0,0.0,1.5,1.5,32400.0,G1B_45_H5
2024-03-19 00:00:00,17.0,4.0,25.0,11.0,7.0,9.01,4505.0,6.0,50.0,0.81,0.65,27.5,24.3,0.42,0.75,0.0,0.0,1.5,1.5,32400.0,G1B_45_H5
2024-03-20 00:00:00,19.0,5.0,26.0,9.0,23.0,9.25,4625.0,0.0,59.999999999990905,0.79,0.67,27.7,24.6,0.42,0.72,0.0,0.0,1.5,1.5,32400.0,G1B_45_H5
2024-03-21 00:00:00,24.0,6.0,27.0,13.0,34.0,9.68,4840.0,0.0,55.00000000001819,0.84,0.62,28.7,24.1,0.42,0.76,0.0,0.0,2.0,2.0,32400.0,G1B_45_H5
2024-03-22 00:00:00,27.0,11.0,28.0,11.0,19.0,10.15,5075.0,0.0,69.99999999998181,0.79,0.65,30.0,24.2,0.45,1.22,0.0,0.0,2.0,3.0,32400.0,G1B_45_H5
2024-03-23 00:00:00,17.0,12.0,29.0,26.0,16.0,10.3,5150.0,0.0,65.0000000000091,0.82,0.72,26.6,25.0,0.42,0.68,0.0,0.0,2.0,2.0,32400.0,G1B_45_H5
2024-03-24 00:00:00,15.0,11.0,30.0,38.0,55.0,10.1,5050.0,0.0,65.0000000000091,0.82,0.72,25.7,24.1,0.42,0.58,0.0,0.0,2.0,2.0,32400.0,G1B_45_H5
2024-03-25 00:00:00,13.0,4.0,31.0,208.0,55.0,9.6,4800.0,0.0,65.0000000000091,0.84,0.8,25.9,22.9,0.4,0.52,0.0,0.0,2.0,2.0,32400.0,G1B_45_H5
2024-03-26 00:00:00,15.0,5.0,32.0,248.0,106.0,8.9,4450.0,0.0,54.99999999999545,0.83,0.72,25.9,22.7,0.4,0.58,0.0,0.0,2.0,2.0,32400.0,G1B_45_H5
2024-03-27 00:00:00,15.0,8.0,33.0,230.0,0.0,7.5,3750.0,4.0,79.99999999999545,0.82,0.75,27.7,22.9,0.4,0.58,0.0,0.0,2.0,2.0,32400.0,G1B_45_H5
2024-03-28 00:00:00,17.0,8.0,34.0,273.0,0.0,7.5,3750.0,0.0,70.00000000000455,0.89,0.78,25.4,22.9,0.4,0.6,0.0,0.0,2.0,2.0,32400.0,G1B_45_H5
2024-03-29 00:00:00,27.0,12.0,35.0,356.0,0.0,7.35,3675.0,0.0,89.99999999998636,0.83,0.58,29.4,23.7,0.4,1.68,0.0,0.0,2.0,5.0,32400.0,G1B_45_H5
2024-03-30 00:00:00,28.0,11.0,36.0,426.0,0.0,7.1,3550.0,0.0,105.00000000001819,0.83,0.51,30.8,22.2,0.56,1.74,0.0,0.0,2.0,6.0,32400.0,G1B_45_H5
2024-03-31 00:00:00,24.0,10.0,37.0,398.0,0.0,7.0,3500.0,0.0,109.9999999999909,0.75,0.62,26.4,21.2,0.56,1.55,0.0,0.0,2.0,6.0,32400.0,G1B_45_H5
2024-04-01 00:00:00,26.0,12.0,38.0,0.0,0.0,0.0,0.0,0.0,0.0,0.0,0.0,0.0,0.0,0.0,0.0,0.0,0.0,0.0,0.0,32400.0,G1B_45_H5
2024-02-24 00:00:00,2.0,-4.0,1.0,15.0,0.0,0.55,275.0,490.0,60.00000000003638,0.68,0.59,33.8,31.7,0.61,0.61,0.0,0.0,1.0,1.0,31700.0,G1B_45_H6
2024-02-25 00:00:00,6.0,-2.0,2.0,38.0,8.0,0.86,430.0,344.0,75.0,0.74,0.63,33.5,31.0,0.58,0.58,0.0,0.0,1.0,1.0,31700.0,G1B_45_H6
2024-02-26 00:00:00,8.0,-1.0,3.0,25.0,11.0,1.21,605.0,190.0,75.0,0.76,0.69,32.3,30.9,0.56,0.56,0.0,0.0,1.0,1.0,31700.0,G1B_45_H6
2024-02-27 00:00:00,10.0,0.0,4.0,38.0,14.0,1.52,760.0,158.0,69.99999999998181,0.81,0.73,32.0,30.5,0.55,0.55,0.0,0.0,1.0,1.0,31700.0,G1B_45_H6
2024-02-28 00:00:00,5.0,1.0,5.0,9.0,16.0,1.8,900.0,152.3,80.00000000001819,0.82,0.74,31.7,30.0,0.55,0.55,0.0,0.0,1.0,1.0,31700.0,G1B_45_H6
2024-02-29 00:00:00,5.0,0.0,6.0,10.0,6.0,2.09,1045.0,151.0,69.99999999998181,0.84,0.76,31.0,29.5,0.54,0.54,0.0,0.0,1.0,1.0,31700.0,G1B_45_H6
2024-03-01 00:00:00,6.0,-1.0,7.0,6.0,15.0,2.31,1155.0,173.4,59.999999999990905,0.83,0.76,30.7,29.2,0.53,0.53,0.0,0.0,1.0,1.0,31700.0,G1B_45_H6
2024-03-02 00:00:00,11.0,0.0,8.0,10.0,162.0,2.51,1255.0,193.0,65.0000000000091,0.82,0.73,30.7,29.0,0.52,0.52,0.0,0.0,1.0,1.0,31700.0,G1B_45_H6
2024-03-03 00:00:00,13.0,1.0,9.0,16.0,2.0,2.79,1395.0,106.0,94.99999999998181,0.83,0.73,30.2,28.8,0.51,0.51,0.0,0.0,1.0,1.0,31700.0,G1B_45_H6
2024-03-04 00:00:00,9.0,3.0,10.0,12.0,6.0,3.11,1555.0,86.0,30.00000000001819,0.85,0.74,29.8,28.6,0.5,0.5,0.0,0.0,1.0,1.0,31700.0,G1B_45_H6
2024-03-05 00:00:00,8.0,4.0,11.0,4.0,4.0,3.41,1705.0,103.0,34.999999999990905,0.86,0.76,29.7,28.3,0.5,0.5,0.0,0.0,1.5,1.5,31700.0,G1B_45_H6
2024-03-06 00:00:00,11.0,4.0,12.0,10.0,6.0,3.91,1955.0,117.0,40.000000000009095,0.87,0.76,29.1,28.1,0.5,0.5,0.0,0.0,1.5,1.5,31700.0,G1B_45_H6
2024-03-07 00:00:00,14.0,2.0,13.0,8.0,9.0,4.29,2145.0,102.0,34.999999999990905,0.87,0.74,29.3,27.5,0.5,0.62,0.0,0.0,1.5,1.5,31700.0,G1B_45_H6
2024-03-08 00:00:00,15.0,4.0,14.0,14.0,15.0,4.68,2340.0,65.0,34.999999999990905,0.84,0.72,28.7,27.4,0.5,0.64,0.0,0.0,1.5,1.5,31700.0,G1B_45_H6
2024-03-09 00:00:00,15.0,3.0,15.0,9.0,8.0,4.95,2475.0,62.0,35.00000000003638,0.85,0.72,28.7,27.1,0.5,0.66,0.0,0.0,1.5,1.5,31700.0,G1B_45_H6
2024-03-10 00:00:00,16.0,4.0,16.0,10.0,22.0,5.42,2710.0,41.0,39.99999999996362,0.85,0.74,28.5,27.0,0.5,0.72,0.0,0.0,1.5,1.5,31700.0,G1B_45_H6
2024-03-11 00:00:00,18.0,4.0,17.0,9.0,29.0,5.72,2860.0,10.0,45.000000000027285,0.84,0.75,29.1,27.4,0.5,1.1,0.0,0.0,1.5,1.5,31700.0,G1B_45_H6
2024-03-12 00:00:00,17.0,4.0,18.0,11.0,52.0,6.02,3010.0,0.0,50.0,0.84,0.74,28.6,27.3,0.5,1.1,0.0,0.0,1.5,1.5,31700.0,G1B_45_H6
2024-03-13 00:00:00,14.0,2.0,19.0,13.0,44.0,6.35,3175.0,18.0,44.99999999998181,0.85,0.73,28.2,26.4,0.47,0.78,0.0,0.0,1.5,1.5,31700.0,G1B_45_H6
2024-03-14 00:00:00,14.0,4.0,20.0,7.0,12.0,6.83,3415.0,3.0,50.0,0.8,0.69,28.1,26.9,0.45,0.78,0.0,0.0,1.5,1.5,31700.0,G1B_45_H6
2024-03-15 00:00:00,17.0,5.0,21.0,9.0,30.0,7.23,3615.0,10.0,50.0,0.82,0.71,27.9,26.4,0.45,0.95,0.0,0.0,1.5,1.5,31700.0,G1B_45_H6
2024-03-16 00:00:00,22.0,6.0,22.0,9.0,18.0,7.7,3850.0,1.0,59.999999999990905,0.81,0.71,29.2,26.7,0.42,0.92,0.0,0.0,1.5,1.5,31700.0,G1B_45_H6
2024-03-17 00:00:00,14.0,11.0,23.0,8.0,18.0,8.1,4050.0,0.0,75.0,0.78,0.69,27.9,26.0,0.45,0.62,0.0,0.0,1.5,1.5,31700.0,G1B_45_H6
2024-03-18 00:00:00,11.0,4.0,24.0,10.0,41.0,8.54,4270.0,6.0,15.000000000009095,0.77,0.68,27.8,26.1,0.42,0.58,0.0,0.0,1.5,1.5,31700.0,G1B_45_H6
2024-03-19 00:00:00,17.0,4.0,25.0,13.0,33.0,8.69,4345.0,6.0,90.0000000000091,0.8,0.69,28.0,25.8,0.42,0.75,0.0,0.0,1.5,1.5,31700.0,G1B_45_H6
2024-03-20 00:00:00,19.0,5.0,26.0,11.0,37.0,8.51,4255.0,0.0,69.99999999998181,0.83,0.72,27.7,25.0,0.4,0.7,0.0,0.0,1.5,1.5,31700.0,G1B_45_H6
2024-03-21 00:00:00,24.0,6.0,27.0,12.0,41.0,8.62,4310.0,0.0,70.00000000002728,0.81,0.63,29.2,25.6,0.4,0.76,0.0,0.0,2.0,2.0,31700.0,G1B_45_H6
2024-03-22 00:00:00,27.0,11.0,28.0,25.0,48.0,9.12,4560.0,0.0,69.99999999998181,0.76,0.66,30.1,25.9,0.43,1.22,0.0,0.0,2.0,3.0,31700.0,G1B_45_H6
2024-03-23 00:00:00,17.0,12.0,29.0,63.0,91.0,9.38,4690.0,0.0,69.99999999998181,0.8,0.72,28.5,26.3,0.45,0.75,0.0,0.0,2.0,2.0,31700.0,G1B_45_H6
2024-03-24 00:00:00,15.0,11.0,30.0,156.0,142.0,8.5,4250.0,0.0,69.99999999998181,0.8,0.72,27.6,26.4,0.46,0.62,0.0,0.0,2.0,2.0,31700.0,G1B_45_H6
2024-03-25 00:00:00,13.0,4.0,31.0,640.0,113.0,7.7,3850.0,0.0,70.00000000002728,0.82,0.75,27.7,25.6,0.42,0.56,0.0,0.0,2.0,2.0,31700.0,G1B_45_H6
2024-03-26 00:00:00,15.0,5.0,32.0,576.0,78.0,7.05,3525.0,0.0,40.000000000009095,0.8,0.74,27.1,25.1,0.4,0.58,0.0,0.0,2.0,2.0,31700.0,G1B_45_H6
2024-03-27 00:00:00,15.0,8.0,33.0,640.0,0.0,7.15,3575.0,4.0,69.99999999998181,0.82,0.74,26.5,25.3,0.4,0.58,0.0,0.0,2.0,2.0,31700.0,G1B_45_H6
2024-03-28 00:00:00,17.0,8.0,34.0,553.0,0.0,7.33,3665.0,0.0,65.0000000000091,0.82,0.76,26.4,25.1,0.4,0.6,0.0,0.0,2.0,2.0,31700.0,G1B_45_H6
2024-03-29 00:00:00,27.0,12.0,35.0,543.0,0.0,7.51,3755.0,0.0,90.0000000000091,0.8,0.62,29.6,25.9,0.4,1.68,0.0,0.0,2.0,5.0,31700.0,G1B_45_H6
2024-03-30 00:00:00,28.0,11.0,36.0,658.0,0.0,7.2,3600.0,0.0,104.99999999997272,0.82,0.62,30.2,24.7,0.56,1.74,0.0,0.0,2.0,6.0,31700.0,G1B_45_H6
2024-03-31 00:00:00,24.0,10.0,37.0,592.0,0.0,7.2,3600.0,0.0,109.9999999999909,0.75,0.65,26.0,23.5,0.56,1.55,0.0,0.0,2.0,6.0,31700.0,G1B_45_H6
2024-04-01 00:00:00,26.0,12.0,38.0,0.0,0.0,0.0,0.0,0.0,0.0,0.0,0.0,0.0,0.0,0.0,0.0,0.0,0.0,0.0,0.0,31700.0,G1B_45_H6
2024-02-24 00:00:00,2.0,-4.0,0.0,,,,0.0,,,,,,,,,,,,,33300.0,G1B_45_H7
2024-02-25 00:00:00,6.0,-2.0,1.0,20.0,2.0,0.6,300.0,344.0,54.99999999999545,0.68,0.59,33.7,31.7,0.61,0.61,0.0,0.0,1.0,1.0,33300.0,G1B_45_H7
2024-02-26 00:00:00,8.0,-1.0,2.0,17.0,7.0,0.9,450.0,190.0,50.0,0.75,0.7,33.2,31.5,0.58,0.58,0.0,0.0,1.0,1.0,33300.0,G1B_45_H7
2024-02-27 00:00:00,10.0,0.0,3.0,12.0,9.0,1.23,615.0,158.0,55.00000000001819,0.77,0.71,32.6,30.9,0.57,0.57,0.0,0.0,1.0,1.0,33300.0,G1B_45_H7
2024-02-28 00:00:00,5.0,1.0,4.0,14.0,14.0,1.44,720.0,152.3,54.99999999999545,0.84,0.75,32.0,30.3,0.57,0.57,0.0,0.0,1.0,1.0,33300.0,G1B_45_H7
2024-02-29 00:00:00,5.0,0.0,5.0,10.0,6.0,1.68,840.0,151.0,54.99999999999545,0.82,0.76,31.5,29.6,0.56,0.56,0.0,0.0,1.0,1.0,33300.0,G1B_45_H7
2024-03-01 00:00:00,6.0,-1.0,6.0,10.0,9.0,1.91,955.0,173.4,54.99999999999545,0.81,0.77,31.4,29.1,0.54,0.54,0.0,0.0,1.0,1.0,33300.0,G1B_45_H7
2024-03-02 00:00:00,11.0,0.0,7.0,4.0,19.0,2.11,1055.0,193.0,65.0000000000091,0.81,0.75,30.8,28.7,0.53,0.53,0.0,0.0,1.0,1.0,33300.0,G1B_45_H7
2024-03-03 00:00:00,13.0,1.0,8.0,23.0,150.0,2.35,1175.0,106.0,59.999999999990905,0.83,0.77,30.5,28.8,0.52,0.52,0.0,0.0,1.0,1.0,33300.0,G1B_45_H7
2024-03-04 00:00:00,9.0,3.0,9.0,32.0,5.0,2.78,1390.0,86.0,40.000000000009095,0.81,0.75,30.1,28.7,0.52,0.52,0.0,0.0,1.0,1.0,33300.0,G1B_45_H7
2024-03-05 00:00:00,8.0,4.0,10.0,3.0,8.0,3.02,1510.0,103.0,20.000000000004547,0.82,0.75,29.8,28.2,0.52,0.52,0.0,0.0,1.5,1.5,33300.0,G1B_45_H7
2024-03-06 00:00:00,11.0,4.0,11.0,9.0,10.0,3.38,1690.0,117.0,29.999999999995453,0.83,0.76,29.7,28.0,0.52,0.52,0.0,0.0,1.5,1.5,33300.0,G1B_45_H7
2024-03-07 00:00:00,14.0,2.0,12.0,5.0,10.0,3.78,1890.0,102.0,25.0,0.84,0.76,29.2,27.8,0.51,0.61,0.0,0.0,1.5,1.5,33300.0,G1B_45_H7
2024-03-08 00:00:00,15.0,4.0,13.0,2.0,9.0,4.5,2250.0,65.0,29.999999999995453,0.8,0.73,29.6,27.4,0.51,0.62,0.0,0.0,1.5,1.5,33300.0,G1B_45_H7
2024-03-09 00:00:00,15.0,3.0,14.0,6.0,11.0,4.67,2335.0,62.0,29.999999999995453,0.82,0.75,28.7,27.1,0.51,0.64,0.0,0.0,1.5,1.5,33300.0,G1B_45_H7
2024-03-10 00:00:00,16.0,4.0,15.0,7.0,7.0,5.01,2505.0,41.0,35.00000000001364,0.82,0.75,28.4,26.7,0.51,0.7,0.0,0.0,1.5,1.5,33300.0,G1B_45_H7
2024-03-11 00:00:00,18.0,4.0,16.0,3.0,4.0,5.38,2690.0,10.0,39.99999999998636,0.84,0.76,29.1,26.9,0.51,1.0,0.0,0.0,1.5,1.5,33300.0,G1B_45_H7
2024-03-12 00:00:00,17.0,4.0,17.0,13.0,10.0,5.68,2840.0,0.0,35.00000000001364,0.83,0.75,28.2,26.5,0.51,1.0,0.0,0.0,1.5,1.5,33300.0,G1B_45_H7
2024-03-13 00:00:00,14.0,2.0,18.0,7.0,2.0,6.05,3025.0,18.0,34.999999999990905,0.83,0.75,28.1,26.2,0.48,0.76,0.0,0.0,1.5,1.5,33300.0,G1B_45_H7
2024-03-14 00:00:00,14.0,4.0,19.0,6.0,5.0,6.45,3225.0,3.0,40.000000000009095,0.85,0.77,27.4,25.9,0.46,0.76,0.0,0.0,1.5,1.5,33300.0,G1B_45_H7
2024-03-15 00:00:00,17.0,5.0,20.0,6.0,9.0,6.98,3490.0,10.0,39.99999999998636,0.86,0.74,27.5,25.7,0.46,0.93,0.0,0.0,1.5,1.5,33300.0,G1B_45_H7
2024-03-16 00:00:00,22.0,6.0,21.0,5.0,18.0,7.5,3750.0,1.0,40.000000000009095,0.86,0.79,28.7,25.8,0.44,0.94,0.0,0.0,1.5,1.5,33300.0,G1B_45_H7
2024-03-17 00:00:00,14.0,11.0,22.0,6.0,4.0,8.1,4050.0,0.0,54.99999999999545,0.84,0.77,27.2,24.8,0.46,0.61,0.0,0.0,1.5,1.5,33300.0,G1B_45_H7
2024-03-18 00:00:00,11.0,4.0,23.0,8.0,16.0,8.63,4315.0,6.0,34.999999999990905,0.77,0.68,26.8,25.0,0.42,0.56,0.0,0.0,1.5,1.5,33300.0,G1B_45_H7
2024-03-19 00:00:00,17.0,4.0,24.0,9.0,3.0,8.79,4395.0,6.0,40.000000000009095,0.81,0.7,27.8,25.1,0.42,0.73,0.0,0.0,1.5,1.5,33300.0,G1B_45_H7
2024-03-20 00:00:00,19.0,5.0,25.0,32.0,11.0,9.01,4505.0,0.0,50.0,0.85,0.69,28.9,25.9,0.42,0.7,0.0,0.0,1.5,1.5,33300.0,G1B_45_H7
2024-03-21 00:00:00,24.0,6.0,26.0,20.0,6.0,9.43,4715.0,0.0,50.0,0.83,0.62,29.2,24.9,0.42,0.78,0.0,0.0,2.0,2.0,33300.0,G1B_45_H7
2024-03-22 00:00:00,27.0,11.0,27.0,5.0,10.0,9.75,4875.0,0.0,65.0000000000091,0.77,0.71,30.3,24.8,0.45,1.29,0.0,0.0,2.0,3.0,33300.0,G1B_45_H7
2024-03-23 00:00:00,17.0,12.0,28.0,17.0,16.0,9.98,4990.0,0.0,54.99999999999545,0.8,0.74,27.3,25.3,0.42,0.68,0.0,0.0,2.0,2.0,33300.0,G1B_45_H7
2024-03-24 00:00:00,15.0,11.0,29.0,18.0,81.0,10.3,5150.0,0.0,54.99999999999545,0.8,0.74,26.4,24.8,0.42,0.58,0.0,0.0,2.0,2.0,33300.0,G1B_45_H7
2024-03-25 00:00:00,13.0,4.0,30.0,52.0,294.0,9.9,4950.0,0.0,70.00000000000455,0.9,0.8,27.0,24.6,0.4,0.52,0.0,0.0,2.0,2.0,33300.0,G1B_45_H7
2024-03-26 00:00:00,15.0,5.0,31.0,125.0,164.0,9.93,4965.0,0.0,50.0,0.83,0.76,26.7,24.3,0.4,0.6,0.0,0.0,2.0,2.0,33300.0,G1B_45_H7
2024-03-27 00:00:00,15.0,8.0,32.0,154.0,267.0,9.56,4780.0,4.0,65.0000000000091,0.81,0.78,25.9,23.7,0.4,0.6,0.0,0.0,2.0,2.0,33300.0,G1B_45_H7
2024-03-28 00:00:00,17.0,8.0,33.0,199.0,22.0,9.47,4735.0,0.0,59.999999999990905,0.83,0.79,26.0,24.3,0.4,0.58,0.0,0.0,2.0,2.0,33300.0,G1B_45_H7
2024-03-29 00:00:00,27.0,12.0,34.0,217.0,0.0,9.55,4775.0,0.0,75.0,0.81,0.61,29.9,24.6,0.4,1.65,0.0,0.0,2.0,5.0,33300.0,G1B_45_H7
2024-03-30 00:00:00,28.0,11.0,35.0,245.0,0.0,9.83,4915.0,0.0,100.0,0.85,0.64,30.4,23.1,0.56,2.03,0.0,0.0,2.0,7.0,33300.0,G1B_45_H7
2024-03-31 00:00:00,24.0,10.0,36.0,294.0,0.0,9.83,4915.0,0.0,85.00000000001364,0.76,0.66,26.3,23.2,0.56,1.55,0.0,0.0,2.0,6.0,33300.0,G1B_45_H7
2024-04-01 00:00:00,26.0,12.0,37.0,0.0,0.0,0.0,0.0,0.0,0.0,0.0,0.0,0.0,0.0,0.0,0.0,0.0,0.0,0.0,0.0,33300.0,G1B_45_H7
2024-02-24 00:00:00,2.0,-4.0,0.0,,,,0.0,,,,,,,,,,,,,33400.0,G1B_45_H8
2024-02-25 00:00:00,6.0,-2.0,1.0,15.0,0.0,0.61,305.0,344.0,59.999999999990905,0.8,0.68,33.9,32.3,0.61,0.61,0.0,0.0,1.0,1.0,33400.0,G1B_45_H8
2024-02-26 00:00:00,8.0,-1.0,2.0,21.0,15.0,0.92,460.0,190.0,80.00000000001819,0.82,0.73,33.2,31.9,0.58,0.58,0.0,0.0,1.0,1.0,33400.0,G1B_45_H8
2024-02-27 00:00:00,10.0,0.0,3.0,19.0,14.0,1.2,600.0,158.0,69.99999999998181,0.85,0.76,33.0,31.5,0.57,0.57,0.0,0.0,1.0,1.0,33400.0,G1B_45_H8
2024-02-28 00:00:00,5.0,1.0,4.0,15.0,9.0,1.46,730.0,152.3,80.00000000001819,0.8,0.76,32.3,30.7,0.57,0.57,0.0,0.0,1.0,1.0,33400.0,G1B_45_H8
2024-02-29 00:00:00,5.0,0.0,5.0,15.0,16.0,1.65,825.0,151.0,79.99999999997272,0.88,0.78,32.0,30.4,0.56,0.56,0.0,0.0,1.0,1.0,33400.0,G1B_45_H8
2024-03-01 00:00:00,6.0,-1.0,6.0,11.0,12.0,1.93,965.0,173.4,75.0,0.84,0.77,31.4,29.8,0.54,0.54,0.0,0.0,1.0,1.0,33400.0,G1B_45_H8
2024-03-02 00:00:00,11.0,0.0,7.0,8.0,20.0,2.14,1070.0,193.0,85.00000000003638,0.84,0.75,31.1,29.6,0.53,0.53,0.0,0.0,1.0,1.0,33400.0,G1B_45_H8
2024-03-03 00:00:00,13.0,1.0,8.0,26.0,180.0,2.38,1190.0,106.0,79.99999999997272,0.84,0.73,30.7,29.2,0.52,0.52,0.0,0.0,1.0,1.0,33400.0,G1B_45_H8
2024-03-04 00:00:00,9.0,3.0,9.0,41.0,6.0,2.76,1380.0,87.0,59.999999999990905,0.83,0.7,30.5,29.0,0.52,0.52,0.0,0.0,1.0,1.0,33400.0,G1B_45_H8
2024-03-05 00:00:00,8.0,4.0,10.0,5.0,7.0,3.09,1545.0,103.0,40.000000000009095,0.87,0.77,29.9,28.8,0.52,0.52,0.0,0.0,1.5,1.5,33400.0,G1B_45_H8
2024-03-06 00:00:00,11.0,4.0,11.0,12.0,9.0,3.41,1705.0,117.0,50.0,0.88,0.76,29.8,28.4,0.52,0.52,0.0,0.0,1.5,1.5,33400.0,G1B_45_H8
2024-03-07 00:00:00,14.0,2.0,12.0,7.0,11.0,3.77,1885.0,102.0,40.000000000009095,0.88,0.77,29.6,28.1,0.51,0.61,0.0,0.0,1.5,1.5,33400.0,G1B_45_H8
2024-03-08 00:00:00,15.0,4.0,13.0,6.0,14.0,4.23,2115.0,65.0,40.000000000009095,0.85,0.73,29.5,27.4,0.51,0.62,0.0,0.0,1.5,1.5,33400.0,G1B_45_H8
2024-03-09 00:00:00,15.0,3.0,14.0,8.0,13.0,4.67,2335.0,62.0,40.000000000009095,0.86,0.72,29.4,27.3,0.51,0.64,0.0,0.0,1.5,1.5,33400.0,G1B_45_H8
2024-03-10 00:00:00,16.0,4.0,15.0,9.0,22.0,4.94,2470.0,41.0,39.99999999996362,0.88,0.77,29.2,27.1,0.51,0.7,0.0,0.0,1.5,1.5,33400.0,G1B_45_H8
2024-03-11 00:00:00,18.0,4.0,16.0,8.0,7.0,5.36,2680.0,10.0,45.000000000027285,0.86,0.77,29.5,27.6,0.51,1.0,0.0,0.0,1.5,1.5,33400.0,G1B_45_H8
2024-03-12 00:00:00,17.0,4.0,17.0,9.0,12.0,5.68,2840.0,0.0,50.0,0.86,0.75,28.7,27.3,0.51,1.0,0.0,0.0,1.5,1.5,33400.0,G1B_45_H8
2024-03-13 00:00:00,14.0,2.0,18.0,10.0,6.0,6.01,3005.0,19.0,44.99999999998181,0.86,0.72,28.6,26.8,0.48,0.76,0.0,0.0,1.5,1.5,33400.0,G1B_45_H8
2024-03-14 00:00:00,14.0,4.0,19.0,12.0,20.0,6.39,3195.0,3.0,45.000000000027285,0.89,0.78,28.2,26.8,0.46,0.76,0.0,0.0,1.5,1.5,33400.0,G1B_45_H8
2024-03-15 00:00:00,17.0,5.0,20.0,10.0,18.0,6.69,3345.0,10.0,54.999999999972715,0.89,0.73,28.3,26.5,0.46,0.91,0.0,0.0,1.5,1.5,33400.0,G1B_45_H8
2024-03-16 00:00:00,22.0,6.0,21.0,10.0,12.0,6.99,3495.0,1.0,50.0,0.84,0.86,29.6,26.6,0.44,0.94,0.0,0.0,1.5,1.5,33400.0,G1B_45_H8
2024-03-17 00:00:00,14.0,11.0,22.0,11.0,5.0,7.5,3750.0,0.0,65.0000000000091,0.88,0.78,28.4,26.3,0.46,0.61,0.0,0.0,1.5,1.5,33400.0,G1B_45_H8
2024-03-18 00:00:00,11.0,4.0,23.0,13.0,17.0,8.2,4100.0,7.0,59.999999999990905,0.87,0.77,27.8,25.7,0.42,0.56,0.0,0.0,1.5,1.5,33400.0,G1B_45_H8
2024-03-19 00:00:00,17.0,4.0,24.0,12.0,14.0,8.43,4215.0,6.0,50.0,0.85,0.71,28.9,25.9,0.42,0.73,0.0,0.0,1.5,1.5,33400.0,G1B_45_H8
2024-03-20 00:00:00,19.0,5.0,25.0,25.0,16.0,8.94,4470.0,0.0,70.00000000002728,0.88,68/%,28.4,25.3,0.42,0.7,0.0,0.0,1.5,1.5,33400.0,G1B_45_H8
2024-03-21 00:00:00,24.0,6.0,26.0,20.0,4.0,9.19,4595.0,0.0,64.99999999996362,0.87,0.61,29.4,25.8,0.42,0.78,0.0,0.0,2.0,2.0,33400.0,G1B_45_H8
2024-03-22 00:00:00,27.0,11.0,27.0,22.0,4.0,9.65,4825.0,0.0,75.0,0.83,0.7,30.5,25.6,0.45,1.29,0.0,0.0,2.0,3.0,33400.0,G1B_45_H8
2024-03-23 00:00:00,17.0,12.0,28.0,12.0,18.0,9.98,4990.0,0.0,79.99999999997272,0.88,0.76,28.5,26.4,0.45,0.75,0.0,0.0,2.0,2.0,33400.0,G1B_45_H8
2024-03-24 00:00:00,15.0,11.0,29.0,16.0,12.0,10.25,5125.0,0.0,79.99999999997272,0.88,0.76,27.4,25.8,0.46,0.62,0.0,0.0,2.0,2.0,33400.0,G1B_45_H8
2024-03-25 00:00:00,13.0,4.0,30.0,30.0,28.0,10.6,5300.0,0.0,80.00000000001819,0.89,0.84,27.6,25.5,0.42,0.56,0.0,0.0,2.0,2.0,33400.0,G1B_45_H8
2024-03-26 00:00:00,15.0,5.0,31.0,35.0,64.0,10.8,5400.0,0.0,75.0,0.89,0.83,28.5,25.7,0.42,0.62,0.0,0.0,2.0,2.0,33400.0,G1B_45_H8
2024-03-27 00:00:00,15.0,8.0,32.0,67.0,18.0,10.9,5450.0,4.0,75.0,0.88,0.83,27.1,25.5,0.42,0.62,0.0,0.0,2.0,2.0,33400.0,G1B_45_H8
2024-03-28 00:00:00,17.0,8.0,33.0,81.0,6.0,10.98,5490.0,0.0,75.0,0.9,0.86,27.4,25.2,0.42,0.58,0.0,0.0,2.0,2.0,33400.0,G1B_45_H8
2024-03-29 00:00:00,27.0,12.0,34.0,105.0,0.0,10.79,5395.0,0.0,79.99999999997272,0.88,0.6,30.1,26.5,0.42,1.65,0.0,0.0,2.0,5.0,33400.0,G1B_45_H8
2024-03-30 00:00:00,28.0,11.0,35.0,153.0,0.0,10.58,5290.0,0.0,120.00000000002728,0.89,0.61,31.1,24.4,0.58,2.03,0.0,0.0,2.0,7.0,33400.0,G1B_45_H8
2024-03-31 00:00:00,24.0,10.0,36.0,175.0,0.0,9.85,4925.0,0.0,100.0,0.8,0.64,26.6,23.2,0.58,1.76,0.0,0.0,2.0,7.0,33400.0,G1B_45_H8
2024-04-01 00:00:00,26.0,12.0,37.0,192.0,0.0,9.1,4550.0,0.0,104.99999999997272,0.87,0.65,28.8,24.0,0.52,1.55,0.0,0.0,2.0,6.0,33400.0,G1B_45_H8
2024-02-24 00:00:00,2.0,-4.0,0.0,,,,0.0,,,,,,,,,,,,,32900.0,G1B_45_H9
2024-02-25 00:00:00,6.0,-2.0,1.0,21.0,0.0,0.62,310.0,344.0,54.99999999999545,0.82,0.76,33.5,31.9,0.61,0.61,0.0,0.0,1.0,1.0,32900.0,G1B_45_H9
2024-02-26 00:00:00,8.0,-1.0,2.0,20.0,25.0,0.91,455.0,190.0,60.00000000001364,0.82,0.79,32.7,31.6,0.58,0.58,0.0,0.0,1.0,1.0,32900.0,G1B_45_H9
2024-02-27 00:00:00,10.0,0.0,3.0,8.0,7.0,1.25,625.0,158.0,54.99999999999545,0.82,0.79,32.5,31.1,0.57,0.57,0.0,0.0,1.0,1.0,32900.0,G1B_45_H9
2024-02-28 00:00:00,5.0,1.0,4.0,8.0,10.0,1.45,725.0,152.3,59.999999999990905,0.85,0.74,31.8,30.4,0.57,0.57,0.0,0.0,1.0,1.0,32900.0,G1B_45_H9
2024-02-29 00:00:00,5.0,0.0,5.0,6.0,8.0,1.69,845.0,151.0,65.0000000000091,0.82,0.78,31.7,30.0,0.56,0.56,0.0,0.0,1.0,1.0,32900.0,G1B_45_H9
2024-03-01 00:00:00,6.0,-1.0,6.0,8.0,10.0,1.95,975.0,173.4,70.00000000000455,0.82,0.8,30.9,29.6,0.54,0.54,0.0,0.0,1.0,1.0,32900.0,G1B_45_H9
2024-03-02 00:00:00,11.0,0.0,7.0,9.0,12.0,2.15,1075.0,193.0,59.999999999990905,0.81,0.77,30.2,28.9,0.53,0.53,0.0,0.0,1.0,1.0,32900.0,G1B_45_H9
2024-03-03 00:00:00,13.0,1.0,8.0,30.0,110.0,2.39,1195.0,106.0,84.9999999999909,0.77,0.74,29.8,28.4,0.52,0.52,0.0,0.0,1.0,1.0,32900.0,G1B_45_H9
2024-03-04 00:00:00,9.0,3.0,9.0,27.0,0.0,2.75,1375.0,87.0,35.00000000001364,0.84,0.8,29.7,28.5,0.52,0.52,0.0,0.0,1.0,1.0,32900.0,G1B_45_H9
2024-03-05 00:00:00,8.0,4.0,10.0,8.0,2.0,3.02,1510.0,104.0,25.0,0.82,0.78,29.5,28.1,0.52,0.52,0.0,0.0,1.5,1.5,32900.0,G1B_45_H9
2024-03-06 00:00:00,11.0,4.0,11.0,3.0,3.0,3.49,1745.0,117.0,29.999999999995453,0.84,0.79,29.0,27.5,0.52,0.52,0.0,0.0,1.5,1.5,32900.0,G1B_45_H9
2024-03-07 00:00:00,14.0,2.0,12.0,6.0,8.0,3.77,1885.0,102.0,29.999999999995453,0.84,0.78,28.6,28.1,0.51,0.61,0.0,0.0,1.5,1.5,32900.0,G1B_45_H9
2024-03-08 00:00:00,15.0,4.0,13.0,4.0,3.0,4.27,2135.0,65.0,29.999999999995453,0.86,0.76,28.8,26.8,0.51,0.62,0.0,0.0,1.5,1.5,32900.0,G1B_45_H9
2024-03-09 00:00:00,15.0,3.0,14.0,6.0,8.0,4.76,2380.0,62.0,30.00000000001819,0.84,0.75,28.3,26.5,0.51,0.64,0.0,0.0,1.5,1.5,32900.0,G1B_45_H9
2024-03-10 00:00:00,16.0,4.0,15.0,4.0,7.0,5.01,2505.0,41.0,29.999999999995453,0.84,0.77,28.1,26.0,0.51,0.7,0.0,0.0,1.5,1.5,32900.0,G1B_45_H9
2024-03-11 00:00:00,18.0,4.0,16.0,2.0,6.0,5.78,2890.0,10.0,34.999999999990905,0.85,0.8,28.9,26.5,0.51,1.0,0.0,0.0,1.5,1.5,32900.0,G1B_45_H9
2024-03-12 00:00:00,17.0,4.0,17.0,12.0,12.0,5.89,2945.0,0.0,25.0,0.86,0.73,28.3,26.4,0.51,1.0,0.0,0.0,1.5,1.5,32900.0,G1B_45_H9
2024-03-13 00:00:00,14.0,2.0,18.0,6.0,7.0,6.11,3055.0,19.0,29.999999999995453,0.89,0.72,27.7,25.3,0.48,0.76,0.0,0.0,1.5,1.5,32900.0,G1B_45_H9
2024-03-14 00:00:00,14.0,4.0,19.0,10.0,13.0,6.51,3255.0,3.0,30.00000000001819,0.89,0.77,27.4,26.1,0.46,0.76,0.0,0.0,1.5,1.5,32900.0,G1B_45_H9
2024-03-15 00:00:00,17.0,5.0,20.0,6.0,5.0,7.05,3525.0,10.0,14.999999999986358,0.88,0.73,27.4,25.2,0.46,0.93,0.0,0.0,1.5,1.5,32900.0,G1B_45_H9
2024-03-16 00:00:00,22.0,6.0,21.0,10.0,11.0,7.61,3805.0,2.0,40.000000000009095,0.9,0.8,29.0,25.5,0.44,0.94,0.0,0.0,1.5,1.5,32900.0,G1B_45_H9
2024-03-17 00:00:00,14.0,11.0,22.0,10.0,12.0,8.1,4050.0,0.0,100.0,0.86,0.75,27.4,25.2,0.46,0.61,0.0,0.0,1.5,1.5,32900.0,G1B_45_H9
2024-03-18 00:00:00,11.0,4.0,23.0,12.0,7.0,8.63,4315.0,7.0,25.0,0.88,0.76,26.6,25.1,0.42,0.56,0.0,0.0,1.5,1.5,32900.0,G1B_45_H9
2024-03-19 00:00:00,17.0,4.0,24.0,10.0,19.0,8.95,4475.0,6.0,45.00000000000455,0.85,0.68,28.4,25.0,0.42,0.73,0.0,0.0,1.5,1.5,32900.0,G1B_45_H9
2024-03-20 00:00:00,19.0,5.0,25.0,12.0,8.0,9.34,4670.0,0.0,34.999999999990905,0.88,0.68,28.4,25.3,0.42,0.7,0.0,0.0,1.5,1.5,32900.0,G1B_45_H9
2024-03-21 00:00:00,24.0,6.0,26.0,8.0,15.0,9.72,4860.0,0.0,45.00000000000455,0.87,0.64,29.3,24.8,0.42,0.78,0.0,0.0,2.0,2.0,32900.0,G1B_45_H9
2024-03-22 00:00:00,27.0,11.0,27.0,10.0,14.0,10.1,5050.0,0.0,20.000000000004547,0.82,0.71,30.2,25.0,0.45,1.29,0.0,0.0,2.0,3.0,32900.0,G1B_45_H9
2024-03-23 00:00:00,17.0,12.0,28.0,15.0,17.0,10.4,5200.0,0.0,45.00000000000455,0.88,0.74,27.5,25.6,0.42,0.68,0.0,0.0,2.0,2.0,32900.0,G1B_45_H9
2024-03-24 00:00:00,15.0,11.0,29.0,23.0,32.0,10.66,5330.0,0.0,45.00000000000455,0.88,0.74,26.7,25.1,0.42,0.58,0.0,0.0,2.0,2.0,32900.0,G1B_45_H9
2024-03-25 00:00:00,13.0,4.0,30.0,40.0,29.0,10.56,5280.0,0.0,39.99999999998636,0.9,0.85,27.3,25.0,0.4,0.52,0.0,0.0,2.0,2.0,32900.0,G1B_45_H9
2024-03-26 00:00:00,15.0,5.0,31.0,35.0,30.0,10.57,5285.0,0.0,40.000000000009095,0.89,0.83,26.9,24.6,0.4,0.6,0.0,0.0,2.0,2.0,32900.0,G1B_45_H9
2024-03-27 00:00:00,15.0,8.0,32.0,60.0,26.0,10.8,5400.0,4.0,25.0,0.9,0.83,26.0,23.4,0.4,0.6,0.0,0.0,2.0,2.0,32900.0,G1B_45_H9
2024-03-28 00:00:00,17.0,8.0,33.0,40.0,41.0,10.83,5415.0,0.0,34.999999999990905,0.9,0.84,26.1,24.6,0.4,0.58,0.0,0.0,2.0,2.0,32900.0,G1B_45_H9
2024-03-29 00:00:00,27.0,12.0,34.0,65.0,0.0,10.91,5455.0,0.0,54.99999999999545,0.89,0.64,30.2,25.1,0.4,1.65,0.0,0.0,2.0,5.0,32900.0,G1B_45_H9
2024-03-30 00:00:00,28.0,11.0,35.0,134.0,0.0,10.51,5255.0,0.0,70.00000000000455,0.89,0.52,30.9,23.5,0.58,2.03,0.0,0.0,2.0,7.0,32900.0,G1B_45_H9
2024-03-31 00:00:00,24.0,10.0,36.0,361.0,0.0,10.25,5125.0,0.0,79.99999999999545,0.76,0.63,26.1,23.1,0.58,1.55,0.0,0.0,2.0,6.0,32900.0,G1B_45_H9
2024-04-01 00:00:00,26.0,12.0,37.0,397.0,0.0,8.9,4450.0,0.0,110.00000000001364,0.87,0.66,28.9,24.0,0.52,1.55,0.0,0.0,2.0,6.0,32900.0,G1B_45_H9
2024-02-24 00:00:00,2.0,-4.0,0.0,,,,0.0,,,,,,,,,,,,,32000.0,G1B_45_H10
2024-02-25 00:00:00,6.0,-2.0,1.0,27.0,0.0,0.55,275.0,344.0,50.0,0.77,0.73,33.8,32.5,0.61,0.61,0.0,0.0,1.0,1.0,32000.0,G1B_45_H10
2024-02-26 00:00:00,8.0,-1.0,2.0,13.0,9.0,0.89,445.0,190.0,75.0,0.75,0.73,33.5,32.2,0.58,0.58,0.0,0.0,1.0,1.0,32000.0,G1B_45_H10
2024-02-27 00:00:00,10.0,0.0,3.0,25.0,9.0,1.18,590.0,159.0,65.0000000000091,0.8,0.74,33.0,31.8,0.57,0.57,0.0,0.0,1.0,1.0,32000.0,G1B_45_H10
2024-02-28 00:00:00,5.0,1.0,4.0,8.0,8.0,1.38,690.0,152.3,79.99999999999545,0.81,0.76,32.4,31.1,0.57,0.57,0.0,0.0,1.0,1.0,32000.0,G1B_45_H10
2024-02-29 00:00:00,5.0,0.0,5.0,7.0,7.0,1.62,810.0,151.0,70.00000000000455,0.85,0.76,32.0,30.7,0.56,0.56,0.0,0.0,1.0,1.0,32000.0,G1B_45_H10
2024-03-01 00:00:00,6.0,-1.0,6.0,8.0,7.0,1.9,950.0,173.4,75.0,0.85,0.77,31.4,30.0,0.54,0.54,0.0,0.0,1.0,1.0,32000.0,G1B_45_H10
2024-03-02 00:00:00,11.0,0.0,7.0,5.0,8.0,2.16,1080.0,194.0,69.99999999998181,0.86,0.72,31.0,29.6,0.53,0.53,0.0,0.0,1.0,1.0,32000.0,G1B_45_H10
2024-03-03 00:00:00,13.0,1.0,8.0,40.0,86.0,2.38,1190.0,106.0,105.00000000001819,0.82,0.71,30.6,29.1,0.52,0.52,0.0,0.0,1.0,1.0,32000.0,G1B_45_H10
2024-03-04 00:00:00,9.0,3.0,9.0,23.0,0.0,2.69,1345.0,87.0,34.999999999990905,0.87,0.72,30.4,29.2,0.5,0.5,0.0,0.0,1.0,1.0,32000.0,G1B_45_H10
2024-03-05 00:00:00,8.0,4.0,10.0,12.0,8.0,2.99,1495.0,104.0,34.999999999990905,0.84,0.71,29.8,28.7,0.5,0.5,0.0,0.0,1.5,1.5,32000.0,G1B_45_H10
2024-03-06 00:00:00,11.0,4.0,11.0,4.0,4.0,3.37,1685.0,117.0,30.00000000001819,0.84,0.71,29.8,28.6,0.5,0.5,0.0,0.0,1.5,1.5,32000.0,G1B_45_H10
2024-03-07 00:00:00,14.0,2.0,12.0,7.0,6.0,3.68,1840.0,102.0,29.999999999995453,0.84,0.73,29.5,28.5,0.5,0.6,0.0,0.0,1.5,1.5,32000.0,G1B_45_H10
2024-03-08 00:00:00,15.0,4.0,13.0,3.0,3.0,4.04,2020.0,65.0,39.99999999998636,0.84,0.73,29.6,28.2,0.5,0.6,0.0,0.0,1.5,1.5,32000.0,G1B_45_H10
2024-03-09 00:00:00,15.0,3.0,14.0,8.0,8.0,4.36,2180.0,62.0,25.0,0.84,0.73,29.1,27.6,0.5,0.62,0.0,0.0,1.5,1.5,32000.0,G1B_45_H10
2024-03-10 00:00:00,16.0,4.0,15.0,5.0,7.0,4.72,2360.0,41.0,30.00000000001819,0.85,0.77,28.8,27.4,0.5,0.68,0.0,0.0,1.5,1.5,32000.0,G1B_45_H10
2024-03-11 00:00:00,18.0,4.0,16.0,4.0,6.0,5.08,2540.0,10.0,39.99999999998636,0.84,0.76,29.3,27.8,0.51,1.0,0.0,0.0,1.5,1.5,32000.0,G1B_45_H10
2024-03-12 00:00:00,17.0,4.0,17.0,11.0,19.0,5.38,2690.0,0.0,40.000000000009095,0.84,0.73,28.9,27.6,0.51,1.0,0.0,0.0,1.5,1.5,32000.0,G1B_45_H10
2024-03-13 00:00:00,14.0,2.0,18.0,8.0,7.0,5.88,2940.0,19.0,39.99999999998636,0.84,0.71,28.3,26.8,0.48,0.76,0.0,0.0,1.5,1.5,32000.0,G1B_45_H10
2024-03-14 00:00:00,14.0,4.0,19.0,9.0,10.0,6.41,3205.0,3.0,40.000000000009095,0.87,0.77,28.1,26.5,0.46,0.76,0.0,0.0,1.5,1.5,32000.0,G1B_45_H10
2024-03-15 00:00:00,17.0,5.0,20.0,9.0,10.0,6.96,3480.0,10.0,45.00000000000455,0.88,0.74,28.0,26.4,0.45,0.91,0.0,0.0,1.5,1.5,32000.0,G1B_45_H10
2024-03-16 00:00:00,22.0,6.0,21.0,4.0,5.0,7.36,3680.0,2.0,50.0,0.88,0.8,29.1,26.8,0.42,0.92,0.0,0.0,1.5,1.5,32000.0,G1B_45_H10
2024-03-17 00:00:00,14.0,11.0,22.0,8.0,10.0,7.58,3790.0,0.0,59.999999999990905,0.86,0.76,28.5,26.3,0.45,0.6,0.0,0.0,1.5,1.5,32000.0,G1B_45_H10
2024-03-18 00:00:00,11.0,4.0,23.0,10.0,11.0,7.89,3945.0,7.0,45.00000000000455,0.85,0.74,27.7,26.3,0.42,0.56,0.0,0.0,1.5,1.5,32000.0,G1B_45_H10
2024-03-19 00:00:00,17.0,4.0,24.0,12.0,6.0,8.18,4090.0,6.0,50.0,0.82,0.69,28.5,26.3,0.42,0.73,0.0,0.0,1.5,1.5,32000.0,G1B_45_H10
2024-03-20 00:00:00,19.0,5.0,25.0,13.0,14.0,8.46,4230.0,1.0,34.999999999990905,0.84,0.69,28.6,26.4,0.4,0.7,0.0,0.0,1.5,1.5,32000.0,G1B_45_H10
2024-03-21 00:00:00,24.0,6.0,26.0,11.0,10.0,8.54,4270.0,1.0,70.00000000000455,0.84,0.63,29.4,25.9,0.4,0.78,0.0,0.0,2.0,2.0,32000.0,G1B_45_H10
2024-03-22 00:00:00,27.0,11.0,27.0,9.0,12.0,8.99,4495.0,0.0,35.00000000001364,0.82,0.69,30.3,25.9,0.43,1.29,0.0,0.0,2.0,3.0,32000.0,G1B_45_H10
2024-03-23 00:00:00,17.0,12.0,28.0,16.0,16.0,9.35,4675.0,0.0,70.00000000000455,0.85,0.75,28.7,26.5,0.43,0.72,0.0,0.0,2.0,2.0,32000.0,G1B_45_H10
2024-03-24 00:00:00,15.0,11.0,29.0,14.0,18.0,9.81,4905.0,0.0,70.00000000000455,0.85,0.75,28.2,26.8,0.44,0.62,0.0,0.0,2.0,2.0,32000.0,G1B_45_H10
2024-03-25 00:00:00,13.0,4.0,30.0,20.0,40.0,10.35,5175.0,0.0,70.00000000000455,0.88,0.83,28.1,26.1,0.42,0.56,0.0,0.0,2.0,2.0,32000.0,G1B_45_H10
2024-03-26 00:00:00,15.0,5.0,31.0,24.0,28.0,10.65,5325.0,0.0,64.99999999998636,0.9,0.78,26.9,24.6,0.4,0.6,0.0,0.0,2.0,2.0,32000.0,G1B_45_H10
2024-03-27 00:00:00,15.0,8.0,32.0,40.0,24.0,10.75,5375.0,4.0,65.0000000000091,0.87,0.81,27.4,26.2,0.4,0.6,0.0,0.0,2.0,2.0,32000.0,G1B_45_H10
2024-03-28 00:00:00,17.0,8.0,33.0,40.0,50.0,10.55,5275.0,0.0,84.9999999999909,0.88,0.84,27.5,25.8,0.4,0.58,0.0,0.0,2.0,2.0,32000.0,G1B_45_H10
2024-03-29 00:00:00,27.0,12.0,34.0,57.0,0.0,10.45,5225.0,0.0,65.0000000000091,0.86,0.63,30.0,26.4,0.4,1.65,0.0,0.0,2.0,5.0,32000.0,G1B_45_H10
2024-03-30 00:00:00,28.0,11.0,35.0,103.0,0.0,10.3,5150.0,0.0,79.99999999999545,0.89,0.61,29.9,23.4,0.58,2.03,0.0,0.0,2.0,7.0,32000.0,G1B_45_H10
2024-03-31 00:00:00,24.0,10.0,36.0,245.0,0.0,9.8,4900.0,0.0,109.9999999999909,0.76,0.65,26.5,23.8,0.58,1.55,0.0,0.0,2.0,6.0,32000.0,G1B_45_H10
2024-04-01 00:00:00,26.0,12.0,37.0,322.0,0.0,8.6,4300.0,0.0,110.00000000001364,0.85,0.65,28.8,24.3,0.52,1.55,0.0,0.0,2.0,6.0,32000.0,G1B_45_H10
2024-03-03 00:00:00,11.0,7.0,0.0,,,,,,,,,,,,,,,,,29700.0,G06_60_H1
2024-03-04 00:00:00,13.0,6.0,1.0,10.0,6.0,0.82,410.0,238.6,4.0,0.52,0.43,35.5,33.5,0.45,0.45,0.0,0.0,1.0,1.0,29700.0,G06_60_H1
2024-03-05 00:00:00,9.0,4.0,2.0,15.0,14.0,1.02,510.0,205.65,52.0,0.55,0.49,35.0,32.7,0.48,0.48,0.0,0.0,1.0,1.0,29700.0,G06_60_H1
2024-03-06 00:00:00,10.0,12.0,3.0,11.0,20.0,1.23,615.0,221.0,56.0,0.61,0.51,34.4,32.0,0.51,0.52,0.0,0.0,1.0,1.0,29700.0,G06_60_H1
2024-03-07 00:00:00,14.0,1.0,4.0,8.0,11.0,1.34,670.0,200.0,56.0,0.67,0.58,34.0,31.3,0.54,0.57,0.0,0.0,1.0,1.0,29700.0,G06_60_H1
2024-03-08 00:00:00,13.0,0.0,5.0,4.0,27.0,1.58,790.0,160.0,56.0,0.68,0.59,33.5,31.0,0.57,0.6,0.0,0.0,1.0,1.0,29700.0,G06_60_H1
2024-03-09 00:00:00,12.0,2.0,6.0,8.0,10.0,1.91,955.0,158.0,52.0,0.68,0.6,32.8,30.5,0.57,0.6,0.0,0.0,1.0,1.0,29700.0,G06_60_H1
2024-03-10 00:00:00,16.0,5.0,7.0,8.0,12.0,2.13,1065.0,130.0,52.0,0.76,0.65,32.0,29.7,0.6,0.63,0.0,0.0,1.0,1.0,29700.0,G06_60_H1
2024-03-11 00:00:00,21.0,6.0,8.0,26.0,210.0,2.47,1235.0,114.0,56.0,0.75,0.66,31.5,29.4,0.5,0.52,0.0,0.0,1.0,1.0,29700.0,G06_60_H1
2024-03-12 00:00:00,16.0,4.0,9.0,3.0,1.0,2.56,1280.0,82.0,36.0,0.74,0.63,31.0,28.8,0.47,0.53,0.0,0.0,1.0,1.0,29700.0,G06_60_H1
2024-03-13 00:00:00,16.0,7.0,10.0,20.0,14.0,2.87,1435.0,117.7,36.0,0.74,0.62,30.6,28.1,0.44,0.47,0.0,0.0,1.0,1.0,29700.0,G06_60_H1
2024-03-14 00:00:00,16.0,5.0,11.0,8.0,17.0,3.47,1735.0,55.0,28.0,0.81,0.68,30.0,28.1,0.42,0.42,0.0,0.0,1.0,1.0,29700.0,G06_60_H1
2024-03-15 00:00:00,19.0,7.0,12.0,1.0,10.0,3.96,1980.0,93.0,36.0,0.83,0.71,29.9,27.6,0.4,0.43,0.0,0.0,1.0,1.0,29700.0,G06_60_H1
2024-03-16 00:00:00,22.0,10.0,13.0,7.0,37.0,4.26,2130.0,93.0,40.0,0.85,0.73,29.8,27.3,0.39,0.45,0.0,0.0,1.0,1.0,29700.0,G06_60_H1
2024-03-17 00:00:00,11.0,4.0,14.0,3.0,26.0,4.41,2205.0,15.0,36.0,0.85,0.78,29.4,27.4,0.39,0.45,0.0,0.0,1.0,1.0,29700.0,G06_60_H1
2024-03-18 00:00:00,10.0,4.0,15.0,5.0,58.0,4.67,2335.0,94.0,48.0,0.83,0.74,29.6,26.5,0.4,0.43,0.0,0.0,1.0,1.0,29700.0,G06_60_H1
2024-03-19 00:00:00,17.0,4.0,16.0,9.0,46.0,4.91,2455.0,68.0,48.0,0.82,0.66,28.9,26.6,0.39,0.42,0.0,0.0,1.0,1.5,29700.0,G06_60_H1
2024-03-20 00:00:00,17.0,5.0,17.0,13.0,70.0,5.44,2720.0,25.0,36.0,0.79,0.64,29.2,26.9,0.39,0.43,0.0,0.0,1.5,1.5,29700.0,G06_60_H1
2024-03-21 00:00:00,24.0,9.0,18.0,17.0,69.0,5.68,2840.0,17.0,36.0,0.86,0.72,29.8,26.7,0.4,0.51,0.0,0.0,1.5,1.5,29700.0,G06_60_H1
2024-03-22 00:00:00,26.0,14.0,19.0,19.0,22.0,5.87,2935.0,3.0,40.0,0.83,0.68,30.3,27.3,0.4,0.85,0.0,0.0,1.5,1.5,29700.0,G06_60_H1
2024-03-23 00:00:00,19.0,13.0,20.0,13.0,38.0,6.62,3310.0,1.0,60.0,0.84,0.62,29.2,26.8,0.45,0.52,0.0,0.0,1.5,1.5,29700.0,G06_60_H1
2024-03-24 00:00:00,17.0,10.0,21.0,15.0,21.0,6.77,3385.0,1.0,48.0,0.8,0.71,29.2,26.8,0.42,0.45,0.0,0.0,1.5,1.5,29700.0,G06_60_H1
2024-03-25 00:00:00,11.0,5.0,22.0,9.0,18.0,7.18,3590.0,0.0,48.0,0.81,0.71,28.5,26.2,0.33,0.36,0.0,0.0,1.5,1.5,29700.0,G06_60_H1
2024-03-26 00:00:00,16.0,6.0,23.0,10.0,15.0,7.42,3710.0,1.0,44.0,0.82,0.67,28.8,25.9,0.3,0.51,0.0,0.0,1.5,1.5,29700.0,G06_60_H1
2024-03-27 00:00:00,15.0,10.0,24.0,13.0,25.0,7.32,3660.0,1.0,52.0,0.82,0.69,28.3,26.1,0.34,0.52,0.0,0.0,1.5,1.5,29700.0,G06_60_H1
2024-03-28 00:00:00,19.0,9.0,25.0,6.0,29.0,8.09,4045.0,0.05,60.0,0.81,0.69,28.3,25.8,0.35000000000000003,0.52,0.0,0.0,1.5,1.5,29700.0,G06_60_H1
2024-03-29 00:00:00,27.0,12.0,26.0,3.0,24.0,8.43,4215.0,0.0,72.0,0.81,0.59,30.1,25.8,0.39,1.62,0.0,0.0,1.5,3.0,29700.0,G06_60_H1
2024-03-30 00:00:00,27.0,13.0,27.0,40.0,46.0,9.18,4590.0,0.0,96.0,0.82,0.53,30.8,25.8,0.42000000000000004,2.12,0.0,0.0,1.5,4.5,29700.0,G06_60_H1
2024-03-31 00:00:00,24.0,13.0,28.0,34.0,12.0,9.22,4610.0,0.0,104.0,0.75,0.5,27.8,25.1,0.44000000000000006,1.24,0.0,0.0,2.0,2.5,29700.0,G06_60_H1
2024-04-01 00:00:00,27.0,13.0,29.0,50.0,30.0,8.99,4495.0,0.0,76.0,0.78,0.5,28.9,23.9,0.45,2.3,0.0,0.0,2.0,5.6,29700.0,G06_60_H1
2024-04-02 00:00:00,20.0,13.0,30.0,42.0,20.0,8.92,4460.0,0.0,132.0,0.82,0.65,25.8,23.4,0.4800000000000001,0.7000000000000001,0.0,0.0,2.0,3.0,29700.0,G06_60_H1
2024-04-03 00:00:00,16.0,9.0,31.0,55.0,63.0,9.2,4600.0,4.0,88.0,0.8,0.72,24.6,22.8,0.4900000000000001,0.65,0.0,0.0,2.0,2.5,29700.0,G06_60_H1
2024-04-04 00:00:00,16.0,6.0,32.0,169.0,15.0,8.31,4155.0,11.0,80.0,0.73,0.6,24.5,22.3,0.4,0.61,0.0,0.0,2.0,2.0,29700.0,G06_60_H1
2024-04-05 00:00:00,15.0,11.0,33.0,153.0,27.0,8.0,4000.0,102.0,80.0,0.78,0.49,24.6,22.1,0.4,0.59,0.0,0.0,2.0,2.5,29700.0,G06_60_H1
2024-04-06 00:00:00,18.0,12.0,34.0,250.0,28.0,8.27,4135.0,47.0,84.0,0.71,0.52,23.8,21.8,0.4,0.86,0.0,0.0,2.0,2.5,29700.0,G06_60_H1
2024-04-07 00:00:00,18.0,11.0,35.0,265.0,30.0,8.05,4025.0,44.0,88.0,0.78,0.6,24.7,21.8,0.4,0.68,0.0,0.0,2.0,2.5,29700.0,G06_60_H1
2024-04-08 00:00:00,18.0,10.0,36.0,462.0,0.0,7.69,3845.0,29.0,88.0,0.78,0.6,23.7,21.8,0.4,0.64,0.0,0.0,2.0,2.5,29700.0,G06_60_H1
2024-04-09 00:00:00,23.0,11.0,37.0,322.0,0.0,7.37,3685.0,29.0,92.0,0.76,0.53,25.0,21.2,0.4,1.41,0.0,0.0,2.0,5.5,29700.0,G06_60_H1
2024-04-10 00:00:00,24.0,13.0,38.0,0.0,0.0,,,,,,,,,,,,,,,29700.0,G06_60_H1
2024-03-03 00:00:00,11.0,7.0,,,,,,,,,,,,,,,,,,29700.0,G06_60_H2
2024-03-04 00:00:00,13.0,6.0,1.0,12.0,9.0,0.81,405.0,238.6,40.0,0.54,0.45,35.7,33.3,0.45,0.45,0.0,0.0,1.0,1.0,29700.0,G06_60_H2
2024-03-05 00:00:00,9.0,4.0,2.0,16.0,50.0,1.0,500.0,205.65,52.0,0.59,0.51,35.2,32.7,0.48,0.48,0.0,0.0,1.0,1.0,29700.0,G06_60_H2
2024-03-06 00:00:00,10.0,12.0,3.0,15.0,45.0,1.17,585.0,221.0,52.0,0.6,0.51,34.5,31.9,0.51,0.52,0.0,0.0,1.0,1.0,29700.0,G06_60_H2
2024-03-07 00:00:00,14.0,1.0,4.0,14.0,31.0,1.4,700.0,200.0,56.0,0.68,0.56,33.6,31.5,0.54,0.57,0.0,0.0,1.0,1.0,29700.0,G06_60_H2
2024-03-08 00:00:00,13.0,0.0,5.0,14.0,44.0,1.63,815.0,160.0,56.0,0.66,0.6,33.1,31.2,0.57,0.6,0.0,0.0,1.0,1.0,29700.0,G06_60_H2
2024-03-09 00:00:00,12.0,2.0,6.0,6.0,12.0,1.92,960.0,158.0,60.0,0.7,0.61,32.5,30.7,0.57,0.6,0.0,0.0,1.0,1.0,29700.0,G06_60_H2
2024-03-10 00:00:00,16.0,5.0,7.0,13.0,7.0,2.2,1100.0,130.0,56.0,0.78,0.7,32.1,29.8,0.6,0.62,0.0,0.0,1.0,1.0,29700.0,G06_60_H2
2024-03-11 00:00:00,21.0,6.0,8.0,26.0,210.0,2.46,1230.0,114.0,56.0,0.8,0.7,31.7,29.5,0.5,0.52,0.0,0.0,1.0,1.0,29700.0,G06_60_H2
2024-03-12 00:00:00,16.0,4.0,9.0,10.0,0.0,2.58,1290.0,82.0,40.0,0.77,0.64,31.0,28.9,0.47,0.53,0.0,0.0,1.0,1.0,29700.0,G06_60_H2
2024-03-13 00:00:00,16.0,7.0,10.0,20.0,16.0,2.69,1345.0,117.7,36.0,0.76,0.65,30.7,28.0,0.44,0.47,0.0,0.0,1.0,1.0,29700.0,G06_60_H2
2024-03-14 00:00:00,16.0,5.0,11.0,22.0,12.0,3.33,1665.0,55.0,32.0,0.8,0.64,30.7,28.1,0.42,0.42,0.0,0.0,1.0,1.0,29700.0,G06_60_H2
2024-03-15 00:00:00,19.0,7.0,12.0,4.0,11.0,3.79,1895.0,93.0,36.0,0.81,0.7,29.9,27.3,0.4,0.43,0.0,0.0,1.0,1.0,29700.0,G06_60_H2
2024-03-16 00:00:00,22.0,10.0,13.0,8.0,25.0,4.16,2080.0,93.0,40.0,0.84,0.74,29.9,27.6,0.39,0.45,0.0,0.0,1.0,1.0,29700.0,G06_60_H2
2024-03-17 00:00:00,11.0,4.0,14.0,10.0,28.0,4.44,2220.0,15.0,36.0,0.83,0.7,29.4,27.3,0.39,0.45,0.0,0.0,1.0,1.0,29700.0,G06_60_H2
2024-03-18 00:00:00,10.0,4.0,15.0,17.0,53.0,4.75,2375.0,94.0,52.0,0.83,0.72,29.3,26.6,0.4,0.43,0.0,0.0,1.0,1.0,29700.0,G06_60_H2
2024-03-19 00:00:00,17.0,4.0,16.0,5.0,45.0,4.95,2475.0,68.0,52.0,0.84,0.67,29.0,26.2,0.39,0.42,0.0,0.0,1.0,1.5,29700.0,G06_60_H2
2024-03-20 00:00:00,17.0,5.0,17.0,8.0,77.0,5.3,2650.0,25.0,40.0,0.82,0.68,29.4,26.9,0.39,0.43,0.0,0.0,1.5,1.5,29700.0,G06_60_H2
2024-03-21 00:00:00,24.0,9.0,18.0,6.0,37.0,5.71,2855.0,17.0,40.0,0.84,0.73,29.3,26.8,0.4,0.48,0.0,0.0,1.5,1.5,29700.0,G06_60_H2
2024-03-22 00:00:00,26.0,14.0,19.0,18.0,38.0,5.79,2895.0,3.0,40.0,0.85,0.69,30.0,26.8,0.4,0.86,0.0,0.0,1.5,1.5,29700.0,G06_60_H2
2024-03-23 00:00:00,19.0,13.0,20.0,17.0,50.0,6.31,3155.0,1.0,56.0,0.9,0.66,28.9,26.6,0.44,0.5,0.0,0.0,1.5,1.5,29700.0,G06_60_H2
2024-03-24 00:00:00,17.0,10.0,21.0,22.0,37.0,6.38,3190.0,1.0,48.0,0.87,0.74,29.3,26.8,0.41,0.43,0.0,0.0,1.5,1.5,29700.0,G06_60_H2
2024-03-25 00:00:00,11.0,5.0,22.0,30.0,59.0,6.39,3195.0,0.0,52.0,0.88,0.76,28.4,26.3,0.31,0.32,0.0,0.0,1.5,1.5,29700.0,G06_60_H2
2024-03-26 00:00:00,16.0,6.0,23.0,32.0,203.0,6.78,3390.0,1.0,44.0,0.9,0.71,28.8,25.8,0.3,0.49,0.0,0.0,1.5,1.5,29700.0,G06_60_H2
2024-03-27 00:00:00,15.0,10.0,24.0,29.0,290.0,6.84,3420.0,1.0,52.0,0.89,0.76,28.0,25.9,0.32,0.5,0.0,0.0,1.5,1.5,29700.0,G06_60_H2
2024-03-28 00:00:00,19.0,9.0,25.0,60.0,243.0,6.89,3445.0,0.05,56.0,0.89,0.73,28.5,25.7,0.33,0.51,0.0,0.0,1.5,1.5,29700.0,G06_60_H2
2024-03-29 00:00:00,27.0,12.0,26.0,93.0,400.0,7.11,3555.0,0.0,68.0,0.89,0.58,30.4,25.8,0.37,1.45,0.0,0.0,1.5,3.0,29700.0,G06_60_H2
2024-03-30 00:00:00,27.0,13.0,27.0,42.0,231.0,7.65,3825.0,0.0,88.0,0.88,0.51,30.5,25.9,0.4,1.76,0.0,0.0,1.5,4.5,29700.0,G06_60_H2
2024-03-31 00:00:00,24.0,13.0,28.0,40.0,145.0,7.79,3895.0,0.0,92.0,0.84,0.61,28.1,25.3,0.42000000000000004,1.24,0.0,0.0,1.5,2.5,29700.0,G06_60_H2
2024-04-01 00:00:00,27.0,13.0,29.0,60.0,160.0,7.32,3660.0,0.0,80.0,0.86,0.53,28.6,24.6,0.43,2.15,0.0,0.0,1.5,5.0,29700.0,G06_60_H2
2024-04-02 00:00:00,20.0,13.0,30.0,70.0,143.0,7.36,3680.0,0.0,120.0,0.92,0.69,26.2,24.3,0.4600000000000001,0.68,0.0,0.0,2.0,2.5,29700.0,G06_60_H2
2024-04-03 00:00:00,16.0,9.0,31.0,86.0,110.0,8.1,4050.0,4.0,92.0,0.89,0.76,25.3,23.4,0.4700000000000001,0.56,0.0,0.0,2.0,2.5,29700.0,G06_60_H2
2024-04-04 00:00:00,16.0,6.0,32.0,120.0,10.0,7.92,3960.0,11.0,80.0,0.81,0.57,24.8,22.7,0.4,0.52,0.0,0.0,2.0,2.0,29700.0,G06_60_H2
2024-04-05 00:00:00,15.0,11.0,33.0,80.0,25.0,8.12,4060.0,102.0,72.0,0.76,0.5,24.7,22.1,0.4,0.57,0.0,0.0,2.0,2.5,29700.0,G06_60_H2
2024-04-06 00:00:00,18.0,12.0,34.0,117.0,100.0,8.21,4105.0,47.0,88.0,0.78,0.58,24.2,22.1,0.4,0.58,0.0,0.0,2.0,2.5,29700.0,G06_60_H2
2024-04-07 00:00:00,18.0,11.0,35.0,122.0,0.0,8.55,4275.0,44.0,96.0,0.87,0.64,24.3,21.8,0.4,0.7,0.0,0.0,2.0,2.5,29700.0,G06_60_H2
2024-04-08 00:00:00,18.0,10.0,36.0,125.0,0.0,8.92,4460.0,29.0,88.0,0.9,0.62,23.6,21.5,0.42,0.6599999999999999,0.0,0.0,2.0,3.0,29700.0,G06_60_H2
2024-04-09 00:00:00,23.0,11.0,37.0,77.0,0.0,8.8,4400.0,29.0,104.0,0.84,0.58,25.1,21.1,0.42,1.52,0.0,0.0,2.0,6.0,29700.0,G06_60_H2
2024-04-10 00:00:00,24.0,13.0,38.0,0.0,0.0,,,,,,,,,,,,,,,29700.0,G06_60_H2
2024-03-03 00:00:00,11.0,7.0,,,,,,,,,,,,,,,,,,30000.0,G06_60_H3
2024-03-04 00:00:00,13.0,6.0,1.0,12.0,26.0,0.82,410.0,238.6,40.0,0.68,0.44,35.7,33.2,0.45,0.45,0.0,0.0,1.0,1.0,30000.0,G06_60_H3
2024-03-05 00:00:00,9.0,4.0,2.0,26.0,53.0,1.03,515.0,205.65,60.0,0.68,0.51,34.8,32.7,0.48,0.48,0.0,0.0,1.0,1.0,30000.0,G06_60_H3
2024-03-06 00:00:00,10.0,12.0,3.0,22.0,42.0,1.15,575.0,221.0,60.0,0.63,0.49,34.3,31.8,0.51,0.53,0.0,0.0,1.0,1.0,30000.0,G06_60_H3
2024-03-07 00:00:00,14.0,1.0,4.0,16.0,17.0,1.2,600.0,200.0,60.0,0.68,0.57,33.7,31.3,0.54,0.57,0.0,0.0,1.0,1.0,30000.0,G06_60_H3
2024-03-08 00:00:00,13.0,0.0,5.0,14.0,27.0,1.55,775.0,160.0,56.0,0.7,0.58,33.2,31.1,0.57,0.6,0.0,0.0,1.0,1.0,30000.0,G06_60_H3
2024-03-09 00:00:00,12.0,2.0,6.0,14.0,14.0,1.82,910.0,158.0,60.0,0.73,0.63,32.6,30.5,0.57,0.6,0.0,0.0,1.0,1.0,30000.0,G06_60_H3
2024-03-10 00:00:00,16.0,5.0,7.0,25.0,13.0,2.11,1055.0,130.0,56.0,0.77,0.68,31.5,29.7,0.6,0.62,0.0,0.0,1.0,1.0,30000.0,G06_60_H3
2024-03-11 00:00:00,21.0,6.0,8.0,10.0,17.0,2.38,1190.0,114.0,56.0,0.77,0.68,31.3,29.3,0.5,0.52,0.0,0.0,1.0,1.0,30000.0,G06_60_H3
2024-03-12 00:00:00,16.0,4.0,9.0,22.0,144.0,2.61,1305.0,82.0,60.0,0.78,0.63,30.6,28.6,0.47,0.53,0.0,0.0,1.0,1.0,30000.0,G06_60_H3
2024-03-13 00:00:00,16.0,7.0,10.0,25.0,7.0,2.7,1350.0,117.7,40.0,0.74,0.61,30.2,28.2,0.44,0.47,0.0,0.0,1.0,1.0,30000.0,G06_60_H3
2024-03-14 00:00:00,16.0,5.0,11.0,2.0,14.0,3.25,1625.0,55.0,32.0,0.78,0.65,29.8,28.0,0.42,0.42,0.0,0.0,1.0,1.0,30000.0,G06_60_H3
2024-03-15 00:00:00,19.0,7.0,12.0,8.0,8.0,3.73,1865.0,93.0,44.0,0.82,0.71,29.4,27.3,0.4,0.43,0.0,0.0,1.0,1.0,30000.0,G06_60_H3
2024-03-16 00:00:00,22.0,10.0,13.0,9.0,18.0,4.1,2050.0,93.0,40.0,0.81,0.75,29.7,27.4,0.39,0.45,0.0,0.0,1.0,1.0,30000.0,G06_60_H3
2024-03-17 00:00:00,11.0,4.0,14.0,7.0,19.0,4.47,2235.0,15.0,40.0,0.85,0.74,29.1,27.2,0.39,0.45,0.0,0.0,1.0,1.0,30000.0,G06_60_H3
2024-03-18 00:00:00,10.0,4.0,15.0,6.0,39.0,4.65,2325.0,94.0,52.0,0.8,0.71,29.6,26.3,0.4,0.43,0.0,0.0,1.0,1.0,30000.0,G06_60_H3
2024-03-19 00:00:00,17.0,4.0,16.0,14.0,82.0,4.75,2375.0,68.0,52.0,0.82,0.66,28.9,26.4,0.39,0.42,0.0,0.0,1.0,1.5,30000.0,G06_60_H3
2024-03-20 00:00:00,17.0,5.0,17.0,17.0,59.0,5.32,2660.0,25.0,44.0,0.8,0.69,29.1,26.8,0.39,0.43,0.0,0.0,1.5,1.5,30000.0,G06_60_H3
2024-03-21 00:00:00,24.0,9.0,18.0,7.0,34.0,5.54,2770.0,17.0,44.0,0.83,0.74,29.3,26.5,0.4,0.5,0.0,0.0,1.5,1.5,30000.0,G06_60_H3
2024-03-22 00:00:00,26.0,14.0,19.0,15.0,29.0,5.65,2825.0,3.0,40.0,0.81,0.68,29.8,26.9,0.4,0.85,0.0,0.0,1.5,1.5,30000.0,G06_60_H3
2024-03-23 00:00:00,19.0,13.0,20.0,14.0,32.0,6.51,3255.0,1.0,60.0,0.82,0.69,28.9,27.1,0.44,0.51,0.0,0.0,1.5,1.5,30000.0,G06_60_H3
2024-03-24 00:00:00,17.0,10.0,21.0,5.0,18.0,6.56,3280.0,1.0,44.0,0.82,0.77,29.6,26.5,0.42,0.45,0.0,0.0,1.5,1.5,30000.0,G06_60_H3
2024-03-25 00:00:00,11.0,5.0,22.0,8.0,19.0,6.9,3450.0,0.0,56.0,0.83,0.77,28.3,26.2,0.34,0.35,0.0,0.0,1.5,1.5,30000.0,G06_60_H3
2024-03-26 00:00:00,16.0,6.0,23.0,9.0,19.0,7.22,3610.0,1.0,44.0,0.83,0.75,28.6,25.7,0.31,0.51,0.0,0.0,1.5,1.5,30000.0,G06_60_H3
2024-03-27 00:00:00,15.0,10.0,24.0,10.0,18.0,7.33,3665.0,1.0,52.0,0.84,0.76,28.1,25.9,0.34,0.51,0.0,0.0,1.5,1.5,30000.0,G06_60_H3
2024-03-28 00:00:00,19.0,9.0,25.0,9.0,28.0,8.11,4055.0,0.05,64.0,0.83,0.76,28.0,25.7,0.35000000000000003,0.51,0.0,0.0,1.5,1.5,30000.0,G06_60_H3
2024-03-29 00:00:00,27.0,12.0,26.0,11.0,26.0,8.37,4185.0,0.0,68.0,0.83,0.64,29.8,25.7,0.39,1.6,0.0,0.0,1.5,3.0,30000.0,G06_60_H3
2024-03-30 00:00:00,27.0,13.0,27.0,16.0,14.0,8.89,4445.0,0.0,92.0,0.83,0.56,30.0,25.8,0.42000000000000004,1.91,0.0,0.0,1.5,4.5,30000.0,G06_60_H3
2024-03-31 00:00:00,24.0,13.0,28.0,34.0,45.0,8.92,4460.0,0.0,96.0,0.79,0.62,28.0,25.0,0.44000000000000006,1.19,0.0,0.0,1.5,2.5,30000.0,G06_60_H3
2024-04-01 00:00:00,27.0,13.0,29.0,45.0,44.0,8.95,4475.0,0.0,88.0,0.81,0.54,28.8,24.5,0.45,2.26,0.0,0.0,1.5,5.6,30000.0,G06_60_H3
2024-04-02 00:00:00,20.0,13.0,30.0,41.0,43.0,8.99,4495.0,0.0,128.0,0.85,0.72,25.7,24.0,0.4800000000000001,0.7000000000000001,0.0,0.0,2.0,3.0,30000.0,G06_60_H3
2024-04-03 00:00:00,16.0,9.0,31.0,53.0,26.0,9.6,4800.0,4.0,96.0,0.82,0.77,25.1,22.9,0.4900000000000001,0.65,0.0,0.0,2.0,2.5,30000.0,G06_60_H3
2024-04-04 00:00:00,16.0,6.0,32.0,53.0,23.0,8.84,4420.0,11.0,76.0,0.78,0.61,24.2,22.2,0.4,0.61,0.0,0.0,2.0,2.0,30000.0,G06_60_H3
2024-04-05 00:00:00,15.0,11.0,33.0,63.0,20.0,9.12,4560.0,102.0,72.0,0.77,0.54,24.2,21.4,0.4,0.56,0.0,0.0,2.0,2.5,30000.0,G06_60_H3
2024-04-06 00:00:00,18.0,12.0,34.0,90.0,16.0,9.45,4725.0,47.0,88.0,0.78,0.63,23.8,21.7,0.42,0.59,0.0,0.0,2.0,3.0,30000.0,G06_60_H3
2024-04-07 00:00:00,18.0,11.0,35.0,151.0,0.0,9.95,4975.0,44.0,96.0,0.82,0.68,24.3,21.4,0.42,0.82,0.0,0.0,2.0,3.0,30000.0,G06_60_H3
2024-04-08 00:00:00,18.0,10.0,36.0,128.0,0.0,9.82,4910.0,29.0,96.0,0.82,0.67,23.3,21.0,0.42,0.7799999999999999,0.0,0.0,2.0,3.0,30000.0,G06_60_H3
2024-04-09 00:00:00,23.0,11.0,37.0,107.0,0.0,9.95,4975.0,29.0,112.0,0.81,0.61,24.5,20.6,0.42,1.53,0.0,0.0,2.0,6.0,30000.0,G06_60_H3
2024-04-10 00:00:00,24.0,13.0,38.0,0.0,0.0,,,,,,,,,,,,,,,30000.0,G06_60_H3
2024-03-03 00:00:00,11.0,7.0,,,,,,,,,,,,,,,,,,29900.0,G06_60_H4
2024-03-04 00:00:00,13.0,6.0,1.0,17.0,25.0,0.81,405.0,238.6,40.0,0.57,0.5,35.9,33.3,0.45,0.45,0.0,0.0,1.0,1.0,29900.0,G06_60_H4
2024-03-05 00:00:00,9.0,4.0,2.0,17.0,41.0,1.03,515.0,205.65,56.0,0.65,0.54,35.2,32.7,0.48,0.48,0.0,0.0,1.0,1.0,29900.0,G06_60_H4
2024-03-06 00:00:00,10.0,12.0,3.0,13.0,19.0,1.16,580.0,221.0,56.0,0.6,0.59,34.5,31.8,0.51,0.52,0.0,0.0,1.0,1.0,29900.0,G06_60_H4
2024-03-07 00:00:00,14.0,1.0,4.0,21.0,26.0,1.18,590.0,200.0,60.0,0.67,0.56,33.8,31.4,0.54,0.57,0.0,0.0,1.0,1.0,29900.0,G06_60_H4
2024-03-08 00:00:00,13.0,0.0,5.0,5.0,44.0,1.39,695.0,160.0,56.0,0.65,0.57,33.3,30.9,0.57,0.6,0.0,0.0,1.0,1.0,29900.0,G06_60_H4
2024-03-09 00:00:00,12.0,2.0,6.0,13.0,19.0,1.72,860.0,158.0,56.0,0.72,0.61,32.7,30.3,0.57,0.6,0.0,0.0,1.0,1.0,29900.0,G06_60_H4
2024-03-10 00:00:00,16.0,5.0,7.0,15.0,14.0,1.81,905.0,130.0,56.0,0.8,0.7,31.9,29.6,0.6,0.63,0.0,0.0,1.0,1.0,29900.0,G06_60_H4
2024-03-11 00:00:00,21.0,6.0,8.0,8.0,36.0,2.24,1120.0,114.0,56.0,0.81,0.59,31.6,29.1,0.5,0.52,0.0,0.0,1.0,1.0,29900.0,G06_60_H4
2024-03-12 00:00:00,16.0,4.0,9.0,15.0,200.0,2.63,1315.0,82.0,60.0,0.76,0.66,30.8,28.7,0.47,0.53,0.0,0.0,1.0,1.0,29900.0,G06_60_H4
2024-03-13 00:00:00,16.0,7.0,10.0,18.0,4.0,2.72,1360.0,117.7,40.0,0.79,0.64,30.5,28.2,0.44,0.47,0.0,0.0,1.0,1.0,29900.0,G06_60_H4
2024-03-14 00:00:00,16.0,5.0,11.0,9.0,16.0,3.31,1655.0,55.0,28.0,0.8,0.66,30.3,28.1,0.42,0.42,0.0,0.0,1.0,1.0,29900.0,G06_60_H4
2024-03-15 00:00:00,19.0,7.0,12.0,4.0,7.0,3.75,1875.0,93.0,40.0,0.79,0.67,30.0,27.6,0.4,0.43,0.0,0.0,1.0,1.0,29900.0,G06_60_H4
2024-03-16 00:00:00,22.0,10.0,13.0,14.0,24.0,4.05,2025.0,93.0,36.0,0.82,0.73,29.5,27.3,0.39,0.45,0.0,0.0,1.0,1.0,29900.0,G06_60_H4
2024-03-17 00:00:00,11.0,4.0,14.0,4.0,18.0,4.44,2220.0,15.0,40.0,0.84,0.72,29.7,27.3,0.39,0.45,0.0,0.0,1.0,1.0,29900.0,G06_60_H4
2024-03-18 00:00:00,10.0,4.0,15.0,11.0,65.0,4.49,2245.0,94.0,48.0,0.82,0.7,29.0,26.5,0.4,0.43,0.0,0.0,1.0,1.0,29900.0,G06_60_H4
2024-03-19 00:00:00,17.0,4.0,16.0,15.0,84.0,4.81,2405.0,68.0,48.0,0.85,0.65,28.8,26.2,0.39,0.42,0.0,0.0,1.0,1.5,29900.0,G06_60_H4
2024-03-20 00:00:00,17.0,5.0,17.0,10.0,59.0,5.04,2520.0,25.0,60.0,0.81,0.7,29.0,26.7,0.39,0.43,0.0,0.0,1.5,1.5,29900.0,G06_60_H4
2024-03-21 00:00:00,24.0,9.0,18.0,11.0,85.0,5.41,2705.0,17.0,60.0,0.85,0.71,29.0,26.5,0.4,0.48,0.0,0.0,1.5,1.5,29900.0,G06_60_H4
2024-03-22 00:00:00,26.0,14.0,19.0,11.0,21.0,5.71,2855.0,3.0,40.0,0.84,0.69,30.1,26.9,0.4,0.85,0.0,0.0,1.5,1.5,29900.0,G06_60_H4
2024-03-23 00:00:00,19.0,13.0,20.0,17.0,44.0,6.52,3260.0,1.0,56.0,0.85,0.69,29.0,26.8,0.43,0.5,0.0,0.0,1.5,1.5,29900.0,G06_60_H4
2024-03-24 00:00:00,17.0,10.0,21.0,20.0,40.0,6.6,3300.0,1.0,48.0,0.86,0.74,29.2,26.6,0.41,0.46,0.0,0.0,1.5,1.5,29900.0,G06_60_H4
2024-03-25 00:00:00,11.0,5.0,22.0,10.0,20.0,6.68,3340.0,0.0,48.0,0.86,0.74,28.5,26.1,0.32,0.34,0.0,0.0,1.5,1.5,29900.0,G06_60_H4
2024-03-26 00:00:00,16.0,6.0,23.0,7.0,14.0,7.12,3560.0,1.0,44.0,0.86,0.72,28.9,26.1,0.31,0.52,0.0,0.0,1.5,1.5,29900.0,G06_60_H4
2024-03-27 00:00:00,15.0,10.0,24.0,5.0,27.0,7.31,3655.0,0.0,52.0,0.85,0.75,28.1,25.8,0.36,0.51,0.0,0.0,1.5,1.5,29900.0,G06_60_H4
2024-03-28 00:00:00,19.0,9.0,25.0,17.0,38.0,7.64,3820.0,0.05,52.0,0.85,0.74,28.7,25.8,0.37,0.52,0.0,0.0,1.5,1.5,29900.0,G06_60_H4
2024-03-29 00:00:00,27.0,12.0,26.0,18.0,77.0,7.66,3830.0,0.0,68.0,0.82,0.57,30.1,25.9,0.41,1.62,0.0,0.0,1.5,3.0,29900.0,G06_60_H4
2024-03-30 00:00:00,27.0,13.0,27.0,40.0,43.0,8.85,4425.0,0.0,92.0,0.84,0.55,30.1,26.0,0.43999999999999995,1.99,0.0,0.0,1.5,4.5,29900.0,G06_60_H4
2024-03-31 00:00:00,24.0,13.0,28.0,86.0,48.0,8.68,4340.0,0.0,96.0,0.79,0.59,28.2,25.3,0.45999999999999996,1.23,0.0,0.0,1.5,2.5,29900.0,G06_60_H4
2024-04-01 00:00:00,27.0,13.0,29.0,73.0,66.0,8.2,4100.0,0.0,80.0,0.8,0.55,28.6,24.4,0.47,2.2,0.0,0.0,1.5,5.6,29900.0,G06_60_H4
2024-04-02 00:00:00,20.0,13.0,30.0,45.0,0.0,8.64,4320.0,0.0,128.0,0.86,0.7,26.1,24.4,0.5,0.72,0.0,0.0,2.0,3.0,29900.0,G06_60_H4
2024-04-03 00:00:00,16.0,9.0,31.0,66.0,58.0,9.4,4700.0,4.0,88.0,0.84,0.74,25.2,23.1,0.51,0.6699999999999999,0.0,0.0,2.0,3.0,29900.0,G06_60_H4
2024-04-04 00:00:00,16.0,6.0,32.0,60.0,21.0,9.03,4515.0,11.0,76.0,0.79,0.58,24.7,22.2,0.4,0.6299999999999999,0.0,0.0,2.0,2.0,29900.0,G06_60_H4
2024-04-05 00:00:00,15.0,11.0,33.0,135.0,25.0,9.28,4640.0,102.0,80.0,0.74,0.53,24.3,21.6,0.4,0.64,0.0,0.0,2.0,3.0,29900.0,G06_60_H4
2024-04-06 00:00:00,18.0,12.0,34.0,112.0,10.0,9.08,4540.0,47.0,88.0,0.76,0.61,24.0,21.6,0.41,0.6,0.0,0.0,2.0,3.0,29900.0,G06_60_H4
2024-04-07 00:00:00,18.0,11.0,35.0,110.0,0.0,9.58,4790.0,44.0,96.0,0.81,0.62,24.6,21.4,0.41,0.81,0.0,0.0,2.0,3.0,29900.0,G06_60_H4
2024-04-08 00:00:00,18.0,10.0,36.0,90.0,0.0,9.66,4830.0,29.0,96.0,0.81,0.65,23.3,21.1,0.41,0.77,0.0,0.0,2.0,3.0,29900.0,G06_60_H4
2024-04-09 00:00:00,23.0,11.0,37.0,168.0,0.0,9.73,4865.0,29.0,116.0,0.82,0.59,24.7,20.7,0.41,1.51,0.0,0.0,2.0,6.0,29900.0,G06_60_H4
2024-04-10 00:00:00,24.0,13.0,38.0,0.0,0.0,,,,,,,,,,,,,,,29900.0,G06_60_H4
2024-03-03 00:00:00,11.0,7.0,,,,,,,,,,,,,,,,,,29000.0,G06_60_H5
2024-03-04 00:00:00,13.0,6.0,,,,,,,,,,,,,,,,,,29000.0,G06_60_H5
2024-03-05 00:00:00,9.0,4.0,1.0,19.0,9.0,0.8,400.0,205.65,48.0,0.55,0.48,36.5,33.7,0.45,0.45,0.0,0.0,1.0,1.0,29000.0,G06_60_H5
2024-03-06 00:00:00,10.0,12.0,2.0,5.0,62.0,0.98,490.0,221.0,48.0,0.62,0.5,35.6,32.6,0.48,0.5,0.0,0.0,1.0,1.0,29000.0,G06_60_H5
2024-03-07 00:00:00,14.0,1.0,3.0,9.0,109.0,1.0,500.0,200.0,52.0,0.63,0.54,34.9,32.2,0.51,0.54,0.0,0.0,1.0,1.0,29000.0,G06_60_H5
2024-03-08 00:00:00,13.0,0.0,4.0,11.0,45.0,1.1,550.0,160.0,48.0,0.68,0.6,34.2,32.0,0.54,0.57,0.0,0.0,1.0,1.0,29000.0,G06_60_H5
2024-03-09 00:00:00,12.0,2.0,5.0,13.0,40.0,1.4,700.0,158.0,44.0,0.72,0.62,33.7,31.5,0.54,0.57,0.0,0.0,1.0,1.0,29000.0,G06_60_H5
2024-03-10 00:00:00,16.0,5.0,6.0,10.0,40.0,1.45,725.0,130.0,44.0,0.78,0.66,32.8,30.5,0.57,0.6,0.0,0.0,1.0,1.0,29000.0,G06_60_H5
2024-03-11 00:00:00,21.0,6.0,7.0,9.0,34.0,1.6,800.0,114.0,44.0,0.79,0.7,31.8,29.7,0.47,0.49,0.0,0.0,1.0,1.0,29000.0,G06_60_H5
2024-03-12 00:00:00,16.0,4.0,8.0,12.0,210.0,1.9,950.0,82.0,52.0,0.75,0.65,31.5,29.5,0.44,0.5,0.0,0.0,1.0,1.0,29000.0,G06_60_H5
2024-03-13 00:00:00,16.0,7.0,9.0,29.0,4.0,2.0,1000.0,117.7,48.0,0.71,0.61,31.6,29.0,0.42,0.45,0.0,0.0,1.0,1.0,29000.0,G06_60_H5
2024-03-14 00:00:00,16.0,5.0,10.0,24.0,9.0,2.22,1110.0,55.0,24.0,0.79,0.64,30.7,29.0,0.4,0.4,0.0,0.0,1.0,1.0,29000.0,G06_60_H5
2024-03-15 00:00:00,19.0,7.0,11.0,11.0,18.0,2.79,1395.0,93.0,32.0,0.82,0.69,30.5,28.1,0.39,0.42,0.0,0.0,1.0,1.0,29000.0,G06_60_H5
2024-03-16 00:00:00,22.0,10.0,12.0,9.0,25.0,3.19,1595.0,93.0,28.0,0.84,0.74,30.4,28.3,0.38,0.44,0.0,0.0,1.0,1.0,29000.0,G06_60_H5
2024-03-17 00:00:00,11.0,4.0,13.0,12.0,40.0,3.46,1730.0,15.0,28.0,0.8,0.69,30.2,28.2,0.38,0.44,0.0,0.0,1.0,1.0,29000.0,G06_60_H5
2024-03-18 00:00:00,10.0,4.0,14.0,7.0,28.0,3.63,1815.0,94.0,32.0,0.85,0.69,29.8,27.9,0.39,0.42,0.0,0.0,1.0,1.0,29000.0,G06_60_H5
2024-03-19 00:00:00,17.0,4.0,15.0,6.0,38.0,3.94,1970.0,68.0,32.0,0.81,0.66,30.2,27.4,0.38,0.41,0.0,0.0,1.0,1.0,29000.0,G06_60_H5
2024-03-20 00:00:00,17.0,5.0,16.0,10.0,39.0,4.4,2200.0,25.0,36.0,0.79,0.68,30.0,27.7,0.38,0.42,0.0,0.0,1.5,1.5,29000.0,G06_60_H5
2024-03-21 00:00:00,24.0,9.0,17.0,6.0,38.0,4.71,2355.0,17.0,36.0,0.81,0.71,30.2,27.6,0.39,0.52,0.0,0.0,1.5,1.5,29000.0,G06_60_H5
2024-03-22 00:00:00,26.0,14.0,18.0,5.0,26.0,4.82,2410.0,3.0,28.0,0.8,0.68,30.5,27.8,0.39,0.9,0.0,0.0,1.5,1.5,29000.0,G06_60_H5
2024-03-23 00:00:00,19.0,13.0,19.0,3.0,27.0,5.58,2790.0,1.0,52.0,0.84,0.68,29.6,27.5,0.42,0.54,0.0,0.0,1.5,1.5,29000.0,G06_60_H5
2024-03-24 00:00:00,17.0,10.0,20.0,6.0,37.0,5.65,2825.0,1.0,44.0,0.83,0.72,29.8,27.3,0.43,0.47,0.0,0.0,1.5,1.5,29000.0,G06_60_H5
2024-03-25 00:00:00,11.0,5.0,21.0,5.0,21.0,5.9,2950.0,0.0,48.0,0.85,0.75,28.2,26.5,0.38,0.4,0.0,0.0,1.5,1.5,29000.0,G06_60_H5
2024-03-26 00:00:00,16.0,6.0,22.0,3.0,15.0,6.18,3090.0,1.0,40.0,0.84,0.71,29.2,26.2,0.32,0.55,0.0,0.0,1.5,1.5,29000.0,G06_60_H5
2024-03-27 00:00:00,15.0,10.0,23.0,6.0,11.0,6.46,3230.0,0.0,52.0,0.86,0.74,28.4,25.9,0.36,0.54,0.0,0.0,1.5,1.5,29000.0,G06_60_H5
2024-03-28 00:00:00,19.0,9.0,24.0,6.0,9.0,7.02,3510.0,0.05,56.0,0.86,0.75,28.8,25.9,0.37,0.53,0.0,0.0,1.5,1.5,29000.0,G06_60_H5
2024-03-29 00:00:00,27.0,12.0,25.0,5.0,9.0,7.26,3630.0,0.0,56.0,0.81,0.56,30.0,26.1,0.41,1.65,0.0,0.0,1.5,3.0,29000.0,G06_60_H5
2024-03-30 00:00:00,27.0,13.0,26.0,8.0,10.0,8.32,4160.0,0.0,88.0,0.83,0.57,30.0,26.0,0.43999999999999995,2.13,0.0,0.0,1.5,4.5,29000.0,G06_60_H5
2024-03-31 00:00:00,24.0,13.0,27.0,7.0,8.0,8.3,4150.0,0.0,88.0,0.77,0.56,28.3,25.2,0.45999999999999996,1.29,0.0,0.0,1.5,3.0,29000.0,G06_60_H5
2024-04-01 00:00:00,27.0,13.0,28.0,1.0,12.0,8.25,4125.0,0.0,80.0,0.81,0.51,28.9,24.3,0.47,2.31,0.0,0.0,1.5,6.2,29000.0,G06_60_H5
2024-04-02 00:00:00,20.0,13.0,29.0,6.0,20.0,8.66,4330.0,0.0,128.0,0.85,0.69,26.5,24.3,0.5,0.72,0.0,0.0,2.0,3.0,29000.0,G06_60_H5
2024-04-03 00:00:00,16.0,9.0,30.0,5.0,11.0,9.2,4600.0,4.0,84.0,0.85,0.74,25.7,23.5,0.51,0.6699999999999999,0.0,0.0,2.0,3.0,29000.0,G06_60_H5
2024-04-04 00:00:00,16.0,6.0,31.0,6.0,15.0,8.68,4340.0,11.0,72.0,0.8,0.57,25.0,22.8,0.4,0.6299999999999999,0.0,0.0,2.0,2.5,29000.0,G06_60_H5
2024-04-05 00:00:00,15.0,11.0,32.0,6.0,10.0,8.74,4370.0,102.0,72.0,0.76,0.52,24.8,22.3,0.4,0.62,0.0,0.0,2.0,3.0,29000.0,G06_60_H5
2024-04-06 00:00:00,18.0,12.0,33.0,12.0,10.0,9.18,4590.0,47.0,80.0,0.77,0.62,24.3,22.3,0.42,0.6,0.0,0.0,2.0,3.0,29000.0,G06_60_H5
2024-04-07 00:00:00,18.0,11.0,34.0,22.0,0.0,9.52,4760.0,44.0,92.0,0.8,0.64,24.7,22.0,0.42,0.88,0.0,0.0,2.0,3.0,29000.0,G06_60_H5
2024-04-08 00:00:00,18.0,10.0,35.0,37.0,0.0,9.97,4985.0,30.0,72.0,0.82,0.63,24.1,21.8,0.42,0.84,0.0,0.0,2.0,3.0,29000.0,G06_60_H5
2024-04-09 00:00:00,23.0,11.0,36.0,54.0,0.0,9.72,4860.0,30.0,100.0,0.81,0.6,25.1,21.4,0.42,1.59,0.0,0.0,2.0,6.0,29000.0,G06_60_H5
2024-04-10 00:00:00,24.0,13.0,37.0,0.0,0.0,,,,,,,,,,,,,,,29000.0,G06_60_H5
2024-03-03 00:00:00,11.0,7.0,,,,,,,,,,,,,,,,,,28900.0,G06_60_H6
2024-03-04 00:00:00,13.0,6.0,,,,,,,,,,,,,,,,,,28900.0,G06_60_H6
2024-03-05 00:00:00,9.0,4.0,1.0,8.0,11.0,0.81,405.0,205.65,52.0,0.56,0.43,36.5,33.8,0.45,0.45,0.0,0.0,1.0,1.0,28900.0,G06_60_H6
2024-03-06 00:00:00,10.0,12.0,2.0,6.0,79.0,1.0,500.0,221.0,52.0,0.61,0.49,35.6,32.8,0.48,0.5,0.0,0.0,1.0,1.0,28900.0,G06_60_H6
2024-03-07 00:00:00,14.0,1.0,3.0,8.0,131.0,1.05,525.0,200.0,56.0,0.58,0.51,34.6,32.3,0.51,0.54,0.0,0.0,1.0,1.0,28900.0,G06_60_H6
2024-03-08 00:00:00,13.0,0.0,4.0,13.0,54.0,1.2,600.0,160.0,52.0,0.67,0.55,34.4,32.0,0.54,0.57,0.0,0.0,1.0,1.0,28900.0,G06_60_H6
2024-03-09 00:00:00,12.0,2.0,5.0,11.0,55.0,1.34,670.0,158.0,52.0,0.68,0.59,33.9,31.5,0.54,0.57,0.0,0.0,1.0,1.0,28900.0,G06_60_H6
2024-03-10 00:00:00,16.0,5.0,6.0,9.0,47.0,1.6,800.0,130.0,48.0,0.74,0.63,33.0,30.6,0.57,0.61,0.0,0.0,1.0,1.0,28900.0,G06_60_H6
2024-03-11 00:00:00,21.0,6.0,7.0,12.0,44.0,1.7,850.0,114.0,44.0,0.76,0.66,31.9,29.8,0.47,0.49,0.0,0.0,1.0,1.0,28900.0,G06_60_H6
2024-03-12 00:00:00,16.0,4.0,8.0,15.0,300.0,2.0,1000.0,82.0,52.0,0.76,0.68,31.9,29.5,0.44,0.5,0.0,0.0,1.0,1.0,28900.0,G06_60_H6
2024-03-13 00:00:00,16.0,7.0,9.0,32.0,9.0,2.11,1055.0,117.7,52.0,0.75,0.67,31.4,29.0,0.42,0.45,0.0,0.0,1.0,1.0,28900.0,G06_60_H6
2024-03-14 00:00:00,16.0,5.0,10.0,21.0,13.0,2.45,1225.0,55.0,28.0,0.81,0.66,31.0,29.0,0.4,0.4,0.0,0.0,1.0,1.0,28900.0,G06_60_H6
2024-03-15 00:00:00,19.0,7.0,11.0,13.0,71.0,3.09,1545.0,93.0,44.0,0.84,0.72,30.8,28.4,0.39,0.42,0.0,0.0,1.0,1.0,28900.0,G06_60_H6
2024-03-16 00:00:00,22.0,10.0,12.0,10.0,55.0,3.44,1720.0,93.0,32.0,0.87,0.77,30.3,28.3,0.38,0.44,0.0,0.0,1.0,1.0,28900.0,G06_60_H6
2024-03-17 00:00:00,11.0,4.0,13.0,9.0,31.0,3.69,1845.0,15.0,32.0,0.88,0.77,30.2,28.1,0.38,0.44,0.0,0.0,1.0,1.0,28900.0,G06_60_H6
2024-03-18 00:00:00,10.0,4.0,14.0,8.0,48.0,3.86,1930.0,94.0,40.0,0.84,0.67,30.3,27.7,0.39,0.42,0.0,0.0,1.0,1.0,28900.0,G06_60_H6
2024-03-19 00:00:00,17.0,4.0,15.0,10.0,44.0,4.24,2120.0,68.0,40.0,0.85,0.71,29.7,27.5,0.38,0.41,0.0,0.0,1.0,1.0,28900.0,G06_60_H6
2024-03-20 00:00:00,17.0,5.0,16.0,9.0,63.0,4.67,2335.0,25.0,44.0,0.81,0.66,30.0,27.3,0.38,0.42,0.0,0.0,1.5,1.5,28900.0,G06_60_H6
2024-03-21 00:00:00,24.0,9.0,17.0,8.0,34.0,4.98,2490.0,17.0,44.0,0.85,0.76,29.8,27.4,0.39,0.52,0.0,0.0,1.5,1.5,28900.0,G06_60_H6
2024-03-22 00:00:00,26.0,14.0,18.0,6.0,28.0,5.1,2550.0,3.0,32.0,0.81,0.69,29.9,27.9,0.39,0.9,0.0,0.0,1.5,1.5,28900.0,G06_60_H6
2024-03-23 00:00:00,19.0,13.0,19.0,5.0,41.0,5.78,2890.0,1.0,60.0,0.86,0.7,29.1,27.1,0.43,0.56,0.0,0.0,1.5,1.5,28900.0,G06_60_H6
2024-03-24 00:00:00,17.0,10.0,20.0,4.0,35.0,5.9,2950.0,1.0,48.0,0.84,0.76,29.4,27.1,0.43,0.46,0.0,0.0,1.5,1.5,28900.0,G06_60_H6
2024-03-25 00:00:00,11.0,5.0,21.0,3.0,14.0,6.2,3100.0,0.0,48.0,0.85,0.76,28.0,26.6,0.39,0.41,0.0,0.0,1.5,1.5,28900.0,G06_60_H6
2024-03-26 00:00:00,16.0,6.0,22.0,2.0,18.0,6.48,3240.0,1.0,44.0,0.84,0.73,29.2,26.4,0.33,0.56,0.0,0.0,1.5,1.5,28900.0,G06_60_H6
2024-03-27 00:00:00,15.0,10.0,23.0,5.0,7.0,6.8,3400.0,0.0,52.0,0.84,0.76,28.3,25.7,0.37,0.56,0.0,0.0,1.5,1.5,28900.0,G06_60_H6
2024-03-28 00:00:00,19.0,9.0,24.0,4.0,11.0,7.25,3625.0,0.05,60.0,0.84,0.74,29.0,25.7,0.38,0.52,0.0,0.0,1.5,1.5,28900.0,G06_60_H6
2024-03-29 00:00:00,27.0,12.0,25.0,5.0,4.0,7.42,3710.0,0.0,48.0,0.82,0.58,30.2,26.0,0.42,1.64,0.0,0.0,1.5,3.0,28900.0,G06_60_H6
2024-03-30 00:00:00,27.0,13.0,26.0,11.0,13.0,8.42,4210.0,0.0,92.0,0.82,0.51,30.5,26.0,0.44999999999999996,2.2,0.0,0.0,1.5,4.5,28900.0,G06_60_H6
2024-03-31 00:00:00,24.0,13.0,27.0,12.0,6.0,8.4,4200.0,0.0,84.0,0.78,0.59,28.5,25.2,0.47,1.28,0.0,0.0,1.5,3.0,28900.0,G06_60_H6
2024-04-01 00:00:00,27.0,13.0,28.0,7.0,23.0,8.17,4085.0,0.0,84.0,0.8,0.52,28.8,24.4,0.48,2.32,0.0,0.0,1.5,6.2,28900.0,G06_60_H6
2024-04-02 00:00:00,20.0,13.0,29.0,7.0,33.0,8.68,4340.0,0.0,136.0,0.85,0.7,26.8,24.4,0.51,0.73,0.0,0.0,2.0,3.0,28900.0,G06_60_H6
2024-04-03 00:00:00,16.0,9.0,30.0,13.0,37.0,9.2,4600.0,4.0,112.0,0.86,0.75,26.2,23.2,0.52,0.6799999999999999,0.0,0.0,2.0,3.0,28900.0,G06_60_H6
2024-04-04 00:00:00,16.0,6.0,31.0,8.0,45.0,9.07,4535.0,11.0,92.0,0.8,0.56,24.7,22.3,0.4,0.6399999999999999,0.0,0.0,2.0,3.0,28900.0,G06_60_H6
2024-04-05 00:00:00,15.0,11.0,32.0,9.0,22.0,9.26,4630.0,102.0,88.0,0.75,0.49,24.4,21.6,0.4,0.64,0.0,0.0,2.0,3.0,28900.0,G06_60_H6
2024-04-06 00:00:00,18.0,12.0,33.0,27.0,16.0,9.37,4685.0,47.0,104.0,0.75,0.6,24.1,21.6,0.42,0.6,0.0,0.0,2.0,3.0,28900.0,G06_60_H6
2024-04-07 00:00:00,18.0,11.0,34.0,84.0,0.0,8.95,4475.0,44.0,100.0,0.82,0.64,24.7,22.0,0.42,0.86,0.0,0.0,2.0,3.0,28900.0,G06_60_H6
2024-04-08 00:00:00,18.0,10.0,35.0,176.0,0.0,7.87,3935.0,30.0,104.0,0.82,0.64,23.9,21.7,0.42,0.82,0.0,0.0,2.0,3.0,28900.0,G06_60_H6
2024-04-09 00:00:00,23.0,11.0,36.0,241.0,0.0,7.05,3525.0,30.0,104.0,0.79,0.58,25.7,21.4,0.42,1.62,0.0,0.0,2.0,6.0,28900.0,G06_60_H6
2024-04-10 00:00:00,24.0,13.0,37.0,0.0,0.0,,,,,,,,,,,,,,,28900.0,G06_60_H6
2024-03-03 00:00:00,11.0,7.0,1.0,11.0,13.0,0.8,400.0,474.1,32.0,0.57,0.44,36.2,33.4,0.45,0.45,0.0,0.0,1.0,1.0,29400.0,G06_60_H7
2024-03-04 00:00:00,13.0,6.0,2.0,11.0,15.0,0.98,490.0,238.6,52.0,0.56,0.49,35.5,32.7,0.48,0.48,0.0,0.0,1.0,1.0,29400.0,G06_60_H7
2024-03-05 00:00:00,9.0,4.0,3.0,16.0,38.0,1.22,610.0,205.65,56.0,0.6,0.52,34.4,32.1,0.51,0.51,0.0,0.0,1.0,1.0,29400.0,G06_60_H7
2024-03-06 00:00:00,10.0,12.0,4.0,11.0,24.0,1.31,655.0,221.0,56.0,0.58,0.5,34.1,31.4,0.55,0.6,0.0,0.0,1.0,1.0,29400.0,G06_60_H7
2024-03-07 00:00:00,14.0,1.0,5.0,13.0,11.0,1.33,665.0,200.0,60.0,0.67,0.58,33.3,30.9,0.58,0.61,0.0,0.0,1.0,1.0,29400.0,G06_60_H7
2024-03-08 00:00:00,13.0,0.0,6.0,12.0,16.0,1.61,805.0,160.0,56.0,0.69,0.55,33.2,30.6,0.6,0.63,0.0,0.0,1.0,1.0,29400.0,G06_60_H7
2024-03-09 00:00:00,12.0,2.0,7.0,10.0,12.0,1.87,935.0,158.0,60.0,0.67,0.54,32.6,30.3,0.6,0.63,0.0,0.0,1.0,1.0,29400.0,G06_60_H7
2024-03-10 00:00:00,16.0,5.0,8.0,13.0,15.0,2.14,1070.0,130.0,56.0,0.76,0.65,32.0,30.0,0.63,0.65,0.0,0.0,1.0,1.0,29400.0,G06_60_H7
2024-03-11 00:00:00,21.0,6.0,9.0,17.0,157.0,2.45,1225.0,114.0,52.0,0.79,0.68,31.8,29.5,0.53,0.55,0.0,0.0,1.0,1.0,29400.0,G06_60_H7
2024-03-12 00:00:00,16.0,4.0,10.0,28.0,15.0,2.5,1250.0,82.0,32.0,0.7,0.64,31.2,29.0,0.5,0.56,0.0,0.0,1.0,1.0,29400.0,G06_60_H7
2024-03-13 00:00:00,16.0,7.0,11.0,9.0,11.0,2.75,1375.0,117.7,32.0,0.74,0.6,30.9,28.2,0.47,0.5,0.0,0.0,1.0,1.0,29400.0,G06_60_H7
2024-03-14 00:00:00,16.0,5.0,12.0,8.0,21.0,3.4,1700.0,55.0,28.0,0.78,0.63,30.3,28.4,0.44,0.44,0.0,0.0,1.0,1.0,29400.0,G06_60_H7
2024-03-15 00:00:00,19.0,7.0,13.0,10.0,25.0,3.86,1930.0,93.0,40.0,0.84,0.68,30.1,27.7,0.42,0.45,0.0,0.0,1.0,1.0,29400.0,G06_60_H7
2024-03-16 00:00:00,22.0,10.0,14.0,7.0,24.0,4.19,2095.0,93.0,36.0,0.86,0.73,29.9,27.7,0.4,0.46,0.0,0.0,1.0,1.0,29400.0,G06_60_H7
2024-03-17 00:00:00,11.0,4.0,15.0,8.0,28.0,4.35,2175.0,15.0,36.0,0.85,0.69,29.8,27.6,0.4,0.46,0.0,0.0,1.0,1.0,29400.0,G06_60_H7
2024-03-18 00:00:00,10.0,4.0,16.0,7.0,37.0,4.63,2315.0,94.0,44.0,0.83,0.64,29.3,26.6,0.41,0.44,0.0,0.0,1.0,1.0,29400.0,G06_60_H7
2024-03-19 00:00:00,17.0,4.0,17.0,6.0,53.0,4.86,2430.0,68.0,44.0,0.85,0.72,29.8,27.0,0.4,0.43,0.0,0.0,1.5,1.5,29400.0,G06_60_H7
2024-03-20 00:00:00,17.0,5.0,18.0,4.0,30.0,5.07,2535.0,25.0,44.0,0.8,0.66,31.1,27.4,0.4,0.44,0.0,0.0,1.5,1.5,29400.0,G06_60_H7
2024-03-21 00:00:00,24.0,9.0,19.0,5.0,20.0,5.67,2835.0,17.0,44.0,0.81,0.67,29.9,27.1,0.41,0.51,0.0,0.0,1.5,1.5,29400.0,G06_60_H7
2024-03-22 00:00:00,26.0,14.0,20.0,4.0,16.0,5.88,2940.0,3.0,36.0,0.78,0.65,30.6,27.4,0.41,0.92,0.0,0.0,1.5,1.5,29400.0,G06_60_H7
2024-03-23 00:00:00,19.0,13.0,21.0,4.0,10.0,6.47,3235.0,1.0,60.0,0.86,0.64,29.3,27.3,0.45,0.55,0.0,0.0,1.5,1.5,29400.0,G06_60_H7
2024-03-24 00:00:00,17.0,10.0,22.0,3.0,10.0,6.69,3345.0,1.0,44.0,0.8,0.72,29.8,27.3,0.45,0.48,0.0,0.0,1.5,1.5,29400.0,G06_60_H7
2024-03-25 00:00:00,11.0,5.0,23.0,3.0,14.0,7.04,3520.0,0.0,52.0,0.83,0.71,28.1,26.2,0.36,0.39,0.0,0.0,1.5,1.5,29400.0,G06_60_H7
2024-03-26 00:00:00,16.0,6.0,24.0,5.0,15.0,7.75,3875.0,1.0,40.0,0.83,0.68,29.0,26.2,0.32,0.56,0.0,0.0,1.5,1.5,29400.0,G06_60_H7
2024-03-27 00:00:00,15.0,10.0,25.0,6.0,14.0,8.29,4145.0,0.0,56.0,0.82,0.7,28.0,25.8,0.36,0.55,0.0,0.0,1.5,1.5,29400.0,G06_60_H7
2024-03-28 00:00:00,19.0,9.0,26.0,4.0,14.0,8.04,4020.0,0.05,56.0,0.82,0.69,28.6,25.7,0.37,0.6,0.0,0.0,1.5,1.5,29400.0,G06_60_H7
2024-03-29 00:00:00,27.0,12.0,27.0,5.0,25.0,8.43,4215.0,0.0,68.0,0.81,0.55,29.9,25.6,0.41,1.52,0.0,0.0,1.5,3.0,29400.0,G06_60_H7
2024-03-30 00:00:00,27.0,13.0,28.0,7.0,16.0,9.19,4595.0,0.0,100.0,0.8,0.53,30.6,25.6,0.43999999999999995,2.09,0.0,0.0,1.5,5.0,29400.0,G06_60_H7
2024-03-31 00:00:00,24.0,13.0,29.0,9.0,29.0,9.15,4575.0,0.0,104.0,0.75,0.58,27.9,25.1,0.45999999999999996,1.31,0.0,0.0,1.5,3.0,29400.0,G06_60_H7
2024-04-01 00:00:00,27.0,13.0,30.0,11.0,20.0,8.3,4150.0,0.0,80.0,0.79,0.53,28.4,24.0,0.47,2.25,0.0,0.0,1.5,6.2,29400.0,G06_60_H7
2024-04-02 00:00:00,20.0,13.0,31.0,16.0,10.0,8.73,4365.0,0.0,132.0,0.85,0.67,25.4,24.0,0.5,0.72,0.0,0.0,2.0,3.0,29400.0,G06_60_H7
2024-04-03 00:00:00,16.0,9.0,32.0,18.0,9.0,9.1,4550.0,4.0,88.0,0.84,0.76,25.2,22.7,0.51,0.6699999999999999,0.0,0.0,2.0,3.0,29400.0,G06_60_H7
2024-04-04 00:00:00,16.0,6.0,33.0,24.0,6.0,8.73,4365.0,11.0,72.0,0.8,0.53,24.3,22.0,0.4,0.6299999999999999,0.0,0.0,2.0,2.5,29400.0,G06_60_H7
2024-04-05 00:00:00,15.0,11.0,34.0,60.0,10.0,8.9,4450.0,102.0,80.0,0.77,0.53,24.5,21.7,0.4,0.63,0.0,0.0,2.0,3.0,29400.0,G06_60_H7
2024-04-06 00:00:00,18.0,12.0,35.0,115.0,15.0,9.0,4500.0,47.0,88.0,0.75,0.55,24.1,21.6,0.41,0.59,0.0,0.0,2.0,3.0,29400.0,G06_60_H7
2024-04-07 00:00:00,18.0,11.0,36.0,213.0,0.0,9.0,4500.0,44.0,88.0,0.81,0.63,25.1,21.3,0.41,0.71,0.0,0.0,2.0,3.0,29400.0,G06_60_H7
2024-04-08 00:00:00,18.0,10.0,37.0,263.0,0.0,8.35,4175.0,30.0,92.0,0.82,0.61,23.9,21.2,0.41,0.6699999999999999,0.0,0.0,2.0,3.0,29400.0,G06_60_H7
2024-04-09 00:00:00,23.0,11.0,38.0,0.0,0.0,0.0,0.0,0.0,92.0,0.0,0.0,0.0,0.0,0.0,0.0,0.0,0.0,0.0,0.0,29400.0,G06_60_H7
2024-04-10 00:00:00,24.0,13.0,39.0,0.0,0.0,,,,,,,,,,,,,,,29400.0,G06_60_H7
2024-03-03 00:00:00,11.0,7.0,1.0,6.0,12.0,0.8,400.0,474.1,32.0,0.55,0.41,36.2,33.3,0.45,0.45,0.0,0.0,1.0,1.0,29400.0,G06_60_H8
2024-03-04 00:00:00,13.0,6.0,2.0,6.0,16.0,0.99,495.0,238.6,56.0,0.66,0.5,35.3,32.5,0.48,0.48,0.0,0.0,1.0,1.0,29400.0,G06_60_H8
2024-03-05 00:00:00,9.0,4.0,3.0,9.0,44.0,1.2,600.0,205.65,56.0,0.65,0.51,34.7,32.2,0.51,0.51,0.0,0.0,1.0,1.0,29400.0,G06_60_H8
2024-03-06 00:00:00,10.0,12.0,4.0,16.0,31.0,1.29,645.0,221.0,56.0,0.65,0.5,34.2,31.4,0.55,0.6,0.0,0.0,1.0,1.0,29400.0,G06_60_H8
2024-03-07 00:00:00,14.0,1.0,5.0,11.0,16.0,1.34,670.0,200.0,56.0,0.68,0.57,33.5,31.0,0.58,0.61,0.0,0.0,1.0,1.0,29400.0,G06_60_H8
2024-03-08 00:00:00,13.0,0.0,6.0,10.0,12.0,1.62,810.0,160.0,60.0,0.72,0.59,33.0,30.7,0.6,0.63,0.0,0.0,1.0,1.0,29400.0,G06_60_H8
2024-03-09 00:00:00,12.0,2.0,7.0,8.0,10.0,1.84,920.0,158.0,60.0,0.76,0.63,32.5,30.2,0.6,0.63,0.0,0.0,1.0,1.0,29400.0,G06_60_H8
2024-03-10 00:00:00,16.0,5.0,8.0,15.0,13.0,2.12,1060.0,130.0,56.0,0.8,0.68,31.9,30.0,0.63,0.65,0.0,0.0,1.0,1.0,29400.0,G06_60_H8
2024-03-11 00:00:00,21.0,6.0,9.0,13.0,219.0,2.42,1210.0,114.0,60.0,0.83,0.68,31.5,29.5,0.53,0.55,0.0,0.0,1.0,1.0,29400.0,G06_60_H8
2024-03-12 00:00:00,16.0,4.0,10.0,30.0,19.0,2.53,1265.0,82.0,36.0,0.78,0.62,31.3,29.1,0.5,0.56,0.0,0.0,1.0,1.0,29400.0,G06_60_H8
2024-03-13 00:00:00,16.0,7.0,11.0,10.0,16.0,2.8,1400.0,117.7,32.0,0.76,0.63,30.8,28.3,0.47,0.5,0.0,0.0,1.0,1.0,29400.0,G06_60_H8
2024-03-14 00:00:00,16.0,5.0,12.0,7.0,16.0,3.5,1750.0,55.0,32.0,0.85,0.66,29.8,28.4,0.44,0.44,0.0,0.0,1.0,1.0,29400.0,G06_60_H8
2024-03-15 00:00:00,19.0,7.0,13.0,8.0,20.0,3.84,1920.0,93.0,36.0,0.89,0.76,30.1,27.7,0.42,0.45,0.0,0.0,1.0,1.0,29400.0,G06_60_H8
2024-03-16 00:00:00,22.0,10.0,14.0,9.0,27.0,4.18,2090.0,93.0,40.0,0.91,0.77,29.9,27.5,0.42,0.45,0.0,0.0,1.0,1.0,29400.0,G06_60_H8
2024-03-17 00:00:00,11.0,4.0,15.0,8.0,36.0,4.44,2220.0,15.0,36.0,0.93,0.78,29.9,27.8,0.42,0.45,0.0,0.0,1.0,1.0,29400.0,G06_60_H8
2024-03-18 00:00:00,10.0,4.0,16.0,11.0,30.0,4.54,2270.0,94.0,44.0,0.87,0.69,29.1,26.9,0.41,0.44,0.0,0.0,1.0,1.0,29400.0,G06_60_H8
2024-03-19 00:00:00,17.0,4.0,17.0,6.0,38.0,4.92,2460.0,68.0,44.0,0.88,0.77,30.3,27.0,0.4,0.43,0.0,0.0,1.5,1.5,29400.0,G06_60_H8
2024-03-20 00:00:00,17.0,5.0,18.0,6.0,31.0,5.13,2565.0,25.0,44.0,0.89,0.77,31.3,27.2,0.4,0.44,0.0,0.0,1.5,1.5,29400.0,G06_60_H8
2024-03-21 00:00:00,24.0,9.0,19.0,5.0,30.0,5.69,2845.0,17.0,44.0,0.9,0.78,30.1,27.2,0.41,0.52,0.0,0.0,1.5,1.5,29400.0,G06_60_H8
2024-03-22 00:00:00,26.0,14.0,20.0,5.0,22.0,5.76,2880.0,3.0,40.0,0.87,0.67,30.5,27.3,0.41,0.92,0.0,0.0,1.5,1.5,29400.0,G06_60_H8
2024-03-23 00:00:00,19.0,13.0,21.0,4.0,18.0,6.33,3165.0,1.0,64.0,0.9,0.73,28.9,26.7,0.44,0.56,0.0,0.0,1.5,1.5,29400.0,G06_60_H8
2024-03-24 00:00:00,17.0,10.0,22.0,4.0,13.0,6.49,3245.0,1.0,48.0,0.88,0.8,29.5,27.0,0.44,0.47,0.0,0.0,1.5,1.5,29400.0,G06_60_H8
2024-03-25 00:00:00,11.0,5.0,23.0,3.0,17.0,6.96,3480.0,0.0,52.0,0.9,0.8,28.2,26.1,0.37,0.4,0.0,0.0,1.5,1.5,29400.0,G06_60_H8
2024-03-26 00:00:00,16.0,6.0,24.0,4.0,14.0,7.45,3725.0,1.0,48.0,0.9,0.77,28.9,25.9,0.33,0.55,0.0,0.0,1.5,1.5,29400.0,G06_60_H8
2024-03-27 00:00:00,15.0,10.0,25.0,6.0,13.0,8.08,4040.0,0.0,56.0,0.89,0.79,28.0,25.9,0.37,0.54,0.0,0.0,1.5,1.5,29400.0,G06_60_H8
2024-03-28 00:00:00,19.0,9.0,26.0,5.0,23.0,7.92,3960.0,0.05,60.0,0.89,0.78,28.2,25.7,0.38,0.61,0.0,0.0,1.5,1.5,29400.0,G06_60_H8
2024-03-29 00:00:00,27.0,12.0,27.0,6.0,32.0,8.21,4105.0,0.0,72.0,0.88,0.62,30.0,25.6,0.42,1.51,0.0,0.0,1.5,3.0,29400.0,G06_60_H8
2024-03-30 00:00:00,27.0,13.0,28.0,13.0,17.0,8.84,4420.0,0.0,104.0,0.88,0.55,30.3,25.6,0.44999999999999996,2.1,0.0,0.0,1.5,5.0,29400.0,G06_60_H8
2024-03-31 00:00:00,24.0,13.0,29.0,10.0,26.0,8.46,4230.0,0.0,104.0,0.82,0.65,27.9,25.1,0.47,1.33,0.0,0.0,1.5,3.0,29400.0,G06_60_H8
2024-04-01 00:00:00,27.0,13.0,30.0,16.0,22.0,8.31,4155.0,0.0,84.0,0.86,0.59,28.4,23.9,0.48,2.26,0.0,0.0,1.5,5.6,29400.0,G06_60_H8
2024-04-02 00:00:00,20.0,13.0,31.0,18.0,17.0,8.6,4300.0,0.0,144.0,0.9,0.73,25.9,23.9,0.51,0.73,0.0,0.0,2.0,3.0,29400.0,G06_60_H8
2024-04-03 00:00:00,16.0,9.0,32.0,43.0,16.0,8.8,4400.0,4.0,92.0,0.89,0.82,25.7,22.7,0.52,0.6799999999999999,0.0,0.0,2.0,2.5,29400.0,G06_60_H8
2024-04-04 00:00:00,16.0,6.0,33.0,97.0,18.0,8.14,4070.0,11.0,76.0,0.84,0.58,24.1,21.9,0.4,0.6399999999999999,0.0,0.0,2.0,2.0,29400.0,G06_60_H8
2024-04-05 00:00:00,15.0,11.0,34.0,170.0,12.0,7.45,3725.0,102.0,80.0,0.78,0.57,24.6,21.8,0.4,0.63,0.0,0.0,2.0,3.0,29400.0,G06_60_H8
2024-04-06 00:00:00,18.0,12.0,35.0,310.0,26.0,7.75,3875.0,47.0,84.0,0.79,0.64,23.9,21.8,0.4,0.55,0.0,0.0,2.0,2.5,29400.0,G06_60_H8
2024-04-07 00:00:00,18.0,11.0,36.0,532.0,0.0,6.97,3485.0,44.0,88.0,0.86,0.69,24.5,21.8,0.4,0.58,0.0,0.0,2.0,2.5,29400.0,G06_60_H8
2024-04-08 00:00:00,18.0,10.0,37.0,587.0,0.0,6.65,3325.0,30.0,88.0,0.87,0.67,23.8,21.7,0.4,0.5399999999999999,0.0,0.0,2.0,3.0,29400.0,G06_60_H8
2024-04-09 00:00:00,23.0,11.0,38.0,0.0,0.0,0.0,0.0,0.0,88.0,0.0,0.0,0.0,0.0,0.0,0.0,0.0,0.0,0.0,0.0,29400.0,G06_60_H8
2024-04-10 00:00:00,24.0,13.0,39.0,0.0,0.0,,,,,,,,,,,,,,,29400.0,G06_60_H8
2024-03-03 00:00:00,11.0,7.0,,,,,,,,,,,,,,,,,,28700.0,G06_60_H9
2024-03-04 00:00:00,13.0,6.0,1.0,17.0,9.0,0.8,400.0,238.6,72.0,0.64,0.48,36.1,33.7,0.45,0.45,0.0,0.0,1.0,1.0,28700.0,G06_60_H9
2024-03-05 00:00:00,9.0,4.0,2.0,12.0,11.0,1.03,515.0,205.65,48.0,0.65,0.56,35.5,33.1,0.48,0.48,0.0,0.0,1.0,1.0,28700.0,G06_60_H9
2024-03-06 00:00:00,10.0,12.0,3.0,22.0,28.0,1.18,590.0,221.0,48.0,0.67,0.56,34.5,32.3,0.51,0.55,0.0,0.0,1.0,1.0,28700.0,G06_60_H9
2024-03-07 00:00:00,14.0,1.0,4.0,25.0,66.0,1.3,650.0,200.0,56.0,0.74,0.64,33.5,32.0,0.54,0.57,0.0,0.0,1.0,1.0,28700.0,G06_60_H9
2024-03-08 00:00:00,13.0,0.0,5.0,11.0,25.0,1.42,710.0,160.0,52.0,0.75,0.64,33.5,31.3,0.57,0.6,0.0,0.0,1.0,1.0,28700.0,G06_60_H9
2024-03-09 00:00:00,12.0,2.0,6.0,13.0,38.0,1.74,870.0,158.0,52.0,0.78,0.68,32.7,31.0,0.57,0.6,0.0,0.0,1.0,1.0,28700.0,G06_60_H9
2024-03-10 00:00:00,16.0,5.0,7.0,10.0,27.0,1.97,985.0,130.0,52.0,0.81,0.71,32.1,30.3,0.6,0.63,0.0,0.0,1.0,1.0,28700.0,G06_60_H9
2024-03-11 00:00:00,21.0,6.0,8.0,15.0,266.0,2.35,1175.0,114.0,52.0,0.84,0.73,31.9,29.9,0.5,0.52,0.0,0.0,1.0,1.0,28700.0,G06_60_H9
2024-03-12 00:00:00,16.0,4.0,9.0,20.0,25.0,2.44,1220.0,82.0,36.0,0.81,0.68,31.4,29.3,0.47,0.53,0.0,0.0,1.0,1.0,28700.0,G06_60_H9
2024-03-13 00:00:00,16.0,7.0,10.0,9.0,11.0,2.49,1245.0,117.7,36.0,0.79,0.64,30.8,28.6,0.44,0.47,0.0,0.0,1.0,1.0,28700.0,G06_60_H9
2024-03-14 00:00:00,16.0,5.0,11.0,6.0,12.0,2.9,1450.0,55.0,28.0,0.86,0.7,30.5,28.7,0.42,0.42,0.0,0.0,1.0,1.0,28700.0,G06_60_H9
2024-03-15 00:00:00,19.0,7.0,12.0,3.0,10.0,3.34,1670.0,93.0,32.0,0.88,0.73,30.2,28.1,0.4,0.43,0.0,0.0,1.0,1.0,28700.0,G06_60_H9
2024-03-16 00:00:00,22.0,10.0,13.0,3.0,16.0,3.69,1845.0,93.0,36.0,0.91,0.79,30.1,28.3,0.42,0.45,0.0,0.0,1.0,1.0,28700.0,G06_60_H9
2024-03-17 00:00:00,11.0,4.0,14.0,5.0,25.0,4.01,2005.0,15.0,32.0,0.92,0.8,29.9,27.7,0.42,0.45,0.0,0.0,1.0,1.0,28700.0,G06_60_H9
2024-03-18 00:00:00,10.0,4.0,15.0,6.0,22.0,4.34,2170.0,94.0,44.0,0.86,0.69,29.4,26.9,0.4,0.43,0.0,0.0,1.0,1.0,28700.0,G06_60_H9
2024-03-19 00:00:00,17.0,4.0,16.0,8.0,40.0,4.68,2340.0,68.0,44.0,0.88,0.71,29.2,26.8,0.39,0.42,0.0,0.0,1.0,1.5,28700.0,G06_60_H9
2024-03-20 00:00:00,17.0,5.0,17.0,17.0,44.0,4.9,2450.0,25.0,36.0,0.88,0.73,30.3,27.1,0.39,0.43,0.0,0.0,1.5,1.5,28700.0,G06_60_H9
2024-03-21 00:00:00,24.0,9.0,18.0,13.0,32.0,5.3,2650.0,17.0,36.0,0.89,0.76,29.3,27.0,0.4,0.52,0.0,0.0,1.5,1.5,28700.0,G06_60_H9
2024-03-22 00:00:00,26.0,14.0,19.0,4.0,9.0,5.56,2780.0,3.0,44.0,0.85,0.68,30.3,27.0,0.4,0.9,0.0,0.0,1.5,1.5,28700.0,G06_60_H9
2024-03-23 00:00:00,19.0,13.0,20.0,7.0,17.0,5.87,2935.0,1.0,60.0,0.88,0.71,29.3,27.1,0.43,0.53,0.0,0.0,1.5,1.5,28700.0,G06_60_H9
2024-03-24 00:00:00,17.0,10.0,21.0,6.0,16.0,5.92,2960.0,1.0,52.0,0.87,0.78,29.1,27.0,0.41,0.5,0.0,0.0,1.5,1.5,28700.0,G06_60_H9
2024-03-25 00:00:00,11.0,5.0,22.0,13.0,19.0,5.94,2970.0,0.0,56.0,0.89,0.78,28.6,26.7,0.35,0.36,0.0,0.0,1.5,1.5,28700.0,G06_60_H9
2024-03-26 00:00:00,16.0,6.0,23.0,16.0,13.0,6.63,3315.0,0.0,44.0,0.89,0.78,28.8,26.6,0.3,0.54,0.0,0.0,1.5,1.5,28700.0,G06_60_H9
2024-03-27 00:00:00,15.0,10.0,24.0,9.0,9.0,6.8,3400.0,0.0,56.0,0.89,0.78,27.9,25.9,0.32,0.52,0.0,0.0,1.5,1.5,28700.0,G06_60_H9
2024-03-28 00:00:00,19.0,9.0,25.0,6.0,26.0,6.61,3305.0,0.05,56.0,0.89,0.78,28.7,25.5,0.33,0.53,0.0,0.0,1.5,1.5,28700.0,G06_60_H9
2024-03-29 00:00:00,27.0,12.0,26.0,13.0,24.0,7.17,3585.0,0.0,68.0,0.89,0.6,30.2,26.0,0.37,1.53,0.0,0.0,1.5,3.0,28700.0,G06_60_H9
2024-03-30 00:00:00,27.0,13.0,27.0,18.0,38.0,7.64,3820.0,0.0,88.0,0.86,0.56,30.5,26.3,0.4,1.86,0.0,0.0,1.5,4.5,28700.0,G06_60_H9
2024-03-31 00:00:00,24.0,13.0,28.0,21.0,29.0,7.74,3870.0,0.0,92.0,0.81,0.65,28.4,25.6,0.42000000000000004,1.29,0.0,0.0,1.5,2.5,28700.0,G06_60_H9
2024-04-01 00:00:00,27.0,13.0,29.0,20.0,32.0,7.9,3950.0,0.0,88.0,0.84,0.58,28.6,24.6,0.43,2.1,0.0,0.0,1.5,5.6,28700.0,G06_60_H9
2024-04-02 00:00:00,20.0,13.0,30.0,20.0,16.0,8.48,4240.0,0.0,128.0,0.9,0.71,26.9,24.6,0.4600000000000001,0.68,0.0,0.0,2.0,2.5,28700.0,G06_60_H9
2024-04-03 00:00:00,16.0,9.0,31.0,27.0,19.0,9.0,4500.0,4.0,92.0,0.88,0.8,26.5,23.0,0.4700000000000001,0.63,0.0,0.0,2.0,2.5,28700.0,G06_60_H9
2024-04-04 00:00:00,16.0,6.0,32.0,30.0,12.0,8.94,4470.0,11.0,84.0,0.84,0.6,24.5,22.3,0.4,0.59,0.0,0.0,2.0,2.0,28700.0,G06_60_H9
2024-04-05 00:00:00,15.0,11.0,33.0,33.0,3.0,9.48,4740.0,102.0,80.0,0.78,0.56,24.5,22.0,0.4,0.57,0.0,0.0,2.0,2.5,28700.0,G06_60_H9
2024-04-06 00:00:00,18.0,12.0,34.0,30.0,2.0,9.82,4910.0,47.0,96.0,0.8,0.65,24.1,21.8,0.43,0.61,0.0,0.0,2.0,3.0,28700.0,G06_60_H9
2024-04-07 00:00:00,18.0,11.0,35.0,22.0,44.0,10.1,5050.0,44.0,104.0,0.87,0.7,24.4,21.6,0.43,0.72,0.0,0.0,2.0,2.5,28700.0,G06_60_H9
2024-04-08 00:00:00,18.0,10.0,36.0,30.0,6.0,10.49,5245.0,30.0,100.0,0.9,0.69,23.6,21.3,0.43,0.6799999999999999,0.0,0.0,2.0,3.0,28700.0,G06_60_H9
2024-04-09 00:00:00,23.0,11.0,37.0,92.0,6.0,10.8,5400.0,30.0,116.0,0.87,0.64,24.6,20.9,0.43,1.52,0.0,0.0,2.0,6.0,28700.0,G06_60_H9
2024-04-10 00:00:00,24.0,13.0,38.0,0.0,0.0,,,,,,,,,,,,,,,28700.0,G06_60_H9
2024-03-03 00:00:00,11.0,7.0,,,,,,,,,,,,,,,,,,28400.0,G06_60_H10
2024-03-04 00:00:00,13.0,6.0,1.0,18.0,8.0,0.8,400.0,238.6,72.0,0.67,0.46,35.8,33.3,0.45,0.45,0.0,0.0,1.0,1.0,28400.0,G06_60_H10
2024-03-05 00:00:00,9.0,4.0,2.0,12.0,16.0,1.01,505.0,205.65,52.0,0.68,0.55,35.3,32.8,0.48,0.48,0.0,0.0,1.0,1.0,28400.0,G06_60_H10
2024-03-06 00:00:00,10.0,12.0,3.0,26.0,69.0,1.15,575.0,221.0,52.0,0.67,0.57,34.5,32.1,0.51,0.55,0.0,0.0,1.0,1.0,28400.0,G06_60_H10
2024-03-07 00:00:00,14.0,1.0,4.0,20.0,44.0,1.3,650.0,200.0,56.0,0.7,0.62,33.8,31.4,0.54,0.57,0.0,0.0,1.0,1.0,28400.0,G06_60_H10
2024-03-08 00:00:00,13.0,0.0,5.0,17.0,30.0,1.64,820.0,160.0,56.0,0.73,0.64,33.6,31.2,0.57,0.6,0.0,0.0,1.0,1.0,28400.0,G06_60_H10
2024-03-09 00:00:00,12.0,2.0,6.0,14.0,46.0,1.74,870.0,158.0,56.0,0.75,0.67,33.0,30.6,0.57,0.6,0.0,0.0,1.0,1.0,28400.0,G06_60_H10
2024-03-10 00:00:00,16.0,5.0,7.0,8.0,17.0,1.87,935.0,130.0,56.0,0.8,0.69,31.7,30.2,0.6,0.62,0.0,0.0,1.0,1.0,28400.0,G06_60_H10
2024-03-11 00:00:00,21.0,6.0,8.0,16.0,306.0,2.32,1160.0,114.0,56.0,0.8,0.72,31.3,29.7,0.5,0.52,0.0,0.0,1.0,1.0,28400.0,G06_60_H10
2024-03-12 00:00:00,16.0,4.0,9.0,18.0,21.0,2.42,1210.0,82.0,40.0,0.79,0.71,31.0,29.3,0.47,0.53,0.0,0.0,1.0,1.0,28400.0,G06_60_H10
2024-03-13 00:00:00,16.0,7.0,10.0,10.0,15.0,2.54,1270.0,117.7,36.0,0.76,0.64,30.6,28.6,0.44,0.47,0.0,0.0,1.0,1.0,28400.0,G06_60_H10
2024-03-14 00:00:00,16.0,5.0,11.0,5.0,10.0,3.0,1500.0,55.0,28.0,0.84,0.69,30.0,28.6,0.42,0.42,0.0,0.0,1.0,1.0,28400.0,G06_60_H10
2024-03-15 00:00:00,19.0,7.0,12.0,2.0,11.0,3.66,1830.0,93.0,36.0,0.87,0.79,30.0,28.0,0.4,0.43,0.0,0.0,1.0,1.0,28400.0,G06_60_H10
2024-03-16 00:00:00,22.0,10.0,13.0,4.0,19.0,3.88,1940.0,93.0,40.0,0.88,0.8,29.9,27.7,0.39,0.45,0.0,0.0,1.0,1.0,28400.0,G06_60_H10
2024-03-17 00:00:00,11.0,4.0,14.0,6.0,16.0,4.02,2010.0,15.0,36.0,0.89,0.8,29.4,27.8,0.39,0.45,0.0,0.0,1.0,1.0,28400.0,G06_60_H10
2024-03-18 00:00:00,10.0,4.0,15.0,7.0,15.0,4.33,2165.0,94.0,44.0,0.85,0.72,29.3,27.0,0.4,0.43,0.0,0.0,1.0,1.0,28400.0,G06_60_H10
2024-03-19 00:00:00,17.0,4.0,16.0,5.0,17.0,4.87,2435.0,68.0,44.0,0.85,0.74,28.7,26.8,0.39,0.42,0.0,0.0,1.0,1.5,28400.0,G06_60_H10
2024-03-20 00:00:00,17.0,5.0,17.0,6.0,18.0,5.11,2555.0,25.0,36.0,0.85,0.73,29.3,27.2,0.39,0.43,0.0,0.0,1.5,1.5,28400.0,G06_60_H10
2024-03-21 00:00:00,24.0,9.0,18.0,5.0,20.0,5.34,2670.0,17.0,36.0,0.86,0.75,29.0,27.0,0.4,0.51,0.0,0.0,1.5,1.5,28400.0,G06_60_H10
2024-03-22 00:00:00,26.0,14.0,19.0,3.0,12.0,5.81,2905.0,3.0,48.0,0.83,0.67,29.7,27.0,0.4,0.9,0.0,0.0,1.5,1.5,28400.0,G06_60_H10
2024-03-23 00:00:00,19.0,13.0,20.0,6.0,12.0,6.35,3175.0,1.0,56.0,0.83,0.72,29.0,27.1,0.42,0.51,0.0,0.0,1.5,1.5,28400.0,G06_60_H10
2024-03-24 00:00:00,17.0,10.0,21.0,7.0,12.0,6.39,3195.0,1.0,56.0,0.85,0.79,28.7,26.7,0.42,0.52,0.0,0.0,1.5,1.5,28400.0,G06_60_H10
2024-03-25 00:00:00,11.0,5.0,22.0,10.0,20.0,6.65,3325.0,0.0,52.0,0.86,0.8,28.5,26.3,0.35,0.4,0.0,0.0,1.5,1.5,28400.0,G06_60_H10
2024-03-26 00:00:00,16.0,6.0,23.0,12.0,8.0,6.92,3460.0,0.0,48.0,0.86,0.77,28.9,26.3,0.31,0.55,0.0,0.0,1.5,1.5,28400.0,G06_60_H10
2024-03-27 00:00:00,15.0,10.0,24.0,8.0,10.0,7.63,3815.0,0.0,56.0,0.87,0.79,27.7,25.7,0.34,0.52,0.0,0.0,1.5,1.5,28400.0,G06_60_H10
2024-03-28 00:00:00,19.0,9.0,25.0,7.0,13.0,7.54,3770.0,0.05,56.0,0.87,0.78,28.6,25.6,0.35000000000000003,0.54,0.0,0.0,1.5,1.5,28400.0,G06_60_H10
2024-03-29 00:00:00,27.0,12.0,26.0,8.0,17.0,7.93,3965.0,0.0,72.0,0.86,0.63,30.0,26.0,0.39,1.54,0.0,0.0,1.5,3.0,28400.0,G06_60_H10
2024-03-30 00:00:00,27.0,13.0,27.0,19.0,22.0,7.96,3980.0,0.0,100.0,0.87,0.56,30.6,26.1,0.42000000000000004,1.96,0.0,0.0,1.5,4.5,28400.0,G06_60_H10
2024-03-31 00:00:00,24.0,13.0,28.0,18.0,26.0,8.02,4010.0,0.0,92.0,0.81,0.63,28.4,25.3,0.44000000000000006,1.25,0.0,0.0,1.5,2.5,28400.0,G06_60_H10
2024-04-01 00:00:00,27.0,13.0,29.0,26.0,66.0,7.83,3915.0,0.0,88.0,0.85,0.58,28.3,24.4,0.45,2.19,0.0,0.0,1.5,5.6,28400.0,G06_60_H10
2024-04-02 00:00:00,20.0,13.0,30.0,35.0,40.0,8.24,4120.0,0.0,124.0,0.88,0.73,26.1,24.2,0.4800000000000001,0.7000000000000001,0.0,0.0,2.0,3.0,28400.0,G06_60_H10
2024-04-03 00:00:00,16.0,9.0,31.0,46.0,72.0,8.6,4300.0,4.0,88.0,0.88,0.79,25.9,23.1,0.4900000000000001,0.53,0.0,0.0,2.0,2.5,28400.0,G06_60_H10
2024-04-04 00:00:00,16.0,6.0,32.0,110.0,103.0,7.51,3755.0,11.0,84.0,0.84,0.62,24.7,22.4,0.4,0.49000000000000005,0.0,0.0,2.0,2.0,28400.0,G06_60_H10
2024-04-05 00:00:00,15.0,11.0,33.0,88.0,58.0,8.36,4180.0,102.0,80.0,0.82,0.63,24.9,21.8,0.4,0.58,0.0,0.0,2.0,2.5,28400.0,G06_60_H10
2024-04-06 00:00:00,18.0,12.0,34.0,160.0,70.0,8.03,4015.0,47.0,88.0,0.8,0.65,24.3,21.9,0.4,0.57,0.0,0.0,2.0,2.5,28400.0,G06_60_H10
2024-04-07 00:00:00,18.0,11.0,35.0,230.0,82.0,7.8,3900.0,44.0,92.0,0.85,0.7,24.6,21.8,0.4,0.71,0.0,0.0,2.0,2.5,28400.0,G06_60_H10
2024-04-08 00:00:00,18.0,10.0,36.0,260.0,0.0,7.65,3825.0,30.0,88.0,0.87,0.69,24.1,22.1,0.4,0.6699999999999999,0.0,0.0,2.0,3.0,28400.0,G06_60_H10
2024-04-09 00:00:00,23.0,11.0,37.0,470.0,0.0,7.93,3965.0,30.0,96.0,0.83,0.64,25.2,21.5,0.4,1.53,0.0,0.0,2.0,6.0,28400.0,G06_60_H10
2024-04-10 00:00:00,24.0,13.0,38.0,0.0,0.0,,,,,,,,,,,,,,,28400.0,G06_60_H10
2024-03-03 00:00:00,11.0,7.0,,,,,,,,,,,,,,,,,,28400.0,G06_60_H11
2024-03-04 00:00:00,13.0,6.0,1.0,13.0,6.0,0.8,400.0,238.6,40.0,0.68,0.55,35.2,33.9,0.45,0.45,0.0,0.0,1.0,1.0,28400.0,G06_60_H11
2024-03-05 00:00:00,9.0,4.0,2.0,8.0,5.0,1.01,505.0,205.65,48.0,0.69,0.63,34.6,33.2,0.48,0.48,0.0,0.0,1.0,1.0,28400.0,G06_60_H11
2024-03-06 00:00:00,10.0,12.0,3.0,9.0,6.0,1.17,585.0,221.0,48.0,0.72,0.64,34.1,32.4,0.51,0.55,0.0,0.0,1.0,1.0,28400.0,G06_60_H11
2024-03-07 00:00:00,14.0,1.0,4.0,14.0,23.0,1.23,615.0,200.0,56.0,0.75,0.67,33.5,31.8,0.54,0.57,0.0,0.0,1.0,1.0,28400.0,G06_60_H11
2024-03-08 00:00:00,13.0,0.0,5.0,15.0,30.0,1.38,690.0,160.0,56.0,0.77,0.67,33.0,31.4,0.57,0.6,0.0,0.0,1.0,1.0,28400.0,G06_60_H11
2024-03-09 00:00:00,12.0,2.0,6.0,14.0,5.0,1.68,840.0,158.0,52.0,0.81,0.7,32.5,30.9,0.57,0.6,0.0,0.0,1.0,1.0,28400.0,G06_60_H11
2024-03-10 00:00:00,16.0,5.0,7.0,10.0,5.0,1.8,900.0,130.0,56.0,0.87,0.76,32.1,30.0,0.6,0.62,0.0,0.0,1.0,1.0,28400.0,G06_60_H11
2024-03-11 00:00:00,21.0,6.0,8.0,16.0,210.0,2.1,1050.0,114.0,56.0,0.86,0.76,32.1,29.4,0.5,0.52,0.0,0.0,1.0,1.0,28400.0,G06_60_H11
2024-03-12 00:00:00,16.0,4.0,9.0,17.0,2.0,2.35,1175.0,82.0,28.0,0.87,0.77,31.7,29.2,0.47,0.53,0.0,0.0,1.0,1.0,28400.0,G06_60_H11
2024-03-13 00:00:00,16.0,7.0,10.0,11.0,2.0,2.69,1345.0,117.7,36.0,0.84,0.72,31.0,28.5,0.44,0.47,0.0,0.0,1.0,1.0,28400.0,G06_60_H11
2024-03-14 00:00:00,16.0,5.0,11.0,8.0,4.0,3.19,1595.0,55.0,28.0,0.9,0.77,30.5,28.3,0.42,0.42,0.0,0.0,1.0,1.0,28400.0,G06_60_H11
2024-03-15 00:00:00,19.0,7.0,12.0,7.0,10.0,3.54,1770.0,93.0,28.0,0.9,0.79,30.4,27.8,0.4,0.43,0.0,0.0,1.0,1.0,28400.0,G06_60_H11
2024-03-16 00:00:00,22.0,10.0,13.0,9.0,12.0,3.91,1955.0,93.0,32.0,0.89,0.75,29.8,28.0,0.39,0.45,0.0,0.0,1.0,1.0,28400.0,G06_60_H11
2024-03-17 00:00:00,11.0,4.0,14.0,8.0,24.0,4.09,2045.0,15.0,32.0,0.91,0.78,30.1,28.0,0.39,0.45,0.0,0.0,1.0,1.0,28400.0,G06_60_H11
2024-03-18 00:00:00,10.0,4.0,15.0,7.0,32.0,4.18,2090.0,94.0,40.0,0.87,0.71,30.0,27.1,0.4,0.43,0.0,0.0,1.0,1.0,28400.0,G06_60_H11
2024-03-19 00:00:00,17.0,4.0,16.0,9.0,31.0,4.65,2325.0,68.0,40.0,0.92,0.78,29.4,27.0,0.39,0.42,0.0,0.0,1.0,1.5,28400.0,G06_60_H11
2024-03-20 00:00:00,17.0,5.0,17.0,10.0,85.0,5.14,2570.0,25.0,32.0,0.92,0.81,30.1,27.1,0.39,0.43,0.0,0.0,1.5,1.5,28400.0,G06_60_H11
2024-03-21 00:00:00,24.0,9.0,18.0,8.0,100.0,5.45,2725.0,17.0,32.0,0.94,0.82,29.1,27.1,0.4,0.5,0.0,0.0,1.5,1.5,28400.0,G06_60_H11
2024-03-22 00:00:00,26.0,14.0,19.0,10.0,32.0,5.97,2985.0,3.0,44.0,0.9,0.71,30.5,27.0,0.4,0.9,0.0,0.0,1.5,1.5,28400.0,G06_60_H11
2024-03-23 00:00:00,19.0,13.0,20.0,7.0,7.0,6.25,3125.0,0.0,52.0,0.9,0.78,29.0,27.5,0.45,0.54,0.0,0.0,1.5,1.5,28400.0,G06_60_H11
2024-03-24 00:00:00,17.0,10.0,21.0,9.0,15.0,6.34,3170.0,1.0,48.0,0.9,0.86,28.9,26.9,0.41,0.51,0.0,0.0,1.5,1.5,28400.0,G06_60_H11
2024-03-25 00:00:00,11.0,5.0,22.0,10.0,27.0,6.59,3295.0,0.0,48.0,0.91,0.87,28.5,26.1,0.34,0.41,0.0,0.0,1.5,1.5,28400.0,G06_60_H11
2024-03-26 00:00:00,16.0,6.0,23.0,6.0,7.0,6.64,3320.0,0.0,64.0,0.96,0.85,29.0,26.1,0.32,0.56,0.0,0.0,1.5,1.5,28400.0,G06_60_H11
2024-03-27 00:00:00,15.0,10.0,24.0,7.0,16.0,7.27,3635.0,0.0,48.0,0.92,0.87,27.9,25.8,0.36,0.55,0.0,0.0,1.5,1.5,28400.0,G06_60_H11
2024-03-28 00:00:00,19.0,9.0,25.0,6.0,30.0,7.5,3750.0,0.05,52.0,0.95,0.85,28.6,25.5,0.37,0.56,0.0,0.0,1.5,1.5,28400.0,G06_60_H11
2024-03-29 00:00:00,27.0,12.0,26.0,7.0,19.0,7.89,3945.0,0.0,64.0,0.9,0.69,30.2,25.7,0.41,1.5,0.0,0.0,1.5,3.0,28400.0,G06_60_H11
2024-03-30 00:00:00,27.0,13.0,27.0,9.0,16.0,8.62,4310.0,0.0,88.0,0.93,0.64,30.8,25.8,0.43999999999999995,2.06,0.0,0.0,1.5,4.5,28400.0,G06_60_H11
2024-03-31 00:00:00,24.0,13.0,28.0,13.0,24.0,7.95,3975.0,0.0,92.0,0.89,0.72,28.0,25.0,0.45999999999999996,1.3,0.0,0.0,1.5,2.5,28400.0,G06_60_H11
2024-04-01 00:00:00,27.0,13.0,29.0,30.0,21.0,8.15,4075.0,0.0,84.0,0.9,0.66,28.5,24.3,0.47,2.17,0.0,0.0,1.5,5.6,28400.0,G06_60_H11
2024-04-02 00:00:00,20.0,13.0,30.0,37.0,10.0,8.25,4125.0,0.0,124.0,0.94,0.8,26.0,24.3,0.5,0.72,0.0,0.0,2.0,3.0,28400.0,G06_60_H11
2024-04-03 00:00:00,16.0,9.0,31.0,50.0,10.0,8.5,4250.0,4.0,88.0,0.92,0.82,25.6,23.7,0.51,0.6699999999999999,0.0,0.0,2.0,2.5,28400.0,G06_60_H11
2024-04-04 00:00:00,16.0,6.0,32.0,51.0,8.0,8.06,4030.0,11.0,88.0,0.9,0.67,24.9,22.6,0.4,0.6299999999999999,0.0,0.0,2.0,2.0,28400.0,G06_60_H11
2024-04-05 00:00:00,15.0,11.0,33.0,50.0,3.0,8.52,4260.0,102.0,92.0,0.75,0.54,24.9,22.6,0.4,0.54,0.0,0.0,2.0,2.5,28400.0,G06_60_H11
2024-04-06 00:00:00,18.0,12.0,34.0,55.0,5.0,8.78,4390.0,47.0,96.0,0.88,0.69,24.3,22.3,0.4,0.56,0.0,0.0,2.0,2.5,28400.0,G06_60_H11
2024-04-07 00:00:00,18.0,11.0,35.0,89.0,31.0,8.99,4495.0,44.0,100.0,0.94,0.78,24.5,22.0,0.4,0.7,0.0,0.0,2.0,2.5,28400.0,G06_60_H11
2024-04-08 00:00:00,18.0,10.0,36.0,150.0,0.0,8.68,4340.0,30.0,92.0,0.96,0.76,23.7,21.6,0.4,0.6599999999999999,0.0,0.0,2.0,3.0,28400.0,G06_60_H11
2024-04-09 00:00:00,23.0,11.0,37.0,170.0,0.0,8.58,4290.0,30.0,108.0,0.9,0.72,25.1,21.3,0.4,1.54,0.0,0.0,2.0,6.0,28400.0,G06_60_H11
2024-04-10 00:00:00,24.0,13.0,38.0,0.0,0.0,,,,,,,,,,,,,,,28400.0,G06_60_H11
2024-03-03 00:00:00,11.0,7.0,,,,,,,,,,,,,,,,,,28300.0,G06_60_H12
2024-03-04 00:00:00,13.0,6.0,1.0,20.0,13.0,0.8,400.0,238.6,52.0,0.66,0.41,36.0,33.6,0.45,0.45,0.0,0.0,1.0,1.0,28300.0,G06_60_H12
2024-03-05 00:00:00,9.0,4.0,2.0,15.0,8.0,1.02,510.0,205.65,56.0,0.67,0.53,34.9,32.9,0.48,0.48,0.0,0.0,1.0,1.0,28300.0,G06_60_H12
2024-03-06 00:00:00,10.0,12.0,3.0,10.0,10.0,1.18,590.0,221.0,56.0,0.65,0.53,34.5,32.1,0.51,0.54,0.0,0.0,1.0,1.0,28300.0,G06_60_H12
2024-03-07 00:00:00,14.0,1.0,4.0,17.0,29.0,1.33,665.0,200.0,52.0,0.68,0.57,33.7,31.6,0.54,0.57,0.0,0.0,1.0,1.0,28300.0,G06_60_H12
2024-03-08 00:00:00,13.0,0.0,5.0,16.0,29.0,1.5,750.0,160.0,52.0,0.7,0.6,33.2,31.4,0.57,0.6,0.0,0.0,1.0,1.0,28300.0,G06_60_H12
2024-03-09 00:00:00,12.0,2.0,6.0,17.0,6.0,1.78,890.0,158.0,52.0,0.72,0.62,32.6,30.8,0.57,0.6,0.0,0.0,1.0,1.0,28300.0,G06_60_H12
2024-03-10 00:00:00,16.0,5.0,7.0,13.0,8.0,1.9,950.0,130.0,56.0,0.77,0.67,31.9,29.9,0.6,0.63,0.0,0.0,1.0,1.0,28300.0,G06_60_H12
2024-03-11 00:00:00,21.0,6.0,8.0,18.0,298.0,2.2,1100.0,114.0,52.0,0.77,0.67,31.4,29.6,0.5,0.52,0.0,0.0,1.0,1.0,28300.0,G06_60_H12
2024-03-12 00:00:00,16.0,4.0,9.0,19.0,5.0,2.3,1150.0,82.0,24.0,0.76,0.65,31.2,29.2,0.47,0.53,0.0,0.0,1.0,1.0,28300.0,G06_60_H12
2024-03-13 00:00:00,16.0,7.0,10.0,15.0,10.0,2.45,1225.0,117.7,40.0,0.74,0.63,30.7,28.6,0.44,0.47,0.0,0.0,1.0,1.0,28300.0,G06_60_H12
2024-03-14 00:00:00,16.0,5.0,11.0,11.0,7.0,3.09,1545.0,55.0,24.0,0.82,0.65,30.4,28.4,0.42,0.42,0.0,0.0,1.0,1.0,28300.0,G06_60_H12
2024-03-15 00:00:00,19.0,7.0,12.0,10.0,9.0,3.42,1710.0,93.0,40.0,0.87,0.76,29.8,28.0,0.4,0.43,0.0,0.0,1.0,1.0,28300.0,G06_60_H12
2024-03-16 00:00:00,22.0,10.0,13.0,9.0,14.0,3.74,1870.0,93.0,32.0,0.9,0.78,30.2,28.0,0.39,0.45,0.0,0.0,1.0,1.0,28300.0,G06_60_H12
2024-03-17 00:00:00,11.0,4.0,14.0,7.0,14.0,3.99,1995.0,15.0,32.0,0.91,0.8,29.8,27.8,0.39,0.45,0.0,0.0,1.0,1.0,28300.0,G06_60_H12
2024-03-18 00:00:00,10.0,4.0,15.0,8.0,9.0,4.09,2045.0,94.0,44.0,0.85,0.7,29.0,27.0,0.4,0.43,0.0,0.0,1.0,1.0,28300.0,G06_60_H12
2024-03-19 00:00:00,17.0,4.0,16.0,10.0,12.0,4.58,2290.0,68.0,44.0,0.86,0.72,29.5,27.0,0.39,0.42,0.0,0.0,1.0,1.5,28300.0,G06_60_H12
2024-03-20 00:00:00,17.0,5.0,17.0,10.0,12.0,4.93,2465.0,25.0,36.0,0.84,0.68,29.6,26.9,0.39,0.43,0.0,0.0,1.5,1.5,28300.0,G06_60_H12
2024-03-21 00:00:00,24.0,9.0,18.0,7.0,13.0,5.34,2670.0,17.0,36.0,0.85,0.73,28.9,26.7,0.4,0.49,0.0,0.0,1.5,1.5,28300.0,G06_60_H12
2024-03-22 00:00:00,26.0,14.0,19.0,8.0,7.0,5.74,2870.0,3.0,44.0,0.81,0.69,29.9,26.8,0.4,0.88,0.0,0.0,1.5,1.5,28300.0,G06_60_H12
2024-03-23 00:00:00,19.0,13.0,20.0,11.0,10.0,6.16,3080.0,0.0,60.0,0.87,0.69,29.3,27.0,0.43,0.55,0.0,0.0,1.5,1.5,28300.0,G06_60_H12
2024-03-24 00:00:00,17.0,10.0,21.0,9.0,8.0,6.2,3100.0,1.0,52.0,0.84,0.77,29.3,27.0,0.42,0.51,0.0,0.0,1.5,1.5,28300.0,G06_60_H12
2024-03-25 00:00:00,11.0,5.0,22.0,7.0,7.0,6.59,3295.0,0.0,52.0,0.85,0.77,28.7,26.4,0.35,0.41,0.0,0.0,1.5,1.5,28300.0,G06_60_H12
2024-03-26 00:00:00,16.0,6.0,23.0,8.0,18.0,6.54,3270.0,0.0,44.0,0.86,0.74,29.2,26.0,0.31,0.55,0.0,0.0,1.5,1.5,28300.0,G06_60_H12
2024-03-27 00:00:00,15.0,10.0,24.0,9.0,28.0,7.44,3720.0,0.0,52.0,0.85,0.76,27.8,25.9,0.35,0.54,0.0,0.0,1.5,1.5,28300.0,G06_60_H12
2024-03-28 00:00:00,19.0,9.0,25.0,5.0,25.0,7.6,3800.0,0.05,60.0,0.85,0.74,29.0,25.6,0.36,0.56,0.0,0.0,1.5,1.5,28300.0,G06_60_H12
2024-03-29 00:00:00,27.0,12.0,26.0,7.0,59.0,7.53,3765.0,0.0,68.0,0.86,0.6,30.0,26.0,0.39999999999999997,1.51,0.0,0.0,1.5,3.0,28300.0,G06_60_H12
2024-03-30 00:00:00,27.0,13.0,27.0,13.0,107.0,8.24,4120.0,0.0,92.0,0.83,0.55,31.0,26.0,0.42999999999999994,1.99,0.0,0.0,1.5,4.5,28300.0,G06_60_H12
2024-03-31 00:00:00,24.0,13.0,28.0,14.0,130.0,7.94,3970.0,0.0,92.0,0.78,0.63,28.4,24.9,0.44999999999999996,1.31,0.0,0.0,1.5,2.5,28300.0,G06_60_H12
2024-04-01 00:00:00,27.0,13.0,29.0,32.0,302.0,7.51,3755.0,0.0,84.0,0.8,0.55,28.7,24.3,0.46,2.32,0.0,0.0,1.5,5.6,28300.0,G06_60_H12
2024-04-02 00:00:00,20.0,13.0,30.0,24.0,200.0,7.34,3670.0,0.0,120.0,0.87,0.7,26.5,24.3,0.49,0.71,0.0,0.0,2.0,3.0,28300.0,G06_60_H12
2024-04-03 00:00:00,16.0,9.0,31.0,35.0,215.0,7.0,3500.0,4.0,88.0,0.85,0.79,25.5,23.4,0.41,0.51,0.0,0.0,2.0,2.5,28300.0,G06_60_H12
2024-04-04 00:00:00,16.0,6.0,32.0,40.0,220.0,6.11,3055.0,11.0,68.0,0.81,0.6,25.2,22.6,0.4,0.47000000000000003,0.0,0.0,2.0,2.0,28300.0,G06_60_H12
2024-04-05 00:00:00,15.0,11.0,33.0,50.0,231.0,6.25,3125.0,102.0,72.0,0.8,0.55,25.0,22.0,0.4,0.56,0.0,0.0,2.0,2.5,28300.0,G06_60_H12
2024-04-06 00:00:00,18.0,12.0,34.0,61.0,240.0,6.14,3070.0,47.0,72.0,0.77,0.62,24.6,22.0,0.4,0.54,0.0,0.0,2.0,2.5,28300.0,G06_60_H12
2024-04-07 00:00:00,18.0,11.0,35.0,90.0,190.0,6.39,3195.0,44.0,96.0,0.84,0.67,24.5,22.1,0.4,0.78,0.0,0.0,2.0,2.5,28300.0,G06_60_H12
2024-04-08 00:00:00,18.0,10.0,36.0,200.0,20.0,6.34,3170.0,30.0,84.0,0.84,0.66,24.1,22.0,0.4,0.74,0.0,0.0,2.0,2.5,28300.0,G06_60_H12
2024-04-09 00:00:00,23.0,11.0,37.0,154.0,0.0,6.71,3355.0,30.0,92.0,0.81,0.61,25.6,21.5,0.4,1.54,0.0,0.0,2.0,6.0,28300.0,G06_60_H12
2024-04-10 00:00:00,24.0,13.0,38.0,0.0,0.0,,,,,,,,,,,,,,,28300.0,G06_60_H12
2024-03-03 00:00:00,11.0,7.0,1.0,12.0,5.0,0.8,400.0,474.1,48.0,0.57,0.44,35.8,33.1,0.45,0.45,0.0,0.0,1.0,1.0,28000.0,G06_60_H13
2024-03-04 00:00:00,13.0,6.0,2.0,7.0,5.0,0.99,495.0,238.6,48.0,0.64,0.52,35.1,32.2,0.48,0.48,0.0,0.0,1.0,1.0,28000.0,G06_60_H13
2024-03-05 00:00:00,9.0,4.0,3.0,5.0,1.0,1.21,605.0,205.65,48.0,0.63,0.55,34.2,32.5,0.51,0.51,0.0,0.0,1.0,1.0,28000.0,G06_60_H13
2024-03-06 00:00:00,10.0,12.0,4.0,7.0,5.0,1.29,645.0,221.0,48.0,0.62,0.52,33.4,31.0,0.55,0.6,0.0,0.0,1.0,1.0,28000.0,G06_60_H13
2024-03-07 00:00:00,14.0,1.0,5.0,8.0,11.0,1.12,560.0,200.0,56.0,0.66,0.58,33.0,30.5,0.58,0.61,0.0,0.0,1.0,1.0,28000.0,G06_60_H13
2024-03-08 00:00:00,13.0,0.0,6.0,6.0,6.0,1.45,725.0,160.0,52.0,0.72,0.61,32.7,30.6,0.6,0.63,0.0,0.0,1.0,1.0,28000.0,G06_60_H13
2024-03-09 00:00:00,12.0,2.0,7.0,9.0,8.0,1.7,850.0,158.0,56.0,0.76,0.67,32.2,30.1,0.6,0.63,0.0,0.0,1.0,1.0,28000.0,G06_60_H13
2024-03-10 00:00:00,16.0,5.0,8.0,16.0,169.0,2.11,1055.0,130.0,48.0,0.8,0.73,31.8,29.8,0.63,0.65,0.0,0.0,1.0,1.0,28000.0,G06_60_H13
2024-03-11 00:00:00,21.0,6.0,9.0,14.0,6.0,2.25,1125.0,114.0,36.0,0.79,0.7,31.7,29.2,0.53,0.55,0.0,0.0,1.0,1.0,28000.0,G06_60_H13
2024-03-12 00:00:00,16.0,4.0,10.0,7.0,5.0,2.41,1205.0,82.0,24.0,0.8,0.67,31.0,28.5,0.5,0.54,0.0,0.0,1.0,1.0,28000.0,G06_60_H13
2024-03-13 00:00:00,16.0,7.0,11.0,5.0,2.0,2.75,1375.0,117.7,32.0,0.77,0.64,30.5,27.9,0.47,0.5,0.0,0.0,1.0,1.0,28000.0,G06_60_H13
2024-03-14 00:00:00,16.0,5.0,12.0,5.0,3.0,3.16,1580.0,55.0,28.0,0.83,0.7,30.0,27.9,0.44,0.44,0.0,0.0,1.0,1.0,28000.0,G06_60_H13
2024-03-15 00:00:00,19.0,7.0,13.0,4.0,18.0,3.44,1720.0,93.0,32.0,0.85,0.76,29.9,27.4,0.42,0.45,0.0,0.0,1.0,1.0,28000.0,G06_60_H13
2024-03-16 00:00:00,22.0,10.0,14.0,4.0,31.0,3.95,1975.0,93.0,32.0,0.87,0.7,29.8,27.7,0.4,0.46,0.0,0.0,1.0,1.0,28000.0,G06_60_H13
2024-03-17 00:00:00,11.0,4.0,15.0,3.0,17.0,4.25,2125.0,15.0,32.0,0.87,0.78,30.3,27.8,0.4,0.46,0.0,0.0,1.0,1.0,28000.0,G06_60_H13
2024-03-18 00:00:00,10.0,4.0,16.0,3.0,44.0,4.46,2230.0,94.0,36.0,0.85,0.7,29.4,26.7,0.39,0.42,0.0,0.0,1.0,1.0,28000.0,G06_60_H13
2024-03-19 00:00:00,17.0,4.0,17.0,6.0,47.0,4.71,2355.0,68.0,36.0,0.87,0.79,29.5,26.8,0.38,0.41,0.0,0.0,1.5,1.5,28000.0,G06_60_H13
2024-03-20 00:00:00,17.0,5.0,18.0,5.0,35.0,4.79,2395.0,25.0,36.0,0.85,0.76,30.1,27.3,0.38,0.42,0.0,0.0,1.5,1.5,28000.0,G06_60_H13
2024-03-21 00:00:00,24.0,9.0,19.0,3.0,16.0,5.22,2610.0,17.0,36.0,0.87,0.77,29.5,26.9,0.39,0.49,0.0,0.0,1.5,1.5,28000.0,G06_60_H13
2024-03-22 00:00:00,26.0,14.0,20.0,4.0,14.0,5.52,2760.0,3.0,36.0,0.85,0.7,30.1,27.5,0.39,0.89,0.0,0.0,1.5,1.5,28000.0,G06_60_H13
2024-03-23 00:00:00,19.0,13.0,21.0,10.0,21.0,6.24,3120.0,0.0,52.0,0.88,0.74,28.8,27.1,0.42,0.5,0.0,0.0,1.5,1.5,28000.0,G06_60_H13
2024-03-24 00:00:00,17.0,10.0,22.0,21.0,10.0,6.34,3170.0,1.0,40.0,0.87,0.81,29.8,26.8,0.41,0.54,0.0,0.0,1.5,1.5,28000.0,G06_60_H13
2024-03-25 00:00:00,11.0,5.0,23.0,17.0,12.0,6.36,3180.0,0.0,44.0,0.88,0.84,29.1,25.9,0.36,0.39,0.0,0.0,1.5,1.5,28000.0,G06_60_H13
2024-03-26 00:00:00,16.0,6.0,24.0,8.0,7.0,6.87,3435.0,0.0,40.0,0.89,0.79,29.0,25.9,0.3,0.56,0.0,0.0,1.5,1.5,28000.0,G06_60_H13
2024-03-27 00:00:00,15.0,10.0,25.0,3.0,7.0,7.02,3510.0,0.0,48.0,0.89,0.82,28.2,25.6,0.33,0.51,0.0,0.0,1.5,1.5,28000.0,G06_60_H13
2024-03-28 00:00:00,19.0,9.0,26.0,6.0,11.0,7.32,3660.0,0.05,52.0,0.89,0.8,28.0,25.6,0.34,0.53,0.0,0.0,1.5,1.5,28000.0,G06_60_H13
2024-03-29 00:00:00,27.0,12.0,27.0,3.0,7.0,7.33,3665.0,0.0,64.0,0.88,0.65,29.5,25.6,0.38,1.49,0.0,0.0,1.5,3.0,28000.0,G06_60_H13
2024-03-30 00:00:00,27.0,13.0,28.0,6.0,6.0,8.04,4020.0,0.0,88.0,0.87,0.57,30.9,25.6,0.41000000000000003,1.96,0.0,0.0,1.5,5.0,28000.0,G06_60_H13
2024-03-31 00:00:00,24.0,13.0,29.0,3.0,6.0,8.46,4230.0,0.0,92.0,0.83,0.67,27.8,25.2,0.43000000000000005,1.28,0.0,0.0,1.5,3.0,28000.0,G06_60_H13
2024-04-01 00:00:00,27.0,13.0,30.0,11.0,12.0,8.45,4225.0,0.0,80.0,0.87,0.6,28.4,24.4,0.44,2.19,0.0,0.0,1.5,5.6,28000.0,G06_60_H13
2024-04-02 00:00:00,20.0,13.0,31.0,12.0,13.0,8.78,4390.0,0.0,120.0,0.89,0.76,25.6,24.1,0.4700000000000001,0.6900000000000001,0.0,0.0,2.0,3.0,28000.0,G06_60_H13
2024-04-03 00:00:00,16.0,9.0,32.0,7.0,6.0,9.1,4550.0,4.0,80.0,0.88,0.83,24.9,22.6,0.4800000000000001,0.64,0.0,0.0,2.0,2.5,28000.0,G06_60_H13
2024-04-04 00:00:00,16.0,6.0,33.0,18.0,6.0,8.92,4460.0,11.0,64.0,0.85,0.6,24.0,21.8,0.4,0.6,0.0,0.0,2.0,2.0,28000.0,G06_60_H13
2024-04-05 00:00:00,15.0,11.0,34.0,24.0,4.0,8.32,4160.0,102.0,68.0,0.8,0.56,24.0,21.4,0.4,0.54,0.0,0.0,2.0,2.5,28000.0,G06_60_H13
2024-04-06 00:00:00,18.0,12.0,35.0,49.0,6.0,8.66,4330.0,47.0,80.0,0.84,0.66,23.4,21.2,0.4,0.55,0.0,0.0,2.0,2.5,28000.0,G06_60_H13
2024-04-07 00:00:00,18.0,11.0,36.0,67.0,4.0,8.76,4380.0,44.0,80.0,0.88,0.71,24.0,21.3,0.4,0.61,0.0,0.0,2.0,2.5,28000.0,G06_60_H13
2024-04-08 00:00:00,18.0,10.0,37.0,115.0,3.0,8.81,4405.0,30.0,84.0,0.88,0.7,23.3,20.9,0.4,0.57,0.0,0.0,2.0,3.0,28000.0,G06_60_H13
2024-04-09 00:00:00,23.0,11.0,38.0,0.0,0.0,0.0,0.0,0.0,84.0,0.0,0.0,0.0,0.0,0.0,0.0,0.0,0.0,0.0,0.0,28000.0,G06_60_H13
2024-04-10 00:00:00,24.0,13.0,39.0,0.0,0.0,,,,,,,,,,,,,,,28000.0,G06_60_H13
2024-03-03 00:00:00,11.0,7.0,1.0,19.0,4.0,0.8,400.0,474.1,56.0,0.57,0.46,35.9,33.1,0.45,0.45,0.0,0.0,1.0,1.0,28000.0,G06_60_H14
2024-03-04 00:00:00,13.0,6.0,2.0,6.0,2.0,0.99,495.0,238.6,52.0,0.66,0.52,35.7,32.3,0.48,0.48,0.0,0.0,1.0,1.0,28000.0,G06_60_H14
2024-03-05 00:00:00,9.0,4.0,3.0,12.0,6.0,1.22,610.0,205.65,52.0,0.04,0.56,34.3,32.0,0.51,0.51,0.0,0.0,1.0,1.0,28000.0,G06_60_H14
2024-03-06 00:00:00,10.0,12.0,4.0,12.0,12.0,1.3,650.0,220.0,52.0,0.64,0.52,33.9,31.1,0.55,0.6,0.0,0.0,1.0,1.0,28000.0,G06_60_H14
2024-03-07 00:00:00,14.0,1.0,5.0,10.0,22.0,1.35,675.0,200.0,56.0,0.7,0.59,33.4,30.5,0.58,0.61,0.0,0.0,1.0,1.0,28000.0,G06_60_H14
2024-03-08 00:00:00,13.0,0.0,6.0,9.0,12.0,1.63,815.0,160.0,56.0,0.74,0.65,32.4,30.6,0.6,0.63,0.0,0.0,1.0,1.0,28000.0,G06_60_H14
2024-03-09 00:00:00,12.0,2.0,7.0,10.0,17.0,1.77,885.0,158.0,60.0,0.77,0.69,32.4,30.1,0.6,0.63,0.0,0.0,1.0,1.0,28000.0,G06_60_H14
2024-03-10 00:00:00,16.0,5.0,8.0,18.0,157.0,2.13,1065.0,130.0,52.0,0.8,0.72,32.3,29.7,0.63,0.63,0.0,0.0,1.0,1.0,28000.0,G06_60_H14
2024-03-11 00:00:00,21.0,6.0,9.0,15.0,24.0,2.3,1150.0,114.0,32.0,0.79,0.7,32.0,29.3,0.53,0.55,0.0,0.0,1.0,1.0,28000.0,G06_60_H14
2024-03-12 00:00:00,16.0,4.0,10.0,8.0,40.0,2.39,1195.0,82.0,32.0,0.79,0.67,31.3,28.6,0.5,0.54,0.0,0.0,1.0,1.0,28000.0,G06_60_H14
2024-03-13 00:00:00,16.0,7.0,11.0,6.0,45.0,2.7,1350.0,117.7,32.0,0.79,0.66,30.5,28.0,0.47,0.5,0.0,0.0,1.0,1.0,28000.0,G06_60_H14
2024-03-14 00:00:00,16.0,5.0,12.0,6.0,59.0,3.19,1595.0,55.0,28.0,0.83,0.71,30.2,27.9,0.44,0.44,0.0,0.0,1.0,1.0,28000.0,G06_60_H14
2024-03-15 00:00:00,19.0,7.0,13.0,7.0,48.0,3.42,1710.0,93.0,36.0,0.86,0.77,29.9,27.4,0.42,0.45,0.0,0.0,1.0,1.0,28000.0,G06_60_H14
2024-03-16 00:00:00,22.0,10.0,14.0,6.0,81.0,3.78,1890.0,93.0,36.0,0.85,0.78,29.5,27.5,0.4,0.46,0.0,0.0,1.0,1.0,28000.0,G06_60_H14
2024-03-17 00:00:00,11.0,4.0,15.0,5.0,77.0,4.12,2060.0,15.0,36.0,0.89,0.8,29.9,27.5,0.4,0.46,0.0,0.0,1.0,1.0,28000.0,G06_60_H14
2024-03-18 00:00:00,10.0,4.0,16.0,3.0,61.0,4.3,2150.0,94.0,40.0,0.85,0.72,29.4,26.6,0.39,0.42,0.0,0.0,1.0,1.0,28000.0,G06_60_H14
2024-03-19 00:00:00,17.0,4.0,17.0,7.0,65.0,4.51,2255.0,68.0,40.0,0.87,0.81,29.7,26.9,0.38,0.41,0.0,0.0,1.5,1.5,28000.0,G06_60_H14
2024-03-20 00:00:00,17.0,5.0,18.0,8.0,58.0,4.63,2315.0,25.0,40.0,0.84,0.77,29.7,27.0,0.38,0.42,0.0,0.0,1.5,1.5,28000.0,G06_60_H14
2024-03-21 00:00:00,24.0,9.0,19.0,7.0,47.0,5.03,2515.0,17.0,40.0,0.86,0.77,29.4,26.8,0.39,0.47,0.0,0.0,1.5,1.5,28000.0,G06_60_H14
2024-03-22 00:00:00,26.0,14.0,20.0,6.0,30.0,5.29,2645.0,3.0,36.0,0.83,0.69,29.8,27.6,0.39,0.89,0.0,0.0,1.5,1.5,28000.0,G06_60_H14
2024-03-23 00:00:00,19.0,13.0,21.0,15.0,22.0,5.88,2940.0,0.0,60.0,0.87,0.74,29.0,27.1,0.42,0.51,0.0,0.0,1.5,1.5,28000.0,G06_60_H14
2024-03-24 00:00:00,17.0,10.0,22.0,23.0,96.0,6.0,3000.0,1.0,44.0,0.86,0.81,29.4,26.9,0.41,0.5,0.0,0.0,1.5,1.5,28000.0,G06_60_H14
2024-03-25 00:00:00,11.0,5.0,23.0,11.0,26.0,5.99,2995.0,0.0,44.0,0.88,0.83,28.3,25.9,0.32,0.32,0.0,0.0,1.5,1.5,28000.0,G06_60_H14
2024-03-26 00:00:00,16.0,6.0,24.0,8.0,16.0,6.71,3355.0,0.0,40.0,0.88,0.8,28.7,25.9,0.3,0.52,0.0,0.0,1.5,1.5,28000.0,G06_60_H14
2024-03-27 00:00:00,15.0,10.0,25.0,5.0,13.0,6.63,3315.0,0.0,56.0,0.88,0.82,27.9,25.5,0.32,0.49,0.0,0.0,1.5,1.5,28000.0,G06_60_H14
2024-03-28 00:00:00,19.0,9.0,26.0,9.0,13.0,7.31,3655.0,0.05,52.0,0.88,0.8,27.8,25.8,0.33,0.53,0.0,0.0,1.5,1.5,28000.0,G06_60_H14
2024-03-29 00:00:00,27.0,12.0,27.0,10.0,17.0,7.21,3605.0,0.0,72.0,0.87,0.65,29.6,25.8,0.37,1.48,0.0,0.0,1.5,3.0,28000.0,G06_60_H14
2024-03-30 00:00:00,27.0,13.0,28.0,12.0,26.0,7.77,3885.0,0.0,96.0,0.86,0.58,30.6,25.8,0.4,1.98,0.0,0.0,1.5,5.0,28000.0,G06_60_H14
2024-03-31 00:00:00,24.0,13.0,29.0,10.0,25.0,8.04,4020.0,0.0,96.0,0.84,0.68,27.9,25.2,0.42000000000000004,1.29,0.0,0.0,1.5,3.0,28000.0,G06_60_H14
2024-04-01 00:00:00,27.0,13.0,30.0,6.0,35.0,7.9,3950.0,0.0,84.0,0.85,0.61,28.4,24.2,0.43,2.16,0.0,0.0,1.5,5.6,28000.0,G06_60_H14
2024-04-02 00:00:00,20.0,13.0,31.0,14.0,21.0,8.23,4115.0,0.0,136.0,0.89,0.75,25.6,24.1,0.4600000000000001,0.68,0.0,0.0,2.0,3.0,28000.0,G06_60_H14
2024-04-03 00:00:00,16.0,9.0,32.0,23.0,14.0,8.6,4300.0,4.0,88.0,0.88,0.84,25.4,23.4,0.4700000000000001,0.63,0.0,0.0,2.0,2.5,28000.0,G06_60_H14
2024-04-04 00:00:00,16.0,6.0,33.0,29.0,11.0,8.48,4240.0,11.0,76.0,0.84,0.64,24.6,22.3,0.4,0.59,0.0,0.0,2.0,2.0,28000.0,G06_60_H14
2024-04-05 00:00:00,15.0,11.0,34.0,47.0,29.0,8.34,4170.0,102.0,84.0,0.74,0.56,24.6,21.9,0.4,0.55,0.0,0.0,2.0,2.5,28000.0,G06_60_H14
2024-04-06 00:00:00,18.0,12.0,35.0,77.0,3.0,8.38,4190.0,47.0,84.0,0.82,0.67,24.0,21.9,0.4,0.56,0.0,0.0,2.0,2.5,28000.0,G06_60_H14
2024-04-07 00:00:00,18.0,11.0,36.0,88.0,6.0,8.2,4100.0,44.0,88.0,0.87,0.73,24.0,21.6,0.4,0.62,0.0,0.0,2.0,2.5,28000.0,G06_60_H14
2024-04-08 00:00:00,18.0,10.0,37.0,99.0,6.0,8.02,4010.0,30.0,100.0,0.88,0.71,23.7,21.3,0.4,0.58,0.0,0.0,2.0,3.0,28000.0,G06_60_H14
2024-04-09 00:00:00,23.0,11.0,38.0,0.0,0.0,0.0,0.0,0.0,100.0,0.0,0.0,0.0,0.0,0.0,0.0,0.0,0.0,0.0,0.0,28000.0,G06_60_H14
2024-04-10 00:00:00,24.0,13.0,39.0,0.0,0.0,,,,,,,,,,,,,,,28000.0,G06_60_H14
2024-03-03 00:00:00,11.0,7.0,1.0,13.0,4.0,0.8,400.0,474.1,56.0,0.56,0.43,36.2,33.2,0.45,0.45,0.0,0.0,1.0,1.0,28000.0,G06_60_H15
2024-03-04 00:00:00,13.0,6.0,2.0,8.0,7.0,0.99,495.0,238.6,56.0,0.64,0.5,35.3,32.4,0.48,0.48,0.0,0.0,1.0,1.0,28000.0,G06_60_H15
2024-03-05 00:00:00,9.0,4.0,3.0,6.0,4.0,1.22,610.0,205.65,56.0,0.65,0.55,34.4,32.0,0.51,0.51,0.0,0.0,1.0,1.0,28000.0,G06_60_H15
2024-03-06 00:00:00,10.0,12.0,4.0,6.0,5.0,1.33,665.0,220.0,56.0,0.64,0.52,33.9,31.1,0.55,0.6,0.0,0.0,1.0,1.0,28000.0,G06_60_H15
2024-03-07 00:00:00,14.0,1.0,5.0,6.0,8.0,1.4,700.0,200.0,60.0,0.69,0.57,33.1,30.8,0.58,0.61,0.0,0.0,1.0,1.0,28000.0,G06_60_H15
2024-03-08 00:00:00,13.0,0.0,6.0,7.0,6.0,1.41,705.0,160.0,60.0,0.71,0.61,32.8,30.6,0.6,0.63,0.0,0.0,1.0,1.0,28000.0,G06_60_H15
2024-03-09 00:00:00,12.0,2.0,7.0,8.0,8.0,1.52,760.0,158.0,60.0,0.75,0.63,32.4,30.2,0.6,0.63,0.0,0.0,1.0,1.0,28000.0,G06_60_H15
2024-03-10 00:00:00,16.0,5.0,8.0,11.0,116.0,1.84,920.0,130.0,64.0,0.8,0.7,31.5,29.9,0.63,0.65,0.0,0.0,1.0,1.0,28000.0,G06_60_H15
2024-03-11 00:00:00,21.0,6.0,9.0,12.0,5.0,2.2,1100.0,114.0,36.0,0.78,0.67,31.5,29.2,0.53,0.55,0.0,0.0,1.0,1.0,28000.0,G06_60_H15
2024-03-12 00:00:00,16.0,4.0,10.0,7.0,8.0,2.31,1155.0,82.0,40.0,0.78,0.63,30.9,28.7,0.5,0.54,0.0,0.0,1.0,1.0,28000.0,G06_60_H15
2024-03-13 00:00:00,16.0,7.0,11.0,5.0,6.0,2.8,1400.0,117.7,36.0,0.77,0.62,30.5,28.0,0.47,0.5,0.0,0.0,1.0,1.0,28000.0,G06_60_H15
2024-03-14 00:00:00,16.0,5.0,12.0,8.0,10.0,3.16,1580.0,55.0,36.0,0.84,0.67,30.0,28.0,0.44,0.44,0.0,0.0,1.0,1.0,28000.0,G06_60_H15
2024-03-15 00:00:00,19.0,7.0,13.0,6.0,8.0,3.49,1745.0,93.0,32.0,0.87,0.71,29.8,27.3,0.42,0.45,0.0,0.0,1.0,1.0,28000.0,G06_60_H15
2024-03-16 00:00:00,22.0,10.0,14.0,6.0,7.0,3.77,1885.0,93.0,44.0,0.88,0.76,29.5,27.3,0.4,0.46,0.0,0.0,1.0,1.0,28000.0,G06_60_H15
2024-03-17 00:00:00,11.0,4.0,15.0,7.0,11.0,3.95,1975.0,15.0,36.0,0.9,0.79,29.9,27.4,0.4,0.46,0.0,0.0,1.0,1.0,28000.0,G06_60_H15
2024-03-18 00:00:00,10.0,4.0,16.0,10.0,15.0,4.16,2080.0,94.0,44.0,0.84,0.67,29.2,26.6,0.39,0.42,0.0,0.0,1.0,1.0,28000.0,G06_60_H15
2024-03-19 00:00:00,17.0,4.0,17.0,11.0,36.0,4.55,2275.0,68.0,44.0,0.88,0.77,29.4,26.9,0.38,0.41,0.0,0.0,1.5,1.5,28000.0,G06_60_H15
2024-03-20 00:00:00,17.0,5.0,18.0,15.0,27.0,4.77,2385.0,25.0,24.0,0.87,0.75,31.3,26.9,0.38,0.42,0.0,0.0,1.5,1.5,28000.0,G06_60_H15
2024-03-21 00:00:00,24.0,9.0,19.0,8.0,9.0,5.3,2650.0,17.0,24.0,0.87,0.77,29.8,26.9,0.39,0.51,0.0,0.0,1.5,1.5,28000.0,G06_60_H15
2024-03-22 00:00:00,26.0,14.0,20.0,8.0,8.0,5.44,2720.0,3.0,44.0,0.84,0.69,30.5,28.1,0.39,0.92,0.0,0.0,1.5,1.5,28000.0,G06_60_H15
2024-03-23 00:00:00,19.0,13.0,21.0,9.0,17.0,5.95,2975.0,0.0,80.0,0.86,0.72,29.3,27.4,0.44,0.5,0.0,0.0,1.5,1.5,28000.0,G06_60_H15
2024-03-24 00:00:00,17.0,10.0,22.0,8.0,14.0,6.07,3035.0,1.0,52.0,0.88,0.78,30.0,26.8,0.42,0.52,0.0,0.0,1.5,1.5,28000.0,G06_60_H15
2024-03-25 00:00:00,11.0,5.0,23.0,13.0,13.0,6.34,3170.0,0.0,52.0,0.89,0.82,28.8,26.2,0.34,0.36,0.0,0.0,1.5,1.5,28000.0,G06_60_H15
2024-03-26 00:00:00,16.0,6.0,24.0,10.0,12.0,6.93,3465.0,0.0,48.0,0.89,0.76,28.6,26.2,0.31,0.55,0.0,0.0,1.5,1.5,28000.0,G06_60_H15
2024-03-27 00:00:00,15.0,10.0,25.0,9.0,12.0,7.16,3580.0,0.0,52.0,0.88,0.8,28.0,25.5,0.34,0.54,0.0,0.0,1.5,1.5,28000.0,G06_60_H15
2024-03-28 00:00:00,19.0,9.0,26.0,10.0,15.0,7.7,3850.0,0.05,60.0,0.89,0.78,27.8,25.5,0.35000000000000003,0.54,0.0,0.0,1.5,1.5,28000.0,G06_60_H15
2024-03-29 00:00:00,27.0,12.0,27.0,11.0,14.0,7.7,3850.0,0.0,76.0,0.87,0.61,29.7,25.5,0.39,1.46,0.0,0.0,1.5,3.0,28000.0,G06_60_H15
2024-03-30 00:00:00,27.0,13.0,28.0,9.0,11.0,7.77,3885.0,0.0,104.0,0.85,0.54,30.9,25.5,0.42000000000000004,1.94,0.0,0.0,1.5,5.0,28000.0,G06_60_H15
2024-03-31 00:00:00,24.0,13.0,29.0,16.0,14.0,7.81,3905.0,0.0,104.0,0.8,0.64,27.6,25.0,0.44000000000000006,1.24,0.0,0.0,1.5,3.0,28000.0,G06_60_H15
2024-04-01 00:00:00,27.0,13.0,30.0,28.0,15.0,7.43,3715.0,0.0,88.0,0.84,0.57,28.8,24.1,0.45,2.27,0.0,0.0,1.5,5.6,28000.0,G06_60_H15
2024-04-02 00:00:00,20.0,13.0,31.0,49.0,131.0,7.87,3935.0,0.0,136.0,0.89,0.73,25.6,24.1,0.4800000000000001,0.7000000000000001,0.0,0.0,2.0,3.0,28000.0,G06_60_H15
2024-04-03 00:00:00,16.0,9.0,32.0,75.0,285.0,7.5,3750.0,4.0,92.0,0.87,0.82,25.1,23.5,0.4900000000000001,0.65,0.0,0.0,2.0,2.5,28000.0,G06_60_H15
2024-04-04 00:00:00,16.0,6.0,33.0,155.0,302.0,6.66,3330.0,11.0,80.0,0.81,0.59,24.3,22.3,0.4,0.61,0.0,0.0,2.0,2.0,28000.0,G06_60_H15
2024-04-05 00:00:00,15.0,11.0,34.0,255.0,202.0,6.0,3000.0,102.0,80.0,0.75,0.54,25.4,22.0,0.4,0.56,0.0,0.0,2.0,2.5,28000.0,G06_60_H15
2024-04-06 00:00:00,18.0,12.0,35.0,450.0,150.0,6.03,3015.0,47.0,80.0,0.78,0.63,24.1,22.0,0.4,0.54,0.0,0.0,2.0,2.5,28000.0,G06_60_H15
2024-04-07 00:00:00,18.0,11.0,36.0,470.0,85.0,5.98,2990.0,44.0,80.0,0.85,0.69,24.1,21.8,0.4,0.59,0.0,0.0,2.0,2.5,28000.0,G06_60_H15
2024-04-08 00:00:00,18.0,10.0,37.0,245.0,159.0,6.21,3105.0,30.0,88.0,0.87,0.68,23.5,21.6,0.4,0.5499999999999999,0.0,0.0,2.0,2.5,28000.0,G06_60_H15
2024-04-09 00:00:00,23.0,11.0,38.0,0.0,0.0,0.0,0.0,0.0,88.0,0.0,0.0,0.0,0.0,0.0,0.0,0.0,0.0,0.0,0.0,28000.0,G06_60_H15
2024-04-10 00:00:00,24.0,13.0,39.0,0.0,0.0,,,,,,,,,,,,,,,28000.0,G06_60_H15
2024-03-03 00:00:00,11.0,7.0,1.0,31.0,7.0,0.82,410.0,474.1,56.0,0.56,0.43,35.7,32.9,0.45,0.45,0.0,0.0,1.0,1.0,28000.0,G06_60_H16
2024-03-04 00:00:00,13.0,6.0,2.0,3.0,3.0,0.99,495.0,238.6,56.0,0.65,0.49,35.1,32.4,0.48,0.48,0.0,0.0,1.0,1.0,28000.0,G06_60_H16
2024-03-05 00:00:00,9.0,4.0,3.0,7.0,9.0,1.2,600.0,205.65,48.0,0.64,0.54,34.5,32.5,0.51,0.51,0.0,0.0,1.0,1.0,28000.0,G06_60_H16
2024-03-06 00:00:00,10.0,12.0,4.0,8.0,9.0,1.31,655.0,220.0,48.0,0.66,0.51,33.8,31.2,0.55,0.6,0.0,0.0,1.0,1.0,28000.0,G06_60_H16
2024-03-07 00:00:00,14.0,1.0,5.0,8.0,8.0,1.39,695.0,200.0,68.0,0.67,0.57,32.9,30.7,0.58,0.61,0.0,0.0,1.0,1.0,28000.0,G06_60_H16
2024-03-08 00:00:00,13.0,0.0,6.0,5.0,7.0,1.4,700.0,160.0,56.0,0.73,0.61,32.8,30.5,0.6,0.63,0.0,0.0,1.0,1.0,28000.0,G06_60_H16
2024-03-09 00:00:00,12.0,2.0,7.0,11.0,10.0,1.55,775.0,158.0,56.0,0.73,0.63,32.3,30.1,0.6,0.63,0.0,0.0,1.0,1.0,28000.0,G06_60_H16
2024-03-10 00:00:00,16.0,5.0,8.0,15.0,206.0,1.91,955.0,130.0,60.0,0.76,0.7,31.4,29.8,0.63,0.64,0.0,0.0,1.0,1.0,28000.0,G06_60_H16
2024-03-11 00:00:00,21.0,6.0,9.0,15.0,8.0,2.27,1135.0,114.0,32.0,0.74,0.66,31.2,29.3,0.53,0.55,0.0,0.0,1.0,1.0,28000.0,G06_60_H16
2024-03-12 00:00:00,16.0,4.0,10.0,5.0,7.0,2.37,1185.0,82.0,28.0,0.75,0.61,31.0,28.6,0.5,0.54,0.0,0.0,1.0,1.0,28000.0,G06_60_H16
2024-03-13 00:00:00,16.0,7.0,11.0,6.0,6.0,2.82,1410.0,117.7,36.0,0.74,0.6,30.3,27.7,0.47,0.48,0.0,0.0,1.0,1.0,28000.0,G06_60_H16
2024-03-14 00:00:00,16.0,5.0,12.0,10.0,9.0,3.13,1565.0,55.0,32.0,0.79,0.68,30.1,28.0,0.44,0.44,0.0,0.0,1.0,1.0,28000.0,G06_60_H16
2024-03-15 00:00:00,19.0,7.0,13.0,7.0,7.0,3.5,1750.0,93.0,36.0,0.8,0.7,30.0,27.1,0.42,0.45,0.0,0.0,1.0,1.0,28000.0,G06_60_H16
2024-03-16 00:00:00,22.0,10.0,14.0,5.0,7.0,3.9,1950.0,93.0,32.0,0.82,0.72,29.4,27.4,0.4,0.46,0.0,0.0,1.0,1.0,28000.0,G06_60_H16
2024-03-17 00:00:00,11.0,4.0,15.0,15.0,6.0,4.16,2080.0,15.0,36.0,0.88,0.74,29.6,27.3,0.4,0.46,0.0,0.0,1.0,1.0,28000.0,G06_60_H16
2024-03-18 00:00:00,10.0,4.0,16.0,14.0,8.0,4.28,2140.0,94.0,44.0,0.78,0.67,29.2,26.7,0.39,0.42,0.0,0.0,1.0,1.0,28000.0,G06_60_H16
2024-03-19 00:00:00,17.0,4.0,17.0,13.0,35.0,4.6,2300.0,68.0,44.0,0.85,0.76,29.3,26.7,0.38,0.41,0.0,0.0,1.5,1.5,28000.0,G06_60_H16
2024-03-20 00:00:00,17.0,5.0,18.0,9.0,26.0,4.75,2375.0,25.0,28.0,0.81,0.72,31.1,27.0,0.38,0.42,0.0,0.0,1.5,1.5,28000.0,G06_60_H16
2024-03-21 00:00:00,24.0,9.0,19.0,10.0,26.0,5.2,2600.0,17.0,28.0,0.82,0.74,29.5,27.1,0.39,0.52,0.0,0.0,1.5,1.5,28000.0,G06_60_H16
2024-03-22 00:00:00,26.0,14.0,20.0,6.0,7.0,5.56,2780.0,3.0,40.0,0.79,0.69,30.8,27.4,0.39,0.92,0.0,0.0,1.5,1.5,28000.0,G06_60_H16
2024-03-23 00:00:00,19.0,13.0,21.0,12.0,18.0,6.16,3080.0,0.0,56.0,0.85,0.71,28.9,26.9,0.44,0.51,0.0,0.0,1.5,1.5,28000.0,G06_60_H16
2024-03-24 00:00:00,17.0,10.0,22.0,8.0,12.0,6.65,3325.0,1.0,40.0,0.83,0.75,30.1,26.9,0.42,0.55,0.0,0.0,1.5,1.5,28000.0,G06_60_H16
2024-03-25 00:00:00,11.0,5.0,23.0,9.0,14.0,6.5,3250.0,0.0,56.0,0.84,0.76,28.4,26.1,0.33,0.36,0.0,0.0,1.5,1.5,28000.0,G06_60_H16
2024-03-26 00:00:00,16.0,6.0,24.0,1.0,11.0,7.21,3605.0,0.0,40.0,0.84,0.74,28.3,26.1,0.32,0.54,0.0,0.0,1.5,1.5,28000.0,G06_60_H16
2024-03-27 00:00:00,15.0,10.0,25.0,5.0,10.0,7.36,3680.0,0.0,56.0,0.83,0.77,28.2,25.4,0.34,0.53,0.0,0.0,1.5,1.5,28000.0,G06_60_H16
2024-03-28 00:00:00,19.0,9.0,26.0,6.0,9.0,7.8,3900.0,0.05,56.0,0.83,0.74,28.1,25.4,0.35000000000000003,0.53,0.0,0.0,1.5,1.5,28000.0,G06_60_H16
2024-03-29 00:00:00,27.0,12.0,27.0,7.0,8.0,8.0,4000.0,0.0,72.0,0.82,0.61,30.5,25.5,0.39,1.47,0.0,0.0,1.5,3.0,28000.0,G06_60_H16
2024-03-30 00:00:00,27.0,13.0,28.0,9.0,9.0,8.26,4130.0,0.0,96.0,0.81,0.53,30.9,25.5,0.42000000000000004,1.97,0.0,0.0,1.5,5.0,28000.0,G06_60_H16
2024-03-31 00:00:00,24.0,13.0,29.0,18.0,22.0,8.11,4055.0,0.0,104.0,0.75,0.61,28.0,24.6,0.44000000000000006,1.26,0.0,0.0,1.5,3.0,28000.0,G06_60_H16
2024-04-01 00:00:00,27.0,13.0,30.0,14.0,9.0,7.95,3975.0,0.0,84.0,0.78,0.55,28.9,23.8,0.45,2.26,0.0,0.0,1.5,5.6,28000.0,G06_60_H16
2024-04-02 00:00:00,20.0,13.0,31.0,24.0,16.0,8.33,4165.0,0.0,140.0,0.85,0.71,25.9,23.4,0.4800000000000001,0.7000000000000001,0.0,0.0,2.0,3.0,28000.0,G06_60_H16
2024-04-03 00:00:00,16.0,9.0,32.0,56.0,27.0,8.4,4200.0,4.0,88.0,0.83,0.78,25.3,22.9,0.4900000000000001,0.65,0.0,0.0,2.0,2.5,28000.0,G06_60_H16
2024-04-04 00:00:00,16.0,6.0,33.0,95.0,16.0,7.53,3765.0,11.0,84.0,0.77,0.58,24.4,21.6,0.4,0.61,0.0,0.0,2.0,2.0,28000.0,G06_60_H16
2024-04-05 00:00:00,15.0,11.0,34.0,151.0,49.0,6.87,3435.0,102.0,84.0,0.75,0.53,24.4,21.9,0.4,0.54,0.0,0.0,2.0,2.5,28000.0,G06_60_H16
2024-04-06 00:00:00,18.0,12.0,35.0,138.0,37.0,7.22,3610.0,47.0,92.0,0.75,0.63,23.8,21.9,0.4,0.55,0.0,0.0,2.0,2.5,28000.0,G06_60_H16
2024-04-07 00:00:00,18.0,11.0,36.0,125.0,15.0,6.78,3390.0,44.0,92.0,0.8,0.68,24.1,21.5,0.4,0.56,0.0,0.0,2.0,2.5,28000.0,G06_60_H16
2024-04-08 00:00:00,18.0,10.0,37.0,123.0,25.0,6.7,3350.0,30.0,96.0,0.81,0.67,23.5,21.3,0.4,0.52,0.0,0.0,2.0,3.0,28000.0,G06_60_H16
2024-04-09 00:00:00,23.0,11.0,38.0,0.0,0.0,0.0,0.0,0.0,96.0,0.0,0.0,0.0,0.0,0.0,0.0,0.0,0.0,0.0,0.0,28000.0,G06_60_H16
2024-04-10 00:00:00,24.0,13.0,39.0,0.0,0.0,,,,,,,,,,,,,,,28000.0,G06_60_H16
2024-03-03 00:00:00,11.0,7.0,2.0,18.0,4.0,0.99,495.0,474.1,56.0,0.65,0.51,34.8,32.3,0.48,0.48,0.0,0.0,1.0,1.0,29000.0,G06_60_H17
2024-03-04 00:00:00,13.0,6.0,3.0,14.0,7.0,1.21,605.0,238.6,52.0,0.63,0.55,34.1,31.5,0.51,0.51,0.0,0.0,1.0,1.0,29000.0,G06_60_H17
2024-03-05 00:00:00,9.0,4.0,4.0,20.0,15.0,1.41,705.0,205.65,52.0,0.66,0.57,33.5,30.9,0.55,0.55,0.0,0.0,1.0,1.0,29000.0,G06_60_H17
2024-03-06 00:00:00,10.0,12.0,5.0,17.0,22.0,1.51,755.0,220.0,52.0,0.68,0.54,32.6,30.2,0.58,0.63,0.0,0.0,1.0,1.0,29000.0,G06_60_H17
2024-03-07 00:00:00,14.0,1.0,6.0,12.0,11.0,1.63,815.0,200.0,56.0,0.69,0.6,32.1,29.8,0.6,0.63,0.0,0.0,1.0,1.0,29000.0,G06_60_H17
2024-03-08 00:00:00,13.0,0.0,7.0,17.0,10.0,1.85,925.0,160.0,56.0,0.72,0.63,31.8,29.8,0.6,0.63,0.0,0.0,1.0,1.0,29000.0,G06_60_H17
2024-03-09 00:00:00,12.0,2.0,8.0,7.0,30.0,2.25,1125.0,158.0,56.0,0.72,0.62,31.0,29.6,0.62,0.65,0.0,0.0,1.0,1.0,29000.0,G06_60_H17
2024-03-10 00:00:00,16.0,5.0,9.0,15.0,232.0,2.67,1335.0,130.0,52.0,0.79,0.65,31.2,29.4,0.65,0.67,0.0,0.0,1.0,1.0,29000.0,G06_60_H17
2024-03-11 00:00:00,21.0,6.0,10.0,12.0,10.0,2.8,1400.0,114.0,28.0,0.77,0.67,30.9,28.9,0.55,0.57,0.0,0.0,1.0,1.0,29000.0,G06_60_H17
2024-03-12 00:00:00,16.0,4.0,11.0,13.0,28.0,3.32,1660.0,82.0,32.0,0.82,0.68,30.2,28.3,0.5,0.56,0.0,0.0,1.0,1.0,29000.0,G06_60_H17
2024-03-13 00:00:00,16.0,7.0,12.0,9.0,35.0,3.63,1815.0,117.7,40.0,0.8,0.65,29.7,27.5,0.45,0.48,0.0,0.0,1.0,1.0,29000.0,G06_60_H17
2024-03-14 00:00:00,16.0,5.0,13.0,2.0,40.0,3.85,1925.0,55.0,32.0,0.85,0.7,30.2,27.8,0.42,0.42,0.0,0.0,1.0,1.0,29000.0,G06_60_H17
2024-03-15 00:00:00,19.0,7.0,14.0,7.0,31.0,4.09,2045.0,93.0,36.0,0.81,0.68,29.7,27.0,0.4,0.43,0.0,0.0,1.0,1.0,29000.0,G06_60_H17
2024-03-16 00:00:00,22.0,10.0,15.0,5.0,21.0,4.35,2175.0,93.0,40.0,0.84,0.72,30.3,27.6,0.39,0.45,0.0,0.0,1.0,1.0,29000.0,G06_60_H17
2024-03-17 00:00:00,11.0,4.0,16.0,4.0,15.0,4.79,2395.0,15.0,40.0,0.89,0.76,30.2,27.5,0.39,0.45,0.0,0.0,1.0,1.0,29000.0,G06_60_H17
2024-03-18 00:00:00,10.0,4.0,17.0,7.0,40.0,5.0,2500.0,94.0,40.0,0.87,0.68,28.9,26.9,0.4,0.43,0.0,0.0,1.5,1.5,29000.0,G06_60_H17
2024-03-19 00:00:00,17.0,4.0,18.0,7.0,49.0,5.18,2590.0,68.0,40.0,0.88,0.75,29.7,27.1,0.39,0.42,0.0,0.0,1.5,1.5,29000.0,G06_60_H17
2024-03-20 00:00:00,17.0,5.0,19.0,5.0,33.0,5.83,2915.0,25.0,40.0,0.8,0.7,30.8,26.7,0.39,0.43,0.0,0.0,1.5,1.5,29000.0,G06_60_H17
2024-03-21 00:00:00,24.0,9.0,20.0,5.0,19.0,5.98,2990.0,17.0,40.0,0.85,0.75,29.4,26.4,0.4,0.59,0.0,0.0,1.5,1.5,29000.0,G06_60_H17
2024-03-22 00:00:00,26.0,14.0,21.0,4.0,20.0,6.55,3275.0,3.0,44.0,0.84,0.68,30.1,27.0,0.45,1.1,0.0,0.0,1.5,2.0,29000.0,G06_60_H17
2024-03-23 00:00:00,19.0,13.0,22.0,5.0,26.0,6.86,3430.0,0.0,68.0,0.83,0.7,29.1,26.3,0.48,0.62,0.0,0.0,1.5,1.5,29000.0,G06_60_H17
2024-03-24 00:00:00,17.0,10.0,23.0,6.0,24.0,7.02,3510.0,1.0,56.0,0.85,0.79,28.9,26.2,0.46,0.56,0.0,0.0,1.5,1.5,29000.0,G06_60_H17
2024-03-25 00:00:00,11.0,5.0,24.0,3.0,21.0,7.41,3705.0,0.0,60.0,0.85,0.78,28.0,25.8,0.37,0.42,0.0,0.0,1.5,1.5,29000.0,G06_60_H17
2024-03-26 00:00:00,16.0,6.0,25.0,5.0,15.0,7.65,3825.0,0.0,52.0,0.85,0.76,28.5,25.3,0.3,0.51,0.0,0.0,1.5,1.5,29000.0,G06_60_H17
2024-03-27 00:00:00,15.0,10.0,26.0,6.0,32.0,7.99,3995.0,0.0,60.0,0.85,0.76,27.3,25.2,0.35,0.53,0.0,0.0,1.5,1.5,29000.0,G06_60_H17
2024-03-28 00:00:00,19.0,9.0,27.0,7.0,25.0,8.25,4125.0,0.05,68.0,0.85,0.75,27.9,25.1,0.36,0.58,0.0,0.0,1.5,1.5,29000.0,G06_60_H17
2024-03-29 00:00:00,27.0,12.0,28.0,5.0,40.0,8.36,4180.0,0.0,84.0,0.83,0.62,29.5,24.5,0.39999999999999997,1.55,0.0,0.0,1.5,4.0,29000.0,G06_60_H17
2024-03-30 00:00:00,27.0,13.0,29.0,9.0,42.0,8.85,4425.0,0.0,116.0,0.83,0.52,30.3,24.7,0.42999999999999994,2.01,0.0,0.0,1.5,5.5,29000.0,G06_60_H17
2024-03-31 00:00:00,24.0,13.0,30.0,12.0,20.0,9.0,4500.0,0.0,108.0,0.79,0.63,26.1,23.2,0.44999999999999996,1.2,0.0,0.0,2.0,3.5,29000.0,G06_60_H17
2024-04-01 00:00:00,27.0,13.0,31.0,10.0,61.0,8.34,4170.0,0.0,88.0,0.8,0.53,28.5,22.8,0.46,2.1,0.0,0.0,2.0,6.2,29000.0,G06_60_H17
2024-04-02 00:00:00,20.0,13.0,32.0,20.0,38.0,8.82,4410.0,0.0,160.0,0.86,0.72,25.1,22.8,0.49,0.71,0.0,0.0,2.0,3.0,29000.0,G06_60_H17
2024-04-03 00:00:00,16.0,9.0,33.0,10.0,26.0,8.6,4300.0,4.0,84.0,0.85,0.76,24.9,22.4,0.5,0.62,0.0,0.0,2.0,3.0,29000.0,G06_60_H17
2024-04-04 00:00:00,16.0,6.0,34.0,24.0,30.0,8.17,4085.0,11.0,88.0,0.82,0.6,24.0,21.9,0.4,0.58,0.0,0.0,2.0,2.0,29000.0,G06_60_H17
2024-04-05 00:00:00,15.0,11.0,35.0,20.0,46.0,8.51,4255.0,102.0,92.0,0.76,0.52,24.0,21.1,0.4,0.61,0.0,0.0,2.0,3.0,29000.0,G06_60_H17
2024-04-06 00:00:00,18.0,12.0,36.0,35.0,20.0,8.63,4315.0,47.0,96.0,0.77,0.62,24.0,21.2,0.4,0.47,0.0,0.0,2.0,2.5,29000.0,G06_60_H17
2024-04-07 00:00:00,18.0,11.0,37.0,70.0,15.0,8.69,4345.0,44.0,104.0,0.82,0.67,23.9,20.7,0.4,0.59,0.0,0.0,2.0,3.0,29000.0,G06_60_H17
2024-04-08 00:00:00,18.0,10.0,38.0,0.0,0.0,0.0,0.0,30.0,104.0,0.0,0.0,0.0,0.0,0.0,0.0,0.0,0.0,0.0,0.0,29000.0,G06_60_H17
2024-04-09 00:00:00,23.0,11.0,39.0,0.0,0.0,0.0,0.0,0.0,104.0,0.0,0.0,0.0,0.0,0.0,0.0,0.0,0.0,0.0,0.0,29000.0,G06_60_H17
2024-04-10 00:00:00,24.0,13.0,40.0,0.0,0.0,,,,,,,,,,,,,,,29000.0,G06_60_H17
2024-03-03 00:00:00,11.0,7.0,2.0,17.0,5.0,0.99,495.0,474.1,60.0,0.63,0.5,34.8,32.3,0.48,0.48,0.0,0.0,1.0,1.0,29000.0,G06_60_H18
2024-03-04 00:00:00,13.0,6.0,3.0,21.0,9.0,1.21,605.0,238.6,60.0,0.7,0.56,34.3,31.4,0.51,0.51,0.0,0.0,1.0,1.0,29000.0,G06_60_H18
2024-03-05 00:00:00,9.0,4.0,4.0,13.0,16.0,1.42,710.0,205.65,44.0,0.7,0.54,33.6,31.0,0.55,0.55,0.0,0.0,1.0,1.0,29000.0,G06_60_H18
2024-03-06 00:00:00,10.0,12.0,5.0,14.0,21.0,1.5,750.0,220.0,44.0,0.69,0.56,32.9,30.4,0.58,0.61,0.0,0.0,1.0,1.0,29000.0,G06_60_H18
2024-03-07 00:00:00,14.0,1.0,6.0,13.0,20.0,1.54,770.0,200.0,56.0,0.73,0.63,32.0,29.8,0.58,0.61,0.0,0.0,1.0,1.0,29000.0,G06_60_H18
2024-03-08 00:00:00,13.0,0.0,7.0,24.0,17.0,1.85,925.0,160.0,52.0,0.76,0.64,31.4,29.9,0.6,0.63,0.0,0.0,1.0,1.0,29000.0,G06_60_H18
2024-03-09 00:00:00,12.0,2.0,8.0,10.0,31.0,2.22,1110.0,158.0,56.0,0.8,0.68,31.3,29.5,0.62,0.65,0.0,0.0,1.0,1.0,29000.0,G06_60_H18
2024-03-10 00:00:00,16.0,5.0,9.0,15.0,212.0,2.52,1260.0,130.0,56.0,0.83,0.74,30.9,29.4,0.65,0.65,0.0,0.0,1.0,1.0,29000.0,G06_60_H18
2024-03-11 00:00:00,21.0,6.0,10.0,13.0,9.0,2.86,1430.0,114.0,28.0,0.78,0.64,30.7,28.6,0.55,0.57,0.0,0.0,1.0,1.0,29000.0,G06_60_H18
2024-03-12 00:00:00,16.0,4.0,11.0,15.0,37.0,3.21,1605.0,82.0,36.0,0.8,0.66,30.3,28.3,0.5,0.56,0.0,0.0,1.0,1.0,29000.0,G06_60_H18
2024-03-13 00:00:00,16.0,7.0,12.0,10.0,55.0,3.58,1790.0,117.7,40.0,0.78,0.62,29.9,27.4,0.45,0.48,0.0,0.0,1.0,1.0,29000.0,G06_60_H18
2024-03-14 00:00:00,16.0,5.0,13.0,9.0,91.0,3.8,1900.0,55.0,36.0,0.87,0.72,29.8,27.4,0.42,0.42,0.0,0.0,1.0,1.0,29000.0,G06_60_H18
2024-03-15 00:00:00,19.0,7.0,14.0,7.0,67.0,4.06,2030.0,93.0,40.0,0.83,0.69,29.4,26.9,0.4,0.43,0.0,0.0,1.0,1.0,29000.0,G06_60_H18
2024-03-16 00:00:00,22.0,10.0,15.0,10.0,40.0,4.32,2160.0,93.0,40.0,0.83,0.74,30.3,27.5,0.39,0.45,0.0,0.0,1.0,1.0,29000.0,G06_60_H18
2024-03-17 00:00:00,11.0,4.0,16.0,7.0,39.0,4.7,2350.0,15.0,40.0,0.85,0.77,30.1,27.2,0.39,0.45,0.0,0.0,1.0,1.0,29000.0,G06_60_H18
2024-03-18 00:00:00,10.0,4.0,17.0,5.0,50.0,5.08,2540.0,94.0,44.0,0.85,0.66,29.6,26.7,0.4,0.43,0.0,0.0,1.5,1.5,29000.0,G06_60_H18
2024-03-19 00:00:00,17.0,4.0,18.0,5.0,29.0,5.21,2605.0,68.0,44.0,0.84,0.76,28.9,26.4,0.39,0.42,0.0,0.0,1.5,1.5,29000.0,G06_60_H18
2024-03-20 00:00:00,17.0,5.0,19.0,4.0,32.0,5.7,2850.0,25.0,40.0,0.8,0.69,30.8,26.3,0.39,0.43,0.0,0.0,1.5,1.5,29000.0,G06_60_H18
2024-03-21 00:00:00,24.0,9.0,20.0,4.0,16.0,5.88,2940.0,17.0,40.0,0.82,0.71,28.9,26.2,0.4,0.59,0.0,0.0,1.5,1.5,29000.0,G06_60_H18
2024-03-22 00:00:00,26.0,14.0,21.0,5.0,9.0,6.37,3185.0,3.0,48.0,0.82,0.67,29.9,26.6,0.44,1.1,0.0,0.0,1.5,2.0,29000.0,G06_60_H18
2024-03-23 00:00:00,19.0,13.0,22.0,6.0,39.0,6.59,3295.0,0.0,72.0,0.84,0.69,29.4,26.5,0.47,0.61,0.0,0.0,1.5,1.5,29000.0,G06_60_H18
2024-03-24 00:00:00,17.0,10.0,23.0,3.0,24.0,6.76,3380.0,0.0,60.0,0.83,0.78,29.0,26.5,0.44,0.55,0.0,0.0,1.5,1.5,29000.0,G06_60_H18
2024-03-25 00:00:00,11.0,5.0,24.0,2.0,31.0,7.62,3810.0,0.0,64.0,0.85,0.79,28.0,25.9,0.36,0.41,0.0,0.0,1.5,1.5,29000.0,G06_60_H18
2024-03-26 00:00:00,16.0,6.0,25.0,6.0,56.0,7.38,3690.0,0.0,48.0,0.86,0.76,28.1,25.4,0.3,0.52,0.0,0.0,1.5,1.5,29000.0,G06_60_H18
2024-03-27 00:00:00,15.0,10.0,26.0,5.0,60.0,7.59,3795.0,0.0,68.0,0.87,0.78,27.3,25.1,0.34,0.52,0.0,0.0,1.5,1.5,29000.0,G06_60_H18
2024-03-28 00:00:00,19.0,9.0,27.0,6.0,62.0,7.45,3725.0,0.05,68.0,0.86,0.77,27.3,25.1,0.35000000000000003,0.59,0.0,0.0,1.5,1.5,29000.0,G06_60_H18
2024-03-29 00:00:00,27.0,12.0,28.0,7.0,71.0,7.76,3880.0,0.0,76.0,0.84,0.57,29.3,24.8,0.39,1.54,0.0,0.0,1.5,4.0,29000.0,G06_60_H18
2024-03-30 00:00:00,27.0,13.0,29.0,18.0,96.0,8.26,4130.0,0.0,112.0,0.84,0.51,30.2,25.0,0.42000000000000004,1.98,0.0,0.0,1.5,5.5,29000.0,G06_60_H18
2024-03-31 00:00:00,24.0,13.0,30.0,19.0,136.0,7.94,3970.0,0.0,112.0,0.88,0.64,26.8,24.5,0.44000000000000006,1.21,0.0,0.0,1.5,3.5,29000.0,G06_60_H18
2024-04-01 00:00:00,27.0,13.0,31.0,30.0,295.0,7.51,3755.0,0.0,80.0,0.82,0.55,28.3,23.2,0.45,1.9,0.0,0.0,2.0,5.6,29000.0,G06_60_H18
2024-04-02 00:00:00,20.0,13.0,32.0,79.0,266.0,7.06,3530.0,0.0,128.0,0.88,0.71,25.8,23.2,0.4800000000000001,0.7000000000000001,0.0,0.0,2.0,3.0,29000.0,G06_60_H18
2024-04-03 00:00:00,16.0,9.0,33.0,84.0,240.0,6.9,3450.0,4.0,88.0,0.87,0.82,24.9,22.7,0.41,0.51,0.0,0.0,2.0,2.5,29000.0,G06_60_H18
2024-04-04 00:00:00,16.0,6.0,34.0,60.0,176.0,6.18,3090.0,11.0,72.0,0.83,0.61,24.0,22.3,0.4,0.47000000000000003,0.0,0.0,2.0,2.0,29000.0,G06_60_H18
2024-04-05 00:00:00,15.0,11.0,35.0,46.0,134.0,6.52,3260.0,102.0,84.0,0.76,0.52,24.2,21.5,0.4,0.63,0.0,0.0,2.0,3.0,29000.0,G06_60_H18
2024-04-06 00:00:00,18.0,12.0,36.0,57.0,139.0,7.03,3515.0,47.0,88.0,0.78,0.61,23.7,21.5,0.4,0.49,0.0,0.0,2.0,2.5,29000.0,G06_60_H18
2024-04-07 00:00:00,18.0,11.0,37.0,60.0,75.0,7.69,3845.0,44.0,92.0,0.87,0.67,23.9,21.3,0.4,0.51,0.0,0.0,2.0,2.5,29000.0,G06_60_H18
2024-04-08 00:00:00,18.0,10.0,38.0,0.0,0.0,0.0,0.0,30.0,92.0,0.0,0.0,0.0,0.0,0.0,0.0,0.0,0.0,0.0,0.0,29000.0,G06_60_H18
2024-04-09 00:00:00,23.0,11.0,39.0,0.0,0.0,0.0,0.0,0.0,92.0,0.0,0.0,0.0,0.0,0.0,0.0,0.0,0.0,0.0,0.0,29000.0,G06_60_H18
2024-04-10 00:00:00,24.0,13.0,40.0,0.0,0.0,,,,,,,,,,,,,,,29000.0,G06_60_H18
2024-03-03 00:00:00,11.0,7.0,1.0,14.0,4.0,0.82,410.0,474.1,40.0,0.56,0.42,36.3,33.2,0.45,0.45,0.0,0.0,1.0,1.0,29300.0,G06_60_H19
2024-03-04 00:00:00,13.0,6.0,2.0,3.0,5.0,0.99,495.0,238.6,48.0,0.64,0.49,35.1,32.7,0.48,0.48,0.0,0.0,1.0,1.0,29300.0,G06_60_H19
2024-03-05 00:00:00,9.0,4.0,3.0,6.0,70.0,1.2,600.0,205.65,56.0,0.61,0.51,34.7,32.2,0.51,0.51,0.0,0.0,1.0,1.0,29300.0,G06_60_H19
2024-03-06 00:00:00,10.0,12.0,4.0,12.0,89.0,1.31,655.0,220.0,56.0,0.63,0.47,34.0,31.5,0.55,0.6,0.0,0.0,1.0,1.0,29300.0,G06_60_H19
2024-03-07 00:00:00,14.0,1.0,5.0,8.0,37.0,1.38,690.0,200.0,56.0,0.66,0.55,33.4,31.0,0.58,0.61,0.0,0.0,1.0,1.0,29300.0,G06_60_H19
2024-03-08 00:00:00,13.0,0.0,6.0,6.0,18.0,1.45,725.0,160.0,56.0,0.72,0.57,33.1,30.7,0.6,0.63,0.0,0.0,1.0,1.0,29300.0,G06_60_H19
2024-03-09 00:00:00,12.0,2.0,7.0,8.0,12.0,1.66,830.0,158.0,56.0,0.74,0.62,32.6,30.1,0.6,0.63,0.0,0.0,1.0,1.0,29300.0,G06_60_H19
2024-03-10 00:00:00,16.0,5.0,8.0,16.0,321.0,1.98,990.0,130.0,48.0,0.81,0.63,32.0,30.0,0.63,0.64,0.0,0.0,1.0,1.0,29300.0,G06_60_H19
2024-03-11 00:00:00,21.0,6.0,9.0,22.0,9.0,2.0,1000.0,114.0,36.0,0.74,0.65,31.6,29.2,0.53,0.55,0.0,0.0,1.0,1.0,29300.0,G06_60_H19
2024-03-12 00:00:00,16.0,4.0,10.0,4.0,8.0,2.11,1055.0,82.0,28.0,0.77,0.63,31.0,29.0,0.5,0.53,0.0,0.0,1.0,1.0,29300.0,G06_60_H19
2024-03-13 00:00:00,16.0,7.0,11.0,8.0,10.0,2.5,1250.0,117.7,32.0,0.76,0.61,30.8,28.4,0.47,0.5,0.0,0.0,1.0,1.0,29300.0,G06_60_H19
2024-03-14 00:00:00,16.0,5.0,12.0,7.0,12.0,3.26,1630.0,55.0,28.0,0.83,0.65,30.4,28.4,0.44,0.44,0.0,0.0,1.0,1.0,29300.0,G06_60_H19
2024-03-15 00:00:00,19.0,7.0,13.0,5.0,7.0,3.68,1840.0,93.0,32.0,0.84,0.71,30.1,27.9,0.42,0.45,0.0,0.0,1.0,1.0,29300.0,G06_60_H19
2024-03-16 00:00:00,22.0,10.0,14.0,8.0,14.0,4.0,2000.0,93.0,36.0,0.85,0.74,30.3,27.9,0.4,0.46,0.0,0.0,1.0,1.0,29300.0,G06_60_H19
2024-03-17 00:00:00,11.0,4.0,15.0,7.0,22.0,4.34,2170.0,15.0,40.0,0.85,0.73,30.4,27.8,0.4,0.46,0.0,0.0,1.0,1.0,29300.0,G06_60_H19
2024-03-18 00:00:00,10.0,4.0,16.0,9.0,33.0,4.53,2265.0,94.0,44.0,0.81,0.64,29.2,26.8,0.41,0.44,0.0,0.0,1.0,1.0,29300.0,G06_60_H19
2024-03-19 00:00:00,17.0,4.0,17.0,7.0,41.0,4.98,2490.0,68.0,44.0,0.85,0.76,30.2,27.5,0.4,0.43,0.0,0.0,1.5,1.5,29300.0,G06_60_H19
2024-03-20 00:00:00,17.0,5.0,18.0,6.0,39.0,5.15,2575.0,25.0,44.0,0.83,0.71,31.1,27.5,0.4,0.44,0.0,0.0,1.5,1.5,29300.0,G06_60_H19
2024-03-21 00:00:00,24.0,9.0,19.0,7.0,34.0,5.48,2740.0,17.0,44.0,0.84,0.72,29.4,26.9,0.41,0.49,0.0,0.0,1.5,1.5,29300.0,G06_60_H19
2024-03-22 00:00:00,26.0,14.0,20.0,5.0,26.0,5.62,2810.0,3.0,40.0,0.83,0.69,30.5,27.5,0.41,0.92,0.0,0.0,1.5,1.5,29300.0,G06_60_H19
2024-03-23 00:00:00,19.0,13.0,21.0,6.0,40.0,6.17,3085.0,0.0,52.0,0.85,0.67,29.2,27.3,0.44,0.57,0.0,0.0,1.5,1.5,29300.0,G06_60_H19
2024-03-24 00:00:00,17.0,10.0,22.0,3.0,6.0,6.26,3130.0,0.0,48.0,0.83,0.76,29.3,27.0,0.41,0.51,0.0,0.0,1.5,1.5,29300.0,G06_60_H19
2024-03-25 00:00:00,11.0,5.0,23.0,4.0,10.0,6.49,3245.0,0.0,52.0,0.84,0.78,28.6,26.2,0.34,0.39,0.0,0.0,1.5,1.5,29300.0,G06_60_H19
2024-03-26 00:00:00,16.0,6.0,24.0,3.0,6.0,7.12,3560.0,0.0,44.0,0.85,0.74,29.3,26.1,0.33,0.55,0.0,0.0,1.5,1.5,29300.0,G06_60_H19
2024-03-27 00:00:00,15.0,10.0,25.0,4.0,6.0,7.28,3640.0,0.0,48.0,0.85,0.77,28.1,25.5,0.36,0.56,0.0,0.0,1.5,1.5,29300.0,G06_60_H19
2024-03-28 00:00:00,19.0,9.0,26.0,8.0,21.0,7.38,3690.0,0.05,56.0,0.85,0.76,28.1,25.5,0.37,0.58,0.0,0.0,1.5,1.5,29300.0,G06_60_H19
2024-03-29 00:00:00,27.0,12.0,27.0,3.0,39.0,7.27,3635.0,0.0,68.0,0.84,0.6,29.5,25.7,0.41,1.56,0.0,0.0,1.5,3.0,29300.0,G06_60_H19
2024-03-30 00:00:00,27.0,13.0,28.0,6.0,19.0,8.42,4210.0,0.0,92.0,0.84,0.53,30.4,25.7,0.43999999999999995,1.99,0.0,0.0,1.5,5.0,29300.0,G06_60_H19
2024-03-31 00:00:00,24.0,13.0,29.0,24.0,216.0,8.17,4085.0,0.0,96.0,0.79,0.63,27.8,25.2,0.45999999999999996,1.23,0.0,0.0,1.5,3.0,29300.0,G06_60_H19
2024-04-01 00:00:00,27.0,13.0,30.0,30.0,306.0,7.41,3705.0,0.0,84.0,0.83,0.58,28.4,24.3,0.47,1.85,0.0,0.0,1.5,5.6,29300.0,G06_60_H19
2024-04-02 00:00:00,20.0,13.0,31.0,86.0,320.0,7.35,3675.0,0.0,124.0,0.85,0.71,26.8,24.3,0.5,0.72,0.0,0.0,2.0,3.0,29300.0,G06_60_H19
2024-04-03 00:00:00,16.0,9.0,32.0,60.0,280.0,7.38,3690.0,4.0,88.0,0.84,0.79,25.9,23.6,0.42,0.53,0.0,0.0,2.0,2.5,29300.0,G06_60_H19
2024-04-04 00:00:00,16.0,6.0,33.0,79.0,133.0,7.35,3675.0,11.0,72.0,0.81,0.6,24.9,23.2,0.4,0.49000000000000005,0.0,0.0,2.0,2.0,29300.0,G06_60_H19
2024-04-05 00:00:00,15.0,11.0,34.0,80.0,124.0,7.52,3760.0,102.0,76.0,0.79,0.51,24.8,22.3,0.4,0.56,0.0,0.0,2.0,2.5,29300.0,G06_60_H19
2024-04-06 00:00:00,18.0,12.0,35.0,108.0,34.0,8.17,4085.0,47.0,84.0,0.79,0.6,24.3,22.1,0.4,0.52,0.0,0.0,2.0,2.5,29300.0,G06_60_H19
2024-04-07 00:00:00,18.0,11.0,36.0,84.0,16.0,8.71,4355.0,44.0,96.0,0.84,0.66,24.6,21.8,0.4,0.62,0.0,0.0,2.0,2.5,29300.0,G06_60_H19
2024-04-08 00:00:00,18.0,10.0,37.0,90.0,0.0,9.33,4665.0,30.0,100.0,0.84,0.66,24.5,21.5,0.4,0.58,0.0,0.0,2.0,3.0,29300.0,G06_60_H19
2024-04-09 00:00:00,23.0,11.0,38.0,0.0,0.0,0.0,0.0,0.0,100.0,0.0,0.0,0.0,0.0,0.0,0.0,0.0,0.0,0.0,0.0,29300.0,G06_60_H19
2024-04-10 00:00:00,24.0,13.0,39.0,0.0,0.0,,,,,,,,,,,,,,,29300.0,G06_60_H19
2024-03-03 00:00:00,11.0,7.0,1.0,11.0,3.0,0.82,410.0,474.1,44.0,0.56,0.42,36.3,33.4,0.45,0.45,0.0,0.0,1.0,1.0,29200.0,G06_60_H20
2024-03-04 00:00:00,13.0,6.0,2.0,8.0,23.0,0.98,490.0,239.8,56.0,0.64,0.52,35.5,32.7,0.48,0.48,0.0,0.0,1.0,1.0,29200.0,G06_60_H20
2024-03-05 00:00:00,9.0,4.0,3.0,4.0,41.0,1.21,605.0,205.65,60.0,0.61,0.54,34.6,32.3,0.51,0.51,0.0,0.0,1.0,1.0,29200.0,G06_60_H20
2024-03-06 00:00:00,10.0,12.0,4.0,8.0,55.0,1.3,650.0,220.0,60.0,0.63,0.5,34.1,31.5,0.55,0.59,0.0,0.0,1.0,1.0,29200.0,G06_60_H20
2024-03-07 00:00:00,14.0,1.0,5.0,7.0,41.0,1.4,700.0,219.0,60.0,0.66,0.55,33.5,31.0,0.58,0.61,0.0,0.0,1.0,1.0,29200.0,G06_60_H20
2024-03-08 00:00:00,13.0,0.0,6.0,5.0,18.0,1.57,785.0,178.0,64.0,0.72,0.6,32.7,30.8,0.6,0.63,0.0,0.0,1.0,1.0,29200.0,G06_60_H20
2024-03-09 00:00:00,12.0,2.0,7.0,6.0,22.0,1.81,905.0,171.0,60.0,0.75,0.65,32.4,30.4,0.6,0.63,0.0,0.0,1.0,1.0,29200.0,G06_60_H20
2024-03-10 00:00:00,16.0,5.0,8.0,17.0,287.0,2.2,1100.0,137.0,56.0,0.82,0.71,31.7,29.9,0.63,0.64,0.0,0.0,1.0,1.0,29200.0,G06_60_H20
2024-03-11 00:00:00,21.0,6.0,9.0,26.0,8.0,2.26,1130.0,132.0,36.0,0.78,0.69,31.4,29.6,0.53,0.55,0.0,0.0,1.0,1.0,29200.0,G06_60_H20
2024-03-12 00:00:00,16.0,4.0,10.0,4.0,5.0,2.4,1200.0,82.0,32.0,0.78,0.67,30.9,29.0,0.5,0.53,0.0,0.0,1.0,1.0,29200.0,G06_60_H20
2024-03-13 00:00:00,16.0,7.0,11.0,5.0,6.0,2.74,1370.0,117.7,36.0,0.77,0.63,31.0,28.4,0.47,0.5,0.0,0.0,1.0,1.0,29200.0,G06_60_H20
2024-03-14 00:00:00,16.0,5.0,12.0,4.0,7.0,3.2,1600.0,61.0,32.0,0.82,0.69,30.4,28.4,0.44,0.44,0.0,0.0,1.0,1.0,29200.0,G06_60_H20
2024-03-15 00:00:00,19.0,7.0,13.0,5.0,16.0,3.59,1795.0,97.0,40.0,0.84,0.72,30.2,27.6,0.42,0.45,0.0,0.0,1.0,1.0,29200.0,G06_60_H20
2024-03-16 00:00:00,22.0,10.0,14.0,8.0,33.0,4.02,2010.0,97.0,40.0,0.87,0.78,30.4,27.9,0.4,0.46,0.0,0.0,1.0,1.0,29200.0,G06_60_H20
2024-03-17 00:00:00,11.0,4.0,15.0,7.0,43.0,4.38,2190.0,20.0,40.0,0.87,0.75,30.5,27.8,0.4,0.46,0.0,0.0,1.0,1.0,29200.0,G06_60_H20
2024-03-18 00:00:00,10.0,4.0,16.0,9.0,81.0,4.71,2355.0,111.0,52.0,0.81,0.67,29.4,27.0,0.41,0.44,0.0,0.0,1.0,1.0,29200.0,G06_60_H20
2024-03-19 00:00:00,17.0,4.0,17.0,6.0,53.0,5.1,2550.0,83.0,52.0,0.87,0.78,30.6,27.6,0.4,0.43,0.0,0.0,1.5,1.5,29200.0,G06_60_H20
2024-03-20 00:00:00,17.0,5.0,18.0,7.0,60.0,5.35,2675.0,25.0,52.0,0.86,0.75,31.0,27.6,0.4,0.44,0.0,0.0,1.5,1.5,29200.0,G06_60_H20
2024-03-21 00:00:00,24.0,9.0,19.0,6.0,53.0,5.72,2860.0,19.0,52.0,0.87,0.77,30.1,27.4,0.41,0.52,0.0,0.0,1.5,1.5,29200.0,G06_60_H20
2024-03-22 00:00:00,26.0,14.0,20.0,4.0,14.0,5.85,2925.0,5.0,44.0,0.83,0.68,30.3,27.4,0.41,0.91,0.0,0.0,1.5,1.5,29200.0,G06_60_H20
2024-03-23 00:00:00,19.0,13.0,21.0,5.0,17.0,6.62,3310.0,0.0,60.0,0.87,0.7,29.3,27.5,0.46,0.56,0.0,0.0,1.5,1.5,29200.0,G06_60_H20
2024-03-24 00:00:00,17.0,10.0,22.0,4.0,8.0,6.7,3350.0,0.0,52.0,0.85,0.79,29.2,27.0,0.42,0.53,0.0,0.0,1.5,1.5,29200.0,G06_60_H20
2024-03-25 00:00:00,11.0,5.0,23.0,6.0,11.0,7.06,3530.0,0.0,56.0,0.88,0.79,28.5,26.5,0.36,0.39,0.0,0.0,1.5,1.5,29200.0,G06_60_H20
2024-03-26 00:00:00,16.0,6.0,24.0,10.0,9.0,7.78,3890.0,0.0,48.0,0.88,0.76,29.3,26.6,0.34,0.56,0.0,0.0,1.5,1.5,29200.0,G06_60_H20
2024-03-27 00:00:00,15.0,10.0,25.0,4.0,3.0,7.92,3960.0,0.0,56.0,0.88,0.8,28.2,25.7,0.36,0.57,0.0,0.0,1.5,1.5,29200.0,G06_60_H20
2024-03-28 00:00:00,19.0,9.0,26.0,9.0,18.0,7.8,3900.0,0.05,60.0,0.88,0.79,27.9,25.8,0.37,0.59,0.0,0.0,1.5,1.5,29200.0,G06_60_H20
2024-03-29 00:00:00,27.0,12.0,27.0,2.0,29.0,7.5,3750.0,0.0,76.0,0.87,0.64,29.5,25.9,0.41,1.59,0.0,0.0,1.5,3.0,29200.0,G06_60_H20
2024-03-30 00:00:00,27.0,13.0,28.0,3.0,16.0,8.71,4355.0,0.0,100.0,0.87,0.54,30.8,25.9,0.43999999999999995,2.03,0.0,0.0,1.5,5.0,29200.0,G06_60_H20
2024-03-31 00:00:00,24.0,13.0,29.0,4.0,12.0,8.64,4320.0,0.0,104.0,0.81,0.58,27.9,24.9,0.45999999999999996,1.28,0.0,0.0,1.5,3.0,29200.0,G06_60_H20
2024-04-01 00:00:00,27.0,13.0,30.0,6.0,10.0,8.32,4160.0,0.0,88.0,0.83,0.59,28.4,24.4,0.47,2.21,0.0,0.0,1.5,6.2,29200.0,G06_60_H20
2024-04-02 00:00:00,20.0,13.0,31.0,21.0,15.0,8.36,4180.0,0.0,132.0,0.88,0.72,26.1,24.4,0.5,0.72,0.0,0.0,2.0,3.0,29200.0,G06_60_H20
2024-04-03 00:00:00,16.0,9.0,32.0,19.0,21.0,8.7,4350.0,6.0,88.0,0.87,0.81,25.8,23.7,0.51,0.58,0.0,0.0,2.0,2.5,29200.0,G06_60_H20
2024-04-04 00:00:00,16.0,6.0,33.0,26.0,15.0,7.88,3940.0,15.0,80.0,0.82,0.61,25.0,23.0,0.4,0.5399999999999999,0.0,0.0,2.0,2.0,29200.0,G06_60_H20
2024-04-05 00:00:00,15.0,11.0,34.0,36.0,30.0,8.28,4140.0,107.0,72.0,0.8,0.54,24.7,22.2,0.4,0.55,0.0,0.0,2.0,2.5,29200.0,G06_60_H20
2024-04-06 00:00:00,18.0,12.0,35.0,38.0,31.0,8.28,4140.0,51.0,92.0,0.8,0.64,24.2,22.0,0.4,0.53,0.0,0.0,2.0,2.5,29200.0,G06_60_H20
2024-04-07 00:00:00,18.0,11.0,36.0,48.0,13.0,8.92,4460.0,49.0,96.0,0.86,0.7,24.3,21.7,0.4,0.6,0.0,0.0,2.0,2.5,29200.0,G06_60_H20
2024-04-08 00:00:00,18.0,10.0,37.0,59.0,0.0,9.14,4570.0,30.0,104.0,0.87,0.69,23.5,21.4,0.4,0.5599999999999999,0.0,0.0,2.0,3.0,29200.0,G06_60_H20
2024-04-09 00:00:00,23.0,11.0,38.0,0.0,0.0,0.0,0.0,0.0,104.0,0.0,0.0,0.0,0.0,0.0,0.0,0.0,0.0,0.0,0.0,29200.0,G06_60_H20
2024-04-10 00:00:00,24.0,13.0,39.0,0.0,0.0,,,,,,,,,,,,,,,29200.0,G06_60_H20
2024-03-14 00:00:00,16.0,7.0,1.0,23.0,13.0,0.83,415.0,137.0,80.0,0.58,0.47,35.1,32.4,0.6,0.6,0.0,0.0,1.5,1.5,30500.0,G12_62_H1
2024-03-15 00:00:00,19.0,8.0,2.0,17.0,10.0,1.06,530.0,123.0,64.0,0.61,0.47,35.1,32.5,0.6,0.6,0.0,0.0,1.5,1.5,30500.0,G12_62_H1
2024-03-16 00:00:00,22.0,10.0,3.0,19.0,16.0,1.24,620.0,226.0,64.0,0.66,0.51,34.3,31.5,0.6,0.6,0.0,0.0,1.5,1.5,30500.0,G12_62_H1
2024-03-17 00:00:00,12.0,5.0,4.0,23.0,81.0,1.42,710.0,185.0,80.0,0.69,0.54,33.9,31.0,0.6,0.6,0.0,0.0,1.5,1.5,30500.0,G12_62_H1
2024-03-18 00:00:00,11.0,4.0,5.0,17.0,74.0,1.498,749.0,215.0,64.0,0.7,0.53,33.0,29.7,0.55,0.6,0.0,0.0,1.5,1.5,30500.0,G12_62_H1
2024-03-19 00:00:00,17.0,3.0,6.0,14.0,45.0,1.77,885.0,200.0,80.0,0.7,0.54,32.6,29.6,0.52,0.52,0.0,0.0,1.5,1.5,30500.0,G12_62_H1
2024-03-20 00:00:00,20.0,7.0,7.0,16.0,48.0,2.0,1000.0,164.0,80.0,0.69,0.52,32.3,29.3,0.45,0.5,0.0,0.0,1.5,1.5,30500.0,G12_62_H1
2024-03-21 00:00:00,24.0,11.0,8.0,17.0,116.0,2.37,1185.0,154.0,80.0,0.72,0.58,31.6,29.0,0.45,0.5,0.0,0.0,1.5,1.5,30500.0,G12_62_H1
2024-03-22 00:00:00,26.0,14.0,9.0,19.0,17.0,2.42,1210.0,50.0,48.0,0.74,0.58,31.5,28.6,0.4,0.5,0.0,0.0,1.5,1.5,30500.0,G12_62_H1
2024-03-23 00:00:00,19.0,12.0,10.0,11.0,24.0,2.89,1445.0,50.0,48.0,0.77,0.56,32.1,28.7,0.45,0.7,0.0,0.0,1.5,1.5,30500.0,G12_62_H1
2024-03-24 00:00:00,16.0,9.0,11.0,9.0,32.0,2.93,1465.0,90.0,64.0,0.8,0.66,30.6,28.3,0.45,0.45,0.0,0.0,1.5,1.5,30500.0,G12_62_H1
2024-03-25 00:00:00,11.0,5.0,12.0,6.0,53.0,3.64,1820.0,90.0,64.0,0.8,0.71,30.2,28.1,0.45,0.45,0.0,0.0,1.5,1.5,30500.0,G12_62_H1
2024-03-26 00:00:00,15.0,8.0,13.0,7.0,86.0,4.01,2005.0,107.0,64.0,0.84,0.7,30.0,27.7,0.45,0.45,0.0,0.0,1.5,1.5,30500.0,G12_62_H1
2024-03-27 00:00:00,15.0,10.0,14.0,7.0,84.0,4.27,2135.0,46.0,48.0,0.85,0.7,30.0,27.4,0.4,0.55,0.0,0.0,1.5,1.5,30500.0,G12_62_H1
2024-03-28 00:00:00,20.0,13.0,15.0,9.0,65.0,4.8,2400.0,33.0,64.0,0.83,0.71,29.5,27.3,0.4,0.45,0.0,0.0,1.5,1.5,30500.0,G12_62_H1
2024-03-29 00:00:00,27.0,13.0,16.0,11.0,118.0,4.96,2480.0,18.0,48.0,0.83,0.72,30.1,27.2,0.43,0.6,0.0,0.0,1.5,1.5,30500.0,G12_62_H1
2024-03-30 00:00:00,28.0,11.0,17.0,7.0,91.0,5.63,2815.0,18.0,48.0,0.82,0.6,31.5,27.0,0.45,1.35,0.0,0.0,1.5,1.5,30500.0,G12_62_H1
2024-03-31 00:00:00,22.0,11.0,18.0,9.0,86.0,5.76,2880.0,3.0,80.0,0.82,0.56,32.4,26.8,0.4,2.38,0.0,0.0,1.5,3.0,30500.0,G12_62_H1
2024-04-01 00:00:00,26.0,14.0,19.0,9.0,70.0,5.92,2960.0,6.0,64.0,0.8,0.65,30.7,26.3,0.4,2.15,0.0,0.0,1.5,3.0,30500.0,G12_62_H1
2024-04-02 00:00:00,19.0,12.0,20.0,7.0,75.0,6.12,3060.0,1.0,80.0,0.81,0.7,28.4,26.6,0.6,0.7,0.0,0.0,1.5,1.5,30500.0,G12_62_H1
2024-04-03 00:00:00,17.0,9.0,21.0,10.0,64.0,6.62,3310.0,2.0,80.0,0.82,0.73,28.0,25.6,0.45,0.65,0.0,0.0,1.5,1.5,30500.0,G12_62_H1
2024-04-04 00:00:00,16.0,6.0,22.0,9.0,65.0,6.62,3310.0,2.0,80.0,0.82,0.73,28.0,25.6,0.45,0.65,0.0,0.0,1.5,1.5,30500.0,G12_62_H1
2024-04-05 00:00:00,18.0,9.0,23.0,9.0,68.0,6.94,3470.0,6.0,64.0,0.81,0.64,27.6,24.9,0.45,0.65,0.0,0.0,1.5,1.5,30500.0,G12_62_H1
2024-04-06 00:00:00,18.0,11.0,24.0,7.0,54.0,7.27,3635.0,3.0,80.0,0.81,0.67,27.5,24.7,0.45,0.8,0.0,0.0,1.5,1.5,30500.0,G12_62_H1
2024-04-07 00:00:00,18.0,11.0,25.0,6.0,53.0,8.1,4050.0,3.0,80.0,0.85,0.67,27.5,24.7,0.43,1.0,0.0,0.0,1.5,2.0,30500.0,G12_62_H1
2024-04-08 00:00:00,18.0,8.0,26.0,8.0,47.0,8.62,4310.0,3.0,96.0,0.84,0.74,27.0,24.0,0.45,0.91,0.0,0.0,2.0,2.0,30500.0,G12_62_H1
2024-04-09 00:00:00,23.0,11.0,27.0,6.0,29.0,8.39,4195.0,3.0,96.0,0.83,0.63,27.5,23.8,0.43,1.25,0.0,0.0,2.0,3.0,30500.0,G12_62_H1
2024-04-10 00:00:00,24.0,13.0,28.0,7.0,28.0,9.07,4535.0,3.0,96.0,0.81,0.61,27.9,22.7,0.45,1.54,0.0,0.0,2.0,4.0,30500.0,G12_62_H1
2024-04-11 00:00:00,22.0,13.0,29.0,14.0,38.0,9.02,4510.0,1.0,112.0,0.78,0.66,26.5,23.1,0.65,1.5,0.0,0.0,2.0,4.0,30500.0,G12_62_H1
2024-04-12 00:00:00,20.0,14.0,30.0,26.0,36.0,9.16,4580.0,0.0,128.0,0.83,0.68,26.9,23.3,0.75,1.75,0.0,0.0,2.0,5.0,30500.0,G12_62_H1
2024-04-13 00:00:00,19.0,15.0,31.0,37.0,38.0,9.83,4915.0,0.0,128.0,0.82,0.76,24.6,22.4,0.72,1.33,0.0,0.0,2.0,4.0,30500.0,G12_62_H1
2024-04-14 00:00:00,22.0,14.0,32.0,49.0,41.0,9.55,4775.0,0.0,160.0,0.82,0.78,24.1,22.1,0.84,1.28,0.0,0.0,2.5,4.0,30500.0,G12_62_H1
2024-04-15 00:00:00,26.0,16.0,33.0,56.0,40.0,9.33,4665.0,0.0,160.0,0.83,0.7,26.5,21.1,0.96,2.43,0.0,0.0,3.0,8.0,30500.0,G12_62_H1
2024-04-16 00:00:00,25.0,14.0,34.0,59.0,31.0,9.8,4900.0,0.0,208.0,0.84,0.61,26.9,21.4,1.22,2.6,0.0,0.0,4.0,9.0,30500.0,G12_62_H1
2024-04-17 00:00:00,21.0,9.0,35.0,91.0,27.0,9.54,4770.0,0.0,208.0,0.77,0.59,22.1,20.3,0.87,1.38,0.0,0.0,3.0,5.0,30500.0,G12_62_H1
2024-04-18 00:00:00,23.0,12.0,36.0,90.0,21.0,9.56,4780.0,0.0,208.0,0.83,0.46,25.5,18.7,0.48,2.63,0.0,0.0,2.0,10.0,30500.0,G12_62_H1
2024-04-19 00:00:00,20.0,14.0,37.0,144.0,11.0,9.69,4845.0,5.0,192.0,0.8,0.64,24.1,18.5,0.55,2.1,0.0,0.0,2.0,8.0,30500.0,G12_62_H1
2024-03-14 00:00:00,16.0,7.0,1.0,26.0,14.0,0.82,410.0,137.0,80.0,0.54,0.47,35.4,33.2,0.6,0.6,0.0,0.0,1.5,1.5,29600.0,G12_62_H2
2024-03-15 00:00:00,19.0,8.0,2.0,21.0,21.0,1.04,520.0,123.0,64.0,0.59,0.46,35.4,33.0,0.6,0.6,0.0,0.0,1.5,1.5,29600.0,G12_62_H2
2024-03-16 00:00:00,22.0,10.0,3.0,17.0,16.0,1.23,615.0,226.0,64.0,0.63,0.52,34.8,32.1,0.6,0.6,0.0,0.0,1.5,1.5,29600.0,G12_62_H2
2024-03-17 00:00:00,12.0,5.0,4.0,12.0,76.0,1.43,715.0,185.0,80.0,0.67,0.55,34.0,31.5,0.6,0.6,0.0,0.0,1.5,1.5,29600.0,G12_62_H2
2024-03-18 00:00:00,11.0,4.0,5.0,12.0,64.0,1.488,744.0,215.0,64.0,0.66,0.5,33.3,30.5,0.57,0.57,0.0,0.0,1.5,1.5,29600.0,G12_62_H2
2024-03-19 00:00:00,17.0,3.0,6.0,16.0,52.0,1.694,847.0,200.0,80.0,0.68,0.54,32.5,29.9,0.52,0.52,0.0,0.0,1.5,1.5,29600.0,G12_62_H2
2024-03-20 00:00:00,20.0,7.0,7.0,13.0,46.0,1.85,925.0,164.0,80.0,0.66,0.5,32.1,29.5,0.45,0.5,0.0,0.0,1.5,1.5,29600.0,G12_62_H2
2024-03-21 00:00:00,24.0,11.0,8.0,15.0,97.0,2.229,1115.0,154.0,80.0,0.7,0.56,31.7,29.2,0.45,0.5,0.0,0.0,1.5,1.5,29600.0,G12_62_H2
2024-03-22 00:00:00,26.0,14.0,9.0,14.0,12.0,2.23,1115.0,50.0,48.0,0.75,0.57,31.1,28.9,0.4,0.5,0.0,0.0,1.5,1.5,29600.0,G12_62_H2
2024-03-23 00:00:00,19.0,12.0,10.0,9.0,21.0,2.758,1379.0,50.0,48.0,0.78,0.56,30.9,28.9,0.45,0.72,0.0,0.0,1.5,1.5,29600.0,G12_62_H2
2024-03-24 00:00:00,16.0,9.0,11.0,13.0,36.0,3.039,1520.0,90.0,64.0,0.79,0.63,30.0,28.4,0.45,0.45,0.0,0.0,1.5,1.5,29600.0,G12_62_H2
2024-03-25 00:00:00,11.0,5.0,12.0,7.0,54.0,3.34,1670.0,90.0,64.0,0.81,0.67,29.7,28.2,0.45,0.45,0.0,0.0,1.5,1.5,29600.0,G12_62_H2
2024-03-26 00:00:00,15.0,8.0,13.0,6.0,75.0,3.637,1819.0,107.0,64.0,0.84,0.69,29.5,27.7,0.45,0.45,0.0,0.0,1.5,1.5,29600.0,G12_62_H2
2024-03-27 00:00:00,15.0,10.0,14.0,8.0,65.0,3.959,1980.0,46.0,48.0,0.84,0.69,29.5,27.3,0.4,0.55,0.0,0.0,1.5,1.5,29600.0,G12_62_H2
2024-03-28 00:00:00,20.0,13.0,15.0,7.0,63.0,4.29,2145.0,33.0,64.0,0.83,0.7,29.4,27.3,0.4,0.45,0.0,0.0,1.5,1.5,29600.0,G12_62_H2
2024-03-29 00:00:00,27.0,13.0,16.0,9.0,57.0,4.643,2322.0,18.0,48.0,0.83,0.71,29.4,27.2,0.43,0.6,0.0,0.0,1.5,1.5,29600.0,G12_62_H2
2024-03-30 00:00:00,28.0,11.0,17.0,6.0,54.0,5.259,2630.0,18.0,48.0,0.81,0.57,31.3,26.9,0.45,1.4,0.0,0.0,1.5,1.5,29600.0,G12_62_H2
2024-03-31 00:00:00,22.0,11.0,18.0,10.0,55.0,5.638,2819.0,3.0,80.0,0.89,0.53,31.8,26.8,0.4,2.5,0.0,0.0,1.5,3.0,29600.0,G12_62_H2
2024-04-01 00:00:00,26.0,14.0,19.0,7.0,54.0,5.596,2798.0,6.0,64.0,0.79,0.65,30.3,26.3,0.4,2.3,0.0,0.0,1.5,3.0,29600.0,G12_62_H2
2024-04-02 00:00:00,19.0,12.0,20.0,5.0,36.0,6.27,3135.0,1.0,80.0,0.81,0.68,28.1,26.6,0.65,0.72,0.0,0.0,1.5,1.5,29600.0,G12_62_H2
2024-04-03 00:00:00,17.0,9.0,21.0,4.0,41.0,6.063,3032.0,2.0,80.0,0.81,0.72,28.0,25.8,0.5,0.72,0.0,0.0,1.5,1.5,29600.0,G12_62_H2
2024-04-04 00:00:00,16.0,6.0,22.0,6.0,39.0,6.063,3032.0,2.0,80.0,0.81,0.72,28.0,25.8,0.5,0.72,0.0,0.0,1.5,1.5,29600.0,G12_62_H2
2024-04-05 00:00:00,18.0,9.0,23.0,4.0,27.0,6.854,3427.0,6.0,64.0,0.79,0.58,27.2,24.6,0.45,0.71,0.0,0.0,1.5,1.5,29600.0,G12_62_H2
2024-04-06 00:00:00,18.0,11.0,24.0,6.0,26.0,6.84,3420.0,4.0,80.0,0.8,0.62,27.1,24.8,0.45,0.85,0.0,0.0,1.5,1.5,29600.0,G12_62_H2
2024-04-07 00:00:00,18.0,11.0,25.0,4.0,58.0,7.266,3633.0,3.0,80.0,0.83,0.65,27.1,24.8,0.43,1.1,0.0,0.0,1.5,2.0,29600.0,G12_62_H2
2024-04-08 00:00:00,18.0,8.0,26.0,4.0,33.0,8.124,4062.0,3.0,96.0,0.83,0.74,26.9,23.9,0.45,0.95,0.0,0.0,2.0,2.0,29600.0,G12_62_H2
2024-04-09 00:00:00,23.0,11.0,27.0,5.0,28.0,8.434,4217.0,3.0,96.0,0.83,0.6,27.4,23.5,0.43,1.25,0.0,0.0,2.0,3.0,29600.0,G12_62_H2
2024-04-10 00:00:00,24.0,13.0,28.0,4.0,18.0,8.966,4483.0,3.0,96.0,0.8,0.58,27.7,22.6,0.45,1.56,0.0,0.0,2.0,4.0,29600.0,G12_62_H2
2024-04-11 00:00:00,22.0,13.0,29.0,7.0,24.0,8.727,4364.0,1.0,112.0,0.83,0.63,26.6,23.0,0.6,1.49,0.0,0.0,2.0,4.0,29600.0,G12_62_H2
2024-04-12 00:00:00,20.0,14.0,30.0,7.0,15.0,9.16,4580.0,0.0,128.0,0.83,0.65,26.8,23.4,0.72,1.77,0.0,0.0,2.0,5.0,29600.0,G12_62_H2
2024-04-13 00:00:00,19.0,15.0,31.0,13.0,14.0,9.579,4790.0,0.0,128.0,0.83,0.76,25.0,22.6,0.75,1.33,0.0,0.0,2.0,4.0,29600.0,G12_62_H2
2024-04-14 00:00:00,22.0,14.0,32.0,13.0,15.0,9.538,4769.0,0.0,160.0,0.82,0.79,24.4,22.3,0.84,1.28,0.0,0.0,2.5,4.0,29600.0,G12_62_H2
2024-04-15 00:00:00,26.0,16.0,33.0,11.0,13.0,8.703,4352.0,0.0,160.0,0.83,0.69,26.5,21.5,0.96,2.43,0.0,0.0,3.0,8.0,29600.0,G12_62_H2
2024-04-16 00:00:00,25.0,14.0,34.0,19.0,7.0,9.05,4525.0,0.0,208.0,0.84,0.6,26.7,21.7,1.22,2.6,0.0,0.0,4.0,9.0,29600.0,G12_62_H2
2024-04-17 00:00:00,21.0,9.0,35.0,38.0,8.0,8.698,4349.0,0.0,208.0,0.77,0.57,22.4,20.5,0.87,1.38,0.0,0.0,3.0,5.0,29600.0,G12_62_H2
2024-04-18 00:00:00,23.0,12.0,36.0,127.0,11.0,8.545,4273.0,0.0,208.0,0.82,0.46,25.7,19.5,0.5,2.65,0.0,0.0,2.0,10.0,29600.0,G12_62_H2
2024-04-19 00:00:00,20.0,14.0,37.0,296.0,9.0,8.147,4074.0,6.0,192.0,0.8,0.61,24.3,19.0,0.52,1.9,0.0,0.0,2.0,7.0,29600.0,G12_62_H2
2024-03-14 00:00:00,16.0,7.0,1.0,15.0,3.0,0.83,415.0,137.0,80.0,0.58,0.47,35.5,32.8,0.6,0.6,0.0,0.0,1.5,1.5,29600.0,G12_62_H3
2024-03-15 00:00:00,19.0,8.0,2.0,10.0,3.0,1.06,530.0,123.0,64.0,0.61,0.47,35.5,32.8,0.6,0.6,0.0,0.0,1.5,1.5,29600.0,G12_62_H3
2024-03-16 00:00:00,22.0,10.0,3.0,22.0,7.0,1.24,620.0,226.0,64.0,0.68,0.53,34.9,32.0,0.6,0.6,0.0,0.0,1.5,1.5,29600.0,G12_62_H3
2024-03-17 00:00:00,12.0,5.0,4.0,37.0,21.0,1.42,710.0,185.0,80.0,0.69,0.57,34.3,31.4,0.6,0.6,0.0,0.0,1.5,1.5,29600.0,G12_62_H3
2024-03-18 00:00:00,11.0,4.0,5.0,19.0,9.0,1.472,736.0,215.0,64.0,0.68,0.56,33.5,30.5,0.57,0.57,0.0,0.0,1.5,1.5,29600.0,G12_62_H3
2024-03-19 00:00:00,17.0,3.0,6.0,9.0,4.0,1.74,870.0,201.0,80.0,0.73,0.57,32.6,29.8,0.52,0.52,0.0,0.0,1.5,1.5,29600.0,G12_62_H3
2024-03-20 00:00:00,20.0,7.0,7.0,10.0,3.0,2.0,1000.0,165.0,80.0,0.73,0.6,32.3,29.5,0.45,0.5,0.0,0.0,1.5,1.5,29600.0,G12_62_H3
2024-03-21 00:00:00,24.0,11.0,8.0,18.0,247.0,2.2,1100.0,154.0,80.0,0.78,0.65,31.4,29.1,0.45,0.5,0.0,0.0,1.5,1.5,29600.0,G12_62_H3
2024-03-22 00:00:00,26.0,14.0,9.0,19.0,6.0,2.31,1155.0,50.0,48.0,0.81,0.61,30.9,28.8,0.4,0.5,0.0,0.0,1.5,1.5,29600.0,G12_62_H3
2024-03-23 00:00:00,19.0,12.0,10.0,21.0,15.0,2.58,1290.0,50.0,48.0,0.81,0.61,31.4,28.8,0.45,0.72,0.0,0.0,1.5,1.5,29600.0,G12_62_H3
2024-03-24 00:00:00,16.0,9.0,11.0,15.0,8.0,3.13,1565.0,90.0,64.0,0.83,0.69,30.3,28.4,0.45,0.45,0.0,0.0,1.5,1.5,29600.0,G12_62_H3
2024-03-25 00:00:00,11.0,5.0,12.0,7.0,53.0,3.49,1745.0,90.0,64.0,0.84,0.73,30.5,28.4,0.45,0.45,0.0,0.0,1.5,1.5,29600.0,G12_62_H3
2024-03-26 00:00:00,15.0,8.0,13.0,8.0,57.0,3.83,1915.0,107.0,64.0,0.84,0.73,29.8,27.8,0.45,0.45,0.0,0.0,1.5,1.5,29600.0,G12_62_H3
2024-03-27 00:00:00,15.0,10.0,14.0,6.0,88.0,3.95,1975.0,46.0,48.0,0.85,0.73,30.3,27.7,0.4,0.55,0.0,0.0,1.5,1.5,29600.0,G12_62_H3
2024-03-28 00:00:00,20.0,13.0,15.0,5.0,66.0,4.24,2120.0,33.0,64.0,0.85,0.74,29.6,27.4,0.4,0.45,0.0,0.0,1.5,1.5,29600.0,G12_62_H3
2024-03-29 00:00:00,27.0,13.0,16.0,7.0,116.0,4.79,2395.0,18.0,48.0,0.85,0.74,29.7,27.1,0.43,0.6,0.0,0.0,1.5,1.5,29600.0,G12_62_H3
2024-03-30 00:00:00,28.0,11.0,17.0,6.0,75.0,4.96,2480.0,18.0,48.0,0.82,0.62,31.0,27.0,0.45,1.4,0.0,0.0,1.5,1.5,29600.0,G12_62_H3
2024-03-31 00:00:00,22.0,11.0,18.0,5.0,73.0,5.36,2680.0,4.0,80.0,0.83,0.56,32.0,26.9,0.4,2.5,0.0,0.0,1.5,3.0,29600.0,G12_62_H3
2024-04-01 00:00:00,26.0,14.0,19.0,5.0,67.0,5.26,2630.0,6.0,64.0,0.83,0.65,30.6,26.4,0.4,2.3,0.0,0.0,1.5,3.0,29600.0,G12_62_H3
2024-04-02 00:00:00,19.0,12.0,20.0,4.0,39.0,6.09,3045.0,1.0,80.0,0.82,0.7,28.2,26.7,0.65,0.72,0.0,0.0,1.5,1.5,29600.0,G12_62_H3
2024-04-03 00:00:00,17.0,9.0,21.0,3.0,35.0,6.17,3085.0,2.0,80.0,0.83,0.76,28.1,25.8,0.5,0.72,0.0,0.0,1.5,1.5,29600.0,G12_62_H3
2024-04-04 00:00:00,16.0,6.0,22.0,4.0,43.0,6.17,3085.0,2.0,80.0,0.83,0.76,28.1,25.8,0.5,0.72,0.0,0.0,1.5,1.5,29600.0,G12_62_H3
2024-04-05 00:00:00,18.0,9.0,23.0,2.0,13.0,6.9,3450.0,6.0,64.0,0.81,0.61,27.9,25.0,0.45,0.71,0.0,0.0,1.5,1.5,29600.0,G12_62_H3
2024-04-06 00:00:00,18.0,11.0,24.0,3.0,13.0,6.92,3460.0,4.0,80.0,0.81,0.66,26.9,24.8,0.45,0.85,0.0,0.0,1.5,1.5,29600.0,G12_62_H3
2024-04-07 00:00:00,18.0,11.0,25.0,2.0,42.0,7.61,3805.0,3.0,80.0,0.84,0.67,26.9,24.8,0.43,1.1,0.0,0.0,1.5,2.0,29600.0,G12_62_H3
2024-04-08 00:00:00,18.0,8.0,26.0,4.0,73.0,8.17,4085.0,3.0,96.0,0.85,0.75,26.7,24.0,0.45,0.95,0.0,0.0,2.0,2.0,29600.0,G12_62_H3
2024-04-09 00:00:00,23.0,11.0,27.0,3.0,34.0,8.43,4215.0,3.0,96.0,0.84,0.6,27.2,23.7,0.43,1.25,0.0,0.0,2.0,3.0,29600.0,G12_62_H3
2024-04-10 00:00:00,24.0,13.0,28.0,4.0,67.0,9.12,4560.0,3.0,96.0,0.8,0.59,28.1,22.5,0.45,1.56,0.0,0.0,2.0,4.0,29600.0,G12_62_H3
2024-04-11 00:00:00,22.0,13.0,29.0,3.0,67.0,8.82,4410.0,1.0,112.0,0.81,0.64,26.6,22.9,0.6,1.49,0.0,0.0,2.0,4.0,29600.0,G12_62_H3
2024-04-12 00:00:00,20.0,14.0,30.0,4.0,56.0,9.12,4560.0,0.0,128.0,0.85,0.64,27.0,23.4,0.72,1.77,0.0,0.0,2.0,5.0,29600.0,G12_62_H3
2024-04-13 00:00:00,19.0,15.0,31.0,4.0,82.0,9.39,4695.0,0.0,128.0,0.84,0.76,25.2,22.6,0.75,1.33,0.0,0.0,2.0,4.0,29600.0,G12_62_H3
2024-04-14 00:00:00,22.0,14.0,32.0,3.0,56.0,10.31,5155.0,0.0,160.0,0.85,0.79,24.4,22.5,0.84,1.28,0.0,0.0,2.5,4.0,29600.0,G12_62_H3
2024-04-15 00:00:00,26.0,16.0,33.0,5.0,71.0,9.54,4770.0,0.0,160.0,0.85,0.68,26.7,21.6,0.96,2.43,0.0,0.0,3.0,8.0,29600.0,G12_62_H3
2024-04-16 00:00:00,25.0,14.0,34.0,6.0,28.0,9.88,4940.0,0.0,208.0,0.86,0.61,27.0,21.7,1.22,2.6,0.0,0.0,4.0,9.0,29600.0,G12_62_H3
2024-04-17 00:00:00,21.0,9.0,35.0,8.0,22.0,10.82,5410.0,0.0,208.0,0.78,0.58,22.5,20.2,0.87,1.38,0.0,0.0,3.0,5.0,29600.0,G12_62_H3
2024-04-18 00:00:00,23.0,12.0,36.0,30.0,0.0,10.84,5420.0,0.0,208.0,0.86,0.45,25.8,18.8,0.5,2.65,0.0,0.0,2.0,10.0,29600.0,G12_62_H3
2024-04-19 00:00:00,20.0,14.0,37.0,42.0,0.0,10.94,5470.0,6.0,192.0,0.83,0.62,24.2,18.5,0.55,2.1,0.0,0.0,2.0,8.0,29600.0,G12_62_H3
2024-03-14 00:00:00,16.0,7.0,1.0,26.0,4.0,0.82,410.0,137.0,80.0,0.57,0.45,35.1,32.8,0.6,0.6,0.0,0.0,1.5,1.5,29400.0,G12_62_H4
2024-03-15 00:00:00,19.0,8.0,2.0,24.0,5.0,1.05,525.0,123.0,64.0,0.6,0.45,35.1,32.6,0.6,0.6,0.0,0.0,1.5,1.5,29400.0,G12_62_H4
2024-03-16 00:00:00,22.0,10.0,3.0,19.0,8.0,1.24,620.0,226.0,64.0,0.66,0.57,34.1,31.8,0.6,0.6,0.0,0.0,1.5,1.5,29400.0,G12_62_H4
2024-03-17 00:00:00,12.0,5.0,4.0,39.0,15.0,1.41,705.0,185.0,80.0,0.81,0.56,33.7,31.1,0.6,0.6,0.0,0.0,1.5,1.5,29400.0,G12_62_H4
2024-03-18 00:00:00,11.0,4.0,5.0,21.0,8.0,1.472,736.0,215.0,64.0,0.68,0.51,32.9,30.0,0.55,0.6,0.0,0.0,1.5,1.5,29400.0,G12_62_H4
2024-03-19 00:00:00,17.0,3.0,6.0,22.0,11.0,1.67,835.0,201.0,80.0,0.69,0.54,32.1,29.1,0.55,0.55,0.0,0.0,1.5,1.5,29400.0,G12_62_H4
2024-03-20 00:00:00,20.0,7.0,7.0,17.0,5.0,1.92,960.0,165.0,80.0,0.7,0.55,31.5,28.8,0.5,0.56,0.0,0.0,1.5,1.5,29400.0,G12_62_H4
2024-03-21 00:00:00,24.0,11.0,8.0,19.0,201.0,2.38,1190.0,154.0,80.0,0.73,0.6,31.1,28.7,0.5,0.55,0.0,0.0,1.5,1.5,29400.0,G12_62_H4
2024-03-22 00:00:00,26.0,14.0,9.0,26.0,17.0,2.38,1190.0,50.0,48.0,0.76,0.57,30.9,28.3,0.45,0.53,0.0,0.0,1.5,1.5,29400.0,G12_62_H4
2024-03-23 00:00:00,19.0,12.0,10.0,7.0,3.0,2.71,1355.0,50.0,48.0,0.78,0.58,30.5,28.3,0.5,0.7,0.0,0.0,1.5,1.5,29400.0,G12_62_H4
2024-03-24 00:00:00,16.0,9.0,11.0,19.0,17.0,3.09,1545.0,90.0,64.0,0.77,0.66,30.1,28.1,0.5,0.5,0.0,0.0,1.5,1.5,29400.0,G12_62_H4
2024-03-25 00:00:00,11.0,5.0,12.0,5.0,34.0,3.59,1795.0,90.0,64.0,0.77,0.68,30.0,28.0,0.45,0.5,0.0,0.0,1.5,1.5,29400.0,G12_62_H4
2024-03-26 00:00:00,15.0,8.0,13.0,6.0,31.0,3.96,1980.0,107.0,64.0,0.83,0.65,29.8,27.4,0.45,0.5,0.0,0.0,1.5,1.5,29400.0,G12_62_H4
2024-03-27 00:00:00,15.0,10.0,14.0,5.0,49.0,4.1,2050.0,46.0,48.0,0.82,0.64,29.4,27.2,0.43,0.58,0.0,0.0,1.5,1.5,29400.0,G12_62_H4
2024-03-28 00:00:00,20.0,13.0,15.0,4.0,38.0,4.26,2130.0,33.0,64.0,0.84,0.69,29.4,27.1,0.43,0.43,0.0,0.0,1.5,1.5,29400.0,G12_62_H4
2024-03-29 00:00:00,27.0,13.0,16.0,6.0,92.0,4.57,2285.0,19.0,48.0,0.83,0.69,29.2,26.8,0.45,0.63,0.0,0.0,1.5,1.5,29400.0,G12_62_H4
2024-03-30 00:00:00,28.0,11.0,17.0,5.0,54.0,5.31,2655.0,19.0,48.0,0.81,0.59,30.8,26.7,0.47,1.35,0.0,0.0,1.5,1.5,29400.0,G12_62_H4
2024-03-31 00:00:00,22.0,11.0,18.0,4.0,62.0,5.81,2905.0,4.0,80.0,0.83,0.52,31.5,26.5,0.43,2.38,0.0,0.0,1.5,3.0,29400.0,G12_62_H4
2024-04-01 00:00:00,26.0,14.0,19.0,6.0,49.0,5.79,2895.0,6.0,64.0,0.82,0.64,30.5,26.0,0.43,2.15,0.0,0.0,1.5,3.0,29400.0,G12_62_H4
2024-04-02 00:00:00,19.0,12.0,20.0,5.0,40.0,6.07,3035.0,1.0,80.0,0.81,0.68,28.4,26.5,0.68,0.77,0.0,0.0,1.5,1.5,29400.0,G12_62_H4
2024-04-03 00:00:00,17.0,9.0,21.0,3.0,26.0,6.17,3085.0,2.0,80.0,0.83,0.74,27.7,25.6,0.5,0.67,0.0,0.0,1.5,1.5,29400.0,G12_62_H4
2024-04-04 00:00:00,16.0,6.0,22.0,2.0,30.0,6.17,3085.0,2.0,80.0,0.83,0.74,27.7,25.6,0.5,0.67,0.0,0.0,1.5,1.5,29400.0,G12_62_H4
2024-04-05 00:00:00,18.0,9.0,23.0,3.0,12.0,6.9,3450.0,6.0,64.0,0.8,0.6,26.8,24.3,0.45,0.73,0.0,0.0,1.5,1.5,29400.0,G12_62_H4
2024-04-06 00:00:00,18.0,11.0,24.0,2.0,12.0,7.62,3810.0,4.0,80.0,0.81,0.64,27.4,24.4,0.5,0.8,0.0,0.0,1.5,1.5,29400.0,G12_62_H4
2024-04-07 00:00:00,18.0,11.0,25.0,4.0,38.0,8.47,4235.0,3.0,80.0,0.84,0.65,27.4,24.4,0.45,1.0,0.0,0.0,1.5,2.0,29400.0,G12_62_H4
2024-04-08 00:00:00,18.0,8.0,26.0,2.0,13.0,8.37,4185.0,3.0,96.0,0.83,0.73,26.8,23.7,0.5,0.91,0.0,0.0,2.0,2.0,29400.0,G12_62_H4
2024-04-09 00:00:00,23.0,11.0,27.0,3.0,51.0,7.951,3976.0,3.0,96.0,0.82,0.59,27.2,23.7,0.45,1.23,0.0,0.0,2.0,3.0,29400.0,G12_62_H4
2024-04-10 00:00:00,24.0,13.0,28.0,4.0,43.0,8.69,4345.0,4.0,96.0,0.8,0.56,27.8,22.6,0.48,1.54,0.0,0.0,2.0,4.0,29400.0,G12_62_H4
2024-04-11 00:00:00,22.0,13.0,29.0,2.0,64.0,9.24,4620.0,0.0,112.0,0.78,0.63,26.4,22.8,0.6,1.49,0.0,0.0,2.0,4.0,29400.0,G12_62_H4
2024-04-12 00:00:00,20.0,14.0,30.0,3.0,56.0,9.37,4685.0,0.0,128.0,0.83,0.63,26.8,23.1,0.72,1.75,0.0,0.0,2.0,5.0,29400.0,G12_62_H4
2024-04-13 00:00:00,19.0,15.0,31.0,2.0,51.0,8.69,4345.0,0.0,128.0,0.82,0.74,24.8,22.6,0.71,1.3,0.0,0.0,2.0,4.0,29400.0,G12_62_H4
2024-04-14 00:00:00,22.0,14.0,32.0,23.0,52.0,9.53,4765.0,0.0,160.0,0.81,0.77,24.5,22.2,0.84,1.28,0.0,0.0,2.5,4.0,29400.0,G12_62_H4
2024-04-15 00:00:00,26.0,16.0,33.0,26.0,59.0,8.58,4290.0,0.0,160.0,0.08,0.67,26.5,21.4,0.96,2.43,0.0,0.0,3.0,8.0,29400.0,G12_62_H4
2024-04-16 00:00:00,25.0,14.0,34.0,31.0,49.0,9.01,4505.0,0.0,208.0,0.84,0.59,26.6,21.7,1.22,2.6,0.0,0.0,4.0,9.0,29400.0,G12_62_H4
2024-04-17 00:00:00,21.0,9.0,35.0,75.0,20.0,9.28,4640.0,0.0,208.0,0.75,0.55,22.2,20.3,0.87,1.38,0.0,0.0,3.0,5.0,29400.0,G12_62_H4
2024-04-18 00:00:00,23.0,12.0,36.0,124.0,22.0,9.45,4725.0,0.0,208.0,0.83,0.43,25.5,19.0,0.48,2.63,0.0,0.0,2.0,10.0,29400.0,G12_62_H4
2024-04-19 00:00:00,20.0,14.0,37.0,117.0,0.0,9.24,4620.0,6.0,192.0,0.8,0.6,24.0,18.6,0.55,2.1,0.0,0.0,2.0,8.0,29400.0,G12_62_H4
2024-03-14 00:00:00,16.0,7.0,1.0,21.0,15.0,0.84,420.0,137.0,80.0,0.56,0.49,35.3,33.1,0.6,0.6,0.0,0.0,1.5,1.5,29300.0,G12_62_H5
2024-03-15 00:00:00,19.0,8.0,2.0,8.0,19.0,1.03,515.0,123.0,64.0,0.69,0.49,35.2,33.0,0.6,0.6,0.0,0.0,1.5,1.5,29300.0,G12_62_H5
2024-03-16 00:00:00,22.0,10.0,3.0,10.0,45.0,1.25,625.0,226.0,64.0,0.7,0.53,34.3,31.8,0.6,0.6,0.0,0.0,1.5,1.5,29300.0,G12_62_H5
2024-03-17 00:00:00,12.0,5.0,4.0,12.0,40.0,1.43,715.0,185.0,80.0,0.85,0.56,33.8,31.1,0.6,0.6,0.0,0.0,1.5,1.5,29300.0,G12_62_H5
2024-03-18 00:00:00,11.0,4.0,5.0,9.0,48.0,1.47,735.0,215.0,64.0,0.7,0.54,33.4,29.9,0.55,0.6,0.0,0.0,1.5,1.5,29300.0,G12_62_H5
2024-03-19 00:00:00,17.0,3.0,6.0,7.0,40.0,1.74,870.0,201.0,80.0,0.72,0.55,32.1,29.1,0.55,0.55,0.0,0.0,1.5,1.5,29300.0,G12_62_H5
2024-03-20 00:00:00,20.0,7.0,7.0,5.0,36.0,1.93,965.0,165.0,80.0,0.72,0.56,31.6,29.0,0.5,0.56,0.0,0.0,1.5,1.5,29300.0,G12_62_H5
2024-03-21 00:00:00,24.0,11.0,8.0,8.0,134.0,2.13,1065.0,154.0,80.0,0.75,0.58,31.4,28.4,0.5,0.55,0.0,0.0,1.5,1.5,29300.0,G12_62_H5
2024-03-22 00:00:00,26.0,14.0,9.0,27.0,31.0,2.33,1165.0,51.0,48.0,0.76,0.6,31.0,28.3,0.45,0.53,0.0,0.0,1.5,1.5,29300.0,G12_62_H5
2024-03-23 00:00:00,19.0,12.0,10.0,7.0,26.0,2.75,1375.0,51.0,48.0,0.8,0.58,30.8,28.5,0.5,0.7,0.0,0.0,1.5,1.5,29300.0,G12_62_H5
2024-03-24 00:00:00,16.0,9.0,11.0,6.0,32.0,3.01,1505.0,90.0,64.0,0.82,0.67,29.9,28.0,0.5,0.5,0.0,0.0,1.5,1.5,29300.0,G12_62_H5
2024-03-25 00:00:00,11.0,5.0,12.0,4.0,39.0,3.62,1810.0,90.0,64.0,0.83,0.69,30.0,27.8,0.45,0.5,0.0,0.0,1.5,1.5,29300.0,G12_62_H5
2024-03-26 00:00:00,15.0,8.0,13.0,4.0,30.0,3.87,1935.0,107.0,64.0,0.86,0.7,29.7,27.3,0.45,0.5,0.0,0.0,1.5,1.5,29300.0,G12_62_H5
2024-03-27 00:00:00,15.0,10.0,14.0,6.0,41.0,4.1,2050.0,47.0,48.0,0.85,0.69,29.5,27.2,0.43,0.58,0.0,0.0,1.5,1.5,29300.0,G12_62_H5
2024-03-28 00:00:00,20.0,13.0,15.0,5.0,63.0,4.21,2105.0,33.0,64.0,0.84,0.72,28.8,27.1,0.43,0.43,0.0,0.0,1.5,1.5,29300.0,G12_62_H5
2024-03-29 00:00:00,27.0,13.0,16.0,3.0,75.0,4.7,2350.0,19.0,48.0,0.84,0.73,29.2,27.0,0.45,0.63,0.0,0.0,1.5,1.5,29300.0,G12_62_H5
2024-03-30 00:00:00,28.0,11.0,17.0,5.0,68.0,5.05,2525.0,19.0,48.0,0.83,0.61,30.7,26.8,0.47,1.35,0.0,0.0,1.5,1.5,29300.0,G12_62_H5
2024-03-31 00:00:00,22.0,11.0,18.0,6.0,50.0,5.45,2725.0,4.0,80.0,0.84,0.55,31.4,26.4,0.43,2.38,0.0,0.0,1.5,3.0,29300.0,G12_62_H5
2024-04-01 00:00:00,26.0,14.0,19.0,4.0,41.0,5.67,2835.0,6.0,64.0,0.83,0.65,29.7,26.0,0.43,2.15,0.0,0.0,1.5,3.0,29300.0,G12_62_H5
2024-04-02 00:00:00,19.0,12.0,20.0,4.0,30.0,6.1,3050.0,0.0,80.0,0.82,0.7,28.2,26.5,0.68,0.77,0.0,0.0,1.5,1.5,29300.0,G12_62_H5
2024-04-03 00:00:00,17.0,9.0,21.0,3.0,25.0,6.37,3185.0,2.0,80.0,0.84,0.75,27.9,25.6,0.5,0.67,0.0,0.0,1.5,1.5,29300.0,G12_62_H5
2024-04-04 00:00:00,16.0,6.0,22.0,2.0,15.0,6.37,3185.0,2.0,80.0,0.84,0.75,27.9,25.6,0.5,0.67,0.0,0.0,1.5,1.5,29300.0,G12_62_H5
2024-04-05 00:00:00,18.0,9.0,23.0,2.0,9.0,6.84,3420.0,7.0,64.0,0.82,0.6,27.4,24.4,0.45,0.73,0.0,0.0,1.5,1.5,29300.0,G12_62_H5
2024-04-06 00:00:00,18.0,11.0,24.0,4.0,8.0,7.47,3735.0,4.0,80.0,0.82,0.66,27.0,24.5,0.5,0.8,0.0,0.0,1.5,1.5,29300.0,G12_62_H5
2024-04-07 00:00:00,18.0,11.0,25.0,3.0,11.0,8.35,4175.0,3.0,80.0,0.85,0.66,27.0,24.5,0.45,1.0,0.0,0.0,1.5,2.0,29300.0,G12_62_H5
2024-04-08 00:00:00,18.0,8.0,26.0,3.0,18.0,8.42,4210.0,3.0,96.0,0.83,0.75,26.1,23.7,0.5,0.91,0.0,0.0,2.0,2.0,29300.0,G12_62_H5
2024-04-09 00:00:00,23.0,11.0,27.0,2.0,13.0,8.73,4365.0,3.0,96.0,0.86,0.6,27.0,23.5,0.45,1.23,0.0,0.0,2.0,3.0,29300.0,G12_62_H5
2024-04-10 00:00:00,24.0,13.0,28.0,2.0,8.0,8.31,4155.0,4.0,96.0,0.82,0.59,27.8,22.4,0.48,1.54,0.0,0.0,2.0,4.0,29300.0,G12_62_H5
2024-04-11 00:00:00,22.0,13.0,29.0,4.0,17.0,8.72,4360.0,0.0,112.0,0.8,0.65,26.7,22.8,0.6,1.49,0.0,0.0,2.0,4.0,29300.0,G12_62_H5
2024-04-12 00:00:00,20.0,14.0,30.0,3.0,13.0,9.2,4600.0,0.0,128.0,0.85,0.65,27.3,23.4,0.72,1.75,0.0,0.0,2.0,5.0,29300.0,G12_62_H5
2024-04-13 00:00:00,19.0,15.0,31.0,5.0,9.0,9.16,4580.0,0.0,128.0,0.84,0.77,25.0,22.6,0.71,1.3,0.0,0.0,2.0,4.0,29300.0,G12_62_H5
2024-04-14 00:00:00,22.0,14.0,32.0,7.0,17.0,9.39,4695.0,0.0,160.0,0.83,0.8,24.5,22.4,0.84,1.28,0.0,0.0,2.5,4.0,29300.0,G12_62_H5
2024-04-15 00:00:00,26.0,16.0,33.0,11.0,8.0,9.36,4680.0,0.0,160.0,0.84,0.68,26.8,21.5,0.96,2.43,0.0,0.0,3.0,8.0,29300.0,G12_62_H5
2024-04-16 00:00:00,25.0,14.0,34.0,15.0,6.0,9.64,4820.0,0.0,208.0,0.85,0.62,27.1,21.9,1.22,2.6,0.0,0.0,4.0,9.0,29300.0,G12_62_H5
2024-04-17 00:00:00,21.0,9.0,35.0,19.0,5.0,9.94,4970.0,0.0,208.0,0.77,0.58,22.4,20.3,0.87,1.38,0.0,0.0,3.0,5.0,29300.0,G12_62_H5
2024-04-18 00:00:00,23.0,12.0,36.0,34.0,7.0,10.02,5010.0,0.0,208.0,0.85,0.45,25.7,18.7,0.48,2.63,0.0,0.0,2.0,10.0,29300.0,G12_62_H5
2024-04-19 00:00:00,20.0,14.0,37.0,50.0,2.0,9.81,4905.0,5.0,192.0,0.83,0.62,24.1,18.5,0.55,2.1,0.0,0.0,2.0,8.0,29300.0,G12_62_H5
2024-03-14 00:00:00,16.0,7.0,1.0,23.0,11.0,0.85,425.0,137.0,80.0,0.57,0.48,35.6,33.2,0.6,0.6,0.0,0.0,1.5,1.5,29800.0,G12_62_H6
2024-03-15 00:00:00,19.0,8.0,2.0,11.0,36.0,1.06,530.0,123.0,64.0,0.64,0.47,34.9,32.4,0.6,0.6,0.0,0.0,1.5,1.5,29800.0,G12_62_H6
2024-03-16 00:00:00,22.0,10.0,3.0,13.0,59.0,1.26,630.0,226.0,64.0,0.65,0.51,34.4,31.8,0.6,0.6,0.0,0.0,1.5,1.5,29800.0,G12_62_H6
2024-03-17 00:00:00,12.0,5.0,4.0,15.0,71.0,1.42,710.0,185.0,80.0,0.72,0.57,33.7,31.1,0.6,0.6,0.0,0.0,1.5,1.5,29800.0,G12_62_H6
2024-03-18 00:00:00,11.0,4.0,5.0,14.0,74.0,1.477,739.0,216.0,64.0,0.7,0.51,33.4,30.2,0.55,0.6,0.0,0.0,1.5,1.5,29800.0,G12_62_H6
2024-03-19 00:00:00,17.0,3.0,6.0,11.0,52.0,1.705,853.0,201.0,80.0,0.69,0.55,32.3,29.2,0.55,0.55,0.0,0.0,1.5,1.5,29800.0,G12_62_H6
2024-03-20 00:00:00,20.0,7.0,7.0,7.0,40.0,1.976,988.0,164.0,80.0,0.73,0.52,31.7,28.9,0.5,0.56,0.0,0.0,1.5,1.5,29800.0,G12_62_H6
2024-03-21 00:00:00,24.0,11.0,8.0,12.0,217.0,2.223,1112.0,155.0,80.0,0.73,0.59,31.3,28.5,0.5,0.55,0.0,0.0,1.5,1.5,29800.0,G12_62_H6
2024-03-22 00:00:00,26.0,14.0,9.0,24.0,11.0,2.464,1232.0,51.0,48.0,0.76,0.6,31.0,28.4,0.45,0.53,0.0,0.0,1.5,1.5,29800.0,G12_62_H6
2024-03-23 00:00:00,19.0,12.0,10.0,5.0,42.0,2.816,1408.0,51.0,48.0,0.79,0.58,31.2,28.3,0.5,0.7,0.0,0.0,1.5,1.5,29800.0,G12_62_H6
2024-03-24 00:00:00,16.0,9.0,11.0,4.0,34.0,3.022,1511.0,90.0,64.0,0.82,0.66,30.2,28.1,0.5,0.5,0.0,0.0,1.5,1.5,29800.0,G12_62_H6
2024-03-25 00:00:00,11.0,5.0,12.0,8.0,31.0,3.6,1800.0,90.0,64.0,0.83,0.68,30.1,27.8,0.45,0.5,0.0,0.0,1.5,1.5,29800.0,G12_62_H6
2024-03-26 00:00:00,15.0,8.0,13.0,6.0,35.0,3.882,1941.0,107.0,64.0,0.84,0.69,29.7,27.4,0.45,0.5,0.0,0.0,1.5,1.5,29800.0,G12_62_H6
2024-03-27 00:00:00,15.0,10.0,14.0,5.0,49.0,4.29,2145.0,47.0,48.0,0.85,0.68,29.3,27.1,0.43,0.58,0.0,0.0,1.5,1.5,29800.0,G12_62_H6
2024-03-28 00:00:00,20.0,13.0,15.0,3.0,51.0,4.54,2270.0,33.0,64.0,0.85,0.71,29.1,27.0,0.43,0.43,0.0,0.0,1.5,1.5,29800.0,G12_62_H6
2024-03-29 00:00:00,27.0,13.0,16.0,5.0,60.0,4.899,2450.0,19.0,48.0,0.84,0.73,28.9,26.8,0.45,0.63,0.0,0.0,1.5,1.5,29800.0,G12_62_H6
2024-03-30 00:00:00,28.0,11.0,17.0,7.0,49.0,5.474,2737.0,19.0,48.0,0.84,0.59,31.3,26.7,0.47,1.35,0.0,0.0,1.5,1.5,29800.0,G12_62_H6
2024-03-31 00:00:00,22.0,11.0,18.0,4.0,38.0,6.104,3052.0,4.0,80.0,0.83,0.53,32.0,26.3,0.43,2.38,0.0,0.0,1.5,3.0,29800.0,G12_62_H6
2024-04-01 00:00:00,26.0,14.0,19.0,3.0,28.0,5.953,2977.0,6.0,64.0,0.83,0.66,30.6,26.1,0.43,2.15,0.0,0.0,1.5,3.0,29800.0,G12_62_H6
2024-04-02 00:00:00,19.0,12.0,20.0,2.0,26.0,6.32,3160.0,0.0,80.0,0.83,0.7,28.2,26.4,0.68,0.77,0.0,0.0,1.5,1.5,29800.0,G12_62_H6
2024-04-03 00:00:00,17.0,9.0,21.0,2.0,23.0,6.369,3185.0,2.0,80.0,0.84,0.75,28.1,25.5,0.5,0.67,0.0,0.0,1.5,1.5,29800.0,G12_62_H6
2024-04-04 00:00:00,16.0,6.0,22.0,1.0,18.0,6.369,3185.0,2.0,80.0,0.84,0.75,28.1,25.5,0.5,0.67,0.0,0.0,1.5,1.5,29800.0,G12_62_H6
2024-04-05 00:00:00,18.0,9.0,23.0,3.0,17.0,7.133,3567.0,7.0,64.0,0.83,0.6,27.3,24.5,0.45,0.73,0.0,0.0,1.5,1.5,29800.0,G12_62_H6
2024-04-06 00:00:00,18.0,11.0,24.0,4.0,20.0,7.736,3868.0,4.0,80.0,0.81,0.66,27.1,24.5,0.5,0.8,0.0,0.0,1.5,1.5,29800.0,G12_62_H6
2024-04-07 00:00:00,18.0,11.0,25.0,4.0,18.0,8.159,4080.0,3.0,80.0,0.86,0.66,27.1,24.5,0.45,1.0,0.0,0.0,1.5,2.0,29800.0,G12_62_H6
2024-04-08 00:00:00,18.0,8.0,26.0,5.0,11.0,8.338,4169.0,3.0,96.0,0.85,0.74,25.9,23.8,0.5,0.91,0.0,0.0,2.0,2.0,29800.0,G12_62_H6
2024-04-09 00:00:00,23.0,11.0,27.0,3.0,18.0,8.399,4200.0,3.0,96.0,0.86,0.59,27.4,23.3,0.45,1.23,0.0,0.0,2.0,3.0,29800.0,G12_62_H6
2024-04-10 00:00:00,24.0,13.0,28.0,7.0,118.0,8.383,4192.0,4.0,96.0,0.83,0.56,28.0,22.5,0.48,1.54,0.0,0.0,2.0,4.0,29800.0,G12_62_H6
2024-04-11 00:00:00,22.0,13.0,29.0,5.0,261.0,8.995,4498.0,0.0,112.0,0.81,0.64,26.6,23.1,0.6,1.49,0.0,0.0,2.0,4.0,29800.0,G12_62_H6
2024-04-12 00:00:00,20.0,14.0,30.0,11.0,275.0,8.783,4392.0,0.0,128.0,0.86,0.64,27.2,23.6,0.72,1.75,0.0,0.0,2.0,5.0,29800.0,G12_62_H6
2024-04-13 00:00:00,19.0,15.0,31.0,9.0,207.0,8.618,4309.0,0.0,128.0,0.84,0.75,25.3,22.7,0.71,1.3,0.0,0.0,2.0,4.0,29800.0,G12_62_H6
2024-04-14 00:00:00,22.0,14.0,32.0,14.0,162.0,8.995,4498.0,0.0,160.0,0.84,0.79,24.6,22.5,0.86,1.28,0.0,0.0,2.5,4.0,29800.0,G12_62_H6
2024-04-15 00:00:00,26.0,16.0,33.0,21.0,155.0,8.83,4415.0,0.0,160.0,0.85,0.69,26.7,21.7,0.96,2.43,0.0,0.0,3.0,8.0,29800.0,G12_62_H6
2024-04-16 00:00:00,25.0,14.0,34.0,55.0,69.0,9.07,4535.0,0.0,208.0,0.86,0.61,26.9,21.8,1.22,2.6,0.0,0.0,4.0,9.0,29800.0,G12_62_H6
2024-04-17 00:00:00,21.0,9.0,35.0,56.0,30.0,9.358,4679.0,0.0,208.0,0.77,0.58,22.5,20.5,0.87,1.38,0.0,0.0,3.0,5.0,29800.0,G12_62_H6
2024-04-18 00:00:00,23.0,12.0,36.0,51.0,12.0,9.68,4840.0,0.0,208.0,0.87,0.45,25.6,19.2,0.48,2.63,0.0,0.0,2.0,10.0,29800.0,G12_62_H6
2024-04-19 00:00:00,20.0,14.0,37.0,59.0,7.0,9.86,4930.0,5.0,192.0,0.83,0.61,24.2,18.6,0.55,2.1,0.0,0.0,2.0,8.0,29800.0,G12_62_H6
2024-03-14 00:00:00,16.0,7.0,1.0,22.0,3.0,0.83,415.0,137.0,80.0,0.57,0.47,35.6,33.2,0.6,0.6,0.0,0.0,1.5,1.5,29800.0,G12_62_H7
2024-03-15 00:00:00,19.0,8.0,2.0,17.0,12.0,1.05,525.0,123.0,64.0,0.61,0.47,34.9,32.4,0.6,0.6,0.0,0.0,1.5,1.5,29800.0,G12_62_H7
2024-03-16 00:00:00,22.0,10.0,3.0,15.0,4.0,1.24,620.0,226.0,64.0,0.68,0.53,34.4,31.7,0.6,0.6,0.0,0.0,1.5,1.5,29800.0,G12_62_H7
2024-03-17 00:00:00,12.0,5.0,4.0,13.0,44.0,1.42,710.0,185.0,80.0,0.72,0.59,33.9,31.1,0.6,0.6,0.0,0.0,1.5,1.5,29800.0,G12_62_H7
2024-03-18 00:00:00,11.0,4.0,5.0,17.0,18.0,1.534,767.0,216.0,64.0,0.72,0.55,33.1,29.8,0.55,0.6,0.0,0.0,1.5,1.5,29800.0,G12_62_H7
2024-03-19 00:00:00,17.0,3.0,6.0,23.0,4.0,1.757,879.0,201.0,80.0,0.7,0.57,32.4,29.5,0.55,0.55,0.0,0.0,1.5,1.5,29800.0,G12_62_H7
2024-03-20 00:00:00,20.0,7.0,7.0,14.0,16.0,1.977,989.0,164.0,80.0,0.69,0.58,31.6,29.0,0.5,0.56,0.0,0.0,1.5,1.5,29800.0,G12_62_H7
2024-03-21 00:00:00,24.0,11.0,8.0,10.0,235.0,2.078,1039.0,155.0,80.0,0.73,0.61,31.3,28.6,0.5,0.55,0.0,0.0,1.5,1.5,29800.0,G12_62_H7
2024-03-22 00:00:00,26.0,14.0,9.0,21.0,11.0,2.491,1246.0,51.0,48.0,0.74,0.58,31.0,28.2,0.45,0.53,0.0,0.0,1.5,1.5,29800.0,G12_62_H7
2024-03-23 00:00:00,19.0,12.0,10.0,22.0,8.0,2.921,1461.0,51.0,48.0,0.8,0.57,30.8,28.3,0.5,0.7,0.0,0.0,1.5,1.5,29800.0,G12_62_H7
2024-03-24 00:00:00,16.0,9.0,11.0,9.0,4.0,3.185,1593.0,90.0,64.0,0.83,0.68,30.1,28.0,0.5,0.5,0.0,0.0,1.5,1.5,29800.0,G12_62_H7
2024-03-25 00:00:00,11.0,5.0,12.0,7.0,8.0,3.67,1835.0,90.0,64.0,0.84,0.73,29.9,27.9,0.45,0.5,0.0,0.0,1.5,1.5,29800.0,G12_62_H7
2024-03-26 00:00:00,15.0,8.0,13.0,7.0,13.0,3.863,1932.0,107.0,64.0,0.83,0.73,29.9,27.4,0.45,0.5,0.0,0.0,1.5,1.5,29800.0,G12_62_H7
2024-03-27 00:00:00,15.0,10.0,14.0,9.0,13.0,4.406,2203.0,47.0,48.0,0.85,0.71,29.3,27.2,0.43,0.58,0.0,0.0,1.5,1.5,29800.0,G12_62_H7
2024-03-28 00:00:00,20.0,13.0,15.0,9.0,12.0,4.6,2300.0,34.0,64.0,0.86,0.73,28.7,27.0,0.43,0.43,0.0,0.0,1.5,1.5,29800.0,G12_62_H7
2024-03-29 00:00:00,27.0,13.0,16.0,4.0,23.0,4.904,2452.0,19.0,48.0,0.85,0.74,28.6,26.7,0.45,0.63,0.0,0.0,1.5,1.5,29800.0,G12_62_H7
2024-03-30 00:00:00,28.0,11.0,17.0,9.0,38.0,5.634,2817.0,19.0,48.0,0.84,0.63,30.6,26.6,0.47,1.35,0.0,0.0,1.5,1.5,29800.0,G12_62_H7
2024-03-31 00:00:00,22.0,11.0,18.0,5.0,32.0,5.645,2823.0,4.0,80.0,0.85,0.55,31.5,26.3,0.43,2.38,0.0,0.0,1.5,3.0,29800.0,G12_62_H7
2024-04-01 00:00:00,26.0,14.0,19.0,5.0,31.0,5.912,2956.0,6.0,64.0,0.84,0.68,30.2,25.9,0.43,2.15,0.0,0.0,1.5,3.0,29800.0,G12_62_H7
2024-04-02 00:00:00,19.0,12.0,20.0,3.0,43.0,6.712,3356.0,0.0,80.0,0.83,0.72,27.9,26.4,0.68,0.77,0.0,0.0,1.5,1.5,29800.0,G12_62_H7
2024-04-03 00:00:00,17.0,9.0,21.0,3.0,47.0,6.789,3395.0,3.0,80.0,0.85,0.78,27.8,25.5,0.5,0.67,0.0,0.0,1.5,1.5,29800.0,G12_62_H7
2024-04-04 00:00:00,16.0,6.0,22.0,7.0,52.0,6.789,3395.0,3.0,80.0,0.85,0.78,27.8,25.5,0.5,0.67,0.0,0.0,1.5,1.5,29800.0,G12_62_H7
2024-04-05 00:00:00,18.0,9.0,23.0,5.0,42.0,6.908,3454.0,7.0,64.0,0.83,0.62,26.8,24.2,0.45,0.73,0.0,0.0,1.5,1.5,29800.0,G12_62_H7
2024-04-06 00:00:00,18.0,11.0,24.0,3.0,47.0,7.718,3859.0,4.0,80.0,0.82,0.68,26.6,24.5,0.5,0.8,0.0,0.0,1.5,1.5,29800.0,G12_62_H7
2024-04-07 00:00:00,18.0,11.0,25.0,3.0,44.0,8.222,4111.0,4.0,80.0,0.85,0.67,26.6,24.5,0.45,1.0,0.0,0.0,1.5,2.0,29800.0,G12_62_H7
2024-04-08 00:00:00,18.0,8.0,26.0,8.0,45.0,8.073,4037.0,4.0,96.0,0.85,0.77,26.0,23.7,0.5,0.91,0.0,0.0,2.0,2.0,29800.0,G12_62_H7
2024-04-09 00:00:00,23.0,11.0,27.0,9.0,39.0,8.841,4421.0,4.0,96.0,0.85,0.61,27.0,23.1,0.45,1.23,0.0,0.0,2.0,3.0,29800.0,G12_62_H7
2024-04-10 00:00:00,24.0,13.0,28.0,6.0,51.0,8.725,4363.0,4.0,96.0,0.83,0.61,27.4,22.5,0.48,1.54,0.0,0.0,2.0,4.0,29800.0,G12_62_H7
2024-04-11 00:00:00,22.0,13.0,29.0,6.0,35.0,9.106,4553.0,0.0,112.0,0.81,0.66,26.5,22.8,0.6,1.49,0.0,0.0,2.0,4.0,29800.0,G12_62_H7
2024-04-12 00:00:00,20.0,14.0,30.0,13.0,43.0,9.178,4589.0,0.0,128.0,0.86,0.66,26.6,23.2,0.72,1.4,0.0,0.0,2.0,4.0,29800.0,G12_62_H7
2024-04-13 00:00:00,19.0,15.0,31.0,12.0,34.0,8.94,4470.0,0.0,128.0,0.85,0.77,24.8,22.5,0.71,1.3,0.0,0.0,2.0,4.0,29800.0,G12_62_H7
2024-04-14 00:00:00,22.0,14.0,32.0,5.0,38.0,9.25,4625.0,0.0,160.0,0.84,0.8,24.2,22.3,0.82,1.28,0.0,0.0,2.5,4.0,29800.0,G12_62_H7
2024-04-15 00:00:00,26.0,16.0,33.0,20.0,69.0,10.283,5142.0,0.0,160.0,0.85,0.7,26.5,21.3,0.96,2.43,0.0,0.0,3.0,8.0,29800.0,G12_62_H7
2024-04-16 00:00:00,25.0,14.0,34.0,12.0,60.0,10.49,5245.0,0.0,208.0,0.86,0.62,26.8,21.6,1.22,2.6,0.0,0.0,4.0,9.0,29800.0,G12_62_H7
2024-04-17 00:00:00,21.0,9.0,35.0,20.0,54.0,10.6,5300.0,0.0,208.0,0.77,0.59,22.2,20.1,0.87,1.38,0.0,0.0,3.0,5.0,29800.0,G12_62_H7
2024-04-18 00:00:00,23.0,12.0,36.0,37.0,20.0,10.974,5487.0,0.0,208.0,0.84,0.46,26.0,19.0,0.48,2.63,0.0,0.0,2.0,10.0,29800.0,G12_62_H7
2024-04-19 00:00:00,20.0,14.0,37.0,53.0,20.0,10.629,5315.0,5.0,192.0,0.83,0.63,24.1,18.6,0.55,2.1,0.0,0.0,2.0,8.0,29800.0,G12_62_H7
2024-03-14 00:00:00,16.0,7.0,,,,,0.0,,,,,,,,,,,,,30700.0,G12_62_H8
2024-03-15 00:00:00,19.0,8.0,0.0,0.0,0.0,,,,,,,,,,,,,,,30700.0,G12_62_H8
2024-03-16 00:00:00,22.0,10.0,1.0,15.0,7.0,0.83,415.0,123.0,64.0,0.59,0.44,35.8,36.2,0.6,0.6,0.0,0.0,1.5,1.5,30700.0,G12_62_H8
2024-03-17 00:00:00,12.0,5.0,2.0,18.0,10.0,1.06,530.0,226.0,80.0,0.81,0.53,35.5,32.1,0.6,0.6,0.0,0.0,1.5,1.5,30700.0,G12_62_H8
2024-03-18 00:00:00,11.0,4.0,3.0,20.0,24.0,1.09,545.0,185.0,64.0,0.65,0.48,34.5,31.5,0.6,0.6,0.0,0.0,1.5,1.5,30700.0,G12_62_H8
2024-03-19 00:00:00,17.0,3.0,4.0,28.0,18.0,1.18,590.0,201.0,80.0,0.74,0.5,33.8,30.7,0.55,0.6,0.0,0.0,1.5,1.5,30700.0,G12_62_H8
2024-03-20 00:00:00,20.0,7.0,5.0,15.0,57.0,1.51,755.0,164.0,80.0,0.73,0.54,33.0,30.1,0.55,0.55,0.0,0.0,1.5,1.5,30700.0,G12_62_H8
2024-03-21 00:00:00,24.0,11.0,6.0,18.0,17.0,1.79,895.0,155.0,80.0,0.75,0.6,32.2,29.5,0.5,0.5,0.0,0.0,1.5,1.5,30700.0,G12_62_H8
2024-03-22 00:00:00,26.0,14.0,7.0,12.0,13.0,2.09,1045.0,51.0,48.0,0.79,0.6,31.7,28.9,0.45,0.5,0.0,0.0,1.5,1.5,30700.0,G12_62_H8
2024-03-23 00:00:00,19.0,12.0,8.0,18.0,176.0,2.18,1090.0,51.0,48.0,0.83,0.6,31.4,28.9,0.5,0.75,0.0,0.0,1.5,1.5,30700.0,G12_62_H8
2024-03-24 00:00:00,16.0,9.0,9.0,22.0,3.0,2.27,1135.0,91.0,64.0,0.85,0.72,30.9,28.8,0.5,0.5,0.0,0.0,1.5,1.5,30700.0,G12_62_H8
2024-03-25 00:00:00,11.0,5.0,10.0,13.0,11.0,2.7,1350.0,91.0,64.0,0.86,0.7,31.0,28.6,0.45,0.5,0.0,0.0,1.5,1.5,30700.0,G12_62_H8
2024-03-26 00:00:00,15.0,8.0,11.0,6.0,13.0,3.16,1580.0,107.0,64.0,0.85,0.69,30.7,28.0,0.45,0.5,0.0,0.0,1.5,1.5,30700.0,G12_62_H8
2024-03-27 00:00:00,15.0,10.0,12.0,7.0,8.0,3.56,1780.0,47.0,48.0,0.87,0.66,30.4,27.5,0.43,0.5,0.0,0.0,1.5,1.5,30700.0,G12_62_H8
2024-03-28 00:00:00,20.0,13.0,13.0,8.0,15.0,4.0,2000.0,34.0,64.0,0.9,0.71,29.7,27.6,0.43,0.43,0.0,0.0,1.5,1.5,30700.0,G12_62_H8
2024-03-29 00:00:00,27.0,13.0,14.0,3.0,15.0,4.24,2120.0,19.0,48.0,0.89,0.76,29.6,27.4,0.45,0.55,0.0,0.0,1.5,1.5,30700.0,G12_62_H8
2024-03-30 00:00:00,28.0,11.0,15.0,6.0,25.0,4.66,2330.0,19.0,48.0,0.88,0.69,30.0,27.3,0.45,1.5,0.0,0.0,1.5,1.5,30700.0,G12_62_H8
2024-03-31 00:00:00,22.0,11.0,16.0,9.0,13.0,4.7,2350.0,4.0,80.0,0.89,0.63,31.2,27.0,0.43,2.92,0.0,0.0,1.5,3.0,30700.0,G12_62_H8
2024-04-01 00:00:00,26.0,14.0,17.0,5.0,30.0,5.04,2520.0,6.0,64.0,0.9,0.7,29.6,26.7,0.45,1.75,0.0,0.0,1.5,3.0,30700.0,G12_62_H8
2024-04-02 00:00:00,19.0,12.0,18.0,3.0,26.0,5.63,2815.0,0.0,80.0,0.88,0.76,28.4,26.7,0.65,0.73,0.0,0.0,1.5,1.5,30700.0,G12_62_H8
2024-04-03 00:00:00,17.0,9.0,19.0,4.0,34.0,5.8,2900.0,3.0,80.0,0.89,0.81,28.2,26.1,0.48,0.7,0.0,0.0,1.5,1.5,30700.0,G12_62_H8
2024-04-04 00:00:00,16.0,6.0,20.0,8.0,45.0,5.8,2900.0,3.0,80.0,0.89,0.81,28.2,26.1,0.48,0.7,0.0,0.0,1.5,1.5,30700.0,G12_62_H8
2024-04-05 00:00:00,18.0,9.0,21.0,3.0,38.0,6.44,3220.0,7.0,64.0,0.88,0.68,28.2,25.6,0.43,0.7,0.0,0.0,1.5,1.5,30700.0,G12_62_H8
2024-04-06 00:00:00,18.0,11.0,22.0,3.0,58.0,6.89,3445.0,4.0,80.0,0.87,0.71,27.5,25.3,0.5,0.8,0.0,0.0,1.5,1.5,30700.0,G12_62_H8
2024-04-07 00:00:00,18.0,11.0,23.0,2.0,31.0,7.7,3850.0,4.0,80.0,0.9,0.7,27.5,25.3,0.45,1.1,0.0,0.0,1.5,2.0,30700.0,G12_62_H8
2024-04-08 00:00:00,18.0,8.0,24.0,5.0,32.0,7.75,3875.0,4.0,96.0,0.89,0.79,26.6,24.3,0.45,1.04,0.0,0.0,2.0,2.0,30700.0,G12_62_H8
2024-04-09 00:00:00,23.0,11.0,25.0,6.0,25.0,7.25,3625.0,4.0,96.0,0.9,0.66,27.4,24.1,0.45,1.38,0.0,0.0,2.0,3.0,30700.0,G12_62_H8
2024-04-10 00:00:00,24.0,13.0,26.0,6.0,35.0,8.05,4025.0,4.0,96.0,0.87,0.63,27.7,23.5,0.48,1.73,0.0,0.0,2.0,4.0,30700.0,G12_62_H8
2024-04-11 00:00:00,22.0,13.0,27.0,10.0,132.0,7.9,3950.0,0.0,112.0,0.88,0.71,26.9,23.1,0.6,1.23,0.0,0.0,2.0,3.0,30700.0,G12_62_H8
2024-04-12 00:00:00,20.0,14.0,28.0,20.0,167.0,8.17,4085.0,0.0,128.0,0.9,0.72,27.0,23.5,0.65,1.45,0.0,0.0,2.0,4.0,30700.0,G12_62_H8
2024-04-13 00:00:00,19.0,15.0,29.0,13.0,150.0,8.08,4040.0,0.0,128.0,0.89,0.82,25.3,23.0,0.76,1.1,0.0,0.0,2.0,3.0,30700.0,G12_62_H8
2024-04-14 00:00:00,22.0,14.0,30.0,22.0,55.0,7.56,3780.0,0.0,160.0,0.92,0.85,24.9,23.0,0.72,1.21,0.0,0.0,2.0,3.5,30700.0,G12_62_H8
2024-04-15 00:00:00,26.0,16.0,31.0,27.0,133.0,8.24,4120.0,0.0,160.0,0.93,0.75,26.6,22.5,0.71,2.28,0.0,0.0,2.0,7.0,30700.0,G12_62_H8
2024-04-16 00:00:00,25.0,14.0,32.0,20.0,78.0,8.43,4215.0,0.0,208.0,0.91,0.67,26.9,22.5,0.98,2.47,0.0,0.0,3.0,8.0,30700.0,G12_62_H8
2024-04-17 00:00:00,21.0,9.0,33.0,22.0,78.0,8.64,4320.0,0.0,208.0,0.82,0.61,23.1,21.2,0.77,1.17,0.0,0.0,2.5,4.0,30700.0,G12_62_H8
2024-04-18 00:00:00,23.0,12.0,34.0,14.0,36.0,9.096,4548.0,0.0,208.0,0.91,0.53,26.1,20.1,0.45,2.2,0.0,0.0,2.0,8.0,30700.0,G12_62_H8
2024-04-19 00:00:00,20.0,14.0,35.0,47.0,60.0,9.36,4680.0,5.0,192.0,0.85,0.65,24.8,20.1,0.53,1.36,0.0,0.0,2.0,5.0,30700.0,G12_62_H8
2024-03-14 00:00:00,16.0,7.0,,,,,0.0,,,,,,,,,,,,,30700.0,G12_62_H9
2024-03-15 00:00:00,19.0,8.0,0.0,0.0,0.0,,,,,,,,,,,,,,,30700.0,G12_62_H9
2024-03-16 00:00:00,22.0,10.0,1.0,18.0,3.0,0.82,410.0,123.0,64.0,0.58,0.46,35.4,33.1,0.6,0.6,0.0,0.0,1.5,1.5,30700.0,G12_62_H9
2024-03-17 00:00:00,12.0,5.0,2.0,20.0,27.0,1.05,525.0,226.0,80.0,0.71,0.54,35.2,32.6,0.6,0.6,0.0,0.0,1.5,1.5,30700.0,G12_62_H9
2024-03-18 00:00:00,11.0,4.0,3.0,22.0,17.0,1.08,540.0,185.0,64.0,0.68,0.5,34.5,31.3,0.6,0.6,0.0,0.0,1.5,1.5,30700.0,G12_62_H9
2024-03-19 00:00:00,17.0,3.0,4.0,24.0,36.0,1.356,678.0,201.0,80.0,0.66,0.56,33.7,30.4,0.55,0.6,0.0,0.0,1.5,1.5,30700.0,G12_62_H9
2024-03-20 00:00:00,20.0,7.0,5.0,18.0,63.0,1.668,834.0,164.0,80.0,0.71,0.54,32.8,30.0,0.55,0.55,0.0,0.0,1.5,1.5,30700.0,G12_62_H9
2024-03-21 00:00:00,24.0,11.0,6.0,17.0,23.0,1.686,843.0,155.0,80.0,0.71,0.58,32.1,29.4,0.5,0.5,0.0,0.0,1.5,1.5,30700.0,G12_62_H9
2024-03-22 00:00:00,26.0,14.0,7.0,12.0,32.0,2.096,1048.0,51.0,48.0,0.74,0.57,31.6,29.0,0.45,0.5,0.0,0.0,1.5,1.5,30700.0,G12_62_H9
2024-03-23 00:00:00,19.0,12.0,8.0,17.0,134.0,2.18,1090.0,51.0,48.0,0.79,0.63,31.5,28.9,0.5,0.75,0.0,0.0,1.5,1.5,30700.0,G12_62_H9
2024-03-24 00:00:00,16.0,9.0,9.0,20.0,58.0,2.468,1234.0,91.0,64.0,0.85,0.75,30.4,28.6,0.5,0.5,0.0,0.0,1.5,1.5,30700.0,G12_62_H9
2024-03-25 00:00:00,11.0,5.0,10.0,10.0,12.0,2.75,1375.0,91.0,64.0,0.87,0.73,30.8,28.5,0.45,0.5,0.0,0.0,1.5,1.5,30700.0,G12_62_H9
2024-03-26 00:00:00,15.0,8.0,11.0,20.0,25.0,3.11,1555.0,107.0,64.0,0.9,0.74,30.3,28.0,0.45,0.5,0.0,0.0,1.5,1.5,30700.0,G12_62_H9
2024-03-27 00:00:00,15.0,10.0,12.0,5.0,12.0,3.971,1986.0,47.0,48.0,0.93,0.76,29.8,27.7,0.43,0.5,0.0,0.0,1.5,1.5,30700.0,G12_62_H9
2024-03-28 00:00:00,20.0,13.0,13.0,10.0,29.0,4.37,2185.0,34.0,64.0,0.96,0.82,29.4,27.8,0.43,0.43,0.0,0.0,1.5,1.5,30700.0,G12_62_H9
2024-03-29 00:00:00,27.0,13.0,14.0,10.0,15.0,4.513,2257.0,19.0,48.0,0.96,0.85,29.9,27.7,0.45,0.55,0.0,0.0,1.5,1.5,30700.0,G12_62_H9
2024-03-30 00:00:00,28.0,11.0,15.0,10.0,22.0,5.144,2572.0,19.0,48.0,0.96,0.67,31.7,27.5,0.45,1.5,0.0,0.0,1.5,1.5,30700.0,G12_62_H9
2024-03-31 00:00:00,22.0,11.0,16.0,10.0,21.0,5.141,2571.0,4.0,80.0,0.95,0.6,32.9,27.1,0.43,2.92,0.0,0.0,1.5,3.0,30700.0,G12_62_H9
2024-04-01 00:00:00,26.0,14.0,17.0,5.0,28.0,5.43,2715.0,6.0,64.0,0.94,0.73,31.1,26.5,0.45,1.75,0.0,0.0,1.5,3.0,30700.0,G12_62_H9
2024-04-02 00:00:00,19.0,12.0,18.0,4.0,10.0,5.812,2906.0,0.0,80.0,0.94,0.8,28.4,26.8,0.65,0.73,0.0,0.0,1.5,1.5,30700.0,G12_62_H9
2024-04-03 00:00:00,17.0,9.0,19.0,6.0,13.0,6.239,3120.0,3.0,80.0,0.95,0.8,28.3,26.2,0.48,0.7,0.0,0.0,1.5,1.5,30700.0,G12_62_H9
2024-04-04 00:00:00,16.0,6.0,20.0,5.0,50.0,6.239,3120.0,3.0,80.0,0.95,0.8,28.3,26.2,0.48,0.7,0.0,0.0,1.5,1.5,30700.0,G12_62_H9
2024-04-05 00:00:00,18.0,9.0,21.0,8.0,43.0,6.763,3382.0,7.0,64.0,0.93,0.69,28.0,25.2,0.43,0.7,0.0,0.0,1.5,1.5,30700.0,G12_62_H9
2024-04-06 00:00:00,18.0,11.0,22.0,10.0,50.0,7.279,3640.0,4.0,80.0,0.92,0.76,28.0,25.4,0.5,0.85,0.0,0.0,1.5,1.5,30700.0,G12_62_H9
2024-04-07 00:00:00,18.0,11.0,23.0,5.0,55.0,7.38,3690.0,4.0,80.0,0.92,0.7,28.0,25.4,0.45,1.1,0.0,0.0,1.5,2.0,30700.0,G12_62_H9
2024-04-08 00:00:00,18.0,8.0,24.0,6.0,53.0,7.889,3945.0,4.0,96.0,0.96,0.86,27.4,24.4,0.45,1.04,0.0,0.0,2.0,2.0,30700.0,G12_62_H9
2024-04-09 00:00:00,23.0,11.0,25.0,7.0,40.0,7.992,3996.0,4.0,96.0,0.95,0.68,27.8,24.2,0.48,1.38,0.0,0.0,2.0,3.0,30700.0,G12_62_H9
2024-04-10 00:00:00,24.0,13.0,26.0,5.0,52.0,8.128,4064.0,4.0,96.0,0.94,0.67,28.1,23.3,0.48,1.73,0.0,0.0,2.0,4.0,30700.0,G12_62_H9
2024-04-11 00:00:00,22.0,13.0,27.0,6.0,53.0,9.098,4549.0,0.0,112.0,0.93,0.73,27.2,23.5,0.65,1.62,0.0,0.0,2.0,4.0,30700.0,G12_62_H9
2024-04-12 00:00:00,20.0,14.0,28.0,15.0,50.0,9.171,4586.0,0.0,128.0,0.95,0.75,27.0,23.9,0.73,1.45,0.0,0.0,2.0,4.0,30700.0,G12_62_H9
2024-04-13 00:00:00,19.0,15.0,29.0,8.0,58.0,9.192,4596.0,0.0,128.0,0.95,0.86,25.3,23.1,0.76,1.1,0.0,0.0,2.0,3.0,30700.0,G12_62_H9
2024-04-14 00:00:00,22.0,14.0,30.0,8.0,48.0,9.417,4709.0,0.0,160.0,0.95,0.86,25.0,23.0,0.75,1.21,0.0,0.0,2.0,3.5,30700.0,G12_62_H9
2024-04-15 00:00:00,26.0,16.0,31.0,10.0,61.0,10.057,5029.0,0.0,160.0,0.94,0.75,27.0,22.3,0.71,2.28,0.0,0.0,2.0,7.0,30700.0,G12_62_H9
2024-04-16 00:00:00,25.0,14.0,32.0,22.0,58.0,10.07,5035.0,0.0,208.0,0.95,0.66,27.3,22.5,1.14,2.47,0.0,0.0,3.5,8.0,30700.0,G12_62_H9
2024-04-17 00:00:00,21.0,9.0,33.0,25.0,33.0,10.449,5225.0,0.0,208.0,0.85,0.67,23.2,21.3,0.77,1.17,0.0,0.0,2.5,4.0,30700.0,G12_62_H9
2024-04-18 00:00:00,23.0,12.0,34.0,30.0,111.0,10.72,5360.0,0.0,208.0,0.93,0.55,26.0,20.0,0.5,2.51,0.0,0.0,2.0,9.0,30700.0,G12_62_H9
2024-04-19 00:00:00,20.0,14.0,35.0,60.0,51.0,10.64,5320.0,5.0,192.0,0.93,0.7,24.4,19.6,0.57,1.56,0.0,0.0,2.0,6.0,30700.0,G12_62_H9
2024-03-14 00:00:00,16.0,7.0,,,,,0.0,,,,,,,,,,,,,24400.0,G12_62_H10
2024-03-15 00:00:00,19.0,8.0,0.0,0.0,0.0,,,,,,,,,,,,,,,24400.0,G12_62_H10
2024-03-16 00:00:00,22.0,10.0,1.0,18.0,11.0,0.63,315.0,123.0,64.0,0.6,0.47,35.8,32.6,0.62,0.62,0.0,0.0,1.5,1.5,24400.0,G12_62_H10
2024-03-17 00:00:00,12.0,5.0,2.0,8.0,23.0,0.81,405.0,226.0,80.0,0.71,0.53,35.4,32.7,0.62,0.62,0.0,0.0,1.5,1.5,24400.0,G12_62_H10
2024-03-18 00:00:00,11.0,4.0,3.0,20.0,13.0,0.79,395.0,185.0,64.0,0.69,0.56,34.8,31.5,0.58,0.58,0.0,0.0,1.5,1.5,24400.0,G12_62_H10
2024-03-19 00:00:00,17.0,3.0,4.0,20.0,47.0,0.92,460.0,201.0,80.0,0.69,0.59,34.2,30.8,0.55,0.55,0.0,0.0,1.5,1.5,24400.0,G12_62_H10
2024-03-20 00:00:00,20.0,7.0,5.0,17.0,26.0,1.331,666.0,164.0,80.0,0.71,0.54,33.4,30.2,0.5,0.56,0.0,0.0,1.5,1.5,24400.0,G12_62_H10
2024-03-21 00:00:00,24.0,11.0,6.0,13.0,17.0,1.547,774.0,155.0,80.0,0.75,0.61,32.7,29.7,0.48,0.5,0.0,0.0,1.5,1.5,24400.0,G12_62_H10
2024-03-22 00:00:00,26.0,14.0,7.0,13.0,28.0,1.647,824.0,51.0,48.0,0.78,0.64,31.9,29.1,0.45,0.5,0.0,0.0,1.5,1.5,24400.0,G12_62_H10
2024-03-23 00:00:00,19.0,12.0,8.0,21.0,134.0,1.856,928.0,51.0,48.0,0.82,0.67,31.3,28.8,0.52,0.78,0.0,0.0,1.5,1.5,24400.0,G12_62_H10
2024-03-24 00:00:00,16.0,9.0,9.0,10.0,23.0,1.91,955.0,91.0,64.0,0.84,0.72,31.0,28.9,0.45,0.45,0.0,0.0,1.5,1.5,24400.0,G12_62_H10
2024-03-25 00:00:00,11.0,5.0,10.0,10.0,20.0,2.269,1135.0,91.0,64.0,0.81,0.72,30.9,28.7,0.42,0.45,0.0,0.0,1.5,1.5,24400.0,G12_62_H10
2024-03-26 00:00:00,15.0,8.0,11.0,8.0,12.0,2.553,1277.0,107.0,64.0,0.85,0.71,30.6,28.2,0.42,0.45,0.0,0.0,1.5,1.5,24400.0,G12_62_H10
2024-03-27 00:00:00,15.0,10.0,12.0,9.0,25.0,3.133,1567.0,47.0,48.0,0.9,0.71,30.1,27.4,0.45,0.5,0.0,0.0,1.5,1.5,24400.0,G12_62_H10
2024-03-28 00:00:00,20.0,13.0,13.0,5.0,10.0,3.47,1735.0,34.0,64.0,0.93,0.74,30.1,27.6,0.45,0.45,0.0,0.0,1.5,1.5,24400.0,G12_62_H10
2024-03-29 00:00:00,27.0,13.0,14.0,10.0,18.0,3.687,1844.0,19.0,48.0,0.92,0.79,29.5,27.4,0.43,0.6,0.0,0.0,1.5,1.5,24400.0,G12_62_H10
2024-03-30 00:00:00,28.0,11.0,15.0,10.0,15.0,4.027,2014.0,19.0,48.0,0.92,0.67,30.8,27.3,0.45,1.5,0.0,0.0,1.5,1.5,24400.0,G12_62_H10
2024-03-31 00:00:00,22.0,11.0,16.0,10.0,27.0,4.109,2055.0,4.0,80.0,0.92,0.62,32.1,27.1,0.43,3.54,0.0,0.0,1.5,3.0,24400.0,G12_62_H10
2024-04-01 00:00:00,26.0,14.0,17.0,5.0,25.0,4.15,2075.0,6.0,64.0,0.91,0.73,30.7,26.9,0.45,2.12,0.0,0.0,1.5,3.0,24400.0,G12_62_H10
2024-04-02 00:00:00,19.0,12.0,18.0,14.0,18.0,4.165,2083.0,0.0,80.0,0.91,0.79,28.5,26.8,0.64,0.8,0.0,0.0,1.5,1.5,24400.0,G12_62_H10
2024-04-03 00:00:00,17.0,9.0,19.0,5.0,34.0,4.433,2217.0,3.0,80.0,0.93,0.85,28.5,26.5,0.48,0.63,0.0,0.0,1.5,1.5,24400.0,G12_62_H10
2024-04-04 00:00:00,16.0,6.0,20.0,13.0,40.0,4.433,2217.0,3.0,80.0,0.93,0.85,28.5,26.5,0.48,0.63,0.0,0.0,1.5,1.5,24400.0,G12_62_H10
2024-04-05 00:00:00,18.0,9.0,21.0,10.0,54.0,5.335,2668.0,7.0,64.0,0.92,0.69,29.2,25.6,0.4,0.68,0.0,0.0,1.5,1.5,24400.0,G12_62_H10
2024-04-06 00:00:00,18.0,11.0,22.0,10.0,107.0,5.445,2723.0,4.0,80.0,0.9,0.75,27.8,25.6,0.45,0.75,0.0,0.0,1.5,1.5,24400.0,G12_62_H10
2024-04-07 00:00:00,18.0,11.0,23.0,11.0,95.0,5.305,2653.0,4.0,80.0,0.91,0.73,27.8,25.6,0.43,1.34,0.0,0.0,1.5,2.0,24400.0,G12_62_H10
2024-04-08 00:00:00,18.0,8.0,24.0,15.0,80.0,5.639,2820.0,4.0,96.0,0.93,0.83,27.5,25.1,0.5,1.02,0.0,0.0,2.0,2.0,24400.0,G12_62_H10
2024-04-09 00:00:00,23.0,11.0,25.0,9.0,65.0,6.289,3145.0,4.0,96.0,0.93,0.68,28.1,24.3,0.48,1.48,0.0,0.0,2.0,3.0,24400.0,G12_62_H10
2024-04-10 00:00:00,24.0,13.0,26.0,7.0,60.0,6.632,3316.0,4.0,96.0,0.82,0.68,27.9,23.4,0.45,1.92,0.0,0.0,2.0,3.0,24400.0,G12_62_H10
2024-04-11 00:00:00,22.0,13.0,27.0,6.0,68.0,7.29,3645.0,0.0,112.0,0.92,0.72,27.2,23.4,0.65,1.53,0.0,0.0,1.5,3.0,24400.0,G12_62_H10
2024-04-12 00:00:00,20.0,14.0,28.0,8.0,57.0,7.387,3694.0,0.0,128.0,0.93,0.74,27.2,23.6,0.82,1.83,0.0,0.0,2.0,4.0,24400.0,G12_62_H10
2024-04-13 00:00:00,19.0,15.0,29.0,4.0,44.0,7.701,3851.0,0.0,128.0,0.93,0.85,25.4,23.2,0.8,1.35,0.0,0.0,2.0,3.0,24400.0,G12_62_H10
2024-04-14 00:00:00,22.0,14.0,30.0,5.0,33.0,7.516,3758.0,0.0,160.0,0.92,0.85,24.7,22.8,0.81,1.32,0.0,0.0,2.0,3.5,24400.0,G12_62_H10
2024-04-15 00:00:00,26.0,16.0,31.0,5.0,46.0,8.18,4090.0,0.0,160.0,0.93,0.75,26.9,22.0,0.79,2.55,0.0,0.0,2.0,6.0,24400.0,G12_62_H10
2024-04-16 00:00:00,25.0,14.0,32.0,5.0,37.0,8.54,4270.0,0.0,208.0,0.93,0.67,27.2,22.5,1.25,2.77,0.0,0.0,3.0,7.0,24400.0,G12_62_H10
2024-04-17 00:00:00,21.0,9.0,33.0,3.0,12.0,7.794,3897.0,0.0,208.0,0.86,0.65,22.9,21.2,0.79,1.32,0.0,0.0,2.0,3.5,24400.0,G12_62_H10
2024-04-18 00:00:00,23.0,12.0,34.0,5.0,77.0,8.7,4350.0,0.0,208.0,0.9,0.55,26.2,19.8,0.5,2.86,0.0,0.0,2.0,8.0,24400.0,G12_62_H10
2024-04-19 00:00:00,20.0,14.0,35.0,6.0,34.0,8.693,4347.0,5.0,192.0,0.9,0.7,24.5,19.4,0.6,1.73,0.0,0.0,2.0,5.0,24400.0,G12_62_H10
2024-03-12 00:00:00,18.0,5.0,1.0,16.0,2.0,0.35,175.0,203.5,0.0,0.43,0.32,35.5,32.6,0.6,0.6,0.0,0.0,1.0,1.0,29100.0,G13_62_H1
2024-03-13 00:00:00,16.0,4.0,2.0,4.0,3.0,0.8,400.0,256.8,60.0,0.52,0.4,35.0,32.5,0.58,0.58,0.0,0.0,1.0,1.0,29100.0,G13_62_H1
2024-03-14 00:00:00,16.0,6.0,3.0,7.0,10.0,1.41,705.0,212.7,56.0,0.59,0.47,33.9,32.1,0.58,0.58,0.0,0.0,1.0,1.0,29100.0,G13_62_H1
2024-03-15 00:00:00,18.0,5.0,4.0,8.0,18.0,1.7,850.0,230.5,64.0,0.62,0.5,33.5,31.6,0.55,0.55,0.0,0.0,1.5,1.5,29100.0,G13_62_H1
2024-03-16 00:00:00,22.0,5.0,5.0,11.0,17.0,1.8,900.0,204.6,56.0,0.63,0.55,33.0,31.0,0.53,0.53,0.0,0.0,1.5,1.5,29100.0,G13_62_H1
2024-03-17 00:00:00,14.0,5.0,6.0,7.0,16.0,2.1,1050.0,159.5,56.0,0.66,0.57,32.2,30.5,0.51,0.51,0.0,0.0,1.5,1.5,29100.0,G13_62_H1
2024-03-18 00:00:00,15.0,8.0,7.0,9.0,29.0,2.24,1120.0,215.5,64.0,0.66,0.57,31.6,29.7,0.48,0.48,0.0,0.0,1.5,1.5,29100.0,G13_62_H1
2024-03-19 00:00:00,16.0,4.0,8.0,5.0,17.0,2.59,1295.0,206.4,64.0,0.66,0.59,30.9,29.3,0.45,0.45,0.0,0.0,1.5,1.5,29100.0,G13_62_H1
2024-03-20 00:00:00,17.0,5.0,9.0,5.0,158.0,3.06,1530.0,162.6,56.0,0.64,0.55,30.6,29.0,0.45,0.48,0.0,0.0,1.5,1.5,29100.0,G13_62_H1
2024-03-21 00:00:00,22.0,7.0,10.0,16.0,2.0,3.16,1580.0,147.0,44.0,0.66,0.58,30.3,28.8,0.41,0.41,0.0,0.0,1.5,1.5,29100.0,G13_62_H1
2024-03-22 00:00:00,26.0,10.0,11.0,3.0,19.0,3.29,1645.0,86.6,32.0,0.66,0.58,30.3,28.6,0.45,0.71,0.0,0.0,1.5,1.5,29100.0,G13_62_H1
2024-03-23 00:00:00,15.0,10.0,12.0,2.0,13.0,4.03,2015.0,30.6,28.0,0.76,0.62,31.4,28.5,0.47,0.79,0.0,0.0,1.5,1.5,29100.0,G13_62_H1
2024-03-24 00:00:00,15.0,12.0,13.0,4.0,22.0,4.42,2210.0,43.1,28.0,0.74,0.65,29.5,27.8,0.5,0.69,0.0,0.0,1.5,1.5,29100.0,G13_62_H1
2024-03-25 00:00:00,13.0,7.0,14.0,6.0,30.0,4.72,2360.0,38.9,33.0,0.8,0.71,28.9,27.5,0.5,0.55,0.0,0.0,1.5,1.5,29100.0,G13_62_H1
2024-03-26 00:00:00,18.0,6.0,15.0,7.0,35.0,5.01,2505.0,74.7,39.0,0.8,0.71,28.7,27.0,0.49,0.55,0.0,0.0,1.5,1.5,29100.0,G13_62_H1
2024-03-27 00:00:00,15.0,6.0,16.0,5.0,56.0,5.15,2575.0,39.6,32.0,0.86,0.67,29.1,26.8,0.49,0.59,0.0,0.0,1.5,1.5,29100.0,G13_62_H1
2024-03-28 00:00:00,18.0,10.0,17.0,4.0,71.0,5.5,2750.0,28.5,40.0,0.87,0.72,28.1,26.8,0.48,0.58,0.0,0.0,1.5,1.5,29100.0,G13_62_H1
2024-03-29 00:00:00,25.0,11.0,18.0,5.0,72.0,5.7,2850.0,13.5,40.0,0.85,0.71,29.3,26.4,0.52,0.68,0.0,0.0,1.5,1.5,29100.0,G13_62_H1
2024-03-30 00:00:00,28.0,14.0,19.0,4.0,48.0,6.0,3000.0,1.4,64.0,0.86,0.64,30.8,26.3,0.51,1.31,0.0,0.0,1.5,1.5,29100.0,G13_62_H1
2024-03-31 00:00:00,20.0,10.0,20.0,6.0,51.0,6.28,3140.0,10.9,56.0,0.8,0.56,32.2,26.0,0.5,2.39,0.0,0.0,1.5,3.0,29100.0,G13_62_H1
2024-04-01 00:00:00,25.0,12.0,21.0,5.0,38.0,6.78,3390.0,12.7,52.0,0.86,0.57,30.5,25.5,0.56,2.02,0.0,0.0,2.0,3.0,29100.0,G13_62_H1
2024-04-02 00:00:00,19.0,17.0,22.0,6.0,27.0,7.1,3550.0,0.0,116.0,0.9,0.71,28.0,26.6,0.76,0.89,0.0,0.0,2.0,2.0,29100.0,G13_62_H1
2024-04-03 00:00:00,15.0,12.0,23.0,5.0,36.0,7.58,3790.0,1.2,48.0,0.9,0.79,27.0,25.1,0.5,0.7,0.0,0.0,2.0,2.0,29100.0,G13_62_H1
2024-04-04 00:00:00,17.0,9.0,24.0,6.0,24.0,8.0,4000.0,6.2,48.0,0.87,0.63,27.0,24.7,0.49,0.82,0.0,0.0,2.0,2.0,29100.0,G13_62_H1
2024-04-05 00:00:00,17.0,7.0,25.0,4.0,27.0,8.23,4115.0,17.6,52.0,0.86,0.6,27.5,24.3,0.46,0.81,0.0,0.0,2.0,2.0,29100.0,G13_62_H1
2024-04-06 00:00:00,15.0,9.0,26.0,3.0,25.0,8.67,4335.0,5.2,52.0,0.86,0.6,27.5,24.3,0.45,0.86,0.0,0.0,2.0,2.0,29100.0,G13_62_H1
2024-04-07 00:00:00,18.0,9.0,27.0,8.0,22.0,8.82,4410.0,3.7,60.0,0.88,0.65,28.0,23.8,0.45,1.21,0.0,0.0,2.0,3.0,29100.0,G13_62_H1
2024-04-08 00:00:00,18.0,10.0,28.0,17.0,25.0,9.22,4610.0,3.8,60.0,0.88,0.64,27.5,23.8,0.5,1.14,0.0,0.0,2.0,3.0,29100.0,G13_62_H1
2024-04-09 00:00:00,23.0,9.0,29.0,24.0,27.0,9.53,4765.0,5.3,72.0,0.87,0.61,28.0,22.9,0.48,1.43,0.0,0.0,2.0,4.0,29100.0,G13_62_H1
2024-04-10 00:00:00,23.0,10.0,30.0,36.0,18.0,9.8,4900.0,2.6,92.0,0.84,0.5,28.5,22.6,0.56,2.02,0.0,0.0,2.0,6.0,29100.0,G13_62_H1
2024-04-11 00:00:00,22.0,12.0,31.0,43.0,29.0,9.59,4795.0,2.3,116.0,0.84,0.66,27.1,22.9,0.64,1.6,0.0,0.0,2.0,5.0,29100.0,G13_62_H1
2024-04-12 00:00:00,23.0,12.0,32.0,49.0,32.0,9.59,4795.0,0.0,128.0,0.91,0.68,27.1,22.5,0.61,1.82,0.0,0.0,2.0,6.0,29100.0,G13_62_H1
2024-04-13 00:00:00,23.0,13.0,33.0,41.0,47.0,9.4,4700.0,0.0,140.0,0.89,0.78,25.0,21.8,0.87,1.44,0.0,0.0,3.0,5.0,29100.0,G13_62_H1
2024-04-14 00:00:00,20.0,14.0,34.0,39.0,26.0,9.51,4755.0,0.0,144.0,0.88,0.72,24.3,21.5,0.83,1.65,0.0,0.0,3.0,6.0,29100.0,G13_62_H1
2024-04-15 00:00:00,25.0,13.0,35.0,50.0,18.0,9.73,4865.0,0.0,168.0,0.88,0.63,27.5,20.5,1.05,2.89,0.0,0.0,4.0,11.0,29100.0,G13_62_H1
2024-04-16 00:00:00,20.0,15.0,36.0,72.0,9.0,8.98,4490.0,0.0,272.0,0.81,0.59,27.3,21.5,1.51,2.77,0.0,0.0,6.0,11.0,29100.0,G13_62_H1
2024-04-17 00:00:00,20.0,12.0,37.0,101.0,8.0,8.69,4345.0,0.0,220.0,0.79,0.58,22.2,19.8,0.97,1.45,0.0,0.0,4.0,6.0,29100.0,G13_62_H1
2024-04-18 00:00:00,23.0,11.0,38.0,0.0,0.0,8.69,4345.0,0.0,220.0,0.79,0.58,22.2,19.8,0.97,1.45,0.0,0.0,4.0,6.0,29100.0,G13_62_H1
2024-04-19 00:00:00,21.0,11.0,39.0,0.0,0.0,8.69,4345.0,0.0,220.0,0.79,0.58,22.2,19.8,0.97,1.45,0.0,0.0,4.0,6.0,29100.0,G13_62_H1
2024-03-12 00:00:00,18.0,5.0,0.0,,,,0.0,,,,,,,,,,,,,28800.0,G13_62_H2
2024-03-13 00:00:00,16.0,4.0,1.0,9.0,2.0,0.35,175.0,256.8,0.0,0.58,0.48,35.6,33.6,0.6,0.6,0.0,0.0,1.0,1.0,28800.0,G13_62_H2
2024-03-14 00:00:00,16.0,6.0,2.0,10.0,8.0,1.33,665.0,212.7,56.0,0.64,0.55,35.2,33.2,0.58,0.58,0.0,0.0,1.0,1.0,28800.0,G13_62_H2
2024-03-15 00:00:00,18.0,5.0,3.0,9.0,13.0,1.61,805.0,230.5,60.0,0.7,0.61,34.7,32.4,0.58,0.58,0.0,0.0,1.0,1.0,28800.0,G13_62_H2
2024-03-16 00:00:00,22.0,5.0,4.0,12.0,23.0,1.75,875.0,204.6,52.0,0.72,0.63,34.1,32.0,0.55,0.55,0.0,0.0,1.5,1.5,28800.0,G13_62_H2
2024-03-17 00:00:00,14.0,5.0,5.0,8.0,10.0,1.9,950.0,159.5,56.0,0.77,0.69,33.6,31.4,0.53,0.53,0.0,0.0,1.5,1.5,28800.0,G13_62_H2
2024-03-18 00:00:00,15.0,8.0,6.0,6.0,16.0,1.99,995.0,215.5,64.0,0.77,0.69,33.1,30.5,0.51,0.51,0.0,0.0,1.5,1.5,28800.0,G13_62_H2
2024-03-19 00:00:00,16.0,4.0,7.0,4.0,7.0,2.14,1070.0,206.4,64.0,0.75,0.68,32.2,29.9,0.48,0.48,0.0,0.0,1.5,1.5,28800.0,G13_62_H2
2024-03-20 00:00:00,17.0,5.0,8.0,7.0,135.0,2.5,1250.0,162.6,68.0,0.76,0.67,31.9,29.6,0.48,0.48,0.0,0.0,1.5,1.5,28800.0,G13_62_H2
2024-03-21 00:00:00,22.0,7.0,9.0,17.0,14.0,2.62,1310.0,147.0,52.0,0.76,0.71,31.3,29.5,0.45,0.45,0.0,0.0,1.5,1.5,28800.0,G13_62_H2
2024-03-22 00:00:00,26.0,10.0,10.0,2.0,9.0,3.09,1545.0,86.6,28.0,0.79,0.73,30.9,29.3,0.45,0.72,0.0,0.0,1.5,1.5,28800.0,G13_62_H2
2024-03-23 00:00:00,15.0,10.0,11.0,1.0,10.0,3.32,1660.0,30.6,28.0,0.83,0.76,31.6,29.1,0.45,0.75,0.0,0.0,1.5,1.5,28800.0,G13_62_H2
2024-03-24 00:00:00,15.0,12.0,12.0,2.0,18.0,3.78,1890.0,43.1,28.0,0.84,0.81,30.0,28.8,0.52,0.71,0.0,0.0,1.5,1.5,28800.0,G13_62_H2
2024-03-25 00:00:00,13.0,7.0,13.0,3.0,17.0,3.99,1995.0,38.9,32.0,0.85,0.8,29.5,28.4,0.49,0.55,0.0,0.0,1.5,1.5,28800.0,G13_62_H2
2024-03-26 00:00:00,18.0,6.0,14.0,5.0,23.0,4.37,2185.0,74.7,36.0,0.86,0.8,29.1,27.7,0.49,0.55,0.0,0.0,1.5,1.5,28800.0,G13_62_H2
2024-03-27 00:00:00,15.0,6.0,15.0,2.0,20.0,4.69,2345.0,39.6,40.0,0.86,0.8,29.4,27.3,0.49,0.6,0.0,0.0,1.5,1.5,28800.0,G13_62_H2
2024-03-28 00:00:00,18.0,10.0,16.0,1.0,22.0,5.05,2525.0,28.5,44.0,0.87,0.8,28.4,27.2,0.47,0.54,0.0,0.0,1.5,1.5,28800.0,G13_62_H2
2024-03-29 00:00:00,25.0,11.0,17.0,1.0,10.0,5.17,2585.0,13.5,48.0,0.87,0.7,29.1,27.0,0.49,0.66,0.0,0.0,1.5,1.5,28800.0,G13_62_H2
2024-03-30 00:00:00,28.0,14.0,18.0,3.0,15.0,5.43,2715.0,1.4,64.0,0.86,0.74,30.7,27.0,0.52,1.44,0.0,0.0,1.5,1.5,28800.0,G13_62_H2
2024-03-31 00:00:00,20.0,10.0,19.0,4.0,9.0,5.88,2940.0,10.9,60.0,0.84,0.7,32.3,26.6,0.51,2.62,0.0,0.0,1.5,3.0,28800.0,G13_62_H2
2024-04-01 00:00:00,25.0,12.0,20.0,3.0,12.0,6.12,3060.0,12.7,48.0,0.81,0.7,30.7,26.1,0.52,2.19,0.0,0.0,2.0,3.0,28800.0,G13_62_H2
2024-04-02 00:00:00,19.0,17.0,21.0,1.0,7.0,6.59,3295.0,0.0,116.0,0.84,0.75,28.2,26.7,0.75,0.89,0.0,0.0,2.0,2.0,28800.0,G13_62_H2
2024-04-03 00:00:00,15.0,12.0,22.0,2.0,11.0,7.24,3620.0,1.2,56.0,0.85,0.8,27.2,25.5,0.47,0.69,0.0,0.0,2.0,2.0,28800.0,G13_62_H2
2024-04-04 00:00:00,17.0,9.0,23.0,3.0,8.0,7.7,3850.0,6.2,48.0,0.83,0.74,27.1,25.1,0.47,0.76,0.0,0.0,2.0,2.0,28800.0,G13_62_H2
2024-04-05 00:00:00,17.0,7.0,24.0,2.0,10.0,7.86,3930.0,17.6,56.0,0.8,0.69,27.5,24.7,0.44,0.76,0.0,0.0,2.0,2.0,28800.0,G13_62_H2
2024-04-06 00:00:00,15.0,9.0,25.0,1.0,8.0,8.19,4095.0,5.2,56.0,0.8,0.69,27.5,24.7,0.43,0.81,0.0,0.0,2.0,2.0,28800.0,G13_62_H2
2024-04-07 00:00:00,18.0,9.0,26.0,2.0,6.0,8.56,4280.0,3.7,64.0,0.83,0.76,27.7,24.4,0.45,0.86,0.0,0.0,2.0,2.0,28800.0,G13_62_H2
2024-04-08 00:00:00,18.0,10.0,27.0,3.0,6.0,8.67,4335.0,3.8,64.0,0.84,0.69,27.8,24.2,0.49,1.21,0.0,0.0,2.0,3.0,28800.0,G13_62_H2
2024-04-09 00:00:00,23.0,9.0,28.0,6.0,9.0,8.85,4425.0,5.3,76.0,0.82,0.62,28.0,23.1,0.5,1.51,0.0,0.0,2.0,4.0,28800.0,G13_62_H2
2024-04-10 00:00:00,23.0,10.0,29.0,5.0,10.0,9.52,4760.0,2.6,100.0,0.79,0.61,28.5,22.8,0.55,1.78,0.0,0.0,2.0,5.0,28800.0,G13_62_H2
2024-04-11 00:00:00,22.0,12.0,30.0,14.0,12.0,9.67,4835.0,2.3,116.0,0.78,0.62,26.8,23.0,0.6,1.69,0.0,0.0,2.0,5.0,28800.0,G13_62_H2
2024-04-12 00:00:00,23.0,12.0,31.0,42.0,21.0,9.07,4535.0,0.0,116.0,0.84,0.67,27.0,23.3,0.64,1.92,0.0,0.0,2.0,6.0,28800.0,G13_62_H2
2024-04-13 00:00:00,23.0,13.0,32.0,31.0,12.0,8.8,4400.0,0.0,128.0,0.84,0.71,24.8,22.4,0.76,1.21,0.0,0.0,2.0,4.0,28800.0,G13_62_H2
2024-04-14 00:00:00,20.0,14.0,33.0,20.0,8.0,9.06,4530.0,0.0,140.0,0.84,0.78,24.5,21.8,0.87,1.44,0.0,0.0,3.0,5.0,28800.0,G13_62_H2
2024-04-15 00:00:00,25.0,13.0,34.0,39.0,18.0,8.71,4355.0,0.0,172.0,0.85,0.68,27.2,21.0,0.83,2.75,0.0,0.0,3.0,10.0,28800.0,G13_62_H2
2024-04-16 00:00:00,20.0,15.0,35.0,63.0,15.0,8.83,4415.0,0.0,256.0,0.85,0.62,26.5,21.8,1.32,2.63,0.0,0.0,5.0,10.0,28800.0,G13_62_H2
2024-04-17 00:00:00,20.0,12.0,36.0,80.0,5.0,8.94,4470.0,0.0,224.0,0.76,0.59,22.4,20.0,1.01,1.51,0.0,0.0,4.0,6.0,28800.0,G13_62_H2
2024-04-18 00:00:00,23.0,11.0,37.0,105.0,4.0,9.76,4880.0,0.0,164.0,0.83,0.58,25.6,18.6,0.72,2.66,0.0,0.0,3.0,11.0,28800.0,G13_62_H2
2024-04-19 00:00:00,21.0,11.0,38.0,0.0,0.0,9.76,4880.0,0.0,0.0,0.83,0.58,25.6,18.6,0.72,2.66,0.0,0.0,3.0,11.0,28800.0,G13_62_H2
2024-03-12 00:00:00,18.0,5.0,0.0,,,,0.0,,,,,,,,,,,,,29100.0,G13_62_H3
2024-03-13 00:00:00,16.0,4.0,1.0,28.0,0.0,0.35,175.0,256.8,0.0,0.5,0.38,35.4,33.4,0.6,0.6,0.0,0.0,1.0,1.0,29100.0,G13_62_H3
2024-03-14 00:00:00,16.0,6.0,2.0,20.0,14.0,0.96,480.0,212.7,52.0,0.6,0.44,34.9,33.3,0.58,0.58,0.0,0.0,1.0,1.0,29100.0,G13_62_H3
2024-03-15 00:00:00,18.0,5.0,3.0,13.0,30.0,1.17,585.0,230.5,56.0,0.66,0.54,34.3,32.7,0.58,0.58,0.0,0.0,1.0,1.0,29100.0,G13_62_H3
2024-03-16 00:00:00,22.0,5.0,4.0,10.0,35.0,1.41,705.0,204.6,56.0,0.7,0.58,33.9,32.0,0.55,0.55,0.0,0.0,1.5,1.5,29100.0,G13_62_H3
2024-03-17 00:00:00,14.0,5.0,5.0,7.0,24.0,1.66,830.0,159.5,36.0,0.76,0.65,33.4,31.5,0.53,0.53,0.0,0.0,1.5,1.5,29100.0,G13_62_H3
2024-03-18 00:00:00,15.0,8.0,6.0,7.0,22.0,1.86,930.0,215.5,76.0,0.76,0.65,32.8,30.6,0.51,0.51,0.0,0.0,1.5,1.5,29100.0,G13_62_H3
2024-03-19 00:00:00,16.0,4.0,7.0,9.0,30.0,2.1,1050.0,206.4,24.0,0.73,0.62,32.0,30.0,0.48,0.48,0.0,0.0,1.5,1.5,29100.0,G13_62_H3
2024-03-20 00:00:00,17.0,5.0,8.0,22.0,170.0,2.41,1205.0,162.6,104.0,0.75,0.62,31.4,29.7,0.48,0.48,0.0,0.0,1.5,1.5,29100.0,G13_62_H3
2024-03-21 00:00:00,22.0,7.0,9.0,10.0,20.0,2.47,1235.0,147.0,44.0,0.74,0.65,31.1,29.4,0.45,0.45,0.0,0.0,1.5,1.5,29100.0,G13_62_H3
2024-03-22 00:00:00,26.0,10.0,10.0,8.0,45.0,2.86,1430.0,86.6,28.0,0.79,0.7,30.7,29.2,0.45,0.72,0.0,0.0,1.5,1.5,29100.0,G13_62_H3
2024-03-23 00:00:00,15.0,10.0,11.0,5.0,83.0,3.2,1600.0,30.6,24.0,0.85,0.69,32.0,29.0,0.45,0.75,0.0,0.0,1.5,1.5,29100.0,G13_62_H3
2024-03-24 00:00:00,15.0,12.0,12.0,6.0,86.0,3.68,1840.0,43.1,28.0,0.9,0.76,30.2,28.6,0.52,0.71,0.0,0.0,1.5,1.5,29100.0,G13_62_H3
2024-03-25 00:00:00,13.0,7.0,13.0,6.0,99.0,3.98,1990.0,38.9,28.0,0.9,0.82,29.6,28.2,0.49,0.55,0.0,0.0,1.5,1.5,29100.0,G13_62_H3
2024-03-26 00:00:00,18.0,6.0,14.0,9.0,112.0,4.23,2115.0,74.7,36.0,0.91,0.8,29.2,27.6,0.49,0.55,0.0,0.0,1.5,1.5,29100.0,G13_62_H3
2024-03-27 00:00:00,15.0,6.0,15.0,4.0,138.0,4.52,2260.0,39.6,60.0,0.92,0.81,29.3,27.3,0.49,0.6,0.0,0.0,1.5,1.5,29100.0,G13_62_H3
2024-03-28 00:00:00,18.0,10.0,16.0,7.0,150.0,4.71,2355.0,28.5,32.0,0.94,0.8,28.6,27.2,0.47,0.54,0.0,0.0,1.5,1.5,29100.0,G13_62_H3
2024-03-29 00:00:00,25.0,11.0,17.0,5.0,117.0,5.07,2535.0,13.5,40.0,0.9,0.8,28.8,26.9,0.49,0.66,0.0,0.0,1.5,1.5,29100.0,G13_62_H3
2024-03-30 00:00:00,28.0,14.0,18.0,8.0,111.0,5.33,2665.0,1.4,28.0,0.9,0.71,30.7,27.0,0.52,1.44,0.0,0.0,1.5,1.5,29100.0,G13_62_H3
2024-03-31 00:00:00,20.0,10.0,19.0,10.0,73.0,5.89,2945.0,10.9,52.0,0.9,0.62,31.9,26.5,0.51,2.62,0.0,0.0,1.5,3.0,29100.0,G13_62_H3
2024-04-01 00:00:00,25.0,12.0,20.0,6.0,75.0,6.1,3050.0,12.7,40.0,0.9,0.66,30.6,25.9,0.52,2.19,0.0,0.0,2.0,3.0,29100.0,G13_62_H3
2024-04-02 00:00:00,19.0,17.0,21.0,7.0,34.0,6.6,3300.0,0.0,96.0,0.92,0.8,28.3,26.8,0.75,0.89,0.0,0.0,2.0,2.0,29100.0,G13_62_H3
2024-04-03 00:00:00,15.0,12.0,22.0,4.0,35.0,7.03,3515.0,1.2,60.0,0.94,0.82,27.5,25.5,0.47,0.69,0.0,0.0,2.0,2.0,29100.0,G13_62_H3
2024-04-04 00:00:00,17.0,9.0,23.0,5.0,32.0,7.24,3620.0,6.2,24.0,0.9,0.71,27.0,25.1,0.47,0.76,0.0,0.0,2.0,2.0,29100.0,G13_62_H3
2024-04-05 00:00:00,17.0,7.0,24.0,7.0,37.0,7.58,3790.0,17.6,40.0,0.88,0.67,27.5,24.9,0.44,0.76,0.0,0.0,2.0,2.0,29100.0,G13_62_H3
2024-04-06 00:00:00,15.0,9.0,25.0,10.0,22.0,8.0,4000.0,5.2,44.0,0.88,0.67,27.5,24.9,0.43,0.81,0.0,0.0,2.0,2.0,29100.0,G13_62_H3
2024-04-07 00:00:00,18.0,9.0,26.0,14.0,20.0,8.23,4115.0,3.7,48.0,0.9,0.76,27.4,24.3,0.45,0.86,0.0,0.0,2.0,2.0,29100.0,G13_62_H3
2024-04-08 00:00:00,18.0,10.0,27.0,14.0,12.0,8.44,4220.0,3.8,32.0,0.82,0.61,27.8,24.2,0.49,1.21,0.0,0.0,2.0,3.0,29100.0,G13_62_H3
2024-04-09 00:00:00,23.0,9.0,28.0,13.0,25.0,8.44,4220.0,5.3,80.0,0.91,0.6,28.1,23.0,0.5,1.51,0.0,0.0,2.0,4.0,29100.0,G13_62_H3
2024-04-10 00:00:00,23.0,10.0,29.0,14.0,16.0,8.9,4450.0,2.6,76.0,0.87,0.58,28.2,22.8,0.55,1.78,0.0,0.0,2.0,5.0,29100.0,G13_62_H3
2024-04-11 00:00:00,22.0,12.0,30.0,13.0,8.0,8.84,4420.0,2.3,96.0,0.77,0.65,26.6,23.0,0.6,1.69,0.0,0.0,2.0,5.0,29100.0,G13_62_H3
2024-04-12 00:00:00,23.0,12.0,31.0,36.0,5.0,8.85,4425.0,0.0,96.0,0.93,0.65,26.9,23.3,0.64,1.92,0.0,0.0,2.0,6.0,29100.0,G13_62_H3
2024-04-13 00:00:00,23.0,13.0,32.0,40.0,13.0,8.0,4000.0,0.0,108.0,0.83,0.75,24.7,22.5,0.76,1.21,0.0,0.0,2.0,4.0,29100.0,G13_62_H3
2024-04-14 00:00:00,20.0,14.0,33.0,35.0,6.0,9.08,4540.0,0.0,112.0,0.87,0.8,24.1,21.9,0.87,1.44,0.0,0.0,3.0,5.0,29100.0,G13_62_H3
2024-04-15 00:00:00,25.0,13.0,34.0,40.0,4.0,9.32,4660.0,0.0,136.0,0.78,0.63,27.1,21.1,0.83,2.75,0.0,0.0,3.0,10.0,29100.0,G13_62_H3
2024-04-16 00:00:00,20.0,15.0,35.0,54.0,10.0,10.0,5000.0,0.0,216.0,0.85,0.56,26.5,21.8,1.32,2.63,0.0,0.0,5.0,10.0,29100.0,G13_62_H3
2024-04-17 00:00:00,20.0,12.0,36.0,60.0,4.0,10.36,5180.0,0.0,180.0,0.85,0.65,22.2,19.7,1.01,1.51,0.0,0.0,4.0,6.0,29100.0,G13_62_H3
2024-04-18 00:00:00,23.0,11.0,37.0,80.0,2.0,10.08,5040.0,0.0,136.0,0.85,0.56,25.5,18.8,0.72,2.66,0.0,0.0,3.0,11.0,29100.0,G13_62_H3
2024-04-19 00:00:00,21.0,11.0,38.0,0.0,0.0,10.08,5040.0,0.0,0.0,0.85,0.56,25.5,18.8,0.72,2.66,0.0,0.0,3.0,11.0,29100.0,G13_62_H3
2024-03-12 00:00:00,18.0,5.0,0.0,,,,0.0,,,,,,,,,,,,,29100.0,G13_62_H4
2024-03-13 00:00:00,16.0,4.0,1.0,33.0,0.0,0.35,175.0,256.8,0.0,0.45,0.33,35.7,33.7,0.6,0.6,0.0,0.0,1.0,1.0,29100.0,G13_62_H4
2024-03-14 00:00:00,16.0,6.0,2.0,24.0,10.0,0.65,325.0,212.7,56.0,0.52,0.41,35.2,33.2,0.58,0.58,0.0,0.0,1.0,1.0,29100.0,G13_62_H4
2024-03-15 00:00:00,18.0,5.0,3.0,9.0,27.0,1.2,600.0,230.5,60.0,0.55,0.47,34.6,32.6,0.58,0.58,0.0,0.0,1.0,1.0,29100.0,G13_62_H4
2024-03-16 00:00:00,22.0,5.0,4.0,4.0,8.0,1.48,740.0,204.6,56.0,0.7,0.61,34.1,32.2,0.55,0.55,0.0,0.0,1.5,1.5,29100.0,G13_62_H4
2024-03-17 00:00:00,14.0,5.0,5.0,5.0,27.0,1.59,795.0,159.5,52.0,0.65,0.6,33.5,31.5,0.53,0.53,0.0,0.0,1.5,1.5,29100.0,G13_62_H4
2024-03-18 00:00:00,15.0,8.0,6.0,6.0,19.0,1.78,890.0,215.5,64.0,0.65,0.6,33.1,30.7,0.51,0.51,0.0,0.0,1.5,1.5,29100.0,G13_62_H4
2024-03-19 00:00:00,16.0,4.0,7.0,8.0,29.0,2.0,1000.0,206.4,60.0,0.72,0.57,32.2,30.0,0.48,0.48,0.0,0.0,1.5,1.5,29100.0,G13_62_H4
2024-03-20 00:00:00,17.0,5.0,8.0,13.0,139.0,2.05,1025.0,162.6,68.0,0.69,0.55,31.9,29.8,0.48,0.48,0.0,0.0,1.5,1.5,29100.0,G13_62_H4
2024-03-21 00:00:00,22.0,7.0,9.0,9.0,24.0,2.37,1185.0,147.0,44.0,0.69,0.55,31.4,29.4,0.45,0.45,0.0,0.0,1.5,1.5,29100.0,G13_62_H4
2024-03-22 00:00:00,26.0,10.0,10.0,7.0,31.0,2.81,1405.0,86.6,32.0,0.73,0.64,31.0,29.3,0.45,0.72,0.0,0.0,1.5,1.5,29100.0,G13_62_H4
2024-03-23 00:00:00,15.0,10.0,11.0,4.0,22.0,3.13,1565.0,30.6,28.0,0.79,0.61,31.8,29.1,0.45,0.75,0.0,0.0,1.5,1.5,29100.0,G13_62_H4
2024-03-24 00:00:00,15.0,12.0,12.0,5.0,19.0,3.58,1790.0,43.1,28.0,0.85,0.69,30.3,28.7,0.52,0.71,0.0,0.0,1.5,1.5,29100.0,G13_62_H4
2024-03-25 00:00:00,13.0,7.0,13.0,4.0,40.0,3.79,1895.0,38.9,32.0,0.84,0.73,29.7,28.1,0.49,0.55,0.0,0.0,1.5,1.5,29100.0,G13_62_H4
2024-03-26 00:00:00,18.0,6.0,14.0,5.0,50.0,4.14,2070.0,74.7,36.0,0.84,0.73,29.4,27.7,0.49,0.55,0.0,0.0,1.5,1.5,29100.0,G13_62_H4
2024-03-27 00:00:00,15.0,6.0,15.0,7.0,52.0,4.42,2210.0,39.6,56.0,0.85,0.7,29.2,27.3,0.49,0.6,0.0,0.0,1.5,1.5,29100.0,G13_62_H4
2024-03-28 00:00:00,18.0,10.0,16.0,4.0,60.0,4.65,2325.0,28.5,28.0,0.86,0.71,28.7,27.3,0.47,0.54,0.0,0.0,1.5,1.5,29100.0,G13_62_H4
2024-03-29 00:00:00,25.0,11.0,17.0,8.0,46.0,5.0,2500.0,13.5,32.0,0.88,0.74,28.9,27.0,0.49,0.66,0.0,0.0,1.5,1.5,29100.0,G13_62_H4
2024-03-30 00:00:00,28.0,14.0,18.0,9.0,45.0,5.24,2620.0,1.4,68.0,0.86,0.63,30.6,26.9,0.52,1.44,0.0,0.0,1.5,1.5,29100.0,G13_62_H4
2024-03-31 00:00:00,20.0,10.0,19.0,6.0,39.0,5.96,2980.0,10.9,36.0,0.88,0.6,32.2,26.5,0.51,2.62,0.0,0.0,1.5,3.0,29100.0,G13_62_H4
2024-04-01 00:00:00,25.0,12.0,20.0,3.0,18.0,6.1,3050.0,12.7,44.0,0.08,0.6,30.9,26.0,0.52,2.19,0.0,0.0,2.0,3.0,29100.0,G13_62_H4
2024-04-02 00:00:00,19.0,17.0,21.0,5.0,8.0,6.49,3245.0,0.0,108.0,0.86,0.71,28.2,26.7,0.75,0.89,0.0,0.0,2.0,2.0,29100.0,G13_62_H4
2024-04-03 00:00:00,15.0,12.0,22.0,2.0,7.0,7.0,3500.0,1.2,52.0,0.89,0.79,27.4,25.6,0.47,0.69,0.0,0.0,2.0,2.0,29100.0,G13_62_H4
2024-04-04 00:00:00,17.0,9.0,23.0,3.0,13.0,7.14,3570.0,6.2,44.0,0.85,0.65,27.0,25.2,0.47,0.76,0.0,0.0,2.0,2.0,29100.0,G13_62_H4
2024-04-05 00:00:00,17.0,7.0,24.0,5.0,11.0,7.24,3620.0,17.6,8.0,0.83,0.61,27.5,24.7,0.44,0.76,0.0,0.0,2.0,2.0,29100.0,G13_62_H4
2024-04-06 00:00:00,15.0,9.0,25.0,3.0,6.0,7.7,3850.0,5.2,92.0,0.83,0.61,27.5,24.7,0.43,0.81,0.0,0.0,2.0,2.0,29100.0,G13_62_H4
2024-04-07 00:00:00,18.0,9.0,26.0,10.0,10.0,7.52,3760.0,3.7,48.0,0.88,0.68,27.4,24.5,0.45,0.86,0.0,0.0,2.0,2.0,29100.0,G13_62_H4
2024-04-08 00:00:00,18.0,10.0,27.0,8.0,12.0,7.73,3865.0,3.8,60.0,0.86,0.65,27.7,24.3,0.49,1.21,0.0,0.0,2.0,3.0,29100.0,G13_62_H4
2024-04-09 00:00:00,23.0,9.0,28.0,17.0,13.0,7.85,3925.0,5.3,56.0,0.85,0.61,28.3,23.3,0.5,1.51,0.0,0.0,2.0,4.0,29100.0,G13_62_H4
2024-04-10 00:00:00,23.0,10.0,29.0,28.0,12.0,8.13,4065.0,2.6,80.0,0.8,0.5,28.1,22.9,0.55,1.78,0.0,0.0,2.0,5.0,29100.0,G13_62_H4
2024-04-11 00:00:00,22.0,12.0,30.0,30.0,47.0,7.94,3970.0,2.3,88.0,0.79,0.65,26.7,23.2,0.6,1.35,0.0,0.0,2.0,4.0,29100.0,G13_62_H4
2024-04-12 00:00:00,23.0,12.0,31.0,45.0,185.0,8.03,4015.0,0.0,104.0,0.86,0.66,26.9,23.5,0.64,1.92,0.0,0.0,2.0,6.0,29100.0,G13_62_H4
2024-04-13 00:00:00,23.0,13.0,32.0,38.0,105.0,8.03,4015.0,0.0,76.0,0.85,0.75,25.0,22.8,0.76,1.21,0.0,0.0,2.0,4.0,29100.0,G13_62_H4
2024-04-14 00:00:00,20.0,14.0,33.0,33.0,48.0,8.4,4200.0,0.0,136.0,0.85,0.79,24.5,22.0,0.87,1.44,0.0,0.0,3.0,5.0,29100.0,G13_62_H4
2024-04-15 00:00:00,25.0,13.0,34.0,43.0,50.0,8.77,4385.0,0.0,132.0,0.87,0.64,27.3,21.2,0.83,2.75,0.0,0.0,3.0,10.0,29100.0,G13_62_H4
2024-04-16 00:00:00,20.0,15.0,35.0,53.0,39.0,8.35,4175.0,0.0,220.0,0.89,0.57,26.6,22.0,1.32,2.63,0.0,0.0,5.0,10.0,29100.0,G13_62_H4
2024-04-17 00:00:00,20.0,12.0,36.0,64.0,20.0,9.12,4560.0,0.0,180.0,0.82,0.56,22.2,19.8,1.01,1.51,0.0,0.0,4.0,6.0,29100.0,G13_62_H4
2024-04-18 00:00:00,23.0,11.0,37.0,98.0,3.0,10.1,5050.0,0.0,140.0,0.87,0.49,25.6,19.0,0.72,2.66,0.0,0.0,3.0,11.0,29100.0,G13_62_H4
2024-04-19 00:00:00,21.0,11.0,38.0,0.0,0.0,10.1,5050.0,0.0,0.0,0.87,0.49,25.6,19.0,0.72,2.66,0.0,0.0,3.0,11.0,29100.0,G13_62_H4
2024-03-12 00:00:00,18.0,5.0,0.0,,,,0.0,,,,,,,,,,,,,29200.0,G13_62_H5
2024-03-13 00:00:00,16.0,4.0,1.0,38.0,0.0,0.35,175.0,256.8,0.0,0.6,0.42,36.0,33.8,0.6,0.6,0.0,0.0,1.0,1.0,29200.0,G13_62_H5
2024-03-14 00:00:00,16.0,6.0,2.0,20.0,15.0,0.65,325.0,212.7,56.0,0.63,0.48,35.6,33.2,0.58,0.58,0.0,0.0,1.0,1.0,29200.0,G13_62_H5
2024-03-15 00:00:00,18.0,5.0,3.0,15.0,27.0,1.0,500.0,230.5,60.0,0.71,0.59,34.8,32.5,0.58,0.58,0.0,0.0,1.0,1.0,29200.0,G13_62_H5
2024-03-16 00:00:00,22.0,5.0,4.0,6.0,8.0,1.25,625.0,204.6,52.0,0.74,0.59,34.3,31.9,0.55,0.55,0.0,0.0,1.5,1.5,29200.0,G13_62_H5
2024-03-17 00:00:00,14.0,5.0,5.0,9.0,16.0,1.28,640.0,159.5,60.0,0.8,0.65,33.7,31.4,0.53,0.53,0.0,0.0,1.5,1.5,29200.0,G13_62_H5
2024-03-18 00:00:00,15.0,8.0,6.0,10.0,5.0,1.48,740.0,215.5,64.0,0.8,0.65,33.3,30.5,0.51,0.51,0.0,0.0,1.5,1.5,29200.0,G13_62_H5
2024-03-19 00:00:00,16.0,4.0,7.0,9.0,26.0,1.55,775.0,206.4,64.0,0.72,0.58,32.4,29.9,0.48,0.48,0.0,0.0,1.5,1.5,29200.0,G13_62_H5
2024-03-20 00:00:00,17.0,5.0,8.0,12.0,217.0,1.94,970.0,162.6,68.0,0.74,0.59,32.0,29.6,0.48,0.48,0.0,0.0,1.5,1.5,29200.0,G13_62_H5
2024-03-21 00:00:00,22.0,7.0,9.0,15.0,15.0,2.09,1045.0,147.0,44.0,0.73,0.59,31.1,29.3,0.45,0.45,0.0,0.0,1.5,1.5,29200.0,G13_62_H5
2024-03-22 00:00:00,26.0,10.0,10.0,9.0,10.0,2.61,1305.0,86.6,36.0,0.78,0.64,31.2,29.1,0.45,0.72,0.0,0.0,1.5,1.5,29200.0,G13_62_H5
2024-03-23 00:00:00,15.0,10.0,11.0,5.0,6.0,3.01,1505.0,30.6,28.0,0.86,0.65,31.5,29.0,0.45,0.75,0.0,0.0,1.5,1.5,29200.0,G13_62_H5
2024-03-24 00:00:00,15.0,12.0,12.0,8.0,20.0,3.66,1830.0,43.1,28.0,0.9,0.75,30.4,28.5,0.52,0.71,0.0,0.0,1.5,1.5,29200.0,G13_62_H5
2024-03-25 00:00:00,13.0,7.0,13.0,8.0,20.0,4.01,2005.0,38.9,32.0,0.95,0.82,29.9,28.1,0.49,0.55,0.0,0.0,1.5,1.5,29200.0,G13_62_H5
2024-03-26 00:00:00,18.0,6.0,14.0,5.0,18.0,4.15,2075.0,74.7,40.0,0.92,0.8,29.1,27.6,0.49,0.55,0.0,0.0,1.5,1.5,29200.0,G13_62_H5
2024-03-27 00:00:00,15.0,6.0,15.0,6.0,21.0,4.7,2350.0,39.6,32.0,0.92,0.79,29.4,27.4,0.49,0.6,0.0,0.0,1.5,1.5,29200.0,G13_62_H5
2024-03-28 00:00:00,18.0,10.0,16.0,3.0,22.0,5.01,2505.0,28.5,48.0,0.9,0.84,28.7,27.2,0.47,0.54,0.0,0.0,1.5,1.5,29200.0,G13_62_H5
2024-03-29 00:00:00,25.0,11.0,17.0,5.0,8.0,5.1,2550.0,13.5,44.0,0.9,0.85,28.9,27.0,0.49,0.66,0.0,0.0,1.5,1.5,29200.0,G13_62_H5
2024-03-30 00:00:00,28.0,14.0,18.0,4.0,34.0,5.39,2695.0,1.4,56.0,0.9,0.7,31.0,26.8,0.52,1.44,0.0,0.0,1.5,1.5,29200.0,G13_62_H5
2024-03-31 00:00:00,20.0,10.0,19.0,3.0,16.0,5.9,2950.0,10.9,60.0,0.9,0.66,32.2,26.3,0.51,2.62,0.0,0.0,1.5,3.0,29200.0,G13_62_H5
2024-04-01 00:00:00,25.0,12.0,20.0,2.0,16.0,6.2,3100.0,12.7,48.0,0.9,0.68,30.9,26.0,0.52,2.19,0.0,0.0,2.0,3.0,29200.0,G13_62_H5
2024-04-02 00:00:00,19.0,17.0,21.0,5.0,15.0,6.8,3400.0,0.0,120.0,0.9,0.81,28.3,26.7,0.75,0.89,0.0,0.0,2.0,2.0,29200.0,G13_62_H5
2024-04-03 00:00:00,15.0,12.0,22.0,3.0,12.0,6.96,3480.0,1.2,48.0,0.95,0.82,27.4,25.7,0.47,0.69,0.0,0.0,2.0,2.0,29200.0,G13_62_H5
2024-04-04 00:00:00,17.0,9.0,23.0,3.0,10.0,7.17,3585.0,6.2,48.0,0.9,0.73,27.2,25.1,0.47,0.76,0.0,0.0,2.0,2.0,29200.0,G13_62_H5
2024-04-05 00:00:00,17.0,7.0,24.0,1.0,9.0,7.48,3740.0,17.6,48.0,0.9,0.7,27.8,24.7,0.44,0.76,0.0,0.0,2.0,2.0,29200.0,G13_62_H5
2024-04-06 00:00:00,15.0,9.0,25.0,4.0,16.0,8.03,4015.0,5.2,56.0,0.9,0.7,27.8,24.7,0.43,0.81,0.0,0.0,2.0,2.0,29200.0,G13_62_H5
2024-04-07 00:00:00,18.0,9.0,26.0,10.0,16.0,8.4,4200.0,3.7,56.0,0.89,0.7,27.5,24.5,0.45,0.86,0.0,0.0,2.0,2.0,29200.0,G13_62_H5
2024-04-08 00:00:00,18.0,10.0,27.0,10.0,27.0,8.29,4145.0,3.8,60.0,0.88,0.67,27.9,24.3,0.49,1.21,0.0,0.0,2.0,3.0,29200.0,G13_62_H5
2024-04-09 00:00:00,23.0,9.0,28.0,18.0,8.0,8.4,4200.0,5.3,68.0,0.87,0.64,28.3,23.2,0.5,1.51,0.0,0.0,2.0,4.0,29200.0,G13_62_H5
2024-04-10 00:00:00,23.0,10.0,29.0,18.0,12.0,9.04,4520.0,2.6,92.0,0.82,0.56,28.2,22.9,0.55,1.78,0.0,0.0,2.0,5.0,29200.0,G13_62_H5
2024-04-11 00:00:00,22.0,12.0,30.0,30.0,13.0,9.56,4780.0,2.3,112.0,0.82,0.67,26.9,23.1,0.6,1.69,0.0,0.0,2.0,5.0,29200.0,G13_62_H5
2024-04-12 00:00:00,23.0,12.0,31.0,30.0,28.0,9.58,4790.0,0.0,124.0,0.88,0.69,27.0,23.2,0.64,1.92,0.0,0.0,2.0,6.0,29200.0,G13_62_H5
2024-04-13 00:00:00,23.0,13.0,32.0,29.0,45.0,9.64,4820.0,0.0,136.0,0.87,0.78,24.8,22.5,0.76,1.21,0.0,0.0,2.0,4.0,29200.0,G13_62_H5
2024-04-14 00:00:00,20.0,14.0,33.0,23.0,40.0,9.5,4750.0,0.0,136.0,0.9,0.72,24.5,21.8,0.87,1.44,0.0,0.0,3.0,5.0,29200.0,G13_62_H5
2024-04-15 00:00:00,25.0,13.0,34.0,40.0,26.0,9.85,4925.0,0.0,164.0,0.89,0.65,27.4,21.1,0.83,2.75,0.0,0.0,3.0,10.0,29200.0,G13_62_H5
2024-04-16 00:00:00,20.0,15.0,35.0,60.0,57.0,9.76,4880.0,0.0,260.0,0.88,0.58,26.6,21.8,1.32,2.63,0.0,0.0,5.0,10.0,29200.0,G13_62_H5
2024-04-17 00:00:00,20.0,12.0,36.0,73.0,20.0,9.92,4960.0,0.0,216.0,0.88,0.56,22.4,19.9,1.01,1.51,0.0,0.0,4.0,6.0,29200.0,G13_62_H5
2024-04-18 00:00:00,23.0,11.0,37.0,100.0,8.0,9.78,4890.0,0.0,164.0,0.88,0.49,25.7,18.5,0.72,2.66,0.0,0.0,3.0,11.0,29200.0,G13_62_H5
2024-04-19 00:00:00,21.0,11.0,38.0,0.0,0.0,9.78,4890.0,0.0,0.0,0.88,0.49,25.7,18.5,0.72,2.66,0.0,0.0,3.0,11.0,29200.0,G13_62_H5
2024-03-12 00:00:00,18.0,5.0,0.0,,,,0.0,,,,,,,,,,,,,29900.0,G13_62_H6
2024-03-13 00:00:00,16.0,4.0,1.0,16.0,0.0,0.35,175.0,256.8,0.0,0.63,0.45,35.5,33.6,0.6,0.6,0.0,0.0,1.0,1.0,29900.0,G13_62_H6
2024-03-14 00:00:00,16.0,6.0,2.0,12.0,8.0,0.86,430.0,212.7,44.0,0.73,0.59,35.0,33.2,0.58,0.58,0.0,0.0,1.0,1.0,29900.0,G13_62_H6
2024-03-15 00:00:00,18.0,5.0,3.0,10.0,17.0,1.19,595.0,230.5,64.0,0.82,0.69,34.7,32.2,0.58,0.58,0.0,0.0,1.0,1.0,29900.0,G13_62_H6
2024-03-16 00:00:00,22.0,5.0,4.0,9.0,14.0,1.53,765.0,204.6,88.0,0.8,0.7,33.6,31.7,0.55,0.55,0.0,0.0,1.5,1.5,29900.0,G13_62_H6
2024-03-17 00:00:00,14.0,5.0,5.0,8.0,13.0,1.69,845.0,159.5,36.0,0.85,0.74,33.0,31.2,0.53,0.53,0.0,0.0,1.5,1.5,29900.0,G13_62_H6
2024-03-18 00:00:00,15.0,8.0,6.0,9.0,11.0,1.89,945.0,215.5,48.0,0.85,0.74,32.8,30.4,0.51,0.51,0.0,0.0,1.5,1.5,29900.0,G13_62_H6
2024-03-19 00:00:00,16.0,4.0,7.0,7.0,13.0,2.26,1130.0,206.4,60.0,0.82,0.66,31.7,29.7,0.48,0.48,0.0,0.0,1.5,1.5,29900.0,G13_62_H6
2024-03-20 00:00:00,17.0,5.0,8.0,15.0,130.0,2.61,1305.0,162.6,68.0,0.8,0.7,31.3,29.4,0.48,0.48,0.0,0.0,1.5,1.5,29900.0,G13_62_H6
2024-03-21 00:00:00,22.0,7.0,9.0,17.0,11.0,2.79,1395.0,147.0,44.0,0.83,0.7,30.8,29.2,0.45,0.45,0.0,0.0,1.5,1.5,29900.0,G13_62_H6
2024-03-22 00:00:00,26.0,10.0,10.0,8.0,7.0,3.15,1575.0,86.6,28.0,0.88,0.71,30.5,29.0,0.45,0.72,0.0,0.0,1.5,1.5,29900.0,G13_62_H6
2024-03-23 00:00:00,15.0,10.0,11.0,4.0,7.0,3.53,1765.0,30.6,24.0,0.89,0.7,31.9,28.7,0.45,0.75,0.0,0.0,1.5,1.5,29900.0,G13_62_H6
2024-03-24 00:00:00,15.0,12.0,12.0,9.0,25.0,4.0,2000.0,43.1,28.0,0.92,0.78,29.7,28.2,0.52,0.71,0.0,0.0,1.5,1.5,29900.0,G13_62_H6
2024-03-25 00:00:00,13.0,7.0,13.0,7.0,20.0,4.3,2150.0,38.9,20.0,0.9,0.82,29.2,27.9,0.49,0.55,0.0,0.0,1.5,1.5,29900.0,G13_62_H6
2024-03-26 00:00:00,18.0,6.0,14.0,7.0,37.0,4.47,2235.0,74.7,40.0,0.9,0.78,28.9,27.6,0.49,0.55,0.0,0.0,1.5,1.5,29900.0,G13_62_H6
2024-03-27 00:00:00,15.0,6.0,15.0,6.0,65.0,4.77,2385.0,39.6,52.0,0.92,0.8,29.5,27.4,0.49,0.6,0.0,0.0,1.5,1.5,29900.0,G13_62_H6
2024-03-28 00:00:00,18.0,10.0,16.0,4.0,27.0,5.04,2520.0,28.5,24.0,0.9,0.8,28.6,27.2,0.47,0.54,0.0,0.0,1.5,1.5,29900.0,G13_62_H6
2024-03-29 00:00:00,25.0,11.0,17.0,7.0,20.0,5.2,2600.0,13.5,40.0,0.9,0.8,29.3,26.9,0.49,0.66,0.0,0.0,1.5,1.5,29900.0,G13_62_H6
2024-03-30 00:00:00,28.0,14.0,18.0,5.0,12.0,5.59,2795.0,1.4,60.0,0.9,0.68,31.2,26.7,0.52,1.44,0.0,0.0,1.5,1.5,29900.0,G13_62_H6
2024-03-31 00:00:00,20.0,10.0,19.0,5.0,23.0,5.92,2960.0,10.9,72.0,0.91,0.66,32.1,26.2,0.51,2.62,0.0,0.0,1.5,3.0,29900.0,G13_62_H6
2024-04-01 00:00:00,25.0,12.0,20.0,3.0,24.0,6.36,3180.0,12.7,32.0,0.9,0.69,30.9,26.0,0.52,2.19,0.0,0.0,2.0,3.0,29900.0,G13_62_H6
2024-04-02 00:00:00,19.0,17.0,21.0,4.0,18.0,7.0,3500.0,0.0,100.0,0.92,0.81,28.3,26.8,0.75,0.89,0.0,0.0,2.0,2.0,29900.0,G13_62_H6
2024-04-03 00:00:00,15.0,12.0,22.0,2.0,9.0,7.4,3700.0,1.2,48.0,0.9,0.82,27.5,25.6,0.47,0.69,0.0,0.0,2.0,2.0,29900.0,G13_62_H6
2024-04-04 00:00:00,17.0,9.0,23.0,2.0,5.0,7.61,3805.0,6.2,44.0,0.92,0.72,27.3,25.1,0.47,0.76,0.0,0.0,2.0,2.0,29900.0,G13_62_H6
2024-04-05 00:00:00,17.0,7.0,24.0,4.0,15.0,7.9,3950.0,17.6,48.0,0.9,0.7,27.5,24.7,0.44,0.76,0.0,0.0,2.0,2.0,29900.0,G13_62_H6
2024-04-06 00:00:00,15.0,9.0,25.0,8.0,11.0,8.3,4150.0,5.2,52.0,0.9,0.7,27.5,24.7,0.43,0.81,0.0,0.0,2.0,2.0,29900.0,G13_62_H6
2024-04-07 00:00:00,18.0,9.0,26.0,12.0,7.0,8.23,4115.0,3.7,56.0,0.88,0.69,27.4,24.5,0.45,0.86,0.0,0.0,2.0,2.0,29900.0,G13_62_H6
2024-04-08 00:00:00,18.0,10.0,27.0,14.0,13.0,8.16,4080.0,3.8,44.0,0.88,0.68,27.6,24.3,0.49,1.21,0.0,0.0,2.0,3.0,29900.0,G13_62_H6
2024-04-09 00:00:00,23.0,9.0,28.0,22.0,7.0,8.7,4350.0,5.3,80.0,0.8,0.66,28.3,23.2,0.5,1.51,0.0,0.0,2.0,4.0,29900.0,G13_62_H6
2024-04-10 00:00:00,23.0,10.0,29.0,32.0,16.0,9.2,4600.0,2.6,88.0,0.82,0.55,28.2,22.8,0.55,1.78,0.0,0.0,2.0,5.0,29900.0,G13_62_H6
2024-04-11 00:00:00,22.0,12.0,30.0,40.0,18.0,9.2,4600.0,2.3,108.0,0.85,0.71,26.8,23.1,0.6,1.69,0.0,0.0,2.0,5.0,29900.0,G13_62_H6
2024-04-12 00:00:00,23.0,12.0,31.0,66.0,64.0,8.98,4490.0,0.0,112.0,0.88,0.71,27.0,23.2,0.64,1.92,0.0,0.0,2.0,6.0,29900.0,G13_62_H6
2024-04-13 00:00:00,23.0,13.0,32.0,40.0,53.0,9.04,4520.0,0.0,128.0,0.9,0.79,24.7,22.5,0.76,1.21,0.0,0.0,2.0,4.0,29900.0,G13_62_H6
2024-04-14 00:00:00,20.0,14.0,33.0,66.0,150.0,9.08,4540.0,0.0,128.0,0.9,0.75,24.5,21.8,0.87,1.44,0.0,0.0,3.0,5.0,29900.0,G13_62_H6
2024-04-15 00:00:00,25.0,13.0,34.0,65.0,46.0,9.08,4540.0,0.0,160.0,0.88,0.64,27.4,21.0,0.83,2.75,0.0,0.0,3.0,10.0,29900.0,G13_62_H6
2024-04-16 00:00:00,20.0,15.0,35.0,83.0,56.0,9.72,4860.0,0.0,248.0,0.9,0.57,26.7,21.9,1.32,2.63,0.0,0.0,5.0,10.0,29900.0,G13_62_H6
2024-04-17 00:00:00,20.0,12.0,36.0,85.0,21.0,9.84,4920.0,0.0,212.0,0.87,0.56,22.3,19.9,1.01,1.51,0.0,0.0,4.0,6.0,29900.0,G13_62_H6
2024-04-18 00:00:00,23.0,11.0,37.0,105.0,10.0,10.3,5150.0,0.0,164.0,0.9,0.6,25.6,18.5,0.72,2.66,0.0,0.0,3.0,11.0,29900.0,G13_62_H6
2024-04-19 00:00:00,21.0,11.0,38.0,0.0,0.0,10.3,5150.0,0.0,0.0,0.9,0.6,25.6,18.5,0.72,2.66,0.0,0.0,3.0,11.0,29900.0,G13_62_H6
2024-03-12 00:00:00,18.0,5.0,0.0,,,,0.0,,,,,,,,,,,,,26400.0,G13_62_H7
2024-03-13 00:00:00,16.0,4.0,1.0,11.0,4.0,0.3,150.0,256.8,0.0,0.54,0.41,35.4,33.4,0.6,0.6,0.0,0.0,1.0,1.0,26400.0,G13_62_H7
2024-03-14 00:00:00,16.0,6.0,2.0,9.0,13.0,1.07,535.0,212.7,44.0,0.74,0.51,35.0,33.3,0.58,0.58,0.0,0.0,1.0,1.0,26400.0,G13_62_H7
2024-03-15 00:00:00,18.0,5.0,3.0,9.0,29.0,1.41,705.0,230.5,52.0,0.82,0.62,34.5,32.4,0.58,0.58,0.0,0.0,1.0,1.0,26400.0,G13_62_H7
2024-03-16 00:00:00,22.0,5.0,4.0,10.0,20.0,1.5,750.0,204.6,48.0,0.85,0.67,33.4,31.7,0.55,0.55,0.0,0.0,1.5,1.5,26400.0,G13_62_H7
2024-03-17 00:00:00,14.0,5.0,5.0,8.0,7.0,1.54,770.0,159.5,44.0,0.9,0.74,33.0,31.3,0.53,0.53,0.0,0.0,1.5,1.5,26400.0,G13_62_H7
2024-03-18 00:00:00,15.0,8.0,6.0,5.0,13.0,1.66,830.0,215.5,52.0,0.9,0.74,32.5,30.6,0.51,0.51,0.0,0.0,1.5,1.5,26400.0,G13_62_H7
2024-03-19 00:00:00,16.0,4.0,7.0,11.0,11.0,1.86,930.0,206.4,48.0,0.8,0.7,31.6,29.9,0.48,0.48,0.0,0.0,1.5,1.5,26400.0,G13_62_H7
2024-03-20 00:00:00,17.0,5.0,8.0,23.0,131.0,2.08,1040.0,162.6,48.0,0.9,0.76,31.2,29.6,0.48,0.48,0.0,0.0,1.5,1.5,26400.0,G13_62_H7
2024-03-21 00:00:00,22.0,7.0,9.0,18.0,7.0,2.24,1120.0,147.0,40.0,0.87,0.7,31.0,29.3,0.45,0.45,0.0,0.0,1.5,1.5,26400.0,G13_62_H7
2024-03-22 00:00:00,26.0,10.0,10.0,9.0,12.0,2.54,1270.0,86.6,28.0,0.8,0.78,30.7,28.9,0.45,0.72,0.0,0.0,1.5,1.5,26400.0,G13_62_H7
2024-03-23 00:00:00,15.0,10.0,11.0,4.0,18.0,2.91,1455.0,30.6,28.0,0.88,0.73,32.0,28.8,0.45,0.75,0.0,0.0,1.5,1.5,26400.0,G13_62_H7
2024-03-24 00:00:00,15.0,12.0,12.0,4.0,38.0,3.27,1635.0,43.1,16.0,0.9,0.8,29.9,28.2,0.52,0.71,0.0,0.0,1.5,1.5,26400.0,G13_62_H7
2024-03-25 00:00:00,13.0,7.0,13.0,6.0,54.0,3.54,1770.0,38.9,24.0,0.95,0.79,29.3,28.0,0.49,0.55,0.0,0.0,1.5,1.5,26400.0,G13_62_H7
2024-03-26 00:00:00,18.0,6.0,14.0,5.0,85.0,3.66,1830.0,74.7,28.0,0.9,0.8,28.9,27.5,0.49,0.55,0.0,0.0,1.5,1.5,26400.0,G13_62_H7
2024-03-27 00:00:00,15.0,6.0,15.0,7.0,65.0,3.97,1985.0,39.6,32.0,0.93,0.81,29.4,27.3,0.49,0.6,0.0,0.0,1.5,1.5,26400.0,G13_62_H7
2024-03-28 00:00:00,18.0,10.0,16.0,5.0,63.0,4.29,2145.0,28.5,28.0,0.92,0.8,28.5,27.4,0.47,0.54,0.0,0.0,1.5,1.5,26400.0,G13_62_H7
2024-03-29 00:00:00,25.0,11.0,17.0,7.0,61.0,4.5,2250.0,13.5,40.0,0.92,0.8,29.3,27.2,0.49,0.66,0.0,0.0,1.5,1.5,26400.0,G13_62_H7
2024-03-30 00:00:00,28.0,14.0,18.0,4.0,61.0,4.66,2330.0,1.4,60.0,0.91,0.71,30.5,27.1,0.52,1.44,0.0,0.0,1.5,1.5,26400.0,G13_62_H7
2024-03-31 00:00:00,20.0,10.0,19.0,3.0,36.0,5.17,2585.0,10.9,48.0,0.89,0.72,31.9,26.5,0.52,2.42,0.0,0.0,1.5,2.5,26400.0,G13_62_H7
2024-04-01 00:00:00,25.0,12.0,20.0,4.0,35.0,5.4,2700.0,12.7,52.0,0.9,0.7,30.6,26.1,0.52,2.02,0.0,0.0,1.5,2.5,26400.0,G13_62_H7
2024-04-02 00:00:00,19.0,17.0,21.0,5.0,30.0,5.76,2880.0,0.0,116.0,0.94,0.82,28.5,26.8,0.68,0.83,0.0,0.0,1.5,1.5,26400.0,G13_62_H7
2024-04-03 00:00:00,15.0,12.0,22.0,3.0,12.0,6.09,3045.0,1.2,56.0,0.9,0.8,27.5,25.6,0.47,0.65,0.0,0.0,1.5,1.5,26400.0,G13_62_H7
2024-04-04 00:00:00,17.0,9.0,23.0,2.0,19.0,6.37,3185.0,6.2,52.0,0.9,0.77,27.0,25.2,0.47,0.74,0.0,0.0,1.5,1.5,26400.0,G13_62_H7
2024-04-05 00:00:00,17.0,7.0,24.0,2.0,18.0,6.56,3280.0,17.6,48.0,0.92,0.73,27.6,24.8,0.45,0.72,0.0,0.0,1.5,1.5,26400.0,G13_62_H7
2024-04-06 00:00:00,15.0,9.0,25.0,6.0,25.0,6.74,3370.0,5.2,56.0,0.92,0.73,27.6,24.8,0.43,0.76,0.0,0.0,1.5,1.5,26400.0,G13_62_H7
2024-04-07 00:00:00,18.0,9.0,26.0,15.0,12.0,6.61,3305.0,3.7,56.0,0.84,0.7,27.7,24.6,0.47,0.95,0.0,0.0,1.5,2.0,26400.0,G13_62_H7
2024-04-08 00:00:00,18.0,10.0,27.0,15.0,19.0,6.71,3355.0,3.8,64.0,0.85,0.67,27.4,24.4,0.48,1.11,0.0,0.0,1.5,2.5,26400.0,G13_62_H7
2024-04-09 00:00:00,23.0,9.0,28.0,12.0,10.0,6.61,3305.0,5.3,68.0,0.9,0.63,28.4,23.5,0.49,1.47,0.0,0.0,1.5,3.5,26400.0,G13_62_H7
2024-04-10 00:00:00,23.0,10.0,29.0,30.0,38.0,7.12,3560.0,2.6,80.0,0.88,0.59,28.4,23.2,0.56,1.58,0.0,0.0,1.5,4.5,26400.0,G13_62_H7
2024-04-11 00:00:00,22.0,12.0,30.0,30.0,18.0,7.35,3675.0,2.3,84.0,0.78,0.65,26.7,23.0,0.62,1.49,0.0,0.0,2.0,4.0,26400.0,G13_62_H7
2024-04-12 00:00:00,23.0,12.0,31.0,50.0,109.0,7.35,3675.0,0.0,88.0,0.84,0.66,27.0,23.3,0.71,1.77,0.0,0.0,2.0,5.0,26400.0,G13_62_H7
2024-04-13 00:00:00,23.0,13.0,32.0,50.0,92.0,7.36,3680.0,0.0,96.0,0.83,0.75,25.0,22.8,0.84,1.34,0.0,0.0,2.0,4.0,26400.0,G13_62_H7
2024-04-14 00:00:00,20.0,14.0,33.0,74.0,115.0,7.25,3625.0,0.0,100.0,0.9,0.75,24.7,22.0,0.8,1.6,0.0,0.0,2.0,5.0,26400.0,G13_62_H7
2024-04-15 00:00:00,25.0,13.0,34.0,76.0,106.0,7.45,3725.0,0.0,132.0,0.87,0.63,27.4,21.1,0.91,2.74,0.0,0.0,3.0,9.0,26400.0,G13_62_H7
2024-04-16 00:00:00,20.0,15.0,35.0,76.0,92.0,7.81,3905.0,0.0,204.0,0.86,0.57,26.9,22.1,1.46,2.62,0.0,0.0,5.0,9.0,26400.0,G13_62_H7
2024-04-17 00:00:00,20.0,12.0,36.0,80.0,88.0,8.18,4090.0,0.0,184.0,0.86,0.55,22.4,20.1,0.84,1.39,0.0,0.0,3.0,5.0,26400.0,G13_62_H7
2024-04-18 00:00:00,23.0,11.0,37.0,130.0,30.0,8.75,4375.0,0.0,132.0,0.85,0.58,25.6,19.0,0.53,2.67,0.0,0.0,2.0,10.0,26400.0,G13_62_H7
2024-04-19 00:00:00,21.0,11.0,38.0,0.0,0.0,8.75,4375.0,0.0,0.0,0.85,0.58,25.6,19.0,0.53,2.67,0.0,0.0,2.0,10.0,26400.0,G13_62_H7
2024-03-12 00:00:00,18.0,5.0,0.0,,,,0.0,,,,,,,,,,,,,26300.0,G13_62_H8
2024-03-13 00:00:00,16.0,4.0,1.0,13.0,5.0,0.3,150.0,256.8,0.0,0.49,0.37,35.8,33.5,0.6,0.6,0.0,0.0,1.0,1.0,26300.0,G13_62_H8
2024-03-14 00:00:00,16.0,6.0,2.0,10.0,12.0,0.5,250.0,212.7,12.0,0.67,0.46,35.5,32.7,0.58,0.58,0.0,0.0,1.0,1.0,26300.0,G13_62_H8
2024-03-15 00:00:00,18.0,5.0,3.0,19.0,19.0,0.81,405.0,230.5,88.0,0.76,0.55,35.0,32.1,0.58,0.58,0.0,0.0,1.0,1.0,26300.0,G13_62_H8
2024-03-16 00:00:00,22.0,5.0,4.0,12.0,20.0,1.2,600.0,204.6,48.0,0.78,0.64,34.0,31.6,0.55,0.55,0.0,0.0,1.5,1.5,26300.0,G13_62_H8
2024-03-17 00:00:00,14.0,5.0,5.0,8.0,10.0,1.33,665.0,159.5,44.0,0.84,0.68,33.3,31.2,0.53,0.53,0.0,0.0,1.5,1.5,26300.0,G13_62_H8
2024-03-18 00:00:00,15.0,8.0,6.0,7.0,13.0,1.46,730.0,215.5,52.0,0.84,0.68,32.7,30.4,0.51,0.51,0.0,0.0,1.5,1.5,26300.0,G13_62_H8
2024-03-19 00:00:00,16.0,4.0,7.0,10.0,12.0,1.76,880.0,206.4,52.0,0.84,0.69,32.1,29.8,0.48,0.48,0.0,0.0,1.5,1.5,26300.0,G13_62_H8
2024-03-20 00:00:00,17.0,5.0,8.0,15.0,136.0,1.9,950.0,162.6,48.0,0.83,0.71,31.6,29.6,0.48,0.48,0.0,0.0,1.5,1.5,26300.0,G13_62_H8
2024-03-21 00:00:00,22.0,7.0,9.0,23.0,15.0,1.98,990.0,147.0,44.0,0.84,0.7,31.1,29.2,0.45,0.45,0.0,0.0,1.5,1.5,26300.0,G13_62_H8
2024-03-22 00:00:00,26.0,10.0,10.0,6.0,10.0,2.24,1120.0,86.6,36.0,0.83,0.73,30.7,29.0,0.45,0.72,0.0,0.0,1.5,1.5,26300.0,G13_62_H8
2024-03-23 00:00:00,15.0,10.0,11.0,7.0,9.0,2.76,1380.0,30.6,24.0,0.84,0.69,32.1,28.7,0.45,0.75,0.0,0.0,1.5,1.5,26300.0,G13_62_H8
2024-03-24 00:00:00,15.0,12.0,12.0,5.0,26.0,3.28,1640.0,43.1,24.0,0.86,0.77,30.1,28.4,0.52,0.71,0.0,0.0,1.5,1.5,26300.0,G13_62_H8
2024-03-25 00:00:00,13.0,7.0,13.0,4.0,46.0,3.54,1770.0,38.9,28.0,0.86,0.81,29.5,28.1,0.49,0.55,0.0,0.0,1.5,1.5,26300.0,G13_62_H8
2024-03-26 00:00:00,18.0,6.0,14.0,6.0,40.0,3.7,1850.0,74.7,36.0,0.86,0.81,29.2,27.7,0.49,0.55,0.0,0.0,1.5,1.5,26300.0,G13_62_H8
2024-03-27 00:00:00,15.0,6.0,15.0,6.0,70.0,3.99,1995.0,39.6,32.0,0.86,0.8,29.7,27.4,0.49,0.6,0.0,0.0,1.5,1.5,26300.0,G13_62_H8
2024-03-28 00:00:00,18.0,10.0,16.0,5.0,50.0,4.32,2160.0,28.5,32.0,0.87,0.8,28.7,27.4,0.47,0.54,0.0,0.0,1.5,1.5,26300.0,G13_62_H8
2024-03-29 00:00:00,25.0,11.0,17.0,6.0,65.0,4.54,2270.0,13.5,44.0,0.87,0.81,29.0,27.3,0.49,0.66,0.0,0.0,1.5,1.5,26300.0,G13_62_H8
2024-03-30 00:00:00,28.0,14.0,18.0,5.0,62.0,4.74,2370.0,1.4,64.0,0.86,0.66,30.3,27.2,0.52,1.44,0.0,0.0,1.5,1.5,26300.0,G13_62_H8
2024-03-31 00:00:00,20.0,10.0,19.0,4.0,49.0,5.24,2620.0,10.9,56.0,0.85,0.66,32.0,26.5,0.52,2.42,0.0,0.0,1.5,2.5,26300.0,G13_62_H8
2024-04-01 00:00:00,25.0,12.0,20.0,3.0,32.0,5.36,2680.0,12.7,84.0,0.86,0.64,30.5,26.1,0.52,2.02,0.0,0.0,1.5,2.5,26300.0,G13_62_H8
2024-04-02 00:00:00,19.0,17.0,21.0,4.0,26.0,5.93,2965.0,0.0,120.0,0.87,0.74,28.4,26.8,0.68,0.83,0.0,0.0,1.5,1.5,26300.0,G13_62_H8
2024-04-03 00:00:00,15.0,12.0,22.0,2.0,20.0,6.03,3015.0,1.2,52.0,0.87,0.81,27.5,25.7,0.47,0.65,0.0,0.0,1.5,1.5,26300.0,G13_62_H8
2024-04-04 00:00:00,17.0,9.0,23.0,3.0,18.0,6.33,3165.0,6.2,52.0,0.85,0.67,27.1,25.3,0.47,0.74,0.0,0.0,1.5,1.5,26300.0,G13_62_H8
2024-04-05 00:00:00,17.0,7.0,24.0,4.0,26.0,6.7,3350.0,17.6,52.0,0.85,0.62,27.4,24.9,0.45,0.72,0.0,0.0,1.5,1.5,26300.0,G13_62_H8
2024-04-06 00:00:00,15.0,9.0,25.0,8.0,12.0,7.08,3540.0,5.2,52.0,0.85,0.62,27.4,24.9,0.43,0.76,0.0,0.0,1.5,1.5,26300.0,G13_62_H8
2024-04-07 00:00:00,18.0,9.0,26.0,28.0,9.0,7.28,3640.0,3.7,28.0,0.86,0.72,27.7,24.6,0.47,0.95,0.0,0.0,1.5,2.0,26300.0,G13_62_H8
2024-04-08 00:00:00,18.0,10.0,27.0,11.0,21.0,7.04,3520.0,3.8,104.0,0.86,0.67,27.1,24.3,0.48,1.11,0.0,0.0,1.5,2.5,26300.0,G13_62_H8
2024-04-09 00:00:00,23.0,9.0,28.0,10.0,10.0,7.28,3640.0,5.3,72.0,0.85,0.64,28.0,23.3,0.49,1.47,0.0,0.0,1.5,3.5,26300.0,G13_62_H8
2024-04-10 00:00:00,23.0,10.0,29.0,20.0,14.0,7.77,3885.0,2.6,92.0,0.82,0.5,27.9,23.1,0.56,1.58,0.0,0.0,1.5,4.5,26300.0,G13_62_H8
2024-04-11 00:00:00,22.0,12.0,30.0,25.0,24.0,7.69,3845.0,2.3,92.0,0.83,0.68,26.4,23.0,0.62,1.49,0.0,0.0,2.0,4.0,26300.0,G13_62_H8
2024-04-12 00:00:00,23.0,12.0,31.0,45.0,100.0,7.79,3895.0,0.0,96.0,0.86,0.69,26.9,23.3,0.71,1.77,0.0,0.0,2.0,5.0,26300.0,G13_62_H8
2024-04-13 00:00:00,23.0,13.0,32.0,35.0,43.0,7.84,3920.0,0.0,100.0,0.86,0.75,24.6,22.8,0.84,1.34,0.0,0.0,2.0,4.0,26300.0,G13_62_H8
2024-04-14 00:00:00,20.0,14.0,33.0,40.0,65.0,7.57,3785.0,0.0,104.0,0.86,0.82,24.3,21.9,0.8,1.6,0.0,0.0,2.0,5.0,26300.0,G13_62_H8
2024-04-15 00:00:00,25.0,13.0,34.0,54.0,58.0,7.82,3910.0,0.0,128.0,0.87,0.65,27.3,21.0,0.91,2.74,0.0,0.0,3.0,9.0,26300.0,G13_62_H8
2024-04-16 00:00:00,20.0,15.0,35.0,76.0,53.0,7.82,3910.0,0.0,196.0,0.87,0.58,26.6,21.7,1.46,2.62,0.0,0.0,5.0,9.0,26300.0,G13_62_H8
2024-04-17 00:00:00,20.0,12.0,36.0,70.0,39.0,7.99,3995.0,0.0,180.0,0.8,0.57,22.0,20.0,0.84,1.39,0.0,0.0,3.0,5.0,26300.0,G13_62_H8
2024-04-18 00:00:00,23.0,11.0,37.0,130.0,7.0,8.52,4260.0,0.0,124.0,0.86,0.49,25.3,18.9,0.53,2.67,0.0,0.0,2.0,10.0,26300.0,G13_62_H8
2024-04-19 00:00:00,21.0,11.0,38.0,0.0,0.0,8.52,4260.0,0.0,0.0,0.86,0.49,25.3,18.9,0.53,2.67,0.0,0.0,2.0,10.0,26300.0,G13_62_H8
2024-03-12 00:00:00,18.0,5.0,0.0,,,,0.0,,,,,,,,,,,,,26300.0,G13_62_H9
2024-03-13 00:00:00,16.0,4.0,1.0,14.0,5.0,0.3,150.0,256.8,0.0,0.54,0.35,3.58,33.6,0.6,0.6,0.0,0.0,1.0,1.0,26300.0,G13_62_H9
2024-03-14 00:00:00,16.0,6.0,2.0,23.0,7.0,0.52,260.0,212.7,52.0,0.66,0.46,35.2,33.0,0.58,0.58,0.0,0.0,1.0,1.0,26300.0,G13_62_H9
2024-03-15 00:00:00,18.0,5.0,3.0,14.0,9.0,0.85,425.0,230.5,52.0,0.84,0.54,34.6,32.2,0.58,0.58,0.0,0.0,1.0,1.0,26300.0,G13_62_H9
2024-03-16 00:00:00,22.0,5.0,4.0,12.0,8.0,1.26,630.0,204.6,52.0,0.83,0.63,33.6,31.6,0.55,0.55,0.0,0.0,1.5,1.5,26300.0,G13_62_H9
2024-03-17 00:00:00,14.0,5.0,5.0,14.0,16.0,1.51,755.0,159.5,44.0,0.82,0.67,33.1,31.3,0.53,0.53,0.0,0.0,1.5,1.5,26300.0,G13_62_H9
2024-03-18 00:00:00,15.0,8.0,6.0,9.0,17.0,1.56,780.0,215.5,56.0,0.82,0.67,32.5,30.4,0.51,0.51,0.0,0.0,1.5,1.5,26300.0,G13_62_H9
2024-03-19 00:00:00,16.0,4.0,7.0,5.0,25.0,1.77,885.0,206.4,52.0,0.82,0.69,31.8,29.8,0.48,0.48,0.0,0.0,1.5,1.5,26300.0,G13_62_H9
2024-03-20 00:00:00,17.0,5.0,8.0,19.0,137.0,2.08,1040.0,162.6,52.0,0.81,0.71,31.4,29.8,0.48,0.48,0.0,0.0,1.5,1.5,26300.0,G13_62_H9
2024-03-21 00:00:00,22.0,7.0,9.0,24.0,6.0,2.27,1135.0,147.0,40.0,0.83,0.72,30.9,29.3,0.45,0.45,0.0,0.0,1.5,1.5,26300.0,G13_62_H9
2024-03-22 00:00:00,26.0,10.0,10.0,5.0,11.0,2.56,1280.0,86.6,28.0,0.83,0.7,30.6,29.1,0.45,0.72,0.0,0.0,1.5,1.5,26300.0,G13_62_H9
2024-03-23 00:00:00,15.0,10.0,11.0,3.0,12.0,2.97,1485.0,30.6,28.0,0.84,0.7,31.7,28.7,0.45,0.75,0.0,0.0,1.5,1.5,26300.0,G13_62_H9
2024-03-24 00:00:00,15.0,12.0,12.0,4.0,20.0,3.34,1670.0,43.1,24.0,0.92,0.77,29.8,28.3,0.52,0.71,0.0,0.0,1.5,1.5,26300.0,G13_62_H9
2024-03-25 00:00:00,13.0,7.0,13.0,8.0,37.0,3.66,1830.0,38.9,32.0,0.91,0.83,29.4,28.2,0.49,0.55,0.0,0.0,1.5,1.5,26300.0,G13_62_H9
2024-03-26 00:00:00,18.0,6.0,14.0,6.0,24.0,3.75,1875.0,74.7,32.0,0.92,0.82,29.0,27.5,0.49,0.55,0.0,0.0,1.5,1.5,26300.0,G13_62_H9
2024-03-27 00:00:00,15.0,6.0,15.0,6.0,58.0,4.03,2015.0,39.6,32.0,0.91,0.81,29.4,27.3,0.49,0.6,0.0,0.0,1.5,1.5,26300.0,G13_62_H9
2024-03-28 00:00:00,18.0,10.0,16.0,4.0,47.0,4.48,2240.0,28.5,32.0,0.92,0.82,28.7,27.2,0.47,0.54,0.0,0.0,1.5,1.5,26300.0,G13_62_H9
2024-03-29 00:00:00,25.0,11.0,17.0,3.0,54.0,4.78,2390.0,13.5,40.0,0.92,0.81,29.0,27.2,0.49,0.66,0.0,0.0,1.5,1.5,26300.0,G13_62_H9
2024-03-30 00:00:00,28.0,14.0,18.0,3.0,32.0,4.83,2415.0,1.4,64.0,0.9,0.69,30.3,27.0,0.52,1.44,0.0,0.0,1.5,1.5,26300.0,G13_62_H9
2024-03-31 00:00:00,20.0,10.0,19.0,2.0,44.0,5.46,2730.0,10.9,56.0,0.88,0.65,32.1,26.6,0.52,2.42,0.0,0.0,1.5,2.5,26300.0,G13_62_H9
2024-04-01 00:00:00,25.0,12.0,20.0,4.0,33.0,5.67,2835.0,12.7,52.0,0.87,0.62,30.9,26.1,0.52,2.02,0.0,0.0,1.5,2.5,26300.0,G13_62_H9
2024-04-02 00:00:00,19.0,17.0,21.0,3.0,21.0,6.08,3040.0,0.0,124.0,0.88,0.76,28.5,26.9,0.68,0.83,0.0,0.0,1.5,1.5,26300.0,G13_62_H9
2024-04-03 00:00:00,15.0,12.0,22.0,4.0,33.0,6.42,3210.0,1.2,36.0,0.86,0.82,27.4,25.4,0.47,0.65,0.0,0.0,1.5,1.5,26300.0,G13_62_H9
2024-04-04 00:00:00,17.0,9.0,23.0,4.0,13.0,6.73,3365.0,6.2,64.0,0.88,0.67,27.2,25.2,0.47,0.74,0.0,0.0,1.5,1.5,26300.0,G13_62_H9
2024-04-05 00:00:00,17.0,7.0,24.0,5.0,9.0,7.01,3505.0,17.6,60.0,0.88,0.64,27.5,24.9,0.45,0.72,0.0,0.0,1.5,1.5,26300.0,G13_62_H9
2024-04-06 00:00:00,15.0,9.0,25.0,3.0,21.0,7.45,3725.0,5.2,56.0,0.88,0.64,27.5,24.9,0.43,0.76,0.0,0.0,1.5,1.5,26300.0,G13_62_H9
2024-04-07 00:00:00,18.0,9.0,26.0,13.0,25.0,7.6,3800.0,3.7,64.0,0.8,0.73,27.7,24.6,0.47,0.95,0.0,0.0,1.5,2.0,26300.0,G13_62_H9
2024-04-08 00:00:00,18.0,10.0,27.0,12.0,11.0,7.79,3895.0,3.8,68.0,0.88,0.7,27.0,24.2,0.48,1.11,0.0,0.0,1.5,2.5,26300.0,G13_62_H9
2024-04-09 00:00:00,23.0,9.0,28.0,10.0,14.0,7.8,3900.0,5.3,72.0,0.87,0.66,27.9,23.2,0.49,1.47,0.0,0.0,1.5,3.5,26300.0,G13_62_H9
2024-04-10 00:00:00,23.0,10.0,29.0,22.0,25.0,8.1,4050.0,2.6,92.0,0.83,0.53,28.0,23.0,0.56,1.58,0.0,0.0,1.5,4.5,26300.0,G13_62_H9
2024-04-11 00:00:00,22.0,12.0,30.0,26.0,8.0,7.95,3975.0,2.3,100.0,0.83,0.69,26.7,23.0,0.62,1.49,0.0,0.0,2.0,4.0,26300.0,G13_62_H9
2024-04-12 00:00:00,23.0,12.0,31.0,46.0,65.0,8.2,4100.0,0.0,100.0,0.8,0.62,26.8,23.2,0.71,1.77,0.0,0.0,2.0,5.0,26300.0,G13_62_H9
2024-04-13 00:00:00,23.0,13.0,32.0,29.0,14.0,8.27,4135.0,0.0,112.0,0.8,0.7,24.5,22.5,0.84,1.34,0.0,0.0,2.0,4.0,26300.0,G13_62_H9
2024-04-14 00:00:00,20.0,14.0,33.0,33.0,14.0,7.9,3950.0,0.0,116.0,0.88,0.73,24.1,21.8,0.8,1.6,0.0,0.0,2.0,5.0,26300.0,G13_62_H9
2024-04-15 00:00:00,25.0,13.0,34.0,48.0,56.0,8.47,4235.0,0.0,136.0,0.9,0.68,27.3,21.0,0.91,2.74,0.0,0.0,3.0,9.0,26300.0,G13_62_H9
2024-04-16 00:00:00,20.0,15.0,35.0,65.0,59.0,8.4,4200.0,0.0,212.0,0.81,0.61,26.6,21.6,1.46,2.62,0.0,0.0,5.0,9.0,26300.0,G13_62_H9
2024-04-17 00:00:00,20.0,12.0,36.0,63.0,46.0,8.82,4410.0,0.0,188.0,0.8,0.59,21.9,19.9,0.84,1.39,0.0,0.0,3.0,5.0,26300.0,G13_62_H9
2024-04-18 00:00:00,23.0,11.0,37.0,100.0,18.0,9.5,4750.0,0.0,116.0,0.9,0.53,25.3,18.8,0.53,2.67,0.0,0.0,2.0,10.0,26300.0,G13_62_H9
2024-04-19 00:00:00,21.0,11.0,38.0,0.0,0.0,9.5,4750.0,0.0,0.0,0.9,0.53,25.3,18.8,0.53,2.67,0.0,0.0,2.0,10.0,26300.0,G13_62_H9
2024-03-12 00:00:00,18.0,5.0,,,,,0.0,,,,,,,,,,,,,25400.0,G13_62_H10
2024-03-13 00:00:00,16.0,4.0,0.0,,,,0.0,,,,,,,,,,,,,25400.0,G13_62_H10
2024-03-14 00:00:00,16.0,6.0,1.0,21.0,6.0,0.3,150.0,212.7,32.0,0.48,0.35,35.1,33.1,0.6,0.6,0.0,0.0,1.0,1.0,25400.0,G13_62_H10
2024-03-15 00:00:00,18.0,5.0,2.0,15.0,9.0,0.45,225.0,230.5,56.0,0.65,0.49,34.7,33.2,0.58,0.58,0.0,0.0,1.0,1.0,25400.0,G13_62_H10
2024-03-16 00:00:00,22.0,5.0,3.0,13.0,9.0,0.91,455.0,204.6,52.0,0.74,0.59,34.0,32.2,0.58,0.58,0.0,0.0,1.0,1.0,25400.0,G13_62_H10
2024-03-17 00:00:00,14.0,5.0,4.0,18.0,16.0,1.21,605.0,159.5,48.0,0.81,0.66,33.0,31.8,0.55,0.55,0.0,0.0,1.5,1.5,25400.0,G13_62_H10
2024-03-18 00:00:00,15.0,8.0,5.0,8.0,17.0,1.31,655.0,215.5,60.0,0.81,0.66,32.7,30.9,0.55,0.55,0.0,0.0,1.5,1.5,25400.0,G13_62_H10
2024-03-19 00:00:00,16.0,4.0,6.0,4.0,17.0,1.42,710.0,206.4,56.0,0.81,0.69,32.1,30.3,0.51,0.51,0.0,0.0,1.5,1.5,25400.0,G13_62_H10
2024-03-20 00:00:00,17.0,5.0,7.0,27.0,155.0,1.59,795.0,162.6,56.0,0.76,0.67,31.3,29.6,0.48,0.48,0.0,0.0,1.5,1.5,25400.0,G13_62_H10
2024-03-21 00:00:00,22.0,7.0,8.0,9.0,27.0,1.71,855.0,147.0,48.0,0.8,0.71,30.9,29.5,0.48,0.48,0.0,0.0,1.5,1.5,25400.0,G13_62_H10
2024-03-22 00:00:00,26.0,10.0,9.0,6.0,15.0,1.93,965.0,86.6,36.0,0.79,0.69,30.7,29.1,0.48,0.69,0.0,0.0,1.5,1.5,25400.0,G13_62_H10
2024-03-23 00:00:00,15.0,10.0,10.0,4.0,18.0,2.3,1150.0,30.6,24.0,0.88,0.73,31.2,29.0,0.45,0.73,0.0,0.0,1.5,1.5,25400.0,G13_62_H10
2024-03-24 00:00:00,15.0,12.0,11.0,4.0,13.0,2.75,1375.0,43.1,28.0,0.9,0.79,29.9,28.7,0.45,0.53,0.0,0.0,1.5,1.5,25400.0,G13_62_H10
2024-03-25 00:00:00,13.0,7.0,12.0,5.0,42.0,3.09,1545.0,38.9,32.0,0.92,0.85,29.7,28.4,0.47,0.55,0.0,0.0,1.5,1.5,25400.0,G13_62_H10
2024-03-26 00:00:00,18.0,6.0,13.0,6.0,25.0,3.37,1685.0,74.7,32.0,0.93,0.85,29.3,28.0,0.48,0.53,0.0,0.0,1.5,1.5,25400.0,G13_62_H10
2024-03-27 00:00:00,15.0,6.0,14.0,4.0,50.0,3.56,1780.0,39.6,32.0,0.93,0.8,29.7,27.8,0.49,0.61,0.0,0.0,1.5,1.5,25400.0,G13_62_H10
2024-03-28 00:00:00,18.0,10.0,15.0,5.0,71.0,3.9,1950.0,28.5,36.0,0.94,0.8,28.8,27.7,0.49,0.55,0.0,0.0,1.5,1.5,25400.0,G13_62_H10
2024-03-29 00:00:00,25.0,11.0,16.0,3.0,51.0,4.2,2100.0,13.5,40.0,0.93,0.81,29.0,27.5,0.49,0.58,0.0,0.0,1.5,1.5,25400.0,G13_62_H10
2024-03-30 00:00:00,28.0,14.0,17.0,3.0,22.0,4.44,2220.0,1.4,64.0,0.92,0.72,30.9,27.3,0.48,1.53,0.0,0.0,1.5,1.5,25400.0,G13_62_H10
2024-03-31 00:00:00,20.0,10.0,18.0,3.0,33.0,4.9,2450.0,10.9,60.0,0.9,0.63,31.7,27.1,0.52,2.2,0.0,0.0,1.5,2.0,25400.0,G13_62_H10
2024-04-01 00:00:00,25.0,12.0,19.0,4.0,35.0,5.31,2655.0,12.7,56.0,0.89,0.65,30.8,26.5,0.5,1.83,0.0,0.0,1.5,2.0,25400.0,G13_62_H10
2024-04-02 00:00:00,19.0,17.0,20.0,3.0,14.0,5.71,2855.0,0.0,108.0,0.91,0.78,28.7,27.1,0.68,0.83,0.0,0.0,1.5,1.5,25400.0,G13_62_H10
2024-04-03 00:00:00,15.0,12.0,21.0,4.0,18.0,5.91,2955.0,1.2,76.0,0.92,0.85,27.7,26.0,0.47,0.65,0.0,0.0,1.5,1.5,25400.0,G13_62_H10
2024-04-04 00:00:00,17.0,9.0,22.0,4.0,11.0,6.24,3120.0,6.2,52.0,0.89,0.7,27.4,25.5,0.47,0.74,0.0,0.0,1.5,1.5,25400.0,G13_62_H10
2024-04-05 00:00:00,17.0,7.0,23.0,4.0,5.0,6.51,3255.0,17.6,56.0,0.89,0.66,27.8,25.2,0.45,0.72,0.0,0.0,1.5,1.5,25400.0,G13_62_H10
2024-04-06 00:00:00,15.0,9.0,24.0,3.0,15.0,6.76,3380.0,5.2,72.0,0.89,0.66,27.8,25.2,0.43,0.76,0.0,0.0,1.5,1.5,25400.0,G13_62_H10
2024-04-07 00:00:00,18.0,9.0,25.0,6.0,17.0,7.01,3505.0,3.7,88.0,0.9,0.7,27.6,24.9,0.43,0.83,0.0,0.0,1.5,2.0,25400.0,G13_62_H10
2024-04-08 00:00:00,18.0,10.0,26.0,3.0,14.0,7.3,3650.0,3.8,28.0,0.8,0.69,27.5,24.5,0.48,1.23,0.0,0.0,1.5,2.5,25400.0,G13_62_H10
2024-04-09 00:00:00,23.0,9.0,27.0,4.0,11.0,7.47,3735.0,5.3,72.0,0.88,0.66,28.2,23.6,0.49,1.56,0.0,0.0,1.5,3.5,25400.0,G13_62_H10
2024-04-10 00:00:00,23.0,10.0,28.0,10.0,9.0,7.74,3870.0,2.6,92.0,0.84,0.52,28.2,23.2,0.56,1.88,0.0,0.0,1.5,4.5,25400.0,G13_62_H10
2024-04-11 00:00:00,22.0,12.0,29.0,18.0,19.0,7.7,3850.0,2.3,96.0,0.84,0.68,26.3,23.2,0.62,1.49,0.0,0.0,2.0,4.0,25400.0,G13_62_H10
2024-04-12 00:00:00,23.0,12.0,30.0,38.0,26.0,7.66,3830.0,0.0,92.0,0.8,0.62,26.5,23.2,0.71,1.77,0.0,0.0,2.0,5.0,25400.0,G13_62_H10
2024-04-13 00:00:00,23.0,13.0,31.0,19.0,13.0,7.85,3925.0,0.0,108.0,0.81,0.71,24.6,22.7,0.84,1.41,0.0,0.0,2.0,4.0,25400.0,G13_62_H10
2024-04-14 00:00:00,20.0,14.0,32.0,20.0,9.0,7.61,3805.0,0.0,108.0,0.89,0.73,23.9,21.9,0.8,1.74,0.0,0.0,2.0,5.0,25400.0,G13_62_H10
2024-04-15 00:00:00,25.0,13.0,33.0,33.0,26.0,7.87,3935.0,0.0,132.0,0.89,0.67,27.3,21.1,0.91,2.88,0.0,0.0,3.0,9.0,25400.0,G13_62_H10
2024-04-16 00:00:00,20.0,15.0,34.0,50.0,52.0,7.89,3945.0,0.0,196.0,0.9,0.6,26.5,21.8,1.52,2.74,0.0,0.0,5.0,9.0,25400.0,G13_62_H10
2024-04-17 00:00:00,20.0,12.0,35.0,61.0,14.0,7.95,3975.0,0.0,180.0,0.8,0.58,22.0,20.0,0.84,1.46,0.0,0.0,3.0,5.0,25400.0,G13_62_H10
2024-04-18 00:00:00,23.0,11.0,36.0,95.0,40.0,8.5,4250.0,0.0,124.0,0.9,0.51,25.3,19.0,0.53,2.67,0.0,0.0,2.0,10.0,25400.0,G13_62_H10
2024-04-19 00:00:00,21.0,11.0,37.0,125.0,5.0,8.7,4350.0,0.0,176.0,0.86,0.65,23.3,18.7,0.8,1.6,0.0,0.0,3.0,7.0,25400.0,G13_62_H10
2024-03-05 00:00:00,7.0,0.0,1.0,18.0,3.0,0.78,390.0,507.0,40.0,0.54,0.44,35.7,33.1,0.5,0.5,0.0,0.0,1.0,1.0,29300.0,G15_59_H1
2024-03-06 00:00:00,11.0,0.0,2.0,16.0,12.0,0.97,485.0,446.0,12.0,0.65,0.48,34.7,32.7,0.45,0.45,0.0,0.0,1.0,1.0,29300.0,G15_59_H1
2024-03-07 00:00:00,14.0,1.0,3.0,8.0,40.0,1.2,600.0,183.0,12.0,0.65,0.51,34.5,31.0,0.45,0.45,0.0,0.0,1.0,1.0,29300.0,G15_59_H1
2024-03-08 00:00:00,12.0,2.0,4.0,12.0,48.0,1.31,655.0,158.0,16.0,0.67,0.49,33.7,31.4,0.44,0.49,0.0,0.0,1.0,1.0,29300.0,G15_59_H1
2024-03-09 00:00:00,12.0,2.0,5.0,6.0,19.0,1.56,780.0,169.0,28.0,0.65,0.51,32.8,30.6,0.44,0.49,0.0,0.0,1.0,1.0,29300.0,G15_59_H1
2024-03-10 00:00:00,16.0,5.0,6.0,7.0,9.0,1.8,900.0,160.0,28.0,0.68,0.57,32.3,30.0,0.44,0.48,0.0,0.0,1.0,1.0,29300.0,G15_59_H1
2024-03-11 00:00:00,16.0,3.0,7.0,6.0,7.0,1.98,990.0,120.0,36.0,0.7,0.57,31.7,29.5,0.44,0.49,0.0,0.0,1.0,1.0,29300.0,G15_59_H1
2024-03-12 00:00:00,15.0,5.0,8.0,28.0,136.0,2.18,1090.0,108.0,32.0,0.73,0.57,31.6,29.4,0.44,0.49,0.0,0.0,1.0,1.0,29300.0,G15_59_H1
2024-03-13 00:00:00,16.0,7.0,9.0,21.0,16.0,2.45,1225.0,130.0,24.0,0.68,0.55,31.0,29.0,0.42,0.45,0.0,0.0,1.0,1.0,29300.0,G15_59_H1
2024-03-14 00:00:00,16.0,5.0,10.0,3.0,6.0,2.57,1285.0,116.0,32.0,0.77,0.6,30.9,28.5,0.42,0.45,0.0,0.0,1.0,1.0,29300.0,G15_59_H1
2024-03-15 00:00:00,19.0,8.0,11.0,5.0,13.0,2.9,1450.0,135.0,16.0,0.79,0.6,30.7,28.2,0.42,0.45,0.0,0.0,1.0,1.0,29300.0,G15_59_H1
2024-03-16 00:00:00,22.0,10.0,12.0,8.0,16.0,3.4,1700.0,85.0,16.0,0.86,0.67,30.6,28.1,0.42,0.53,0.0,0.0,1.0,1.0,29300.0,G15_59_H1
2024-03-17 00:00:00,12.0,5.0,13.0,7.0,21.0,3.9,1950.0,32.0,4012.0,0.85,0.67,29.8,28.4,0.4,0.45,0.0,0.0,1.0,1.0,29300.0,G15_59_H1
2024-03-18 00:00:00,11.0,4.0,14.0,10.0,43.0,4.2,2100.0,126.0,12.0,0.81,0.58,29.8,27.1,0.4,0.43,0.0,0.0,1.0,1.5,29300.0,G15_59_H1
2024-03-19 00:00:00,17.0,3.0,15.0,10.0,35.0,4.4,2200.0,126.0,12.0,0.79,0.62,29.5,26.8,0.4,0.43,0.0,0.0,1.0,1.5,29300.0,G15_59_H1
2024-03-20 00:00:00,18.0,5.0,16.0,10.0,33.0,4.9,2450.0,55.0,36.0,0.79,0.59,29.0,26.5,0.4,0.48,0.0,0.0,1.5,1.5,29300.0,G15_59_H1
2024-03-21 00:00:00,24.0,9.0,17.0,10.0,35.0,5.3,2650.0,56.0,20.0,0.83,0.57,29.9,26.3,0.42,0.6,0.0,0.0,1.5,1.5,29300.0,G15_59_H1
2024-03-22 00:00:00,26.0,14.0,18.0,11.0,32.0,5.6,2800.0,15.0,28.0,0.78,0.55,31.4,26.2,0.42,1.2,0.0,0.0,1.5,1.5,29300.0,G15_59_H1
2024-03-23 00:00:00,19.0,13.0,19.0,12.0,29.0,6.4,3200.0,15.0,32.0,0.86,0.69,28.8,26.5,0.44,0.49,0.0,0.0,1.5,1.5,29300.0,G15_59_H1
2024-03-24 00:00:00,17.0,10.0,20.0,7.0,25.0,6.4,3200.0,1.0,44.0,0.85,0.76,28.5,26.4,0.42,0.5,0.0,0.0,1.5,1.5,29300.0,G15_59_H1
2024-03-25 00:00:00,11.0,5.0,21.0,8.0,21.0,6.57,3285.0,1.0,4.0,0.85,0.76,28.3,25.7,0.34,0.39,0.0,0.0,1.5,1.5,29300.0,G15_59_H1
2024-03-26 00:00:00,15.0,8.0,22.0,6.0,12.0,7.0,3500.0,7.0,12.0,0.84,0.7,29.3,25.8,0.35,0.56,0.0,0.0,1.5,1.5,29300.0,G15_59_H1
2024-03-27 00:00:00,15.0,10.0,23.0,5.0,8.0,7.4,3700.0,1.0,16.0,0.88,0.74,28.5,25.7,0.38,0.43,0.0,0.0,1.5,1.5,29300.0,G15_59_H1
2024-03-28 00:00:00,20.0,11.0,24.0,6.0,6.0,8.3,4150.0,1.0,20.0,0.88,0.74,28.6,26.1,0.38,0.58,0.0,0.0,1.5,1.5,29300.0,G15_59_H1
2024-03-29 00:00:00,27.0,13.0,25.0,9.0,9.0,8.39,4195.0,0.0,28.0,0.86,0.59,31.4,26.0,0.39,1.25,0.0,0.0,1.5,2.5,29300.0,G15_59_H1
2024-03-30 00:00:00,28.0,11.0,26.0,9.0,17.0,8.8,4400.0,0.0,32.0,0.85,0.52,31.1,26.0,0.39,1.9,0.0,0.0,1.5,4.0,29300.0,G15_59_H1
2024-03-31 00:00:00,22.0,11.0,27.0,12.0,34.0,9.1,4550.0,0.0,36.0,0.85,0.52,28.3,24.3,0.37,0.9,0.0,0.0,1.7,2.0,29300.0,G15_59_H1
2024-04-01 00:00:00,27.0,15.0,28.0,13.0,55.0,8.83,4415.0,4.0,40.0,0.84,0.57,30.1,24.4,0.35,1.97,0.0,0.0,1.7,4.7,29300.0,G15_59_H1
2024-04-02 00:00:00,17.0,9.0,29.0,15.0,129.0,8.76,4380.0,0.0,56.0,0.89,0.73,27.6,25.7,0.57,0.69,0.0,0.0,1.7,1.7,29300.0,G15_59_H1
2024-04-03 00:00:00,16.0,5.0,30.0,23.0,168.0,8.59,4295.0,0.0,40.0,0.87,0.75,26.2,23.5,0.42,0.61,0.0,0.0,1.7,1.7,29300.0,G15_59_H1
2024-04-04 00:00:00,16.0,6.0,31.0,30.0,68.0,8.58,4290.0,10.0,36.0,0.83,0.59,26.0,23.0,0.4,0.71,0.0,0.0,1.7,2.0,29300.0,G15_59_H1
2024-04-05 00:00:00,18.0,9.0,32.0,42.0,112.0,8.6,4300.0,10.0,36.0,0.82,0.53,26.1,22.2,0.36,0.94,0.0,0.0,1.7,2.7,29300.0,G15_59_H1
2024-04-06 00:00:00,18.0,11.0,33.0,66.0,135.0,8.41,4205.0,7.0,44.0,0.78,0.53,25.5,22.3,0.4,0.9,0.0,0.0,1.7,2.7,29300.0,G15_59_H1
2024-04-07 00:00:00,18.0,11.0,34.0,93.0,101.0,8.7,4350.0,10.0,88.0,0.86,0.66,25.3,22.0,0.39,0.97,0.0,0.0,1.7,3.0,29300.0,G15_59_H1
2024-04-08 00:00:00,18.0,8.0,35.0,130.0,56.0,8.78,4390.0,10.0,52.0,0.86,0.62,24.9,22.0,0.43,1.22,0.0,0.0,1.7,4.0,29300.0,G15_59_H1
2024-04-09 00:00:00,23.0,11.0,36.0,85.0,11.0,8.74,4370.0,20.0,56.0,0.84,0.58,26.4,21.2,0.38,1.71,0.0,0.0,1.7,6.0,29300.0,G15_59_H1
2024-04-10 00:00:00,23.0,12.0,37.0,93.0,9.0,9.2,4600.0,6.0,76.0,0.84,0.58,27.3,21.1,0.47,1.93,0.0,0.0,1.7,6.7,29300.0,G15_59_H1
2024-03-05 00:00:00,7.0,0.0,1.0,15.0,3.0,0.77,385.0,506.0,40.0,0.59,0.49,35.5,32.9,0.5,0.5,0.0,0.0,1.0,1.0,29300.0,G15_59_H2
2024-03-06 00:00:00,11.0,0.0,2.0,12.0,7.0,0.97,485.0,446.0,60.0,0.66,0.52,34.9,32.6,0.45,0.45,0.0,0.0,1.0,1.0,29300.0,G15_59_H2
2024-03-07 00:00:00,14.0,1.0,3.0,9.0,76.0,1.21,605.0,183.0,60.0,0.68,0.56,34.2,32.1,0.45,0.45,0.0,0.0,1.0,1.0,29300.0,G15_59_H2
2024-03-08 00:00:00,12.0,2.0,4.0,10.0,56.0,1.31,655.0,158.0,60.0,0.72,0.54,33.7,31.4,0.44,0.49,0.0,0.0,1.0,1.0,29300.0,G15_59_H2
2024-03-09 00:00:00,12.0,2.0,5.0,7.0,11.0,1.58,790.0,169.0,64.0,0.71,0.59,33.0,30.5,0.44,0.49,0.0,0.0,1.0,1.0,29300.0,G15_59_H2
2024-03-10 00:00:00,16.0,5.0,6.0,6.0,7.0,1.8,900.0,160.0,64.0,0.74,0.61,32.5,29.9,0.44,0.48,0.0,0.0,1.0,1.0,29300.0,G15_59_H2
2024-03-11 00:00:00,16.0,3.0,7.0,4.0,8.0,1.98,990.0,122.0,60.0,0.77,0.66,31.7,29.5,0.44,0.49,0.0,0.0,1.0,1.0,29300.0,G15_59_H2
2024-03-12 00:00:00,15.0,5.0,8.0,33.0,155.0,2.18,1090.0,108.0,60.0,0.8,0.65,31.4,29.3,0.44,0.49,0.0,0.0,1.0,1.0,29300.0,G15_59_H2
2024-03-13 00:00:00,16.0,7.0,9.0,19.0,6.0,2.48,1240.0,130.0,60.0,0.8,0.61,31.0,28.9,0.42,0.45,0.0,0.0,1.0,1.0,29300.0,G15_59_H2
2024-03-14 00:00:00,16.0,5.0,10.0,3.0,5.0,2.53,1265.0,116.0,52.0,0.87,0.66,30.6,28.6,0.42,0.45,0.0,0.0,1.0,1.0,29300.0,G15_59_H2
2024-03-15 00:00:00,19.0,8.0,11.0,4.0,11.0,2.9,1450.0,137.0,32.0,0.89,0.68,30.2,28.2,0.42,0.45,0.0,0.0,1.0,1.0,29300.0,G15_59_H2
2024-03-16 00:00:00,22.0,10.0,12.0,8.0,28.0,3.4,1700.0,85.0,28.0,0.89,0.75,30.8,28.1,0.42,0.53,0.0,0.0,1.0,1.0,29300.0,G15_59_H2
2024-03-17 00:00:00,12.0,5.0,13.0,9.0,28.0,3.8,1900.0,32.0,28.0,0.91,0.75,29.8,26.9,0.4,0.45,0.0,0.0,1.0,1.0,29300.0,G15_59_H2
2024-03-18 00:00:00,11.0,4.0,14.0,10.0,35.0,4.1,2050.0,126.0,40.0,0.87,0.63,29.4,27.0,0.4,0.43,0.0,0.0,1.0,1.5,29300.0,G15_59_H2
2024-03-19 00:00:00,17.0,3.0,15.0,10.0,28.0,4.4,2200.0,126.0,40.0,0.88,0.69,29.1,26.6,0.4,0.43,0.0,0.0,1.0,1.5,29300.0,G15_59_H2
2024-03-20 00:00:00,18.0,5.0,16.0,11.0,31.0,4.9,2450.0,55.0,72.0,0.87,0.67,29.6,26.5,0.4,0.48,0.0,0.0,1.5,1.5,29300.0,G15_59_H2
2024-03-21 00:00:00,24.0,9.0,17.0,9.0,29.0,5.29,2645.0,56.0,36.0,0.88,0.69,30.3,26.0,0.42,0.6,0.0,0.0,1.5,1.5,29300.0,G15_59_H2
2024-03-22 00:00:00,26.0,14.0,18.0,10.0,42.0,5.6,2800.0,15.0,40.0,0.89,0.65,31.3,26.1,0.42,1.2,0.0,0.0,1.5,1.5,29300.0,G15_59_H2
2024-03-23 00:00:00,19.0,13.0,19.0,14.0,35.0,6.3,3150.0,15.0,60.0,0.9,0.76,28.8,26.4,0.44,0.49,0.0,0.0,1.5,1.5,29300.0,G15_59_H2
2024-03-24 00:00:00,17.0,10.0,20.0,8.0,40.0,6.27,3135.0,1.0,40.0,0.89,0.73,28.6,26.4,0.42,0.5,0.0,0.0,1.5,1.5,29300.0,G15_59_H2
2024-03-25 00:00:00,11.0,5.0,21.0,7.0,31.0,6.6,3300.0,1.0,44.0,0.87,0.71,28.1,25.8,0.34,0.39,0.0,0.0,1.5,1.5,29300.0,G15_59_H2
2024-03-26 00:00:00,15.0,8.0,22.0,7.0,18.0,7.1,3550.0,7.0,40.0,0.87,0.72,29.3,25.9,0.35,0.56,0.0,0.0,1.5,1.5,29300.0,G15_59_H2
2024-03-27 00:00:00,15.0,10.0,23.0,6.0,14.0,7.26,3630.0,1.0,48.0,0.89,0.78,28.4,25.8,0.38,0.43,0.0,0.0,1.5,1.5,29300.0,G15_59_H2
2024-03-28 00:00:00,20.0,11.0,24.0,5.0,8.0,7.5,3750.0,1.0,48.0,0.89,0.78,28.7,26.0,0.38,0.58,0.0,0.0,1.5,1.5,29300.0,G15_59_H2
2024-03-29 00:00:00,27.0,13.0,25.0,8.0,10.0,7.8,3900.0,0.0,64.0,0.88,0.68,31.8,25.8,0.39,1.25,0.0,0.0,1.5,2.5,29300.0,G15_59_H2
2024-03-30 00:00:00,28.0,11.0,26.0,10.0,15.0,8.8,4400.0,0.0,68.0,0.83,0.62,31.7,25.8,0.39,1.9,0.0,0.0,1.5,4.0,29300.0,G15_59_H2
2024-03-31 00:00:00,22.0,11.0,27.0,10.0,13.0,9.0,4500.0,0.0,84.0,0.83,0.62,28.5,24.7,0.37,0.9,0.0,0.0,1.7,2.0,29300.0,G15_59_H2
2024-04-01 00:00:00,27.0,15.0,28.0,8.0,18.0,9.1,4550.0,4.0,68.0,0.85,0.62,30.4,24.5,0.35,1.97,0.0,0.0,1.7,4.7,29300.0,G15_59_H2
2024-04-02 00:00:00,17.0,9.0,29.0,11.0,24.0,9.2,4600.0,0.0,96.0,0.9,0.75,27.8,25.8,0.57,0.69,0.0,0.0,1.7,1.7,29300.0,G15_59_H2
2024-04-03 00:00:00,16.0,5.0,30.0,15.0,32.0,9.25,4625.0,0.0,80.0,0.87,0.75,26.1,23.8,0.44,0.6,0.0,0.0,1.7,1.7,29300.0,G15_59_H2
2024-04-04 00:00:00,16.0,6.0,31.0,12.0,11.0,9.28,4640.0,11.0,72.0,0.85,0.61,26.1,23.0,0.41,0.71,0.0,0.0,1.7,2.0,29300.0,G15_59_H2
2024-04-05 00:00:00,18.0,9.0,32.0,18.0,13.0,9.4,4700.0,11.0,72.0,0.81,0.55,26.0,22.2,0.35,0.93,0.0,0.0,1.7,2.7,29300.0,G15_59_H2
2024-04-06 00:00:00,18.0,11.0,33.0,21.0,14.0,9.5,4750.0,7.0,136.0,0.88,0.55,25.3,22.2,0.46,0.89,0.0,0.0,1.7,2.7,29300.0,G15_59_H2
2024-04-07 00:00:00,18.0,11.0,34.0,23.0,9.0,9.8,4900.0,10.0,112.0,0.88,0.7,25.4,21.9,0.44,1.11,0.0,0.0,1.7,3.7,29300.0,G15_59_H2
2024-04-08 00:00:00,18.0,8.0,35.0,31.0,10.0,9.8,4900.0,10.0,96.0,0.88,0.67,25.0,22.1,0.45,1.21,0.0,0.0,1.7,4.0,29300.0,G15_59_H2
2024-04-09 00:00:00,23.0,11.0,36.0,36.0,5.0,9.51,4755.0,20.0,104.0,0.88,0.64,26.0,21.4,0.4,1.71,0.0,0.0,1.7,6.0,29300.0,G15_59_H2
2024-04-10 00:00:00,23.0,12.0,37.0,58.0,3.0,9.9,4950.0,6.0,140.0,0.88,0.64,26.8,21.2,0.5,1.92,0.0,0.0,2.0,6.7,29300.0,G15_59_H2
2024-03-05 00:00:00,7.0,0.0,1.0,14.0,3.0,0.76,380.0,506.0,40.0,0.66,0.55,34.7,32.7,0.5,0.5,0.0,0.0,1.0,1.0,28600.0,G15_59_H3
2024-03-06 00:00:00,11.0,0.0,2.0,9.0,7.0,0.97,485.0,446.0,56.0,0.7,0.58,34.1,31.8,0.45,0.45,0.0,0.0,1.0,1.0,28600.0,G15_59_H3
2024-03-07 00:00:00,14.0,1.0,3.0,12.0,9.0,1.17,585.0,183.0,48.0,0.74,0.61,33.5,31.1,0.45,0.45,0.0,0.0,1.0,1.0,28600.0,G15_59_H3
2024-03-08 00:00:00,12.0,2.0,4.0,5.0,17.0,1.31,655.0,158.0,56.0,0.75,0.59,32.8,30.6,0.44,0.44,0.0,0.0,1.0,1.0,28600.0,G15_59_H3
2024-03-09 00:00:00,12.0,2.0,5.0,7.0,10.0,1.53,765.0,169.0,56.0,0.74,0.62,32.4,30.2,0.44,0.49,0.0,0.0,1.0,1.0,28600.0,G15_59_H3
2024-03-10 00:00:00,16.0,5.0,6.0,6.0,13.0,1.72,860.0,161.0,56.0,0.77,0.64,31.8,29.7,0.44,0.48,0.0,0.0,1.0,1.0,28600.0,G15_59_H3
2024-03-11 00:00:00,16.0,3.0,7.0,7.0,14.0,1.96,980.0,122.0,56.0,0.8,0.65,31.2,29.3,0.44,0.49,0.0,0.0,1.0,1.0,28600.0,G15_59_H3
2024-03-12 00:00:00,15.0,5.0,8.0,28.0,126.0,2.15,1075.0,108.0,56.0,0.8,0.64,31.2,28.9,0.44,0.49,0.0,0.0,1.0,1.0,28600.0,G15_59_H3
2024-03-13 00:00:00,16.0,7.0,9.0,23.0,6.0,2.4,1200.0,130.0,48.0,0.77,0.64,30.7,28.5,0.42,0.45,0.0,0.0,1.0,1.0,28600.0,G15_59_H3
2024-03-14 00:00:00,16.0,5.0,10.0,5.0,11.0,2.5,1250.0,117.0,52.0,0.88,0.67,30.4,28.2,0.42,0.45,0.0,0.0,1.0,1.0,28600.0,G15_59_H3
2024-03-15 00:00:00,19.0,8.0,11.0,5.0,8.0,2.79,1395.0,137.0,32.0,0.91,0.67,30.0,28.0,0.42,0.45,0.0,0.0,1.0,1.0,28600.0,G15_59_H3
2024-03-16 00:00:00,22.0,10.0,12.0,3.0,6.0,3.3,1650.0,86.0,28.0,0.9,0.76,30.1,28.0,0.42,0.53,0.0,0.0,1.0,1.0,28600.0,G15_59_H3
2024-03-17 00:00:00,12.0,5.0,13.0,4.0,21.0,3.7,1850.0,34.0,28.0,0.9,0.7,29.4,26.6,0.41,0.45,0.0,0.0,1.0,1.0,28600.0,G15_59_H3
2024-03-18 00:00:00,11.0,4.0,14.0,3.0,14.0,3.99,1995.0,126.0,36.0,0.9,0.65,29.2,26.9,0.4,0.43,0.0,0.0,1.0,1.5,28600.0,G15_59_H3
2024-03-19 00:00:00,17.0,3.0,15.0,8.0,10.0,4.1,2050.0,126.0,36.0,0.87,0.63,28.8,26.6,0.4,0.43,0.0,0.0,1.0,1.5,28600.0,G15_59_H3
2024-03-20 00:00:00,18.0,5.0,16.0,7.0,21.0,4.7,2350.0,56.0,76.0,0.85,0.68,28.7,26.2,0.4,0.48,0.0,0.0,1.5,1.5,28600.0,G15_59_H3
2024-03-21 00:00:00,24.0,9.0,17.0,7.0,26.0,4.89,2445.0,56.0,40.0,0.8,0.6,28.5,25.8,0.43,0.6,0.0,0.0,1.5,1.5,28600.0,G15_59_H3
2024-03-22 00:00:00,26.0,14.0,18.0,3.0,19.0,5.19,2595.0,15.0,40.0,0.85,0.66,30.1,25.9,0.43,1.2,0.0,0.0,1.5,1.5,28600.0,G15_59_H3
2024-03-23 00:00:00,19.0,13.0,19.0,5.0,19.0,5.8,2900.0,15.0,52.0,0.89,0.72,28.3,26.53,0.44,0.49,0.0,0.0,1.5,1.5,28600.0,G15_59_H3
2024-03-24 00:00:00,17.0,10.0,20.0,3.0,14.0,5.94,2970.0,2.0,40.0,0.9,0.7,28.3,26.3,0.42,0.5,0.0,0.0,1.5,1.5,28600.0,G15_59_H3
2024-03-25 00:00:00,11.0,5.0,21.0,6.0,24.0,6.3,3150.0,1.0,44.0,0.86,0.72,28.3,25.5,0.34,0.38,0.0,0.0,1.5,1.5,28600.0,G15_59_H3
2024-03-26 00:00:00,15.0,8.0,22.0,4.0,15.0,6.8,3400.0,8.0,36.0,0.89,0.78,29.1,26.0,0.35,0.53,0.0,0.0,1.5,1.5,28600.0,G15_59_H3
2024-03-27 00:00:00,15.0,10.0,23.0,4.0,20.0,7.0,3500.0,1.0,0.0,0.88,0.79,28.8,25.9,0.36,0.4,0.0,0.0,1.5,1.5,28600.0,G15_59_H3
2024-03-28 00:00:00,20.0,11.0,24.0,4.0,13.0,7.2,3600.0,1.0,84.0,0.88,0.79,28.6,26.0,0.36,0.56,0.0,0.0,1.5,1.5,28600.0,G15_59_H3
2024-03-29 00:00:00,27.0,13.0,25.0,4.0,13.0,7.23,3615.0,0.0,0.0,0.89,0.7,30.4,25.7,0.38,1.08,0.0,0.0,1.5,2.0,28600.0,G15_59_H3
2024-03-30 00:00:00,28.0,11.0,26.0,15.0,31.0,8.1,4050.0,0.0,124.0,0.81,0.62,31.2,25.7,0.39,1.9,0.0,0.0,1.5,4.0,28600.0,G15_59_H3
2024-03-31 00:00:00,22.0,11.0,27.0,12.0,18.0,8.11,4055.0,0.0,76.0,0.81,0.62,28.0,24.5,0.37,0.9,0.0,0.0,1.7,2.0,28600.0,G15_59_H3
2024-04-01 00:00:00,27.0,15.0,28.0,6.0,21.0,8.18,4090.0,4.0,60.0,0.85,0.61,29.9,24.4,0.35,1.71,0.0,0.0,1.7,4.0,28600.0,G15_59_H3
2024-04-02 00:00:00,17.0,9.0,29.0,10.0,30.0,8.58,4290.0,0.0,56.0,0.9,0.75,27.2,25.4,0.57,0.65,0.0,0.0,1.7,1.7,28600.0,G15_59_H3
2024-04-03 00:00:00,16.0,5.0,30.0,20.0,29.0,8.54,4270.0,0.0,104.0,0.85,0.72,25.8,23.4,0.42,0.59,0.0,0.0,1.7,1.7,28600.0,G15_59_H3
2024-04-04 00:00:00,16.0,6.0,31.0,24.0,27.0,7.69,3845.0,11.0,64.0,0.87,0.62,25.7,23.0,0.4,0.65,0.0,0.0,1.7,1.7,28600.0,G15_59_H3
2024-04-05 00:00:00,18.0,9.0,32.0,28.0,34.0,7.13,3565.0,11.0,64.0,0.83,0.57,25.9,21.9,0.36,0.7,0.0,0.0,1.7,2.0,28600.0,G15_59_H3
2024-04-06 00:00:00,18.0,11.0,33.0,40.0,53.0,7.11,3555.0,7.0,52.0,0.08,0.57,25.4,22.4,0.36,0.66,0.0,0.0,1.7,2.0,28600.0,G15_59_H3
2024-04-07 00:00:00,18.0,11.0,34.0,78.0,44.0,6.94,3470.0,10.0,148.0,0.9,0.7,25.8,22.3,0.4,0.89,0.0,0.0,1.7,2.7,28600.0,G15_59_H3
2024-04-08 00:00:00,18.0,8.0,35.0,101.0,10.0,7.1,3550.0,10.0,80.0,0.9,0.67,25.5,22.1,0.36,0.93,0.0,0.0,1.7,3.0,28600.0,G15_59_H3
2024-04-09 00:00:00,23.0,11.0,36.0,104.0,0.0,7.43,3715.0,20.0,80.0,0.88,0.64,26.8,21.4,0.36,1.68,0.0,0.0,1.7,5.7,28600.0,G15_59_H3
2024-04-10 00:00:00,23.0,12.0,37.0,185.0,0.0,7.9,3950.0,6.0,116.0,0.88,0.64,27.0,21.7,0.46,1.92,0.0,0.0,1.7,6.7,28600.0,G15_59_H3
2024-03-05 00:00:00,7.0,0.0,1.0,18.0,2.0,0.76,380.0,506.0,40.0,0.66,0.62,35.3,32.6,0.5,0.5,0.0,0.0,1.0,1.0,28600.0,G15_59_H4
2024-03-06 00:00:00,11.0,0.0,2.0,10.0,5.0,0.97,485.0,446.0,56.0,0.7,0.63,34.7,31.8,0.45,0.45,0.0,0.0,1.0,1.0,28600.0,G15_59_H4
2024-03-07 00:00:00,14.0,1.0,3.0,9.0,8.0,1.17,585.0,183.0,52.0,0.73,0.67,34.2,31.7,0.45,0.45,0.0,0.0,1.0,1.0,28600.0,G15_59_H4
2024-03-08 00:00:00,12.0,2.0,4.0,4.0,11.0,1.32,660.0,158.0,60.0,0.76,0.69,33.5,30.8,0.44,0.5,0.0,0.0,1.0,1.0,28600.0,G15_59_H4
2024-03-09 00:00:00,12.0,2.0,5.0,8.0,14.0,1.52,760.0,169.0,40.0,0.76,0.68,32.7,30.2,0.44,0.49,0.0,0.0,1.0,1.0,28600.0,G15_59_H4
2024-03-10 00:00:00,16.0,5.0,6.0,6.0,10.0,1.72,860.0,163.0,72.0,0.78,0.67,32.2,29.6,0.44,0.48,0.0,0.0,1.0,1.0,28600.0,G15_59_H4
2024-03-11 00:00:00,16.0,3.0,7.0,10.0,8.0,1.98,990.0,122.0,60.0,0.81,0.74,31.7,29.3,0.44,0.49,0.0,0.0,1.0,1.0,28600.0,G15_59_H4
2024-03-12 00:00:00,15.0,5.0,8.0,25.0,102.0,2.15,1075.0,108.0,52.0,0.82,0.78,30.9,28.9,0.44,0.49,0.0,0.0,1.0,1.0,28600.0,G15_59_H4
2024-03-13 00:00:00,16.0,7.0,9.0,25.0,35.0,2.4,1200.0,130.0,52.0,0.78,0.73,30.7,28.3,0.42,0.45,0.0,0.0,1.0,1.0,28600.0,G15_59_H4
2024-03-14 00:00:00,16.0,5.0,10.0,4.0,12.0,2.5,1250.0,117.0,52.0,0.85,0.76,30.5,28.1,0.42,0.45,0.0,0.0,1.0,1.0,28600.0,G15_59_H4
2024-03-15 00:00:00,19.0,8.0,11.0,8.0,9.0,2.6,1300.0,137.0,32.0,0.86,0.78,30.2,27.8,0.42,0.45,0.0,0.0,1.0,1.0,28600.0,G15_59_H4
2024-03-16 00:00:00,22.0,10.0,12.0,2.0,8.0,3.2,1600.0,88.0,20.0,0.9,0.8,30.0,27.8,0.42,0.48,0.0,0.0,1.0,1.0,28600.0,G15_59_H4
2024-03-17 00:00:00,12.0,5.0,13.0,3.0,14.0,3.5,1750.0,34.0,36.0,0.92,0.87,29.5,26.9,0.41,0.45,0.0,0.0,1.0,1.0,28600.0,G15_59_H4
2024-03-18 00:00:00,11.0,4.0,14.0,10.0,18.0,3.8,1900.0,126.0,36.0,0.86,0.79,29.6,26.7,0.4,0.43,0.0,0.0,1.0,1.5,28600.0,G15_59_H4
2024-03-19 00:00:00,17.0,3.0,15.0,10.0,19.0,4.0,2000.0,126.0,36.0,0.86,0.68,29.4,26.4,0.4,0.43,0.0,0.0,1.0,1.5,28600.0,G15_59_H4
2024-03-20 00:00:00,18.0,5.0,16.0,9.0,24.0,4.5,2250.0,58.0,76.0,0.84,0.65,29.1,26.0,0.4,0.48,0.0,0.0,1.5,1.5,28600.0,G15_59_H4
2024-03-21 00:00:00,24.0,9.0,17.0,6.0,34.0,4.8,2400.0,56.0,36.0,0.84,0.7,28.6,25.9,0.43,0.6,0.0,0.0,1.5,1.5,28600.0,G15_59_H4
2024-03-22 00:00:00,26.0,14.0,18.0,5.0,38.0,5.2,2600.0,15.0,40.0,0.83,0.65,30.0,26.1,0.43,1.2,0.0,0.0,1.5,1.5,28600.0,G15_59_H4
2024-03-23 00:00:00,19.0,13.0,19.0,2.0,26.0,5.7,2850.0,15.0,52.0,0.88,0.67,28.3,26.4,0.44,0.49,0.0,0.0,1.5,1.5,28600.0,G15_59_H4
2024-03-24 00:00:00,17.0,10.0,20.0,2.0,24.0,5.85,2925.0,2.0,40.0,0.87,0.6,28.2,26.3,0.42,0.5,0.0,0.0,1.5,1.5,28600.0,G15_59_H4
2024-03-25 00:00:00,11.0,5.0,21.0,8.0,20.0,6.0,3000.0,1.0,40.0,0.87,0.7,28.5,25.7,0.34,0.38,0.0,0.0,1.5,1.5,28600.0,G15_59_H4
2024-03-26 00:00:00,15.0,8.0,22.0,5.0,30.0,6.4,3200.0,8.0,36.0,0.9,0.72,29.1,26.0,0.35,0.53,0.0,0.0,1.5,1.5,28600.0,G15_59_H4
2024-03-27 00:00:00,15.0,10.0,23.0,7.0,27.0,6.6,3300.0,1.0,40.0,0.89,0.78,28.8,25.9,0.36,0.4,0.0,0.0,1.5,1.5,28600.0,G15_59_H4
2024-03-28 00:00:00,20.0,11.0,24.0,6.0,25.0,7.0,3500.0,1.0,44.0,0.89,0.78,28.8,26.0,0.36,0.56,0.0,0.0,1.5,1.5,28600.0,G15_59_H4
2024-03-29 00:00:00,27.0,13.0,25.0,6.0,14.0,7.21,3605.0,0.0,52.0,0.88,0.68,31.0,25.7,0.38,1.08,0.0,0.0,1.5,2.0,28600.0,G15_59_H4
2024-03-30 00:00:00,28.0,11.0,26.0,10.0,31.0,7.9,3950.0,0.0,64.0,0.87,0.62,31.1,25.7,0.39,1.9,0.0,0.0,1.5,4.0,28600.0,G15_59_H4
2024-03-31 00:00:00,22.0,11.0,27.0,10.0,26.0,7.78,3890.0,0.0,76.0,0.87,0.62,27.8,24.4,0.37,0.9,0.0,0.0,1.7,2.0,28600.0,G15_59_H4
2024-04-01 00:00:00,27.0,15.0,28.0,11.0,20.0,8.03,4015.0,4.0,60.0,0.85,0.61,29.7,24.3,0.35,1.71,0.0,0.0,1.7,4.0,28600.0,G15_59_H4
2024-04-02 00:00:00,17.0,9.0,29.0,12.0,25.0,8.54,4270.0,0.0,56.0,0.88,0.79,27.8,25.6,0.57,0.65,0.0,0.0,1.7,1.7,28600.0,G15_59_H4
2024-04-03 00:00:00,16.0,5.0,30.0,9.0,28.0,8.6,4300.0,0.0,104.0,0.85,0.75,25.7,23.5,0.42,0.59,0.0,0.0,1.7,1.7,28600.0,G15_59_H4
2024-04-04 00:00:00,16.0,6.0,31.0,11.0,28.0,8.26,4130.0,11.0,64.0,0.88,0.63,26.0,22.7,0.4,0.68,0.0,0.0,1.7,1.7,28600.0,G15_59_H4
2024-04-05 00:00:00,18.0,9.0,32.0,16.0,25.0,7.94,3970.0,11.0,64.0,0.83,0.57,25.5,22.2,0.36,0.95,0.0,0.0,1.7,2.7,28600.0,G15_59_H4
2024-04-06 00:00:00,18.0,11.0,33.0,29.0,38.0,7.92,3960.0,7.0,132.0,0.83,0.57,25.3,22.3,0.38,0.95,0.0,0.0,1.7,2.7,28600.0,G15_59_H4
2024-04-07 00:00:00,18.0,11.0,34.0,41.0,49.0,7.69,3845.0,10.0,76.0,0.87,0.71,25.4,22.1,0.38,0.89,0.0,0.0,1.7,2.7,28600.0,G15_59_H4
2024-04-08 00:00:00,18.0,8.0,35.0,76.0,16.0,7.54,3770.0,10.0,80.0,0.88,0.65,25.3,22.2,0.37,0.91,0.0,0.0,1.7,3.0,28600.0,G15_59_H4
2024-04-09 00:00:00,23.0,11.0,36.0,139.0,0.0,7.57,3785.0,20.0,80.0,0.87,0.6,26.2,21.4,0.36,1.45,0.0,0.0,1.7,4.7,28600.0,G15_59_H4
2024-04-10 00:00:00,23.0,12.0,37.0,145.0,0.0,7.59,3795.0,7.0,116.0,0.87,0.6,26.6,21.2,0.43,1.95,0.0,0.0,1.7,6.7,28600.0,G15_59_H4
2024-03-05 00:00:00,7.0,0.0,1.0,18.0,2.0,0.6,300.0,506.0,40.0,0.46,0.4,34.9,32.4,0.5,0.5,0.0,0.0,1.0,1.0,23200.0,G15_59_H5
2024-03-06 00:00:00,11.0,0.0,2.0,15.0,2.0,0.8,400.0,446.0,52.0,0.59,0.49,34.3,32.2,0.45,0.45,0.0,0.0,1.0,1.0,23200.0,G15_59_H5
2024-03-07 00:00:00,14.0,1.0,3.0,6.0,6.0,0.96,480.0,183.0,48.0,0.56,0.48,33.7,31.6,0.45,0.45,0.0,0.0,1.0,1.0,23200.0,G15_59_H5
2024-03-08 00:00:00,12.0,2.0,4.0,13.0,3.0,1.06,530.0,159.0,52.0,0.6,0.49,33.1,30.9,0.44,0.5,0.0,0.0,1.0,1.0,23200.0,G15_59_H5
2024-03-09 00:00:00,12.0,2.0,5.0,6.0,1.0,1.24,620.0,169.0,48.0,0.6,0.5,32.5,30.3,0.44,0.49,0.0,0.0,1.0,1.0,23200.0,G15_59_H5
2024-03-10 00:00:00,16.0,5.0,6.0,5.0,1.0,1.4,700.0,163.0,52.0,0.62,0.5,31.8,29.7,0.44,0.48,0.0,0.0,1.0,1.0,23200.0,G15_59_H5
2024-03-11 00:00:00,16.0,3.0,7.0,10.0,5.0,1.6,800.0,122.0,52.0,0.65,0.49,31.4,29.3,0.44,0.49,0.0,0.0,1.0,1.0,23200.0,G15_59_H5
2024-03-12 00:00:00,15.0,5.0,8.0,6.0,0.0,1.75,875.0,109.0,48.0,0.68,0.54,30.9,28.9,0.44,0.49,0.0,0.0,1.0,1.0,23200.0,G15_59_H5
2024-03-13 00:00:00,16.0,7.0,9.0,20.0,132.0,2.0,1000.0,130.0,52.0,0.68,0.5,30.7,28.6,0.42,0.45,0.0,0.0,1.0,1.0,23200.0,G15_59_H5
2024-03-14 00:00:00,16.0,5.0,10.0,20.0,22.0,2.1,1050.0,117.0,40.0,0.76,0.55,30.5,28.2,0.42,0.45,0.0,0.0,1.0,1.0,23200.0,G15_59_H5
2024-03-15 00:00:00,19.0,8.0,11.0,8.0,2.0,2.29,1145.0,137.0,36.0,0.77,0.55,30.1,28.0,0.42,0.45,0.0,0.0,1.0,1.0,23200.0,G15_59_H5
2024-03-16 00:00:00,22.0,10.0,12.0,7.0,3.0,2.7,1350.0,88.0,28.0,0.83,0.61,30.9,27.8,0.42,0.53,0.0,0.0,1.0,1.0,23200.0,G15_59_H5
2024-03-17 00:00:00,12.0,5.0,13.0,8.0,15.0,3.0,1500.0,34.0,28.0,0.81,0.67,29.2,27.0,0.41,0.45,0.0,0.0,1.0,1.0,23200.0,G15_59_H5
2024-03-18 00:00:00,11.0,4.0,14.0,10.0,1.0,3.1,1550.0,128.0,32.0,0.77,0.53,29.2,26.9,0.4,0.43,0.0,0.0,1.0,1.5,23200.0,G15_59_H5
2024-03-19 00:00:00,17.0,3.0,15.0,8.0,4.0,3.4,1700.0,128.0,32.0,0.76,0.56,29.2,27.0,0.4,0.43,0.0,0.0,1.0,1.5,23200.0,G15_59_H5
2024-03-20 00:00:00,18.0,5.0,16.0,8.0,12.0,3.8,1900.0,58.0,72.0,0.78,0.56,29.4,26.8,0.4,0.48,0.0,0.0,1.4,1.4,23200.0,G15_59_H5
2024-03-21 00:00:00,24.0,9.0,17.0,10.0,6.0,3.9,1950.0,58.0,36.0,0.81,0.55,30.3,26.5,0.43,0.6,0.0,0.0,1.4,1.4,23200.0,G15_59_H5
2024-03-22 00:00:00,26.0,14.0,18.0,5.0,2.0,4.19,2095.0,15.0,32.0,0.74,0.52,31.8,26.5,0.43,1.2,0.0,0.0,1.4,1.4,23200.0,G15_59_H5
2024-03-23 00:00:00,19.0,13.0,19.0,4.0,3.0,4.5,2250.0,15.0,52.0,0.82,0.64,28.9,26.4,0.44,0.49,0.0,0.0,1.4,1.4,23200.0,G15_59_H5
2024-03-24 00:00:00,17.0,10.0,20.0,6.0,0.0,4.64,2320.0,3.0,36.0,0.81,0.71,29.3,26.5,0.42,0.5,0.0,0.0,1.4,1.4,23200.0,G15_59_H5
2024-03-25 00:00:00,11.0,5.0,21.0,9.0,6.0,4.95,2475.0,1.0,40.0,0.82,0.71,28.6,25.8,0.34,0.38,0.0,0.0,1.4,1.4,23200.0,G15_59_H5
2024-03-26 00:00:00,15.0,8.0,22.0,10.0,2.0,5.2,2600.0,8.0,40.0,0.81,0.64,29.6,26.2,0.35,0.53,0.0,0.0,1.4,1.4,23200.0,G15_59_H5
2024-03-27 00:00:00,15.0,10.0,23.0,7.0,3.0,5.29,2645.0,1.0,40.0,0.83,0.7,28.7,26.2,0.36,0.43,0.0,0.0,1.4,1.4,23200.0,G15_59_H5
2024-03-28 00:00:00,20.0,11.0,24.0,10.0,5.0,5.4,2700.0,1.0,44.0,0.83,0.7,28.5,26.6,0.38,0.61,0.0,0.0,1.4,1.4,23200.0,G15_59_H5
2024-03-29 00:00:00,27.0,13.0,25.0,7.0,4.0,6.0,3000.0,0.0,48.0,0.82,0.53,31.4,26.0,0.38,1.26,0.0,0.0,1.4,2.0,23200.0,G15_59_H5
2024-03-30 00:00:00,28.0,11.0,26.0,5.0,2.0,6.7,3850.0,0.0,76.0,0.81,0.55,31.3,26.0,0.38,1.86,0.0,0.0,1.4,3.5,23200.0,G15_59_H5
2024-03-31 00:00:00,22.0,11.0,27.0,8.0,0.0,7.0,3500.0,0.0,68.0,0.81,0.55,28.6,24.4,0.37,0.9,0.0,0.0,1.5,1.5,23200.0,G15_59_H5
2024-04-01 00:00:00,27.0,15.0,28.0,10.0,15.0,7.2,3600.0,4.0,64.0,0.79,0.52,30.1,24.4,0.34,1.71,0.0,0.0,1.5,4.0,23200.0,G15_59_H5
2024-04-02 00:00:00,17.0,9.0,29.0,15.0,46.0,7.36,3680.0,0.0,88.0,0.82,0.67,27.2,25.2,0.57,0.65,0.0,0.0,1.5,1.5,23200.0,G15_59_H5
2024-04-03 00:00:00,16.0,5.0,30.0,10.0,7.0,7.11,3555.0,0.0,68.0,0.79,0.7,26.4,23.5,0.45,0.62,0.0,0.0,1.5,1.5,23200.0,G15_59_H5
2024-04-04 00:00:00,16.0,6.0,31.0,15.0,32.0,6.86,3430.0,11.0,60.0,0.75,0.55,26.3,23.1,0.4,0.65,0.0,0.0,1.5,1.5,23200.0,G15_59_H5
2024-04-05 00:00:00,18.0,9.0,32.0,14.0,36.0,6.84,3420.0,11.0,60.0,0.75,0.51,25.8,21.9,0.35,0.7,0.0,0.0,1.5,2.0,23200.0,G15_59_H5
2024-04-06 00:00:00,18.0,11.0,33.0,28.0,6.0,6.93,3465.0,7.0,136.0,0.75,0.51,25.4,22.2,0.36,0.66,0.0,0.0,1.5,2.0,23200.0,G15_59_H5
2024-04-07 00:00:00,18.0,11.0,34.0,27.0,10.0,6.95,3475.0,10.0,68.0,0.78,0.6,25.5,22.0,0.39,0.97,0.0,0.0,1.5,3.0,23200.0,G15_59_H5
2024-04-08 00:00:00,18.0,8.0,35.0,48.0,0.0,6.79,3395.0,10.0,76.0,0.78,0.55,25.6,22.0,0.35,1.32,0.0,0.0,1.5,3.5,23200.0,G15_59_H5
2024-04-09 00:00:00,23.0,11.0,36.0,51.0,0.0,6.86,3430.0,20.0,80.0,0.76,0.55,26.2,21.3,0.37,1.45,0.0,0.0,1.5,4.5,23200.0,G15_59_H5
2024-04-10 00:00:00,23.0,12.0,37.0,55.0,0.0,7.0,3500.0,7.0,116.0,0.76,0.55,27.3,21.2,0.42,2.1,0.0,0.0,1.5,6.5,23200.0,G15_59_H5
2024-03-05 00:00:00,7.0,0.0,1.0,18.0,2.0,0.6,300.0,506.0,4.0,0.5,0.43,34.8,32.5,0.5,0.5,0.0,0.0,1.0,1.0,23300.0,G15_59_H6
2024-03-06 00:00:00,11.0,0.0,2.0,11.0,0.0,0.8,400.0,446.0,52.0,0.6,0.5,34.2,32.1,0.45,0.45,0.0,0.0,1.0,1.0,23300.0,G15_59_H6
2024-03-07 00:00:00,14.0,1.0,3.0,10.0,4.0,0.95,475.0,183.0,44.0,0.71,0.57,33.6,31.6,0.45,0.45,0.0,0.0,1.0,1.0,23300.0,G15_59_H6
2024-03-08 00:00:00,12.0,2.0,4.0,6.0,18.0,1.07,535.0,159.0,48.0,0.62,0.48,33.0,30.7,0.44,0.5,0.0,0.0,1.0,1.0,23300.0,G15_59_H6
2024-03-09 00:00:00,12.0,2.0,5.0,5.0,5.0,1.24,620.0,169.0,52.0,0.65,0.5,32.1,30.2,0.44,0.49,0.0,0.0,1.0,1.0,23300.0,G15_59_H6
2024-03-10 00:00:00,16.0,5.0,6.0,13.0,5.0,1.4,700.0,163.0,52.0,0.67,0.5,31.6,29.6,0.44,0.48,0.0,0.0,1.0,1.0,23300.0,G15_59_H6
2024-03-11 00:00:00,16.0,3.0,7.0,5.0,8.0,1.6,800.0,122.0,48.0,0.68,0.57,30.9,29.1,0.44,0.49,0.0,0.0,1.0,1.0,23300.0,G15_59_H6
2024-03-12 00:00:00,15.0,5.0,8.0,10.0,13.0,1.75,875.0,109.0,48.0,0.68,0.57,30.7,28.8,0.44,0.49,0.0,0.0,1.0,1.0,23300.0,G15_59_H6
2024-03-13 00:00:00,16.0,7.0,9.0,12.0,170.0,2.0,1000.0,130.0,48.0,0.69,0.53,30.5,28.5,0.42,0.45,0.0,0.0,1.0,1.0,23300.0,G15_59_H6
2024-03-14 00:00:00,16.0,5.0,10.0,10.0,15.0,2.1,1050.0,117.0,44.0,0.79,0.57,30.2,28.1,0.42,0.45,0.0,0.0,1.0,1.0,23300.0,G15_59_H6
2024-03-15 00:00:00,19.0,8.0,11.0,5.0,1.0,2.3,1150.0,137.0,32.0,0.79,0.57,29.8,27.8,0.42,0.45,0.0,0.0,1.0,1.0,23300.0,G15_59_H6
2024-03-16 00:00:00,22.0,10.0,12.0,7.0,1.0,2.7,1350.0,88.0,24.0,0.86,0.64,30.7,27.7,0.42,0.53,0.0,0.0,1.0,1.0,23300.0,G15_59_H6
2024-03-17 00:00:00,12.0,5.0,13.0,6.0,4.0,3.0,1500.0,34.0,28.0,0.79,0.66,29.4,27.2,0.41,0.45,0.0,0.0,1.0,1.0,23300.0,G15_59_H6
2024-03-18 00:00:00,11.0,4.0,14.0,8.0,2.0,3.26,1630.0,128.0,28.0,0.78,0.57,28.7,26.9,0.4,0.43,0.0,0.0,1.0,1.5,23300.0,G15_59_H6
2024-03-19 00:00:00,17.0,3.0,15.0,10.0,11.0,3.4,1700.0,128.0,28.0,0.75,0.59,28.9,26.8,0.4,0.43,0.0,0.0,1.0,1.5,23300.0,G15_59_H6
2024-03-20 00:00:00,18.0,5.0,16.0,10.0,15.0,3.8,1900.0,58.0,60.0,0.76,0.59,28.6,26.5,0.4,0.48,0.0,0.0,1.4,1.4,23300.0,G15_59_H6
2024-03-21 00:00:00,24.0,9.0,17.0,10.0,13.0,3.99,1995.0,58.0,32.0,0.82,0.55,29.3,26.2,0.43,0.6,0.0,0.0,1.4,1.4,23300.0,G15_59_H6
2024-03-22 00:00:00,26.0,14.0,18.0,10.0,18.0,4.1,2050.0,15.0,32.0,0.78,0.57,31.1,26.2,0.43,1.2,0.0,0.0,1.4,1.4,23300.0,G15_59_H6
2024-03-23 00:00:00,19.0,13.0,19.0,13.0,30.0,4.6,2300.0,15.0,44.0,0.87,0.65,28.9,26.4,0.44,0.49,0.0,0.0,1.4,1.4,23300.0,G15_59_H6
2024-03-24 00:00:00,17.0,10.0,20.0,10.0,5.0,4.67,2335.0,3.0,32.0,0.78,0.65,28.8,26.3,0.42,0.5,0.0,0.0,1.4,1.4,23300.0,G15_59_H6
2024-03-25 00:00:00,11.0,5.0,21.0,10.0,11.0,4.94,2470.0,1.0,40.0,0.8,0.7,28.5,25.7,0.34,0.38,0.0,0.0,1.4,1.4,23300.0,G15_59_H6
2024-03-26 00:00:00,15.0,8.0,22.0,9.0,4.0,5.09,2545.0,8.0,28.0,0.82,0.73,29.6,26.1,0.35,0.56,0.0,0.0,1.4,1.4,23300.0,G15_59_H6
2024-03-27 00:00:00,15.0,10.0,23.0,10.0,6.0,5.39,2695.0,1.0,36.0,0.85,0.75,28.8,26.0,0.6,0.43,0.0,0.0,1.4,1.4,23300.0,G15_59_H6
2024-03-28 00:00:00,20.0,11.0,24.0,10.0,5.0,5.8,2900.0,1.0,36.0,0.85,0.75,29.3,26.3,0.38,0.63,0.0,0.0,1.4,1.4,23300.0,G15_59_H6
2024-03-29 00:00:00,27.0,13.0,25.0,10.0,8.0,6.4,3200.0,0.0,44.0,0.81,0.55,30.9,26.0,0.38,1.26,0.0,0.0,1.4,2.0,23300.0,G15_59_H6
2024-03-30 00:00:00,28.0,11.0,26.0,10.0,7.0,6.7,3350.0,0.0,60.0,0.82,0.5,31.0,26.0,0.38,1.86,0.0,0.0,1.4,3.5,23300.0,G15_59_H6
2024-03-31 00:00:00,22.0,11.0,27.0,11.0,5.0,6.93,3465.0,0.0,76.0,0.82,0.5,28.4,24.7,0.37,0.9,0.0,0.0,1.5,1.5,23300.0,G15_59_H6
2024-04-01 00:00:00,27.0,15.0,28.0,8.0,20.0,6.89,3445.0,4.0,52.0,0.82,0.61,30.0,24.6,0.34,1.71,0.0,0.0,1.5,4.0,23300.0,G15_59_H6
2024-04-02 00:00:00,17.0,9.0,29.0,10.0,46.0,6.78,3390.0,0.0,88.0,0.83,0.72,27.5,25.4,0.57,0.65,0.0,0.0,1.5,1.5,23300.0,G15_59_H6
2024-04-03 00:00:00,16.0,5.0,30.0,15.0,74.0,6.5,3250.0,0.0,60.0,0.8,0.73,26.4,23.8,0.45,0.56,0.0,0.0,1.5,1.5,23300.0,G15_59_H6
2024-04-04 00:00:00,16.0,6.0,31.0,18.0,66.0,6.28,3140.0,11.0,52.0,0.77,0.55,25.9,23.2,0.4,0.65,0.0,0.0,1.5,1.5,23300.0,G15_59_H6
2024-04-05 00:00:00,18.0,9.0,32.0,27.0,80.0,6.25,3125.0,11.0,52.0,0.72,0.55,25.7,22.0,0.35,0.71,0.0,0.0,1.5,2.0,23300.0,G15_59_H6
2024-04-06 00:00:00,18.0,11.0,33.0,35.0,94.0,6.12,3060.0,7.0,116.0,0.72,0.55,25.5,22.4,0.36,0.67,0.0,0.0,1.5,2.0,23300.0,G15_59_H6
2024-04-07 00:00:00,18.0,11.0,34.0,41.0,37.0,6.0,3000.0,10.0,68.0,0.78,0.61,25.6,22.3,0.39,0.91,0.0,0.0,1.5,2.5,23300.0,G15_59_H6
2024-04-08 00:00:00,18.0,8.0,35.0,50.0,25.0,5.84,2920.0,10.0,68.0,0.8,0.62,25.2,22.3,0.36,1.15,0.0,0.0,1.5,3.0,23300.0,G15_59_H6
2024-04-09 00:00:00,23.0,11.0,36.0,118.0,0.0,5.78,2890.0,20.0,76.0,0.78,0.57,26.8,21.4,0.38,1.47,0.0,0.0,1.5,4.5,23300.0,G15_59_H6
2024-04-10 00:00:00,23.0,12.0,37.0,127.0,0.0,5.86,2930.0,7.0,104.0,0.78,0.57,26.8,21.5,0.41,2.05,0.0,0.0,1.5,6.0,23300.0,G15_59_H6
2024-03-05 00:00:00,7.0,0.0,0.0,0.0,0.0,,,,,,,,,,,,,,,23400.0,G15_59_H7
2024-03-06 00:00:00,11.0,0.0,1.0,16.0,1.0,0.61,305.0,446.0,40.0,0.64,0.54,35.0,32.8,0.5,0.5,0.0,0.0,1.0,1.0,23400.0,G15_59_H7
2024-03-07 00:00:00,14.0,1.0,2.0,6.0,8.0,0.8,400.0,183.0,40.0,0.66,0.56,35.1,32.3,0.47,0.47,0.0,0.0,1.0,1.0,23400.0,G15_59_H7
2024-03-08 00:00:00,12.0,2.0,3.0,7.0,13.0,0.98,490.0,159.0,44.0,0.71,0.55,34.6,31.5,0.43,0.47,0.0,0.0,1.0,1.0,23400.0,G15_59_H7
2024-03-09 00:00:00,12.0,2.0,4.0,9.0,14.0,1.08,540.0,169.0,48.0,0.73,0.6,33.6,31.0,0.43,0.47,0.0,0.0,1.0,1.0,23400.0,G15_59_H7
2024-03-10 00:00:00,16.0,5.0,5.0,9.0,15.0,1.26,630.0,163.0,44.0,0.73,0.62,33.0,30.4,0.43,0.46,0.0,0.0,1.0,1.0,23400.0,G15_59_H7
2024-03-11 00:00:00,16.0,3.0,6.0,6.0,7.0,1.43,715.0,122.0,48.0,0.77,0.66,32.2,30.0,0.43,0.46,0.0,0.0,1.0,1.0,23400.0,G15_59_H7
2024-03-12 00:00:00,15.0,5.0,7.0,10.0,8.0,1.61,805.0,109.0,32.0,0.78,0.66,31.5,29.4,0.43,0.46,0.0,0.0,1.0,1.0,23400.0,G15_59_H7
2024-03-13 00:00:00,16.0,7.0,8.0,21.0,119.0,2.0,1000.0,130.0,60.0,0.79,0.66,31.3,29.1,0.41,0.44,0.0,0.0,1.0,1.0,23400.0,G15_59_H7
2024-03-14 00:00:00,16.0,5.0,9.0,20.0,13.0,2.06,1030.0,117.0,40.0,0.88,0.69,31.0,28.8,0.41,0.44,0.0,0.0,1.0,1.0,23400.0,G15_59_H7
2024-03-15 00:00:00,19.0,8.0,10.0,4.0,4.0,2.34,1170.0,137.0,48.0,0.89,0.7,30.6,28.7,0.41,0.44,0.0,0.0,1.0,1.0,23400.0,G15_59_H7
2024-03-16 00:00:00,22.0,10.0,11.0,8.0,4.0,2.6,1300.0,88.0,44.0,0.94,0.75,30.6,28.6,0.41,0.48,0.0,0.0,1.0,1.0,23400.0,G15_59_H7
2024-03-17 00:00:00,12.0,5.0,12.0,2.0,3.0,3.1,1550.0,34.0,24.0,0.9,0.81,30.2,27.5,0.41,0.45,0.0,0.0,1.0,1.0,23400.0,G15_59_H7
2024-03-18 00:00:00,11.0,4.0,13.0,11.0,12.0,3.25,1625.0,128.0,16.0,0.9,0.71,30.0,27.2,0.42,0.44,0.0,0.0,1.0,1.5,23400.0,G15_59_H7
2024-03-19 00:00:00,17.0,3.0,14.0,10.0,20.0,3.5,1750.0,128.0,16.0,0.89,0.71,29.4,26.8,0.42,0.44,0.0,0.0,1.0,1.5,23400.0,G15_59_H7
2024-03-20 00:00:00,18.0,5.0,15.0,8.0,9.0,3.8,1900.0,58.0,56.0,0.89,0.71,29.0,26.8,0.41,0.48,0.0,0.0,1.4,1.4,23400.0,G15_59_H7
2024-03-21 00:00:00,24.0,9.0,16.0,10.0,11.0,4.0,2000.0,58.0,28.0,0.89,0.7,29.6,26.5,0.42,0.58,0.0,0.0,1.4,1.4,23400.0,G15_59_H7
2024-03-22 00:00:00,26.0,14.0,17.0,9.0,7.0,4.27,2135.0,15.0,32.0,0.89,0.67,31.2,26.3,0.42,1.08,0.0,0.0,1.4,1.4,23400.0,G15_59_H7
2024-03-23 00:00:00,19.0,13.0,18.0,10.0,18.0,4.6,2300.0,15.0,48.0,0.93,0.77,29.1,26.4,0.45,0.51,0.0,0.0,1.4,1.4,23400.0,G15_59_H7
2024-03-24 00:00:00,17.0,10.0,19.0,4.0,16.0,4.78,2390.0,3.0,28.0,0.91,0.84,29.0,26.8,0.43,0.51,0.0,0.0,1.4,1.4,23400.0,G15_59_H7
2024-03-25 00:00:00,11.0,5.0,20.0,3.0,4.0,5.0,2500.0,2.0,40.0,0.91,0.8,28.6,26.0,0.35,0.4,0.0,0.0,1.4,1.4,23400.0,G15_59_H7
2024-03-26 00:00:00,15.0,8.0,21.0,4.0,19.0,5.2,2600.0,8.0,44.0,0.9,0.79,29.8,26.0,0.35,0.59,0.0,0.0,1.4,1.4,23400.0,G15_59_H7
2024-03-27 00:00:00,15.0,10.0,22.0,5.0,8.0,5.23,2615.0,1.0,32.0,0.9,0.83,28.7,26.2,0.38,0.46,0.0,0.0,1.4,1.4,23400.0,G15_59_H7
2024-03-28 00:00:00,20.0,11.0,23.0,4.0,11.0,6.0,3000.0,1.0,32.0,0.9,0.83,29.0,26.2,0.38,0.63,0.0,0.0,1.4,1.4,23400.0,G15_59_H7
2024-03-29 00:00:00,27.0,13.0,24.0,7.0,10.0,5.92,2960.0,0.0,64.0,0.91,0.71,30.9,26.0,0.38,1.32,0.0,0.0,1.4,2.0,23400.0,G15_59_H7
2024-03-30 00:00:00,28.0,11.0,25.0,3.0,17.0,6.4,3200.0,0.0,68.0,0.89,0.5,31.2,26.0,0.38,2.1,0.0,0.0,1.4,3.5,23400.0,G15_59_H7
2024-03-31 00:00:00,22.0,11.0,26.0,10.0,76.0,6.51,3255.0,0.0,76.0,0.89,0.5,28.5,24.4,0.36,0.9,0.0,0.0,1.5,1.5,23400.0,G15_59_H7
2024-04-01 00:00:00,27.0,15.0,27.0,7.0,85.0,6.54,3270.0,4.0,52.0,0.88,0.63,30.1,24.6,0.35,2.17,0.0,0.0,1.5,4.0,23400.0,G15_59_H7
2024-04-02 00:00:00,17.0,9.0,28.0,12.0,158.0,6.8,3400.0,0.0,104.0,0.92,0.79,27.9,25.5,0.56,0.72,0.0,0.0,1.5,1.5,23400.0,G15_59_H7
2024-04-03 00:00:00,16.0,5.0,29.0,12.0,119.0,6.8,3400.0,0.0,56.0,0.89,0.83,26.8,24.0,0.45,0.56,0.0,0.0,1.5,1.5,23400.0,G15_59_H7
2024-04-04 00:00:00,16.0,6.0,30.0,10.0,49.0,6.78,3390.0,11.0,64.0,0.88,0.67,26.2,23.5,0.43,0.69,0.0,0.0,1.5,1.5,23400.0,G15_59_H7
2024-04-05 00:00:00,18.0,9.0,31.0,10.0,49.0,6.87,3435.0,11.0,64.0,0.81,0.59,25.8,22.1,0.36,0.92,0.0,0.0,1.5,2.0,23400.0,G15_59_H7
2024-04-06 00:00:00,18.0,11.0,32.0,17.0,28.0,6.78,3390.0,7.0,120.0,0.81,0.59,25.3,22.5,0.39,1.06,0.0,0.0,1.5,2.5,23400.0,G15_59_H7
2024-04-07 00:00:00,18.0,11.0,33.0,15.0,70.0,6.9,3450.0,10.0,92.0,0.89,0.74,25.1,22.0,0.39,1.02,0.0,0.0,1.5,2.5,23400.0,G15_59_H7
2024-04-08 00:00:00,18.0,8.0,34.0,42.0,9.0,7.3,3650.0,10.0,76.0,0.89,0.68,25.4,22.1,0.48,1.35,0.0,0.0,1.5,3.5,23400.0,G15_59_H7
2024-04-09 00:00:00,23.0,11.0,35.0,49.0,12.0,7.38,3690.0,20.0,96.0,0.9,0.68,26.1,21.2,0.36,1.89,0.0,0.0,1.5,5.0,23400.0,G15_59_H7
2024-04-10 00:00:00,23.0,12.0,36.0,78.0,8.0,7.8,3900.0,7.0,104.0,0.9,0.68,27.0,21.4,0.49,2.24,0.0,0.0,1.5,6.5,23400.0,G15_59_H7
2024-03-05 00:00:00,7.0,0.0,0.0,,,,0.0,,,,,,,,,,,,,23400.0,G15_59_H8
2024-03-06 00:00:00,11.0,0.0,1.0,10.0,0.0,0.61,305.0,446.0,40.0,0.56,0.45,35.5,32.7,0.5,0.5,0.0,0.0,1.0,1.0,23400.0,G15_59_H8
2024-03-07 00:00:00,14.0,1.0,2.0,8.0,8.0,0.795,398.0,183.0,48.0,0.57,0.5,34.3,32.5,0.47,0.47,0.0,0.0,1.0,1.0,23400.0,G15_59_H8
2024-03-08 00:00:00,12.0,2.0,3.0,6.0,21.0,0.99,495.0,159.0,44.0,0.62,0.5,33.7,31.5,0.43,0.47,0.0,0.0,1.0,1.0,23400.0,G15_59_H8
2024-03-09 00:00:00,12.0,2.0,4.0,11.0,22.0,1.08,540.0,169.0,48.0,0.62,0.53,33.2,31.0,0.43,0.47,0.0,0.0,1.0,1.0,23400.0,G15_59_H8
2024-03-10 00:00:00,16.0,5.0,5.0,7.0,16.0,1.26,630.0,163.0,52.0,0.62,0.54,32.7,30.3,0.43,0.46,0.0,0.0,1.0,1.0,23400.0,G15_59_H8
2024-03-11 00:00:00,16.0,3.0,6.0,5.0,9.0,1.43,715.0,122.0,44.0,0.69,0.58,32.0,29.9,0.43,0.46,0.0,0.0,1.0,1.0,23400.0,G15_59_H8
2024-03-12 00:00:00,15.0,5.0,7.0,4.0,4.0,1.64,820.0,109.0,56.0,0.69,0.58,31.6,29.1,0.43,0.46,0.0,0.0,1.0,1.0,23400.0,G15_59_H8
2024-03-13 00:00:00,16.0,7.0,8.0,25.0,114.0,2.0,1000.0,130.0,48.0,0.7,0.58,31.3,29.0,0.41,0.44,0.0,0.0,1.0,1.0,23400.0,G15_59_H8
2024-03-14 00:00:00,16.0,5.0,9.0,23.0,14.0,2.06,1030.0,117.0,24.0,0.78,0.59,30.9,28.7,0.41,0.44,0.0,0.0,1.0,1.0,23400.0,G15_59_H8
2024-03-15 00:00:00,19.0,8.0,10.0,6.0,12.0,2.28,1140.0,137.0,76.0,0.82,0.6,30.5,28.3,0.41,0.44,0.0,0.0,1.0,1.0,23400.0,G15_59_H8
2024-03-16 00:00:00,22.0,10.0,11.0,7.0,13.0,2.6,1300.0,88.0,48.0,0.9,0.68,30.4,28.1,0.41,0.48,0.0,0.0,1.0,1.0,23400.0,G15_59_H8
2024-03-17 00:00:00,12.0,5.0,12.0,10.0,11.0,2.9,1450.0,34.0,28.0,0.85,0.74,29.8,27.8,0.41,0.45,0.0,0.0,1.0,1.0,23400.0,G15_59_H8
2024-03-18 00:00:00,11.0,4.0,13.0,10.0,37.0,3.1,1550.0,128.0,28.0,0.85,0.64,29.4,27.2,0.42,0.44,0.0,0.0,1.0,1.5,23400.0,G15_59_H8
2024-03-19 00:00:00,17.0,3.0,14.0,10.0,52.0,3.3,1650.0,128.0,28.0,0.85,0.67,29.2,26.8,0.42,0.44,0.0,0.0,1.0,1.5,23400.0,G15_59_H8
2024-03-20 00:00:00,18.0,5.0,15.0,10.0,13.0,3.6,1800.0,58.0,40.0,0.83,0.66,29.2,26.5,0.41,0.48,0.0,0.0,1.4,1.4,23400.0,G15_59_H8
2024-03-21 00:00:00,24.0,9.0,16.0,7.0,9.0,3.86,1930.0,58.0,32.0,0.88,0.65,29.9,26.3,0.42,0.58,0.0,0.0,1.4,1.4,23400.0,G15_59_H8
2024-03-22 00:00:00,26.0,14.0,17.0,10.0,16.0,4.0,2000.0,15.0,24.0,0.82,0.62,31.4,26.2,0.42,1.08,0.0,0.0,1.4,1.4,23400.0,G15_59_H8
2024-03-23 00:00:00,19.0,13.0,18.0,9.0,19.0,4.5,2250.0,15.0,56.0,0.88,0.72,28.9,26.6,0.45,0.51,0.0,0.0,1.4,1.4,23400.0,G15_59_H8
2024-03-24 00:00:00,17.0,10.0,19.0,5.0,12.0,4.6,2300.0,3.0,36.0,0.86,0.76,28.7,26.7,0.43,0.51,0.0,0.0,1.4,1.4,23400.0,G15_59_H8
2024-03-25 00:00:00,11.0,5.0,20.0,2.0,10.0,4.99,2495.0,2.0,36.0,0.86,0.77,28.7,26.1,0.35,0.4,0.0,0.0,1.4,1.4,23400.0,G15_59_H8
2024-03-26 00:00:00,15.0,8.0,21.0,1.0,5.0,5.2,2600.0,8.0,36.0,0.86,0.72,29.8,26.0,0.35,0.59,0.0,0.0,1.4,1.4,23400.0,G15_59_H8
2024-03-27 00:00:00,15.0,10.0,22.0,3.0,8.0,5.3,2650.0,1.0,32.0,0.88,0.77,28.6,25.9,0.38,0.46,0.0,0.0,1.4,1.4,23400.0,G15_59_H8
2024-03-28 00:00:00,20.0,11.0,23.0,5.0,12.0,6.15,3075.0,1.0,36.0,0.88,0.77,29.1,26.2,0.38,0.62,0.0,0.0,1.4,1.4,23400.0,G15_59_H8
2024-03-29 00:00:00,27.0,13.0,24.0,4.0,7.0,6.5,3250.0,0.0,48.0,0.88,0.68,30.7,26.0,0.38,1.32,0.0,0.0,1.4,2.0,23400.0,G15_59_H8
2024-03-30 00:00:00,28.0,11.0,25.0,2.0,15.0,6.8,3400.0,0.0,76.0,0.87,0.62,31.7,26.0,0.38,2.1,0.0,0.0,1.4,3.5,23400.0,G15_59_H8
2024-03-31 00:00:00,22.0,11.0,26.0,7.0,14.0,7.0,3500.0,0.0,40.0,0.87,0.62,28.2,24.5,0.36,0.9,0.0,0.0,1.5,1.5,23400.0,G15_59_H8
2024-04-01 00:00:00,27.0,15.0,27.0,6.0,13.0,7.3,3650.0,4.0,76.0,0.87,0.62,30.2,24.6,0.35,2.15,0.0,0.0,1.5,4.0,23400.0,G15_59_H8
2024-04-02 00:00:00,17.0,9.0,28.0,5.0,17.0,7.7,3850.0,0.0,76.0,0.89,0.77,27.3,25.5,0.56,0.72,0.0,0.0,1.5,1.5,23400.0,G15_59_H8
2024-04-03 00:00:00,16.0,5.0,29.0,9.0,32.0,7.5,3750.0,0.0,76.0,0.91,0.83,26.8,24.0,0.45,0.55,0.0,0.0,1.5,1.5,23400.0,G15_59_H8
2024-04-04 00:00:00,16.0,6.0,30.0,6.0,7.0,7.42,3710.0,11.0,68.0,0.85,0.62,26.5,23.2,0.43,0.69,0.0,0.0,1.5,1.5,23400.0,G15_59_H8
2024-04-05 00:00:00,18.0,9.0,31.0,10.0,29.0,7.32,3660.0,11.0,68.0,0.85,0.6,25.8,23.0,0.36,0.91,0.0,0.0,1.5,2.0,23400.0,G15_59_H8
2024-04-06 00:00:00,18.0,11.0,32.0,17.0,11.0,7.11,3555.0,7.0,60.0,0.85,0.6,25.5,22.5,0.39,1.07,0.0,0.0,1.5,2.5,23400.0,G15_59_H8
2024-04-07 00:00:00,18.0,11.0,33.0,15.0,14.0,7.2,3600.0,10.0,172.0,0.89,0.72,25.3,21.7,0.38,1.2,0.0,0.0,1.5,3.0,23400.0,G15_59_H8
2024-04-08 00:00:00,18.0,8.0,34.0,21.0,8.0,7.37,3685.0,10.0,92.0,0.87,0.66,25.3,22.1,0.48,1.35,0.0,0.0,1.5,3.5,23400.0,G15_59_H8
2024-04-09 00:00:00,23.0,11.0,35.0,39.0,3.0,7.67,3835.0,20.0,88.0,0.87,0.66,25.9,21.4,0.36,1.89,0.0,0.0,1.5,5.0,23400.0,G15_59_H8
2024-04-10 00:00:00,23.0,12.0,36.0,44.0,5.0,7.61,3805.0,7.0,116.0,0.87,0.66,27.0,21.5,0.46,2.24,0.0,0.0,1.5,6.5,23400.0,G15_59_H8
2024-03-05 00:00:00,7.0,0.0,0.0,,,,0.0,,,,,,,,,,,,,23500.0,G15_59_H9
2024-03-06 00:00:00,11.0,0.0,1.0,14.0,3.0,0.61,305.0,446.0,44.0,0.63,0.51,34.9,32.9,0.5,0.5,0.0,0.0,1.0,1.0,23500.0,G15_59_H9
2024-03-07 00:00:00,14.0,1.0,2.0,10.0,13.0,0.8,400.0,183.0,40.0,0.64,0.56,34.4,32.4,0.47,0.47,0.0,0.0,1.0,1.0,23500.0,G15_59_H9
2024-03-08 00:00:00,12.0,2.0,3.0,7.0,46.0,0.98,490.0,159.0,44.0,0.7,0.54,34.1,31.6,0.43,0.47,0.0,0.0,1.0,1.0,23500.0,G15_59_H9
2024-03-09 00:00:00,12.0,2.0,4.0,6.0,29.0,1.08,540.0,169.0,40.0,0.7,0.59,33.5,31.0,0.43,0.47,0.0,0.0,1.0,1.0,23500.0,G15_59_H9
2024-03-10 00:00:00,16.0,5.0,5.0,7.0,11.0,1.27,635.0,163.0,44.0,0.72,0.61,32.9,30.3,0.43,0.46,0.0,0.0,1.0,1.0,23500.0,G15_59_H9
2024-03-11 00:00:00,16.0,3.0,6.0,10.0,21.0,1.45,725.0,122.0,44.0,0.75,0.63,32.5,29.9,0.43,0.46,0.0,0.0,1.0,1.0,23500.0,G15_59_H9
2024-03-12 00:00:00,15.0,5.0,7.0,10.0,18.0,1.63,815.0,109.0,44.0,0.77,0.62,32.0,29.3,0.43,0.46,0.0,0.0,1.0,1.0,23500.0,G15_59_H9
2024-03-13 00:00:00,16.0,7.0,8.0,6.0,270.0,1.8,900.0,130.0,52.0,0.8,0.63,31.7,28.9,0.41,0.44,0.0,0.0,1.0,1.0,23500.0,G15_59_H9
2024-03-14 00:00:00,16.0,5.0,9.0,14.0,14.0,2.0,1000.0,117.0,36.0,0.89,0.66,31.4,28.5,0.41,0.44,0.0,0.0,1.0,1.0,23500.0,G15_59_H9
2024-03-15 00:00:00,19.0,8.0,10.0,10.0,7.0,2.21,1105.0,137.0,48.0,0.82,0.66,30.9,28.3,0.41,0.44,0.0,0.0,1.0,1.0,23500.0,G15_59_H9
2024-03-16 00:00:00,22.0,10.0,11.0,9.0,26.0,2.38,1190.0,88.0,28.0,0.87,0.71,31.8,28.3,0.41,0.48,0.0,0.0,1.0,1.0,23500.0,G15_59_H9
2024-03-17 00:00:00,12.0,5.0,12.0,7.0,24.0,2.8,1400.0,34.0,20.0,0.91,0.73,30.1,27.7,0.41,0.45,0.0,0.0,1.0,1.0,23500.0,G15_59_H9
2024-03-18 00:00:00,11.0,4.0,13.0,10.0,50.0,3.04,1520.0,128.0,28.0,0.83,0.64,29.9,27.1,0.42,0.44,0.0,0.0,1.0,1.5,23500.0,G15_59_H9
2024-03-19 00:00:00,17.0,3.0,14.0,6.0,74.0,3.3,1650.0,128.0,28.0,0.88,0.69,29.4,26.7,0.42,0.44,0.0,0.0,1.0,1.5,23500.0,G15_59_H9
2024-03-20 00:00:00,18.0,5.0,15.0,8.0,36.0,3.8,1900.0,58.0,60.0,0.85,0.68,30.1,26.7,0.41,0.48,0.0,0.0,1.4,1.4,23500.0,G15_59_H9
2024-03-21 00:00:00,24.0,9.0,16.0,9.0,35.0,3.99,1995.0,58.0,28.0,0.85,0.61,30.4,26.2,0.42,0.58,0.0,0.0,1.4,1.4,23500.0,G15_59_H9
2024-03-22 00:00:00,26.0,14.0,17.0,7.0,30.0,4.1,2050.0,15.0,28.0,0.86,0.63,31.6,26.2,0.42,1.08,0.0,0.0,1.4,1.4,23500.0,G15_59_H9
2024-03-23 00:00:00,19.0,13.0,18.0,6.0,40.0,4.5,2250.0,15.0,48.0,0.9,0.7,28.5,26.3,0.45,0.51,0.0,0.0,1.4,1.4,23500.0,G15_59_H9
2024-03-24 00:00:00,17.0,10.0,19.0,4.0,22.0,4.65,2325.0,3.0,32.0,0.92,0.84,28.9,26.3,0.43,0.51,0.0,0.0,1.4,1.4,23500.0,G15_59_H9
2024-03-25 00:00:00,11.0,5.0,20.0,7.0,24.0,4.91,2455.0,2.0,32.0,0.92,0.83,28.3,25.7,0.35,0.4,0.0,0.0,1.4,1.4,23500.0,G15_59_H9
2024-03-26 00:00:00,15.0,8.0,21.0,4.0,12.0,5.2,2600.0,8.0,36.0,0.9,0.77,29.5,25.8,0.35,0.59,0.0,0.0,1.4,1.4,23500.0,G15_59_H9
2024-03-27 00:00:00,15.0,10.0,22.0,5.0,10.0,5.47,2735.0,1.0,36.0,0.9,0.83,28.3,25.7,0.38,0.46,0.0,0.0,1.4,1.4,23500.0,G15_59_H9
2024-03-28 00:00:00,20.0,11.0,23.0,3.0,8.0,6.1,3050.0,1.0,36.0,0.9,0.83,28.9,26.0,0.38,0.63,0.0,0.0,1.4,1.4,23500.0,G15_59_H9
2024-03-29 00:00:00,27.0,13.0,24.0,4.0,10.0,6.4,3200.0,0.0,48.0,0.94,0.59,30.8,25.8,0.38,1.32,0.0,0.0,1.4,2.0,23500.0,G15_59_H9
2024-03-30 00:00:00,28.0,11.0,25.0,8.0,9.0,6.9,3450.0,0.0,64.0,0.87,0.6,31.6,25.8,0.38,2.1,0.0,0.0,1.4,3.5,23500.0,G15_59_H9
2024-03-31 00:00:00,22.0,11.0,26.0,3.0,10.0,6.96,3480.0,0.0,68.0,0.87,0.6,28.5,24.6,0.36,0.9,0.0,0.0,1.5,1.5,23500.0,G15_59_H9
2024-04-01 00:00:00,27.0,15.0,27.0,8.0,12.0,7.0,3500.0,4.0,52.0,0.88,0.63,30.0,24.5,0.35,2.18,0.0,0.0,1.5,4.0,23500.0,G15_59_H9
2024-04-02 00:00:00,17.0,9.0,28.0,7.0,50.0,7.3,3650.0,0.0,0.0,0.88,0.71,27.5,25.5,0.56,0.72,0.0,0.0,1.5,1.5,23500.0,G15_59_H9
2024-04-03 00:00:00,16.0,5.0,29.0,13.0,30.0,7.2,3600.0,0.0,112.0,0.88,0.81,26.7,23.9,0.45,0.55,0.0,0.0,1.5,1.5,23500.0,G15_59_H9
2024-04-04 00:00:00,16.0,6.0,30.0,18.0,37.0,7.2,3600.0,11.0,80.0,0.88,0.65,26.5,23.4,0.43,0.69,0.0,0.0,1.5,1.5,23500.0,G15_59_H9
2024-04-05 00:00:00,18.0,9.0,31.0,12.0,21.0,7.13,3565.0,11.0,80.0,0.85,0.61,25.8,22.4,0.36,0.92,0.0,0.0,1.5,2.0,23500.0,G15_59_H9
2024-04-06 00:00:00,18.0,11.0,32.0,15.0,21.0,7.3,3650.0,7.0,124.0,0.85,0.61,25.5,22.6,0.4,1.06,0.0,0.0,1.5,2.5,23500.0,G15_59_H9
2024-04-07 00:00:00,18.0,11.0,33.0,29.0,30.0,7.4,3700.0,10.0,72.0,0.9,0.74,25.2,21.9,0.39,1.2,0.0,0.0,1.5,3.0,23500.0,G15_59_H9
2024-04-08 00:00:00,18.0,8.0,34.0,60.0,15.0,7.47,3735.0,10.0,76.0,0.89,0.66,25.5,22.0,0.49,1.36,0.0,0.0,1.5,3.5,23500.0,G15_59_H9
2024-04-09 00:00:00,23.0,11.0,35.0,63.0,0.0,7.7,3850.0,20.0,84.0,0.9,0.66,25.9,21.5,0.37,1.9,0.0,0.0,1.5,5.0,23500.0,G15_59_H9
2024-04-10 00:00:00,23.0,12.0,36.0,74.0,0.0,8.0,4000.0,7.0,108.0,0.9,0.66,27.1,21.3,0.45,2.24,0.0,0.0,1.5,6.5,23500.0,G15_59_H9
2024-03-05 00:00:00,7.0,0.0,0.0,,,,0.0,,,,,,,,,,,,,23400.0,G15_59_H10
2024-03-06 00:00:00,11.0,0.0,1.0,20.0,3.0,0.61,305.0,446.0,44.0,0.59,0.42,35.2,32.7,0.5,0.5,0.0,0.0,1.0,1.0,23400.0,G15_59_H10
2024-03-07 00:00:00,14.0,1.0,2.0,18.0,32.0,0.8,400.0,183.0,32.0,0.62,0.5,34.5,32.5,0.47,0.47,0.0,0.0,1.0,1.0,23400.0,G15_59_H10
2024-03-08 00:00:00,12.0,2.0,3.0,11.0,60.0,0.99,495.0,159.0,36.0,0.67,0.48,34.1,31.5,0.43,0.47,0.0,0.0,1.0,1.0,23400.0,G15_59_H10
2024-03-09 00:00:00,12.0,2.0,4.0,8.0,50.0,1.08,540.0,169.0,44.0,0.69,0.53,33.4,31.0,0.43,0.47,0.0,0.0,1.0,1.0,23400.0,G15_59_H10
2024-03-10 00:00:00,16.0,5.0,5.0,10.0,28.0,1.26,630.0,163.0,28.0,0.72,0.56,33.0,30.3,0.43,0.46,0.0,0.0,1.0,1.0,23400.0,G15_59_H10
2024-03-11 00:00:00,16.0,3.0,6.0,10.0,9.0,1.43,715.0,122.0,36.0,0.73,0.6,32.4,29.9,0.43,0.46,0.0,0.0,1.0,1.0,23400.0,G15_59_H10
2024-03-12 00:00:00,15.0,5.0,7.0,7.0,25.0,1.61,805.0,109.0,40.0,0.75,0.57,31.7,29.3,0.43,0.46,0.0,0.0,1.0,1.0,23400.0,G15_59_H10
2024-03-13 00:00:00,16.0,7.0,8.0,12.0,270.0,1.8,900.0,130.0,44.0,0.74,0.61,31.4,29.1,0.41,0.44,0.0,0.0,1.0,1.0,23400.0,G15_59_H10
2024-03-14 00:00:00,16.0,5.0,9.0,13.0,13.0,2.0,1000.0,117.0,32.0,0.85,0.62,31.1,28.6,0.41,0.44,0.0,0.0,1.0,1.0,23400.0,G15_59_H10
2024-03-15 00:00:00,19.0,8.0,10.0,8.0,10.0,2.22,1110.0,137.0,36.0,0.84,0.63,30.7,28.3,0.41,0.44,0.0,0.0,1.0,1.0,23400.0,G15_59_H10
2024-03-16 00:00:00,22.0,10.0,11.0,6.0,20.0,2.3,1150.0,88.0,28.0,0.87,0.68,30.3,28.4,0.41,0.48,0.0,0.0,1.0,1.0,23400.0,G15_59_H10
2024-03-17 00:00:00,12.0,5.0,12.0,8.0,21.0,2.7,1350.0,34.0,20.0,0.85,0.7,30.1,27.4,0.41,0.45,0.0,0.0,1.0,1.0,23400.0,G15_59_H10
2024-03-18 00:00:00,11.0,4.0,13.0,6.0,30.0,3.02,1510.0,128.0,28.0,0.84,0.58,30.0,27.0,0.42,0.44,0.0,0.0,1.0,1.5,23400.0,G15_59_H10
2024-03-19 00:00:00,17.0,3.0,14.0,7.0,43.0,3.38,1690.0,128.0,28.0,0.84,0.62,29.4,26.7,0.42,0.44,0.0,0.0,1.0,1.5,23400.0,G15_59_H10
2024-03-20 00:00:00,18.0,5.0,15.0,10.0,27.0,3.8,1900.0,58.0,48.0,0.82,0.62,29.6,26.4,0.41,0.48,0.0,0.0,1.4,1.4,23400.0,G15_59_H10
2024-03-21 00:00:00,24.0,9.0,16.0,9.0,45.0,3.9,1950.0,58.0,24.0,0.86,0.58,29.3,26.2,0.42,0.58,0.0,0.0,1.4,1.4,23400.0,G15_59_H10
2024-03-22 00:00:00,26.0,14.0,17.0,6.0,29.0,4.0,2000.0,15.0,28.0,0.81,0.56,30.8,26.3,0.42,1.08,0.0,0.0,1.4,1.4,23400.0,G15_59_H10
2024-03-23 00:00:00,19.0,13.0,18.0,7.0,31.0,4.4,2200.0,15.0,36.0,0.86,0.7,28.7,26.5,0.45,0.51,0.0,0.0,1.4,1.4,23400.0,G15_59_H10
2024-03-24 00:00:00,17.0,10.0,19.0,4.0,23.0,4.37,2185.0,3.0,28.0,0.84,0.74,28.2,26.3,0.43,0.51,0.0,0.0,1.4,1.4,23400.0,G15_59_H10
2024-03-25 00:00:00,11.0,5.0,20.0,6.0,26.0,4.79,2395.0,2.0,28.0,0.85,0.76,28.2,25.7,0.35,0.4,0.0,0.0,1.4,1.4,23400.0,G15_59_H10
2024-03-26 00:00:00,15.0,8.0,21.0,5.0,20.0,5.6,2800.0,8.0,24.0,0.85,0.69,29.2,25.7,0.35,0.59,0.0,0.0,1.4,1.4,23400.0,G15_59_H10
2024-03-27 00:00:00,15.0,10.0,22.0,6.0,18.0,5.61,2805.0,1.0,32.0,0.86,0.76,28.2,25.6,0.38,0.46,0.0,0.0,1.4,1.4,23400.0,G15_59_H10
2024-03-28 00:00:00,20.0,11.0,23.0,7.0,11.0,6.1,3050.0,1.0,32.0,0.86,0.76,28.9,26.1,0.38,0.63,0.0,0.0,1.4,1.4,23400.0,G15_59_H10
2024-03-29 00:00:00,27.0,13.0,24.0,6.0,16.0,6.4,3200.0,0.0,40.0,0.85,0.62,30.7,25.6,0.38,1.32,0.0,0.0,1.4,2.0,23400.0,G15_59_H10
2024-03-30 00:00:00,28.0,11.0,25.0,8.0,10.0,6.8,3400.0,0.0,252.0,0.85,0.53,31.5,25.6,0.38,2.1,0.0,0.0,1.4,3.5,23400.0,G15_59_H10
2024-03-31 00:00:00,22.0,11.0,26.0,5.0,36.0,6.72,3360.0,0.0,40.0,0.85,0.53,28.2,24.4,0.36,0.9,0.0,0.0,1.5,1.5,23400.0,G15_59_H10
2024-04-01 00:00:00,27.0,15.0,27.0,10.0,105.0,6.66,3330.0,4.0,68.0,0.84,0.54,30.1,24.5,0.35,2.18,0.0,0.0,1.5,4.0,23400.0,G15_59_H10
2024-04-02 00:00:00,17.0,9.0,28.0,20.0,173.0,7.0,3500.0,0.0,80.0,0.86,0.69,27.9,25.6,0.57,0.72,0.0,0.0,1.5,1.5,23400.0,G15_59_H10
2024-04-03 00:00:00,16.0,5.0,29.0,20.0,250.0,6.9,3450.0,0.0,4.0,0.91,0.86,26.5,23.9,0.43,0.57,0.0,0.0,1.5,1.5,23400.0,G15_59_H10
2024-04-04 00:00:00,16.0,6.0,30.0,28.0,131.0,6.6,3300.0,11.0,8.0,0.84,0.58,26.2,23.1,0.44,0.7,0.0,0.0,1.5,1.5,23400.0,G15_59_H10
2024-04-05 00:00:00,18.0,9.0,31.0,25.0,65.0,6.65,3325.0,11.0,8.0,0.83,0.52,25.5,22.0,0.37,0.94,0.0,0.0,1.5,2.0,23400.0,G15_59_H10
2024-04-06 00:00:00,18.0,11.0,32.0,30.0,80.0,6.7,3350.0,7.0,68.0,0.83,0.52,25.1,22.2,0.41,0.9,0.0,0.0,1.5,2.0,23400.0,G15_59_H10
2024-04-07 00:00:00,18.0,11.0,33.0,60.0,34.0,6.8,3400.0,10.0,4.0,0.85,0.66,25.1,22.1,0.41,1.03,0.0,0.0,1.5,2.5,23400.0,G15_59_H10
2024-04-08 00:00:00,18.0,8.0,34.0,75.0,15.0,6.84,3420.0,10.0,56.0,0.85,0.6,25.1,21.9,0.4,1.37,0.0,0.0,1.5,3.5,23400.0,G15_59_H10
2024-04-09 00:00:00,23.0,11.0,35.0,90.0,0.0,7.3,3650.0,20.0,72.0,0.85,0.57,25.7,21.1,0.39,1.68,0.0,0.0,1.5,4.5,23400.0,G15_59_H10
2024-04-10 00:00:00,23.0,12.0,36.0,83.0,0.0,7.7,3850.0,7.0,92.0,0.85,0.57,26.8,21.2,0.44,2.12,0.0,0.0,1.5,6.0,23400.0,G15_59_H10
2024-03-05 00:00:00,7.0,0.0,0.0,,,,0.0,,,,,,,,,,,,,23400.0,G15_59_H11
2024-03-06 00:00:00,11.0,0.0,1.0,8.0,2.0,0.61,305.0,446.0,44.0,0.64,0.5,35.2,32.6,0.5,0.5,0.0,0.0,1.0,1.0,23400.0,G15_59_H11
2024-03-07 00:00:00,14.0,1.0,2.0,10.0,33.0,0.79,395.0,183.0,44.0,0.67,0.54,34.5,32.4,0.47,0.47,0.0,0.0,1.0,1.0,23400.0,G15_59_H11
2024-03-08 00:00:00,12.0,2.0,3.0,11.0,55.0,0.98,490.0,159.0,48.0,0.72,0.54,34.0,31.6,0.43,0.47,0.0,0.0,1.0,1.0,23400.0,G15_59_H11
2024-03-09 00:00:00,12.0,2.0,4.0,7.0,45.0,1.08,540.0,169.0,48.0,0.75,0.6,33.4,30.9,0.43,0.47,0.0,0.0,1.0,1.0,23400.0,G15_59_H11
2024-03-10 00:00:00,16.0,5.0,5.0,15.0,33.0,1.26,630.0,163.0,44.0,0.74,0.61,32.8,30.4,0.43,0.46,0.0,0.0,1.0,1.0,23400.0,G15_59_H11
2024-03-11 00:00:00,16.0,3.0,6.0,11.0,15.0,1.43,715.0,122.0,48.0,0.77,0.64,32.0,29.9,0.43,0.46,0.0,0.0,1.0,1.0,23400.0,G15_59_H11
2024-03-12 00:00:00,15.0,5.0,7.0,9.0,14.0,1.61,805.0,109.0,48.0,0.78,0.61,31.7,29.5,0.43,0.46,0.0,0.0,1.0,1.0,23400.0,G15_59_H11
2024-03-13 00:00:00,16.0,7.0,8.0,13.0,180.0,1.8,900.0,130.0,56.0,0.78,0.63,31.4,28.9,0.41,0.44,0.0,0.0,1.0,1.0,23400.0,G15_59_H11
2024-03-14 00:00:00,16.0,5.0,9.0,13.0,11.0,2.0,1000.0,117.0,36.0,0.8,0.65,31.2,28.8,0.41,0.44,0.0,0.0,1.0,1.0,23400.0,G15_59_H11
2024-03-15 00:00:00,19.0,8.0,10.0,7.0,8.0,2.23,1115.0,137.0,44.0,0.82,0.66,30.9,28.4,0.41,0.44,0.0,0.0,1.0,1.0,23400.0,G15_59_H11
2024-03-16 00:00:00,22.0,10.0,11.0,9.0,13.0,2.4,1200.0,88.0,36.0,0.85,0.72,31.2,28.2,0.41,0.48,0.0,0.0,1.0,1.0,23400.0,G15_59_H11
2024-03-17 00:00:00,12.0,5.0,12.0,6.0,18.0,3.0,1500.0,34.0,24.0,0.85,0.7,30.1,27.6,0.41,0.45,0.0,0.0,1.0,1.0,23400.0,G15_59_H11
2024-03-18 00:00:00,11.0,4.0,13.0,7.0,29.0,3.19,1595.0,128.0,28.0,0.81,0.63,29.8,27.1,0.42,0.44,0.0,0.0,1.0,1.5,23400.0,G15_59_H11
2024-03-19 00:00:00,17.0,3.0,14.0,6.0,41.0,3.49,1745.0,128.0,28.0,0.82,0.67,29.4,26.7,0.42,0.44,0.0,0.0,1.0,1.5,23400.0,G15_59_H11
2024-03-20 00:00:00,18.0,5.0,15.0,5.0,36.0,3.8,1900.0,58.0,60.0,0.83,0.67,30.0,26.5,0.41,0.48,0.0,0.0,1.4,1.4,23400.0,G15_59_H11
2024-03-21 00:00:00,24.0,9.0,16.0,10.0,50.0,4.0,2000.0,58.0,28.0,0.85,0.61,30.5,26.3,0.42,0.58,0.0,0.0,1.4,1.4,23400.0,G15_59_H11
2024-03-22 00:00:00,26.0,14.0,17.0,8.0,12.0,4.2,2100.0,15.0,32.0,0.84,0.61,31.6,26.1,0.42,1.08,0.0,0.0,1.4,1.4,23400.0,G15_59_H11
2024-03-23 00:00:00,19.0,13.0,18.0,7.0,22.0,4.5,2250.0,15.0,44.0,0.88,0.76,28.6,26.5,0.45,0.51,0.0,0.0,1.4,1.4,23400.0,G15_59_H11
2024-03-24 00:00:00,17.0,10.0,19.0,5.0,14.0,4.59,2295.0,3.0,32.0,0.88,0.6,28.5,26.4,0.43,0.51,0.0,0.0,1.4,1.4,23400.0,G15_59_H11
2024-03-25 00:00:00,11.0,5.0,20.0,4.0,30.0,4.85,2425.0,2.0,36.0,0.89,0.81,28.3,25.6,0.35,0.4,0.0,0.0,1.4,1.4,23400.0,G15_59_H11
2024-03-26 00:00:00,15.0,8.0,21.0,5.0,16.0,5.2,2600.0,8.0,32.0,0.89,0.78,29.3,25.6,0.35,0.59,0.0,0.0,1.4,1.4,23400.0,G15_59_H11
2024-03-27 00:00:00,15.0,10.0,22.0,6.0,26.0,5.36,2680.0,1.0,40.0,0.9,0.72,28.1,25.7,0.38,0.46,0.0,0.0,1.4,1.4,23400.0,G15_59_H11
2024-03-28 00:00:00,20.0,11.0,23.0,5.0,17.0,6.0,3000.0,1.0,36.0,0.9,0.72,28.8,26.1,0.38,0.65,0.0,0.0,1.4,1.4,23400.0,G15_59_H11
2024-03-29 00:00:00,27.0,13.0,24.0,6.0,18.0,6.2,3100.0,0.0,56.0,0.88,0.65,30.7,25.5,0.38,1.32,0.0,0.0,1.4,2.0,23400.0,G15_59_H11
2024-03-30 00:00:00,28.0,11.0,25.0,10.0,35.0,6.6,3350.0,0.0,64.0,0.87,0.59,31.8,25.5,0.36,2.11,0.0,0.0,1.4,3.5,23400.0,G15_59_H11
2024-03-31 00:00:00,22.0,11.0,26.0,15.0,71.0,6.6,3300.0,0.0,68.0,0.87,0.59,28.5,24.5,0.36,0.9,0.0,0.0,1.5,1.5,23400.0,G15_59_H11
2024-04-01 00:00:00,27.0,15.0,27.0,15.0,146.0,6.66,3330.0,5.0,60.0,0.88,0.63,30.4,24.5,0.35,2.18,0.0,0.0,1.5,4.0,23400.0,G15_59_H11
2024-04-02 00:00:00,17.0,9.0,28.0,10.0,137.0,7.0,3500.0,0.0,84.0,0.86,0.7,27.7,25.5,0.57,0.73,0.0,0.0,1.5,1.5,23400.0,G15_59_H11
2024-04-03 00:00:00,16.0,5.0,29.0,24.0,150.0,7.0,3500.0,0.0,60.0,0.85,0.79,26.1,23.7,0.43,0.57,0.0,0.0,1.5,1.5,23400.0,G15_59_H11
2024-04-04 00:00:00,16.0,6.0,30.0,33.0,75.0,6.5,3250.0,11.0,56.0,0.89,0.62,26.0,23.2,0.44,0.7,0.0,0.0,1.5,1.5,23400.0,G15_59_H11
2024-04-05 00:00:00,18.0,9.0,31.0,28.0,80.0,6.63,3315.0,11.0,56.0,0.89,0.61,25.8,22.0,0.37,0.94,0.0,0.0,1.5,2.0,23400.0,G15_59_H11
2024-04-06 00:00:00,18.0,11.0,32.0,40.0,110.0,6.66,3330.0,7.0,124.0,0.89,0.61,25.2,22.2,0.41,0.91,0.0,0.0,1.5,2.0,23400.0,G15_59_H11
2024-04-07 00:00:00,18.0,11.0,33.0,60.0,20.0,6.8,3400.0,11.0,76.0,0.85,0.74,25.1,22.0,0.4,1.03,0.0,0.0,1.5,2.5,23400.0,G15_59_H11
2024-04-08 00:00:00,18.0,8.0,34.0,80.0,40.0,7.0,3500.0,11.0,80.0,0.88,0.68,25.5,21.9,0.42,1.37,0.0,0.0,1.5,3.5,23400.0,G15_59_H11
2024-04-09 00:00:00,23.0,11.0,35.0,63.0,48.0,7.3,3650.0,22.0,84.0,0.89,0.61,26.4,21.3,0.38,2.01,0.0,0.0,1.5,5.5,23400.0,G15_59_H11
2024-04-10 00:00:00,23.0,12.0,36.0,69.0,0.0,7.59,3795.0,7.0,116.0,0.89,0.61,27.1,21.3,0.43,2.25,0.0,0.0,1.5,6.5,23400.0,G15_59_H11
2024-03-05 00:00:00,7.0,0.0,0.0,,,,0.0,,,,,,,,,,,,,24500.0,G15_59_H12
2024-03-06 00:00:00,11.0,0.0,1.0,15.0,7.0,0.65,325.0,446.0,44.0,0.67,0.51,35.4,32.5,0.5,0.5,0.0,0.0,1.0,1.0,24500.0,G15_59_H12
2024-03-07 00:00:00,14.0,1.0,2.0,19.0,10.0,0.8,400.0,183.0,44.0,0.7,0.59,34.8,32.3,0.47,0.47,0.0,0.0,1.0,1.0,24500.0,G15_59_H12
2024-03-08 00:00:00,12.0,2.0,3.0,14.0,60.0,1.03,515.0,159.0,52.0,0.75,0.57,34.1,31.6,0.43,0.47,0.0,0.0,1.0,1.0,24500.0,G15_59_H12
2024-03-09 00:00:00,12.0,2.0,4.0,10.0,66.0,1.12,560.0,169.0,48.0,0.77,0.62,33.4,30.9,0.43,0.47,0.0,0.0,1.0,1.0,24500.0,G15_59_H12
2024-03-10 00:00:00,16.0,5.0,5.0,16.0,45.0,1.31,655.0,163.0,44.0,0.8,0.64,32.8,30.1,0.43,0.46,0.0,0.0,1.0,1.0,24500.0,G15_59_H12
2024-03-11 00:00:00,16.0,3.0,6.0,12.0,30.0,1.5,750.0,122.0,52.0,0.82,0.64,32.1,29.7,0.43,0.46,0.0,0.0,1.0,1.0,24500.0,G15_59_H12
2024-03-12 00:00:00,15.0,5.0,7.0,15.0,25.0,1.7,850.0,109.0,48.0,0.85,0.64,31.7,29.2,0.43,0.46,0.0,0.0,1.0,1.0,24500.0,G15_59_H12
2024-03-13 00:00:00,16.0,7.0,8.0,10.0,253.0,1.88,940.0,130.0,56.0,0.84,0.65,31.0,28.8,0.41,0.44,0.0,0.0,1.0,1.0,24500.0,G15_59_H12
2024-03-14 00:00:00,16.0,5.0,9.0,19.0,3.0,2.1,1050.0,117.0,40.0,0.87,0.69,30.9,28.8,0.41,0.44,0.0,0.0,1.0,1.0,24500.0,G15_59_H12
2024-03-15 00:00:00,19.0,8.0,10.0,11.0,5.0,2.28,1140.0,137.0,28.0,0.88,0.69,30.5,28.2,0.41,0.44,0.0,0.0,1.0,1.0,24500.0,G15_59_H12
2024-03-16 00:00:00,22.0,10.0,11.0,10.0,14.0,2.8,1400.0,88.0,24.0,0.92,0.75,31.7,28.0,0.41,0.54,0.0,0.0,1.0,1.0,24500.0,G15_59_H12
2024-03-17 00:00:00,12.0,5.0,12.0,7.0,15.0,3.1,1550.0,34.0,24.0,0.93,0.72,29.9,27.3,0.4,0.45,0.0,0.0,1.0,1.0,24500.0,G15_59_H12
2024-03-18 00:00:00,11.0,4.0,13.0,6.0,26.0,3.4,1700.0,128.0,28.0,0.88,0.67,29.3,27.2,0.41,0.44,0.0,0.0,1.0,1.5,24500.0,G15_59_H12
2024-03-19 00:00:00,17.0,3.0,14.0,7.0,18.0,3.59,1795.0,128.0,28.0,0.9,0.69,29.6,26.7,0.41,0.44,0.0,0.0,1.0,1.5,24500.0,G15_59_H12
2024-03-20 00:00:00,18.0,5.0,15.0,10.0,33.0,3.9,1950.0,58.0,52.0,0.87,0.7,30.4,26.5,0.4,0.48,0.0,0.0,1.4,1.4,24500.0,G15_59_H12
2024-03-21 00:00:00,24.0,9.0,16.0,7.0,50.0,4.3,2150.0,58.0,28.0,0.87,0.61,30.8,26.1,0.41,0.6,0.0,0.0,1.4,1.4,24500.0,G15_59_H12
2024-03-22 00:00:00,26.0,14.0,17.0,4.0,20.0,4.6,2300.0,15.0,32.0,0.87,0.61,31.9,26.1,0.41,1.2,0.0,0.0,1.4,1.4,24500.0,G15_59_H12
2024-03-23 00:00:00,19.0,13.0,18.0,6.0,45.0,5.0,2500.0,15.0,44.0,0.92,0.77,29.0,26.6,0.42,0.53,0.0,0.0,1.4,1.4,24500.0,G15_59_H12
2024-03-24 00:00:00,17.0,10.0,19.0,7.0,28.0,5.0,2500.0,3.0,36.0,0.95,0.7,28.7,26.5,0.41,0.51,0.0,0.0,1.4,1.4,24500.0,G15_59_H12
2024-03-25 00:00:00,11.0,5.0,20.0,8.0,33.0,5.4,2700.0,2.0,36.0,0.93,0.8,28.5,25.8,0.35,0.38,0.0,0.0,1.4,1.4,24500.0,G15_59_H12
2024-03-26 00:00:00,15.0,8.0,21.0,6.0,31.0,5.8,2900.0,8.0,36.0,0.89,0.72,29.47,25.9,0.35,0.59,0.0,0.0,1.4,1.4,24500.0,G15_59_H12
2024-03-27 00:00:00,15.0,10.0,22.0,4.0,14.0,5.71,2855.0,1.0,32.0,0.89,0.7,28.7,25.6,0.38,0.44,0.0,0.0,1.4,1.4,24500.0,G15_59_H12
2024-03-28 00:00:00,20.0,11.0,23.0,6.0,30.0,6.4,3200.0,1.0,40.0,0.89,0.7,29.1,26.2,0.38,0.63,0.0,0.0,1.4,1.4,24500.0,G15_59_H12
2024-03-29 00:00:00,27.0,13.0,24.0,15.0,48.0,6.6,3300.0,0.0,56.0,0.87,0.64,31.7,25.5,0.38,1.58,0.0,0.0,1.4,2.5,24500.0,G15_59_H12
2024-03-30 00:00:00,28.0,11.0,25.0,20.0,71.0,7.1,3550.0,0.0,64.0,0.88,0.57,31.8,25.5,0.36,2.1,0.0,0.0,1.4,3.5,24500.0,G15_59_H12
2024-03-31 00:00:00,22.0,11.0,26.0,25.0,178.0,6.95,3475.0,0.0,72.0,0.88,0.57,28.6,24.6,0.36,0.9,0.0,0.0,1.5,1.5,24500.0,G15_59_H12
2024-04-01 00:00:00,27.0,15.0,27.0,35.0,238.0,6.8,3400.0,5.0,56.0,0.87,0.62,30.5,24.6,0.35,2.2,0.0,0.0,1.5,4.0,24500.0,G15_59_H12
2024-04-02 00:00:00,17.0,9.0,28.0,20.0,177.0,6.9,3450.0,0.0,96.0,0.87,0.65,27.6,25.5,0.55,0.75,0.0,0.0,1.5,1.5,24500.0,G15_59_H12
2024-04-03 00:00:00,16.0,5.0,29.0,25.0,65.0,6.7,3350.0,0.0,60.0,0.88,0.81,26.3,23.7,0.43,0.56,0.0,0.0,1.5,1.5,24500.0,G15_59_H12
2024-04-04 00:00:00,16.0,6.0,30.0,30.0,133.0,6.08,3040.0,11.0,84.0,0.89,0.66,25.9,23.0,0.44,0.7,0.0,0.0,1.5,1.5,24500.0,G15_59_H12
2024-04-05 00:00:00,18.0,9.0,31.0,12.0,70.0,6.17,3085.0,11.0,84.0,0.87,0.6,25.8,22.0,0.37,0.95,0.0,0.0,1.5,2.0,24500.0,G15_59_H12
2024-04-06 00:00:00,18.0,11.0,32.0,26.0,150.0,6.3,3150.0,7.0,100.0,0.87,0.6,25.5,22.5,0.39,0.9,0.0,0.0,1.5,2.0,24500.0,G15_59_H12
2024-04-07 00:00:00,18.0,11.0,33.0,40.0,37.0,6.1,3050.0,11.0,68.0,0.89,0.72,25.6,22.2,0.4,1.05,0.0,0.0,1.5,2.5,24500.0,G15_59_H12
2024-04-08 00:00:00,18.0,8.0,34.0,78.0,80.0,6.32,3160.0,11.0,68.0,0.9,0.67,25.3,22.3,0.38,1.2,0.0,0.0,1.5,3.0,24500.0,G15_59_H12
2024-04-09 00:00:00,23.0,11.0,35.0,80.0,80.0,6.48,3240.0,22.0,76.0,0.88,0.64,26.2,21.7,0.36,1.71,0.0,0.0,1.5,4.5,24500.0,G15_59_H12
2024-04-10 00:00:00,23.0,12.0,36.0,135.0,0.0,5.81,2905.0,7.0,108.0,0.88,0.64,26.9,21.6,0.4,2.18,0.0,0.0,1.5,6.0,24500.0,G15_59_H12
2024-03-05 00:00:00,7.0,0.0,0.0,,,,0.0,,,,,,,,,,,,,24500.0,G15_59_H13
2024-03-06 00:00:00,11.0,0.0,1.0,16.0,1.0,0.65,325.0,446.0,52.0,0.61,0.44,35.8,32.8,0.5,0.5,0.0,0.0,1.0,1.0,24500.0,G15_59_H13
2024-03-07 00:00:00,14.0,1.0,2.0,7.0,6.0,0.84,420.0,183.0,40.0,0.63,0.51,34.9,32.2,0.47,0.47,0.0,0.0,1.0,1.0,24500.0,G15_59_H13
2024-03-08 00:00:00,12.0,2.0,3.0,5.0,7.0,1.03,515.0,159.0,48.0,0.59,0.49,34.3,31.6,0.43,0.47,0.0,0.0,1.0,1.0,24500.0,G15_59_H13
2024-03-09 00:00:00,12.0,2.0,4.0,6.0,11.0,1.14,570.0,169.0,40.0,0.68,0.54,3.7,31.0,0.43,0.47,0.0,0.0,1.0,1.0,24500.0,G15_59_H13
2024-03-10 00:00:00,16.0,5.0,5.0,5.0,36.0,1.32,660.0,163.0,44.0,0.69,0.55,32.9,30.1,0.43,0.46,0.0,0.0,1.0,1.0,24500.0,G15_59_H13
2024-03-11 00:00:00,16.0,3.0,6.0,3.0,4.0,1.51,755.0,122.0,44.0,0.72,0.57,32.3,29.8,0.43,0.46,0.0,0.0,1.0,1.0,24500.0,G15_59_H13
2024-03-12 00:00:00,15.0,5.0,7.0,5.0,4.0,1.71,855.0,109.0,44.0,0.76,0.58,31.4,29.3,0.43,0.46,0.0,0.0,1.0,1.0,24500.0,G15_59_H13
2024-03-13 00:00:00,16.0,7.0,8.0,4.0,3.0,1.92,960.0,130.0,48.0,0.75,0.62,31.2,29.0,0.41,0.44,0.0,0.0,1.0,1.0,24500.0,G15_59_H13
2024-03-14 00:00:00,16.0,5.0,9.0,15.0,190.0,2.1,1050.0,117.0,36.0,0.77,0.66,31.2,28.8,0.41,0.44,0.0,0.0,1.0,1.0,24500.0,G15_59_H13
2024-03-15 00:00:00,19.0,8.0,10.0,15.0,19.0,2.2,1100.0,137.0,24.0,0.78,0.64,30.7,28.4,0.41,0.44,0.0,0.0,1.0,1.0,24500.0,G15_59_H13
2024-03-16 00:00:00,22.0,10.0,11.0,5.0,1.0,2.6,1300.0,88.0,24.0,0.78,0.59,31.4,28.3,0.41,0.54,0.0,0.0,1.0,1.0,24500.0,G15_59_H13
2024-03-17 00:00:00,12.0,5.0,12.0,4.0,3.0,3.0,1500.0,34.0,24.0,0.8,0.7,30.5,27.1,0.4,0.45,0.0,0.0,1.0,1.0,24500.0,G15_59_H13
2024-03-18 00:00:00,11.0,4.0,13.0,8.0,30.0,3.2,1600.0,128.0,28.0,0.8,0.64,29.8,26.9,0.41,0.44,0.0,0.0,1.0,1.5,24500.0,G15_59_H13
2024-03-19 00:00:00,17.0,3.0,14.0,6.0,26.0,3.3,1650.0,128.0,28.0,0.81,0.66,29.8,26.6,0.41,0.44,0.0,0.0,1.0,1.5,24500.0,G15_59_H13
2024-03-20 00:00:00,18.0,5.0,15.0,10.0,56.0,3.58,1790.0,58.0,60.0,0.81,0.65,29.8,26.4,0.4,0.49,0.0,0.0,1.4,1.4,24500.0,G15_59_H13
2024-03-21 00:00:00,24.0,9.0,16.0,10.0,62.0,3.99,1995.0,58.0,24.0,0.81,0.58,30.6,26.3,0.41,0.55,0.0,0.0,1.4,1.4,24500.0,G15_59_H13
2024-03-22 00:00:00,26.0,14.0,17.0,12.0,78.0,3.9,1950.0,15.0,32.0,0.8,0.55,31.9,26.5,0.41,0.96,0.0,0.0,1.4,1.4,24500.0,G15_59_H13
2024-03-23 00:00:00,19.0,13.0,18.0,12.0,120.0,4.18,2090.0,15.0,40.0,0.82,0.7,29.0,26.4,0.4,0.46,0.0,0.0,1.4,1.4,24500.0,G15_59_H13
2024-03-24 00:00:00,17.0,10.0,19.0,15.0,180.0,4.18,2090.0,3.0,28.0,0.82,0.74,28.7,26.4,0.39,0.45,0.0,0.0,1.4,1.4,24500.0,G15_59_H13
2024-03-25 00:00:00,11.0,5.0,20.0,20.0,210.0,4.17,2085.0,2.0,32.0,0.82,0.74,28.4,25.7,0.32,0.35,0.0,0.0,1.4,1.4,24500.0,G15_59_H13
2024-03-26 00:00:00,15.0,8.0,21.0,15.0,220.0,4.37,2185.0,8.0,24.0,0.82,0.7,29.0,25.8,0.32,0.45,0.0,0.0,1.4,1.4,24500.0,G15_59_H13
2024-03-27 00:00:00,15.0,10.0,22.0,20.0,210.0,4.54,2270.0,1.0,44.0,0.82,0.74,28.1,25.6,0.32,0.4,0.0,0.0,1.4,1.4,24500.0,G15_59_H13
2024-03-28 00:00:00,20.0,11.0,23.0,20.0,180.0,4.59,2295.0,1.0,32.0,0.82,0.74,28.6,25.6,0.32,0.48,0.0,0.0,1.4,1.4,24500.0,G15_59_H13
2024-03-29 00:00:00,27.0,13.0,24.0,25.0,190.0,4.96,2480.0,0.0,44.0,0.83,0.62,30.7,26.0,0.32,1.1,0.0,0.0,1.4,1.5,24500.0,G15_59_H13
2024-03-30 00:00:00,28.0,11.0,25.0,20.0,180.0,5.5,2750.0,0.0,52.0,0.83,0.54,31.2,26.0,0.32,2.2,0.0,0.0,1.4,3.0,24500.0,G15_59_H13
2024-03-31 00:00:00,22.0,11.0,26.0,28.0,280.0,5.7,2850.0,0.0,64.0,0.83,0.54,27.6,24.5,0.34,0.6,0.0,0.0,1.5,1.5,24500.0,G15_59_H13
2024-04-01 00:00:00,27.0,15.0,27.0,27.0,180.0,5.75,2875.0,5.0,44.0,0.81,0.56,30.0,24.1,0.37,1.7,0.0,0.0,1.5,3.0,24500.0,G15_59_H13
2024-04-02 00:00:00,17.0,9.0,28.0,36.0,183.0,6.0,3000.0,0.0,60.0,0.82,0.72,27.5,24.9,0.45,0.53,0.0,0.0,1.5,1.5,24500.0,G15_59_H13
2024-04-03 00:00:00,16.0,5.0,29.0,23.0,150.0,6.1,3050.0,0.0,56.0,0.85,0.74,25.7,22.9,0.4,0.4,0.0,0.0,1.5,1.5,24500.0,G15_59_H13
2024-04-04 00:00:00,16.0,6.0,30.0,25.0,61.0,6.55,3275.0,11.0,56.0,0.78,0.57,25.7,22.7,0.41,0.6,0.0,0.0,1.5,1.5,24500.0,G15_59_H13
2024-04-05 00:00:00,18.0,9.0,31.0,20.0,100.0,6.6,3300.0,11.0,56.0,0.77,0.52,25.4,22.0,0.36,0.76,0.0,0.0,1.5,1.5,24500.0,G15_59_H13
2024-04-06 00:00:00,18.0,11.0,32.0,20.0,135.0,6.66,3330.0,8.0,112.0,0.77,0.52,25.1,22.1,0.37,0.65,0.0,0.0,1.5,1.5,24500.0,G15_59_H13
2024-04-07 00:00:00,18.0,11.0,33.0,26.0,84.0,6.8,3400.0,11.0,60.0,0.82,0.65,25.4,21.8,0.37,0.95,0.0,0.0,1.5,2.0,24500.0,G15_59_H13
2024-04-08 00:00:00,18.0,8.0,34.0,36.0,52.0,7.0,3500.0,11.0,68.0,0.82,0.59,25.5,22.1,0.38,1.35,0.0,0.0,1.5,3.0,24500.0,G15_59_H13
2024-04-09 00:00:00,23.0,11.0,35.0,34.0,39.0,6.89,3445.0,22.0,72.0,0.82,0.6,26.3,20.9,0.35,1.7,0.0,0.0,1.5,4.5,24500.0,G15_59_H13
2024-04-10 00:00:00,23.0,12.0,36.0,36.0,64.0,7.0,3500.0,7.0,100.0,0.82,0.6,26.9,21.4,0.41,2.17,0.0,0.0,1.5,6.0,24500.0,G15_59_H13
2024-03-05 00:00:00,7.0,0.0,0.0,,,,0.0,,,,,,,,,,,,,24700.0,G15_59_H14
2024-03-06 00:00:00,11.0,0.0,1.0,17.0,0.0,0.64,320.0,446.0,48.0,0.62,0.48,34.7,32.8,0.5,0.5,0.0,0.0,1.0,1.0,24700.0,G15_59_H14
2024-03-07 00:00:00,14.0,1.0,2.0,6.0,4.0,0.84,420.0,183.0,60.0,0.63,0.53,34.3,32.5,0.47,0.47,0.0,0.0,1.0,1.0,24700.0,G15_59_H14
2024-03-08 00:00:00,12.0,2.0,3.0,7.0,6.0,1.04,520.0,159.0,32.0,0.59,0.53,33.9,31.4,0.43,0.47,0.0,0.0,1.0,1.0,24700.0,G15_59_H14
2024-03-09 00:00:00,12.0,2.0,4.0,8.0,25.0,1.14,570.0,169.0,28.0,0.72,0.58,33.8,30.8,0.43,0.47,0.0,0.0,1.0,1.0,24700.0,G15_59_H14
2024-03-10 00:00:00,16.0,5.0,5.0,3.0,32.0,1.33,665.0,163.0,36.0,0.72,0.62,32.9,30.4,0.43,0.46,0.0,0.0,1.0,1.0,24700.0,G15_59_H14
2024-03-11 00:00:00,16.0,3.0,6.0,4.0,6.0,1.51,755.0,122.0,44.0,0.78,0.65,32.0,29.7,0.43,0.46,0.0,0.0,1.0,1.0,24700.0,G15_59_H14
2024-03-12 00:00:00,15.0,5.0,7.0,3.0,6.0,1.71,855.0,109.0,44.0,0.79,0.65,31.5,29.3,0.43,0.46,0.0,0.0,1.0,1.0,24700.0,G15_59_H14
2024-03-13 00:00:00,16.0,7.0,8.0,3.0,5.0,1.92,960.0,130.0,40.0,0.79,0.69,31.2,28.9,0.41,0.44,0.0,0.0,1.0,1.0,24700.0,G15_59_H14
2024-03-14 00:00:00,16.0,5.0,9.0,10.0,149.0,2.1,1050.0,117.0,32.0,0.84,0.68,31.1,28.5,0.41,0.44,0.0,0.0,1.0,1.0,24700.0,G15_59_H14
2024-03-15 00:00:00,19.0,8.0,10.0,12.0,17.0,2.2,1100.0,137.0,24.0,0.84,0.66,30.7,28.2,0.41,0.44,0.0,0.0,1.0,1.0,24700.0,G15_59_H14
2024-03-16 00:00:00,22.0,10.0,11.0,3.0,2.0,2.7,1350.0,88.0,16.0,0.89,0.74,31.2,28.1,0.41,0.54,0.0,0.0,1.0,1.0,24700.0,G15_59_H14
2024-03-17 00:00:00,12.0,5.0,12.0,4.0,6.0,3.2,1600.0,34.0,20.0,0.89,0.77,29.7,27.6,0.4,0.45,0.0,0.0,1.0,1.0,24700.0,G15_59_H14
2024-03-18 00:00:00,11.0,4.0,13.0,6.0,13.0,3.4,1700.0,128.0,20.0,0.88,0.69,29.7,27.0,0.41,0.44,0.0,0.0,1.0,1.5,24700.0,G15_59_H14
2024-03-19 00:00:00,17.0,3.0,14.0,5.0,27.0,3.59,1795.0,128.0,20.0,0.87,0.73,29.7,26.7,0.41,0.44,0.0,0.0,1.0,1.5,24700.0,G15_59_H14
2024-03-20 00:00:00,18.0,5.0,15.0,10.0,24.0,4.0,2000.0,58.0,52.0,0.86,0.73,30.2,26.6,0.4,0.48,0.0,0.0,1.4,1.4,24700.0,G15_59_H14
2024-03-21 00:00:00,24.0,9.0,16.0,9.0,24.0,4.3,2150.0,58.0,16.0,0.89,0.67,30.8,26.2,0.41,0.6,0.0,0.0,1.4,1.4,24700.0,G15_59_H14
2024-03-22 00:00:00,26.0,14.0,17.0,7.0,23.0,4.5,2250.0,19.0,20.0,0.86,0.62,31.2,26.3,0.41,1.2,0.0,0.0,1.4,1.4,24700.0,G15_59_H14
2024-03-23 00:00:00,19.0,13.0,18.0,9.0,16.0,5.0,2500.0,19.0,40.0,0.87,0.76,29.9,26.7,0.42,0.53,0.0,0.0,1.4,1.4,24700.0,G15_59_H14
2024-03-24 00:00:00,17.0,10.0,19.0,3.0,24.0,5.0,2500.0,3.0,24.0,0.87,0.78,29.3,26.9,0.41,0.51,0.0,0.0,1.4,1.4,24700.0,G15_59_H14
2024-03-25 00:00:00,11.0,5.0,20.0,6.0,11.0,5.1,2550.0,2.0,20.0,0.88,0.79,28.6,26.0,0.36,0.39,0.0,0.0,1.4,1.4,24700.0,G15_59_H14
2024-03-26 00:00:00,15.0,8.0,21.0,3.0,18.0,5.29,2645.0,8.0,24.0,0.86,0.75,29.7,26.0,0.36,0.59,0.0,0.0,1.4,1.4,24700.0,G15_59_H14
2024-03-27 00:00:00,15.0,10.0,22.0,7.0,17.0,5.39,2695.0,2.0,60.0,0.87,0.79,28.9,25.9,0.36,0.44,0.0,0.0,1.4,1.4,24700.0,G15_59_H14
2024-03-28 00:00:00,20.0,11.0,23.0,6.0,22.0,5.7,2850.0,2.0,24.0,0.87,0.79,28.8,26.4,0.36,0.63,0.0,0.0,1.4,1.4,24700.0,G15_59_H14
2024-03-29 00:00:00,27.0,13.0,24.0,15.0,170.0,6.1,3050.0,0.0,28.0,0.86,0.61,31.1,25.9,0.36,1.58,0.0,0.0,1.4,2.0,24700.0,G15_59_H14
2024-03-30 00:00:00,28.0,11.0,25.0,20.0,182.0,6.4,3200.0,0.0,76.0,0.85,0.56,31.7,25.9,0.38,2.1,0.0,0.0,1.4,3.5,24700.0,G15_59_H14
2024-03-31 00:00:00,22.0,11.0,26.0,30.0,203.0,6.39,3195.0,0.0,52.0,0.85,0.56,28.6,24.9,0.36,0.9,0.0,0.0,1.5,1.5,24700.0,G15_59_H14
2024-04-01 00:00:00,27.0,15.0,27.0,13.0,189.0,6.56,3280.0,6.0,44.0,0.84,0.59,30.2,24.7,0.35,2.24,0.0,0.0,1.5,4.0,24700.0,G15_59_H14
2024-04-02 00:00:00,17.0,9.0,28.0,20.0,125.0,6.9,3450.0,0.0,88.0,0.85,0.76,27.1,25.1,0.57,2.24,0.0,0.0,1.5,1.5,24700.0,G15_59_H14
2024-04-03 00:00:00,16.0,5.0,29.0,30.0,89.0,6.95,3475.0,0.0,44.0,0.85,0.79,25.9,23.0,0.44,0.57,0.0,0.0,1.5,1.5,24700.0,G15_59_H14
2024-04-04 00:00:00,16.0,6.0,30.0,22.0,81.0,6.81,3405.0,11.0,52.0,0.82,0.61,25.8,22.7,0.45,0.68,0.0,0.0,1.5,1.5,24700.0,G15_59_H14
2024-04-05 00:00:00,18.0,9.0,31.0,32.0,121.0,7.0,3500.0,11.0,52.0,0.79,0.55,26.0,21.5,0.37,0.95,0.0,0.0,1.5,2.0,24700.0,G15_59_H14
2024-04-06 00:00:00,18.0,11.0,32.0,40.0,193.0,7.3,3650.0,8.0,104.0,0.79,0.55,25.9,22.0,0.39,0.92,0.0,0.0,1.5,2.0,24700.0,G15_59_H14
2024-04-07 00:00:00,18.0,11.0,33.0,25.0,75.0,7.5,3750.0,11.0,36.0,0.84,0.68,25.5,21.6,0.4,1.04,0.0,0.0,1.5,2.5,24700.0,G15_59_H14
2024-04-08 00:00:00,18.0,8.0,34.0,32.0,78.0,7.46,3730.0,11.0,44.0,0.84,0.63,25.3,21.8,0.4,1.36,0.0,0.0,1.5,3.5,24700.0,G15_59_H14
2024-04-09 00:00:00,23.0,11.0,35.0,46.0,39.0,7.19,3595.0,22.0,108.0,0.82,0.61,26.4,21.0,0.38,2.01,0.0,0.0,1.5,5.5,24700.0,G15_59_H14
2024-04-10 00:00:00,23.0,12.0,36.0,39.0,78.0,7.43,3715.0,7.0,108.0,0.82,0.61,27.0,21.1,0.42,2.25,0.0,0.0,1.5,6.5,24700.0,G15_59_H14
2024-03-05 00:00:00,7.0,0.0,0.0,,,,0.0,,,,,,,,,,,,,24700.0,G15_59_H15
2024-03-06 00:00:00,11.0,0.0,1.0,11.0,9.0,0.64,320.0,446.0,48.0,0.57,0.46,34.8,32.3,0.5,0.5,0.0,0.0,1.0,1.0,24700.0,G15_59_H15
2024-03-07 00:00:00,14.0,1.0,2.0,20.0,18.0,0.84,420.0,183.0,44.0,0.57,0.46,34.6,32.3,0.47,0.47,0.0,0.0,1.0,1.0,24700.0,G15_59_H15
2024-03-08 00:00:00,12.0,2.0,3.0,15.0,7.0,1.04,520.0,159.0,40.0,0.66,0.48,34.3,31.5,0.43,0.47,0.0,0.0,1.0,1.0,24700.0,G15_59_H15
2024-03-09 00:00:00,12.0,2.0,4.0,16.0,70.0,1.14,570.0,171.0,44.0,0.66,0.53,33.7,31.0,0.43,0.47,0.0,0.0,1.0,1.0,24700.0,G15_59_H15
2024-03-10 00:00:00,16.0,5.0,5.0,12.0,45.0,1.33,665.0,163.0,16.0,0.69,0.56,33.0,30.3,0.43,0.46,0.0,0.0,1.0,1.0,24700.0,G15_59_H15
2024-03-11 00:00:00,16.0,3.0,6.0,9.0,25.0,1.52,760.0,122.0,44.0,0.71,0.53,32.1,29.8,0.43,0.46,0.0,0.0,1.0,1.0,24700.0,G15_59_H15
2024-03-12 00:00:00,15.0,5.0,7.0,7.0,41.0,1.71,855.0,109.0,4.0,0.72,0.6,31.3,29.1,0.43,0.46,0.0,0.0,1.0,1.0,24700.0,G15_59_H15
2024-03-13 00:00:00,16.0,7.0,8.0,7.0,33.0,1.92,960.0,130.0,32.0,0.74,0.58,31.1,29.0,0.41,0.44,0.0,0.0,1.0,1.0,24700.0,G15_59_H15
2024-03-14 00:00:00,16.0,5.0,9.0,22.0,124.0,2.08,1040.0,117.0,48.0,0.82,0.61,31.0,28.4,0.41,0.44,0.0,0.0,1.0,1.0,24700.0,G15_59_H15
2024-03-15 00:00:00,19.0,8.0,10.0,19.0,7.0,2.2,1100.0,137.0,28.0,0.83,0.6,30.5,28.4,0.41,0.44,0.0,0.0,1.0,1.0,24700.0,G15_59_H15
2024-03-16 00:00:00,22.0,10.0,11.0,7.0,5.0,2.6,1300.0,88.0,28.0,0.89,0.68,30.5,28.3,0.41,0.54,0.0,0.0,1.0,1.0,24700.0,G15_59_H15
2024-03-17 00:00:00,12.0,5.0,12.0,3.0,11.0,3.2,1600.0,34.0,28.0,0.84,0.72,30.1,27.3,0.4,0.45,0.0,0.0,1.0,1.0,24700.0,G15_59_H15
2024-03-18 00:00:00,11.0,4.0,13.0,2.0,15.0,3.37,1685.0,128.0,28.0,0.85,0.61,29.8,26.9,0.41,0.44,0.0,0.0,1.0,1.5,24700.0,G15_59_H15
2024-03-19 00:00:00,17.0,3.0,14.0,2.0,18.0,3.65,1825.0,128.0,28.0,0.84,0.65,29.2,26.8,0.41,0.44,0.0,0.0,1.0,1.5,24700.0,G15_59_H15
2024-03-20 00:00:00,18.0,5.0,15.0,6.0,19.0,3.9,1950.0,58.0,60.0,0.85,0.65,29.5,26.5,0.4,0.48,0.0,0.0,1.4,1.4,24700.0,G15_59_H15
2024-03-21 00:00:00,24.0,9.0,16.0,8.0,21.0,4.3,2150.0,58.0,28.0,0.87,0.63,30.1,26.2,0.41,0.6,0.0,0.0,1.4,1.4,24700.0,G15_59_H15
2024-03-22 00:00:00,26.0,14.0,17.0,9.0,15.0,4.4,2200.0,15.0,36.0,0.81,0.56,31.3,26.4,0.41,1.2,0.0,0.0,1.4,1.4,24700.0,G15_59_H15
2024-03-23 00:00:00,19.0,13.0,18.0,6.0,22.0,5.0,2500.0,15.0,44.0,0.86,0.7,29.5,26.3,0.42,0.53,0.0,0.0,1.4,1.4,24700.0,G15_59_H15
2024-03-24 00:00:00,17.0,10.0,19.0,2.0,8.0,5.06,2530.0,3.0,36.0,0.83,0.75,29.1,26.8,0.41,0.51,0.0,0.0,1.4,1.4,24700.0,G15_59_H15
2024-03-25 00:00:00,11.0,5.0,20.0,3.0,11.0,5.4,2700.0,2.0,36.0,0.85,0.75,29.1,26.2,0.34,0.39,0.0,0.0,1.4,1.4,24700.0,G15_59_H15
2024-03-26 00:00:00,15.0,8.0,21.0,8.0,9.0,5.67,2835.0,8.0,36.0,0.84,0.7,29.8,26.5,0.34,0.59,0.0,0.0,1.4,1.4,24700.0,G15_59_H15
2024-03-27 00:00:00,15.0,10.0,22.0,7.0,13.0,6.0,3000.0,1.0,36.0,0.87,0.74,29.0,26.3,0.36,0.44,0.0,0.0,1.4,1.4,24700.0,G15_59_H15
2024-03-28 00:00:00,20.0,11.0,23.0,6.0,17.0,6.12,3060.0,1.0,40.0,0.87,0.74,29.1,26.5,0.36,0.63,0.0,0.0,1.4,1.4,24700.0,G15_59_H15
2024-03-29 00:00:00,27.0,13.0,24.0,15.0,37.0,6.6,3300.0,0.0,56.0,0.84,0.61,30.9,26.1,0.36,1.32,0.0,0.0,1.4,2.0,24700.0,G15_59_H15
2024-03-30 00:00:00,28.0,11.0,25.0,18.0,188.0,6.6,3300.0,0.0,72.0,0.83,0.52,31.4,26.1,0.38,2.1,0.0,0.0,1.4,3.5,24700.0,G15_59_H15
2024-03-31 00:00:00,22.0,11.0,26.0,25.0,240.0,6.67,3335.0,0.0,72.0,0.83,0.52,29.1,25.4,0.36,0.9,0.0,0.0,1.5,1.5,24700.0,G15_59_H15
2024-04-01 00:00:00,27.0,15.0,27.0,25.0,282.0,6.6,3300.0,4.0,56.0,0.83,0.53,30.3,24.4,0.35,2.25,0.0,0.0,1.5,4.0,24700.0,G15_59_H15
2024-04-02 00:00:00,17.0,9.0,28.0,25.0,215.0,6.8,3400.0,0.0,92.0,0.85,0.71,27.9,25.3,0.57,2.25,0.0,0.0,1.5,1.5,24700.0,G15_59_H15
2024-04-03 00:00:00,16.0,5.0,29.0,30.0,270.0,6.9,3450.0,0.0,64.0,0.85,0.76,26.8,23.9,0.44,0.57,0.0,0.0,1.5,1.5,24700.0,G15_59_H15
2024-04-04 00:00:00,16.0,6.0,30.0,28.0,71.0,6.86,3430.0,11.0,56.0,0.82,0.58,25.2,23.2,0.44,0.69,0.0,0.0,1.5,1.5,24700.0,G15_59_H15
2024-04-05 00:00:00,18.0,9.0,31.0,28.0,62.0,7.0,3500.0,11.0,56.0,0.81,0.52,25.7,22.2,0.37,0.95,0.0,0.0,1.5,2.0,24700.0,G15_59_H15
2024-04-06 00:00:00,18.0,11.0,32.0,38.0,62.0,7.4,3700.0,7.0,128.0,0.81,0.52,25.4,22.5,0.39,0.93,0.0,0.0,1.5,2.0,24700.0,G15_59_H15
2024-04-07 00:00:00,18.0,11.0,33.0,27.0,3.0,7.5,3750.0,11.0,60.0,0.84,0.64,25.2,22.1,0.41,1.05,0.0,0.0,1.5,2.5,24700.0,G15_59_H15
2024-04-08 00:00:00,18.0,8.0,34.0,30.0,26.0,7.8,3900.0,11.0,76.0,0.85,0.58,25.5,22.1,0.42,1.37,0.0,0.0,1.5,3.5,24700.0,G15_59_H15
2024-04-09 00:00:00,23.0,11.0,35.0,53.0,3.0,8.0,4000.0,20.0,80.0,0.84,0.56,26.0,21.3,0.36,1.97,0.0,0.0,1.5,5.0,24700.0,G15_59_H15
2024-04-10 00:00:00,23.0,12.0,36.0,84.0,0.0,8.0,4000.0,7.0,116.0,0.84,0.56,27.0,21.3,0.48,2.24,0.0,0.0,1.5,6.5,24700.0,G15_59_H15
2024-03-05 00:00:00,7.0,0.0,,,,,0.0,,,,,,,,,,,,,22800.0,G15_59_H16
2024-03-06 00:00:00,11.0,0.0,0.0,,,,0.0,,,,,,,,,,,,,22800.0,G15_59_H16
2024-03-07 00:00:00,14.0,1.0,1.0,6.0,17.0,0.56,280.0,185.0,40.0,0.52,0.41,36.0,33.8,0.5,0.5,0.0,0.0,1.0,1.0,22800.0,G15_59_H16
2024-03-08 00:00:00,12.0,2.0,2.0,7.0,68.0,0.76,380.0,159.0,4.0,0.58,0.46,35.4,33.4,0.47,0.47,0.0,0.0,1.0,1.0,22800.0,G15_59_H16
2024-03-09 00:00:00,12.0,2.0,3.0,9.0,75.0,0.94,470.0,173.0,76.0,0.61,0.5,34.9,32.4,0.43,0.47,0.0,0.0,1.0,1.0,22800.0,G15_59_H16
2024-03-10 00:00:00,16.0,5.0,4.0,11.0,70.0,1.03,515.0,163.0,36.0,0.67,0.54,34.1,31.7,0.43,0.46,0.0,0.0,1.0,1.0,22800.0,G15_59_H16
2024-03-11 00:00:00,16.0,3.0,5.0,9.0,29.0,1.21,605.0,122.0,36.0,0.68,0.55,33.6,31.1,0.43,0.46,0.0,0.0,1.0,1.0,22800.0,G15_59_H16
2024-03-12 00:00:00,15.0,5.0,6.0,8.0,42.0,1.38,690.0,109.0,40.0,0.73,0.57,33.0,30.6,0.43,0.46,0.0,0.0,1.0,1.0,22800.0,G15_59_H16
2024-03-13 00:00:00,16.0,7.0,7.0,6.0,16.0,1.56,780.0,130.0,40.0,0.69,0.54,32.3,29.8,0.43,0.46,0.0,0.0,1.0,1.0,22800.0,G15_59_H16
2024-03-14 00:00:00,16.0,5.0,8.0,14.0,172.0,1.7,850.0,117.0,44.0,0.79,0.6,32.1,29.5,0.41,0.44,0.0,0.0,1.0,1.0,22800.0,G15_59_H16
2024-03-15 00:00:00,19.0,8.0,9.0,13.0,3.0,1.85,925.0,137.0,44.0,0.79,0.57,31.8,29.0,0.41,0.44,0.0,0.0,1.0,1.0,22800.0,G15_59_H16
2024-03-16 00:00:00,22.0,10.0,10.0,5.0,7.0,1.98,990.0,88.0,40.0,0.84,0.62,31.3,29.1,0.41,0.47,0.0,0.0,1.0,1.0,22800.0,G15_59_H16
2024-03-17 00:00:00,12.0,5.0,11.0,3.0,12.0,2.3,1150.0,34.0,24.0,0.82,0.68,31.1,28.2,0.4,0.45,0.0,0.0,1.0,1.0,22800.0,G15_59_H16
2024-03-18 00:00:00,11.0,4.0,12.0,4.0,9.0,2.6,1300.0,128.0,28.0,0.84,0.6,30.6,27.9,0.42,0.44,0.0,0.0,1.0,1.0,22800.0,G15_59_H16
2024-03-19 00:00:00,17.0,3.0,13.0,8.0,10.0,2.9,1450.0,128.0,28.0,0.82,0.65,30.4,28.0,0.42,0.44,0.0,0.0,1.0,1.0,22800.0,G15_59_H16
2024-03-20 00:00:00,18.0,5.0,14.0,3.0,14.0,3.2,1600.0,58.0,56.0,0.82,0.61,30.0,27.2,0.41,0.47,0.0,0.0,1.4,1.4,22800.0,G15_59_H16
2024-03-21 00:00:00,24.0,9.0,15.0,3.0,17.0,3.5,1750.0,58.0,24.0,0.85,0.66,29.7,26.9,0.42,0.58,0.0,0.0,1.4,1.4,22800.0,G15_59_H16
2024-03-22 00:00:00,26.0,14.0,16.0,9.0,15.0,3.7,1850.0,15.0,28.0,0.84,0.64,30.2,27.2,0.42,0.9,0.0,0.0,1.4,1.4,22800.0,G15_59_H16
2024-03-23 00:00:00,19.0,13.0,17.0,3.0,22.0,4.1,2050.0,15.0,32.0,0.87,0.73,29.3,27.2,0.43,0.51,0.0,0.0,1.4,1.4,22800.0,G15_59_H16
2024-03-24 00:00:00,17.0,10.0,18.0,5.0,27.0,4.2,2100.0,3.0,28.0,0.84,0.76,28.7,26.9,0.41,0.51,0.0,0.0,1.4,1.4,22800.0,G15_59_H16
2024-03-25 00:00:00,11.0,5.0,19.0,6.0,21.0,4.4,2200.0,2.0,24.0,0.85,0.75,28.9,26.5,0.35,0.4,0.0,0.0,1.4,1.4,22800.0,G15_59_H16
2024-03-26 00:00:00,15.0,8.0,20.0,3.0,13.0,4.7,2350.0,8.0,28.0,0.84,0.73,29.8,26.7,0.35,0.59,0.0,0.0,1.4,1.4,22800.0,G15_59_H16
2024-03-27 00:00:00,15.0,10.0,21.0,3.0,13.0,5.27,2635.0,1.0,0.0,0.86,0.77,29.1,26.4,0.35,0.44,0.0,0.0,1.4,1.4,22800.0,G15_59_H16
2024-03-28 00:00:00,20.0,11.0,22.0,2.0,11.0,5.4,2700.0,1.0,60.0,0.86,0.77,29.2,26.5,0.35,0.58,0.0,0.0,1.4,1.4,22800.0,G15_59_H16
2024-03-29 00:00:00,27.0,13.0,23.0,5.0,11.0,5.9,2950.0,0.0,40.0,0.85,0.7,30.2,26.0,0.35,1.42,0.0,0.0,1.4,2.0,22800.0,G15_59_H16
2024-03-30 00:00:00,28.0,11.0,24.0,6.0,11.0,6.1,3050.0,0.0,56.0,0.85,0.56,31.3,26.0,0.35,2.2,0.0,0.0,1.4,3.0,22800.0,G15_59_H16
2024-03-31 00:00:00,22.0,11.0,25.0,6.0,31.0,6.11,3055.0,0.0,60.0,0.85,0.56,28.2,25.0,0.36,0.75,0.0,0.0,1.5,1.5,22800.0,G15_59_H16
2024-04-01 00:00:00,27.0,15.0,26.0,8.0,40.0,6.16,3080.0,4.0,44.0,0.85,0.56,30.5,24.7,0.35,1.87,0.0,0.0,1.5,3.0,22800.0,G15_59_H16
2024-04-02 00:00:00,17.0,9.0,27.0,6.0,49.0,6.5,3250.0,0.0,104.0,0.85,0.72,28.1,25.7,0.68,0.51,0.0,0.0,1.5,1.5,22800.0,G15_59_H16
2024-04-03 00:00:00,16.0,5.0,28.0,7.0,63.0,6.53,3265.0,0.0,52.0,0.85,0.77,26.6,24.0,0.46,0.55,0.0,0.0,1.5,1.5,22800.0,G15_59_H16
2024-04-04 00:00:00,16.0,6.0,29.0,12.0,38.0,6.75,3375.0,11.0,8.0,0.84,0.61,26.6,23.5,0.41,0.63,0.0,0.0,1.5,1.5,22800.0,G15_59_H16
2024-04-05 00:00:00,18.0,9.0,30.0,12.0,38.0,7.0,3500.0,11.0,8.0,0.83,0.55,26.1,23.0,0.35,0.98,0.0,0.0,1.5,2.0,22800.0,G15_59_H16
2024-04-06 00:00:00,18.0,11.0,31.0,11.0,34.0,7.3,3650.0,7.0,104.0,0.83,0.55,25.9,23.0,0.39,0.93,0.0,0.0,1.5,2.0,22800.0,G15_59_H16
2024-04-07 00:00:00,18.0,11.0,32.0,17.0,4.0,7.5,3750.0,11.0,100.0,0.85,0.65,25.7,22.6,0.38,1.09,0.0,0.0,1.5,2.5,22800.0,G15_59_H16
2024-04-08 00:00:00,18.0,8.0,33.0,26.0,3.0,7.7,3850.0,11.0,164.0,0.84,0.61,25.4,22.5,0.48,1.34,0.0,0.0,1.5,3.0,22800.0,G15_59_H16
2024-04-09 00:00:00,23.0,11.0,34.0,40.0,7.0,7.8,3900.0,20.0,36.0,0.85,0.57,26.2,21.8,0.37,1.8,0.0,0.0,1.5,4.5,22800.0,G15_59_H16
2024-04-10 00:00:00,23.0,12.0,35.0,52.0,0.0,7.9,3950.0,7.0,4.0,0.85,0.57,27.3,21.7,0.49,2.31,0.0,0.0,1.5,6.5,22800.0,G15_59_H16
2024-03-07 00:00:00,14.0,1.0,1.0,12.0,0.0,0.6,300.0,332.0,20.0,0.47,0.44,35.8,33.2,0.6,0.6,0.0,0.0,1.0,1.0,27600.0,G16_47_H1
2024-03-08 00:00:00,12.0,0.0,2.0,8.0,10.0,0.75,375.0,541.0,20.0,0.52,0.44,35.2,33.2,0.58,0.58,0.0,0.0,1.0,1.0,27600.0,G16_47_H1
2024-03-09 00:00:00,12.0,2.0,3.0,15.0,7.0,0.95,475.0,388.0,24.0,0.56,0.46,34.8,32.3,0.55,0.55,0.0,0.0,1.0,1.0,27600.0,G16_47_H1
2024-03-10 00:00:00,16.0,5.0,4.0,17.0,10.0,1.2,600.0,218.0,28.0,0.61,0.5,34.0,31.6,0.55,0.55,0.0,0.0,1.0,1.0,27600.0,G16_47_H1
2024-03-11 00:00:00,21.0,6.0,5.0,20.0,8.0,1.3,650.0,193.0,64.0,0.64,0.5,33.6,31.1,0.54,0.54,0.0,0.0,1.0,1.0,27600.0,G16_47_H1
2024-03-12 00:00:00,16.0,4.0,6.0,7.0,3.0,1.5,750.0,149.0,84.0,0.66,0.53,33.1,30.5,0.52,0.52,0.0,0.0,1.0,1.0,27600.0,G16_47_H1
2024-03-13 00:00:00,16.0,7.0,7.0,25.0,16.0,1.7,850.0,188.0,32.0,0.66,0.53,32.4,29.6,0.5,0.5,0.0,0.0,1.0,1.0,27600.0,G16_47_H1
2024-03-14 00:00:00,16.0,5.0,8.0,27.0,140.0,1.8,900.0,140.0,20.0,0.67,0.54,31.7,29.2,0.45,0.45,0.0,0.0,1.0,1.0,27600.0,G16_47_H1
2024-03-15 00:00:00,19.0,5.0,9.0,25.0,16.0,2.0,1000.0,163.0,40.0,0.67,0.59,31.4,28.8,0.44,0.44,0.0,0.0,1.0,1.0,27600.0,G16_47_H1
2024-03-16 00:00:00,22.0,10.0,10.0,5.0,6.0,2.3,1150.0,114.5,28.0,0.67,0.59,30.9,28.6,0.42,0.44,0.0,0.0,1.0,1.0,27600.0,G16_47_H1
2024-03-17 00:00:00,12.0,5.0,11.0,10.0,19.0,2.6,1300.0,65.0,40.0,0.67,0.61,30.6,28.4,0.4,0.43,0.0,0.0,1.0,1.0,27600.0,G16_47_H1
2024-03-18 00:00:00,11.0,4.0,12.0,18.0,29.0,2.9,1450.0,162.0,28.0,0.67,0.57,30.2,27.6,0.4,0.42,0.0,0.0,1.0,1.0,27600.0,G16_47_H1
2024-03-19 00:00:00,17.0,3.0,13.0,10.0,28.0,3.35,1675.0,140.0,36.0,0.67,0.57,30.0,27.2,0.4,0.42,0.0,0.0,1.0,1.0,27600.0,G16_47_H1
2024-03-20 00:00:00,18.0,5.0,14.0,6.0,19.0,3.7,1850.0,97.5,28.0,0.67,0.59,29.7,27.1,0.39,0.42,0.0,0.0,1.0,1.5,27600.0,G16_47_H1
2024-03-21 00:00:00,24.0,9.0,15.0,10.0,35.0,4.0,2000.0,86.5,20.0,0.67,0.58,29.7,26.9,0.39,0.5,0.0,0.0,1.5,1.5,27600.0,G16_47_H1
2024-03-22 00:00:00,26.0,14.0,16.0,6.0,31.0,4.4,2200.0,36.85,32.0,0.67,0.55,29.4,26.6,0.39,0.48,0.0,0.0,1.5,1.5,27600.0,G16_47_H1
2024-03-23 00:00:00,19.0,13.0,17.0,10.0,32.0,4.75,2375.0,8.3,28.0,0.67,0.57,30.7,26.8,0.37,0.8,0.0,0.0,1.5,1.5,27600.0,G16_47_H1
2024-03-24 00:00:00,17.0,10.0,18.0,18.0,34.0,5.05,2525.0,16.5,20.0,0.67,0.57,28.5,26.7,0.37,0.42,0.0,0.0,1.5,1.5,27600.0,G16_47_H1
2024-03-25 00:00:00,11.0,5.0,19.0,10.0,45.0,5.3,2650.0,17.25,20.0,0.67,0.6,28.4,26.6,0.37,0.42,0.0,0.0,1.5,1.5,27600.0,G16_47_H1
2024-03-26 00:00:00,15.0,8.0,20.0,6.0,29.0,5.4,2700.0,39.15,20.0,0.67,0.57,27.9,26.2,0.35,0.39,0.0,0.0,1.5,1.5,27600.0,G16_47_H1
2024-03-27 00:00:00,15.0,10.0,21.0,7.0,53.0,5.6,2800.0,14.6,20.0,0.67,0.6,28.1,26.2,0.35,0.4,0.0,0.0,1.5,1.5,27600.0,G16_47_H1
2024-03-28 00:00:00,20.0,11.0,22.0,8.0,40.0,5.85,2925.0,12.65,36.0,0.7,0.62,27.6,26.3,0.35,0.4,0.0,0.0,1.5,1.5,27600.0,G16_47_H1
2024-03-29 00:00:00,27.0,13.0,23.0,5.0,16.0,6.3,3150.0,2.3,32.0,0.8,0.65,28.3,26.2,0.35,0.45,0.0,0.0,1.5,1.5,27600.0,G16_47_H1
2024-03-30 00:00:00,28.0,18.0,24.0,18.0,20.0,6.7,3350.0,0.05,48.0,0.83,0.57,31.3,26.2,0.43,1.8,0.0,1.0,1.5,3.0,27600.0,G16_47_H1
2024-03-31 00:00:00,22.0,11.0,25.0,18.0,51.0,7.1,3550.0,3.7,40.0,0.76,0.57,27.9,25.4,0.37,0.92,0.0,0.0,1.5,2.0,27600.0,G16_47_H1
2024-04-01 00:00:00,27.0,15.0,26.0,7.0,69.0,7.4,3700.0,6.95,36.0,0.83,0.53,30.0,25.4,0.38,1.65,0.0,0.0,1.5,3.5,27600.0,G16_47_H1
2024-04-02 00:00:00,20.0,13.0,27.0,6.0,58.0,7.6,3800.0,0.0,64.0,0.84,0.67,27.7,26.1,0.46,0.6,0.0,0.0,1.5,1.5,27600.0,G16_47_H1
2024-04-03 00:00:00,17.0,9.0,28.0,7.0,50.0,7.9,3950.0,0.05,40.0,0.85,0.74,26.3,24.4,0.4,0.48,0.0,0.0,1.5,1.5,27600.0,G16_47_H1
2024-04-04 00:00:00,16.0,6.0,29.0,7.0,47.0,8.2,4100.0,1.15,68.0,0.8,0.55,26.5,23.9,0.38,0.52,0.0,0.0,1.5,1.5,27600.0,G16_47_H1
2024-04-05 00:00:00,18.0,9.0,30.0,6.0,35.0,8.5,4250.0,9.35,52.0,0.77,0.53,26.8,23.6,0.35,0.65,0.0,0.0,1.5,2.0,27600.0,G16_47_H1
2024-04-06 00:00:00,18.0,11.0,31.0,11.0,16.0,8.8,4400.0,0.6,76.0,0.76,0.58,26.5,23.8,0.37,0.75,0.0,1.0,1.5,2.0,27600.0,G16_47_H1
2024-04-07 00:00:00,17.0,12.0,32.0,15.0,13.0,9.1,4550.0,0.15,76.0,0.83,0.63,25.7,23.5,0.37,0.8,0.0,0.0,1.5,2.5,27600.0,G16_47_H1
2024-04-08 00:00:00,18.0,8.0,33.0,17.0,21.0,9.15,4575.0,0.05,48.0,0.84,0.6,25.2,23.0,0.4,0.9,0.0,0.0,1.5,3.0,27600.0,G16_47_H1
2024-04-09 00:00:00,23.0,11.0,34.0,6.0,11.0,9.4,4700.0,0.05,48.0,0.82,0.55,26.5,22.3,0.4,1.0,0.0,0.0,1.5,4.5,27600.0,G16_47_H1
2024-04-10 00:00:00,23.0,12.0,35.0,13.0,17.0,9.6,4800.0,0.0,100.0,0.78,0.44,26.8,22.1,0.42,1.53,0.0,0.0,1.5,5.7,27600.0,G16_47_H1
2024-04-11 00:00:00,22.0,13.0,36.0,14.0,7.0,9.9,4950.0,0.0,64.0,0.79,0.61,25.2,22.2,0.51,1.3,0.0,0.0,2.0,5.0,27600.0,G16_47_H1
2024-04-12 00:00:00,23.0,14.0,37.0,14.0,6.0,10.0,5000.0,0.0,64.0,0.84,0.63,24.9,21.9,0.56,1.25,0.0,1.0,2.0,5.0,27600.0,G16_47_H1
2024-04-13 00:00:00,19.0,14.0,38.0,0.0,0.0,0.0,0.0,0.0,0.0,0.0,0.0,0.0,0.0,0.0,0.0,0.0,0.0,0.0,0.0,27600.0,G16_47_H1
2024-04-14 00:00:00,22.0,14.0,39.0,0.0,0.0,0.0,0.0,0.0,0.0,0.0,0.0,0.0,0.0,0.0,0.0,0.0,0.0,0.0,0.0,27600.0,G16_47_H1
2024-04-15 00:00:00,25.0,15.0,40.0,0.0,0.0,0.0,0.0,0.0,0.0,0.0,0.0,0.0,0.0,0.0,0.0,0.0,0.0,0.0,0.0,27600.0,G16_47_H1
2024-03-07 00:00:00,14.0,1.0,1.0,11.0,0.0,0.6,300.0,332.0,48.0,0.41,0.39,35.7,33.3,0.6,0.6,0.0,0.0,1.0,1.0,28100.0,G16_47_H2
2024-03-08 00:00:00,12.0,0.0,2.0,10.0,6.0,0.75,375.0,541.0,52.0,0.49,0.4,35.5,33.2,0.58,0.58,0.0,0.0,1.0,1.0,28100.0,G16_47_H2
2024-03-09 00:00:00,12.0,2.0,3.0,14.0,24.0,0.95,475.0,388.0,56.0,0.54,0.42,34.7,32.7,0.55,0.55,0.0,0.0,1.0,1.0,28100.0,G16_47_H2
2024-03-10 00:00:00,16.0,5.0,4.0,16.0,14.0,1.2,600.0,218.0,48.0,0.62,0.49,34.0,31.9,0.55,0.55,0.0,0.0,1.0,1.0,28100.0,G16_47_H2
2024-03-11 00:00:00,21.0,6.0,5.0,20.0,5.0,1.3,650.0,193.0,56.0,0.66,0.53,33.4,31.4,0.54,0.54,0.0,0.0,1.0,1.0,28100.0,G16_47_H2
2024-03-12 00:00:00,16.0,4.0,6.0,8.0,4.0,1.5,750.0,149.0,60.0,0.72,0.6,32.8,30.6,0.52,0.52,0.0,0.0,1.0,1.0,28100.0,G16_47_H2
2024-03-13 00:00:00,16.0,7.0,7.0,30.0,15.0,1.7,850.0,188.0,20.0,0.73,0.57,32.4,30.1,0.5,0.5,0.0,0.0,1.0,1.0,28100.0,G16_47_H2
2024-03-14 00:00:00,16.0,5.0,8.0,20.0,125.0,1.8,900.0,140.0,64.0,0.75,0.63,31.4,29.0,0.45,0.45,0.0,0.0,1.0,1.0,28100.0,G16_47_H2
2024-03-15 00:00:00,19.0,5.0,9.0,20.0,15.0,2.0,1000.0,163.0,40.0,0.8,0.66,31.0,29.1,0.44,0.44,0.0,0.0,1.0,1.0,28100.0,G16_47_H2
2024-03-16 00:00:00,22.0,10.0,10.0,8.0,5.0,2.3,1150.0,114.5,28.0,0.76,0.66,30.6,28.9,0.42,0.44,0.0,0.0,1.0,1.0,28100.0,G16_47_H2
2024-03-17 00:00:00,12.0,5.0,11.0,12.0,20.0,2.6,1300.0,65.0,40.0,0.79,0.68,30.3,28.8,0.4,0.43,0.0,0.0,1.0,1.0,28100.0,G16_47_H2
2024-03-18 00:00:00,11.0,4.0,12.0,20.0,25.0,2.9,1450.0,162.0,32.0,0.79,0.65,29.9,28.0,0.4,0.42,0.0,0.0,1.0,1.0,28100.0,G16_47_H2
2024-03-19 00:00:00,17.0,3.0,13.0,19.0,20.0,3.35,1675.0,140.0,36.0,0.77,0.64,29.6,27.6,0.4,0.42,0.0,0.0,1.0,1.0,28100.0,G16_47_H2
2024-03-20 00:00:00,18.0,5.0,14.0,8.0,23.0,3.7,1850.0,97.5,32.0,0.78,0.65,29.2,27.5,0.39,0.42,0.0,0.0,1.0,1.5,28100.0,G16_47_H2
2024-03-21 00:00:00,24.0,9.0,15.0,7.0,13.0,4.1,2050.0,86.5,20.0,0.77,0.63,29.1,27.3,0.39,0.5,0.0,0.0,1.5,1.5,28100.0,G16_47_H2
2024-03-22 00:00:00,26.0,14.0,16.0,18.0,32.0,4.5,2250.0,36.85,32.0,0.78,0.56,29.1,27.1,0.39,0.48,0.0,0.0,1.5,1.5,28100.0,G16_47_H2
2024-03-23 00:00:00,19.0,13.0,17.0,12.0,45.0,4.8,2400.0,8.3,32.0,0.76,0.59,30.3,27.5,0.37,0.8,0.0,0.0,1.5,1.5,28100.0,G16_47_H2
2024-03-24 00:00:00,17.0,10.0,18.0,8.0,72.0,5.2,2600.0,16.5,40.0,0.78,0.64,29.1,27.4,0.42,0.52,0.0,0.0,1.5,1.5,28100.0,G16_47_H2
2024-03-25 00:00:00,11.0,5.0,19.0,7.0,74.0,5.5,2750.0,17.25,36.0,0.77,0.69,29.1,27.3,0.4,0.5,0.0,0.0,1.5,1.5,28100.0,G16_47_H2
2024-03-26 00:00:00,15.0,8.0,20.0,6.0,68.0,5.6,2800.0,39.15,32.0,0.78,0.68,28.4,26.7,0.38,0.47,0.0,0.0,1.5,1.5,28100.0,G16_47_H2
2024-03-27 00:00:00,15.0,10.0,21.0,4.0,38.0,6.0,3000.0,14.6,44.0,0.78,0.66,28.7,26.8,0.38,0.55,0.0,0.0,1.5,1.5,28100.0,G16_47_H2
2024-03-28 00:00:00,20.0,11.0,22.0,5.0,36.0,6.3,3150.0,12.65,44.0,0.77,0.67,28.2,26.7,0.38,0.48,0.0,0.0,1.5,1.5,28100.0,G16_47_H2
2024-03-29 00:00:00,27.0,13.0,23.0,18.0,48.0,6.75,3375.0,2.3,48.0,0.76,0.69,28.4,26.8,0.4,0.55,0.0,0.0,1.5,1.5,28100.0,G16_47_H2
2024-03-30 00:00:00,28.0,18.0,24.0,20.0,55.0,7.2,3600.0,0.05,64.0,0.75,0.59,31.0,27.1,0.5,1.8,0.0,1.0,1.5,3.0,28100.0,G16_47_H2
2024-03-31 00:00:00,22.0,11.0,25.0,12.0,79.0,7.5,3750.0,3.7,48.0,0.68,0.56,28.0,25.9,0.43,0.92,0.0,0.0,1.5,2.0,28100.0,G16_47_H2
2024-04-01 00:00:00,27.0,15.0,26.0,8.0,131.0,7.8,3900.0,6.95,72.0,0.75,0.56,29.9,26.1,0.48,1.65,0.0,0.0,1.5,3.5,28100.0,G16_47_H2
2024-04-02 00:00:00,20.0,13.0,27.0,8.0,205.0,8.0,4000.0,0.0,96.0,0.79,0.66,28.2,26.5,0.6,0.9,0.0,0.0,1.5,2.0,28100.0,G16_47_H2
2024-04-03 00:00:00,17.0,9.0,28.0,8.0,240.0,8.2,4100.0,0.05,92.0,0.76,0.7,26.9,25.5,0.5,0.56,0.0,0.0,1.5,1.5,28100.0,G16_47_H2
2024-04-04 00:00:00,16.0,6.0,29.0,14.0,238.0,8.0,4000.0,1.15,88.0,0.72,0.54,26.7,25.0,0.45,0.55,0.0,0.0,1.5,1.5,28100.0,G16_47_H2
2024-04-05 00:00:00,18.0,9.0,30.0,14.0,228.0,8.15,4075.0,9.35,76.0,0.7,0.51,26.8,24.7,0.4,0.65,0.0,0.0,1.5,2.0,28100.0,G16_47_H2
2024-04-06 00:00:00,18.0,11.0,31.0,21.0,175.0,8.5,4250.0,0.6,96.0,0.71,0.56,26.7,24.9,0.42,0.75,0.0,1.0,1.5,2.0,28100.0,G16_47_H2
2024-04-07 00:00:00,17.0,12.0,32.0,34.0,250.0,8.6,4300.0,0.15,96.0,0.75,0.62,26.1,24.9,0.44,0.8,0.0,0.0,1.5,2.5,28100.0,G16_47_H2
2024-04-08 00:00:00,18.0,8.0,33.0,37.0,65.0,9.0,4500.0,0.05,92.0,0.76,0.6,25.5,23.9,0.45,0.9,0.0,0.0,1.5,3.0,28100.0,G16_47_H2
2024-04-09 00:00:00,23.0,11.0,34.0,14.0,23.0,9.4,4700.0,0.05,92.0,0.75,0.56,26.7,23.4,0.45,1.0,0.0,0.0,2.0,4.5,28100.0,G16_47_H2
2024-04-10 00:00:00,23.0,12.0,35.0,17.0,17.0,9.7,4850.0,0.0,120.0,0.72,0.44,27.0,23.0,0.55,1.6,0.0,0.0,2.0,6.0,28100.0,G16_47_H2
2024-04-11 00:00:00,22.0,13.0,36.0,22.0,0.0,9.9,4950.0,0.0,144.0,0.75,0.62,25.6,23.0,0.59,1.3,0.0,1.0,2.0,5.0,28100.0,G16_47_H2
2024-04-12 00:00:00,23.0,14.0,37.0,48.0,4.0,10.0,5000.0,0.0,144.0,0.82,0.64,25.7,22.9,0.75,1.5,0.0,0.0,3.0,6.0,28100.0,G16_47_H2
2024-04-13 00:00:00,19.0,14.0,38.0,0.0,0.0,0.0,0.0,0.0,0.0,0.0,0.0,0.0,0.0,0.0,0.0,0.0,0.0,0.0,0.0,28100.0,G16_47_H2
2024-04-14 00:00:00,22.0,14.0,39.0,0.0,0.0,0.0,0.0,0.0,0.0,0.0,0.0,0.0,0.0,0.0,0.0,0.0,0.0,0.0,0.0,28100.0,G16_47_H2
2024-04-15 00:00:00,25.0,15.0,40.0,0.0,0.0,0.0,0.0,0.0,0.0,0.0,0.0,0.0,0.0,0.0,0.0,0.0,0.0,0.0,0.0,28100.0,G16_47_H2
2024-03-07 00:00:00,14.0,1.0,1.0,20.0,5.0,0.7,350.0,332.0,40.0,0.55,0.53,35.9,32.7,0.6,0.6,0.0,0.0,1.0,1.0,28100.0,G16_47_H3
2024-03-08 00:00:00,12.0,0.0,2.0,19.0,9.0,0.9,450.0,541.0,40.0,0.61,0.53,35.4,32.5,0.58,0.58,0.0,0.0,1.0,1.0,28100.0,G16_47_H3
2024-03-09 00:00:00,12.0,2.0,3.0,15.0,5.0,1.1,550.0,388.0,44.0,0.62,0.53,34.3,32.0,0.55,0.55,0.0,0.0,1.0,1.0,28100.0,G16_47_H3
2024-03-10 00:00:00,16.0,5.0,4.0,20.0,15.0,1.2,600.0,218.0,40.0,0.66,0.59,33.7,31.4,0.55,0.55,0.0,0.0,1.0,1.0,28100.0,G16_47_H3
2024-03-11 00:00:00,21.0,6.0,5.0,14.0,10.0,1.4,700.0,193.0,36.0,0.69,0.58,33.2,30.7,0.54,0.54,0.0,0.0,1.0,1.0,28100.0,G16_47_H3
2024-03-12 00:00:00,16.0,4.0,6.0,6.0,10.0,1.6,800.0,149.0,40.0,0.7,0.59,32.8,30.1,0.52,0.52,0.0,0.0,1.0,1.0,28100.0,G16_47_H3
2024-03-13 00:00:00,16.0,7.0,7.0,14.0,10.0,1.8,900.0,188.0,36.0,0.7,0.55,32.2,29.0,0.5,0.5,0.0,0.0,1.0,1.0,28100.0,G16_47_H3
2024-03-14 00:00:00,16.0,5.0,8.0,35.0,190.0,2.0,1000.0,140.0,32.0,0.7,0.55,31.0,28.7,0.5,0.5,0.0,0.0,1.0,1.0,28100.0,G16_47_H3
2024-03-15 00:00:00,19.0,5.0,9.0,7.0,3.0,2.3,1150.0,163.0,28.0,0.74,0.58,30.8,28.1,0.49,0.49,0.0,0.0,1.0,1.0,28100.0,G16_47_H3
2024-03-16 00:00:00,22.0,10.0,10.0,6.0,5.0,2.6,1300.0,114.5,20.0,0.74,0.58,30.4,27.9,0.46,0.5,0.0,0.0,1.0,1.0,28100.0,G16_47_H3
2024-03-17 00:00:00,12.0,5.0,11.0,3.0,6.0,2.85,1425.0,65.0,20.0,0.78,0.6,30.3,27.8,0.45,0.49,0.0,0.0,1.0,1.0,28100.0,G16_47_H3
2024-03-18 00:00:00,11.0,4.0,12.0,8.0,13.0,3.1,1550.0,162.0,24.0,0.78,0.56,29.9,27.2,0.43,0.45,0.0,0.0,1.0,1.0,28100.0,G16_47_H3
2024-03-19 00:00:00,17.0,3.0,13.0,6.0,8.0,3.5,1750.0,140.0,28.0,0.76,0.55,29.8,26.8,0.42,0.45,0.0,0.0,1.0,1.0,28100.0,G16_47_H3
2024-03-20 00:00:00,18.0,5.0,14.0,5.0,13.0,4.0,2000.0,97.5,28.0,0.79,0.58,29.4,26.6,0.41,0.44,0.0,0.0,1.0,1.5,28100.0,G16_47_H3
2024-03-21 00:00:00,24.0,9.0,15.0,5.0,10.0,4.35,2175.0,86.5,24.0,0.79,0.59,29.4,26.4,0.41,0.55,0.0,0.0,1.5,1.5,28100.0,G16_47_H3
2024-03-22 00:00:00,26.0,14.0,16.0,9.0,28.0,4.8,2400.0,36.85,24.0,0.8,0.56,29.0,26.4,0.41,0.52,0.0,0.0,1.5,1.5,28100.0,G16_47_H3
2024-03-23 00:00:00,19.0,13.0,17.0,6.0,34.0,5.3,2650.0,8.3,28.0,0.77,0.57,30.8,26.4,0.4,1.0,0.0,0.0,1.5,1.5,28100.0,G16_47_H3
2024-03-24 00:00:00,17.0,10.0,18.0,5.0,17.0,5.6,2800.0,16.5,24.0,0.82,0.66,28.6,26.4,0.4,0.44,0.0,0.0,1.5,1.5,28100.0,G16_47_H3
2024-03-25 00:00:00,11.0,5.0,19.0,6.0,28.0,5.9,2950.0,17.25,20.0,0.81,0.7,28.3,26.4,0.39,0.45,0.0,0.0,1.5,1.5,28100.0,G16_47_H3
2024-03-26 00:00:00,15.0,8.0,20.0,7.0,28.0,6.05,3025.0,39.15,24.0,0.83,0.68,27.8,25.7,0.37,0.41,0.0,0.0,1.5,1.5,28100.0,G16_47_H3
2024-03-27 00:00:00,15.0,10.0,21.0,6.0,11.0,6.2,3100.0,14.6,28.0,0.83,0.66,28.1,25.6,0.37,0.46,0.0,0.0,1.5,1.5,28100.0,G16_47_H3
2024-03-28 00:00:00,20.0,11.0,22.0,5.0,15.0,6.6,3300.0,12.65,28.0,0.81,0.66,27.2,25.5,0.36,0.42,0.0,0.0,1.5,1.5,28100.0,G16_47_H3
2024-03-29 00:00:00,27.0,13.0,23.0,8.0,10.0,7.0,3500.0,2.3,32.0,0.81,0.7,28.0,25.6,0.38,0.5,0.0,0.0,1.5,1.5,28100.0,G16_47_H3
2024-03-30 00:00:00,28.0,18.0,24.0,16.0,24.0,7.4,3700.0,0.05,52.0,0.82,0.57,31.5,25.9,0.43,1.8,0.0,1.0,1.5,3.0,28100.0,G16_47_H3
2024-03-31 00:00:00,22.0,11.0,25.0,9.0,21.0,7.5,3750.0,3.7,48.0,0.73,0.6,27.8,25.0,0.37,0.92,0.0,0.0,1.5,2.0,28100.0,G16_47_H3
2024-04-01 00:00:00,27.0,15.0,26.0,15.0,77.0,7.8,3900.0,6.95,44.0,0.81,0.56,30.0,25.2,0.38,1.65,0.0,0.0,1.5,3.5,28100.0,G16_47_H3
2024-04-02 00:00:00,20.0,13.0,27.0,25.0,120.0,8.0,4000.0,0.0,64.0,0.84,0.66,27.7,26.0,0.49,0.6,0.0,0.0,1.5,1.5,28100.0,G16_47_H3
2024-04-03 00:00:00,17.0,9.0,28.0,25.0,135.0,7.9,3950.0,0.05,48.0,0.82,0.72,26.2,24.5,0.4,0.48,0.0,0.0,1.5,1.5,28100.0,G16_47_H3
2024-04-04 00:00:00,16.0,6.0,29.0,30.0,370.0,7.7,3850.0,1.15,44.0,0.79,0.59,26.2,23.9,0.38,0.48,0.0,0.0,1.5,1.5,28100.0,G16_47_H3
2024-04-05 00:00:00,18.0,9.0,30.0,48.0,400.0,7.8,3900.0,9.35,40.0,0.75,0.56,26.4,23.5,0.35,0.5,0.0,0.0,1.5,1.5,28100.0,G16_47_H3
2024-04-06 00:00:00,18.0,11.0,31.0,50.0,456.0,7.9,3950.0,0.6,44.0,0.75,0.61,26.4,23.9,0.36,0.65,0.0,0.0,1.5,2.0,28100.0,G16_47_H3
2024-04-07 00:00:00,17.0,12.0,32.0,70.0,380.0,7.9,3950.0,0.15,44.0,0.82,0.64,25.9,23.6,0.37,0.72,0.0,1.0,1.5,2.0,28100.0,G16_47_H3
2024-04-08 00:00:00,18.0,8.0,33.0,60.0,192.0,8.0,4000.0,0.05,44.0,0.82,0.62,25.3,22.9,0.37,0.75,0.0,0.0,1.5,2.5,28100.0,G16_47_H3
2024-04-09 00:00:00,23.0,11.0,34.0,85.0,180.0,8.4,4200.0,0.05,44.0,0.81,0.57,26.1,22.4,0.37,0.9,0.0,0.0,1.5,4.0,28100.0,G16_47_H3
2024-04-10 00:00:00,23.0,12.0,35.0,60.0,130.0,8.6,4300.0,0.0,72.0,0.75,0.5,26.7,22.1,0.38,1.53,0.0,0.0,1.5,5.7,28100.0,G16_47_H3
2024-04-11 00:00:00,22.0,13.0,36.0,95.0,45.0,8.6,4300.0,0.0,76.0,0.77,0.61,25.1,22.3,0.38,1.2,0.0,0.0,1.5,4.7,28100.0,G16_47_H3
2024-04-12 00:00:00,23.0,14.0,37.0,97.0,0.0,8.7,4350.0,0.0,76.0,0.85,0.63,25.0,22.0,0.56,1.25,0.0,1.0,2.0,5.0,28100.0,G16_47_H3
2024-04-13 00:00:00,19.0,14.0,38.0,0.0,0.0,0.0,0.0,0.0,0.0,0.0,0.0,0.0,0.0,0.0,0.0,0.0,0.0,0.0,0.0,28100.0,G16_47_H3
2024-04-14 00:00:00,22.0,14.0,39.0,0.0,0.0,0.0,0.0,0.0,0.0,0.0,0.0,0.0,0.0,0.0,0.0,0.0,0.0,0.0,0.0,28100.0,G16_47_H3
2024-04-15 00:00:00,25.0,15.0,40.0,0.0,0.0,0.0,0.0,0.0,0.0,0.0,0.0,0.0,0.0,0.0,0.0,0.0,0.0,0.0,0.0,28100.0,G16_47_H3
2024-03-07 00:00:00,14.0,1.0,1.0,10.0,5.0,0.6,300.0,332.0,48.0,0.43,0.39,35.8,33.4,0.6,0.6,0.0,0.0,1.0,1.0,28100.0,G16_47_H4
2024-03-08 00:00:00,12.0,0.0,2.0,16.0,4.0,0.75,375.0,541.0,52.0,0.5,0.41,35.5,33.2,0.58,0.58,0.0,0.0,1.0,1.0,28100.0,G16_47_H4
2024-03-09 00:00:00,12.0,2.0,3.0,10.0,7.0,0.95,475.0,388.0,60.0,0.54,0.43,34.8,32.5,0.55,0.55,0.0,0.0,1.0,1.0,28100.0,G16_47_H4
2024-03-10 00:00:00,16.0,5.0,4.0,10.0,15.0,1.2,600.0,218.0,56.0,0.62,0.49,34.0,31.8,0.55,0.55,0.0,0.0,1.0,1.0,28100.0,G16_47_H4
2024-03-11 00:00:00,21.0,6.0,5.0,24.0,20.0,1.3,650.0,193.0,48.0,0.66,0.54,33.1,31.1,0.54,0.54,0.0,0.0,1.0,1.0,28100.0,G16_47_H4
2024-03-12 00:00:00,16.0,4.0,6.0,8.0,4.0,1.5,750.0,149.0,52.0,0.7,0.58,32.8,30.6,0.52,0.52,0.0,0.0,1.0,1.0,28100.0,G16_47_H4
2024-03-13 00:00:00,16.0,7.0,7.0,10.0,9.0,1.7,850.0,188.0,52.0,0.71,0.57,31.9,29.6,0.5,0.5,0.0,0.0,1.0,1.0,28100.0,G16_47_H4
2024-03-14 00:00:00,16.0,5.0,8.0,25.0,190.0,1.8,900.0,140.0,40.0,0.72,0.64,31.3,29.4,0.45,0.45,0.0,0.0,1.0,1.0,28100.0,G16_47_H4
2024-03-15 00:00:00,19.0,5.0,9.0,10.0,2.0,2.0,1000.0,163.0,40.0,0.73,0.64,31.0,28.9,0.44,0.44,0.0,0.0,1.0,1.0,28100.0,G16_47_H4
2024-03-16 00:00:00,22.0,10.0,10.0,9.0,4.0,2.3,1150.0,114.5,28.0,0.72,0.63,30.5,28.8,0.42,0.44,0.0,0.0,1.0,1.0,28100.0,G16_47_H4
2024-03-17 00:00:00,12.0,5.0,11.0,7.0,5.0,2.6,1300.0,65.0,24.0,0.74,0.66,30.3,28.6,0.4,0.43,0.0,0.0,1.0,1.0,28100.0,G16_47_H4
2024-03-18 00:00:00,11.0,4.0,12.0,10.0,14.0,2.9,1450.0,162.0,32.0,0.73,0.6,30.0,27.9,0.4,0.42,0.0,0.0,1.0,1.0,28100.0,G16_47_H4
2024-03-19 00:00:00,17.0,3.0,13.0,14.0,20.0,3.35,1675.0,140.0,36.0,0.72,0.61,29.5,27.7,0.4,0.42,0.0,0.0,1.0,1.0,28100.0,G16_47_H4
2024-03-20 00:00:00,18.0,5.0,14.0,9.0,14.0,3.7,1850.0,97.5,32.0,0.74,0.64,29.3,27.5,0.39,0.42,0.0,0.0,1.0,1.5,28100.0,G16_47_H4
2024-03-21 00:00:00,24.0,9.0,15.0,8.0,31.0,4.0,2000.0,86.5,28.0,0.74,0.63,28.9,27.2,0.39,0.5,0.0,0.0,1.5,1.5,28100.0,G16_47_H4
2024-03-22 00:00:00,26.0,14.0,16.0,15.0,66.0,4.4,2200.0,36.85,32.0,0.73,0.56,29.0,27.1,0.39,0.48,0.0,0.0,1.5,1.5,28100.0,G16_47_H4
2024-03-23 00:00:00,19.0,13.0,17.0,10.0,48.0,4.8,2400.0,8.3,32.0,0.71,0.57,30.2,27.3,0.37,0.8,0.0,0.0,1.5,1.5,28100.0,G16_47_H4
2024-03-24 00:00:00,17.0,10.0,18.0,7.0,19.0,5.05,2525.0,16.5,36.0,0.72,0.61,29.1,27.5,0.42,0.52,0.0,0.0,1.5,1.5,28100.0,G16_47_H4
2024-03-25 00:00:00,11.0,5.0,19.0,9.0,28.0,5.4,2700.0,17.25,40.0,0.72,0.64,29.1,27.3,0.4,0.5,0.0,0.0,1.5,1.5,28100.0,G16_47_H4
2024-03-26 00:00:00,15.0,8.0,20.0,6.0,31.0,5.5,2750.0,39.15,40.0,0.73,0.63,28.2,26.7,0.38,0.47,0.0,0.0,1.5,1.5,28100.0,G16_47_H4
2024-03-27 00:00:00,15.0,10.0,21.0,8.0,39.0,5.7,2850.0,14.6,52.0,0.72,0.61,28.5,26.8,0.38,0.55,0.0,0.0,1.5,1.5,28100.0,G16_47_H4
2024-03-28 00:00:00,20.0,11.0,22.0,6.0,22.0,6.1,3050.0,12.65,44.0,0.72,0.61,28.0,26.7,0.38,0.48,0.0,0.0,1.5,1.5,28100.0,G16_47_H4
2024-03-29 00:00:00,27.0,13.0,23.0,7.0,40.0,6.5,3250.0,2.3,60.0,0.72,0.64,28.4,26.8,0.4,0.55,0.0,0.0,1.5,1.5,28100.0,G16_47_H4
2024-03-30 00:00:00,28.0,18.0,24.0,18.0,40.0,6.8,3400.0,0.05,88.0,0.7,0.56,31.0,27.0,0.5,1.8,0.0,1.0,1.5,3.0,28100.0,G16_47_H4
2024-03-31 00:00:00,22.0,11.0,25.0,8.0,118.0,7.0,3500.0,3.7,72.0,0.66,0.54,28.2,25.9,0.43,0.92,0.0,0.0,1.5,2.0,28100.0,G16_47_H4
2024-04-01 00:00:00,27.0,15.0,26.0,14.0,183.0,7.2,3600.0,6.95,84.0,0.69,0.52,30.0,26.3,0.48,1.65,0.0,0.0,1.5,3.5,28100.0,G16_47_H4
2024-04-02 00:00:00,20.0,13.0,27.0,10.0,238.0,7.6,3800.0,0.0,104.0,0.73,0.62,28.4,26.9,0.6,0.9,0.0,0.0,1.5,2.0,28100.0,G16_47_H4
2024-04-03 00:00:00,17.0,9.0,28.0,9.0,55.0,7.9,3950.0,0.05,80.0,0.72,0.66,26.9,25.6,0.5,0.56,0.0,0.0,1.5,1.5,28100.0,G16_47_H4
2024-04-04 00:00:00,16.0,6.0,29.0,15.0,75.0,8.0,4000.0,1.15,92.0,0.69,0.54,26.6,25.0,0.45,0.55,0.0,0.0,1.5,1.5,28100.0,G16_47_H4
2024-04-05 00:00:00,18.0,9.0,30.0,18.0,130.0,8.25,4125.0,9.35,76.0,0.67,0.52,26.8,24.7,0.4,0.65,0.0,0.0,1.5,2.0,28100.0,G16_47_H4
2024-04-06 00:00:00,18.0,11.0,31.0,15.0,35.0,8.5,4250.0,0.6,84.0,0.68,0.54,26.6,24.9,0.42,0.75,0.0,1.0,1.5,2.0,28100.0,G16_47_H4
2024-04-07 00:00:00,17.0,12.0,32.0,18.0,72.0,8.8,4400.0,0.15,84.0,0.71,0.58,26.3,24.8,0.44,0.8,0.0,0.0,1.5,2.5,28100.0,G16_47_H4
2024-04-08 00:00:00,18.0,8.0,33.0,15.0,37.0,8.8,4400.0,0.05,96.0,0.73,0.57,25.7,23.9,0.45,0.9,0.0,0.0,1.5,3.0,28100.0,G16_47_H4
2024-04-09 00:00:00,23.0,11.0,34.0,20.0,82.0,9.0,4500.0,0.05,96.0,0.71,0.54,26.6,23.4,0.45,1.0,0.0,0.0,2.0,4.5,28100.0,G16_47_H4
2024-04-10 00:00:00,23.0,12.0,35.0,30.0,39.0,9.1,4550.0,0.0,124.0,0.69,0.4,27.1,23.2,0.55,1.6,0.0,0.0,2.0,6.0,28100.0,G16_47_H4
2024-04-11 00:00:00,22.0,13.0,36.0,65.0,3.0,9.1,4550.0,0.0,144.0,0.7,0.59,25.8,23.1,0.59,1.3,0.0,1.0,2.0,5.0,28100.0,G16_47_H4
2024-04-12 00:00:00,23.0,14.0,37.0,67.0,10.0,9.3,4650.0,0.0,144.0,0.75,0.61,26.0,23.0,0.75,1.5,0.0,0.0,3.0,6.0,28100.0,G16_47_H4
2024-04-13 00:00:00,19.0,14.0,38.0,0.0,0.0,0.0,0.0,0.0,0.0,0.0,0.0,0.0,0.0,0.0,0.0,0.0,0.0,0.0,0.0,28100.0,G16_47_H4
2024-04-14 00:00:00,22.0,14.0,39.0,0.0,0.0,0.0,0.0,0.0,0.0,0.0,0.0,0.0,0.0,0.0,0.0,0.0,0.0,0.0,0.0,28100.0,G16_47_H4
2024-04-15 00:00:00,25.0,15.0,40.0,0.0,0.0,0.0,0.0,0.0,0.0,0.0,0.0,0.0,0.0,0.0,0.0,0.0,0.0,0.0,0.0,28100.0,G16_47_H4
2024-03-07 00:00:00,14.0,1.0,1.0,21.0,0.0,0.7,350.0,332.0,44.0,0.44,0.42,35.7,32.8,0.6,0.6,0.0,0.0,1.0,1.0,28200.0,G16_47_H5
2024-03-08 00:00:00,12.0,0.0,2.0,11.0,15.0,0.9,450.0,541.0,44.0,0.53,0.42,34.9,32.6,0.58,0.58,0.0,0.0,1.0,1.0,28200.0,G16_47_H5
2024-03-09 00:00:00,12.0,2.0,3.0,12.0,13.0,1.1,550.0,388.0,44.0,0.59,0.45,34.0,31.9,0.55,0.55,0.0,0.0,1.0,1.0,28200.0,G16_47_H5
2024-03-10 00:00:00,16.0,5.0,4.0,10.0,15.0,1.2,600.0,218.0,44.0,0.67,0.53,33.3,31.1,0.55,0.55,0.0,0.0,1.0,1.0,28200.0,G16_47_H5
2024-03-11 00:00:00,21.0,6.0,5.0,8.0,12.0,1.4,700.0,193.0,40.0,0.7,0.55,33.0,30.6,0.54,0.54,0.0,0.0,1.0,1.0,28200.0,G16_47_H5
2024-03-12 00:00:00,16.0,4.0,6.0,8.0,14.0,1.6,800.0,149.0,40.0,0.71,0.61,32.5,29.9,0.52,0.52,0.0,0.0,1.0,1.0,28200.0,G16_47_H5
2024-03-13 00:00:00,16.0,7.0,7.0,8.0,22.0,1.8,900.0,188.0,44.0,0.72,0.57,31.8,29.0,0.5,0.5,0.0,0.0,1.0,1.0,28200.0,G16_47_H5
2024-03-14 00:00:00,16.0,5.0,8.0,6.0,21.0,2.0,1000.0,140.0,36.0,0.71,0.56,30.9,28.5,0.5,0.5,0.0,0.0,1.0,1.0,28200.0,G16_47_H5
2024-03-15 00:00:00,19.0,5.0,9.0,30.0,153.0,2.3,1150.0,163.0,36.0,0.72,0.61,30.4,28.0,0.49,0.49,0.0,0.0,1.0,1.0,28200.0,G16_47_H5
2024-03-16 00:00:00,22.0,10.0,10.0,4.0,12.0,2.6,1300.0,114.5,48.0,0.73,0.63,30.6,27.9,0.46,0.5,0.0,0.0,1.0,1.0,28200.0,G16_47_H5
2024-03-17 00:00:00,12.0,5.0,11.0,3.0,10.0,2.85,1425.0,65.0,24.0,0.74,0.64,30.3,27.7,0.45,0.49,0.0,0.0,1.0,1.0,28200.0,G16_47_H5
2024-03-18 00:00:00,11.0,4.0,12.0,6.0,7.0,3.1,1550.0,162.0,36.0,0.74,0.56,30.2,27.1,0.43,0.45,0.0,0.0,1.0,1.0,28200.0,G16_47_H5
2024-03-19 00:00:00,17.0,3.0,13.0,3.0,13.0,3.5,1750.0,140.0,36.0,0.74,0.57,29.8,26.7,0.42,0.45,0.0,0.0,1.0,1.0,28200.0,G16_47_H5
2024-03-20 00:00:00,18.0,5.0,14.0,6.0,18.0,3.9,1950.0,97.5,32.0,0.75,0.59,29.9,26.4,0.41,0.44,0.0,0.0,1.0,1.5,28200.0,G16_47_H5
2024-03-21 00:00:00,24.0,9.0,15.0,4.0,19.0,4.3,2150.0,86.5,32.0,0.75,0.6,29.2,26.2,0.41,0.55,0.0,0.0,1.5,1.5,28200.0,G16_47_H5
2024-03-22 00:00:00,26.0,14.0,16.0,5.0,19.0,4.7,2350.0,36.85,32.0,0.75,0.58,28.9,26.2,0.41,0.52,0.0,0.0,1.5,1.5,28200.0,G16_47_H5
2024-03-23 00:00:00,19.0,13.0,17.0,4.0,18.0,5.1,2550.0,8.3,32.0,0.75,0.58,30.8,26.2,0.4,1.0,0.0,0.0,1.5,1.5,28200.0,G16_47_H5
2024-03-24 00:00:00,17.0,10.0,18.0,5.0,28.0,5.45,2725.0,16.5,32.0,0.75,0.68,28.3,26.2,0.4,0.44,0.0,0.0,1.5,1.5,28200.0,G16_47_H5
2024-03-25 00:00:00,11.0,5.0,19.0,8.0,29.0,5.5,2750.0,17.25,32.0,0.75,0.71,28.1,26.1,0.39,0.45,0.0,0.0,1.5,1.5,28200.0,G16_47_H5
2024-03-26 00:00:00,15.0,8.0,20.0,5.0,22.0,5.7,2850.0,39.15,28.0,0.75,0.68,27.6,25.7,0.37,0.41,0.0,0.0,1.5,1.5,28200.0,G16_47_H5
2024-03-27 00:00:00,15.0,10.0,21.0,3.0,20.0,5.75,2875.0,14.6,40.0,0.76,0.68,28.1,25.4,0.37,0.46,0.0,0.0,1.5,1.5,28200.0,G16_47_H5
2024-03-28 00:00:00,20.0,11.0,22.0,5.0,9.0,6.35,3175.0,12.65,32.0,0.76,0.68,27.1,25.4,0.36,0.42,0.0,0.0,1.5,1.5,28200.0,G16_47_H5
2024-03-29 00:00:00,27.0,13.0,23.0,10.0,13.0,6.6,3300.0,2.3,44.0,0.76,0.7,27.8,25.4,0.38,0.5,0.0,0.0,1.5,1.5,28200.0,G16_47_H5
2024-03-30 00:00:00,28.0,18.0,24.0,18.0,32.0,6.9,3450.0,0.05,68.0,0.76,0.59,31.1,25.6,0.43,1.8,0.0,1.0,1.5,3.0,28200.0,G16_47_H5
2024-03-31 00:00:00,22.0,11.0,25.0,8.0,27.0,7.0,3500.0,3.7,68.0,0.73,0.62,28.0,24.9,0.37,0.92,0.0,0.0,1.5,2.0,28200.0,G16_47_H5
2024-04-01 00:00:00,27.0,15.0,26.0,12.0,63.0,7.3,3650.0,6.95,60.0,0.76,0.57,29.9,25.1,0.38,1.65,0.0,0.0,1.5,3.5,28200.0,G16_47_H5
2024-04-02 00:00:00,20.0,13.0,27.0,15.0,128.0,7.5,3750.0,0.0,84.0,0.76,0.64,27.7,25.8,0.49,0.6,0.0,0.0,1.5,1.5,28200.0,G16_47_H5
2024-04-03 00:00:00,17.0,9.0,28.0,25.0,165.0,7.6,3800.0,0.05,64.0,0.76,0.7,25.9,24.2,0.4,0.48,0.0,0.0,1.5,1.5,28200.0,G16_47_H5
2024-04-04 00:00:00,16.0,6.0,29.0,35.0,175.0,7.5,3750.0,1.15,56.0,0.76,0.61,26.2,23.8,0.38,0.48,0.0,0.0,1.5,1.5,28200.0,G16_47_H5
2024-04-05 00:00:00,18.0,9.0,30.0,21.0,180.0,7.6,3800.0,9.35,60.0,0.76,0.58,26.5,23.6,0.35,0.5,0.0,0.0,1.5,1.5,28200.0,G16_47_H5
2024-04-06 00:00:00,18.0,11.0,31.0,28.0,160.0,8.0,4000.0,0.6,60.0,0.76,0.63,26.6,23.9,0.36,0.65,0.0,0.0,1.5,2.0,28200.0,G16_47_H5
2024-04-07 00:00:00,17.0,12.0,32.0,27.0,90.0,8.2,4100.0,0.15,60.0,0.76,0.66,25.9,23.5,0.37,0.72,0.0,1.0,1.5,2.0,28200.0,G16_47_H5
2024-04-08 00:00:00,18.0,8.0,33.0,30.0,97.0,8.3,4150.0,0.05,72.0,0.76,0.64,25.3,22.9,0.37,0.75,0.0,0.0,1.5,2.5,28200.0,G16_47_H5
2024-04-09 00:00:00,23.0,11.0,34.0,38.0,55.0,8.7,4350.0,0.05,72.0,0.76,0.59,26.4,22.2,0.37,0.9,0.0,0.0,1.5,4.0,28200.0,G16_47_H5
2024-04-10 00:00:00,23.0,12.0,35.0,37.0,35.0,9.0,4500.0,0.0,100.0,0.76,0.45,26.8,22.0,0.38,1.53,0.0,0.0,1.5,5.7,28200.0,G16_47_H5
2024-04-11 00:00:00,22.0,13.0,36.0,39.0,0.0,9.0,4500.0,0.0,112.0,0.76,0.63,25.4,22.2,0.38,1.3,0.0,0.0,2.0,5.0,28200.0,G16_47_H5
2024-04-12 00:00:00,23.0,14.0,37.0,44.0,0.0,9.0,4500.0,0.0,112.0,0.76,0.65,25.2,21.9,0.56,1.25,0.0,1.0,2.0,5.0,28200.0,G16_47_H5
2024-04-13 00:00:00,19.0,14.0,38.0,0.0,0.0,0.0,0.0,0.0,0.0,0.0,0.0,0.0,0.0,0.0,0.0,0.0,0.0,0.0,0.0,28200.0,G16_47_H5
2024-04-14 00:00:00,22.0,14.0,39.0,0.0,0.0,0.0,0.0,0.0,0.0,0.0,0.0,0.0,0.0,0.0,0.0,0.0,0.0,0.0,0.0,28200.0,G16_47_H5
2024-04-15 00:00:00,25.0,15.0,40.0,0.0,0.0,0.0,0.0,0.0,0.0,0.0,0.0,0.0,0.0,0.0,0.0,0.0,0.0,0.0,0.0,28200.0,G16_47_H5
2024-03-07 00:00:00,14.0,1.0,1.0,16.0,0.0,0.6,300.0,332.0,48.0,0.44,0.39,35.6,33.3,0.6,0.6,0.0,0.0,1.0,1.0,28100.0,G16_47_H6
2024-03-08 00:00:00,12.0,0.0,2.0,8.0,22.0,0.75,375.0,541.0,52.0,0.53,0.4,35.4,32.7,0.58,0.58,0.0,0.0,1.0,1.0,28100.0,G16_47_H6
2024-03-09 00:00:00,12.0,2.0,3.0,12.0,43.0,0.95,475.0,388.0,72.0,0.56,0.42,34.7,32.6,0.55,0.55,0.0,0.0,1.0,1.0,28100.0,G16_47_H6
2024-03-10 00:00:00,16.0,5.0,4.0,11.0,12.0,1.2,600.0,218.0,52.0,0.63,0.49,34.0,31.9,0.55,0.55,0.0,0.0,1.0,1.0,28100.0,G16_47_H6
2024-03-11 00:00:00,21.0,6.0,5.0,9.0,10.0,1.3,650.0,193.0,48.0,0.66,0.52,33.4,31.1,0.54,0.54,0.0,0.0,1.0,1.0,28100.0,G16_47_H6
2024-03-12 00:00:00,16.0,4.0,6.0,5.0,12.0,1.5,750.0,149.0,48.0,0.72,0.6,32.8,30.6,0.52,0.52,0.0,0.0,1.0,1.0,28100.0,G16_47_H6
2024-03-13 00:00:00,16.0,7.0,7.0,7.0,12.0,1.7,850.0,188.0,44.0,0.74,0.57,32.0,29.6,0.5,0.5,0.0,0.0,1.0,1.0,28100.0,G16_47_H6
2024-03-14 00:00:00,16.0,5.0,8.0,7.0,22.0,1.8,900.0,140.0,36.0,0.75,0.62,31.3,29.5,0.45,0.45,0.0,0.0,1.0,1.0,28100.0,G16_47_H6
2024-03-15 00:00:00,19.0,5.0,9.0,35.0,171.0,2.0,1000.0,163.0,32.0,0.77,0.65,31.1,28.9,0.44,0.44,0.0,0.0,1.0,1.0,28100.0,G16_47_H6
2024-03-16 00:00:00,22.0,10.0,10.0,10.0,8.0,2.3,1150.0,114.5,28.0,0.8,0.66,30.5,28.6,0.42,0.44,0.0,0.0,1.0,1.0,28100.0,G16_47_H6
2024-03-17 00:00:00,12.0,5.0,11.0,4.0,10.0,2.6,1300.0,65.0,24.0,0.8,0.67,30.3,28.5,0.4,0.43,0.0,0.0,1.0,1.0,28100.0,G16_47_H6
2024-03-18 00:00:00,11.0,4.0,12.0,7.0,11.0,2.9,1450.0,162.0,28.0,0.78,0.61,30.0,27.8,0.4,0.42,0.0,0.0,1.0,1.0,28100.0,G16_47_H6
2024-03-19 00:00:00,17.0,3.0,13.0,5.0,8.0,3.35,1675.0,140.0,28.0,0.78,0.61,29.5,27.5,0.4,0.42,0.0,0.0,1.0,1.0,28100.0,G16_47_H6
2024-03-20 00:00:00,18.0,5.0,14.0,8.0,20.0,3.7,1850.0,97.5,28.0,0.79,0.65,29.6,27.4,0.39,0.42,0.0,0.0,1.0,1.5,28100.0,G16_47_H6
2024-03-21 00:00:00,24.0,9.0,15.0,6.0,21.0,4.0,2000.0,86.5,28.0,0.78,0.65,29.1,27.2,0.39,0.5,0.0,0.0,1.5,1.5,28100.0,G16_47_H6
2024-03-22 00:00:00,26.0,14.0,16.0,9.0,41.0,4.4,2200.0,36.85,28.0,0.79,0.57,29.1,27.2,0.39,0.48,0.0,0.0,1.5,1.5,28100.0,G16_47_H6
2024-03-23 00:00:00,19.0,13.0,17.0,10.0,43.0,4.8,2400.0,8.3,44.0,0.75,0.57,30.3,27.2,0.37,0.8,0.0,0.0,1.5,1.5,28100.0,G16_47_H6
2024-03-24 00:00:00,17.0,10.0,18.0,8.0,23.0,5.05,2525.0,16.5,36.0,0.79,0.62,29.0,27.4,0.42,0.52,0.0,0.0,1.5,1.5,28100.0,G16_47_H6
2024-03-25 00:00:00,11.0,5.0,19.0,7.0,30.0,5.4,2700.0,17.25,40.0,0.77,0.68,29.1,27.2,0.4,0.5,0.0,0.0,1.5,1.5,28100.0,G16_47_H6
2024-03-26 00:00:00,15.0,8.0,20.0,4.0,11.0,5.5,2750.0,39.15,32.0,0.79,0.67,28.3,26.7,0.38,0.47,0.0,0.0,1.5,1.5,28100.0,G16_47_H6
2024-03-27 00:00:00,15.0,10.0,21.0,5.0,19.0,5.7,2850.0,14.6,44.0,0.79,0.65,28.5,26.7,0.38,0.55,0.0,0.0,1.5,1.5,28100.0,G16_47_H6
2024-03-28 00:00:00,20.0,11.0,22.0,6.0,20.0,6.1,3050.0,12.65,44.0,0.77,0.66,28.0,26.6,0.38,0.48,0.0,0.0,1.5,1.5,28100.0,G16_47_H6
2024-03-29 00:00:00,27.0,13.0,23.0,8.0,12.0,6.5,3250.0,2.3,52.0,0.76,0.67,28.4,26.7,0.4,0.55,0.0,0.0,1.5,1.5,28100.0,G16_47_H6
2024-03-30 00:00:00,28.0,18.0,24.0,11.0,16.0,7.1,3550.0,0.05,84.0,0.75,0.56,31.0,26.9,0.5,1.8,0.0,1.0,1.5,3.0,28100.0,G16_47_H6
2024-03-31 00:00:00,22.0,11.0,25.0,11.0,19.0,7.3,3650.0,3.7,80.0,0.68,0.54,28.0,25.8,0.43,0.92,0.0,0.0,1.5,2.0,28100.0,G16_47_H6
2024-04-01 00:00:00,27.0,15.0,26.0,8.0,37.0,7.6,3800.0,6.95,72.0,0.74,0.55,29.9,26.0,0.48,1.65,0.0,0.0,1.5,3.5,28100.0,G16_47_H6
2024-04-02 00:00:00,20.0,13.0,27.0,12.0,88.0,8.0,4000.0,0.0,84.0,0.79,0.63,28.5,26.6,0.6,0.9,0.0,0.0,1.5,2.0,28100.0,G16_47_H6
2024-04-03 00:00:00,17.0,9.0,28.0,22.0,63.0,8.3,4150.0,0.05,84.0,0.76,0.69,26.8,25.6,0.5,0.56,0.0,0.0,1.5,1.5,28100.0,G16_47_H6
2024-04-04 00:00:00,16.0,6.0,29.0,23.0,71.0,8.3,4150.0,1.15,84.0,0.73,0.55,26.7,25.0,0.45,0.55,0.0,0.0,1.5,1.5,28100.0,G16_47_H6
2024-04-05 00:00:00,18.0,9.0,30.0,18.0,53.0,8.6,4300.0,9.35,76.0,0.71,0.51,26.9,24.9,0.4,0.65,0.0,0.0,1.5,2.0,28100.0,G16_47_H6
2024-04-06 00:00:00,18.0,11.0,31.0,25.0,115.0,8.85,4425.0,0.6,88.0,0.7,0.54,26.7,24.9,0.42,0.75,0.0,1.0,1.5,2.0,28100.0,G16_47_H6
2024-04-07 00:00:00,17.0,12.0,32.0,27.0,50.0,9.2,4600.0,0.15,88.0,0.76,0.61,26.4,24.8,0.44,0.8,0.0,0.0,1.5,2.5,28100.0,G16_47_H6
2024-04-08 00:00:00,18.0,8.0,33.0,29.0,47.0,9.2,4600.0,0.05,96.0,0.77,0.6,25.8,23.9,0.45,0.9,0.0,0.0,1.5,3.0,28100.0,G16_47_H6
2024-04-09 00:00:00,23.0,11.0,34.0,27.0,50.0,9.4,4700.0,0.05,96.0,0.75,0.54,26.7,23.4,0.45,1.0,0.0,0.0,2.0,4.5,28100.0,G16_47_H6
2024-04-10 00:00:00,23.0,12.0,35.0,27.0,10.0,9.6,4800.0,0.0,124.0,0.7,0.41,27.1,23.2,0.55,1.6,0.0,0.0,2.0,6.0,28100.0,G16_47_H6
2024-04-11 00:00:00,22.0,13.0,36.0,50.0,9.0,9.7,4850.0,0.0,168.0,0.75,0.6,25.8,23.0,0.59,1.3,0.0,1.0,2.0,5.0,28100.0,G16_47_H6
2024-04-12 00:00:00,23.0,14.0,37.0,58.0,0.0,9.7,4850.0,0.0,168.0,0.81,0.63,25.9,22.9,0.75,1.5,0.0,0.0,3.0,6.0,28100.0,G16_47_H6
2024-04-13 00:00:00,19.0,14.0,38.0,0.0,0.0,0.0,0.0,0.0,0.0,0.0,0.0,0.0,0.0,0.0,0.0,0.0,0.0,0.0,0.0,28100.0,G16_47_H6
2024-04-14 00:00:00,22.0,14.0,39.0,0.0,0.0,0.0,0.0,0.0,0.0,0.0,0.0,0.0,0.0,0.0,0.0,0.0,0.0,0.0,0.0,28100.0,G16_47_H6
2024-04-15 00:00:00,25.0,15.0,40.0,0.0,0.0,0.0,0.0,0.0,0.0,0.0,0.0,0.0,0.0,0.0,0.0,0.0,0.0,0.0,0.0,28100.0,G16_47_H6
2024-03-07 00:00:00,14.0,1.0,1.0,8.0,0.0,0.7,350.0,332.0,36.0,0.42,0.39,35.8,32.9,0.6,0.6,0.0,0.0,1.0,1.0,28300.0,G16_47_H7
2024-03-08 00:00:00,12.0,0.0,2.0,9.0,5.0,0.9,450.0,541.0,36.0,0.54,0.4,35.4,32.8,0.58,0.58,0.0,0.0,1.0,1.0,28300.0,G16_47_H7
2024-03-09 00:00:00,12.0,2.0,3.0,13.0,10.0,1.1,550.0,388.0,36.0,0.59,0.45,34.6,32.1,0.55,0.55,0.0,0.0,1.0,1.0,28300.0,G16_47_H7
2024-03-10 00:00:00,16.0,5.0,4.0,10.0,6.0,1.2,600.0,218.0,36.0,0.66,0.55,33.9,31.3,0.55,0.55,0.0,0.0,1.0,1.0,28300.0,G16_47_H7
2024-03-11 00:00:00,21.0,6.0,5.0,12.0,25.0,1.4,700.0,193.0,32.0,0.68,0.57,33.2,30.7,0.54,0.54,0.0,0.0,1.0,1.0,28300.0,G16_47_H7
2024-03-12 00:00:00,16.0,4.0,6.0,9.0,13.0,1.6,800.0,149.0,28.0,0.69,0.62,32.8,30.1,0.52,0.52,0.0,0.0,1.0,1.0,28300.0,G16_47_H7
2024-03-13 00:00:00,16.0,7.0,7.0,12.0,18.0,1.8,900.0,188.0,32.0,0.69,0.59,32.0,29.0,0.5,0.5,0.0,0.0,1.0,1.0,28300.0,G16_47_H7
2024-03-14 00:00:00,16.0,5.0,8.0,7.0,45.0,2.0,1000.0,140.0,28.0,0.69,0.58,31.1,28.9,0.5,0.5,0.0,0.0,1.0,1.0,28300.0,G16_47_H7
2024-03-15 00:00:00,19.0,5.0,9.0,38.0,189.0,2.3,1150.0,163.0,28.0,0.69,0.61,30.5,28.2,0.49,0.49,0.0,0.0,1.0,1.0,28300.0,G16_47_H7
2024-03-16 00:00:00,22.0,10.0,10.0,12.0,10.0,2.6,1300.0,114.5,44.0,0.7,0.62,30.2,28.0,0.46,0.5,0.0,0.0,1.0,1.0,28300.0,G16_47_H7
2024-03-17 00:00:00,12.0,5.0,11.0,8.0,10.0,2.85,1425.0,65.0,24.0,0.7,0.64,30.2,28.0,0.45,0.49,0.0,0.0,1.0,1.0,28300.0,G16_47_H7
2024-03-18 00:00:00,11.0,4.0,12.0,6.0,11.0,3.1,1550.0,162.0,24.0,0.7,0.58,29.8,27.4,0.43,0.45,0.0,0.0,1.0,1.0,28300.0,G16_47_H7
2024-03-19 00:00:00,17.0,3.0,13.0,4.0,12.0,3.5,1750.0,140.0,28.0,0.69,0.58,29.6,27.2,0.42,0.45,0.0,0.0,1.0,1.0,28300.0,G16_47_H7
2024-03-20 00:00:00,18.0,5.0,14.0,7.0,19.0,4.0,2000.0,97.5,28.0,0.69,0.59,29.1,26.8,0.41,0.44,0.0,0.0,1.0,1.0,28300.0,G16_47_H7
2024-03-21 00:00:00,24.0,9.0,15.0,8.0,73.0,4.3,2150.0,86.5,24.0,0.69,0.58,29.1,26.4,0.41,0.55,0.0,0.0,1.0,1.0,28300.0,G16_47_H7
2024-03-22 00:00:00,26.0,14.0,16.0,7.0,67.0,4.7,2350.0,36.85,24.0,0.69,0.58,28.8,26.4,0.41,0.52,0.0,0.0,1.0,1.5,28300.0,G16_47_H7
2024-03-23 00:00:00,19.0,13.0,17.0,7.0,51.0,5.1,2550.0,8.3,32.0,0.69,0.57,30.7,26.3,0.4,1.0,0.0,0.0,1.5,1.5,28300.0,G16_47_H7
2024-03-24 00:00:00,17.0,10.0,18.0,6.0,64.0,5.45,2725.0,16.5,24.0,0.69,0.57,28.5,26.3,0.4,0.44,0.0,0.0,1.5,1.5,28300.0,G16_47_H7
2024-03-25 00:00:00,11.0,5.0,19.0,5.0,60.0,5.5,2750.0,17.25,28.0,0.69,0.65,28.3,26.4,0.39,0.45,0.0,0.0,1.5,1.5,28300.0,G16_47_H7
2024-03-26 00:00:00,15.0,8.0,20.0,4.0,65.0,5.7,2850.0,39.15,24.0,0.69,0.6,27.8,25.8,0.37,0.41,0.0,0.0,1.5,1.5,28300.0,G16_47_H7
2024-03-27 00:00:00,15.0,10.0,21.0,3.0,35.0,5.85,2925.0,14.6,32.0,0.7,0.64,28.0,25.6,0.37,0.46,0.0,0.0,1.5,1.5,28300.0,G16_47_H7
2024-03-28 00:00:00,20.0,11.0,22.0,3.0,32.0,6.3,3150.0,12.65,32.0,0.69,0.62,27.3,25.6,0.36,0.42,0.0,0.0,1.5,1.5,28300.0,G16_47_H7
2024-03-29 00:00:00,27.0,13.0,23.0,10.0,14.0,6.8,3400.0,2.3,40.0,0.7,0.61,27.9,25.5,0.38,0.5,0.0,0.0,1.5,1.5,28300.0,G16_47_H7
2024-03-30 00:00:00,28.0,18.0,24.0,19.0,27.0,7.0,3500.0,0.05,60.0,0.7,0.56,31.2,25.9,0.43,1.8,0.0,1.0,1.5,3.0,28300.0,G16_47_H7
2024-03-31 00:00:00,22.0,11.0,25.0,26.0,21.0,7.1,3550.0,3.7,76.0,0.69,0.59,28.0,25.0,0.37,0.92,0.0,0.0,1.5,2.0,28300.0,G16_47_H7
2024-04-01 00:00:00,27.0,15.0,26.0,18.0,84.0,7.3,3650.0,6.95,48.0,0.69,0.54,30.0,25.3,0.38,1.65,0.0,0.0,1.5,3.5,28300.0,G16_47_H7
2024-04-02 00:00:00,20.0,13.0,27.0,25.0,145.0,7.4,3700.0,0.0,84.0,0.7,0.62,27.8,25.6,0.49,0.65,0.0,0.0,1.5,1.5,28300.0,G16_47_H7
2024-04-03 00:00:00,17.0,9.0,28.0,24.0,266.0,7.3,3650.0,0.05,60.0,0.7,0.67,26.1,24.9,0.4,0.48,0.0,0.0,1.5,1.5,28300.0,G16_47_H7
2024-04-04 00:00:00,16.0,6.0,29.0,30.0,330.0,7.0,3500.0,1.15,48.0,0.69,0.58,26.4,24.1,0.38,0.48,0.0,0.0,1.5,1.5,28300.0,G16_47_H7
2024-04-05 00:00:00,18.0,9.0,30.0,40.0,460.0,7.0,3500.0,9.35,5.0,0.69,0.56,26.5,24.0,0.35,0.5,0.0,0.0,1.5,1.5,28300.0,G16_47_H7
2024-04-06 00:00:00,18.0,11.0,31.0,60.0,450.0,7.1,3550.0,0.6,48.0,0.69,0.59,26.7,24.1,0.36,0.65,0.0,0.0,1.5,2.0,28300.0,G16_47_H7
2024-04-07 00:00:00,17.0,12.0,32.0,65.0,270.0,7.2,3600.0,0.15,48.0,0.69,0.62,26.0,23.8,0.37,0.72,0.0,1.0,1.5,2.0,28300.0,G16_47_H7
2024-04-08 00:00:00,18.0,8.0,33.0,75.0,245.0,7.3,3650.0,0.05,60.0,0.69,0.6,25.3,23.0,0.37,0.75,0.0,0.0,1.5,2.5,28300.0,G16_47_H7
2024-04-09 00:00:00,23.0,11.0,34.0,69.0,160.0,7.6,3800.0,0.05,60.0,0.69,0.58,26.4,22.4,0.37,0.9,0.0,0.0,1.5,4.0,28300.0,G16_47_H7
2024-04-10 00:00:00,23.0,12.0,35.0,70.0,127.0,7.9,3950.0,0.0,60.0,0.69,0.44,26.6,22.2,0.38,1.53,0.0,0.0,1.5,5.7,28300.0,G16_47_H7
2024-04-11 00:00:00,22.0,13.0,36.0,98.0,47.0,7.7,3850.0,0.0,96.0,0.69,0.6,25.2,22.5,0.38,1.2,0.0,0.0,1.5,4.7,28300.0,G16_47_H7
2024-04-12 00:00:00,23.0,14.0,37.0,98.0,0.0,7.8,3900.0,0.0,96.0,0.69,0.57,25.1,22.0,0.56,1.25,0.0,1.0,2.0,5.0,28300.0,G16_47_H7
2024-04-13 00:00:00,19.0,14.0,38.0,0.0,0.0,0.0,0.0,0.0,0.0,0.0,0.0,0.0,0.0,0.0,0.0,0.0,0.0,0.0,0.0,28300.0,G16_47_H7
2024-04-14 00:00:00,22.0,14.0,39.0,0.0,0.0,0.0,0.0,0.0,0.0,0.0,0.0,0.0,0.0,0.0,0.0,0.0,0.0,0.0,0.0,28300.0,G16_47_H7
2024-04-15 00:00:00,25.0,15.0,40.0,0.0,0.0,0.0,0.0,0.0,0.0,0.0,0.0,0.0,0.0,0.0,0.0,0.0,0.0,0.0,0.0,28300.0,G16_47_H7
2024-03-07 00:00:00,14.0,1.0,,,,,,,,,,,,,,,,,,27600.0,G16_47_H8
2024-03-08 00:00:00,12.0,0.0,0.0,,,,,,,,,,,,,,,,,27600.0,G16_47_H8
2024-03-09 00:00:00,12.0,2.0,1.0,11.0,4.0,0.7,350.0,388.0,44.0,0.44,0.38,35.8,33.3,0.6,0.6,0.0,0.0,1.0,1.0,27600.0,G16_47_H8
2024-03-10 00:00:00,16.0,5.0,2.0,12.0,0.0,0.85,425.0,218.0,48.0,0.49,0.4,35.1,33.0,0.58,0.58,0.0,0.0,1.0,1.0,27600.0,G16_47_H8
2024-03-11 00:00:00,21.0,6.0,3.0,14.0,14.0,1.0,500.0,193.0,48.0,0.55,0.44,34.6,32.4,0.55,0.55,0.0,0.0,1.0,1.0,27600.0,G16_47_H8
2024-03-12 00:00:00,16.0,4.0,4.0,8.0,12.0,1.2,600.0,149.0,48.0,0.67,0.5,34.0,31.9,0.55,0.55,0.0,0.0,1.0,1.0,27600.0,G16_47_H8
2024-03-13 00:00:00,16.0,7.0,5.0,9.0,14.0,1.3,650.0,188.0,44.0,0.69,0.52,33.2,30.8,0.52,0.52,0.0,0.0,1.0,1.0,27600.0,G16_47_H8
2024-03-14 00:00:00,16.0,5.0,6.0,8.0,9.0,1.45,725.0,140.0,40.0,0.71,0.54,32.4,30.3,0.5,0.5,0.0,0.0,1.0,1.0,27600.0,G16_47_H8
2024-03-15 00:00:00,19.0,5.0,7.0,9.0,10.0,1.65,825.0,163.0,40.0,0.73,0.61,31.6,29.6,0.49,0.49,0.0,0.0,1.0,1.0,27600.0,G16_47_H8
2024-03-16 00:00:00,22.0,10.0,8.0,36.0,250.0,1.8,900.0,114.5,32.0,0.75,0.63,31.1,29.3,0.47,0.47,0.0,0.0,1.0,1.0,27600.0,G16_47_H8
2024-03-17 00:00:00,12.0,5.0,9.0,10.0,7.0,2.0,1000.0,65.0,24.0,0.77,0.67,30.7,29.1,0.45,0.47,0.0,0.0,1.0,1.0,27600.0,G16_47_H8
2024-03-18 00:00:00,11.0,4.0,10.0,4.0,11.0,2.25,1125.0,162.0,28.0,0.73,0.56,30.3,28.5,0.43,0.45,0.0,0.0,1.0,1.0,27600.0,G16_47_H8
2024-03-19 00:00:00,17.0,3.0,11.0,5.0,13.0,2.6,1300.0,140.0,24.0,0.73,0.57,30.0,28.3,0.42,0.44,0.0,0.0,1.0,1.0,27600.0,G16_47_H8
2024-03-20 00:00:00,18.0,5.0,12.0,3.0,15.0,3.0,1500.0,97.5,24.0,0.79,0.6,29.8,28.1,0.41,0.44,0.0,0.0,1.0,1.0,27600.0,G16_47_H8
2024-03-21 00:00:00,24.0,9.0,13.0,4.0,14.0,3.3,1650.0,86.5,28.0,0.77,0.61,29.4,27.9,0.4,0.47,0.0,0.0,1.0,1.0,27600.0,G16_47_H8
2024-03-22 00:00:00,26.0,14.0,14.0,5.0,24.0,3.6,1800.0,36.85,24.0,0.77,0.59,29.4,27.7,0.4,0.47,0.0,0.0,1.0,1.5,27600.0,G16_47_H8
2024-03-23 00:00:00,19.0,13.0,15.0,6.0,36.0,4.0,2000.0,8.3,24.0,0.74,0.58,29.9,27.8,0.4,0.75,0.0,0.0,1.5,1.5,27600.0,G16_47_H8
2024-03-24 00:00:00,17.0,10.0,16.0,5.0,22.0,4.3,2150.0,16.5,28.0,0.76,0.63,29.5,27.6,0.41,0.5,0.0,0.0,1.5,1.5,27600.0,G16_47_H8
2024-03-25 00:00:00,11.0,5.0,17.0,3.0,15.0,4.6,2300.0,17.25,32.0,0.76,0.67,29.0,27.5,0.4,0.47,0.0,0.0,1.5,1.5,27600.0,G16_47_H8
2024-03-26 00:00:00,15.0,8.0,18.0,5.0,24.0,4.9,2450.0,39.15,24.0,0.78,0.67,28.8,27.1,0.39,0.44,0.0,0.0,1.5,1.5,27600.0,G16_47_H8
2024-03-27 00:00:00,15.0,10.0,19.0,4.0,15.0,5.2,2600.0,14.6,32.0,0.77,0.66,28.9,27.1,0.38,0.48,0.0,0.0,1.5,1.5,27600.0,G16_47_H8
2024-03-28 00:00:00,20.0,11.0,20.0,6.0,20.0,5.6,2800.0,12.65,40.0,0.76,0.65,28.1,26.7,0.37,0.46,0.0,0.0,1.5,1.5,27600.0,G16_47_H8
2024-03-29 00:00:00,27.0,13.0,21.0,5.0,40.0,6.0,3000.0,2.3,42.0,0.76,0.68,28.9,26.6,0.4,0.52,0.0,0.0,1.5,1.5,27600.0,G16_47_H8
2024-03-30 00:00:00,28.0,18.0,22.0,5.0,24.0,6.5,3250.0,0.05,72.0,0.73,0.61,31.1,27.1,0.53,1.65,0.0,0.0,1.5,2.5,27600.0,G16_47_H8
2024-03-31 00:00:00,22.0,11.0,23.0,4.0,9.0,6.8,3400.0,3.7,68.0,0.7,0.55,27.9,25.8,0.4,0.65,0.0,0.0,1.5,1.5,27600.0,G16_47_H8
2024-04-01 00:00:00,27.0,15.0,24.0,5.0,36.0,7.1,3550.0,6.95,60.0,0.74,0.55,29.8,26.2,0.45,1.6,0.0,0.0,1.5,3.0,27600.0,G16_47_H8
2024-04-02 00:00:00,20.0,13.0,25.0,16.0,10.0,7.2,3600.0,0.0,68.0,0.76,0.64,28.5,27.1,0.64,1.0,0.0,0.0,1.5,2.0,27600.0,G16_47_H8
2024-04-03 00:00:00,17.0,9.0,26.0,17.0,12.0,7.2,3600.0,0.05,84.0,0.74,0.68,27.1,25.8,0.5,0.6,0.0,0.0,1.5,1.5,27600.0,G16_47_H8
2024-04-04 00:00:00,16.0,6.0,27.0,15.0,17.0,7.0,3500.0,1.15,64.0,0.71,0.57,26.8,25.5,0.43,0.5,0.0,0.0,1.5,1.5,27600.0,G16_47_H8
2024-04-05 00:00:00,18.0,9.0,28.0,13.0,16.0,7.1,3550.0,9.35,56.0,0.69,0.53,27.0,25.3,0.41,0.55,0.0,0.0,1.5,1.5,27600.0,G16_47_H8
2024-04-06 00:00:00,18.0,11.0,29.0,15.0,18.0,7.4,3700.0,0.6,72.0,0.69,0.53,27.1,25.3,0.4,0.72,0.0,0.0,1.5,2.0,27600.0,G16_47_H8
2024-04-07 00:00:00,17.0,12.0,30.0,16.0,26.0,7.7,3850.0,0.15,72.0,0.73,0.6,26.6,25.3,0.4,0.8,0.0,1.0,1.5,2.0,27600.0,G16_47_H8
2024-04-08 00:00:00,18.0,8.0,31.0,22.0,48.0,7.75,3875.0,0.05,76.0,0.75,0.59,26.1,24.5,0.4,0.75,0.0,1.0,1.5,2.0,27600.0,G16_47_H8
2024-04-09 00:00:00,23.0,11.0,32.0,45.0,71.0,7.8,3900.0,0.05,76.0,0.72,0.57,27.1,23.9,0.4,1.1,0.0,0.0,1.5,3.5,27600.0,G16_47_H8
2024-04-10 00:00:00,23.0,12.0,33.0,60.0,73.0,7.9,3950.0,0.0,92.0,0.67,0.43,27.2,23.9,0.43,1.4,0.0,0.0,1.5,4.7,27600.0,G16_47_H8
2024-04-11 00:00:00,22.0,13.0,34.0,55.0,95.0,7.95,3975.0,0.0,80.0,0.72,0.6,26.1,23.8,0.55,1.15,0.0,0.0,2.0,4.0,27600.0,G16_47_H8
2024-04-12 00:00:00,23.0,14.0,35.0,80.0,50.0,8.3,4150.0,0.0,80.0,0.78,0.63,25.9,23.4,0.72,1.35,0.0,0.0,2.7,5.0,27600.0,G16_47_H8
2024-04-13 00:00:00,19.0,14.0,36.0,98.0,78.0,8.4,4200.0,0.0,124.0,0.79,0.74,24.5,22.7,0.77,1.2,0.0,0.0,3.0,4.7,27600.0,G16_47_H8
2024-04-14 00:00:00,22.0,14.0,37.0,115.0,0.0,8.2,4100.0,0.0,182.0,0.81,0.76,23.8,21.7,0.74,1.25,0.0,0.0,3.0,5.0,27600.0,G16_47_H8
2024-04-15 00:00:00,25.0,15.0,38.0,0.0,0.0,0.0,0.0,0.0,0.0,0.0,0.0,0.0,0.0,0.0,0.0,0.0,0.0,0.0,0.0,27600.0,G16_47_H8
2024-03-07 00:00:00,14.0,1.0,,,,,,,,,,,,,,,,,,27600.0,G16_47_H9
2024-03-08 00:00:00,12.0,0.0,0.0,,,,,,,,,,,,,,,,,27600.0,G16_47_H9
2024-03-09 00:00:00,12.0,2.0,1.0,34.0,0.0,0.7,350.0,388.0,44.0,0.46,0.44,35.7,33.2,0.6,0.6,0.0,0.0,1.0,1.0,27600.0,G16_47_H9
2024-03-10 00:00:00,16.0,5.0,2.0,12.0,4.0,0.85,425.0,218.0,44.0,0.55,0.44,35.3,32.8,0.58,0.58,0.0,0.0,1.0,1.0,27600.0,G16_47_H9
2024-03-11 00:00:00,21.0,6.0,3.0,11.0,13.0,1.0,500.0,193.0,52.0,0.62,0.5,34.8,32.2,0.55,0.55,0.0,0.0,1.0,1.0,27600.0,G16_47_H9
2024-03-12 00:00:00,16.0,4.0,4.0,7.0,6.0,1.2,600.0,149.0,44.0,0.7,0.57,34.2,31.6,0.55,0.55,0.0,0.0,1.0,1.0,27600.0,G16_47_H9
2024-03-13 00:00:00,16.0,7.0,5.0,9.0,14.0,1.3,650.0,188.0,48.0,0.72,0.59,33.6,30.7,0.52,0.52,0.0,0.0,1.0,1.0,27600.0,G16_47_H9
2024-03-14 00:00:00,16.0,5.0,6.0,7.0,8.0,1.45,725.0,140.0,44.0,0.72,0.62,32.7,30.0,0.5,0.5,0.0,0.0,1.0,1.0,27600.0,G16_47_H9
2024-03-15 00:00:00,19.0,5.0,7.0,5.0,8.0,1.7,850.0,163.0,44.0,0.73,0.64,32.5,29.3,0.49,0.49,0.0,0.0,1.0,1.0,27600.0,G16_47_H9
2024-03-16 00:00:00,22.0,10.0,8.0,35.0,154.0,1.8,900.0,114.5,48.0,0.75,0.66,31.7,28.9,0.47,0.47,0.0,0.0,1.0,1.0,27600.0,G16_47_H9
2024-03-17 00:00:00,12.0,5.0,9.0,9.0,13.0,2.0,1000.0,65.0,28.0,0.78,0.69,31.4,28.8,0.45,0.47,0.0,0.0,1.0,1.0,27600.0,G16_47_H9
2024-03-18 00:00:00,11.0,4.0,10.0,7.0,8.0,2.25,1125.0,162.0,28.0,0.76,0.58,30.9,28.1,0.43,0.45,0.0,0.0,1.0,1.0,27600.0,G16_47_H9
2024-03-19 00:00:00,17.0,3.0,11.0,5.0,3.0,2.6,1300.0,140.0,32.0,0.73,0.57,30.5,27.9,0.42,0.44,0.0,0.0,1.0,1.0,27600.0,G16_47_H9
2024-03-20 00:00:00,18.0,5.0,12.0,8.0,7.0,3.0,1500.0,97.5,32.0,0.77,0.62,30.1,27.6,0.41,0.44,0.0,0.0,1.0,1.0,27600.0,G16_47_H9
2024-03-21 00:00:00,24.0,9.0,13.0,3.0,14.0,3.3,1650.0,86.5,32.0,0.77,0.62,30.0,27.3,0.4,0.47,0.0,0.0,1.0,1.0,27600.0,G16_47_H9
2024-03-22 00:00:00,26.0,14.0,14.0,4.0,21.0,3.6,1800.0,36.85,28.0,0.76,0.61,29.9,27.3,0.4,0.47,0.0,0.0,1.0,1.5,27600.0,G16_47_H9
2024-03-23 00:00:00,19.0,13.0,15.0,5.0,29.0,4.0,2000.0,8.3,28.0,0.75,0.58,30.2,27.3,0.4,0.75,0.0,0.0,1.5,1.5,27600.0,G16_47_H9
2024-03-24 00:00:00,17.0,10.0,16.0,7.0,23.0,4.4,2200.0,16.5,32.0,0.79,0.67,29.3,27.0,0.38,0.43,0.0,0.0,1.5,1.5,27600.0,G16_47_H9
2024-03-25 00:00:00,11.0,5.0,17.0,6.0,20.0,4.8,2400.0,17.25,28.0,0.77,0.69,29.1,26.8,0.4,0.43,0.0,0.0,1.5,1.5,27600.0,G16_47_H9
2024-03-26 00:00:00,15.0,8.0,18.0,3.0,17.0,5.1,2550.0,39.15,32.0,0.78,0.67,28.8,26.4,0.37,0.41,0.0,0.0,1.5,1.5,27600.0,G16_47_H9
2024-03-27 00:00:00,15.0,10.0,19.0,7.0,28.0,5.3,2650.0,14.6,36.0,0.78,0.66,28.5,26.3,0.35,0.42,0.0,0.0,1.5,1.5,27600.0,G16_47_H9
2024-03-28 00:00:00,20.0,11.0,20.0,5.0,12.0,5.6,2800.0,12.65,36.0,0.77,0.65,28.2,26.3,0.35,0.4,0.0,0.0,1.5,1.5,27600.0,G16_47_H9
2024-03-29 00:00:00,27.0,13.0,21.0,4.0,31.0,6.0,3000.0,2.3,40.0,0.77,0.69,27.9,26.1,0.36,0.45,0.0,0.0,1.5,1.5,27600.0,G16_47_H9
2024-03-30 00:00:00,28.0,18.0,22.0,7.0,13.0,6.2,3100.0,0.05,60.0,0.77,0.6,30.8,26.1,0.45,1.65,0.0,0.0,1.5,2.5,27600.0,G16_47_H9
2024-03-31 00:00:00,22.0,11.0,23.0,6.0,28.0,6.6,3300.0,3.7,68.0,0.72,0.59,27.8,25.5,0.36,0.55,0.0,0.0,1.5,1.5,27600.0,G16_47_H9
2024-04-01 00:00:00,27.0,15.0,24.0,5.0,34.0,7.0,3500.0,6.95,56.0,0.77,0.54,29.6,25.5,0.36,1.6,0.0,0.0,1.5,3.0,27600.0,G16_47_H9
2024-04-02 00:00:00,20.0,13.0,25.0,7.0,27.0,7.4,3700.0,0.0,76.0,0.79,0.67,27.8,26.0,0.48,0.65,0.0,0.0,1.5,1.5,27600.0,G16_47_H9
2024-04-03 00:00:00,17.0,9.0,26.0,9.0,19.0,7.7,3850.0,0.05,64.0,0.78,0.72,26.5,24.5,0.4,0.45,0.0,0.0,1.5,1.5,27600.0,G16_47_H9
2024-04-04 00:00:00,16.0,6.0,27.0,4.0,14.0,7.5,3750.0,1.15,56.0,0.76,0.59,26.2,24.0,0.38,0.47,0.0,0.0,1.5,1.5,27600.0,G16_47_H9
2024-04-05 00:00:00,18.0,9.0,28.0,10.0,14.0,7.6,3800.0,9.35,56.0,0.73,0.55,26.4,24.0,0.37,0.5,0.0,0.0,1.5,1.5,27600.0,G16_47_H9
2024-04-06 00:00:00,18.0,11.0,29.0,11.0,11.0,7.8,3900.0,0.6,60.0,0.75,0.59,26.4,24.1,0.37,0.55,0.0,0.0,1.5,1.5,27600.0,G16_47_H9
2024-04-07 00:00:00,17.0,12.0,30.0,11.0,27.0,8.0,4000.0,0.15,60.0,0.78,0.64,26.2,23.9,0.37,0.7,0.0,0.0,1.5,2.0,27600.0,G16_47_H9
2024-04-08 00:00:00,18.0,8.0,31.0,20.0,37.0,7.8,3900.0,0.05,68.0,0.78,0.61,25.6,23.4,0.36,0.66,0.0,0.0,1.5,2.0,27600.0,G16_47_H9
2024-04-09 00:00:00,23.0,11.0,32.0,40.0,136.0,7.6,3800.0,0.05,68.0,0.77,0.56,26.5,23.1,0.36,1.1,0.0,0.0,1.5,3.5,27600.0,G16_47_H9
2024-04-10 00:00:00,23.0,12.0,33.0,60.0,210.0,7.7,3850.0,0.0,84.0,0.73,0.42,26.9,22.8,0.36,1.2,0.0,0.0,1.5,4.0,27600.0,G16_47_H9
2024-04-11 00:00:00,22.0,13.0,34.0,60.0,146.0,7.75,3875.0,0.0,96.0,0.75,0.6,25.7,22.8,0.37,1.15,0.0,0.0,1.5,4.0,27600.0,G16_47_H9
2024-04-12 00:00:00,23.0,14.0,35.0,103.0,93.0,8.0,4000.0,0.0,96.0,0.8,0.62,25.3,22.5,0.55,1.1,0.0,0.0,2.0,4.0,27600.0,G16_47_H9
2024-04-13 00:00:00,19.0,14.0,36.0,105.0,139.0,8.0,4000.0,0.0,104.0,0.79,0.74,23.9,22.0,0.6,1.05,0.0,1.0,2.0,4.0,27600.0,G16_47_H9
2024-04-14 00:00:00,22.0,14.0,37.0,105.0,0.0,7.8,3900.0,0.0,112.0,0.8,0.76,23.1,21.4,0.57,1.0,0.0,1.0,2.0,4.0,27600.0,G16_47_H9
2024-04-15 00:00:00,25.0,15.0,38.0,0.0,0.0,0.0,0.0,0.0,0.0,0.0,0.0,0.0,0.0,0.0,0.0,0.0,0.0,0.0,0.0,27600.0,G16_47_H9
2024-03-07 00:00:00,14.0,1.0,,,,,,,,,,,,,,,,,,27500.0,G16_47_H10
2024-03-08 00:00:00,12.0,0.0,0.0,,,,,,,,,,,,,,,,,27500.0,G16_47_H10
2024-03-09 00:00:00,12.0,2.0,1.0,24.0,0.0,0.7,350.0,388.0,52.0,0.44,0.39,35.5,33.2,0.6,0.6,0.0,0.0,1.0,1.0,27500.0,G16_47_H10
2024-03-10 00:00:00,16.0,5.0,2.0,7.0,6.0,0.85,425.0,218.0,52.0,0.49,0.39,35.2,33.0,0.58,0.58,0.0,0.0,1.0,1.0,27500.0,G16_47_H10
2024-03-11 00:00:00,21.0,6.0,3.0,9.0,15.0,1.0,500.0,193.0,52.0,0.53,0.43,34.7,32.5,0.55,0.55,0.0,0.0,1.0,1.0,27500.0,G16_47_H10
2024-03-12 00:00:00,16.0,4.0,4.0,12.0,9.0,1.2,600.0,149.0,48.0,0.66,0.5,34.0,31.9,0.55,0.55,0.0,0.0,1.0,1.0,27500.0,G16_47_H10
2024-03-13 00:00:00,16.0,7.0,5.0,10.0,14.0,1.3,650.0,188.0,52.0,0.68,0.53,33.1,30.9,0.52,0.52,0.0,0.0,1.0,1.0,27500.0,G16_47_H10
2024-03-14 00:00:00,16.0,5.0,6.0,6.0,11.0,1.45,725.0,140.0,44.0,0.71,0.54,32.7,30.5,0.5,0.5,0.0,0.0,1.0,1.0,27500.0,G16_47_H10
2024-03-15 00:00:00,19.0,5.0,7.0,12.0,10.0,1.65,825.0,163.0,44.0,0.72,0.62,31.7,29.6,0.49,0.49,0.0,0.0,1.0,1.0,27500.0,G16_47_H10
2024-03-16 00:00:00,22.0,10.0,8.0,30.0,132.0,1.8,900.0,114.5,36.0,0.74,0.64,31.2,29.2,0.47,0.47,0.0,0.0,1.0,1.0,27500.0,G16_47_H10
2024-03-17 00:00:00,12.0,5.0,9.0,11.0,8.0,2.0,1000.0,65.0,24.0,0.78,0.68,30.8,29.1,0.45,0.47,0.0,0.0,1.0,1.0,27500.0,G16_47_H10
2024-03-18 00:00:00,11.0,4.0,10.0,9.0,5.0,2.25,1125.0,162.0,28.0,0.75,0.6,30.4,28.4,0.43,0.45,0.0,0.0,1.0,1.0,27500.0,G16_47_H10
2024-03-19 00:00:00,17.0,3.0,11.0,6.0,4.0,2.6,1300.0,140.0,32.0,0.76,0.6,30.1,28.3,0.42,0.44,0.0,0.0,1.0,1.0,27500.0,G16_47_H10
2024-03-20 00:00:00,18.0,5.0,12.0,7.0,12.0,3.0,1500.0,97.5,28.0,0.78,0.65,29.7,28.2,0.41,0.44,0.0,0.0,1.0,1.0,27500.0,G16_47_H10
2024-03-21 00:00:00,24.0,9.0,13.0,5.0,32.0,3.3,1650.0,86.5,32.0,0.78,0.63,29.6,28.0,0.4,0.47,0.0,0.0,1.0,1.0,27500.0,G16_47_H10
2024-03-22 00:00:00,26.0,14.0,14.0,6.0,15.0,3.6,1800.0,36.85,28.0,0.78,0.58,29.4,27.6,0.4,0.47,0.0,0.0,1.0,1.5,27500.0,G16_47_H10
2024-03-23 00:00:00,19.0,13.0,15.0,4.0,28.0,4.0,2000.0,8.3,32.0,0.74,0.6,29.9,27.6,0.4,0.75,0.0,0.0,1.5,1.5,27500.0,G16_47_H10
2024-03-24 00:00:00,17.0,10.0,16.0,6.0,32.0,4.4,2200.0,16.5,28.0,0.76,0.64,29.5,27.7,0.41,0.5,0.0,0.0,1.5,1.5,27500.0,G16_47_H10
2024-03-25 00:00:00,11.0,5.0,17.0,7.0,15.0,4.6,2300.0,17.25,28.0,0.76,0.65,29.3,27.6,0.4,0.47,0.0,0.0,1.5,1.5,27500.0,G16_47_H10
2024-03-26 00:00:00,15.0,8.0,18.0,5.0,28.0,4.8,2400.0,39.15,32.0,0.78,0.64,29.0,27.2,0.39,0.44,0.0,0.0,1.5,1.5,27500.0,G16_47_H10
2024-03-27 00:00:00,15.0,10.0,19.0,4.0,33.0,5.05,2525.0,14.6,36.0,0.76,0.62,29.0,27.2,0.38,0.48,0.0,0.0,1.5,1.5,27500.0,G16_47_H10
2024-03-28 00:00:00,20.0,11.0,20.0,5.0,15.0,5.45,2725.0,12.65,44.0,0.77,0.61,28.4,26.8,0.37,0.46,0.0,0.0,1.5,1.5,27500.0,G16_47_H10
2024-03-29 00:00:00,27.0,13.0,21.0,8.0,29.0,5.8,2900.0,2.3,48.0,0.76,0.65,28.9,26.8,0.4,0.52,0.0,0.0,1.5,1.5,27500.0,G16_47_H10
2024-03-30 00:00:00,28.0,18.0,22.0,18.0,33.0,6.3,3150.0,0.05,68.0,0.71,0.59,31.1,27.0,0.53,1.65,0.0,0.0,1.5,2.5,27500.0,G16_47_H10
2024-03-31 00:00:00,22.0,11.0,23.0,22.0,15.0,6.35,3175.0,3.7,68.0,0.68,0.53,28.4,26.5,0.4,0.65,0.0,0.0,1.5,1.5,27500.0,G16_47_H10
2024-04-01 00:00:00,27.0,15.0,24.0,11.0,31.0,6.5,3250.0,6.95,60.0,0.73,0.55,30.0,26.6,0.45,1.6,0.0,0.0,1.5,3.0,27500.0,G16_47_H10
2024-04-02 00:00:00,20.0,13.0,25.0,10.0,41.0,6.9,3450.0,0.0,80.0,0.76,0.61,28.8,27.3,0.62,1.0,0.0,0.0,1.5,2.0,27500.0,G16_47_H10
2024-04-03 00:00:00,17.0,9.0,26.0,15.0,57.0,7.1,3550.0,0.05,72.0,0.73,0.64,27.5,25.9,0.5,0.6,0.0,0.0,1.5,1.5,27500.0,G16_47_H10
2024-04-04 00:00:00,16.0,6.0,27.0,6.0,81.0,7.0,3500.0,1.15,64.0,0.68,0.56,27.0,25.7,0.43,0.5,0.0,0.0,1.5,1.5,27500.0,G16_47_H10
2024-04-05 00:00:00,18.0,9.0,28.0,8.0,189.0,7.1,3550.0,9.35,64.0,0.68,0.51,27.3,25.4,0.41,0.55,0.0,0.0,1.5,1.5,27500.0,G16_47_H10
2024-04-06 00:00:00,18.0,11.0,29.0,15.0,195.0,7.1,3550.0,0.6,64.0,0.68,0.52,27.3,25.5,0.4,0.72,0.0,0.0,1.5,2.0,27500.0,G16_47_H10
2024-04-07 00:00:00,17.0,12.0,30.0,10.0,165.0,7.1,3550.0,0.15,64.0,0.71,0.59,26.8,25.5,0.4,0.8,0.0,1.0,1.5,2.0,27500.0,G16_47_H10
2024-04-08 00:00:00,18.0,8.0,31.0,25.0,59.0,7.1,3550.0,0.05,72.0,0.73,0.58,26.3,24.6,0.4,0.75,0.0,1.0,1.5,2.0,27500.0,G16_47_H10
2024-04-09 00:00:00,23.0,11.0,32.0,45.0,58.0,7.2,3600.0,0.05,72.0,0.69,0.55,27.2,24.1,0.4,1.1,0.0,0.0,1.5,3.5,27500.0,G16_47_H10
2024-04-10 00:00:00,23.0,12.0,33.0,50.0,166.0,7.5,3750.0,0.0,88.0,0.68,0.43,27.3,24.0,0.43,1.4,0.0,0.0,1.5,4.7,27500.0,G16_47_H10
2024-04-11 00:00:00,22.0,13.0,34.0,40.0,80.0,7.7,3850.0,0.0,92.0,0.71,0.61,26.1,23.9,0.55,1.15,0.0,0.0,2.0,4.0,27500.0,G16_47_H10
2024-04-12 00:00:00,23.0,14.0,35.0,75.0,35.0,8.0,4000.0,0.0,92.0,0.77,0.63,26.2,23.5,0.72,1.35,0.0,0.0,2.7,5.0,27500.0,G16_47_H10
2024-04-13 00:00:00,19.0,14.0,36.0,40.0,31.0,8.0,4000.0,0.0,128.0,0.77,0.72,24.7,23.1,0.77,1.2,0.0,0.0,3.0,4.7,27500.0,G16_47_H10
2024-04-14 00:00:00,22.0,14.0,37.0,104.0,0.0,8.0,4000.0,0.0,156.0,0.78,0.74,24.4,22.4,0.74,1.25,0.0,0.0,3.0,5.0,27500.0,G16_47_H10
2024-04-15 00:00:00,25.0,15.0,38.0,0.0,0.0,0.0,0.0,0.0,0.0,0.0,0.0,0.0,0.0,0.0,0.0,0.0,0.0,0.0,0.0,27500.0,G16_47_H10
2024-03-07 00:00:00,14.0,1.0,,,,,,,,,,,,,,,,,,27500.0,G16_47_H11
2024-03-08 00:00:00,12.0,0.0,0.0,,,,,,,,,,,,,,,,,27500.0,G16_47_H11
2024-03-09 00:00:00,12.0,2.0,1.0,22.0,0.0,0.7,350.0,388.0,44.0,0.44,0.4,35.7,33.3,0.6,0.6,0.0,0.0,1.0,1.0,27500.0,G16_47_H11
2024-03-10 00:00:00,16.0,5.0,2.0,10.0,4.0,0.85,425.0,218.0,44.0,0.61,0.44,35.3,32.9,0.58,0.58,0.0,0.0,1.0,1.0,27500.0,G16_47_H11
2024-03-11 00:00:00,21.0,6.0,3.0,11.0,6.0,1.0,500.0,193.0,52.0,0.64,0.53,34.8,32.2,0.55,0.55,0.0,0.0,1.0,1.0,27500.0,G16_47_H11
2024-03-12 00:00:00,16.0,4.0,4.0,13.0,7.0,1.2,600.0,149.0,44.0,0.71,0.58,34.4,31.5,0.55,0.55,0.0,0.0,1.0,1.0,27500.0,G16_47_H11
2024-03-13 00:00:00,16.0,7.0,5.0,6.0,8.0,1.3,650.0,188.0,52.0,0.71,0.59,33.7,30.7,0.52,0.52,0.0,0.0,1.0,1.0,27500.0,G16_47_H11
2024-03-14 00:00:00,16.0,5.0,6.0,8.0,10.0,1.45,725.0,140.0,44.0,0.72,0.62,32.7,30.2,0.5,0.5,0.0,0.0,1.0,1.0,27500.0,G16_47_H11
2024-03-15 00:00:00,19.0,5.0,7.0,5.0,9.0,1.65,825.0,163.0,48.0,0.72,0.67,32.1,29.5,0.49,0.49,0.0,0.0,1.0,1.0,27500.0,G16_47_H11
2024-03-16 00:00:00,22.0,10.0,8.0,32.0,165.0,1.8,900.0,114.5,36.0,0.72,0.66,31.6,28.9,0.47,0.47,0.0,0.0,1.0,1.0,27500.0,G16_47_H11
2024-03-17 00:00:00,12.0,5.0,9.0,15.0,8.0,2.0,1000.0,65.0,28.0,0.72,0.66,31.4,28.6,0.45,0.47,0.0,0.0,1.0,1.0,27500.0,G16_47_H11
2024-03-18 00:00:00,11.0,4.0,10.0,7.0,10.0,2.25,1125.0,162.0,32.0,0.71,0.61,30.9,28.1,0.43,0.45,0.0,0.0,1.0,1.0,27500.0,G16_47_H11
2024-03-19 00:00:00,17.0,3.0,11.0,3.0,5.0,2.6,1300.0,140.0,32.0,0.71,0.6,30.6,27.6,0.42,0.44,0.0,0.0,1.0,1.0,27500.0,G16_47_H11
2024-03-20 00:00:00,18.0,5.0,12.0,5.0,10.0,3.0,1500.0,97.5,32.0,0.71,0.62,30.5,27.6,0.41,0.44,0.0,0.0,1.0,1.0,27500.0,G16_47_H11
2024-03-21 00:00:00,24.0,9.0,13.0,6.0,21.0,3.3,1650.0,86.5,32.0,0.71,0.63,29.9,27.4,0.4,0.47,0.0,0.0,1.0,1.0,27500.0,G16_47_H11
2024-03-22 00:00:00,26.0,14.0,14.0,7.0,39.0,3.6,1800.0,36.85,32.0,0.71,0.64,30.1,27.3,0.4,0.47,0.0,0.0,1.0,1.5,27500.0,G16_47_H11
2024-03-23 00:00:00,19.0,13.0,15.0,5.0,27.0,4.0,2000.0,8.3,28.0,0.71,0.62,29.8,27.3,0.4,0.75,0.0,0.0,1.5,1.5,27500.0,G16_47_H11
2024-03-24 00:00:00,17.0,10.0,16.0,7.0,22.0,4.3,2150.0,16.5,28.0,0.7,0.6,29.4,27.0,0.38,0.43,0.0,0.0,1.5,1.5,27500.0,G16_47_H11
2024-03-25 00:00:00,11.0,5.0,17.0,4.0,22.0,4.55,2275.0,17.25,28.0,0.7,0.63,29.3,26.8,0.4,0.43,0.0,0.0,1.5,1.5,27500.0,G16_47_H11
2024-03-26 00:00:00,15.0,8.0,18.0,6.0,25.0,4.8,2400.0,39.15,32.0,0.7,0.6,28.6,26.3,0.37,0.41,0.0,0.0,1.5,1.5,27500.0,G16_47_H11
2024-03-27 00:00:00,15.0,10.0,19.0,4.0,16.0,5.0,2500.0,14.6,32.0,0.7,0.61,28.5,26.2,0.35,0.42,0.0,0.0,1.5,1.5,27500.0,G16_47_H11
2024-03-28 00:00:00,20.0,11.0,20.0,7.0,15.0,5.4,2700.0,12.65,44.0,0.7,0.62,27.8,26.2,0.35,0.42,0.0,0.0,1.5,1.5,27500.0,G16_47_H11
2024-03-29 00:00:00,27.0,13.0,21.0,5.0,27.0,5.8,2900.0,2.3,40.0,0.8,0.66,28.3,26.1,0.36,0.45,0.0,0.0,1.5,1.5,27500.0,G16_47_H11
2024-03-30 00:00:00,28.0,18.0,22.0,6.0,17.0,6.3,3150.0,0.05,64.0,0.82,0.57,31.0,26.3,0.45,1.65,0.0,0.0,1.5,2.5,27500.0,G16_47_H11
2024-03-31 00:00:00,22.0,11.0,23.0,12.0,15.0,6.6,3300.0,3.7,64.0,0.79,0.59,27.7,25.5,0.36,0.55,0.0,0.0,1.5,1.5,27500.0,G16_47_H11
2024-04-01 00:00:00,27.0,15.0,24.0,7.0,15.0,7.0,3500.0,6.95,56.0,0.84,0.51,29.6,25.6,0.36,1.6,0.0,0.0,1.5,3.0,27500.0,G16_47_H11
2024-04-02 00:00:00,20.0,13.0,25.0,10.0,21.0,7.3,3650.0,0.0,76.0,0.84,0.64,27.8,26.3,0.48,0.65,0.0,0.0,1.5,1.5,27500.0,G16_47_H11
2024-04-03 00:00:00,17.0,9.0,26.0,8.0,14.0,7.45,3725.0,0.05,68.0,0.83,0.71,26.5,24.8,0.4,0.45,0.0,0.0,1.5,1.5,27500.0,G16_47_H11
2024-04-04 00:00:00,16.0,6.0,27.0,11.0,26.0,7.45,3725.0,1.15,56.0,0.82,0.59,26.4,24.4,0.38,0.47,0.0,0.0,1.5,1.5,27500.0,G16_47_H11
2024-04-05 00:00:00,18.0,9.0,28.0,9.0,19.0,7.6,3800.0,9.35,56.0,0.77,0.53,26.6,24.2,0.37,0.5,0.0,0.0,1.5,1.5,27500.0,G16_47_H11
2024-04-06 00:00:00,18.0,11.0,29.0,7.0,14.0,7.8,3900.0,0.6,60.0,0.77,0.56,26.5,24.2,0.37,0.55,0.0,0.0,1.5,1.5,27500.0,G16_47_H11
2024-04-07 00:00:00,17.0,12.0,30.0,14.0,58.0,8.0,4000.0,0.15,60.0,0.83,0.59,26.3,24.0,0.37,0.7,0.0,0.0,1.5,2.0,27500.0,G16_47_H11
2024-04-08 00:00:00,18.0,8.0,31.0,19.0,42.0,7.8,3900.0,0.05,72.0,0.82,0.61,25.7,23.5,0.36,0.66,0.0,0.0,1.5,2.0,27500.0,G16_47_H11
2024-04-09 00:00:00,23.0,11.0,32.0,23.0,38.0,7.6,3800.0,0.05,72.0,0.86,0.55,26.3,23.0,0.36,1.1,0.0,0.0,1.5,3.5,27500.0,G16_47_H11
2024-04-10 00:00:00,23.0,12.0,33.0,32.0,50.0,7.4,3700.0,0.0,84.0,0.76,0.41,26.7,22.8,0.36,1.2,0.0,0.0,1.5,4.0,27500.0,G16_47_H11
2024-04-11 00:00:00,22.0,13.0,34.0,50.0,62.0,7.2,3600.0,0.0,100.0,0.78,0.59,25.9,23.0,0.37,1.15,0.0,0.0,1.5,4.0,27500.0,G16_47_H11
2024-04-12 00:00:00,23.0,14.0,35.0,80.0,42.0,7.3,3650.0,0.0,100.0,0.85,0.61,25.3,22.7,0.55,1.1,0.0,0.0,2.0,4.0,27500.0,G16_47_H11
2024-04-13 00:00:00,19.0,14.0,36.0,82.0,31.0,7.1,3550.0,0.0,104.0,0.83,0.74,24.0,22.1,0.6,1.05,0.0,1.0,2.0,4.0,27500.0,G16_47_H11
2024-04-14 00:00:00,22.0,14.0,37.0,96.0,0.0,7.0,3500.0,0.0,120.0,0.87,0.76,23.3,21.5,0.58,1.0,0.0,1.0,2.0,4.0,27500.0,G16_47_H11
2024-04-15 00:00:00,25.0,15.0,38.0,0.0,0.0,0.0,0.0,0.0,0.0,0.0,0.0,0.0,0.0,0.0,0.0,0.0,0.0,0.0,0.0,27500.0,G16_47_H11
2024-03-07 00:00:00,14.0,1.0,,,,,,,,,,,,,,,,,,28000.0,G16_47_H12
2024-03-08 00:00:00,12.0,0.0,0.0,,,,,,,,,,,,,,,,,28000.0,G16_47_H12
2024-03-09 00:00:00,12.0,2.0,1.0,17.0,0.0,0.7,350.0,388.0,56.0,0.45,0.41,35.7,33.4,0.6,0.6,0.0,0.0,1.0,1.0,28000.0,G16_47_H12
2024-03-10 00:00:00,16.0,5.0,2.0,9.0,7.0,0.9,450.0,218.0,56.0,0.6,0.43,35.3,33.0,0.58,0.58,0.0,0.0,1.0,1.0,28000.0,G16_47_H12
2024-03-11 00:00:00,21.0,6.0,3.0,18.0,12.0,1.1,550.0,193.0,52.0,0.65,0.51,34.8,32.7,0.55,0.55,0.0,0.0,1.0,1.0,28000.0,G16_47_H12
2024-03-12 00:00:00,16.0,4.0,4.0,17.0,16.0,1.3,650.0,149.0,48.0,0.74,0.6,33.8,31.9,0.55,0.55,0.0,0.0,1.0,1.0,28000.0,G16_47_H12
2024-03-13 00:00:00,16.0,7.0,5.0,12.0,17.0,1.45,725.0,188.0,52.0,0.75,0.6,33.2,30.7,0.52,0.52,0.0,0.0,1.0,1.0,28000.0,G16_47_H12
2024-03-14 00:00:00,16.0,5.0,6.0,10.0,19.0,1.55,775.0,140.0,44.0,0.76,0.62,32.5,30.2,0.52,0.52,0.0,0.0,1.0,1.0,28000.0,G16_47_H12
2024-03-15 00:00:00,19.0,5.0,7.0,7.0,20.0,1.75,875.0,163.0,48.0,0.76,0.65,32.0,29.4,0.5,0.5,0.0,0.0,1.0,1.0,28000.0,G16_47_H12
2024-03-16 00:00:00,22.0,10.0,8.0,28.0,230.0,1.95,975.0,114.5,36.0,0.78,0.66,31.3,29.0,0.49,0.49,0.0,0.0,1.0,1.0,28000.0,G16_47_H12
2024-03-17 00:00:00,12.0,5.0,9.0,19.0,7.0,2.15,1075.0,65.0,32.0,0.8,0.66,30.8,28.8,0.48,0.5,0.0,0.0,1.0,1.0,28000.0,G16_47_H12
2024-03-18 00:00:00,11.0,4.0,10.0,9.0,11.0,2.35,1175.0,162.0,32.0,0.76,0.59,30.4,28.1,0.45,0.47,0.0,0.0,1.0,1.0,28000.0,G16_47_H12
2024-03-19 00:00:00,17.0,3.0,11.0,4.0,8.0,2.75,1375.0,140.0,32.0,0.8,0.58,30.1,27.9,0.44,0.47,0.0,0.0,1.0,1.0,28000.0,G16_47_H12
2024-03-20 00:00:00,18.0,5.0,12.0,6.0,27.0,3.15,1575.0,97.5,32.0,0.8,0.62,29.7,27.8,0.42,0.45,0.0,0.0,1.0,1.0,28000.0,G16_47_H12
2024-03-21 00:00:00,24.0,9.0,13.0,5.0,38.0,3.5,1750.0,86.5,28.0,0.8,0.6,29.5,27.5,0.42,0.52,0.0,0.0,1.0,1.0,28000.0,G16_47_H12
2024-03-22 00:00:00,26.0,14.0,14.0,6.0,32.0,3.8,1900.0,36.85,28.0,0.82,0.59,29.1,27.3,0.41,0.5,0.0,0.0,1.0,1.5,28000.0,G16_47_H12
2024-03-23 00:00:00,19.0,13.0,15.0,4.0,35.0,4.25,2125.0,8.3,36.0,0.76,0.58,29.6,27.3,0.42,0.8,0.0,0.0,1.5,1.5,28000.0,G16_47_H12
2024-03-24 00:00:00,17.0,10.0,16.0,7.0,44.0,4.6,2300.0,16.5,32.0,0.8,0.64,29.3,27.4,0.45,0.58,0.0,0.0,1.5,1.5,28000.0,G16_47_H12
2024-03-25 00:00:00,11.0,5.0,17.0,9.0,30.0,5.0,2500.0,17.25,36.0,0.78,0.63,29.0,27.1,0.44,0.54,0.0,0.0,1.5,1.5,28000.0,G16_47_H12
2024-03-26 00:00:00,15.0,8.0,18.0,8.0,36.0,5.3,2650.0,39.15,32.0,0.8,0.63,28.9,26.8,0.4,0.47,0.0,0.0,1.5,1.5,28000.0,G16_47_H12
2024-03-27 00:00:00,15.0,10.0,19.0,5.0,26.0,5.45,2725.0,14.6,44.0,0.77,0.61,28.7,26.8,0.4,0.56,0.0,0.0,1.5,1.5,28000.0,G16_47_H12
2024-03-28 00:00:00,20.0,11.0,20.0,6.0,24.0,5.8,2900.0,12.65,44.0,0.75,0.62,28.1,26.4,0.42,0.5,0.0,0.0,1.5,1.5,28000.0,G16_47_H12
2024-03-29 00:00:00,27.0,13.0,21.0,5.0,20.0,6.2,3100.0,2.3,52.0,0.76,0.63,28.5,26.3,0.42,0.55,0.0,0.0,1.5,1.5,28000.0,G16_47_H12
2024-03-30 00:00:00,28.0,18.0,22.0,4.0,14.0,6.55,3275.0,0.05,84.0,0.72,0.57,31.0,26.9,0.53,1.65,0.0,0.0,1.5,2.5,28000.0,G16_47_H12
2024-03-31 00:00:00,22.0,11.0,23.0,3.0,13.0,7.0,3500.0,3.7,72.0,0.68,0.53,27.8,26.0,0.45,0.75,0.0,0.0,1.5,1.5,28000.0,G16_47_H12
2024-04-01 00:00:00,27.0,15.0,24.0,4.0,12.0,7.4,3700.0,6.95,72.0,0.73,0.51,29.4,26.1,0.47,1.6,0.0,0.0,1.5,3.0,28000.0,G16_47_H12
2024-04-02 00:00:00,20.0,13.0,25.0,7.0,13.0,7.8,3900.0,0.0,96.0,0.76,0.6,28.4,26.7,0.65,1.0,0.0,0.0,1.5,2.0,28000.0,G16_47_H12
2024-04-03 00:00:00,17.0,9.0,26.0,5.0,13.0,8.2,4100.0,0.05,88.0,0.76,0.65,27.0,25.6,0.52,0.63,0.0,0.0,1.5,1.5,28000.0,G16_47_H12
2024-04-04 00:00:00,16.0,6.0,27.0,7.0,15.0,8.0,4000.0,1.15,76.0,0.71,0.56,26.8,25.3,0.45,0.6,0.0,0.0,1.5,1.5,28000.0,G16_47_H12
2024-04-05 00:00:00,18.0,9.0,28.0,9.0,26.0,8.0,4000.0,9.35,72.0,0.69,0.52,27.0,25.1,0.41,0.75,0.0,0.0,1.5,2.0,28000.0,G16_47_H12
2024-04-06 00:00:00,18.0,11.0,29.0,10.0,28.0,8.4,4200.0,0.6,84.0,0.68,0.53,27.0,25.3,0.42,0.72,0.0,0.0,1.5,2.0,28000.0,G16_47_H12
2024-04-07 00:00:00,17.0,12.0,30.0,19.0,90.0,8.4,4200.0,0.15,84.0,0.71,0.57,26.6,25.2,0.45,0.8,0.0,1.0,1.5,2.0,28000.0,G16_47_H12
2024-04-08 00:00:00,18.0,8.0,31.0,34.0,120.0,8.3,4150.0,0.05,88.0,0.75,0.59,26.1,24.4,0.45,0.82,0.0,0.0,1.5,2.5,28000.0,G16_47_H12
2024-04-09 00:00:00,23.0,11.0,32.0,38.0,124.0,7.7,3850.0,0.05,88.0,0.71,0.55,26.8,24.1,0.45,1.25,0.0,0.0,1.5,4.0,28000.0,G16_47_H12
2024-04-10 00:00:00,23.0,12.0,33.0,40.0,148.0,7.4,3700.0,0.0,100.0,0.66,0.4,27.1,23.9,0.45,1.25,0.0,0.0,1.5,4.7,28000.0,G16_47_H12
2024-04-11 00:00:00,22.0,13.0,34.0,45.0,124.0,7.2,3600.0,0.0,112.0,0.69,0.58,26.2,24.0,0.55,1.32,0.0,0.0,2.0,4.7,28000.0,G16_47_H12
2024-04-12 00:00:00,23.0,14.0,35.0,60.0,59.0,7.6,3800.0,0.0,112.0,0.76,0.58,25.9,23.6,0.72,1.35,0.0,0.0,2.7,5.0,28000.0,G16_47_H12
2024-04-13 00:00:00,19.0,14.0,36.0,52.0,15.0,8.0,4000.0,0.0,96.0,0.76,0.68,24.6,23.1,0.77,1.3,0.0,0.0,3.0,5.0,28000.0,G16_47_H12
2024-04-14 00:00:00,22.0,14.0,37.0,45.0,4.0,8.4,4200.0,0.0,196.0,0.77,0.71,24.1,22.4,0.74,1.25,0.0,0.0,3.0,5.0,28000.0,G16_47_H12
2024-04-15 00:00:00,25.0,15.0,38.0,0.0,0.0,0.0,0.0,0.0,0.0,0.0,0.0,0.0,0.0,0.0,0.0,0.0,0.0,0.0,0.0,28000.0,G16_47_H12
2024-03-07 00:00:00,14.0,1.0,,,,,,,,,,,,,,,,,,27900.0,G16_47_H13
2024-03-08 00:00:00,12.0,0.0,0.0,,,,,,,,,,,,,,,,,27900.0,G16_47_H13
2024-03-09 00:00:00,12.0,2.0,1.0,26.0,5.0,0.7,350.0,388.0,44.0,0.43,0.39,35.9,33.2,0.6,0.6,0.0,0.0,1.0,1.0,27900.0,G16_47_H13
2024-03-10 00:00:00,16.0,5.0,2.0,13.0,10.0,0.9,450.0,218.0,44.0,0.63,0.42,35.0,32.8,0.58,0.58,0.0,0.0,1.0,1.0,27900.0,G16_47_H13
2024-03-11 00:00:00,21.0,6.0,3.0,17.0,13.0,1.1,550.0,193.0,48.0,0.69,0.54,34.7,32.2,0.55,0.55,0.0,0.0,1.0,1.0,27900.0,G16_47_H13
2024-03-12 00:00:00,16.0,4.0,4.0,12.0,14.0,1.3,650.0,149.0,40.0,0.73,0.62,33.8,31.4,0.55,0.55,0.0,0.0,1.0,1.0,27900.0,G16_47_H13
2024-03-13 00:00:00,16.0,7.0,5.0,17.0,16.0,1.45,725.0,188.0,48.0,0.74,0.63,33.2,30.5,0.52,0.52,0.0,0.0,1.0,1.0,27900.0,G16_47_H13
2024-03-14 00:00:00,16.0,5.0,6.0,6.0,7.0,1.55,775.0,140.0,40.0,0.74,0.63,32.5,29.9,0.52,0.52,0.0,0.0,1.0,1.0,27900.0,G16_47_H13
2024-03-15 00:00:00,19.0,5.0,7.0,5.0,8.0,1.75,875.0,163.0,44.0,0.79,0.64,32.7,29.1,0.5,0.5,0.0,0.0,1.0,1.0,27900.0,G16_47_H13
2024-03-16 00:00:00,22.0,10.0,8.0,12.0,204.0,1.95,975.0,114.5,32.0,0.75,0.66,31.1,28.6,0.49,0.49,0.0,0.0,1.0,1.0,27900.0,G16_47_H13
2024-03-17 00:00:00,12.0,5.0,9.0,21.0,14.0,2.15,1075.0,65.0,28.0,0.79,0.67,31.1,28.5,0.48,0.5,0.0,0.0,1.0,1.0,27900.0,G16_47_H13
2024-03-18 00:00:00,11.0,4.0,10.0,4.0,2.0,2.35,1175.0,162.0,32.0,0.75,0.58,30.7,27.9,0.45,0.47,0.0,0.0,1.0,1.0,27900.0,G16_47_H13
2024-03-19 00:00:00,17.0,3.0,11.0,14.0,10.0,2.75,1375.0,140.0,32.0,0.77,0.55,30.4,27.4,0.44,0.47,0.0,0.0,1.0,1.0,27900.0,G16_47_H13
2024-03-20 00:00:00,18.0,5.0,12.0,6.0,9.0,3.15,1575.0,97.5,28.0,0.78,0.62,29.7,27.4,0.42,0.45,0.0,0.0,1.0,1.0,27900.0,G16_47_H13
2024-03-21 00:00:00,24.0,9.0,13.0,5.0,32.0,3.5,1750.0,86.5,32.0,0.79,0.63,29.3,27.4,0.42,0.52,0.0,0.0,1.0,1.0,27900.0,G16_47_H13
2024-03-22 00:00:00,26.0,14.0,14.0,7.0,31.0,3.8,1900.0,36.85,28.0,0.78,0.6,29.4,26.9,0.41,0.5,0.0,0.0,1.0,1.5,27900.0,G16_47_H13
2024-03-23 00:00:00,19.0,13.0,15.0,7.0,19.0,4.3,2150.0,8.3,28.0,0.76,0.6,29.6,27.1,0.42,0.8,0.0,0.0,1.5,1.5,27900.0,G16_47_H13
2024-03-24 00:00:00,17.0,10.0,16.0,11.0,27.0,4.5,2250.0,16.5,24.0,0.77,0.65,28.8,26.5,0.4,0.45,0.0,0.0,1.5,1.5,27900.0,G16_47_H13
2024-03-25 00:00:00,11.0,5.0,17.0,4.0,33.0,4.9,2450.0,17.25,24.0,0.76,0.66,28.5,26.7,0.4,0.45,0.0,0.0,1.5,1.5,27900.0,G16_47_H13
2024-03-26 00:00:00,15.0,8.0,18.0,5.0,48.0,5.25,2625.0,39.15,32.0,0.78,0.64,28.4,26.0,0.38,0.43,0.0,0.0,1.5,1.5,27900.0,G16_47_H13
2024-03-27 00:00:00,15.0,10.0,19.0,7.0,30.0,5.4,2700.0,14.6,28.0,0.76,0.63,28.1,25.9,0.37,0.46,0.0,0.0,1.5,1.5,27900.0,G16_47_H13
2024-03-28 00:00:00,20.0,11.0,20.0,4.0,23.0,5.8,2900.0,12.65,32.0,0.76,0.63,27.5,26.1,0.37,0.42,0.0,0.0,1.5,1.5,27900.0,G16_47_H13
2024-03-29 00:00:00,27.0,13.0,21.0,2.0,18.0,5.9,2950.0,2.3,40.0,0.78,0.67,27.9,25.8,0.38,0.45,0.0,0.0,1.5,1.5,27900.0,G16_47_H13
2024-03-30 00:00:00,28.0,18.0,22.0,5.0,14.0,6.4,3200.0,0.05,56.0,0.76,0.58,31.0,25.9,0.45,1.65,0.0,0.0,1.5,2.5,27900.0,G16_47_H13
2024-03-31 00:00:00,22.0,11.0,23.0,6.0,7.0,6.9,3450.0,3.7,60.0,0.73,0.56,28.0,25.4,0.38,0.7,0.0,0.0,1.5,1.5,27900.0,G16_47_H13
2024-04-01 00:00:00,27.0,15.0,24.0,4.0,23.0,7.3,3650.0,6.95,52.0,0.76,0.54,29.4,25.5,0.39,1.6,0.0,0.0,1.5,3.0,27900.0,G16_47_H13
2024-04-02 00:00:00,20.0,13.0,25.0,17.0,25.0,7.5,3750.0,0.0,72.0,0.79,0.64,27.9,25.8,0.49,0.65,0.0,0.0,1.5,1.5,27900.0,G16_47_H13
2024-04-03 00:00:00,17.0,9.0,26.0,11.0,26.0,7.5,3750.0,0.05,56.0,0.78,0.7,26.4,24.4,0.41,0.46,0.0,0.0,1.5,1.5,27900.0,G16_47_H13
2024-04-04 00:00:00,16.0,6.0,27.0,4.0,24.0,7.3,3650.0,1.15,52.0,0.78,0.6,26.3,24.2,0.4,0.49,0.0,0.0,1.5,1.5,27900.0,G16_47_H13
2024-04-05 00:00:00,18.0,9.0,28.0,7.0,33.0,7.5,3750.0,9.35,48.0,0.74,0.54,26.6,24.3,0.37,0.55,0.0,0.0,1.5,1.5,27900.0,G16_47_H13
2024-04-06 00:00:00,18.0,11.0,29.0,15.0,70.0,7.7,3850.0,0.6,56.0,0.75,0.58,26.4,24.3,0.38,0.55,0.0,0.0,1.5,1.5,27900.0,G16_47_H13
2024-04-07 00:00:00,17.0,12.0,30.0,25.0,48.0,8.0,4000.0,0.15,56.0,0.79,0.64,26.3,23.8,0.38,0.7,0.0,0.0,1.5,2.0,27900.0,G16_47_H13
2024-04-08 00:00:00,18.0,8.0,31.0,18.0,47.0,8.0,4000.0,0.05,64.0,0.78,0.61,25.6,23.4,0.38,0.82,0.0,0.0,1.5,2.5,27900.0,G16_47_H13
2024-04-09 00:00:00,23.0,11.0,32.0,27.0,44.0,7.8,3900.0,0.05,64.0,0.78,0.56,26.4,22.8,0.38,1.1,0.0,0.0,1.5,3.5,27900.0,G16_47_H13
2024-04-10 00:00:00,23.0,12.0,33.0,45.0,35.0,7.9,3950.0,0.0,80.0,0.72,0.41,26.8,22.8,0.38,1.25,0.0,0.0,1.5,4.7,27900.0,G16_47_H13
2024-04-11 00:00:00,22.0,13.0,34.0,39.0,36.0,7.9,3950.0,0.0,88.0,0.74,0.59,25.7,23.1,0.4,1.15,0.0,0.0,1.5,4.0,27900.0,G16_47_H13
2024-04-12 00:00:00,23.0,14.0,35.0,61.0,38.0,8.1,4050.0,0.0,88.0,0.78,0.62,25.4,22.8,0.55,1.25,0.0,0.0,2.0,4.7,27900.0,G16_47_H13
2024-04-13 00:00:00,19.0,14.0,36.0,58.0,32.0,8.1,4050.0,0.0,100.0,0.78,0.72,24.0,22.0,0.7,1.2,0.0,0.0,2.7,4.7,27900.0,G16_47_H13
2024-04-14 00:00:00,22.0,14.0,37.0,45.0,14.0,8.0,4000.0,0.0,128.0,0.79,0.73,23.1,21.5,0.67,1.16,0.0,0.0,2.7,4.7,27900.0,G16_47_H13
2024-04-15 00:00:00,25.0,15.0,38.0,0.0,0.0,0.0,0.0,0.0,0.0,0.0,0.0,0.0,0.0,0.0,0.0,0.0,0.0,0.0,0.0,27900.0,G16_47_H13
2024-03-07 00:00:00,14.0,1.0,,,,,,,,,,,,,,,,,,28000.0,G16_47_H14
2024-03-08 00:00:00,12.0,0.0,0.0,0.0,0.0,0.0,0.0,0.0,0.0,0.0,0.0,0.0,0.0,0.0,0.0,0.0,0.0,0.0,0.0,28000.0,G16_47_H14
2024-03-09 00:00:00,12.0,2.0,1.0,40.0,4.0,0.7,350.0,388.0,52.0,0.44,0.4,35.8,33.1,0.6,0.6,0.0,0.0,1.0,1.0,28000.0,G16_47_H14
2024-03-10 00:00:00,16.0,5.0,2.0,13.0,14.0,0.9,450.0,218.0,52.0,0.55,0.4,35.1,33.0,0.58,0.58,0.0,0.0,1.0,1.0,28000.0,G16_47_H14
2024-03-11 00:00:00,21.0,6.0,3.0,15.0,16.0,1.1,550.0,193.0,56.0,0.61,0.52,34.7,32.5,0.55,0.55,0.0,0.0,1.0,1.0,28000.0,G16_47_H14
2024-03-12 00:00:00,16.0,4.0,4.0,13.0,17.0,1.3,650.0,149.0,44.0,0.7,0.57,33.8,31.8,0.55,0.55,0.0,0.0,1.0,1.0,28000.0,G16_47_H14
2024-03-13 00:00:00,16.0,7.0,5.0,14.0,13.0,1.45,725.0,188.0,56.0,0.7,0.57,33.2,30.8,0.52,0.52,0.0,0.0,1.0,1.0,28000.0,G16_47_H14
2024-03-14 00:00:00,16.0,5.0,6.0,6.0,20.0,1.55,775.0,140.0,44.0,0.7,0.59,32.4,30.2,0.52,0.52,0.0,0.0,1.0,1.0,28000.0,G16_47_H14
2024-03-15 00:00:00,19.0,5.0,7.0,5.0,10.0,1.75,875.0,163.0,44.0,0.71,0.64,32.0,29.5,0.5,0.5,0.0,0.0,1.0,1.0,28000.0,G16_47_H14
2024-03-16 00:00:00,22.0,10.0,8.0,8.0,207.0,1.95,975.0,114.5,40.0,0.72,0.65,31.1,29.1,0.49,0.49,0.0,0.0,1.0,1.0,28000.0,G16_47_H14
2024-03-17 00:00:00,12.0,5.0,9.0,20.0,1.0,2.15,1075.0,65.0,28.0,0.72,0.67,31.0,28.8,0.48,0.5,0.0,0.0,1.0,1.0,28000.0,G16_47_H14
2024-03-18 00:00:00,11.0,4.0,10.0,17.0,10.0,2.35,1175.0,162.0,36.0,0.72,0.58,30.6,28.2,0.45,0.47,0.0,0.0,1.0,1.0,28000.0,G16_47_H14
2024-03-19 00:00:00,17.0,3.0,11.0,2.0,4.0,2.75,1375.0,140.0,28.0,0.72,0.58,29.9,28.0,0.44,0.47,0.0,0.0,1.0,1.0,28000.0,G16_47_H14
2024-03-20 00:00:00,18.0,5.0,12.0,6.0,11.0,3.15,1575.0,97.5,28.0,0.72,0.65,29.6,27.9,0.42,0.45,0.0,0.0,1.0,1.0,28000.0,G16_47_H14
2024-03-21 00:00:00,24.0,9.0,13.0,4.0,18.0,3.5,1750.0,86.5,32.0,0.73,0.66,29.5,27.5,0.42,0.52,0.0,0.0,1.0,1.0,28000.0,G16_47_H14
2024-03-22 00:00:00,26.0,14.0,14.0,5.0,28.0,3.85,1925.0,36.85,28.0,0.73,0.64,29.5,27.5,0.41,0.5,0.0,0.0,1.0,1.5,28000.0,G16_47_H14
2024-03-23 00:00:00,19.0,13.0,15.0,9.0,26.0,4.3,2150.0,8.3,36.0,0.72,0.64,30.1,27.4,0.42,0.8,0.0,0.0,1.5,1.5,28000.0,G16_47_H14
2024-03-24 00:00:00,17.0,10.0,16.0,18.0,23.0,4.5,2250.0,16.5,36.0,0.73,0.66,29.2,27.5,0.45,0.58,0.0,0.0,1.5,1.5,28000.0,G16_47_H14
2024-03-25 00:00:00,11.0,5.0,17.0,18.0,52.0,5.0,2500.0,17.25,36.0,0.73,0.7,28.8,27.4,0.44,0.54,0.0,0.0,1.5,1.5,28000.0,G16_47_H14
2024-03-26 00:00:00,15.0,8.0,18.0,7.0,63.0,5.3,2650.0,39.15,32.0,0.73,0.69,28.7,26.8,0.4,0.47,0.0,0.0,1.5,1.5,28000.0,G16_47_H14
2024-03-27 00:00:00,15.0,10.0,19.0,11.0,47.0,5.45,2725.0,14.6,44.0,0.73,0.68,28.7,26.8,0.4,0.56,0.0,0.0,1.5,1.5,28000.0,G16_47_H14
2024-03-28 00:00:00,20.0,11.0,20.0,7.0,41.0,5.8,2900.0,12.65,44.0,0.73,0.67,27.9,26.6,0.42,0.5,0.0,0.0,1.5,1.5,28000.0,G16_47_H14
2024-03-29 00:00:00,27.0,13.0,21.0,3.0,37.0,6.2,3100.0,2.3,52.0,0.73,0.68,28.7,26.6,0.42,0.55,0.0,0.0,1.5,1.5,28000.0,G16_47_H14
2024-03-30 00:00:00,28.0,18.0,22.0,6.0,31.0,6.55,3275.0,0.05,84.0,0.73,0.63,31.1,27.0,0.53,1.65,0.0,0.0,1.5,2.5,28000.0,G16_47_H14
2024-03-31 00:00:00,22.0,11.0,23.0,8.0,30.0,6.9,3450.0,3.7,72.0,0.7,0.58,28.0,26.0,0.45,0.75,0.0,0.0,1.5,1.5,28000.0,G16_47_H14
2024-04-01 00:00:00,27.0,15.0,24.0,1.0,35.0,7.3,3650.0,6.95,68.0,0.73,0.59,30.0,26.3,0.47,1.6,0.0,0.0,1.5,3.0,28000.0,G16_47_H14
2024-04-02 00:00:00,20.0,13.0,25.0,9.0,21.0,7.65,3825.0,0.0,96.0,0.73,0.66,28.4,26.9,0.65,1.0,0.0,0.0,1.5,2.0,28000.0,G16_47_H14
2024-04-03 00:00:00,17.0,9.0,26.0,16.0,36.0,8.0,4000.0,0.05,52.0,0.73,0.69,27.1,25.7,0.52,0.63,0.0,0.0,1.5,1.5,28000.0,G16_47_H14
2024-04-04 00:00:00,16.0,6.0,27.0,10.0,62.0,8.0,4000.0,1.15,88.0,0.72,0.59,26.8,25.3,0.45,0.6,0.0,0.0,1.5,1.5,28000.0,G16_47_H14
2024-04-05 00:00:00,18.0,9.0,28.0,14.0,67.0,8.1,4050.0,9.35,72.0,0.7,0.56,27.2,25.1,0.41,0.75,0.0,0.0,1.5,2.0,28000.0,G16_47_H14
2024-04-06 00:00:00,18.0,11.0,29.0,15.0,30.0,8.45,4225.0,0.6,84.0,0.71,0.58,27.1,25.4,0.42,0.72,0.0,0.0,1.5,2.0,28000.0,G16_47_H14
2024-04-07 00:00:00,17.0,12.0,30.0,17.0,41.0,8.7,4350.0,0.15,84.0,0.73,0.64,26.8,25.2,0.47,0.8,0.0,1.0,1.5,2.0,28000.0,G16_47_H14
2024-04-08 00:00:00,18.0,8.0,31.0,28.0,69.0,8.8,4400.0,0.05,88.0,0.74,0.61,26.1,24.5,0.48,1.0,0.0,0.0,1.5,3.0,28000.0,G16_47_H14
2024-04-09 00:00:00,23.0,11.0,32.0,22.0,49.0,8.8,4400.0,0.05,88.0,0.73,0.59,26.9,24.0,0.48,1.25,0.0,0.0,1.5,4.0,28000.0,G16_47_H14
2024-04-10 00:00:00,23.0,12.0,33.0,27.0,35.0,8.8,4400.0,0.0,112.0,0.71,0.47,27.2,23.6,0.59,1.5,0.0,0.0,2.0,5.0,28000.0,G16_47_H14
2024-04-11 00:00:00,22.0,13.0,34.0,37.0,37.0,8.8,4400.0,0.0,120.0,0.73,0.63,26.3,23.9,0.55,1.32,0.0,0.0,2.0,4.7,28000.0,G16_47_H14
2024-04-12 00:00:00,23.0,14.0,35.0,60.0,20.0,8.5,4250.0,0.0,120.0,0.74,0.64,26.2,23.6,0.72,1.35,0.0,0.0,2.7,5.0,28000.0,G16_47_H14
2024-04-13 00:00:00,19.0,14.0,36.0,57.0,42.0,8.2,4100.0,0.0,134.0,0.74,0.7,24.6,23.1,0.77,1.3,0.0,0.0,3.0,5.0,28000.0,G16_47_H14
2024-04-14 00:00:00,22.0,14.0,37.0,44.0,11.0,8.1,4050.0,0.0,164.0,0.79,0.73,24.4,22.4,0.74,1.25,0.0,0.0,3.0,5.0,28000.0,G16_47_H14
2024-04-15 00:00:00,25.0,15.0,38.0,0.0,0.0,0.0,0.0,0.0,0.0,0.0,0.0,0.0,0.0,0.0,0.0,0.0,0.0,0.0,0.0,28000.0,G16_47_H14
2024-03-07 00:00:00,14.0,1.0,,,,,,,,,,,,,,,,,,28100.0,G16_47_H15
2024-03-08 00:00:00,12.0,0.0,0.0,,,,,,,,,,,,,,,,,28100.0,G16_47_H15
2024-03-09 00:00:00,12.0,2.0,1.0,37.0,5.0,0.7,350.0,388.0,48.0,0.52,0.45,35.7,33.3,0.6,0.6,0.0,0.0,1.0,1.0,28100.0,G16_47_H15
2024-03-10 00:00:00,16.0,5.0,2.0,18.0,7.0,0.9,450.0,218.0,48.0,0.66,0.45,35.3,32.7,0.58,0.58,0.0,0.0,1.0,1.0,28100.0,G16_47_H15
2024-03-11 00:00:00,21.0,6.0,3.0,24.0,9.0,1.1,550.0,193.0,48.0,0.69,0.62,34.6,32.1,0.55,0.55,0.0,0.0,1.0,1.0,28100.0,G16_47_H15
2024-03-12 00:00:00,16.0,4.0,4.0,17.0,17.0,1.3,650.0,149.0,44.0,0.7,0.64,34.0,31.3,0.55,0.55,0.0,0.0,1.0,1.0,28100.0,G16_47_H15
2024-03-13 00:00:00,16.0,7.0,5.0,14.0,14.0,1.45,725.0,188.0,44.0,0.7,0.64,33.4,30.3,0.52,0.52,0.0,0.0,1.0,1.0,28100.0,G16_47_H15
2024-03-14 00:00:00,16.0,5.0,6.0,8.0,15.0,1.55,775.0,140.0,44.0,0.7,0.66,32.4,29.8,0.52,0.52,0.0,0.0,1.0,1.0,28100.0,G16_47_H15
2024-03-15 00:00:00,19.0,5.0,7.0,3.0,5.0,1.75,875.0,163.0,44.0,0.71,0.66,32.5,28.9,0.5,0.5,0.0,0.0,1.0,1.0,28100.0,G16_47_H15
2024-03-16 00:00:00,22.0,10.0,8.0,20.0,237.0,1.95,975.0,114.5,40.0,0.71,0.67,31.7,28.5,0.49,0.49,0.0,0.0,1.0,1.0,28100.0,G16_47_H15
2024-03-17 00:00:00,12.0,5.0,9.0,23.0,4.0,2.15,1075.0,65.0,28.0,0.71,0.68,31.3,28.3,0.48,0.5,0.0,0.0,1.0,1.0,28100.0,G16_47_H15
2024-03-18 00:00:00,11.0,4.0,10.0,8.0,6.0,2.35,1175.0,162.0,40.0,0.71,0.61,30.8,27.8,0.45,0.47,0.0,0.0,1.0,1.0,28100.0,G16_47_H15
2024-03-19 00:00:00,17.0,3.0,11.0,5.0,11.0,2.75,1375.0,140.0,44.0,0.71,0.6,30.3,27.4,0.44,0.47,0.0,0.0,1.0,1.0,28100.0,G16_47_H15
2024-03-20 00:00:00,18.0,5.0,12.0,5.0,7.0,3.15,1575.0,97.5,24.0,0.71,0.65,29.7,27.2,0.42,0.45,0.0,0.0,1.0,1.0,28100.0,G16_47_H15
2024-03-21 00:00:00,24.0,9.0,13.0,3.0,16.0,3.45,1725.0,86.5,36.0,0.71,0.64,29.6,26.9,0.42,0.52,0.0,0.0,1.0,1.0,28100.0,G16_47_H15
2024-03-22 00:00:00,26.0,14.0,14.0,10.0,31.0,3.75,1875.0,36.85,28.0,0.71,0.64,29.5,26.8,0.41,0.5,0.0,0.0,1.0,1.5,28100.0,G16_47_H15
2024-03-23 00:00:00,19.0,13.0,15.0,4.0,25.0,4.25,2125.0,8.3,32.0,0.71,0.63,30.3,26.7,0.42,0.8,0.0,0.0,1.5,1.5,28100.0,G16_47_H15
2024-03-24 00:00:00,17.0,10.0,16.0,5.0,31.0,4.5,2250.0,16.5,24.0,0.71,0.62,29.2,26.6,0.4,0.45,0.0,0.0,1.5,1.5,28100.0,G16_47_H15
2024-03-25 00:00:00,11.0,5.0,17.0,5.0,25.0,4.8,2400.0,17.25,32.0,0.71,0.62,28.4,26.7,0.4,0.45,0.0,0.0,1.5,1.5,28100.0,G16_47_H15
2024-03-26 00:00:00,15.0,8.0,18.0,7.0,23.0,5.15,2575.0,39.15,32.0,0.71,0.6,28.0,25.9,0.38,0.43,0.0,0.0,1.5,1.5,28100.0,G16_47_H15
2024-03-27 00:00:00,15.0,10.0,19.0,6.0,21.0,5.3,2650.0,14.6,36.0,0.71,0.61,28.6,25.7,0.37,0.46,0.0,0.0,1.5,1.5,28100.0,G16_47_H15
2024-03-28 00:00:00,20.0,11.0,20.0,2.0,19.0,5.8,2900.0,12.65,36.0,0.71,0.61,27.7,26.0,0.37,0.42,0.0,0.0,1.5,1.5,28100.0,G16_47_H15
2024-03-29 00:00:00,27.0,13.0,21.0,1.0,22.0,5.8,2900.0,2.3,40.0,0.71,0.62,28.0,25.7,0.38,0.45,0.0,0.0,1.5,1.5,28100.0,G16_47_H15
2024-03-30 00:00:00,28.0,18.0,22.0,7.0,21.0,6.3,3150.0,0.05,64.0,0.7,0.59,31.2,25.9,0.45,1.65,0.0,0.0,1.5,2.5,28100.0,G16_47_H15
2024-03-31 00:00:00,22.0,11.0,23.0,6.0,24.0,6.8,3400.0,3.7,64.0,0.7,0.6,27.8,25.5,0.38,0.7,0.0,0.0,1.5,1.5,28100.0,G16_47_H15
2024-04-01 00:00:00,27.0,15.0,24.0,5.0,52.0,6.7,3350.0,6.95,52.0,0.7,0.56,29.6,25.5,0.39,1.6,0.0,0.0,1.5,3.0,28100.0,G16_47_H15
2024-04-02 00:00:00,20.0,13.0,25.0,9.0,40.0,6.9,3450.0,0.0,76.0,0.7,0.62,28.0,26.1,0.49,0.65,0.0,0.0,1.5,1.5,28100.0,G16_47_H15
2024-04-03 00:00:00,17.0,9.0,26.0,6.0,29.0,7.0,3500.0,0.05,60.0,0.7,0.61,26.5,24.7,0.41,0.46,0.0,0.0,1.5,1.5,28100.0,G16_47_H15
2024-04-04 00:00:00,16.0,6.0,27.0,7.0,21.0,6.8,3400.0,1.15,52.0,0.7,0.63,26.6,24.3,0.4,0.49,0.0,0.0,1.5,1.5,28100.0,G16_47_H15
2024-04-05 00:00:00,18.0,9.0,28.0,13.0,43.0,6.9,3450.0,9.35,52.0,0.7,0.59,26.8,24.5,0.37,0.55,0.0,0.0,1.5,1.5,28100.0,G16_47_H15
2024-04-06 00:00:00,18.0,11.0,29.0,14.0,37.0,6.9,3450.0,0.6,56.0,0.7,0.61,26.8,24.5,0.38,0.55,0.0,0.0,1.5,1.5,28100.0,G16_47_H15
2024-04-07 00:00:00,17.0,12.0,30.0,12.0,30.0,7.0,3500.0,0.15,56.0,0.7,0.61,26.6,24.3,0.38,0.7,0.0,0.0,1.5,2.0,28100.0,G16_47_H15
2024-04-08 00:00:00,18.0,8.0,31.0,18.0,22.0,7.1,3550.0,0.05,68.0,0.71,0.6,26.0,23.7,0.38,0.75,0.0,1.0,1.5,2.0,28100.0,G16_47_H15
2024-04-09 00:00:00,23.0,11.0,32.0,37.0,26.0,7.5,3750.0,0.05,68.0,0.71,0.58,26.5,23.1,0.38,1.1,0.0,0.0,1.5,3.5,28100.0,G16_47_H15
2024-04-10 00:00:00,23.0,12.0,33.0,33.0,6.0,8.0,4000.0,0.0,92.0,0.71,0.46,27.0,22.8,0.38,1.25,0.0,0.0,1.5,4.7,28100.0,G16_47_H15
2024-04-11 00:00:00,22.0,13.0,34.0,30.0,12.0,8.4,4200.0,0.0,96.0,0.71,0.62,25.7,23.0,0.4,1.15,0.0,0.0,1.5,4.0,28100.0,G16_47_H15
2024-04-12 00:00:00,23.0,14.0,35.0,60.0,40.0,8.7,4350.0,0.0,96.0,0.71,0.58,25.8,22.8,0.55,1.25,0.0,0.0,2.0,4.7,28100.0,G16_47_H15
2024-04-13 00:00:00,19.0,14.0,36.0,49.0,6.0,8.9,4450.0,0.0,118.0,0.78,0.69,24.2,22.2,0.7,1.2,0.0,0.0,2.7,4.7,28100.0,G16_47_H15
2024-04-14 00:00:00,22.0,14.0,37.0,52.0,0.0,8.8,4400.0,0.0,128.0,0.78,0.71,23.4,21.5,0.67,1.16,0.0,0.0,2.7,4.7,28100.0,G16_47_H15
2024-04-15 00:00:00,25.0,15.0,38.0,54.0,0.0,9.0,4500.0,0.0,144.0,0.8,0.61,26.7,21.1,0.65,2.15,0.0,0.0,2.7,9.0,28100.0,G16_47_H15
2024-03-07 00:00:00,14.0,1.0,,,,,,,,,,,,,,,,,,28500.0,G16_47_H16
2024-03-08 00:00:00,12.0,0.0,,,,,,,,,,,,,,,,,,28500.0,G16_47_H16
2024-03-09 00:00:00,12.0,2.0,0.0,,,,,,,,,,,,,,,,,28500.0,G16_47_H16
2024-03-10 00:00:00,16.0,5.0,1.0,26.0,9.0,0.75,375.0,218.0,52.0,0.41,0.38,35.8,33.3,0.6,0.6,0.0,0.0,1.0,1.0,28500.0,G16_47_H16
2024-03-11 00:00:00,21.0,6.0,2.0,15.0,5.0,0.95,475.0,193.0,52.0,0.57,0.41,34.9,33.2,0.58,0.58,0.0,0.0,1.0,1.0,28500.0,G16_47_H16
2024-03-12 00:00:00,16.0,4.0,3.0,12.0,8.0,1.15,575.0,149.0,48.0,0.64,0.52,34.5,32.4,0.56,0.56,0.0,0.0,1.0,1.0,28500.0,G16_47_H16
2024-03-13 00:00:00,16.0,7.0,4.0,15.0,16.0,1.25,625.0,188.0,52.0,0.71,0.55,33.7,31.7,0.55,0.55,0.0,0.0,1.0,1.0,28500.0,G16_47_H16
2024-03-14 00:00:00,16.0,5.0,5.0,20.0,30.0,1.4,700.0,140.0,44.0,0.72,0.57,33.1,31.0,0.52,0.52,0.0,0.0,1.0,1.0,28500.0,G16_47_H16
2024-03-15 00:00:00,19.0,5.0,6.0,12.0,17.0,1.6,800.0,163.0,48.0,0.73,0.63,32.4,30.1,0.52,0.52,0.0,0.0,1.0,1.0,28500.0,G16_47_H16
2024-03-16 00:00:00,22.0,10.0,7.0,11.0,16.0,1.8,900.0,114.5,44.0,0.74,0.66,31.6,29.6,0.5,0.5,0.0,0.0,1.0,1.0,28500.0,G16_47_H16
2024-03-17 00:00:00,12.0,5.0,8.0,38.0,220.0,2.0,1000.0,65.0,28.0,0.8,0.68,30.9,29.2,0.5,0.52,0.0,0.0,1.0,1.0,28500.0,G16_47_H16
2024-03-18 00:00:00,11.0,4.0,9.0,2.0,9.0,2.2,1100.0,162.0,40.0,0.76,0.55,30.4,28.4,0.47,0.5,0.0,0.0,1.0,1.0,28500.0,G16_47_H16
2024-03-19 00:00:00,17.0,3.0,10.0,7.0,21.0,2.55,1275.0,140.0,32.0,0.75,0.55,30.1,28.3,0.45,0.48,0.0,0.0,1.0,1.0,28500.0,G16_47_H16
2024-03-20 00:00:00,18.0,5.0,11.0,6.0,64.0,3.0,1500.0,97.5,32.0,0.78,0.63,30.1,28.2,0.44,0.47,0.0,0.0,1.0,1.0,28500.0,G16_47_H16
2024-03-21 00:00:00,24.0,9.0,12.0,6.0,117.0,3.35,1675.0,86.5,36.0,0.78,0.65,29.5,27.9,0.43,0.53,0.0,0.0,1.0,1.0,28500.0,G16_47_H16
2024-03-22 00:00:00,26.0,14.0,13.0,11.0,118.0,3.7,1850.0,36.85,24.0,0.79,0.61,29.4,27.7,0.42,0.5,0.0,0.0,1.0,1.5,28500.0,G16_47_H16
2024-03-23 00:00:00,19.0,13.0,14.0,12.0,118.0,4.1,2050.0,8.3,40.0,0.75,0.6,29.8,27.5,0.43,0.9,0.0,0.0,1.5,1.5,28500.0,G16_47_H16
2024-03-24 00:00:00,17.0,10.0,15.0,8.0,149.0,4.45,2225.0,16.5,32.0,0.79,0.66,29.5,27.5,0.45,0.6,0.0,0.0,1.5,1.5,28500.0,G16_47_H16
2024-03-25 00:00:00,11.0,5.0,16.0,9.0,126.0,4.8,2400.0,17.25,36.0,0.76,0.67,29.2,27.4,0.45,0.58,0.0,0.0,1.5,1.5,28500.0,G16_47_H16
2024-03-26 00:00:00,15.0,8.0,17.0,7.0,103.0,5.05,2525.0,39.15,36.0,0.77,0.66,29.1,27.0,0.4,0.46,0.0,0.0,1.5,1.5,28500.0,G16_47_H16
2024-03-27 00:00:00,15.0,10.0,18.0,6.0,61.0,5.4,2700.0,14.6,44.0,0.76,0.63,28.9,27.0,0.4,0.54,0.0,0.0,1.5,1.5,28500.0,G16_47_H16
2024-03-28 00:00:00,20.0,11.0,19.0,6.0,59.0,5.8,2900.0,12.65,44.0,0.75,0.63,28.1,26.8,0.42,0.52,0.0,0.0,1.5,1.5,28500.0,G16_47_H16
2024-03-29 00:00:00,27.0,13.0,20.0,7.0,26.0,5.9,2950.0,2.3,52.0,0.74,0.65,28.8,27.0,0.44,0.58,0.0,0.0,1.5,1.5,28500.0,G16_47_H16
2024-03-30 00:00:00,28.0,18.0,21.0,7.0,20.0,6.35,3175.0,0.05,72.0,0.72,0.6,30.9,27.1,0.55,1.7,0.0,0.0,1.5,2.5,28500.0,G16_47_H16
2024-03-31 00:00:00,22.0,11.0,22.0,6.0,18.0,6.8,3400.0,3.7,76.0,0.69,0.54,27.8,26.1,0.45,0.75,0.0,0.0,1.5,1.5,28500.0,G16_47_H16
2024-04-01 00:00:00,27.0,15.0,23.0,6.0,34.0,7.2,3600.0,6.95,68.0,0.75,0.55,29.6,26.3,0.48,1.62,0.0,0.0,1.5,3.0,28500.0,G16_47_H16
2024-04-02 00:00:00,20.0,13.0,24.0,10.0,57.0,7.5,3750.0,0.0,96.0,0.77,0.62,28.6,27.1,0.65,1.05,0.0,0.0,1.5,2.0,28500.0,G16_47_H16
2024-04-03 00:00:00,17.0,9.0,25.0,12.0,141.0,7.6,3800.0,0.05,52.0,0.75,0.68,27.0,25.8,0.53,0.64,0.0,0.0,1.5,1.5,28500.0,G16_47_H16
2024-04-04 00:00:00,16.0,6.0,26.0,11.0,152.0,7.6,3800.0,1.15,58.0,0.7,0.58,26.9,25.5,0.46,0.6,0.0,0.0,1.5,1.5,28500.0,G16_47_H16
2024-04-05 00:00:00,18.0,9.0,27.0,18.0,164.0,7.4,3700.0,9.35,68.0,0.69,0.53,27.2,25.5,0.42,0.6,0.0,0.0,1.5,1.5,28500.0,G16_47_H16
2024-04-06 00:00:00,18.0,11.0,28.0,29.0,176.0,7.3,3650.0,0.6,76.0,0.7,0.53,27.2,25.6,0.4,0.77,0.0,0.0,1.5,2.0,28500.0,G16_47_H16
2024-04-07 00:00:00,17.0,12.0,29.0,45.0,217.0,7.5,3750.0,0.15,76.0,0.73,0.61,27.0,25.4,0.44,0.85,0.0,1.0,1.5,2.0,28500.0,G16_47_H16
2024-04-08 00:00:00,18.0,8.0,30.0,45.0,205.0,7.5,3750.0,0.05,84.0,0.76,0.6,26.2,24.8,0.44,0.86,0.0,0.0,1.5,2.5,28500.0,G16_47_H16
2024-04-09 00:00:00,23.0,11.0,31.0,44.0,206.0,7.5,3750.0,0.05,84.0,0.72,0.57,26.9,24.2,0.44,1.15,0.0,0.0,1.5,3.5,28500.0,G16_47_H16
2024-04-10 00:00:00,23.0,12.0,32.0,47.0,80.0,7.6,3800.0,0.0,104.0,0.69,0.4,27.3,23.8,0.45,1.45,0.0,0.0,1.5,4.7,28500.0,G16_47_H16
2024-04-11 00:00:00,22.0,13.0,33.0,56.0,60.0,7.7,3850.0,0.0,108.0,0.7,0.58,26.2,24.0,0.58,1.2,0.0,0.0,2.0,4.0,28500.0,G16_47_H16
2024-04-12 00:00:00,23.0,14.0,34.0,65.0,22.0,8.0,4000.0,0.0,108.0,0.78,0.61,26.2,23.7,0.76,1.4,0.0,0.0,2.7,5.0,28500.0,G16_47_H16
2024-04-13 00:00:00,19.0,14.0,35.0,56.0,23.0,8.1,4050.0,0.0,106.0,0.78,0.71,25.0,23.6,0.8,1.35,0.0,0.0,3.0,5.0,28500.0,G16_47_H16
2024-04-14 00:00:00,22.0,14.0,36.0,63.0,0.0,8.2,4100.0,0.0,156.0,0.79,0.74,24.6,22.8,0.77,1.3,0.0,0.0,3.0,5.0,28500.0,G16_47_H16
2024-04-15 00:00:00,25.0,15.0,37.0,61.0,0.0,8.5,4250.0,0.0,172.0,0.79,0.61,27.0,22.1,0.75,2.2,0.0,0.0,3.0,9.0,28500.0,G16_47_H16
2024-03-07 00:00:00,14.0,1.0,,,,,,,,,,,,,,,,,,28600.0,G16_47_H17
2024-03-08 00:00:00,12.0,0.0,,,,,,,,,,,,,,,,,,28600.0,G16_47_H17
2024-03-09 00:00:00,12.0,2.0,0.0,,,,,,,,,,,,,,,,,28600.0,G16_47_H17
2024-03-10 00:00:00,16.0,5.0,1.0,19.0,6.0,0.75,375.0,218.0,48.0,0.42,0.38,35.6,33.2,0.6,0.6,0.0,0.0,1.0,1.0,28600.0,G16_47_H17
2024-03-11 00:00:00,21.0,6.0,2.0,18.0,4.0,0.95,475.0,193.0,48.0,0.64,0.43,35.3,32.9,0.58,0.58,0.0,0.0,1.0,1.0,28600.0,G16_47_H17
2024-03-12 00:00:00,16.0,4.0,3.0,22.0,9.0,1.15,575.0,149.0,48.0,0.68,0.54,34.6,32.2,0.56,0.56,0.0,0.0,1.0,1.0,28600.0,G16_47_H17
2024-03-13 00:00:00,16.0,7.0,4.0,19.0,0.0,1.25,625.0,188.0,48.0,0.7,0.61,33.7,31.3,0.55,0.55,0.0,0.0,1.0,1.0,28600.0,G16_47_H17
2024-03-14 00:00:00,16.0,5.0,5.0,15.0,8.0,1.4,700.0,140.0,44.0,0.72,0.66,33.2,30.7,0.52,0.52,0.0,0.0,1.0,1.0,28600.0,G16_47_H17
2024-03-15 00:00:00,19.0,5.0,6.0,8.0,17.0,1.6,800.0,163.0,48.0,0.72,0.67,32.7,29.7,0.52,0.52,0.0,0.0,1.0,1.0,28600.0,G16_47_H17
2024-03-16 00:00:00,22.0,10.0,7.0,9.0,15.0,1.8,900.0,114.5,40.0,0.72,0.67,32.0,29.1,0.5,0.5,0.0,0.0,1.0,1.0,28600.0,G16_47_H17
2024-03-17 00:00:00,12.0,5.0,8.0,21.0,227.0,2.0,1000.0,65.0,48.0,0.72,0.65,31.5,28.8,0.5,0.52,0.0,0.0,1.0,1.0,28600.0,G16_47_H17
2024-03-18 00:00:00,11.0,4.0,9.0,5.0,7.0,2.2,1100.0,162.0,28.0,0.72,0.6,31.3,28.0,0.47,0.5,0.0,0.0,1.0,1.0,28600.0,G16_47_H17
2024-03-19 00:00:00,17.0,3.0,10.0,6.0,19.0,2.55,1275.0,140.0,36.0,0.72,0.6,31.4,28.0,0.45,0.48,0.0,0.0,1.0,1.0,28600.0,G16_47_H17
2024-03-20 00:00:00,18.0,5.0,11.0,7.0,37.0,3.0,1500.0,97.5,36.0,0.72,0.63,30.4,27.6,0.44,0.47,0.0,0.0,1.0,1.0,28600.0,G16_47_H17
2024-03-21 00:00:00,24.0,9.0,12.0,8.0,71.0,3.35,1675.0,86.5,36.0,0.72,0.62,30.2,27.4,0.43,0.53,0.0,0.0,1.0,1.0,28600.0,G16_47_H17
2024-03-22 00:00:00,26.0,14.0,13.0,10.0,74.0,3.7,1850.0,36.85,32.0,0.72,0.63,29.4,27.2,0.42,0.5,0.0,0.0,1.0,1.5,28600.0,G16_47_H17
2024-03-23 00:00:00,19.0,13.0,14.0,9.0,93.0,4.1,2050.0,8.3,32.0,0.81,0.59,30.2,27.2,0.43,0.9,0.0,0.0,1.5,1.5,28600.0,G16_47_H17
2024-03-24 00:00:00,17.0,10.0,15.0,8.0,67.0,4.45,2225.0,16.5,32.0,0.72,0.64,29.6,27.2,0.42,0.5,0.0,0.0,1.5,1.5,28600.0,G16_47_H17
2024-03-25 00:00:00,11.0,5.0,16.0,12.0,120.0,4.75,2375.0,17.25,32.0,0.72,0.67,29.6,26.9,0.41,0.49,0.0,0.0,1.5,1.5,28600.0,G16_47_H17
2024-03-26 00:00:00,15.0,8.0,17.0,11.0,65.0,5.0,2500.0,39.15,36.0,0.72,0.64,28.8,25.9,0.39,0.43,0.0,0.0,1.5,1.5,28600.0,G16_47_H17
2024-03-27 00:00:00,15.0,10.0,18.0,7.0,64.0,5.3,2650.0,14.6,32.0,0.71,0.67,28.8,26.2,0.38,0.48,0.0,0.0,1.5,1.5,28600.0,G16_47_H17
2024-03-28 00:00:00,20.0,11.0,19.0,7.0,50.0,5.7,2850.0,12.65,40.0,0.72,0.65,28.2,26.3,0.38,0.45,0.0,0.0,1.5,1.5,28600.0,G16_47_H17
2024-03-29 00:00:00,27.0,13.0,20.0,7.0,56.0,5.75,2875.0,2.3,44.0,0.75,0.67,28.2,26.2,0.4,0.53,0.0,0.0,1.5,1.5,28600.0,G16_47_H17
2024-03-30 00:00:00,28.0,18.0,21.0,5.0,34.0,6.25,3125.0,0.05,68.0,0.72,0.59,30.9,26.2,0.46,1.7,0.0,0.0,1.5,2.5,28600.0,G16_47_H17
2024-03-31 00:00:00,22.0,11.0,22.0,4.0,21.0,6.7,3350.0,3.7,68.0,0.75,0.59,27.8,24.9,0.38,0.65,0.0,0.0,1.5,1.5,28600.0,G16_47_H17
2024-04-01 00:00:00,27.0,15.0,23.0,5.0,27.0,7.25,3625.0,6.95,68.0,0.71,0.56,29.6,25.9,0.4,1.62,0.0,0.0,1.5,3.0,28600.0,G16_47_H17
2024-04-02 00:00:00,20.0,13.0,24.0,9.0,57.0,7.65,3825.0,0.0,80.0,0.71,0.63,28.3,26.2,0.49,0.68,0.0,0.0,1.5,1.5,28600.0,G16_47_H17
2024-04-03 00:00:00,17.0,9.0,25.0,5.0,21.0,7.8,3900.0,0.05,68.0,0.75,0.68,26.7,24.9,0.42,0.48,0.0,0.0,1.5,1.5,28600.0,G16_47_H17
2024-04-04 00:00:00,16.0,6.0,26.0,7.0,23.0,7.8,3900.0,1.15,60.0,0.71,0.59,26.9,24.5,0.4,0.5,0.0,0.0,1.5,1.5,28600.0,G16_47_H17
2024-04-05 00:00:00,18.0,9.0,27.0,17.0,141.0,7.8,3900.0,9.35,60.0,0.68,0.55,26.9,24.2,0.38,0.55,0.0,0.0,1.5,1.5,28600.0,G16_47_H17
2024-04-06 00:00:00,18.0,11.0,28.0,18.0,190.0,7.7,3850.0,0.6,64.0,0.83,0.57,26.9,24.2,0.38,0.6,0.0,0.0,1.5,1.5,28600.0,G16_47_H17
2024-04-07 00:00:00,17.0,12.0,29.0,35.0,219.0,7.6,3800.0,0.15,64.0,0.78,0.63,26.9,24.2,0.38,0.72,0.0,0.0,1.5,2.0,28600.0,G16_47_H17
2024-04-08 00:00:00,18.0,8.0,30.0,33.0,257.0,7.4,3700.0,0.05,68.0,0.72,0.61,26.2,23.8,0.38,0.79,0.0,1.0,1.5,2.0,28600.0,G16_47_H17
2024-04-09 00:00:00,23.0,11.0,31.0,83.0,420.0,7.3,3650.0,0.05,68.0,0.72,0.58,26.6,23.1,0.38,1.0,0.0,0.0,1.5,3.0,28600.0,G16_47_H17
2024-04-10 00:00:00,23.0,12.0,32.0,44.0,481.0,7.0,3500.0,0.0,84.0,0.69,0.46,27.0,23.2,0.37,1.25,0.0,0.0,1.5,4.0,28600.0,G16_47_H17
2024-04-11 00:00:00,22.0,13.0,33.0,42.0,553.0,6.85,3425.0,0.0,92.0,0.7,0.6,25.8,23.1,0.37,1.08,0.0,0.0,1.5,3.7,28600.0,G16_47_H17
2024-04-12 00:00:00,23.0,14.0,34.0,31.0,400.0,6.7,3350.0,0.0,92.0,0.72,0.61,26.0,23.2,0.55,1.15,0.0,0.0,2.0,4.0,28600.0,G16_47_H17
2024-04-13 00:00:00,19.0,14.0,35.0,158.0,200.0,6.3,3150.0,0.0,96.0,0.73,0.69,24.3,22.9,0.62,1.1,0.0,1.0,2.0,4.0,28600.0,G16_47_H17
2024-04-14 00:00:00,22.0,14.0,36.0,200.0,0.0,6.2,3100.0,0.0,92.0,0.75,0.69,23.5,22.1,0.59,1.03,0.0,1.0,2.0,4.0,28600.0,G16_47_H17
2024-04-15 00:00:00,25.0,15.0,37.0,0.0,0.0,0.0,0.0,0.0,0.0,0.0,0.0,0.0,0.0,0.0,0.0,0.0,0.0,0.0,0.0,28600.0,G16_47_H17
2024-03-07 00:00:00,14.0,1.0,,,,,,,,,,,,,,,,,,28600.0,G16_47_H18
2024-03-08 00:00:00,12.0,0.0,,,,,,,,,,,,,,,,,,28600.0,G16_47_H18
2024-03-09 00:00:00,12.0,2.0,0.0,,,,,,,,,,,,,,,,,28600.0,G16_47_H18
2024-03-10 00:00:00,16.0,5.0,1.0,21.0,0.0,0.75,375.0,218.0,52.0,0.44,0.39,35.7,33.1,0.6,0.6,0.0,0.0,1.0,1.0,28600.0,G16_47_H18
2024-03-11 00:00:00,21.0,6.0,2.0,15.0,4.0,0.95,475.0,193.0,52.0,0.57,0.42,34.8,32.9,0.58,0.58,0.0,0.0,1.0,1.0,28600.0,G16_47_H18
2024-03-12 00:00:00,16.0,4.0,3.0,25.0,9.0,1.15,575.0,149.0,52.0,0.64,0.51,34.5,32.3,0.56,0.56,0.0,0.0,1.0,1.0,28600.0,G16_47_H18
2024-03-13 00:00:00,16.0,7.0,4.0,23.0,0.0,1.25,625.0,188.0,52.0,0.68,0.59,33.7,31.4,0.55,0.55,0.0,0.0,1.0,1.0,28600.0,G16_47_H18
2024-03-14 00:00:00,16.0,5.0,5.0,17.0,7.0,1.4,700.0,140.0,48.0,0.7,0.59,32.8,30.9,0.52,0.52,0.0,0.0,1.0,1.0,28600.0,G16_47_H18
2024-03-15 00:00:00,19.0,5.0,6.0,12.0,15.0,1.6,800.0,163.0,52.0,0.71,0.65,32.2,30.1,0.52,0.52,0.0,0.0,1.0,1.0,28600.0,G16_47_H18
2024-03-16 00:00:00,22.0,10.0,7.0,8.0,14.0,1.8,900.0,114.5,44.0,0.71,0.67,31.6,29.5,0.5,0.5,0.0,0.0,1.0,1.0,28600.0,G16_47_H18
2024-03-17 00:00:00,12.0,5.0,8.0,28.0,221.0,2.0,1000.0,65.0,40.0,0.72,0.68,31.0,29.1,0.5,0.52,0.0,0.0,1.0,1.0,28600.0,G16_47_H18
2024-03-18 00:00:00,11.0,4.0,9.0,22.0,9.0,2.2,1100.0,162.0,36.0,0.72,0.62,30.5,28.6,0.47,0.5,0.0,0.0,1.0,1.0,28600.0,G16_47_H18
2024-03-19 00:00:00,17.0,3.0,10.0,11.0,40.0,2.55,1275.0,140.0,36.0,0.71,0.61,30.0,28.3,0.45,0.48,0.0,0.0,1.0,1.0,28600.0,G16_47_H18
2024-03-20 00:00:00,18.0,5.0,11.0,9.0,93.0,3.0,1500.0,97.5,32.0,0.72,0.64,29.7,28.1,0.44,0.47,0.0,0.0,1.0,1.0,28600.0,G16_47_H18
2024-03-21 00:00:00,24.0,9.0,12.0,5.0,121.0,3.35,1675.0,86.5,28.0,0.72,0.63,29.5,27.8,0.43,0.53,0.0,0.0,1.0,1.0,28600.0,G16_47_H18
2024-03-22 00:00:00,26.0,14.0,13.0,9.0,173.0,3.7,1850.0,36.85,28.0,0.71,0.62,30.1,27.6,0.42,0.5,0.0,0.0,1.0,1.5,28600.0,G16_47_H18
2024-03-23 00:00:00,19.0,13.0,14.0,11.0,129.0,4.1,2050.0,8.3,40.0,0.71,0.6,30.2,27.5,0.43,0.9,0.0,0.0,1.5,1.5,28600.0,G16_47_H18
2024-03-24 00:00:00,17.0,10.0,15.0,17.0,142.0,4.45,2225.0,16.5,28.0,0.72,0.64,29.1,27.7,0.45,0.6,0.0,0.0,1.5,1.5,28600.0,G16_47_H18
2024-03-25 00:00:00,11.0,5.0,16.0,21.0,127.0,4.9,2450.0,17.25,40.0,0.72,0.67,29.1,27.3,0.45,0.58,0.0,0.0,1.5,1.5,28600.0,G16_47_H18
2024-03-26 00:00:00,15.0,8.0,17.0,9.0,66.0,5.1,2550.0,39.15,28.0,0.72,0.66,29.0,26.9,0.4,0.46,0.0,0.0,1.5,1.5,28600.0,G16_47_H18
2024-03-27 00:00:00,15.0,10.0,18.0,9.0,61.0,5.45,2725.0,14.6,40.0,0.72,0.65,28.8,27.0,0.4,0.54,0.0,0.0,1.5,1.5,28600.0,G16_47_H18
2024-03-28 00:00:00,20.0,11.0,19.0,5.0,68.0,5.8,2900.0,12.65,40.0,0.72,0.65,28.1,26.7,0.42,0.54,0.0,0.0,1.5,1.5,28600.0,G16_47_H18
2024-03-29 00:00:00,27.0,13.0,20.0,9.0,65.0,5.8,2900.0,2.3,40.0,0.71,0.66,28.6,26.8,0.44,0.58,0.0,0.0,1.5,1.5,28600.0,G16_47_H18
2024-03-30 00:00:00,28.0,18.0,21.0,10.0,60.0,6.15,3075.0,0.05,48.0,0.7,0.61,31.0,26.9,0.55,1.7,0.0,0.0,1.5,2.5,28600.0,G16_47_H18
2024-03-31 00:00:00,22.0,11.0,22.0,13.0,184.0,6.6,3300.0,3.7,68.0,0.67,0.55,28.3,26.2,0.45,0.75,0.0,0.0,1.5,1.5,28600.0,G16_47_H18
2024-04-01 00:00:00,27.0,15.0,23.0,12.0,185.0,7.1,3550.0,6.95,60.0,0.7,0.56,30.0,26.5,0.48,1.62,0.0,0.0,1.5,3.0,28600.0,G16_47_H18
2024-04-02 00:00:00,20.0,13.0,24.0,21.0,410.0,7.2,3600.0,0.0,88.0,0.72,0.63,28.8,27.2,0.6,1.05,0.0,0.0,1.5,2.0,28600.0,G16_47_H18
2024-04-03 00:00:00,17.0,9.0,25.0,11.0,480.0,7.0,3500.0,0.05,72.0,0.71,0.67,27.2,26.0,0.5,0.6,0.0,0.0,1.5,1.5,28600.0,G16_47_H18
2024-04-04 00:00:00,16.0,6.0,26.0,9.0,351.0,6.8,3400.0,1.15,72.0,0.69,0.59,27.2,25.6,0.46,0.6,0.0,0.0,1.5,1.5,28600.0,G16_47_H18
2024-04-05 00:00:00,18.0,9.0,27.0,9.0,419.0,6.85,3425.0,9.35,60.0,0.68,0.56,27.3,25.6,0.42,0.6,0.0,0.0,1.5,1.5,28600.0,G16_47_H18
2024-04-06 00:00:00,18.0,11.0,28.0,15.0,225.0,6.9,3450.0,0.6,64.0,0.68,0.55,27.3,25.7,0.4,0.77,0.0,0.0,1.5,2.0,28600.0,G16_47_H18
2024-04-07 00:00:00,17.0,12.0,29.0,37.0,516.0,7.2,3600.0,0.15,64.0,0.71,0.62,27.0,25.5,0.44,0.85,0.0,1.0,1.5,2.0,28600.0,G16_47_H18
2024-04-08 00:00:00,18.0,8.0,30.0,27.0,338.0,7.3,3650.0,0.05,80.0,0.72,0.61,26.3,24.7,0.45,0.86,0.0,0.0,1.5,2.5,28600.0,G16_47_H18
2024-04-09 00:00:00,23.0,11.0,31.0,62.0,200.0,7.3,3650.0,0.05,80.0,0.7,0.58,26.8,24.0,0.45,1.15,0.0,0.0,1.5,3.5,28600.0,G16_47_H18
2024-04-10 00:00:00,23.0,12.0,32.0,33.0,154.0,7.6,3800.0,0.0,92.0,0.68,0.47,27.0,24.2,0.45,1.45,0.0,0.0,1.5,4.7,28600.0,G16_47_H18
2024-04-11 00:00:00,22.0,13.0,33.0,27.0,165.0,7.6,3800.0,0.0,96.0,0.7,0.62,26.2,23.9,0.58,1.2,0.0,0.0,2.0,4.0,28600.0,G16_47_H18
2024-04-12 00:00:00,23.0,14.0,34.0,60.0,75.0,7.7,3850.0,0.0,96.0,0.73,0.63,26.3,23.8,0.65,1.4,0.0,1.0,2.0,5.0,28600.0,G16_47_H18
2024-04-13 00:00:00,19.0,14.0,35.0,60.0,20.0,7.5,3750.0,0.0,124.0,0.74,0.68,24.6,23.2,0.8,1.35,0.0,0.0,3.0,5.0,28600.0,G16_47_H18
2024-04-14 00:00:00,22.0,14.0,36.0,67.0,0.0,7.7,3850.0,0.0,132.0,0.74,0.7,24.0,22.7,0.77,1.3,0.0,0.0,3.0,5.0,28600.0,G16_47_H18
2024-04-15 00:00:00,25.0,15.0,37.0,65.0,19.0,7.7,3850.0,0.0,136.0,0.75,0.62,27.0,21.7,0.68,2.2,0.0,0.0,3.0,9.0,28600.0,G16_47_H18
2024-03-07 00:00:00,14.0,1.0,,,,,,,,,,,,,,,,,,28600.0,G16_47_H19
2024-03-08 00:00:00,12.0,0.0,,,,,,,,,,,,,,,,,,28600.0,G16_47_H19
2024-03-09 00:00:00,12.0,2.0,0.0,,,,,,,,,,,,,,,,,28600.0,G16_47_H19
2024-03-10 00:00:00,16.0,5.0,1.0,8.0,0.0,0.75,375.0,218.0,48.0,0.4,0.4,35.6,33.2,0.6,0.6,0.0,0.0,1.0,1.0,28600.0,G16_47_H19
2024-03-11 00:00:00,21.0,6.0,2.0,12.0,4.0,0.95,475.0,193.0,48.0,0.62,0.48,35.3,32.7,0.58,0.58,0.0,0.0,1.0,1.0,28600.0,G16_47_H19
2024-03-12 00:00:00,16.0,4.0,3.0,10.0,6.0,1.15,575.0,149.0,54.0,0.68,0.54,35.1,32.1,0.56,0.56,0.0,0.0,1.0,1.0,28600.0,G16_47_H19
2024-03-13 00:00:00,16.0,7.0,4.0,10.0,0.0,1.25,625.0,188.0,48.0,0.7,0.55,34.1,31.0,0.55,0.55,0.0,0.0,1.0,1.0,28600.0,G16_47_H19
2024-03-14 00:00:00,16.0,5.0,5.0,8.0,8.0,1.4,700.0,140.0,44.0,0.7,0.6,33.8,30.3,0.52,0.52,0.0,0.0,1.0,1.0,28600.0,G16_47_H19
2024-03-15 00:00:00,19.0,5.0,6.0,7.0,11.0,1.6,800.0,163.0,52.0,0.7,0.63,32.8,29.7,0.52,0.52,0.0,0.0,1.0,1.0,28600.0,G16_47_H19
2024-03-16 00:00:00,22.0,10.0,7.0,8.0,10.0,1.8,900.0,114.5,44.0,0.7,0.61,31.6,29.1,0.5,0.5,0.0,0.0,1.0,1.0,28600.0,G16_47_H19
2024-03-17 00:00:00,12.0,5.0,8.0,32.0,222.0,2.0,1000.0,65.0,36.0,0.69,0.59,31.0,28.8,0.5,0.52,0.0,0.0,1.0,1.0,28600.0,G16_47_H19
2024-03-18 00:00:00,11.0,4.0,9.0,16.0,8.0,2.2,1100.0,162.0,40.0,0.7,0.56,31.0,27.9,0.47,0.5,0.0,0.0,1.0,1.0,28600.0,G16_47_H19
2024-03-19 00:00:00,17.0,3.0,10.0,6.0,24.0,2.55,1275.0,140.0,36.0,0.71,0.6,30.9,27.6,0.45,0.48,0.0,0.0,1.0,1.0,28600.0,G16_47_H19
2024-03-20 00:00:00,18.0,5.0,11.0,4.0,41.0,3.0,1500.0,97.5,36.0,0.71,0.61,30.5,27.4,0.44,0.47,0.0,0.0,1.0,1.0,28600.0,G16_47_H19
2024-03-21 00:00:00,24.0,9.0,12.0,6.0,39.0,3.35,1675.0,86.5,36.0,0.71,0.61,30.2,27.1,0.43,0.53,0.0,0.0,1.0,1.0,28600.0,G16_47_H19
2024-03-22 00:00:00,26.0,14.0,13.0,4.0,59.0,3.7,1850.0,36.85,32.0,0.72,0.64,30.2,27.1,0.42,0.5,0.0,0.0,1.0,1.5,28600.0,G16_47_H19
2024-03-23 00:00:00,19.0,13.0,14.0,3.0,42.0,4.1,2050.0,8.3,32.0,0.72,0.62,30.1,27.1,0.43,0.9,0.0,0.0,1.5,1.5,28600.0,G16_47_H19
2024-03-24 00:00:00,17.0,10.0,15.0,4.0,75.0,4.45,2225.0,16.5,28.0,0.71,0.58,29.6,26.8,0.42,0.5,0.0,0.0,1.5,1.5,28600.0,G16_47_H19
2024-03-25 00:00:00,11.0,5.0,16.0,6.0,61.0,4.9,2450.0,17.25,32.0,0.71,0.62,29.2,26.5,0.41,0.49,0.0,0.0,1.5,1.5,28600.0,G16_47_H19
2024-03-26 00:00:00,15.0,8.0,17.0,8.0,44.0,5.0,2500.0,39.15,36.0,0.72,0.63,28.6,25.9,0.39,0.43,0.0,0.0,1.5,1.5,28600.0,G16_47_H19
2024-03-27 00:00:00,15.0,10.0,18.0,7.0,58.0,5.3,2650.0,14.6,32.0,0.71,0.62,28.7,26.0,0.38,0.48,0.0,0.0,1.5,1.5,28600.0,G16_47_H19
2024-03-28 00:00:00,20.0,11.0,19.0,6.0,33.0,5.7,2850.0,12.65,36.0,0.71,0.66,27.8,26.2,0.38,0.45,0.0,0.0,1.5,1.5,28600.0,G16_47_H19
2024-03-29 00:00:00,27.0,13.0,20.0,7.0,30.0,5.8,2900.0,2.3,40.0,0.72,0.66,28.0,26.2,0.4,0.53,0.0,0.0,1.5,1.5,28600.0,G16_47_H19
2024-03-30 00:00:00,28.0,18.0,21.0,3.0,23.0,6.35,3175.0,0.05,68.0,0.71,0.58,31.1,26.2,0.46,1.7,0.0,0.0,1.5,2.5,28600.0,G16_47_H19
2024-03-31 00:00:00,22.0,11.0,22.0,6.0,35.0,6.8,3400.0,3.7,68.0,0.71,0.58,27.7,25.6,0.38,0.65,0.0,0.0,1.5,1.5,28600.0,G16_47_H19
2024-04-01 00:00:00,27.0,15.0,23.0,3.0,50.0,7.2,3600.0,6.95,52.0,0.73,0.55,29.8,25.7,0.4,1.62,0.0,0.0,1.5,3.0,28600.0,G16_47_H19
2024-04-02 00:00:00,20.0,13.0,24.0,7.0,49.0,7.5,3750.0,0.0,80.0,0.72,0.64,28.3,26.2,0.49,0.68,0.0,0.0,1.5,1.5,28600.0,G16_47_H19
2024-04-03 00:00:00,17.0,9.0,25.0,16.0,91.0,7.7,3850.0,0.05,64.0,0.72,0.69,26.7,24.8,0.42,0.48,0.0,0.0,1.5,1.5,28600.0,G16_47_H19
2024-04-04 00:00:00,16.0,6.0,26.0,8.0,193.0,7.8,3900.0,1.15,56.0,0.72,0.6,26.6,24.4,0.4,0.5,0.0,0.0,1.5,1.5,28600.0,G16_47_H19
2024-04-05 00:00:00,18.0,9.0,27.0,26.0,234.0,8.0,4000.0,9.35,52.0,0.7,0.54,26.7,24.3,0.38,0.55,0.0,0.0,1.5,1.5,28600.0,G16_47_H19
2024-04-06 00:00:00,18.0,11.0,28.0,23.0,226.0,8.0,4000.0,0.6,60.0,0.72,0.57,26.5,24.5,0.38,0.6,0.0,0.0,1.5,1.5,28600.0,G16_47_H19
2024-04-07 00:00:00,17.0,12.0,29.0,26.0,237.0,8.0,4000.0,0.15,60.0,0.72,0.6,26.6,24.1,0.38,0.72,0.0,0.0,1.5,2.0,28600.0,G16_47_H19
2024-04-08 00:00:00,18.0,8.0,30.0,28.0,276.0,7.9,3950.0,0.05,72.0,0.72,0.61,25.9,23.7,0.38,0.79,0.0,1.0,1.5,2.0,28600.0,G16_47_H19
2024-04-09 00:00:00,23.0,11.0,31.0,32.0,72.0,8.2,4100.0,0.05,72.0,0.72,0.58,26.5,23.1,0.38,1.0,0.0,0.0,1.5,3.0,28600.0,G16_47_H19
2024-04-10 00:00:00,23.0,12.0,32.0,28.0,82.0,8.6,4300.0,0.0,88.0,0.72,0.43,27.0,22.8,0.4,1.25,0.0,0.0,1.5,4.0,28600.0,G16_47_H19
2024-04-11 00:00:00,22.0,13.0,33.0,35.0,185.0,8.8,4400.0,0.0,104.0,0.72,0.61,25.9,23.3,0.42,1.2,0.0,0.0,1.5,4.0,28600.0,G16_47_H19
2024-04-12 00:00:00,23.0,14.0,34.0,30.0,130.0,8.8,4400.0,0.0,104.0,0.72,0.61,25.9,22.9,0.55,1.32,0.0,0.0,2.0,4.7,28600.0,G16_47_H19
2024-04-13 00:00:00,19.0,14.0,35.0,35.0,10.0,8.9,4450.0,0.0,108.0,0.74,0.69,24.4,22.4,0.72,1.25,0.0,0.0,2.7,4.7,28600.0,G16_47_H19
2024-04-14 00:00:00,22.0,14.0,36.0,12.0,8.0,8.9,4450.0,0.0,148.0,0.8,0.72,23.6,21.8,0.7,1.2,0.0,0.0,2.7,4.7,28600.0,G16_47_H19
2024-04-15 00:00:00,25.0,15.0,37.0,30.0,0.0,9.3,4650.0,0.0,136.0,0.8,0.61,26.7,21.1,0.75,2.2,0.0,0.0,2.7,9.0,28600.0,G16_47_H19
2024-03-07 00:00:00,14.0,1.0,,,,,,,,,,,,,,,,,,28600.0,G16_47_H20
2024-03-08 00:00:00,12.0,0.0,,,,,,,,,,,,,,,,,,28600.0,G16_47_H20
2024-03-09 00:00:00,12.0,2.0,0.0,,,,,,,,,,,,,,,,,28600.0,G16_47_H20
2024-03-10 00:00:00,16.0,5.0,1.0,13.0,6.0,0.65,325.0,218.0,56.0,0.42,0.39,35.6,33.5,0.6,0.6,0.0,0.0,1.0,1.0,28600.0,G16_47_H20
2024-03-11 00:00:00,21.0,6.0,2.0,16.0,5.0,0.8,400.0,193.0,56.0,0.56,0.42,35.2,33.3,0.58,0.58,0.0,0.0,1.0,1.0,28600.0,G16_47_H20
2024-03-12 00:00:00,16.0,4.0,3.0,18.0,29.0,1.0,500.0,149.0,54.0,0.63,0.51,34.8,32.8,0.56,0.56,0.0,0.0,1.0,1.0,28600.0,G16_47_H20
2024-03-13 00:00:00,16.0,7.0,4.0,10.0,0.0,1.1,550.0,188.0,52.0,0.67,0.53,34.0,31.9,0.55,0.55,0.0,0.0,1.0,1.0,28600.0,G16_47_H20
2024-03-14 00:00:00,16.0,5.0,5.0,8.0,27.0,1.25,625.0,140.0,48.0,0.72,0.57,33.4,31.2,0.5,0.5,0.0,0.0,1.0,1.0,28600.0,G16_47_H20
2024-03-15 00:00:00,19.0,5.0,6.0,7.0,14.0,1.4,700.0,163.0,48.0,0.74,0.64,32.9,30.4,0.5,0.5,0.0,0.0,1.0,1.0,28600.0,G16_47_H20
2024-03-16 00:00:00,22.0,10.0,7.0,8.0,10.0,1.6,800.0,114.5,40.0,0.76,0.66,32.2,29.9,0.49,0.49,0.0,0.0,1.0,1.0,28600.0,G16_47_H20
2024-03-17 00:00:00,12.0,5.0,8.0,31.0,214.0,1.8,900.0,65.0,32.0,0.82,0.7,31.7,29.7,0.48,0.5,0.0,0.0,1.0,1.0,28600.0,G16_47_H20
2024-03-18 00:00:00,11.0,4.0,9.0,22.0,6.0,1.9,950.0,162.0,36.0,0.76,0.65,30.9,28.8,0.45,0.47,0.0,0.0,1.0,1.0,28600.0,G16_47_H20
2024-03-19 00:00:00,17.0,3.0,10.0,6.0,10.0,1.9,950.0,140.0,28.0,0.77,0.64,30.7,28.6,0.42,0.44,0.0,0.0,1.0,1.0,28600.0,G16_47_H20
2024-03-20 00:00:00,18.0,5.0,11.0,3.0,19.0,2.7,1350.0,97.5,32.0,0.78,0.64,30.2,28.2,0.41,0.43,0.0,0.0,1.0,1.0,28600.0,G16_47_H20
2024-03-21 00:00:00,24.0,9.0,12.0,6.0,32.0,3.15,1575.0,86.5,24.0,0.78,0.65,29.9,28.1,0.41,0.48,0.0,0.0,1.0,1.0,28600.0,G16_47_H20
2024-03-22 00:00:00,26.0,14.0,13.0,4.0,45.0,3.55,1775.0,36.85,28.0,0.74,0.64,29.5,27.9,0.4,0.47,0.0,0.0,1.0,1.5,28600.0,G16_47_H20
2024-03-23 00:00:00,19.0,13.0,14.0,3.0,30.0,3.95,1975.0,8.3,32.0,0.74,0.61,30.0,27.8,0.4,0.8,0.0,0.0,1.5,1.5,28600.0,G16_47_H20
2024-03-24 00:00:00,17.0,10.0,15.0,4.0,41.0,4.3,2150.0,16.5,32.0,0.78,0.67,29.8,27.8,0.42,0.52,0.0,0.0,1.5,1.5,28600.0,G16_47_H20
2024-03-25 00:00:00,11.0,5.0,16.0,6.0,44.0,4.65,2325.0,17.25,32.0,0.77,0.67,29.5,27.8,0.4,0.52,0.0,0.0,1.5,1.5,28600.0,G16_47_H20
2024-03-26 00:00:00,15.0,8.0,17.0,4.0,35.0,4.9,2450.0,39.15,28.0,0.76,0.67,29.3,27.0,0.39,0.45,0.0,0.0,1.5,1.5,28600.0,G16_47_H20
2024-03-27 00:00:00,15.0,10.0,18.0,3.0,18.0,5.2,2600.0,14.6,40.0,0.75,0.65,29.0,27.1,0.39,0.52,0.0,0.0,1.5,1.5,28600.0,G16_47_H20
2024-03-28 00:00:00,20.0,11.0,19.0,4.0,43.0,5.6,2800.0,12.65,40.0,0.74,0.64,28.5,27.0,0.4,0.5,0.0,0.0,1.5,1.5,28600.0,G16_47_H20
2024-03-29 00:00:00,27.0,13.0,20.0,3.0,27.0,5.8,2900.0,2.3,52.0,0.73,0.65,28.9,27.3,0.44,0.58,0.0,0.0,1.5,1.5,28600.0,G16_47_H20
2024-03-30 00:00:00,28.0,18.0,21.0,4.0,22.0,6.3,3150.0,0.05,76.0,0.71,0.59,30.9,27.2,0.55,1.7,0.0,0.0,1.5,2.5,28600.0,G16_47_H20
2024-03-31 00:00:00,22.0,11.0,22.0,6.0,24.0,6.8,3400.0,3.7,72.0,0.67,0.54,28.2,26.4,0.45,0.75,0.0,0.0,1.5,1.5,28600.0,G16_47_H20
2024-04-01 00:00:00,27.0,15.0,23.0,3.0,29.0,7.25,3625.0,6.95,68.0,0.71,0.55,29.8,26.5,0.48,1.62,0.0,0.0,1.5,3.0,28600.0,G16_47_H20
2024-04-02 00:00:00,20.0,13.0,24.0,9.0,26.0,7.6,3800.0,0.0,96.0,0.76,0.62,28.8,27.1,0.65,1.05,0.0,0.0,1.5,2.0,28600.0,G16_47_H20
2024-04-03 00:00:00,17.0,9.0,25.0,8.0,56.0,7.95,3975.0,0.05,88.0,0.74,0.68,27.3,25.9,0.53,0.64,0.0,0.0,1.5,1.5,28600.0,G16_47_H20
2024-04-04 00:00:00,16.0,6.0,26.0,7.0,46.0,8.0,4000.0,1.15,72.0,0.7,0.57,26.9,25.4,0.46,0.6,0.0,0.0,1.5,1.5,28600.0,G16_47_H20
2024-04-05 00:00:00,18.0,9.0,27.0,18.0,132.0,8.4,4200.0,9.35,72.0,0.68,0.52,27.3,25.3,0.42,0.8,0.0,0.0,1.5,2.0,28600.0,G16_47_H20
2024-04-06 00:00:00,18.0,11.0,28.0,16.0,260.0,8.65,4325.0,0.6,80.0,0.68,0.54,27.2,25.4,0.42,0.8,0.0,0.0,1.5,2.0,28600.0,G16_47_H20
2024-04-07 00:00:00,17.0,12.0,29.0,18.0,262.0,8.7,4350.0,0.15,80.0,0.72,0.6,26.9,25.3,0.46,0.85,0.0,1.0,1.5,2.0,28600.0,G16_47_H20
2024-04-08 00:00:00,18.0,8.0,30.0,22.0,284.0,8.6,4300.0,0.05,76.0,0.75,0.6,26.1,24.6,0.47,0.86,0.0,0.0,1.5,2.5,28600.0,G16_47_H20
2024-04-09 00:00:00,23.0,11.0,31.0,30.0,182.0,8.2,4100.0,0.05,76.0,0.71,0.57,26.8,23.9,0.45,1.15,0.0,0.0,1.5,3.5,28600.0,G16_47_H20
2024-04-10 00:00:00,23.0,12.0,32.0,30.0,310.0,8.5,4250.0,0.0,104.0,0.82,0.43,27.2,23.8,0.45,1.55,0.0,0.0,1.5,5.0,28600.0,G16_47_H20
2024-04-11 00:00:00,22.0,13.0,33.0,32.0,288.0,8.7,4350.0,0.0,120.0,0.84,0.62,26.3,23.9,0.58,1.35,0.0,0.0,2.0,4.7,28600.0,G16_47_H20
2024-04-12 00:00:00,23.0,14.0,34.0,35.0,343.0,8.6,4300.0,0.0,120.0,0.88,0.66,26.3,23.6,0.76,1.4,0.0,0.0,2.7,5.0,28600.0,G16_47_H20
2024-04-13 00:00:00,19.0,14.0,35.0,56.0,54.0,8.6,4300.0,0.0,132.0,0.85,0.73,24.9,23.4,0.8,1.35,0.0,0.0,3.0,5.0,28600.0,G16_47_H20
2024-04-14 00:00:00,22.0,14.0,36.0,95.0,65.0,8.4,4200.0,0.0,124.0,0.89,0.74,24.5,22.7,0.77,1.3,0.0,0.0,3.0,5.0,28600.0,G16_47_H20
2024-04-15 00:00:00,25.0,15.0,37.0,98.0,0.0,8.5,4250.0,0.0,168.0,0.88,0.65,27.1,22.1,0.68,2.2,0.0,0.0,3.0,9.0,28600.0,G16_47_H20
2024-02-28 00:00:00,6.0,0.0,0.0,,,,0.0,,,,,,,,,,,,,32700.0,G27_19_H1
2024-02-29 00:00:00,5.0,0.0,1.0,32.0,2.0,0.85,425.0,1032.2222222222222,84477.0,0.61,0.53,35.9,33.9,0.65,0.65,0.0,0.0,1.0,1.0,32700.0,G27_19_H1
2024-03-01 00:00:00,5.0,0.0,2.0,37.0,4.0,1.12,560.0,312.1111111111111,48.0,0.68,0.56,35.4,33.5,0.56,0.56,0.0,0.0,1.0,1.0,32700.0,G27_19_H1
2024-03-02 00:00:00,12.0,-1.0,3.0,17.0,4.0,1.39,695.0,249.44444444444446,45.0,0.72,0.61,35.2,32.9,0.5,0.5,0.0,0.0,1.0,1.0,32700.0,G27_19_H1
2024-03-03 00:00:00,14.0,3.0,4.0,19.0,13.0,1.72,860.0,202.77777777777777,42.0,0.77,0.63,34.1,32.0,0.45,0.45,0.0,0.0,2.0,2.0,32700.0,G27_19_H1
2024-03-04 00:00:00,8.0,5.0,5.0,20.0,26.0,1.93,965.0,163.22222222222223,39.0,0.86,0.7,33.9,31.4,0.42,0.42,0.0,0.0,2.0,2.0,32700.0,G27_19_H1
2024-03-05 00:00:00,8.0,5.0,6.0,19.0,24.0,2.26,1130.0,158.88888888888889,42.0,0.87,0.75,32.9,30.7,0.39,0.39,0.0,0.0,2.0,2.0,32700.0,G27_19_H1
2024-03-06 00:00:00,9.0,1.0,7.0,14.0,22.0,2.48,1240.0,161.22222222222223,42.0,0.91,0.8,31.9,30.2,0.37,0.4,0.0,0.0,2.0,2.0,32700.0,G27_19_H1
2024-03-07 00:00:00,13.0,2.0,8.0,26.0,246.0,2.78,1390.0,118.33333333333333,42.0,0.92,0.82,31.7,29.9,0.35,0.37,0.0,0.0,2.0,2.0,32700.0,G27_19_H1
2024-03-08 00:00:00,12.0,1.0,9.0,20.0,27.0,2.59,1295.0,80.55555555555556,27.0,0.93,0.78,31.3,29.7,0.34,0.38,0.0,0.0,2.0,2.0,32700.0,G27_19_H1
2024-03-09 00:00:00,13.0,1.0,10.0,18.0,21.0,3.37,1685.0,80.0,18.0,0.95,0.8,31.1,29.2,0.33,0.35,0.0,0.0,2.0,2.0,32700.0,G27_19_H1
2024-03-10 00:00:00,16.0,1.0,11.0,17.0,30.0,3.92,1960.0,77.66666666666667,24.0,0.93,0.81,30.5,28.9,0.32,0.36,0.0,0.0,2.0,2.0,32700.0,G27_19_H1
2024-03-11 00:00:00,21.0,7.0,12.0,10.0,20.0,4.42,2210.0,48.77777777777778,24.0,0.91,0.73,30.8,28.6,0.31,0.36,0.0,0.0,2.0,2.0,32700.0,G27_19_H1
2024-03-12 00:00:00,14.0,3.0,13.0,12.0,22.0,4.84,2420.0,26.22222222222222,30.0,0.91,0.79,30.2,28.4,0.31,0.36,0.0,0.0,2.0,2.0,32700.0,G27_19_H1
2024-03-13 00:00:00,17.0,4.0,14.0,10.0,24.0,5.22,2610.0,46.666666666666664,30.0,0.9,0.72,29.8,27.9,0.3,0.36,0.0,0.0,2.0,2.0,32700.0,G27_19_H1
2024-03-14 00:00:00,14.0,6.0,15.0,11.0,58.0,5.3,2650.0,22.333333333333332,30.0,0.92,0.77,29.3,27.5,0.3,0.45,0.0,0.0,2.0,2.0,32700.0,G27_19_H1
2024-03-15 00:00:00,20.0,3.0,16.0,12.0,43.0,5.8,2900.0,40.333333333333336,33.0,0.94,0.79,29.2,27.1,0.3,0.43,0.0,0.0,2.0,2.0,32700.0,G27_19_H1
2024-03-16 00:00:00,22.0,8.0,17.0,10.0,40.0,6.24,3120.0,16.11111111111111,36.0,0.92,0.77,30.8,26.9,0.3,0.6,0.0,0.0,2.0,2.0,32700.0,G27_19_H1
2024-03-17 00:00:00,13.0,6.0,18.0,9.0,31.0,6.6,3300.0,3.111111111111111,42.0,0.91,0.81,29.2,27.3,0.3,0.36,0.0,0.0,2.0,2.0,32700.0,G27_19_H1
2024-03-18 00:00:00,10.0,3.0,19.0,8.0,33.0,6.84,3420.0,27.88888888888889,39.0,0.91,0.74,28.2,26.0,0.3,0.37,0.0,0.0,2.0,2.0,32700.0,G27_19_H1
2024-03-19 00:00:00,16.0,4.0,20.0,9.0,24.0,7.13,3565.0,18.22222222222222,39.0,0.85,0.67,28.5,26.5,0.31,0.56,0.0,0.0,2.0,2.0,32700.0,G27_19_H1
2024-03-20 00:00:00,16.0,5.0,21.0,8.0,33.0,7.66,3830.0,6.111111111111111,45.0,0.84,0.66,28.8,26.4,0.31,0.63,0.0,0.0,2.0,2.0,32700.0,G27_19_H1
2024-03-21 00:00:00,24.0,5.0,22.0,9.0,22.0,8.04,4020.0,6.777777777777778,51.0,0.9,0.63,29.4,26.3,0.32,0.85,0.0,0.0,2.0,2.0,32700.0,G27_19_H1
2024-03-22 00:00:00,27.0,10.0,23.0,8.0,20.0,8.36,4180.0,1.0,76.0,0.84,0.67,31.2,27.0,0.35,0.96,0.0,0.0,2.0,2.0,32700.0,G27_19_H1
2024-03-23 00:00:00,16.0,12.0,24.0,16.0,30.0,8.9,4450.0,0.0,72.0,0.9,0.76,29.4,27.2,0.49,0.63,0.0,0.0,2.0,2.0,32700.0,G27_19_H1
2024-03-24 00:00:00,15.0,10.0,25.0,27.0,26.0,8.74,4370.0,0.1111111111111111,57.0,0.92,0.83,28.7,26.5,0.39,0.52,0.0,0.0,2.0,2.0,32700.0,G27_19_H1
2024-03-25 00:00:00,12.0,4.0,26.0,43.0,14.0,8.53,4265.0,0.2222222222222222,57.0,0.92,0.85,28.1,25.8,0.38,0.5,0.0,0.0,2.0,2.0,32700.0,G27_19_H1
2024-03-26 00:00:00,15.0,7.0,27.0,36.0,12.0,8.19,4095.0,4.333333333333333,105.0,0.93,0.81,27.6,25.3,0.36,0.78,0.0,0.0,2.0,2.0,32700.0,G27_19_H1
2024-03-27 00:00:00,12.0,7.0,28.0,56.0,14.0,8.48,4240.0,0.1111111111111111,12.0,0.93,0.83,27.3,25.3,0.42,0.53,0.0,0.0,2.0,2.0,32700.0,G27_19_H1
2024-03-28 00:00:00,18.0,8.0,29.0,84.0,20.0,9.01,4505.0,0.0,63.0,0.95,0.82,27.3,25.0,0.47,0.85,0.0,0.0,2.0,2.0,32700.0,G27_19_H1
2024-03-29 00:00:00,26.0,13.0,30.0,86.0,0.0,0.0,0.0,0.0,0.0,0.0,0.0,0.0,0.0,0.0,0.0,0.0,0.0,2.0,2.0,32700.0,G27_19_H1
2024-03-30 00:00:00,27.0,12.0,31.0,0.0,0.0,0.0,0.0,0.0,0.0,0.0,0.0,0.0,0.0,0.0,0.0,0.0,0.0,0.0,0.0,32700.0,G27_19_H1
2024-03-31 00:00:00,24.0,10.0,32.0,0.0,0.0,0.0,0.0,0.0,0.0,0.0,0.0,0.0,0.0,0.0,0.0,0.0,0.0,0.0,0.0,32700.0,G27_19_H1
2024-04-01 00:00:00,28.0,11.0,33.0,0.0,0.0,0.0,0.0,2.0,0.0,0.0,0.0,0.0,0.0,0.0,0.0,0.0,0.0,0.0,0.0,32700.0,G27_19_H1
2024-04-02 00:00:00,19.0,14.0,34.0,0.0,0.0,0.0,0.0,0.0,0.0,0.0,0.0,0.0,0.0,0.0,0.0,0.0,0.0,0.0,0.0,32700.0,G27_19_H1
2024-04-03 00:00:00,15.0,10.0,35.0,0.0,0.0,0.0,0.0,0.0,0.0,0.0,0.0,0.0,0.0,0.0,0.0,0.0,0.0,0.0,0.0,32700.0,G27_19_H1
2024-04-04 00:00:00,16.0,8.0,36.0,0.0,0.0,0.0,0.0,6.0,0.0,0.0,0.0,0.0,0.0,0.0,0.0,0.0,0.0,0.0,0.0,32700.0,G27_19_H1
2024-04-05 00:00:00,18.0,7.0,37.0,0.0,0.0,0.0,0.0,32.888888888888886,0.0,0.0,0.0,0.0,0.0,0.0,0.0,0.0,0.0,0.0,0.0,32700.0,G27_19_H1
2024-02-28 00:00:00,6.0,0.0,0.0,,,,0.0,,,,,,,,,,,,,32700.0,G27_19_H2
2024-02-29 00:00:00,5.0,0.0,1.0,37.0,2.0,0.85,425.0,1032.2222222222222,86016.0,0.62,0.52,36.4,33.9,0.65,0.65,0.0,0.0,1.0,1.0,32700.0,G27_19_H2
2024-03-01 00:00:00,5.0,0.0,2.0,58.0,5.0,1.13,565.0,312.1111111111111,51.0,0.68,0.56,35.5,33.4,0.56,0.56,0.0,0.0,1.0,1.0,32700.0,G27_19_H2
2024-03-02 00:00:00,12.0,-1.0,3.0,33.0,10.0,1.36,680.0,249.44444444444446,48.0,0.78,0.63,35.2,32.8,0.5,0.5,0.0,0.0,1.0,1.0,32700.0,G27_19_H2
2024-03-03 00:00:00,14.0,3.0,4.0,20.0,15.0,1.68,840.0,202.77777777777777,42.0,0.79,0.66,34.3,32.2,0.45,0.45,0.0,0.0,2.0,2.0,32700.0,G27_19_H2
2024-03-04 00:00:00,8.0,5.0,5.0,31.0,40.0,1.87,935.0,163.22222222222223,39.0,0.85,0.72,33.6,31.6,0.42,0.42,0.0,0.0,2.0,2.0,32700.0,G27_19_H2
2024-03-05 00:00:00,8.0,5.0,6.0,20.0,25.0,2.26,1130.0,158.88888888888889,42.0,0.86,0.75,32.6,30.6,0.39,0.39,0.0,0.0,2.0,2.0,32700.0,G27_19_H2
2024-03-06 00:00:00,9.0,1.0,7.0,18.0,21.0,2.49,1245.0,161.22222222222223,39.0,0.88,0.77,31.9,30.2,0.37,0.4,0.0,0.0,2.0,2.0,32700.0,G27_19_H2
2024-03-07 00:00:00,13.0,2.0,8.0,20.0,235.0,2.67,1335.0,118.33333333333333,42.0,0.88,0.79,31.5,29.9,0.35,0.37,0.0,0.0,2.0,2.0,32700.0,G27_19_H2
2024-03-08 00:00:00,12.0,1.0,9.0,26.0,58.0,2.39,1195.0,80.55555555555556,30.0,0.88,0.76,31.1,29.5,0.34,0.38,0.0,0.0,2.0,2.0,32700.0,G27_19_H2
2024-03-09 00:00:00,13.0,1.0,10.0,20.0,66.0,3.16,1580.0,80.0,18.0,0.9,0.77,30.8,29.2,0.33,0.35,0.0,0.0,2.0,2.0,32700.0,G27_19_H2
2024-03-10 00:00:00,16.0,1.0,11.0,21.0,55.0,3.79,1895.0,77.66666666666667,24.0,0.89,0.78,30.2,28.8,0.32,0.36,0.0,0.0,2.0,2.0,32700.0,G27_19_H2
2024-03-11 00:00:00,21.0,7.0,12.0,15.0,45.0,4.3,2150.0,48.77777777777778,24.0,0.89,0.75,30.5,28.5,0.31,0.36,0.0,0.0,2.0,2.0,32700.0,G27_19_H2
2024-03-12 00:00:00,14.0,3.0,13.0,17.0,44.0,4.83,2415.0,26.22222222222222,27.0,0.87,0.79,29.8,28.2,0.31,0.36,0.0,0.0,2.0,2.0,32700.0,G27_19_H2
2024-03-13 00:00:00,17.0,4.0,14.0,15.0,47.0,5.21,2605.0,46.666666666666664,27.0,0.88,0.75,29.6,27.6,0.3,0.36,0.0,0.0,2.0,2.0,32700.0,G27_19_H2
2024-03-14 00:00:00,14.0,6.0,15.0,17.0,75.0,5.39,2695.0,22.333333333333332,30.0,0.91,0.76,29.1,27.5,0.3,0.45,0.0,0.0,2.0,2.0,32700.0,G27_19_H2
2024-03-15 00:00:00,20.0,3.0,16.0,18.0,65.0,5.73,2865.0,40.333333333333336,30.0,0.9,0.77,29.5,27.1,0.3,0.43,0.0,0.0,2.0,2.0,32700.0,G27_19_H2
2024-03-16 00:00:00,22.0,8.0,17.0,14.0,63.0,6.29,3145.0,16.11111111111111,39.0,0.9,0.77,30.7,27.0,0.3,0.6,0.0,0.0,2.0,2.0,32700.0,G27_19_H2
2024-03-17 00:00:00,13.0,6.0,18.0,11.0,65.0,6.61,3305.0,3.111111111111111,42.0,0.88,0.8,29.3,27.6,0.3,0.36,0.0,0.0,2.0,2.0,32700.0,G27_19_H2
2024-03-18 00:00:00,10.0,3.0,19.0,10.0,60.0,6.67,3335.0,27.88888888888889,39.0,0.86,0.73,28.2,26.1,0.3,0.37,0.0,0.0,2.0,2.0,32700.0,G27_19_H2
2024-03-19 00:00:00,16.0,4.0,20.0,11.0,67.0,6.93,3465.0,18.22222222222222,36.0,0.85,0.69,28.6,26.3,0.31,0.56,0.0,0.0,2.0,2.0,32700.0,G27_19_H2
2024-03-20 00:00:00,16.0,5.0,21.0,10.0,53.0,7.58,3790.0,6.111111111111111,45.0,0.85,0.68,29.0,26.5,0.31,0.63,0.0,0.0,2.0,2.0,32700.0,G27_19_H2
2024-03-21 00:00:00,24.0,5.0,22.0,10.0,38.0,7.97,3985.0,6.777777777777778,51.0,0.88,0.65,29.5,26.5,0.32,0.85,0.0,0.0,2.0,2.0,32700.0,G27_19_H2
2024-03-22 00:00:00,27.0,10.0,23.0,9.0,29.0,8.4,4200.0,1.0,80.0,0.85,0.7,31.1,27.3,0.35,0.96,0.0,0.0,2.0,2.0,32700.0,G27_19_H2
2024-03-23 00:00:00,16.0,12.0,24.0,29.0,35.0,8.91,4455.0,0.0,54.0,0.89,0.77,29.5,27.3,0.49,0.63,0.0,0.0,2.0,2.0,32700.0,G27_19_H2
2024-03-24 00:00:00,15.0,10.0,25.0,54.0,59.0,9.3,4650.0,0.1111111111111111,78.0,0.9,0.81,28.9,26.5,0.39,0.52,0.0,0.0,2.0,2.0,32700.0,G27_19_H2
2024-03-25 00:00:00,12.0,4.0,26.0,42.0,18.0,8.9,4450.0,0.2222222222222222,63.0,0.89,0.82,28.1,25.9,0.38,0.5,0.0,0.0,2.0,2.0,32700.0,G27_19_H2
2024-03-26 00:00:00,15.0,7.0,27.0,60.0,19.0,8.68,4340.0,4.333333333333333,51.0,0.9,0.78,27.5,25.3,0.36,0.78,0.0,0.0,2.0,2.0,32700.0,G27_19_H2
2024-03-27 00:00:00,12.0,7.0,28.0,93.0,30.0,8.42,4210.0,0.1111111111111111,1419.0,0.9,0.79,27.3,25.2,0.42,0.53,0.0,0.0,2.0,2.0,32700.0,G27_19_H2
2024-03-28 00:00:00,18.0,8.0,29.0,150.0,33.0,9.15,4575.0,0.0,39.0,0.91,0.79,27.3,24.8,0.47,0.85,0.0,0.0,2.0,2.0,32700.0,G27_19_H2
2024-03-29 00:00:00,26.0,13.0,30.0,119.0,0.0,0.0,0.0,0.0,0.0,0.0,0.0,0.0,0.0,0.0,0.0,0.0,0.0,2.0,2.0,32700.0,G27_19_H2
2024-03-30 00:00:00,27.0,12.0,31.0,0.0,0.0,0.0,0.0,0.0,0.0,0.0,0.0,0.0,0.0,0.0,0.0,0.0,0.0,0.0,0.0,32700.0,G27_19_H2
2024-03-31 00:00:00,24.0,10.0,32.0,0.0,0.0,0.0,0.0,0.0,0.0,0.0,0.0,0.0,0.0,0.0,0.0,0.0,0.0,0.0,0.0,32700.0,G27_19_H2
2024-04-01 00:00:00,28.0,11.0,33.0,0.0,0.0,0.0,0.0,2.0,0.0,0.0,0.0,0.0,0.0,0.0,0.0,0.0,0.0,0.0,0.0,32700.0,G27_19_H2
2024-04-02 00:00:00,19.0,14.0,34.0,0.0,0.0,0.0,0.0,0.0,0.0,0.0,0.0,0.0,0.0,0.0,0.0,0.0,0.0,0.0,0.0,32700.0,G27_19_H2
2024-04-03 00:00:00,15.0,10.0,35.0,0.0,0.0,0.0,0.0,0.0,0.0,0.0,0.0,0.0,0.0,0.0,0.0,0.0,0.0,0.0,0.0,32700.0,G27_19_H2
2024-04-04 00:00:00,16.0,8.0,36.0,0.0,0.0,0.0,0.0,6.0,0.0,0.0,0.0,0.0,0.0,0.0,0.0,0.0,0.0,0.0,0.0,32700.0,G27_19_H2
2024-04-05 00:00:00,18.0,7.0,37.0,0.0,0.0,0.0,0.0,32.888888888888886,0.0,0.0,0.0,0.0,0.0,0.0,0.0,0.0,0.0,0.0,0.0,32700.0,G27_19_H2
2024-02-28 00:00:00,6.0,0.0,1.0,22.0,0.0,0.72,360.0,0.0,0.0,0.65,0.56,36.0,33.5,0.65,0.65,0.0,0.0,1.0,1.0,27600.0,G27_19_H3
2024-02-29 00:00:00,5.0,0.0,2.0,29.0,3.0,0.94,470.0,1032.2222222222222,48.0,0.67,0.58,34.8,32.9,0.56,0.56,0.0,0.0,1.0,1.0,27600.0,G27_19_H3
2024-03-01 00:00:00,5.0,0.0,3.0,24.0,3.0,1.16,580.0,312.1111111111111,51.0,0.66,0.59,34.6,32.5,0.5,0.5,0.0,0.0,1.0,1.0,27600.0,G27_19_H3
2024-03-02 00:00:00,12.0,-1.0,4.0,16.0,5.0,1.36,680.0,249.44444444444446,45.0,0.8,0.66,34.7,31.8,0.45,0.45,0.0,0.0,1.0,1.0,27600.0,G27_19_H3
2024-03-03 00:00:00,14.0,3.0,5.0,15.0,9.0,1.53,765.0,202.77777777777777,39.0,0.78,0.65,33.1,31.1,0.42,0.42,0.0,0.0,2.0,2.0,27600.0,G27_19_H3
2024-03-04 00:00:00,8.0,5.0,6.0,20.0,17.0,1.92,960.0,163.22222222222223,42.0,0.86,0.73,32.2,30.3,0.39,0.39,0.0,0.0,2.0,2.0,27600.0,G27_19_H3
2024-03-05 00:00:00,8.0,5.0,7.0,18.0,19.0,2.17,1085.0,158.88888888888889,39.0,0.87,0.73,31.5,29.7,0.37,0.37,0.0,0.0,2.0,2.0,27600.0,G27_19_H3
2024-03-06 00:00:00,9.0,1.0,8.0,20.0,166.0,2.36,1180.0,161.22222222222223,42.0,0.9,0.82,31.1,29.4,0.35,0.38,0.0,0.0,2.0,2.0,27600.0,G27_19_H3
2024-03-07 00:00:00,13.0,2.0,9.0,16.0,7.0,2.52,1260.0,118.33333333333333,36.0,0.94,0.88,30.6,29.1,0.34,0.36,0.0,0.0,2.0,2.0,27600.0,G27_19_H3
2024-03-08 00:00:00,12.0,1.0,10.0,12.0,15.0,2.59,1295.0,80.55555555555556,27.0,0.92,0.77,30.3,28.9,0.33,0.37,0.0,0.0,2.0,2.0,27600.0,G27_19_H3
2024-03-09 00:00:00,13.0,1.0,11.0,10.0,19.0,3.19,1595.0,80.0,24.0,0.93,0.83,29.7,28.3,0.32,0.34,0.0,0.0,2.0,2.0,27600.0,G27_19_H3
2024-03-10 00:00:00,16.0,1.0,12.0,10.0,20.0,3.73,1865.0,77.66666666666667,24.0,0.94,0.8,29.5,28.0,0.31,0.35,0.0,0.0,2.0,2.0,27600.0,G27_19_H3
2024-03-11 00:00:00,21.0,7.0,13.0,9.0,26.0,4.06,2030.0,48.77777777777778,21.0,0.93,0.79,30.5,27.7,0.3,0.35,0.0,0.0,2.0,2.0,27600.0,G27_19_H3
2024-03-12 00:00:00,14.0,3.0,14.0,9.0,21.0,4.32,2160.0,26.22222222222222,27.0,0.93,0.83,29.3,27.6,0.3,0.35,0.0,0.0,2.0,2.0,27600.0,G27_19_H3
2024-03-13 00:00:00,17.0,4.0,15.0,8.0,19.0,4.64,2320.0,46.666666666666664,30.0,0.93,0.83,29.2,27.2,0.3,0.36,0.0,0.0,2.0,2.0,27600.0,G27_19_H3
2024-03-14 00:00:00,14.0,6.0,16.0,9.0,33.0,4.83,2415.0,22.333333333333332,24.0,0.95,0.81,28.8,27.3,0.3,0.45,0.0,0.0,2.0,2.0,27600.0,G27_19_H3
2024-03-15 00:00:00,20.0,3.0,17.0,8.0,26.0,4.84,2420.0,40.333333333333336,30.0,0.94,0.78,29.1,26.9,0.3,0.43,0.0,0.0,2.0,2.0,27600.0,G27_19_H3
2024-03-16 00:00:00,22.0,8.0,18.0,7.0,12.0,5.57,2785.0,16.11111111111111,33.0,0.93,0.8,30.1,26.8,0.3,0.6,0.0,0.0,2.0,2.0,27600.0,G27_19_H3
2024-03-17 00:00:00,13.0,6.0,19.0,8.0,17.0,5.92,2960.0,3.111111111111111,42.0,0.95,0.82,29.1,27.3,0.3,0.36,0.0,0.0,2.0,2.0,27600.0,G27_19_H3
2024-03-18 00:00:00,10.0,3.0,20.0,8.0,21.0,6.18,3090.0,27.88888888888889,30.0,0.92,0.81,28.1,26.1,0.3,0.37,0.0,0.0,2.0,2.0,27600.0,G27_19_H3
2024-03-19 00:00:00,16.0,4.0,21.0,9.0,22.0,6.42,3210.0,18.22222222222222,39.0,0.86,0.68,28.5,26.2,0.31,0.56,0.0,0.0,2.0,2.0,27600.0,G27_19_H3
2024-03-20 00:00:00,16.0,5.0,22.0,9.0,22.0,6.74,3370.0,6.111111111111111,39.0,0.86,0.69,28.5,26.4,0.31,0.63,0.0,0.0,2.0,2.0,27600.0,G27_19_H3
2024-03-21 00:00:00,24.0,5.0,23.0,8.0,15.0,7.17,3585.0,6.777777777777778,42.0,0.9,0.63,29.1,26.2,0.32,0.85,0.0,0.0,2.0,2.0,27600.0,G27_19_H3
2024-03-22 00:00:00,27.0,10.0,24.0,8.0,14.0,7.3,3650.0,1.0,72.0,0.86,0.66,30.8,26.9,0.35,0.96,0.0,0.0,2.0,2.0,27600.0,G27_19_H3
2024-03-23 00:00:00,16.0,12.0,25.0,10.0,33.0,7.7,3850.0,0.0,66.0,0.91,0.76,29.1,26.9,0.49,0.63,0.0,0.0,2.0,2.0,27600.0,G27_19_H3
2024-03-24 00:00:00,15.0,10.0,26.0,33.0,13.0,7.79,3895.0,0.1111111111111111,48.0,0.97,0.92,28.5,25.9,0.39,0.52,0.0,0.0,2.0,2.0,27600.0,G27_19_H3
2024-03-25 00:00:00,12.0,4.0,27.0,17.0,5.0,7.76,3880.0,0.2222222222222222,54.0,0.9,0.83,27.9,25.7,0.38,0.5,0.0,0.0,2.0,2.0,27600.0,G27_19_H3
2024-03-26 00:00:00,15.0,7.0,28.0,20.0,9.0,8.34,4170.0,4.333333333333333,51.0,0.92,0.8,27.4,25.3,0.36,0.78,0.0,0.0,2.0,2.0,27600.0,G27_19_H3
2024-03-27 00:00:00,12.0,7.0,29.0,27.0,9.0,8.68,4340.0,0.1111111111111111,63.0,0.91,0.81,26.8,24.8,0.42,0.53,0.0,0.0,2.0,2.0,27600.0,G27_19_H3
2024-03-28 00:00:00,18.0,8.0,30.0,34.0,16.0,8.43,4215.0,0.0,63.0,0.93,0.82,26.5,24.5,0.47,0.85,0.0,0.0,2.0,2.0,27600.0,G27_19_H3
2024-03-29 00:00:00,26.0,13.0,31.0,39.0,66.0,9.02,4510.0,0.0,87.0,0.9,0.62,30.1,24.6,0.42,2.22,0.0,0.0,2.0,6.0,27600.0,G27_19_H3
2024-03-30 00:00:00,27.0,12.0,32.0,41.0,69.0,9.48,4740.0,0.0,129.0,0.93,0.6,31.8,24.1,0.53,2.57,0.0,0.0,2.0,7.0,27600.0,G27_19_H3
2024-03-31 00:00:00,24.0,10.0,33.0,42.0,68.0,9.62,4810.0,0.0,117.0,0.86,0.63,26.5,23.1,0.4,1.45,0.0,0.0,2.0,4.0,27600.0,G27_19_H3
2024-04-01 00:00:00,28.0,11.0,34.0,49.0,39.0,9.6,4800.0,2.0,96.0,0.93,0.62,29.0,23.4,0.55,1.66,0.0,0.0,2.0,6.0,27600.0,G27_19_H3
2024-04-02 00:00:00,19.0,14.0,35.0,76.0,68.0,9.82,4910.0,0.0,129.0,0.93,0.78,26.2,24.3,0.6,0.9,0.0,0.0,2.0,3.0,27600.0,G27_19_H3
2024-04-03 00:00:00,15.0,10.0,36.0,77.0,25.0,9.5,4750.0,0.0,90.0,0.94,0.87,24.9,22.4,0.6,0.9,0.0,0.0,2.0,3.0,27600.0,G27_19_H3
2024-04-04 00:00:00,16.0,8.0,37.0,62.0,21.0,9.06,4530.0,6.0,84.0,0.94,0.87,24.6,21.5,0.6,0.9,0.0,0.0,2.0,3.0,27600.0,G27_19_H3
2024-04-05 00:00:00,18.0,7.0,38.0,0.0,0.0,0.0,0.0,32.888888888888886,0.0,0.0,0.0,0.0,0.0,0.0,0.0,0.0,0.0,0.0,0.0,27600.0,G27_19_H3
2024-02-28 00:00:00,6.0,0.0,1.0,17.0,0.0,0.72,360.0,0.0,0.0,0.64,0.54,35.7,33.3,0.65,0.65,0.0,0.0,1.0,1.0,27500.0,G27_19_H4
2024-02-29 00:00:00,5.0,0.0,2.0,17.0,4.0,0.94,470.0,1032.2222222222222,48.0,0.66,0.55,35.0,32.9,0.56,0.56,0.0,0.0,1.0,1.0,27500.0,G27_19_H4
2024-03-01 00:00:00,5.0,0.0,3.0,30.0,5.0,1.16,580.0,312.1111111111111,45.0,0.67,0.58,34.5,32.5,0.5,0.5,0.0,0.0,1.0,1.0,27500.0,G27_19_H4
2024-03-02 00:00:00,12.0,-1.0,4.0,37.0,10.0,1.35,675.0,249.44444444444446,45.0,0.77,0.59,34.7,31.9,0.45,0.45,0.0,0.0,1.0,1.0,27500.0,G27_19_H4
2024-03-03 00:00:00,14.0,3.0,5.0,19.0,10.0,1.41,705.0,202.77777777777777,42.0,0.81,0.68,32.9,31.1,0.42,0.42,0.0,0.0,2.0,2.0,27500.0,G27_19_H4
2024-03-04 00:00:00,8.0,5.0,6.0,30.0,28.0,1.7,850.0,163.22222222222223,36.0,0.86,0.72,32.2,30.3,0.39,0.39,0.0,0.0,2.0,2.0,27500.0,G27_19_H4
2024-03-05 00:00:00,8.0,5.0,7.0,20.0,24.0,1.89,945.0,158.88888888888889,36.0,0.88,0.75,31.6,29.6,0.37,0.37,0.0,0.0,2.0,2.0,27500.0,G27_19_H4
2024-03-06 00:00:00,9.0,1.0,8.0,21.0,160.0,2.21,1105.0,161.22222222222223,42.0,0.9,0.77,31.3,29.4,0.35,0.38,0.0,0.0,2.0,2.0,27500.0,G27_19_H4
2024-03-07 00:00:00,13.0,2.0,9.0,12.0,5.0,2.41,1205.0,118.33333333333333,36.0,0.91,0.79,30.7,29.1,0.34,0.36,0.0,0.0,2.0,2.0,27500.0,G27_19_H4
2024-03-08 00:00:00,12.0,1.0,10.0,11.0,10.0,2.52,1260.0,80.55555555555556,27.0,0.91,0.78,30.6,28.9,0.33,0.37,0.0,0.0,2.0,2.0,27500.0,G27_19_H4
2024-03-09 00:00:00,13.0,1.0,11.0,15.0,14.0,2.91,1455.0,80.0,24.0,0.9,0.76,30.0,28.3,0.32,0.34,0.0,0.0,2.0,2.0,27500.0,G27_19_H4
2024-03-10 00:00:00,16.0,1.0,12.0,8.0,9.0,3.31,1655.0,77.66666666666667,21.0,0.91,0.77,29.8,28.1,0.31,0.35,0.0,0.0,2.0,2.0,27500.0,G27_19_H4
2024-03-11 00:00:00,21.0,7.0,13.0,10.0,8.0,3.7,1850.0,48.77777777777778,21.0,0.87,0.75,30.1,27.9,0.3,0.35,0.0,0.0,2.0,2.0,27500.0,G27_19_H4
2024-03-12 00:00:00,14.0,3.0,14.0,10.0,25.0,3.93,1965.0,26.22222222222222,27.0,0.88,0.78,29.4,27.8,0.3,0.35,0.0,0.0,2.0,2.0,27500.0,G27_19_H4
2024-03-13 00:00:00,17.0,4.0,15.0,9.0,27.0,4.0,2000.0,46.666666666666664,27.0,0.88,0.73,29.3,27.1,0.3,0.36,0.0,0.0,2.0,2.0,27500.0,G27_19_H4
2024-03-14 00:00:00,14.0,6.0,16.0,8.0,35.0,4.31,2155.0,22.333333333333332,27.0,0.93,0.73,28.9,27.1,0.3,0.45,0.0,0.0,2.0,2.0,27500.0,G27_19_H4
2024-03-15 00:00:00,20.0,3.0,17.0,7.0,27.0,4.8,2400.0,40.333333333333336,9.0,0.93,0.75,28.9,26.7,0.3,0.43,0.0,0.0,2.0,2.0,27500.0,G27_19_H4
2024-03-16 00:00:00,22.0,8.0,18.0,6.0,14.0,5.13,2565.0,16.11111111111111,51.0,0.92,0.77,30.1,26.7,0.3,0.6,0.0,0.0,2.0,2.0,27500.0,G27_19_H4
2024-03-17 00:00:00,13.0,6.0,19.0,7.0,13.0,5.62,2810.0,3.111111111111111,39.0,0.91,0.78,29.1,27.2,0.3,0.36,0.0,0.0,2.0,2.0,27500.0,G27_19_H4
2024-03-18 00:00:00,10.0,3.0,20.0,7.0,14.0,5.78,2890.0,27.88888888888889,33.0,0.89,0.72,28.0,25.9,0.3,0.37,0.0,0.0,2.0,2.0,27500.0,G27_19_H4
2024-03-19 00:00:00,16.0,4.0,21.0,10.0,26.0,5.92,2960.0,18.22222222222222,36.0,0.87,0.64,28.2,25.9,0.31,0.56,0.0,0.0,2.0,2.0,27500.0,G27_19_H4
2024-03-20 00:00:00,16.0,5.0,22.0,9.0,20.0,6.45,3225.0,6.111111111111111,36.0,0.85,0.65,28.4,26.3,0.31,0.63,0.0,0.0,2.0,2.0,27500.0,G27_19_H4
2024-03-21 00:00:00,24.0,5.0,23.0,7.0,10.0,6.73,3365.0,6.777777777777778,42.0,0.88,0.65,28.9,26.1,0.32,0.85,0.0,0.0,2.0,2.0,27500.0,G27_19_H4
2024-03-22 00:00:00,27.0,10.0,24.0,6.0,7.0,7.13,3565.0,1.0,72.0,0.85,0.65,30.6,26.9,0.35,0.96,0.0,0.0,2.0,2.0,27500.0,G27_19_H4
2024-03-23 00:00:00,16.0,12.0,25.0,17.0,34.0,7.78,3890.0,0.0,66.0,0.9,0.76,29.0,26.9,0.49,0.63,0.0,0.0,2.0,2.0,27500.0,G27_19_H4
2024-03-24 00:00:00,15.0,10.0,26.0,27.0,15.0,7.66,3830.0,0.1111111111111111,51.0,0.92,0.81,28.3,26.0,0.39,0.52,0.0,0.0,2.0,2.0,27500.0,G27_19_H4
2024-03-25 00:00:00,12.0,4.0,27.0,16.0,7.0,6.91,3455.0,0.2222222222222222,51.0,0.93,0.82,27.8,25.7,0.38,0.5,0.0,0.0,2.0,2.0,27500.0,G27_19_H4
2024-03-26 00:00:00,15.0,7.0,28.0,23.0,18.0,7.52,3760.0,4.333333333333333,51.0,0.93,0.77,27.4,25.1,0.36,0.78,0.0,0.0,2.0,2.0,27500.0,G27_19_H4
2024-03-27 00:00:00,12.0,7.0,29.0,38.0,14.0,7.84,3920.0,0.1111111111111111,57.0,0.92,0.8,26.8,24.7,0.42,0.53,0.0,0.0,2.0,2.0,27500.0,G27_19_H4
2024-03-28 00:00:00,18.0,8.0,30.0,62.0,31.0,7.56,3780.0,0.0,60.0,0.92,0.78,26.5,24.4,0.47,0.85,0.0,0.0,2.0,2.0,27500.0,G27_19_H4
2024-03-29 00:00:00,26.0,13.0,31.0,80.0,219.0,8.01,4005.0,0.0,87.0,0.91,0.61,29.4,24.5,0.42,1.85,0.0,0.0,2.0,5.0,27500.0,G27_19_H4
2024-03-30 00:00:00,27.0,12.0,32.0,113.0,178.0,8.29,4145.0,0.0,126.0,0.9,0.55,31.3,23.9,0.53,2.32,0.0,0.0,2.0,6.0,27500.0,G27_19_H4
2024-03-31 00:00:00,24.0,10.0,33.0,92.0,146.0,8.16,4080.0,0.0,111.0,0.85,0.62,25.8,22.9,0.4,1.45,0.0,0.0,2.0,4.0,27500.0,G27_19_H4
2024-04-01 00:00:00,28.0,11.0,34.0,152.0,127.0,7.87,3935.0,2.0,90.0,0.89,0.62,29.1,23.0,0.55,1.66,0.0,0.0,2.0,6.0,27500.0,G27_19_H4
2024-04-02 00:00:00,19.0,14.0,35.0,210.0,310.0,7.79,3895.0,0.0,126.0,0.93,0.77,25.8,24.1,0.6,0.9,0.0,0.0,2.0,3.0,27500.0,G27_19_H4
2024-04-03 00:00:00,15.0,10.0,36.0,260.0,196.0,7.65,3825.0,0.0,87.0,0.95,0.86,23.9,22.1,0.6,0.9,0.0,0.0,2.0,3.0,27500.0,G27_19_H4
2024-04-04 00:00:00,16.0,8.0,37.0,190.0,184.0,7.36,3680.0,6.0,-561.0,0.95,0.86,24.2,21.0,0.6,0.9,0.0,0.0,2.0,3.0,27500.0,G27_19_H4
2024-04-05 00:00:00,18.0,7.0,38.0,0.0,0.0,0.0,0.0,32.888888888888886,0.0,0.0,0.0,0.0,0.0,0.0,0.0,0.0,0.0,0.0,0.0,27500.0,G27_19_H4
2024-02-28 00:00:00,6.0,0.0,0.0,,,,0.0,,,,,,,,,,,,,27700.0,G27_19_H5
2024-02-29 00:00:00,5.0,0.0,1.0,14.0,0.0,0.72,360.0,1032.2222222222222,85596.0,0.63,0.53,35.6,34.3,0.65,0.65,0.0,0.0,1.0,1.0,27700.0,G27_19_H5
2024-03-01 00:00:00,5.0,0.0,2.0,27.0,3.0,0.95,475.0,312.1111111111111,48.0,0.65,0.55,35.7,33.6,0.56,0.56,0.0,0.0,1.0,1.0,27700.0,G27_19_H5
2024-03-02 00:00:00,12.0,-1.0,3.0,26.0,5.0,1.28,640.0,249.44444444444446,660.0,0.7,0.61,34.9,33.0,0.5,0.5,0.0,0.0,1.0,1.0,27700.0,G27_19_H5
2024-03-03 00:00:00,14.0,3.0,4.0,29.0,13.0,1.55,775.0,202.77777777777777,42.0,0.76,0.63,34.2,32.3,0.45,0.45,0.0,0.0,2.0,2.0,27700.0,G27_19_H5
2024-03-04 00:00:00,8.0,5.0,5.0,32.0,39.0,1.75,875.0,163.22222222222223,36.0,0.85,0.73,33.8,31.6,0.42,0.42,0.0,0.0,2.0,2.0,27700.0,G27_19_H5
2024-03-05 00:00:00,8.0,5.0,6.0,25.0,20.0,2.11,1055.0,158.88888888888889,42.0,0.82,0.76,33.0,30.7,0.39,0.39,0.0,0.0,2.0,2.0,27700.0,G27_19_H5
2024-03-06 00:00:00,9.0,1.0,7.0,15.0,26.0,2.24,1120.0,161.22222222222223,39.0,0.87,0.78,31.9,30.3,0.37,0.4,0.0,0.0,2.0,2.0,27700.0,G27_19_H5
2024-03-07 00:00:00,13.0,2.0,8.0,25.0,258.0,2.55,1275.0,118.33333333333333,39.0,0.87,0.81,31.3,29.9,0.35,0.37,0.0,0.0,2.0,2.0,27700.0,G27_19_H5
2024-03-08 00:00:00,12.0,1.0,9.0,23.0,12.0,2.19,1095.0,80.55555555555556,27.0,0.88,0.75,30.9,29.6,0.34,0.38,0.0,0.0,2.0,2.0,27700.0,G27_19_H5
2024-03-09 00:00:00,13.0,1.0,10.0,7.0,10.0,2.84,1420.0,80.0,21.0,0.87,0.77,30.7,29.2,0.33,0.35,0.0,0.0,2.0,2.0,27700.0,G27_19_H5
2024-03-10 00:00:00,16.0,1.0,11.0,15.0,13.0,3.25,1625.0,77.66666666666667,21.0,0.9,0.78,30.4,28.5,0.32,0.36,0.0,0.0,2.0,2.0,27700.0,G27_19_H5
2024-03-11 00:00:00,21.0,7.0,12.0,12.0,20.0,3.76,1880.0,48.77777777777778,21.0,0.89,0.73,30.2,28.5,0.31,0.36,0.0,0.0,2.0,2.0,27700.0,G27_19_H5
2024-03-12 00:00:00,14.0,3.0,13.0,13.0,22.0,3.99,1995.0,26.22222222222222,27.0,0.89,0.76,29.7,28.1,0.31,0.36,0.0,0.0,2.0,2.0,27700.0,G27_19_H5
2024-03-13 00:00:00,17.0,4.0,14.0,14.0,22.0,4.23,2115.0,46.666666666666664,27.0,0.89,0.75,29.5,27.8,0.3,0.36,0.0,0.0,2.0,2.0,27700.0,G27_19_H5
2024-03-14 00:00:00,14.0,6.0,15.0,10.0,34.0,4.36,2180.0,22.333333333333332,24.0,0.92,0.71,29.2,27.7,0.3,0.45,0.0,0.0,2.0,2.0,27700.0,G27_19_H5
2024-03-15 00:00:00,20.0,3.0,16.0,9.0,22.0,4.45,2225.0,40.333333333333336,30.0,0.93,0.76,29.3,27.3,0.3,0.43,0.0,0.0,2.0,2.0,27700.0,G27_19_H5
2024-03-16 00:00:00,22.0,8.0,17.0,10.0,28.0,5.07,2535.0,16.11111111111111,33.0,0.9,0.75,30.0,27.1,0.3,0.6,0.0,0.0,2.0,2.0,27700.0,G27_19_H5
2024-03-17 00:00:00,13.0,6.0,18.0,11.0,26.0,5.48,2740.0,3.111111111111111,36.0,0.9,0.8,29.2,27.3,0.3,0.36,0.0,0.0,2.0,2.0,27700.0,G27_19_H5
2024-03-18 00:00:00,10.0,3.0,19.0,8.0,16.0,5.65,2825.0,27.88888888888889,33.0,0.87,0.75,28.3,26.3,0.3,0.37,0.0,0.0,2.0,2.0,27700.0,G27_19_H5
2024-03-19 00:00:00,16.0,4.0,20.0,9.0,27.0,5.93,2965.0,18.22222222222222,33.0,0.87,0.65,28.3,26.2,0.31,0.56,0.0,0.0,2.0,2.0,27700.0,G27_19_H5
2024-03-20 00:00:00,16.0,5.0,21.0,8.0,21.0,6.15,3075.0,6.111111111111111,39.0,0.86,0.66,28.4,26.4,0.31,0.63,0.0,0.0,2.0,2.0,27700.0,G27_19_H5
2024-03-21 00:00:00,24.0,5.0,22.0,10.0,14.0,6.64,3320.0,6.777777777777778,42.0,0.87,0.63,28.9,26.2,0.32,0.85,0.0,0.0,2.0,2.0,27700.0,G27_19_H5
2024-03-22 00:00:00,27.0,10.0,23.0,10.0,13.0,7.05,3525.0,1.0,64.0,0.83,0.67,30.4,27.0,0.35,0.96,0.0,0.0,2.0,2.0,27700.0,G27_19_H5
2024-03-23 00:00:00,16.0,12.0,24.0,23.0,80.0,7.45,3725.0,0.0,63.0,0.89,0.78,29.2,27.0,0.49,0.63,0.0,0.0,2.0,2.0,27700.0,G27_19_H5
2024-03-24 00:00:00,15.0,10.0,25.0,45.0,159.0,7.43,3715.0,0.1111111111111111,51.0,0.9,0.8,28.4,26.2,0.39,0.52,0.0,0.0,2.0,2.0,27700.0,G27_19_H5
2024-03-25 00:00:00,12.0,4.0,26.0,36.0,82.0,7.31,3655.0,0.2222222222222222,51.0,0.89,0.81,27.9,25.6,0.38,0.5,0.0,0.0,2.0,2.0,27700.0,G27_19_H5
2024-03-26 00:00:00,15.0,7.0,27.0,51.0,82.0,6.93,3465.0,4.333333333333333,45.0,0.91,0.78,27.1,25.0,0.36,0.78,0.0,0.0,2.0,2.0,27700.0,G27_19_H5
2024-03-27 00:00:00,12.0,7.0,28.0,72.0,100.0,7.21,3605.0,0.1111111111111111,57.0,0.9,0.78,26.9,24.8,0.42,0.53,0.0,0.0,2.0,2.0,27700.0,G27_19_H5
2024-03-28 00:00:00,18.0,8.0,29.0,167.0,110.0,6.92,3460.0,0.0,57.0,0.91,0.8,26.7,24.5,0.47,0.85,0.0,0.0,2.0,2.0,27700.0,G27_19_H5
2024-03-29 00:00:00,26.0,13.0,30.0,128.0,290.0,7.17,3585.0,0.0,81.0,0.9,0.65,29.6,24.6,0.42,1.85,0.0,0.0,2.0,5.0,27700.0,G27_19_H5
2024-03-30 00:00:00,27.0,12.0,31.0,245.0,327.0,7.59,3795.0,0.0,123.0,0.87,0.58,31.4,24.2,0.53,2.32,0.0,0.0,2.0,6.0,27700.0,G27_19_H5
2024-03-31 00:00:00,24.0,10.0,32.0,168.0,168.0,7.77,3885.0,0.0,111.0,0.86,0.6,25.9,23.1,0.4,1.45,0.0,0.0,2.0,4.0,27700.0,G27_19_H5
2024-04-01 00:00:00,28.0,11.0,33.0,180.0,122.0,7.57,3785.0,2.0,90.0,0.88,0.63,29.0,23.3,0.55,1.66,0.0,0.0,2.0,6.0,27700.0,G27_19_H5
2024-04-02 00:00:00,19.0,14.0,34.0,200.0,184.0,8.01,4005.0,0.0,123.0,0.92,0.76,26.5,24.3,0.6,0.9,0.0,0.0,2.0,3.0,27700.0,G27_19_H5
2024-04-03 00:00:00,15.0,10.0,35.0,130.0,90.0,7.48,3740.0,0.0,87.0,0.93,0.85,24.1,22.3,0.6,0.9,0.0,0.0,2.0,3.0,27700.0,G27_19_H5
2024-04-04 00:00:00,16.0,8.0,36.0,115.0,70.0,7.14,3570.0,6.0,723.0,0.93,0.85,24.4,21.2,0.6,0.9,0.0,0.0,2.0,3.0,27700.0,G27_19_H5
2024-04-05 00:00:00,18.0,7.0,37.0,135.0,126.0,7.28,3640.0,32.888888888888886,51.0,0.83,0.6,24.1,21.1,0.6,0.9,0.0,0.0,2.0,3.0,27700.0,G27_19_H5
2024-02-28 00:00:00,6.0,0.0,0.0,,,,0.0,,,,,,,,,,,,,27500.0,G27_19_H6
2024-02-29 00:00:00,5.0,0.0,1.0,18.0,12.0,0.72,360.0,1032.2222222222222,85578.0,0.63,0.53,36.3,33.9,0.65,0.65,0.0,0.0,1.0,1.0,27500.0,G27_19_H6
2024-03-01 00:00:00,5.0,0.0,2.0,17.0,18.0,0.94,470.0,312.1111111111111,45.0,0.68,0.58,36.1,33.4,0.56,0.56,0.0,0.0,1.0,1.0,27500.0,G27_19_H6
2024-03-02 00:00:00,12.0,-1.0,3.0,16.0,20.0,1.27,635.0,249.44444444444446,45.0,0.75,0.64,35.6,33.3,0.5,0.5,0.0,0.0,1.0,1.0,27500.0,G27_19_H6
2024-03-03 00:00:00,14.0,3.0,4.0,11.0,24.0,1.53,765.0,202.77777777777777,42.0,0.76,0.67,34.9,32.8,0.45,0.45,0.0,0.0,2.0,2.0,27500.0,G27_19_H6
2024-03-04 00:00:00,8.0,5.0,5.0,12.0,23.0,1.74,870.0,163.22222222222223,36.0,0.81,0.74,33.8,32.6,0.42,0.42,0.0,0.0,2.0,2.0,27500.0,G27_19_H6
2024-03-05 00:00:00,8.0,5.0,6.0,10.0,20.0,1.95,975.0,158.88888888888889,42.0,0.81,0.77,33.3,31.2,0.39,0.39,0.0,0.0,2.0,2.0,27500.0,G27_19_H6
2024-03-06 00:00:00,9.0,1.0,7.0,17.0,42.0,2.17,1085.0,161.22222222222223,39.0,0.86,0.76,33.3,31.9,0.37,0.4,0.0,0.0,2.0,2.0,27500.0,G27_19_H6
2024-03-07 00:00:00,13.0,2.0,8.0,28.0,211.0,2.48,1240.0,118.33333333333333,42.0,0.85,0.77,31.2,28.8,0.35,0.37,0.0,0.0,2.0,2.0,27500.0,G27_19_H6
2024-03-08 00:00:00,12.0,1.0,9.0,20.0,88.0,2.04,1020.0,80.55555555555556,27.0,0.86,0.75,31.3,29.5,0.34,0.38,0.0,0.0,2.0,2.0,27500.0,G27_19_H6
2024-03-09 00:00:00,13.0,1.0,10.0,13.0,44.0,2.48,1240.0,80.0,18.0,0.85,0.76,30.8,29.1,0.33,0.35,0.0,0.0,2.0,2.0,27500.0,G27_19_H6
2024-03-10 00:00:00,16.0,1.0,11.0,15.0,118.0,3.07,1535.0,77.66666666666667,24.0,0.89,0.77,30.4,28.8,0.32,0.36,0.0,0.0,2.0,2.0,27500.0,G27_19_H6
2024-03-11 00:00:00,21.0,7.0,12.0,12.0,69.0,3.42,1710.0,48.77777777777778,21.0,0.87,0.75,30.3,28.4,0.31,0.36,0.0,0.0,2.0,2.0,27500.0,G27_19_H6
2024-03-12 00:00:00,14.0,3.0,13.0,11.0,50.0,3.88,1940.0,26.22222222222222,27.0,0.88,0.77,29.5,28.1,0.31,0.36,0.0,0.0,2.0,2.0,27500.0,G27_19_H6
2024-03-13 00:00:00,17.0,4.0,14.0,10.0,35.0,4.25,2125.0,46.666666666666664,24.0,0.9,0.76,29.7,27.8,0.3,0.36,0.0,0.0,2.0,2.0,27500.0,G27_19_H6
2024-03-14 00:00:00,14.0,6.0,15.0,9.0,43.0,4.55,2275.0,22.333333333333332,24.0,0.91,0.76,29.0,27.6,0.3,0.45,0.0,0.0,2.0,2.0,27500.0,G27_19_H6
2024-03-15 00:00:00,20.0,3.0,16.0,8.0,34.0,4.56,2280.0,40.333333333333336,27.0,0.89,0.78,29.5,27.3,0.3,0.43,0.0,0.0,2.0,2.0,27500.0,G27_19_H6
2024-03-16 00:00:00,22.0,8.0,17.0,12.0,42.0,4.9,2450.0,16.11111111111111,33.0,0.88,0.75,29.9,27.1,0.3,0.6,0.0,0.0,2.0,2.0,27500.0,G27_19_H6
2024-03-17 00:00:00,13.0,6.0,18.0,11.0,40.0,5.03,2515.0,3.111111111111111,33.0,0.87,0.78,29.3,27.6,0.3,0.36,0.0,0.0,2.0,2.0,27500.0,G27_19_H6
2024-03-18 00:00:00,10.0,3.0,19.0,8.0,21.0,5.43,2715.0,27.88888888888889,36.0,0.86,0.73,28.2,26.4,0.3,0.37,0.0,0.0,2.0,2.0,27500.0,G27_19_H6
2024-03-19 00:00:00,16.0,4.0,20.0,7.0,33.0,5.63,2815.0,18.22222222222222,30.0,0.82,0.69,28.4,26.3,0.31,0.56,0.0,0.0,2.0,2.0,27500.0,G27_19_H6
2024-03-20 00:00:00,16.0,5.0,21.0,8.0,17.0,6.19,3095.0,6.111111111111111,39.0,0.87,0.69,28.7,26.6,0.31,0.63,0.0,0.0,2.0,2.0,27500.0,G27_19_H6
2024-03-21 00:00:00,24.0,5.0,22.0,7.0,30.0,6.6,3300.0,6.777777777777778,42.0,0.88,0.64,29.2,26.4,0.32,0.85,0.0,0.0,2.0,2.0,27500.0,G27_19_H6
2024-03-22 00:00:00,27.0,10.0,23.0,8.0,31.0,7.33,3665.0,1.0,40.0,0.85,0.65,30.6,27.1,0.35,0.96,0.0,0.0,2.0,2.0,27500.0,G27_19_H6
2024-03-23 00:00:00,16.0,12.0,24.0,18.0,26.0,7.71,3855.0,0.0,63.0,0.89,0.75,29.2,27.1,0.49,0.63,0.0,0.0,2.0,2.0,27500.0,G27_19_H6
2024-03-24 00:00:00,15.0,10.0,25.0,14.0,50.0,7.51,3755.0,0.1111111111111111,51.0,0.9,0.8,28.7,26.3,0.39,0.52,0.0,0.0,2.0,2.0,27500.0,G27_19_H6
2024-03-25 00:00:00,12.0,4.0,26.0,13.0,55.0,7.29,3645.0,0.2222222222222222,54.0,0.88,0.8,28.2,26.0,0.38,0.5,0.0,0.0,2.0,2.0,27500.0,G27_19_H6
2024-03-26 00:00:00,15.0,7.0,27.0,10.0,26.0,7.72,3860.0,4.333333333333333,48.0,0.91,0.77,27.6,25.3,0.36,0.78,0.0,0.0,2.0,2.0,27500.0,G27_19_H6
2024-03-27 00:00:00,12.0,7.0,28.0,12.0,25.0,8.64,4320.0,0.1111111111111111,60.0,0.89,0.79,26.9,24.8,0.42,0.53,0.0,0.0,2.0,2.0,27500.0,G27_19_H6
2024-03-28 00:00:00,18.0,8.0,29.0,11.0,28.0,8.01,4005.0,0.0,63.0,0.89,0.78,26.8,24.7,0.47,0.85,0.0,0.0,2.0,2.0,27500.0,G27_19_H6
2024-03-29 00:00:00,26.0,13.0,30.0,21.0,68.0,8.54,4270.0,0.0,87.0,0.89,0.67,29.8,24.5,0.42,1.85,0.0,0.0,2.0,5.0,27500.0,G27_19_H6
2024-03-30 00:00:00,27.0,12.0,31.0,30.0,106.0,8.54,4270.0,0.0,126.0,0.88,0.59,31.5,24.2,0.53,2.32,0.0,0.0,2.0,6.0,27500.0,G27_19_H6
2024-03-31 00:00:00,24.0,10.0,32.0,86.0,128.0,8.43,4215.0,0.0,108.0,0.83,0.63,26.3,23.1,0.4,1.45,0.0,0.0,2.0,4.0,27500.0,G27_19_H6
2024-04-01 00:00:00,28.0,11.0,33.0,146.0,62.0,7.94,3970.0,2.0,96.0,0.86,0.63,29.3,23.3,0.55,1.66,0.0,0.0,2.0,6.0,27500.0,G27_19_H6
2024-04-02 00:00:00,19.0,14.0,34.0,106.0,31.0,8.8,4400.0,0.0,123.0,0.9,0.79,26.8,24.4,0.6,0.9,0.0,0.0,2.0,3.0,27500.0,G27_19_H6
2024-04-03 00:00:00,15.0,10.0,35.0,94.0,48.0,8.66,4330.0,0.0,90.0,0.88,0.83,24.3,22.4,0.6,0.9,0.0,0.0,2.0,3.0,27500.0,G27_19_H6
2024-04-04 00:00:00,16.0,8.0,36.0,87.0,21.0,7.84,3920.0,6.0,84.0,0.88,0.83,24.5,21.3,0.6,0.9,0.0,0.0,2.0,3.0,27500.0,G27_19_H6
2024-04-05 00:00:00,18.0,7.0,37.0,46.0,16.0,7.09,3545.0,32.888888888888886,93.0,0.82,0.61,24.0,20.9,0.6,0.9,0.0,0.0,2.0,3.0,27500.0,G27_19_H6
2024-02-28 00:00:00,6.0,0.0,0.0,,,,0.0,,,,,,,,,,,,,27800.0,G27_19_H7
2024-02-29 00:00:00,5.0,0.0,1.0,16.0,13.0,0.73,365.0,1032.2222222222222,68247.0,0.62,0.53,36.1,33.8,0.65,0.65,0.0,0.0,1.0,1.0,27800.0,G27_19_H7
2024-03-01 00:00:00,5.0,0.0,2.0,15.0,27.0,0.95,475.0,312.1111111111111,36.0,0.68,0.57,36.0,33.5,0.56,0.56,0.0,0.0,1.0,1.0,27800.0,G27_19_H7
2024-03-02 00:00:00,12.0,-1.0,3.0,17.0,24.0,1.34,670.0,249.44444444444446,42.0,0.76,0.66,34.8,33.0,0.5,0.5,0.0,0.0,1.0,1.0,27800.0,G27_19_H7
2024-03-03 00:00:00,14.0,3.0,4.0,9.0,26.0,1.54,770.0,202.77777777777777,33.0,0.78,0.65,34.1,32.1,0.45,0.45,0.0,0.0,2.0,2.0,27800.0,G27_19_H7
2024-03-04 00:00:00,8.0,5.0,5.0,11.0,28.0,1.78,890.0,163.22222222222223,36.0,0.82,0.75,33.6,31.7,0.42,0.42,0.0,0.0,2.0,2.0,27800.0,G27_19_H7
2024-03-05 00:00:00,8.0,5.0,6.0,12.0,27.0,2.02,1010.0,158.88888888888889,33.0,0.82,0.73,32.7,30.7,0.39,0.39,0.0,0.0,2.0,2.0,27800.0,G27_19_H7
2024-03-06 00:00:00,9.0,1.0,7.0,14.0,44.0,2.23,1115.0,161.22222222222223,33.0,0.85,0.78,31.9,30.3,0.37,0.4,0.0,0.0,2.0,2.0,27800.0,G27_19_H7
2024-03-07 00:00:00,13.0,2.0,8.0,30.0,229.0,2.48,1240.0,118.33333333333333,33.0,0.88,0.82,31.4,29.9,0.35,0.37,0.0,0.0,2.0,2.0,27800.0,G27_19_H7
2024-03-08 00:00:00,12.0,1.0,9.0,22.0,17.0,2.15,1075.0,80.55555555555556,27.0,0.87,0.78,31.3,29.6,0.34,0.38,0.0,0.0,2.0,2.0,27800.0,G27_19_H7
2024-03-09 00:00:00,13.0,1.0,10.0,11.0,25.0,2.79,1395.0,80.0,12.0,0.88,0.8,30.8,29.2,0.33,0.35,0.0,0.0,2.0,2.0,27800.0,G27_19_H7
2024-03-10 00:00:00,16.0,1.0,11.0,7.0,12.0,3.31,1655.0,77.66666666666667,15.0,0.9,0.8,30.2,28.3,0.32,0.36,0.0,0.0,2.0,2.0,27800.0,G27_19_H7
2024-03-11 00:00:00,21.0,7.0,12.0,6.0,15.0,3.68,1840.0,48.77777777777778,18.0,0.86,0.79,30.4,28.6,0.31,0.36,0.0,0.0,2.0,2.0,27800.0,G27_19_H7
2024-03-12 00:00:00,14.0,3.0,13.0,8.0,10.0,3.97,1985.0,26.22222222222222,15.0,0.87,0.81,29.9,28.3,0.31,0.36,0.0,0.0,2.0,2.0,27800.0,G27_19_H7
2024-03-13 00:00:00,17.0,4.0,14.0,9.0,16.0,4.24,2120.0,46.666666666666664,18.0,0.88,0.76,29.8,27.7,0.3,0.36,0.0,0.0,2.0,2.0,27800.0,G27_19_H7
2024-03-14 00:00:00,14.0,6.0,15.0,8.0,25.0,4.64,2320.0,22.333333333333332,15.0,0.92,0.75,29.6,27.8,0.3,0.45,0.0,0.0,2.0,2.0,27800.0,G27_19_H7
2024-03-15 00:00:00,20.0,3.0,16.0,6.0,21.0,4.65,2325.0,40.333333333333336,21.0,0.87,0.77,29.4,27.4,0.3,0.43,0.0,0.0,2.0,2.0,27800.0,G27_19_H7
2024-03-16 00:00:00,22.0,8.0,17.0,5.0,17.0,5.36,2680.0,16.11111111111111,21.0,0.92,0.77,30.2,27.1,0.3,0.6,0.0,0.0,2.0,2.0,27800.0,G27_19_H7
2024-03-17 00:00:00,13.0,6.0,18.0,8.0,16.0,5.77,2885.0,3.111111111111111,24.0,0.88,0.8,29.1,27.5,0.3,0.36,0.0,0.0,2.0,2.0,27800.0,G27_19_H7
2024-03-18 00:00:00,10.0,3.0,19.0,6.0,12.0,5.93,2965.0,27.88888888888889,21.0,0.86,0.79,28.3,26.4,0.3,0.37,0.0,0.0,2.0,2.0,27800.0,G27_19_H7
2024-03-19 00:00:00,16.0,4.0,20.0,8.0,19.0,6.1,3050.0,18.22222222222222,21.0,0.86,0.71,28.5,26.5,0.31,0.56,0.0,0.0,2.0,2.0,27800.0,G27_19_H7
2024-03-20 00:00:00,16.0,5.0,21.0,9.0,18.0,6.61,3305.0,6.111111111111111,27.0,0.85,0.7,28.8,26.6,0.31,0.63,0.0,0.0,2.0,2.0,27800.0,G27_19_H7
2024-03-21 00:00:00,24.0,5.0,22.0,8.0,14.0,7.27,3635.0,6.777777777777778,27.0,0.88,0.65,29.3,26.3,0.32,0.85,0.0,0.0,2.0,2.0,27800.0,G27_19_H7
2024-03-22 00:00:00,27.0,10.0,23.0,6.0,13.0,8.01,4005.0,1.0,40.0,0.85,0.73,30.8,27.2,0.35,0.96,0.0,0.0,2.0,2.0,27800.0,G27_19_H7
2024-03-23 00:00:00,16.0,12.0,24.0,13.0,12.0,8.08,4040.0,0.0,42.0,0.9,0.79,29.3,27.1,0.49,0.63,0.0,0.0,2.0,2.0,27800.0,G27_19_H7
2024-03-24 00:00:00,15.0,10.0,25.0,11.0,16.0,8.22,4110.0,0.1111111111111111,33.0,0.91,0.81,28.7,26.3,0.39,0.52,0.0,0.0,2.0,2.0,27800.0,G27_19_H7
2024-03-25 00:00:00,12.0,4.0,26.0,12.0,25.0,7.95,3975.0,0.2222222222222222,36.0,0.9,0.85,27.9,25.8,0.38,0.5,0.0,0.0,2.0,2.0,27800.0,G27_19_H7
2024-03-26 00:00:00,15.0,7.0,27.0,11.0,31.0,8.11,4055.0,4.333333333333333,30.0,0.9,0.78,27.7,25.2,0.36,0.78,0.0,0.0,2.0,2.0,27800.0,G27_19_H7
2024-03-27 00:00:00,12.0,7.0,28.0,10.0,35.0,8.77,4385.0,0.1111111111111111,39.0,0.9,0.81,26.8,24.9,0.42,0.53,0.0,0.0,2.0,2.0,27800.0,G27_19_H7
2024-03-28 00:00:00,18.0,8.0,29.0,12.0,30.0,8.57,4285.0,0.0,39.0,0.9,0.82,26.9,24.6,0.47,0.85,0.0,0.0,2.0,2.0,27800.0,G27_19_H7
2024-03-29 00:00:00,26.0,13.0,30.0,24.0,71.0,8.69,4345.0,0.0,57.0,0.88,0.68,29.7,24.9,0.42,1.85,0.0,0.0,2.0,5.0,27800.0,G27_19_H7
2024-03-30 00:00:00,27.0,12.0,31.0,49.0,360.0,8.84,4420.0,0.0,84.0,0.89,0.6,31.7,24.1,0.53,2.32,0.0,0.0,2.0,6.0,27800.0,G27_19_H7
2024-03-31 00:00:00,24.0,10.0,32.0,130.0,166.0,8.22,4110.0,0.0,78.0,0.85,0.66,26.0,23.2,0.4,1.45,0.0,0.0,2.0,4.0,27800.0,G27_19_H7
2024-04-01 00:00:00,28.0,11.0,33.0,208.0,50.0,7.2,3600.0,2.0,63.0,0.87,0.65,29.2,23.3,0.55,1.66,0.0,0.0,2.0,6.0,27800.0,G27_19_H7
2024-04-02 00:00:00,19.0,14.0,34.0,346.0,203.0,7.35,3675.0,0.0,81.0,0.88,0.76,26.0,24.2,0.6,0.9,0.0,0.0,2.0,3.0,27800.0,G27_19_H7
2024-04-03 00:00:00,15.0,10.0,35.0,298.0,76.0,6.42,3210.0,0.0,57.0,0.9,0.86,23.9,22.3,0.6,0.9,0.0,0.0,2.0,3.0,27800.0,G27_19_H7
2024-04-04 00:00:00,16.0,8.0,36.0,170.0,18.0,5.82,2910.0,6.0,54.0,0.9,0.86,24.5,21.5,0.6,0.9,0.0,0.0,2.0,3.0,27800.0,G27_19_H7
2024-04-05 00:00:00,18.0,7.0,37.0,61.0,9.0,5.82,2910.0,32.888888888888886,60.0,0.85,0.62,24.6,21.4,0.6,0.9,0.0,0.0,2.0,3.0,27800.0,G27_19_H7
2024-02-28 00:00:00,6.0,0.0,0.0,,,,0.0,,,,,,,,,,,,,27500.0,G27_19_H8
2024-02-29 00:00:00,5.0,0.0,1.0,25.0,3.0,0.72,360.0,1032.2222222222222,83790.0,0.58,0.52,36.5,34.0,0.65,0.65,0.0,0.0,1.0,1.0,27500.0,G27_19_H8
2024-03-01 00:00:00,5.0,0.0,2.0,18.0,12.0,0.94,470.0,312.1111111111111,48.0,0.67,0.56,36.2,33.9,0.56,0.56,0.0,0.0,1.0,1.0,27500.0,G27_19_H8
2024-03-02 00:00:00,12.0,-1.0,3.0,30.0,35.0,1.16,580.0,249.44444444444446,42.0,0.68,0.56,35.0,33.1,0.5,0.5,0.0,0.0,1.0,1.0,27500.0,G27_19_H8
2024-03-03 00:00:00,14.0,3.0,4.0,26.0,34.0,1.21,605.0,202.77777777777777,45.0,0.76,0.63,34.9,32.8,0.45,0.45,0.0,0.0,2.0,2.0,27500.0,G27_19_H8
2024-03-04 00:00:00,8.0,5.0,5.0,21.0,14.0,1.22,610.0,163.22222222222223,45.0,0.81,0.72,34.1,32.0,0.42,0.42,0.0,0.0,2.0,2.0,27500.0,G27_19_H8
2024-03-05 00:00:00,8.0,5.0,6.0,18.0,17.0,1.6,800.0,158.88888888888889,36.0,0.83,0.72,33.5,31.2,0.39,0.39,0.0,0.0,2.0,2.0,27500.0,G27_19_H8
2024-03-06 00:00:00,9.0,1.0,7.0,20.0,30.0,1.68,840.0,161.22222222222223,45.0,0.86,0.77,32.9,30.7,0.37,0.4,0.0,0.0,2.0,2.0,27500.0,G27_19_H8
2024-03-07 00:00:00,13.0,2.0,8.0,23.0,254.0,2.05,1025.0,118.33333333333333,42.0,0.87,0.76,32.2,30.4,0.35,0.37,0.0,0.0,2.0,2.0,27500.0,G27_19_H8
2024-03-08 00:00:00,12.0,1.0,9.0,30.0,8.0,1.88,940.0,80.55555555555556,33.0,0.8,0.68,31.8,30.2,0.34,0.38,0.0,0.0,2.0,2.0,27500.0,G27_19_H8
2024-03-09 00:00:00,13.0,1.0,10.0,6.0,24.0,2.5,1250.0,80.0,33.0,0.92,0.78,31.8,29.8,0.33,0.35,0.0,0.0,2.0,2.0,27500.0,G27_19_H8
2024-03-10 00:00:00,16.0,1.0,11.0,5.0,14.0,2.86,1430.0,77.66666666666667,39.0,0.89,0.78,31.3,29.5,0.32,0.36,0.0,0.0,2.0,2.0,27500.0,G27_19_H8
2024-03-11 00:00:00,21.0,7.0,12.0,8.0,32.0,3.26,1630.0,48.77777777777778,36.0,0.91,0.78,31.0,29.4,0.31,0.36,0.0,0.0,2.0,2.0,27500.0,G27_19_H8
2024-03-12 00:00:00,14.0,3.0,13.0,4.0,21.0,3.53,1765.0,26.22222222222222,24.0,0.87,0.75,30.3,28.8,0.31,0.36,0.0,0.0,2.0,2.0,27500.0,G27_19_H8
2024-03-13 00:00:00,17.0,4.0,14.0,6.0,24.0,3.89,1945.0,46.666666666666664,27.0,0.9,0.75,30.0,28.4,0.3,0.35,0.0,0.0,2.0,2.0,27500.0,G27_19_H8
2024-03-14 00:00:00,14.0,6.0,15.0,7.0,27.0,3.9,1950.0,22.333333333333332,24.0,0.87,0.73,29.6,28.2,0.3,0.42,0.0,0.0,2.0,2.0,27500.0,G27_19_H8
2024-03-15 00:00:00,20.0,3.0,16.0,5.0,25.0,4.65,2325.0,40.333333333333336,30.0,0.89,0.75,29.6,27.8,0.3,0.42,0.0,0.0,2.0,2.0,27500.0,G27_19_H8
2024-03-16 00:00:00,22.0,8.0,17.0,6.0,24.0,4.91,2455.0,16.11111111111111,30.0,0.89,0.76,30.3,27.6,0.3,0.57,0.0,0.0,2.0,2.0,27500.0,G27_19_H8
2024-03-17 00:00:00,13.0,6.0,18.0,5.0,25.0,5.13,2565.0,3.111111111111111,33.0,0.87,0.78,29.2,27.6,0.3,0.36,0.0,0.0,2.0,2.0,27500.0,G27_19_H8
2024-03-18 00:00:00,10.0,3.0,19.0,4.0,14.0,5.4,2700.0,27.88888888888889,30.0,0.86,0.76,28.7,26.9,0.3,0.35,0.0,0.0,2.0,2.0,27500.0,G27_19_H8
2024-03-19 00:00:00,16.0,4.0,20.0,2.0,12.0,5.64,2820.0,18.22222222222222,18.0,0.83,0.68,28.6,27.1,0.31,0.53,0.0,0.0,2.0,2.0,27500.0,G27_19_H8
2024-03-20 00:00:00,16.0,5.0,21.0,2.0,8.0,6.11,3055.0,6.111111111111111,54.0,0.83,0.69,29.1,27.0,0.31,0.53,0.0,0.0,2.0,2.0,27500.0,G27_19_H8
2024-03-21 00:00:00,24.0,5.0,22.0,2.0,7.0,6.41,3205.0,6.777777777777778,36.0,0.85,0.65,29.8,27.0,0.32,0.65,0.0,0.0,2.0,2.0,27500.0,G27_19_H8
2024-03-22 00:00:00,27.0,10.0,23.0,2.0,7.0,6.89,3445.0,1.0,40.0,0.83,0.66,30.5,27.8,0.33,0.91,0.0,0.0,2.0,2.0,27500.0,G27_19_H8
2024-03-23 00:00:00,16.0,12.0,24.0,6.0,5.0,7.53,3765.0,0.0,63.0,0.88,0.74,29.6,27.5,0.46,0.56,0.0,0.0,2.0,2.0,27500.0,G27_19_H8
2024-03-24 00:00:00,15.0,10.0,25.0,5.0,8.0,7.58,3790.0,0.1111111111111111,45.0,0.9,0.8,29.0,27.0,0.37,0.5,0.0,0.0,2.0,2.0,27500.0,G27_19_H8
2024-03-25 00:00:00,12.0,4.0,26.0,10.0,4.0,7.89,3945.0,0.2222222222222222,45.0,0.87,0.8,28.8,26.5,0.38,0.43,0.0,0.0,2.0,2.0,27500.0,G27_19_H8
2024-03-26 00:00:00,15.0,7.0,27.0,6.0,6.0,7.85,3925.0,4.333333333333333,42.0,0.88,0.78,27.8,25.9,0.35,0.72,0.0,0.0,2.0,2.0,27500.0,G27_19_H8
2024-03-27 00:00:00,12.0,7.0,28.0,16.0,7.0,8.16,4080.0,0.1111111111111111,54.0,0.88,0.77,27.3,25.6,0.4,0.45,0.0,0.0,2.0,2.0,27500.0,G27_19_H8
2024-03-28 00:00:00,18.0,8.0,29.0,20.0,7.0,8.39,4195.0,0.0,57.0,0.9,0.78,27.4,25.5,0.45,0.8,0.0,0.0,2.0,2.0,27500.0,G27_19_H8
2024-03-29 00:00:00,26.0,13.0,30.0,28.0,40.0,8.34,4170.0,0.0,78.0,0.87,0.62,29.8,25.4,0.4,1.85,0.0,0.0,2.0,5.0,27500.0,G27_19_H8
2024-03-30 00:00:00,27.0,12.0,31.0,26.0,22.0,8.78,4390.0,0.0,117.0,0.87,0.58,31.7,25.0,0.51,2.26,0.0,0.0,2.0,6.0,27500.0,G27_19_H8
2024-03-31 00:00:00,24.0,10.0,32.0,31.0,50.0,9.04,4520.0,0.0,105.0,0.83,0.63,26.2,23.9,0.38,1.42,0.0,0.0,2.0,4.0,27500.0,G27_19_H8
2024-04-01 00:00:00,28.0,11.0,33.0,36.0,36.0,8.77,4385.0,2.0,81.0,0.86,0.62,29.5,23.5,0.45,1.26,0.0,0.0,2.0,5.0,27500.0,G27_19_H8
2024-04-02 00:00:00,19.0,14.0,34.0,100.0,40.0,9.11,4555.0,0.0,120.0,0.87,0.75,26.7,24.9,0.6,0.9,0.0,0.0,2.0,3.0,27500.0,G27_19_H8
2024-04-03 00:00:00,15.0,10.0,35.0,72.0,10.0,9.06,4530.0,0.0,84.0,0.89,0.85,25.5,23.0,0.58,0.88,0.0,0.0,2.0,3.0,27500.0,G27_19_H8
2024-04-04 00:00:00,16.0,8.0,36.0,80.0,10.0,8.59,4295.0,6.0,84.0,0.89,0.85,25.2,22.0,0.58,0.88,0.0,0.0,2.0,3.0,27500.0,G27_19_H8
2024-04-05 00:00:00,18.0,7.0,37.0,90.0,15.0,8.74,4370.0,32.888888888888886,87.0,0.83,0.61,24.9,21.8,0.58,0.88,0.0,0.0,2.0,3.0,27500.0,G27_19_H8
2024-02-28 00:00:00,6.0,0.0,0.0,,,,0.0,,,,,,,,,,,,,27500.0,G27_19_H9
2024-02-29 00:00:00,5.0,0.0,1.0,26.0,4.0,0.72,360.0,1032.2222222222222,81309.0,0.56,0.53,36.6,34.3,0.65,0.65,0.0,0.0,1.0,1.0,27500.0,G27_19_H9
2024-03-01 00:00:00,5.0,0.0,2.0,20.0,16.0,0.94,470.0,312.1111111111111,48.0,0.57,0.49,36.8,33.9,0.56,0.56,0.0,0.0,1.0,1.0,27500.0,G27_19_H9
2024-03-02 00:00:00,12.0,-1.0,3.0,20.0,15.0,1.15,575.0,249.44444444444446,45.0,0.64,0.56,35.7,33.3,0.5,0.5,0.0,0.0,1.0,1.0,27500.0,G27_19_H9
2024-03-03 00:00:00,14.0,3.0,4.0,16.0,20.0,1.23,615.0,202.77777777777777,42.0,0.68,0.61,34.9,32.6,0.45,0.45,0.0,0.0,2.0,2.0,27500.0,G27_19_H9
2024-03-04 00:00:00,8.0,5.0,5.0,26.0,30.0,1.26,630.0,163.22222222222223,42.0,0.83,0.7,34.3,31.9,0.42,0.42,0.0,0.0,2.0,2.0,27500.0,G27_19_H9
2024-03-05 00:00:00,8.0,5.0,6.0,17.0,22.0,1.52,760.0,158.88888888888889,42.0,0.82,0.74,33.8,31.2,0.39,0.39,0.0,0.0,2.0,2.0,27500.0,G27_19_H9
2024-03-06 00:00:00,9.0,1.0,7.0,21.0,32.0,1.8,900.0,161.22222222222223,42.0,0.75,0.65,33.1,30.6,0.37,0.4,0.0,0.0,2.0,2.0,27500.0,G27_19_H9
2024-03-07 00:00:00,13.0,2.0,8.0,30.0,322.0,2.05,1025.0,118.33333333333333,45.0,0.8,0.71,32.2,30.4,0.35,0.37,0.0,0.0,2.0,2.0,27500.0,G27_19_H9
2024-03-08 00:00:00,12.0,1.0,9.0,31.0,9.0,1.83,915.0,80.55555555555556,36.0,0.82,0.69,31.6,30.1,0.34,0.38,0.0,0.0,2.0,2.0,27500.0,G27_19_H9
2024-03-09 00:00:00,13.0,1.0,10.0,8.0,32.0,2.4,1200.0,80.0,33.0,0.91,0.77,31.6,29.7,0.33,0.35,0.0,0.0,2.0,2.0,27500.0,G27_19_H9
2024-03-10 00:00:00,16.0,1.0,11.0,10.0,60.0,2.85,1425.0,77.66666666666667,54.0,0.91,0.77,31.2,29.3,0.32,0.36,0.0,0.0,2.0,2.0,27500.0,G27_19_H9
2024-03-11 00:00:00,21.0,7.0,12.0,9.0,61.0,3.17,1585.0,48.77777777777778,21.0,0.9,0.77,31.0,29.3,0.31,0.36,0.0,0.0,2.0,2.0,27500.0,G27_19_H9
2024-03-12 00:00:00,14.0,3.0,13.0,10.0,55.0,3.43,1715.0,26.22222222222222,24.0,0.88,0.76,30.2,28.7,0.31,0.36,0.0,0.0,2.0,2.0,27500.0,G27_19_H9
2024-03-13 00:00:00,17.0,4.0,14.0,12.0,68.0,3.73,1865.0,46.666666666666664,27.0,0.89,0.73,30.2,28.4,0.3,0.35,0.0,0.0,2.0,2.0,27500.0,G27_19_H9
2024-03-14 00:00:00,14.0,6.0,15.0,9.0,46.0,3.75,1875.0,22.333333333333332,24.0,0.89,0.75,29.6,28.1,0.3,0.42,0.0,0.0,2.0,2.0,27500.0,G27_19_H9
2024-03-15 00:00:00,20.0,3.0,16.0,6.0,34.0,4.37,2185.0,40.333333333333336,33.0,0.88,0.76,29.7,27.8,0.3,0.42,0.0,0.0,2.0,2.0,27500.0,G27_19_H9
2024-03-16 00:00:00,22.0,8.0,17.0,7.0,28.0,4.6,2300.0,16.11111111111111,30.0,0.88,0.78,30.4,27.5,0.3,0.57,0.0,0.0,2.0,2.0,27500.0,G27_19_H9
2024-03-17 00:00:00,13.0,6.0,18.0,6.0,26.0,4.83,2415.0,3.111111111111111,33.0,0.88,0.79,29.4,27.6,0.3,0.36,0.0,0.0,2.0,2.0,27500.0,G27_19_H9
2024-03-18 00:00:00,10.0,3.0,19.0,6.0,34.0,5.09,2545.0,27.88888888888889,33.0,0.87,0.75,28.5,26.9,0.3,0.35,0.0,0.0,2.0,2.0,27500.0,G27_19_H9
2024-03-19 00:00:00,16.0,4.0,20.0,4.0,20.0,5.43,2715.0,18.22222222222222,33.0,0.85,0.67,28.7,27.1,0.31,0.53,0.0,0.0,2.0,2.0,27500.0,G27_19_H9
2024-03-20 00:00:00,16.0,5.0,21.0,3.0,23.0,5.8,2900.0,6.111111111111111,36.0,0.82,0.7,29.2,27.0,0.31,0.53,0.0,0.0,2.0,2.0,27500.0,G27_19_H9
2024-03-21 00:00:00,24.0,5.0,22.0,4.0,18.0,6.19,3095.0,6.777777777777778,36.0,0.86,0.66,29.8,27.0,0.32,0.65,0.0,0.0,2.0,2.0,27500.0,G27_19_H9
2024-03-22 00:00:00,27.0,10.0,23.0,5.0,19.0,6.59,3296.0,1.0,40.0,0.85,0.65,30.7,27.8,0.33,0.91,0.0,0.0,2.0,2.0,27500.0,G27_19_H9
2024-03-23 00:00:00,16.0,12.0,24.0,16.0,24.0,7.36,3680.0,0.0,57.0,0.89,0.75,29.7,27.6,0.46,0.56,0.0,0.0,2.0,2.0,27500.0,G27_19_H9
2024-03-24 00:00:00,15.0,10.0,25.0,8.0,10.0,7.32,3660.0,0.1111111111111111,42.0,0.89,0.81,29.2,27.1,0.37,0.5,0.0,0.0,2.0,2.0,27500.0,G27_19_H9
2024-03-25 00:00:00,12.0,4.0,26.0,20.0,19.0,7.5,3750.0,0.2222222222222222,48.0,0.87,0.81,28.5,26.4,0.38,0.43,0.0,0.0,2.0,2.0,27500.0,G27_19_H9
2024-03-26 00:00:00,15.0,7.0,27.0,20.0,37.0,7.13,3565.0,4.333333333333333,42.0,0.87,0.8,27.7,25.9,0.35,0.72,0.0,0.0,2.0,2.0,27500.0,G27_19_H9
2024-03-27 00:00:00,12.0,7.0,28.0,38.0,76.0,7.43,3715.0,0.1111111111111111,60.0,0.89,0.78,27.3,25.5,0.4,0.45,0.0,0.0,2.0,2.0,27500.0,G27_19_H9
2024-03-28 00:00:00,18.0,8.0,29.0,36.0,164.0,7.81,3905.0,0.0,57.0,0.89,0.81,27.4,25.4,0.45,0.8,0.0,0.0,2.0,2.0,27500.0,G27_19_H9
2024-03-29 00:00:00,26.0,13.0,30.0,38.0,167.0,7.85,3925.0,0.0,78.0,0.86,0.63,29.8,25.0,0.4,1.85,0.0,0.0,2.0,5.0,27500.0,G27_19_H9
2024-03-30 00:00:00,27.0,12.0,31.0,36.0,188.0,8.16,4080.0,0.0,120.0,0.86,0.57,31.7,24.9,0.51,2.26,0.0,0.0,2.0,6.0,27500.0,G27_19_H9
2024-03-31 00:00:00,24.0,10.0,32.0,34.0,100.0,8.05,4025.0,0.0,108.0,0.83,0.62,26.3,24.0,0.38,1.42,0.0,0.0,2.0,4.0,27500.0,G27_19_H9
2024-04-01 00:00:00,28.0,11.0,33.0,50.0,48.0,7.76,3880.0,2.0,84.0,0.85,0.63,29.5,23.6,0.45,1.26,0.0,0.0,2.0,5.0,27500.0,G27_19_H9
2024-04-02 00:00:00,19.0,14.0,34.0,70.0,10.0,7.63,3815.0,0.0,120.0,0.89,0.76,26.9,24.9,0.6,0.9,0.0,0.0,2.0,3.0,27500.0,G27_19_H9
2024-04-03 00:00:00,15.0,10.0,35.0,100.0,45.0,7.56,3780.0,0.0,84.0,0.88,0.83,25.0,22.9,0.58,0.88,0.0,0.0,2.0,3.0,27500.0,G27_19_H9
2024-04-04 00:00:00,16.0,8.0,36.0,100.0,30.0,7.12,3560.0,6.0,81.0,0.88,0.83,25.1,22.0,0.58,0.88,0.0,0.0,2.0,3.0,27500.0,G27_19_H9
2024-04-05 00:00:00,18.0,7.0,37.0,80.0,10.0,7.04,3520.0,32.888888888888886,90.0,0.83,0.6,25.1,22.1,0.58,0.88,0.0,0.0,2.0,3.0,27500.0,G27_19_H9
2024-02-29 00:00:00,5.0,-2.0,1.0,13.0,50.0,0.72,358.0,974.0,45.0,0.63,0.54,35.4,33.2,0.76,0.76,0.0,0.0,1.0,1.0,27500.0,G28_19_H1
2024-03-01 00:00:00,6.0,-1.0,2.0,15.0,24.0,0.95,475.0,715.0,48.0,0.65,0.58,34.7,32.9,0.78,0.78,0.0,0.0,1.0,1.0,27500.0,G28_19_H1
2024-02-29 00:00:00,5.0,-2.0,1.0,11.0,33.0,0.71,355.0,974.0,45.0,0.61,0.53,35.5,33.3,0.76,0.76,0.0,0.0,1.0,1.0,27300.0,G28_19_H2
2024-03-01 00:00:00,6.0,-1.0,2.0,13.0,56.0,0.95,475.0,715.0,51.0,0.63,0.56,34.8,33.0,0.78,0.78,0.0,0.0,1.0,1.0,27300.0,G28_19_H2
2024-02-29 00:00:00,5.0,-2.0,1.0,10.0,0.0,0.71,354.0,974.0,48.0,0.54,0.47,35.2,33.4,0.76,0.76,0.0,0.0,1.0,1.0,27200.0,G28_19_H3
2024-03-01 00:00:00,6.0,-1.0,2.0,15.0,0.0,0.95,475.0,715.0,48.0,0.56,0.52,34.6,33.0,0.78,0.78,0.0,0.0,1.0,1.0,27200.0,G28_19_H3
2024-02-29 00:00:00,5.0,-2.0,,0.0,0.0,0.0,0.0,0.0,0.0,0.0,0.0,0.0,0.0,0.0,0.0,0.0,0.0,1.0,1.0,27500.0,G28_19_H4
2024-03-01 00:00:00,6.0,-1.0,0.0,0.0,0.0,0.0,0.0,0.0,0.0,0.0,0.0,0.0,0.0,0.0,0.0,0.0,0.0,1.0,1.0,27500.0,G28_19_H4
2024-02-29 00:00:00,5.0,-2.0,,0.0,0.0,0.0,0.0,0.0,0.0,0.0,0.0,0.0,0.0,0.0,0.0,0.0,0.0,1.0,1.0,27500.0,G28_19_H5
2024-03-01 00:00:00,6.0,-1.0,0.0,0.0,0.0,0.0,0.0,0.0,0.0,0.0,0.0,0.0,0.0,0.0,0.0,0.0,0.0,1.0,1.0,27500.0,G28_19_H5
2024-02-29 00:00:00,5.0,-2.0,,0.0,0.0,0.0,0.0,0.0,0.0,0.0,0.0,0.0,0.0,0.0,0.0,0.0,0.0,1.0,1.0,27500.0,G28_19_H6
2024-03-01 00:00:00,6.0,-1.0,0.0,0.0,0.0,0.0,0.0,0.0,0.0,0.0,0.0,0.0,0.0,0.0,0.0,0.0,0.0,1.0,1.0,27500.0,G28_19_H6
2024-02-29 00:00:00,5.0,-2.0,,0.0,0.0,0.0,0.0,0.0,0.0,0.0,0.0,0.0,0.0,0.0,0.0,0.0,0.0,1.0,1.0,27500.0,G28_19_H7
2024-03-01 00:00:00,6.0,-1.0,0.0,0.0,0.0,0.0,0.0,0.0,0.0,0.0,0.0,0.0,0.0,0.0,0.0,0.0,0.0,1.0,1.0,27500.0,G28_19_H7
2024-02-29 00:00:00,5.0,-2.0,,0.0,0.0,0.0,0.0,0.0,0.0,0.0,0.0,0.0,0.0,0.0,0.0,0.0,0.0,1.0,1.0,27500.0,G28_19_H8
2024-03-01 00:00:00,6.0,-1.0,0.0,0.0,0.0,0.0,0.0,0.0,0.0,0.0,0.0,0.0,0.0,0.0,0.0,0.0,0.0,1.0,1.0,27500.0,G28_19_H8
2024-02-29 00:00:00,5.0,-2.0,,0.0,0.0,0.0,0.0,0.0,0.0,0.0,0.0,0.0,0.0,0.0,0.0,0.0,0.0,1.0,1.0,27400.0,G28_19_H9
2024-03-01 00:00:00,6.0,-1.0,0.0,0.0,0.0,0.0,0.0,0.0,0.0,0.0,0.0,0.0,0.0,0.0,0.0,0.0,0.0,1.0,1.0,27400.0,G28_19_H9
2024-03-16 00:00:00,22.0,5.0,1.0,9.0,0.0,0.95,475.0,972.0,84.0,0.68,0.51,35.8,33.9,0.35,0.35,0.0,0.0,2.0,2.0,41200.0,G30_60_H2
2024-03-17 00:00:00,14.0,5.0,2.0,12.0,0.0,1.35,675.0,403.0,40.0,0.63,0.52,35.1,32.6,0.36,0.36,0.0,0.0,2.0,2.0,41200.0,G30_60_H2
2024-03-18 00:00:00,15.0,8.0,3.0,23.0,6.0,1.65,825.0,314.0,76.0,0.63,0.55,34.0,31.9,0.37,0.37,0.0,0.0,2.0,2.0,41200.0,G30_60_H2
2024-03-19 00:00:00,16.0,4.0,4.0,10.0,2.0,1.9,950.0,217.64705882352942,72.0,0.65,0.51,33.2,31.0,0.38,0.38,0.0,0.0,2.0,2.0,41200.0,G30_60_H2
2024-03-20 00:00:00,18.0,8.0,5.0,27.0,3.0,2.15,1075.0,206.52941176470588,76.0,0.67,0.56,32.3,30.5,0.39,0.4,0.0,0.0,2.0,2.0,41200.0,G30_60_H2
2024-03-21 00:00:00,24.0,11.0,6.0,35.0,7.0,2.55,1275.0,164.88235294117646,44.0,0.7,0.54,31.6,29.8,0.41,0.41,0.0,0.0,2.0,2.0,41200.0,G30_60_H2
2024-03-22 00:00:00,26.0,15.0,7.0,17.0,9.0,2.9,1450.0,142.23529411764707,80.0,0.7,0.6,30.8,29.4,0.43,0.47,0.0,0.0,2.0,2.0,41200.0,G30_60_H2
2024-03-23 00:00:00,17.0,13.0,8.0,13.0,190.0,3.2,1600.0,64.3529411764706,80.0,0.7,0.65,30.4,28.8,0.45,0.47000000000000003,0.0,0.0,2.0,2.0,41200.0,G30_60_H2
2024-03-24 00:00:00,15.0,9.0,9.0,28.0,0.0,3.407,1703.5,160.88235294117646,52.0,0.69,0.63,30.0,28.5,0.46,0.46,0.0,0.0,2.0,2.0,41200.0,G30_60_H2
2024-03-25 00:00:00,10.0,5.0,10.0,7.0,6.0,3.56,1780.0,115.41176470588235,48.0,0.83,0.76,29.6,28.0,0.46,0.46,0.0,0.0,2.0,2.0,41200.0,G30_60_H2
2024-03-26 00:00:00,16.0,8.0,11.0,6.0,4.0,4.7,2350.0,173.05882352941177,48.0,0.79,0.69,29.1,27.7,0.48,0.5,0.0,0.0,2.0,2.0,41200.0,G30_60_H2
2024-03-27 00:00:00,15.0,6.0,12.0,12.0,9.0,5.29,2645.0,77.0,28.0,0.8,0.7,29.2,27.9,0.49,0.51,0.0,0.0,2.0,2.0,41200.0,G30_60_H2
2024-03-28 00:00:00,18.0,10.0,13.0,16.0,5.0,5.47,2735.0,61.64705882352941,32.0,0.81,0.71,29.0,27.7,0.48,0.52,0.0,0.0,2.0,2.0,41200.0,G30_60_H2
2024-03-29 00:00:00,22.0,11.0,14.0,10.0,3.0,5.93,2965.0,35.411764705882355,28.0,0.78,0.61,29.3,27.3,0.51,1.54,0.0,0.0,2.0,2.0,41200.0,G30_60_H2
2024-03-30 00:00:00,24.0,12.0,15.0,15.0,9.0,6.47,3235.0,10.764705882352942,44.0,0.79,0.56,29.8,27.4,0.52,1.4,0.0,0.0,2.0,2.0,41200.0,G30_60_H2
2024-03-31 00:00:00,22.0,13.0,16.0,16.0,8.0,7.13,3565.0,34.529411764705884,60.0,0.72,0.59,28.3,26.3,0.53,0.91,0.0,0.0,2.0,2.0,41200.0,G30_60_H2
2024-04-01 00:00:00,27.0,15.0,17.0,15.0,12.0,7.49,3745.0,34.529411764705884,40.0,0.75,0.53,29.9,26.3,0.55,1.4,0.0,1.0,2.0,2.0,41200.0,G30_60_H2
2024-04-02 00:00:00,21.0,12.0,18.0,20.0,17.0,8.27,4135.0,33.88235294117647,60.0,0.78,0.64,28.8,26.7,0.58,0.8799999999999999,0.0,0.0,2.0,2.0,41200.0,G30_60_H2
2024-04-03 00:00:00,17.0,9.0,19.0,12.0,7.0,8.17,4085.0,12.529411764705882,48.0,0.79,0.7,27.7,25.7,0.5,0.6799999999999999,1.0,1.0,2.0,2.0,41200.0,G30_60_H2
2024-04-04 00:00:00,15.0,6.0,20.0,18.0,14.0,8.49,4245.0,13.882352941176471,44.0,0.79,0.61,27.6,25.5,0.52,0.7,1.0,1.0,2.0,2.0,41200.0,G30_60_H2
2024-04-05 00:00:00,18.0,9.0,21.0,12.0,15.0,8.27,4135.0,21.941176470588236,52.0,0.74,0.57,27.4,25.2,0.57,0.72,1.0,1.0,2.0,2.0,41200.0,G30_60_H2
2024-04-06 00:00:00,18.0,10.0,22.0,20.0,32.0,9.47,4735.0,9.117647058823529,52.0,0.73,0.57,27.7,25.7,0.58,0.8699999999999999,1.0,1.0,2.0,2.0,41200.0,G30_60_H2
2024-04-07 00:00:00,19.0,12.0,23.0,15.0,33.0,9.41,4705.0,26.352941176470587,60.0,0.76,0.62,27.5,24.6,0.57,1.11,0.0,0.0,2.0,3.0,41200.0,G30_60_H2
2024-04-08 00:00:00,19.0,8.0,24.0,12.0,29.0,10.59,5295.0,5.647058823529412,68.0,0.77,0.61,27.3,25.1,0.59,0.94,0.0,0.0,2.0,2.0,41200.0,G30_60_H2
2024-04-09 00:00:00,22.0,12.0,25.0,10.0,25.0,10.98,5490.0,29.529411764705884,72.0,0.77,0.54,28.0,23.7,0.53,0.94,0.0,0.0,2.0,3.0,41200.0,G30_60_H2
2024-04-10 00:00:00,22.0,13.0,26.0,12.0,12.0,11.66,5830.0,0.6470588235294118,80.0,0.72,0.46,28.4,25.5,0.5900000000000001,0.9700000000000001,0.0,0.0,2.0,3.0,41200.0,G30_60_H2
2024-04-11 00:00:00,23.0,14.0,27.0,10.0,22.0,11.8,5900.0,0.9411764705882353,112.0,0.72,0.53,27.8,25.5,0.55,0.96,1.0,1.0,2.0,3.0,41200.0,G30_60_H2
2024-04-12 00:00:00,23.0,15.0,28.0,10.0,20.0,11.95,5975.0,0.4117647058823529,96.0,0.75,0.57,28.4,25.3,0.63,1.3599999999999999,0.0,0.0,2.0,5.0,41200.0,G30_60_H2
2024-04-13 00:00:00,20.0,14.0,29.0,12.0,35.0,12.3,6150.0,0.4117647058823529,108.0,0.74,0.64,26.4,24.8,0.69,1.22,0.0,0.0,3.0,4.0,41200.0,G30_60_H2
2024-04-14 00:00:00,21.0,14.0,30.0,15.0,48.0,12.62,6310.0,0.058823529411764705,116.0,0.75,0.68,25.7,24.1,0.61,1.0,0.0,0.0,2.0,4.0,41200.0,G30_60_H2
2024-04-15 00:00:00,26.0,15.0,31.0,12.0,18.0,12.7,6350.0,0.35294117647058826,132.0,0.78,0.57,28.3,22.5,0.69,1.6,0.0,0.0,3.0,7.0,41200.0,G30_60_H2
2024-04-16 00:00:00,26.0,14.0,32.0,15.0,19.0,13.4,6700.0,0.35294117647058826,208.0,0.78,0.5,26.9,23.1,1.12,1.57,0.0,0.0,5.0,7.0,41200.0,G30_60_H2
2024-04-17 00:00:00,19.0,11.0,33.0,16.0,33.0,13.91,6955.0,0.35294117647058826,192.0,0.67,0.55,26.9,22.5,0.8900000000000001,1.1,0.0,0.0,4.0,6.0,41200.0,G30_60_H2
2024-04-18 00:00:00,24.0,14.0,34.0,15.0,39.0,14.52,7260.0,4.176470588235294,128.0,0.76,0.47,26.4,19.5,0.6600000000000001,1.62,0.0,0.0,3.0,8.0,41200.0,G30_60_H2
2024-04-19 00:00:00,22.0,13.0,35.0,18.0,25.0,14.25,7125.0,0.29411764705882354,208.0,0.73,0.57,24.9,21.3,0.7700000000000001,1.33,0.0,0.0,4.0,7.0,41200.0,G30_60_H2
2024-04-20 00:00:00,23.0,14.0,36.0,15.0,24.0,13.61,6805.0,0.29411764705882354,180.0,0.81,0.66,23.1,19.6,0.7500000000000001,1.7000000000000002,0.0,0.0,4.0,9.0,41200.0,G30_60_H2
2024-04-21 00:00:00,23.0,14.0,37.0,16.0,9.0,13.65,6825.0,2.176470588235294,236.0,0.76,0.64,22.7,20.2,1.23,1.88,0.0,0.0,7.0,10.0,41200.0,G30_60_H2
2024-03-16 00:00:00,22.0,5.0,1.0,38.0,0.0,0.95,475.0,972.0,64.0,0.76,0.58,36.3,33.9,0.35,0.35,0.0,0.0,2.0,2.0,41300.0,G30_60_H3
2024-03-17 00:00:00,14.0,5.0,2.0,12.0,5.0,1.35,675.0,403.0,28.0,0.8,0.65,35.4,32.1,0.36,0.36,0.0,0.0,2.0,2.0,41300.0,G30_60_H3
2024-03-18 00:00:00,15.0,8.0,3.0,15.0,7.0,1.65,825.0,314.0,52.0,0.79,0.7,34.3,31.4,0.37,0.37,0.0,0.0,2.0,2.0,41300.0,G30_60_H3
2024-03-19 00:00:00,16.0,4.0,4.0,11.0,1.0,1.9,950.0,217.64705882352942,60.0,0.78,0.61,33.4,30.9,0.38,0.38,0.0,0.0,2.0,2.0,41300.0,G30_60_H3
2024-03-20 00:00:00,18.0,8.0,5.0,20.0,2.0,2.15,1075.0,206.52941176470588,56.0,0.78,0.66,32.8,30.3,0.39,0.4,0.0,0.0,2.0,2.0,41300.0,G30_60_H3
2024-03-21 00:00:00,24.0,11.0,6.0,29.0,4.0,2.55,1275.0,164.88235294117646,56.0,0.82,0.65,32.0,29.7,0.41,0.41,0.0,0.0,2.0,2.0,41300.0,G30_60_H3
2024-03-22 00:00:00,26.0,15.0,7.0,12.0,7.0,2.9,1450.0,142.23529411764707,56.0,0.8,0.69,31.4,29.1,0.43,0.47,0.0,0.0,2.0,2.0,41300.0,G30_60_H3
2024-03-23 00:00:00,17.0,13.0,8.0,6.0,201.0,3.2,1600.0,64.3529411764706,56.0,0.88,0.73,30.4,28.5,0.45,0.47000000000000003,0.0,0.0,2.0,2.0,41300.0,G30_60_H3
2024-03-24 00:00:00,15.0,9.0,9.0,34.0,0.0,3.2,1600.0,160.88235294117646,44.0,0.88,0.8,30.7,28.2,0.46,0.46,0.0,0.0,2.0,2.0,41300.0,G30_60_H3
2024-03-25 00:00:00,10.0,5.0,10.0,11.0,5.0,3.92,1960.0,115.41176470588235,44.0,0.87,0.8,30.1,27.8,0.46,0.46,0.0,0.0,2.0,2.0,41300.0,G30_60_H3
2024-03-26 00:00:00,16.0,8.0,11.0,8.0,4.0,4.55,2275.0,173.05882352941177,36.0,0.85,0.8,29.5,27.9,0.48,0.5,0.0,0.0,2.0,2.0,41300.0,G30_60_H3
2024-03-27 00:00:00,15.0,6.0,12.0,12.0,6.0,5.39,2695.0,77.0,28.0,0.79,0.72,29.2,27.9,0.49,0.51,0.0,0.0,2.0,2.0,41300.0,G30_60_H3
2024-03-28 00:00:00,18.0,10.0,13.0,14.0,1.0,5.81,2905.0,61.64705882352941,32.0,0.73,0.65,29.2,27.7,0.47,0.51,0.0,0.0,2.0,2.0,41300.0,G30_60_H3
2024-03-29 00:00:00,22.0,11.0,14.0,8.0,2.0,5.93,2965.0,35.411764705882355,76.0,0.73,0.65,30.8,27.3,0.5,1.5,0.0,0.0,2.0,2.0,41300.0,G30_60_H3
2024-03-30 00:00:00,24.0,12.0,15.0,10.0,6.0,6.62,3310.0,10.764705882352942,52.0,0.74,0.65,32.5,27.3,0.49,1.37,0.0,0.0,2.0,2.0,41300.0,G30_60_H3
2024-03-31 00:00:00,22.0,13.0,16.0,14.0,6.0,6.9,3450.0,34.529411764705884,52.0,0.76,0.67,28.6,26.6,0.5,0.88,0.0,0.0,2.0,2.0,41300.0,G30_60_H3
2024-04-01 00:00:00,27.0,15.0,17.0,15.0,11.0,7.2,3600.0,34.529411764705884,52.0,0.73,0.66,31.7,26.2,0.52,1.4,0.0,1.0,2.0,2.0,41300.0,G30_60_H3
2024-04-02 00:00:00,21.0,12.0,18.0,10.0,12.0,8.06,4030.0000000000005,33.88235294117647,72.0,0.74,0.65,29.0,26.7,0.57,0.8699999999999999,0.0,0.0,2.0,2.0,41300.0,G30_60_H3
2024-04-03 00:00:00,17.0,9.0,19.0,8.0,10.0,7.74,3870.0,12.529411764705882,56.0,0.72,0.66,28.2,26.0,0.49,0.6699999999999999,1.0,1.0,2.0,2.0,41300.0,G30_60_H3
2024-04-04 00:00:00,15.0,6.0,20.0,8.0,4.0,8.33,4165.0,13.882352941176471,28.0,0.75,0.66,28.2,26.0,0.51,0.69,1.0,1.0,2.0,2.0,41300.0,G30_60_H3
2024-04-05 00:00:00,18.0,9.0,21.0,7.0,21.0,8.83,4415.0,21.941176470588236,56.0,0.72,0.67,28.3,25.4,0.55,0.7000000000000001,1.0,1.0,2.0,2.0,41300.0,G30_60_H3
2024-04-06 00:00:00,18.0,10.0,22.0,12.0,15.0,9.02,4510.0,9.117647058823529,64.0,0.72,0.68,28.4,26.0,0.56,0.8500000000000001,1.0,1.0,2.0,2.0,41300.0,G30_60_H3
2024-04-07 00:00:00,19.0,12.0,23.0,9.0,27.0,9.67,4835.0,26.352941176470587,72.0,0.74,0.68,28.0,24.6,0.55,0.8700000000000001,1.0,1.0,2.0,2.0,41300.0,G30_60_H3
2024-04-08 00:00:00,19.0,8.0,24.0,15.0,45.0,10.56,5280.0,5.647058823529412,36.0,0.73,0.64,28.0,25.8,0.5700000000000001,0.92,1.0,1.0,2.0,2.0,41300.0,G30_60_H3
2024-04-09 00:00:00,22.0,12.0,25.0,12.0,48.0,11.51,5755.0,29.529411764705884,84.0,0.73,0.65,28.6,23.6,0.51,0.9199999999999999,0.0,0.0,2.0,3.0,41300.0,G30_60_H3
2024-04-10 00:00:00,22.0,13.0,26.0,18.0,23.0,11.79,5895.0,0.6470588235294118,100.0,0.73,0.62,29.5,25.4,0.5700000000000001,0.9500000000000001,0.0,0.0,2.0,3.0,41300.0,G30_60_H3
2024-04-11 00:00:00,23.0,14.0,27.0,15.0,27.0,11.89,5945.0,0.9411764705882353,76.0,0.75,0.64,28.8,25.6,0.53,0.9,0.0,0.0,2.0,3.0,41300.0,G30_60_H3
2024-04-12 00:00:00,23.0,15.0,28.0,10.0,31.0,12.59,6295.0,0.4117647058823529,112.0,0.72,0.61,29.0,25.7,0.61,1.1400000000000001,0.0,0.0,2.0,4.0,41300.0,G30_60_H3
2024-04-13 00:00:00,20.0,14.0,29.0,15.0,42.0,12.75,6375.0,0.4117647058823529,152.0,0.73,0.62,27.6,24.8,0.69,1.22,0.0,0.0,3.0,4.0,41300.0,G30_60_H3
2024-04-14 00:00:00,21.0,14.0,30.0,13.0,23.0,12.91,6455.0,0.058823529411764705,128.0,0.71,0.62,27.1,24.8,0.61,1.0,0.0,0.0,2.0,4.0,41300.0,G30_60_H3
2024-04-15 00:00:00,26.0,15.0,31.0,15.0,0.0,12.48,6240.0,0.35294117647058826,144.0,0.72,0.59,28.2,23.3,0.69,1.6,0.0,0.0,3.0,7.0,41300.0,G30_60_H3
2024-04-16 00:00:00,26.0,14.0,32.0,25.0,45.0,13.0,6500.0,0.35294117647058826,200.0,0.71,0.57,27.2,22.9,0.92,1.37,0.0,0.0,4.0,7.0,41300.0,G30_60_H3
2024-04-17 00:00:00,19.0,11.0,33.0,20.0,38.0,13.18,6590.0,0.35294117647058826,176.0,0.73,0.61,24.7,22.3,0.79,1.0,0.0,0.0,3.0,6.0,41300.0,G30_60_H3
2024-04-18 00:00:00,24.0,14.0,34.0,30.0,75.0,13.67,6835.0,4.176470588235294,128.0,0.72,0.49,26.7,20.0,0.56,1.52,0.0,0.0,2.0,7.0,41300.0,G30_60_H3
2024-04-19 00:00:00,22.0,13.0,35.0,35.0,30.0,14.26,7130.0,0.29411764705882354,196.0,0.77,0.66,24.9,21.2,0.67,1.23,0.0,0.0,3.0,7.0,41300.0,G30_60_H3
2024-04-20 00:00:00,23.0,14.0,36.0,25.0,30.0,13.52,6760.0,0.29411764705882354,184.0,0.77,0.58,24.2,20.1,0.65,1.6,0.0,0.0,3.0,9.0,41300.0,G30_60_H3
2024-04-21 00:00:00,23.0,14.0,37.0,32.0,15.0,14.31,7155.0,2.176470588235294,224.0,0.78,0.66,23.0,19.7,1.23,1.88,0.0,0.0,7.0,10.0,41300.0,G30_60_H3
2024-03-16 00:00:00,22.0,5.0,1.0,24.0,0.0,0.95,475.0,972.0,72.0,0.7,0.51,36.2,34.1,0.35,0.35,0.0,0.0,2.0,2.0,41300.0,G30_60_H4
2024-03-17 00:00:00,14.0,5.0,2.0,12.0,0.0,1.35,675.0,403.0,36.0,0.65,0.62,35.2,32.8,0.36,0.36,0.0,0.0,2.0,2.0,41300.0,G30_60_H4
2024-03-18 00:00:00,15.0,8.0,3.0,15.0,6.0,1.65,825.0,314.0,60.0,0.68,0.56,34.3,32.2,0.37,0.37,0.0,0.0,2.0,2.0,41300.0,G30_60_H4
2024-03-19 00:00:00,16.0,4.0,4.0,7.0,2.0,1.9,950.0,217.64705882352942,52.0,0.75,0.58,33.3,31.5,0.38,0.38,0.0,0.0,2.0,2.0,41300.0,G30_60_H4
2024-03-20 00:00:00,18.0,8.0,5.0,19.0,1.0,2.15,1075.0,206.52941176470588,52.0,0.7,0.52,32.5,30.7,0.39,0.4,0.0,0.0,2.0,2.0,41300.0,G30_60_H4
2024-03-21 00:00:00,24.0,11.0,6.0,21.0,3.0,2.55,1275.0,164.88235294117646,60.0,0.67,0.52,31.9,30.1,0.41,0.41,0.0,0.0,2.0,2.0,41300.0,G30_60_H4
2024-03-22 00:00:00,26.0,15.0,7.0,22.0,10.0,2.9,1450.0,142.23529411764707,60.0,0.77,0.64,30.9,29.5,0.43,0.47,0.0,0.0,2.0,2.0,41300.0,G30_60_H4
2024-03-23 00:00:00,17.0,13.0,8.0,5.0,223.0,3.2,1600.0,64.3529411764706,60.0,0.91,0.79,30.6,29.0,0.45,0.47000000000000003,0.0,0.0,2.0,2.0,41300.0,G30_60_H4
2024-03-24 00:00:00,15.0,9.0,9.0,16.0,0.0,3.2,1600.0,160.88235294117646,40.0,0.88,0.79,30.0,28.8,0.46,0.46,0.0,0.0,2.0,2.0,41300.0,G30_60_H4
2024-03-25 00:00:00,10.0,5.0,10.0,15.0,11.0,4.31,2155.0,115.41176470588235,45.199999999999996,0.87,0.77,30.0,28.2,0.46,0.46,0.0,0.0,2.0,2.0,41300.0,G30_60_H4
2024-03-26 00:00:00,16.0,8.0,11.0,10.0,6.0,4.42,2210.0,173.05882352941177,36.0,0.9,0.79,29.3,28.2,0.48,0.5,0.0,0.0,2.0,2.0,41300.0,G30_60_H4
2024-03-27 00:00:00,15.0,6.0,12.0,8.0,4.0,5.33,2665.0,77.0,36.0,0.92,0.84,29.4,28.3,0.49,0.51,0.0,0.0,2.0,2.0,41300.0,G30_60_H4
2024-03-28 00:00:00,18.0,10.0,13.0,12.0,3.0,5.77,2885.0,61.64705882352941,32.0,0.89,0.79,29.2,28.0,0.48,0.52,0.0,0.0,2.0,2.0,41300.0,G30_60_H4
2024-03-29 00:00:00,22.0,11.0,14.0,13.0,3.0,5.94,2970.0,35.411764705882355,40.0,0.89,0.68,30.4,27.7,0.51,1.54,0.0,0.0,2.0,2.0,41300.0,G30_60_H4
2024-03-30 00:00:00,24.0,12.0,15.0,9.0,4.0,6.62,3310.0,10.764705882352942,52.0,0.89,0.63,31.2,27.8,0.52,1.4,0.0,0.0,2.0,2.0,41300.0,G30_60_H4
2024-03-31 00:00:00,22.0,13.0,16.0,15.0,4.0,6.982,3491.0,34.529411764705884,60.0,0.83,0.67,28.6,27.0,0.53,0.91,0.0,0.0,2.0,2.0,41300.0,G30_60_H4
2024-04-01 00:00:00,27.0,15.0,17.0,14.0,11.0,7.32,3660.0,34.529411764705884,48.0,0.88,0.67,31.2,26.6,0.55,1.4,0.0,1.0,2.0,2.0,41300.0,G30_60_H4
2024-04-02 00:00:00,21.0,12.0,18.0,12.0,7.0,8.06,4030.0000000000005,33.88235294117647,80.0,0.85,0.76,29.1,27.1,0.58,0.8799999999999999,0.0,0.0,2.0,2.0,41300.0,G30_60_H4
2024-04-03 00:00:00,17.0,9.0,19.0,5.0,7.0,8.08,4040.0,12.529411764705882,72.0,0.84,0.74,28.4,26.2,0.5,0.6799999999999999,1.0,1.0,2.0,2.0,41300.0,G30_60_H4
2024-04-04 00:00:00,15.0,6.0,20.0,10.0,10.0,8.39,4195.0,13.882352941176471,72.0,0.8,0.65,28.1,26.1,0.52,0.7,1.0,1.0,2.0,2.0,41300.0,G30_60_H4
2024-04-05 00:00:00,18.0,9.0,21.0,8.0,17.0,8.83,4415.0,21.941176470588236,68.0,0.76,0.59,28.0,25.7,0.57,0.72,1.0,1.0,2.0,2.0,41300.0,G30_60_H4
2024-04-06 00:00:00,18.0,10.0,22.0,10.0,28.0,8.99,4495.0,9.117647058823529,76.0,0.76,0.61,28.2,26.3,0.58,0.8699999999999999,1.0,1.0,2.0,2.0,41300.0,G30_60_H4
2024-04-07 00:00:00,19.0,12.0,23.0,9.0,17.0,9.69,4845.0,26.352941176470587,92.0,0.79,0.66,27.9,25.5,0.57,1.11,0.0,0.0,2.0,3.0,41300.0,G30_60_H4
2024-04-08 00:00:00,19.0,8.0,24.0,10.0,25.0,10.52,5260.0,5.647058823529412,52.0,0.8,0.66,27.4,25.6,0.59,1.08,0.0,0.0,2.0,3.0,41300.0,G30_60_H4
2024-04-09 00:00:00,22.0,12.0,25.0,7.0,19.0,11.01,5505.0,29.529411764705884,88.0,0.78,0.51,28.8,24.6,0.53,1.34,0.0,0.0,2.0,4.0,41300.0,G30_60_H4
2024-04-10 00:00:00,22.0,13.0,26.0,13.0,12.0,11.87,5935.0,0.6470588235294118,136.0,0.75,0.49,29.1,25.8,0.5900000000000001,1.27,0.0,0.0,2.0,4.0,41300.0,G30_60_H4
2024-04-11 00:00:00,23.0,14.0,27.0,15.0,22.0,11.6,5800.0,0.9411764705882353,124.0,0.74,0.59,28.6,26.2,0.55,1.01,0.0,0.0,2.0,4.0,41300.0,G30_60_H4
2024-04-12 00:00:00,23.0,15.0,28.0,11.0,21.0,12.03,6015.0,0.4117647058823529,136.0,0.8,0.64,29.1,26.0,0.63,1.6400000000000001,0.0,0.0,2.0,6.0,41300.0,G30_60_H4
2024-04-13 00:00:00,20.0,14.0,29.0,8.0,16.0,13.03,6515.0,0.4117647058823529,148.0,0.8,0.69,27.4,25.3,0.69,1.4,0.0,0.0,3.0,5.0,41300.0,G30_60_H4
2024-04-14 00:00:00,21.0,14.0,30.0,7.0,18.0,12.89,6445.0,0.058823529411764705,160.0,0.78,0.61,26.7,25.0,0.61,1.0,0.0,0.0,2.0,4.0,41300.0,G30_60_H4
2024-04-15 00:00:00,26.0,15.0,31.0,12.0,24.0,12.01,6005.0,0.35294117647058826,160.0,0.76,0.6,28.3,23.0,0.69,1.6,0.0,0.0,3.0,7.0,41300.0,G30_60_H4
2024-04-16 00:00:00,26.0,14.0,32.0,13.0,17.0,12.48,6240.0,0.35294117647058826,240.0,0.81,0.53,27.3,23.8,1.12,1.57,0.0,0.0,5.0,7.0,41300.0,G30_60_H4
2024-04-17 00:00:00,19.0,11.0,33.0,15.0,27.0,13.05,6525.0,0.35294117647058826,228.0,0.69,0.58,25.8,23.0,0.8900000000000001,1.1,0.0,0.0,4.0,6.0,41300.0,G30_60_H4
2024-04-18 00:00:00,24.0,14.0,34.0,16.0,22.0,13.77,6885.0,4.176470588235294,168.0,0.76,0.49,27.0,20.2,0.6600000000000001,1.62,0.0,0.0,3.0,8.0,41300.0,G30_60_H4
2024-04-19 00:00:00,22.0,13.0,35.0,17.0,22.0,14.24,7120.0,0.29411764705882354,244.0,0.74,0.57,25.2,22.0,0.7700000000000001,1.33,0.0,0.0,4.0,7.0,41300.0,G30_60_H4
2024-04-20 00:00:00,23.0,14.0,36.0,10.0,14.0,14.47,7235.0,0.29411764705882354,224.0,0.81,0.67,24.6,20.9,0.7500000000000001,1.7000000000000002,0.0,0.0,4.0,9.0,41300.0,G30_60_H4
2024-04-21 00:00:00,23.0,14.0,37.0,18.0,4.0,15.06,7530.0,2.176470588235294,272.0,0.77,0.67,23.6,21.0,1.23,1.88,0.0,0.0,7.0,10.0,41300.0,G30_60_H4
2024-03-16 00:00:00,22.0,5.0,0.0,0.0,0.0,0.0,0.0,0.0,0.0,0.0,0.0,0.0,0.0,0.25,0.27,0.0,0.0,2.0,2.0,39900.0,G30_60_H5
2024-03-17 00:00:00,14.0,5.0,1.0,29.0,0.0,0.95,475.0,403.0,40.0,0.63,0.44,35.8,33.0,0.35,0.35,0.0,0.0,2.0,2.0,39900.0,G30_60_H5
2024-03-18 00:00:00,15.0,8.0,2.0,21.0,2.0,1.35,675.0,314.0,80.0,0.56,0.46,35.1,32.1,0.36,0.36,0.0,0.0,2.0,2.0,39900.0,G30_60_H5
2024-03-19 00:00:00,16.0,4.0,3.0,22.0,3.0,1.65,825.0,217.64705882352942,40.0,0.59,0.42,34.0,31.6,0.37,0.37,0.0,0.0,2.0,2.0,39900.0,G30_60_H5
2024-03-20 00:00:00,18.0,8.0,4.0,17.0,3.0,1.8,900.0,206.52941176470588,40.0,0.61,0.47,33.5,31.1,0.38,0.39,0.0,0.0,2.0,2.0,39900.0,G30_60_H5
2024-03-21 00:00:00,24.0,11.0,5.0,9.0,18.0,2.15,1075.0,164.88235294117646,80.0,0.62,0.5,33.0,30.6,0.4,0.4,0.0,0.0,2.0,2.0,39900.0,G30_60_H5
2024-03-22 00:00:00,26.0,15.0,6.0,15.0,10.0,2.5,1250.0,142.23529411764707,40.0,0.63,0.53,32.2,29.9,0.42,0.45999999999999996,0.0,0.0,2.0,2.0,39900.0,G30_60_H5
2024-03-23 00:00:00,17.0,13.0,7.0,10.0,16.0,2.8,1400.0,64.3529411764706,40.0,0.74,0.67,30.6,29.0,0.44,0.46,0.0,0.0,2.0,2.0,39900.0,G30_60_H5
2024-03-24 00:00:00,15.0,9.0,8.0,20.0,187.0,2.81,1405.0,160.88235294117646,80.0,0.76,0.65,30.5,28.7,0.45,0.45,0.0,0.0,2.0,2.0,39900.0,G30_60_H5
2024-03-25 00:00:00,10.0,5.0,9.0,30.0,64.0,2.87,1435.0,115.41176470588235,40.0,0.72,0.62,29.8,28.23,0.45,0.45,0.0,0.0,2.0,2.0,39900.0,G30_60_H5
2024-03-26 00:00:00,16.0,8.0,10.0,13.0,20.0,2.84,1420.0,173.05882352941177,80.0,0.74,0.65,30.4,28.1,0.47,0.49,0.0,0.0,2.0,2.0,39900.0,G30_60_H5
2024-03-27 00:00:00,15.0,6.0,11.0,10.0,14.0,3.71,1855.0,77.0,40.0,0.76,0.68,29.7,27.9,0.48,0.5,0.0,0.0,2.0,2.0,39900.0,G30_60_H5
2024-03-28 00:00:00,18.0,10.0,12.0,10.0,28.0,4.16,2080.0,61.64705882352941,40.0,0.8,0.7,29.5,28.0,0.46,0.5,0.0,0.0,2.0,2.0,39900.0,G30_60_H5
2024-03-29 00:00:00,22.0,11.0,13.0,5.0,7.0,5.03,2515.0,35.411764705882355,40.0,0.79,0.56,31.2,27.9,0.489,1.49,0.0,0.0,2.0,2.0,39900.0,G30_60_H5
2024-03-30 00:00:00,24.0,12.0,14.0,15.0,37.0,5.67,2835.0,10.764705882352942,40.0,0.81,0.52,32.3,27.7,0.48,1.3599999999999999,0.0,0.0,2.0,2.0,39900.0,G30_60_H5
2024-03-31 00:00:00,22.0,13.0,15.0,8.0,24.0,6.09,3045.0,34.529411764705884,40.0,0.73,0.57,29.0,27.1,0.49,0.87,0.0,0.0,2.0,2.0,39900.0,G30_60_H5
2024-04-01 00:00:00,27.0,15.0,16.0,10.0,64.0,6.41,3205.0,34.529411764705884,40.0,0.8,0.55,31.8,26.8,0.51,1.56,0.0,1.0,2.0,2.0,39900.0,G30_60_H5
2024-04-02 00:00:00,21.0,12.0,17.0,13.0,50.0,7.02,3510.0,33.88235294117647,40.0,0.82,0.71,28.8,27.0,0.55,0.8500000000000001,0.0,0.0,2.0,2.0,39900.0,G30_60_H5
2024-04-03 00:00:00,17.0,9.0,18.0,14.0,40.0,7.14,3570.0,12.529411764705882,40.0,0.82,0.73,28.2,26.3,0.49,0.6699999999999999,1.0,1.0,2.0,2.0,39900.0,G30_60_H5
2024-04-04 00:00:00,15.0,6.0,19.0,12.0,10.0,7.22,3610.0,13.882352941176471,40.0,0.8,0.64,28.0,26.2,0.51,0.69,1.0,1.0,2.0,2.0,39900.0,G30_60_H5
2024-04-05 00:00:00,18.0,9.0,20.0,15.0,30.0,7.77,3885.0,21.941176470588236,40.0,0.76,0.57,28.3,25.7,0.53,0.68,1.0,1.0,2.0,2.0,39900.0,G30_60_H5
2024-04-06 00:00:00,18.0,10.0,21.0,15.0,35.0,8.04,4019.9999999999995,9.117647058823529,80.0,0.74,0.58,28.0,26.0,0.55,0.8400000000000001,1.0,1.0,2.0,2.0,39900.0,G30_60_H5
2024-04-07 00:00:00,19.0,12.0,22.0,15.0,35.0,8.78,4390.0,26.352941176470587,40.0,0.79,0.63,27.8,24.6,0.54,0.8600000000000001,1.0,1.0,2.0,2.0,39900.0,G30_60_H5
2024-04-08 00:00:00,19.0,8.0,23.0,20.0,40.0,8.85,4425.0,5.647058823529412,80.0,0.81,0.61,27.3,25.0,0.56,0.91,1.0,1.0,2.0,2.0,39900.0,G30_60_H5
2024-04-09 00:00:00,22.0,12.0,24.0,20.0,60.0,9.48,4740.0,29.529411764705884,80.0,0.78,0.53,28.8,23.7,0.5,0.9099999999999999,0.0,0.0,2.0,3.0,39900.0,G30_60_H5
2024-04-10 00:00:00,22.0,13.0,25.0,20.0,41.0,9.86,4930.0,0.6470588235294118,80.0,0.76,0.46,29.2,25.4,0.56,0.9400000000000001,0.0,0.0,2.0,3.0,39900.0,G30_60_H5
2024-04-11 00:00:00,23.0,14.0,26.0,13.0,40.0,9.48,4740.0,0.9411764705882353,80.0,0.76,0.55,28.7,25.3,0.52,0.92,0.0,0.0,2.0,3.0,39900.0,G30_60_H5
2024-04-12 00:00:00,23.0,15.0,27.0,21.0,30.0,10.2,5100.0,0.4117647058823529,80.0,0.79,0.59,28.8,25.7,0.6,1.13,0.0,0.0,2.0,4.0,39900.0,G30_60_H5
2024-04-13 00:00:00,20.0,14.0,28.0,24.0,60.0,10.95,5475.0,0.4117647058823529,120.0,0.79,0.67,27.6,25.2,0.64,1.17,0.0,0.0,2.0,4.0,39900.0,G30_60_H5
2024-04-14 00:00:00,21.0,14.0,29.0,30.0,114.0,11.18,5590.0,0.058823529411764705,80.0,0.79,0.72,26.9,25.0,0.56,0.8500000000000001,1.0,1.0,2.0,3.0,39900.0,G30_60_H5
2024-04-15 00:00:00,26.0,15.0,30.0,50.0,198.0,10.84,5420.0,0.35294117647058826,120.0,0.79,0.61,27.9,23.2,0.64,1.35,0.0,0.0,2.0,6.0,39900.0,G30_60_H5
2024-04-16 00:00:00,26.0,14.0,31.0,50.0,194.0,11.05,5525.0,0.35294117647058826,160.0,0.81,0.52,26.7,23.2,0.94,1.29,0.0,0.0,4.0,6.0,39900.0,G30_60_H5
2024-04-17 00:00:00,19.0,11.0,32.0,50.0,438.0,11.07,5535.0,0.35294117647058826,160.0,0.7,0.61,24.5,22.6,0.77,0.95,0.0,0.0,3.0,5.0,39900.0,G30_60_H5
2024-04-18 00:00:00,24.0,14.0,33.0,52.0,168.0,11.07,5535.0,4.176470588235294,80.0,0.79,0.45,26.6,20.2,0.54,1.5,0.0,0.0,2.0,7.0,39900.0,G30_60_H5
2024-04-19 00:00:00,22.0,13.0,34.0,60.0,200.0,11.89,5945.0,0.29411764705882354,160.0,0.76,0.57,24.9,21.2,0.65,1.21,0.0,0.0,3.0,6.0,39900.0,G30_60_H5
2024-04-20 00:00:00,23.0,14.0,35.0,70.0,90.0,11.42,5710.0,0.29411764705882354,120.0,0.81,0.66,23.9,20.4,0.63,1.58,0.0,0.0,3.0,8.0,39900.0,G30_60_H5
2024-04-21 00:00:00,23.0,14.0,36.0,50.0,13.0,11.91,5955.0,2.176470588235294,160.0,0.81,0.62,23.8,20.43,1.09,1.7400000000000002,0.0,0.0,5.0,8.0,39900.0,G30_60_H5
2024-03-16 00:00:00,22.0,5.0,0.0,0.0,0.0,0.0,0.0,0.0,0.0,0.0,0.0,0.0,0.0,0.29,0.31,0.0,0.0,2.0,2.0,39800.0,G30_60_H6
2024-03-17 00:00:00,14.0,5.0,1.0,27.0,0.0,0.95,475.0,403.0,80.0,0.52,0.42,35.7,33.6,0.35,0.35,0.0,0.0,2.0,2.0,39800.0,G30_60_H6
2024-03-18 00:00:00,15.0,8.0,2.0,21.0,5.0,1.35,675.0,314.0,40.0,0.52,0.42,35.2,33.0,0.36,0.36,0.0,0.0,2.0,2.0,39800.0,G30_60_H6
2024-03-19 00:00:00,16.0,4.0,3.0,20.0,5.0,1.65,825.0,217.64705882352942,80.0,0.53,0.4,34.0,32.1,0.37,0.37,0.0,0.0,2.0,2.0,39800.0,G30_60_H6
2024-03-20 00:00:00,18.0,8.0,4.0,24.0,10.0,1.8,900.0,206.52941176470588,80.0,0.57,0.44,32.9,31.2,0.38,0.39,0.0,0.0,2.0,2.0,39800.0,G30_60_H6
2024-03-21 00:00:00,24.0,11.0,5.0,10.0,12.0,2.15,1075.0,164.88235294117646,40.0,0.6,0.45,32.5,29.4,0.4,0.4,0.0,0.0,2.0,2.0,39800.0,G30_60_H6
2024-03-22 00:00:00,26.0,15.0,6.0,10.0,10.0,2.5,1250.0,142.23529411764707,80.0,0.6,0.51,31.9,30.1,0.42,0.45999999999999996,0.0,0.0,2.0,2.0,39800.0,G30_60_H6
2024-03-23 00:00:00,17.0,13.0,7.0,16.0,10.0,2.8,1400.0,64.3529411764706,40.0,0.7,0.63,31.0,29.4,0.44,0.46,0.0,0.0,2.0,2.0,39800.0,G30_60_H6
2024-03-24 00:00:00,15.0,9.0,8.0,20.0,157.0,2.79,1395.0,160.88235294117646,80.0,0.72,0.61,30.7,29.1,0.45,0.45,0.0,0.0,2.0,2.0,39800.0,G30_60_H6
2024-03-25 00:00:00,10.0,5.0,9.0,20.0,34.0,2.93,1465.0,115.41176470588235,80.0,0.69,0.59,30.4,28.5,0.45,0.45,0.0,0.0,2.0,2.0,39800.0,G30_60_H6
2024-03-26 00:00:00,16.0,8.0,10.0,16.0,30.0,2.85,1425.0,173.05882352941177,40.0,0.71,0.62,29.8,28.3,0.47,0.49,0.0,0.0,2.0,2.0,39800.0,G30_60_H6
2024-03-27 00:00:00,15.0,6.0,11.0,10.0,16.0,3.71,1855.0,77.0,40.0,0.73,0.66,29.4,28.2,0.48,0.5,0.0,0.0,2.0,2.0,39800.0,G30_60_H6
2024-03-28 00:00:00,18.0,10.0,12.0,12.0,30.0,4.15,2075.0,61.64705882352941,40.0,0.76,0.66,29.4,28.2,0.47,0.51,0.0,0.0,2.0,2.0,39800.0,G30_60_H6
2024-03-29 00:00:00,22.0,11.0,13.0,5.0,8.0,4.86,2430.0,35.411764705882355,40.0,0.74,0.56,30.3,28.0,0.5,1.53,0.0,0.0,2.0,2.0,39800.0,G30_60_H6
2024-03-30 00:00:00,24.0,12.0,14.0,16.0,20.0,5.52,2760.0,10.764705882352942,40.0,0.75,0.6,30.6,27.8,0.51,1.3900000000000001,0.0,0.0,2.0,2.0,39800.0,G30_60_H6
2024-03-31 00:00:00,22.0,13.0,15.0,8.0,30.0,6.02,3010.0,34.529411764705884,40.0,0.69,0.55,28.4,27.0,0.52,0.9,0.0,0.0,2.0,2.0,39800.0,G30_60_H6
2024-04-01 00:00:00,27.0,15.0,16.0,15.0,60.0,6.34,3170.0,34.529411764705884,40.0,0.74,0.51,30.3,26.7,0.54,1.56,0.0,1.0,2.0,2.0,39800.0,G30_60_H6
2024-04-02 00:00:00,21.0,12.0,17.0,9.0,40.0,6.76,3380.0,33.88235294117647,40.0,0.75,0.64,28.7,26.9,0.56,0.8600000000000001,0.0,0.0,2.0,2.0,39800.0,G30_60_H6
2024-04-03 00:00:00,17.0,9.0,18.0,14.0,30.0,6.97,3485.0,12.529411764705882,40.0,0.74,0.67,28.4,26.1,0.48,0.6599999999999999,1.0,1.0,2.0,2.0,39800.0,G30_60_H6
2024-04-04 00:00:00,15.0,6.0,19.0,13.0,40.0,7.31,3655.0,13.882352941176471,80.0,0.71,0.55,27.7,26.0,0.5,0.6799999999999999,1.0,1.0,2.0,2.0,39800.0,G30_60_H6
2024-04-05 00:00:00,18.0,9.0,20.0,9.0,30.0,8.01,4005.0,21.941176470588236,40.0,0.7,0.52,27.9,25.5,0.55,0.7000000000000001,1.0,1.0,2.0,2.0,39800.0,G30_60_H6
2024-04-06 00:00:00,18.0,10.0,21.0,10.0,20.0,8.68,4340.0,9.117647058823529,80.0,0.65,0.52,27.7,25.9,0.58,0.8699999999999999,1.0,1.0,2.0,2.0,39800.0,G30_60_H6
2024-04-07 00:00:00,19.0,12.0,22.0,10.0,35.0,9.23,4615.0,26.352941176470587,40.0,0.71,0.59,27.5,25.4,0.57,0.8899999999999999,1.0,1.0,2.0,2.0,39800.0,G30_60_H6
2024-04-08 00:00:00,19.0,8.0,23.0,20.0,50.0,9.65,4825.0,5.647058823529412,80.0,0.72,0.56,27.4,25.6,0.59,0.94,1.0,1.0,2.0,2.0,39800.0,G30_60_H6
2024-04-09 00:00:00,22.0,12.0,24.0,15.0,36.0,9.72,4860.0,29.529411764705884,120.0,0.71,0.47,27.9,24.5,0.53,0.94,0.0,0.0,2.0,3.0,39800.0,G30_60_H6
2024-04-10 00:00:00,22.0,13.0,25.0,20.0,56.0,10.35,5175.0,0.6470588235294118,80.0,0.66,0.43,29.0,25.6,0.5900000000000001,0.9700000000000001,0.0,0.0,2.0,3.0,39800.0,G30_60_H6
2024-04-11 00:00:00,23.0,14.0,26.0,8.0,17.0,10.83,5415.0,0.9411764705882353,120.0,0.67,0.51,28.1,25.8,0.55,1.0,0.0,0.0,2.0,4.0,39800.0,G30_60_H6
2024-04-12 00:00:00,23.0,15.0,27.0,20.0,33.0,11.11,5555.0,0.4117647058823529,120.0,0.7,0.56,28.7,26.4,0.63,1.3599999999999999,0.0,0.0,2.0,5.0,39800.0,G30_60_H6
2024-04-13 00:00:00,20.0,14.0,28.0,15.0,25.0,12.31,6155.0,0.4117647058823529,120.0,0.69,0.62,26.8,25.3,0.71,1.24,0.0,0.0,3.0,4.0,39800.0,G30_60_H6
2024-04-14 00:00:00,21.0,14.0,29.0,10.0,13.0,12.04,6020.0,0.058823529411764705,120.0,0.7,0.66,26.2,24.7,0.63,1.02,0.0,0.0,2.0,4.0,39800.0,G30_60_H6
2024-04-15 00:00:00,26.0,15.0,30.0,15.0,15.0,11.85,5925.0,0.35294117647058826,160.0,0.71,0.57,28.2,23.2,0.71,1.65,0.0,0.0,3.0,7.0,39800.0,G30_60_H6
2024-04-16 00:00:00,26.0,14.0,31.0,3.0,17.0,11.81,5905.0,0.35294117647058826,200.0,0.73,0.48,27.0,24.1,1.18,1.63,0.0,0.0,5.0,7.0,39800.0,G30_60_H6
2024-04-17 00:00:00,19.0,11.0,32.0,20.0,48.0,12.55,6275.0,0.35294117647058826,200.0,0.63,0.54,25.4,23.0,0.95,1.16,0.0,0.0,4.0,6.0,39800.0,G30_60_H6
2024-04-18 00:00:00,24.0,14.0,33.0,22.0,10.0,12.15,6075.0,4.176470588235294,120.0,0.7,0.41,26.3,20.2,0.72,1.68,0.0,0.0,3.0,8.0,39800.0,G30_60_H6
2024-04-19 00:00:00,22.0,13.0,34.0,37.0,10.0,12.62,6310.0,0.29411764705882354,200.0,0.69,0.52,25.0,22.2,0.83,1.3900000000000001,0.0,0.0,4.0,7.0,39800.0,G30_60_H6
2024-04-20 00:00:00,23.0,14.0,35.0,36.0,20.0,13.2,6600.0,0.29411764705882354,200.0,0.73,0.63,23.7,21.1,0.8,1.75,0.0,0.0,4.0,9.0,39800.0,G30_60_H6
2024-04-21 00:00:00,23.0,14.0,36.0,50.0,8.0,13.34,6670.0,2.176470588235294,240.0,0.71,0.58,24.0,21.0,1.18,1.83,0.0,0.0,6.0,9.0,39800.0,G30_60_H6
2024-03-16 00:00:00,22.0,5.0,0.0,0.0,0.0,0.0,0.0,0.0,0.0,0.0,0.0,0.0,0.0,0.28,0.30000000000000004,0.0,0.0,2.0,2.0,39800.0,G30_60_H7
2024-03-17 00:00:00,14.0,5.0,1.0,30.0,0.0,0.95,475.0,403.0,44.0,0.68,0.5,35.8,33.3,0.35,0.35,0.0,0.0,2.0,2.0,39800.0,G30_60_H7
2024-03-18 00:00:00,15.0,8.0,2.0,18.0,0.0,1.35,675.0,314.0,40.0,0.66,0.54,35.5,32.6,0.36,0.36,0.0,0.0,2.0,2.0,39800.0,G30_60_H7
2024-03-19 00:00:00,16.0,4.0,3.0,15.0,3.0,1.65,825.0,217.64705882352942,80.0,0.66,0.49,34.1,31.6,0.37,0.37,0.0,0.0,2.0,2.0,39800.0,G30_60_H7
2024-03-20 00:00:00,18.0,8.0,4.0,20.0,5.0,1.8,900.0,206.52941176470588,80.0,0.67,0.54,33.3,30.5,0.38,0.39,0.0,0.0,2.0,2.0,39800.0,G30_60_H7
2024-03-21 00:00:00,24.0,11.0,5.0,18.0,10.0,2.15,1075.0,164.88235294117646,40.0,0.71,0.55,32.7,29.4,0.4,0.4,0.0,0.0,2.0,2.0,39800.0,G30_60_H7
2024-03-22 00:00:00,26.0,15.0,6.0,15.0,15.0,2.5,1250.0,142.23529411764707,40.0,0.69,0.56,31.9,29.6,0.42,0.45999999999999996,0.0,0.0,2.0,2.0,39800.0,G30_60_H7
2024-03-23 00:00:00,17.0,13.0,7.0,10.0,15.0,2.8,1400.0,64.3529411764706,80.0,0.76,0.7,30.5,29.0,0.44,0.46,0.0,0.0,2.0,2.0,39800.0,G30_60_H7
2024-03-24 00:00:00,15.0,9.0,8.0,30.0,190.0,2.8,1400.0,160.88235294117646,80.0,0.78,0.71,30.1,28.7,0.45,0.45,0.0,0.0,2.0,2.0,39800.0,G30_60_H7
2024-03-25 00:00:00,10.0,5.0,9.0,20.0,40.0,2.85,1425.0,115.41176470588235,40.0,0.75,0.65,30.4,28.1,0.45,0.45,0.0,0.0,2.0,2.0,39800.0,G30_60_H7
2024-03-26 00:00:00,16.0,8.0,10.0,14.0,20.0,2.91,1455.0,173.05882352941177,80.0,0.76,0.68,30.2,28.1,0.47,0.49,0.0,0.0,2.0,2.0,39800.0,G30_60_H7
2024-03-27 00:00:00,15.0,6.0,11.0,8.0,30.0,3.79,1895.0,77.0,40.0,0.79,0.69,29.5,28.0,0.48,0.5,0.0,0.0,2.0,2.0,39800.0,G30_60_H7
2024-03-28 00:00:00,18.0,10.0,12.0,10.0,42.0,4.26,2130.0,61.64705882352941,40.0,0.8,0.72,29.1,27.9,0.46,0.5,0.0,0.0,2.0,2.0,39800.0,G30_60_H7
2024-03-29 00:00:00,22.0,11.0,13.0,9.0,25.0,4.9,2450.0,35.411764705882355,40.0,0.8,0.58,31.3,27.9,0.49,1.49,0.0,0.0,2.0,2.0,39800.0,G30_60_H7
2024-03-30 00:00:00,24.0,12.0,14.0,10.0,24.0,5.62,2810.0,10.764705882352942,40.0,0.81,0.54,32.6,27.8,0.48,1.3599999999999999,0.0,0.0,2.0,2.0,39800.0,G30_60_H7
2024-03-31 00:00:00,22.0,13.0,15.0,12.0,68.0,6.04,3020.0,34.529411764705884,40.0,0.74,0.58,29.2,27.0,0.494,0.874,0.0,0.0,2.0,2.0,39800.0,G30_60_H7
2024-04-01 00:00:00,27.0,15.0,16.0,15.0,45.0,6.37,3185.0,34.529411764705884,40.0,0.79,0.57,31.9,26.7,0.51,1.56,0.0,1.0,2.0,2.0,39800.0,G30_60_H7
2024-04-02 00:00:00,21.0,12.0,17.0,8.0,18.0,6.96,3480.0,33.88235294117647,80.0,0.8,0.72,28.8,26.8,0.55,0.8500000000000001,0.0,0.0,2.0,2.0,39800.0,G30_60_H7
2024-04-03 00:00:00,17.0,9.0,18.0,9.0,29.0,6.91,3455.0,12.529411764705882,40.0,0.8,0.74,28.3,26.2,0.49,0.6699999999999999,1.0,1.0,2.0,2.0,39800.0,G30_60_H7
2024-04-04 00:00:00,15.0,6.0,19.0,7.0,30.0,7.28,3640.0,13.882352941176471,40.0,0.79,0.65,28.0,26.0,0.51,0.69,1.0,1.0,2.0,2.0,39800.0,G30_60_H7
2024-04-05 00:00:00,18.0,9.0,20.0,10.0,50.0,8.04,4019.9999999999995,21.941176470588236,80.0,0.76,0.6,28.3,25.6,0.53,0.68,1.0,1.0,2.0,2.0,39800.0,G30_60_H7
2024-04-06 00:00:00,18.0,10.0,21.0,5.0,38.0,8.32,4160.0,9.117647058823529,40.0,0.75,0.61,28.2,26.0,0.5,0.79,1.0,1.0,2.0,2.0,39800.0,G30_60_H7
2024-04-07 00:00:00,19.0,12.0,22.0,8.0,47.0,9.06,4530.0,26.352941176470587,80.0,0.78,0.65,28.1,24.5,0.49,0.81,1.0,1.0,2.0,2.0,39800.0,G30_60_H7
2024-04-08 00:00:00,19.0,8.0,23.0,6.0,38.0,9.32,4660.0,5.647058823529412,40.0,0.78,0.64,27.4,25.1,0.51,0.86,1.0,1.0,2.0,2.0,39800.0,G30_60_H7
2024-04-09 00:00:00,22.0,12.0,24.0,8.0,36.0,9.43,4715.0,29.529411764705884,80.0,0.77,0.55,28.8,23.7,0.45,0.86,0.0,0.0,2.0,3.0,39800.0,G30_60_H7
2024-04-10 00:00:00,22.0,13.0,25.0,10.0,25.0,10.29,5145.0,0.6470588235294118,120.0,0.76,0.51,29.4,25.4,0.51,0.89,0.0,0.0,2.0,3.0,39800.0,G30_60_H7
2024-04-11 00:00:00,23.0,14.0,26.0,5.0,26.0,10.87,5435.0,0.9411764705882353,80.0,0.77,0.58,29.7,25.4,0.47000000000000003,0.88,0.0,0.0,2.0,3.0,39800.0,G30_60_H7
2024-04-12 00:00:00,23.0,15.0,27.0,7.0,30.0,11.14,5570.0,0.4117647058823529,120.0,0.77,0.61,29.4,26.0,0.55,1.08,0.0,0.0,2.0,4.0,39800.0,G30_60_H7
2024-04-13 00:00:00,20.0,14.0,28.0,10.0,28.0,11.27,5635.0,0.4117647058823529,80.0,0.77,0.7,27.2,25.0,0.5900000000000001,0.9700000000000001,1.0,1.0,2.0,3.0,39800.0,G30_60_H7
2024-04-14 00:00:00,21.0,14.0,29.0,15.0,25.0,11.09,5545.0,0.058823529411764705,160.0,0.78,0.74,26.8,24.3,0.5100000000000001,0.8,1.0,1.0,2.0,3.0,39800.0,G30_60_H7
2024-04-15 00:00:00,26.0,15.0,30.0,8.0,40.0,10.76,5380.0,0.35294117647058826,80.0,0.77,0.64,28.1,23.5,0.5900000000000001,1.3,0.0,0.0,2.0,6.0,39800.0,G30_60_H7
2024-04-16 00:00:00,26.0,14.0,31.0,20.0,27.0,10.33,5165.0,0.35294117647058826,200.0,0.78,0.55,26.8,23.3,0.94,1.29,0.0,0.0,4.0,6.0,39800.0,G30_60_H7
2024-04-17 00:00:00,19.0,11.0,32.0,25.0,30.0,10.65,5325.0,0.35294117647058826,160.0,0.71,0.63,24.4,22.4,0.71,0.8899999999999999,0.0,0.0,3.0,5.0,39800.0,G30_60_H7
2024-04-18 00:00:00,24.0,14.0,33.0,30.0,20.0,10.72,5360.0,4.176470588235294,120.0,0.77,0.5,26.5,20.0,0.48,1.44,0.0,0.0,2.0,7.0,39800.0,G30_60_H7
2024-04-19 00:00:00,22.0,13.0,34.0,26.0,20.0,11.64,5820.0,0.29411764705882354,200.0,0.77,0.61,24.7,20.9,0.59,1.15,0.0,0.0,3.0,6.0,39800.0,G30_60_H7
2024-04-20 00:00:00,23.0,14.0,35.0,39.0,16.0,11.57,5785.0,0.29411764705882354,120.0,0.78,0.69,24.3,20.3,0.68,1.63,0.0,0.0,3.0,8.0,39800.0,G30_60_H7
2024-04-21 00:00:00,23.0,14.0,36.0,45.0,15.0,11.83,5915.0,2.176470588235294,200.0,0.77,0.66,24.1,20.3,1.09,1.7400000000000002,0.0,0.0,5.0,8.0,39800.0,G30_60_H7
2024-03-16 00:00:00,22.0,5.0,0.0,0.0,0.0,0.0,0.0,0.0,0.0,0.0,0.0,0.0,0.0,0.3,0.32,0.0,0.0,2.0,2.0,39750.0,G30_60_H8
2024-03-17 00:00:00,14.0,5.0,1.0,118.0,0.0,0.95,475.0,403.0,40.0,0.57,0.43,35.5,33.6,0.35,0.35,0.0,0.0,2.0,2.0,39750.0,G30_60_H8
2024-03-18 00:00:00,15.0,8.0,2.0,20.0,0.0,1.35,314.0,403.0,80.0,0.56,0.46,34.7,32.3,0.36,0.36,0.0,0.0,2.0,2.0,39750.0,G30_60_H8
2024-03-19 00:00:00,16.0,4.0,3.0,20.0,3.0,1.65,825.0,217.64705882352942,40.0,0.57,0.44,33.6,32.2,0.37,0.37,0.0,0.0,2.0,2.0,39750.0,G30_60_H8
2024-03-20 00:00:00,18.0,8.0,4.0,22.0,2.0,1.8,900.0,206.52941176470588,80.0,0.59,0.5,33.1,31.6,0.38,0.39,0.0,0.0,2.0,2.0,39750.0,G30_60_H8
2024-03-21 00:00:00,24.0,11.0,5.0,37.0,36.0,2.15,1075.0,164.88235294117646,40.0,0.65,0.52,32.2,29.4,0.4,0.4,0.0,0.0,2.0,2.0,39750.0,G30_60_H8
2024-03-22 00:00:00,26.0,15.0,6.0,35.0,30.0,2.5,1250.0,142.23529411764707,80.0,0.65,0.55,31.5,30.2,0.42,0.45999999999999996,0.0,0.0,2.0,2.0,39750.0,G30_60_H8
2024-03-23 00:00:00,17.0,13.0,7.0,25.0,9.0,2.8,1400.0,64.3529411764706,40.0,0.74,0.68,31.0,29.4,0.44,0.46,0.0,0.0,2.0,2.0,39750.0,G30_60_H8
2024-03-24 00:00:00,15.0,9.0,8.0,35.0,240.0,3.23,1615.0,160.88235294117646,80.0,0.77,0.64,30.3,29.2,0.45,0.45,0.0,0.0,2.0,2.0,39750.0,G30_60_H8
2024-03-25 00:00:00,10.0,5.0,9.0,20.0,16.0,3.42,1710.0,115.41176470588235,40.0,0.74,0.63,30.6,28.5,0.45,0.45,0.0,0.0,2.0,2.0,39750.0,G30_60_H8
2024-03-26 00:00:00,16.0,8.0,10.0,15.0,18.0,3.54,1770.0,173.05882352941177,40.0,0.76,0.65,29.8,28.6,0.47,0.49,0.0,0.0,2.0,2.0,39750.0,G30_60_H8
2024-03-27 00:00:00,15.0,6.0,11.0,10.0,21.0,4.56,2280.0,77.0,40.0,0.76,0.67,29.9,28.5,0.48,0.5,0.0,0.0,2.0,2.0,39750.0,G30_60_H8
2024-03-28 00:00:00,18.0,10.0,12.0,11.0,35.0,4.95,2475.0,61.64705882352941,40.0,0.76,0.68,29.6,28.1,0.47,0.51,0.0,0.0,2.0,2.0,39750.0,G30_60_H8
2024-03-29 00:00:00,22.0,11.0,13.0,8.0,22.0,5.7,2850.0,35.411764705882355,40.0,0.76,0.57,30.0,27.9,0.5,1.53,0.0,0.0,2.0,2.0,39750.0,G30_60_H8
2024-03-30 00:00:00,24.0,12.0,14.0,8.0,30.0,6.23,3115.0,10.764705882352942,40.0,0.75,0.51,30.6,27.8,0.51,1.3900000000000001,0.0,0.0,2.0,2.0,39750.0,G30_60_H8
2024-03-31 00:00:00,22.0,13.0,15.0,10.0,20.0,6.59,3295.0,34.529411764705884,40.0,0.69,0.53,28.6,27.2,0.52,0.9,0.0,0.0,2.0,2.0,39750.0,G30_60_H8
2024-04-01 00:00:00,27.0,15.0,16.0,9.0,40.0,7.29,3645.0,34.529411764705884,80.0,0.74,0.53,30.5,26.8,0.54,1.56,0.0,1.0,2.0,2.0,39750.0,G30_60_H8
2024-04-02 00:00:00,21.0,12.0,17.0,7.0,30.0,8.02,4010.0,33.88235294117647,40.0,0.77,0.63,29.1,27.3,0.56,0.8600000000000001,0.0,0.0,2.0,2.0,39750.0,G30_60_H8
2024-04-03 00:00:00,17.0,9.0,18.0,10.0,40.0,8.04,4019.9999999999995,12.529411764705882,80.0,0.77,0.65,28.0,26.3,0.48,0.6599999999999999,1.0,1.0,2.0,2.0,39750.0,G30_60_H8
2024-04-04 00:00:00,15.0,6.0,19.0,8.0,38.0,8.36,4180.0,13.882352941176471,40.0,0.72,0.57,28.2,26.2,0.5,0.6799999999999999,1.0,1.0,2.0,2.0,39750.0,G30_60_H8
2024-04-05 00:00:00,18.0,9.0,20.0,10.0,40.0,8.7,4350.0,21.941176470588236,80.0,0.69,0.53,28.1,25.9,0.55,0.7000000000000001,1.0,1.0,2.0,2.0,39750.0,G30_60_H8
2024-04-06 00:00:00,18.0,10.0,21.0,6.0,32.0,9.36,4680.0,9.117647058823529,40.0,0.69,0.53,27.9,26.3,0.58,0.8699999999999999,1.0,1.0,2.0,2.0,39750.0,G30_60_H8
2024-04-07 00:00:00,19.0,12.0,22.0,8.0,37.0,9.92,4960.0,26.352941176470587,80.0,0.72,0.59,27.9,25.7,0.57,0.8899999999999999,1.0,1.0,2.0,2.0,39750.0,G30_60_H8
2024-04-08 00:00:00,19.0,8.0,23.0,12.0,40.0,10.41,5205.0,5.647058823529412,80.0,0.73,0.58,27.6,25.6,0.59,0.94,1.0,1.0,2.0,2.0,39750.0,G30_60_H8
2024-04-09 00:00:00,22.0,12.0,24.0,10.0,45.0,10.71,5355.0,29.529411764705884,80.0,0.7,0.49,28.4,24.6,0.53,0.94,0.0,0.0,2.0,3.0,39750.0,G30_60_H8
2024-04-10 00:00:00,22.0,13.0,25.0,7.0,30.0,11.22,5610.0,0.6470588235294118,120.0,0.67,0.45,29.2,25.4,0.5900000000000001,0.9700000000000001,0.0,0.0,2.0,3.0,39750.0,G30_60_H8
2024-04-11 00:00:00,23.0,14.0,26.0,15.0,56.0,11.4,5700.0,0.9411764705882353,80.0,0.61,0.53,28.4,25.8,0.55,0.98,1.0,1.0,2.0,3.0,39750.0,G30_60_H8
2024-04-12 00:00:00,23.0,15.0,27.0,18.0,82.0,11.39,5695.0,0.4117647058823529,120.0,0.7,0.55,28.9,26.1,0.63,1.3599999999999999,0.0,0.0,2.0,5.0,39750.0,G30_60_H8
2024-04-13 00:00:00,20.0,14.0,28.0,25.0,90.0,11.71,5855.0,0.4117647058823529,120.0,0.7,0.63,27.3,25.1,0.67,1.2000000000000002,0.0,0.0,2.0,4.0,39750.0,G30_60_H8
2024-04-14 00:00:00,21.0,14.0,29.0,40.0,110.0,11.92,5960.0,0.058823529411764705,120.0,0.7,0.64,26.9,25.7,0.5900000000000001,0.9800000000000001,0.0,0.0,2.0,4.0,39750.0,G30_60_H8
2024-04-15 00:00:00,26.0,15.0,30.0,35.0,136.0,11.31,5655.0,0.35294117647058826,120.0,0.71,0.59,28.1,23.9,0.67,1.07,0.0,0.0,3.0,7.0,39750.0,G30_60_H8
2024-04-16 00:00:00,26.0,14.0,31.0,28.0,72.0,12.13,6065.0,0.35294117647058826,160.0,0.73,0.5,27.3,24.2,1.18,1.63,0.0,0.0,5.0,7.0,39750.0,G30_60_H8
2024-04-17 00:00:00,19.0,11.0,32.0,25.0,150.0,12.97,6485.0,0.35294117647058826,200.0,0.66,0.53,25.5,23.2,0.95,1.16,0.0,0.0,4.0,6.0,39750.0,G30_60_H8
2024-04-18 00:00:00,24.0,14.0,33.0,30.0,110.0,13.81,6905.0,4.176470588235294,120.0,0.72,0.43,26.4,20.9,0.72,1.68,0.0,0.0,3.0,8.0,39750.0,G30_60_H8
2024-04-19 00:00:00,22.0,13.0,34.0,45.0,53.0,14.1,7050.0,0.29411764705882354,240.0,0.7,0.54,25.2,22.1,0.83,1.3900000000000001,0.0,0.0,4.0,7.0,39750.0,G30_60_H8
2024-04-20 00:00:00,23.0,14.0,35.0,70.0,40.0,14.1,7050.0,0.29411764705882354,160.0,0.75,0.64,24.5,21.5,0.8099999999999999,1.7599999999999998,0.0,0.0,4.0,9.0,39750.0,G30_60_H8
2024-04-21 00:00:00,23.0,14.0,36.0,60.0,30.0,14.06,7030.0,2.176470588235294,200.0,0.73,0.61,24.2,21.5,1.19,1.8399999999999999,0.0,0.0,6.0,9.0,39750.0,G30_60_H8
2024-03-16 00:00:00,22.0,5.0,0.0,0.0,0.0,0.0,0.0,0.0,0.0,0.0,0.0,0.0,0.0,0.28,0.30000000000000004,0.0,0.0,2.0,2.0,40280.0,G30_60_H9
2024-03-17 00:00:00,14.0,5.0,1.0,81.0,0.0,0.95,475.0,403.0,52.0,0.64,0.51,35.6,33.0,0.35,0.35,0.0,0.0,2.0,2.0,40280.0,G30_60_H9
2024-03-18 00:00:00,15.0,8.0,2.0,11.0,6.0,1.35,314.0,403.0,60.0,0.64,0.53,34.8,32.8,0.36,0.36,0.0,0.0,2.0,2.0,40280.0,G30_60_H9
2024-03-19 00:00:00,16.0,4.0,3.0,21.0,11.0,1.65,825.0,217.64705882352942,68.0,0.65,0.51,34.0,31.5,0.37,0.37,0.0,0.0,2.0,2.0,40280.0,G30_60_H9
2024-03-20 00:00:00,18.0,8.0,4.0,16.0,5.0,1.8,900.0,206.52941176470588,64.0,0.66,0.53,33.4,31.0,0.38,0.39,0.0,0.0,2.0,2.0,40280.0,G30_60_H9
2024-03-21 00:00:00,24.0,11.0,5.0,5.0,2.0,2.15,1075.0,164.88235294117646,56.0,0.68,0.53,32.8,30.5,0.4,0.4,0.0,0.0,2.0,2.0,40280.0,G30_60_H9
2024-03-22 00:00:00,26.0,15.0,6.0,3.0,6.0,2.5,1250.0,142.23529411764707,64.0,0.68,0.58,31.6,29.5,0.42,0.45999999999999996,0.0,0.0,2.0,2.0,40280.0,G30_60_H9
2024-03-23 00:00:00,17.0,13.0,7.0,9.0,16.0,2.8,1400.0,64.3529411764706,56.0,0.73,0.69,30.9,28.9,0.44,0.46,0.0,0.0,2.0,2.0,40280.0,G30_60_H9
2024-03-24 00:00:00,15.0,9.0,8.0,26.0,251.0,3.12,1560.0,160.88235294117646,72.0,0.73,0.69,30.6,28.9,0.45,0.45,0.0,0.0,2.0,2.0,40280.0,G30_60_H9
2024-03-25 00:00:00,10.0,5.0,9.0,15.0,5.0,3.31,1655.0,115.41176470588235,52.0,0.72,0.66,30.1,28.1,0.45,0.45,0.0,0.0,2.0,2.0,40280.0,G30_60_H9
2024-03-26 00:00:00,16.0,8.0,10.0,8.0,5.0,3.39,1695.0,173.05882352941177,56.0,0.71,0.6,29.8,28.2,0.47,0.49,0.0,0.0,2.0,2.0,40280.0,G30_60_H9
2024-03-27 00:00:00,15.0,6.0,11.0,9.0,2.0,4.29,2145.0,77.0,32.0,0.69,0.61,29.6,28.1,0.48,0.5,0.0,0.0,2.0,2.0,40280.0,G30_60_H9
2024-03-28 00:00:00,18.0,10.0,12.0,11.0,9.0,4.73,2365.0,61.64705882352941,28.0,0.67,0.56,29.7,28.0,0.46,0.5,0.0,0.0,2.0,2.0,40280.0,G30_60_H9
2024-03-29 00:00:00,22.0,11.0,13.0,9.0,7.0,5.69,2845.0,35.411764705882355,32.0,0.67,0.59,30.8,27.7,0.49,1.49,0.0,0.0,2.0,2.0,40280.0,G30_60_H9
2024-03-30 00:00:00,24.0,12.0,14.0,7.0,10.0,5.93,2965.0,10.764705882352942,36.0,0.65,0.47,32.0,27.8,0.48,1.3599999999999999,0.0,0.0,2.0,2.0,40280.0,G30_60_H9
2024-03-31 00:00:00,22.0,13.0,15.0,12.0,20.0,6.63,3315.0,34.529411764705884,48.0,0.66,0.59,28.8,27.0,0.49,0.87,0.0,0.0,2.0,2.0,40280.0,G30_60_H9
2024-04-01 00:00:00,27.0,15.0,16.0,17.0,8.0,7.05,3525.0,34.529411764705884,40.0,0.67,0.57,31.6,26.6,0.51,1.56,0.0,1.0,2.0,2.0,40280.0,G30_60_H9
2024-04-02 00:00:00,21.0,12.0,17.0,12.0,13.0,7.42,3710.0,33.88235294117647,60.0,0.77,0.6,29.0,26.8,0.55,0.8500000000000001,0.0,0.0,2.0,2.0,40280.0,G30_60_H9
2024-04-03 00:00:00,17.0,9.0,18.0,9.0,16.0,7.53,3765.0,12.529411764705882,44.800000000000004,0.81,0.73,28.5,26.4,0.49,0.6699999999999999,1.0,1.0,2.0,2.0,40280.0,G30_60_H9
2024-04-04 00:00:00,15.0,6.0,19.0,5.0,10.0,7.34,3670.0,13.882352941176471,40.0,0.69,0.63,28.0,25.6,0.51,0.69,1.0,1.0,2.0,2.0,40280.0,G30_60_H9
2024-04-05 00:00:00,18.0,9.0,20.0,5.0,28.0,7.64,3820.0,21.941176470588236,48.0,0.69,0.61,28.2,25.3,0.53,0.68,1.0,1.0,2.0,2.0,40280.0,G30_60_H9
2024-04-06 00:00:00,18.0,10.0,21.0,6.0,10.0,8.11,4054.9999999999995,9.117647058823529,52.0,0.7,0.63,28.0,25.6,0.55,0.8400000000000001,1.0,1.0,2.0,2.0,40280.0,G30_60_H9
2024-04-07 00:00:00,19.0,12.0,22.0,7.0,25.0,9.03,4515.0,26.352941176470587,60.0,0.7,0.66,28.0,24.6,0.54,0.8600000000000001,1.0,1.0,2.0,2.0,40280.0,G30_60_H9
2024-04-08 00:00:00,19.0,8.0,23.0,9.0,27.0,9.41,4705.0,5.647058823529412,64.0,0.69,0.62,27.8,24.6,0.56,0.91,1.0,1.0,2.0,2.0,40280.0,G30_60_H9
2024-04-09 00:00:00,22.0,12.0,24.0,12.0,32.0,9.2,4600.0,29.529411764705884,68.0,0.7,0.58,29.0,24.3,0.5,0.9099999999999999,0.0,0.0,2.0,3.0,40280.0,G30_60_H9
2024-04-10 00:00:00,22.0,13.0,25.0,15.0,121.0,9.93,4965.0,0.6470588235294118,76.0,0.7,0.53,29.3,25.1,0.56,0.9400000000000001,0.0,0.0,2.0,3.0,40280.0,G30_60_H9
2024-04-11 00:00:00,23.0,14.0,26.0,17.0,146.0,10.02,5010.0,0.9411764705882353,80.0,0.71,0.61,28.7,24.5,0.52,0.9299999999999999,0.0,0.0,2.0,3.0,40280.0,G30_60_H9
2024-04-12 00:00:00,23.0,15.0,27.0,21.0,120.0,10.04,5020.0,0.4117647058823529,84.0,0.69,0.64,29.1,25.8,0.6,1.13,0.0,0.0,2.0,4.0,40280.0,G30_60_H9
2024-04-13 00:00:00,20.0,14.0,28.0,27.0,166.0,10.55,5275.0,0.4117647058823529,100.0,0.7,0.64,27.3,24.7,0.64,1.02,1.0,1.0,2.0,3.0,40280.0,G30_60_H9
2024-04-14 00:00:00,21.0,14.0,29.0,22.0,220.0,10.44,5220.0,0.058823529411764705,104.0,0.7,0.65,26.5,24.6,0.56,0.8500000000000001,1.0,1.0,2.0,3.0,40280.0,G30_60_H9
2024-04-15 00:00:00,26.0,15.0,30.0,27.0,182.0,11.44,5720.0,0.35294117647058826,104.0,0.69,0.61,28.1,23.1,0.64,1.35,0.0,0.0,2.0,6.0,40280.0,G30_60_H9
2024-04-16 00:00:00,26.0,14.0,31.0,24.0,160.0,12.15,6075.0,0.35294117647058826,172.0,0.69,0.53,26.5,23.1,0.94,1.29,0.0,0.0,4.0,6.0,40280.0,G30_60_H9
2024-04-17 00:00:00,19.0,11.0,32.0,31.0,123.0,12.28,6140.0,0.35294117647058826,156.0,0.7,0.66,24.5,22.4,0.71,0.8899999999999999,0.0,0.0,3.0,5.0,40280.0,G30_60_H9
2024-04-18 00:00:00,24.0,14.0,33.0,28.0,124.0,13.59,6795.0,4.176470588235294,120.0,0.7,0.52,26.5,20.2,0.48,1.44,0.0,0.0,2.0,7.0,40280.0,G30_60_H9
2024-04-19 00:00:00,22.0,13.0,34.0,39.0,38.0,14.51,7255.0,0.29411764705882354,120.0,0.72,0.63,24.7,21.3,0.59,1.15,0.0,0.0,3.0,6.0,40280.0,G30_60_H9
2024-04-20 00:00:00,23.0,14.0,35.0,42.0,30.0,14.27,7135.0,0.29411764705882354,144.0,0.69,0.56,24.0,20.3,0.68,1.63,0.0,0.0,3.0,8.0,40280.0,G30_60_H9
2024-04-21 00:00:00,23.0,14.0,36.0,77.0,0.0,15.15,7575.0,2.176470588235294,176.0,0.7,0.64,23.8,20.3,1.06,1.71,0.0,0.0,5.0,8.0,40280.0,G30_60_H9
2024-03-16 00:00:00,22.0,5.0,-1.0,0.0,0.0,0.0,0.0,0.0,0.0,0.0,0.0,0.0,0.0,0.31,0.33,0.0,0.0,2.0,2.0,41600.0,G30_60_H10
2024-03-17 00:00:00,14.0,5.0,0.0,0.0,0.0,0.0,0.0,0.0,0.0,0.0,0.0,0.0,0.0,0.0,0.0,0.0,0.0,2.0,2.0,41600.0,G30_60_H10
2024-03-18 00:00:00,15.0,8.0,1.0,15.0,0.0,0.95,475.0,314.0,40.0,0.57,0.46,34.9,32.8,0.35,0.35,0.0,0.0,2.0,2.0,41600.0,G30_60_H10
2024-03-19 00:00:00,16.0,4.0,2.0,20.0,12.0,1.35,675.0,217.64705882352942,48.0,0.56,0.42,34.2,32.4,0.36,0.36,0.0,0.0,2.0,2.0,41600.0,G30_60_H10
2024-03-20 00:00:00,18.0,8.0,3.0,20.0,3.0,1.75,875.0,206.52941176470588,60.0,0.6,0.54,33.7,31.7,0.37,0.38,0.0,0.0,2.0,2.0,41600.0,G30_60_H10
2024-03-21 00:00:00,24.0,11.0,4.0,23.0,17.0,1.95,975.0,164.88235294117646,88.0,0.66,0.47,32.9,31.4,0.39,0.39,0.0,0.0,2.0,2.0,41600.0,G30_60_H10
2024-03-22 00:00:00,26.0,15.0,5.0,9.0,6.0,2.25,1125.0,142.23529411764707,40.0,0.65,0.54,32.0,30.8,0.41,0.44999999999999996,0.0,0.0,2.0,2.0,41600.0,G30_60_H10
2024-03-23 00:00:00,17.0,13.0,6.0,10.0,20.0,2.6,1300.0,64.3529411764706,40.0,7.74,0.65,31.5,29.7,0.43,0.45,0.0,0.0,2.0,2.0,41600.0,G30_60_H10
2024-03-24 00:00:00,15.0,9.0,7.0,7.0,8.0,3.16,1580.0,160.88235294117646,40.0,0.74,0.66,30.5,29.3,0.44,0.44,0.0,0.0,2.0,2.0,41600.0,G30_60_H10
2024-03-25 00:00:00,10.0,5.0,8.0,29.0,227.0,3.59,1795.0,115.41176470588235,44.0,0.74,0.61,30.4,28.9,0.44,0.44,0.0,0.0,2.0,2.0,41600.0,G30_60_H10
2024-03-26 00:00:00,16.0,8.0,9.0,21.0,6.0,3.69,1845.0,173.05882352941177,48.0,0.74,0.67,29.9,28.6,0.46,0.48000000000000004,0.0,0.0,2.0,2.0,41600.0,G30_60_H10
2024-03-27 00:00:00,15.0,6.0,10.0,10.0,8.0,3.72,1860.0,77.0,28.0,0.74,0.69,29.9,28.6,0.47,0.49,0.0,0.0,2.0,2.0,41600.0,G30_60_H10
2024-03-28 00:00:00,18.0,10.0,11.0,9.0,10.0,4.78,2390.0,61.64705882352941,20.0,0.74,0.68,29.8,28.4,0.46,0.5,0.0,0.0,2.0,2.0,41600.0,G30_60_H10
2024-03-29 00:00:00,22.0,11.0,12.0,6.0,4.0,5.48,2740.0,35.411764705882355,24.0,0.73,0.61,30.1,28.2,0.49,1.52,0.0,0.0,2.0,2.0,41600.0,G30_60_H10
2024-03-30 00:00:00,24.0,12.0,13.0,7.0,20.0,5.87,2935.0,10.764705882352942,24.0,0.74,0.56,30.5,28.0,0.5,1.38,0.0,0.0,2.0,2.0,41600.0,G30_60_H10
2024-03-31 00:00:00,22.0,13.0,14.0,5.0,8.0,6.52,3260.0,34.529411764705884,24.0,0.7,0.59,28.56,27.4,0.51,0.89,0.0,0.0,2.0,2.0,41600.0,G30_60_H10
2024-04-01 00:00:00,27.0,15.0,15.0,9.0,11.0,7.18,3590.0,34.529411764705884,20.0,0.74,0.55,30.5,27.2,0.53,1.31,0.0,0.0,2.0,2.0,41600.0,G30_60_H10
2024-04-02 00:00:00,21.0,12.0,16.0,5.0,7.0,7.57,3785.0,33.88235294117647,44.0,0.75,0.66,29.1,27.3,0.55,0.8500000000000001,0.0,0.0,2.0,2.0,41600.0,G30_60_H10
2024-04-03 00:00:00,17.0,9.0,17.0,5.0,10.0,7.76,3880.0,12.529411764705882,44.0,0.74,0.68,28.2,26.6,0.55,0.6100000000000001,1.0,1.0,2.0,2.0,41600.0,G30_60_H10
2024-04-04 00:00:00,15.0,6.0,18.0,5.0,16.0,8.11,4054.9999999999995,13.882352941176471,40.0,0.72,0.6,28.2,26.1,0.5,0.61,1.0,1.0,2.0,2.0,41600.0,G30_60_H10
2024-04-05 00:00:00,18.0,9.0,19.0,4.0,14.0,8.62,4310.0,21.941176470588236,48.0,0.7,0.57,28.2,26.0,0.54,0.6900000000000001,1.0,1.0,2.0,2.0,41600.0,G30_60_H10
2024-04-06 00:00:00,18.0,10.0,20.0,7.0,11.0,8.84,4420.0,9.117647058823529,40.0,0.69,0.57,28.2,26.4,0.56,0.8500000000000001,1.0,1.0,2.0,2.0,41600.0,G30_60_H10
2024-04-07 00:00:00,19.0,12.0,21.0,6.0,10.0,9.88,4940.0,26.352941176470587,56.0,0.73,0.62,28.0,25.8,0.55,0.8700000000000001,1.0,1.0,2.0,2.0,41600.0,G30_60_H10
2024-04-08 00:00:00,19.0,8.0,22.0,7.0,19.0,10.27,5135.0,5.647058823529412,60.0,0.74,0.61,28.0,26.0,0.5700000000000001,0.92,1.0,1.0,2.0,2.0,41600.0,G30_60_H10
2024-04-09 00:00:00,22.0,12.0,23.0,15.0,23.0,10.22,5110.0,29.529411764705884,68.0,0.73,0.52,28.3,25.0,0.51,0.9199999999999999,0.0,0.0,2.0,3.0,41600.0,G30_60_H10
2024-04-10 00:00:00,22.0,13.0,24.0,12.0,14.0,11.05,5525.0,0.6470588235294118,76.0,0.69,0.48,29.1,25.8,0.5700000000000001,0.9500000000000001,0.0,0.0,2.0,3.0,41600.0,G30_60_H10
2024-04-11 00:00:00,23.0,14.0,25.0,13.0,13.0,11.5,5750.0,0.9411764705882353,76.0,0.71,0.56,28.3,26.1,0.53,0.96,1.0,1.0,2.0,3.0,41600.0,G30_60_H10
2024-04-12 00:00:00,23.0,15.0,26.0,31.0,13.0,11.36,5680.0,0.4117647058823529,84.0,0.73,0.59,28.5,26.6,0.61,1.3399999999999999,0.0,0.0,2.0,5.0,41600.0,G30_60_H10
2024-04-13 00:00:00,20.0,14.0,27.0,21.0,30.0,11.46,5730.0,0.4117647058823529,100.0,0.72,0.64,27.2,25.5,0.65,1.1800000000000002,0.0,0.0,2.0,4.0,41600.0,G30_60_H10
2024-04-14 00:00:00,21.0,14.0,28.0,20.0,31.0,11.45,5725.0,0.058823529411764705,116.0,0.73,0.68,26.4,24.9,0.5700000000000001,0.9600000000000001,0.0,0.0,2.0,4.0,41600.0,G30_60_H10
2024-04-15 00:00:00,26.0,15.0,29.0,24.0,23.0,12.28,6140.0,0.35294117647058826,124.0,0.74,0.59,28.2,23.3,0.65,1.5899999999999999,0.0,0.0,3.0,7.0,41600.0,G30_60_H10
2024-04-16 00:00:00,26.0,14.0,30.0,29.0,36.0,12.52,6260.0,0.35294117647058826,172.0,0.75,0.51,27.5,24.3,1.24,1.69,0.0,0.0,5.0,7.0,41600.0,G30_60_H10
2024-04-17 00:00:00,19.0,11.0,31.0,35.0,144.0,12.63,6315.0,0.35294117647058826,176.0,0.66,0.57,25.8,23.0,1.01,1.22,0.0,0.0,4.0,6.0,41600.0,G30_60_H10
2024-04-18 00:00:00,24.0,14.0,32.0,32.0,192.0,13.38,6690.0,4.176470588235294,128.0,0.74,0.46,26.7,20.6,0.78,1.74,0.0,0.0,3.0,8.0,41600.0,G30_60_H10
2024-04-19 00:00:00,22.0,13.0,33.0,39.0,161.0,13.34,6670.0,0.29411764705882354,196.0,0.73,0.55,25.1,22.4,0.89,1.4500000000000002,0.0,0.0,4.0,7.0,41600.0,G30_60_H10
2024-04-20 00:00:00,23.0,14.0,34.0,52.0,101.0,13.21,6605.0,0.29411764705882354,156.0,0.75,0.66,24.1,21.5,0.84,1.79,0.0,0.0,4.0,9.0,41600.0,G30_60_H10
2024-04-21 00:00:00,23.0,14.0,35.0,144.0,0.0,13.64,6820.0,2.176470588235294,152.0,0.74,0.6,23.6,21.2,1.22,1.87,0.0,0.0,6.0,9.0,41600.0,G30_60_H10
2024-03-16 00:00:00,22.0,5.0,-1.0,0.0,0.0,0.0,0.0,0.0,0.0,0.0,0.0,0.0,0.0,0.3,0.32,0.0,0.0,2.0,2.0,42900.0,G30_60_H11
2024-03-17 00:00:00,14.0,5.0,0.0,0.0,0.0,0.0,0.0,0.0,0.0,0.0,0.0,0.0,0.0,0.0,0.0,0.0,0.0,2.0,2.0,42900.0,G30_60_H11
2024-03-18 00:00:00,15.0,8.0,1.0,33.0,0.0,0.95,475.0,314.0,48.0,0.59,0.49,35.2,33.8,0.35,0.35,0.0,0.0,2.0,2.0,42900.0,G30_60_H11
2024-03-19 00:00:00,16.0,4.0,2.0,28.0,4.0,1.35,675.0,217.64705882352942,56.0,0.62,0.46,34.9,32.1,0.36,0.36,0.0,0.0,2.0,2.0,42900.0,G30_60_H11
2024-03-20 00:00:00,18.0,8.0,3.0,32.0,8.0,1.75,875.0,206.52941176470588,52.0,0.66,0.49,34.2,31.6,0.37,0.38,0.0,0.0,2.0,2.0,42900.0,G30_60_H11
2024-03-21 00:00:00,24.0,11.0,4.0,21.0,9.0,1.95,975.0,164.88235294117646,56.0,0.68,0.49,33.5,31.2,0.39,0.39,0.0,0.0,2.0,2.0,42900.0,G30_60_H11
2024-03-22 00:00:00,26.0,15.0,5.0,14.0,4.0,2.25,1125.0,142.23529411764707,56.0,0.65,0.55,32.3,30.3,0.41,0.44999999999999996,0.0,0.0,2.0,2.0,42900.0,G30_60_H11
2024-03-23 00:00:00,17.0,13.0,6.0,9.0,9.0,2.6,1300.0,64.3529411764706,52.0,0.76,0.69,31.3,29.5,0.43,0.45,0.0,0.0,2.0,2.0,42900.0,G30_60_H11
2024-03-24 00:00:00,15.0,9.0,7.0,13.0,16.0,2.63,1315.0,160.88235294117646,52.0,0.76,0.67,30.6,29.0,0.44,0.44,0.0,0.0,2.0,2.0,42900.0,G30_60_H11
2024-03-25 00:00:00,10.0,5.0,8.0,23.0,159.0,3.07,1535.0,115.41176470588235,68.0,0.76,0.65,30.9,28.3,0.44,0.44,0.0,0.0,2.0,2.0,42900.0,G30_60_H11
2024-03-26 00:00:00,16.0,8.0,9.0,19.0,5.0,3.32,1660.0,173.05882352941177,60.0,0.76,0.68,30.5,28.3,0.46,0.48000000000000004,0.0,0.0,2.0,2.0,42900.0,G30_60_H11
2024-03-27 00:00:00,15.0,6.0,10.0,14.0,9.0,3.39,1695.0,77.0,44.0,0.79,0.69,30.2,28.1,0.47,0.49,0.0,0.0,2.0,2.0,42900.0,G30_60_H11
2024-03-28 00:00:00,18.0,10.0,11.0,12.0,13.0,4.43,2215.0,61.64705882352941,32.0,0.8,0.72,29.5,28.2,0.45,0.49,0.0,0.0,2.0,2.0,42900.0,G30_60_H11
2024-03-29 00:00:00,22.0,11.0,12.0,9.0,36.0,5.26,2630.0,35.411764705882355,24.0,0.8,0.58,31.1,28.1,0.48,1.48,0.0,0.0,2.0,2.0,42900.0,G30_60_H11
2024-03-30 00:00:00,24.0,12.0,13.0,8.0,28.0,6.11,3055.0,10.764705882352942,36.0,0.82,0.53,32.2,28.0,0.47,1.35,0.0,0.0,2.0,2.0,42900.0,G30_60_H11
2024-03-31 00:00:00,22.0,13.0,14.0,5.0,49.0,6.67,3335.0,34.529411764705884,44.0,0.74,0.57,29.1,27.5,0.48,0.86,0.0,0.0,2.0,2.0,42900.0,G30_60_H11
2024-04-01 00:00:00,27.0,15.0,15.0,7.0,46.0,7.03,3515.0,34.529411764705884,36.0,0.79,0.55,31.4,27.0,0.5,1.28,0.0,0.0,2.0,2.0,42900.0,G30_60_H11
2024-04-02 00:00:00,21.0,12.0,16.0,6.0,52.0,7.2,3600.0,33.88235294117647,60.0,0.81,0.7,29.2,27.1,0.54,0.8400000000000001,0.0,0.0,2.0,2.0,42900.0,G30_60_H11
2024-04-03 00:00:00,17.0,9.0,17.0,6.0,50.0,7.22,3610.0,12.529411764705882,48.0,0.81,0.73,28.3,26.7,0.54,0.6000000000000001,1.0,1.0,2.0,2.0,42900.0,G30_60_H11
2024-04-04 00:00:00,15.0,6.0,18.0,5.0,22.0,7.66,3830.0,13.882352941176471,40.0,0.79,0.64,28.5,26.7,0.51,0.62,1.0,1.0,2.0,2.0,42900.0,G30_60_H11
2024-04-05 00:00:00,18.0,9.0,19.0,6.0,24.0,8.05,4025.0000000000005,21.941176470588236,48.0,0.77,0.57,28.4,26.2,0.52,0.67,1.0,1.0,2.0,2.0,42900.0,G30_60_H11
2024-04-06 00:00:00,18.0,10.0,20.0,7.0,24.0,8.78,4390.0,9.117647058823529,48.0,0.75,0.59,28.2,26.4,0.54,0.8300000000000001,1.0,1.0,2.0,2.0,42900.0,G30_60_H11
2024-04-07 00:00:00,19.0,12.0,21.0,6.0,21.0,9.73,4865.0,26.352941176470587,60.0,0.79,0.65,28.3,25.1,0.53,0.8500000000000001,1.0,1.0,2.0,2.0,42900.0,G30_60_H11
2024-04-08 00:00:00,19.0,8.0,22.0,5.0,25.0,10.89,5445.0,5.647058823529412,64.0,0.8,0.63,28.0,25.5,0.55,0.9,1.0,1.0,2.0,2.0,42900.0,G30_60_H11
2024-04-09 00:00:00,22.0,12.0,23.0,5.0,24.0,10.77,5385.0,29.529411764705884,72.0,0.79,0.54,29.1,24.5,0.49000000000000005,0.9,0.0,0.0,2.0,3.0,42900.0,G30_60_H11
2024-04-10 00:00:00,22.0,13.0,24.0,6.0,23.0,11.37,5685.0,0.6470588235294118,80.0,0.77,0.49,29.3,25.7,0.55,0.93,0.0,0.0,2.0,3.0,42900.0,G30_60_H11
2024-04-11 00:00:00,23.0,14.0,25.0,8.0,27.0,12.19,6095.0,0.9411764705882353,84.0,0.78,0.56,28.8,25.8,0.51,0.9199999999999999,0.0,0.0,2.0,3.0,42900.0,G30_60_H11
2024-04-12 00:00:00,23.0,15.0,26.0,14.0,47.0,12.61,6305.0,0.4117647058823529,92.0,0.76,0.61,29.4,26.3,0.59,1.02,1.0,1.0,2.0,3.0,42900.0,G30_60_H11
2024-04-13 00:00:00,20.0,14.0,27.0,12.0,40.0,12.54,6270.0,0.4117647058823529,100.0,0.78,0.7,27.5,25.1,0.63,1.01,1.0,1.0,2.0,3.0,42900.0,G30_60_H11
2024-04-14 00:00:00,21.0,14.0,28.0,13.0,47.0,13.02,6510.0,0.058823529411764705,108.0,0.79,0.73,26.6,25.1,0.55,0.8400000000000001,1.0,1.0,2.0,3.0,42900.0,G30_60_H11
2024-04-15 00:00:00,26.0,15.0,29.0,15.0,58.0,13.38,6690.0,0.35294117647058826,112.0,7.89,0.61,27.9,23.4,0.63,1.3399999999999999,0.0,0.0,2.0,6.0,42900.0,G30_60_H11
2024-04-16 00:00:00,26.0,14.0,30.0,19.0,31.0,13.6,6800.0,0.35294117647058826,172.0,0.8,0.53,26.6,23.3,0.99,1.3399999999999999,0.0,0.0,4.0,6.0,42900.0,G30_60_H11
2024-04-17 00:00:00,19.0,11.0,31.0,12.0,75.0,13.54,6770.0,0.35294117647058826,164.0,0.71,0.62,24.9,22.6,0.76,0.94,0.0,0.0,3.0,5.0,42900.0,G30_60_H11
2024-04-18 00:00:00,24.0,14.0,32.0,11.0,76.0,14.06,7030.0,4.176470588235294,108.0,0.79,0.46,26.6,20.5,0.53,1.49,0.0,0.0,2.0,7.0,42900.0,G30_60_H11
2024-04-19 00:00:00,22.0,13.0,33.0,12.0,65.0,14.69,7345.0,0.29411764705882354,164.0,0.77,0.58,24.9,21.4,0.64,1.2000000000000002,0.0,0.0,3.0,6.0,42900.0,G30_60_H11
2024-04-20 00:00:00,23.0,14.0,34.0,23.0,43.0,14.19,7095.0,0.29411764705882354,144.0,0.8,0.67,24.1,20.6,0.71,1.66,0.0,0.0,3.0,8.0,42900.0,G30_60_H11
2024-04-21 00:00:00,23.0,14.0,35.0,45.0,9.0,14.71,7355.0,2.176470588235294,156.0,0.78,0.63,24.0,20.4,1.09,1.7400000000000002,0.0,0.0,5.0,8.0,42900.0,G30_60_H11
2024-03-16 00:00:00,22.0,5.0,-1.0,0.0,0.0,0.0,0.0,0.0,0.0,0.0,0.0,0.0,0.0,0.28,0.30000000000000004,0.0,0.0,2.0,2.0,42900.0,G30_60_H12
2024-03-17 00:00:00,14.0,5.0,0.0,0.0,0.0,0.0,0.0,0.0,0.0,0.0,0.0,0.0,0.0,0.0,0.0,0.0,0.0,2.0,2.0,42900.0,G30_60_H12
2024-03-18 00:00:00,15.0,8.0,1.0,17.0,0.0,0.95,475.0,314.0,60.0,0.55,0.46,35.0,33.5,0.35,0.35,0.0,0.0,2.0,2.0,42900.0,G30_60_H12
2024-03-19 00:00:00,16.0,4.0,2.0,25.0,2.0,1.35,675.0,217.64705882352942,72.0,0.56,0.45,34.7,32.9,0.36,0.36,0.0,0.0,2.0,2.0,42900.0,G30_60_H12
2024-03-20 00:00:00,18.0,8.0,3.0,21.0,24.0,1.75,875.0,206.52941176470588,60.0,0.58,0.46,33.6,32.1,0.37,0.38,0.0,0.0,2.0,2.0,42900.0,G30_60_H12
2024-03-21 00:00:00,24.0,11.0,4.0,18.0,37.0,1.95,975.0,164.88235294117646,68.0,0.58,0.48,32.9,31.5,0.39,0.39,0.0,0.0,2.0,2.0,42900.0,G30_60_H12
2024-03-22 00:00:00,26.0,15.0,5.0,17.0,32.0,2.25,1125.0,142.23529411764707,68.0,0.59,0.53,32.3,30.4,0.41,0.44999999999999996,0.0,0.0,2.0,2.0,42900.0,G30_60_H12
2024-03-23 00:00:00,17.0,13.0,6.0,14.0,14.0,2.6,1300.0,64.3529411764706,60.0,0.67,0.52,31.3,29.8,0.43,0.45,0.0,0.0,2.0,2.0,42900.0,G30_60_H12
2024-03-24 00:00:00,15.0,9.0,7.0,12.0,35.0,2.93,1465.0,160.88235294117646,60.0,0.83,0.68,30.9,29.4,0.44,0.44,0.0,0.0,2.0,2.0,42900.0,G30_60_H12
2024-03-25 00:00:00,10.0,5.0,8.0,26.0,206.0,3.36,1680.0,115.41176470588235,60.0,0.84,0.72,30.8,28.8,0.44,0.44,0.0,0.0,2.0,2.0,42900.0,G30_60_H12
2024-03-26 00:00:00,16.0,8.0,9.0,21.0,5.0,3.59,1795.0,173.05882352941177,68.0,0.84,0.73,30.2,28.7,0.46,0.48000000000000004,0.0,0.0,2.0,2.0,42900.0,G30_60_H12
2024-03-27 00:00:00,15.0,6.0,10.0,14.0,8.0,3.61,1805.0,77.0,56.0,0.83,0.57,30.0,28.6,0.47,0.49,0.0,0.0,2.0,2.0,42900.0,G30_60_H12
2024-03-28 00:00:00,18.0,10.0,11.0,13.0,31.0,4.66,2330.0,61.64705882352941,28.0,0.77,0.57,29.6,28.6,0.46,0.5,0.0,0.0,2.0,2.0,42900.0,G30_60_H12
2024-03-29 00:00:00,22.0,11.0,12.0,11.0,63.0,5.26,2630.0,35.411764705882355,28.0,0.84,0.54,31.6,28.1,0.49,1.52,0.0,0.0,2.0,2.0,42900.0,G30_60_H12
2024-03-30 00:00:00,24.0,12.0,13.0,8.0,56.0,6.09,3045.0,10.764705882352942,40.0,0.84,0.52,30.7,28.1,0.5,1.38,0.0,0.0,2.0,2.0,42900.0,G30_60_H12
2024-03-31 00:00:00,22.0,13.0,14.0,9.0,93.0,6.65,3325.0,34.529411764705884,40.0,0.85,0.77,29.0,27.3,0.51,0.89,0.0,0.0,2.0,2.0,42900.0,G30_60_H12
2024-04-01 00:00:00,27.0,15.0,15.0,7.0,68.0,7.08,3540.0,34.529411764705884,36.0,0.84,0.6,30.6,27.2,0.53,1.31,0.0,0.0,2.0,2.0,42900.0,G30_60_H12
2024-04-02 00:00:00,21.0,12.0,16.0,9.0,73.0,7.39,3695.0,33.88235294117647,64.0,0.84,0.64,29.0,27.4,0.55,0.8500000000000001,0.0,0.0,2.0,2.0,42900.0,G30_60_H12
2024-04-03 00:00:00,17.0,9.0,17.0,8.0,72.0,7.17,3585.0,12.529411764705882,52.0,0.8,0.65,28.3,26.6,0.55,0.6100000000000001,1.0,1.0,2.0,2.0,42900.0,G30_60_H12
2024-04-04 00:00:00,15.0,6.0,18.0,7.0,57.0,7.54,3770.0,13.882352941176471,52.0,0.85,0.69,28.0,26.0,0.5,0.61,1.0,1.0,2.0,2.0,42900.0,G30_60_H12
2024-04-05 00:00:00,18.0,9.0,19.0,6.0,55.0,7.96,3980.0,21.941176470588236,56.0,0.85,0.81,28.2,25.6,0.54,0.6900000000000001,1.0,1.0,2.0,2.0,42900.0,G30_60_H12
2024-04-06 00:00:00,18.0,10.0,20.0,5.0,46.0,8.34,4170.0,9.117647058823529,56.0,0.86,0.81,28.1,26.0,0.56,0.8500000000000001,1.0,1.0,2.0,2.0,42900.0,G30_60_H12
2024-04-07 00:00:00,19.0,12.0,21.0,7.0,46.0,9.86,4930.0,26.352941176470587,68.0,0.85,0.64,28.3,25.5,0.55,0.8700000000000001,1.0,1.0,2.0,2.0,42900.0,G30_60_H12
2024-04-08 00:00:00,19.0,8.0,22.0,6.0,31.0,10.46,5230.0,5.647058823529412,72.0,0.85,0.6,27.8,24.1,0.5700000000000001,0.92,1.0,1.0,2.0,2.0,42900.0,G30_60_H12
2024-04-09 00:00:00,22.0,12.0,23.0,6.0,43.0,10.73,5365.0,29.529411764705884,88.0,0.85,0.61,28.6,25.0,0.51,0.9199999999999999,0.0,0.0,2.0,3.0,42900.0,G30_60_H12
2024-04-10 00:00:00,22.0,13.0,24.0,5.0,29.0,11.45,5725.0,0.6470588235294118,92.0,0.85,0.57,29.2,25.7,0.5700000000000001,0.9500000000000001,0.0,0.0,2.0,3.0,42900.0,G30_60_H12
2024-04-11 00:00:00,23.0,14.0,25.0,9.0,51.0,11.8,5900.0,0.9411764705882353,96.0,0.76,0.58,28.3,26.1,0.53,0.96,1.0,1.0,2.0,3.0,42900.0,G30_60_H12
2024-04-12 00:00:00,23.0,15.0,26.0,7.0,39.0,12.02,6010.0,0.4117647058823529,112.0,0.85,0.57,29.0,26.5,0.61,1.1400000000000001,0.0,0.0,2.0,4.0,42900.0,G30_60_H12
2024-04-13 00:00:00,20.0,14.0,27.0,11.0,49.0,11.77,5885.0,0.4117647058823529,116.0,0.85,0.67,27.1,25.4,0.65,1.1800000000000002,0.0,0.0,2.0,4.0,42900.0,G30_60_H12
2024-04-14 00:00:00,21.0,14.0,28.0,9.0,35.0,12.5,6250.0,0.058823529411764705,136.0,0.71,0.57,26.3,24.9,0.5700000000000001,0.9600000000000001,0.0,0.0,2.0,4.0,42900.0,G30_60_H12
2024-04-15 00:00:00,26.0,15.0,29.0,14.0,59.0,13.22,6610.0,0.35294117647058826,132.0,0.75,0.62,28.3,23.3,0.65,1.6099999999999999,0.0,0.0,3.0,7.0,42900.0,G30_60_H12
2024-04-16 00:00:00,26.0,14.0,30.0,13.0,56.0,12.85,6425.0,0.35294117647058826,216.0,0.85,0.46,27.3,24.2,1.24,1.69,0.0,0.0,5.0,7.0,42900.0,G30_60_H12
2024-04-17 00:00:00,19.0,11.0,31.0,9.0,84.0,13.03,6515.0,0.35294117647058826,192.0,0.86,0.72,25.5,23.0,1.01,1.22,0.0,0.0,4.0,6.0,42900.0,G30_60_H12
2024-04-18 00:00:00,24.0,14.0,32.0,13.0,88.0,13.54,6770.0,4.176470588235294,144.0,0.86,0.48,26.7,20.4,0.78,1.74,0.0,0.0,3.0,8.0,42900.0,G30_60_H12
2024-04-19 00:00:00,22.0,13.0,33.0,18.0,78.0,13.39,6695.0,0.29411764705882354,200.0,0.77,0.6,25.8,22.0,0.89,1.4500000000000002,0.0,0.0,4.0,7.0,42900.0,G30_60_H12
2024-04-20 00:00:00,23.0,14.0,34.0,21.0,41.0,13.59,6795.0,0.29411764705882354,168.0,0.85,0.56,24.4,21.1,0.84,1.79,0.0,0.0,4.0,8.0,42900.0,G30_60_H12
2024-04-21 00:00:00,23.0,14.0,35.0,27.0,10.0,14.32,7160.0,2.176470588235294,236.0,0.76,0.65,24.4,21.2,1.22,1.87,0.0,0.0,6.0,9.0,42900.0,G30_60_H12
2024-03-16 00:00:00,22.0,5.0,-1.0,0.0,0.0,0.0,0.0,0.0,0.0,0.0,0.0,0.0,0.0,0.3,0.32,0.0,0.0,2.0,2.0,42500.0,G30_60_H13
2024-03-17 00:00:00,14.0,5.0,0.0,0.0,0.0,0.0,0.0,0.0,0.0,0.0,0.0,0.0,0.0,0.0,0.0,0.0,0.0,2.0,2.0,42500.0,G30_60_H13
2024-03-18 00:00:00,15.0,8.0,1.0,43.0,0.0,0.95,475.0,314.0,92.0,0.71,0.64,34.4,33.5,0.35,0.35,0.0,0.0,2.0,2.0,42500.0,G30_60_H13
2024-03-19 00:00:00,16.0,4.0,2.0,25.0,8.0,1.35,675.0,217.64705882352942,72.0,0.67,0.53,33.8,31.9,0.36,0.36,0.0,0.0,2.0,2.0,42500.0,G30_60_H13
2024-03-20 00:00:00,18.0,8.0,3.0,26.0,9.0,1.75,875.0,206.52941176470588,64.0,0.69,0.58,33.4,31.5,0.37,0.38,0.0,0.0,2.0,2.0,42500.0,G30_60_H13
2024-03-21 00:00:00,24.0,11.0,4.0,16.0,11.0,1.95,975.0,164.88235294117646,64.0,0.7,0.55,32.7,30.9,0.39,0.39,0.0,0.0,2.0,2.0,42500.0,G30_60_H13
2024-03-22 00:00:00,26.0,15.0,5.0,12.0,10.0,2.25,1125.0,142.23529411764707,60.0,0.68,0.57,32.5,30.1,0.41,0.44999999999999996,0.0,0.0,2.0,2.0,42500.0,G30_60_H13
2024-03-23 00:00:00,17.0,13.0,6.0,10.0,32.0,2.6,1300.0,64.3529411764706,56.0,0.73,0.71,31.4,29.2,0.43,0.45,0.0,0.0,2.0,2.0,42500.0,G30_60_H13
2024-03-24 00:00:00,15.0,9.0,7.0,12.0,43.0,2.79,1395.0,160.88235294117646,64.0,0.74,0.69,30.4,28.8,0.44,0.44,0.0,0.0,2.0,2.0,42500.0,G30_60_H13
2024-03-25 00:00:00,10.0,5.0,8.0,34.0,327.0,3.33,1665.0,115.41176470588235,64.0,0.74,0.67,30.2,28.0,0.44,0.44,0.0,0.0,2.0,2.0,42500.0,G30_60_H13
2024-03-26 00:00:00,16.0,8.0,9.0,19.0,18.0,3.68,1840.0,173.05882352941177,72.0,0.73,0.7,30.0,27.9,0.46,0.48000000000000004,0.0,0.0,2.0,2.0,42500.0,G30_60_H13
2024-03-27 00:00:00,15.0,6.0,10.0,7.0,16.0,3.79,1895.0,77.0,48.0,0.73,0.7,30.0,28.1,0.47,0.49,0.0,0.0,2.0,2.0,42500.0,G30_60_H13
2024-03-28 00:00:00,18.0,10.0,11.0,6.0,17.0,4.88,2440.0,61.64705882352941,32.0,0.72,0.68,29.8,27.9,0.45,0.49,0.0,0.0,2.0,2.0,42500.0,G30_60_H13
2024-03-29 00:00:00,22.0,11.0,12.0,8.0,37.0,5.44,2720.0,35.411764705882355,28.0,0.72,0.59,310.3,27.8,0.48,1.48,0.0,0.0,2.0,2.0,42500.0,G30_60_H13
2024-03-30 00:00:00,24.0,12.0,13.0,7.0,42.0,6.14,3070.0,10.764705882352942,40.0,0.7,0.54,32.6,28.1,0.47,1.35,0.0,0.0,2.0,2.0,42500.0,G30_60_H13
2024-03-31 00:00:00,22.0,13.0,14.0,7.0,53.0,6.69,3345.0,34.529411764705884,40.0,0.72,0.58,29.6,27.2,0.48,0.86,0.0,0.0,2.0,2.0,42500.0,G30_60_H13
2024-04-01 00:00:00,27.0,15.0,15.0,8.0,73.0,7.23,3615.0,34.529411764705884,44.0,0.72,0.56,31.8,26.9,0.5,1.28,0.0,0.0,2.0,2.0,42500.0,G30_60_H13
2024-04-02 00:00:00,21.0,12.0,16.0,10.0,71.0,7.52,3760.0,33.88235294117647,60.0,0.73,0.65,29.0,27.1,0.54,0.8400000000000001,0.0,0.0,2.0,2.0,42500.0,G30_60_H13
2024-04-03 00:00:00,17.0,9.0,17.0,8.0,65.0,7.54,3770.0,12.529411764705882,36.0,0.74,0.68,28.2,26.6,0.54,0.6000000000000001,1.0,1.0,2.0,2.0,42500.0,G30_60_H13
2024-04-04 00:00:00,15.0,6.0,18.0,7.0,36.0,7.9,3950.0,13.882352941176471,44.0,0.74,0.64,28.0,25.9,0.51,0.62,1.0,1.0,2.0,2.0,42500.0,G30_60_H13
2024-04-05 00:00:00,18.0,9.0,19.0,8.0,45.0,8.05,4025.0000000000005,21.941176470588236,52.0,0.76,0.58,28.6,25.4,0.52,0.67,1.0,1.0,2.0,2.0,42500.0,G30_60_H13
2024-04-06 00:00:00,18.0,10.0,20.0,6.0,36.0,8.71,4355.0,9.117647058823529,52.0,0.72,0.59,28.4,25.7,0.54,0.8300000000000001,1.0,1.0,2.0,2.0,42500.0,G30_60_H13
2024-04-07 00:00:00,19.0,12.0,21.0,5.0,27.0,9.49,4745.0,26.352941176470587,64.0,0.77,0.64,28.2,24.8,0.53,0.8500000000000001,1.0,1.0,2.0,2.0,42500.0,G30_60_H13
2024-04-08 00:00:00,19.0,8.0,22.0,6.0,44.0,10.06,5030.0,5.647058823529412,92.0,0.72,0.63,27.9,24.7,0.55,0.9,1.0,1.0,2.0,2.0,42500.0,G30_60_H13
2024-04-09 00:00:00,22.0,12.0,23.0,5.0,34.0,10.59,5295.0,29.529411764705884,76.0,0.72,0.55,29.3,24.2,0.49000000000000005,0.9,0.0,0.0,2.0,3.0,42500.0,G30_60_H13
2024-04-10 00:00:00,22.0,13.0,24.0,6.0,52.0,11.35,5675.0,0.6470588235294118,40.0,0.72,0.5,29.5,25.4,0.55,0.93,0.0,0.0,2.0,3.0,42500.0,G30_60_H13
2024-04-11 00:00:00,23.0,14.0,25.0,7.0,36.0,11.65,5825.0,0.9411764705882353,88.0,0.72,0.59,29.0,25.5,0.51,0.9199999999999999,0.0,0.0,2.0,3.0,42500.0,G30_60_H13
2024-04-12 00:00:00,23.0,15.0,26.0,6.0,50.0,12.54,6270.0,0.4117647058823529,96.0,0.72,0.61,29.5,26.1,0.59,1.02,1.0,1.0,2.0,3.0,42500.0,G30_60_H13
2024-04-13 00:00:00,20.0,14.0,27.0,45.0,38.0,12.92,6460.0,0.4117647058823529,108.0,0.72,0.68,27.4,25.0,0.63,1.01,1.0,1.0,2.0,3.0,42500.0,G30_60_H13
2024-04-14 00:00:00,21.0,14.0,28.0,27.0,78.0,12.31,6155.0,0.058823529411764705,72.0,0.72,0.69,26.4,24.5,0.55,0.8400000000000001,1.0,1.0,2.0,3.0,42500.0,G30_60_H13
2024-04-15 00:00:00,26.0,15.0,29.0,34.0,126.0,12.57,6285.0,0.35294117647058826,156.0,0.72,0.62,28.1,22.8,0.63,1.3399999999999999,0.0,0.0,2.0,6.0,42500.0,G30_60_H13
2024-04-16 00:00:00,26.0,14.0,30.0,48.0,169.0,13.45,6725.0,0.35294117647058826,172.0,0.72,0.54,26.7,23.0,0.99,1.3399999999999999,0.0,0.0,4.0,6.0,42500.0,G30_60_H13
2024-04-17 00:00:00,19.0,11.0,31.0,41.0,350.0,13.22,6610.0,0.35294117647058826,172.0,0.71,0.64,24.3,22.3,0.76,0.94,0.0,0.0,3.0,5.0,42500.0,G30_60_H13
2024-04-18 00:00:00,24.0,14.0,32.0,54.0,363.0,13.49,6745.0,4.176470588235294,120.0,0.72,0.48,26.4,19.9,0.53,1.49,0.0,0.0,2.0,7.0,42500.0,G30_60_H13
2024-04-19 00:00:00,22.0,13.0,33.0,135.0,227.0,14.02,7010.0,0.29411764705882354,176.0,0.75,0.58,24.7,21.0,0.64,1.2000000000000002,0.0,0.0,3.0,6.0,42500.0,G30_60_H13
2024-04-20 00:00:00,23.0,14.0,34.0,127.0,181.0,13.25,6625.0,0.29411764705882354,144.0,0.78,0.59,24.0,20.4,0.71,1.66,0.0,0.0,3.0,8.0,42500.0,G30_60_H13
2024-04-21 00:00:00,23.0,14.0,35.0,140.0,106.0,14.43,7215.0,2.176470588235294,188.0,0.75,0.64,23.8,20.2,1.09,1.7400000000000002,0.0,0.0,5.0,8.0,42500.0,G30_60_H13
2024-03-16 00:00:00,22.0,5.0,-1.0,0.0,0.0,0.0,0.0,0.0,0.0,0.0,0.0,0.0,0.0,0.32,0.34,0.0,0.0,2.0,2.0,41000.0,G30_60_H14
2024-03-17 00:00:00,14.0,5.0,0.0,0.0,0.0,0.0,0.0,0.0,0.0,0.0,0.0,0.0,0.0,0.0,0.0,0.0,0.0,2.0,2.0,41000.0,G30_60_H14
2024-03-18 00:00:00,15.0,8.0,1.0,32.0,0.0,0.95,475.0,314.0,60.0,0.73,0.5,34.9,33.2,0.35,0.35,0.0,0.0,2.0,2.0,41000.0,G30_60_H14
2024-03-19 00:00:00,16.0,4.0,2.0,23.0,28.0,1.35,675.0,217.64705882352942,64.0,0.54,0.41,34.9,32.9,0.36,0.36,0.0,0.0,2.0,2.0,41000.0,G30_60_H14
2024-03-20 00:00:00,18.0,8.0,3.0,21.0,91.0,1.75,875.0,206.52941176470588,60.0,0.59,0.46,34.0,32.2,0.37,0.38,0.0,0.0,2.0,2.0,41000.0,G30_60_H14
2024-03-21 00:00:00,24.0,11.0,4.0,27.0,155.0,1.95,975.0,164.88235294117646,56.0,0.65,0.45,33.4,31.3,0.39,0.39,0.0,0.0,2.0,2.0,41000.0,G30_60_H14
2024-03-22 00:00:00,26.0,15.0,5.0,25.0,79.0,2.25,1125.0,142.23529411764707,56.0,0.63,0.52,32.4,29.5,0.41,0.44999999999999996,0.0,0.0,2.0,2.0,41000.0,G30_60_H14
2024-03-23 00:00:00,17.0,13.0,6.0,15.0,28.0,2.6,1300.0,64.3529411764706,60.0,0.72,0.63,31.5,29.9,0.43,0.45,0.0,0.0,2.0,2.0,41000.0,G30_60_H14
2024-03-24 00:00:00,15.0,9.0,7.0,11.0,30.0,2.55,1275.0,160.88235294117646,60.0,0.73,0.63,31.1,29.3,0.44,0.44,0.0,0.0,2.0,2.0,41000.0,G30_60_H14
2024-03-25 00:00:00,10.0,5.0,8.0,31.0,353.0,2.8,1400.0,115.41176470588235,60.0,0.72,0.58,30.5,28.8,0.44,0.44,0.0,0.0,2.0,2.0,41000.0,G30_60_H14
2024-03-26 00:00:00,16.0,8.0,9.0,16.0,20.0,3.11,1555.0,173.05882352941177,56.0,0.73,0.61,30.0,28.6,0.46,0.48000000000000004,0.0,0.0,2.0,2.0,41000.0,G30_60_H14
2024-03-27 00:00:00,15.0,6.0,10.0,9.0,24.0,3.18,1590.0,77.0,44.0,0.74,0.65,29.8,28.2,0.47,0.49,0.0,0.0,2.0,2.0,41000.0,G30_60_H14
2024-03-28 00:00:00,18.0,10.0,11.0,10.0,33.0,4.08,2040.0,61.64705882352941,24.0,0.76,0.69,29.5,28.3,0.46,0.5,0.0,0.0,2.0,2.0,41000.0,G30_60_H14
2024-03-29 00:00:00,22.0,11.0,12.0,8.0,34.0,4.62,2310.0,35.411764705882355,24.0,0.75,0.61,29.9,28.0,0.49,1.52,0.0,0.0,2.0,2.0,41000.0,G30_60_H14
2024-03-30 00:00:00,24.0,12.0,13.0,6.0,41.0,5.37,2685.0,10.764705882352942,32.0,0.76,0.57,30.3,27.9,0.5,1.38,0.0,0.0,2.0,2.0,41000.0,G30_60_H14
2024-03-31 00:00:00,22.0,13.0,14.0,5.0,33.0,5.99,2995.0,34.529411764705884,40.0,0.69,0.57,28.4,26.9,0.51,0.89,0.0,0.0,2.0,2.0,41000.0,G30_60_H14
2024-04-01 00:00:00,27.0,15.0,15.0,7.0,24.0,6.24,3120.0,34.529411764705884,36.0,0.74,0.57,30.0,26.6,0.53,1.31,0.0,0.0,2.0,2.0,41000.0,G30_60_H14
2024-04-02 00:00:00,21.0,12.0,16.0,6.0,24.0,6.93,3465.0,33.88235294117647,56.0,0.77,0.66,28.7,27.3,0.545,0.845,0.0,0.0,2.0,2.0,41000.0,G30_60_H14
2024-04-03 00:00:00,17.0,9.0,17.0,5.0,26.0,7.1,3550.0,12.529411764705882,44.0,0.77,0.7,28.0,26.5,0.545,0.605,1.0,1.0,2.0,2.0,41000.0,G30_60_H14
2024-04-04 00:00:00,15.0,6.0,18.0,6.0,25.0,7.41,3705.0,13.882352941176471,52.0,0.75,0.6,27.9,26.1,0.5,0.61,1.0,1.0,2.0,2.0,41000.0,G30_60_H14
2024-04-05 00:00:00,18.0,9.0,19.0,7.0,38.0,8.08,4040.0,21.941176470588236,48.0,0.72,0.57,28.1,25.6,0.54,0.6900000000000001,1.0,1.0,2.0,2.0,41000.0,G30_60_H14
2024-04-06 00:00:00,18.0,10.0,20.0,5.0,28.0,8.35,4175.0,9.117647058823529,56.0,0.7,0.57,27.9,25.9,0.56,0.8500000000000001,1.0,1.0,2.0,2.0,41000.0,G30_60_H14
2024-04-07 00:00:00,19.0,12.0,21.0,6.0,19.0,8.96,4480.0,26.352941176470587,60.0,0.75,0.62,27.6,25.1,0.55,0.8700000000000001,1.0,1.0,2.0,2.0,41000.0,G30_60_H14
2024-04-08 00:00:00,19.0,8.0,22.0,4.0,25.0,9.38,4690.0,5.647058823529412,68.0,0.75,0.6,27.3,25.4,0.5700000000000001,0.92,1.0,1.0,2.0,2.0,41000.0,G30_60_H14
2024-04-09 00:00:00,22.0,12.0,23.0,5.0,28.0,10.3,5150.0,29.529411764705884,76.0,0.75,0.54,28.0,24.0,0.51,0.9199999999999999,0.0,0.0,2.0,3.0,41000.0,G30_60_H14
2024-04-10 00:00:00,22.0,13.0,24.0,3.0,23.0,10.57,5285.0,0.6470588235294118,92.0,0.7,0.47,28.7,25.4,0.5700000000000001,0.9500000000000001,0.0,0.0,2.0,3.0,41000.0,G30_60_H14
2024-04-11 00:00:00,23.0,14.0,25.0,4.0,27.0,11.34,5670.0,0.9411764705882353,96.0,0.71,0.55,28.1,25.7,0.53,0.94,0.0,0.0,2.0,3.0,41000.0,G30_60_H14
2024-04-12 00:00:00,23.0,15.0,26.0,5.0,30.0,11.56,5780.0,0.4117647058823529,108.0,0.74,0.6,28.5,26.6,0.61,1.1400000000000001,0.0,0.0,2.0,4.0,41000.0,G30_60_H14
2024-04-13 00:00:00,20.0,14.0,27.0,6.0,25.0,12.13,6065.0,0.4117647058823529,120.0,0.74,0.66,27.1,25.4,0.65,1.1800000000000002,0.0,0.0,2.0,4.0,41000.0,G30_60_H14
2024-04-14 00:00:00,21.0,14.0,28.0,7.0,33.0,12.65,6325.0,0.058823529411764705,132.0,0.75,0.69,26.3,24.9,0.5700000000000001,0.9600000000000001,0.0,0.0,2.0,4.0,41000.0,G30_60_H14
2024-04-15 00:00:00,26.0,15.0,29.0,6.0,36.0,12.48,6240.0,0.35294117647058826,144.0,0.76,0.6,27.9,23.3,0.65,1.6099999999999999,0.0,0.0,2.0,7.0,41000.0,G30_60_H14
2024-04-16 00:00:00,26.0,14.0,30.0,7.0,21.0,12.92,6460.0,0.35294117647058826,200.0,0.78,0.52,26.9,24.3,0.99,1.44,0.0,0.0,4.0,7.0,41000.0,G30_60_H14
2024-04-17 00:00:00,19.0,11.0,31.0,11.0,28.0,13.45,6725.0,0.35294117647058826,196.0,0.68,0.58,25.4,23.2,0.76,0.94,0.0,0.0,3.0,5.0,41000.0,G30_60_H14
2024-04-18 00:00:00,24.0,14.0,32.0,10.0,27.0,14.34,7170.0,4.176470588235294,152.0,0.76,0.46,26.5,20.6,0.53,1.49,0.0,0.0,2.0,7.0,41000.0,G30_60_H14
2024-04-19 00:00:00,22.0,13.0,33.0,18.0,31.0,14.22,7110.0,0.29411764705882354,196.0,0.74,0.56,24.6,22.3,0.64,1.2000000000000002,0.0,0.0,3.0,6.0,41000.0,G30_60_H14
2024-04-20 00:00:00,23.0,14.0,34.0,20.0,32.0,14.7,7350.0,0.29411764705882354,172.0,0.77,0.68,23.7,21.5,0.72,1.67,0.0,0.0,3.0,8.0,41000.0,G30_60_H14
2024-04-21 00:00:00,23.0,14.0,35.0,39.0,24.0,14.34,7170.0,2.176470588235294,224.0,0.75,0.62,24.0,20.9,1.1,1.75,0.0,0.0,6.0,9.0,41000.0,G30_60_H14
2024-03-16 00:00:00,22.0,5.0,-1.0,0.0,0.0,0.0,0.0,0.0,0.0,0.0,0.0,0.0,0.0,0.29,0.31,0.0,0.0,2.0,2.0,41000.0,G30_60_H17
2024-03-17 00:00:00,14.0,5.0,0.0,0.0,0.0,0.0,0.0,0.0,0.0,0.0,0.0,0.0,0.0,0.0,0.0,0.0,0.0,2.0,2.0,41000.0,G30_60_H17
2024-03-18 00:00:00,15.0,8.0,1.0,28.0,0.0,0.95,475.0,314.0,40.0,0.85,0.65,34.5,33.2,0.35,0.35,0.0,0.0,2.0,2.0,41000.0,G30_60_H17
2024-03-19 00:00:00,16.0,4.0,2.0,12.0,0.0,1.35,675.0,217.64705882352942,52.0,0.69,0.51,34.0,32.4,0.36,0.36,0.0,0.0,2.0,2.0,41000.0,G30_60_H17
2024-03-20 00:00:00,18.0,8.0,3.0,11.0,0.0,1.75,875.0,206.52941176470588,56.0,0.68,0.53,33.6,31.9,0.37,0.38,0.0,0.0,2.0,2.0,41000.0,G30_60_H17
2024-03-21 00:00:00,24.0,11.0,4.0,26.0,18.0,1.95,975.0,164.88235294117646,52.0,0.71,0.56,33.1,31.2,0.39,0.39,0.0,0.0,2.0,2.0,41000.0,G30_60_H17
2024-03-22 00:00:00,26.0,15.0,5.0,27.0,7.0,2.25,1125.0,142.23529411764707,52.0,0.67,0.58,32.2,30.5,0.41,0.44999999999999996,0.0,0.0,2.0,2.0,41000.0,G30_60_H17
2024-03-23 00:00:00,17.0,13.0,6.0,10.0,9.0,2.6,1300.0,64.3529411764706,48.0,0.77,0.68,31.3,29.2,0.43,0.45,0.0,0.0,2.0,2.0,41000.0,G30_60_H17
2024-03-24 00:00:00,15.0,9.0,7.0,9.0,5.0,2.59,1295.0,160.88235294117646,56.0,0.77,0.67,31.2,29.0,0.44,0.44,0.0,0.0,2.0,2.0,41000.0,G30_60_H17
2024-03-25 00:00:00,10.0,5.0,8.0,14.0,340.0,3.06,1530.0,115.41176470588235,56.0,0.74,0.63,30.73,28.3,0.44,0.44,0.0,0.0,2.0,2.0,41000.0,G30_60_H17
2024-03-26 00:00:00,16.0,8.0,9.0,15.0,4.0,3.31,1655.0,173.05882352941177,60.0,0.76,0.66,30.8,28.6,0.46,0.48000000000000004,0.0,0.0,2.0,2.0,41000.0,G30_60_H17
2024-03-27 00:00:00,15.0,6.0,10.0,23.0,2.0,3.32,1660.0,77.0,48.0,0.77,0.68,30.2,28.1,0.47,0.49,0.0,0.0,2.0,2.0,41000.0,G30_60_H17
2024-03-28 00:00:00,18.0,10.0,11.0,25.0,3.0,4.21,2105.0,61.64705882352941,32.0,0.79,0.68,29.8,28.0,0.45,0.49,0.0,0.0,2.0,2.0,41000.0,G30_60_H17
2024-03-29 00:00:00,22.0,11.0,12.0,8.0,3.0,4.78,2390.0,35.411764705882355,28.0,0.77,0.56,30.4,27.8,0.48,1.48,0.0,0.0,2.0,2.0,41000.0,G30_60_H17
2024-03-30 00:00:00,24.0,12.0,13.0,13.0,9.0,5.26,2630.0,10.764705882352942,36.0,0.78,0.5,32.0,27.8,0.47,1.35,0.0,0.0,2.0,2.0,41000.0,G30_60_H17
2024-03-31 00:00:00,22.0,13.0,14.0,4.0,5.0,5.89,2945.0,34.529411764705884,44.0,0.71,0.55,30.0,27.3,0.48,0.86,0.0,0.0,2.0,2.0,41000.0,G30_60_H17
2024-04-01 00:00:00,27.0,15.0,15.0,18.0,4.0,6.3,3150.0,34.529411764705884,36.0,0.76,0.54,31.4,27.3,0.5,1.28,0.0,0.0,2.0,2.0,41000.0,G30_60_H17
2024-04-02 00:00:00,21.0,12.0,16.0,6.0,9.0,6.6,3300.0,33.88235294117647,56.0,0.8,0.68,30.0,26.9,0.54,0.8400000000000001,0.0,0.0,2.0,2.0,41000.0,G30_60_H17
2024-04-03 00:00:00,17.0,9.0,17.0,16.0,6.0,6.74,3370.0,12.529411764705882,24.0,0.79,0.72,29.5,26.6,0.54,0.6000000000000001,1.0,1.0,2.0,2.0,41000.0,G30_60_H17
2024-04-04 00:00:00,15.0,6.0,18.0,7.0,8.0,7.24,3620.0,13.882352941176471,56.0,0.79,0.63,28.1,26.2,0.51,0.62,1.0,1.0,2.0,2.0,41000.0,G30_60_H17
2024-04-05 00:00:00,18.0,9.0,19.0,12.0,17.0,7.43,3715.0,21.941176470588236,44.0,0.75,0.57,28.4,25.9,0.52,0.67,1.0,1.0,2.0,2.0,41000.0,G30_60_H17
2024-04-06 00:00:00,18.0,10.0,20.0,6.0,4.0,8.29,4145.0,9.117647058823529,44.0,0.75,0.59,28.4,26.3,0.54,0.8300000000000001,1.0,1.0,2.0,2.0,41000.0,G30_60_H17
2024-04-07 00:00:00,19.0,12.0,21.0,8.0,28.0,8.86,4430.0,26.352941176470587,56.0,0.78,0.63,28.1,25.0,0.53,0.8500000000000001,1.0,1.0,2.0,2.0,41000.0,G30_60_H17
2024-04-08 00:00:00,19.0,8.0,22.0,12.0,22.0,8.81,4405.0,5.647058823529412,60.0,0.8,0.62,28.0,25.0,0.55,0.9,1.0,1.0,2.0,2.0,41000.0,G30_60_H17
2024-04-09 00:00:00,22.0,12.0,23.0,8.0,16.0,8.98,4490.0,29.529411764705884,64.0,0.78,0.53,28.7,24.2,0.49000000000000005,0.9,0.0,0.0,2.0,3.0,41000.0,G30_60_H17
2024-04-10 00:00:00,22.0,13.0,24.0,27.0,8.0,9.68,4840.0,0.6470588235294118,68.0,0.76,0.48,29.4,25.6,0.55,0.93,0.0,0.0,2.0,3.0,41000.0,G30_60_H17
2024-04-11 00:00:00,23.0,14.0,25.0,20.0,100.0,9.79,4895.0,0.9411764705882353,76.0,0.78,0.55,28.7,25.5,0.51,0.9199999999999999,0.0,0.0,2.0,3.0,41000.0,G30_60_H17
2024-04-12 00:00:00,23.0,15.0,26.0,24.0,60.0,10.4,5200.0,0.4117647058823529,76.0,0.79,0.57,29.3,25.8,0.59,1.02,1.0,1.0,2.0,3.0,41000.0,G30_60_H17
2024-04-13 00:00:00,20.0,14.0,27.0,17.0,38.0,10.73,5365.0,0.4117647058823529,92.0,0.79,0.68,27.3,25.0,0.63,1.01,1.0,1.0,2.0,3.0,41000.0,G30_60_H17
2024-04-14 00:00:00,21.0,14.0,28.0,26.0,80.0,11.09,5545.0,0.058823529411764705,88.0,0.78,0.72,26.8,24.8,0.55,0.8400000000000001,1.0,1.0,2.0,3.0,41000.0,G30_60_H17
2024-04-15 00:00:00,26.0,15.0,29.0,17.0,30.0,11.85,5925.0,0.35294117647058826,120.0,0.79,0.61,28.1,23.4,0.63,1.3399999999999999,0.0,0.0,2.0,6.0,41000.0,G30_60_H17
2024-04-16 00:00:00,26.0,14.0,30.0,18.0,70.0,13.0,6500.0,0.35294117647058826,156.0,0.81,0.51,26.9,23.4,0.99,1.3399999999999999,0.0,0.0,4.0,6.0,41000.0,G30_60_H17
2024-04-17 00:00:00,19.0,11.0,31.0,20.0,38.0,13.33,6665.0,0.35294117647058826,152.0,0.7,0.62,25.0,22.7,0.76,0.94,0.0,0.0,3.0,5.0,41000.0,G30_60_H17
2024-04-18 00:00:00,24.0,14.0,32.0,30.0,70.0,14.07,7035.0,4.176470588235294,112.0,0.81,0.47,26.7,20.7,0.53,1.49,0.0,0.0,2.0,7.0,41000.0,G30_60_H17
2024-04-19 00:00:00,22.0,13.0,33.0,35.0,165.0,13.82,6910.0,0.29411764705882354,152.0,0.76,0.57,24.8,21.2,0.64,1.2000000000000002,0.0,0.0,3.0,6.0,41000.0,G30_60_H17
2024-04-20 00:00:00,23.0,14.0,34.0,20.0,28.0,14.32,7160.0,0.29411764705882354,132.0,0.82,0.66,24.5,20.6,0.72,1.67,0.0,0.0,3.0,8.0,41000.0,G30_60_H17
2024-04-21 00:00:00,23.0,14.0,35.0,34.0,40.0,14.03,7015.0,2.176470588235294,180.0,0.79,0.62,23.9,20.5,0.98,1.63,0.0,0.0,5.0,8.0,41000.0,G30_60_H17
2024-03-16 00:00:00,22.0,5.0,-2.0,0.0,0.0,0.0,0.0,0.0,0.0,0.0,0.0,0.0,0.0,0.31,0.33,0.0,0.0,2.0,2.0,40300.0,G30_60_H18
2024-03-17 00:00:00,14.0,5.0,-1.0,0.0,0.0,0.0,0.0,0.0,0.0,0.0,0.0,0.0,0.0,0.0,0.0,0.0,0.0,2.0,2.0,40300.0,G30_60_H18
2024-03-18 00:00:00,15.0,8.0,0.0,0.0,0.0,0.0,0.0,0.0,0.0,0.0,0.0,0.0,0.0,0.0,0.0,0.0,0.0,2.0,2.0,40300.0,G30_60_H18
2024-03-19 00:00:00,16.0,4.0,1.0,15.0,0.0,0.95,475.0,217.64705882352942,36.0,0.49,0.38,35.2,33.2,0.35,0.35,0.0,0.0,2.0,2.0,40300.0,G30_60_H18
2024-03-20 00:00:00,18.0,8.0,2.0,2.0,0.0,1.35,675.0,206.52941176470588,68.0,0.5,0.44,35.0,33.2,0.36,0.37,0.0,0.0,2.0,2.0,40300.0,G30_60_H18
2024-03-21 00:00:00,24.0,11.0,3.0,30.0,34.0,1.7,850.0,164.88235294117646,60.0,0.59,0.48,34.1,32.5,0.38,0.38,0.0,0.0,2.0,2.0,40300.0,G30_60_H18
2024-03-22 00:00:00,26.0,15.0,4.0,40.0,50.0,1.9,950.0,142.23529411764707,60.0,0.62,0.5,33.1,31.8,0.4,0.44,0.0,0.0,2.0,2.0,40300.0,G30_60_H18
2024-03-23 00:00:00,17.0,13.0,5.0,23.0,50.0,2.2,1100.0,64.3529411764706,56.0,0.69,0.65,32.3,29.5,0.42,0.44,0.0,0.0,2.0,2.0,40300.0,G30_60_H18
2024-03-24 00:00:00,15.0,9.0,6.0,10.0,5.0,2.5,1250.0,160.88235294117646,60.0,0.71,0.66,31.3,29.8,0.43,0.43,0.0,0.0,2.0,2.0,40300.0,G30_60_H18
2024-03-25 00:00:00,10.0,5.0,7.0,12.0,9.0,2.8,1400.0,115.41176470588235,68.0,0.7,0.65,30.7,29.1,0.43,0.43,0.0,0.0,2.0,2.0,40300.0,G30_60_H18
2024-03-26 00:00:00,16.0,8.0,8.0,13.0,390.0,2.8,1400.0,173.05882352941177,68.0,0.71,0.65,30.6,29.2,0.45,0.47000000000000003,0.0,0.0,2.0,2.0,40300.0,G30_60_H18
2024-03-27 00:00:00,15.0,6.0,9.0,25.0,3.0,2.8,1400.0,77.0,60.0,0.7,0.65,30.3,28.7,0.46,0.48000000000000004,0.0,0.0,2.0,2.0,40300.0,G30_60_H18
2024-03-28 00:00:00,18.0,10.0,10.0,16.0,0.0,3.91,1955.0,61.64705882352941,44.0,0.71,0.68,29.9,28.5,0.45,0.49,0.0,0.0,2.0,2.0,40300.0,G30_60_H18
2024-03-29 00:00:00,22.0,11.0,11.0,10.0,0.0,4.33,2165.0,35.411764705882355,20.0,0.71,0.64,29.9,28.3,0.48,1.51,0.0,0.0,2.0,2.0,40300.0,G30_60_H18
2024-03-30 00:00:00,24.0,12.0,12.0,6.0,5.0,5.3,2650.0,10.764705882352942,32.0,0.77,0.59,30.4,28.4,0.49,1.37,0.0,0.0,2.0,2.0,40300.0,G30_60_H18
2024-03-31 00:00:00,22.0,13.0,13.0,13.0,0.0,5.93,2965.0,34.529411764705884,32.0,0.68,0.61,28.8,26.9,0.5,0.88,0.0,0.0,2.0,2.0,40300.0,G30_60_H18
2024-04-01 00:00:00,27.0,15.0,14.0,11.0,22.0,6.22,3110.0,34.529411764705884,32.0,0.7,0.58,30.0,27.3,0.52,1.2000000000000002,0.0,0.0,2.0,2.0,40300.0,G30_60_H18
2024-04-02 00:00:00,21.0,12.0,15.0,8.0,11.0,6.55,3275.0,33.88235294117647,44.0,0.71,0.66,28.6,27.1,0.54,0.8400000000000001,0.0,0.0,2.0,2.0,40300.0,G30_60_H18
2024-04-03 00:00:00,17.0,9.0,16.0,13.0,12.0,6.8,3400.0,12.529411764705882,40.0,0.79,0.66,28.0,26.8,0.54,0.6000000000000001,1.0,1.0,2.0,2.0,40300.0,G30_60_H18
2024-04-04 00:00:00,15.0,6.0,17.0,14.0,40.0,7.08,3540.0,13.882352941176471,44.0,0.7,0.62,28.3,26.5,0.51,0.62,1.0,1.0,2.0,2.0,40300.0,G30_60_H18
2024-04-05 00:00:00,18.0,9.0,18.0,15.0,44.0,7.55,3775.0,21.941176470588236,40.0,0.68,0.58,28.0,26.2,0.53,0.68,1.0,1.0,2.0,2.0,40300.0,G30_60_H18
2024-04-06 00:00:00,18.0,10.0,19.0,18.0,40.0,8.3,4150.0,9.117647058823529,52.0,0.67,0.58,28.0,26.0,0.55,0.8400000000000001,1.0,1.0,2.0,2.0,40300.0,G30_60_H18
2024-04-07 00:00:00,19.0,12.0,20.0,8.0,24.0,9.09,4545.0,26.352941176470587,56.0,0.7,0.63,27.8,25.8,0.54,0.8600000000000001,1.0,1.0,2.0,2.0,40300.0,G30_60_H18
2024-04-08 00:00:00,19.0,8.0,21.0,13.0,32.0,9.46,4730.0,5.647058823529412,64.0,0.7,0.63,27.7,25.8,0.56,0.91,1.0,1.0,2.0,2.0,40300.0,G30_60_H18
2024-04-09 00:00:00,22.0,12.0,22.0,10.0,22.0,9.96,4980.0,29.529411764705884,68.0,0.7,0.56,28.4,23.8,0.5,0.9099999999999999,0.0,0.0,2.0,3.0,40300.0,G30_60_H18
2024-04-10 00:00:00,22.0,13.0,23.0,7.0,11.0,10.52,5260.0,0.6470588235294118,88.0,0.69,0.5,29.1,26.0,0.56,0.9400000000000001,0.0,0.0,2.0,3.0,40300.0,G30_60_H18
2024-04-11 00:00:00,23.0,14.0,24.0,2.0,8.0,10.53,5265.0,0.9411764705882353,96.0,0.7,0.57,28.6,26.1,0.52,0.9299999999999999,0.0,0.0,2.0,3.0,40300.0,G30_60_H18
2024-04-12 00:00:00,23.0,15.0,25.0,6.0,13.0,11.06,5530.0,0.4117647058823529,100.0,0.71,0.61,28.6,26.4,0.6,1.13,0.0,0.0,2.0,4.0,40300.0,G30_60_H18
2024-04-13 00:00:00,20.0,14.0,26.0,10.0,19.0,11.12,5560.0,0.4117647058823529,124.0,0.71,0.66,27.7,25.8,0.64,1.17,0.0,0.0,2.0,4.0,40300.0,G30_60_H18
2024-04-14 00:00:00,21.0,14.0,27.0,5.0,4.0,11.93,5965.0,0.058823529411764705,136.0,0.71,0.65,26.8,25.5,0.56,0.9500000000000001,0.0,0.0,2.0,4.0,40300.0,G30_60_H18
2024-04-15 00:00:00,26.0,15.0,28.0,7.0,15.0,12.05,6025.0,0.35294117647058826,144.0,0.72,0.61,28.1,23.6,0.64,1.6,0.0,0.0,2.0,7.0,40300.0,G30_60_H18
2024-04-16 00:00:00,26.0,14.0,29.0,6.0,4.0,12.52,6260.0,0.35294117647058826,188.0,0.72,0.53,27.0,24.6,1.05,1.5,0.0,0.0,4.0,7.0,40300.0,G30_60_H18
2024-04-17 00:00:00,19.0,11.0,30.0,10.0,15.0,12.91,6455.0,0.35294117647058826,184.0,0.66,0.55,26.0,23.4,0.8200000000000001,1.0,0.0,0.0,3.0,5.0,40300.0,G30_60_H18
2024-04-18 00:00:00,24.0,14.0,31.0,10.0,15.0,13.03,6515.0,4.176470588235294,152.0,0.71,0.46,26.6,21.3,0.5900000000000001,1.55,0.0,0.0,2.0,7.0,40300.0,G30_60_H18
2024-04-19 00:00:00,22.0,13.0,32.0,10.0,5.0,13.05,6525.0,0.29411764705882354,184.0,0.71,0.56,25.2,22.7,0.7000000000000001,1.2600000000000002,0.0,0.0,3.0,6.0,40300.0,G30_60_H18
2024-04-20 00:00:00,23.0,14.0,33.0,14.0,10.0,12.74,6370.0,0.29411764705882354,176.0,0.72,0.67,24.5,21.9,0.75,1.7,0.0,0.0,3.0,8.0,40300.0,G30_60_H18
2024-04-21 00:00:00,23.0,14.0,34.0,12.0,17.0,13.37,6685.0,2.176470588235294,220.0,0.73,0.63,24.3,20.6,1.13,1.7799999999999998,0.0,0.0,6.0,9.0,40300.0,G30_60_H18
2024-03-16 00:00:00,22.0,5.0,-2.0,0.0,0.0,0.0,0.0,0.0,0.0,0.0,0.0,0.0,0.0,0.29,0.31,0.0,0.0,2.0,2.0,40300.0,G30_60_H19
2024-03-17 00:00:00,14.0,5.0,-1.0,0.0,0.0,0.0,0.0,0.0,0.0,0.0,0.0,0.0,0.0,0.0,0.0,0.0,0.0,2.0,2.0,40300.0,G30_60_H19
2024-03-18 00:00:00,15.0,8.0,0.0,0.0,0.0,0.0,0.0,0.0,0.0,0.0,0.0,0.0,0.0,0.0,0.0,0.0,0.0,2.0,2.0,40300.0,G30_60_H19
2024-03-19 00:00:00,16.0,4.0,1.0,30.0,0.0,0.95,475.0,217.64705882352942,52.0,0.51,0.34,35.4,33.2,0.35,0.35,0.0,0.0,2.0,2.0,40300.0,G30_60_H19
2024-03-20 00:00:00,18.0,8.0,2.0,23.0,4.0,1.35,675.0,206.52941176470588,56.0,0.55,0.43,35.0,32.7,0.36,0.37,0.0,0.0,2.0,2.0,40300.0,G30_60_H19
2024-03-21 00:00:00,24.0,11.0,3.0,19.0,8.0,1.7,850.0,164.88235294117646,60.0,0.63,0.44,33.9,32.0,0.38,0.38,0.0,0.0,2.0,2.0,40300.0,G30_60_H19
2024-03-22 00:00:00,26.0,15.0,4.0,11.0,7.0,1.9,950.0,142.23529411764707,48.0,0.6,0.49,33.2,31.2,0.4,0.44,0.0,0.0,2.0,2.0,40300.0,G30_60_H19
2024-03-23 00:00:00,17.0,13.0,5.0,23.0,12.0,2.2,1100.0,64.3529411764706,72.0,0.7,0.63,32.4,30.1,0.42,0.44,0.0,0.0,2.0,2.0,40300.0,G30_60_H19
2024-03-24 00:00:00,15.0,9.0,6.0,12.0,6.0,2.08,1040.0,160.88235294117646,40.0,0.72,0.61,31.6,29.7,0.43,0.43,0.0,0.0,2.0,2.0,40300.0,G30_60_H19
2024-03-25 00:00:00,10.0,5.0,7.0,16.0,9.0,2.37,1185.0,115.41176470588235,64.0,0.69,0.54,31.2,28.8,0.43,0.43,0.0,0.0,2.0,2.0,40300.0,G30_60_H19
2024-03-26 00:00:00,16.0,8.0,8.0,22.0,224.0,2.78,1390.0,173.05882352941177,92.0,0.7,0.6,31.0,28.9,0.45,0.47000000000000003,0.0,0.0,2.0,2.0,40300.0,G30_60_H19
2024-03-27 00:00:00,15.0,6.0,9.0,45.0,2.0,3.03,1515.0,77.0,60.0,0.71,0.62,31.0,28.5,0.46,0.48000000000000004,0.0,0.0,2.0,2.0,40300.0,G30_60_H19
2024-03-28 00:00:00,18.0,10.0,10.0,23.0,4.0,3.15,1575.0,61.64705882352941,48.0,0.75,0.66,30.4,28.1,0.44,0.48,0.0,0.0,2.0,2.0,40300.0,G30_60_H19
2024-03-29 00:00:00,22.0,11.0,11.0,9.0,6.0,4.19,2095.0,35.411764705882355,40.0,0.75,0.53,31.2,28.0,0.47,1.47,0.0,0.0,2.0,2.0,40300.0,G30_60_H19
2024-03-30 00:00:00,24.0,12.0,12.0,4.0,8.0,4.73,2365.0,10.764705882352942,32.0,0.79,0.47,32.6,28.0,0.46,1.34,0.0,0.0,2.0,2.0,40300.0,G30_60_H19
2024-03-31 00:00:00,22.0,13.0,13.0,5.0,7.0,5.56,2780.0,34.529411764705884,36.0,0.7,0.52,29.8,27.6,0.47,0.85,0.0,0.0,2.0,2.0,40300.0,G30_60_H19
2024-04-01 00:00:00,27.0,15.0,14.0,2.0,28.0,6.01,3005.0,34.529411764705884,36.0,0.75,0.5,31.9,27.1,0.49,1.17,0.0,0.0,2.0,2.0,40300.0,G30_60_H19
2024-04-02 00:00:00,21.0,12.0,15.0,3.0,16.0,6.47,3235.0,33.88235294117647,48.0,0.79,0.68,29.2,27.4,0.53,0.8300000000000001,0.0,0.0,2.0,2.0,40300.0,G30_60_H19
2024-04-03 00:00:00,17.0,9.0,16.0,4.0,14.0,6.86,3430.0,12.529411764705882,32.0,0.81,0.69,28.6,26.8,0.53,0.5900000000000001,1.0,1.0,2.0,2.0,40300.0,G30_60_H19
2024-04-04 00:00:00,15.0,6.0,17.0,3.0,17.0,7.05,3525.0,13.882352941176471,48.0,0.79,0.61,28.5,26.8,0.52,0.63,1.0,1.0,2.0,2.0,40300.0,G30_60_H19
2024-04-05 00:00:00,18.0,9.0,18.0,4.0,21.0,7.44,3720.0,21.941176470588236,44.0,0.73,0.54,28.6,26.0,0.5,0.65,1.0,1.0,2.0,2.0,40300.0,G30_60_H19
2024-04-06 00:00:00,18.0,10.0,19.0,6.0,21.0,7.97,3985.0,9.117647058823529,56.0,0.73,0.55,28.5,26.4,0.53,0.8200000000000001,1.0,1.0,2.0,2.0,40300.0,G30_60_H19
2024-04-07 00:00:00,19.0,12.0,20.0,4.0,22.0,8.12,4059.9999999999995,26.352941176470587,48.0,0.74,0.61,28.3,25.0,0.52,0.8400000000000001,1.0,1.0,2.0,2.0,40300.0,G30_60_H19
2024-04-08 00:00:00,19.0,8.0,21.0,3.0,14.0,8.65,4325.0,5.647058823529412,20.0,0.77,0.59,27.9,25.0,0.54,0.89,1.0,1.0,2.0,2.0,40300.0,G30_60_H19
2024-04-09 00:00:00,22.0,12.0,22.0,2.0,17.0,9.07,4535.0,29.529411764705884,76.0,0.75,0.5,28.9,24.3,0.48000000000000004,0.89,0.0,0.0,2.0,3.0,40300.0,G30_60_H19
2024-04-10 00:00:00,22.0,13.0,23.0,2.0,14.0,9.88,4940.0,0.6470588235294118,36.0,0.75,0.44,29.5,25.3,0.54,0.92,0.0,0.0,2.0,3.0,40300.0,G30_60_H19
2024-04-11 00:00:00,23.0,14.0,24.0,4.0,9.0,10.72,5360.0,0.9411764705882353,84.0,0.74,0.53,29.0,25.2,0.5,0.9099999999999999,0.0,0.0,2.0,3.0,40300.0,G30_60_H19
2024-04-12 00:00:00,23.0,15.0,25.0,3.0,27.0,11.4,5700.0,0.4117647058823529,80.0,0.76,0.57,29.3,26.1,0.58,1.01,1.0,1.0,2.0,3.0,40300.0,G30_60_H19
2024-04-13 00:00:00,20.0,14.0,26.0,2.0,26.0,11.76,5880.0,0.4117647058823529,88.0,0.76,0.65,27.2,25.0,0.62,1.0,1.0,1.0,2.0,3.0,40300.0,G30_60_H19
2024-04-14 00:00:00,21.0,14.0,27.0,3.0,19.0,12.36,6180.0,0.058823529411764705,100.0,0.73,0.69,26.3,25.0,0.54,0.8300000000000001,1.0,1.0,2.0,3.0,40300.0,G30_60_H19
2024-04-15 00:00:00,26.0,15.0,28.0,4.0,16.0,11.92,5960.0,0.35294117647058826,104.0,0.77,0.56,28.2,23.3,0.62,1.33,0.0,0.0,2.0,6.0,40300.0,G30_60_H19
2024-04-16 00:00:00,26.0,14.0,29.0,3.0,22.0,12.62,6310.0,0.35294117647058826,148.0,0.77,0.47,26.9,23.6,1.05,1.4,0.0,0.0,4.0,6.0,40300.0,G30_60_H19
2024-04-17 00:00:00,19.0,11.0,30.0,5.0,26.0,12.6,6300.0,0.35294117647058826,160.0,0.66,0.59,24.8,22.9,0.8200000000000001,1.0,0.0,0.0,3.0,5.0,40300.0,G30_60_H19
2024-04-18 00:00:00,24.0,14.0,31.0,4.0,24.0,13.08,6540.0,4.176470588235294,76.0,0.77,0.42,26.9,20.7,0.5900000000000001,1.55,0.0,0.0,2.0,7.0,40300.0,G30_60_H19
2024-04-19 00:00:00,22.0,13.0,32.0,6.0,19.0,13.08,6540.0,0.29411764705882354,148.0,0.71,0.54,25.0,21.6,0.7000000000000001,1.2600000000000002,0.0,0.0,3.0,6.0,40300.0,G30_60_H19
2024-04-20 00:00:00,23.0,14.0,33.0,12.0,28.0,12.72,6360.0,0.29411764705882354,124.0,0.76,0.61,24.5,20.8,0.75,1.7,0.0,0.0,3.0,8.0,40300.0,G30_60_H19
2024-04-21 00:00:00,23.0,14.0,34.0,17.0,24.0,13.92,6960.0,2.176470588235294,164.0,0.77,0.63,23.9,20.6,0.99,1.6400000000000001,0.0,0.0,5.0,8.0,40300.0,G30_60_H19
2024-03-16 00:00:00,22.0,5.0,-2.0,0.0,0.0,0.0,0.0,0.0,0.0,0.0,0.0,0.0,0.0,0.3,0.32,0.0,0.0,2.0,2.0,40400.0,G30_60_H20
2024-03-17 00:00:00,14.0,5.0,-1.0,0.0,0.0,0.0,0.0,0.0,0.0,0.0,0.0,0.0,0.0,0.0,0.0,0.0,0.0,2.0,2.0,40400.0,G30_60_H20
2024-03-18 00:00:00,15.0,8.0,0.0,0.0,0.0,0.0,0.0,0.0,0.0,0.0,0.0,0.0,0.0,0.0,0.0,0.0,0.0,2.0,2.0,40400.0,G30_60_H20
2024-03-19 00:00:00,16.0,4.0,1.0,22.0,0.0,0.95,475.0,217.64705882352942,44.0,0.55,0.4,35.6,33.0,0.35,0.35,0.0,0.0,2.0,2.0,40400.0,G30_60_H20
2024-03-20 00:00:00,18.0,8.0,2.0,21.0,2.0,1.35,675.0,206.52941176470588,60.0,0.54,0.43,34.7,32.8,0.36,0.37,0.0,0.0,2.0,2.0,40400.0,G30_60_H20
2024-03-21 00:00:00,24.0,11.0,3.0,27.0,11.0,1.7,850.0,164.88235294117646,52.0,0.63,0.48,33.8,32.2,0.38,0.38,0.0,0.0,2.0,2.0,40400.0,G30_60_H20
2024-03-22 00:00:00,26.0,15.0,4.0,24.0,19.0,1.9,950.0,142.23529411764707,64.0,0.66,0.52,33.0,31.3,0.4,0.44,0.0,0.0,2.0,2.0,40400.0,G30_60_H20
2024-03-23 00:00:00,17.0,13.0,5.0,20.0,11.0,2.2,1100.0,64.3529411764706,53.2,0.73,0.66,32.2,30.0,0.42,0.44,0.0,0.0,2.0,2.0,40400.0,G30_60_H20
2024-03-24 00:00:00,15.0,9.0,6.0,37.0,8.0,2.32,1160.0,160.88235294117646,64.0,0.76,0.66,31.2,30.0,0.43,0.43,0.0,0.0,2.0,2.0,40400.0,G30_60_H20
2024-03-25 00:00:00,10.0,5.0,7.0,11.0,5.0,2.52,1260.0,115.41176470588235,80.0,0.74,0.63,30.8,29.0,0.43,0.43,0.0,0.0,2.0,2.0,40400.0,G30_60_H20
2024-03-26 00:00:00,16.0,8.0,8.0,19.0,229.0,2.87,1435.0,173.05882352941177,52.0,0.76,0.66,30.4,29.1,0.45,0.47000000000000003,0.0,0.0,2.0,2.0,40400.0,G30_60_H20
2024-03-27 00:00:00,15.0,6.0,9.0,42.0,2.0,2.88,1440.0,77.0,64.0,0.77,0.67,30.1,28.6,0.46,0.48000000000000004,0.0,0.0,2.0,2.0,40400.0,G30_60_H20
2024-03-28 00:00:00,18.0,10.0,10.0,13.0,5.0,3.65,1825.0,61.64705882352941,36.0,0.78,0.72,29.7,28.5,0.45,0.49,0.0,0.0,2.0,2.0,40400.0,G30_60_H20
2024-03-29 00:00:00,22.0,11.0,11.0,7.0,11.0,4.26,2130.0,35.411764705882355,52.0,0.79,0.62,30.3,28.4,0.48,1.51,0.0,0.0,2.0,2.0,40400.0,G30_60_H20
2024-03-30 00:00:00,24.0,12.0,12.0,9.0,41.0,5.11,2555.0,10.764705882352942,32.0,0.8,0.58,30.6,28.2,0.49,1.37,0.0,0.0,2.0,2.0,40400.0,G30_60_H20
2024-03-31 00:00:00,22.0,13.0,13.0,8.0,38.0,5.77,2885.0,34.529411764705884,40.0,0.75,0.6,29.0,27.6,0.5,0.88,0.0,0.0,2.0,2.0,40400.0,G30_60_H20
2024-04-01 00:00:00,27.0,15.0,14.0,6.0,82.0,6.35,3175.0,34.529411764705884,36.0,0.78,0.58,30.5,27.1,0.52,1.2000000000000002,0.0,0.0,2.0,2.0,40400.0,G30_60_H20
2024-04-02 00:00:00,21.0,12.0,15.0,4.0,101.0,6.61,3305.0,33.88235294117647,64.0,0.79,0.68,29.0,27.4,0.54,0.8400000000000001,0.0,0.0,2.0,2.0,40400.0,G30_60_H20
2024-04-03 00:00:00,17.0,9.0,16.0,5.0,57.0,6.96,3480.0,12.529411764705882,44.0,0.8,0.65,28.5,26.8,0.54,0.6000000000000001,1.0,1.0,2.0,2.0,40400.0,G30_60_H20
2024-04-04 00:00:00,15.0,6.0,17.0,3.0,54.0,6.9,3450.0,13.882352941176471,44.0,0.77,0.64,28.4,26.6,0.51,0.62,1.0,1.0,2.0,2.0,40400.0,G30_60_H20
2024-04-05 00:00:00,18.0,9.0,18.0,2.0,36.0,7.36,3680.0,21.941176470588236,52.0,0.75,0.59,28.4,26.4,0.53,0.68,1.0,1.0,2.0,2.0,40400.0,G30_60_H20
2024-04-06 00:00:00,18.0,10.0,19.0,4.0,26.0,7.93,3965.0,9.117647058823529,52.0,0.72,0.6,28.1,26.5,0.55,0.8400000000000001,1.0,1.0,2.0,2.0,40400.0,G30_60_H20
2024-04-07 00:00:00,19.0,12.0,20.0,3.0,29.0,8.45,4225.0,26.352941176470587,60.0,0.76,0.63,28.0,25.6,0.54,0.8600000000000001,1.0,1.0,2.0,2.0,40400.0,G30_60_H20
2024-04-08 00:00:00,19.0,8.0,21.0,4.0,26.0,9.03,4515.0,5.647058823529412,72.0,0.77,0.63,27.6,25.8,0.56,0.91,1.0,1.0,2.0,2.0,40400.0,G30_60_H20
2024-04-09 00:00:00,22.0,12.0,22.0,2.0,15.0,9.23,4615.0,29.529411764705884,88.0,0.77,0.57,28.7,24.4,0.5,0.9099999999999999,0.0,0.0,2.0,3.0,40400.0,G30_60_H20
2024-04-10 00:00:00,22.0,13.0,23.0,1.0,16.0,9.72,4860.0,0.6470588235294118,76.0,0.73,0.49,28.9,25.9,0.56,0.9400000000000001,0.0,0.0,2.0,3.0,40400.0,G30_60_H20
2024-04-11 00:00:00,23.0,14.0,24.0,3.0,14.0,10.35,5175.0,0.9411764705882353,96.0,0.73,0.53,28.5,26.1,0.52,0.9299999999999999,0.0,0.0,2.0,3.0,40400.0,G30_60_H20
2024-04-12 00:00:00,23.0,15.0,25.0,1.0,31.0,11.09,5545.0,0.4117647058823529,128.0,0.75,0.62,29.1,26.5,0.6,1.13,0.0,0.0,2.0,4.0,40400.0,G30_60_H20
2024-04-13 00:00:00,20.0,14.0,26.0,2.0,16.0,11.15,5575.0,0.4117647058823529,104.0,0.74,0.67,27.5,26.0,0.64,1.17,0.0,0.0,2.0,4.0,40400.0,G30_60_H20
2024-04-14 00:00:00,21.0,14.0,27.0,4.0,25.0,12.09,6045.0,0.058823529411764705,112.0,0.76,0.68,27.1,25.6,0.56,0.9500000000000001,0.0,0.0,2.0,4.0,40400.0,G30_60_H20
2024-04-15 00:00:00,26.0,15.0,28.0,4.0,23.0,12.1,6050.0,0.35294117647058826,164.0,0.76,0.61,28.1,24.2,0.64,1.6,0.0,0.0,2.0,7.0,40400.0,G30_60_H20
2024-04-16 00:00:00,26.0,14.0,29.0,5.0,32.0,13.02,6510.0,0.35294117647058826,192.0,0.76,0.51,27.5,24.6,1.05,1.5,0.0,0.0,4.0,7.0,40400.0,G30_60_H20
2024-04-17 00:00:00,19.0,11.0,30.0,4.0,29.0,12.79,6395.0,0.35294117647058826,176.0,0.69,0.55,25.7,23.7,0.8200000000000001,1.0,0.0,0.0,3.0,5.0,40400.0,G30_60_H20
2024-04-18 00:00:00,24.0,14.0,31.0,16.0,15.0,12.34,6170.0,4.176470588235294,148.0,0.73,0.47,26.9,21.2,0.5900000000000001,1.55,0.0,0.0,2.0,7.0,40400.0,G30_60_H20
2024-04-19 00:00:00,22.0,13.0,32.0,12.0,21.0,12.06,6030.0,0.29411764705882354,184.0,0.73,0.56,25.2,22.9,0.7000000000000001,1.2600000000000002,0.0,0.0,3.0,6.0,40400.0,G30_60_H20
2024-04-20 00:00:00,23.0,14.0,33.0,14.0,16.0,12.38,6190.0,0.29411764705882354,164.0,0.76,0.66,24.7,21.6,0.75,1.7,0.0,0.0,3.0,8.0,40400.0,G30_60_H20
2024-04-21 00:00:00,23.0,14.0,34.0,18.0,21.0,13.0,6500.0,2.176470588235294,212.0,0.75,0.63,24.5,21.6,1.16,1.81,0.0,0.0,6.0,9.0,40400.0,G30_60_H20
2024-03-19 00:00:00,16.0,4.0,1.0,36.0,0.0,0.78,390.0,554.0,60.0,0.65,0.41,36.1,33.0,0.35,0.35,0.0,0.0,1.0,1.0,37700.0,G32_58_H1
2024-03-20 00:00:00,18.0,8.0,2.0,5.0,4.0,1.01,505.0,201.0,104.00000000001455,0.76,0.57,34.8,32.4,0.39,0.39,0.0,0.0,1.0,1.0,37700.0,G32_58_H1
2024-03-21 00:00:00,24.0,11.0,3.0,12.0,18.0,1.43,715.0,257.0,91.9999999999709,0.75,0.61,34.6,31.3,0.3,0.3,0.0,0.0,1.0,1.0,37700.0,G32_58_H1
2024-03-22 00:00:00,26.0,15.0,4.0,18.0,16.0,1.8,900.0,222.0,92.00000000004366,0.8,0.6,33.0,30.5,0.49,0.49,0.0,0.0,1.0,1.0,37700.0,G32_58_H1
2024-03-23 00:00:00,17.0,13.0,5.0,26.0,36.0,2.0,1000.0,139.0,71.9999999999709,0.67,0.63,32.0,30.0,0.4,0.47,0.0,0.0,1.0,1.0,37700.0,G32_58_H1
2024-03-24 00:00:00,15.0,9.0,6.0,15.0,19.0,2.2,1100.0,179.0,84.00000000001455,0.82,0.76,31.5,29.6,0.35,0.41,0.0,0.0,1.0,1.0,37700.0,G32_58_H1
2024-03-25 00:00:00,10.0,5.0,7.0,19.0,18.0,2.4,1200.0,116.0,71.9999999999709,0.84,0.73,31.0,29.0,0.35,0.42,0.0,0.0,1.5,1.5,37700.0,G32_58_H1
2024-03-26 00:00:00,16.0,8.0,8.0,36.0,352.0,2.55,1275.0,164.0,104.00000000001455,0.87,0.79,30.7,28.9,0.3,0.36,0.0,0.0,1.5,1.5,37700.0,G32_58_H1
2024-03-27 00:00:00,21.0,10.0,9.0,26.0,25.0,2.23,1115.0,98.0,55.99999999998545,0.86,0.79,30.3,28.8,0.31,0.36,0.0,0.0,1.5,1.5,37700.0,G32_58_H1
2024-03-28 00:00:00,21.0,11.0,10.0,5.0,23.0,3.2,1600.0,108.0,52.000000000043656,0.9,0.79,30.0,28.7,0.31,0.36,0.0,0.0,1.5,1.5,37700.0,G32_58_H1
2024-03-29 00:00:00,27.0,13.0,11.0,4.0,53.0,3.71,1855.0,86.0,60.0,0.88,0.76,31.1,28.2,0.39,0.86,0.0,0.0,1.5,1.5,37700.0,G32_58_H1
2024-03-30 00:00:00,28.0,12.0,12.0,5.0,23.0,4.66,2330.0,33.0,60.0,0.87,0.7,31.0,27.9,0.53,1.16,0.0,0.0,1.5,1.5,37700.0,G32_58_H1
2024-03-31 00:00:00,22.0,12.0,13.0,6.0,46.0,5.11,2555.0,59.0,60.0,0.84,0.73,29.2,27.4,0.35,0.55,0.0,0.0,1.5,1.5,37700.0,G32_58_H1
2024-04-01 00:00:00,27.0,17.0,14.0,8.0,126.0,5.34,2670.0,62.0,71.9999999999709,0.85,0.7,30.7,26.7,0.47,1.12,0.0,0.0,1.5,1.5,37700.0,G32_58_H1
2024-04-02 00:00:00,21.0,12.0,15.0,6.0,108.0,5.89,2945.0,4.0,75.99999999998545,0.87,0.78,28.7,27.4,0.5,0.61,0.0,0.0,2.0,2.0,37700.0,G32_58_H1
2024-04-03 00:00:00,17.0,9.0,16.0,5.0,73.0,6.12,3060.0,96.0,40.0,0.86,0.75,27.9,26.2,0.51,0.62,0.0,0.0,2.0,2.0,37700.0,G32_58_H1
2024-04-04 00:00:00,15.0,6.0,17.0,7.0,52.0,6.74,3370.0,140.0,60.0,0.81,0.67,28.0,25.5,0.6,0.6499999999999999,0.0,0.0,2.0,2.0,37700.0,G32_58_H1
2024-04-05 00:00:00,18.0,10.0,18.0,4.0,56.0,7.11,3555.0,170.0,64.00000000001455,0.81,0.66,27.7,24.9,0.54,0.67,0.0,0.0,2.0,2.0,37700.0,G32_58_H1
2024-04-06 00:00:00,18.0,10.0,19.0,3.0,32.0,7.51,3755.0,94.0,52.000000000043656,0.79,0.67,27.0,24.8,0.57,0.61,0.0,0.0,2.0,2.0,37700.0,G32_58_H1
2024-04-07 00:00:00,19.0,12.0,20.0,4.0,33.0,8.0,4000.0,102.0,95.99999999998545,0.83,0.72,27.9,24.3,0.57,0.79,0.0,0.0,2.0,2.0,37700.0,G32_58_H1
2024-04-08 00:00:00,19.0,8.0,21.0,3.0,15.0,8.77,4385.0,58.0,24.000000000014552,0.85,0.75,26.3,24.5,0.6,0.86,0.0,0.0,2.0,2.0,37700.0,G32_58_H1
2024-04-09 00:00:00,22.0,12.0,22.0,2.0,13.0,8.38,4190.0,89.0,95.99999999998545,0.84,0.63,27.0,23.4,0.49,1.28,0.0,0.0,2.0,3.0,37700.0,G32_58_H1
2024-04-10 00:00:00,22.0,13.0,23.0,3.0,19.0,9.45,4725.0,7.0,80.0,0.82,0.56,27.3,23.6,0.58,1.49,0.0,0.0,2.0,3.5,37700.0,G32_58_H1
2024-04-11 00:00:00,23.0,14.0,24.0,4.0,15.0,9.73,4865.0,2.0,64.00000000001455,0.82,0.69,26.1,23.5,0.54,1.29,0.0,0.0,2.0,3.5,37700.0,G32_58_H1
2024-04-12 00:00:00,23.0,15.0,25.0,5.0,13.0,10.45,5225.0,0.0,135.99999999998545,0.84,0.71,26.0,23.2,0.69,1.72,0.0,0.0,2.0,5.0,37700.0,G32_58_H1
2024-04-13 00:00:00,20.0,14.0,26.0,3.0,10.0,10.9,5450.0,1.0,131.9999999999709,0.86,0.76,24.6,22.3,0.81,1.61,0.0,0.0,2.5,5.0,37700.0,G32_58_H1
2024-04-14 00:00:00,21.0,14.0,27.0,4.0,15.0,11.29,5645.0,3.0,160.0,0.85,0.8,24.0,22.3,1.06,1.51,0.0,0.0,3.5,5.0,37700.0,G32_58_H1
2024-04-15 00:00:00,26.0,15.0,28.0,4.0,20.0,11.63,5815.0,5.0,172.00000000004366,0.87,0.7,26.3,21.4,0.86,2.29,0.0,0.0,3.0,8.0,37700.0,G32_58_H1
2024-04-16 00:00:00,26.0,14.0,29.0,3.0,15.0,12.14,6070.0,1.0,235.99999999998545,0.87,0.57,26.3,21.4,1.22,2.44,0.0,0.0,4.5,9.0,37700.0,G32_58_H1
2024-04-17 00:00:00,19.0,11.0,30.0,6.0,16.0,12.47,6235.0,1.0,231.9999999999709,0.75,0.65,22.7,20.8,1.07,1.34,0.0,0.0,4.0,5.0,37700.0,G32_58_H1
2024-04-18 00:00:00,24.0,14.0,31.0,5.0,15.0,13.49,6745.0,61.0,168.0000000000291,0.85,0.5,25.1,19.4,0.63,2.03,0.0,0.0,2.5,8.0,37700.0,G32_58_H1
2024-04-19 00:00:00,22.0,13.0,32.0,9.0,15.0,13.72,6860.0,52.0,224.00000000001455,0.78,0.63,24.0,19.5,0.96,1.68,0.0,0.0,4.0,7.0,37700.0,G32_58_H1
2024-04-20 00:00:00,23.0,14.0,33.0,8.0,11.0,14.1,7050.0,18.0,183.9999999999418,0.89,0.79,22.2,18.5,1.03,1.83,0.0,0.0,4.5,8.0,37700.0,G32_58_H1
2024-04-21 00:00:00,23.0,14.0,34.0,12.0,20.0,14.6,7300.0,27.0,196.0000000000582,0.85,0.69,23.6,19.0,1.09,1.96,0.0,0.0,5.0,9.0,37700.0,G32_58_H1
2024-04-22 00:00:00,24.0,15.0,35.0,19.0,16.0,15.07,7535.0,17.0,300.0,0.86,0.65,25.3,18.4,1.04,2.5,0.0,0.0,5.0,11.0,37700.0,G32_58_H1
2024-04-23 00:00:00,24.0,13.0,36.0,26.0,19.0,14.21,7105.0,0.0,307.99999999995634,0.86,0.62,27.1,19.6,1.39,2.4,0.0,0.0,7.0,12.0,37700.0,G32_58_H1
2024-04-24 00:00:00,26.0,15.0,37.0,43.0,6.0,14.81,7405.0,52.0,312.00000000004366,0.84,0.32,27.4,16.7,1.15,2.48,0.0,0.0,6.0,13.0,37700.0,G32_58_H1
2024-04-25 00:00:00,28.0,16.0,38.0,0.0,0.0,0.0,0.0,0.0,,0.0,0.0,0.0,0.0,0.0,0.0,0.0,0.0,6.0,14.0,37700.0,G32_58_H1
2024-04-26 00:00:00,27.0,16.0,39.0,0.0,0.0,0.0,0.0,0.0,,0.0,0.0,0.0,0.0,0.0,0.0,0.0,0.0,6.0,14.0,37700.0,G32_58_H1
2024-04-27 00:00:00,27.0,16.0,40.0,0.0,0.0,0.0,0.0,0.0,,0.0,0.0,0.0,0.0,0.0,0.0,0.0,0.0,6.0,14.0,37700.0,G32_58_H1
2024-03-19 00:00:00,16.0,4.0,1.0,40.0,0.0,0.78,390.0,554.0,60.0,0.65,0.43,36.0,32.9,0.35,0.35,0.0,0.0,1.0,1.0,37700.0,G32_58_H2
2024-03-20 00:00:00,18.0,8.0,2.0,3.0,5.0,1.01,505.0,201.0,95.99999999998545,0.68,0.56,34.8,32.5,0.39,0.39,0.0,0.0,1.0,1.0,37700.0,G32_58_H2
2024-03-21 00:00:00,24.0,11.0,3.0,9.0,15.0,1.43,715.0,257.0,100.0,0.76,0.62,33.7,31.2,0.3,0.3,0.0,0.0,1.0,1.0,37700.0,G32_58_H2
2024-03-22 00:00:00,26.0,15.0,4.0,12.0,11.0,1.8,900.0,222.0,95.99999999998545,0.82,0.59,33.0,30.3,0.49,0.49,0.0,0.0,1.0,1.0,37700.0,G32_58_H2
2024-03-23 00:00:00,17.0,13.0,5.0,18.0,15.0,2.0,1000.0,140.0,84.00000000001455,0.76,0.71,31.9,29.9,0.4,0.47,0.0,0.0,1.0,1.0,37700.0,G32_58_H2
2024-03-24 00:00:00,15.0,9.0,6.0,13.0,22.0,2.2,1100.0,179.0,120.0,0.81,0.76,31.2,29.4,0.35,0.41,0.0,0.0,1.0,1.0,37700.0,G32_58_H2
2024-03-25 00:00:00,10.0,5.0,7.0,16.0,20.0,2.4,1200.0,116.0,44.00000000001455,0.82,0.75,30.6,28.9,0.35,0.42,0.0,0.0,1.5,1.5,37700.0,G32_58_H2
2024-03-26 00:00:00,16.0,8.0,8.0,29.0,291.0,2.51,1255.0,164.0,135.99999999998545,0.86,0.8,30.6,29.0,0.3,0.36,0.0,0.0,1.5,1.5,37700.0,G32_58_H2
2024-03-27 00:00:00,21.0,10.0,9.0,28.0,27.0,2.27,1135.0,98.0,60.0,0.84,0.76,30.3,29.0,0.31,0.36,0.0,0.0,1.5,1.5,37700.0,G32_58_H2
2024-03-28 00:00:00,21.0,11.0,10.0,4.0,21.0,3.14,1570.0,110.0,75.99999999998545,0.89,0.77,30.0,28.5,0.31,0.36,0.0,0.0,1.5,1.5,37700.0,G32_58_H2
2024-03-29 00:00:00,27.0,13.0,11.0,6.0,55.0,3.32,1660.0,86.0,64.00000000001455,0.85,0.73,31.0,28.1,0.39,0.86,0.0,0.0,1.5,1.5,37700.0,G32_58_H2
2024-03-30 00:00:00,28.0,12.0,12.0,8.0,45.0,4.51,2255.0,33.0,47.999999999956344,0.84,0.66,31.4,27.9,0.53,1.16,0.0,0.0,1.5,1.5,37700.0,G32_58_H2
2024-03-31 00:00:00,22.0,12.0,13.0,9.0,81.0,4.97,2485.0,59.0,72.00000000004366,0.82,0.71,29.2,27.2,0.35,0.55,0.0,0.0,1.5,1.5,37700.0,G32_58_H2
2024-04-01 00:00:00,27.0,17.0,14.0,6.0,118.0,5.35,2675.0,62.0,80.0,0.8,0.66,30.9,26.7,0.47,1.12,0.0,0.0,1.5,1.5,37700.0,G32_58_H2
2024-04-02 00:00:00,21.0,12.0,15.0,7.0,103.0,5.75,2875.0,4.0,80.0,0.84,0.75,29.1,27.5,0.5,0.61,0.0,0.0,2.0,2.0,37700.0,G32_58_H2
2024-04-03 00:00:00,17.0,9.0,16.0,8.0,98.0,6.11,3055.0,97.0,47.999999999956344,0.82,0.71,28.6,26.3,0.51,0.62,0.0,0.0,2.0,2.0,37700.0,G32_58_H2
2024-04-04 00:00:00,15.0,6.0,17.0,8.0,75.0,6.62,3310.0,140.0,56.00000000005821,0.77,0.63,28.2,25.9,0.6,0.6499999999999999,0.0,0.0,2.0,2.0,37700.0,G32_58_H2
2024-04-05 00:00:00,18.0,10.0,18.0,3.0,49.0,7.04,3520.0,170.0,67.99999999995634,0.76,0.59,27.7,25.2,0.54,0.67,0.0,0.0,2.0,2.0,37700.0,G32_58_H2
2024-04-06 00:00:00,18.0,10.0,19.0,4.0,41.0,7.43,3715.0,94.0,92.00000000004366,0.75,0.62,27.0,25.0,0.57,0.61,0.0,0.0,2.0,2.0,37700.0,G32_58_H2
2024-04-07 00:00:00,19.0,12.0,20.0,5.0,26.0,7.91,3955.0,102.0,23.999999999941792,0.79,0.67,28.2,24.4,0.57,0.79,0.0,0.0,2.0,2.0,37700.0,G32_58_H2
2024-04-08 00:00:00,19.0,8.0,21.0,4.0,16.0,8.75,4375.0,58.0,64.00000000001455,0.79,0.7,26.7,24.4,0.6,0.86,0.0,0.0,2.0,2.0,37700.0,G32_58_H2
2024-04-09 00:00:00,22.0,12.0,22.0,3.0,15.0,8.48,4240.0,89.0,72.00000000004366,0.81,0.6,27.4,23.5,0.49,1.28,0.0,0.0,2.0,3.0,37700.0,G32_58_H2
2024-04-10 00:00:00,22.0,13.0,23.0,2.0,16.0,9.68,4840.0,7.0,131.9999999999709,0.78,0.51,27.5,23.8,0.58,1.49,0.0,0.0,2.0,3.5,37700.0,G32_58_H2
2024-04-11 00:00:00,23.0,14.0,24.0,3.0,13.0,9.82,4910.0,2.0,55.99999999998545,0.77,0.66,26.3,23.6,0.54,1.29,0.0,0.0,2.0,3.5,37700.0,G32_58_H2
2024-04-12 00:00:00,23.0,15.0,25.0,4.0,12.0,10.24,5120.0,0.0,124.00000000001455,0.82,0.68,26.3,22.8,0.69,1.72,0.0,0.0,2.0,5.0,37700.0,G32_58_H2
2024-04-13 00:00:00,20.0,14.0,26.0,2.0,11.0,10.84,5420.0,1.0,160.0,0.8,0.72,24.9,22.4,0.81,1.61,0.0,0.0,2.5,5.0,37700.0,G32_58_H2
2024-04-14 00:00:00,21.0,14.0,27.0,7.0,31.0,11.03,5515.0,3.0,168.0000000000291,0.8,0.74,23.9,22.3,1.06,1.51,0.0,0.0,3.5,5.0,37700.0,G32_58_H2
2024-04-15 00:00:00,26.0,15.0,28.0,8.0,14.0,11.38,5690.0,5.0,175.99999999998545,0.82,0.66,26.4,21.5,0.86,2.29,0.0,0.0,3.0,8.0,37700.0,G32_58_H2
2024-04-16 00:00:00,26.0,14.0,29.0,6.0,19.0,11.92,5960.0,1.0,240.0,0.83,0.53,26.5,21.5,1.22,2.44,0.0,0.0,4.5,9.0,37700.0,G32_58_H2
2024-04-17 00:00:00,19.0,11.0,30.0,9.0,23.0,12.5,6250.0,2.0,231.9999999999709,0.73,0.6,22.8,21.1,1.07,1.34,0.0,0.0,4.0,5.0,37700.0,G32_58_H2
2024-04-18 00:00:00,24.0,14.0,31.0,13.0,23.0,12.6,6300.0,61.0,160.0,0.8,0.48,25.4,19.9,0.51,2.03,0.0,0.0,2.0,8.0,37700.0,G32_58_H2
2024-04-19 00:00:00,22.0,13.0,32.0,18.0,13.0,12.67,6335.0,52.0,224.00000000001455,0.75,0.61,24.0,20.1,0.96,1.68,0.0,0.0,4.0,7.0,37700.0,G32_58_H2
2024-04-20 00:00:00,23.0,14.0,33.0,28.0,15.0,13.12,6560.0,18.0,180.0,0.84,0.74,22.6,19.1,0.91,1.83,0.0,0.0,4.0,8.0,37700.0,G32_58_H2
2024-04-21 00:00:00,23.0,14.0,34.0,26.0,24.0,14.14,7070.0,27.0,228.0000000000291,0.81,0.65,23.5,18.9,1.09,1.74,0.0,0.0,5.0,8.0,37700.0,G32_58_H2
2024-04-22 00:00:00,24.0,15.0,35.0,33.0,20.0,14.29,7145.0,17.0,255.99999999998545,0.82,0.61,25.5,18.5,1.04,2.5,0.0,0.0,5.0,11.0,37700.0,G32_58_H2
2024-04-23 00:00:00,24.0,13.0,36.0,52.0,36.0,14.41,7205.0,0.0,287.99999999995634,0.82,0.6,27.1,19.6,1.39,2.4,0.0,0.0,7.0,12.0,37700.0,G32_58_H2
2024-04-24 00:00:00,26.0,15.0,37.0,55.0,15.0,14.3,7150.0,52.0,312.00000000004366,0.81,0.32,27.0,16.5,1.15,2.48,0.0,0.0,6.0,13.0,37700.0,G32_58_H2
2024-04-25 00:00:00,28.0,16.0,38.0,0.0,0.0,0.0,0.0,0.0,,0.0,0.0,0.0,0.0,0.0,0.0,0.0,0.0,6.0,14.0,37700.0,G32_58_H2
2024-04-26 00:00:00,27.0,16.0,39.0,0.0,0.0,0.0,0.0,0.0,,0.0,0.0,0.0,0.0,0.0,0.0,0.0,0.0,6.0,14.0,37700.0,G32_58_H2
2024-04-27 00:00:00,27.0,16.0,40.0,0.0,0.0,0.0,0.0,0.0,,0.0,0.0,0.0,0.0,0.0,0.0,0.0,0.0,6.0,14.0,37700.0,G32_58_H2
2024-03-19 00:00:00,16.0,4.0,0.0,0.0,0.0,0.0,0.0,0.0,,0.0,0.0,0.0,0.0,0.0,0.0,0.0,0.0,0.0,0.0,38200.0,G32_58_H3
2024-03-20 00:00:00,18.0,8.0,1.0,32.0,0.0,0.78,390.0,758.0,60.0,0.57,0.52,35.0,32.9,0.35,0.35,0.0,0.0,1.0,1.0,38200.0,G32_58_H3
2024-03-21 00:00:00,24.0,11.0,2.0,43.0,0.0,1.01,505.0,257.0,84.00000000001455,0.69,0.63,34.0,31.9,0.39,0.39,0.0,0.0,1.0,1.0,38200.0,G32_58_H3
2024-03-22 00:00:00,26.0,15.0,3.0,31.0,8.0,1.5,750.0,223.0,88.0000000000291,0.7,0.66,33.2,31.3,0.6,0.6,0.0,0.0,1.0,1.0,38200.0,G32_58_H3
2024-03-23 00:00:00,17.0,13.0,4.0,20.0,6.0,1.8,900.0,140.0,80.0,0.77,0.71,32.1,30.3,0.4,0.49,0.0,0.0,1.0,1.0,38200.0,G32_58_H3
2024-03-24 00:00:00,15.0,9.0,5.0,20.0,7.0,1.9,950.0,179.0,83.99999999994179,0.77,0.59,31.6,29.7,0.38,0.45,0.0,0.0,1.0,1.0,38200.0,G32_58_H3
2024-03-25 00:00:00,10.0,5.0,6.0,21.0,8.0,2.2,1100.0,116.0,80.0,0.8,0.72,31.1,29.1,0.45,0.5,0.0,0.0,1.0,1.0,38200.0,G32_58_H3
2024-03-26 00:00:00,16.0,8.0,7.0,18.0,23.0,2.4,1200.0,164.0,88.0000000000291,0.85,0.79,30.4,28.7,0.35,0.42,0.0,0.0,1.5,1.5,38200.0,G32_58_H3
2024-03-27 00:00:00,21.0,10.0,8.0,30.0,252.0,2.51,1255.0,98.0,75.99999999998545,0.81,0.79,29.9,28.5,0.35,0.41,0.0,0.0,1.5,1.5,38200.0,G32_58_H3
2024-03-28 00:00:00,21.0,11.0,9.0,11.0,12.0,2.29,1145.0,110.0,72.00000000004366,0.86,0.74,30.1,28.9,0.36,0.41,0.0,0.0,1.5,1.5,38200.0,G32_58_H3
2024-03-29 00:00:00,27.0,13.0,10.0,9.0,33.0,2.59,1295.0,86.0,55.99999999998545,0.82,0.71,31.0,28.3,0.44,0.97,0.0,0.0,1.5,1.5,38200.0,G32_58_H3
2024-03-30 00:00:00,28.0,12.0,11.0,11.0,30.0,4.1,2050.0,33.0,67.99999999995634,0.83,0.64,31.4,27.9,0.59,1.36,0.0,0.0,1.5,1.5,38200.0,G32_58_H3
2024-03-31 00:00:00,22.0,12.0,12.0,8.0,32.0,4.7,2350.0,59.0,76.00000000005821,0.81,0.71,29.3,27.1,0.4,0.56,0.0,0.0,1.5,1.5,38200.0,G32_58_H3
2024-04-01 00:00:00,27.0,17.0,13.0,6.0,44.0,5.04,2520.0,62.0,71.9999999999709,0.8,0.64,31.3,26.7,0.52,1.25,0.0,0.0,1.5,1.5,38200.0,G32_58_H3
2024-04-02 00:00:00,21.0,12.0,14.0,5.0,33.0,5.64,2820.0,4.0,71.9999999999709,0.82,0.73,28.9,27.7,0.57,0.62,0.0,0.0,1.5,1.5,38200.0,G32_58_H3
2024-04-03 00:00:00,17.0,9.0,15.0,7.0,22.0,5.88,2940.0,97.0,52.000000000043656,0.81,0.69,28.4,26.3,0.5,0.6,0.0,0.0,2.0,2.0,38200.0,G32_58_H3
2024-04-04 00:00:00,15.0,6.0,16.0,6.0,24.0,6.33,3165.0,140.0,51.999999999970896,0.75,0.62,27.9,26.1,0.57,0.62,0.0,0.0,2.0,2.0,38200.0,G32_58_H3
2024-04-05 00:00:00,18.0,10.0,17.0,5.0,19.0,6.99,3495.0,170.0,55.99999999998545,0.79,0.58,28.0,25.4,0.53,0.66,0.0,0.0,2.0,2.0,38200.0,G32_58_H3
2024-04-06 00:00:00,18.0,10.0,18.0,8.0,24.0,7.6,3800.0,94.0,52.000000000043656,0.7,0.61,27.0,25.1,0.56,0.6,0.0,0.0,2.0,2.0,38200.0,G32_58_H3
2024-04-07 00:00:00,19.0,12.0,19.0,5.0,29.0,7.74,3870.0,102.0,60.0,0.76,0.67,28.2,24.5,0.58,0.8,0.0,0.0,2.0,2.0,38200.0,G32_58_H3
2024-04-08 00:00:00,19.0,8.0,20.0,6.0,29.0,8.28,4140.0,58.0,60.0,0.78,0.67,26.5,24.6,0.6,0.83,0.0,0.0,2.0,2.0,38200.0,G32_58_H3
2024-04-09 00:00:00,22.0,12.0,21.0,5.0,22.0,9.07,4535.0,89.0,67.99999999995634,0.78,0.6,27.6,23.7,0.52,1.37,0.0,0.0,2.0,3.0,38200.0,G32_58_H3
2024-04-10 00:00:00,22.0,13.0,22.0,4.0,14.0,10.36,5180.0,7.0,80.0,0.77,0.51,27.8,24.0,0.58,1.47,0.0,0.0,2.0,3.5,38200.0,G32_58_H3
2024-04-11 00:00:00,23.0,14.0,23.0,3.0,11.0,10.23,5115.0,2.0,92.00000000004366,0.75,0.62,26.4,23.9,0.58,1.38,0.0,0.0,2.0,3.5,38200.0,G32_58_H3
2024-04-12 00:00:00,23.0,15.0,24.0,4.0,11.0,10.75,5375.0,0.0,127.99999999995634,0.8,0.66,26.2,23.5,0.73,1.83,0.0,0.0,2.0,5.0,38200.0,G32_58_H3
2024-04-13 00:00:00,20.0,14.0,25.0,2.0,10.0,10.9,5450.0,2.0,144.00000000001455,0.8,0.7,24.8,22.7,0.85,1.7,0.0,0.0,2.5,5.0,38200.0,G32_58_H3
2024-04-14 00:00:00,21.0,14.0,26.0,3.0,8.0,11.08,5540.0,3.0,160.0,0.8,0.73,24.2,22.6,1.12,1.6,0.0,0.0,3.5,5.0,38200.0,G32_58_H3
2024-04-15 00:00:00,26.0,15.0,27.0,4.0,8.0,11.64,5820.0,5.0,160.0,0.82,0.67,26.4,21.7,0.9,2.39,0.0,0.0,3.0,8.0,38200.0,G32_58_H3
2024-04-16 00:00:00,26.0,14.0,28.0,3.0,19.0,12.32,6160.0,1.0,235.99999999998545,0.82,0.52,26.5,21.6,1.28,2.55,0.0,0.0,4.5,9.0,38200.0,G32_58_H3
2024-04-17 00:00:00,19.0,11.0,29.0,5.0,17.0,12.59,6295.0,2.0,232.00000000004366,0.69,0.6,22.9,21.1,1.24,1.38,0.0,0.0,4.5,5.0,38200.0,G32_58_H3
2024-04-18 00:00:00,24.0,14.0,30.0,7.0,17.0,13.41,6705.0,61.0,167.99999999995634,0.8,0.47,25.6,19.7,0.65,2.09,0.0,0.0,2.5,8.0,38200.0,G32_58_H3
2024-04-19 00:00:00,22.0,13.0,31.0,2.0,5.0,12.94,6470.0,52.0,232.00000000004366,0.74,0.58,24.3,19.9,1.11,1.73,0.0,0.0,4.5,7.0,38200.0,G32_58_H3
2024-04-20 00:00:00,23.0,14.0,32.0,10.0,7.0,14.08,7040.0,18.0,187.99999999995634,0.82,0.7,22.4,19.1,1.05,1.88,0.0,0.0,4.5,8.0,38200.0,G32_58_H3
2024-04-21 00:00:00,23.0,14.0,33.0,25.0,7.0,13.91,6955.0,27.0,228.0000000000291,0.8,0.64,23.4,19.5,1.11,1.78,0.0,0.0,5.0,8.0,38200.0,G32_58_H3
2024-04-22 00:00:00,24.0,15.0,34.0,20.0,3.0,14.05,7025.0,18.0,235.99999999998545,0.82,0.61,25.4,18.9,1.07,2.55,0.0,0.0,5.0,11.0,38200.0,G32_58_H3
2024-04-23 00:00:00,24.0,13.0,35.0,30.0,46.0,13.8,6900.0,0.0,295.99999999998545,0.8,0.61,27.2,19.9,1.42,2.63,0.0,0.0,7.0,13.0,38200.0,G32_58_H3
2024-04-24 00:00:00,26.0,15.0,36.0,22.0,20.0,13.04,6520.0,52.0,288.0000000000291,0.79,0.31,27.5,16.8,1.16,2.71,0.0,0.0,6.0,14.0,38200.0,G32_58_H3
2024-04-25 00:00:00,28.0,16.0,37.0,15.0,11.0,14.29,7145.0,21.0,220.0,0.81,0.35,27.3,17.1,1.12,2.6,0.0,0.0,6.0,14.0,38200.0,G32_58_H3
2024-04-26 00:00:00,27.0,16.0,38.0,0.0,0.0,0.0,0.0,0.0,,0.0,0.0,0.0,0.0,0.0,0.0,0.0,0.0,0.0,14.0,38200.0,G32_58_H3
2024-04-27 00:00:00,27.0,16.0,39.0,0.0,0.0,0.0,0.0,0.0,,0.0,0.0,0.0,0.0,0.0,0.0,0.0,0.0,0.0,14.0,38200.0,G32_58_H3
2024-03-19 00:00:00,16.0,4.0,0.0,0.0,0.0,0.0,0.0,0.0,,0.0,0.0,0.0,0.0,0.0,0.0,0.0,0.0,0.0,0.0,38100.0,G32_58_H4
2024-03-20 00:00:00,18.0,8.0,1.0,43.0,0.0,0.78,390.0,758.0,60.0,0.64,0.45,35.2,33.0,0.35,0.35,0.0,0.0,1.0,1.0,38100.0,G32_58_H4
2024-03-21 00:00:00,24.0,11.0,2.0,52.0,0.0,1.01,505.0,257.0,80.0,0.68,0.58,35.1,32.1,0.39,0.39,0.0,0.0,1.0,1.0,38100.0,G32_58_H4
2024-03-22 00:00:00,26.0,15.0,3.0,38.0,7.0,1.51,755.0,223.0,75.99999999998545,0.74,0.62,33.2,31.0,0.6,0.6,0.0,0.0,1.0,1.0,38100.0,G32_58_H4
2024-03-23 00:00:00,17.0,13.0,4.0,23.0,4.0,1.8,900.0,140.0,71.9999999999709,0.74,0.7,32.0,30.5,0.4,0.49,0.0,0.0,1.0,1.0,38100.0,G32_58_H4
2024-03-24 00:00:00,15.0,9.0,5.0,21.0,9.0,1.9,950.0,179.0,75.99999999998545,0.78,0.74,31.6,29.8,0.38,0.45,0.0,0.0,1.0,1.0,38100.0,G32_58_H4
2024-03-25 00:00:00,10.0,5.0,6.0,20.0,6.0,2.2,1100.0,116.0,72.00000000004366,0.8,0.74,31.0,29.3,0.45,0.5,0.0,0.0,1.0,1.0,38100.0,G32_58_H4
2024-03-26 00:00:00,16.0,8.0,7.0,22.0,11.0,2.4,1200.0,164.0,75.99999999998545,0.81,0.76,30.6,28.5,0.35,0.42,0.0,0.0,1.5,1.5,38100.0,G32_58_H4
2024-03-27 00:00:00,21.0,10.0,8.0,35.0,258.0,2.81,1405.0,99.0,68.0000000000291,0.82,0.78,30.0,28.6,0.35,0.41,0.0,0.0,1.5,1.5,38100.0,G32_58_H4
2024-03-28 00:00:00,21.0,11.0,9.0,10.0,14.0,2.67,1335.0,110.0,63.99999999994179,0.84,0.74,30.4,28.8,0.36,0.41,0.0,0.0,1.5,1.5,38100.0,G32_58_H4
2024-03-29 00:00:00,27.0,13.0,10.0,11.0,33.0,2.97,1485.0,86.0,56.00000000005821,0.81,0.7,30.9,28.3,0.44,0.97,0.0,0.0,1.5,1.5,38100.0,G32_58_H4
2024-03-30 00:00:00,28.0,12.0,11.0,13.0,27.0,4.49,2245.0,33.0,63.99999999994179,0.82,0.61,31.4,28.5,0.59,1.36,0.0,0.0,1.5,1.5,38100.0,G32_58_H4
2024-03-31 00:00:00,22.0,12.0,12.0,11.0,34.0,5.37,2685.0,59.0,72.00000000004366,0.8,0.69,29.4,27.4,0.4,0.56,0.0,0.0,1.5,1.5,38100.0,G32_58_H4
2024-04-01 00:00:00,27.0,17.0,13.0,9.0,43.0,5.39,2695.0,62.0,67.99999999995634,0.78,0.62,30.9,26.9,0.52,1.25,0.0,0.0,1.5,1.5,38100.0,G32_58_H4
2024-04-02 00:00:00,21.0,12.0,14.0,7.0,52.0,5.72,2860.0,4.0,72.00000000004366,0.81,0.71,29.9,27.5,0.57,0.62,0.0,0.0,1.5,1.5,38100.0,G32_58_H4
2024-04-03 00:00:00,17.0,9.0,15.0,5.0,29.0,6.0,3000.0,97.0,51.999999999970896,0.8,0.68,29.1,26.5,0.5,0.6,0.0,0.0,2.0,2.0,38100.0,G32_58_H4
2024-04-04 00:00:00,15.0,6.0,16.0,7.0,33.0,6.3,3150.0,140.0,48.000000000029104,0.75,0.63,28.1,25.9,0.57,0.62,0.0,0.0,2.0,2.0,38100.0,G32_58_H4
2024-04-05 00:00:00,18.0,10.0,17.0,7.0,27.0,7.11,3555.0,170.0,60.0,0.72,0.59,28.1,25.5,0.53,0.66,0.0,0.0,2.0,2.0,38100.0,G32_58_H4
2024-04-06 00:00:00,18.0,10.0,18.0,6.0,38.0,7.57,3785.0,94.0,51.999999999970896,0.69,0.62,27.0,25.3,0.56,0.6,0.0,0.0,2.0,2.0,38100.0,G32_58_H4
2024-04-07 00:00:00,19.0,12.0,19.0,5.0,30.0,7.81,3905.0,102.0,60.0,0.75,0.66,28.4,24.6,0.58,0.8,0.0,0.0,2.0,2.0,38100.0,G32_58_H4
2024-04-08 00:00:00,19.0,8.0,20.0,4.0,29.0,8.27,4135.0,58.0,60.0,0.76,0.68,26.9,25.0,0.6,0.83,0.0,0.0,2.0,2.0,38100.0,G32_58_H4
2024-04-09 00:00:00,22.0,12.0,21.0,6.0,23.0,8.83,4415.0,89.0,72.00000000004366,0.76,0.55,28.1,24.0,0.52,1.15,0.0,0.0,2.0,3.0,38100.0,G32_58_H4
2024-04-10 00:00:00,22.0,13.0,22.0,3.0,14.0,10.09,5045.0,7.0,80.0,0.74,0.5,27.9,24.3,0.58,1.47,0.0,0.0,2.0,3.5,38100.0,G32_58_H4
2024-04-11 00:00:00,23.0,14.0,23.0,4.0,10.0,10.22,5110.0,2.0,91.9999999999709,0.74,0.63,26.8,24.1,0.58,1.38,0.0,0.0,2.0,3.5,38100.0,G32_58_H4
2024-04-12 00:00:00,23.0,15.0,24.0,3.0,9.0,10.37,5185.0,0.0,131.9999999999709,0.79,0.65,26.5,23.9,0.73,1.83,0.0,0.0,2.0,5.0,38100.0,G32_58_H4
2024-04-13 00:00:00,20.0,14.0,25.0,3.0,13.0,10.99,5495.0,2.0,144.00000000001455,0.79,0.69,25.0,22.9,0.85,1.7,0.0,0.0,2.5,5.0,38100.0,G32_58_H4
2024-04-14 00:00:00,21.0,14.0,26.0,2.0,7.0,11.58,5790.0,4.0,160.0,0.79,0.74,24.1,22.6,1.12,1.6,0.0,0.0,3.5,5.0,38100.0,G32_58_H4
2024-04-15 00:00:00,26.0,15.0,27.0,4.0,11.0,12.16,6080.0,5.0,164.00000000001455,0.82,0.64,26.8,21.6,0.9,2.39,0.0,0.0,3.0,8.0,38100.0,G32_58_H4
2024-04-16 00:00:00,26.0,14.0,28.0,6.0,28.0,12.33,6165.0,1.0,240.0,0.83,0.5,26.7,21.8,1.28,2.55,0.0,0.0,4.5,9.0,38100.0,G32_58_H4
2024-04-17 00:00:00,19.0,11.0,29.0,8.0,26.0,12.75,6375.0,2.0,231.9999999999709,0.68,0.6,22.9,20.9,1.24,1.38,0.0,0.0,4.5,5.0,38100.0,G32_58_H4
2024-04-18 00:00:00,24.0,14.0,30.0,13.0,19.0,12.63,6315.0,61.0,168.0000000000291,0.79,0.46,26.0,19.9,0.65,2.09,0.0,0.0,2.5,8.0,38100.0,G32_58_H4
2024-04-19 00:00:00,22.0,13.0,31.0,22.0,7.0,13.11,6555.0,52.0,191.9999999999709,0.71,0.57,24.5,20.0,0.99,1.73,0.0,0.0,4.0,7.0,38100.0,G32_58_H4
2024-04-20 00:00:00,23.0,14.0,32.0,31.0,14.0,12.85,6425.0,18.0,232.00000000004366,0.81,0.73,22.6,19.2,1.06,1.88,0.0,0.0,4.5,8.0,38100.0,G32_58_H4
2024-04-21 00:00:00,23.0,14.0,33.0,35.0,9.0,12.9,6450.0,27.0,224.00000000001455,0.79,0.63,23.6,19.4,1.12,1.79,0.0,0.0,5.0,8.0,38100.0,G32_58_H4
2024-04-22 00:00:00,24.0,15.0,34.0,55.0,8.0,13.61,6805.0,18.0,231.9999999999709,0.81,0.59,25.7,18.9,1.07,2.55,0.0,0.0,5.0,11.0,38100.0,G32_58_H4
2024-04-23 00:00:00,24.0,13.0,35.0,78.0,66.0,13.38,6690.0,0.0,300.0,0.81,0.59,27.7,19.8,1.42,2.63,0.0,0.0,7.0,13.0,38100.0,G32_58_H4
2024-04-24 00:00:00,26.0,15.0,36.0,45.0,15.0,13.2,6600.0,52.0,288.0000000000291,0.79,0.32,27.6,16.7,1.17,2.73,0.0,0.0,6.0,14.0,38100.0,G32_58_H4
2024-04-25 00:00:00,28.0,16.0,37.0,30.0,9.0,14.26,7130.0,21.0,335.99999999998545,0.83,0.48,28.0,17.0,1.12,2.62,0.0,0.0,6.0,14.0,38100.0,G32_58_H4
2024-04-26 00:00:00,27.0,16.0,38.0,0.0,0.0,0.0,0.0,0.0,,0.0,0.0,0.0,0.0,0.0,0.0,0.0,0.0,0.0,14.0,38100.0,G32_58_H4
2024-04-27 00:00:00,27.0,16.0,39.0,0.0,0.0,0.0,0.0,0.0,,0.0,0.0,0.0,0.0,0.0,0.0,0.0,0.0,0.0,14.0,38100.0,G32_58_H4
2024-03-19 00:00:00,16.0,4.0,,,,,,,,,,,,,,,,,,39100.0,G32_58_H5
2024-03-20 00:00:00,18.0,8.0,0.0,0.0,0.0,0.0,0.0,0.0,,0.0,0.0,0.0,0.0,0.0,0.0,0.0,0.0,0.0,0.0,39100.0,G32_58_H5
2024-03-21 00:00:00,24.0,11.0,1.0,34.0,0.0,0.78,390.0,632.0,60.0,0.72,0.52,35.1,33.0,0.35,0.35,0.0,0.0,1.0,1.0,39100.0,G32_58_H5
2024-03-22 00:00:00,26.0,15.0,2.0,18.0,11.0,1.01,505.0,223.0,47.999999999992724,0.76,0.56,34.6,31.7,0.63,0.63,0.0,0.0,1.0,1.0,39100.0,G32_58_H5
2024-03-23 00:00:00,17.0,13.0,3.0,31.0,25.0,1.5,750.0,140.0,40.0,0.7,0.63,32.9,31.1,0.39,0.49,0.0,0.0,1.0,1.0,39100.0,G32_58_H5
2024-03-24 00:00:00,15.0,9.0,4.0,23.0,26.0,1.6,800.0,179.0,44.00000000001455,0.79,0.71,32.2,30.3,0.48,0.56,0.0,0.0,1.0,1.0,39100.0,G32_58_H5
2024-03-25 00:00:00,10.0,5.0,5.0,13.0,14.0,1.98,990.0,116.0,35.99999999998545,0.84,0.77,31.5,29.8,0.39,0.45,0.0,0.0,1.0,1.0,39100.0,G32_58_H5
2024-03-26 00:00:00,16.0,8.0,6.0,14.0,30.0,2.19,1095.0,164.0,76.00000000002183,0.84,0.79,31.1,29.5,0.38,0.43,0.0,0.0,1.0,1.0,39100.0,G32_58_H5
2024-03-27 00:00:00,21.0,10.0,7.0,11.0,24.0,2.4,1200.0,99.0,63.99999999997817,0.8,0.77,30.8,28.8,0.31,0.37,0.0,0.0,1.5,1.5,39100.0,G32_58_H5
2024-03-28 00:00:00,21.0,11.0,8.0,32.0,263.0,2.76,1380.0,110.0,64.00000000001455,0.84,0.73,30.3,29.0,0.32,0.38,0.0,0.0,1.5,1.5,39100.0,G32_58_H5
2024-03-29 00:00:00,27.0,13.0,9.0,27.0,72.0,3.25,1625.0,86.0,43.99999999997817,0.84,0.72,31.7,28.9,0.35,0.79,0.0,0.0,1.5,1.5,39100.0,G32_58_H5
2024-03-30 00:00:00,28.0,12.0,10.0,8.0,101.0,3.88,1940.0,33.0,60.0,0.84,0.72,31.3,28.9,0.43,1.21,0.0,0.0,1.5,1.5,39100.0,G32_58_H5
2024-03-31 00:00:00,22.0,12.0,11.0,5.0,136.0,4.23,2115.0,59.0,64.00000000001455,0.84,0.75,30.2,28.0,0.33,0.44,0.0,0.0,1.5,1.5,39100.0,G32_58_H5
2024-04-01 00:00:00,27.0,17.0,12.0,8.0,85.0,4.88,2440.0,62.0,40.0,0.85,0.68,30.3,27.4,0.45,1.1,0.0,0.0,1.5,1.5,39100.0,G32_58_H5
2024-04-02 00:00:00,21.0,12.0,13.0,4.0,77.0,5.25,2625.0,5.0,24.000000000014552,0.85,0.76,29.5,27.9,0.52,0.57,0.0,0.0,1.5,1.5,39100.0,G32_58_H5
2024-04-03 00:00:00,17.0,9.0,14.0,9.0,156.0,5.3,2650.0,97.0,15.999999999985448,0.85,0.71,28.7,26.8,0.51,0.61,0.0,0.0,1.5,1.5,39100.0,G32_58_H5
2024-04-04 00:00:00,15.0,6.0,15.0,7.0,86.0,5.89,2945.0,140.0,52.000000000007276,0.8,0.67,28.5,26.5,0.63,0.69,0.0,0.0,2.0,2.0,39100.0,G32_58_H5
2024-04-05 00:00:00,18.0,10.0,16.0,4.0,80.0,6.43,3215.0,170.0,40.0,0.8,0.64,27.7,25.5,0.56,0.71,0.0,0.0,2.0,2.0,39100.0,G32_58_H5
2024-04-06 00:00:00,18.0,10.0,17.0,4.0,87.0,6.5,3250.0,94.0,32.000000000007276,0.76,0.63,27.3,25.2,0.61,0.65,0.0,0.0,2.0,2.0,39100.0,G32_58_H5
2024-04-07 00:00:00,19.0,12.0,18.0,6.0,59.0,7.44,3720.0,102.0,35.99999999998545,0.83,0.68,27.3,24.7,0.63,0.8,0.0,0.0,2.0,2.0,39100.0,G32_58_H5
2024-04-08 00:00:00,19.0,8.0,19.0,3.0,30.0,8.0,4000.0,58.0,35.99999999998545,0.82,0.71,26.6,24.7,0.6,0.84,0.0,0.0,2.0,2.0,39100.0,G32_58_H5
2024-04-09 00:00:00,22.0,12.0,20.0,4.0,23.0,8.31,4155.0,89.0,48.000000000029104,0.84,0.63,27.5,23.6,0.51,1.13,0.0,0.0,2.0,3.0,39100.0,G32_58_H5
2024-04-10 00:00:00,22.0,13.0,21.0,5.0,31.0,9.0,4500.0,7.0,43.99999999997817,0.79,0.55,27.6,24.4,0.57,1.24,0.0,0.0,2.0,3.0,39100.0,G32_58_H5
2024-04-11 00:00:00,23.0,14.0,22.0,8.0,23.0,9.63,4815.0,2.0,52.000000000007276,0.79,0.67,26.8,24.3,0.56,1.35,0.0,0.0,2.0,3.5,39100.0,G32_58_H5
2024-04-12 00:00:00,23.0,15.0,23.0,3.0,18.0,9.67,4835.0,0.0,80.0,0.83,0.69,26.7,24.0,0.72,1.8,0.0,0.0,2.0,5.0,39100.0,G32_58_H5
2024-04-13 00:00:00,20.0,14.0,24.0,7.0,22.0,10.44,5220.0,2.0,84.00000000001455,0.83,0.73,25.1,23.0,0.67,1.68,0.0,0.0,2.0,5.0,39100.0,G32_58_H5
2024-04-14 00:00:00,21.0,14.0,25.0,4.0,8.0,10.89,5445.0,4.0,95.99999999998545,0.83,0.77,25.3,22.9,0.93,1.56,0.0,0.0,3.0,5.0,39100.0,G32_58_H5
2024-04-15 00:00:00,26.0,15.0,26.0,8.0,27.0,11.53,5765.0,5.0,95.99999999998545,0.85,0.66,26.7,21.9,0.73,2.33,0.0,0.0,2.5,8.0,39100.0,G32_58_H5
2024-04-16 00:00:00,26.0,14.0,27.0,5.0,46.0,11.89,5945.0,1.0,152.00000000000728,0.85,0.53,27.0,22.0,1.26,2.5,0.0,0.0,4.5,9.0,39100.0,G32_58_H5
2024-04-17 00:00:00,19.0,11.0,28.0,7.0,52.0,12.27,6135.0,2.0,144.00000000001455,0.71,0.62,23.0,21.2,1.23,1.38,0.0,0.0,4.5,5.0,39100.0,G32_58_H5
2024-04-18 00:00:00,24.0,14.0,29.0,4.0,33.0,12.15,6075.0,61.0,103.99999999997817,0.83,0.49,26.1,20.2,0.65,2.08,0.0,0.0,2.5,8.0,39100.0,G32_58_H5
2024-04-19 00:00:00,22.0,13.0,30.0,6.0,25.0,13.15,6575.0,52.0,148.0000000000291,0.75,0.6,24.5,20.4,0.98,1.72,0.0,0.0,4.0,7.0,39100.0,G32_58_H5
2024-04-20 00:00:00,23.0,14.0,31.0,11.0,114.0,13.0,6500.0,18.0,115.99999999998545,0.85,0.76,22.9,19.7,0.93,1.88,0.0,0.0,4.0,8.0,39100.0,G32_58_H5
2024-04-21 00:00:00,23.0,14.0,32.0,14.0,44.0,13.41,6705.0,27.0,140.0,0.83,0.66,24.0,19.9,1.11,1.78,0.0,0.0,5.0,8.0,39100.0,G32_58_H5
2024-04-22 00:00:00,24.0,15.0,33.0,35.0,31.0,13.69,6845.0,18.0,147.99999999999272,0.84,0.61,25.9,19.5,1.07,2.54,0.0,0.0,5.0,11.0,39100.0,G32_58_H5
2024-04-23 00:00:00,24.0,13.0,34.0,58.0,94.0,12.92,6460.0,0.0,176.00000000002183,0.83,0.61,27.0,20.4,1.22,2.44,0.0,0.0,6.0,11.0,39100.0,G32_58_H5
2024-04-24 00:00:00,26.0,15.0,35.0,87.0,62.0,12.94,6470.0,52.0,167.99999999999272,0.82,0.31,27.1,17.6,1.16,2.32,0.0,0.0,6.0,12.0,39100.0,G32_58_H5
2024-04-25 00:00:00,28.0,16.0,36.0,79.0,16.0,13.23,6615.0,21.0,200.0,0.85,0.48,27.9,17.8,1.11,2.6,0.0,0.0,6.0,14.0,39100.0,G32_58_H5
2024-04-26 00:00:00,27.0,16.0,37.0,116.0,7.0,14.07,7035.0,0.0,255.99999999998545,0.77,0.59,27.0,19.4,1.43,2.5,0.0,0.0,8.0,14.0,39100.0,G32_58_H5
2024-04-27 00:00:00,27.0,16.0,38.0,0.0,0.0,14.07,7035.0,0.0,,0.0,0.0,0.0,0.0,0.0,0.0,0.0,0.0,8.0,14.0,39100.0,G32_58_H5
2024-03-19 00:00:00,16.0,4.0,,,,,,,,,,,,,,,,,,38800.0,G32_58_H6
2024-03-20 00:00:00,18.0,8.0,0.0,0.0,0.0,0.0,0.0,0.0,,0.0,0.0,0.0,0.0,0.0,0.0,0.0,0.0,0.0,0.0,38800.0,G32_58_H6
2024-03-21 00:00:00,24.0,11.0,1.0,25.0,0.0,0.78,390.0,632.0,60.0,0.71,0.45,34.8,32.7,0.35,0.35,0.0,0.0,1.0,1.0,38800.0,G32_58_H6
2024-03-22 00:00:00,26.0,15.0,2.0,24.0,8.0,1.0,500.0,223.0,87.99999999995634,0.72,0.64,34.0,31.7,0.63,0.63,0.0,0.0,1.0,1.0,38800.0,G32_58_H6
2024-03-23 00:00:00,17.0,13.0,3.0,34.0,13.0,1.5,750.0,140.0,84.00000000001455,0.7,0.65,33.2,30.9,0.39,0.49,0.0,0.0,1.0,1.0,38800.0,G32_58_H6
2024-03-24 00:00:00,15.0,9.0,4.0,28.0,15.0,1.6,800.0,180.0,88.0000000000291,0.78,0.7,32.7,30.2,0.48,0.56,0.0,0.0,1.0,1.0,38800.0,G32_58_H6
2024-03-25 00:00:00,10.0,5.0,5.0,11.0,28.0,1.98,990.0,116.0,75.99999999998545,0.78,0.74,32.0,29.8,0.39,0.45,0.0,0.0,1.0,1.0,38800.0,G32_58_H6
2024-03-26 00:00:00,16.0,8.0,6.0,8.0,15.0,2.19,1095.0,164.0,80.0,0.79,0.74,31.4,29.2,0.43,0.49,0.0,0.0,1.0,1.0,38800.0,G32_58_H6
2024-03-27 00:00:00,21.0,10.0,7.0,15.0,32.0,2.49,1245.0,99.0,84.00000000001455,0.81,0.76,30.9,28.8,0.31,0.37,0.0,0.0,1.5,1.5,38800.0,G32_58_H6
2024-03-28 00:00:00,21.0,11.0,8.0,23.0,225.0,2.93,1465.0,110.0,100.0,0.82,0.79,30.3,28.8,0.32,0.38,0.0,0.0,1.5,1.5,38800.0,G32_58_H6
2024-03-29 00:00:00,27.0,13.0,9.0,21.0,38.0,3.3,1650.0,86.0,40.0,0.8,0.77,31.1,28.7,0.35,0.8,0.0,0.0,1.5,1.5,38800.0,G32_58_H6
2024-03-30 00:00:00,28.0,12.0,10.0,12.0,135.0,3.93,1965.0,33.0,71.9999999999709,0.81,0.78,31.5,28.8,0.43,1.21,0.0,0.0,1.5,1.5,38800.0,G32_58_H6
2024-03-31 00:00:00,22.0,12.0,11.0,9.0,199.0,4.41,2205.0,59.0,76.00000000005821,0.82,0.79,29.8,28.0,0.33,0.44,0.0,0.0,1.5,1.5,38800.0,G32_58_H6
2024-04-01 00:00:00,27.0,17.0,12.0,11.0,194.0,5.0,2500.0,62.0,67.99999999995634,0.79,0.74,30.3,27.4,0.45,1.1,0.0,0.0,1.5,1.5,38800.0,G32_58_H6
2024-04-02 00:00:00,21.0,12.0,13.0,7.0,160.0,5.18,2590.0,5.0,92.00000000004366,0.8,0.76,29.2,27.8,0.52,0.57,0.0,0.0,1.5,1.5,38800.0,G32_58_H6
2024-04-03 00:00:00,17.0,9.0,14.0,12.0,289.0,5.37,2685.0,97.0,31.999999999970896,0.78,0.74,29.0,26.5,0.51,0.61,0.0,0.0,1.5,1.5,38800.0,G32_58_H6
2024-04-04 00:00:00,15.0,6.0,15.0,5.0,172.0,5.66,2830.0,140.0,55.99999999998545,0.73,0.7,28.7,26.3,0.63,0.69,0.0,0.0,2.0,2.0,38800.0,G32_58_H6
2024-04-05 00:00:00,18.0,10.0,16.0,7.0,110.0,6.12,3060.0,170.0,60.0,0.71,0.66,28.4,25.5,0.56,0.71,0.0,0.0,2.0,2.0,38800.0,G32_58_H6
2024-04-06 00:00:00,18.0,10.0,17.0,6.0,146.0,6.26,3130.0,94.0,55.99999999998545,0.68,0.65,27.7,25.1,0.61,0.65,0.0,0.0,2.0,2.0,38800.0,G32_58_H6
2024-04-07 00:00:00,19.0,12.0,18.0,3.0,69.0,7.34,3670.0,102.0,60.0,0.73,0.66,27.1,24.6,0.63,0.8,0.0,0.0,2.0,2.0,38800.0,G32_58_H6
2024-04-08 00:00:00,19.0,8.0,19.0,5.0,30.0,7.94,3970.0,58.0,64.00000000001455,0.74,0.71,26.7,24.7,0.64,0.84,0.0,0.0,2.0,2.0,38800.0,G32_58_H6
2024-04-09 00:00:00,22.0,12.0,20.0,5.0,48.0,8.14,4070.0,89.0,72.00000000004366,0.82,0.6,27.5,23.8,0.51,1.13,0.0,0.0,2.0,3.0,38800.0,G32_58_H6
2024-04-10 00:00:00,22.0,13.0,21.0,7.0,40.0,8.92,4460.0,7.0,80.0,0.77,0.52,27.7,24.3,0.57,1.25,0.0,0.0,2.0,3.0,38800.0,G32_58_H6
2024-04-11 00:00:00,23.0,14.0,22.0,5.0,26.0,9.5,4750.0,2.0,83.99999999994179,0.78,0.65,26.9,24.4,0.56,1.35,0.0,0.0,2.0,3.5,38800.0,G32_58_H6
2024-04-12 00:00:00,23.0,15.0,23.0,9.0,28.0,10.15,5075.0,0.0,128.0000000000291,0.81,0.68,26.3,24.0,0.72,1.8,0.0,0.0,2.0,5.0,38800.0,G32_58_H6
2024-04-13 00:00:00,20.0,14.0,24.0,4.0,24.0,9.9,4950.0,2.0,135.99999999998545,0.81,0.71,25.1,23.2,0.67,1.68,0.0,0.0,2.0,5.0,38800.0,G32_58_H6
2024-04-14 00:00:00,21.0,14.0,25.0,2.0,12.0,10.7,5350.0,4.0,155.99999999998545,0.82,0.77,24.4,22.9,0.93,1.56,0.0,0.0,3.0,5.0,38800.0,G32_58_H6
2024-04-15 00:00:00,26.0,15.0,26.0,5.0,13.0,11.32,5660.0,5.0,152.00000000004366,0.84,0.66,26.5,22.0,0.88,2.33,0.0,0.0,3.0,8.0,38800.0,G32_58_H6
2024-04-16 00:00:00,26.0,14.0,27.0,3.0,15.0,11.08,5540.0,1.0,244.00000000001455,0.84,0.52,26.5,22.1,1.26,2.5,0.0,0.0,4.5,9.0,38800.0,G32_58_H6
2024-04-17 00:00:00,19.0,11.0,28.0,5.0,27.0,12.05,6025.0,2.0,223.9999999999418,0.71,0.63,23.2,21.4,1.12,1.41,0.0,0.0,4.0,5.0,38800.0,G32_58_H6
2024-04-18 00:00:00,24.0,14.0,29.0,8.0,21.0,11.57,5785.0,61.0,160.0,0.81,0.48,25.7,20.3,0.65,2.13,0.0,0.0,2.5,8.0,38800.0,G32_58_H6
2024-04-19 00:00:00,22.0,13.0,30.0,12.0,17.0,12.52,6260.0,52.0,224.00000000001455,0.74,0.6,24.4,20.7,0.88,1.76,0.0,0.0,3.5,7.0,38800.0,G32_58_H6
2024-04-20 00:00:00,23.0,14.0,31.0,8.0,60.0,11.83,5915.0,19.0,180.0,0.85,0.75,22.5,20.1,0.84,1.91,0.0,0.0,3.0,8.0,38800.0,G32_58_H6
2024-04-21 00:00:00,23.0,14.0,32.0,10.0,28.0,12.34,6170.0,27.0,220.0,0.81,0.65,23.8,20.2,1.14,1.59,0.0,0.0,5.0,7.0,38800.0,G32_58_H6
2024-04-22 00:00:00,24.0,15.0,33.0,28.0,27.0,13.15,6575.0,18.0,228.0000000000291,0.82,0.61,25.3,19.7,1.07,2.17,0.0,0.0,5.0,10.0,38800.0,G32_58_H6
2024-04-23 00:00:00,24.0,13.0,34.0,47.0,31.0,13.1,6550.0,0.0,280.0,0.82,0.61,27.1,20.1,1.22,2.48,0.0,0.0,6.0,12.0,38800.0,G32_58_H6
2024-04-24 00:00:00,26.0,15.0,35.0,76.0,25.0,12.9,6450.0,52.0,284.00000000001455,0.79,0.31,27.7,17.8,1.19,2.38,0.0,0.0,6.0,12.0,38800.0,G32_58_H6
2024-04-25 00:00:00,28.0,16.0,36.0,91.0,5.0,13.71,6855.0,21.0,331.9999999999709,0.83,0.48,27.6,18.0,1.14,2.66,0.0,0.0,6.0,14.0,38800.0,G32_58_H6
2024-04-26 00:00:00,27.0,16.0,37.0,95.0,7.0,12.97,6485.0,0.0,404.00000000001455,0.76,0.59,26.5,19.2,1.28,2.56,0.0,0.0,7.0,14.0,38800.0,G32_58_H6
2024-04-27 00:00:00,27.0,16.0,38.0,0.0,0.0,12.97,6485.0,0.0,,0.0,0.0,0.0,0.0,0.0,0.0,0.0,0.0,7.0,14.0,38800.0,G32_58_H6
2024-03-19 00:00:00,16.0,4.0,,,,,,,,,,,,,,,,,,38000.0,G32_58_H7
2024-03-20 00:00:00,18.0,8.0,0.0,0.0,0.0,0.0,0.0,0.0,,0.0,0.0,0.0,0.0,0.0,0.0,0.0,0.0,0.0,0.0,38000.0,G32_58_H7
2024-03-21 00:00:00,24.0,11.0,1.0,15.0,5.0,0.78,390.0,632.0,60.0,0.64,0.43,35.8,33.4,0.35,0.35,0.0,0.0,1.0,1.0,38000.0,G32_58_H7
2024-03-22 00:00:00,26.0,15.0,2.0,17.0,15.0,1.0,500.0,223.0,104.00000000001455,0.69,0.54,34.7,32.6,0.65,0.65,0.0,0.0,1.0,1.0,38000.0,G32_58_H7
2024-03-23 00:00:00,17.0,13.0,3.0,15.0,53.0,1.5,750.0,140.0,83.99999999994179,0.77,0.64,33.8,31.6,0.39,0.49,0.0,0.0,1.0,1.0,38000.0,G32_58_H7
2024-03-24 00:00:00,15.0,9.0,4.0,13.0,68.0,1.6,800.0,180.0,88.0000000000291,0.73,0.63,32.9,30.6,0.32,0.41,0.0,0.0,1.0,1.0,38000.0,G32_58_H7
2024-03-25 00:00:00,10.0,5.0,5.0,12.0,35.0,1.98,990.0,116.0,84.00000000001455,0.77,0.7,32.8,30.3,0.33,0.4,0.0,0.0,1.0,1.0,38000.0,G32_58_H7
2024-03-26 00:00:00,16.0,8.0,6.0,10.0,21.0,2.19,1095.0,164.0,87.99999999995634,0.81,0.75,31.8,29.9,0.33,0.39,0.0,0.0,1.0,1.0,38000.0,G32_58_H7
2024-03-27 00:00:00,21.0,10.0,7.0,12.0,23.0,2.2,1100.0,99.0,84.00000000001455,0.84,0.79,31.3,29.4,0.28,0.35,0.0,0.0,1.5,1.5,38000.0,G32_58_H7
2024-03-28 00:00:00,21.0,11.0,8.0,30.0,253.0,2.22,1110.0,110.0,84.00000000001455,0.84,0.75,31.6,29.3,0.3,0.35,0.0,0.0,1.5,1.5,38000.0,G32_58_H7
2024-03-29 00:00:00,27.0,13.0,9.0,42.0,30.0,2.52,1260.0,86.0,84.00000000001455,0.81,0.69,31.5,29.3,0.31,0.71,0.0,0.0,1.5,1.5,38000.0,G32_58_H7
2024-03-30 00:00:00,28.0,12.0,10.0,14.0,22.0,3.27,1635.0,34.0,67.99999999995634,0.84,0.64,31.5,28.9,0.35,1.24,0.0,0.0,1.5,1.5,38000.0,G32_58_H7
2024-03-31 00:00:00,22.0,12.0,11.0,12.0,24.0,3.74,1870.0,59.0,72.00000000004366,0.83,0.72,30.6,28.0,0.3,0.44,0.0,0.0,1.5,1.5,38000.0,G32_58_H7
2024-04-01 00:00:00,27.0,17.0,12.0,11.0,28.0,4.45,2225.0,63.0,60.0,0.85,0.67,30.9,27.9,0.3,0.95,0.0,0.0,1.5,1.5,38000.0,G32_58_H7
2024-04-02 00:00:00,21.0,12.0,13.0,12.0,33.0,4.61,2305.0,5.0,64.00000000001455,0.88,0.79,29.5,28.2,0.41,0.47,0.0,0.0,1.5,1.5,38000.0,G32_58_H7
2024-04-03 00:00:00,17.0,9.0,14.0,15.0,35.0,4.95,2475.0,97.0,47.999999999956344,0.82,0.7,29.2,26.9,0.42,0.52,0.0,0.0,1.5,1.5,38000.0,G32_58_H7
2024-04-04 00:00:00,15.0,6.0,15.0,15.0,38.0,5.34,2670.0,140.0,52.000000000043656,0.76,0.64,28.6,26.5,0.63,0.72,0.0,0.0,2.0,2.0,38000.0,G32_58_H7
2024-04-05 00:00:00,18.0,10.0,16.0,14.0,38.0,5.63,2815.0,170.0,55.99999999998545,0.76,0.62,28.3,26.0,0.55,0.72,0.0,0.0,2.0,2.0,38000.0,G32_58_H7
2024-04-06 00:00:00,18.0,10.0,17.0,10.0,33.0,6.42,3210.0,95.0,51.999999999970896,0.75,0.63,27.8,25.7,0.59,0.64,0.0,0.0,2.0,2.0,38000.0,G32_58_H7
2024-04-07 00:00:00,19.0,12.0,18.0,8.0,29.0,7.03,3515.0,102.0,55.99999999998545,0.79,0.65,28.1,24.9,0.62,0.86,0.0,0.0,2.0,2.0,38000.0,G32_58_H7
2024-04-08 00:00:00,19.0,8.0,19.0,5.0,20.0,7.43,3715.0,58.0,60.0,0.81,0.68,27.3,25.1,0.64,0.88,0.0,0.0,2.0,2.0,38000.0,G32_58_H7
2024-04-09 00:00:00,22.0,12.0,20.0,6.0,19.0,7.78,3890.0,89.0,68.0000000000291,0.8,0.59,28.3,24.7,0.5,1.25,0.0,0.0,2.0,2.5,38000.0,G32_58_H7
2024-04-10 00:00:00,22.0,13.0,21.0,4.0,13.0,7.86,3930.0,7.0,68.0000000000291,0.78,0.53,28.4,24.7,0.55,1.15,0.0,0.0,2.0,2.5,38000.0,G32_58_H7
2024-04-11 00:00:00,23.0,14.0,22.0,4.0,11.0,8.58,4290.0,2.0,80.0,0.79,0.64,27.1,24.4,0.54,1.28,0.0,0.0,2.0,3.0,38000.0,G32_58_H7
2024-04-12 00:00:00,23.0,15.0,23.0,3.0,13.0,9.37,4685.0,1.0,95.99999999998545,0.81,0.68,26.7,24.2,0.79,1.58,0.0,0.0,2.0,4.0,38000.0,G32_58_H7
2024-04-13 00:00:00,20.0,14.0,24.0,4.0,7.0,9.4,4700.0,2.0,107.99999999995634,0.82,0.71,25.5,23.2,0.73,1.46,0.0,0.0,2.0,4.0,38000.0,G32_58_H7
2024-04-14 00:00:00,21.0,14.0,25.0,6.0,10.0,9.69,4845.0,4.0,132.00000000004366,0.81,0.75,26.5,23.3,0.85,1.36,0.0,0.0,2.5,4.0,38000.0,G32_58_H7
2024-04-15 00:00:00,26.0,15.0,26.0,4.0,15.0,10.5,5250.0,5.0,140.0,0.84,0.65,26.8,22.3,0.8,2.24,0.0,0.0,2.5,7.0,38000.0,G32_58_H7
2024-04-16 00:00:00,26.0,14.0,27.0,5.0,10.0,10.65,5325.0,1.0,200.0,0.84,0.5,26.8,22.4,1.2,2.4,0.0,0.0,4.0,8.0,38000.0,G32_58_H7
2024-04-17 00:00:00,19.0,11.0,28.0,4.0,18.0,11.99,5995.0,2.0,200.0,0.71,0.6,23.7,21.8,1.03,1.32,0.0,0.0,3.5,4.5,38000.0,G32_58_H7
2024-04-18 00:00:00,24.0,14.0,29.0,4.0,13.0,12.85,6425.0,61.0,147.99999999995634,0.82,0.46,26.2,20.5,0.65,1.95,0.0,0.0,2.0,7.0,38000.0,G32_58_H7
2024-04-19 00:00:00,22.0,13.0,30.0,8.0,18.0,13.27,6635.0,52.0,200.0,0.75,0.59,24.6,20.4,1.05,1.58,0.0,0.0,4.0,6.0,38000.0,G32_58_H7
2024-04-20 00:00:00,23.0,14.0,31.0,6.0,24.0,13.43,6715.0,19.0,168.0000000000291,0.86,0.74,22.9,19.4,1.0,1.74,0.0,0.0,3.5,7.0,38000.0,G32_58_H7
2024-04-21 00:00:00,23.0,14.0,32.0,8.0,15.0,13.51,6755.0,27.0,204.00000000001455,0.82,0.63,23.8,19.8,1.06,1.66,0.0,0.0,4.5,7.0,38000.0,G32_58_H7
2024-04-22 00:00:00,24.0,15.0,33.0,9.0,9.0,13.72,6860.0,18.0,220.0,0.83,0.59,25.6,19.1,1.12,2.24,0.0,0.0,4.5,10.0,38000.0,G32_58_H7
2024-04-23 00:00:00,24.0,13.0,34.0,26.0,28.0,12.98,6490.0,0.0,191.9999999999709,0.83,0.6,26.8,19.7,1.28,2.56,0.0,0.0,6.0,11.0,38000.0,G32_58_H7
2024-04-24 00:00:00,26.0,15.0,35.0,41.0,14.0,13.07,6535.0,52.0,364.00000000001455,0.8,0.31,27.3,17.3,1.23,2.46,0.0,0.0,6.0,12.0,38000.0,G32_58_H7
2024-04-25 00:00:00,28.0,16.0,36.0,40.0,4.0,12.8,6400.0,21.0,315.99999999998545,0.85,0.46,27.3,17.3,1.18,2.74,0.0,0.0,6.0,14.0,38000.0,G32_58_H7
2024-04-26 00:00:00,27.0,16.0,37.0,48.0,18.0,13.25,6625.0,0.0,392.00000000004366,0.78,0.58,26.3,18.9,1.32,2.63,0.0,0.0,7.0,14.0,38000.0,G32_58_H7
2024-04-27 00:00:00,27.0,16.0,38.0,0.0,0.0,13.25,6625.0,0.0,,0.0,0.0,0.0,0.0,0.0,0.0,0.0,0.0,7.0,14.0,38000.0,G32_58_H7
2024-03-19 00:00:00,16.0,4.0,,,,,,,,,,,,,,,,,,38200.0,G32_58_H8
2024-03-20 00:00:00,18.0,8.0,0.0,0.0,0.0,0.0,0.0,0.0,,0.0,0.0,0.0,0.0,0.0,0.0,0.0,0.0,0.0,0.0,38200.0,G32_58_H8
2024-03-21 00:00:00,24.0,11.0,1.0,7.0,5.0,0.78,390.0,632.0,60.0,0.59,0.49,35.8,33.4,0.35,0.35,0.0,0.0,1.0,1.0,38200.0,G32_58_H8
2024-03-22 00:00:00,26.0,15.0,2.0,15.0,20.0,1.0,500.0,223.0,80.0,0.71,0.59,34.7,32.6,0.64,0.64,0.0,0.0,1.0,1.0,38200.0,G32_58_H8
2024-03-23 00:00:00,17.0,13.0,3.0,15.0,26.0,1.5,750.0,140.0,64.00000000001455,0.78,0.68,33.8,31.5,0.39,0.49,0.0,0.0,1.0,1.0,38200.0,G32_58_H8
2024-03-24 00:00:00,15.0,9.0,4.0,12.0,30.0,1.6,800.0,180.0,80.0,0.74,0.6,32.8,30.6,0.32,0.41,0.0,0.0,1.0,1.0,38200.0,G32_58_H8
2024-03-25 00:00:00,10.0,5.0,5.0,12.0,28.0,1.98,990.0,116.0,44.00000000001455,0.79,0.73,32.3,30.3,0.33,0.4,0.0,0.0,1.0,1.0,38200.0,G32_58_H8
2024-03-26 00:00:00,16.0,8.0,6.0,15.0,24.0,2.19,1095.0,164.0,68.0000000000291,0.82,0.76,31.8,29.9,0.33,0.38,0.0,0.0,1.0,1.0,38200.0,G32_58_H8
2024-03-27 00:00:00,21.0,10.0,7.0,14.0,19.0,2.2,1100.0,99.0,63.99999999994179,0.8,0.78,31.4,29.4,0.28,0.35,0.0,0.0,1.5,1.5,38200.0,G32_58_H8
2024-03-28 00:00:00,21.0,11.0,8.0,31.0,160.0,2.37,1185.0,110.0,60.0,0.81,0.72,31.1,29.2,0.3,0.35,0.0,0.0,1.5,1.5,38200.0,G32_58_H8
2024-03-29 00:00:00,27.0,13.0,9.0,26.0,20.0,2.65,1325.0,86.0,60.0,0.89,0.75,31.3,29.2,0.3,0.71,0.0,0.0,1.5,1.5,38200.0,G32_58_H8
2024-03-30 00:00:00,28.0,12.0,10.0,15.0,28.0,3.42,1710.0,34.0,52.000000000043656,0.85,0.65,31.6,29.0,0.35,1.24,0.0,0.0,1.5,1.5,38200.0,G32_58_H8
2024-03-31 00:00:00,22.0,12.0,11.0,12.0,20.0,3.93,1965.0,59.0,47.999999999956344,0.82,0.7,30.5,28.1,0.3,0.52,0.0,0.0,1.5,1.5,38200.0,G32_58_H8
2024-04-01 00:00:00,27.0,17.0,12.0,12.0,30.0,4.44,2220.0,63.0,40.0,0.84,0.64,31.2,27.9,0.3,0.95,0.0,0.0,1.5,1.5,38200.0,G32_58_H8
2024-04-02 00:00:00,21.0,12.0,13.0,14.0,37.0,4.66,2330.0,5.0,40.0,0.87,0.76,29.4,28.2,0.41,0.47,0.0,0.0,1.5,1.5,38200.0,G32_58_H8
2024-04-03 00:00:00,17.0,9.0,14.0,16.0,52.0,4.97,2485.0,97.0,44.00000000001455,0.83,0.72,29.1,27.0,0.42,0.52,0.0,0.0,1.5,1.5,38200.0,G32_58_H8
2024-04-04 00:00:00,15.0,6.0,15.0,12.0,44.0,5.39,2695.0,141.0,48.000000000029104,0.75,0.63,28.7,26.7,0.63,0.72,0.0,0.0,2.0,2.0,38200.0,G32_58_H8
2024-04-05 00:00:00,18.0,10.0,16.0,13.0,45.0,5.96,2980.0,170.0,47.999999999956344,0.78,0.6,28.2,26.2,0.5,0.66,0.0,0.0,2.0,2.0,38200.0,G32_58_H8
2024-04-06 00:00:00,18.0,10.0,17.0,10.0,36.0,6.47,3235.0,95.0,48.000000000029104,0.76,0.62,27.7,25.9,0.54,0.59,0.0,0.0,2.0,2.0,38200.0,G32_58_H8
2024-04-07 00:00:00,19.0,12.0,18.0,6.0,26.0,7.31,3655.0,102.0,51.999999999970896,0.78,0.63,28.1,25.0,0.62,0.86,0.0,0.0,2.0,2.0,38200.0,G32_58_H8
2024-04-08 00:00:00,19.0,8.0,19.0,8.0,21.0,7.49,3745.0,58.0,60.0,0.79,0.64,27.1,25.3,0.64,0.88,0.0,0.0,2.0,2.0,38200.0,G32_58_H8
2024-04-09 00:00:00,22.0,12.0,20.0,7.0,27.0,7.99,3995.0,89.0,68.0000000000291,0.8,0.61,28.2,24.6,0.5,1.25,0.0,0.0,2.0,2.5,38200.0,G32_58_H8
2024-04-10 00:00:00,22.0,13.0,21.0,5.0,24.0,8.44,4220.0,7.0,68.0000000000291,0.79,0.54,28.3,24.9,0.55,1.15,0.0,0.0,2.0,2.5,38200.0,G32_58_H8
2024-04-11 00:00:00,23.0,14.0,22.0,7.0,16.0,8.83,4415.0,2.0,80.0,0.78,0.63,26.9,24.2,0.54,1.28,0.0,0.0,2.0,3.0,38200.0,G32_58_H8
2024-04-12 00:00:00,23.0,15.0,23.0,4.0,9.0,9.41,4705.0,1.0,95.99999999998545,0.82,0.66,26.5,24.2,0.79,1.58,0.0,0.0,2.0,4.0,38200.0,G32_58_H8
2024-04-13 00:00:00,20.0,14.0,24.0,5.0,11.0,9.62,4810.0,2.0,115.99999999998545,0.81,0.7,25.2,23.2,0.68,1.46,0.0,0.0,2.0,4.0,38200.0,G32_58_H8
2024-04-14 00:00:00,21.0,14.0,25.0,6.0,10.0,10.17,5085.0,4.0,128.0000000000291,0.8,0.73,24.8,23.1,0.85,1.36,0.0,0.0,2.5,4.0,38200.0,G32_58_H8
2024-04-15 00:00:00,26.0,15.0,26.0,8.0,22.0,10.74,5370.0,5.0,140.0,0.85,0.64,26.5,22.2,0.8,2.23,0.0,0.0,2.5,7.0,38200.0,G32_58_H8
2024-04-16 00:00:00,26.0,14.0,27.0,5.0,27.0,11.21,5605.0,2.0,211.9999999999709,0.83,0.55,26.4,22.5,1.2,2.4,0.0,0.0,4.0,8.0,38200.0,G32_58_H8
2024-04-17 00:00:00,19.0,11.0,28.0,6.0,20.0,11.36,5680.0,2.0,200.0,0.71,0.63,23.7,21.9,1.03,1.31,0.0,0.0,3.5,4.5,38200.0,G32_58_H8
2024-04-18 00:00:00,24.0,14.0,29.0,5.0,21.0,12.18,6090.0,61.0,124.00000000001455,0.81,0.48,26.0,21.0,0.51,1.93,0.0,0.0,2.0,7.0,38200.0,G32_58_H8
2024-04-19 00:00:00,22.0,13.0,30.0,5.0,23.0,13.08,6540.0,52.0,204.00000000001455,0.74,0.58,24.7,20.8,0.91,1.57,0.0,0.0,3.5,6.0,38200.0,G32_58_H8
2024-04-20 00:00:00,23.0,14.0,31.0,8.0,21.0,13.34,6670.0,19.0,167.99999999995634,0.84,0.73,22.9,19.7,0.99,1.73,0.0,0.0,3.5,7.0,38200.0,G32_58_H8
2024-04-21 00:00:00,23.0,14.0,32.0,8.0,15.0,13.85,6925.0,27.0,204.00000000001455,0.81,0.64,23.5,20.2,1.06,1.64,0.0,0.0,4.5,7.0,38200.0,G32_58_H8
2024-04-22 00:00:00,24.0,15.0,33.0,23.0,27.0,14.4,7200.0,18.0,228.0000000000291,0.82,0.61,25.4,19.5,1.12,2.24,0.0,0.0,4.5,10.0,38200.0,G32_58_H8
2024-04-23 00:00:00,24.0,13.0,34.0,28.0,29.0,12.99,6495.0,0.0,275.99999999998545,0.81,0.59,26.8,20.2,1.28,2.56,0.0,0.0,6.0,11.0,38200.0,G32_58_H8
2024-04-24 00:00:00,26.0,15.0,35.0,39.0,17.0,13.43,6715.0,52.0,264.00000000001455,0.78,0.32,27.4,17.7,1.22,2.44,0.0,0.0,6.0,12.0,38200.0,G32_58_H8
2024-04-25 00:00:00,28.0,16.0,36.0,48.0,6.0,13.14,6570.0,21.0,323.9999999999418,0.82,0.41,27.5,18.0,0.97,2.72,0.0,0.0,5.0,14.0,38200.0,G32_58_H8
2024-04-26 00:00:00,27.0,16.0,37.0,40.0,3.0,13.55,6775.0,0.0,376.0000000000582,0.79,0.57,26.7,19.3,1.3,2.61,0.0,0.0,7.0,14.0,38200.0,G32_58_H8
2024-04-27 00:00:00,27.0,16.0,38.0,0.0,0.0,13.55,6775.0,0.0,,0.0,0.0,0.0,0.0,0.0,0.0,0.0,0.0,7.0,14.0,38200.0,G32_58_H8
2024-03-19 00:00:00,16.0,4.0,,,,,,,,,,,,,,,,,,38900.0,G32_58_H9
2024-03-20 00:00:00,18.0,8.0,,,,,,,,,,,,,,,,,,38900.0,G32_58_H9
2024-03-21 00:00:00,24.0,11.0,0.0,0.0,0.0,0.0,0.0,0.0,,0.0,0.0,0.0,0.0,0.0,0.0,0.0,0.0,0.0,0.0,38900.0,G32_58_H9
2024-03-22 00:00:00,26.0,15.0,1.0,11.0,0.0,0.78,390.0,682.0,60.0,0.69,0.57,35.9,33.2,0.5,0.5,0.0,0.0,1.0,1.0,38900.0,G32_58_H9
2024-03-23 00:00:00,17.0,13.0,2.0,25.0,0.0,1.0,500.0,140.0,92.00000000000728,0.8,0.65,34.6,32.3,0.39,0.51,0.0,0.0,1.0,1.0,38900.0,G32_58_H9
2024-03-24 00:00:00,15.0,9.0,3.0,14.0,21.0,1.3,650.0,180.0,83.99999999997817,0.72,0.63,34.0,31.4,0.32,0.41,0.0,0.0,1.0,1.0,38900.0,G32_58_H9
2024-03-25 00:00:00,10.0,5.0,4.0,13.0,26.0,1.7,850.0,116.0,87.99999999999272,0.75,0.65,33.0,30.9,0.32,0.4,0.0,0.0,1.0,1.0,38900.0,G32_58_H9
2024-03-26 00:00:00,16.0,8.0,5.0,5.0,40.0,1.9,950.0,164.0,80.0,0.82,0.73,32.6,30.5,0.32,0.39,0.0,0.0,1.0,1.0,38900.0,G32_58_H9
2024-03-27 00:00:00,21.0,10.0,6.0,9.0,28.0,2.02,1010.0,99.0,84.00000000001455,0.84,0.77,31.8,29.9,0.32,0.38,0.0,0.0,1.0,1.0,38900.0,G32_58_H9
2024-03-28 00:00:00,21.0,11.0,7.0,8.0,43.0,2.3,1150.0,110.0,80.0,0.88,0.79,31.2,29.6,0.34,0.41,0.0,0.0,1.5,1.5,38900.0,G32_58_H9
2024-03-29 00:00:00,27.0,13.0,8.0,22.0,263.0,2.62,1310.0,86.0,87.99999999999272,0.84,0.69,31.2,29.2,0.35,0.81,0.0,0.0,1.5,1.5,38900.0,G32_58_H9
2024-03-30 00:00:00,28.0,12.0,9.0,29.0,34.0,2.52,1260.0,34.0,52.000000000007276,0.86,0.65,31.7,29.1,0.35,1.3,0.0,0.0,1.5,1.5,38900.0,G32_58_H9
2024-03-31 00:00:00,22.0,12.0,10.0,9.0,15.0,3.56,1780.0,59.0,60.0,0.85,0.73,30.5,28.5,0.3,0.53,0.0,0.0,1.5,1.5,38900.0,G32_58_H9
2024-04-01 00:00:00,27.0,17.0,11.0,4.0,25.0,4.14,2070.0,63.0,55.99999999998545,0.86,0.67,31.6,28.6,0.33,1.0,0.0,0.0,1.5,1.5,38900.0,G32_58_H9
2024-04-02 00:00:00,21.0,12.0,12.0,3.0,27.0,4.64,2320.0,5.0,52.000000000007276,0.88,0.77,29.1,27.9,0.52,0.58,0.0,0.0,1.5,1.5,38900.0,G32_58_H9
2024-04-03 00:00:00,17.0,9.0,13.0,2.0,22.0,5.13,2565.0,97.0,40.0,0.83,0.7,29.2,27.4,0.52,0.61,0.0,0.0,1.5,1.5,38900.0,G32_58_H9
2024-04-04 00:00:00,15.0,6.0,14.0,3.0,30.0,5.61,2805.0,141.0,44.00000000001455,0.77,0.61,29.1,26.6,0.51,0.5599999999999999,0.0,0.0,1.5,1.5,38900.0,G32_58_H9
2024-04-05 00:00:00,18.0,10.0,15.0,4.0,33.0,5.93,2965.0,170.0,52.000000000007276,0.74,0.58,29.1,26.2,0.45,0.61,0.0,0.0,2.0,2.0,38900.0,G32_58_H9
2024-04-06 00:00:00,18.0,10.0,16.0,2.0,34.0,6.45,3225.0,95.0,40.0,0.74,0.63,28.2,26.0,0.53,0.58,0.0,0.0,2.0,2.0,38900.0,G32_58_H9
2024-04-07 00:00:00,19.0,12.0,17.0,3.0,32.0,6.71,3355.0,102.0,43.99999999997817,0.81,0.65,28.0,25.3,0.57,0.81,0.0,0.0,2.0,2.0,38900.0,G32_58_H9
2024-04-08 00:00:00,19.0,8.0,18.0,2.0,16.0,7.55,3775.0,58.0,44.00000000001455,0.83,0.7,27.5,25.3,0.6,0.87,0.0,0.0,2.0,2.0,38900.0,G32_58_H9
2024-04-09 00:00:00,22.0,12.0,19.0,3.0,32.0,8.2,4100.0,89.0,47.999999999992724,0.82,0.59,28.2,24.8,0.5,1.34,0.0,0.0,2.0,2.5,38900.0,G32_58_H9
2024-04-10 00:00:00,22.0,13.0,20.0,2.0,34.0,8.71,4355.0,8.0,47.999999999992724,0.79,0.54,27.8,24.8,0.59,1.23,0.0,0.0,2.0,2.5,38900.0,G32_58_H9
2024-04-11 00:00:00,23.0,14.0,21.0,2.0,34.0,9.12,4560.0,2.0,56.00000000002183,0.81,0.67,27.1,24.8,0.57,1.35,0.0,0.0,2.0,3.0,38900.0,G32_58_H9
2024-04-12 00:00:00,23.0,15.0,22.0,1.0,26.0,9.18,4590.0,1.0,63.99999999997817,0.82,0.7,26.9,24.4,0.83,1.66,0.0,0.0,2.0,4.0,38900.0,G32_58_H9
2024-04-13 00:00:00,20.0,14.0,23.0,2.0,18.0,9.87,4935.0,2.0,76.00000000002183,0.83,0.73,25.5,23.4,0.72,1.54,0.0,0.0,2.0,4.0,38900.0,G32_58_H9
2024-04-14 00:00:00,21.0,14.0,24.0,3.0,29.0,10.25,5125.0,4.0,83.99999999997817,0.83,0.75,25.4,23.4,0.9,1.44,0.0,0.0,2.5,4.0,38900.0,G32_58_H9
2024-04-15 00:00:00,26.0,15.0,25.0,2.0,30.0,10.4,5200.0,5.0,96.00000000002183,0.86,0.67,26.6,22.3,0.84,2.34,0.0,0.0,2.5,7.0,38900.0,G32_58_H9
2024-04-16 00:00:00,26.0,14.0,26.0,3.0,45.0,10.84,5420.0,2.0,127.99999999999272,0.86,0.54,26.6,22.7,1.25,2.51,0.0,0.0,4.0,8.0,38900.0,G32_58_H9
2024-04-17 00:00:00,19.0,11.0,27.0,2.0,21.0,10.92,5460.0,2.0,132.00000000000728,0.73,0.64,24.1,22.1,0.91,1.36,0.0,0.0,3.0,4.5,38900.0,G32_58_H9
2024-04-18 00:00:00,24.0,14.0,28.0,5.0,21.0,11.75,5875.0,61.0,83.99999999997817,0.85,0.5,26.7,21.1,0.53,1.72,0.0,0.0,2.0,6.0,38900.0,G32_58_H9
2024-04-19 00:00:00,22.0,13.0,29.0,15.0,29.0,11.69,5845.0,52.0,120.0,0.77,0.61,24.2,21.1,0.81,1.62,0.0,0.0,3.0,6.0,38900.0,G32_58_H9
2024-04-20 00:00:00,23.0,14.0,30.0,25.0,44.0,11.73,5865.0,19.0,107.99999999999272,0.86,0.76,23.4,20.0,0.9,1.54,0.0,0.0,3.0,6.0,38900.0,G32_58_H9
2024-04-21 00:00:00,23.0,14.0,31.0,18.0,30.0,12.02,6010.0,28.0,132.00000000000728,0.83,0.66,23.7,20.4,0.97,1.7,0.0,0.0,4.0,7.0,38900.0,G32_58_H9
2024-04-22 00:00:00,24.0,15.0,32.0,15.0,22.0,12.76,6380.0,18.0,140.0,0.84,0.61,25.6,19.7,1.04,2.07,0.0,0.0,4.5,9.0,38900.0,G32_58_H9
2024-04-23 00:00:00,24.0,13.0,33.0,19.0,39.0,12.91,6455.0,0.0,172.00000000000728,0.84,0.62,26.7,20.1,1.31,2.19,0.0,0.0,6.0,10.0,38900.0,G32_58_H9
2024-04-24 00:00:00,26.0,15.0,34.0,28.0,59.0,13.63,6815.0,52.0,167.99999999999272,0.8,0.33,27.1,18.5,1.04,2.09,0.0,0.0,5.0,10.0,38900.0,G32_58_H9
2024-04-25 00:00:00,28.0,16.0,35.0,35.0,32.0,13.35,6675.0,21.0,180.0,0.85,0.47,28.8,18.8,1.0,2.79,0.0,0.0,5.0,14.0,38900.0,G32_58_H9
2024-04-26 00:00:00,27.0,16.0,36.0,123.0,0.0,14.1,7050.0,0.0,240.0,0.78,0.59,27.4,19.5,1.33,2.67,0.0,0.0,6.0,14.0,38900.0,G32_58_H9
2024-04-27 00:00:00,27.0,16.0,37.0,72.0,0.0,14.67,7335.0,0.0,232.00000000000728,0.85,0.69,25.4,18.8,1.46,2.56,0.0,0.0,8.0,14.0,38900.0,G32_58_H9
2024-03-19 00:00:00,16.0,4.0,,,,,,,,,,,,,,,,,,38500.0,G32_58_H10
2024-03-20 00:00:00,18.0,8.0,,,,,,,,,,,,,,,,,,38500.0,G32_58_H10
2024-03-21 00:00:00,24.0,11.0,0.0,0.0,0.0,0.0,0.0,0.0,,0.0,0.0,0.0,0.0,0.0,0.0,0.0,0.0,0.0,0.0,38500.0,G32_58_H10
2024-03-22 00:00:00,26.0,15.0,1.0,25.0,0.0,0.78,390.0,683.0,60.0,0.71,0.58,35.5,33.0,0.51,0.51,0.0,0.0,1.0,1.0,38500.0,G32_58_H10
2024-03-23 00:00:00,17.0,13.0,2.0,32.0,0.0,1.0,500.0,140.0,63.99999999994179,0.78,0.64,34.1,32.3,0.39,0.51,0.0,0.0,1.0,1.0,38500.0,G32_58_H10
2024-03-24 00:00:00,15.0,9.0,3.0,27.0,5.0,1.3,650.0,180.0,56.00000000005821,0.74,0.66,32.9,31.2,0.35,0.45,0.0,0.0,1.0,1.0,38500.0,G32_58_H10
2024-03-25 00:00:00,10.0,5.0,4.0,11.0,16.0,1.7,850.0,117.0,87.99999999995634,0.76,0.71,32.3,30.4,0.4,0.48,0.0,0.0,1.0,1.0,38500.0,G32_58_H10
2024-03-26 00:00:00,16.0,8.0,5.0,11.0,9.0,1.9,950.0,164.0,84.00000000001455,0.82,0.76,31.8,30.0,0.39,0.46,0.0,0.0,1.0,1.0,38500.0,G32_58_H10
2024-03-27 00:00:00,21.0,10.0,6.0,18.0,12.0,2.13,1065.0,99.0,88.0000000000291,0.83,0.78,31.1,29.3,0.38,0.44,0.0,0.0,1.0,1.0,38500.0,G32_58_H10
2024-03-28 00:00:00,21.0,11.0,7.0,22.0,21.0,2.35,1175.0,110.0,91.9999999999709,0.82,0.77,30.7,29.1,0.34,0.41,0.0,0.0,1.5,1.5,38500.0,G32_58_H10
2024-03-29 00:00:00,27.0,13.0,8.0,26.0,156.0,2.61,1305.0,86.0,88.0000000000291,0.82,0.73,31.0,28.7,0.35,0.82,0.0,0.0,1.5,1.5,38500.0,G32_58_H10
2024-03-30 00:00:00,28.0,12.0,9.0,30.0,18.0,2.55,1275.0,34.0,51.999999999970896,0.82,0.67,31.5,29.0,0.4,1.41,0.0,0.0,1.5,1.5,38500.0,G32_58_H10
2024-03-31 00:00:00,22.0,12.0,10.0,11.0,31.0,3.24,1620.0,59.0,84.00000000001455,0.82,0.72,30.4,28.5,0.34,0.61,0.0,0.0,1.5,1.5,38500.0,G32_58_H10
2024-04-01 00:00:00,27.0,17.0,11.0,12.0,58.0,4.23,2115.0,63.0,80.0,0.82,0.71,31.6,27.8,0.37,1.0,0.0,0.0,1.5,1.5,38500.0,G32_58_H10
2024-04-02 00:00:00,21.0,12.0,12.0,6.0,47.0,5.09,2545.0,5.0,60.0,0.82,0.76,29.5,27.8,0.59,0.65,0.0,0.0,1.5,1.5,38500.0,G32_58_H10
2024-04-03 00:00:00,17.0,9.0,13.0,5.0,49.0,5.17,2585.0,97.0,55.99999999998545,0.8,0.69,29.1,27.0,0.58,0.69,0.0,0.0,1.5,1.5,38500.0,G32_58_H10
2024-04-04 00:00:00,15.0,6.0,14.0,8.0,68.0,5.54,2770.0,141.0,60.0,0.76,0.63,29.0,26.5,0.61,0.6699999999999999,0.0,0.0,1.5,1.5,38500.0,G32_58_H10
2024-04-05 00:00:00,18.0,10.0,15.0,3.0,60.0,6.05,3025.0,170.0,64.00000000001455,0.73,0.61,28.5,26.0,0.55,0.71,0.0,0.0,2.0,2.0,38500.0,G32_58_H10
2024-04-06 00:00:00,18.0,10.0,16.0,4.0,61.0,6.35,3175.0,95.0,51.999999999970896,0.74,0.64,28.2,25.7,0.56,0.61,0.0,0.0,2.0,2.0,38500.0,G32_58_H10
2024-04-07 00:00:00,19.0,12.0,17.0,3.0,36.0,7.11,3555.0,102.0,55.99999999998545,0.81,0.68,27.6,24.9,0.59,0.81,0.0,0.0,2.0,2.0,38500.0,G32_58_H10
2024-04-08 00:00:00,19.0,8.0,18.0,4.0,20.0,7.72,3860.0,58.0,60.0,0.81,0.72,27.4,25.0,0.68,0.81,0.0,0.0,2.0,2.0,38500.0,G32_58_H10
2024-04-09 00:00:00,22.0,12.0,19.0,6.0,30.0,8.09,4045.0,89.0,64.00000000001455,0.81,0.62,27.6,24.2,0.53,1.24,0.0,0.0,2.0,2.5,38500.0,G32_58_H10
2024-04-10 00:00:00,22.0,13.0,20.0,3.0,20.0,8.93,4465.0,8.0,72.00000000004366,0.79,0.58,27.7,24.4,0.58,1.14,0.0,0.0,2.0,2.5,38500.0,G32_58_H10
2024-04-11 00:00:00,23.0,14.0,21.0,1.0,30.0,9.37,4685.0,2.0,75.99999999998545,0.8,0.7,27.2,24.7,0.57,1.05,0.0,0.0,2.0,2.5,38500.0,G32_58_H10
2024-04-12 00:00:00,23.0,15.0,22.0,2.0,15.0,10.02,5010.0,1.0,91.9999999999709,0.81,0.73,26.5,24.4,0.73,1.56,0.0,0.0,2.0,4.0,38500.0,G32_58_H10
2024-04-13 00:00:00,20.0,14.0,23.0,3.0,28.0,10.51,5255.0,2.0,108.0000000000291,0.81,0.76,25.4,23.4,0.68,1.45,0.0,0.0,2.0,4.0,38500.0,G32_58_H10
2024-04-14 00:00:00,21.0,14.0,24.0,3.0,43.0,10.17,5085.0,4.0,127.99999999995634,0.8,0.76,24.9,23.6,0.84,1.35,0.0,0.0,2.5,4.0,38500.0,G32_58_H10
2024-04-15 00:00:00,26.0,15.0,25.0,4.0,28.0,10.24,5120.0,5.0,136.0000000000582,0.8,0.7,26.7,22.4,0.79,2.22,0.0,0.0,2.5,7.0,38500.0,G32_58_H10
2024-04-16 00:00:00,26.0,14.0,26.0,3.0,40.0,11.16,5580.0,2.0,195.99999999998545,0.81,0.58,26.3,22.5,1.19,2.37,0.0,0.0,4.0,8.0,38500.0,G32_58_H10
2024-04-17 00:00:00,19.0,11.0,27.0,4.0,15.0,12.07,6035.0,2.0,227.99999999995634,0.75,0.67,23.6,21.9,0.87,1.3,0.0,0.0,3.0,4.5,38500.0,G32_58_H10
2024-04-18 00:00:00,24.0,14.0,28.0,6.0,16.0,12.58,6290.0,61.0,100.0,0.8,0.54,25.8,21.1,0.51,1.91,0.0,0.0,2.0,7.0,38500.0,G32_58_H10
2024-04-19 00:00:00,22.0,13.0,29.0,13.0,19.0,12.73,6365.0,53.0,188.0000000000291,0.78,0.64,24.3,20.8,0.91,1.55,0.0,0.0,3.5,6.0,38500.0,G32_58_H10
2024-04-20 00:00:00,23.0,14.0,30.0,39.0,18.0,13.37,6685.0,19.0,171.9999999999709,0.8,0.77,22.9,20.0,0.86,1.72,0.0,0.0,3.0,7.0,38500.0,G32_58_H10
2024-04-21 00:00:00,23.0,14.0,31.0,17.0,26.0,13.6,6800.0,28.0,208.0000000000291,0.81,0.7,24.3,20.3,1.05,1.63,0.0,0.0,4.5,7.0,38500.0,G32_58_H10
2024-04-22 00:00:00,24.0,15.0,32.0,14.0,26.0,14.62,7310.0,18.0,220.0,0.84,0.65,25.7,19.9,1.0,2.21,0.0,0.0,4.5,10.0,38500.0,G32_58_H10
2024-04-23 00:00:00,24.0,13.0,33.0,26.0,99.0,13.73,6865.0,0.0,255.99999999998545,0.81,0.65,26.7,20.1,1.27,2.11,0.0,0.0,6.0,10.0,38500.0,G32_58_H10
2024-04-24 00:00:00,26.0,15.0,34.0,23.0,45.0,13.7,6850.0,52.0,252.00000000004366,0.81,0.38,27.7,18.1,1.01,2.42,0.0,0.0,5.0,11.0,38500.0,G32_58_H10
2024-04-25 00:00:00,28.0,16.0,35.0,20.0,30.0,12.79,6395.0,21.0,315.99999999998545,0.81,0.54,27.9,18.4,0.96,2.7,0.0,0.0,5.0,14.0,38500.0,G32_58_H10
2024-04-26 00:00:00,27.0,16.0,36.0,19.0,0.0,13.64,6820.0,0.0,371.9999999999709,0.79,0.63,28.3,19.4,1.29,2.59,0.0,0.0,7.0,14.0,38500.0,G32_58_H10
2024-04-27 00:00:00,27.0,16.0,37.0,65.0,0.0,15.12,7560.0,0.0,395.99999999998545,0.81,0.58,25.3,18.8,1.24,2.49,0.0,0.0,7.0,14.0,38500.0,G32_58_H10
2024-03-19 00:00:00,16.0,4.0,,,,,,,,,,,,,,,,,,38500.0,G32_58_H11
2024-03-20 00:00:00,18.0,8.0,,,,,,,,,,,,,,,,,,38500.0,G32_58_H11
2024-03-21 00:00:00,24.0,11.0,0.0,0.0,0.0,0.0,0.0,0.0,,0.0,0.0,0.0,0.0,0.0,0.0,0.0,0.0,0.0,0.0,38500.0,G32_58_H11
2024-03-22 00:00:00,26.0,15.0,1.0,14.0,1.0,0.78,390.0,683.0,60.0,0.74,0.53,35.1,32.8,0.51,0.51,0.0,0.0,1.0,1.0,38500.0,G32_58_H11
2024-03-23 00:00:00,17.0,13.0,2.0,18.0,5.0,1.0,500.0,140.0,55.99999999998545,0.76,0.62,34.5,31.8,0.39,0.51,0.0,0.0,1.0,1.0,38500.0,G32_58_H11
2024-03-24 00:00:00,15.0,9.0,3.0,22.0,4.0,1.3,650.0,180.0,84.00000000001455,0.75,0.62,33.4,30.7,0.35,0.45,0.0,0.0,1.0,1.0,38500.0,G32_58_H11
2024-03-25 00:00:00,10.0,5.0,4.0,28.0,17.0,1.7,850.0,117.0,88.0000000000291,0.75,0.65,33.0,30.4,0.32,0.4,0.0,0.0,1.0,1.0,38500.0,G32_58_H11
2024-03-26 00:00:00,16.0,8.0,5.0,15.0,21.0,1.9,950.0,165.0,71.9999999999709,0.81,0.73,32.3,30.1,0.39,0.46,0.0,0.0,1.0,1.0,38500.0,G32_58_H11
2024-03-27 00:00:00,21.0,10.0,6.0,18.0,9.0,2.14,1070.0,99.0,100.0,0.82,0.74,31.5,29.3,0.38,0.44,0.0,0.0,1.0,1.0,38500.0,G32_58_H11
2024-03-28 00:00:00,21.0,11.0,7.0,30.0,21.0,2.38,1190.0,110.0,80.0,0.85,0.78,31.1,29.0,0.34,0.41,0.0,0.0,1.5,1.5,38500.0,G32_58_H11
2024-03-29 00:00:00,27.0,13.0,8.0,16.0,250.0,2.66,1330.0,86.0,95.99999999998545,0.82,0.7,31.2,28.8,0.35,0.82,0.0,0.0,1.5,1.5,38500.0,G32_58_H11
2024-03-30 00:00:00,28.0,12.0,9.0,39.0,20.0,2.54,1270.0,34.0,68.0000000000291,0.83,0.61,32.3,28.7,0.4,1.41,0.0,0.0,1.5,1.5,38500.0,G32_58_H11
2024-03-31 00:00:00,22.0,12.0,10.0,28.0,31.0,3.53,1765.0,59.0,68.0000000000291,0.8,0.68,31.1,28.5,0.34,0.7,0.0,0.0,1.5,1.5,38500.0,G32_58_H11
2024-04-01 00:00:00,27.0,17.0,11.0,10.0,17.0,4.2,2100.0,63.0,71.9999999999709,0.82,0.64,32.1,27.9,0.37,1.0,0.0,0.0,1.5,1.5,38500.0,G32_58_H11
2024-04-02 00:00:00,21.0,12.0,12.0,25.0,33.0,4.62,2310.0,5.0,80.0,0.84,0.75,29.0,27.9,0.59,0.65,0.0,0.0,1.5,1.5,38500.0,G32_58_H11
2024-04-03 00:00:00,17.0,9.0,13.0,9.0,23.0,4.76,2380.0,97.0,44.00000000001455,0.78,0.66,29.0,26.9,0.58,0.69,0.0,0.0,1.5,1.5,38500.0,G32_58_H11
2024-04-04 00:00:00,15.0,6.0,14.0,12.0,78.0,5.26,2630.0,141.0,64.00000000001455,0.75,0.58,28.8,26.5,0.61,0.6699999999999999,0.0,0.0,1.5,1.5,38500.0,G32_58_H11
2024-04-05 00:00:00,18.0,10.0,15.0,16.0,35.0,5.75,2875.0,170.0,55.99999999998545,0.77,0.61,28.6,26.3,0.44,0.6,0.0,0.0,2.0,2.0,38500.0,G32_58_H11
2024-04-06 00:00:00,18.0,10.0,16.0,24.0,48.0,6.07,3035.0,95.0,47.999999999956344,0.73,0.63,28.0,25.8,0.56,0.61,0.0,0.0,2.0,2.0,38500.0,G32_58_H11
2024-04-07 00:00:00,19.0,12.0,17.0,15.0,81.0,6.5,3250.0,102.0,52.000000000043656,0.78,0.64,28.4,25.4,0.59,0.81,0.0,0.0,2.0,2.0,38500.0,G32_58_H11
2024-04-08 00:00:00,19.0,8.0,18.0,18.0,128.0,8.01,4005.0,58.0,51.999999999970896,0.82,0.71,27.3,25.4,0.6,0.87,0.0,0.0,2.0,2.0,38500.0,G32_58_H11
2024-04-09 00:00:00,22.0,12.0,19.0,13.0,23.0,8.01,4005.0,89.0,72.00000000004366,0.79,0.58,28.3,24.8,0.54,1.36,0.0,0.0,2.0,2.5,38500.0,G32_58_H11
2024-04-10 00:00:00,22.0,13.0,20.0,15.0,38.0,8.36,4180.0,8.0,67.99999999995634,0.77,0.53,28.4,24.8,0.63,1.24,0.0,0.0,2.0,2.5,38500.0,G32_58_H11
2024-04-11 00:00:00,23.0,14.0,21.0,10.0,40.0,8.85,4425.0,2.0,88.0000000000291,0.76,0.65,27.2,24.8,0.51,1.36,0.0,0.0,2.0,3.0,38500.0,G32_58_H11
2024-04-12 00:00:00,23.0,15.0,22.0,8.0,44.0,9.58,4790.0,1.0,91.9999999999709,0.78,0.68,26.9,24.5,0.84,1.68,0.0,0.0,2.0,4.0,38500.0,G32_58_H11
2024-04-13 00:00:00,20.0,14.0,23.0,4.0,20.0,9.88,4940.0,2.0,120.0,0.79,0.7,25.5,23.5,0.73,1.56,0.0,0.0,2.0,4.0,38500.0,G32_58_H11
2024-04-14 00:00:00,21.0,14.0,24.0,8.0,42.0,9.71,4855.0,4.0,135.99999999998545,0.79,0.74,25.3,23.3,0.91,1.45,0.0,0.0,2.0,4.0,38500.0,G32_58_H11
2024-04-15 00:00:00,26.0,15.0,25.0,8.0,57.0,10.8,5400.0,5.0,140.0,0.81,0.65,26.8,22.4,0.84,2.36,0.0,0.0,2.5,7.0,38500.0,G32_58_H11
2024-04-16 00:00:00,26.0,14.0,26.0,7.0,52.0,9.95,4975.0,2.0,212.00000000004366,0.81,0.51,26.8,22.9,1.27,2.53,0.0,0.0,4.0,8.0,38500.0,G32_58_H11
2024-04-17 00:00:00,19.0,11.0,27.0,10.0,44.0,12.25,6125.0,2.0,200.0,0.71,0.61,23.7,21.9,0.93,1.39,0.0,0.0,3.0,4.5,38500.0,G32_58_H11
2024-04-18 00:00:00,24.0,14.0,28.0,6.0,34.0,11.62,5810.0,61.0,115.99999999998545,0.8,0.48,26.1,21.1,0.55,2.05,0.0,0.0,2.0,7.0,38500.0,G32_58_H11
2024-04-19 00:00:00,22.0,13.0,29.0,9.0,34.0,11.78,5890.0,53.0,180.0,0.75,0.6,24.5,20.9,0.97,1.66,0.0,0.0,3.5,6.0,38500.0,G32_58_H11
2024-04-20 00:00:00,23.0,14.0,30.0,15.0,63.0,12.44,6220.0,19.0,195.99999999998545,0.83,0.72,23.5,20.1,0.92,1.83,0.0,0.0,3.0,7.0,38500.0,G32_58_H11
2024-04-21 00:00:00,23.0,14.0,31.0,12.0,78.0,12.48,6240.0,28.0,215.99999999998545,0.78,0.64,23.9,20.2,1.12,1.74,0.0,0.0,4.5,7.0,38500.0,G32_58_H11
2024-04-22 00:00:00,24.0,15.0,32.0,50.0,60.0,13.35,6675.0,18.0,200.0,0.79,0.6,25.6,19.7,1.06,2.35,0.0,0.0,4.5,10.0,38500.0,G32_58_H11
2024-04-23 00:00:00,24.0,13.0,33.0,58.0,215.0,12.94,6470.0,0.0,276.0000000000582,0.8,0.6,26.6,20.0,1.12,2.24,0.0,0.0,5.0,10.0,38500.0,G32_58_H11
2024-04-24 00:00:00,26.0,15.0,34.0,30.0,55.0,12.55,6275.0,52.0,215.99999999998545,0.77,0.31,27.4,18.0,1.07,2.56,0.0,0.0,5.0,11.0,38500.0,G32_58_H11
2024-04-25 00:00:00,28.0,16.0,35.0,45.0,170.0,13.72,6860.0,21.0,340.0,0.81,0.46,28.0,18.6,1.02,2.85,0.0,0.0,5.0,14.0,38500.0,G32_58_H11
2024-04-26 00:00:00,27.0,16.0,36.0,70.0,52.0,12.69,6345.0,0.0,175.99999999998545,0.75,0.58,27.5,19.1,1.36,2.73,0.0,0.0,7.0,14.0,38500.0,G32_58_H11
2024-04-27 00:00:00,27.0,16.0,37.0,115.0,40.0,13.51,6755.0,0.0,571.9999999999709,0.86,0.67,26.0,18.7,1.31,2.62,0.0,0.0,7.0,14.0,38500.0,G32_58_H11
2024-03-19 00:00:00,16.0,4.0,,,,,,,,,,,,,,,,,,38500.0,G32_58_H12
2024-03-20 00:00:00,18.0,8.0,,,,,,,,,,,,,,,,,,38500.0,G32_58_H12
2024-03-21 00:00:00,24.0,11.0,0.0,0.0,0.0,0.0,0.0,0.0,,0.0,0.0,0.0,0.0,0.0,0.0,0.0,0.0,0.0,0.0,38500.0,G32_58_H12
2024-03-22 00:00:00,26.0,15.0,1.0,12.0,2.0,0.78,390.0,683.0,60.0,0.71,0.56,35.7,33.2,0.51,0.51,0.0,0.0,1.0,1.0,38500.0,G32_58_H12
2024-03-23 00:00:00,17.0,13.0,2.0,28.0,4.0,1.0,500.0,140.0,88.0000000000291,0.78,0.7,34.7,32.3,0.39,0.51,0.0,0.0,1.0,1.0,38500.0,G32_58_H12
2024-03-24 00:00:00,15.0,9.0,3.0,26.0,8.0,1.3,650.0,180.0,75.99999999998545,0.7,0.61,34.0,31.1,0.35,0.45,0.0,0.0,1.0,1.0,38500.0,G32_58_H12
2024-03-25 00:00:00,10.0,5.0,4.0,43.0,20.0,1.7,850.0,117.0,71.9999999999709,0.77,0.64,33.2,30.7,0.4,0.48,0.0,0.0,1.0,1.0,38500.0,G32_58_H12
2024-03-26 00:00:00,16.0,8.0,5.0,29.0,26.0,1.9,950.0,165.0,80.0,0.8,0.72,32.7,30.4,0.39,0.46,0.0,0.0,1.0,1.0,38500.0,G32_58_H12
2024-03-27 00:00:00,21.0,10.0,6.0,15.0,10.0,2.29,1145.0,99.0,80.0,0.83,0.73,32.0,29.7,0.38,0.44,0.0,0.0,1.0,1.0,38500.0,G32_58_H12
2024-03-28 00:00:00,21.0,11.0,7.0,33.0,18.0,2.48,1240.0,110.0,75.99999999998545,0.83,0.74,31.4,29.5,0.3,0.35,0.0,0.0,1.5,1.5,38500.0,G32_58_H12
2024-03-29 00:00:00,27.0,13.0,8.0,28.0,285.0,2.75,1375.0,86.0,76.00000000005821,0.79,0.71,31.1,29.2,0.35,0.82,0.0,0.0,1.5,1.5,38500.0,G32_58_H12
2024-03-30 00:00:00,28.0,12.0,9.0,35.0,21.0,2.58,1290.0,34.0,60.0,0.82,0.64,31.6,29.3,0.35,1.3,0.0,0.0,1.5,1.5,38500.0,G32_58_H12
2024-03-31 00:00:00,22.0,12.0,10.0,18.0,20.0,3.51,1755.0,59.0,71.9999999999709,0.81,0.69,30.7,28.6,0.3,0.46,0.0,0.0,1.5,1.5,38500.0,G32_58_H12
2024-04-01 00:00:00,27.0,17.0,11.0,15.0,23.0,3.94,1970.0,63.0,71.9999999999709,0.83,0.62,30.9,28.1,0.33,1.0,0.0,0.0,1.5,1.5,38500.0,G32_58_H12
2024-04-02 00:00:00,21.0,12.0,12.0,20.0,28.0,4.15,2075.0,5.0,60.0,0.86,0.73,29.3,27.7,0.52,0.58,0.0,0.0,1.5,1.5,38500.0,G32_58_H12
2024-04-03 00:00:00,17.0,9.0,13.0,8.0,18.0,4.82,2410.0,97.0,60.0,0.8,0.69,29.3,26.8,0.52,0.61,0.0,0.0,1.5,1.5,38500.0,G32_58_H12
2024-04-04 00:00:00,15.0,6.0,14.0,17.0,48.0,5.38,2690.0,141.0,44.00000000001455,0.76,0.62,29.2,26.4,0.51,0.5599999999999999,0.0,0.0,1.5,1.5,38500.0,G32_58_H12
2024-04-05 00:00:00,18.0,10.0,15.0,18.0,38.0,5.94,2970.0,170.0,52.000000000043656,0.78,0.6,28.7,26.2,0.45,0.61,0.0,0.0,2.0,2.0,38500.0,G32_58_H12
2024-04-06 00:00:00,18.0,10.0,16.0,26.0,52.0,6.39,3195.0,95.0,43.99999999994179,0.72,0.64,27.9,25.7,0.53,0.58,0.0,0.0,2.0,2.0,38500.0,G32_58_H12
2024-04-07 00:00:00,19.0,12.0,17.0,13.0,77.0,6.73,3365.0,103.0,44.00000000001455,0.79,0.62,27.6,25.0,0.57,0.81,0.0,0.0,2.0,2.0,38500.0,G32_58_H12
2024-04-08 00:00:00,19.0,8.0,18.0,20.0,96.0,7.15,3575.0,58.0,48.000000000029104,0.8,0.69,27.2,25.0,0.6,0.81,0.0,0.0,2.0,2.0,38500.0,G32_58_H12
2024-04-09 00:00:00,22.0,12.0,19.0,9.0,28.0,8.33,4165.0,89.0,60.0,0.8,0.6,27.5,24.5,0.5,1.36,0.0,0.0,2.0,2.5,38500.0,G32_58_H12
2024-04-10 00:00:00,22.0,13.0,20.0,17.0,48.0,8.12,4060.0,8.0,60.0,0.76,0.54,27.8,24.5,0.63,1.24,0.0,0.0,2.0,2.5,38500.0,G32_58_H12
2024-04-11 00:00:00,23.0,14.0,21.0,15.0,43.0,9.66,4830.0,2.0,95.99999999998545,0.77,0.64,27.1,24.6,0.57,1.14,0.0,0.0,2.0,2.5,38500.0,G32_58_H12
2024-04-12 00:00:00,23.0,15.0,22.0,10.0,44.0,9.69,4845.0,1.0,48.000000000029104,0.79,0.66,26.5,24.5,0.84,1.68,0.0,0.0,2.0,4.0,38500.0,G32_58_H12
2024-04-13 00:00:00,20.0,14.0,23.0,6.0,43.0,9.73,4865.0,2.0,91.9999999999709,0.81,0.69,25.7,23.7,0.69,1.56,0.0,0.0,2.0,4.0,38500.0,G32_58_H12
2024-04-14 00:00:00,21.0,14.0,24.0,4.0,35.0,10.0,5000.0,4.0,111.9999999999709,0.8,0.72,25.2,23.7,0.72,1.45,0.0,0.0,2.0,4.0,38500.0,G32_58_H12
2024-04-15 00:00:00,26.0,15.0,25.0,9.0,58.0,10.6,5300.0,5.0,112.00000000004366,0.82,0.64,26.8,22.5,0.84,2.36,0.0,0.0,2.5,7.0,38500.0,G32_58_H12
2024-04-16 00:00:00,26.0,14.0,26.0,7.0,40.0,11.26,5630.0,2.0,171.9999999999709,0.8,0.52,26.1,22.6,1.11,2.53,0.0,0.0,3.5,8.0,38500.0,G32_58_H12
2024-04-17 00:00:00,19.0,11.0,27.0,8.0,130.0,11.26,5630.0,2.0,175.99999999998545,0.72,0.6,23.7,22.0,0.93,1.24,0.0,0.0,3.0,4.0,38500.0,G32_58_H12
2024-04-18 00:00:00,24.0,14.0,28.0,8.0,50.0,11.97,5985.0,61.0,108.0000000000291,0.81,0.47,26.3,21.1,0.55,1.76,0.0,0.0,2.0,6.0,38500.0,G32_58_H12
2024-04-19 00:00:00,22.0,13.0,29.0,5.0,30.0,12.77,6385.0,53.0,148.0000000000291,0.76,0.59,24.9,21.2,0.69,1.66,0.0,0.0,2.5,6.0,38500.0,G32_58_H12
2024-04-20 00:00:00,23.0,14.0,30.0,16.0,88.0,12.41,6205.0,19.0,120.0,0.84,0.74,23.0,20.4,0.79,1.84,0.0,0.0,2.5,7.0,38500.0,G32_58_H12
2024-04-21 00:00:00,23.0,14.0,31.0,22.0,55.0,12.39,6195.0,28.0,167.99999999995634,0.79,0.63,23.6,20.0,0.99,1.74,0.0,0.0,4.0,7.0,38500.0,G32_58_H12
2024-04-22 00:00:00,24.0,15.0,32.0,40.0,43.0,13.01,6505.0,18.0,184.00000000001455,0.81,0.61,25.3,19.3,1.06,2.12,0.0,0.0,4.5,9.0,38500.0,G32_58_H12
2024-04-23 00:00:00,24.0,13.0,33.0,46.0,110.0,12.94,6470.0,0.0,228.0000000000291,0.81,0.61,26.7,20.2,1.12,2.24,0.0,0.0,5.0,10.0,38500.0,G32_58_H12
2024-04-24 00:00:00,26.0,15.0,34.0,42.0,273.0,13.48,6740.0,52.0,220.0,0.78,0.32,27.7,17.8,1.07,2.56,0.0,0.0,5.0,11.0,38500.0,G32_58_H12
2024-04-25 00:00:00,28.0,16.0,35.0,46.0,117.0,14.26,7130.0,21.0,247.99999999995634,0.79,0.42,28.6,18.1,1.02,2.86,0.0,0.0,5.0,14.0,38500.0,G32_58_H12
2024-04-26 00:00:00,27.0,16.0,36.0,76.0,26.0,14.85,7425.0,0.0,248.0,0.76,0.57,27.4,19.3,1.17,2.73,0.0,0.0,6.0,14.0,38500.0,G32_58_H12
2024-04-27 00:00:00,27.0,16.0,37.0,30.0,17.0,14.77,7385.0,0.0,248.0000000000291,0.85,0.61,25.2,18.9,1.12,2.62,0.0,0.0,6.0,14.0,38500.0,G32_58_H12
2024-03-19 00:00:00,16.0,4.0,,,,,,,,,,,,,,,,,,38800.0,G32_58_H13
2024-03-20 00:00:00,18.0,8.0,,,,,,,,,,,,,,,,,,38800.0,G32_58_H13
2024-03-21 00:00:00,24.0,11.0,0.0,0.0,0.0,0.0,0.0,0.0,0.0,0.0,0.0,0.0,0.0,0.0,0.0,0.0,0.0,0.0,0.0,38800.0,G32_58_H13
2024-03-22 00:00:00,26.0,15.0,1.0,25.0,2.0,0.8,400.0,683.0,60.0,0.65,0.47,35.5,33.4,0.51,0.51,0.0,0.0,1.0,1.0,38800.0,G32_58_H13
2024-03-23 00:00:00,17.0,13.0,2.0,19.0,3.0,1.0,500.0,140.0,92.00000000004366,0.74,0.68,34.7,32.3,0.39,0.51,0.0,0.0,1.0,1.0,38800.0,G32_58_H13
2024-03-24 00:00:00,15.0,9.0,3.0,20.0,8.0,1.3,650.0,180.0,84.00000000001455,0.69,0.59,33.6,31.3,0.35,0.45,0.0,0.0,1.0,1.0,38800.0,G32_58_H13
2024-03-25 00:00:00,10.0,5.0,4.0,26.0,12.0,1.7,850.0,117.0,83.99999999994179,0.7,0.62,33.3,30.8,0.32,0.4,0.0,0.0,1.0,1.0,38800.0,G32_58_H13
2024-03-26 00:00:00,16.0,8.0,5.0,20.0,12.0,1.9,950.0,165.0,84.00000000001455,0.78,0.68,32.6,30.4,0.39,0.46,0.0,0.0,1.0,1.0,38800.0,G32_58_H13
2024-03-27 00:00:00,21.0,10.0,6.0,15.0,8.0,2.32,1160.0,99.0,84.00000000001455,0.8,0.74,31.9,29.9,0.32,0.38,0.0,0.0,1.0,1.0,38800.0,G32_58_H13
2024-03-28 00:00:00,21.0,11.0,7.0,20.0,10.0,2.53,1265.0,110.0,91.9999999999709,0.84,0.77,31.0,28.9,0.3,0.35,0.0,0.0,1.5,1.5,38800.0,G32_58_H13
2024-03-29 00:00:00,27.0,13.0,8.0,17.0,283.0,2.85,1425.0,86.0,84.00000000001455,0.81,0.7,31.5,29.2,0.35,0.81,0.0,0.0,1.5,1.5,38800.0,G32_58_H13
2024-03-30 00:00:00,28.0,12.0,9.0,50.0,12.0,2.86,1430.0,34.0,48.000000000029104,0.84,0.66,32.1,29.4,0.3,1.2,0.0,0.0,1.5,1.5,38800.0,G32_58_H13
2024-03-31 00:00:00,22.0,12.0,10.0,26.0,28.0,3.78,1890.0,59.0,67.99999999995634,0.82,0.72,31.3,29.0,0.3,0.61,0.0,0.0,1.5,1.5,38800.0,G32_58_H13
2024-04-01 00:00:00,27.0,17.0,11.0,12.0,22.0,4.28,2140.0,63.0,68.0000000000291,0.84,0.67,32.0,28.4,0.33,1.0,0.0,0.0,1.5,1.5,38800.0,G32_58_H13
2024-04-02 00:00:00,21.0,12.0,12.0,18.0,28.0,4.3,2150.0,5.0,64.00000000001455,0.85,0.75,29.2,28.1,0.52,0.58,0.0,0.0,1.5,1.5,38800.0,G32_58_H13
2024-04-03 00:00:00,17.0,9.0,13.0,16.0,30.0,5.22,2610.0,97.0,51.999999999970896,0.81,0.68,29.2,27.4,0.52,0.61,0.0,0.0,1.5,1.5,38800.0,G32_58_H13
2024-04-04 00:00:00,15.0,6.0,14.0,7.0,33.0,5.55,2775.0,141.0,60.0,0.76,0.59,28.9,26.7,0.51,0.5599999999999999,0.0,0.0,1.5,1.5,38800.0,G32_58_H13
2024-04-05 00:00:00,18.0,10.0,15.0,15.0,35.0,5.85,2925.0,170.0,48.000000000029104,0.77,0.59,28.5,26.2,0.45,0.61,0.0,0.0,2.0,2.0,38800.0,G32_58_H13
2024-04-06 00:00:00,18.0,10.0,16.0,12.0,44.0,6.35,3175.0,95.0,55.99999999998545,0.75,0.64,28.1,26.1,0.5,0.55,0.0,0.0,2.0,2.0,38800.0,G32_58_H13
2024-04-07 00:00:00,19.0,12.0,17.0,18.0,42.0,6.69,3345.0,103.0,51.999999999970896,0.78,0.66,28.5,25.3,0.57,0.81,0.0,0.0,2.0,2.0,38800.0,G32_58_H13
2024-04-08 00:00:00,19.0,8.0,18.0,15.0,50.0,7.46,3730.0,58.0,60.0,0.8,0.7,27.5,25.4,0.6,0.8,0.0,0.0,2.0,2.0,38800.0,G32_58_H13
2024-04-09 00:00:00,22.0,12.0,19.0,10.0,38.0,7.7,3850.0,90.0,60.0,0.79,0.56,28.5,25.0,0.5,1.36,0.0,0.0,2.0,2.5,38800.0,G32_58_H13
2024-04-10 00:00:00,22.0,13.0,20.0,12.0,40.0,8.17,4085.0,8.0,68.0000000000291,0.78,0.53,28.2,24.8,0.59,1.24,0.0,0.0,2.0,2.5,38800.0,G32_58_H13
2024-04-11 00:00:00,23.0,14.0,21.0,10.0,65.0,9.06,4530.0,3.0,75.99999999998545,0.79,0.65,27.3,25.0,0.57,1.13,0.0,0.0,2.0,2.5,38800.0,G32_58_H13
2024-04-12 00:00:00,23.0,15.0,22.0,6.0,35.0,9.17,4585.0,1.0,92.00000000004366,0.8,0.68,26.8,24.7,0.78,1.68,0.0,0.0,2.0,4.0,38800.0,G32_58_H13
2024-04-13 00:00:00,20.0,14.0,23.0,5.0,31.0,10.0,5000.0,2.0,100.0,0.8,0.71,25.6,23.7,0.64,1.55,0.0,0.0,2.0,4.0,38800.0,G32_58_H13
2024-04-14 00:00:00,21.0,14.0,24.0,7.0,13.0,10.06,5030.0,4.0,123.99999999994179,0.79,0.75,25.1,23.6,0.72,1.45,0.0,0.0,3.5,4.0,38800.0,G32_58_H13
2024-04-15 00:00:00,26.0,15.0,25.0,4.0,81.0,10.4,5200.0,5.0,120.0,0.81,0.65,27.3,22.4,0.84,2.36,0.0,0.0,2.5,7.0,38800.0,G32_58_H13
2024-04-16 00:00:00,26.0,14.0,26.0,6.0,47.0,10.39,5195.0,2.0,196.0000000000582,0.82,0.52,26.5,22.8,1.1,2.51,0.0,0.0,3.5,8.0,38800.0,G32_58_H13
2024-04-17 00:00:00,19.0,11.0,27.0,7.0,45.0,11.25,5625.0,2.0,200.0,0.72,0.63,23.9,21.9,0.92,1.22,0.0,0.0,3.0,4.0,38800.0,G32_58_H13
2024-04-18 00:00:00,24.0,14.0,28.0,10.0,78.0,11.67,5835.0,61.0,127.99999999995634,0.81,0.49,26.7,21.2,0.55,2.03,0.0,0.0,2.0,7.0,38800.0,G32_58_H13
2024-04-19 00:00:00,22.0,13.0,29.0,8.0,28.0,12.63,6315.0,53.0,175.99999999998545,0.76,0.6,24.3,21.0,0.82,1.64,0.0,0.0,3.0,6.0,38800.0,G32_58_H13
2024-04-20 00:00:00,23.0,14.0,30.0,10.0,43.0,13.32,6660.0,19.0,160.0,0.84,0.72,23.6,20.2,0.91,1.84,0.0,0.0,3.0,7.0,38800.0,G32_58_H13
2024-04-21 00:00:00,23.0,14.0,31.0,9.0,39.0,12.5,6250.0,28.0,188.0000000000291,0.79,0.63,24.3,20.3,0.98,1.72,0.0,0.0,4.0,7.0,38800.0,G32_58_H13
2024-04-22 00:00:00,24.0,15.0,32.0,9.0,49.0,12.97,6485.0,18.0,224.00000000001455,0.81,0.59,25.7,19.6,1.05,2.1,0.0,0.0,4.5,9.0,38800.0,G32_58_H13
2024-04-23 00:00:00,24.0,13.0,33.0,12.0,65.0,13.05,6525.0,0.0,260.0,0.8,0.61,26.7,20.1,1.33,2.21,0.0,0.0,6.0,10.0,38800.0,G32_58_H13
2024-04-24 00:00:00,26.0,15.0,34.0,30.0,110.0,11.93,5965.0,52.0,251.9999999999709,0.77,0.33,27.6,18.5,1.05,2.11,0.0,0.0,5.0,10.0,38800.0,G32_58_H13
2024-04-25 00:00:00,28.0,16.0,35.0,60.0,48.0,12.59,6295.0,21.0,264.00000000001455,0.82,0.46,28.6,18.4,1.01,2.82,0.0,0.0,5.0,14.0,38800.0,G32_58_H13
2024-04-26 00:00:00,27.0,16.0,36.0,40.0,38.0,13.06,6530.0,0.0,188.0000000000291,0.77,0.58,27.3,19.2,1.16,2.7,0.0,0.0,6.0,14.0,38800.0,G32_58_H13
2024-04-27 00:00:00,27.0,16.0,37.0,38.0,7.0,13.8,6900.0,0.0,251.9999999999709,0.85,0.68,25.6,18.7,1.11,2.59,0.0,0.0,6.0,14.0,38800.0,G32_58_H13
2024-03-19 00:00:00,16.0,4.0,1.0,28.0,0.0,0.78,390.0,554.0,60.0,0.62,0.43,36.1,33.0,0.35,0.35,0.0,0.0,1.0,1.0,37800.0,G32_58_H14
2024-03-20 00:00:00,18.0,8.0,2.0,34.0,0.0,1.01,505.0,202.0,100.0,0.74,0.57,34.7,32.6,0.39,0.39,0.0,0.0,1.0,1.0,37800.0,G32_58_H14
2024-03-21 00:00:00,24.0,11.0,3.0,14.0,15.0,1.43,715.0,258.0,100.0,0.71,0.58,34.7,31.5,0.3,0.3,0.0,0.0,1.0,1.0,37800.0,G32_58_H14
2024-03-22 00:00:00,26.0,15.0,4.0,15.0,21.0,1.8,900.0,223.0,103.99999999994179,0.78,0.59,33.7,30.6,0.49,0.49,0.0,0.0,1.0,1.0,37800.0,G32_58_H14
2024-03-23 00:00:00,17.0,13.0,5.0,13.0,23.0,2.0,1000.0,140.0,84.00000000001455,0.75,0.69,31.6,30.1,0.4,0.47,0.0,0.0,1.0,1.0,37800.0,G32_58_H14
2024-03-24 00:00:00,15.0,9.0,6.0,11.0,21.0,2.2,1100.0,180.0,92.00000000004366,0.81,0.75,31.5,29.5,0.35,0.41,0.0,0.0,1.0,1.0,37800.0,G32_58_H14
2024-03-25 00:00:00,10.0,5.0,7.0,10.0,18.0,2.4,1200.0,117.0,115.99999999998545,0.82,0.73,31.1,28.9,0.35,0.42,0.0,0.0,1.5,1.5,37800.0,G32_58_H14
2024-03-26 00:00:00,16.0,8.0,8.0,3.0,267.0,2.52,1260.0,165.0,60.0,0.84,0.79,30.7,28.9,0.3,0.36,0.0,0.0,1.5,1.5,37800.0,G32_58_H14
2024-03-27 00:00:00,21.0,10.0,9.0,39.0,21.0,2.43,1215.0,99.0,75.99999999998545,0.82,0.75,30.9,28.9,0.31,0.36,0.0,0.0,1.5,1.5,37800.0,G32_58_H14
2024-03-28 00:00:00,21.0,11.0,10.0,11.0,32.0,3.22,1610.0,110.0,64.00000000001455,0.84,0.77,30.4,28.6,0.31,0.36,0.0,0.0,1.5,1.5,37800.0,G32_58_H14
2024-03-29 00:00:00,27.0,13.0,11.0,25.0,97.0,3.52,1760.0,86.0,60.0,0.82,0.72,30.9,28.1,0.39,0.86,0.0,0.0,1.5,1.5,37800.0,G32_58_H14
2024-03-30 00:00:00,28.0,12.0,12.0,14.0,59.0,4.57,2285.0,34.0,71.9999999999709,0.82,0.67,31.5,28.0,0.53,1.16,0.0,0.0,1.5,1.5,37800.0,G32_58_H14
2024-03-31 00:00:00,22.0,12.0,13.0,10.0,44.0,4.96,2480.0,59.0,75.99999999998545,0.82,0.7,29.5,27.1,0.35,0.55,0.0,0.0,1.5,1.5,37800.0,G32_58_H14
2024-04-01 00:00:00,27.0,17.0,14.0,13.0,57.0,5.11,2555.0,63.0,72.00000000004366,0.81,0.69,30.9,26.5,0.47,1.12,0.0,0.0,1.5,1.5,37800.0,G32_58_H14
2024-04-02 00:00:00,21.0,12.0,15.0,15.0,94.0,5.56,2780.0,5.0,80.0,0.82,0.76,29.5,27.4,0.5,0.61,0.0,0.0,2.0,2.0,37800.0,G32_58_H14
2024-04-03 00:00:00,17.0,9.0,16.0,12.0,89.0,5.96,2980.0,97.0,47.999999999956344,0.82,0.74,28.5,26.2,0.51,0.62,0.0,0.0,2.0,2.0,37800.0,G32_58_H14
2024-04-04 00:00:00,15.0,6.0,17.0,10.0,199.0,6.35,3175.0,141.0,64.00000000001455,0.79,0.65,28.2,25.7,0.6,0.6499999999999999,0.0,0.0,2.0,2.0,37800.0,G32_58_H14
2024-04-05 00:00:00,18.0,10.0,18.0,9.0,152.0,6.76,3380.0,170.0,52.000000000043656,0.78,0.61,27.9,25.3,0.54,0.67,0.0,0.0,2.0,2.0,37800.0,G32_58_H14
2024-04-06 00:00:00,18.0,10.0,19.0,8.0,50.0,7.5,3750.0,95.0,51.999999999970896,0.76,0.64,27.1,24.8,0.57,0.61,0.0,0.0,2.0,2.0,37800.0,G32_58_H14
2024-04-07 00:00:00,19.0,12.0,20.0,6.0,25.0,8.1,4050.0,103.0,64.00000000001455,0.8,0.69,28.2,24.3,0.57,0.79,0.0,0.0,2.0,2.0,37800.0,G32_58_H14
2024-04-08 00:00:00,19.0,8.0,21.0,4.0,22.0,8.57,4285.0,59.0,64.00000000001455,0.81,0.73,26.6,24.3,0.6,0.86,0.0,0.0,2.0,2.0,37800.0,G32_58_H14
2024-04-09 00:00:00,22.0,12.0,22.0,3.0,17.0,8.74,4370.0,90.0,75.99999999998545,0.81,0.6,27.8,23.8,0.49,1.28,0.0,0.0,2.0,3.0,37800.0,G32_58_H14
2024-04-10 00:00:00,22.0,13.0,23.0,4.0,15.0,9.31,4655.0,8.0,91.9999999999709,0.79,0.53,27.6,23.9,0.54,1.39,0.0,0.0,2.0,3.5,37800.0,G32_58_H14
2024-04-11 00:00:00,23.0,14.0,24.0,3.0,13.0,9.55,4775.0,3.0,95.99999999998545,0.79,0.68,26.6,23.6,0.54,1.29,0.0,0.0,2.0,3.5,37800.0,G32_58_H14
2024-04-12 00:00:00,23.0,15.0,25.0,3.0,9.0,9.92,4960.0,1.0,132.00000000004366,0.81,0.7,26.6,23.4,0.69,1.72,0.0,0.0,2.0,5.0,37800.0,G32_58_H14
2024-04-13 00:00:00,20.0,14.0,26.0,4.0,7.0,10.29,5145.0,2.0,160.0,0.81,0.75,24.7,22.3,0.81,1.61,0.0,0.0,2.5,5.0,37800.0,G32_58_H14
2024-04-14 00:00:00,21.0,14.0,27.0,3.0,7.0,10.64,5320.0,4.0,164.00000000001455,0.82,0.78,24.1,22.2,1.06,1.51,0.0,0.0,3.5,5.0,37800.0,G32_58_H14
2024-04-15 00:00:00,26.0,15.0,28.0,4.0,11.0,10.79,5395.0,5.0,167.99999999995634,0.82,0.68,26.2,21.5,0.86,2.29,0.0,0.0,3.0,8.0,37800.0,G32_58_H14
2024-04-16 00:00:00,26.0,14.0,29.0,3.0,11.0,11.36,5680.0,2.0,235.99999999998545,0.83,0.52,26.2,21.5,1.22,2.44,0.0,0.0,4.5,9.0,37800.0,G32_58_H14
2024-04-17 00:00:00,19.0,11.0,30.0,4.0,16.0,11.56,5780.0,2.0,236.0000000000582,0.73,0.64,23.1,20.9,1.07,1.34,0.0,0.0,4.0,5.0,37800.0,G32_58_H14
2024-04-18 00:00:00,24.0,14.0,31.0,5.0,14.0,12.75,6375.0,61.0,171.9999999999709,0.82,0.48,25.8,19.7,0.64,2.03,0.0,0.0,2.5,8.0,37800.0,G32_58_H14
2024-04-19 00:00:00,22.0,13.0,32.0,6.0,12.0,13.08,6540.0,53.0,240.0,0.79,0.62,24.0,19.3,0.96,1.68,0.0,0.0,4.0,7.0,37800.0,G32_58_H14
2024-04-20 00:00:00,23.0,14.0,33.0,11.0,19.0,13.68,6840.0,19.0,204.00000000001455,0.82,0.74,22.7,18.8,1.03,1.83,0.0,0.0,4.5,8.0,37800.0,G32_58_H14
2024-04-21 00:00:00,23.0,14.0,34.0,13.0,20.0,13.01,6505.0,28.0,235.99999999998545,0.82,0.67,23.4,19.0,1.09,1.75,0.0,0.0,5.0,8.0,37800.0,G32_58_H14
2024-04-22 00:00:00,24.0,15.0,35.0,15.0,16.0,13.92,6960.0,18.0,255.99999999998545,0.83,0.63,25.3,18.3,1.04,2.5,0.0,0.0,5.0,11.0,37800.0,G32_58_H14
2024-04-23 00:00:00,24.0,13.0,36.0,11.0,21.0,13.56,6780.0,0.0,300.0,0.83,0.6,27.3,19.3,1.39,2.6,0.0,0.0,7.0,13.0,37800.0,G32_58_H14
2024-04-24 00:00:00,26.0,15.0,37.0,26.0,25.0,13.31,6655.0,52.0,112.00000000004366,0.82,0.32,26.8,16.9,1.15,2.49,0.0,0.0,6.0,13.0,37800.0,G32_58_H14
2024-04-25 00:00:00,28.0,16.0,38.0,0.0,0.0,0.0,0.0,0.0,,0.0,0.0,0.0,0.0,0.0,0.0,0.0,0.0,6.0,14.0,37800.0,G32_58_H14
2024-04-26 00:00:00,27.0,16.0,39.0,0.0,0.0,0.0,0.0,0.0,,0.0,0.0,0.0,0.0,0.0,0.0,0.0,0.0,0.0,14.0,37800.0,G32_58_H14
2024-04-27 00:00:00,27.0,16.0,40.0,0.0,0.0,0.0,0.0,0.0,,0.0,0.0,0.0,0.0,0.0,0.0,0.0,0.0,0.0,14.0,37800.0,G32_58_H14
2024-03-19 00:00:00,16.0,4.0,0.0,0.0,0.0,0.0,0.0,0.0,,0.0,0.0,0.0,0.0,0.0,0.0,0.0,0.0,0.0,0.0,38200.0,G32_58_H15
2024-03-20 00:00:00,18.0,8.0,1.0,41.0,0.0,0.78,390.0,758.0,60.0,0.72,0.56,35.8,32.8,0.35,0.35,0.0,0.0,1.0,1.0,38200.0,G32_58_H15
2024-03-21 00:00:00,24.0,11.0,2.0,45.0,0.0,1.01,505.0,258.0,87.99999999995634,0.7,0.59,35.1,32.3,0.39,0.39,0.0,0.0,1.0,1.0,38200.0,G32_58_H15
2024-03-22 00:00:00,26.0,15.0,3.0,26.0,17.0,1.52,760.0,223.0,92.00000000004366,0.76,0.54,33.9,31.3,0.6,0.6,0.0,0.0,1.0,1.0,38200.0,G32_58_H15
2024-03-23 00:00:00,17.0,13.0,4.0,24.0,20.0,1.8,900.0,140.0,83.99999999994179,0.74,0.67,32.5,30.6,0.4,0.49,0.0,0.0,1.0,1.0,38200.0,G32_58_H15
2024-03-24 00:00:00,15.0,9.0,5.0,21.0,26.0,1.9,950.0,180.0,84.00000000001455,0.77,0.68,32.0,29.8,0.38,0.45,0.0,0.0,1.0,1.0,38200.0,G32_58_H15
2024-03-25 00:00:00,10.0,5.0,6.0,15.0,21.0,2.2,1100.0,117.0,88.0000000000291,0.75,0.67,31.7,29.3,0.39,0.45,0.0,0.0,1.0,1.0,38200.0,G32_58_H15
2024-03-26 00:00:00,16.0,8.0,7.0,16.0,18.0,2.4,1200.0,165.0,84.00000000001455,0.81,0.76,30.7,29.3,0.35,0.42,0.0,0.0,1.5,1.5,38200.0,G32_58_H15
2024-03-27 00:00:00,21.0,10.0,8.0,23.0,281.0,2.58,1290.0,99.0,91.9999999999709,0.83,0.77,31.1,28.8,0.35,0.41,0.0,0.0,1.5,1.5,38200.0,G32_58_H15
2024-03-28 00:00:00,21.0,11.0,9.0,33.0,27.0,2.53,1265.0,110.0,80.0,0.81,0.73,30.8,28.8,0.36,0.41,0.0,0.0,1.5,1.5,38200.0,G32_58_H15
2024-03-29 00:00:00,27.0,13.0,10.0,4.0,10.0,2.99,1495.0,86.0,68.0000000000291,0.8,0.71,31.5,28.4,0.44,0.97,0.0,0.0,1.5,1.5,38200.0,G32_58_H15
2024-03-30 00:00:00,28.0,12.0,11.0,5.0,14.0,4.31,2155.0,34.0,63.99999999994179,0.84,0.68,31.5,28.5,0.59,1.36,0.0,0.0,1.5,1.5,38200.0,G32_58_H15
2024-03-31 00:00:00,22.0,12.0,12.0,6.0,14.0,4.75,2375.0,60.0,72.00000000004366,0.83,0.72,29.4,27.5,0.4,0.56,0.0,0.0,1.5,1.5,38200.0,G32_58_H15
2024-04-01 00:00:00,27.0,17.0,13.0,10.0,24.0,5.21,2605.0,63.0,71.9999999999709,0.83,0.64,31.4,26.9,0.52,1.25,0.0,0.0,1.5,1.5,38200.0,G32_58_H15
2024-04-02 00:00:00,21.0,12.0,14.0,9.0,16.0,5.69,2845.0,5.0,84.00000000001455,0.83,0.74,29.0,27.7,0.57,0.62,0.0,0.0,1.5,1.5,38200.0,G32_58_H15
2024-04-03 00:00:00,17.0,9.0,15.0,8.0,14.0,5.84,2920.0,97.0,48.000000000029104,0.84,0.72,28.7,26.5,0.5,0.6,0.0,0.0,2.0,2.0,38200.0,G32_58_H15
2024-04-04 00:00:00,15.0,6.0,16.0,7.0,39.0,6.31,3155.0,141.0,51.999999999970896,0.78,0.64,29.0,26.3,0.57,0.62,0.0,0.0,2.0,2.0,38200.0,G32_58_H15
2024-04-05 00:00:00,18.0,10.0,17.0,6.0,33.0,6.72,3360.0,170.0,55.99999999998545,0.77,0.62,28.0,25.6,0.53,0.66,0.0,0.0,2.0,2.0,38200.0,G32_58_H15
2024-04-06 00:00:00,18.0,10.0,18.0,5.0,17.0,7.42,3710.0,95.0,52.000000000043656,0.72,0.64,27.5,25.2,0.56,0.6,0.0,0.0,2.0,2.0,38200.0,G32_58_H15
2024-04-07 00:00:00,19.0,12.0,19.0,4.0,15.0,7.57,3785.0,103.0,67.99999999995634,0.8,0.68,27.9,24.8,0.58,0.8,0.0,0.0,2.0,2.0,38200.0,G32_58_H15
2024-04-08 00:00:00,19.0,8.0,20.0,5.0,34.0,8.01,4005.0,59.0,52.000000000043656,0.82,0.71,26.9,25.1,0.6,0.83,0.0,0.0,2.0,2.0,38200.0,G32_58_H15
2024-04-09 00:00:00,22.0,12.0,21.0,4.0,20.0,8.74,4370.0,90.0,71.9999999999709,0.81,0.62,28.4,24.2,0.52,1.37,0.0,0.0,2.0,3.0,38200.0,G32_58_H15
2024-04-10 00:00:00,22.0,13.0,22.0,5.0,16.0,9.47,4735.0,8.0,75.99999999998545,0.79,0.55,28.0,24.5,0.58,1.47,0.0,0.0,2.0,3.5,38200.0,G32_58_H15
2024-04-11 00:00:00,23.0,14.0,23.0,4.0,13.0,9.98,4990.0,3.0,100.0,0.8,0.67,26.6,24.0,0.58,1.38,0.0,0.0,2.0,3.5,38200.0,G32_58_H15
2024-04-12 00:00:00,23.0,15.0,24.0,3.0,11.0,11.25,5625.0,1.0,128.0000000000291,0.81,0.71,26.4,23.5,0.73,1.83,0.0,0.0,2.0,5.0,38200.0,G32_58_H15
2024-04-13 00:00:00,20.0,14.0,25.0,2.0,11.0,10.89,5445.0,2.0,151.9999999999709,0.8,0.72,24.9,22.5,0.85,1.7,0.0,0.0,2.5,5.0,38200.0,G32_58_H15
2024-04-14 00:00:00,21.0,14.0,26.0,3.0,10.0,10.91,5455.0,4.0,160.0,0.81,0.73,24.5,22.5,1.12,1.6,0.0,0.0,2.5,5.0,38200.0,G32_58_H15
2024-04-15 00:00:00,26.0,15.0,27.0,4.0,15.0,10.95,5475.0,5.0,172.00000000004366,0.83,0.67,26.4,21.7,1.05,2.69,0.0,0.0,3.5,8.0,38200.0,G32_58_H15
2024-04-16 00:00:00,26.0,14.0,28.0,3.0,9.0,11.34,5670.0,2.0,115.99999999998545,0.82,0.53,25.9,21.8,1.28,2.55,0.0,0.0,4.5,9.0,38200.0,G32_58_H15
2024-04-17 00:00:00,19.0,11.0,29.0,0.0,22.0,11.68,5840.0,2.0,351.9999999999709,0.73,0.62,22.9,21.3,1.1,1.37,0.0,0.0,4.0,5.0,38200.0,G32_58_H15
2024-04-18 00:00:00,24.0,14.0,30.0,5.0,14.0,12.66,6330.0,62.0,168.0000000000291,0.83,0.5,25.5,20.0,0.65,2.09,0.0,0.0,2.5,8.0,38200.0,G32_58_H15
2024-04-19 00:00:00,22.0,13.0,31.0,7.0,11.0,12.92,6460.0,53.0,231.9999999999709,0.78,0.63,24.4,19.8,0.99,1.73,0.0,0.0,4.0,7.0,38200.0,G32_58_H15
2024-04-20 00:00:00,23.0,14.0,32.0,25.0,25.0,13.31,6655.0,19.0,164.00000000001455,0.83,0.73,22.5,19.3,1.05,1.88,0.0,0.0,4.5,8.0,38200.0,G32_58_H15
2024-04-21 00:00:00,23.0,14.0,33.0,19.0,21.0,13.13,6565.0,28.0,588.0000000000291,0.81,0.66,23.4,19.1,1.11,1.78,0.0,0.0,5.0,8.0,38200.0,G32_58_H15
2024-04-22 00:00:00,24.0,15.0,34.0,17.0,16.0,13.49,6745.0,18.0,207.99999999995634,0.83,0.61,25.4,18.3,1.07,2.55,0.0,0.0,5.0,11.0,38200.0,G32_58_H15
2024-04-23 00:00:00,24.0,13.0,35.0,24.0,46.0,13.34,6670.0,0.0,172.00000000004366,0.82,0.62,27.4,19.6,1.42,2.64,0.0,0.0,7.0,13.0,38200.0,G32_58_H15
2024-04-24 00:00:00,26.0,15.0,36.0,23.0,29.0,13.48,6740.0,52.0,140.0,0.79,0.31,27.2,17.0,1.16,2.52,0.0,0.0,6.0,13.0,38200.0,G32_58_H15
2024-04-25 00:00:00,28.0,16.0,37.0,22.0,29.0,13.71,6855.0,21.0,311.9999999999709,0.83,0.41,27.0,17.6,1.12,2.6,0.0,0.0,6.0,14.0,38200.0,G32_58_H15
2024-04-26 00:00:00,27.0,16.0,38.0,0.0,0.0,0.0,0.0,0.0,,0.0,0.0,0.0,0.0,0.0,0.0,0.0,0.0,0.0,14.0,38200.0,G32_58_H15
2024-04-27 00:00:00,27.0,16.0,39.0,0.0,0.0,0.0,0.0,0.0,,0.0,0.0,0.0,0.0,0.0,0.0,0.0,0.0,0.0,14.0,38200.0,G32_58_H15
2024-03-19 00:00:00,16.0,4.0,0.0,0.0,0.0,0.0,0.0,0.0,,0.0,0.0,0.0,0.0,0.0,0.0,0.0,0.0,0.0,0.0,37200.0,G32_58_H16
2024-03-20 00:00:00,18.0,8.0,1.0,23.0,0.0,0.78,390.0,758.0,60.0,0.53,0.47,35.6,33.5,0.35,0.35,0.0,0.0,1.0,1.0,37200.0,G32_58_H16
2024-03-21 00:00:00,24.0,11.0,2.0,31.0,0.0,1.01,505.0,258.0,87.99999999995634,0.64,0.54,35.9,32.5,0.39,0.39,0.0,0.0,1.0,1.0,37200.0,G32_58_H16
2024-03-22 00:00:00,26.0,15.0,3.0,34.0,0.0,1.52,760.0,223.0,80.0,0.73,0.56,34.8,31.4,0.62,0.62,0.0,0.0,1.0,1.0,37200.0,G32_58_H16
2024-03-23 00:00:00,17.0,13.0,4.0,25.0,0.0,1.8,900.0,140.0,75.99999999998545,0.75,0.69,33.1,30.9,0.4,0.49,0.0,0.0,1.0,1.0,37200.0,G32_58_H16
2024-03-24 00:00:00,15.0,9.0,5.0,27.0,0.0,1.9,950.0,180.0,72.00000000004366,0.76,0.69,31.9,30.2,0.38,0.45,0.0,0.0,1.0,1.0,37200.0,G32_58_H16
2024-03-25 00:00:00,10.0,5.0,6.0,17.0,10.0,2.2,1100.0,117.0,67.99999999995634,0.74,0.68,31.5,29.6,0.39,0.45,0.0,0.0,1.0,1.0,37200.0,G32_58_H16
2024-03-26 00:00:00,16.0,8.0,7.0,15.0,9.0,2.4,1200.0,165.0,48.000000000029104,0.84,0.74,30.8,29.4,0.36,0.43,0.0,0.0,1.5,1.5,37200.0,G32_58_H16
2024-03-27 00:00:00,21.0,10.0,8.0,28.0,180.0,2.68,1340.0,99.0,124.00000000001455,0.82,0.76,31.3,29.1,0.3,0.36,0.0,0.0,1.5,1.5,37200.0,G32_58_H16
2024-03-28 00:00:00,21.0,11.0,9.0,32.0,13.0,2.29,1145.0,110.0,47.999999999956344,0.79,0.71,30.6,29.1,0.3,0.35,0.0,0.0,1.5,1.5,37200.0,G32_58_H16
2024-03-29 00:00:00,27.0,13.0,10.0,16.0,8.0,2.67,1335.0,86.0,76.00000000005821,0.72,0.61,30.8,28.5,0.36,0.82,0.0,0.0,1.5,1.5,37200.0,G32_58_H16
2024-03-30 00:00:00,28.0,12.0,11.0,6.0,3.0,3.86,1930.0,34.0,43.99999999994179,0.86,0.66,31.6,28.3,0.52,1.22,0.0,0.0,1.5,1.5,37200.0,G32_58_H16
2024-03-31 00:00:00,22.0,12.0,12.0,10.0,11.0,4.38,2190.0,60.0,52.000000000043656,0.81,0.69,29.5,27.7,0.32,0.44,0.0,0.0,1.5,1.5,37200.0,G32_58_H16
2024-04-01 00:00:00,27.0,17.0,13.0,11.0,12.0,4.65,2325.0,63.0,95.99999999998545,0.83,0.65,30.7,27.1,0.36,1.11,0.0,0.0,1.5,1.5,37200.0,G32_58_H16
2024-04-02 00:00:00,21.0,12.0,14.0,13.0,14.0,5.28,2640.0,5.0,51.999999999970896,0.84,0.72,29.4,27.9,0.42,0.47,0.0,0.0,1.5,1.5,37200.0,G32_58_H16
2024-04-03 00:00:00,17.0,9.0,15.0,12.0,10.0,5.52,2760.0,97.0,32.000000000043656,0.83,0.74,29.0,26.8,0.4,0.51,0.0,0.0,2.0,2.0,37200.0,G32_58_H16
2024-04-04 00:00:00,15.0,6.0,16.0,10.0,16.0,5.72,2860.0,141.0,47.999999999956344,0.77,0.67,28.4,26.5,0.5,0.5599999999999999,0.0,0.0,2.0,2.0,37200.0,G32_58_H16
2024-04-05 00:00:00,18.0,10.0,17.0,11.0,27.0,6.23,3115.0,170.0,56.00000000005821,0.78,0.6,27.9,25.5,0.55,0.68,0.0,0.0,2.0,2.0,37200.0,G32_58_H16
2024-04-06 00:00:00,18.0,10.0,18.0,8.0,22.0,6.63,3315.0,95.0,51.999999999970896,0.74,0.63,27.3,25.5,0.53,0.58,0.0,0.0,2.0,2.0,37200.0,G32_58_H16
2024-04-07 00:00:00,19.0,12.0,19.0,9.0,19.0,7.39,3695.0,103.0,84.00000000001455,0.79,0.64,27.8,25.0,0.52,0.77,0.0,0.0,2.0,2.0,37200.0,G32_58_H16
2024-04-08 00:00:00,19.0,8.0,20.0,11.0,21.0,7.83,3915.0,59.0,60.0,0.84,0.73,27.2,25.1,0.51,0.8,0.0,0.0,2.0,2.0,37200.0,G32_58_H16
2024-04-09 00:00:00,22.0,12.0,21.0,9.0,24.0,8.13,4065.0,90.0,51.999999999970896,0.83,0.61,28.1,24.5,0.44,1.18,0.0,0.0,2.0,3.0,37200.0,G32_58_H16
2024-04-10 00:00:00,22.0,13.0,22.0,7.0,19.0,8.6,4300.0,8.0,112.00000000004366,0.78,0.54,27.8,24.2,0.55,1.09,0.0,0.0,2.0,2.5,37200.0,G32_58_H16
2024-04-11 00:00:00,23.0,14.0,23.0,11.0,21.0,8.95,4475.0,3.0,67.99999999995634,0.79,0.66,27.2,24.3,0.54,1.01,0.0,0.0,2.0,2.5,37200.0,G32_58_H16
2024-04-12 00:00:00,23.0,15.0,24.0,9.0,21.0,10.37,5185.0,1.0,60.0,0.8,0.71,27.4,24.7,0.7,1.31,0.0,0.0,2.0,3.5,37200.0,G32_58_H16
2024-04-13 00:00:00,20.0,14.0,25.0,7.0,23.0,10.04,5020.0,2.0,152.00000000004366,0.81,0.71,25.8,23.2,0.7,1.4,0.0,0.0,2.0,4.0,37200.0,G32_58_H16
2024-04-14 00:00:00,21.0,14.0,26.0,4.0,6.0,10.66,5330.0,4.0,120.0,0.82,0.74,25.1,23.3,0.82,1.31,0.0,0.0,2.5,4.0,37200.0,G32_58_H16
2024-04-15 00:00:00,26.0,15.0,27.0,9.0,32.0,10.99,5495.0,6.0,200.0,0.84,0.65,27.0,22.1,0.77,2.15,0.0,0.0,2.5,7.0,37200.0,G32_58_H16
2024-04-16 00:00:00,26.0,14.0,28.0,7.0,26.0,11.33,5665.0,2.0,55.99999999998545,0.83,0.56,26.4,22.4,1.16,2.33,0.0,0.0,4.0,8.0,37200.0,G32_58_H16
2024-04-17 00:00:00,19.0,11.0,29.0,8.0,20.0,11.98,5990.0,2.0,451.9999999999709,0.72,0.64,23.6,21.5,1.0,1.27,0.0,0.0,3.5,4.5,37200.0,G32_58_H16
2024-04-18 00:00:00,24.0,14.0,30.0,4.0,16.0,12.35,6175.0,62.0,152.00000000004366,0.81,0.49,26.1,20.4,0.53,1.87,0.0,0.0,2.0,7.0,37200.0,G32_58_H16
2024-04-19 00:00:00,22.0,13.0,31.0,9.0,19.0,12.58,6290.0,53.0,200.0,0.77,0.62,24.8,20.5,0.76,1.52,0.0,0.0,3.0,6.0,37200.0,G32_58_H16
2024-04-20 00:00:00,23.0,14.0,32.0,10.0,27.0,12.67,6335.0,19.0,167.99999999995634,0.83,0.72,23.4,20.0,0.96,1.68,0.0,0.0,4.0,7.0,37200.0,G32_58_H16
2024-04-21 00:00:00,23.0,14.0,33.0,9.0,16.0,12.08,6040.0,28.0,208.0000000000291,0.82,0.65,23.8,19.8,0.91,1.6,0.0,0.0,4.0,7.0,37200.0,G32_58_H16
2024-04-22 00:00:00,24.0,15.0,34.0,8.0,11.0,12.92,6460.0,18.0,247.99999999995634,0.82,0.62,25.3,19.4,1.0,1.96,0.0,0.0,4.5,9.0,37200.0,G32_58_H16
2024-04-23 00:00:00,24.0,13.0,35.0,13.0,27.0,12.52,6260.0,0.0,248.0000000000291,0.82,0.59,27.6,20.0,1.24,2.08,0.0,0.0,6.0,10.0,37200.0,G32_58_H16
2024-04-24 00:00:00,26.0,15.0,36.0,18.0,26.0,12.95,6475.0,52.0,260.0,0.81,0.32,27.1,18.1,0.99,1.99,0.0,0.0,5.0,10.0,37200.0,G32_58_H16
2024-04-25 00:00:00,28.0,16.0,37.0,29.0,10.0,13.09,6545.0,21.0,215.99999999998545,0.82,0.42,28.2,18.2,0.95,2.67,0.0,0.0,5.0,14.0,37200.0,G32_58_H16
2024-04-26 00:00:00,27.0,16.0,38.0,0.0,0.0,0.0,0.0,0.0,,0.0,0.0,0.0,0.0,0.0,0.0,0.0,0.0,0.0,14.0,37200.0,G32_58_H16
2024-04-27 00:00:00,27.0,16.0,39.0,0.0,0.0,0.0,0.0,0.0,,0.0,0.0,0.0,0.0,0.0,0.0,0.0,0.0,0.0,14.0,37200.0,G32_58_H16
2024-03-19 00:00:00,16.0,4.0,0.0,0.0,0.0,0.0,0.0,0.0,,0.0,0.0,0.0,0.0,0.0,0.0,0.0,0.0,0.0,0.0,37200.0,G32_58_H17
2024-03-20 00:00:00,18.0,8.0,1.0,25.0,0.0,0.78,390.0,758.0,60.0,0.6,0.53,35.8,33.5,0.35,0.35,0.0,0.0,1.0,1.0,37200.0,G32_58_H17
2024-03-21 00:00:00,24.0,11.0,2.0,23.0,0.0,1.01,505.0,258.0,75.99999999998545,0.74,0.61,34.8,31.8,0.39,0.39,0.0,0.0,1.0,1.0,37200.0,G32_58_H17
2024-03-22 00:00:00,26.0,15.0,3.0,25.0,0.0,1.51,755.0,223.0,47.999999999992724,0.76,0.62,34.3,32.0,0.62,0.62,0.0,0.0,1.0,1.0,37200.0,G32_58_H17
2024-03-23 00:00:00,17.0,13.0,4.0,32.0,0.0,1.8,900.0,140.0,60.0,0.77,0.69,33.2,31.3,0.4,0.49,0.0,0.0,1.0,1.0,37200.0,G32_58_H17
2024-03-24 00:00:00,15.0,9.0,5.0,31.0,0.0,1.9,950.0,180.0,27.999999999992724,0.78,0.72,32.1,30.2,0.38,0.45,0.0,0.0,1.0,1.0,37200.0,G32_58_H17
2024-03-25 00:00:00,10.0,5.0,6.0,24.0,11.0,2.2,1100.0,117.0,36.00000000002183,0.82,0.73,31.6,29.6,0.45,0.5,0.0,0.0,1.0,1.0,37200.0,G32_58_H17
2024-03-26 00:00:00,16.0,8.0,7.0,19.0,8.0,2.4,1200.0,165.0,72.00000000000728,0.82,0.75,31.4,29.3,0.36,0.43,0.0,0.0,1.5,1.5,37200.0,G32_58_H17
2024-03-27 00:00:00,21.0,10.0,8.0,44.0,200.0,2.6,1300.0,99.0,107.99999999999272,0.83,0.78,31.0,29.1,0.3,0.36,0.0,0.0,1.5,1.5,37200.0,G32_58_H17
2024-03-28 00:00:00,21.0,11.0,9.0,24.0,14.0,2.49,1245.0,110.0,47.999999999992724,0.86,0.74,30.9,29.0,0.3,0.35,0.0,0.0,1.5,1.5,37200.0,G32_58_H17
2024-03-29 00:00:00,27.0,13.0,10.0,14.0,7.0,2.91,1455.0,86.0,52.000000000007276,0.84,0.72,30.5,28.5,0.36,0.82,0.0,0.0,1.5,1.5,37200.0,G32_58_H17
2024-03-30 00:00:00,28.0,12.0,11.0,8.0,5.0,4.07,2035.0,34.0,32.000000000007276,0.84,0.65,30.8,28.2,0.52,1.22,0.0,0.0,1.5,1.5,37200.0,G32_58_H17
2024-03-31 00:00:00,22.0,12.0,12.0,11.0,16.0,4.49,2245.0,60.0,75.99999999998545,0.82,0.68,29.8,27.7,0.4,0.56,0.0,0.0,1.5,1.5,37200.0,G32_58_H17
2024-04-01 00:00:00,27.0,17.0,13.0,13.0,18.0,4.83,2415.0,63.0,47.999999999992724,0.85,0.68,30.8,27.3,0.36,1.11,0.0,0.0,1.5,1.5,37200.0,G32_58_H17
2024-04-02 00:00:00,21.0,12.0,14.0,15.0,18.0,5.47,2735.0,5.0,47.999999999992724,0.87,0.76,29.4,27.7,0.42,0.53,0.0,0.0,1.5,1.5,37200.0,G32_58_H17
2024-04-03 00:00:00,17.0,9.0,15.0,13.0,21.0,5.73,2865.0,97.0,48.000000000029104,0.86,0.71,28.6,26.8,0.4,0.51,0.0,0.0,2.0,2.0,37200.0,G32_58_H17
2024-04-04 00:00:00,15.0,6.0,16.0,11.0,19.0,5.88,2940.0,141.0,51.999999999970896,0.79,0.65,28.7,26.4,0.5,0.5599999999999999,0.0,0.0,2.0,2.0,37200.0,G32_58_H17
2024-04-05 00:00:00,18.0,10.0,17.0,9.0,40.0,6.27,3135.0,170.0,48.000000000029104,0.76,0.63,28.3,25.6,0.55,0.68,0.0,0.0,2.0,2.0,37200.0,G32_58_H17
2024-04-06 00:00:00,18.0,10.0,18.0,11.0,20.0,6.35,3175.0,95.0,55.99999999998545,0.74,0.64,27.8,25.5,0.53,0.58,0.0,0.0,2.0,2.0,37200.0,G32_58_H17
2024-04-07 00:00:00,19.0,12.0,19.0,14.0,32.0,7.32,3660.0,103.0,72.00000000000728,0.81,0.66,27.4,25.1,0.52,0.77,0.0,0.0,2.0,2.0,37200.0,G32_58_H17
2024-04-08 00:00:00,19.0,8.0,20.0,12.0,25.0,7.82,3910.0,59.0,67.99999999999272,0.84,0.7,27.2,25.1,0.51,0.8,0.0,0.0,2.0,2.0,37200.0,G32_58_H17
2024-04-09 00:00:00,22.0,12.0,21.0,15.0,29.0,8.1,4050.0,90.0,64.00000000001455,0.83,0.64,27.5,24.3,0.44,1.18,0.0,0.0,2.0,3.0,37200.0,G32_58_H17
2024-04-10 00:00:00,22.0,13.0,22.0,13.0,18.0,8.7,4350.0,8.0,67.99999999999272,0.77,0.54,27.7,24.5,0.55,1.09,0.0,0.0,2.0,2.5,37200.0,G32_58_H17
2024-04-11 00:00:00,23.0,14.0,23.0,9.0,24.0,8.88,4440.0,3.0,75.99999999998545,0.79,0.68,27.0,24.4,0.54,1.01,0.0,0.0,2.0,2.5,37200.0,G32_58_H17
2024-04-12 00:00:00,23.0,15.0,24.0,8.0,20.0,9.87,4935.0,1.0,76.00000000002183,0.82,0.7,27.0,24.3,0.7,1.31,0.0,0.0,2.0,3.5,37200.0,G32_58_H17
2024-04-13 00:00:00,20.0,14.0,25.0,6.0,17.0,9.88,4940.0,2.0,43.99999999997817,0.82,0.73,26.0,23.2,0.65,1.4,0.0,0.0,2.0,4.0,37200.0,G32_58_H17
2024-04-14 00:00:00,21.0,14.0,26.0,5.0,16.0,10.77,5385.0,4.0,140.0,0.82,0.77,25.3,23.6,0.82,1.31,0.0,0.0,2.5,4.0,37200.0,G32_58_H17
2024-04-15 00:00:00,26.0,15.0,27.0,6.0,27.0,10.88,5440.0,6.0,47.999999999992724,0.83,0.66,26.6,22.2,0.77,2.15,0.0,0.0,2.5,7.0,37200.0,G32_58_H17
2024-04-16 00:00:00,26.0,14.0,28.0,8.0,30.0,10.98,5490.0,2.0,60.0,0.84,0.55,26.2,22.4,1.16,2.33,0.0,0.0,4.0,8.0,37200.0,G32_58_H17
2024-04-17 00:00:00,19.0,11.0,29.0,6.0,19.0,11.55,5775.0,2.0,320.0,0.73,0.63,23.7,21.5,1.0,1.27,0.0,0.0,3.5,4.5,37200.0,G32_58_H17
2024-04-18 00:00:00,24.0,14.0,30.0,7.0,19.0,11.95,5975.0,62.0,124.00000000001455,0.83,0.5,25.9,20.2,0.53,1.87,0.0,0.0,2.0,7.0,37200.0,G32_58_H17
2024-04-19 00:00:00,22.0,13.0,31.0,8.0,19.0,12.43,6215.0,53.0,155.99999999998545,0.78,0.62,24.3,20.5,0.76,1.52,0.0,0.0,3.0,6.0,37200.0,G32_58_H17
2024-04-20 00:00:00,23.0,14.0,32.0,9.0,18.0,12.91,6455.0,19.0,140.0,0.85,0.74,23.0,19.7,0.96,1.68,0.0,0.0,4.0,7.0,37200.0,G32_58_H17
2024-04-21 00:00:00,23.0,14.0,33.0,6.0,19.0,12.78,6390.0,28.0,172.00000000004366,0.81,0.66,23.2,19.8,1.03,1.6,0.0,0.0,4.5,7.0,37200.0,G32_58_H17
2024-04-22 00:00:00,24.0,15.0,34.0,7.0,16.0,13.19,6595.0,18.0,207.99999999995634,0.83,0.62,24.9,19.3,1.0,1.96,0.0,0.0,4.5,9.0,37200.0,G32_58_H17
2024-04-23 00:00:00,24.0,13.0,35.0,6.0,26.0,13.4,6700.0,6.0,195.99999999998545,0.83,0.59,27.2,19.8,1.04,2.08,0.0,0.0,5.0,10.0,37200.0,G32_58_H17
2024-04-24 00:00:00,26.0,15.0,36.0,16.0,15.0,13.59,6795.0,52.0,224.00000000001455,0.78,0.34,27.0,18.4,1.0,1.99,0.0,0.0,5.0,10.0,37200.0,G32_58_H17
2024-04-25 00:00:00,28.0,16.0,37.0,34.0,9.0,13.46,6730.0,21.0,344.00000000001455,0.82,0.47,27.6,18.2,0.96,2.67,0.0,0.0,5.0,14.0,37200.0,G32_58_H17
2024-04-26 00:00:00,27.0,16.0,38.0,0.0,0.0,0.0,0.0,0.0,,0.0,0.0,0.0,0.0,0.0,0.0,0.0,0.0,0.0,14.0,37200.0,G32_58_H17
2024-04-27 00:00:00,27.0,16.0,39.0,0.0,0.0,0.0,0.0,0.0,,0.0,0.0,0.0,0.0,0.0,0.0,0.0,0.0,0.0,14.0,37200.0,G32_58_H17
2024-03-19 00:00:00,16.0,4.0,0.0,0.0,0.0,0.0,0.0,0.0,,0.0,0.0,0.0,0.0,0.0,0.0,0.0,0.0,0.0,0.0,37200.0,G32_58_H18
2024-03-20 00:00:00,18.0,8.0,1.0,20.0,0.0,0.78,390.0,758.0,60.0,0.74,0.48,35.7,33.3,0.35,0.35,0.0,0.0,1.0,1.0,37200.0,G32_58_H18
2024-03-21 00:00:00,24.0,11.0,2.0,11.0,0.0,1.01,505.0,258.0,87.99999999995634,0.62,0.54,34.7,32.4,0.39,0.39,0.0,0.0,1.0,1.0,37200.0,G32_58_H18
2024-03-22 00:00:00,26.0,15.0,3.0,12.0,15.0,1.52,760.0,223.0,88.0000000000291,0.73,0.56,33.9,31.4,0.62,0.62,0.0,0.0,1.0,1.0,37200.0,G32_58_H18
2024-03-23 00:00:00,17.0,13.0,4.0,10.0,9.0,1.8,900.0,140.0,88.0000000000291,0.77,0.68,32.9,30.7,0.4,0.49,0.0,0.0,1.0,1.0,37200.0,G32_58_H18
2024-03-24 00:00:00,15.0,9.0,5.0,13.0,19.0,1.9,950.0,180.0,87.99999999995634,0.78,0.73,32.1,30.1,0.38,0.45,0.0,0.0,1.0,1.0,37200.0,G32_58_H18
2024-03-25 00:00:00,10.0,5.0,6.0,12.0,12.0,2.2,1100.0,117.0,92.00000000004366,0.81,0.73,31.9,29.5,0.45,0.5,0.0,0.0,1.0,1.0,37200.0,G32_58_H18
2024-03-26 00:00:00,16.0,8.0,7.0,9.0,16.0,2.4,1200.0,165.0,91.9999999999709,0.83,0.77,31.2,29.1,0.36,0.43,0.0,0.0,1.5,1.5,37200.0,G32_58_H18
2024-03-27 00:00:00,21.0,10.0,8.0,29.0,172.0,2.6,1300.0,99.0,88.0000000000291,0.85,0.78,31.1,29.0,0.3,0.36,0.0,0.0,1.5,1.5,37200.0,G32_58_H18
2024-03-28 00:00:00,21.0,11.0,9.0,31.0,4.0,2.25,1125.0,110.0,80.0,0.86,0.74,31.0,29.0,0.3,0.35,0.0,0.0,1.5,1.5,37200.0,G32_58_H18
2024-03-29 00:00:00,27.0,13.0,10.0,7.0,11.0,2.68,1340.0,86.0,71.9999999999709,0.84,0.71,31.0,28.5,0.36,0.82,0.0,0.0,1.5,1.5,37200.0,G32_58_H18
2024-03-30 00:00:00,28.0,12.0,11.0,5.0,8.0,3.99,1995.0,34.0,68.0000000000291,0.87,0.66,31.8,28.4,0.52,1.22,0.0,0.0,1.5,1.5,37200.0,G32_58_H18
2024-03-31 00:00:00,22.0,12.0,12.0,8.0,12.0,4.37,2185.0,60.0,75.99999999998545,0.83,0.74,29.6,27.7,0.32,0.44,0.0,0.0,1.5,1.5,37200.0,G32_58_H18
2024-04-01 00:00:00,27.0,17.0,13.0,6.0,22.0,4.88,2440.0,63.0,67.99999999995634,0.86,0.7,30.9,27.4,0.36,1.11,0.0,0.0,1.5,1.5,37200.0,G32_58_H18
2024-04-02 00:00:00,21.0,12.0,14.0,5.0,17.0,5.37,2685.0,5.0,76.00000000005821,0.86,0.79,29.3,28.0,0.42,0.47,0.0,0.0,1.5,1.5,37200.0,G32_58_H18
2024-04-03 00:00:00,17.0,9.0,15.0,7.0,21.0,5.55,2775.0,97.0,47.999999999956344,0.86,0.73,28.7,26.8,0.4,0.51,0.0,0.0,2.0,2.0,37200.0,G32_58_H18
2024-04-04 00:00:00,15.0,6.0,16.0,4.0,17.0,5.58,2790.0,141.0,44.00000000001455,0.82,0.67,28.4,26.4,0.5,0.5599999999999999,0.0,0.0,2.0,2.0,37200.0,G32_58_H18
2024-04-05 00:00:00,18.0,10.0,17.0,6.0,29.0,6.19,3095.0,170.0,60.0,0.77,0.62,28.2,25.3,0.55,0.68,0.0,0.0,2.0,2.0,37200.0,G32_58_H18
2024-04-06 00:00:00,18.0,10.0,18.0,5.0,28.0,6.5,3250.0,95.0,55.99999999998545,0.75,0.64,27.7,25.2,0.53,0.58,0.0,0.0,2.0,2.0,37200.0,G32_58_H18
2024-04-07 00:00:00,19.0,12.0,19.0,8.0,36.0,7.24,3620.0,103.0,52.000000000043656,0.82,0.68,27.8,24.6,0.52,0.77,0.0,0.0,2.0,2.0,37200.0,G32_58_H18
2024-04-08 00:00:00,19.0,8.0,20.0,6.0,29.0,7.75,3875.0,59.0,55.99999999998545,0.84,0.73,26.9,25.0,0.51,0.8,0.0,0.0,2.0,2.0,37200.0,G32_58_H18
2024-04-09 00:00:00,22.0,12.0,21.0,5.0,13.0,8.23,4115.0,90.0,64.00000000001455,0.83,0.62,27.8,24.2,0.44,1.18,0.0,0.0,2.0,3.0,37200.0,G32_58_H18
2024-04-10 00:00:00,22.0,13.0,22.0,7.0,28.0,8.56,4280.0,8.0,67.99999999995634,0.81,0.54,28.0,24.2,0.55,1.3,0.0,0.0,2.0,3.0,37200.0,G32_58_H18
2024-04-11 00:00:00,23.0,14.0,23.0,9.0,67.0,9.08,4540.0,3.0,80.0,0.81,0.68,27.3,24.4,0.54,1.01,0.0,0.0,2.0,2.5,37200.0,G32_58_H18
2024-04-12 00:00:00,23.0,15.0,24.0,6.0,35.0,9.69,4845.0,1.0,84.00000000001455,0.83,0.7,27.2,24.3,0.7,1.31,0.0,0.0,2.0,3.5,37200.0,G32_58_H18
2024-04-13 00:00:00,20.0,14.0,25.0,4.0,21.0,10.3,5150.0,2.0,104.00000000001455,0.83,0.73,25.7,23.2,0.7,1.4,0.0,0.0,2.0,4.0,37200.0,G32_58_H18
2024-04-14 00:00:00,21.0,14.0,26.0,5.0,13.0,10.31,5155.0,4.0,124.00000000001455,0.83,0.77,24.9,23.3,0.82,1.31,0.0,0.0,2.5,4.0,37200.0,G32_58_H18
2024-04-15 00:00:00,26.0,15.0,27.0,7.0,15.0,10.79,5395.0,6.0,131.9999999999709,0.84,0.66,26.8,22.1,0.77,2.15,0.0,0.0,2.5,7.0,37200.0,G32_58_H18
2024-04-16 00:00:00,26.0,14.0,28.0,5.0,35.0,11.07,5535.0,2.0,195.99999999998545,0.85,0.55,26.4,22.3,1.02,2.33,0.0,0.0,3.5,8.0,37200.0,G32_58_H18
2024-04-17 00:00:00,19.0,11.0,29.0,3.0,21.0,11.53,5765.0,2.0,184.00000000001455,0.73,0.64,23.1,21.2,1.0,1.27,0.0,0.0,3.5,4.5,37200.0,G32_58_H18
2024-04-18 00:00:00,24.0,14.0,30.0,6.0,20.0,12.13,6065.0,62.0,168.0000000000291,0.84,0.49,25.9,20.1,0.53,1.87,0.0,0.0,2.0,7.0,37200.0,G32_58_H18
2024-04-19 00:00:00,22.0,13.0,31.0,4.0,15.0,12.49,6245.0,53.0,160.0,0.78,0.61,24.3,20.6,0.76,1.52,0.0,0.0,3.0,6.0,37200.0,G32_58_H18
2024-04-20 00:00:00,23.0,14.0,32.0,7.0,13.0,13.64,6820.0,19.0,155.99999999998545,0.85,0.73,23.5,19.8,0.84,1.68,0.0,0.0,3.0,7.0,37200.0,G32_58_H18
2024-04-21 00:00:00,23.0,14.0,33.0,6.0,12.0,13.56,6780.0,28.0,195.99999999998545,0.84,0.66,23.5,19.5,0.91,1.6,0.0,0.0,4.0,7.0,37200.0,G32_58_H18
2024-04-22 00:00:00,24.0,15.0,34.0,12.0,16.0,13.46,6730.0,18.0,208.0000000000291,0.84,0.62,25.1,18.9,1.0,1.96,0.0,0.0,4.5,9.0,37200.0,G32_58_H18
2024-04-23 00:00:00,24.0,13.0,35.0,15.0,19.0,12.31,6155.0,6.0,260.0,0.84,0.6,27.5,19.7,1.24,2.08,0.0,0.0,6.0,10.0,37200.0,G32_58_H18
2024-04-24 00:00:00,26.0,15.0,36.0,25.0,0.0,12.37,6185.0,52.0,247.99999999995634,0.83,0.35,27.1,17.7,0.99,2.38,0.0,0.0,5.0,11.0,37200.0,G32_58_H18
2024-04-25 00:00:00,28.0,16.0,37.0,19.0,0.0,13.19,6595.0,21.0,272.00000000004366,0.84,0.49,27.9,18.0,0.95,2.67,0.0,0.0,5.0,14.0,37200.0,G32_58_H18
2024-04-26 00:00:00,27.0,16.0,38.0,0.0,0.0,0.0,0.0,0.0,,0.0,0.0,0.0,0.0,0.0,0.0,0.0,0.0,0.0,14.0,37200.0,G32_58_H18
2024-04-27 00:00:00,27.0,16.0,39.0,0.0,0.0,0.0,0.0,0.0,,0.0,0.0,0.0,0.0,0.0,0.0,0.0,0.0,0.0,14.0,37200.0,G32_58_H18
2024-03-19 00:00:00,16.0,4.0,,,,,,,,,,,,,,,,,,39100.0,G32_58_H19
2024-03-20 00:00:00,18.0,8.0,0.0,0.0,0.0,0.0,0.0,0.0,,0.0,0.0,0.0,0.0,0.0,0.0,0.0,0.0,0.0,0.0,39100.0,G32_58_H19
2024-03-21 00:00:00,24.0,11.0,1.0,37.0,0.0,0.78,390.0,633.0,60.0,0.68,0.51,36.0,32.7,0.35,0.35,0.0,0.0,1.0,1.0,39100.0,G32_58_H19
2024-03-22 00:00:00,26.0,15.0,2.0,23.0,5.0,1.0,500.0,223.0,100.0,0.75,0.58,34.7,31.7,0.63,0.63,0.0,0.0,1.0,1.0,39100.0,G32_58_H19
2024-03-23 00:00:00,17.0,13.0,3.0,26.0,4.0,1.5,750.0,140.0,91.9999999999709,0.75,0.69,33.1,30.8,0.39,0.49,0.0,0.0,1.0,1.0,39100.0,G32_58_H19
2024-03-24 00:00:00,15.0,9.0,4.0,25.0,24.0,1.6,800.0,180.0,91.9999999999709,0.78,0.72,32.5,30.2,0.36,0.44,0.0,0.0,1.0,1.0,39100.0,G32_58_H19
2024-03-25 00:00:00,10.0,5.0,5.0,16.0,17.0,1.98,990.0,117.0,92.00000000004366,0.79,0.76,32.1,29.8,0.39,0.45,0.0,0.0,1.0,1.0,39100.0,G32_58_H19
2024-03-26 00:00:00,16.0,8.0,6.0,15.0,28.0,2.18,1090.0,165.0,91.9999999999709,0.8,0.78,31.2,29.5,0.38,0.43,0.0,0.0,1.0,1.0,39100.0,G32_58_H19
2024-03-27 00:00:00,21.0,10.0,7.0,19.0,33.0,2.2,1100.0,99.0,84.00000000001455,0.79,0.75,30.6,28.9,0.34,0.41,0.0,0.0,1.5,1.5,39100.0,G32_58_H19
2024-03-28 00:00:00,21.0,11.0,8.0,38.0,282.0,2.3,1150.0,110.0,95.99999999998545,0.79,0.75,30.3,28.8,0.35,0.4,0.0,0.0,1.5,1.5,39100.0,G32_58_H19
2024-03-29 00:00:00,27.0,13.0,9.0,57.0,26.0,2.85,1425.0,86.0,72.00000000004366,0.79,0.71,31.6,28.9,0.35,0.79,0.0,0.0,1.5,1.5,39100.0,G32_58_H19
2024-03-30 00:00:00,28.0,12.0,10.0,11.0,19.0,3.78,1890.0,34.0,71.9999999999709,0.83,0.68,32.2,28.6,0.43,1.21,0.0,0.0,1.5,1.5,39100.0,G32_58_H19
2024-03-31 00:00:00,22.0,12.0,11.0,12.0,34.0,4.68,2340.0,60.0,80.0,0.79,0.71,30.7,28.2,0.33,0.66,0.0,0.0,1.5,1.5,39100.0,G32_58_H19
2024-04-01 00:00:00,27.0,17.0,12.0,11.0,88.0,5.01,2505.0,63.0,71.9999999999709,0.79,0.66,31.4,27.3,0.45,1.1,0.0,0.0,1.5,1.5,39100.0,G32_58_H19
2024-04-02 00:00:00,21.0,12.0,13.0,11.0,63.0,5.71,2855.0,5.0,76.00000000005821,0.79,0.74,29.5,28.0,0.52,0.47,0.0,0.0,1.5,1.5,39100.0,G32_58_H19
2024-04-03 00:00:00,17.0,9.0,14.0,16.0,80.0,5.86,2930.0,97.0,47.999999999956344,0.79,0.7,28.6,26.8,0.51,0.61,0.0,0.0,1.5,1.5,39100.0,G32_58_H19
2024-04-04 00:00:00,15.0,6.0,15.0,9.0,71.0,6.22,3110.0,141.0,48.000000000029104,0.77,0.69,28.3,26.4,0.63,0.69,0.0,0.0,2.0,2.0,39100.0,G32_58_H19
2024-04-05 00:00:00,18.0,10.0,16.0,9.0,87.0,6.75,3375.0,170.0,55.99999999998545,0.76,0.64,28.3,25.8,0.56,0.71,0.0,0.0,2.0,2.0,39100.0,G32_58_H19
2024-04-06 00:00:00,18.0,10.0,17.0,13.0,64.0,6.81,3405.0,95.0,51.999999999970896,0.73,0.65,27.4,25.5,0.61,0.65,0.0,0.0,2.0,2.0,39100.0,G32_58_H19
2024-04-07 00:00:00,19.0,12.0,18.0,13.0,93.0,7.6,3800.0,103.0,56.00000000005821,0.77,0.68,28.0,24.5,0.63,0.8,0.0,0.0,2.0,2.0,39100.0,G32_58_H19
2024-04-08 00:00:00,19.0,8.0,19.0,6.0,65.0,8.12,4060.0,59.0,60.0,0.79,0.71,26.5,24.8,0.64,0.89,0.0,0.0,2.0,2.0,39100.0,G32_58_H19
2024-04-09 00:00:00,22.0,12.0,20.0,10.0,33.0,8.47,4235.0,90.0,67.99999999995634,0.79,0.61,27.6,23.9,0.51,1.12,0.0,0.0,2.0,3.0,39100.0,G32_58_H19
2024-04-10 00:00:00,22.0,13.0,21.0,7.0,38.0,8.91,4455.0,8.0,75.99999999998545,0.77,0.53,27.8,24.2,0.57,1.24,0.0,0.0,2.0,3.0,39100.0,G32_58_H19
2024-04-11 00:00:00,23.0,14.0,22.0,6.0,25.0,9.31,4655.0,3.0,88.0000000000291,0.78,0.66,26.8,24.3,0.56,1.35,0.0,0.0,2.0,3.5,39100.0,G32_58_H19
2024-04-12 00:00:00,23.0,15.0,23.0,8.0,25.0,10.47,5235.0,1.0,108.0000000000291,0.8,0.68,26.6,23.8,0.71,1.79,0.0,0.0,2.0,5.0,39100.0,G32_58_H19
2024-04-13 00:00:00,20.0,14.0,24.0,5.0,22.0,11.12,5560.0,2.0,140.0,0.8,0.72,24.8,22.9,0.83,1.66,0.0,0.0,2.5,5.0,39100.0,G32_58_H19
2024-04-14 00:00:00,21.0,14.0,25.0,9.0,23.0,10.8,5400.0,4.0,155.99999999998545,0.8,0.77,24.3,22.8,1.09,1.56,0.0,0.0,3.5,5.0,39100.0,G32_58_H19
2024-04-15 00:00:00,26.0,15.0,26.0,6.0,62.0,11.11,5555.0,6.0,164.00000000001455,0.81,0.66,26.5,21.9,0.88,2.33,0.0,0.0,3.0,8.0,39100.0,G32_58_H19
2024-04-16 00:00:00,26.0,14.0,27.0,9.0,67.0,11.26,5630.0,2.0,231.9999999999709,0.81,0.54,26.1,22.9,1.26,2.5,0.0,0.0,4.5,9.0,39100.0,G32_58_H19
2024-04-17 00:00:00,19.0,11.0,28.0,10.0,66.0,12.34,6170.0,2.0,224.00000000001455,0.71,0.63,23.3,21.5,1.1,1.37,0.0,0.0,4.0,5.0,39100.0,G32_58_H19
2024-04-18 00:00:00,24.0,14.0,29.0,8.0,123.0,12.83,6415.0,62.0,160.0,0.8,0.49,25.7,20.1,0.65,2.08,0.0,0.0,2.5,8.0,39100.0,G32_58_H19
2024-04-19 00:00:00,22.0,13.0,30.0,14.0,142.0,12.65,6325.0,53.0,215.99999999998545,0.76,0.66,24.4,20.4,0.86,1.72,0.0,0.0,3.5,7.0,39100.0,G32_58_H19
2024-04-20 00:00:00,23.0,14.0,31.0,16.0,145.0,12.73,6365.0,19.0,175.99999999998545,0.81,0.72,22.9,19.9,1.05,1.87,0.0,0.0,4.5,8.0,39100.0,G32_58_H19
2024-04-21 00:00:00,23.0,14.0,32.0,21.0,121.0,12.73,6365.0,28.0,212.00000000004366,0.8,0.66,23.5,19.7,1.11,1.78,0.0,0.0,5.0,8.0,39100.0,G32_58_H19
2024-04-22 00:00:00,24.0,15.0,33.0,47.0,137.0,13.49,6745.0,18.0,235.99999999998545,0.82,0.67,25.3,18.9,1.07,2.54,0.0,0.0,5.0,11.0,39100.0,G32_58_H19
2024-04-23 00:00:00,24.0,13.0,34.0,52.0,440.0,12.65,6325.0,6.0,280.0,0.81,0.59,27.5,20.0,1.22,2.44,0.0,0.0,6.0,12.0,39100.0,G32_58_H19
2024-04-24 00:00:00,26.0,15.0,35.0,114.0,220.0,13.11,6555.0,52.0,264.00000000001455,0.79,0.35,27.4,18.1,0.97,2.32,0.0,0.0,5.0,12.0,39100.0,G32_58_H19
2024-04-25 00:00:00,28.0,16.0,36.0,179.0,15.0,13.85,6925.0,21.0,267.99999999995634,0.81,0.49,27.8,18.6,0.93,2.6,0.0,0.0,5.0,14.0,39100.0,G32_58_H19
2024-04-26 00:00:00,27.0,16.0,37.0,225.0,0.0,14.55,7275.0,0.0,255.99999999998545,0.6,0.6,26.7,18.8,1.25,2.5,0.0,0.0,7.0,14.0,39100.0,G32_58_H19
2024-04-27 00:00:00,27.0,16.0,38.0,0.0,0.0,14.55,7275.0,0.0,,0.0,0.0,0.0,0.0,0.0,0.0,0.0,0.0,7.0,14.0,39100.0,G32_58_H19
2024-03-19 00:00:00,16.0,4.0,,,,,,,,,,,,,,,,,,38200.0,G32_58_H20
2024-03-20 00:00:00,18.0,8.0,0.0,0.0,0.0,0.0,0.0,0.0,,0.0,0.0,0.0,0.0,0.0,0.0,0.0,0.0,0.0,0.0,38200.0,G32_58_H20
2024-03-21 00:00:00,24.0,11.0,1.0,20.0,11.0,0.78,390.0,634.0,60.0,0.67,0.59,36.5,33.4,0.35,0.35,0.0,0.0,1.0,1.0,38200.0,G32_58_H20
2024-03-22 00:00:00,26.0,15.0,2.0,26.0,3.0,1.0,500.0,223.0,104.00000000001455,0.69,0.51,35.5,32.5,0.51,0.51,0.0,0.0,1.0,1.0,38200.0,G32_58_H20
2024-03-23 00:00:00,17.0,13.0,3.0,15.0,10.0,1.5,750.0,140.0,104.00000000001455,0.71,0.62,34.7,31.7,0.39,0.49,0.0,0.0,1.0,1.0,38200.0,G32_58_H20
2024-03-24 00:00:00,15.0,9.0,4.0,28.0,10.0,1.6,800.0,180.0,100.0,0.75,0.68,32.9,30.9,0.36,0.44,0.0,0.0,1.0,1.0,38200.0,G32_58_H20
2024-03-25 00:00:00,10.0,5.0,5.0,30.0,15.0,1.98,990.0,117.0,100.0,0.81,0.74,32.2,30.4,0.33,0.4,0.0,0.0,1.0,1.0,38200.0,G32_58_H20
2024-03-26 00:00:00,16.0,8.0,6.0,25.0,15.0,2.18,1090.0,165.0,100.0,0.81,0.73,31.6,29.9,0.33,0.38,0.0,0.0,1.0,1.0,38200.0,G32_58_H20
2024-03-27 00:00:00,21.0,10.0,7.0,28.0,10.0,2.2,1100.0,99.0,95.99999999998545,0.8,0.78,31.3,29.5,0.28,0.35,0.0,0.0,1.5,1.5,38200.0,G32_58_H20
2024-03-28 00:00:00,21.0,11.0,8.0,30.0,240.0,2.28,1140.0,110.0,107.99999999995634,0.8,0.76,30.9,29.3,0.3,0.35,0.0,0.0,1.5,1.5,38200.0,G32_58_H20
2024-03-29 00:00:00,27.0,13.0,9.0,18.0,20.0,2.56,1280.0,92.0,88.0000000000291,0.79,0.7,31.1,28.9,0.3,0.71,0.0,0.0,1.5,1.5,38200.0,G32_58_H20
2024-03-30 00:00:00,28.0,12.0,10.0,10.0,7.0,3.66,1830.0,34.0,84.00000000001455,0.84,0.67,32.1,28.6,0.35,1.24,0.0,0.0,1.5,1.5,38200.0,G32_58_H20
2024-03-31 00:00:00,22.0,12.0,11.0,20.0,24.0,3.69,1845.0,60.0,75.99999999998545,0.79,0.66,30.7,28.4,0.3,0.45,0.0,0.0,1.5,1.5,38200.0,G32_58_H20
2024-04-01 00:00:00,27.0,17.0,12.0,15.0,24.0,4.37,2185.0,63.0,71.9999999999709,0.78,0.68,30.6,27.9,0.3,0.95,0.0,0.0,1.5,1.5,38200.0,G32_58_H20
2024-04-02 00:00:00,21.0,12.0,13.0,9.0,7.0,4.41,2205.0,5.0,76.00000000005821,0.77,0.63,29.4,28.3,0.41,0.47,0.0,0.0,1.5,1.5,38200.0,G32_58_H20
2024-04-03 00:00:00,17.0,9.0,14.0,4.0,7.0,4.82,2410.0,97.0,47.999999999956344,0.76,0.65,29.4,27.0,0.42,0.52,0.0,0.0,1.5,1.5,38200.0,G32_58_H20
2024-04-04 00:00:00,15.0,6.0,15.0,6.0,18.0,5.39,2695.0,141.0,52.000000000043656,0.74,0.62,28.9,26.8,0.63,0.72,0.0,0.0,2.0,2.0,38200.0,G32_58_H20
2024-04-05 00:00:00,18.0,10.0,16.0,20.0,40.0,6.13,3065.0,170.0,40.0,0.75,0.61,28.5,26.2,0.5,0.66,0.0,0.0,2.0,2.0,38200.0,G32_58_H20
2024-04-06 00:00:00,18.0,10.0,17.0,20.0,65.0,6.34,3170.0,95.0,47.999999999956344,0.74,0.63,27.9,25.9,0.54,0.59,0.0,0.0,2.0,2.0,38200.0,G32_58_H20
2024-04-07 00:00:00,19.0,12.0,18.0,10.0,35.0,7.17,3585.0,103.0,55.99999999998545,0.77,0.66,27.7,25.1,0.62,0.86,0.0,0.0,2.0,2.0,38200.0,G32_58_H20
2024-04-08 00:00:00,19.0,8.0,19.0,11.0,31.0,7.9,3950.0,59.0,56.00000000005821,0.77,0.68,26.9,25.1,0.64,0.88,0.0,0.0,2.0,2.0,38200.0,G32_58_H20
2024-04-09 00:00:00,22.0,12.0,20.0,13.0,47.0,8.45,4225.0,90.0,71.9999999999709,0.8,0.6,28.1,24.6,0.47,1.25,0.0,0.0,2.0,2.5,38200.0,G32_58_H20
2024-04-10 00:00:00,22.0,13.0,21.0,20.0,45.0,9.2,4600.0,8.0,71.9999999999709,0.77,0.55,28.0,24.8,0.55,1.15,0.0,0.0,2.0,2.5,38200.0,G32_58_H20
2024-04-11 00:00:00,23.0,14.0,22.0,15.0,26.0,9.42,4710.0,3.0,80.0,0.77,0.66,27.1,24.5,0.54,1.28,0.0,0.0,2.0,3.0,38200.0,G32_58_H20
2024-04-12 00:00:00,23.0,15.0,23.0,10.0,29.0,9.98,4990.0,1.0,88.0000000000291,0.78,0.67,26.9,24.2,0.79,1.97,0.0,0.0,2.0,5.0,38200.0,G32_58_H20
2024-04-13 00:00:00,20.0,14.0,24.0,8.0,17.0,10.09,5045.0,2.0,124.00000000001455,0.78,0.71,25.6,23.4,0.68,1.46,0.0,0.0,2.0,4.0,38200.0,G32_58_H20
2024-04-14 00:00:00,21.0,14.0,25.0,4.0,22.0,10.54,5270.0,4.0,120.0,0.78,0.75,26.5,23.4,0.85,1.36,0.0,0.0,2.5,4.0,38200.0,G32_58_H20
2024-04-15 00:00:00,26.0,15.0,26.0,6.0,20.0,11.02,5510.0,6.0,144.00000000001455,0.78,0.65,26.9,22.4,0.8,2.55,0.0,0.0,2.5,8.0,38200.0,G32_58_H20
2024-04-16 00:00:00,26.0,14.0,27.0,6.0,45.0,11.25,5625.0,2.0,191.9999999999709,0.79,0.53,26.1,22.4,1.2,2.4,0.0,0.0,4.0,8.0,38200.0,G32_58_H20
2024-04-17 00:00:00,19.0,11.0,28.0,5.0,45.0,12.24,6120.0,2.0,220.0,0.72,0.63,23.6,21.9,1.02,1.32,0.0,0.0,3.5,4.5,38200.0,G32_58_H20
2024-04-18 00:00:00,24.0,14.0,29.0,7.0,33.0,12.22,6110.0,62.0,148.0000000000291,0.78,0.49,26.0,20.6,0.55,1.94,0.0,0.0,2.0,7.0,38200.0,G32_58_H20
2024-04-19 00:00:00,22.0,13.0,30.0,5.0,22.0,13.05,6525.0,53.0,171.9999999999709,0.75,0.61,24.5,20.9,0.65,1.57,0.0,0.0,2.5,6.0,38200.0,G32_58_H20
2024-04-20 00:00:00,23.0,14.0,31.0,8.0,19.0,13.26,6630.0,19.0,175.99999999998545,0.78,0.71,23.7,19.7,0.99,1.74,0.0,0.0,4.0,7.0,38200.0,G32_58_H20
2024-04-21 00:00:00,23.0,14.0,32.0,11.0,22.0,13.43,6715.0,28.0,192.00000000004366,0.79,0.65,23.9,20.0,0.94,1.65,0.0,0.0,4.0,7.0,38200.0,G32_58_H20
2024-04-22 00:00:00,24.0,15.0,33.0,14.0,17.0,14.29,7145.0,18.0,235.99999999998545,0.79,0.61,25.6,19.4,1.01,2.24,0.0,0.0,4.5,10.0,38200.0,G32_58_H20
2024-04-23 00:00:00,24.0,13.0,34.0,25.0,34.0,14.06,7030.0,6.0,264.00000000001455,0.8,0.6,27.9,20.0,1.28,2.56,0.0,0.0,6.0,11.0,38200.0,G32_58_H20
2024-04-24 00:00:00,26.0,15.0,35.0,22.0,72.0,13.58,6790.0,51.0,255.99999999998545,0.79,0.37,27.5,18.0,1.02,2.44,0.0,0.0,5.0,12.0,38200.0,G32_58_H20
2024-04-25 00:00:00,28.0,16.0,36.0,22.0,25.0,13.19,6595.0,16.0,340.0,0.8,0.5,27.8,18.5,0.97,2.73,0.0,0.0,5.0,14.0,38200.0,G32_58_H20
2024-04-26 00:00:00,27.0,16.0,37.0,46.0,18.0,14.56,7280.0,10.0,364.00000000001455,0.61,0.61,26.7,18.9,1.31,2.62,0.0,0.0,7.0,14.0,38200.0,G32_58_H20
2024-04-27 00:00:00,27.0,16.0,38.0,0.0,0.0,14.56,7280.0,0.0,,0.0,0.0,0.0,0.0,0.0,0.0,0.0,0.0,7.0,14.0,38200.0,G32_58_H20
