Date,Highest_Temp_Outside,Lowest_Temp_Outside,Age,Dead,Cull,Water,Feed,Fuel,Power,Highest_humidity,Lowest_Humidity,Highest_Temn,Lowest_Temn,Ventilation_Coefficient_Cold,Ventilation_Coefficient_Warm,Fan_Num_Less36,Fan_Num_More36,Fan_Num_Less50,Fan_Num_More50,DOCAmount,ID_NUM
2024-01-30 00:00:00,11.0,5.0,1.0,30.0,0.0,0.74,370.0,1088.0,60.0,0.62,0.52,34.8,33.4,0.56,0.56,0.0,0.0,1.0,1.0,28500.0,GTF _66_H1
2024-01-31 00:00:00,8.0,3.0,2.0,15.0,2.0,0.97,485.0,1088.0,30.0,0.71,0.63,34.3,32.6,0.44,0.58,0.0,0.0,1.0,1.0,28500.0,GTF _66_H1
2024-02-01 00:00:00,2.0,-1.0,3.0,16.0,14.0,1.2,600.0,176.0,60.0,0.72,0.61,33.5,31.7,0.47,0.58,0.0,0.0,1.0,1.0,28500.0,GTF _66_H1
2024-02-02 00:00:00,1.0,-2.0,4.0,18.0,12.0,1.315,658.0,352.0,30.0,0.73,0.64,32.6,31.1,0.48,0.48,0.0,0.0,1.0,1.0,28500.0,GTF _66_H1
2024-02-03 00:00:00,0.0,-1.0,5.0,16.0,7.0,1.53,765.0,272.0,30.0,0.8,0.67,32.4,30.5,0.5,0.5,0.0,0.0,1.0,1.0,28500.0,GTF _66_H1
2024-02-04 00:00:00,0.0,-3.0,6.0,9.0,9.0,1.76,880.0,176.0,30.0,0.79,0.72,31.4,29.4,0.47,0.47,0.0,0.0,1.0,1.0,28500.0,GTF _66_H1
2024-02-05 00:00:00,-1.0,-7.0,7.0,17.0,6.0,1.99,995.0,336.0,30.0,0.82,0.74,30.9,29.1,0.46,0.46,0.0,0.0,1.0,1.5,28500.0,GTF _66_H1
2024-02-06 00:00:00,0.0,-3.0,8.0,8.0,138.0,2.21,1105.0,240.0,60.0,0.83,0.68,30.7,29.0,0.47,0.47,0.0,0.0,1.5,1.5,28500.0,GTF _66_H1
2024-02-07 00:00:00,4.0,-4.0,9.0,26.0,2.0,2.31,1155.0,192.0,30.0,0.84,0.73,30.6,29.0,0.48,0.55,0.0,0.0,1.5,1.5,28500.0,GTF _66_H1
2024-02-08 00:00:00,7.0,-4.0,10.0,10.0,12.0,2.496,1248.0,240.0,30.0,0.86,0.75,30.5,28.5,0.47,0.53,0.0,0.0,1.5,1.5,28500.0,GTF _66_H1
2024-02-09 00:00:00,10.0,-1.0,11.0,12.0,14.0,2.69,1345.0,176.0,30.0,0.88,0.78,30.0,28.4,0.46,0.61,0.0,0.0,1.5,1.5,28500.0,GTF _66_H1
2024-02-10 00:00:00,15.0,0.0,12.0,3.0,61.0,3.259,1630.0,160.0,15.0,0.85,0.75,29.8,28.1,0.45,0.81,0.0,0.0,1.5,1.5,28500.0,GTF _66_H1
2024-02-11 00:00:00,15.0,1.0,13.0,7.0,39.0,3.461,1731.0,0.0,15.0,0.88,0.78,29.3,27.9,0.47,0.79,0.0,0.0,1.5,1.5,28500.0,GTF _66_H1
2024-02-12 00:00:00,18.0,4.0,14.0,5.0,33.0,3.688,1844.0,160.0,30.0,0.86,0.75,29.3,27.3,0.42,0.84,0.0,0.0,1.5,1.5,28500.0,GTF _66_H1
2024-02-13 00:00:00,20.0,6.0,15.0,9.0,24.0,4.35,2175.0,0.0,15.0,0.85,0.76,29.2,27.2,0.43,0.74,0.0,0.0,1.5,1.5,28500.0,GTF _66_H1
2024-02-14 00:00:00,22.0,4.0,16.0,7.0,14.0,4.669,2335.0,0.0,15.0,0.89,0.64,31.4,27.1,0.49,2.18,0.0,0.0,1.5,2.0,28500.0,GTF _66_H1
2024-02-15 00:00:00,7.0,-2.0,17.0,6.0,18.0,5.047,2524.0,160.0,30.0,0.87,0.82,28.2,26.3,0.44,0.48,0.0,0.0,1.5,1.5,28500.0,GTF _66_H1
2024-02-16 00:00:00,10.0,1.0,18.0,6.0,15.0,5.177,2589.0,192.0,30.0,0.89,0.77,28.4,26.2,0.36,0.66,0.0,0.0,1.5,1.5,28500.0,GTF _66_H1
2024-02-17 00:00:00,17.0,11.0,19.0,7.0,28.0,5.792,2896.0,0.0,30.0,0.89,0.75,28.9,26.1,0.36,0.91,0.0,0.0,1.5,1.7,28500.0,GTF _66_H1
2024-02-18 00:00:00,23.0,12.0,20.0,5.0,15.0,6.392,3196.0,80.0,30.0,0.89,0.76,30.2,26.0,0.46,1.46,0.0,0.0,1.7,2.0,28500.0,GTF _66_H1
2024-02-19 00:00:00,13.0,3.0,21.0,6.0,12.0,6.676,3338.0,0.0,60.0,0.91,0.87,27.9,25.5,0.37,0.45,0.0,0.0,1.7,1.7,28500.0,GTF _66_H1
2024-02-20 00:00:00,2.0,0.0,22.0,5.0,10.0,6.462,3231.0,176.0,30.0,0.95,0.83,27.1,25.5,0.3,0.3,0.0,0.0,1.7,1.7,28500.0,GTF _66_H1
2024-02-21 00:00:00,0.0,-4.0,23.0,5.0,10.0,6.485,3243.0,192.0,30.0,0.95,0.85,27.3,24.9,0.3,0.3,0.0,0.0,1.7,1.7,28500.0,GTF _66_H1
2024-02-22 00:00:00,0.0,-3.0,24.0,5.0,9.0,7.226,3613.0,176.0,30.0,0.96,0.86,27.2,24.7,0.27,0.3,0.0,0.0,1.7,1.7,28500.0,GTF _66_H1
2024-02-23 00:00:00,1.0,-2.0,25.0,6.0,6.0,7.511,3756.0,192.0,30.0,0.97,0.86,26.9,24.4,0.31,0.31,0.0,0.0,1.7,1.7,28500.0,GTF _66_H1
2024-02-24 00:00:00,1.0,-3.0,26.0,5.0,11.0,8.062,4031.0,176.0,30.0,0.96,0.88,26.3,24.2,0.32,0.32,0.0,0.0,1.7,1.7,28500.0,GTF _66_H1
2024-02-25 00:00:00,5.0,-1.0,27.0,5.0,12.0,8.363,4182.0,192.0,30.0,0.95,0.86,25.9,23.9,0.3,0.37,0.0,0.0,1.7,1.7,28500.0,GTF _66_H1
2024-02-26 00:00:00,7.0,-2.0,28.0,3.0,10.0,8.827,4414.0,0.0,30.0,0.95,0.86,26.2,23.7,0.31,0.45,0.0,0.0,1.7,1.7,28500.0,GTF _66_H1
2024-02-27 00:00:00,7.0,0.0,29.0,6.0,9.0,8.954,4477.0,0.0,60.0,0.92,0.77,26.1,23.0,0.33,0.53,0.0,0.0,1.7,1.7,28500.0,GTF _66_H1
2024-02-28 00:00:00,5.0,2.0,30.0,7.0,8.0,9.094,4547.0,160.0,30.0,0.95,0.87,25.6,23.0,0.31,0.36,0.0,0.0,1.7,1.7,28500.0,GTF _66_H1
2024-02-29 00:00:00,5.0,-2.0,31.0,5.0,17.0,9.698,4849.0,0.0,30.0,0.96,0.89,24.9,22.4,0.32,0.34,0.0,0.0,1.7,1.7,28500.0,GTF _66_H1
2024-03-01 00:00:00,6.0,-1.0,32.0,7.0,12.0,9.619,4810.0,0.0,60.0,0.92,0.81,24.9,22.2,0.3,0.42,0.0,0.0,1.7,1.7,28500.0,GTF _66_H1
2024-03-02 00:00:00,11.0,0.0,33.0,5.0,7.0,9.632,4816.0,0.0,30.0,0.92,0.81,25.2,21.3,0.29,0.65,0.0,0.0,1.7,2.0,28500.0,GTF _66_H1
2024-03-03 00:00:00,14.0,3.0,34.0,7.0,13.0,10.068,5034.0,0.0,60.0,0.9,0.72,25.5,21.5,0.34,0.91,0.0,0.0,2.0,3.0,28500.0,GTF _66_H1
2024-03-04 00:00:00,10.0,7.0,35.0,16.0,10.0,10.04,5020.0,0.0,60.0,0.92,0.82,23.7,20.8,0.37,0.46,0.0,0.0,2.0,2.0,28500.0,GTF _66_H1
2024-03-05 00:00:00,9.0,5.0,36.0,40.0,5.0,9.898,4949.0,0.0,60.0,0.94,0.88,22.8,20.4,0.37,0.44,0.0,0.0,2.0,2.0,28500.0,GTF _66_H1
2024-03-06 00:00:00,10.0,0.0,37.0,41.0,0.0,9.187,4594.0,0.0,60.0,0.93,0.76,22.7,19.8,0.34,0.49,0.0,0.0,2.0,2.0,28500.0,GTF _66_H1
2024-03-07 00:00:00,14.0,1.0,38.0,36.0,0.0,8.887,4444.0,0.0,60.0,0.93,0.73,23.1,19.1,0.29,0.76,0.0,0.0,2.0,3.0,28500.0,GTF _66_H1
2024-01-30 00:00:00,11.0,5.0,1.0,24.0,1.0,0.61,305.0,1088.0,80.0,0.55,0.49,35.2,33.3,0.42,0.42,0.0,0.0,1.0,1.0,23500.0,GTF _66_H2
2024-01-31 00:00:00,8.0,3.0,2.0,17.0,10.0,0.8,400.0,1088.0,77.0,0.63,0.55,34.5,32.9,0.49,0.49,0.0,0.0,1.0,1.0,23500.0,GTF _66_H2
2024-02-01 00:00:00,2.0,-1.0,3.0,10.0,18.0,0.99,495.0,176.0,83.0,0.61,0.52,33.8,32.1,0.39,0.49,0.0,0.0,1.0,1.0,23500.0,GTF _66_H2
2024-02-02 00:00:00,1.0,-2.0,4.0,14.0,23.0,1.08,540.0,352.0,89.0,0.61,0.53,33.1,31.1,0.43,0.43,0.0,0.0,1.0,1.0,23500.0,GTF _66_H2
2024-02-03 00:00:00,0.0,-1.0,5.0,6.0,12.0,1.26,630.0,272.0,86.0,0.79,0.54,32.8,30.3,0.45,0.45,0.0,0.0,1.0,1.0,23500.0,GTF _66_H2
2024-02-04 00:00:00,0.0,-3.0,6.0,8.0,16.0,1.45,725.0,176.0,87.0,0.71,0.6,31.6,29.4,0.45,0.45,0.0,0.0,1.0,1.0,23500.0,GTF _66_H2
2024-02-05 00:00:00,-1.0,-7.0,7.0,7.0,21.0,1.64,820.0,336.0,92.0,0.81,0.62,30.9,28.9,0.41,0.41,0.0,0.0,1.0,1.0,23500.0,GTF _66_H2
2024-02-06 00:00:00,0.0,-3.0,8.0,9.0,81.0,1.81,905.0,240.0,83.0,0.8,0.66,31.1,29.0,0.42,0.42,0.0,0.0,1.0,1.0,23500.0,GTF _66_H2
2024-02-07 00:00:00,4.0,-4.0,9.0,26.0,10.0,1.92,960.0,192.0,71.0,0.79,0.63,30.9,29.0,0.41,0.51,0.0,0.0,1.0,1.0,23500.0,GTF _66_H2
2024-02-08 00:00:00,7.0,-4.0,10.0,4.0,7.0,1.951,976.0,240.0,74.0,0.82,0.63,30.4,28.5,0.39,0.47,0.0,0.0,1.0,1.0,23500.0,GTF _66_H2
2024-02-09 00:00:00,10.0,-1.0,11.0,7.0,5.0,2.106,1053.0,176.0,45.0,0.84,0.61,30.2,28.1,0.43,0.5,0.0,0.0,1.0,1.0,23500.0,GTF _66_H2
2024-02-10 00:00:00,15.0,0.0,12.0,4.0,13.0,2.521,1261.0,160.0,46.0,0.85,0.66,29.8,27.7,0.42,0.54,0.0,0.0,1.0,1.0,23500.0,GTF _66_H2
2024-02-11 00:00:00,15.0,1.0,13.0,3.0,12.0,2.642,1321.0,0.0,47.0,0.87,0.68,29.6,27.6,0.35,0.47,0.0,0.0,1.0,1.0,23500.0,GTF _66_H2
2024-02-12 00:00:00,18.0,4.0,14.0,5.0,6.0,2.755,1378.0,160.0,38.0,0.9,0.71,29.4,27.1,0.34,0.46,0.0,0.0,1.0,1.0,23500.0,GTF _66_H2
2024-02-13 00:00:00,20.0,6.0,15.0,2.0,8.0,2.974,1487.0,0.0,42.0,0.86,0.68,29.4,27.3,0.36,0.46,0.0,0.0,1.0,1.0,23500.0,GTF _66_H2
2024-02-14 00:00:00,22.0,4.0,16.0,5.0,21.0,3.378,1689.0,0.0,36.0,0.91,0.69,29.8,27.1,0.4,0.89,0.0,0.0,1.0,1.0,23500.0,GTF _66_H2
2024-02-15 00:00:00,7.0,-2.0,17.0,6.0,14.0,3.732,1866.0,160.0,50.0,0.88,0.75,28.3,26.4,0.44,0.48,0.0,0.0,1.0,1.0,23500.0,GTF _66_H2
2024-02-16 00:00:00,10.0,1.0,18.0,4.0,12.0,4.167,2084.0,192.0,54.0,0.91,0.73,28.4,26.1,0.33,0.44,0.0,0.0,1.0,1.0,23500.0,GTF _66_H2
2024-02-17 00:00:00,17.0,11.0,19.0,6.0,15.0,4.425,2213.0,0.0,72.0,0.93,0.74,27.6,25.9,0.33,0.68,0.0,0.0,1.0,1.5,23500.0,GTF _66_H2
2024-02-18 00:00:00,23.0,12.0,20.0,2.0,11.0,4.697,2349.0,80.0,36.0,0.92,0.73,28.7,25.7,0.44,1.06,0.0,0.0,1.5,1.5,23500.0,GTF _66_H2
2024-02-19 00:00:00,13.0,3.0,21.0,5.0,15.0,5.111,2556.0,0.0,66.0,0.97,0.78,27.4,25.0,0.4,0.48,0.0,0.0,1.5,1.5,23500.0,GTF _66_H2
2024-02-20 00:00:00,2.0,0.0,22.0,6.0,9.0,5.097,2549.0,176.0,74.0,0.92,0.72,27.2,25.0,0.3,0.3,0.0,0.0,1.5,1.5,23500.0,GTF _66_H2
2024-02-21 00:00:00,0.0,-4.0,23.0,4.0,13.0,5.246,2623.0,192.0,67.0,0.91,0.72,27.0,24.7,0.31,0.31,0.0,0.0,1.5,1.5,23500.0,GTF _66_H2
2024-02-22 00:00:00,0.0,-3.0,24.0,4.0,8.0,5.538,2769.0,176.0,72.0,0.95,0.71,26.9,24.5,0.27,0.27,0.0,0.0,1.5,1.5,23500.0,GTF _66_H2
2024-02-23 00:00:00,1.0,-2.0,25.0,6.0,9.0,5.612,2806.0,192.0,30.0,0.96,0.74,26.4,24.2,0.28,0.28,0.0,0.0,1.5,1.5,23500.0,GTF _66_H2
2024-02-24 00:00:00,1.0,-3.0,26.0,5.0,13.0,6.104,3052.0,176.0,72.0,0.99,0.75,26.4,23.9,0.28,0.28,0.0,0.0,1.5,1.5,23500.0,GTF _66_H2
2024-02-25 00:00:00,5.0,-1.0,27.0,6.0,11.0,6.21,3105.0,192.0,117.0,0.96,0.76,26.1,23.7,0.27,0.31,0.0,0.0,1.5,1.5,23500.0,GTF _66_H2
2024-02-26 00:00:00,7.0,-2.0,28.0,4.0,7.0,6.269,3135.0,0.0,81.0,0.96,0.76,25.8,23.3,0.3,0.34,0.0,0.0,1.5,1.5,23500.0,GTF _66_H2
2024-02-27 00:00:00,7.0,0.0,29.0,4.0,6.0,6.279,3140.0,0.0,81.0,0.93,0.73,25.7,23.2,0.3,0.37,0.0,0.0,1.5,1.5,23500.0,GTF _66_H2
2024-02-28 00:00:00,5.0,2.0,30.0,11.0,11.0,6.306,3153.0,160.0,84.0,0.98,0.74,25.2,23.0,0.29,0.29,0.0,0.0,1.5,1.5,23500.0,GTF _66_H2
2024-02-29 00:00:00,5.0,-2.0,31.0,3.0,4.0,6.62,3310.0,0.0,81.0,0.98,0.79,24.9,22.8,0.27,0.29,0.0,0.0,1.5,1.5,23500.0,GTF _66_H2
2024-03-01 00:00:00,6.0,-1.0,32.0,8.0,6.0,7.288,3644.0,0.0,84.0,0.98,0.77,24.8,22.1,0.26,0.31,0.0,0.0,1.5,1.5,23500.0,GTF _66_H2
2024-03-02 00:00:00,11.0,0.0,33.0,7.0,8.0,7.073,3537.0,0.0,83.0,0.98,0.77,25.1,22.0,0.26,0.39,0.0,0.0,1.5,1.5,23500.0,GTF _66_H2
2024-03-03 00:00:00,14.0,3.0,34.0,4.0,6.0,7.282,3641.0,0.0,86.0,0.95,0.7,25.0,22.0,0.28,0.5,0.0,0.0,1.5,1.5,23500.0,GTF _66_H2
2024-03-04 00:00:00,10.0,7.0,35.0,5.0,10.0,7.624,3812.0,0.0,91.0,0.98,0.77,24.2,21.8,0.29,0.35,0.0,0.0,1.5,1.5,23500.0,GTF _66_H2
2024-03-05 00:00:00,9.0,5.0,36.0,14.0,3.0,7.685,3843.0,0.0,87.0,0.98,0.9,23.5,21.3,0.29,0.34,0.0,0.0,1.5,1.5,23500.0,GTF _66_H2
2024-03-06 00:00:00,10.0,0.0,37.0,28.0,1.0,7.969,3985.0,0.0,88.0,0.98,0.78,23.5,20.8,0.28,0.38,0.0,0.0,1.5,1.5,23500.0,GTF _66_H2
2024-03-07 00:00:00,14.0,1.0,38.0,48.0,0.0,7.902,3951.0,0.0,95.0,0.99,0.76,23.5,20.3,0.27,0.57,0.0,0.0,1.5,2.0,23500.0,GTF _66_H2
2024-01-30 00:00:00,11.0,5.0,1.0,19.0,19.0,0.74,370.0,1088.0,80.0,0.61,0.53,35.1,33.5,0.52,0.52,0.0,0.0,1.0,1.0,28500.0,GTF _66_H3
2024-01-31 00:00:00,8.0,3.0,2.0,21.0,6.0,0.97,485.0,1088.0,72.0,0.68,0.6,34.7,32.6,0.4,0.54,0.0,0.0,1.0,1.0,28500.0,GTF _66_H3
2024-02-01 00:00:00,2.0,-1.0,3.0,37.0,13.0,1.2,600.0,176.0,40.0,0.69,0.58,33.8,31.7,0.43,0.54,0.0,0.0,1.0,1.0,28500.0,GTF _66_H3
2024-02-02 00:00:00,1.0,-2.0,4.0,15.0,21.0,1.31,655.0,352.0,64.0,0.7,0.6,33.0,31.0,0.44,0.44,0.0,0.0,1.0,1.0,28500.0,GTF _66_H3
2024-02-03 00:00:00,0.0,-1.0,5.0,9.0,16.0,1.53,765.0,272.0,64.0,0.83,0.6,32.5,30.4,0.44,0.44,0.0,0.0,1.0,1.0,28500.0,GTF _66_H3
2024-02-04 00:00:00,0.0,-3.0,6.0,16.0,18.0,1.76,880.0,176.0,64.0,0.77,0.68,31.3,29.3,0.43,0.43,0.0,0.0,1.0,1.0,28500.0,GTF _66_H3
2024-02-05 00:00:00,-1.0,-7.0,7.0,12.0,16.0,1.99,995.0,336.0,68.0,0.82,0.72,30.6,28.8,0.43,0.43,0.0,0.0,1.0,1.5,28500.0,GTF _66_H3
2024-02-06 00:00:00,0.0,-3.0,8.0,15.0,130.0,2.19,1095.0,240.0,64.0,0.85,0.74,30.5,28.9,0.44,0.44,0.0,0.0,1.5,1.5,28500.0,GTF _66_H3
2024-02-07 00:00:00,4.0,-4.0,9.0,22.0,7.0,2.29,1145.0,192.0,52.0,0.87,0.71,30.6,28.6,0.4,0.5,0.0,0.0,1.5,1.5,28500.0,GTF _66_H3
2024-02-08 00:00:00,7.0,-4.0,10.0,9.0,13.0,2.354,1177.0,240.0,56.0,0.88,0.7,30.4,28.1,0.43,0.48,0.0,0.0,1.5,1.5,28500.0,GTF _66_H3
2024-02-09 00:00:00,10.0,-1.0,11.0,5.0,12.0,2.639,1320.0,176.0,36.0,0.91,0.72,29.9,28.0,0.42,0.56,0.0,0.0,1.5,1.5,28500.0,GTF _66_H3
2024-02-10 00:00:00,15.0,0.0,12.0,7.0,50.0,3.209,1605.0,160.0,36.0,0.89,0.72,29.6,27.8,0.42,0.74,0.0,0.0,1.5,1.5,28500.0,GTF _66_H3
2024-02-11 00:00:00,15.0,1.0,13.0,7.0,40.0,3.529,1765.0,0.0,40.0,0.9,0.73,29.5,27.5,0.51,0.79,0.0,0.0,1.5,1.5,28500.0,GTF _66_H3
2024-02-12 00:00:00,18.0,4.0,14.0,8.0,39.0,3.798,1899.0,160.0,36.0,0.91,0.73,29.0,27.1,0.45,0.77,0.0,0.0,1.5,1.5,28500.0,GTF _66_H3
2024-02-13 00:00:00,20.0,6.0,15.0,6.0,20.0,4.191,2096.0,0.0,36.0,0.89,0.74,29.0,26.8,0.45,0.74,0.0,0.0,1.5,1.5,28500.0,GTF _66_H3
2024-02-14 00:00:00,22.0,4.0,16.0,9.0,28.0,4.561,2281.0,0.0,36.0,0.93,0.64,30.6,26.6,0.5,1.49,0.0,0.0,1.5,1.5,28500.0,GTF _66_H3
2024-02-15 00:00:00,7.0,-2.0,17.0,9.0,40.0,4.756,2378.0,160.0,52.0,0.9,0.77,28.3,25.9,0.53,0.58,0.0,0.0,1.5,1.5,28500.0,GTF _66_H3
2024-02-16 00:00:00,10.0,1.0,18.0,9.0,42.0,5.065,2533.0,192.0,48.0,0.9,0.76,28.1,25.7,0.41,0.61,0.0,0.0,1.5,1.5,28500.0,GTF _66_H3
2024-02-17 00:00:00,17.0,11.0,19.0,7.0,38.0,5.298,2649.0,0.0,44.0,0.92,0.75,28.3,25.6,0.4,0.83,0.0,0.0,1.5,1.7,28500.0,GTF _66_H3
2024-02-18 00:00:00,23.0,12.0,20.0,9.0,43.0,5.62,2810.0,80.0,40.0,0.92,0.77,29.9,25.8,0.45,1.34,0.0,0.0,1.7,2.0,28500.0,GTF _66_H3
2024-02-19 00:00:00,13.0,3.0,21.0,9.0,25.0,5.775,2888.0,0.0,28.0,0.95,0.85,28.2,25.1,0.37,0.48,0.0,0.0,1.7,1.7,28500.0,GTF _66_H3
2024-02-20 00:00:00,2.0,0.0,22.0,9.0,30.0,5.926,2963.0,176.0,64.0,0.93,0.76,27.6,25.1,0.35,0.35,0.0,0.0,1.7,1.7,28500.0,GTF _66_H3
2024-02-21 00:00:00,0.0,-4.0,23.0,7.0,25.0,6.893,3447.0,192.0,52.0,0.95,0.77,27.4,25.0,0.35,0.35,0.0,0.0,1.7,1.7,28500.0,GTF _66_H3
2024-02-22 00:00:00,0.0,-3.0,24.0,5.0,35.0,7.286,3643.0,176.0,44.0,0.97,0.78,27.2,24.3,0.3,0.33,0.0,0.0,1.7,1.7,28500.0,GTF _66_H3
2024-02-23 00:00:00,1.0,-2.0,25.0,7.0,25.0,7.486,3743.0,192.0,56.0,0.97,0.8,27.1,24.3,0.31,0.31,0.0,0.0,1.7,1.7,28500.0,GTF _66_H3
2024-02-24 00:00:00,1.0,-3.0,26.0,7.0,21.0,7.987,3994.0,176.0,48.0,0.97,0.8,26.7,24.1,0.31,0.31,0.0,0.0,1.7,1.7,28500.0,GTF _66_H3
2024-02-25 00:00:00,5.0,-1.0,27.0,7.0,15.0,8.597,4299.0,192.0,56.0,0.97,0.8,26.4,23.7,0.29,0.34,0.0,0.0,1.7,1.7,28500.0,GTF _66_H3
2024-02-26 00:00:00,7.0,-2.0,28.0,5.0,25.0,8.806,4403.0,0.0,48.0,0.97,0.8,26.5,23.5,0.3,0.39,0.0,0.0,1.7,1.7,28500.0,GTF _66_H3
2024-02-27 00:00:00,7.0,0.0,29.0,7.0,21.0,9.369,4685.0,0.0,48.0,0.95,0.8,26.2,23.2,0.3,0.45,0.0,0.0,1.7,1.7,28500.0,GTF _66_H3
2024-02-28 00:00:00,5.0,2.0,30.0,7.0,25.0,9.257,4629.0,160.0,48.0,0.97,0.83,25.4,23.0,0.31,0.31,0.0,0.0,1.7,1.7,28500.0,GTF _66_H3
2024-02-29 00:00:00,5.0,-2.0,31.0,5.0,11.0,9.022,4511.0,0.0,48.0,0.98,0.89,24.9,22.9,0.29,0.31,0.0,0.0,1.7,1.7,28500.0,GTF _66_H3
2024-03-01 00:00:00,6.0,-1.0,32.0,7.0,15.0,9.078,4539.0,0.0,48.0,0.96,0.83,24.7,22.3,0.29,0.38,0.0,0.0,1.7,1.7,28500.0,GTF _66_H3
2024-03-02 00:00:00,11.0,0.0,33.0,31.0,10.0,9.279,4640.0,0.0,52.0,0.96,0.83,25.1,21.8,0.28,0.58,0.0,0.0,1.7,2.0,28500.0,GTF _66_H3
2024-03-03 00:00:00,14.0,3.0,34.0,33.0,7.0,9.457,4729.0,0.0,52.0,0.95,0.7,26.1,22.1,0.33,0.83,0.0,0.0,2.0,3.0,28500.0,GTF _66_H3
2024-03-04 00:00:00,10.0,7.0,35.0,49.0,5.0,9.93,4965.0,0.0,64.0,0.96,0.8,24.0,21.8,0.35,0.46,0.0,0.0,2.0,2.0,28500.0,GTF _66_H3
2024-03-05 00:00:00,9.0,5.0,36.0,45.0,6.0,9.808,4904.0,0.0,60.0,0.97,0.92,23.1,21.1,0.37,0.44,0.0,0.0,2.0,2.0,28500.0,GTF _66_H3
2024-03-06 00:00:00,10.0,0.0,37.0,75.0,0.0,9.041,4521.0,0.0,68.0,0.97,0.78,23.4,20.2,0.32,0.49,0.0,0.0,2.0,2.0,28500.0,GTF _66_H3
2024-03-07 00:00:00,14.0,1.0,38.0,71.0,0.0,8.868,4434.0,0.0,60.0,0.96,0.74,23.4,19.7,0.31,0.7,0.0,0.0,2.0,3.0,28500.0,GTF _66_H3
2024-02-20 00:00:00,0.0,-1.0,1.0,20.0,26.0,0.66,330.0,0.0,40.0,0.69,0.45,34.6,31.7,0.6,0.6,0.0,0.0,1.0,1.0,25400.0,G1A_57_H1
2024-02-21 00:00:00,0.0,-2.0,2.0,11.0,25.0,0.86,430.0,0.0,40.0,0.71,0.57,33.8,31.5,0.58,0.6,0.0,0.0,1.0,1.0,25400.0,G1A_57_H1
2024-02-22 00:00:00,0.0,-4.0,3.0,20.0,11.0,1.07,535.0,0.0,40.0,0.72,0.61,33.2,31.0,0.6,0.6,0.0,0.0,1.0,1.0,25400.0,G1A_57_H1
2024-02-23 00:00:00,1.0,-2.0,4.0,16.0,24.0,1.17,585.0,0.0,44.00000000001455,0.74,0.64,32.5,30.1,0.6,0.6,0.0,0.0,1.0,1.0,25400.0,G1A_57_H1
2024-02-24 00:00:00,1.0,-4.0,5.0,16.0,17.0,1.39,695.0,1534.0,47.999999999992724,0.72,0.63,32.1,30.3,0.6,0.6,0.0,0.0,1.0,1.0,25400.0,G1A_57_H1
2024-02-25 00:00:00,4.0,-2.0,6.0,6.0,13.0,1.58,790.0,244.0,47.999999999992724,0.72,0.61,31.5,29.5,0.6,0.6,0.0,0.0,1.0,1.0,25400.0,G1A_57_H1
2024-02-26 00:00:00,7.0,-2.0,7.0,8.0,7.0,1.79,895.0,196.0,40.0,0.69,0.6,31.0,29.1,0.6,0.6,0.0,0.0,1.0,1.0,25400.0,G1A_57_H1
2024-02-27 00:00:00,7.0,0.0,8.0,30.0,174.0,1.97,985.0,207.0,44.00000000001455,0.69,0.59,30.6,28.9,0.58,0.6,0.0,0.0,1.0,1.0,25400.0,G1A_57_H1
2024-02-28 00:00:00,5.0,2.0,9.0,13.0,6.0,1.92,960.0,184.0,43.99999999997817,0.7,0.61,30.4,28.7,0.57,0.58,0.0,0.0,1.0,1.0,25400.0,G1A_57_H1
2024-02-29 00:00:00,4.0,-1.0,10.0,6.0,9.0,2.53,1265.0,223.0,44.00000000001455,0.72,0.63,30.4,28.3,0.56,0.57,0.0,0.0,1.0,2.0,25400.0,G1A_57_H1
2024-03-01 00:00:00,6.0,-1.0,11.0,3.0,8.0,2.6,1300.0,185.0,27.999999999992724,0.73,0.64,30.6,28.1,0.53,0.55,0.0,0.0,2.0,2.0,25400.0,G1A_57_H1
2024-03-02 00:00:00,11.0,0.0,12.0,6.0,8.0,3.18,1590.0,182.0,32.000000000007276,0.72,0.64,30.6,27.8,0.52,0.53,0.0,0.0,2.0,2.0,25400.0,G1A_57_H1
2024-03-03 00:00:00,14.0,3.0,13.0,4.0,7.0,3.53,1765.0,151.0,32.000000000007276,0.73,0.64,29.5,27.6,0.51,0.77,0.0,0.0,2.0,2.0,25400.0,G1A_57_H1
2024-03-04 00:00:00,10.0,7.0,14.0,4.0,20.0,3.72,1860.0,142.0,40.0,0.72,0.65,29.5,27.1,0.5,0.51,0.0,0.0,2.0,2.0,25400.0,G1A_57_H1
2024-03-05 00:00:00,9.0,5.0,15.0,4.0,8.0,3.95,1975.0,98.0,27.999999999992724,0.73,0.69,28.9,26.9,0.48,0.5,0.0,0.0,2.0,2.0,25400.0,G1A_57_H1
2024-03-06 00:00:00,10.0,0.0,16.0,8.0,14.0,4.34,2170.0,90.0,27.999999999992724,0.73,0.67,28.8,26.4,0.46,0.55,0.0,0.0,2.0,2.0,25400.0,G1A_57_H1
2024-03-07 00:00:00,14.0,1.0,17.0,4.0,12.0,4.53,2265.0,58.0,27.999999999992724,0.73,0.64,28.6,25.9,0.44,0.57,0.0,0.0,2.0,2.0,25400.0,G1A_57_H1
2024-03-08 00:00:00,12.0,0.0,18.0,3.0,18.0,4.8,2400.0,47.0,36.00000000002183,0.73,0.63,28.2,25.4,0.43,0.57,0.0,0.0,2.0,2.0,25400.0,G1A_57_H1
2024-03-09 00:00:00,12.0,2.0,19.0,5.0,10.0,4.94,2470.0,40.0,35.99999999998545,0.73,0.61,27.7,25.5,0.39,0.54,0.0,0.0,2.0,2.0,25400.0,G1A_57_H1
2024-03-10 00:00:00,16.0,5.0,20.0,6.0,6.0,5.27,2635.0,37.0,35.99999999998545,0.73,0.63,27.6,25.4,0.4,0.55,0.0,0.0,2.0,2.0,25400.0,G1A_57_H1
2024-03-11 00:00:00,21.0,6.0,21.0,8.0,22.0,5.58,2790.0,21.0,35.99999999998545,0.73,0.59,27.6,25.2,0.43,0.81,0.0,0.0,2.0,2.0,25400.0,G1A_57_H1
2024-03-12 00:00:00,16.0,4.0,22.0,6.0,14.0,6.18,3090.0,20.0,64.00000000001455,0.72,0.56,27.9,25.1,0.45,0.63,0.0,0.0,2.0,2.0,25400.0,G1A_57_H1
2024-03-13 00:00:00,16.0,7.0,23.0,6.0,6.0,6.36,3180.0,50.0,87.99999999999272,0.72,0.6,27.9,24.9,0.41,0.63,0.0,0.0,2.0,2.0,25400.0,G1A_57_H1
2024-03-14 00:00:00,16.0,5.0,24.0,11.0,10.0,6.84,3420.0,35.0,47.999999999992724,0.73,0.54,27.4,24.9,0.44,0.57,0.0,0.0,2.0,2.0,25400.0,G1A_57_H1
2024-03-15 00:00:00,19.0,7.0,25.0,7.0,10.0,7.2,3600.0,45.0,32.000000000007276,0.73,0.64,26.8,24.7,0.47,0.68,0.0,0.0,2.0,2.0,25400.0,G1A_57_H1
2024-03-16 00:00:00,22.0,10.0,26.0,8.0,11.0,7.51,3755.0,11.0,143.99999999997817,0.73,0.62,27.2,24.4,0.46,0.75,0.0,0.0,2.0,2.0,25400.0,G1A_57_H1
2024-03-17 00:00:00,12.0,5.0,27.0,10.0,17.0,7.41,3705.0,4.0,84.00000000001455,0.73,0.65,28.6,25.0,0.49,0.61,0.0,0.0,2.0,2.0,25400.0,G1A_57_H1
2024-03-18 00:00:00,11.0,4.0,28.0,7.0,8.0,7.74,3870.0,38.0,40.0,0.72,0.58,27.1,24.4,0.36,0.46,0.0,0.0,2.0,2.0,25400.0,G1A_57_H1
2024-03-19 00:00:00,17.0,3.0,29.0,15.0,15.0,7.38,3690.0,30.0,87.99999999999272,0.71,0.6,26.7,24.9,0.36,0.63,0.0,0.0,2.0,2.0,25400.0,G1A_57_H1
2024-03-20 00:00:00,18.0,5.0,30.0,12.0,40.0,7.68,3840.0,16.0,67.99999999999272,0.69,0.55,27.5,24.4,0.42,0.64,0.0,0.0,2.0,2.0,25400.0,G1A_57_H1
2024-03-21 00:00:00,24.0,9.0,31.0,30.0,44.0,7.85,3925.0,17.0,52.000000000007276,0.69,0.58,27.4,25.1,0.45,0.75,0.0,0.0,2.0,2.0,25400.0,G1A_57_H1
2024-03-22 00:00:00,26.0,14.0,32.0,70.0,65.0,8.03,4015.0,0.5,100.0,0.73,0.48,29.5,24.5,0.47,0.94,0.0,0.0,2.0,3.0,25400.0,G1A_57_H1
2024-03-23 00:00:00,19.0,12.0,33.0,85.0,27.0,7.76,3880.0,0.0,100.0,0.71,0.55,28.0,26.2,0.44,0.51,0.0,0.0,2.0,2.0,25400.0,G1A_57_H1
2024-03-24 00:00:00,17.0,10.0,34.0,69.0,10.0,7.03,3515.0,2.4,84.00000000001455,0.73,0.67,26.7,25.4,0.42,0.5,0.0,0.0,2.0,2.0,25400.0,G1A_57_H1
2024-03-25 00:00:00,11.0,5.0,35.0,62.0,19.0,7.3,3650.0,5.25,95.99999999998545,0.73,0.69,26.4,24.1,0.36,0.47,0.0,0.0,2.0,2.0,25400.0,G1A_57_H1
2024-03-26 00:00:00,15.0,8.0,36.0,62.0,19.0,7.44,3720.0,34.0,24.000000000014552,0.73,0.69,26.4,23.7,0.35,0.45,0.0,0.0,2.0,2.0,25400.0,G1A_57_H1
2024-03-27 00:00:00,15.0,10.0,37.0,80.0,9.0,8.41,4205.0,15.0,172.00000000000728,0.72,0.62,25.9,23.5,0.35,0.43,0.0,0.0,2.0,2.0,25400.0,G1A_57_H1
2024-02-20 00:00:00,0.0,-1.0,1.0,8.0,28.0,0.68,340.0,0.0,40.0,0.67,0.46,34.0,31.1,0.6,0.6,0.0,0.0,1.0,1.0,26000.0,G1A_57_H2
2024-02-21 00:00:00,0.0,-2.0,2.0,32.0,46.0,0.88,440.0,0.0,40.0,0.72,0.62,33.6,30.8,0.58,0.6,0.0,0.0,1.0,1.0,26000.0,G1A_57_H2
2024-02-22 00:00:00,0.0,-4.0,3.0,18.0,21.0,1.1,550.0,0.0,40.0,0.73,0.68,33.1,30.3,0.6,0.6,0.0,0.0,1.0,1.0,26000.0,G1A_57_H2
2024-02-23 00:00:00,1.0,-2.0,4.0,12.0,15.0,1.2,600.0,0.0,43.99999999997817,0.75,0.68,32.6,29.8,0.6,0.6,0.0,0.0,1.0,1.0,26000.0,G1A_57_H2
2024-02-24 00:00:00,1.0,-4.0,5.0,13.0,21.0,1.41,705.0,1534.0,40.0,0.69,0.61,32.1,29.3,0.6,0.6,0.0,0.0,1.0,1.0,26000.0,G1A_57_H2
2024-02-25 00:00:00,4.0,-2.0,6.0,2.0,16.0,1.62,810.0,244.0,48.000000000029104,0.7,0.62,31.5,28.7,0.6,0.6,0.0,0.0,1.0,1.0,26000.0,G1A_57_H2
2024-02-26 00:00:00,7.0,-2.0,7.0,10.0,17.0,1.82,910.0,196.0,40.0,0.68,0.62,31.0,28.1,0.6,0.6,0.0,0.0,1.0,1.0,26000.0,G1A_57_H2
2024-02-27 00:00:00,7.0,0.0,8.0,29.0,131.0,2.25,1125.0,207.0,40.0,0.7,0.62,30.6,27.9,0.58,0.6,0.0,0.0,1.0,1.0,26000.0,G1A_57_H2
2024-02-28 00:00:00,5.0,2.0,9.0,23.0,4.0,2.1,1050.0,184.0,43.99999999997817,0.69,0.62,30.3,27.5,0.57,0.58,0.0,0.0,1.0,1.0,26000.0,G1A_57_H2
2024-02-29 00:00:00,4.0,-1.0,10.0,11.0,3.0,2.73,1365.0,223.0,36.00000000002183,0.7,0.63,30.4,27.9,0.56,0.57,0.0,0.0,1.0,2.0,26000.0,G1A_57_H2
2024-03-01 00:00:00,6.0,-1.0,11.0,5.0,13.0,3.01,1505.0,185.0,27.999999999992724,0.76,0.63,30.9,27.7,0.53,0.55,0.0,0.0,2.0,2.0,26000.0,G1A_57_H2
2024-03-02 00:00:00,11.0,0.0,12.0,8.0,12.0,3.58,1790.0,182.0,32.000000000007276,0.71,0.61,30.8,27.5,0.52,0.53,0.0,0.0,2.0,2.0,26000.0,G1A_57_H2
2024-03-03 00:00:00,14.0,3.0,13.0,10.0,13.0,3.81,1905.0,151.0,71.9999999999709,0.71,0.62,29.9,27.1,0.48,0.77,0.0,0.0,2.0,2.0,26000.0,G1A_57_H2
2024-03-04 00:00:00,10.0,7.0,14.0,10.0,21.0,3.9,1950.0,142.0,32.000000000007276,0.71,0.66,30.0,26.8,0.48,0.51,0.0,0.0,2.0,2.0,26000.0,G1A_57_H2
2024-03-05 00:00:00,9.0,5.0,15.0,8.0,30.0,4.22,2110.0,98.0,27.999999999992724,0.74,0.69,29.7,26.4,0.46,0.5,0.0,0.0,2.0,2.0,26000.0,G1A_57_H2
2024-03-06 00:00:00,10.0,0.0,16.0,9.0,26.0,4.54,2270.0,90.0,31.999999999970896,0.75,0.67,29.3,26.0,0.44,0.55,0.0,0.0,2.0,2.0,26000.0,G1A_57_H2
2024-03-07 00:00:00,14.0,1.0,17.0,4.0,21.0,4.46,2230.0,58.0,32.000000000007276,0.75,0.63,28.9,25.6,0.42,0.57,0.0,0.0,2.0,2.0,26000.0,G1A_57_H2
2024-03-08 00:00:00,12.0,0.0,18.0,5.0,26.0,5.06,2530.0,47.0,36.00000000002183,0.72,0.64,28.4,25.5,0.4,0.54,0.0,0.0,2.0,2.0,26000.0,G1A_57_H2
2024-03-09 00:00:00,12.0,2.0,19.0,5.0,15.0,5.24,2620.0,40.0,35.99999999998545,0.72,0.63,27.8,25.1,0.36,0.52,0.0,0.0,2.0,2.0,26000.0,G1A_57_H2
2024-03-10 00:00:00,16.0,5.0,20.0,5.0,14.0,5.38,2690.0,37.0,20.0,0.74,0.63,27.8,24.9,0.36,0.53,0.0,0.0,2.0,2.0,26000.0,G1A_57_H2
2024-03-11 00:00:00,21.0,6.0,21.0,4.0,11.0,5.84,2920.0,21.0,20.0,0.74,0.58,27.5,24.6,0.34,0.73,0.0,0.0,2.0,2.0,26000.0,G1A_57_H2
2024-03-12 00:00:00,16.0,4.0,22.0,6.0,16.0,6.42,3210.0,20.0,35.99999999998545,0.73,0.6,28.1,25.1,0.34,0.45,0.0,0.0,2.0,2.0,26000.0,G1A_57_H2
2024-03-13 00:00:00,16.0,7.0,23.0,5.0,21.0,6.42,3210.0,50.0,47.999999999992724,0.74,0.63,27.5,24.2,0.36,0.41,0.0,0.0,2.0,2.0,26000.0,G1A_57_H2
2024-03-14 00:00:00,16.0,5.0,24.0,8.0,9.0,6.67,3335.0,35.0,40.0,0.72,0.59,27.3,24.2,0.35,0.41,0.0,0.0,2.0,2.0,26000.0,G1A_57_H2
2024-03-15 00:00:00,19.0,7.0,25.0,7.0,30.0,7.25,3625.0,45.0,52.000000000007276,0.74,0.49,27.1,24.4,0.37,0.58,0.0,0.0,2.0,2.0,26000.0,G1A_57_H2
2024-03-16 00:00:00,22.0,10.0,26.0,7.0,21.0,8.01,4005.0,11.0,144.00000000001455,0.75,0.49,27.2,24.1,0.35,0.65,0.0,0.0,2.0,2.0,26000.0,G1A_57_H2
2024-03-17 00:00:00,12.0,5.0,27.0,17.0,24.0,7.84,3920.0,4.0,55.99999999998545,0.75,0.5,28.1,24.2,0.31,0.41,0.0,0.0,2.0,2.0,26000.0,G1A_57_H2
2024-03-18 00:00:00,11.0,4.0,28.0,18.0,42.0,7.93,3965.0,38.0,36.00000000002183,0.76,0.65,26.9,23.6,0.32,0.34,0.0,0.0,2.0,2.0,26000.0,G1A_57_H2
2024-03-19 00:00:00,17.0,3.0,29.0,13.0,72.0,7.39,3695.0,30.0,55.99999999998545,0.74,0.65,26.5,23.3,0.31,0.41,0.0,0.0,2.0,2.0,26000.0,G1A_57_H2
2024-03-20 00:00:00,18.0,5.0,30.0,19.0,65.0,7.38,3690.0,16.0,60.0,0.74,0.59,26.9,23.5,0.32,0.43,0.0,0.0,2.0,2.0,26000.0,G1A_57_H2
2024-03-21 00:00:00,24.0,9.0,31.0,25.0,46.0,7.38,3690.0,17.0,60.0,0.75,0.62,27.3,23.5,0.33,0.68,0.0,0.0,2.0,2.0,26000.0,G1A_57_H2
2024-03-22 00:00:00,26.0,14.0,32.0,56.0,19.0,8.1,4050.0,0.5,67.99999999999272,0.75,0.52,28.4,23.1,0.37,0.94,0.0,0.0,2.0,3.0,26000.0,G1A_57_H2
2024-03-23 00:00:00,19.0,12.0,33.0,107.0,42.0,7.66,3830.0,0.0,52.000000000007276,0.74,0.56,26.9,24.5,0.3,0.35,0.0,0.0,2.0,2.0,26000.0,G1A_57_H2
2024-03-24 00:00:00,17.0,10.0,34.0,120.0,40.0,7.26,3630.0,2.4,55.99999999998545,0.76,0.67,26.1,23.7,0.3,0.35,0.0,0.0,2.0,2.0,26000.0,G1A_57_H2
2024-03-25 00:00:00,11.0,5.0,35.0,265.0,60.0,6.79,3395.0,5.25,40.0,0.76,0.72,25.4,22.6,0.3,0.35,0.0,0.0,2.0,2.0,26000.0,G1A_57_H2
2024-03-26 00:00:00,15.0,8.0,36.0,235.0,51.0,5.81,2905.0,34.0,80.0,0.76,0.69,25.4,22.5,0.3,0.35,0.0,0.0,2.0,2.0,26000.0,G1A_57_H2
2024-03-27 00:00:00,15.0,10.0,37.0,190.0,15.0,6.0,3000.0,15.0,80.0,0.74,0.66,24.8,22.0,0.3,0.35,0.0,0.0,2.0,2.0,26000.0,G1A_57_H2
2024-02-20 00:00:00,0.0,-1.0,1.0,15.0,8.0,0.66,330.0,0.0,40.0,0.67,0.43,34.7,31.9,0.6,0.6,0.0,0.0,1.0,1.0,25400.0,G1A_57_H3
2024-02-21 00:00:00,0.0,-2.0,2.0,14.0,20.0,0.86,430.0,0.0,40.0,0.72,0.53,33.9,31.8,0.58,0.6,0.0,0.0,1.0,1.0,25400.0,G1A_57_H3
2024-02-22 00:00:00,0.0,-4.0,3.0,7.0,21.0,1.07,535.0,0.0,40.0,0.74,0.64,33.3,31.2,0.6,0.6,0.0,0.0,1.0,1.0,25400.0,G1A_57_H3
2024-02-23 00:00:00,1.0,-2.0,4.0,10.0,24.0,1.17,585.0,0.0,40.0,0.76,0.67,32.7,30.6,0.6,0.6,0.0,0.0,1.0,1.0,25400.0,G1A_57_H3
2024-02-24 00:00:00,1.0,-4.0,5.0,8.0,24.0,1.39,695.0,1534.0,40.0,0.75,0.67,32.4,30.2,0.45,0.45,0.0,0.0,1.0,1.0,25400.0,G1A_57_H3
2024-02-25 00:00:00,4.0,-2.0,6.0,6.0,14.0,1.58,790.0,244.0,40.0,0.77,0.65,31.9,29.9,0.45,0.45,0.0,0.0,1.0,1.0,25400.0,G1A_57_H3
2024-02-26 00:00:00,7.0,-2.0,7.0,8.0,14.0,1.79,895.0,196.0,36.00000000002183,0.72,0.63,31.2,29.2,0.45,0.45,0.0,0.0,1.0,1.0,25400.0,G1A_57_H3
2024-02-27 00:00:00,7.0,0.0,8.0,45.0,175.0,1.94,970.0,207.0,35.99999999998545,0.79,0.67,31.0,29.1,0.45,0.45,0.0,0.0,1.0,1.0,25400.0,G1A_57_H3
2024-02-28 00:00:00,5.0,2.0,9.0,6.0,17.0,1.75,875.0,184.0,32.000000000007276,0.79,0.65,30.5,28.9,0.45,0.45,0.0,0.0,1.0,1.0,25400.0,G1A_57_H3
2024-02-29 00:00:00,4.0,-1.0,10.0,4.0,5.0,2.5,1250.0,223.0,32.000000000007276,0.79,0.66,30.5,28.4,0.45,0.45,0.0,0.0,1.0,2.0,25400.0,G1A_57_H3
2024-03-01 00:00:00,6.0,-1.0,11.0,5.0,14.0,2.78,1390.0,185.0,27.999999999992724,0.79,0.64,30.3,28.1,0.45,0.45,0.0,0.0,2.0,2.0,25400.0,G1A_57_H3
2024-03-02 00:00:00,11.0,0.0,12.0,2.0,10.0,3.3,1650.0,182.0,32.000000000007276,0.77,0.65,30.2,28.1,0.45,0.45,0.0,0.0,2.0,2.0,25400.0,G1A_57_H3
2024-03-03 00:00:00,14.0,3.0,13.0,4.0,15.0,3.64,1820.0,151.0,27.999999999992724,0.78,0.65,29.6,27.9,0.45,0.77,0.0,0.0,2.0,2.0,25400.0,G1A_57_H3
2024-03-04 00:00:00,10.0,7.0,14.0,3.0,21.0,3.71,1855.0,142.0,27.999999999992724,0.78,0.67,29.7,27.4,0.45,0.45,0.0,0.0,2.0,2.0,25400.0,G1A_57_H3
2024-03-05 00:00:00,9.0,5.0,15.0,3.0,29.0,3.99,1995.0,98.0,32.000000000007276,0.8,0.71,28.8,27.0,0.45,0.45,0.0,0.0,2.0,2.0,25400.0,G1A_57_H3
2024-03-06 00:00:00,10.0,0.0,16.0,3.0,33.0,4.4,2200.0,90.0,40.0,0.8,0.67,28.6,26.3,0.45,0.55,0.0,0.0,2.0,2.0,25400.0,G1A_57_H3
2024-03-07 00:00:00,14.0,1.0,17.0,4.0,28.0,4.68,2340.0,58.0,12.000000000007276,0.8,0.66,28.3,26.1,0.45,0.57,0.0,0.0,2.0,2.0,25400.0,G1A_57_H3
2024-03-08 00:00:00,12.0,0.0,18.0,3.0,15.0,4.75,2375.0,47.0,31.999999999970896,0.78,0.65,28.1,25.8,0.45,0.57,0.0,0.0,2.0,2.0,25400.0,G1A_57_H3
2024-03-09 00:00:00,12.0,2.0,19.0,3.0,10.0,5.08,2540.0,40.0,36.00000000002183,0.78,0.62,27.8,25.8,0.45,0.54,0.0,0.0,2.0,2.0,25400.0,G1A_57_H3
2024-03-10 00:00:00,16.0,5.0,20.0,3.0,12.0,5.56,2780.0,37.0,35.99999999998545,0.8,0.63,27.9,25.5,0.45,0.55,0.0,0.0,2.0,2.0,25400.0,G1A_57_H3
2024-03-11 00:00:00,21.0,6.0,21.0,5.0,15.0,5.56,2780.0,21.0,35.99999999998545,0.81,0.54,28.0,25.4,0.45,0.81,0.0,0.0,2.0,2.0,25400.0,G1A_57_H3
2024-03-12 00:00:00,16.0,4.0,22.0,2.0,5.0,6.1,3050.0,20.0,52.000000000007276,0.77,0.55,28.5,26.1,0.45,0.63,0.0,0.0,2.0,2.0,25400.0,G1A_57_H3
2024-03-13 00:00:00,16.0,7.0,23.0,12.0,28.0,6.47,3235.0,50.0,44.00000000001455,0.74,0.58,27.9,24.8,0.41,0.63,0.0,0.0,2.0,2.0,25400.0,G1A_57_H3
2024-03-14 00:00:00,16.0,5.0,24.0,6.0,13.0,6.8,3400.0,35.0,51.999999999970896,0.76,0.57,27.4,24.8,0.44,0.57,0.0,0.0,2.0,2.0,25400.0,G1A_57_H3
2024-03-15 00:00:00,19.0,7.0,25.0,4.0,11.0,6.49,3245.0,45.0,56.00000000002183,0.83,0.63,26.6,24.6,0.47,0.68,0.0,0.0,2.0,2.0,25400.0,G1A_57_H3
2024-03-16 00:00:00,22.0,10.0,26.0,2.0,10.0,7.18,3590.0,11.0,171.9999999999709,0.84,0.66,27.0,24.2,0.46,0.75,0.0,0.0,2.0,2.0,25400.0,G1A_57_H3
2024-03-17 00:00:00,12.0,5.0,27.0,3.0,8.0,6.96,3480.0,4.0,72.00000000000728,0.85,0.68,28.1,24.6,0.49,0.61,0.0,0.0,2.0,2.0,25400.0,G1A_57_H3
2024-03-18 00:00:00,11.0,4.0,28.0,2.0,7.0,7.56,3780.0,38.0,56.00000000002183,0.8,0.63,27.4,24.4,0.36,0.46,0.0,0.0,2.0,2.0,25400.0,G1A_57_H3
2024-03-19 00:00:00,17.0,3.0,29.0,4.0,15.0,7.55,3775.0,30.0,55.99999999998545,0.81,0.64,26.8,24.2,0.36,0.63,0.0,0.0,2.0,2.0,25400.0,G1A_57_H3
2024-03-20 00:00:00,18.0,5.0,30.0,8.0,5.0,7.9,3950.0,16.0,64.00000000001455,0.77,0.59,28.0,24.4,0.42,0.64,0.0,0.0,2.0,2.0,25400.0,G1A_57_H3
2024-03-21 00:00:00,24.0,9.0,31.0,15.0,7.0,8.24,4120.0,17.0,60.0,0.79,0.62,27.5,24.9,0.45,0.75,0.0,0.0,2.0,2.0,25400.0,G1A_57_H3
2024-03-22 00:00:00,26.0,14.0,32.0,24.0,15.0,8.01,4005.0,0.5,75.99999999998545,0.82,0.56,29.4,24.6,0.47,0.94,0.0,0.0,2.0,3.0,25400.0,G1A_57_H3
2024-03-23 00:00:00,19.0,12.0,33.0,60.0,0.0,7.81,3905.0,0.0,87.99999999999272,0.79,0.56,27.7,25.8,0.44,0.51,0.0,0.0,2.0,2.0,25400.0,G1A_57_H3
2024-03-24 00:00:00,17.0,10.0,34.0,81.0,0.0,7.88,3940.0,2.4,72.00000000000728,0.84,0.72,26.6,24.9,0.42,0.5,0.0,0.0,2.0,2.0,25400.0,G1A_57_H3
2024-03-25 00:00:00,11.0,5.0,35.0,110.0,0.0,8.25,4125.0,5.25,32.000000000007276,0.8,0.72,25.9,23.9,0.36,0.47,0.0,0.0,2.0,2.0,25400.0,G1A_57_H3
2024-03-26 00:00:00,15.0,8.0,36.0,79.0,0.0,8.62,4310.0,34.0,112.00000000000728,0.8,0.7,25.9,23.4,0.36,0.45,0.0,0.0,2.0,2.0,25400.0,G1A_57_H3
2024-03-27 00:00:00,15.0,10.0,37.0,99.0,0.0,8.85,4425.0,14.0,80.0,0.79,0.65,25.9,23.3,0.35,0.43,0.0,0.0,2.0,2.0,25400.0,G1A_57_H3
2024-02-20 00:00:00,0.0,-1.0,1.0,21.0,13.0,0.66,330.0,0.0,40.0,0.61,0.45,34.6,31.0,0.6,0.6,0.0,0.0,1.0,1.0,25400.0,G1A_57_H4
2024-02-21 00:00:00,0.0,-2.0,2.0,12.0,20.0,0.85,425.0,0.0,40.0,0.69,0.46,34.0,30.4,0.58,0.6,0.0,0.0,1.0,1.0,25400.0,G1A_57_H4
2024-02-22 00:00:00,0.0,-4.0,3.0,14.0,18.0,1.07,535.0,0.0,40.0,0.74,0.61,33.3,30.3,0.6,0.6,0.0,0.0,1.0,1.0,25400.0,G1A_57_H4
2024-02-23 00:00:00,1.0,-2.0,4.0,8.0,15.0,1.17,585.0,0.0,23.999999999978172,0.75,0.65,32.5,29.8,0.6,0.6,0.0,0.0,1.0,1.0,25400.0,G1A_57_H4
2024-02-24 00:00:00,1.0,-4.0,5.0,6.0,20.0,1.4,700.0,1534.0,24.000000000014552,0.75,0.65,32.1,29.5,0.45,0.45,0.0,0.0,1.0,1.0,25400.0,G1A_57_H4
2024-02-25 00:00:00,4.0,-2.0,6.0,7.0,16.0,1.58,790.0,244.0,27.999999999992724,0.73,0.63,31.6,28.8,0.45,0.45,0.0,0.0,1.0,1.0,25400.0,G1A_57_H4
2024-02-26 00:00:00,7.0,-2.0,7.0,5.0,11.0,1.79,895.0,196.0,27.999999999992724,0.69,0.6,31.3,28.5,0.45,0.45,0.0,0.0,1.0,1.0,25400.0,G1A_57_H4
2024-02-27 00:00:00,7.0,0.0,8.0,30.0,130.0,1.91,955.0,207.0,24.000000000014552,0.74,0.61,31.0,28.0,0.45,0.45,0.0,0.0,1.0,1.0,25400.0,G1A_57_H4
2024-02-28 00:00:00,5.0,2.0,9.0,20.0,19.0,1.73,865.0,184.0,20.0,0.74,0.58,30.9,27.8,0.45,0.45,0.0,0.0,1.0,1.0,25400.0,G1A_57_H4
2024-02-29 00:00:00,4.0,-1.0,10.0,4.0,8.0,2.43,1215.0,223.0,23.999999999978172,0.74,0.6,30.9,27.7,0.45,0.45,0.0,0.0,1.0,2.0,25400.0,G1A_57_H4
2024-03-01 00:00:00,6.0,-1.0,11.0,6.0,14.0,2.72,1360.0,185.0,16.000000000021828,0.77,0.62,30.9,27.6,0.45,0.45,0.0,0.0,2.0,2.0,25400.0,G1A_57_H4
2024-03-02 00:00:00,11.0,0.0,12.0,3.0,8.0,3.36,1680.0,182.0,20.0,0.78,0.65,30.6,27.5,0.45,0.45,0.0,0.0,2.0,2.0,25400.0,G1A_57_H4
2024-03-03 00:00:00,14.0,3.0,13.0,3.0,17.0,3.62,1810.0,151.0,23.999999999978172,0.82,0.65,30.6,27.3,0.45,0.77,0.0,0.0,2.0,2.0,25400.0,G1A_57_H4
2024-03-04 00:00:00,10.0,7.0,14.0,2.0,18.0,3.75,1875.0,142.0,24.000000000014552,0.8,0.67,30.5,27.1,0.45,0.45,0.0,0.0,2.0,2.0,25400.0,G1A_57_H4
2024-03-05 00:00:00,9.0,5.0,15.0,2.0,20.0,3.98,1990.0,98.0,20.0,0.84,0.72,29.7,26.6,0.45,0.45,0.0,0.0,2.0,2.0,25400.0,G1A_57_H4
2024-03-06 00:00:00,10.0,0.0,16.0,2.0,27.0,4.23,2115.0,90.0,40.0,0.84,0.71,29.7,25.9,0.45,0.55,0.0,0.0,2.0,2.0,25400.0,G1A_57_H4
2024-03-07 00:00:00,14.0,1.0,17.0,3.0,20.0,4.61,2305.0,58.0,23.999999999978172,0.84,0.67,29.3,25.7,0.45,0.57,0.0,0.0,2.0,2.0,25400.0,G1A_57_H4
2024-03-08 00:00:00,12.0,0.0,18.0,4.0,11.0,4.67,2335.0,47.0,20.0,0.82,0.64,28.5,25.5,0.4,0.54,0.0,0.0,2.0,2.0,25400.0,G1A_57_H4
2024-03-09 00:00:00,12.0,2.0,19.0,2.0,11.0,5.11,2555.0,40.0,24.000000000014552,0.82,0.64,28.1,25.2,0.45,0.52,0.0,0.0,2.0,2.0,25400.0,G1A_57_H4
2024-03-10 00:00:00,16.0,5.0,20.0,4.0,24.0,5.46,2730.0,37.0,24.000000000014552,0.84,0.65,28.2,25.4,0.45,0.53,0.0,0.0,2.0,2.0,25400.0,G1A_57_H4
2024-03-11 00:00:00,21.0,6.0,21.0,3.0,8.0,5.6,2800.0,21.0,24.000000000014552,0.84,0.6,27.4,25.2,0.35,0.73,0.0,0.0,2.0,2.0,25400.0,G1A_57_H4
2024-03-12 00:00:00,16.0,4.0,22.0,4.0,15.0,5.95,2975.0,20.0,35.99999999998545,0.8,0.6,28.4,25.0,0.34,0.45,0.0,0.0,2.0,2.0,25400.0,G1A_57_H4
2024-03-13 00:00:00,16.0,7.0,23.0,10.0,15.0,6.1,3050.0,50.0,36.00000000002183,0.79,0.63,27.7,24.4,0.36,0.41,0.0,0.0,2.0,2.0,25400.0,G1A_57_H4
2024-03-14 00:00:00,16.0,5.0,24.0,5.0,13.0,6.53,3265.0,35.0,35.99999999998545,0.79,0.59,27.4,24.5,0.35,0.41,0.0,0.0,2.0,2.0,25400.0,G1A_57_H4
2024-03-15 00:00:00,19.0,7.0,25.0,10.0,42.0,6.59,3295.0,45.0,35.99999999998545,0.84,0.68,27.3,24.4,0.37,0.58,0.0,0.0,2.0,2.0,25400.0,G1A_57_H4
2024-03-16 00:00:00,22.0,10.0,26.0,5.0,70.0,6.71,3355.0,10.0,103.99999999997817,0.86,0.69,27.2,24.3,0.35,0.65,0.0,0.0,2.0,2.0,25400.0,G1A_57_H4
2024-03-17 00:00:00,12.0,5.0,27.0,8.0,61.0,7.48,3740.0,4.0,36.00000000002183,0.83,0.69,28.0,24.4,0.31,0.41,0.0,0.0,2.0,2.0,25400.0,G1A_57_H4
2024-03-18 00:00:00,11.0,4.0,28.0,10.0,58.0,7.24,3620.0,38.0,40.0,0.83,0.62,27.0,23.8,0.32,0.34,0.0,0.0,2.0,2.0,25400.0,G1A_57_H4
2024-03-19 00:00:00,17.0,3.0,29.0,12.0,82.0,6.85,3425.0,30.0,40.0,0.8,0.62,26.5,23.4,0.31,0.41,0.0,0.0,2.0,2.0,25400.0,G1A_57_H4
2024-03-20 00:00:00,18.0,5.0,30.0,17.0,132.0,6.56,3280.0,16.0,31.999999999970896,0.78,0.6,27.9,23.0,0.28,0.37,0.0,0.0,2.0,2.0,25400.0,G1A_57_H4
2024-03-21 00:00:00,24.0,9.0,31.0,24.0,70.0,7.65,3825.0,17.0,36.00000000002183,0.79,0.6,28.2,23.7,0.33,0.68,0.0,0.0,2.0,2.0,25400.0,G1A_57_H4
2024-03-22 00:00:00,26.0,14.0,32.0,65.0,27.0,7.69,3845.0,0.5,52.000000000007276,0.83,0.56,28.9,23.4,0.37,0.94,0.0,0.0,2.0,3.0,25400.0,G1A_57_H4
2024-03-23 00:00:00,19.0,12.0,33.0,166.0,0.0,8.22,4110.0,0.0,63.99999999997817,0.82,0.56,27.5,24.9,0.3,0.35,0.0,0.0,2.0,2.0,25400.0,G1A_57_H4
2024-03-24 00:00:00,17.0,10.0,34.0,120.0,0.0,7.9,3950.0,2.4,47.999999999992724,0.87,0.71,25.8,23.9,0.3,0.35,0.0,0.0,2.0,2.0,25400.0,G1A_57_H4
2024-03-25 00:00:00,11.0,5.0,35.0,113.0,0.0,8.68,4340.0,5.25,32.000000000007276,0.86,0.76,25.5,22.3,0.3,0.35,0.0,0.0,2.0,2.0,25400.0,G1A_57_H4
2024-03-26 00:00:00,15.0,8.0,36.0,60.0,0.0,8.39,4195.0,34.0,80.0,0.86,0.72,25.5,22.3,0.3,0.35,0.0,0.0,2.0,2.0,25400.0,G1A_57_H4
2024-03-27 00:00:00,15.0,10.0,37.0,108.0,0.0,8.7,4350.0,14.0,56.00000000002183,0.84,0.69,25.0,22.1,0.3,0.35,0.0,0.0,2.0,2.0,25400.0,G1A_57_H4
2024-02-20 00:00:00,0.0,-1.0,1.0,21.0,20.0,0.66,330.0,0.0,40.0,0.59,0.45,34.6,31.9,0.6,0.6,0.0,0.0,1.0,1.0,25400.0,G1A_57_H5
2024-02-21 00:00:00,0.0,-2.0,2.0,15.0,14.0,0.85,425.0,0.0,40.0,0.59,0.45,33.9,31.2,0.58,0.6,0.0,0.0,1.0,1.0,25400.0,G1A_57_H5
2024-02-22 00:00:00,0.0,-4.0,3.0,16.0,40.0,1.07,535.0,0.0,40.0,0.7,0.57,33.8,31.6,0.6,0.6,0.0,0.0,1.0,1.0,25400.0,G1A_57_H5
2024-02-23 00:00:00,1.0,-2.0,4.0,10.0,34.0,1.17,585.0,0.0,40.0,0.69,0.51,32.5,30.0,0.6,0.6,0.0,0.0,1.0,1.0,25400.0,G1A_57_H5
2024-02-24 00:00:00,1.0,-4.0,5.0,5.0,15.0,1.4,700.0,1534.0,36.00000000002183,0.68,0.59,31.9,29.8,0.6,0.6,0.0,0.0,1.0,1.0,25400.0,G1A_57_H5
2024-02-25 00:00:00,4.0,-2.0,6.0,12.0,20.0,1.58,790.0,244.0,35.99999999998545,0.69,0.56,31.3,29.3,0.6,0.6,0.0,0.0,1.0,1.0,25400.0,G1A_57_H5
2024-02-26 00:00:00,7.0,-2.0,7.0,6.0,16.0,1.79,895.0,196.0,44.00000000001455,0.66,0.57,31.0,28.8,0.6,0.6,0.0,0.0,1.0,1.0,25400.0,G1A_57_H5
2024-02-27 00:00:00,7.0,0.0,8.0,20.0,152.0,1.86,930.0,207.0,80.0,0.69,0.58,30.6,28.7,0.58,0.6,0.0,0.0,1.0,1.0,25400.0,G1A_57_H5
2024-02-28 00:00:00,5.0,2.0,9.0,19.0,5.0,1.68,840.0,184.0,43.99999999997817,0.7,0.6,30.3,28.6,0.57,0.58,0.0,0.0,1.0,1.0,25400.0,G1A_57_H5
2024-02-29 00:00:00,4.0,-1.0,10.0,9.0,2.0,2.29,1145.0,223.0,36.00000000002183,0.71,0.59,30.3,28.2,0.56,0.57,0.0,0.0,1.0,2.0,25400.0,G1A_57_H5
2024-03-01 00:00:00,6.0,-1.0,11.0,4.0,6.0,2.92,1460.0,185.0,15.999999999985448,0.76,0.63,30.2,27.6,0.53,0.55,0.0,0.0,2.0,2.0,25400.0,G1A_57_H5
2024-03-02 00:00:00,11.0,0.0,12.0,1.0,2.0,3.33,1665.0,182.0,67.99999999999272,0.73,0.63,30.1,27.6,0.52,0.53,0.0,0.0,2.0,2.0,25400.0,G1A_57_H5
2024-03-03 00:00:00,14.0,3.0,13.0,2.0,6.0,3.66,1830.0,151.0,20.0,0.76,0.63,29.6,27.6,0.51,0.77,0.0,0.0,2.0,2.0,25400.0,G1A_57_H5
2024-03-04 00:00:00,10.0,7.0,14.0,4.0,7.0,3.75,1875.0,142.0,44.00000000001455,0.77,0.66,29.3,27.0,0.5,0.51,0.0,0.0,2.0,2.0,25400.0,G1A_57_H5
2024-03-05 00:00:00,9.0,5.0,15.0,5.0,17.0,4.03,2015.0,98.0,52.000000000007276,0.8,0.7,29.0,27.0,0.48,0.5,0.0,0.0,2.0,2.0,25400.0,G1A_57_H5
2024-03-06 00:00:00,10.0,0.0,16.0,5.0,21.0,4.35,2175.0,90.0,40.0,0.8,0.66,28.6,26.4,0.46,0.55,0.0,0.0,2.0,2.0,25400.0,G1A_57_H5
2024-03-07 00:00:00,14.0,1.0,17.0,4.0,9.0,4.6,2300.0,58.0,43.99999999997817,0.8,0.64,28.5,26.1,0.44,0.57,0.0,0.0,2.0,2.0,25400.0,G1A_57_H5
2024-03-08 00:00:00,12.0,0.0,18.0,8.0,17.0,4.76,2380.0,47.0,43.99999999997817,0.77,0.65,28.0,25.5,0.43,0.57,0.0,0.0,2.0,2.0,25400.0,G1A_57_H5
2024-03-09 00:00:00,12.0,2.0,19.0,7.0,11.0,5.09,2545.0,40.0,68.0000000000291,0.77,0.6,27.6,25.5,0.39,0.54,0.0,0.0,2.0,2.0,25400.0,G1A_57_H5
2024-03-10 00:00:00,16.0,5.0,20.0,3.0,10.0,5.51,2755.0,37.0,43.99999999997817,0.79,0.63,27.7,25.4,0.4,0.55,0.0,0.0,2.0,2.0,25400.0,G1A_57_H5
2024-03-11 00:00:00,21.0,6.0,21.0,3.0,10.0,5.63,2815.0,21.0,43.99999999997817,0.8,0.59,27.5,25.1,0.43,0.81,0.0,0.0,2.0,2.0,25400.0,G1A_57_H5
2024-03-12 00:00:00,16.0,4.0,22.0,4.0,11.0,6.3,3150.0,20.0,60.0,0.76,0.58,28.0,25.2,0.45,0.63,0.0,0.0,2.0,2.0,25400.0,G1A_57_H5
2024-03-13 00:00:00,16.0,7.0,23.0,6.0,14.0,6.55,3275.0,50.0,43.99999999997817,0.77,0.62,27.8,24.9,0.41,0.63,0.0,0.0,2.0,2.0,25400.0,G1A_57_H5
2024-03-14 00:00:00,16.0,5.0,24.0,20.0,4.0,6.95,3475.0,35.0,32.000000000007276,0.79,0.55,27.3,24.7,0.44,0.57,0.0,0.0,2.0,2.0,25400.0,G1A_57_H5
2024-03-15 00:00:00,19.0,7.0,25.0,23.0,7.0,7.34,3670.0,45.0,36.00000000002183,0.82,0.67,26.7,24.5,0.47,0.68,0.0,0.0,2.0,2.0,25400.0,G1A_57_H5
2024-03-16 00:00:00,22.0,10.0,26.0,9.0,19.0,7.02,3510.0,10.0,116.00000000002183,0.82,0.65,27.3,24.4,0.46,0.75,0.0,0.0,2.0,2.0,25400.0,G1A_57_H5
2024-03-17 00:00:00,12.0,5.0,27.0,10.0,10.0,7.47,3735.0,4.0,35.99999999998545,0.82,0.66,28.5,24.8,0.49,0.61,0.0,0.0,2.0,2.0,25400.0,G1A_57_H5
2024-03-18 00:00:00,11.0,4.0,28.0,7.0,10.0,8.31,4155.0,38.0,44.00000000001455,0.78,0.61,27.3,24.4,0.36,0.46,0.0,0.0,2.0,2.0,25400.0,G1A_57_H5
2024-03-19 00:00:00,17.0,3.0,29.0,13.0,13.0,8.32,4160.0,30.0,43.99999999997817,0.79,0.63,26.7,24.3,0.36,0.63,0.0,0.0,2.0,2.0,25400.0,G1A_57_H5
2024-03-20 00:00:00,18.0,5.0,30.0,20.0,25.0,8.47,4235.0,16.0,88.0000000000291,0.78,0.58,27.8,24.5,0.41,0.64,0.0,0.0,2.0,2.0,25400.0,G1A_57_H5
2024-03-21 00:00:00,24.0,9.0,31.0,11.0,60.0,7.78,3890.0,17.0,83.99999999997817,0.76,0.61,28.3,25.1,0.45,0.75,0.0,0.0,2.0,2.0,25400.0,G1A_57_H5
2024-03-22 00:00:00,26.0,14.0,32.0,70.0,33.0,7.28,3640.0,0.5,224.00000000001455,0.8,0.53,30.5,24.9,0.47,0.94,0.0,0.0,2.0,3.0,25400.0,G1A_57_H5
2024-03-23 00:00:00,19.0,12.0,33.0,150.0,7.0,5.82,2910.0,0.0,160.0,0.8,0.57,28.2,26.1,0.44,0.51,0.0,0.0,2.0,2.0,25400.0,G1A_57_H5
2024-03-24 00:00:00,17.0,10.0,34.0,180.0,100.0,6.19,3095.0,2.4,35.99999999998545,0.81,0.7,27.2,25.1,0.42,0.5,0.0,0.0,2.0,2.0,25400.0,G1A_57_H5
2024-03-25 00:00:00,11.0,5.0,35.0,200.0,0.0,6.52,3260.0,5.25,36.00000000002183,0.8,0.7,27.9,24.1,0.36,0.47,0.0,0.0,2.0,2.0,25400.0,G1A_57_H5
2024-03-26 00:00:00,15.0,8.0,36.0,255.0,0.0,6.67,3335.0,34.0,35.99999999998545,0.8,0.7,27.6,23.5,0.35,0.45,0.0,0.0,2.0,2.0,25400.0,G1A_57_H5
2024-03-27 00:00:00,15.0,10.0,37.0,100.0,0.0,7.73,3865.0,14.0,24.000000000014552,0.79,0.68,25.9,23.3,0.35,0.4.3,0.0,0.0,2.0,2.0,25400.0,G1A_57_H5
2024-02-20 00:00:00,0.0,-1.0,0.0,0.0,0.0,0.0,0.0,0.0,0.0,0.0,0.0,0.0,0.0,0.0,0.0,0.0,0.0,1.0,1.0,26000.0,G1A_57_H6
2024-02-21 00:00:00,0.0,-2.0,1.0,24.0,20.0,0.66,330.0,0.0,40.0,0.56,0.45,34.7,31.1,0.6,0.6,0.0,0.0,1.0,1.0,26000.0,G1A_57_H6
2024-02-22 00:00:00,0.0,-4.0,2.0,17.0,20.0,0.86,430.0,0.0,40.0,0.61,0.57,34.3,30.7,0.6,0.6,0.0,0.0,1.0,1.0,26000.0,G1A_57_H6
2024-02-23 00:00:00,1.0,-2.0,3.0,8.0,16.0,1.17,585.0,0.0,40.0,0.84,0.55,33.7,30.3,0.6,0.6,0.0,0.0,1.0,1.0,26000.0,G1A_57_H6
2024-02-24 00:00:00,1.0,-4.0,4.0,4.0,8.0,1.2,600.0,1534.0,27.999999999992724,0.8,0.62,32.4,30.0,0.6,0.6,0.0,0.0,1.0,1.0,26000.0,G1A_57_H6
2024-02-25 00:00:00,4.0,-2.0,5.0,7.0,20.0,1.42,710.0,244.0,35.99999999998545,0.8,0.53,32.2,29.3,0.6,0.6,0.0,0.0,1.0,1.0,26000.0,G1A_57_H6
2024-02-26 00:00:00,7.0,-2.0,6.0,6.0,15.0,1.62,810.0,196.0,56.00000000002183,0.79,0.58,31.6,28.8,0.6,0.6,0.0,0.0,1.0,1.0,26000.0,G1A_57_H6
2024-02-27 00:00:00,7.0,0.0,7.0,5.0,39.0,1.92,960.0,207.0,63.99999999997817,0.79,0.49,31.1,28.2,0.6,0.6,0.0,0.0,1.0,1.0,26000.0,G1A_57_H6
2024-02-28 00:00:00,5.0,2.0,8.0,10.0,199.0,2.25,1125.0,184.0,56.00000000002183,0.83,0.61,30.9,28.0,0.58,0.6,0.0,0.0,1.0,1.0,26000.0,G1A_57_H6
2024-02-29 00:00:00,4.0,-1.0,9.0,14.0,9.0,1.9,950.0,223.0,43.99999999997817,0.72,0.6,31.0,27.9,0.57,0.58,0.0,0.0,1.0,1.0,26000.0,G1A_57_H6
2024-03-01 00:00:00,6.0,-1.0,10.0,5.0,5.0,2.38,1190.0,185.0,36.00000000002183,0.77,0.52,30.8,27.8,0.55,0.57,0.0,0.0,1.0,2.0,26000.0,G1A_57_H6
2024-03-02 00:00:00,11.0,0.0,11.0,3.0,1.0,3.03,1515.0,182.0,40.0,0.74,0.69,30.4,27.4,0.53,0.55,0.0,0.0,2.0,2.0,26000.0,G1A_57_H6
2024-03-03 00:00:00,14.0,3.0,12.0,3.0,4.0,3.59,1795.0,151.0,12.000000000007276,0.76,0.58,30.0,27.4,0.52,0.76,0.0,0.0,2.0,2.0,26000.0,G1A_57_H6
2024-03-04 00:00:00,10.0,7.0,13.0,2.0,12.0,3.73,1865.0,142.0,43.99999999997817,0.75,0.59,30.4,26.8,0.49,0.51,0.0,0.0,2.0,2.0,26000.0,G1A_57_H6
2024-03-05 00:00:00,9.0,5.0,14.0,6.0,20.0,3.92,1960.0,98.0,52.000000000007276,0.77,0.62,30.0,26.8,0.47,0.51,0.0,0.0,2.0,2.0,26000.0,G1A_57_H6
2024-03-06 00:00:00,10.0,0.0,15.0,6.0,39.0,4.21,2105.0,90.0,15.999999999985448,0.77,0.61,29.1,26.1,0.45,0.54,0.0,0.0,2.0,2.0,26000.0,G1A_57_H6
2024-03-07 00:00:00,14.0,1.0,16.0,6.0,12.0,4.57,2285.0,58.0,12.000000000007276,0.77,0.61,29.3,25.8,0.44,0.56,0.0,0.0,2.0,2.0,26000.0,G1A_57_H6
2024-03-08 00:00:00,12.0,0.0,17.0,7.0,16.0,4.65,2325.0,47.0,44.00000000001455,0.77,0.66,28.6,25.7,0.41,0.53,0.0,0.0,2.0,2.0,26000.0,G1A_57_H6
2024-03-09 00:00:00,12.0,2.0,18.0,8.0,11.0,5.16,2580.0,40.0,47.999999999992724,0.77,0.54,27.9,25.2,0.37,0.52,0.0,0.0,2.0,2.0,26000.0,G1A_57_H6
2024-03-10 00:00:00,16.0,5.0,19.0,4.0,10.0,5.48,2740.0,37.0,24.000000000014552,0.8,0.64,27.6,25.0,0.37,0.52,0.0,0.0,2.0,2.0,26000.0,G1A_57_H6
2024-03-11 00:00:00,21.0,6.0,20.0,4.0,14.0,5.79,2895.0,21.0,24.000000000014552,0.8,0.62,27.4,24.8,0.35,0.72,0.0,0.0,2.0,2.0,26000.0,G1A_57_H6
2024-03-12 00:00:00,16.0,4.0,21.0,3.0,13.0,5.99,2995.0,20.0,32.000000000007276,0.78,0.62,28.3,25.0,0.37,0.5,0.0,0.0,2.0,2.0,26000.0,G1A_57_H6
2024-03-13 00:00:00,16.0,7.0,22.0,6.0,20.0,6.38,3190.0,50.0,52.000000000007276,0.78,0.56,27.7,24.4,0.36,0.41,0.0,0.0,2.0,2.0,26000.0,G1A_57_H6
2024-03-14 00:00:00,16.0,5.0,23.0,14.0,7.0,6.56,3280.0,35.0,35.99999999998545,0.78,0.6,27.6,24.3,0.35,0.41,0.0,0.0,2.0,2.0,26000.0,G1A_57_H6
2024-03-15 00:00:00,19.0,7.0,24.0,12.0,10.0,6.45,3225.0,45.0,44.00000000001455,0.81,0.64,27.1,24.3,0.37,0.58,0.0,0.0,2.0,2.0,26000.0,G1A_57_H6
2024-03-16 00:00:00,22.0,10.0,25.0,8.0,15.0,6.75,3375.0,10.0,95.99999999998545,0.82,0.69,27.4,24.0,0.35,0.65,0.0,0.0,2.0,2.0,26000.0,G1A_57_H6
2024-03-17 00:00:00,12.0,5.0,26.0,5.0,7.0,6.72,3360.0,4.0,8.000000000029104,0.81,0.7,28.1,24.6,0.31,0.41,0.0,0.0,2.0,2.0,26000.0,G1A_57_H6
2024-03-18 00:00:00,11.0,4.0,27.0,6.0,16.0,7.12,3560.0,39.0,43.99999999997817,0.83,0.58,27.4,23.6,0.32,0.34,0.0,0.0,2.0,2.0,26000.0,G1A_57_H6
2024-03-19 00:00:00,17.0,3.0,28.0,15.0,44.0,7.13,3565.0,31.0,44.00000000001455,0.79,0.62,26.2,23.3,0.31,0.41,0.0,0.0,2.0,2.0,26000.0,G1A_57_H6
2024-03-20 00:00:00,18.0,5.0,29.0,18.0,68.0,7.95,3975.0,16.0,52.000000000007276,0.79,0.6,27.1,23.7,0.32,0.41,0.0,0.0,2.0,2.0,26000.0,G1A_57_H6
2024-03-21 00:00:00,24.0,9.0,30.0,39.0,60.0,7.49,3745.0,17.0,47.999999999992724,0.8,0.64,27.3,23.8,0.33,0.68,0.0,0.0,2.0,2.0,26000.0,G1A_57_H6
2024-03-22 00:00:00,26.0,14.0,31.0,68.0,60.0,7.0,3500.0,0.5,43.99999999997817,0.81,0.56,28.3,23.5,0.37,0.94,0.0,0.0,2.0,3.0,26000.0,G1A_57_H6
2024-03-23 00:00:00,19.0,12.0,32.0,140.0,24.0,5.97,2985.0,0.0,36.00000000002183,0.78,0.58,26.8,24.5,0.33,0.36,0.0,0.0,2.0,2.0,26000.0,G1A_57_H6
2024-03-24 00:00:00,17.0,10.0,33.0,205.0,0.0,6.06,3030.0,2.4,15.999999999985448,0.83,0.73,26.4,23.9,0.32,0.36,0.0,0.0,2.0,2.0,26000.0,G1A_57_H6
2024-03-25 00:00:00,11.0,5.0,34.0,146.0,0.0,6.13,3065.0,5.25,52.000000000007276,0.8,0.72,25.5,22.6,0.3,0.34,0.0,0.0,2.0,2.0,26000.0,G1A_57_H6
2024-03-26 00:00:00,15.0,8.0,35.0,155.0,0.0,6.46,3230.0,34.0,47.999999999992724,0.8,0.72,25.5,22.3,0.3,0.36,0.0,0.0,2.0,2.0,26000.0,G1A_57_H6
2024-03-27 00:00:00,15.0,10.0,36.0,180.0,0.0,7.26,3630.0,14.0,380.0,0.79,0.66,25.3,22.3,0.32,0.36,0.0,0.0,2.0,2.0,26000.0,G1A_57_H6
2024-02-20 00:00:00,0.0,-1.0,0.0,,,,0.0,,,,,,,,,,,,,25600.0,G1A_57_H7
2024-02-21 00:00:00,0.0,-2.0,1.0,25.0,42.0,0.68,340.0,0.0,40.0,0.57,0.5,35.1,32.2,0.6,0.6,0.0,0.0,1.0,1.0,25600.0,G1A_57_H7
2024-02-22 00:00:00,0.0,-4.0,2.0,27.0,70.0,0.88,440.0,0.0,40.0,0.67,0.54,34.5,32.0,0.6,0.6,0.0,0.0,1.0,1.0,25600.0,G1A_57_H7
2024-02-23 00:00:00,1.0,-2.0,3.0,15.0,42.0,1.1,550.0,0.0,47.999999999992724,0.75,0.51,33.8,31.1,0.6,0.6,0.0,0.0,1.0,1.0,25600.0,G1A_57_H7
2024-02-24 00:00:00,1.0,-4.0,4.0,17.0,50.0,1.2,600.0,1534.0,52.000000000007276,0.68,0.58,33.1,31.0,0.6,0.6,0.0,0.0,1.0,1.0,25600.0,G1A_57_H7
2024-02-25 00:00:00,4.0,-2.0,5.0,13.0,24.0,1.41,705.0,244.0,52.000000000007276,0.67,0.54,32.5,30.4,0.6,0.6,0.0,0.0,1.0,1.0,25600.0,G1A_57_H7
2024-02-26 00:00:00,7.0,-2.0,6.0,7.0,30.0,1.61,805.0,196.0,44.00000000001455,0.64,0.54,31.8,29.9,0.6,0.6,0.0,0.0,1.0,1.0,25600.0,G1A_57_H7
2024-02-27 00:00:00,7.0,0.0,7.0,7.0,26.0,1.69,845.0,207.0,47.999999999992724,0.66,0.57,31.4,29.6,0.6,0.6,0.0,0.0,1.0,1.0,25600.0,G1A_57_H7
2024-02-28 00:00:00,5.0,2.0,8.0,13.0,235.0,1.92,960.0,184.0,47.999999999992724,0.69,0.59,31.0,29.3,0.58,0.6,0.0,0.0,1.0,1.0,25600.0,G1A_57_H7
2024-02-29 00:00:00,4.0,-1.0,9.0,20.0,11.0,1.73,865.0,223.0,40.0,0.7,0.53,31.0,28.9,0.57,0.58,0.0,0.0,1.0,1.0,25600.0,G1A_57_H7
2024-03-01 00:00:00,6.0,-1.0,10.0,3.0,7.0,2.3,1150.0,185.0,27.999999999992724,0.75,0.62,31.1,28.3,0.55,0.57,0.0,0.0,1.0,2.0,25600.0,G1A_57_H7
2024-03-02 00:00:00,11.0,0.0,11.0,4.0,2.0,2.79,1395.0,182.0,40.0,0.72,0.62,31.0,28.5,0.53,0.55,0.0,0.0,2.0,2.0,25600.0,G1A_57_H7
2024-03-03 00:00:00,14.0,3.0,12.0,5.0,80.0,3.15,1575.0,151.0,32.000000000007276,0.74,0.63,30.6,28.6,0.49,0.76,0.0,0.0,2.0,2.0,25600.0,G1A_57_H7
2024-03-04 00:00:00,10.0,7.0,13.0,5.0,85.0,3.43,1715.0,142.0,35.99999999998545,0.75,0.64,30.2,27.9,0.51,0.52,0.0,0.0,2.0,2.0,25600.0,G1A_57_H7
2024-03-05 00:00:00,9.0,5.0,14.0,6.0,45.0,3.56,1780.0,98.0,32.000000000007276,0.76,0.66,29.7,27.7,0.5,0.51,0.0,0.0,2.0,2.0,25600.0,G1A_57_H7
2024-03-06 00:00:00,10.0,0.0,15.0,8.0,16.0,3.95,1975.0,90.0,32.000000000007276,0.8,0.66,29.9,26.6,0.47,0.54,0.0,0.0,2.0,2.0,25600.0,G1A_57_H7
2024-03-07 00:00:00,14.0,1.0,16.0,10.0,37.0,4.21,2105.0,58.0,24.000000000014552,0.8,0.65,29.0,27.1,0.46,0.56,0.0,0.0,2.0,2.0,25600.0,G1A_57_H7
2024-03-08 00:00:00,12.0,0.0,17.0,8.0,23.0,4.42,2210.0,47.0,23.999999999978172,0.78,0.67,28.7,26.7,0.44,0.56,0.0,0.0,2.0,2.0,25600.0,G1A_57_H7
2024-03-09 00:00:00,12.0,2.0,18.0,10.0,39.0,4.69,2345.0,40.0,27.999999999992724,0.78,0.64,28.4,26.1,0.4,0.54,0.0,0.0,2.0,2.0,25600.0,G1A_57_H7
2024-03-10 00:00:00,16.0,5.0,19.0,10.0,50.0,4.83,2415.0,37.0,28.000000000029104,0.81,0.65,28.1,26.1,0.41,0.54,0.0,0.0,2.0,2.0,25600.0,G1A_57_H7
2024-03-11 00:00:00,21.0,6.0,20.0,8.0,26.0,5.19,2595.0,21.0,28.000000000029104,0.82,0.61,28.0,26.0,0.41,0.6,0.0,0.0,2.0,2.0,25600.0,G1A_57_H7
2024-03-12 00:00:00,16.0,4.0,21.0,6.0,17.0,5.55,2775.0,20.0,47.999999999992724,0.78,0.59,28.3,25.8,0.43,0.52,0.0,0.0,2.0,2.0,25600.0,G1A_57_H7
2024-03-13 00:00:00,16.0,7.0,22.0,7.0,22.0,5.75,2875.0,50.0,40.0,0.77,0.62,28.0,25.4,0.39,0.49,0.0,0.0,2.0,2.0,25600.0,G1A_57_H7
2024-03-14 00:00:00,16.0,5.0,23.0,5.0,15.0,5.85,2925.0,35.0,40.0,0.77,0.55,27.7,25.1,0.41,0.52,0.0,0.0,2.0,2.0,25600.0,G1A_57_H7
2024-03-15 00:00:00,19.0,7.0,24.0,6.0,19.0,5.89,2945.0,45.0,52.000000000007276,0.8,0.67,27.5,25.0,0.47,0.68,0.0,0.0,2.0,2.0,25600.0,G1A_57_H7
2024-03-16 00:00:00,22.0,10.0,25.0,10.0,37.0,6.17,3085.0,10.0,140.0,0.83,0.65,27.3,24.9,0.46,0.75,0.0,0.0,2.0,2.0,25600.0,G1A_57_H7
2024-03-17 00:00:00,12.0,5.0,26.0,13.0,49.0,6.46,3230.0,4.0,63.99999999997817,0.85,0.66,28.7,25.2,0.49,0.61,0.0,0.0,2.0,2.0,25600.0,G1A_57_H7
2024-03-18 00:00:00,11.0,4.0,27.0,32.0,79.0,7.03,3515.0,39.0,56.00000000002183,0.78,0.61,27.7,24.5,0.36,0.46,0.0,0.0,2.0,2.0,25600.0,G1A_57_H7
2024-03-19 00:00:00,17.0,3.0,28.0,15.0,60.0,6.58,3290.0,31.0,43.99999999997817,0.78,0.62,26.8,24.2,0.36,0.63,0.0,0.0,2.0,2.0,25600.0,G1A_57_H7
2024-03-20 00:00:00,18.0,5.0,29.0,18.0,152.0,7.23,3615.0,16.0,52.000000000007276,0.76,0.59,27.6,24.4,0.41,0.64,0.0,0.0,2.0,2.0,25600.0,G1A_57_H7
2024-03-21 00:00:00,24.0,9.0,30.0,40.0,70.0,6.62,3310.0,17.0,60.0,0.77,0.6,27.9,24.7,0.45,0.75,0.0,0.0,2.0,2.0,25600.0,G1A_57_H7
2024-03-22 00:00:00,26.0,14.0,31.0,65.0,149.0,7.14,3570.0,0.5,64.00000000001455,0.79,0.54,29.0,24.5,0.47,0.94,0.0,0.0,2.0,3.0,25600.0,G1A_57_H7
2024-03-23 00:00:00,19.0,12.0,32.0,235.0,0.0,5.79,2895.0,0.0,72.00000000000728,0.79,0.53,27.6,26.1,0.35,0.4,0.0,0.0,2.0,2.0,25600.0,G1A_57_H7
2024-03-24 00:00:00,17.0,10.0,33.0,350.0,0.0,5.41,2705.0,2.4,100.0,0.81,0.69,26.8,25.4,0.36,0.39,0.0,0.0,2.0,2.0,25600.0,G1A_57_H7
2024-03-25 00:00:00,11.0,5.0,34.0,280.0,0.0,4.86,2430.0,5.25,0.0,0.78,0.69,27.1,23.7,0.32,0.38,0.0,0.0,2.0,2.0,25600.0,G1A_57_H7
2024-03-26 00:00:00,15.0,8.0,35.0,260.0,0.0,4.95,2475.0,34.0,71.9999999999709,0.78,0.69,28.0,23.4,0.31,0.41,0.0,0.0,2.0,2.0,25600.0,G1A_57_H7
2024-03-27 00:00:00,15.0,10.0,36.0,240.0,0.0,5.89,2945.0,14.0,44.00000000001455,0.76,0.66,26.7,23.4,0.34,0.43,0.0,0.0,2.0,2.0,25600.0,G1A_57_H7
2024-02-20 00:00:00,0.0,-1.0,0.0,,,,0.0,,,,,,,,,,,,,25900.0,G1A_57_H8
2024-02-21 00:00:00,0.0,-2.0,1.0,21.0,21.0,0.66,330.0,0.0,40.0,0.6,0.48,34.9,30.7,0.6,0.6,0.0,0.0,1.0,1.0,25900.0,G1A_57_H8
2024-02-22 00:00:00,0.0,-4.0,2.0,24.0,8.0,0.86,430.0,0.0,40.0,0.61,0.55,33.7,31.0,0.6,0.6,0.0,0.0,1.0,1.0,25900.0,G1A_57_H8
2024-02-23 00:00:00,1.0,-2.0,3.0,16.0,18.0,1.1,550.0,0.0,47.999999999992724,0.66,0.59,33.4,30.2,0.6,0.6,0.0,0.0,1.0,1.0,25900.0,G1A_57_H8
2024-02-24 00:00:00,1.0,-4.0,4.0,12.0,7.0,1.2,600.0,1534.0,36.00000000002183,0.66,0.61,32.7,29.9,0.6,0.6,0.0,0.0,1.0,1.0,25900.0,G1A_57_H8
2024-02-25 00:00:00,4.0,-2.0,5.0,15.0,9.0,1.42,710.0,244.0,52.000000000007276,0.65,0.57,32.2,29.2,0.6,0.6,0.0,0.0,1.0,1.0,25900.0,G1A_57_H8
2024-02-26 00:00:00,7.0,-2.0,6.0,12.0,22.0,1.62,810.0,196.0,43.99999999997817,0.61,0.54,31.8,28.7,0.6,0.6,0.0,0.0,1.0,1.0,25900.0,G1A_57_H8
2024-02-27 00:00:00,7.0,0.0,7.0,13.0,28.0,1.99,995.0,207.0,44.00000000001455,0.63,0.57,31.2,28.2,0.6,0.6,0.0,0.0,1.0,1.0,25900.0,G1A_57_H8
2024-02-28 00:00:00,5.0,2.0,8.0,12.0,202.0,2.2,1100.0,184.0,52.000000000007276,0.64,0.58,31.3,28.1,0.58,0.6,0.0,0.0,1.0,1.0,25900.0,G1A_57_H8
2024-02-29 00:00:00,4.0,-1.0,9.0,18.0,12.0,1.95,975.0,223.0,35.99999999998545,0.63,0.55,31.3,28.0,0.57,0.58,0.0,0.0,1.0,1.0,25900.0,G1A_57_H8
2024-03-01 00:00:00,6.0,-1.0,10.0,4.0,6.0,2.5,1250.0,185.0,32.000000000007276,0.69,0.58,31.2,27.5,0.55,0.57,0.0,0.0,1.0,2.0,25900.0,G1A_57_H8
2024-03-02 00:00:00,11.0,0.0,11.0,3.0,2.0,3.21,1605.0,182.0,27.999999999992724,0.69,0.6,31.1,27.3,0.53,0.55,0.0,0.0,2.0,2.0,25900.0,G1A_57_H8
2024-03-03 00:00:00,14.0,3.0,12.0,4.0,6.0,3.49,1745.0,151.0,27.999999999992724,0.7,0.6,30.4,27.5,0.52,0.76,0.0,0.0,2.0,2.0,25900.0,G1A_57_H8
2024-03-04 00:00:00,10.0,7.0,13.0,5.0,40.0,3.74,1870.0,142.0,32.000000000007276,0.67,0.58,30.3,27.2,0.49,0.51,0.0,0.0,2.0,2.0,25900.0,G1A_57_H8
2024-03-05 00:00:00,9.0,5.0,14.0,4.0,20.0,3.97,1985.0,98.0,32.000000000007276,0.7,0.61,30.1,27.0,0.47,0.51,0.0,0.0,2.0,2.0,25900.0,G1A_57_H8
2024-03-06 00:00:00,10.0,0.0,15.0,5.0,9.0,4.21,2105.0,90.0,23.999999999978172,0.75,0.66,30.1,26.4,0.45,0.54,0.0,0.0,2.0,2.0,25900.0,G1A_57_H8
2024-03-07 00:00:00,14.0,1.0,16.0,9.0,20.0,4.47,2235.0,58.0,40.0,0.75,0.66,30.0,26.4,0.46,0.56,0.0,0.0,2.0,2.0,25900.0,G1A_57_H8
2024-03-08 00:00:00,12.0,0.0,17.0,6.0,10.0,4.55,2275.0,47.0,12.000000000007276,0.73,0.64,28.9,25.9,0.41,0.53,0.0,0.0,2.0,2.0,25900.0,G1A_57_H8
2024-03-09 00:00:00,12.0,2.0,18.0,6.0,17.0,5.14,2570.0,40.0,27.999999999992724,0.73,0.63,28.7,25.6,0.37,0.52,0.0,0.0,2.0,2.0,25900.0,G1A_57_H8
2024-03-10 00:00:00,16.0,5.0,19.0,5.0,18.0,5.45,2725.0,37.0,32.000000000007276,0.75,0.64,28.2,25.5,0.37,0.52,0.0,0.0,2.0,2.0,25900.0,G1A_57_H8
2024-03-11 00:00:00,21.0,6.0,20.0,5.0,8.0,5.78,2890.0,22.0,32.000000000007276,0.75,0.6,28.6,22.6,0.35,0.72,0.0,0.0,2.0,2.0,25900.0,G1A_57_H8
2024-03-12 00:00:00,16.0,4.0,21.0,4.0,7.0,5.96,2980.0,20.0,40.0,0.74,0.61,28.5,25.4,0.37,0.5,0.0,0.0,2.0,2.0,25900.0,G1A_57_H8
2024-03-13 00:00:00,16.0,7.0,22.0,5.0,13.0,6.42,3210.0,50.0,67.99999999999272,0.72,0.62,28.0,25.0,0.36,0.46,0.0,0.0,2.0,2.0,25900.0,G1A_57_H8
2024-03-14 00:00:00,16.0,5.0,23.0,5.0,16.0,6.56,3280.0,35.0,16.000000000021828,0.7,0.57,28.2,24.7,0.38,0.43,0.0,0.0,2.0,2.0,25900.0,G1A_57_H8
2024-03-15 00:00:00,19.0,7.0,24.0,5.0,10.0,6.71,3355.0,45.0,43.99999999997817,0.9,0.66,27.3,24.8,0.37,0.58,0.0,0.0,2.0,2.0,25900.0,G1A_57_H8
2024-03-16 00:00:00,22.0,10.0,25.0,7.0,9.0,7.04,3520.0,11.0,112.00000000000728,0.75,0.64,28.3,24.7,0.35,0.65,0.0,0.0,2.0,2.0,25900.0,G1A_57_H8
2024-03-17 00:00:00,12.0,5.0,26.0,8.0,28.0,6.97,3485.0,4.0,60.0,0.77,0.65,28.8,25.0,0.31,0.41,0.0,0.0,2.0,2.0,25900.0,G1A_57_H8
2024-03-18 00:00:00,11.0,4.0,27.0,7.0,12.0,7.34,3670.0,39.0,47.999999999992724,0.74,0.66,27.7,23.9,0.32,0.34,0.0,0.0,2.0,2.0,25900.0,G1A_57_H8
2024-03-19 00:00:00,17.0,3.0,28.0,10.0,15.0,7.44,3720.0,31.0,40.0,0.73,0.65,26.5,23.6,0.31,0.41,0.0,0.0,2.0,2.0,25900.0,G1A_57_H8
2024-03-20 00:00:00,18.0,5.0,29.0,13.0,36.0,7.5,3750.0,17.0,47.999999999992724,0.73,0.63,27.5,23.9,0.32,0.41,0.0,0.0,2.0,2.0,25900.0,G1A_57_H8
2024-03-21 00:00:00,24.0,9.0,30.0,30.0,35.0,7.73,3865.0,17.0,52.000000000007276,0.73,0.65,28.2,24.0,0.33,0.68,0.0,0.0,2.0,2.0,25900.0,G1A_57_H8
2024-03-22 00:00:00,26.0,14.0,31.0,45.0,35.0,8.02,4010.0,0.5,67.99999999999272,0.78,0.58,29.0,23.9,0.37,0.94,0.0,0.0,2.0,3.0,25900.0,G1A_57_H8
2024-03-23 00:00:00,19.0,12.0,32.0,150.0,0.0,7.15,3575.0,0.0,68.0000000000291,0.73,0.6,27.0,24.9,0.33,0.36,0.0,0.0,2.0,2.0,25900.0,G1A_57_H8
2024-03-24 00:00:00,17.0,10.0,33.0,193.0,0.0,7.34,3670.0,2.4,51.999999999970896,0.78,0.68,26.1,23.7,0.32,0.36,0.0,0.0,2.0,2.0,25900.0,G1A_57_H8
2024-03-25 00:00:00,11.0,5.0,34.0,110.0,0.0,6.76,3380.0,5.25,44.00000000001455,0.75,0.7,25.5,22.2,0.3,0.34,0.0,0.0,2.0,2.0,25900.0,G1A_57_H8
2024-03-26 00:00:00,15.0,8.0,35.0,130.0,0.0,6.77,3385.0,34.0,72.00000000000728,0.75,0.7,25.5,22.2,0.3,0.36,0.0,0.0,2.0,2.0,25900.0,G1A_57_H8
2024-03-27 00:00:00,15.0,10.0,36.0,150.0,0.0,7.0,3500.0,14.0,55.99999999998545,0.74,0.67,25.2,22.2,0.32,0.36,0.0,0.0,2.0,2.0,25900.0,G1A_57_H8
2024-02-20 00:00:00,0.0,-1.0,0.0,,,,0.0,,,,,,,,,,,,,25600.0,G1A_57_H9
2024-02-21 00:00:00,0.0,-2.0,1.0,24.0,12.0,0.68,340.0,0.0,40.0,0.52,0.46,35.0,32.7,0.6,0.6,0.0,0.0,1.0,1.0,25600.0,G1A_57_H9
2024-02-22 00:00:00,0.0,-4.0,2.0,10.0,12.0,0.88,440.0,0.0,40.0,0.63,0.5,34.4,31.9,0.6,0.6,0.0,0.0,1.0,1.0,25600.0,G1A_57_H9
2024-02-23 00:00:00,1.0,-2.0,3.0,10.0,16.0,1.1,550.0,0.0,47.999999999992724,0.69,0.57,33.8,31.5,0.6,0.6,0.0,0.0,1.0,1.0,25600.0,G1A_57_H9
2024-02-24 00:00:00,1.0,-4.0,4.0,11.0,9.0,1.17,585.0,1534.0,47.999999999992724,0.64,0.56,33.0,31.1,0.6,0.6,0.0,0.0,1.0,1.0,25600.0,G1A_57_H9
2024-02-25 00:00:00,4.0,-2.0,5.0,10.0,14.0,1.39,695.0,244.0,47.999999999992724,0.71,0.57,32.5,30.6,0.6,0.6,0.0,0.0,1.0,1.0,25600.0,G1A_57_H9
2024-02-26 00:00:00,7.0,-2.0,6.0,12.0,27.0,1.62,810.0,196.0,52.000000000007276,0.59,0.55,32.2,30.1,0.6,0.6,0.0,0.0,1.0,1.0,25600.0,G1A_57_H9
2024-02-27 00:00:00,7.0,0.0,7.0,8.0,19.0,1.71,855.0,207.0,47.999999999992724,0.6,0.55,31.5,29.6,0.6,0.6,0.0,0.0,1.0,1.0,25600.0,G1A_57_H9
2024-02-28 00:00:00,5.0,2.0,8.0,25.0,346.0,1.96,980.0,184.0,47.999999999992724,0.62,0.57,31.2,29.2,0.58,0.6,0.0,0.0,1.0,1.0,25600.0,G1A_57_H9
2024-02-29 00:00:00,4.0,-1.0,9.0,27.0,11.0,1.77,885.0,223.0,36.00000000002183,0.62,0.56,31.2,29.0,0.57,0.58,0.0,0.0,1.0,1.0,25600.0,G1A_57_H9
2024-03-01 00:00:00,6.0,-1.0,10.0,8.0,12.0,2.28,1140.0,185.0,35.99999999998545,0.66,0.61,31.2,28.6,0.55,0.57,0.0,0.0,1.0,2.0,25600.0,G1A_57_H9
2024-03-02 00:00:00,11.0,0.0,11.0,6.0,14.0,2.69,1345.0,182.0,36.00000000002183,0.63,0.58,31.0,28.7,0.53,0.55,0.0,0.0,2.0,2.0,25600.0,G1A_57_H9
2024-03-03 00:00:00,14.0,3.0,12.0,5.0,22.0,3.05,1525.0,151.0,31.999999999970896,0.64,0.59,30.5,28.6,0.49,0.76,0.0,0.0,2.0,2.0,25600.0,G1A_57_H9
2024-03-04 00:00:00,10.0,7.0,13.0,2.0,12.0,3.28,1640.0,142.0,36.00000000002183,0.64,0.58,30.2,27.8,0.51,0.52,0.0,0.0,2.0,2.0,25600.0,G1A_57_H9
2024-03-05 00:00:00,9.0,5.0,14.0,4.0,32.0,3.4,1700.0,98.0,40.0,0.67,0.63,29.8,27.8,0.5,0.51,0.0,0.0,2.0,2.0,25600.0,G1A_57_H9
2024-03-06 00:00:00,10.0,0.0,15.0,3.0,11.0,3.67,1835.0,90.0,27.999999999992724,0.67,0.62,29.5,26.7,0.47,0.54,0.0,0.0,2.0,2.0,25600.0,G1A_57_H9
2024-03-07 00:00:00,14.0,1.0,16.0,2.0,21.0,4.07,2035.0,58.0,27.999999999992724,0.67,0.62,29.4,27.0,0.47,0.56,0.0,0.0,2.0,2.0,25600.0,G1A_57_H9
2024-03-08 00:00:00,12.0,0.0,17.0,2.0,19.0,4.25,2125.0,47.0,27.999999999992724,0.67,0.65,28.8,26.9,0.44,0.56,0.0,0.0,2.0,2.0,25600.0,G1A_57_H9
2024-03-09 00:00:00,12.0,2.0,18.0,3.0,21.0,4.49,2245.0,40.0,20.0,0.67,0.64,28.3,26.2,0.4,0.54,0.0,0.0,2.0,2.0,25600.0,G1A_57_H9
2024-03-10 00:00:00,16.0,5.0,19.0,5.0,31.0,4.77,2385.0,37.0,48.000000000029104,0.67,0.64,27.9,26.0,0.41,0.54,0.0,0.0,2.0,2.0,25600.0,G1A_57_H9
2024-03-11 00:00:00,21.0,6.0,20.0,4.0,21.0,5.11,2555.0,22.0,48.000000000029104,0.67,0.61,27.7,26.0,0.41,0.6,0.0,0.0,2.0,2.0,25600.0,G1A_57_H9
2024-03-12 00:00:00,16.0,4.0,21.0,3.0,15.0,5.54,2770.0,20.0,43.99999999997817,0.66,0.58,28.4,26.0,0.43,0.52,0.0,0.0,2.0,2.0,25600.0,G1A_57_H9
2024-03-13 00:00:00,16.0,7.0,22.0,3.0,8.0,6.02,3010.0,50.0,47.999999999992724,0.64,0.59,27.8,25.2,0.39,0.49,0.0,0.0,2.0,2.0,25600.0,G1A_57_H9
2024-03-14 00:00:00,16.0,5.0,23.0,2.0,7.0,6.2,3100.0,36.0,52.000000000007276,0.65,0.57,27.4,25.1,0.41,0.52,0.0,0.0,2.0,2.0,25600.0,G1A_57_H9
2024-03-15 00:00:00,19.0,7.0,24.0,4.0,17.0,6.41,3205.0,45.0,52.000000000007276,0.65,0.59,27.5,25.1,0.47,0.68,0.0,0.0,2.0,2.0,25600.0,G1A_57_H9
2024-03-16 00:00:00,22.0,10.0,25.0,3.0,13.0,6.74,3370.0,11.0,160.0,0.67,0.62,27.5,25.1,0.46,0.75,0.0,0.0,2.0,2.0,25600.0,G1A_57_H9
2024-03-17 00:00:00,12.0,5.0,26.0,4.0,11.0,7.17,3585.0,4.0,76.00000000002183,0.67,0.62,28.1,25.1,0.49,0.61,0.0,0.0,2.0,2.0,25600.0,G1A_57_H9
2024-03-18 00:00:00,11.0,4.0,27.0,3.0,7.0,7.37,3685.0,39.0,52.000000000007276,0.65,0.57,27.5,24.5,0.36,0.46,0.0,0.0,2.0,2.0,25600.0,G1A_57_H9
2024-03-19 00:00:00,17.0,3.0,28.0,11.0,39.0,7.09,3545.0,31.0,55.99999999998545,0.66,0.58,27.1,24.2,0.36,0.63,0.0,0.0,2.0,2.0,25600.0,G1A_57_H9
2024-03-20 00:00:00,18.0,5.0,29.0,6.0,38.0,7.28,3640.0,17.0,60.0,0.65,0.53,27.7,24.5,0.41,0.64,0.0,0.0,2.0,2.0,25600.0,G1A_57_H9
2024-03-21 00:00:00,24.0,9.0,30.0,17.0,34.0,7.73,3865.0,17.0,64.00000000001455,0.64,0.55,28.0,24.9,0.45,0.75,0.0,0.0,2.0,2.0,25600.0,G1A_57_H9
2024-03-22 00:00:00,26.0,14.0,31.0,32.0,22.0,8.12,4060.0,0.5,75.99999999998545,0.69,0.48,29.3,24.8,0.47,0.94,0.0,0.0,2.0,3.0,25600.0,G1A_57_H9
2024-03-23 00:00:00,19.0,12.0,32.0,53.0,12.0,8.29,4145.0,0.0,84.00000000001455,0.66,0.52,27.9,25.9,0.35,0.4,0.0,0.0,2.0,2.0,25600.0,G1A_57_H9
2024-03-24 00:00:00,17.0,10.0,33.0,87.0,0.0,8.38,4190.0,2.4,67.99999999999272,0.73,0.62,27.0,25.3,0.36,0.39,0.0,0.0,2.0,2.0,25600.0,G1A_57_H9
2024-03-25 00:00:00,11.0,5.0,34.0,89.0,0.0,8.44,4220.0,5.25,75.99999999998545,0.71,0.69,26.4,23.9,0.32,0.38,0.0,0.0,2.0,2.0,25600.0,G1A_57_H9
2024-03-26 00:00:00,15.0,8.0,35.0,141.0,0.0,8.09,4045.0,34.0,64.00000000001455,0.71,0.69,26.4,23.8,0.31,0.41,0.0,0.0,2.0,2.0,25600.0,G1A_57_H9
2024-03-27 00:00:00,15.0,10.0,36.0,127.0,0.0,7.98,3990.0,14.0,75.99999999998545,0.7,0.62,25.9,23.6,0.34,0.43,0.0,0.0,2.0,2.0,25600.0,G1A_57_H9
2024-02-20 00:00:00,0.0,-1.0,0.0,,,,0.0,,,,,,,,,,,,,25400.0,G1A_57_H10
2024-02-21 00:00:00,0.0,-2.0,1.0,21.0,8.0,0.66,330.0,0.0,40.0,0.67,0.44,35.2,31.3,0.6,0.6,0.0,0.0,1.0,1.0,25400.0,G1A_57_H10
2024-02-22 00:00:00,0.0,-4.0,2.0,12.0,10.0,0.86,430.0,0.0,40.0,0.69,0.53,33.6,30.9,0.6,0.6,0.0,0.0,1.0,1.0,25400.0,G1A_57_H10
2024-02-23 00:00:00,1.0,-2.0,3.0,10.0,11.0,1.1,550.0,0.0,44.00000000001455,0.72,0.63,33.1,30.4,0.6,0.6,0.0,0.0,1.0,1.0,25400.0,G1A_57_H10
2024-02-24 00:00:00,1.0,-4.0,4.0,12.0,8.0,1.2,600.0,1533.0,44.00000000001455,0.72,0.66,32.6,29.9,0.6,0.6,0.0,0.0,1.0,1.0,25400.0,G1A_57_H10
2024-02-25 00:00:00,4.0,-2.0,5.0,8.0,10.0,1.4,700.0,244.0,43.99999999997817,0.7,0.61,32.5,29.3,0.6,0.6,0.0,0.0,1.0,1.0,25400.0,G1A_57_H10
2024-02-26 00:00:00,7.0,-2.0,6.0,8.0,29.0,1.58,790.0,196.0,44.00000000001455,0.67,0.6,31.9,28.8,0.6,0.6,0.0,0.0,1.0,1.0,25400.0,G1A_57_H10
2024-02-27 00:00:00,7.0,0.0,7.0,8.0,28.0,1.99,995.0,207.0,40.0,0.68,0.61,31.4,28.1,0.6,0.6,0.0,0.0,1.0,1.0,25400.0,G1A_57_H10
2024-02-28 00:00:00,5.0,2.0,8.0,20.0,165.0,2.28,1140.0,184.0,40.0,0.7,0.62,31.5,28.0,0.58,0.6,0.0,0.0,1.0,1.0,25400.0,G1A_57_H10
2024-02-29 00:00:00,4.0,-1.0,9.0,15.0,8.0,1.93,965.0,223.0,35.99999999998545,0.69,0.61,31.5,27.9,0.57,0.58,0.0,0.0,1.0,1.0,25400.0,G1A_57_H10
2024-03-01 00:00:00,6.0,-1.0,10.0,7.0,13.0,2.47,1235.0,185.0,32.000000000007276,0.71,0.64,30.9,27.8,0.55,0.57,0.0,0.0,1.0,2.0,25400.0,G1A_57_H10
2024-03-02 00:00:00,11.0,0.0,11.0,3.0,5.0,3.01,1505.0,182.0,35.99999999998545,0.71,0.65,30.8,27.5,0.53,0.55,0.0,0.0,2.0,2.0,25400.0,G1A_57_H10
2024-03-03 00:00:00,14.0,3.0,12.0,4.0,7.0,3.43,1715.0,151.0,12.000000000007276,0.74,0.66,30.6,27.5,0.52,0.76,0.0,0.0,2.0,2.0,25400.0,G1A_57_H10
2024-03-04 00:00:00,10.0,7.0,13.0,2.0,9.0,3.65,1825.0,142.0,27.999999999992724,0.73,0.67,30.2,27.5,0.49,0.51,0.0,0.0,2.0,2.0,25400.0,G1A_57_H10
2024-03-05 00:00:00,9.0,5.0,14.0,3.0,9.0,3.9,1950.0,98.0,28.000000000029104,0.75,0.68,30.2,26.9,0.47,0.51,0.0,0.0,2.0,2.0,25400.0,G1A_57_H10
2024-03-06 00:00:00,10.0,0.0,15.0,3.0,14.0,4.1,2050.0,90.0,23.999999999978172,0.75,0.68,29.3,26.4,0.45,0.54,0.0,0.0,2.0,2.0,25400.0,G1A_57_H10
2024-03-07 00:00:00,14.0,1.0,16.0,2.0,11.0,4.38,2190.0,58.0,24.000000000014552,0.75,0.66,28.9,26.5,0.45,0.56,0.0,0.0,2.0,2.0,25400.0,G1A_57_H10
2024-03-08 00:00:00,12.0,0.0,17.0,3.0,14.0,4.74,2370.0,47.0,27.999999999992724,0.75,0.65,28.6,25.9,0.41,0.53,0.0,0.0,2.0,2.0,25400.0,G1A_57_H10
2024-03-09 00:00:00,12.0,2.0,18.0,2.0,12.0,5.16,2580.0,40.0,27.999999999992724,0.75,0.6,28.2,25.4,0.37,0.52,0.0,0.0,2.0,2.0,25400.0,G1A_57_H10
2024-03-10 00:00:00,16.0,5.0,19.0,3.0,21.0,5.39,2695.0,37.0,32.000000000007276,0.76,0.64,27.8,25.2,0.37,0.52,0.0,0.0,2.0,2.0,25400.0,G1A_57_H10
2024-03-11 00:00:00,21.0,6.0,20.0,3.0,19.0,5.75,2875.0,22.0,32.000000000007276,0.78,0.63,27.7,25.3,0.35,0.72,0.0,0.0,2.0,2.0,25400.0,G1A_57_H10
2024-03-12 00:00:00,16.0,4.0,21.0,4.0,18.0,5.75,2875.0,20.0,40.0,0.76,0.6,28.3,25.3,0.37,0.5,0.0,0.0,2.0,2.0,25400.0,G1A_57_H10
2024-03-13 00:00:00,16.0,7.0,22.0,2.0,8.0,6.26,3130.0,50.0,44.00000000001455,0.74,0.62,27.5,24.7,0.36,0.46,0.0,0.0,2.0,2.0,25400.0,G1A_57_H10
2024-03-14 00:00:00,16.0,5.0,23.0,3.0,17.0,6.41,3205.0,36.0,47.999999999992724,0.75,0.57,27.8,24.8,0.38,0.43,0.0,0.0,2.0,2.0,25400.0,G1A_57_H10
2024-03-15 00:00:00,19.0,7.0,24.0,3.0,23.0,6.82,3410.0,46.0,44.00000000001455,0.77,0.67,27.4,24.74,0.37,0.58,0.0,0.0,2.0,2.0,25400.0,G1A_57_H10
2024-03-16 00:00:00,22.0,10.0,25.0,2.0,14.0,7.13,3565.0,11.0,140.0,0.77,0.66,27.7,24.4,0.35,0.65,0.0,0.0,2.0,2.0,25400.0,G1A_57_H10
2024-03-17 00:00:00,12.0,5.0,26.0,3.0,22.0,7.02,3510.0,4.0,60.0,0.78,0.65,28.3,24.8,0.31,0.41,0.0,0.0,2.0,2.0,25400.0,G1A_57_H10
2024-03-18 00:00:00,11.0,4.0,27.0,4.0,28.0,7.24,3620.0,39.0,47.999999999992724,0.77,0.63,27.5,23.9,0.32,0.34,0.0,0.0,2.0,2.0,25400.0,G1A_57_H10
2024-03-19 00:00:00,17.0,3.0,28.0,5.0,30.0,6.79,3395.0,31.0,52.000000000007276,0.75,0.63,26.4,23.6,0.31,0.41,0.0,0.0,2.0,2.0,25400.0,G1A_57_H10
2024-03-20 00:00:00,18.0,5.0,29.0,4.0,16.0,7.12,3560.0,17.0,47.999999999992724,0.76,0.59,27.3,23.9,0.32,0.41,0.0,0.0,2.0,2.0,25400.0,G1A_57_H10
2024-03-21 00:00:00,24.0,9.0,30.0,7.0,19.0,7.65,3825.0,17.0,52.000000000007276,0.75,0.58,27.8,23.9,0.33,0.68,0.0,0.0,2.0,2.0,25400.0,G1A_57_H10
2024-03-22 00:00:00,26.0,14.0,31.0,30.0,27.0,8.21,4105.0,0.5,60.0,0.79,0.54,29.8,23.9,0.37,0.94,0.0,0.0,2.0,3.0,25400.0,G1A_57_H10
2024-03-23 00:00:00,19.0,12.0,32.0,68.0,27.0,7.7,3850.0,0.0,67.99999999999272,0.76,0.58,27.1,25.1,0.33,0.36,0.0,0.0,2.0,2.0,25400.0,G1A_57_H10
2024-03-24 00:00:00,17.0,10.0,33.0,148.0,0.0,7.61,3805.0,2.4,56.00000000002183,0.78,0.67,26.7,24.4,0.32,0.36,0.0,0.0,2.0,2.0,25400.0,G1A_57_H10
2024-03-25 00:00:00,11.0,5.0,34.0,194.0,0.0,7.31,3655.0,5.25,55.99999999998545,0.77,0.72,26.3,22.9,0.3,0.34,0.0,0.0,2.0,2.0,25400.0,G1A_57_H10
2024-03-26 00:00:00,15.0,8.0,35.0,232.0,0.0,7.37,3685.0,34.0,52.000000000007276,0.77,0.72,26.3,22.9,0.3,0.36,0.0,0.0,2.0,2.0,25400.0,G1A_57_H10
2024-03-27 00:00:00,15.0,10.0,36.0,272.0,0.0,7.52,3760.0,14.0,60.0,0.76,0.67,25.6,22.6,0.32,0.36,0.0,0.0,2.0,2.0,25400.0,G1A_57_H10
2024-02-20 00:00:00,0.0,-1.0,0.0,,,,0.0,,,,,,,,,,,,,26000.0,G1A_57_H11
2024-02-21 00:00:00,0.0,-2.0,1.0,31.0,16.0,0.68,340.0,0.0,40.0,0.55,0.43,35.2,31.5,0.6,0.6,0.0,0.0,1.0,1.0,26000.0,G1A_57_H11
2024-02-22 00:00:00,0.0,-4.0,2.0,18.0,8.0,0.88,440.0,0.0,40.0,0.63,0.52,35.4,33.0,0.6,0.6,0.0,0.0,1.0,1.0,26000.0,G1A_57_H11
2024-02-23 00:00:00,1.0,-2.0,3.0,23.0,12.0,1.1,550.0,0.0,36.00000000002183,0.67,0.47,34.3,32.0,0.6,0.6,0.0,0.0,1.0,1.0,26000.0,G1A_57_H11
2024-02-24 00:00:00,1.0,-4.0,4.0,18.0,12.0,1.2,600.0,1533.0,40.0,0.62,0.51,33.2,31.5,0.6,0.6,0.0,0.0,1.0,1.0,26000.0,G1A_57_H11
2024-02-25 00:00:00,4.0,-2.0,5.0,28.0,20.0,1.41,705.0,244.0,40.0,0.62,0.49,32.7,30.7,0.6,0.6,0.0,0.0,1.0,1.0,26000.0,G1A_57_H11
2024-02-26 00:00:00,7.0,-2.0,6.0,20.0,12.0,1.62,810.0,196.0,40.0,0.59,0.46,32.3,30.1,0.6,0.6,0.0,0.0,1.0,1.0,26000.0,G1A_57_H11
2024-02-27 00:00:00,7.0,0.0,7.0,13.0,6.0,1.73,865.0,207.0,51.999999999970896,0.64,0.51,31.7,29.7,0.6,0.6,0.0,0.0,1.0,1.0,26000.0,G1A_57_H11
2024-02-28 00:00:00,5.0,2.0,8.0,28.0,207.0,1.96,980.0,184.0,36.00000000002183,0.69,0.54,31.4,29.5,0.58,0.6,0.0,0.0,1.0,1.0,26000.0,G1A_57_H11
2024-02-29 00:00:00,4.0,-1.0,9.0,21.0,6.0,1.74,870.0,223.0,43.99999999997817,0.67,0.48,31.4,29.2,0.57,0.58,0.0,0.0,1.0,1.0,26000.0,G1A_57_H11
2024-03-01 00:00:00,6.0,-1.0,10.0,9.0,7.0,2.28,1140.0,185.0,20.0,0.74,0.56,31.2,28.9,0.55,0.57,0.0,0.0,1.0,2.0,26000.0,G1A_57_H11
2024-03-02 00:00:00,11.0,0.0,11.0,8.0,7.0,2.83,1415.0,183.0,16.000000000021828,0.71,0.63,31.0,28.5,0.53,0.55,0.0,0.0,2.0,2.0,26000.0,G1A_57_H11
2024-03-03 00:00:00,14.0,3.0,12.0,6.0,9.0,3.16,1580.0,151.0,27.999999999992724,0.74,0.59,30.7,28.3,0.49,0.76,0.0,0.0,2.0,2.0,26000.0,G1A_57_H11
2024-03-04 00:00:00,10.0,7.0,13.0,7.0,27.0,3.41,1705.0,142.0,27.999999999992724,0.74,0.61,30.5,28.1,0.51,0.52,0.0,0.0,2.0,2.0,26000.0,G1A_57_H11
2024-03-05 00:00:00,9.0,5.0,14.0,6.0,29.0,3.51,1755.0,98.0,32.000000000007276,0.79,0.66,29.9,27.8,0.5,0.51,0.0,0.0,2.0,2.0,26000.0,G1A_57_H11
2024-03-06 00:00:00,10.0,0.0,15.0,5.0,18.0,4.08,2040.0,90.0,24.000000000014552,0.84,0.72,29.5,27.2,0.47,0.54,0.0,0.0,2.0,2.0,26000.0,G1A_57_H11
2024-03-07 00:00:00,14.0,1.0,16.0,3.0,1.0,4.5,2250.0,58.0,20.0,0.84,0.68,29.2,27.3,0.47,0.56,0.0,0.0,2.0,2.0,26000.0,G1A_57_H11
2024-03-08 00:00:00,12.0,0.0,17.0,7.0,11.0,4.56,2280.0,47.0,27.999999999992724,0.82,0.64,29.1,27.1,0.44,0.56,0.0,0.0,2.0,2.0,26000.0,G1A_57_H11
2024-03-09 00:00:00,12.0,2.0,18.0,8.0,12.0,4.78,2390.0,40.0,32.000000000007276,0.82,0.64,28.8,26.5,0.4,0.54,0.0,0.0,2.0,2.0,26000.0,G1A_57_H11
2024-03-10 00:00:00,16.0,5.0,19.0,9.0,11.0,5.03,2515.0,37.0,31.999999999970896,0.81,0.63,28.8,26.2,0.41,0.54,0.0,0.0,2.0,2.0,26000.0,G1A_57_H11
2024-03-11 00:00:00,21.0,6.0,20.0,7.0,11.0,5.36,2680.0,22.0,31.999999999970896,0.84,0.61,28.9,26.0,0.41,0.6,0.0,0.0,2.0,2.0,26000.0,G1A_57_H11
2024-03-12 00:00:00,16.0,4.0,21.0,6.0,9.0,5.79,2895.0,20.0,40.0,0.8,0.6,29.0,26.1,0.43,0.52,0.0,0.0,2.0,2.0,26000.0,G1A_57_H11
2024-03-13 00:00:00,16.0,7.0,22.0,8.0,12.0,6.19,3095.0,50.0,43.99999999997817,0.78,0.63,28.3,25.7,0.39,0.49,0.0,0.0,2.0,2.0,26000.0,G1A_57_H11
2024-03-14 00:00:00,16.0,5.0,23.0,9.0,13.0,6.5,3250.0,36.0,48.000000000029104,0.8,0.57,28.2,25.7,0.41,0.52,0.0,0.0,2.0,2.0,26000.0,G1A_57_H11
2024-03-15 00:00:00,19.0,7.0,24.0,6.0,12.0,6.86,3430.0,46.0,47.999999999992724,0.85,0.67,27.7,25.6,0.47,0.68,0.0,0.0,2.0,2.0,26000.0,G1A_57_H11
2024-03-16 00:00:00,22.0,10.0,25.0,8.0,17.0,7.08,3540.0,11.0,108.0000000000291,0.87,0.69,28.1,25.6,0.46,0.75,0.0,0.0,2.0,2.0,26000.0,G1A_57_H11
2024-03-17 00:00:00,12.0,5.0,26.0,12.0,10.0,7.43,3715.0,4.0,103.99999999997817,0.87,0.68,28.7,25.8,0.49,0.61,0.0,0.0,2.0,2.0,26000.0,G1A_57_H11
2024-03-18 00:00:00,11.0,4.0,27.0,8.0,6.0,7.25,3625.0,39.0,0.0,0.81,0.62,27.9,24.8,0.36,0.46,0.0,0.0,2.0,2.0,26000.0,G1A_57_H11
2024-03-19 00:00:00,17.0,3.0,28.0,13.0,14.0,7.09,3545.0,31.0,100.0,0.81,0.64,27.2,24.5,0.36,0.63,0.0,0.0,2.0,2.0,26000.0,G1A_57_H11
2024-03-20 00:00:00,18.0,5.0,29.0,13.0,32.0,7.44,3720.0,17.0,52.000000000007276,0.78,0.59,28.3,24.7,0.41,0.64,0.0,0.0,2.0,2.0,26000.0,G1A_57_H11
2024-03-21 00:00:00,24.0,9.0,30.0,26.0,10.0,8.23,4115.0,17.0,55.99999999998545,0.79,0.62,28.4,25.1,0.45,0.75,0.0,0.0,2.0,2.0,26000.0,G1A_57_H11
2024-03-22 00:00:00,26.0,14.0,31.0,45.0,15.0,8.09,4045.0,0.5,72.00000000000728,0.84,0.52,29.8,25.2,0.47,0.94,0.0,0.0,2.0,3.0,26000.0,G1A_57_H11
2024-03-23 00:00:00,19.0,12.0,32.0,80.0,33.0,8.17,4085.0,0.0,76.00000000002183,0.84,0.61,28.1,26.2,0.35,0.4,0.0,0.0,2.0,2.0,26000.0,G1A_57_H11
2024-03-24 00:00:00,17.0,10.0,33.0,70.0,64.0,7.7,3850.0,2.4,60.0,0.9,0.75,26.2,25.9,0.36,0.39,0.0,0.0,2.0,2.0,26000.0,G1A_57_H11
2024-03-25 00:00:00,11.0,5.0,34.0,70.0,19.0,7.57,3785.0,5.25,83.99999999997817,0.82,0.73,26.8,24.8,0.32,0.38,0.0,0.0,2.0,2.0,26000.0,G1A_57_H11
2024-03-26 00:00:00,15.0,8.0,35.0,127.0,0.0,7.75,3875.0,34.0,47.999999999992724,0.82,0.73,26.8,24.5,0.31,0.41,0.0,0.0,2.0,2.0,26000.0,G1A_57_H11
2024-03-27 00:00:00,15.0,10.0,36.0,95.0,20.0,8.46,4230.0,14.0,88.0000000000291,0.82,0.68,26.4,24.1,0.34,0.43,0.0,0.0,2.0,2.0,26000.0,G1A_57_H11
2024-02-20 00:00:00,0.0,-1.0,0.0,,,,0.0,,,,,,,,,,,,,25400.0,G1A_57_H12
2024-02-21 00:00:00,0.0,-2.0,1.0,18.0,3.0,0.66,330.0,0.0,40.0,0.72,0.48,33.9,31.3,0.6,0.6,0.0,0.0,1.0,1.0,25400.0,G1A_57_H12
2024-02-22 00:00:00,0.0,-4.0,2.0,20.0,6.0,0.86,430.0,0.0,40.0,0.78,0.63,33.1,30.7,0.6,0.6,0.0,0.0,1.0,1.0,25400.0,G1A_57_H12
2024-02-23 00:00:00,1.0,-2.0,3.0,19.0,7.0,1.07,535.0,0.0,44.00000000001455,0.83,0.65,32.8,30.2,0.6,0.6,0.0,0.0,1.0,1.0,25400.0,G1A_57_H12
2024-02-24 00:00:00,1.0,-4.0,4.0,8.0,6.0,1.1,550.0,1533.0,40.0,0.78,0.67,32.5,30.2,0.6,0.6,0.0,0.0,1.0,1.0,25400.0,G1A_57_H12
2024-02-25 00:00:00,4.0,-2.0,5.0,23.0,11.0,1.39,695.0,244.0,40.0,0.76,0.59,32.3,29.3,0.6,0.6,0.0,0.0,1.0,1.0,25400.0,G1A_57_H12
2024-02-26 00:00:00,7.0,-2.0,6.0,7.0,8.0,1.58,790.0,196.0,43.99999999997817,0.71,0.56,31.8,28.7,0.6,0.6,0.0,0.0,1.0,1.0,25400.0,G1A_57_H12
2024-02-27 00:00:00,7.0,0.0,7.0,23.0,31.0,1.88,940.0,207.0,44.00000000001455,0.74,0.59,31.2,28.4,0.6,0.6,0.0,0.0,1.0,1.0,25400.0,G1A_57_H12
2024-02-28 00:00:00,5.0,2.0,8.0,25.0,140.0,2.36,1180.0,184.0,52.000000000007276,0.75,0.61,31.3,28.2,0.58,0.6,0.0,0.0,1.0,1.0,25400.0,G1A_57_H12
2024-02-29 00:00:00,4.0,-1.0,9.0,22.0,4.0,2.07,1035.0,223.0,32.000000000007276,0.72,0.58,31.3,28.1,0.57,0.58,0.0,0.0,1.0,1.0,25400.0,G1A_57_H12
2024-03-01 00:00:00,6.0,-1.0,10.0,5.0,6.0,2.39,1195.0,185.0,20.0,0.78,0.63,30.9,27.6,0.55,0.57,0.0,0.0,1.0,2.0,25400.0,G1A_57_H12
2024-03-02 00:00:00,11.0,0.0,11.0,4.0,5.0,3.19,1595.0,183.0,40.0,0.76,0.62,30.7,27.8,0.53,0.55,0.0,0.0,2.0,2.0,25400.0,G1A_57_H12
2024-03-03 00:00:00,14.0,3.0,12.0,8.0,17.0,3.62,1810.0,151.0,31.999999999970896,0.77,0.65,30.6,27.7,0.52,0.76,0.0,0.0,2.0,2.0,25400.0,G1A_57_H12
2024-03-04 00:00:00,10.0,7.0,13.0,4.0,21.0,3.93,1965.0,142.0,36.00000000002183,0.76,0.65,30.6,27.0,0.49,0.51,0.0,0.0,2.0,2.0,25400.0,G1A_57_H12
2024-03-05 00:00:00,9.0,5.0,14.0,4.0,13.0,4.15,2075.0,98.0,27.999999999992724,0.8,0.69,30.1,26.8,0.47,0.51,0.0,0.0,2.0,2.0,25400.0,G1A_57_H12
2024-03-06 00:00:00,10.0,0.0,15.0,6.0,17.0,4.33,2165.0,91.0,35.99999999998545,0.84,0.69,29.7,26.4,0.45,0.54,0.0,0.0,2.0,2.0,25400.0,G1A_57_H12
2024-03-07 00:00:00,14.0,1.0,16.0,7.0,11.0,4.86,2430.0,58.0,16.000000000021828,0.84,0.64,29.1,26.0,0.45,0.56,0.0,0.0,2.0,2.0,25400.0,G1A_57_H12
2024-03-08 00:00:00,12.0,0.0,17.0,8.0,12.0,4.79,2395.0,47.0,32.000000000007276,0.8,0.66,28.2,25.5,0.41,0.53,0.0,0.0,2.0,2.0,25400.0,G1A_57_H12
2024-03-09 00:00:00,12.0,2.0,18.0,9.0,24.0,5.12,2560.0,40.0,31.999999999970896,0.8,0.66,28.2,25.3,0.37,0.52,0.0,0.0,2.0,2.0,25400.0,G1A_57_H12
2024-03-10 00:00:00,16.0,5.0,19.0,12.0,15.0,5.34,2670.0,37.0,32.000000000007276,0.82,0.67,28.1,24.9,0.37,0.52,0.0,0.0,2.0,2.0,25400.0,G1A_57_H12
2024-03-11 00:00:00,21.0,6.0,20.0,6.0,18.0,5.46,2730.0,22.0,32.000000000007276,0.81,0.65,27.5,24.7,0.35,0.72,0.0,0.0,2.0,2.0,25400.0,G1A_57_H12
2024-03-12 00:00:00,16.0,4.0,21.0,4.0,9.0,5.79,2895.0,20.0,16.000000000021828,0.82,0.64,28.2,25.4,0.37,0.5,0.0,0.0,2.0,2.0,25400.0,G1A_57_H12
2024-03-13 00:00:00,16.0,7.0,22.0,4.0,7.0,6.46,3230.0,50.0,47.999999999992724,0.81,0.65,27.6,24.5,0.36,0.46,0.0,0.0,2.0,2.0,25400.0,G1A_57_H12
2024-03-14 00:00:00,16.0,5.0,23.0,7.0,13.0,6.48,3240.0,36.0,47.999999999992724,0.8,0.63,27.8,24.5,0.38,0.43,0.0,0.0,2.0,2.0,25400.0,G1A_57_H12
2024-03-15 00:00:00,19.0,7.0,24.0,7.0,9.0,6.98,3490.0,46.0,52.000000000007276,0.88,0.71,27.2,24.3,0.37,0.58,0.0,0.0,2.0,2.0,25400.0,G1A_57_H12
2024-03-16 00:00:00,22.0,10.0,25.0,8.0,12.0,7.29,3645.0,11.0,143.99999999997817,0.89,0.72,27.3,24.1,0.35,0.65,0.0,0.0,2.0,2.0,25400.0,G1A_57_H12
2024-03-17 00:00:00,12.0,5.0,26.0,9.0,10.0,7.35,3675.0,4.0,56.00000000002183,0.86,0.7,28.3,24.8,0.31,0.41,0.0,0.0,2.0,2.0,25400.0,G1A_57_H12
2024-03-18 00:00:00,11.0,4.0,27.0,9.0,12.0,7.58,3790.0,39.0,0.0,0.87,0.64,26.9,23.4,0.32,0.34,0.0,0.0,2.0,2.0,25400.0,G1A_57_H12
2024-03-19 00:00:00,17.0,3.0,28.0,9.0,16.0,7.07,3535.0,31.0,100.0,0.84,0.68,26.5,23.2,0.31,0.41,0.0,0.0,2.0,2.0,25400.0,G1A_57_H12
2024-03-20 00:00:00,18.0,5.0,29.0,9.0,51.0,7.45,3725.0,17.0,55.99999999998545,0.88,0.66,27.1,23.7,0.32,0.41,0.0,0.0,2.0,2.0,25400.0,G1A_57_H12
2024-03-21 00:00:00,24.0,9.0,30.0,25.0,27.0,7.68,3840.0,17.0,56.00000000002183,0.85,0.66,27.0,23.6,0.33,0.68,0.0,0.0,2.0,2.0,25400.0,G1A_57_H12
2024-03-22 00:00:00,26.0,14.0,31.0,30.0,20.0,8.03,4015.0,0.5,55.99999999998545,0.88,0.64,28.9,23.3,0.37,0.94,0.0,0.0,2.0,3.0,25400.0,G1A_57_H12
2024-03-23 00:00:00,19.0,12.0,32.0,45.0,15.0,8.02,4010.0,0.0,60.0,0.89,0.67,26.9,24.8,0.33,0.36,0.0,0.0,2.0,2.0,25400.0,G1A_57_H12
2024-03-24 00:00:00,17.0,10.0,33.0,60.0,27.0,7.53,3765.0,2.4,60.0,0.89,0.76,26.4,24.1,0.32,0.36,0.0,0.0,2.0,2.0,25400.0,G1A_57_H12
2024-03-25 00:00:00,11.0,5.0,34.0,220.0,53.0,6.62,3310.0,5.25,55.99999999998545,0.83,0.71,25.8,23.1,0.3,0.34,0.0,0.0,2.0,2.0,25400.0,G1A_57_H12
2024-03-26 00:00:00,15.0,8.0,35.0,315.0,0.0,6.27,3135.0,34.0,56.00000000002183,0.83,0.71,25.8,23.0,0.3,0.36,0.0,0.0,2.0,2.0,25400.0,G1A_57_H12
2024-03-27 00:00:00,15.0,10.0,36.0,370.0,131.0,6.57,3285.0,14.0,80.0,0.8,0.69,25.4,22.5,0.32,0.36,0.0,0.0,2.0,2.0,25400.0,G1A_57_H12
2024-02-20 00:00:00,0.0,-1.0,,,,,0.0,,,,,,,,,,,,,25700.0,G1A_57_H13
2024-02-21 00:00:00,0.0,-2.0,0.0,,,,0.0,,,,,,,,,,,,,25700.0,G1A_57_H13
2024-02-22 00:00:00,0.0,-4.0,1.0,9.0,4.0,0.68,340.0,0.0,40.0,0.65,0.47,35.4,33.3,0.6,0.6,0.0,0.0,1.0,1.0,25700.0,G1A_57_H13
2024-02-23 00:00:00,1.0,-2.0,2.0,8.0,13.0,0.88,440.0,0.0,43.99999999997817,0.58,0.5,34.9,32.3,0.6,0.6,0.0,0.0,1.0,1.0,25700.0,G1A_57_H13
2024-02-24 00:00:00,1.0,-4.0,3.0,7.0,27.0,1.09,545.0,1533.0,40.0,0.63,0.57,34.0,31.9,0.6,0.6,0.0,0.0,1.0,1.0,25700.0,G1A_57_H13
2024-02-25 00:00:00,4.0,-2.0,4.0,7.0,42.0,1.2,600.0,244.0,47.999999999992724,0.63,0.55,33.4,31.5,0.6,0.6,0.0,0.0,1.0,1.0,25700.0,G1A_57_H13
2024-02-26 00:00:00,7.0,-2.0,5.0,5.0,16.0,1.4,700.0,196.0,40.0,0.61,0.51,32.9,31.0,0.6,0.6,0.0,0.0,1.0,1.0,25700.0,G1A_57_H13
2024-02-27 00:00:00,7.0,0.0,6.0,9.0,30.0,1.62,810.0,207.0,48.000000000029104,0.62,0.55,32.3,30.4,0.6,0.6,0.0,0.0,1.0,1.0,25700.0,G1A_57_H13
2024-02-28 00:00:00,5.0,2.0,7.0,7.0,34.0,1.66,830.0,184.0,40.0,0.63,0.57,31.8,30.3,0.6,0.6,0.0,0.0,1.0,1.0,25700.0,G1A_57_H13
2024-02-29 00:00:00,4.0,-1.0,8.0,29.0,198.0,1.99,995.0,223.0,47.999999999992724,0.67,0.55,31.8,29.8,0.58,0.6,0.0,0.0,1.0,1.0,25700.0,G1A_57_H13
2024-03-01 00:00:00,6.0,-1.0,9.0,31.0,9.0,1.7,850.0,186.0,43.99999999997817,0.67,0.59,31.6,29.4,0.57,0.58,0.0,0.0,1.0,1.0,25700.0,G1A_57_H13
2024-03-02 00:00:00,11.0,0.0,10.0,3.0,8.0,2.19,1095.0,183.0,32.000000000007276,0.66,0.59,31.3,29.0,0.55,0.57,0.0,0.0,1.0,2.0,25700.0,G1A_57_H13
2024-03-03 00:00:00,14.0,3.0,11.0,2.0,5.0,2.71,1355.0,151.0,27.999999999992724,0.66,0.6,31.0,28.9,0.53,0.72,0.0,0.0,2.0,2.0,25700.0,G1A_57_H13
2024-03-04 00:00:00,10.0,7.0,12.0,3.0,12.0,3.17,1585.0,142.0,32.000000000007276,0.66,0.59,30.7,28.4,0.52,0.53,0.0,0.0,2.0,2.0,25700.0,G1A_57_H13
2024-03-05 00:00:00,9.0,5.0,13.0,5.0,7.0,3.45,1725.0,98.0,32.000000000007276,0.67,0.63,30.3,28.2,0.51,0.52,0.0,0.0,2.0,2.0,25700.0,G1A_57_H13
2024-03-06 00:00:00,10.0,0.0,14.0,8.0,21.0,3.7,1850.0,91.0,40.0,0.68,0.65,29.5,27.0,0.49,0.53,0.0,0.0,2.0,2.0,25700.0,G1A_57_H13
2024-03-07 00:00:00,14.0,1.0,15.0,8.0,43.0,3.86,1930.0,58.0,15.999999999985448,0.68,0.64,29.3,27.2,0.48,0.55,0.0,0.0,2.0,2.0,25700.0,G1A_57_H13
2024-03-08 00:00:00,12.0,0.0,16.0,5.0,33.0,4.2,2100.0,47.0,24.000000000014552,0.68,0.63,29.0,26.6,0.43,0.53,0.0,0.0,2.0,2.0,25700.0,G1A_57_H13
2024-03-09 00:00:00,12.0,2.0,17.0,4.0,21.0,4.46,2230.0,40.0,24.000000000014552,0.68,0.63,29.0,26.3,0.39,0.52,0.0,0.0,2.0,2.0,25700.0,G1A_57_H13
2024-03-10 00:00:00,16.0,5.0,18.0,4.0,30.0,4.53,2265.0,37.0,31.999999999970896,0.68,0.5,28.3,26.2,0.4,0.53,0.0,0.0,2.0,2.0,25700.0,G1A_57_H13
2024-03-11 00:00:00,21.0,6.0,19.0,5.0,29.0,5.02,2510.0,22.0,31.999999999970896,0.68,0.6,28.0,26.0,0.4,0.7,0.0,0.0,2.0,2.0,25700.0,G1A_57_H13
2024-03-12 00:00:00,16.0,4.0,20.0,2.0,8.0,5.44,2720.0,20.0,40.0,0.68,0.58,28.3,26.2,0.44,0.54,0.0,0.0,2.0,2.0,25700.0,G1A_57_H13
2024-03-13 00:00:00,16.0,7.0,21.0,1.0,6.0,5.77,2885.0,50.0,40.0,0.68,0.59,28.4,25.5,0.39,0.46,0.0,0.0,2.0,2.0,25700.0,G1A_57_H13
2024-03-14 00:00:00,16.0,5.0,22.0,1.0,6.0,6.08,3040.0,36.0,36.00000000002183,0.68,0.54,27.6,25.5,0.43,0.56,0.0,0.0,2.0,2.0,25700.0,G1A_57_H13
2024-03-15 00:00:00,19.0,7.0,23.0,1.0,7.0,6.21,3105.0,46.0,51.999999999970896,0.68,0.61,27.7,25.2,0.35,0.45,0.0,0.0,2.0,2.0,25700.0,G1A_57_H13
2024-03-16 00:00:00,22.0,10.0,24.0,2.0,8.0,6.52,3260.0,12.0,140.0,0.68,0.61,27.7,25.3,0.43,0.58,0.0,0.0,2.0,2.0,25700.0,G1A_57_H13
2024-03-17 00:00:00,12.0,5.0,25.0,7.0,5.0,6.91,3455.0,4.0,60.0,0.68,0.63,28.6,25.3,0.46,0.49,0.0,0.0,2.0,2.0,25700.0,G1A_57_H13
2024-03-18 00:00:00,11.0,4.0,26.0,5.0,12.0,6.97,3485.0,39.0,44.00000000001455,0.68,0.55,28.7,24.6,0.33,0.36,0.0,0.0,2.0,2.0,25700.0,G1A_57_H13
2024-03-19 00:00:00,17.0,3.0,27.0,7.0,15.0,7.12,3560.0,31.0,55.99999999998545,0.68,0.57,27.4,24.6,0.3,0.43,0.0,0.0,2.0,2.0,25700.0,G1A_57_H13
2024-03-20 00:00:00,18.0,5.0,28.0,7.0,12.0,7.83,3915.0,17.0,52.000000000007276,0.67,0.54,27.9,24.6,0.34,0.42,0.0,0.0,2.0,2.0,25700.0,G1A_57_H13
2024-03-21 00:00:00,24.0,9.0,29.0,14.0,18.0,8.07,4035.0,17.0,52.000000000007276,0.67,0.57,28.1,25.1,0.4,0.72,0.0,0.0,2.0,2.0,25700.0,G1A_57_H13
2024-03-22 00:00:00,26.0,14.0,30.0,91.0,0.0,8.1,4050.0,0.5,72.00000000000728,0.68,0.53,28.9,24.8,0.45,1.01,0.0,0.0,2.0,3.0,25700.0,G1A_57_H13
2024-03-23 00:00:00,19.0,12.0,31.0,85.0,0.0,7.49,3745.0,0.0,75.99999999998545,0.67,0.53,28.2,26.5,0.38,0.43,0.0,0.0,2.0,2.0,25700.0,G1A_57_H13
2024-03-24 00:00:00,17.0,10.0,32.0,50.0,0.0,7.94,3970.0,2.4,67.99999999999272,0.68,0.64,27.4,25.5,0.36,0.41,0.0,0.0,2.0,2.0,25700.0,G1A_57_H13
2024-03-25 00:00:00,11.0,5.0,33.0,93.0,0.0,8.38,4190.0,5.25,72.00000000000728,0.68,0.66,26.9,24.6,0.33,0.4,0.0,0.0,2.0,2.0,25700.0,G1A_57_H13
2024-03-26 00:00:00,15.0,8.0,34.0,127.0,0.0,7.77,3885.0,33.0,52.000000000007276,0.68,0.66,26.9,24.3,0.33,0.43,0.0,0.0,2.0,2.0,25700.0,G1A_57_H13
2024-03-27 00:00:00,15.0,10.0,35.0,173.0,0.0,7.74,3870.0,14.0,83.99999999997817,0.68,0.61,26.0,24.2,0.34,0.4.3,0.0,0.0,2.0,2.0,25700.0,G1A_57_H13
2024-02-20 00:00:00,0.0,-1.0,,,,,0.0,,,,,,,,,,,,,24500.0,G1A_57_H14
2024-02-21 00:00:00,0.0,-2.0,0.0,,,,0.0,,,,,,,,,,,,,24500.0,G1A_57_H14
2024-02-22 00:00:00,0.0,-4.0,1.0,17.0,2.0,0.66,330.0,0.0,40.0,0.72,0.5,34.5,32.2,0.6,0.6,0.0,0.0,1.0,1.0,24500.0,G1A_57_H14
2024-02-23 00:00:00,1.0,-2.0,2.0,4.0,5.0,0.8,400.0,0.0,43.99999999997817,0.75,0.69,33.5,31.3,0.6,0.6,0.0,0.0,1.0,1.0,24500.0,G1A_57_H14
2024-02-24 00:00:00,1.0,-4.0,3.0,5.0,8.0,1.07,535.0,1533.0,40.0,0.74,6.78,33.1,30.8,0.6,0.6,0.0,0.0,1.0,1.0,24500.0,G1A_57_H14
2024-02-25 00:00:00,4.0,-2.0,4.0,6.0,11.0,1.18,590.0,244.0,40.0,0.74,0.63,32.9,30.5,0.6,0.6,0.0,0.0,1.0,1.0,24500.0,G1A_57_H14
2024-02-26 00:00:00,7.0,-2.0,5.0,4.0,10.0,1.37,685.0,196.0,40.0,0.69,0.62,32.6,30.0,0.6,0.6,0.0,0.0,1.0,1.0,24500.0,G1A_57_H14
2024-02-27 00:00:00,7.0,0.0,6.0,2.0,4.0,1.58,790.0,207.0,44.00000000001455,0.7,0.62,31.9,29.3,0.6,0.6,0.0,0.0,1.0,1.0,24500.0,G1A_57_H14
2024-02-28 00:00:00,5.0,2.0,7.0,6.0,8.0,1.77,885.0,184.0,40.0,0.71,0.61,31.8,28.8,0.6,0.6,0.0,0.0,1.0,1.0,24500.0,G1A_57_H14
2024-02-29 00:00:00,4.0,-1.0,8.0,23.0,124.0,2.04,1020.0,223.0,47.999999999992724,0.74,0.63,31.8,28.7,0.58,0.6,0.0,0.0,1.0,1.0,24500.0,G1A_57_H14
2024-03-01 00:00:00,6.0,-1.0,9.0,17.0,8.0,1.75,875.0,186.0,32.000000000007276,0.78,0.64,31.5,28.6,0.57,0.58,0.0,0.0,1.0,1.0,24500.0,G1A_57_H14
2024-03-02 00:00:00,11.0,0.0,10.0,4.0,6.0,2.22,1110.0,183.0,27.999999999992724,0.77,0.65,31.2,28.3,0.55,0.57,0.0,0.0,1.0,2.0,24500.0,G1A_57_H14
2024-03-03 00:00:00,14.0,3.0,11.0,3.0,11.0,2.54,1270.0,151.0,27.999999999992724,0.75,0.63,31.1,28.0,0.5,0.72,0.0,0.0,2.0,2.0,24500.0,G1A_57_H14
2024-03-04 00:00:00,10.0,7.0,12.0,2.0,8.0,3.06,1530.0,142.0,32.000000000007276,0.75,0.66,31.3,27.7,0.5,0.52,0.0,0.0,2.0,2.0,24500.0,G1A_57_H14
2024-03-05 00:00:00,9.0,5.0,13.0,1.0,7.0,3.25,1625.0,98.0,32.000000000007276,0.79,0.69,30.5,27.6,0.48,0.51,0.0,0.0,2.0,2.0,24500.0,G1A_57_H14
2024-03-06 00:00:00,10.0,0.0,14.0,1.0,5.0,3.21,1605.0,91.0,27.999999999992724,0.8,0.69,30.3,26.8,0.46,0.53,0.0,0.0,2.0,2.0,24500.0,G1A_57_H14
2024-03-07 00:00:00,14.0,1.0,15.0,2.0,21.0,3.42,1710.0,59.0,27.999999999992724,0.8,0.66,29.9,26.8,0.46,0.55,0.0,0.0,2.0,2.0,24500.0,G1A_57_H14
2024-03-08 00:00:00,12.0,0.0,16.0,4.0,16.0,3.46,1730.0,47.0,28.000000000029104,0.8,0.65,29.8,26.6,0.4,0.52,0.0,0.0,2.0,2.0,24500.0,G1A_57_H14
2024-03-09 00:00:00,12.0,2.0,17.0,3.0,18.0,3.75,1875.0,40.0,27.999999999992724,0.8,0.65,29.2,26.5,0.33,0.52,0.0,0.0,2.0,2.0,24500.0,G1A_57_H14
2024-03-10 00:00:00,16.0,5.0,18.0,2.0,13.0,4.15,2075.0,37.0,27.999999999992724,0.82,0.7,29.3,26.4,0.35,0.51,0.0,0.0,2.0,2.0,24500.0,G1A_57_H14
2024-03-11 00:00:00,21.0,6.0,19.0,3.0,8.0,4.65,2325.0,22.0,27.999999999992724,0.83,0.67,28.9,26.2,0.33,0.67,0.0,0.0,2.0,2.0,24500.0,G1A_57_H14
2024-03-12 00:00:00,16.0,4.0,20.0,1.0,7.0,5.32,2660.0,20.0,12.000000000007276,0.82,0.63,29.1,26.4,0.35,0.44,0.0,0.0,2.0,2.0,24500.0,G1A_57_H14
2024-03-13 00:00:00,16.0,7.0,21.0,2.0,8.0,5.7,2850.0,50.0,64.00000000001455,0.8,0.64,28.5,25.6,0.34,0.42,0.0,0.0,2.0,2.0,24500.0,G1A_57_H14
2024-03-14 00:00:00,16.0,5.0,22.0,3.0,6.0,5.94,2970.0,36.0,35.99999999998545,0.8,0.64,28.5,25.5,0.32,0.36,0.0,0.0,2.0,2.0,24500.0,G1A_57_H14
2024-03-15 00:00:00,19.0,7.0,23.0,1.0,5.0,6.05,3025.0,46.0,40.0,0.83,0.73,28.5,25.7,0.32,0.39,0.0,0.0,2.0,2.0,24500.0,G1A_57_H14
2024-03-16 00:00:00,22.0,10.0,24.0,2.0,7.0,6.4,3200.0,12.0,111.9999999999709,0.83,0.69,28.8,25.6,0.32,0.55,0.0,0.0,2.0,2.0,24500.0,G1A_57_H14
2024-03-17 00:00:00,12.0,5.0,25.0,5.0,8.0,6.57,3285.0,4.0,56.00000000002183,0.83,0.7,28.6,25.6,0.32,0.35,0.0,0.0,2.0,2.0,24500.0,G1A_57_H14
2024-03-18 00:00:00,11.0,4.0,26.0,2.0,0.0,6.56,3280.0,39.0,32.000000000007276,0.83,0.67,28.1,24.6,0.3,0.32,0.0,0.0,2.0,2.0,24500.0,G1A_57_H14
2024-03-19 00:00:00,17.0,3.0,27.0,3.0,2.0,6.57,3285.0,31.0,51.999999999970896,0.83,0.71,27.2,24.5,0.3,0.34,0.0,0.0,2.0,2.0,24500.0,G1A_57_H14
2024-03-20 00:00:00,18.0,5.0,28.0,10.0,12.0,6.26,3130.0,15.0,44.00000000001455,0.83,0.6,27.4,24.5,0.3,0.32,0.0,0.0,2.0,2.0,24500.0,G1A_57_H14
2024-03-21 00:00:00,24.0,9.0,29.0,13.0,8.0,6.19,3095.0,18.0,44.00000000001455,0.83,0.63,28.3,24.7,0.3,0.69,0.0,0.0,2.0,2.0,24500.0,G1A_57_H14
2024-03-22 00:00:00,26.0,14.0,30.0,10.0,5.0,7.2,3600.0,0.5,55.99999999998545,0.83,0.55,29.0,24.5,0.34,0.75,0.0,0.0,2.0,3.0,24500.0,G1A_57_H14
2024-03-23 00:00:00,19.0,12.0,31.0,19.0,15.0,7.5,3750.0,0.0,64.00000000001455,0.82,0.58,28.0,25.8,0.33,0.37,0.0,0.0,2.0,2.0,24500.0,G1A_57_H14
2024-03-24 00:00:00,17.0,10.0,32.0,37.0,0.0,6.66,3330.0,2.4,55.99999999998545,0.83,0.74,26.8,24.9,0.32,0.35,0.0,0.0,2.0,2.0,24500.0,G1A_57_H14
2024-03-25 00:00:00,11.0,5.0,33.0,78.0,0.0,6.68,3340.0,5.25,55.99999999998545,0.83,0.74,26.4,23.6,0.32,0.35,0.0,0.0,2.0,2.0,24500.0,G1A_57_H14
2024-03-26 00:00:00,15.0,8.0,34.0,105.0,0.0,6.47,3235.0,33.0,56.00000000002183,0.83,0.72,26.4,23.6,0.32,0.35,0.0,0.0,2.0,2.0,24500.0,G1A_57_H14
2024-03-27 00:00:00,15.0,10.0,35.0,148.0,0.0,6.47,3235.0,14.0,55.99999999998545,0.82,0.69,26.3,23.4,0.32,0.34,0.0,0.0,2.0,2.0,24500.0,G1A_57_H14
2024-02-20 00:00:00,0.0,-1.0,,,,,0.0,,,,,,,,,,,,,25700.0,G1A_57_H15
2024-02-21 00:00:00,0.0,-2.0,0.0,,,,0.0,,,,,,,,,,,,,25700.0,G1A_57_H15
2024-02-22 00:00:00,0.0,-4.0,1.0,6.0,5.0,0.68,340.0,0.0,40.0,0.69,0.47,35.4,33.3,0.6,0.6,0.0,0.0,1.0,1.0,25700.0,G1A_57_H15
2024-02-23 00:00:00,1.0,-2.0,2.0,8.0,33.0,0.88,440.0,0.0,48.000000000029104,0.73,0.66,34.7,32.0,0.6,0.6,0.0,0.0,1.0,1.0,25700.0,G1A_57_H15
2024-02-24 00:00:00,1.0,-4.0,3.0,6.0,20.0,1.1,550.0,1533.0,47.999999999992724,0.72,0.66,33.9,31.8,0.6,0.6,0.0,0.0,1.0,1.0,25700.0,G1A_57_H15
2024-02-25 00:00:00,4.0,-2.0,4.0,9.0,35.0,1.2,600.0,244.0,40.0,0.72,0.63,33.3,31.4,0.6,0.6,0.0,0.0,1.0,1.0,25700.0,G1A_57_H15
2024-02-26 00:00:00,7.0,-2.0,5.0,7.0,11.0,1.4,700.0,196.0,40.0,0.68,0.62,33.0,31.0,0.6,0.6,0.0,0.0,1.0,1.0,25700.0,G1A_57_H15
2024-02-27 00:00:00,7.0,0.0,6.0,7.0,10.0,1.62,810.0,207.0,63.99999999997817,0.68,0.63,32.2,30.3,0.6,0.6,0.0,0.0,1.0,1.0,25700.0,G1A_57_H15
2024-02-28 00:00:00,5.0,2.0,7.0,6.0,26.0,1.63,815.0,184.0,44.00000000001455,0.7,0.63,31.9,30.0,0.6,0.6,0.0,0.0,1.0,1.0,25700.0,G1A_57_H15
2024-02-29 00:00:00,4.0,-1.0,8.0,34.0,197.0,1.83,915.0,223.0,47.999999999992724,0.73,0.61,31.5,29.5,0.58,0.6,0.0,0.0,1.0,1.0,25700.0,G1A_57_H15
2024-03-01 00:00:00,6.0,-1.0,9.0,33.0,9.0,1.45,725.0,186.0,40.0,0.75,0.65,31.5,29.0,0.57,0.58,0.0,0.0,1.0,1.0,25700.0,G1A_57_H15
2024-03-02 00:00:00,11.0,0.0,10.0,4.0,7.0,1.97,985.0,183.0,32.000000000007276,0.72,0.65,31.6,29.1,0.55,0.57,0.0,0.0,1.0,2.0,25700.0,G1A_57_H15
2024-03-03 00:00:00,14.0,3.0,11.0,23.0,73.0,2.67,1335.0,151.0,27.999999999992724,0.74,0.66,30.9,28.8,0.53,0.72,0.0,0.0,2.0,2.0,25700.0,G1A_57_H15
2024-03-04 00:00:00,10.0,7.0,12.0,1.0,50.0,2.8,1400.0,142.0,36.00000000002183,0.75,0.67,30.8,28.5,0.52,0.53,0.0,0.0,2.0,2.0,25700.0,G1A_57_H15
2024-03-05 00:00:00,9.0,5.0,13.0,3.0,48.0,3.36,1680.0,98.0,27.999999999992724,0.77,0.71,30.6,28.1,0.51,0.52,0.0,0.0,2.0,2.0,25700.0,G1A_57_H15
2024-03-06 00:00:00,10.0,0.0,14.0,8.0,81.0,3.47,1735.0,91.0,32.000000000007276,0.73,0.67,29.6,27.2,0.49,0.53,0.0,0.0,2.0,2.0,25700.0,G1A_57_H15
2024-03-07 00:00:00,14.0,1.0,15.0,6.0,69.0,3.69,1845.0,59.0,20.0,0.73,0.65,29.3,27.1,0.48,0.55,0.0,0.0,2.0,2.0,25700.0,G1A_57_H15
2024-03-08 00:00:00,12.0,0.0,16.0,4.0,37.0,4.02,2010.0,47.0,27.999999999992724,0.73,0.65,29.0,26.8,0.43,0.53,0.0,0.0,2.0,2.0,25700.0,G1A_57_H15
2024-03-09 00:00:00,12.0,2.0,17.0,5.0,31.0,4.33,2165.0,40.0,23.999999999978172,0.73,0.65,28.7,26.3,0.39,0.52,0.0,0.0,2.0,2.0,25700.0,G1A_57_H15
2024-03-10 00:00:00,16.0,5.0,18.0,8.0,55.0,4.45,2225.0,37.0,32.000000000007276,0.73,0.65,28.1,26.3,0.4,0.53,0.0,0.0,2.0,2.0,25700.0,G1A_57_H15
2024-03-11 00:00:00,21.0,6.0,19.0,6.0,45.0,4.79,2395.0,22.0,32.000000000007276,0.73,0.61,28.0,25.9,0.4,0.7,0.0,0.0,2.0,2.0,25700.0,G1A_57_H15
2024-03-12 00:00:00,16.0,4.0,20.0,3.0,21.0,5.2,2600.0,20.0,35.99999999998545,0.73,0.61,28.0,26.3,0.44,0.54,0.0,0.0,2.0,2.0,25700.0,G1A_57_H15
2024-03-13 00:00:00,16.0,7.0,21.0,3.0,17.0,5.56,2780.0,50.0,64.00000000001455,0.73,0.6,27.9,25.3,0.38,0.48,0.0,0.0,2.0,2.0,25700.0,G1A_57_H15
2024-03-14 00:00:00,16.0,5.0,22.0,5.0,16.0,5.91,2955.0,36.0,20.0,0.73,0.56,27.8,25.3,0.43,0.56,0.0,0.0,2.0,2.0,25700.0,G1A_57_H15
2024-03-15 00:00:00,19.0,7.0,23.0,20.0,8.0,6.32,3160.0,46.0,43.99999999997817,0.73,0.64,28.0,25.0,0.35,0.45,0.0,0.0,2.0,2.0,25700.0,G1A_57_H15
2024-03-16 00:00:00,22.0,10.0,24.0,22.0,5.0,6.47,3235.0,12.0,115.99999999998545,0.73,0.64,27.5,25.2,0.43,0.58,0.0,0.0,2.0,2.0,25700.0,G1A_57_H15
2024-03-17 00:00:00,12.0,5.0,25.0,34.0,4.0,6.68,3340.0,4.0,55.99999999998545,0.73,0.66,28.3,25.6,0.46,0.49,0.0,0.0,2.0,2.0,25700.0,G1A_57_H15
2024-03-18 00:00:00,11.0,4.0,26.0,12.0,4.0,7.17,3585.0,40.0,48.000000000029104,0.73,0.57,29.0,24.5,0.33,0.36,0.0,0.0,2.0,2.0,25700.0,G1A_57_H15
2024-03-19 00:00:00,17.0,3.0,27.0,10.0,9.0,7.15,3575.0,31.0,51.999999999970896,0.73,0.61,27.1,24.4,0.3,0.43,0.0,0.0,2.0,2.0,25700.0,G1A_57_H15
2024-03-20 00:00:00,18.0,5.0,28.0,7.0,18.0,7.27,3635.0,15.0,52.000000000007276,0.73,0.57,27.6,24.8,0.34,0.42,0.0,0.0,2.0,2.0,25700.0,G1A_57_H15
2024-03-21 00:00:00,24.0,9.0,29.0,10.0,8.0,7.56,3780.0,18.0,47.999999999992724,0.73,0.57,27.6,24.7,0.4,0.72,0.0,0.0,2.0,2.0,25700.0,G1A_57_H15
2024-03-22 00:00:00,26.0,14.0,30.0,25.0,18.0,8.08,4040.0,0.5,68.0000000000291,0.73,0.53,28.4,24.7,0.45,1.01,0.0,0.0,2.0,3.0,25700.0,G1A_57_H15
2024-03-23 00:00:00,19.0,12.0,31.0,37.0,103.0,7.86,3930.0,0.0,75.99999999998545,0.73,0.55,27.6,26.0,0.38,0.43,0.0,0.0,2.0,2.0,25700.0,G1A_57_H15
2024-03-24 00:00:00,17.0,10.0,32.0,30.0,37.0,7.06,3530.0,2.4,60.0,0.73,0.67,26.8,25.1,0.36,0.41,0.0,0.0,2.0,2.0,25700.0,G1A_57_H15
2024-03-25 00:00:00,11.0,5.0,33.0,105.0,0.0,7.08,3540.0,5.25,64.00000000001455,0.73,0.69,26.7,24.3,0.33,0.4,0.0,0.0,2.0,2.0,25700.0,G1A_57_H15
2024-03-26 00:00:00,15.0,8.0,34.0,155.0,0.0,7.03,3515.0,33.0,40.0,0.73,0.69,26.7,23.9,0.33,0.43,0.0,0.0,2.0,2.0,25700.0,G1A_57_H15
2024-03-27 00:00:00,15.0,10.0,35.0,267.0,0.0,7.37,3685.0,14.0,47.999999999992724,0.73,0.65,26.2,23.8,0.34,0.4.3,0.0,0.0,2.0,2.0,25700.0,G1A_57_H15
2024-02-20 00:00:00,0.0,-1.0,,,,,0.0,,,,,,,,,,,,,24500.0,G1A_57_H16
2024-02-21 00:00:00,0.0,-2.0,0.0,,,,0.0,,,,,,,,,,,,,24500.0,G1A_57_H16
2024-02-22 00:00:00,0.0,-4.0,1.0,19.0,4.0,0.66,330.0,0.0,40.0,0.67,0.47,33.8,31.8,0.6,0.6,0.0,0.0,1.0,1.0,24500.0,G1A_57_H16
2024-02-23 00:00:00,1.0,-2.0,2.0,5.0,6.0,0.8,400.0,0.0,40.0,0.7,0.65,33.4,31.1,0.6,0.6,0.0,0.0,1.0,1.0,24500.0,G1A_57_H16
2024-02-24 00:00:00,1.0,-4.0,3.0,7.0,12.0,1.066,533.0,1533.0,40.0,0.72,0.62,32.8,30.9,0.6,0.6,0.0,0.0,1.0,1.0,24500.0,G1A_57_H16
2024-02-25 00:00:00,4.0,-2.0,4.0,8.0,12.0,1.18,590.0,245.0,40.0,0.69,0.61,32.6,31.1,0.6,0.6,0.0,0.0,1.0,1.0,24500.0,G1A_57_H16
2024-02-26 00:00:00,7.0,-2.0,5.0,5.0,8.0,1.37,685.0,197.0,40.0,0.67,0.59,32.3,30.7,0.6,0.6,0.0,0.0,1.0,1.0,24500.0,G1A_57_H16
2024-02-27 00:00:00,7.0,0.0,6.0,4.0,3.0,1.58,790.0,206.0,47.999999999992724,0.67,0.59,31.7,30.0,0.6,0.6,0.0,0.0,1.0,1.0,24500.0,G1A_57_H16
2024-02-28 00:00:00,5.0,2.0,7.0,5.0,9.0,1.68,840.0,184.0,43.99999999997817,0.68,0.6,31.7,29.9,0.6,0.6,0.0,0.0,1.0,1.0,24500.0,G1A_57_H16
2024-02-29 00:00:00,4.0,-1.0,8.0,27.0,123.0,1.81,905.0,223.0,48.000000000029104,0.7,0.57,31.7,29.6,0.58,0.6,0.0,0.0,1.0,1.0,24500.0,G1A_57_H16
2024-03-01 00:00:00,6.0,-1.0,9.0,14.0,5.0,1.56,780.0,186.0,35.99999999998545,0.71,0.62,31.5,28.2,0.57,0.58,0.0,0.0,1.0,1.0,24500.0,G1A_57_H16
2024-03-02 00:00:00,11.0,0.0,10.0,3.0,8.0,1.98,990.0,183.0,35.99999999998545,0.7,0.62,31.4,28.1,0.55,0.57,0.0,0.0,1.0,2.0,24500.0,G1A_57_H16
2024-03-03 00:00:00,14.0,3.0,11.0,2.0,8.0,2.52,1260.0,151.0,20.0,0.71,0.61,30.9,28.0,0.5,0.72,0.0,0.0,2.0,2.0,24500.0,G1A_57_H16
2024-03-04 00:00:00,10.0,7.0,12.0,1.0,8.0,2.85,1425.0,142.0,36.00000000002183,0.7,0.62,30.7,27.8,0.5,0.52,0.0,0.0,2.0,2.0,24500.0,G1A_57_H16
2024-03-05 00:00:00,9.0,5.0,13.0,1.0,6.0,2.99,1495.0,98.0,23.999999999978172,0.71,0.66,30.2,27.7,0.48,0.51,0.0,0.0,2.0,2.0,24500.0,G1A_57_H16
2024-03-06 00:00:00,10.0,0.0,14.0,3.0,21.0,3.18,1590.0,91.0,32.000000000007276,0.72,0.65,30.0,26.9,0.46,0.53,0.0,0.0,2.0,2.0,24500.0,G1A_57_H16
2024-03-07 00:00:00,14.0,1.0,15.0,2.0,21.0,3.4,1700.0,59.0,27.999999999992724,0.72,0.64,29.7,26.8,0.46,0.55,0.0,0.0,2.0,2.0,24500.0,G1A_57_H16
2024-03-08 00:00:00,12.0,0.0,16.0,2.0,14.0,3.46,1730.0,47.0,36.00000000002183,0.73,0.65,29.3,26.5,0.4,0.52,0.0,0.0,2.0,2.0,24500.0,G1A_57_H16
2024-03-09 00:00:00,12.0,2.0,17.0,3.0,12.0,3.72,1860.0,40.0,20.0,0.73,0.62,29.0,26.5,0.33,0.52,0.0,0.0,2.0,2.0,24500.0,G1A_57_H16
2024-03-10 00:00:00,16.0,5.0,18.0,1.0,10.0,3.99,1995.0,37.0,27.999999999992724,0.76,0.64,28.8,26.6,0.35,0.51,0.0,0.0,2.0,2.0,24500.0,G1A_57_H16
2024-03-11 00:00:00,21.0,6.0,19.0,2.0,10.0,4.4,2200.0,22.0,27.999999999992724,0.76,0.63,28.7,26.2,0.33,0.67,0.0,0.0,2.0,2.0,24500.0,G1A_57_H16
2024-03-12 00:00:00,16.0,4.0,20.0,2.0,12.0,4.87,2435.0,20.0,36.00000000002183,0.76,0.6,28.7,26.0,0.35,0.44,0.0,0.0,2.0,2.0,24500.0,G1A_57_H16
2024-03-13 00:00:00,16.0,7.0,21.0,2.0,18.0,5.29,2645.0,50.0,40.0,0.74,0.63,28.3,25.6,0.34,0.42,0.0,0.0,2.0,2.0,24500.0,G1A_57_H16
2024-03-14 00:00:00,16.0,5.0,22.0,1.0,7.0,5.64,2820.0,36.0,35.99999999998545,0.74,0.61,28.5,25.2,0.32,0.36,0.0,0.0,2.0,2.0,24500.0,G1A_57_H16
2024-03-15 00:00:00,19.0,7.0,23.0,2.0,10.0,5.95,2975.0,46.0,32.000000000007276,0.81,0.65,28.3,25.6,0.32,0.39,0.0,0.0,2.0,2.0,24500.0,G1A_57_H16
2024-03-16 00:00:00,22.0,10.0,24.0,7.0,5.0,6.34,3170.0,12.0,111.9999999999709,0.82,0.65,27.8,25.5,0.32,0.55,0.0,0.0,2.0,2.0,24500.0,G1A_57_H16
2024-03-17 00:00:00,12.0,5.0,25.0,5.0,5.0,6.36,3180.0,4.0,48.000000000029104,0.8,0.64,29.0,25.5,0.32,0.35,0.0,0.0,2.0,2.0,24500.0,G1A_57_H16
2024-03-18 00:00:00,11.0,4.0,26.0,5.0,3.0,6.3,3150.0,40.0,40.0,0.78,0.62,28.3,24.5,0.3,0.32,0.0,0.0,2.0,2.0,24500.0,G1A_57_H16
2024-03-19 00:00:00,17.0,3.0,27.0,8.0,5.0,6.2,3100.0,31.0,171.9999999999709,0.76,0.63,27.0,24.3,0.3,0.34,0.0,0.0,2.0,2.0,24500.0,G1A_57_H16
2024-03-20 00:00:00,18.0,5.0,28.0,9.0,12.0,6.05,3025.0,15.0,76.00000000002183,0.75,0.59,27.6,24.5,0.3,0.32,0.0,0.0,2.0,2.0,24500.0,G1A_57_H16
2024-03-21 00:00:00,24.0,9.0,29.0,9.0,9.0,6.49,3245.0,18.0,43.99999999997817,0.77,0.61,28.4,25.0,0.3,0.69,0.0,0.0,2.0,2.0,24500.0,G1A_57_H16
2024-03-22 00:00:00,26.0,14.0,30.0,25.0,18.0,6.81,3405.0,0.5,48.000000000029104,0.8,0.53,29.1,24.8,0.34,0.75,0.0,0.0,2.0,3.0,24500.0,G1A_57_H16
2024-03-23 00:00:00,19.0,12.0,31.0,72.0,54.0,7.27,3635.0,0.0,75.99999999998545,0.74,0.55,28.0,25.6,0.33,0.37,0.0,0.0,2.0,2.0,24500.0,G1A_57_H16
2024-03-24 00:00:00,17.0,10.0,32.0,220.0,0.0,6.44,3220.0,2.4,40.0,0.79,0.68,27.3,24.6,0.32,0.35,0.0,0.0,2.0,2.0,24500.0,G1A_57_H16
2024-03-25 00:00:00,11.0,5.0,33.0,482.0,0.0,6.13,3065.0,5.25,47.999999999992724,0.73,0.68,26.4,23.3,0.32,0.35,0.0,0.0,2.0,2.0,24500.0,G1A_57_H16
2024-03-26 00:00:00,15.0,8.0,34.0,385.0,0.0,5.69,2845.0,33.0,47.999999999992724,0.73,0.68,26.4,23.3,0.32,0.35,0.0,0.0,2.0,2.0,24500.0,G1A_57_H16
2024-03-27 00:00:00,15.0,10.0,35.0,389.0,0.0,5.85,2925.0,14.0,56.00000000002183,0.75,0.65,26.1,23.2,0.32,0.34,0.0,0.0,2.0,2.0,24500.0,G1A_57_H16
2024-02-20 00:00:00,0.0,-1.0,,,,,0.0,,,,,,,,,,,,,25700.0,G1A_57_H17
2024-02-21 00:00:00,0.0,-2.0,0.0,,,,0.0,,,,,,,,,,,,,25700.0,G1A_57_H17
2024-02-22 00:00:00,0.0,-4.0,1.0,15.0,4.0,0.68,340.0,0.0,40.0,0.72,0.43,35.2,33.0,0.6,0.6,0.0,0.0,1.0,1.0,25700.0,G1A_57_H17
2024-02-23 00:00:00,1.0,-2.0,2.0,10.0,15.0,0.88,440.0,0.0,40.0,0.73,0.62,34.6,32.1,0.6,0.6,0.0,0.0,1.0,1.0,25700.0,G1A_57_H17
2024-02-24 00:00:00,1.0,-4.0,3.0,12.0,7.0,1.1,550.0,1533.0,40.0,0.7,0.61,34.2,31.9,0.6,0.6,0.0,0.0,1.0,1.0,25700.0,G1A_57_H17
2024-02-25 00:00:00,4.0,-2.0,4.0,15.0,10.0,1.2,600.0,245.0,40.0,0.7,0.59,33.5,31.6,0.6,0.6,0.0,0.0,1.0,1.0,25700.0,G1A_57_H17
2024-02-26 00:00:00,7.0,-2.0,5.0,10.0,5.0,1.4,700.0,197.0,40.0,0.67,0.59,32.5,31.1,0.6,0.6,0.0,0.0,1.0,1.0,25700.0,G1A_57_H17
2024-02-27 00:00:00,7.0,0.0,6.0,10.0,8.0,1.62,810.0,206.0,44.00000000001455,0.67,0.6,32.1,30.5,0.6,0.6,0.0,0.0,1.0,1.0,25700.0,G1A_57_H17
2024-02-28 00:00:00,5.0,2.0,7.0,10.0,8.0,1.62,810.0,184.0,44.00000000001455,0.69,0.61,31.7,30.3,0.6,0.6,0.0,0.0,1.0,1.0,25700.0,G1A_57_H17
2024-02-29 00:00:00,4.0,-1.0,8.0,15.0,300.0,1.8,900.0,223.0,36.0,0.71,0.63,31.7,29.9,0.58,0.6,0.0,0.0,1.0,1.0,25700.0,G1A_57_H17
2024-03-01 00:00:00,6.0,-1.0,9.0,10.0,7.0,1.47,735.0,186.0,20.0,0.71,0.62,31.8,29.6,0.57,0.58,0.0,0.0,1.0,1.0,25700.0,G1A_57_H17
2024-03-02 00:00:00,11.0,0.0,10.0,10.0,7.0,1.84,920.0,183.0,28.0,0.73,0.65,31.5,29.6,0.55,0.57,0.0,0.0,1.0,1.0,25700.0,G1A_57_H17
2024-03-03 00:00:00,14.0,3.0,11.0,10.0,2.0,2.29,1145.0,151.0,40.0,0.73,0.65,31.4,29.6,0.53,0.72,0.0,0.0,2.0,2.0,25700.0,G1A_57_H17
2024-03-04 00:00:00,10.0,7.0,12.0,12.0,10.0,2.69,1345.0,142.0,44.00000000001455,0.72,0.62,31.1,28.8,0.52,0.53,0.0,0.0,2.0,2.0,25700.0,G1A_57_H17
2024-03-05 00:00:00,9.0,5.0,13.0,14.0,7.0,3.03,1515.0,98.0,23.999999999978172,0.75,0.67,30.9,28.7,0.51,0.52,0.0,0.0,2.0,2.0,25700.0,G1A_57_H17
2024-03-06 00:00:00,10.0,0.0,14.0,14.0,30.0,3.45,1725.0,91.0,20.0,0.79,0.7,30.5,27.9,0.49,0.53,0.0,0.0,2.0,2.0,25700.0,G1A_57_H17
2024-03-07 00:00:00,14.0,1.0,15.0,13.0,30.0,3.61,1805.0,59.0,24.000000000014552,0.79,0.7,29.8,28.0,0.48,0.55,0.0,0.0,2.0,2.0,25700.0,G1A_57_H17
2024-03-08 00:00:00,12.0,0.0,16.0,13.0,70.0,3.86,1930.0,47.0,42.000000000007276,0.78,0.63,29.8,27.8,0.43,0.53,0.0,0.0,2.0,2.0,25700.0,G1A_57_H17
2024-03-09 00:00:00,12.0,2.0,17.0,7.0,10.0,4.03,2015.0,40.0,23.999999999978172,0.78,0.67,29.3,27.2,0.39,0.52,0.0,0.0,2.0,2.0,25700.0,G1A_57_H17
2024-03-10 00:00:00,16.0,5.0,18.0,14.0,30.0,4.05,2025.0,37.0,24.000000000014552,0.77,0.66,29.2,26.7,0.4,0.53,0.0,0.0,2.0,2.0,25700.0,G1A_57_H17
2024-03-11 00:00:00,21.0,6.0,19.0,3.0,8.0,4.45,2225.0,22.0,24.000000000014552,0.78,0.6,28.9,26.7,0.4,0.7,0.0,0.0,2.0,2.0,25700.0,G1A_57_H17
2024-03-12 00:00:00,16.0,4.0,20.0,2.0,16.0,4.73,2365.0,19.0,36.00000000002183,0.76,0.6,28.6,26.6,0.44,0.54,0.0,0.0,2.0,2.0,25700.0,G1A_57_H17
2024-03-13 00:00:00,16.0,7.0,21.0,1.0,6.0,5.11,2555.0,50.0,31.999999999970896,0.76,0.61,28.4,26.1,0.38,0.48,0.0,0.0,2.0,2.0,25700.0,G1A_57_H17
2024-03-14 00:00:00,16.0,5.0,22.0,13.0,20.0,5.4,2700.0,36.0,40.0,0.77,0.57,28.0,26.0,0.43,0.56,0.0,0.0,2.0,2.0,25700.0,G1A_57_H17
2024-03-15 00:00:00,19.0,7.0,23.0,2.0,10.0,5.77,2885.0,46.0,36.00000000002183,0.79,0.68,28.1,25.7,0.35,0.45,0.0,0.0,2.0,2.0,25700.0,G1A_57_H17
2024-03-16 00:00:00,22.0,10.0,24.0,5.0,6.0,6.18,3090.0,12.0,120.0,0.79,0.66,28.5,25.7,0.43,0.58,0.0,0.0,2.0,2.0,25700.0,G1A_57_H17
2024-03-17 00:00:00,12.0,5.0,25.0,4.0,6.0,6.19,3095.0,4.0,48.000000000029104,0.79,0.69,29.5,26.2,0.46,0.49,0.0,0.0,2.0,2.0,25700.0,G1A_57_H17
2024-03-18 00:00:00,11.0,4.0,26.0,8.0,2.0,6.28,3140.0,40.0,40.0,0.79,0.59,29.1,25.0,0.33,0.36,0.0,0.0,2.0,2.0,25700.0,G1A_57_H17
2024-03-19 00:00:00,17.0,3.0,27.0,10.0,12.0,6.49,3245.0,31.0,43.99999999997817,0.79,0.65,27.6,24.8,0.3,0.43,0.0,0.0,2.0,2.0,25700.0,G1A_57_H17
2024-03-20 00:00:00,18.0,5.0,28.0,8.0,29.0,6.55,3275.0,15.0,44.00000000001455,0.78,0.59,27.8,24.7,0.34,0.42,0.0,0.0,2.0,2.0,25700.0,G1A_57_H17
2024-03-21 00:00:00,24.0,9.0,29.0,12.0,0.0,6.64,3320.0,18.0,47.999999999992724,0.79,0.6,28.0,25.0,0.4,0.72,0.0,0.0,2.0,2.0,25700.0,G1A_57_H17
2024-03-22 00:00:00,26.0,14.0,30.0,23.0,16.0,7.42,3710.0,0.5,52.000000000007276,0.79,0.55,29.6,24.9,0.45,1.01,0.0,0.0,2.0,3.0,25700.0,G1A_57_H17
2024-03-23 00:00:00,19.0,12.0,31.0,13.0,80.0,8.12,4060.0,0.0,67.99999999999272,0.77,0.59,28.3,26.5,0.38,0.43,0.0,0.0,2.0,2.0,25700.0,G1A_57_H17
2024-03-24 00:00:00,17.0,10.0,32.0,20.0,57.0,7.47,3735.0,2.4,100.0,0.8,0.72,27.2,25.9,0.36,0.41,0.0,0.0,2.0,2.0,25700.0,G1A_57_H17
2024-03-25 00:00:00,11.0,5.0,33.0,50.0,61.0,8.2,4100.0,5.25,15.999999999985448,0.78,0.73,27.3,253.0,0.33,0.4,0.0,0.0,2.0,2.0,25700.0,G1A_57_H17
2024-03-26 00:00:00,15.0,8.0,34.0,130.0,0.0,7.51,3755.0,33.0,56.00000000002183,0.78,0.69,27.3,24.9,0.33,0.43,0.0,0.0,2.0,2.0,25700.0,G1A_57_H17
2024-03-27 00:00:00,15.0,10.0,35.0,132.0,0.0,7.71,3855.0,14.0,60.0,0.78,0.67,27.0,24.4,0.34,0.4.3,0.0,0.0,2.0,2.0,25700.0,G1A_57_H17
2024-02-20 00:00:00,0.0,-1.0,,,,,0.0,,,,,,,,,,,,,24900.0,G1A_57_H18
2024-02-21 00:00:00,0.0,-2.0,0.0,,,,0.0,,,,,,,,,,,,,24900.0,G1A_57_H18
2024-02-22 00:00:00,0.0,-4.0,1.0,19.0,5.0,0.66,330.0,0.0,40.0,0.78,0.53,34.7,32.2,0.6,0.6,0.0,0.0,1.0,1.0,24900.0,G1A_57_H18
2024-02-23 00:00:00,1.0,-2.0,2.0,12.0,13.0,0.8,400.0,0.0,40.0,0.78,0.72,34.2,31.2,0.6,0.6,0.0,0.0,1.0,1.0,24900.0,G1A_57_H18
2024-02-24 00:00:00,1.0,-4.0,3.0,18.0,18.0,1.07,535.0,1533.0,42.0,0.74,0.68,33.6,30.7,0.6,0.6,0.0,0.0,1.0,1.0,24900.0,G1A_57_H18
2024-02-25 00:00:00,4.0,-2.0,4.0,18.0,7.0,1.18,590.0,245.0,42.0,0.74,0.64,33.1,30.2,0.6,0.6,0.0,0.0,1.0,1.0,24900.0,G1A_57_H18
2024-02-26 00:00:00,7.0,-2.0,5.0,13.0,0.0,1.37,685.0,197.0,42.0,0.7,0.63,32.2,29.9,0.6,0.6,0.0,0.0,1.0,1.0,24900.0,G1A_57_H18
2024-02-27 00:00:00,7.0,0.0,6.0,10.0,7.0,1.58,790.0,206.0,40.0,0.69,0.63,31.7,29.4,0.6,0.6,0.0,0.0,1.0,1.0,24900.0,G1A_57_H18
2024-02-28 00:00:00,5.0,2.0,7.0,20.0,2.0,1.63,815.0,184.0,40.0,0.7,0.63,31.5,30.0,0.6,0.6,0.0,0.0,1.0,1.0,24900.0,G1A_57_H18
2024-02-29 00:00:00,4.0,-1.0,8.0,23.0,173.0,1.83,915.0,224.0,40.0,0.73,0.65,31.5,28.9,0.58,0.6,0.0,0.0,1.0,1.0,24900.0,G1A_57_H18
2024-03-01 00:00:00,6.0,-1.0,9.0,5.0,6.0,1.45,725.0,186.0,20.0,0.79,0.67,31.5,29.0,0.57,0.58,0.0,0.0,1.0,1.0,24900.0,G1A_57_H18
2024-03-02 00:00:00,11.0,0.0,10.0,10.0,7.0,1.97,985.0,183.0,32.0,0.77,0.65,31.6,29.1,0.55,0.57,0.0,0.0,1.0,1.0,24900.0,G1A_57_H18
2024-03-03 00:00:00,14.0,3.0,11.0,10.0,3.0,2.67,1335.0,151.0,40.0,0.77,0.67,30.9,28.8,0.5,0.72,0.0,0.0,2.0,2.0,24900.0,G1A_57_H18
2024-03-04 00:00:00,10.0,7.0,12.0,10.0,6.0,2.8,1400.0,142.0,35.99999999998545,0.74,0.65,30.8,28.5,0.5,0.52,0.0,0.0,2.0,2.0,24900.0,G1A_57_H18
2024-03-05 00:00:00,9.0,5.0,13.0,3.0,3.0,2.87,1435.0,98.0,32.000000000007276,0.78,0.68,31.4,28.4,0.48,0.51,0.0,0.0,2.0,2.0,24900.0,G1A_57_H18
2024-03-06 00:00:00,10.0,0.0,14.0,4.0,4.0,3.28,1640.0,91.0,24.000000000014552,0.77,0.67,31.1,27.7,0.46,0.53,0.0,0.0,2.0,2.0,24900.0,G1A_57_H18
2024-03-07 00:00:00,14.0,1.0,15.0,11.0,4.0,3.46,1730.0,59.0,20.0,0.77,0.67,30.7,27.9,0.46,0.55,0.0,0.0,2.0,2.0,24900.0,G1A_57_H18
2024-03-08 00:00:00,12.0,0.0,16.0,5.0,4.0,3.6,1800.0,47.0,20.0,0.79,0.69,29.9,27.7,0.4,0.52,0.0,0.0,2.0,2.0,24900.0,G1A_57_H18
2024-03-09 00:00:00,12.0,2.0,17.0,2.0,8.0,3.86,1930.0,40.0,20.0,0.79,0.69,29.8,27.0,0.33,0.52,0.0,0.0,2.0,2.0,24900.0,G1A_57_H18
2024-03-10 00:00:00,16.0,5.0,18.0,5.0,18.0,4.11,2055.0,37.0,27.999999999992724,0.79,0.7,30.0,26.6,0.35,0.51,0.0,0.0,2.0,2.0,24900.0,G1A_57_H18
2024-03-11 00:00:00,21.0,6.0,19.0,4.0,9.0,4.5,2250.0,22.0,27.999999999992724,0.79,0.64,29.2,26.6,0.33,0.67,0.0,0.0,2.0,2.0,24900.0,G1A_57_H18
2024-03-12 00:00:00,16.0,4.0,20.0,2.0,9.0,5.01,2505.0,19.0,20.0,0.78,0.65,29.1,26.5,0.35,0.44,0.0,0.0,2.0,2.0,24900.0,G1A_57_H18
2024-03-13 00:00:00,16.0,7.0,21.0,4.0,10.0,5.12,2560.0,50.0,32.000000000007276,0.78,0.68,29.4,26.1,0.34,0.42,0.0,0.0,2.0,2.0,24900.0,G1A_57_H18
2024-03-14 00:00:00,16.0,5.0,22.0,2.0,10.0,5.43,2715.0,36.0,35.99999999998545,0.79,0.66,28.8,25.8,0.32,0.36,0.0,0.0,2.0,2.0,24900.0,G1A_57_H18
2024-03-15 00:00:00,19.0,7.0,23.0,5.0,7.0,5.57,2785.0,46.0,40.0,0.79,0.65,28.5,25.7,0.32,0.39,0.0,0.0,2.0,2.0,24900.0,G1A_57_H18
2024-03-16 00:00:00,22.0,10.0,24.0,1.0,6.0,5.93,2965.0,12.0,115.99999999998545,0.79,0.55,28.5,25.6,0.32,0.55,0.0,0.0,2.0,2.0,24900.0,G1A_57_H18
2024-03-17 00:00:00,12.0,5.0,25.0,15.0,7.0,5.9,2950.0,4.0,40.0,0.79,0.68,30.1,25.6,0.32,0.35,0.0,0.0,2.0,2.0,24900.0,G1A_57_H18
2024-03-18 00:00:00,11.0,4.0,26.0,4.0,3.0,6.62,3310.0,40.0,40.0,0.79,0.64,28.5,24.6,0.3,0.32,0.0,0.0,2.0,2.0,24900.0,G1A_57_H18
2024-03-19 00:00:00,17.0,3.0,27.0,5.0,10.0,6.07,3035.0,31.0,44.00000000001455,0.79,0.7,27.4,24.6,0.3,0.34,0.0,0.0,2.0,2.0,24900.0,G1A_57_H18
2024-03-20 00:00:00,18.0,5.0,28.0,3.0,7.0,5.84,2920.0,15.0,43.99999999997817,0.83,0.7,27.7,24.5,0.3,0.32,0.0,0.0,2.0,2.0,24900.0,G1A_57_H18
2024-03-21 00:00:00,24.0,9.0,29.0,10.0,24.0,6.13,3065.0,18.0,44.00000000001455,0.83,0.7,28.3,24.6,0.3,0.69,0.0,0.0,2.0,2.0,24900.0,G1A_57_H18
2024-03-22 00:00:00,26.0,14.0,30.0,18.0,60.0,7.02,3510.0,0.5,47.999999999992724,0.81,0.64,28.5,24.5,0.34,0.75,0.0,0.0,2.0,3.0,24900.0,G1A_57_H18
2024-03-23 00:00:00,19.0,12.0,31.0,65.0,40.0,6.83,3415.0,0.0,60.0,0.8,0.64,28.1,25.5,0.33,0.37,0.0,0.0,2.0,2.0,24900.0,G1A_57_H18
2024-03-24 00:00:00,17.0,10.0,32.0,100.0,110.0,5.75,2875.0,2.4,47.999999999992724,0.82,0.63,27.1,24.9,0.32,0.35,0.0,0.0,2.0,2.0,24900.0,G1A_57_H18
2024-03-25 00:00:00,11.0,5.0,33.0,500.0,0.0,5.43,2715.0,5.25,47.999999999992724,0.8,0.75,26.4,23.9,0.32,0.35,0.0,0.0,2.0,2.0,24900.0,G1A_57_H18
2024-03-26 00:00:00,15.0,8.0,34.0,495.0,0.0,5.38,2690.0,33.0,48.000000000029104,0.8,0.71,26.4,23.8,0.32,0.35,0.0,0.0,2.0,2.0,24900.0,G1A_57_H18
2024-03-27 00:00:00,15.0,10.0,35.0,0.0,0.0,5.63,2815.0,14.0,47.999999999992724,0.78,0.69,26.5,23.5,0.32,0.34,0.0,0.0,2.0,2.0,24900.0,G1A_57_H18
2024-02-20 00:00:00,0.0,-1.0,,,,,0.0,,,,,,,,,,,,,25600.0,G1A_57_H19
2024-02-21 00:00:00,0.0,-2.0,0.0,,,,0.0,,,,,,,,,,,,,25600.0,G1A_57_H19
2024-02-22 00:00:00,0.0,-4.0,1.0,18.0,5.0,0.68,340.0,0.0,40.0,0.57,0.46,35.2,33.3,0.6,0.6,0.0,0.0,1.0,1.0,25600.0,G1A_57_H19
2024-02-23 00:00:00,1.0,-2.0,2.0,11.0,14.0,0.88,440.0,0.0,40.0,0.59,0.53,34.5,32.5,0.6,0.6,0.0,0.0,1.0,1.0,25600.0,G1A_57_H19
2024-02-24 00:00:00,1.0,-4.0,3.0,12.0,5.0,1.1,550.0,1533.0,36.0,0.63,0.57,33.9,31.6,0.6,0.6,0.0,0.0,1.0,1.0,25600.0,G1A_57_H19
2024-02-25 00:00:00,4.0,-2.0,4.0,12.0,9.0,1.2,600.0,245.0,36.0,0.65,0.58,33.3,30.9,0.6,0.6,0.0,0.0,1.0,1.0,25600.0,G1A_57_H19
2024-02-26 00:00:00,7.0,-2.0,5.0,13.0,10.0,1.4,700.0,197.0,36.0,0.64,0.58,32.8,30.9,0.6,0.6,0.0,0.0,1.0,1.0,25600.0,G1A_57_H19
2024-02-27 00:00:00,7.0,0.0,6.0,19.0,8.0,1.62,810.0,206.0,35.99999999998545,0.65,0.58,32.0,30.3,0.6,0.6,0.0,0.0,1.0,1.0,25600.0,G1A_57_H19
2024-02-28 00:00:00,5.0,2.0,7.0,20.0,4.0,1.68,840.0,184.0,35.99999999998545,0.68,0.6,31.6,29.4,0.6,0.6,0.0,0.0,1.0,1.0,25600.0,G1A_57_H19
2024-02-29 00:00:00,4.0,-1.0,8.0,16.0,200.0,1.83,915.0,224.0,32.0,0.71,0.61,31.9,29.4,0.58,0.6,0.0,0.0,1.0,1.0,25600.0,G1A_57_H19
2024-03-01 00:00:00,6.0,-1.0,9.0,20.0,2.0,1.61,805.0,186.0,43.99999999997817,0.8,0.7,31.6,29.2,0.57,0.58,0.0,0.0,1.0,1.0,25600.0,G1A_57_H19
2024-03-02 00:00:00,11.0,0.0,10.0,20.0,8.0,2.11,1055.0,183.0,36.0,0.79,0.68,31.8,29.4,0.55,0.57,0.0,0.0,1.0,1.0,25600.0,G1A_57_H19
2024-03-03 00:00:00,14.0,3.0,11.0,20.0,3.0,2.53,1265.0,151.0,36.0,0.81,0.7,31.6,30.0,0.53,0.72,0.0,0.0,2.0,2.0,25600.0,G1A_57_H19
2024-03-04 00:00:00,10.0,7.0,12.0,15.0,30.0,2.94,1470.0,142.0,40.0,0.78,0.68,31.0,28.7,0.52,0.53,0.0,0.0,2.0,2.0,25600.0,G1A_57_H19
2024-03-05 00:00:00,9.0,5.0,13.0,28.0,8.0,3.27,1635.0,98.0,24.000000000014552,0.81,0.73,30.9,28.8,0.51,0.52,0.0,0.0,2.0,2.0,25600.0,G1A_57_H19
2024-03-06 00:00:00,10.0,0.0,14.0,20.0,19.0,3.5,1750.0,91.0,23.999999999978172,0.8,0.69,30.2,28.1,0.49,0.53,0.0,0.0,2.0,2.0,25600.0,G1A_57_H19
2024-03-07 00:00:00,14.0,1.0,15.0,15.0,22.0,3.79,1895.0,59.0,16.000000000021828,0.8,0.69,29.7,28.2,0.48,0.55,0.0,0.0,2.0,2.0,25600.0,G1A_57_H19
2024-03-08 00:00:00,12.0,0.0,16.0,10.0,102.0,3.96,1980.0,47.0,23.999999999978172,0.79,0.69,29.6,27.7,0.43,0.53,0.0,0.0,2.0,2.0,25600.0,G1A_57_H19
2024-03-09 00:00:00,12.0,2.0,17.0,10.0,45.0,4.34,2170.0,40.0,27.999999999992724,0.79,0.64,29.1,27.4,0.39,0.52,0.0,0.0,2.0,2.0,25600.0,G1A_57_H19
2024-03-10 00:00:00,16.0,5.0,18.0,6.0,31.0,4.47,2235.0,37.0,28.000000000029104,0.78,0.63,29.0,27.0,0.4,0.53,0.0,0.0,2.0,2.0,25600.0,G1A_57_H19
2024-03-11 00:00:00,21.0,6.0,19.0,6.0,20.0,5.01,2505.0,22.0,28.000000000029104,0.78,0.58,28.9,26.6,0.4,0.7,0.0,0.0,2.0,2.0,25600.0,G1A_57_H19
2024-03-12 00:00:00,16.0,4.0,20.0,9.0,38.0,5.23,2615.0,19.0,44.00000000001455,0.73,0.56,28.9,26.6,0.44,0.54,0.0,0.0,2.0,2.0,25600.0,G1A_57_H19
2024-03-13 00:00:00,16.0,7.0,21.0,6.0,20.0,5.68,2840.0,50.0,35.99999999998545,0.73,0.59,28.5,26.2,0.38,0.48,0.0,0.0,2.0,2.0,25600.0,G1A_57_H19
2024-03-14 00:00:00,16.0,5.0,22.0,5.0,20.0,5.89,2945.0,36.0,44.00000000001455,0.75,0.5,28.2,26.0,0.43,0.56,0.0,0.0,2.0,2.0,25600.0,G1A_57_H19
2024-03-15 00:00:00,19.0,7.0,23.0,6.0,15.0,6.26,3130.0,46.0,35.99999999998545,0.77,0.63,28.5,25.8,0.35,0.45,0.0,0.0,2.0,2.0,25600.0,G1A_57_H19
2024-03-16 00:00:00,22.0,10.0,24.0,20.0,4.0,6.35,3175.0,12.0,104.00000000001455,0.76,0.62,28.7,25.8,0.43,0.58,0.0,0.0,2.0,2.0,25600.0,G1A_57_H19
2024-03-17 00:00:00,12.0,5.0,25.0,5.0,7.0,6.4,3200.0,4.0,83.99999999997817,0.79,0.63,29.5,26.2,0.46,0.49,0.0,0.0,2.0,2.0,25600.0,G1A_57_H19
2024-03-18 00:00:00,11.0,4.0,26.0,21.0,8.0,6.52,3260.0,40.0,40.0,0.74,0.57,28.9,25.1,0.33,0.36,0.0,0.0,2.0,2.0,25600.0,G1A_57_H19
2024-03-19 00:00:00,17.0,3.0,27.0,7.0,13.0,7.44,3720.0,31.0,47.999999999992724,0.74,0.58,27.8,24.9,0.3,0.43,0.0,0.0,2.0,2.0,25600.0,G1A_57_H19
2024-03-20 00:00:00,18.0,5.0,28.0,10.0,69.0,7.53,3765.0,15.0,52.000000000007276,0.72,0.55,28.6,24.9,0.34,0.42,0.0,0.0,2.0,2.0,25600.0,G1A_57_H19
2024-03-21 00:00:00,24.0,9.0,29.0,10.0,248.0,7.38,3690.0,18.0,56.00000000002183,0.72,0.54,29.2,25.5,0.4,0.72,0.0,0.0,2.0,2.0,25600.0,G1A_57_H19
2024-03-22 00:00:00,26.0,14.0,30.0,20.0,220.0,7.55,3775.0,0.5,67.99999999999272,0.75,0.47,30.0,25.5,0.45,1.01,0.0,0.0,2.0,3.0,25600.0,G1A_57_H19
2024-03-23 00:00:00,19.0,12.0,31.0,14.0,280.0,7.6,3800.0,0.0,75.99999999998545,0.71,0.52,29.1,26.7,0.38,0.43,0.0,0.0,2.0,2.0,25600.0,G1A_57_H19
2024-03-24 00:00:00,17.0,10.0,32.0,15.0,180.0,7.04,3520.0,2.4,12.000000000007276,0.77,0.65,27.4,25.9,0.36,0.41,0.0,0.0,2.0,2.0,25600.0,G1A_57_H19
2024-03-25 00:00:00,11.0,5.0,33.0,180.0,0.0,6.78,3390.0,5.25,112.00000000000728,0.75,0.69,27.5,24.9,0.33,0.4,0.0,0.0,2.0,2.0,25600.0,G1A_57_H19
2024-03-26 00:00:00,15.0,8.0,34.0,120.0,0.0,7.02,3510.0,33.0,55.99999999998545,0.75,0.68,27.5,24.4,0.33,0.43,0.0,0.0,2.0,2.0,25600.0,G1A_57_H19
2024-03-27 00:00:00,15.0,10.0,35.0,13.0,0.0,7.25,3625.0,14.0,64.00000000001455,0.75,0.64,26.5,24.3,0.34,0.4.3,0.0,0.0,2.0,2.0,25600.0,G1A_57_H19
2024-02-20 00:00:00,0.0,-1.0,,,,,0.0,,,,,,,,,,,,,24900.0,G1A_57_H20
2024-02-21 00:00:00,0.0,-2.0,0.0,,,,0.0,,,,,,,,,,,,,24900.0,G1A_57_H20
2024-02-22 00:00:00,0.0,-4.0,1.0,17.0,8.0,0.66,330.0,0.0,40.0,0.6,0.55,34.2,32.1,0.6,0.6,0.0,0.0,1.0,1.0,24900.0,G1A_57_H20
2024-02-23 00:00:00,1.0,-2.0,2.0,9.0,16.0,0.8,400.0,0.0,40.0,0.62,0.57,33.5,31.3,0.6,0.6,0.0,0.0,1.0,1.0,24900.0,G1A_57_H20
2024-02-24 00:00:00,1.0,-4.0,3.0,15.0,0.0,1.07,535.0,1533.0,36.0,0.63,0.59,32.9,31.1,0.6,0.6,0.0,0.0,1.0,1.0,24900.0,G1A_57_H20
2024-02-25 00:00:00,4.0,-2.0,4.0,15.0,13.0,1.17,585.0,245.0,36.0,0.65,0.57,32.6,30.1,0.6,0.6,0.0,0.0,1.0,1.0,24900.0,G1A_57_H20
2024-02-26 00:00:00,7.0,-2.0,5.0,10.0,2.0,1.37,685.0,197.0,36.0,0.64,0.56,32.2,29.8,0.6,0.6,0.0,0.0,1.0,1.0,24900.0,G1A_57_H20
2024-02-27 00:00:00,7.0,0.0,6.0,14.0,10.0,1.58,790.0,206.0,24.000000000014552,0.64,0.56,31.6,29.1,0.6,0.6,0.0,0.0,1.0,1.0,24900.0,G1A_57_H20
2024-02-28 00:00:00,5.0,2.0,7.0,13.0,5.0,1.74,870.0,185.0,40.0,0.63,0.57,31.1,28.7,0.6,0.6,0.0,0.0,1.0,1.0,24900.0,G1A_57_H20
2024-02-29 00:00:00,4.0,-1.0,8.0,14.0,190.0,1.77,885.0,224.0,40.0,0.65,0.58,31.3,29.0,0.58,0.6,0.0,0.0,1.0,1.0,24900.0,G1A_57_H20
2024-03-01 00:00:00,6.0,-1.0,9.0,20.0,8.0,1.59,795.0,186.0,32.000000000007276,0.75,0.63,32.0,28.9,0.57,0.58,0.0,0.0,1.0,1.0,24900.0,G1A_57_H20
2024-03-02 00:00:00,11.0,0.0,10.0,10.0,6.0,2.02,1010.0,183.0,32.000000000007276,0.74,0.64,31.7,29.2,0.55,0.57,0.0,0.0,1.0,1.0,24900.0,G1A_57_H20
2024-03-03 00:00:00,14.0,3.0,11.0,10.0,4.0,2.36,1180.0,151.0,32.0,0.76,0.66,31.5,29.2,0.5,0.72,0.0,0.0,2.0,2.0,24900.0,G1A_57_H20
2024-03-04 00:00:00,10.0,7.0,12.0,11.0,18.0,2.75,1375.0,143.0,32.0,0.72,0.64,31.1,28.6,0.5,0.52,0.0,0.0,2.0,2.0,24900.0,G1A_57_H20
2024-03-05 00:00:00,9.0,5.0,13.0,10.0,6.0,3.01,1505.0,99.0,31.999999999970896,0.74,0.68,31.0,28.6,0.48,0.51,0.0,0.0,2.0,2.0,24900.0,G1A_57_H20
2024-03-06 00:00:00,10.0,0.0,14.0,10.0,5.0,3.37,1685.0,91.0,20.0,0.75,0.69,30.8,28.1,0.46,0.53,0.0,0.0,2.0,2.0,24900.0,G1A_57_H20
2024-03-07 00:00:00,14.0,1.0,15.0,2.0,12.0,3.5,1750.0,59.0,20.0,0.75,0.67,30.3,27.5,0.46,0.55,0.0,0.0,2.0,2.0,24900.0,G1A_57_H20
2024-03-08 00:00:00,12.0,0.0,16.0,6.0,10.0,3.63,1815.0,48.0,20.0,0.75,0.68,30.0,27.3,0.4,0.52,0.0,0.0,2.0,2.0,24900.0,G1A_57_H20
2024-03-09 00:00:00,12.0,2.0,17.0,4.0,10.0,4.13,2065.0,41.0,24.000000000014552,0.75,0.66,29.4,27.2,0.33,0.52,0.0,0.0,2.0,2.0,24900.0,G1A_57_H20
2024-03-10 00:00:00,16.0,5.0,18.0,3.0,9.0,4.36,2180.0,38.0,24.000000000014552,0.75,0.67,29.1,26.9,0.35,0.51,0.0,0.0,2.0,2.0,24900.0,G1A_57_H20
2024-03-11 00:00:00,21.0,6.0,19.0,5.0,6.0,4.52,2260.0,22.0,24.000000000014552,0.75,0.62,29.1,26.9,0.33,0.67,0.0,0.0,2.0,2.0,24900.0,G1A_57_H20
2024-03-12 00:00:00,16.0,4.0,20.0,5.0,14.0,4.94,2470.0,19.0,27.999999999992724,0.75,0.58,29.0,26.8,0.35,0.44,0.0,0.0,2.0,2.0,24900.0,G1A_57_H20
2024-03-13 00:00:00,16.0,7.0,21.0,2.0,15.0,5.13,2565.0,50.0,36.00000000002183,0.74,0.62,28.6,26.3,0.34,0.42,0.0,0.0,2.0,2.0,24900.0,G1A_57_H20
2024-03-14 00:00:00,16.0,5.0,22.0,3.0,19.0,5.25,2625.0,36.0,32.000000000007276,0.74,0.57,29.2,26.0,0.32,0.36,0.0,0.0,2.0,2.0,24900.0,G1A_57_H20
2024-03-15 00:00:00,19.0,7.0,23.0,6.0,20.0,5.8,2900.0,46.0,35.99999999998545,0.76,0.69,28.4,25.9,0.32,0.39,0.0,0.0,2.0,2.0,24900.0,G1A_57_H20
2024-03-16 00:00:00,22.0,10.0,24.0,23.0,8.0,6.2,3100.0,12.0,107.99999999999272,0.76,0.62,28.4,25.8,0.32,0.55,0.0,0.0,2.0,2.0,24900.0,G1A_57_H20
2024-03-17 00:00:00,12.0,5.0,25.0,40.0,8.0,6.02,3010.0,4.0,40.0,0.76,0.65,30.0,26.0,0.32,0.35,0.0,0.0,2.0,2.0,24900.0,G1A_57_H20
2024-03-18 00:00:00,11.0,4.0,26.0,20.0,7.0,6.47,3235.0,40.0,40.0,0.75,0.62,28.6,25.0,0.3,0.32,0.0,0.0,2.0,2.0,24900.0,G1A_57_H20
2024-03-19 00:00:00,17.0,3.0,27.0,3.0,7.0,6.53,3265.0,31.0,35.99999999998545,0.73,0.64,27.3,24.8,0.3,0.34,0.0,0.0,2.0,2.0,24900.0,G1A_57_H20
2024-03-20 00:00:00,18.0,5.0,28.0,3.0,8.0,6.73,3365.0,15.0,44.00000000001455,0.73,0.57,28.4,24.8,0.3,0.32,0.0,0.0,2.0,2.0,24900.0,G1A_57_H20
2024-03-21 00:00:00,24.0,9.0,29.0,8.0,6.0,6.81,3405.0,18.0,44.00000000001455,0.74,0.56,28.9,25.2,0.3,0.69,0.0,0.0,2.0,2.0,24900.0,G1A_57_H20
2024-03-22 00:00:00,26.0,14.0,30.0,5.0,4.0,7.13,3565.0,0.5,51.999999999970896,0.75,0.49,30.0,24.9,0.34,0.75,0.0,0.0,2.0,3.0,24900.0,G1A_57_H20
2024-03-23 00:00:00,19.0,12.0,31.0,8.0,60.0,7.67,3835.0,0.0,68.0000000000291,0.73,0.52,28.1,25.9,0.33,0.37,0.0,0.0,2.0,2.0,24900.0,G1A_57_H20
2024-03-24 00:00:00,17.0,10.0,32.0,12.0,40.0,7.4,3700.0,2.4,40.0,0.76,0.68,27.1,24.9,0.32,0.35,0.0,0.0,2.0,2.0,24900.0,G1A_57_H20
2024-03-25 00:00:00,11.0,5.0,33.0,13.0,105.0,7.29,3645.0,5.25,63.99999999997817,0.75,0.72,26.5,23.9,0.32,0.35,0.0,0.0,2.0,2.0,24900.0,G1A_57_H20
2024-03-26 00:00:00,15.0,8.0,34.0,177.0,0.0,7.22,3610.0,33.0,52.000000000007276,0.75,0.69,26.5,23.7,0.32,0.35,0.0,0.0,2.0,2.0,24900.0,G1A_57_H20
2024-03-27 00:00:00,15.0,10.0,35.0,200.0,0.0,6.49,3245.0,14.0,52.000000000007276,0.74,0.63,26.3,23.5,0.32,0.34,0.0,0.0,2.0,2.0,24900.0,G1A_57_H20
2024-02-07 00:00:00,4.0,-4.0,1.0,9.0,0.0,0.74,370.0,576.0,40.0,0.54,0.45,35.5,34.0,0.6,0.65,0.0,0.0,1.0,1.0,30000.0,G07_59_H1
2024-02-08 00:00:00,7.0,-4.0,2.0,11.0,2.0,1.05,525.0,320.0,40.0,0.58,0.52,35.2,33.7,0.6,0.62,0.0,0.0,1.0,1.0,30000.0,G07_59_H1
2024-02-09 00:00:00,10.0,-1.0,3.0,10.0,15.0,1.08,540.0,247.75,40.0,0.61,0.56,34.3,33.0,0.6,0.64,0.0,0.0,1.0,1.0,30000.0,G07_59_H1
2024-02-10 00:00:00,15.0,0.0,4.0,12.0,13.0,1.3,650.0,258.3,60.0,0.68,0.61,33.8,32.2,0.6,0.65,0.0,0.0,1.0,1.0,30000.0,G07_59_H1
2024-02-11 00:00:00,15.0,1.0,5.0,7.0,21.0,1.5,750.0,217.5,64.00000000001455,0.7,0.64,33.0,31.2,0.58,0.62,0.0,0.0,1.0,1.0,30000.0,G07_59_H1
2024-02-12 00:00:00,18.0,4.0,6.0,9.0,19.0,1.7,850.0,230.1,75.99999999998545,0.7,0.64,32.2,30.4,0.64,0.76,0.0,0.0,1.0,1.0,30000.0,G07_59_H1
2024-02-13 00:00:00,20.0,6.0,7.0,7.0,14.0,1.72,860.0,213.4,47.999999999992724,0.75,0.68,31.4,29.9,0.54,0.75,0.0,0.0,1.0,1.0,30000.0,G07_59_H1
2024-02-14 00:00:00,22.0,4.0,8.0,19.0,175.0,1.92,960.0,213.4,52.000000000007276,0.75,0.67,31.2,29.5,0.57,0.77,0.0,0.0,1.0,1.0,30000.0,G07_59_H1
2024-02-15 00:00:00,7.0,-2.0,9.0,24.0,18.0,1.99,995.0,149.0,44.00000000001455,0.75,0.67,31.2,29.5,0.55,0.7,0.0,0.0,1.0,1.0,30000.0,G07_59_H1
2024-02-16 00:00:00,10.0,1.0,10.0,3.0,8.0,2.36,1180.0,245.75,40.0,0.75,0.62,30.7,28.8,0.55,0.65,0.0,0.0,1.0,1.0,30000.0,G07_59_H1
2024-02-17 00:00:00,17.0,3.0,11.0,5.0,15.0,2.82,1410.0,202.4,52.000000000007276,0.79,0.65,30.8,29.0,0.53,0.7,0.0,0.0,1.0,1.0,30000.0,G07_59_H1
2024-02-18 00:00:00,23.0,13.0,12.0,2.0,6.0,3.38,1690.0,96.1,52.000000000007276,0.85,0.74,30.4,29.0,0.6,0.72,0.0,0.0,1.0,1.0,30000.0,G07_59_H1
2024-02-19 00:00:00,13.0,3.0,13.0,6.0,9.0,3.69,1845.0,63.0,52.000000000007276,0.84,0.78,30.3,28.0,0.5,0.65,0.0,0.0,1.0,1.0,30000.0,G07_59_H1
2024-02-20 00:00:00,3.0,0.0,14.0,4.0,13.0,3.9,1950.0,265.75,55.99999999998545,0.78,0.64,29.6,27.2,0.47,0.58,0.0,0.0,1.0,1.0,30000.0,G07_59_H1
2024-02-21 00:00:00,0.0,-1.0,15.0,5.0,30.0,4.21,2105.0,298.0,50.0,0.78,0.66,28.7,26.9,0.45,0.55,0.0,0.0,1.0,1.0,30000.0,G07_59_H1
2024-02-22 00:00:00,0.0,-4.0,16.0,4.0,34.0,4.54,2270.0,275.0,50.0,0.88,0.66,28.7,26.9,0.45,0.52,0.0,0.0,1.3,1.3,30000.0,G07_59_H1
2024-02-23 00:00:00,1.0,-2.0,17.0,6.0,45.0,4.89,2445.0,262.8,54.00000000001455,0.88,0.72,28.8,26.5,0.45,0.5,0.0,0.0,1.3,1.3,30000.0,G07_59_H1
2024-02-24 00:00:00,1.0,-3.0,18.0,5.0,30.0,5.14,2570.0,244.8,54.00000000001455,0.81,0.69,28.0,26.4,0.45,0.5,0.0,0.0,1.3,1.3,30000.0,G07_59_H1
2024-02-25 00:00:00,5.0,-1.0,19.0,6.0,22.0,5.48,2740.0,216.0,40.0,0.83,0.72,27.7,26.0,0.45,0.52,0.0,0.0,1.3,1.3,30000.0,G07_59_H1
2024-02-26 00:00:00,7.0,-2.0,20.0,5.0,35.0,5.66,2830.0,170.0,40.0,0.83,0.71,27.3,25.8,0.43,0.47,0.0,0.0,1.3,1.3,30000.0,G07_59_H1
2024-02-27 00:00:00,7.0,0.0,21.0,3.0,29.0,5.86,2930.0,145.75,37.999999999992724,0.8,0.7,27.1,25.2,0.43,0.47,0.0,0.0,1.3,1.5,30000.0,G07_59_H1
2024-02-28 00:00:00,5.0,2.0,22.0,5.0,27.0,6.35,3175.0,134.4,37.999999999992724,0.8,0.7,27.1,25.2,0.45,0.52,0.0,0.0,1.5,1.5,30000.0,G07_59_H1
2024-02-29 00:00:00,5.0,-2.0,23.0,4.0,31.0,6.76,3380.0,160.9,35.99999999998545,0.84,0.74,26.7,24.9,0.42,0.47,0.0,0.0,1.5,1.5,30000.0,G07_59_H1
2024-03-01 00:00:00,6.0,-1.0,24.0,5.0,16.0,6.42,3210.0,166.0,35.99999999998545,0.81,0.71,26.7,24.8,0.35,0.42,0.0,0.0,1.5,1.5,30000.0,G07_59_H1
2024-03-02 00:00:00,11.0,0.0,25.0,3.0,19.0,7.03,3515.0,125.0,35.99999999998545,0.86,0.74,26.3,24.7,0.38,0.52,0.0,0.0,1.5,1.5,30000.0,G07_59_H1
2024-03-03 00:00:00,14.0,3.0,26.0,10.0,20.0,7.74,3870.0,78.4,37.999999999992724,0.89,0.78,26.7,24.6,0.38,0.49,0.0,0.0,1.5,1.5,30000.0,G07_59_H1
2024-03-04 00:00:00,10.0,7.0,27.0,8.0,8.0,8.25,4125.0,21.0,40.0,0.85,0.8,26.8,24.8,0.38,0.45,0.0,0.0,1.5,1.5,30000.0,G07_59_H1
2024-03-05 00:00:00,9.0,5.0,28.0,10.0,11.0,8.22,4110.0,9.75,42.000000000007276,0.87,0.82,26.3,24.3,0.35,0.43,0.0,0.0,1.5,1.7,30000.0,G07_59_H1
2024-03-06 00:00:00,10.0,0.0,29.0,27.0,14.0,8.1,4050.0,57.0,40.0,0.84,0.77,25.2,23.5,0.35,0.42,0.0,0.0,1.7,1.7,30000.0,G07_59_H1
2024-03-07 00:00:00,14.0,1.0,30.0,15.0,12.0,7.7,3850.0,94.9,40.0,0.83,0.69,25.3,23.1,0.34,0.54,0.0,0.0,1.7,1.7,30000.0,G07_59_H1
2024-03-08 00:00:00,13.0,0.0,31.0,10.0,5.0,8.45,4225.0,49.0,44.00000000001455,0.83,0.71,24.9,22.6,0.34,0.54,0.0,0.0,1.7,1.7,30000.0,G07_59_H1
2024-03-09 00:00:00,12.0,2.0,32.0,12.0,10.0,9.12,4560.0,67.8,44.00000000001455,0.82,0.71,24.8,22.6,0.3,0.5,0.0,0.0,1.7,1.7,30000.0,G07_59_H1
2024-03-10 00:00:00,16.0,5.0,33.0,20.0,12.0,9.39,4695.0,74.4,40.0,0.83,0.72,24.4,22.2,0.3,0.47,0.0,0.0,1.7,1.7,30000.0,G07_59_H1
2024-03-11 00:00:00,21.0,6.0,34.0,35.0,9.0,9.45,4725.0,16.4,40.0,0.81,0.61,27.1,22.3,0.35,0.9,0.0,0.0,1.7,3.0,30000.0,G07_59_H1
2024-03-12 00:00:00,16.0,4.0,35.0,57.0,8.0,9.86,4930.0,7.75,42.000000000007276,0.83,0.68,24.4,21.8,0.35,0.86,0.0,0.0,2.0,3.0,30000.0,G07_59_H1
2024-03-13 00:00:00,16.0,7.0,36.0,52.0,0.0,9.18,4590.0,71.6,42.000000000007276,0.81,0.62,23.5,20.4,0.43,0.86,0.0,0.0,2.0,3.0,30000.0,G07_59_H1
2024-03-14 00:00:00,16.0,5.0,37.0,70.0,0.0,8.73,4365.0,7.25,42.000000000007276,0.81,0.73,22.8,20.4,0.45,0.7,0.0,0.0,2.0,2.0,30000.0,G07_59_H1
2024-03-15 00:00:00,20.0,4.0,38.0,0.0,0.0,0.0,0.0,0.0,0.0,0.0,0.0,0.0,0.0,0.0,0.0,0.0,0.0,0.0,0.0,30000.0,G07_59_H1
2024-02-07 00:00:00,4.0,-4.0,0.0,,,,0.0,576.0,,,,,,,,,,,,29000.0,G07_59_H2
2024-02-08 00:00:00,7.0,-4.0,1.0,15.0,0.0,0.74,370.0,320.0,40.0,0.59,0.54,34.8,33.1,0.6,0.62,0.0,0.0,1.0,1.0,29000.0,G07_59_H2
2024-02-09 00:00:00,10.0,-1.0,2.0,12.0,17.0,0.82,410.0,247.75,40.0,0.66,0.61,34.2,32.4,0.6,0.64,0.0,0.0,1.0,1.0,29000.0,G07_59_H2
2024-02-10 00:00:00,15.0,0.0,3.0,16.0,34.0,1.05,525.0,258.3,60.0,0.69,0.63,33.5,31.7,0.6,0.65,0.0,0.0,1.0,1.0,29000.0,G07_59_H2
2024-02-11 00:00:00,15.0,1.0,4.0,8.0,29.0,1.3,650.0,217.5,64.00000000001455,0.76,0.66,32.7,31.2,0.58,0.62,0.0,0.0,1.0,1.0,29000.0,G07_59_H2
2024-02-12 00:00:00,18.0,4.0,5.0,7.0,31.0,1.6,800.0,230.1,75.99999999998545,0.7,0.63,32.0,30.3,0.64,0.76,0.0,0.0,1.0,1.0,29000.0,G07_59_H2
2024-02-13 00:00:00,20.0,6.0,6.0,6.0,25.0,1.78,890.0,213.4,47.999999999992724,0.74,0.66,31.1,29.4,0.54,0.75,0.0,0.0,1.0,1.0,29000.0,G07_59_H2
2024-02-14 00:00:00,22.0,4.0,7.0,8.0,12.0,2.1,1050.0,213.4,52.000000000007276,0.79,0.7,30.5,29.0,0.57,0.77,0.0,0.0,1.0,1.0,29000.0,G07_59_H2
2024-02-15 00:00:00,7.0,-2.0,8.0,18.0,242.0,2.32,1160.0,149.0,44.00000000001455,0.79,0.7,30.5,29.0,0.55,0.7,0.0,0.0,1.0,1.0,29000.0,G07_59_H2
2024-02-16 00:00:00,10.0,1.0,9.0,18.0,19.0,2.35,1175.0,245.75,40.0,0.77,0.64,30.2,28.1,0.55,0.65,0.0,0.0,1.0,1.0,29000.0,G07_59_H2
2024-02-17 00:00:00,17.0,3.0,10.0,2.0,5.0,2.8,1400.0,202.4,52.000000000007276,0.82,0.66,30.1,28.3,0.53,0.7,0.0,0.0,1.0,1.0,29000.0,G07_59_H2
2024-02-18 00:00:00,23.0,13.0,11.0,3.0,8.0,3.54,1770.0,96.1,83.99999999997817,0.88,0.74,29.8,28.2,0.6,0.72,0.0,0.0,1.0,1.0,29000.0,G07_59_H2
2024-02-19 00:00:00,13.0,3.0,12.0,4.0,10.0,3.97,1985.0,63.0,52.000000000007276,0.89,0.81,29.4,27.6,0.5,0.65,0.0,0.0,1.0,1.0,29000.0,G07_59_H2
2024-02-20 00:00:00,3.0,0.0,13.0,5.0,20.0,4.17,2085.0,265.75,55.99999999998545,0.84,0.67,29.1,26.9,0.47,0.58,0.0,0.0,1.0,1.0,29000.0,G07_59_H2
2024-02-21 00:00:00,0.0,-1.0,14.0,5.0,12.0,4.45,2225.0,298.0,50.0,0.84,0.67,28.3,26.6,0.45,0.55,0.0,0.0,1.0,1.0,29000.0,G07_59_H2
2024-02-22 00:00:00,0.0,-4.0,15.0,6.0,16.0,4.78,2390.0,275.0,50.0,0.87,0.68,28.4,26.5,0.45,0.52,0.0,0.0,1.3,1.3,29000.0,G07_59_H2
2024-02-23 00:00:00,1.0,-2.0,16.0,3.0,31.0,4.98,2490.0,262.8,54.00000000001455,0.91,0.73,28.4,26.2,0.45,0.5,0.0,0.0,1.3,1.3,29000.0,G07_59_H2
2024-02-24 00:00:00,1.0,-3.0,17.0,4.0,31.0,5.22,2610.0,244.8,54.00000000001455,0.9,0.71,27.7,26.2,0.45,0.5,0.0,0.0,1.3,1.3,29000.0,G07_59_H2
2024-02-25 00:00:00,5.0,-1.0,18.0,2.0,18.0,5.67,2835.0,216.0,40.0,0.9,0.74,27.2,25.8,0.45,0.52,0.0,0.0,1.3,1.3,29000.0,G07_59_H2
2024-02-26 00:00:00,7.0,-2.0,19.0,4.0,15.0,5.84,2920.0,170.0,40.0,0.9,0.74,26.8,25.5,0.43,0.47,0.0,0.0,1.3,1.3,29000.0,G07_59_H2
2024-02-27 00:00:00,7.0,0.0,20.0,2.0,21.0,6.1,3050.0,145.75,37.999999999992724,0.9,0.73,26.7,24.9,0.43,0.47,0.0,0.0,1.3,1.5,29000.0,G07_59_H2
2024-02-28 00:00:00,5.0,2.0,21.0,1.0,19.0,6.49,3245.0,134.4,37.999999999992724,0.9,0.73,26.7,24.9,0.45,0.52,0.0,0.0,1.5,1.5,29000.0,G07_59_H2
2024-02-29 00:00:00,5.0,-2.0,22.0,4.0,22.0,6.78,3390.0,160.9,35.99999999998545,0.9,0.74,26.1,24.4,0.45,0.49,0.0,0.0,1.5,1.5,29000.0,G07_59_H2
2024-03-01 00:00:00,6.0,-1.0,23.0,3.0,14.0,7.47,3735.0,166.0,35.99999999998545,0.87,0.74,25.8,24.0,0.4,0.45,0.0,0.0,1.5,1.5,29000.0,G07_59_H2
2024-03-02 00:00:00,11.0,0.0,24.0,4.0,6.0,7.62,3810.0,125.0,35.99999999998545,0.89,0.74,25.7,23.8,0.42,0.55,0.0,0.0,1.5,1.5,29000.0,G07_59_H2
2024-03-03 00:00:00,14.0,3.0,25.0,5.0,9.0,7.6,3800.0,78.6,37.999999999992724,0.91,0.76,25.8,24.1,0.4,0.5,0.0,0.0,1.5,1.5,29000.0,G07_59_H2
2024-03-04 00:00:00,10.0,7.0,26.0,4.0,16.0,8.15,4075.0,21.0,40.0,0.91,0.82,26.2,24.1,0.38,0.45,0.0,0.0,1.5,1.5,29000.0,G07_59_H2
2024-03-05 00:00:00,9.0,5.0,27.0,13.0,17.0,8.08,4040.0,9.75,42.000000000007276,0.92,0.87,26.2,23.6,0.35,0.43,0.0,0.0,1.5,1.7,29000.0,G07_59_H2
2024-03-06 00:00:00,10.0,0.0,28.0,20.0,27.0,8.1,4050.0,57.0,40.0,0.9,0.81,24.9,23.0,0.37,0.44,0.0,0.0,1.7,1.7,29000.0,G07_59_H2
2024-03-07 00:00:00,14.0,1.0,29.0,20.0,20.0,8.61,4305.0,94.9,40.0,0.92,0.73,24.9,22.8,0.32,0.54,0.0,0.0,1.7,1.7,29000.0,G07_59_H2
2024-03-08 00:00:00,13.0,0.0,30.0,11.0,32.0,8.25,4125.0,49.0,44.00000000001455,0.91,0.75,24.6,22.3,0.34,0.54,0.0,0.0,1.7,1.7,29000.0,G07_59_H2
2024-03-09 00:00:00,12.0,2.0,31.0,15.0,27.0,9.2,4600.0,67.8,44.00000000001455,0.91,0.75,24.3,22.0,0.3,0.5,0.0,0.0,1.7,1.7,29000.0,G07_59_H2
2024-03-10 00:00:00,16.0,5.0,32.0,32.0,34.0,9.26,4630.0,74.4,40.0,0.92,0.77,24.6,21.8,0.3,0.47,0.0,0.0,1.7,1.7,29000.0,G07_59_H2
2024-03-11 00:00:00,21.0,6.0,33.0,53.0,16.0,9.08,4540.0,16.6,40.0,0.89,0.73,26.8,22.3,0.35,0.9,0.0,0.0,1.7,3.0,29000.0,G07_59_H2
2024-03-12 00:00:00,16.0,4.0,34.0,78.0,42.0,9.45,4725.0,7.75,42.000000000007276,0.91,0.73,24.5,21.6,0.35,0.86,0.0,0.0,2.0,3.0,29000.0,G07_59_H2
2024-03-13 00:00:00,16.0,7.0,35.0,115.0,0.0,8.86,4430.0,71.6,42.000000000007276,0.9,0.66,24.0,20.5,0.43,0.86,0.0,0.0,2.0,3.0,29000.0,G07_59_H2
2024-03-14 00:00:00,16.0,5.0,36.0,135.0,0.0,9.04,4520.0,7.25,42.000000000007276,0.93,0.83,23.0,20.6,0.45,0.7,0.0,0.0,2.0,2.0,29000.0,G07_59_H2
2024-03-15 00:00:00,20.0,4.0,37.0,130.0,0.0,8.43,4215.0,101.8,42.000000000007276,0.92,0.83,22.3,19.3,0.45,6.0,0.0,0.0,2.0,2.0,29000.0,G07_59_H2
2024-02-07 00:00:00,4.0,-4.0,1.0,8.0,0.0,0.7,350.0,576.0,40.0,0.61,0.52,35.3,33.7,0.6,0.65,0.0,0.0,1.0,1.0,30000.0,G07_59_H3
2024-02-08 00:00:00,7.0,-4.0,2.0,10.0,12.0,1.0,500.0,320.0,40.0,0.64,0.57,35.3,33.6,0.6,0.62,0.0,0.0,1.0,1.0,30000.0,G07_59_H3
2024-02-09 00:00:00,10.0,-1.0,3.0,13.0,27.0,1.05,525.0,247.75,40.0,0.66,0.58,34.5,32.7,0.6,0.64,0.0,0.0,1.0,1.0,30000.0,G07_59_H3
2024-02-10 00:00:00,15.0,0.0,4.0,15.0,37.0,1.3,650.0,258.3,60.0,0.73,0.63,33.8,32.0,0.6,0.65,0.0,0.0,1.0,1.0,30000.0,G07_59_H3
2024-02-11 00:00:00,15.0,1.0,5.0,12.0,24.0,1.5,750.0,217.6,63.999999999999986,0.74,0.66,33.0,31.1,0.58,0.62,0.0,0.0,1.0,1.0,30000.0,G07_59_H3
2024-02-12 00:00:00,18.0,4.0,6.0,6.0,10.0,1.7,850.0,230.1,63.999999999999986,0.74,0.65,32.1,30.2,0.64,0.76,0.0,0.0,1.0,1.0,30000.0,G07_59_H3
2024-02-13 00:00:00,20.0,6.0,7.0,10.0,26.0,1.72,860.0,213.4,48.00000000000001,0.77,0.68,31.3,29.7,0.54,0.75,0.0,0.0,1.0,1.0,30000.0,G07_59_H3
2024-02-14 00:00:00,22.0,4.0,8.0,20.0,260.0,1.84,920.0,213.4,51.99999999999999,0.8,0.66,30.9,29.3,0.57,0.77,0.0,0.0,1.0,1.0,30000.0,G07_59_H3
2024-02-15 00:00:00,7.0,-2.0,9.0,20.0,7.0,1.92,960.0,149.2,43.999999999999986,0.8,0.66,30.9,29.3,0.55,0.7,0.0,0.0,1.0,1.0,30000.0,G07_59_H3
2024-02-16 00:00:00,10.0,1.0,10.0,6.0,5.0,2.24,1120.0,245.75,40.0,0.78,0.63,30.7,28.4,0.55,0.65,0.0,0.0,1.0,1.0,30000.0,G07_59_H3
2024-02-17 00:00:00,17.0,3.0,11.0,5.0,11.0,2.75,1375.0,202.4,52.00000000000003,0.81,0.65,30.6,28.6,0.53,0.7,0.0,0.0,1.0,1.0,30000.0,G07_59_H3
2024-02-18 00:00:00,23.0,13.0,12.0,8.0,18.0,3.37,1685.0,96.1,52.00000000000003,0.89,0.73,30.3,28.7,0.6,0.72,0.0,0.0,1.0,1.0,30000.0,G07_59_H3
2024-02-19 00:00:00,13.0,3.0,13.0,6.0,10.0,3.66,1830.0,63.1,52.00000000000003,0.88,0.78,29.9,27.7,0.5,0.65,0.0,0.0,1.0,1.0,30000.0,G07_59_H3
2024-02-20 00:00:00,3.0,0.0,14.0,12.0,11.0,3.84,1920.0,265.75,56.000000000000014,0.82,0.66,29.7,27.1,0.47,0.58,0.0,0.0,1.0,1.0,30000.0,G07_59_H3
2024-02-21 00:00:00,0.0,-1.0,15.0,6.0,6.0,4.04,2020.0,298.0,50.0,0.83,0.69,29.0,26.5,0.45,0.55,0.0,0.0,1.0,1.0,30000.0,G07_59_H3
2024-02-22 00:00:00,0.0,-4.0,16.0,8.0,43.0,4.38,2190.0,275.0,50.0,0.85,0.67,29.1,26.8,0.45,0.52,0.0,0.0,1.3,1.3,30000.0,G07_59_H3
2024-02-23 00:00:00,1.0,-2.0,17.0,5.0,47.0,4.68,2340.0,262.8,54.00000000000006,0.89,0.71,28.9,26.1,0.45,0.5,0.0,0.0,1.3,1.3,30000.0,G07_59_H3
2024-02-24 00:00:00,1.0,-3.0,18.0,4.0,32.0,5.01,2505.0,244.8,54.00000000000006,0.84,0.69,27.9,26.1,0.45,0.5,0.0,0.0,1.3,1.3,30000.0,G07_59_H3
2024-02-25 00:00:00,5.0,-1.0,19.0,2.0,18.0,5.4,2700.0,216.0,40.0,0.87,0.71,27.6,25.9,0.45,0.52,0.0,0.0,1.3,1.3,30000.0,G07_59_H3
2024-02-26 00:00:00,7.0,-2.0,20.0,4.0,20.0,5.68,2840.0,170.2,40.0,0.85,0.72,27.4,25.7,0.43,0.47,0.0,0.0,1.3,1.3,30000.0,G07_59_H3
2024-02-27 00:00:00,7.0,0.0,21.0,5.0,20.0,5.83,2915.0,145.75,37.99999999999997,0.86,0.7,26.9,25.0,0.43,0.47,0.0,0.0,1.3,1.5,30000.0,G07_59_H3
2024-02-28 00:00:00,5.0,2.0,22.0,8.0,14.0,6.23,3115.0,134.4,37.99999999999997,0.86,0.7,26.9,25.0,0.45,0.52,0.0,0.0,1.5,1.5,30000.0,G07_59_H3
2024-02-29 00:00:00,5.0,-2.0,23.0,12.0,8.0,6.45,3225.0,160.9,35.99999999999994,0.9,0.75,26.4,24.7,0.42,0.47,0.0,0.0,1.5,1.5,30000.0,G07_59_H3
2024-03-01 00:00:00,6.0,-1.0,24.0,10.0,47.0,6.056,3028.0,166.0,35.99999999999994,0.87,0.74,26.6,24.7,0.35,0.42,0.0,0.0,1.5,1.5,30000.0,G07_59_H3
2024-03-02 00:00:00,11.0,0.0,25.0,8.0,32.0,6.48,3240.0,125.0,35.99999999999994,0.89,0.73,26.7,24.3,0.38,0.52,0.0,0.0,1.5,1.5,30000.0,G07_59_H3
2024-03-03 00:00:00,14.0,3.0,26.0,10.0,40.0,7.32,3660.0,78.6,37.99999999999997,0.9,0.77,26.3,24.6,0.38,0.49,0.0,0.0,1.5,1.5,30000.0,G07_59_H3
2024-03-04 00:00:00,10.0,7.0,27.0,6.0,14.0,7.87,3935.0,21.0,40.0,0.92,0.8,26.5,24.8,0.38,0.45,0.0,0.0,1.5,1.5,30000.0,G07_59_H3
2024-03-05 00:00:00,9.0,5.0,28.0,6.0,10.0,8.06,4030.0,9.75,42.00000000000003,0.92,0.86,26.3,24.5,0.35,0.43,0.0,0.0,1.5,1.7,30000.0,G07_59_H3
2024-03-06 00:00:00,10.0,0.0,29.0,4.0,14.0,8.1,4050.0,57.0,40.0,0.91,0.8,25.1,23.4,0.35,0.42,0.0,0.0,1.7,1.7,30000.0,G07_59_H3
2024-03-07 00:00:00,14.0,1.0,30.0,10.0,11.0,8.43,4215.0,94.9,40.0,0.9,0.72,25.0,22.9,0.34,0.54,0.0,0.0,1.7,1.7,30000.0,G07_59_H3
2024-03-08 00:00:00,13.0,0.0,31.0,18.0,7.0,8.67,4335.0,49.0,44.00000000000006,0.89,0.74,24.5,22.4,0.34,0.54,0.0,0.0,1.7,1.7,30000.0,G07_59_H3
2024-03-09 00:00:00,12.0,2.0,32.0,15.0,10.0,9.0,4500.0,67.8,44.00000000000006,0.89,0.74,24.5,22.3,0.3,0.5,0.0,0.0,1.7,1.7,30000.0,G07_59_H3
2024-03-10 00:00:00,16.0,5.0,33.0,20.0,18.0,9.39,4695.0,74.4,40.0,0.91,0.78,24.5,21.9,0.3,0.47,0.0,0.0,1.7,1.7,30000.0,G07_59_H3
2024-03-11 00:00:00,21.0,6.0,34.0,34.0,30.0,9.4,4700.0,16.6,40.0,0.88,0.72,27.0,22.6,0.35,0.9,0.0,0.0,1.7,3.0,30000.0,G07_59_H3
2024-03-12 00:00:00,16.0,4.0,35.0,67.0,0.0,9.86,4930.0,7.75,41.999999999999886,0.89,0.7,24.2,21.8,0.35,0.86,0.0,0.0,2.0,3.0,30000.0,G07_59_H3
2024-03-13 00:00:00,16.0,7.0,36.0,78.0,0.0,9.25,4625.0,71.6,41.999999999999886,0.89,0.66,23.6,20.3,0.43,0.86,0.0,0.0,2.0,3.0,30000.0,G07_59_H3
2024-03-14 00:00:00,16.0,5.0,37.0,80.0,0.0,9.05,4525.0,7.25,41.999999999999886,0.91,0.79,22.9,20.8,0.45,0.7,0.0,0.0,2.0,2.0,30000.0,G07_59_H3
2024-03-15 00:00:00,20.0,4.0,38.0,0.0,0.0,0.0,0.0,0.0,0.0,0.0,0.0,0.0,0.0,0.0,0.0,0.0,0.0,0.0,0.0,30000.0,G07_59_H3
2024-02-07 00:00:00,4.0,-4.0,0.0,,,,0.0,576.0,,,,,,,,,,,,29400.0,G07_59_H4
2024-02-08 00:00:00,7.0,-4.0,1.0,6.0,2.0,0.72,360.0,321.0,40.0,0.67,0.61,35.0,32.9,0.6,0.62,0.0,0.0,1.0,1.0,29400.0,G07_59_H4
2024-02-09 00:00:00,10.0,-1.0,2.0,8.0,19.0,0.85,425.0,247.75,40.0,0.74,0.68,34.7,32.3,0.6,0.64,0.0,0.0,1.0,1.0,29400.0,G07_59_H4
2024-02-10 00:00:00,15.0,0.0,3.0,10.0,20.0,1.05,525.0,258.3,60.0,0.78,0.71,33.7,31.5,0.6,0.65,0.0,0.0,1.0,1.0,29400.0,G07_59_H4
2024-02-11 00:00:00,15.0,1.0,4.0,12.0,12.0,1.3,650.0,217.6,63.999999999999986,0.79,0.71,33.1,31.3,0.58,0.62,0.0,0.0,1.0,1.0,29400.0,G07_59_H4
2024-02-12 00:00:00,18.0,4.0,5.0,10.0,24.0,1.6,800.0,230.1,63.999999999999986,0.82,0.72,32.4,30.2,0.64,0.76,0.0,0.0,1.0,1.0,29400.0,G07_59_H4
2024-02-13 00:00:00,20.0,6.0,6.0,8.0,17.0,1.83,915.0,213.4,48.00000000000001,0.85,0.76,31.3,29.5,0.54,0.75,0.0,0.0,1.0,1.0,29400.0,G07_59_H4
2024-02-14 00:00:00,22.0,4.0,7.0,12.0,21.0,2.09,1045.0,213.4,51.99999999999999,0.85,0.75,30.7,29.1,0.57,0.77,0.0,0.0,1.0,1.0,29400.0,G07_59_H4
2024-02-15 00:00:00,7.0,-2.0,8.0,20.0,220.0,2.49,1245.0,149.2,43.999999999999986,0.85,0.75,30.7,29.1,0.55,0.7,0.0,0.0,1.0,1.0,29400.0,G07_59_H4
2024-02-16 00:00:00,10.0,1.0,9.0,22.0,6.0,2.55,1275.0,245.75,40.0,0.88,0.72,30.4,28.1,0.55,0.65,0.0,0.0,1.0,1.0,29400.0,G07_59_H4
2024-02-17 00:00:00,17.0,3.0,10.0,8.0,10.0,2.95,1475.0,202.4,52.00000000000003,0.87,0.76,30.3,28.4,0.53,0.7,0.0,0.0,1.0,1.0,29400.0,G07_59_H4
2024-02-18 00:00:00,23.0,13.0,11.0,5.0,12.0,3.65,1825.0,96.1,52.00000000000003,0.9,0.87,29.9,28.4,0.6,0.72,0.0,0.0,1.0,1.0,29400.0,G07_59_H4
2024-02-19 00:00:00,13.0,3.0,12.0,6.0,4.0,4.03,2015.0,63.1,52.00000000000003,0.9,0.83,29.5,27.2,0.5,0.65,0.0,0.0,1.0,1.0,29400.0,G07_59_H4
2024-02-20 00:00:00,3.0,0.0,13.0,10.0,25.0,4.44,2220.0,265.75,56.000000000000014,0.91,0.74,29.2,26.5,0.47,0.58,0.0,0.0,1.0,1.0,29400.0,G07_59_H4
2024-02-21 00:00:00,0.0,-1.0,14.0,15.0,27.0,4.67,2335.0,298.0,50.0,0.94,0.76,28.5,26.0,0.45,0.55,0.0,0.0,1.0,1.0,29400.0,G07_59_H4
2024-02-22 00:00:00,0.0,-4.0,15.0,5.0,35.0,5.04,2520.0,275.0,50.0,0.95,0.78,28.5,26.0,0.45,0.52,0.0,0.0,1.3,1.3,29400.0,G07_59_H4
2024-02-23 00:00:00,1.0,-2.0,16.0,6.0,44.0,5.15,2575.0,262.8,54.00000000000006,0.96,0.8,28.3,25.9,0.45,0.5,0.0,0.0,1.3,1.3,29400.0,G07_59_H4
2024-02-24 00:00:00,1.0,-3.0,17.0,5.0,34.0,5.39,2695.0,244.8,54.00000000000006,0.9,0.8,27.5,25.6,0.45,0.5,0.0,0.0,1.3,1.3,29400.0,G07_59_H4
2024-02-25 00:00:00,5.0,-1.0,18.0,2.0,16.0,5.77,2885.0,216.0,40.0,0.95,0.81,27.4,25.5,0.45,0.52,0.0,0.0,1.3,1.3,29400.0,G07_59_H4
2024-02-26 00:00:00,7.0,-2.0,19.0,3.0,22.0,5.96,2980.0,170.2,40.0,0.9,0.82,27.0,25.3,0.43,0.47,0.0,0.0,1.3,1.3,29400.0,G07_59_H4
2024-02-27 00:00:00,7.0,0.0,20.0,5.0,17.0,6.38,3190.0,145.75,37.99999999999997,0.87,0.73,26.4,24.8,0.43,0.47,0.0,0.0,1.3,1.5,29400.0,G07_59_H4
2024-02-28 00:00:00,5.0,2.0,21.0,6.0,16.0,6.83,3415.0,134.4,37.99999999999997,0.87,0.73,26.4,24.8,0.45,0.52,0.0,0.0,1.5,1.5,29400.0,G07_59_H4
2024-02-29 00:00:00,5.0,-2.0,22.0,5.0,31.0,7.36,3680.0,160.9,35.99999999999994,0.88,0.76,25.8,24.2,0.45,0.49,0.0,0.0,1.5,1.5,29400.0,G07_59_H4
2024-03-01 00:00:00,6.0,-1.0,23.0,6.0,28.0,7.515,3758.0,166.0,35.99999999999994,0.86,0.75,25.8,23.7,0.4,0.45,0.0,0.0,1.5,1.5,29400.0,G07_59_H4
2024-03-02 00:00:00,11.0,0.0,24.0,6.0,26.0,7.73,3865.0,125.0,35.99999999999994,0.87,0.73,25.6,23.7,0.42,0.55,0.0,0.0,1.5,1.5,29400.0,G07_59_H4
2024-03-03 00:00:00,14.0,3.0,25.0,4.0,24.0,8.18,4090.0,78.6,37.99999999999997,0.9,0.79,25.6,23.8,0.4,0.5,0.0,0.0,1.5,1.5,29400.0,G07_59_H4
2024-03-04 00:00:00,10.0,7.0,26.0,10.0,32.0,8.7,4350.0,21.0,40.0,0.9,0.84,25.4,24.0,0.38,0.45,0.0,0.0,1.5,1.5,29400.0,G07_59_H4
2024-03-05 00:00:00,9.0,5.0,27.0,50.0,38.0,8.46,4230.0,9.75,42.00000000000003,0.92,0.88,25.5,23.4,0.35,0.43,0.0,0.0,1.5,1.7,29400.0,G07_59_H4
2024-03-06 00:00:00,10.0,0.0,28.0,30.0,31.0,8.2,4100.0,57.0,40.0,0.89,0.8,24.7,23.0,0.37,0.44,0.0,0.0,1.7,1.7,29400.0,G07_59_H4
2024-03-07 00:00:00,14.0,1.0,29.0,21.0,20.0,8.78,4390.0,94.9,40.0,0.89,0.76,24.5,22.8,0.32,0.54,0.0,0.0,1.7,1.7,29400.0,G07_59_H4
2024-03-08 00:00:00,13.0,0.0,30.0,35.0,13.0,8.71,4355.0,49.0,44.00000000000006,0.89,0.76,24.3,22.2,0.34,0.54,0.0,0.0,1.7,1.7,29400.0,G07_59_H4
2024-03-09 00:00:00,12.0,2.0,31.0,50.0,18.0,9.11,4555.0,67.8,44.00000000000006,0.88,0.76,24.2,22.0,0.3,0.5,0.0,0.0,1.7,1.7,29400.0,G07_59_H4
2024-03-10 00:00:00,16.0,5.0,32.0,90.0,140.0,8.59,4295.0,74.4,40.0,0.89,0.77,24.4,22.0,0.3,0.47,0.0,0.0,1.7,1.7,29400.0,G07_59_H4
2024-03-11 00:00:00,21.0,6.0,33.0,120.0,30.0,8.3,4150.0,16.6,40.0,0.89,0.72,26.4,22.6,0.35,0.9,0.0,0.0,1.7,3.0,29400.0,G07_59_H4
2024-03-12 00:00:00,16.0,4.0,34.0,140.0,0.0,8.61,4305.0,7.75,41.999999999999886,0.9,0.74,24.1,22.0,0.35,0.86,0.0,0.0,2.0,3.0,29400.0,G07_59_H4
2024-03-13 00:00:00,16.0,7.0,35.0,124.0,0.0,8.66,4330.0,71.6,41.999999999999886,0.89,0.68,23.4,20.3,0.43,0.86,0.0,0.0,2.0,3.0,29400.0,G07_59_H4
2024-03-14 00:00:00,16.0,5.0,36.0,114.0,0.0,9.31,4655.0,7.25,41.999999999999886,0.92,0.84,22.8,20.7,0.45,0.7,0.0,0.0,2.0,2.0,29400.0,G07_59_H4
2024-03-15 00:00:00,20.0,4.0,37.0,120.0,0.0,9.22,4610.0,101.8,41.999999999999886,0.92,0.83,22.0,19.2,0.45,6.0,0.0,0.0,2.0,2.0,29400.0,G07_59_H4
2024-02-07 00:00:00,4.0,-4.0,1.0,14.0,8.0,0.75,375.0,576.0,40.0,0.7,0.6,35.7,33.4,0.6,0.65,0.0,0.0,1.0,1.0,31400.0,G07_59_H5
2024-02-08 00:00:00,7.0,-4.0,2.0,12.0,27.0,1.08,540.0,321.0,40.0,0.7,0.67,35.2,33.2,0.6,0.62,0.0,0.0,1.0,1.0,31400.0,G07_59_H5
2024-02-09 00:00:00,10.0,-1.0,3.0,32.0,130.0,1.1,550.0,247.75,80.0,0.73,0.67,34.4,32.4,0.6,0.64,0.0,0.0,1.0,1.0,31400.0,G07_59_H5
2024-02-10 00:00:00,15.0,0.0,4.0,28.0,89.0,1.3,650.0,258.3,60.0,0.74,0.68,34.4,32.2,0.6,0.65,0.0,0.0,1.0,1.0,31400.0,G07_59_H5
2024-02-11 00:00:00,15.0,1.0,5.0,20.0,72.0,1.5,750.0,217.6,64.00000000001455,0.77,0.68,33.4,31.5,0.58,0.62,0.0,0.0,1.0,1.0,31400.0,G07_59_H5
2024-02-12 00:00:00,18.0,4.0,6.0,12.0,48.0,1.7,850.0,230.1,35.99999999998545,0.78,0.7,32.7,30.7,0.64,0.76,0.0,0.0,1.0,1.0,31400.0,G07_59_H5
2024-02-13 00:00:00,20.0,6.0,7.0,11.0,44.0,1.74,870.0,213.4,47.999999999992724,0.82,0.73,31.9,29.8,0.54,0.75,0.0,0.0,1.0,1.0,31400.0,G07_59_H5
2024-02-14 00:00:00,22.0,4.0,8.0,25.0,444.0,1.97,985.0,213.4,52.000000000007276,0.88,0.73,31.7,29.6,0.57,0.77,0.0,0.0,1.0,1.0,31400.0,G07_59_H5
2024-02-15 00:00:00,7.0,-2.0,9.0,18.0,30.0,2.05,1025.0,149.2,44.00000000001455,0.88,0.73,31.7,29.6,0.55,0.7,0.0,0.0,1.0,1.0,31400.0,G07_59_H5
2024-02-16 00:00:00,10.0,1.0,10.0,12.0,33.0,2.47,1235.0,245.75,40.0,0.86,0.71,31.0,29.1,0.55,0.65,0.0,0.0,1.0,1.0,31400.0,G07_59_H5
2024-02-17 00:00:00,17.0,3.0,11.0,7.0,38.0,3.02,1510.0,202.4,52.000000000007276,0.92,0.75,31.0,29.3,0.53,0.7,0.0,0.0,1.0,1.0,31400.0,G07_59_H5
2024-02-18 00:00:00,23.0,13.0,12.0,6.0,34.0,3.43,1715.0,96.1,83.99999999997817,0.91,0.84,30.5,29.1,0.6,0.72,0.0,0.0,1.0,1.0,31400.0,G07_59_H5
2024-02-19 00:00:00,13.0,3.0,13.0,6.0,30.0,3.67,1835.0,63.1,52.000000000007276,0.9,0.81,30.0,28.2,0.5,0.65,0.0,0.0,1.0,1.0,31400.0,G07_59_H5
2024-02-20 00:00:00,3.0,0.0,14.0,5.0,37.0,3.79,1895.0,265.75,55.99999999998545,0.91,0.75,29.5,27.3,0.47,0.58,0.0,0.0,1.0,1.0,31400.0,G07_59_H5
2024-02-21 00:00:00,0.0,-1.0,15.0,4.0,39.0,4.18,2090.0,298.0,50.0,0.93,0.76,28.9,26.9,0.45,0.55,0.0,0.0,1.0,1.0,31400.0,G07_59_H5
2024-02-22 00:00:00,0.0,-4.0,16.0,4.0,58.0,4.53,2265.0,275.0,50.0,0.95,0.76,28.9,26.7,0.45,0.52,0.0,0.0,1.3,1.3,31400.0,G07_59_H5
2024-02-23 00:00:00,1.0,-2.0,17.0,4.0,50.0,4.98,2490.0,262.8,54.00000000001455,0.94,0.79,28.9,26.6,0.45,0.5,0.0,0.0,1.3,1.3,31400.0,G07_59_H5
2024-02-24 00:00:00,1.0,-3.0,18.0,5.0,41.0,5.16,2580.0,244.8,54.00000000001455,0.92,0.79,27.9,26.5,0.45,0.5,0.0,0.0,1.3,1.3,31400.0,G07_59_H5
2024-02-25 00:00:00,5.0,-1.0,19.0,6.0,42.0,5.62,2810.0,216.0,40.0,0.95,0.82,27.5,26.2,0.45,0.52,0.0,0.0,1.3,1.3,31400.0,G07_59_H5
2024-02-26 00:00:00,7.0,-2.0,20.0,4.0,19.0,5.93,2965.0,170.2,40.0,0.92,0.82,27.1,26.0,0.43,0.47,0.0,0.0,1.3,1.3,31400.0,G07_59_H5
2024-02-27 00:00:00,7.0,0.0,21.0,5.0,28.0,6.19,3095.0,145.75,37.999999999992724,0.87,0.71,26.8,25.3,0.43,0.47,0.0,0.0,1.3,1.5,31400.0,G07_59_H5
2024-02-28 00:00:00,5.0,2.0,22.0,4.0,30.0,6.69,3345.0,134.4,37.999999999992724,0.87,0.71,26.8,25.3,0.45,0.52,0.0,0.0,1.5,1.5,31400.0,G07_59_H5
2024-02-29 00:00:00,5.0,-2.0,23.0,3.0,17.0,7.24,3620.0,160.9,35.99999999998545,0.91,0.75,26.5,25.2,0.42,0.47,0.0,0.0,1.5,1.5,31400.0,G07_59_H5
2024-03-01 00:00:00,6.0,-1.0,24.0,4.0,18.0,7.22,3610.0,166.0,35.99999999998545,0.89,0.74,26.5,24.8,0.35,0.42,0.0,0.0,1.5,1.5,31400.0,G07_59_H5
2024-03-02 00:00:00,11.0,0.0,25.0,6.0,23.0,7.74,3870.0,125.0,35.99999999998545,0.91,0.76,26.3,24.5,0.38,0.52,0.0,0.0,1.5,1.5,31400.0,G07_59_H5
2024-03-03 00:00:00,14.0,3.0,26.0,4.0,36.0,7.96,3980.0,78.6,37.999999999992724,0.92,0.77,26.3,24.5,0.38,0.49,0.0,0.0,1.5,1.5,31400.0,G07_59_H5
2024-03-04 00:00:00,10.0,7.0,27.0,3.0,37.0,8.55,4275.0,21.0,40.0,0.92,0.81,26.5,24.4,0.38,0.45,0.0,0.0,1.5,1.5,31400.0,G07_59_H5
2024-03-05 00:00:00,9.0,5.0,28.0,3.0,33.0,8.86,4430.0,9.75,42.000000000007276,0.93,0.86,26.1,24.0,0.35,0.43,0.0,0.0,1.5,1.7,31400.0,G07_59_H5
2024-03-06 00:00:00,10.0,0.0,29.0,5.0,36.0,8.5,4250.0,57.0,40.0,0.94,0.8,25.3,23.4,0.35,0.42,0.0,0.0,1.7,1.7,31400.0,G07_59_H5
2024-03-07 00:00:00,14.0,1.0,30.0,5.0,28.0,8.59,4295.0,94.9,40.0,0.94,0.72,25.0,22.9,0.34,0.54,0.0,0.0,1.7,1.7,31400.0,G07_59_H5
2024-03-08 00:00:00,13.0,0.0,31.0,7.0,22.0,8.6,4300.0,49.0,44.00000000001455,0.91,0.74,24.6,22.3,0.34,0.54,0.0,0.0,1.7,1.7,31400.0,G07_59_H5
2024-03-09 00:00:00,12.0,2.0,32.0,6.0,15.0,9.7,4850.0,67.8,44.00000000001455,0.91,0.75,24.4,22.1,0.3,0.5,0.0,0.0,1.7,1.7,31400.0,G07_59_H5
2024-03-10 00:00:00,16.0,5.0,33.0,9.0,11.0,9.48,4740.0,74.4,40.0,0.92,0.77,24.3,21.8,0.3,0.47,0.0,0.0,1.7,1.7,31400.0,G07_59_H5
2024-03-11 00:00:00,21.0,6.0,34.0,17.0,14.0,9.4,4700.0,16.6,40.0,0.87,0.7,27.0,22.3,0.35,0.9,0.0,0.0,1.7,3.0,31400.0,G07_59_H5
2024-03-12 00:00:00,16.0,4.0,35.0,45.0,4.0,9.18,4590.0,7.75,42.000000000007276,0.89,0.7,24.6,21.4,0.35,0.86,0.0,0.0,2.0,3.0,31400.0,G07_59_H5
2024-03-13 00:00:00,16.0,7.0,36.0,94.0,10.0,8.82,4410.0,71.6,42.000000000007276,0.89,0.65,23.5,20.2,0.43,0.86,0.0,0.0,2.0,3.0,31400.0,G07_59_H5
2024-03-14 00:00:00,16.0,5.0,37.0,96.0,0.0,9.49,4745.0,7.25,42.000000000007276,0.92,0.79,22.8,20.7,0.45,0.7,0.0,0.0,2.0,2.0,31400.0,G07_59_H5
2024-03-15 00:00:00,20.0,4.0,38.0,0.0,0.0,0.0,0.0,0.0,0.0,0.0,0.0,0.0,0.0,0.0,0.0,0.0,0.0,0.0,0.0,31400.0,G07_59_H5
2024-02-07 00:00:00,4.0,-4.0,0.0,,,,0.0,576.0,,,,,,,,,,,,29500.0,G07_59_H6
2024-02-08 00:00:00,7.0,-4.0,1.0,8.0,4.0,0.77,385.0,321.0,40.0,0.69,0.63,34.8,33.3,0.6,0.62,0.0,0.0,1.0,1.0,29500.0,G07_59_H6
2024-02-09 00:00:00,10.0,-1.0,2.0,7.0,10.0,0.84,420.0,247.75,80.0,0.77,0.71,34.2,32.8,0.6,0.64,0.0,0.0,1.0,1.0,29500.0,G07_59_H6
2024-02-10 00:00:00,15.0,0.0,3.0,8.0,14.0,1.05,525.0,258.3,60.0,0.83,0.74,33.6,31.9,0.6,0.65,0.0,0.0,1.0,1.0,29500.0,G07_59_H6
2024-02-11 00:00:00,15.0,1.0,4.0,6.0,11.0,1.3,650.0,217.6,64.00000000001455,0.78,0.72,33.1,31.3,0.58,0.62,0.0,0.0,1.0,1.0,29500.0,G07_59_H6
2024-02-12 00:00:00,18.0,4.0,5.0,8.0,24.0,1.6,800.0,230.1,52.000000000007276,0.85,0.76,32.2,30.5,0.64,0.76,0.0,0.0,1.0,1.0,29500.0,G07_59_H6
2024-02-13 00:00:00,20.0,6.0,6.0,5.0,18.0,1.88,940.0,213.4,47.999999999992724,0.83,0.83,31.1,29.6,0.54,0.75,0.0,0.0,1.0,1.0,29500.0,G07_59_H6
2024-02-14 00:00:00,22.0,4.0,7.0,6.0,23.0,2.15,1075.0,213.4,52.000000000007276,0.9,0.85,30.8,29.1,0.57,0.77,0.0,0.0,1.0,1.0,29500.0,G07_59_H6
2024-02-15 00:00:00,7.0,-2.0,8.0,24.0,210.0,2.46,1230.0,149.2,44.00000000001455,0.9,0.85,30.8,29.1,0.55,0.7,0.0,0.0,1.0,1.0,29500.0,G07_59_H6
2024-02-16 00:00:00,10.0,1.0,9.0,15.0,13.0,2.57,1285.0,245.75,40.0,0.9,0.79,30.2,28.3,0.55,0.65,0.0,0.0,1.0,1.0,29500.0,G07_59_H6
2024-02-17 00:00:00,17.0,3.0,10.0,8.0,15.0,2.97,1485.0,202.4,52.000000000007276,0.9,0.81,30.2,28.6,0.53,0.7,0.0,0.0,1.0,1.0,29500.0,G07_59_H6
2024-02-18 00:00:00,23.0,13.0,11.0,6.0,8.0,3.64,1820.0,96.1,43.99999999997817,0.92,0.87,29.9,28.5,0.6,0.72,0.0,0.0,1.0,1.0,29500.0,G07_59_H6
2024-02-19 00:00:00,13.0,3.0,12.0,5.0,12.0,4.1,2050.0,63.1,52.000000000007276,0.93,0.88,29.5,27.7,0.5,0.65,0.0,0.0,1.0,1.0,29500.0,G07_59_H6
2024-02-20 00:00:00,3.0,0.0,13.0,5.0,19.0,4.27,2135.0,265.75,55.99999999998545,0.89,0.72,29.2,27.3,0.47,0.58,0.0,0.0,1.0,1.0,29500.0,G07_59_H6
2024-02-21 00:00:00,0.0,-1.0,14.0,4.0,16.0,4.7,2350.0,298.0,50.0,0.92,0.77,28.5,26.7,0.45,0.55,0.0,0.0,1.0,1.0,29500.0,G07_59_H6
2024-02-22 00:00:00,0.0,-4.0,15.0,5.0,20.0,4.91,2455.0,275.0,50.0,0.93,0.79,28.5,26.7,0.45,0.52,0.0,0.0,1.3,1.3,29500.0,G07_59_H6
2024-02-23 00:00:00,1.0,-2.0,16.0,3.0,17.0,5.01,2505.0,262.8,54.00000000001455,0.95,0.82,28.4,26.4,0.45,0.5,0.0,0.0,1.3,1.3,29500.0,G07_59_H6
2024-02-24 00:00:00,1.0,-3.0,17.0,5.0,27.0,5.28,2640.0,244.8,54.00000000001455,0.93,0.8,27.4,26.1,0.45,0.5,0.0,0.0,1.3,1.3,29500.0,G07_59_H6
2024-02-25 00:00:00,5.0,-1.0,18.0,4.0,16.0,5.81,2905.0,216.0,40.0,0.93,0.81,27.2,25.9,0.45,0.52,0.0,0.0,1.3,1.3,29500.0,G07_59_H6
2024-02-26 00:00:00,7.0,-2.0,19.0,3.0,11.0,5.95,2975.0,170.2,40.0,0.93,0.82,27.2,25.6,0.43,0.47,0.0,0.0,1.3,1.3,29500.0,G07_59_H6
2024-02-27 00:00:00,7.0,0.0,20.0,4.0,14.0,6.48,3240.0,145.75,37.999999999992724,0.88,0.76,26.5,24.9,0.43,0.47,0.0,0.0,1.3,1.5,29500.0,G07_59_H6
2024-02-28 00:00:00,5.0,2.0,21.0,4.0,19.0,7.0,3500.0,134.4,37.999999999992724,0.88,0.76,26.5,24.9,0.45,0.52,0.0,0.0,1.5,1.5,29500.0,G07_59_H6
2024-02-29 00:00:00,5.0,-2.0,22.0,3.0,27.0,7.59,3795.0,160.9,35.99999999998545,0.9,0.79,26.4,24.5,0.45,0.49,0.0,0.0,1.5,1.5,29500.0,G07_59_H6
2024-03-01 00:00:00,6.0,-1.0,23.0,2.0,29.0,8.12,4060.0,166.0,35.99999999998545,0.87,0.78,25.7,24.1,0.4,0.45,0.0,0.0,1.5,1.5,29500.0,G07_59_H6
2024-03-02 00:00:00,11.0,0.0,24.0,3.0,24.0,7.8,3900.0,125.0,35.99999999998545,0.89,0.75,25.7,23.9,0.42,0.55,0.0,0.0,1.5,1.5,29500.0,G07_59_H6
2024-03-03 00:00:00,14.0,3.0,25.0,2.0,21.0,7.99,3995.0,78.6,37.999999999992724,0.9,0.76,25.9,24.0,0.4,0.5,0.0,0.0,1.5,1.5,29500.0,G07_59_H6
2024-03-04 00:00:00,10.0,7.0,26.0,3.0,17.0,8.37,4185.0,21.0,40.0,0.88,0.83,26.0,24.0,0.38,0.45,0.0,0.0,1.5,1.5,29500.0,G07_59_H6
2024-03-05 00:00:00,9.0,5.0,27.0,52.0,24.0,8.55,4275.0,9.75,42.000000000007276,0.9,0.86,25.7,23.7,0.35,0.43,0.0,0.0,1.5,1.7,29500.0,G07_59_H6
2024-03-06 00:00:00,10.0,0.0,28.0,18.0,30.0,8.3,4150.0,57.0,40.0,0.89,0.81,24.6,22.9,0.37,0.44,0.0,0.0,1.7,1.7,29500.0,G07_59_H6
2024-03-07 00:00:00,14.0,1.0,29.0,12.0,28.0,8.95,4475.0,94.9,40.0,0.89,0.72,24.8,22.6,0.32,0.54,0.0,0.0,1.7,1.7,29500.0,G07_59_H6
2024-03-08 00:00:00,13.0,0.0,30.0,12.0,21.0,8.9,4450.0,49.0,44.00000000001455,0.88,0.74,24.5,22.1,0.34,0.54,0.0,0.0,1.7,1.7,29500.0,G07_59_H6
2024-03-09 00:00:00,12.0,2.0,31.0,16.0,73.0,9.07,4535.0,67.8,44.00000000001455,0.88,0.74,24.3,22.0,0.3,0.5,0.0,0.0,1.7,1.7,29500.0,G07_59_H6
2024-03-10 00:00:00,16.0,5.0,32.0,47.0,79.0,9.07,4535.0,74.4,40.0,0.88,0.77,24.3,21.9,0.3,0.47,0.0,0.0,1.7,1.7,29500.0,G07_59_H6
2024-03-11 00:00:00,21.0,6.0,33.0,98.0,45.0,8.85,4425.0,16.6,40.0,0.86,0.7,26.7,22.4,0.35,0.9,0.0,0.0,1.7,3.0,29500.0,G07_59_H6
2024-03-12 00:00:00,16.0,4.0,34.0,124.0,12.0,8.94,4470.0,7.75,42.000000000007276,0.86,0.69,24.1,21.9,0.35,0.86,0.0,0.0,2.0,3.0,29500.0,G07_59_H6
2024-03-13 00:00:00,16.0,7.0,35.0,130.0,6.0,8.34,4170.0,71.6,42.000000000007276,0.85,0.64,23.6,20.2,0.43,0.86,0.0,0.0,2.0,3.0,29500.0,G07_59_H6
2024-03-14 00:00:00,16.0,5.0,36.0,113.0,0.0,8.68,4340.0,7.25,42.000000000007276,0.88,0.8,23.0,20.5,0.45,0.7,0.0,0.0,2.0,2.0,29500.0,G07_59_H6
2024-03-15 00:00:00,20.0,4.0,37.0,120.0,0.0,9.27,4635.0,101.8,42.000000000007276,0.89,0.81,21.8,19.2,0.45,6.0,0.0,0.0,2.0,2.0,29500.0,G07_59_H6
2024-02-07 00:00:00,4.0,-4.0,1.0,10.0,11.0,0.77,385.0,576.0,40.0,0.63,0.51,36.4,33.7,0.6,0.65,0.0,0.0,1.0,1.0,30400.0,G07_59_H7
2024-02-08 00:00:00,7.0,-4.0,2.0,7.0,13.0,1.02,510.0,321.0,80.0,0.66,0.59,35.6,33.6,0.6,0.62,0.0,0.0,1.0,1.0,30400.0,G07_59_H7
2024-02-09 00:00:00,10.0,-1.0,3.0,15.0,74.0,1.06,530.0,247.75,80.0,0.66,0.58,35.0,32.6,0.6,0.64,0.0,0.0,1.0,1.0,30400.0,G07_59_H7
2024-02-10 00:00:00,15.0,0.0,4.0,13.0,43.0,1.3,650.0,258.3,60.0,0.71,0.62,34.0,32.1,0.6,0.65,0.0,0.0,1.0,1.0,30400.0,G07_59_H7
2024-02-11 00:00:00,15.0,1.0,5.0,10.0,20.0,1.5,750.0,217.6,64.00000000001455,0.82,0.69,33.0,31.4,0.58,0.62,0.0,0.0,1.0,1.0,30400.0,G07_59_H7
2024-02-12 00:00:00,18.0,4.0,6.0,7.0,19.0,1.7,850.0,230.1,75.99999999998545,0.77,0.7,32.2,30.7,0.64,0.76,0.0,0.0,1.0,1.0,30400.0,G07_59_H7
2024-02-13 00:00:00,20.0,6.0,7.0,6.0,19.0,1.91,955.0,213.4,47.999999999992724,0.83,0.76,31.5,30.0,0.54,0.75,0.0,0.0,1.0,1.0,30400.0,G07_59_H7
2024-02-14 00:00:00,22.0,4.0,8.0,26.0,110.0,2.0,1000.0,213.4,52.000000000007276,0.86,0.74,31.3,29.4,0.57,0.77,0.0,0.0,1.0,1.0,30400.0,G07_59_H7
2024-02-15 00:00:00,7.0,-2.0,9.0,15.0,17.0,2.1,1050.0,149.2,44.00000000001455,0.86,0.74,31.3,29.4,0.55,0.7,0.0,0.0,1.0,1.0,30400.0,G07_59_H7
2024-02-16 00:00:00,10.0,1.0,10.0,12.0,8.0,2.56,1280.0,245.75,40.0,0.78,0.63,31.0,29.0,0.55,0.65,0.0,0.0,1.0,1.0,30400.0,G07_59_H7
2024-02-17 00:00:00,17.0,3.0,11.0,6.0,12.0,3.09,1545.0,202.4,52.000000000007276,0.84,0.67,31.0,28.9,0.53,0.7,0.0,0.0,1.0,1.0,30400.0,G07_59_H7
2024-02-18 00:00:00,23.0,13.0,12.0,5.0,17.0,3.66,1830.0,96.1,83.99999999997817,0.9,0.75,30.6,28.8,0.6,0.72,0.0,0.0,1.0,1.0,30400.0,G07_59_H7
2024-02-19 00:00:00,13.0,3.0,13.0,6.0,14.0,3.86,1930.0,63.1,52.000000000007276,0.89,0.78,30.1,28.0,0.5,0.65,0.0,0.0,1.0,1.0,30400.0,G07_59_H7
2024-02-20 00:00:00,3.0,0.0,14.0,6.0,17.0,4.23,2115.0,265.75,55.99999999998545,0.82,0.66,29.7,27.2,0.47,0.58,0.0,0.0,1.0,1.0,30400.0,G07_59_H7
2024-02-21 00:00:00,0.0,-1.0,15.0,4.0,18.0,4.58,2290.0,298.0,50.0,0.82,0.68,29.1,26.6,0.45,0.55,0.0,0.0,1.0,1.0,30400.0,G07_59_H7
2024-02-22 00:00:00,0.0,-4.0,16.0,5.0,15.0,4.97,2485.0,275.0,50.0,0.86,0.68,28.9,26.5,0.45,0.52,0.0,0.0,1.3,1.3,30400.0,G07_59_H7
2024-02-23 00:00:00,1.0,-2.0,17.0,4.0,18.0,5.35,2675.0,262.8,54.00000000001455,0.88,0.71,29.1,26.4,0.45,0.5,0.0,0.0,1.3,1.3,30400.0,G07_59_H7
2024-02-24 00:00:00,1.0,-3.0,18.0,3.0,16.0,5.85,2925.0,244.8,54.00000000001455,0.87,0.73,28.1,26.2,0.45,0.5,0.0,0.0,1.3,1.3,30400.0,G07_59_H7
2024-02-25 00:00:00,5.0,-1.0,19.0,4.0,16.0,6.1,3050.0,216.0,40.0,0.88,0.73,27.8,25.8,0.45,0.52,0.0,0.0,1.3,1.3,30400.0,G07_59_H7
2024-02-26 00:00:00,7.0,-2.0,20.0,4.0,12.0,6.33,3165.0,170.2,40.0,0.87,0.73,27.6,25.7,0.43,0.47,0.0,0.0,1.3,1.3,30400.0,G07_59_H7
2024-02-27 00:00:00,7.0,0.0,21.0,3.0,11.0,6.91,3455.0,145.75,37.999999999992724,0.87,0.73,26.9,25.1,0.43,0.47,0.0,0.0,1.3,1.5,30400.0,G07_59_H7
2024-02-28 00:00:00,5.0,2.0,22.0,3.0,6.0,7.37,3685.0,134.4,37.999999999992724,0.87,0.73,26.9,25.1,0.45,0.52,0.0,0.0,1.5,1.5,30400.0,G07_59_H7
2024-02-29 00:00:00,5.0,-2.0,23.0,4.0,8.0,7.28,3640.0,160.9,35.99999999998545,0.88,0.76,26.2,24.5,0.45,0.49,0.0,0.0,1.5,1.5,30400.0,G07_59_H7
2024-03-01 00:00:00,6.0,-1.0,24.0,5.0,11.0,7.64,3820.0,166.0,35.99999999998545,0.85,0.74,26.6,24.4,0.4,0.45,0.0,0.0,1.5,1.5,30400.0,G07_59_H7
2024-03-02 00:00:00,11.0,0.0,25.0,7.0,18.0,7.82,3910.0,125.0,35.99999999998545,0.88,0.74,25.9,24.0,0.42,0.55,0.0,0.0,1.5,1.5,30400.0,G07_59_H7
2024-03-03 00:00:00,14.0,3.0,26.0,4.0,37.0,8.31,4155.0,78.6,37.999999999992724,0.91,0.76,26.3,24.2,0.4,0.5,0.0,0.0,1.5,1.5,30400.0,G07_59_H7
2024-03-04 00:00:00,10.0,7.0,27.0,3.0,36.0,8.46,4230.0,21.0,40.0,0.88,0.81,26.1,24.2,0.38,0.45,0.0,0.0,1.5,1.5,30400.0,G07_59_H7
2024-03-05 00:00:00,9.0,5.0,28.0,5.0,30.0,8.67,4335.0,9.75,42.000000000007276,0.92,0.85,26.1,23.9,0.35,0.43,0.0,0.0,1.5,1.7,30400.0,G07_59_H7
2024-03-06 00:00:00,10.0,0.0,29.0,6.0,19.0,8.9,4450.0,57.0,40.0,0.88,0.78,24.9,23.1.,0.37,0.44,0.0,0.0,1.7,1.7,30400.0,G07_59_H7
2024-03-07 00:00:00,14.0,1.0,30.0,6.0,21.0,8.74,4370.0,94.9,40.0,0.89,0.7,25.0,22.6,0.32,0.54,0.0,0.0,1.7,1.7,30400.0,G07_59_H7
2024-03-08 00:00:00,13.0,0.0,31.0,7.0,22.0,9.19,4595.0,50.0,44.00000000001455,0.9,0.73,24.7,22.1,0.34,0.54,0.0,0.0,1.7,1.7,30400.0,G07_59_H7
2024-03-09 00:00:00,12.0,2.0,32.0,10.0,12.0,9.9,4950.0,67.8,44.00000000001455,0.88,0.73,24.6,22.2,0.3,0.5,0.0,0.0,1.7,1.7,30400.0,G07_59_H7
2024-03-10 00:00:00,16.0,5.0,33.0,12.0,6.0,10.34,5170.0,74.4,40.0,0.83,0.71,24.6,21.7,0.3,0.47,0.0,0.0,1.7,1.7,30400.0,G07_59_H7
2024-03-11 00:00:00,21.0,6.0,34.0,26.0,8.0,10.9,5450.0,16.6,40.0,0.85,0.69,27.2,22.5,0.35,0.9,0.0,0.0,1.7,3.0,30400.0,G07_59_H7
2024-03-12 00:00:00,16.0,4.0,35.0,43.0,5.0,10.6,5300.0,7.75,42.000000000007276,0.85,0.68,24.7,21.7,0.35,0.86,0.0,0.0,2.0,3.0,30400.0,G07_59_H7
2024-03-13 00:00:00,16.0,7.0,36.0,48.0,4.0,9.46,4730.0,71.6,42.000000000007276,0.86,0.61,24.1,20.4,0.43,0.86,0.0,0.0,2.0,3.0,30400.0,G07_59_H7
2024-03-14 00:00:00,16.0,5.0,37.0,78.0,0.0,9.1,4550.0,7.25,42.000000000007276,0.87,0.78,23.2,21.0,0.45,0.7,0.0,0.0,2.0,2.0,30400.0,G07_59_H7
2024-03-15 00:00:00,20.0,4.0,38.0,0.0,0.0,0.0,0.0,0.0,0.0,0.0,0.0,0.0,0.0,0.0,0.0,0.0,0.0,0.0,0.0,30400.0,G07_59_H7
2024-02-07 00:00:00,4.0,-4.0,0.0,,,,0.0,576.0,,,,,,,,,,,,29400.0,G07_59_H8
2024-02-08 00:00:00,7.0,-4.0,1.0,16.0,5.0,0.71,355.0,321.0,40.0,0.55,0.5,35.3,33.0,0.6,0.62,0.0,0.0,1.0,1.0,29400.0,G07_59_H8
2024-02-09 00:00:00,10.0,-1.0,2.0,12.0,18.0,0.85,425.0,247.75,40.0,0.56,0.51,34.9,32.5,0.6,0.64,0.0,0.0,1.0,1.0,29400.0,G07_59_H8
2024-02-10 00:00:00,15.0,0.0,3.0,14.0,25.0,1.05,525.0,258.3,60.0,0.61,0.53,34.0,31.8,0.6,0.65,0.0,0.0,1.0,1.0,29400.0,G07_59_H8
2024-02-11 00:00:00,15.0,1.0,4.0,12.0,18.0,1.3,650.0,217.6,64.00000000001455,0.66,0.59,33.1,31.4,0.58,0.62,0.0,0.0,1.0,1.0,29400.0,G07_59_H8
2024-02-12 00:00:00,18.0,4.0,5.0,8.0,17.0,1.6,800.0,230.1,80.0,0.67,0.58,32.4,30.5,0.64,0.76,0.0,0.0,1.0,1.0,29400.0,G07_59_H8
2024-02-13 00:00:00,20.0,6.0,6.0,7.0,27.0,1.87,935.0,213.4,47.999999999992724,0.73,0.65,31.1,29.6,0.54,0.75,0.0,0.0,1.0,1.0,29400.0,G07_59_H8
2024-02-14 00:00:00,22.0,4.0,7.0,7.0,38.0,2.21,1105.0,213.4,52.000000000007276,0.78,0.72,30.6,29.2,0.57,0.77,0.0,0.0,1.0,1.0,29400.0,G07_59_H8
2024-02-15 00:00:00,7.0,-2.0,8.0,19.0,140.0,2.53,1265.0,149.2,44.00000000001455,0.78,0.72,30.6,29.2,0.55,0.7,0.0,0.0,1.0,1.0,29400.0,G07_59_H8
2024-02-16 00:00:00,10.0,1.0,9.0,20.0,8.0,2.64,1320.0,245.75,40.0,0.76,0.61,30.3,28.4,0.55,0.65,0.0,0.0,1.0,1.0,29400.0,G07_59_H8
2024-02-17 00:00:00,17.0,3.0,10.0,8.0,23.0,3.07,1535.0,202.4,52.000000000007276,0.8,0.65,30.1,28.6,0.53,0.7,0.0,0.0,1.0,1.0,29400.0,G07_59_H8
2024-02-18 00:00:00,23.0,13.0,11.0,6.0,14.0,3.94,1970.0,96.1,52.000000000007276,0.85,0.73,30.1,28.4,0.6,0.72,0.0,0.0,1.0,1.0,29400.0,G07_59_H8
2024-02-19 00:00:00,13.0,3.0,12.0,5.0,18.0,4.29,2145.0,63.1,52.000000000007276,0.84,0.75,29.8,27.4,0.5,0.65,0.0,0.0,1.0,1.0,29400.0,G07_59_H8
2024-02-20 00:00:00,3.0,0.0,13.0,5.0,19.0,4.41,2205.0,265.75,55.99999999998545,0.8,0.67,29.2,26.6,0.47,0.58,0.0,0.0,1.0,1.0,29400.0,G07_59_H8
2024-02-21 00:00:00,0.0,-1.0,14.0,6.0,27.0,4.7,2350.0,298.0,50.0,0.9,0.63,28.6,26.1,0.45,0.55,0.0,0.0,1.0,1.0,29400.0,G07_59_H8
2024-02-22 00:00:00,0.0,-4.0,15.0,7.0,29.0,5.05,2525.0,275.0,50.0,0.81,0.64,28.7,26.2,0.45,0.52,0.0,0.0,1.3,1.3,29400.0,G07_59_H8
2024-02-23 00:00:00,1.0,-2.0,16.0,6.0,46.0,5.14,2570.0,262.8,54.00000000001455,0.95,0.7,28.5,25.9,0.45,0.5,0.0,0.0,1.3,1.3,29400.0,G07_59_H8
2024-02-24 00:00:00,1.0,-3.0,17.0,7.0,28.0,5.53,2765.0,244.8,54.00000000001455,0.83,0.7,28.0,25.7,0.45,0.5,0.0,0.0,1.3,1.3,29400.0,G07_59_H8
2024-02-25 00:00:00,5.0,-1.0,18.0,4.0,27.0,6.04,3020.0,216.0,40.0,0.81,0.7,27.4,25.4,0.45,0.52,0.0,0.0,1.3,1.3,29400.0,G07_59_H8
2024-02-26 00:00:00,7.0,-2.0,19.0,5.0,28.0,6.05,3025.0,170.2,40.0,0.82,0.69,27.5,25.2,0.43,0.47,0.0,0.0,1.3,1.3,29400.0,G07_59_H8
2024-02-27 00:00:00,7.0,0.0,20.0,4.0,24.0,6.44,3220.0,145.75,37.999999999992724,0.8,0.67,26.5,24.5,0.43,0.47,0.0,0.0,1.3,1.5,29400.0,G07_59_H8
2024-02-28 00:00:00,5.0,2.0,21.0,4.0,25.0,6.76,3380.0,134.4,37.999999999992724,0.8,0.67,26.5,24.5,0.45,0.52,0.0,0.0,1.5,1.5,29400.0,G07_59_H8
2024-02-29 00:00:00,5.0,-2.0,22.0,3.0,24.0,6.94,3470.0,160.9,35.99999999998545,0.82,0.69,26.2,24.2,0.45,0.49,0.0,0.0,1.5,1.5,29400.0,G07_59_H8
2024-03-01 00:00:00,6.0,-1.0,23.0,5.0,28.0,7.32,3660.0,166.0,35.99999999998545,0.79,0.66,26.2,23.8,0.4,0.45,0.0,0.0,1.5,1.5,29400.0,G07_59_H8
2024-03-02 00:00:00,11.0,0.0,24.0,6.0,32.0,7.54,3770.0,125.0,35.99999999998545,0.85,7.0,26.2,23.4,0.42,0.55,0.0,0.0,1.5,1.5,29400.0,G07_59_H8
2024-03-03 00:00:00,14.0,3.0,25.0,5.0,30.0,7.3,3650.0,78.6,37.999999999992724,0.88,0.7,25.9,23.9,0.4,0.5,0.0,0.0,1.5,1.5,29400.0,G07_59_H8
2024-03-04 00:00:00,10.0,7.0,26.0,5.0,25.0,7.65,3825.0,21.0,40.0,0.83,0.74,25.4,23.9,0.38,0.45,0.0,0.0,1.5,1.5,29400.0,G07_59_H8
2024-03-05 00:00:00,9.0,5.0,27.0,15.0,40.0,8.06,4030.0,9.75,42.000000000007276,0.87,0.82,25.6,23.2,0.35,0.43,0.0,0.0,1.5,1.7,29400.0,G07_59_H8
2024-03-06 00:00:00,10.0,0.0,28.0,17.0,28.0,8.22,4110.0,57.0,40.0,0.83,0.73,24.4,22.8,0.37,0.44,0.0,0.0,1.7,1.7,29400.0,G07_59_H8
2024-03-07 00:00:00,14.0,1.0,29.0,27.0,20.0,8.58,4290.0,94.9,40.0,0.84,0.67,24.7,22.6,0.32,0.54,0.0,0.0,1.7,1.7,29400.0,G07_59_H8
2024-03-08 00:00:00,13.0,0.0,30.0,25.0,22.0,8.64,4320.0,50.0,44.00000000001455,0.82,0.69,24.2,22.0,0.34,0.54,0.0,0.0,1.7,1.7,29400.0,G07_59_H8
2024-03-09 00:00:00,12.0,2.0,31.0,26.0,20.0,8.76,4380.0,67.8,44.00000000001455,0.83,0.69,24.1,22.1,0.3,0.5,0.0,0.0,1.7,1.7,29400.0,G07_59_H8
2024-03-10 00:00:00,16.0,5.0,32.0,48.0,72.0,8.52,4260.0,74.4,40.0,0.83,0.71,24.2,21.6,0.3,0.47,0.0,0.0,1.7,1.7,29400.0,G07_59_H8
2024-03-11 00:00:00,21.0,6.0,33.0,162.0,30.0,8.3,4150.0,16.6,40.0,0.82,0.66,26.3,22.4,0.35,0.9,0.0,0.0,1.7,3.0,29400.0,G07_59_H8
2024-03-12 00:00:00,16.0,4.0,34.0,310.0,13.0,8.002,4001.0,7.75,42.000000000007276,0.83,0.65,23.7,22.0,0.35,0.86,0.0,0.0,2.0,3.0,29400.0,G07_59_H8
2024-03-13 00:00:00,16.0,7.0,35.0,320.0,40.0,7.2,3600.0,71.6,42.000000000007276,0.8,0.6,23.4,20.4,0.43,0.86,0.0,0.0,2.0,3.0,29400.0,G07_59_H8
2024-03-14 00:00:00,16.0,5.0,36.0,327.0,0.0,6.91,3455.0,7.25,42.000000000007276,0.86,0.75,22.5,20.4,0.45,0.7,0.0,0.0,2.0,2.0,29400.0,G07_59_H8
2024-03-15 00:00:00,20.0,4.0,37.0,0.0,0.0,0.0,0.0,0.0,0.0,0.0,0.0,0.0,0.0,0.0,0.0,0.0,0.0,0.0,0.0,29400.0,G07_59_H8
2024-02-07 00:00:00,4.0,-4.0,1.0,15.0,3.0,0.72,360.0,576.0,40.0,0.62,0.48,35.1,33.4,0.6,0.65,0.0,0.0,1.0,1.0,30500.0,G07_59_H9
2024-02-08 00:00:00,7.0,-4.0,2.0,5.0,2.0,1.0,500.0,321.0,40.0,0.62,0.56,35.1,33.4,0.6,0.62,0.0,0.0,1.0,1.0,30500.0,G07_59_H9
2024-02-09 00:00:00,10.0,-1.0,3.0,9.0,618.0,1.06,530.0,247.75,40.0,0.65,0.58,34.6,32.3,0.6,0.64,0.0,0.0,1.0,1.0,30500.0,G07_59_H9
2024-02-10 00:00:00,15.0,0.0,4.0,14.0,243.0,1.3,650.0,258.3,60.0,0.69,0.62,34.1,32.0,0.6,0.65,0.0,0.0,1.0,1.0,30500.0,G07_59_H9
2024-02-11 00:00:00,15.0,1.0,5.0,11.0,130.0,1.5,750.0,217.6,64.00000000001455,0.71,0.64,33.2,31.3,0.58,0.62,0.0,0.0,1.0,1.0,30500.0,G07_59_H9
2024-02-12 00:00:00,18.0,4.0,6.0,7.0,41.0,1.7,850.0,230.1,35.99999999998545,0.71,0.64,32.4,30.4,0.64,0.76,0.0,0.0,1.0,1.0,30500.0,G07_59_H9
2024-02-13 00:00:00,20.0,6.0,7.0,10.0,44.0,1.77,885.0,213.4,47.999999999992724,0.74,0.67,31.6,29.8,0.54,0.75,0.0,0.0,1.0,1.0,30500.0,G07_59_H9
2024-02-14 00:00:00,22.0,4.0,8.0,8.0,25.0,2.01,1005.0,213.4,52.000000000007276,0.79,0.67,31.2,29.5,0.57,0.77,0.0,0.0,1.0,1.0,30500.0,G07_59_H9
2024-02-15 00:00:00,7.0,-2.0,9.0,25.0,170.0,2.15,1075.0,149.2,44.00000000001455,0.79,0.67,31.2,29.5,0.55,0.7,0.0,0.0,1.0,1.0,30500.0,G07_59_H9
2024-02-16 00:00:00,10.0,1.0,10.0,20.0,9.0,2.37,1185.0,245.75,40.0,0.79,0.66,30.9,29.0,0.55,0.65,0.0,0.0,1.0,1.0,30500.0,G07_59_H9
2024-02-17 00:00:00,17.0,3.0,11.0,6.0,14.0,2.77,1385.0,202.4,52.000000000007276,0.83,0.66,30.8,29.2,0.53,0.7,0.0,0.0,1.0,1.0,30500.0,G07_59_H9
2024-02-18 00:00:00,23.0,13.0,12.0,2.0,12.0,3.4,1700.0,96.1,52.000000000007276,0.89,0.73,30.7,29.0,0.6,0.72,0.0,0.0,1.0,1.0,30500.0,G07_59_H9
2024-02-19 00:00:00,13.0,3.0,13.0,3.0,17.0,3.57,1785.0,63.1,52.000000000007276,0.88,0.76,30.3,28.2,0.5,0.65,0.0,0.0,1.0,1.0,30500.0,G07_59_H9
2024-02-20 00:00:00,3.0,0.0,14.0,6.0,35.0,3.82,1910.0,265.75,55.99999999998545,0.8,0.65,29.5,27.2,0.47,0.58,0.0,0.0,1.0,1.0,30500.0,G07_59_H9
2024-02-21 00:00:00,0.0,-1.0,15.0,7.0,39.0,4.15,2075.0,298.0,50.0,0.84,0.68,28.7,26.6,0.45,0.55,0.0,0.0,1.0,1.0,30500.0,G07_59_H9
2024-02-22 00:00:00,0.0,-4.0,16.0,6.0,41.0,4.37,2185.0,276.0,50.0,0.85,0.68,28.8,26.6,0.45,0.52,0.0,0.0,1.3,1.3,30500.0,G07_59_H9
2024-02-23 00:00:00,1.0,-2.0,17.0,4.0,36.0,4.73,2365.0,262.8,54.00000000001455,0.88,0.7,28.5,26.5,0.45,0.5,0.0,0.0,1.3,1.3,30500.0,G07_59_H9
2024-02-24 00:00:00,1.0,-3.0,18.0,3.0,27.0,4.95,2475.0,244.8,54.00000000001455,0.87,0.71,27.8,26.3,0.45,0.5,0.0,0.0,1.3,1.3,30500.0,G07_59_H9
2024-02-25 00:00:00,5.0,-1.0,19.0,2.0,17.0,5.38,2690.0,216.0,40.0,0.89,0.74,27.4,26.0,0.45,0.52,0.0,0.0,1.3,1.3,30500.0,G07_59_H9
2024-02-26 00:00:00,7.0,-2.0,20.0,3.0,17.0,5.55,2775.0,170.2,40.0,0.87,0.74,27.2,25.7,0.43,0.47,0.0,0.0,1.3,1.3,30500.0,G07_59_H9
2024-02-27 00:00:00,7.0,0.0,21.0,5.0,18.0,5.98,2990.0,145.75,37.999999999992724,0.87,0.73,26.8,25.2,0.43,0.47,0.0,0.0,1.3,1.5,30500.0,G07_59_H9
2024-02-28 00:00:00,5.0,2.0,22.0,4.0,9.0,6.56,3280.0,134.4,37.999999999992724,0.87,0.73,26.8,25.2,0.45,0.52,0.0,0.0,1.5,1.5,30500.0,G07_59_H9
2024-02-29 00:00:00,5.0,-2.0,23.0,2.0,12.0,6.75,3375.0,160.9,35.99999999998545,0.9,0.75,26.4,24.9,0.45,0.49,0.0,0.0,1.5,1.5,30500.0,G07_59_H9
2024-03-01 00:00:00,6.0,-1.0,24.0,5.0,9.0,7.12,3560.0,167.0,35.99999999998545,0.88,0.75,26.0,24.5,0.4,0.45,0.0,0.0,1.5,1.5,30500.0,G07_59_H9
2024-03-02 00:00:00,11.0,0.0,25.0,7.0,13.0,7.6,3800.0,125.0,35.99999999998545,0.91,0.75,26.1,24.1,0.42,0.55,0.0,0.0,1.5,1.5,30500.0,G07_59_H9
2024-03-03 00:00:00,14.0,3.0,26.0,2.0,35.0,7.56,3780.0,78.6,37.999999999992724,0.92,0.76,26.2,24.2,0.4,0.5,0.0,0.0,1.5,1.5,30500.0,G07_59_H9
2024-03-04 00:00:00,10.0,7.0,27.0,5.0,35.0,7.95,3975.0,21.0,40.0,0.91,0.8,25.9,24.3,0.38,0.45,0.0,0.0,1.5,1.5,30500.0,G07_59_H9
2024-03-05 00:00:00,9.0,5.0,28.0,5.0,14.0,8.14,4070.0,9.75,42.000000000007276,0.93,0.84,26.1,23.9,0.35,0.43,0.0,0.0,1.5,1.7,30500.0,G07_59_H9
2024-03-06 00:00:00,10.0,0.0,29.0,9.0,7.0,8.41,4205.0,57.0,40.0,0.93,0.77,25.0,23.1,0.37,0.44,0.0,0.0,1.7,1.7,30500.0,G07_59_H9
2024-03-07 00:00:00,14.0,1.0,30.0,12.0,6.0,8.32,4160.0,94.9,40.0,0.91,0.72,25.0,22.8,0.32,0.54,0.0,0.0,1.7,1.7,30500.0,G07_59_H9
2024-03-08 00:00:00,13.0,0.0,31.0,16.0,10.0,8.35,4175.0,50.0,44.00000000001455,0.88,0.71,24.9,22.6,0.34,0.54,0.0,0.0,1.7,1.7,30500.0,G07_59_H9
2024-03-09 00:00:00,12.0,2.0,32.0,25.0,9.0,8.62,4310.0,67.8,44.00000000001455,0.91,0.72,25.1,22.6,0.3,0.5,0.0,0.0,1.7,1.7,30500.0,G07_59_H9
2024-03-10 00:00:00,16.0,5.0,33.0,23.0,4.0,8.87,4435.0,74.4,40.0,0.88,0.74,24.8,22.4,0.3,0.47,0.0,0.0,1.7,1.7,30500.0,G07_59_H9
2024-03-11 00:00:00,21.0,6.0,34.0,34.0,10.0,8.85,4425.0,16.6,40.0,0.86,0.69,27.2,22.6,0.35,0.9,0.0,0.0,1.7,3.0,30500.0,G07_59_H9
2024-03-12 00:00:00,16.0,4.0,35.0,58.0,8.0,9.52,4760.0,7.75,42.000000000007276,0.85,0.69,24.4,21.8,0.35,0.86,0.0,0.0,2.0,3.0,30500.0,G07_59_H9
2024-03-13 00:00:00,16.0,7.0,36.0,50.0,0.0,8.86,4430.0,71.8,42.000000000007276,0.87,0.61,24.3,20.2,0.43,0.86,0.0,0.0,2.0,3.0,30500.0,G07_59_H9
2024-03-14 00:00:00,16.0,5.0,37.0,79.0,0.0,8.88,4440.0,7.25,42.000000000007276,0.89,0.78,23.1,20.9,0.45,0.7,0.0,0.0,2.0,2.0,30500.0,G07_59_H9
2024-03-15 00:00:00,20.0,4.0,38.0,0.0,0.0,0.0,0.0,0.0,0.0,0.0,0.0,0.0,0.0,0.0,0.0,0.0,0.0,0.0,0.0,30500.0,G07_59_H9
2024-02-07 00:00:00,4.0,-4.0,0.0,,,,0.0,576.0,,,,,,,,,,,,29300.0,G07_59_H10
2024-02-08 00:00:00,7.0,-4.0,1.0,23.0,7.0,0.75,375.0,321.0,40.0,0.62,0.56,35.2,33.1,0.6,0.62,0.0,0.0,1.0,1.0,29300.0,G07_59_H10
2024-02-09 00:00:00,10.0,-1.0,2.0,20.0,6.0,0.86,430.0,247.75,40.0,0.69,0.63,34.8,32.4,0.6,0.64,0.0,0.0,1.0,1.0,29300.0,G07_59_H10
2024-02-10 00:00:00,15.0,0.0,3.0,24.0,28.0,1.05,525.0,259.0,60.0,0.74,0.66,33.7,31.7,0.6,0.65,0.0,0.0,1.0,1.0,29300.0,G07_59_H10
2024-02-11 00:00:00,15.0,1.0,4.0,22.0,32.0,1.3,650.0,217.6,64.00000000001455,0.78,0.72,33.4,31.0,0.58,0.62,0.0,0.0,1.0,1.0,29300.0,G07_59_H10
2024-02-12 00:00:00,18.0,4.0,5.0,14.0,12.0,1.6,800.0,230.1,75.99999999998545,0.77,0.7,32.5,30.5,0.64,0.76,0.0,0.0,1.0,1.0,29300.0,G07_59_H10
2024-02-13 00:00:00,20.0,6.0,6.0,12.0,24.0,1.85,925.0,213.4,47.999999999992724,0.82,0.72,31.6,29.5,0.54,0.75,0.0,0.0,1.0,1.0,29300.0,G07_59_H10
2024-02-14 00:00:00,22.0,4.0,7.0,18.0,42.0,2.15,1075.0,213.4,52.000000000007276,0.85,0.77,30..5,28.9,0.57,0.77,0.0,0.0,1.0,1.0,29300.0,G07_59_H10
2024-02-15 00:00:00,7.0,-2.0,8.0,28.0,191.0,2.46,1230.0,149.2,44.00000000001455,0.85,0.77,30..5,28.9,0.55,0.7,0.0,0.0,1.0,1.0,29300.0,G07_59_H10
2024-02-16 00:00:00,10.0,1.0,9.0,18.0,12.0,2.49,1245.0,245.75,40.0,0.82,0.71,30.4,28.1,0.55,0.65,0.0,0.0,1.0,1.0,29300.0,G07_59_H10
2024-02-17 00:00:00,17.0,3.0,10.0,9.0,11.0,2.97,1485.0,202.4,52.000000000007276,0.86,0.73,30.3,28.3,0.53,0.7,0.0,0.0,1.0,1.0,29300.0,G07_59_H10
2024-02-18 00:00:00,23.0,13.0,11.0,5.0,16.0,3.68,1840.0,96.1,83.99999999997817,0.93,0.81,30.4,28.3,0.6,0.72,0.0,0.0,1.0,1.0,29300.0,G07_59_H10
2024-02-19 00:00:00,13.0,3.0,12.0,2.0,7.0,3.97,1985.0,63.1,52.000000000007276,0.92,0.86,29.6,27.5,0.5,0.65,0.0,0.0,1.0,1.0,29300.0,G07_59_H10
2024-02-20 00:00:00,3.0,0.0,13.0,4.0,27.0,4.23,2115.0,265.75,55.99999999998545,0.87,0.73,29.3,26.6,0.47,0.58,0.0,0.0,1.0,1.0,29300.0,G07_59_H10
2024-02-21 00:00:00,0.0,-1.0,14.0,3.0,35.0,4.45,2225.0,298.0,50.0,0.89,0.75,28.6,26.1,0.45,0.55,0.0,0.0,1.0,1.0,29300.0,G07_59_H10
2024-02-22 00:00:00,0.0,-4.0,15.0,7.0,37.0,4.84,2420.0,276.0,50.0,0.91,0.76,28.7,26.0,0.45,0.52,0.0,0.0,1.3,1.3,29300.0,G07_59_H10
2024-02-23 00:00:00,1.0,-2.0,16.0,6.0,50.0,5.03,2515.0,262.8,54.00000000001455,0.92,0.78,28.8,26.0,0.45,0.5,0.0,0.0,1.3,1.3,29300.0,G07_59_H10
2024-02-24 00:00:00,1.0,-3.0,17.0,7.0,53.0,5.23,2615.0,244.8,54.00000000001455,0.91,0.76,28.0,25.7,0.45,0.5,0.0,0.0,1.3,1.3,29300.0,G07_59_H10
2024-02-25 00:00:00,5.0,-1.0,18.0,8.0,40.0,5.71,2855.0,216.0,40.0,0.93,0.79,27.9,25.5,0.45,0.52,0.0,0.0,1.3,1.3,29300.0,G07_59_H10
2024-02-26 00:00:00,7.0,-2.0,19.0,6.0,30.0,5.98,2990.0,170.2,40.0,0.92,0.8,27.4,25.5,0.43,0.47,0.0,0.0,1.3,1.3,29300.0,G07_59_H10
2024-02-27 00:00:00,7.0,0.0,20.0,5.0,32.0,6.36,3180.0,145.75,37.999999999992724,0.92,0.8,27.0,24.1,0.43,0.47,0.0,0.0,1.3,1.5,29300.0,G07_59_H10
2024-02-28 00:00:00,5.0,2.0,21.0,8.0,39.0,6.83,3415.0,134.4,37.999999999992724,0.92,0.8,27.0,24.1,0.45,0.52,0.0,0.0,1.5,1.5,29300.0,G07_59_H10
2024-02-29 00:00:00,5.0,-2.0,22.0,12.0,25.0,7.13,3565.0,160.9,35.99999999998545,0.92,0.79,26.8,23.9,0.45,0.49,0.0,0.0,1.5,1.5,29300.0,G07_59_H10
2024-03-01 00:00:00,6.0,-1.0,23.0,3.0,33.0,7.45,3725.0,167.0,35.99999999998545,0.93,0.83,26.2,23.8,0.4,0.45,0.0,0.0,1.5,1.5,29300.0,G07_59_H10
2024-03-02 00:00:00,11.0,0.0,24.0,9.0,38.0,7.52,3760.0,125.0,35.99999999998545,0.93,0.81,25.7,23.6,0.42,0.55,0.0,0.0,1.5,1.5,29300.0,G07_59_H10
2024-03-03 00:00:00,14.0,3.0,25.0,5.0,45.0,7.13,3565.0,78.6,37.999999999992724,0.94,0.84,25.9,24.1,0.4,0.5,0.0,0.0,1.5,1.5,29300.0,G07_59_H10
2024-03-04 00:00:00,10.0,7.0,26.0,10.0,34.0,7.68,3840.0,21.0,40.0,0.92,0.88,25.4,23.9,0.38,0.45,0.0,0.0,1.5,1.5,29300.0,G07_59_H10
2024-03-05 00:00:00,9.0,5.0,27.0,18.0,51.0,7.99,3995.0,9.75,42.000000000007276,0.92,0.81,25.6,23.6,0.35,0.43,0.0,0.0,1.5,1.7,29300.0,G07_59_H10
2024-03-06 00:00:00,10.0,0.0,28.0,20.0,41.0,8.01,4005.0,57.0,40.0,0.92,0.86,25.0,22.9,0.37,0.44,0.0,0.0,1.7,1.7,29300.0,G07_59_H10
2024-03-07 00:00:00,14.0,1.0,29.0,25.0,50.0,8.91,4455.0,94.9,40.0,0.93,0.79,25.0,22.5,0.32,0.54,0.0,0.0,1.7,1.7,29300.0,G07_59_H10
2024-03-08 00:00:00,13.0,0.0,30.0,28.0,45.0,9.07,4535.0,50.0,44.00000000001455,0.95,0.8,24.5,22.3,0.34,0.54,0.0,0.0,1.7,1.7,29300.0,G07_59_H10
2024-03-09 00:00:00,12.0,2.0,31.0,47.0,43.0,9.02,4510.0,67.8,44.00000000001455,0.94,0.8,24.3,22.1,0.3,0.5,0.0,0.0,1.7,1.7,29300.0,G07_59_H10
2024-03-10 00:00:00,16.0,5.0,32.0,41.0,32.0,9.26,4630.0,74.4,40.0,0.96,0.84,24.7,21.7,0.3,0.47,0.0,0.0,1.7,1.7,29300.0,G07_59_H10
2024-03-11 00:00:00,21.0,6.0,33.0,88.0,20.0,9.6,4800.0,16.6,40.0,0.93,0.78,27.0,22.2,0.35,0.9,0.0,0.0,1.7,3.0,29300.0,G07_59_H10
2024-03-12 00:00:00,16.0,4.0,34.0,72.0,0.0,10.29,5145.0,7.75,42.000000000007276,0.94,0.77,24.3,21.7,0.35,0.86,0.0,0.0,2.0,3.0,29300.0,G07_59_H10
2024-03-13 00:00:00,16.0,7.0,35.0,94.0,0.0,10.16,5080.0,71.8,42.000000000007276,0.93,0.72,24.0,20.2,0.43,0.86,0.0,0.0,2.0,3.0,29300.0,G07_59_H10
2024-03-14 00:00:00,16.0,5.0,36.0,103.0,0.0,10.08,5040.0,7.25,42.000000000007276,0.95,0.88,23.2,20.8,0.45,0.7,0.0,0.0,2.0,2.0,29300.0,G07_59_H10
2024-03-15 00:00:00,20.0,4.0,37.0,80.0,0.0,10.14,5070.0,101.8,42.000000000007276,0.95,0.89,21.9,19.2,0.45,6.0,0.0,0.0,2.0,2.0,29300.0,G07_59_H10
2024-02-07 00:00:00,4.0,-4.0,0.0,,,,0.0,576.0,,,,,,,,,,,,29000.0,G07_59_H11
2024-02-08 00:00:00,7.0,-4.0,1.0,15.0,2.0,0.72,360.0,321.0,40.0,0.6,0.56,34.8,33.3,0.6,0.62,0.0,0.0,1.0,1.0,29000.0,G07_59_H11
2024-02-09 00:00:00,10.0,-1.0,2.0,11.0,8.0,0.88,440.0,247.75,40.0,0.68,0.62,34.0,32.8,0.6,0.64,0.0,0.0,1.0,1.0,29000.0,G07_59_H11
2024-02-10 00:00:00,15.0,0.0,3.0,9.0,11.0,1.05,525.0,258.0,60.0,0.74,0.67,33.7,32.0,0.6,0.65,0.0,0.0,1.0,1.0,29000.0,G07_59_H11
2024-02-11 00:00:00,15.0,1.0,4.0,11.0,21.0,1.3,650.0,217.6,63.99999999999636,0.75,0.67,33.3,31.2,0.58,0.62,0.0,0.0,1.0,1.0,29000.0,G07_59_H11
2024-02-12 00:00:00,18.0,4.0,5.0,13.0,34.0,1.6,800.0,230.2,80.0,0.75,0.65,32.3,30.5,0.64,0.76,0.0,0.0,1.0,1.0,29000.0,G07_59_H11
2024-02-13 00:00:00,20.0,6.0,6.0,8.0,19.0,1.81,905.0,214.0,47.999999999992724,0.79,0.7,31.5,29.7,0.54,0.75,0.0,0.0,1.0,1.0,29000.0,G07_59_H11
2024-02-14 00:00:00,22.0,4.0,7.0,10.0,11.0,2.12,1060.0,214.0,52.000000000007276,0.83,0.73,30.9,29.2,0.57,0.77,0.0,0.0,1.0,1.0,29000.0,G07_59_H11
2024-02-15 00:00:00,7.0,-2.0,8.0,27.0,104.0,2.4,1200.0,149.2,43.99999999999636,0.83,0.73,30.9,29.2,0.55,0.7,0.0,0.0,1.0,1.0,29000.0,G07_59_H11
2024-02-16 00:00:00,10.0,1.0,9.0,19.0,5.0,2.48,1240.0,245.75,40.0,0.82,0.66,30.5,28.7,0.55,0.65,0.0,0.0,1.0,1.0,29000.0,G07_59_H11
2024-02-17 00:00:00,17.0,3.0,10.0,7.0,4.0,2.73,1365.0,202.4,52.000000000007276,0.87,0.68,30.3,28.7,0.53,0.7,0.0,0.0,1.0,1.0,29000.0,G07_59_H11
2024-02-18 00:00:00,23.0,13.0,11.0,6.0,6.0,3.23,1615.0,96.0,52.000000000007276,0.92,0.79,29.8,28.8,0.6,0.72,0.0,0.0,1.0,1.0,29000.0,G07_59_H11
2024-02-19 00:00:00,13.0,3.0,12.0,1.0,4.0,3.7,1850.0,63.1,52.000000000007276,0.94,0.83,29.5,27.7,0.5,0.65,0.0,0.0,1.0,1.0,29000.0,G07_59_H11
2024-02-20 00:00:00,3.0,0.0,13.0,5.0,12.0,3.94,1970.0,265.75,56.00000000000364,0.87,0.68,29.3,27.2,0.47,0.58,0.0,0.0,1.0,1.0,29000.0,G07_59_H11
2024-02-21 00:00:00,0.0,-1.0,14.0,1.0,8.0,4.32,2160.0,298.0,50.0,0.91,0.72,28.6,26.7,0.45,0.55,0.0,0.0,1.0,1.0,29000.0,G07_59_H11
2024-02-22 00:00:00,0.0,-4.0,15.0,3.0,20.0,4.65,2325.0,276.0,50.0,0.92,0.73,28.7,26.6,0.45,0.52,0.0,0.0,1.3,1.3,29000.0,G07_59_H11
2024-02-23 00:00:00,1.0,-2.0,16.0,2.0,49.0,4.8,2400.0,263.0,53.99999999999636,0.93,0.75,28.6,26.5,0.45,0.5,0.0,0.0,1.3,1.3,29000.0,G07_59_H11
2024-02-24 00:00:00,1.0,-3.0,17.0,5.0,47.0,5.15,2575.0,245.0,53.99999999999636,0.93,0.76,27.8,26.3,0.45,0.5,0.0,0.0,1.3,1.3,29000.0,G07_59_H11
2024-02-25 00:00:00,5.0,-1.0,18.0,5.0,16.0,5.59,2795.0,216.0,40.0,0.95,0.8,27.5,26.1,0.45,0.52,0.0,0.0,1.3,1.3,29000.0,G07_59_H11
2024-02-26 00:00:00,7.0,-2.0,19.0,6.0,22.0,5.68,2840.0,170.2,40.0,0.94,0.77,27.3,25.8,0.43,0.47,0.0,0.0,1.3,1.3,29000.0,G07_59_H11
2024-02-27 00:00:00,7.0,0.0,20.0,4.0,21.0,5.93,2965.0,145.75,37.999999999992724,0.94,0.76,26.8,25.1,0.43,0.47,0.0,0.0,1.3,1.5,29000.0,G07_59_H11
2024-02-28 00:00:00,5.0,2.0,21.0,5.0,13.0,6.36,3180.0,134.4,37.999999999992724,0.94,0.76,26.8,25.1,0.45,0.52,0.0,0.0,1.5,1.5,29000.0,G07_59_H11
2024-02-29 00:00:00,5.0,-2.0,22.0,4.0,18.0,6.54,3270.0,161.0,36.00000000000364,0.9,0.82,26.3,24.9,0.45,0.49,0.0,0.0,1.5,1.5,29000.0,G07_59_H11
2024-03-01 00:00:00,6.0,-1.0,23.0,2.0,16.0,7.04,3520.0,167.0,36.00000000000364,0.95,0.78,26.1,24.4,0.4,0.45,0.0,0.0,1.5,1.5,29000.0,G07_59_H11
2024-03-02 00:00:00,11.0,0.0,24.0,4.0,15.0,7.57,3785.0,125.0,36.00000000000364,0.95,0.78,26.0,24.3,0.42,0.55,0.0,0.0,1.5,1.5,29000.0,G07_59_H11
2024-03-03 00:00:00,14.0,3.0,25.0,4.0,14.0,7.45,3725.0,78.6,37.999999999992724,0.93,0.8,26.2,24.4,0.4,0.5,0.0,0.0,1.5,1.5,29000.0,G07_59_H11
2024-03-04 00:00:00,10.0,7.0,26.0,3.0,12.0,7.69,3845.0,21.0,40.0,0.93,0.85,26.0,24.5,0.38,0.45,0.0,0.0,1.5,1.5,29000.0,G07_59_H11
2024-03-05 00:00:00,9.0,5.0,27.0,16.0,21.0,7.97,3985.0,9.75,42.000000000007276,0.91,0.81,26.0,23.8,0.35,0.43,0.0,0.0,1.5,1.7,29000.0,G07_59_H11
2024-03-06 00:00:00,10.0,0.0,28.0,13.0,26.0,7.8,3900.0,57.0,40.0,0.93,0.83,24.9,23.2,0.37,0.44,0.0,0.0,1.7,1.7,29000.0,G07_59_H11
2024-03-07 00:00:00,14.0,1.0,29.0,12.0,11.0,8.41,4205.0,95.0,40.0,0.95,0.77,24.9,22.8,0.32,0.54,0.0,0.0,1.7,1.7,29000.0,G07_59_H11
2024-03-08 00:00:00,13.0,0.0,30.0,15.0,11.0,8.63,4315.0,49.0,43.99999999999636,0.96,0.77,24.5,22.4,0.34,0.54,0.0,0.0,1.7,1.7,29000.0,G07_59_H11
2024-03-09 00:00:00,12.0,2.0,31.0,19.0,15.0,8.43,4215.0,68.0,43.99999999999636,0.96,0.78,24.6,22.6,0.3,0.5,0.0,0.0,1.7,1.7,29000.0,G07_59_H11
2024-03-10 00:00:00,16.0,5.0,32.0,42.0,26.0,9.16,4580.0,74.6,40.0,0.98,0.73,24.9,22.2,0.3,0.47,0.0,0.0,1.7,1.7,29000.0,G07_59_H11
2024-03-11 00:00:00,21.0,6.0,33.0,68.0,58.0,8.86,4430.0,16.6,40.0,0.91,0.73,26.6,22.6,0.35,0.9,0.0,0.0,1.7,3.0,29000.0,G07_59_H11
2024-03-12 00:00:00,16.0,4.0,34.0,109.0,18.0,8.6,4300.0,7.75,42.000000000007276,0.92,0.74,24.3,21.8,0.35,0.86,0.0,0.0,2.0,3.0,29000.0,G07_59_H11
2024-03-13 00:00:00,16.0,7.0,35.0,106.0,0.0,8.0,4000.0,71.8,42.000000000007276,0.95,0.68,24.0,20.3,0.43,0.86,0.0,0.0,2.0,3.0,29000.0,G07_59_H11
2024-03-14 00:00:00,16.0,5.0,36.0,175.0,0.0,7.56,3780.0,7.25,42.000000000007276,0.97,0.83,23.5,21.1,0.45,0.7,0.0,0.0,2.0,2.0,29000.0,G07_59_H11
2024-03-15 00:00:00,20.0,4.0,37.0,200.0,0.0,7.73,3865.0,101.9,42.000000000007276,0.92,0.89,22.2,19.0,0.45,6.0,0.0,0.0,2.0,2.0,29000.0,G07_59_H11
2024-02-07 00:00:00,4.0,-4.0,0.0,,,,0.0,576.0,,,,,,,,,,,,29300.0,G07_59_H12
2024-02-08 00:00:00,7.0,-4.0,1.0,11.0,3.0,0.76,380.0,321.0,40.0,0.67,0.61,34.6,33.3,0.6,0.62,0.0,0.0,1.0,1.0,29300.0,G07_59_H12
2024-02-09 00:00:00,10.0,-1.0,2.0,19.0,15.0,0.86,430.0,247.75,40.0,0.75,0.67,34.1,32.7,0.6,0.64,0.0,0.0,1.0,1.0,29300.0,G07_59_H12
2024-02-10 00:00:00,15.0,0.0,3.0,13.0,13.0,1.05,525.0,258.3,60.0,0.78,0.71,33.2,31.8,0.6,0.65,0.0,0.0,1.0,1.0,29300.0,G07_59_H12
2024-02-11 00:00:00,15.0,1.0,4.0,17.0,36.0,1.3,650.0,217.6,64.00000000001455,0.81,0.72,33.3,31.1,0.58,0.62,0.0,0.0,1.0,1.0,29300.0,G07_59_H12
2024-02-12 00:00:00,18.0,4.0,5.0,12.0,27.0,1.6,800.0,230.8,40.0,0.79,0.71,32.0,30.2,0.64,0.76,0.0,0.0,1.0,1.0,29300.0,G07_59_H12
2024-02-13 00:00:00,20.0,6.0,6.0,13.0,21.0,1.82,910.0,213.0,47.999999999992724,0.84,0.74,31.3,29.5,0.54,0.75,0.0,0.0,1.0,1.0,29300.0,G07_59_H12
2024-02-14 00:00:00,22.0,4.0,7.0,11.0,17.0,2.11,1055.0,213.0,52.000000000007276,0.86,0.75,30.7,28.9,0.57,0.77,0.0,0.0,1.0,1.0,29300.0,G07_59_H12
2024-02-15 00:00:00,7.0,-2.0,8.0,29.0,204.0,2.44,1220.0,149.2,44.00000000001455,0.86,0.75,30.7,28.9,0.55,0.7,0.0,0.0,1.0,1.0,29300.0,G07_59_H12
2024-02-16 00:00:00,10.0,1.0,9.0,28.0,6.0,2.48,1240.0,245.75,40.0,0.85,0.72,30.3,28.2,0.55,0.65,0.0,0.0,1.0,1.0,29300.0,G07_59_H12
2024-02-17 00:00:00,17.0,3.0,10.0,14.0,9.0,2.89,1445.0,202.6,52.000000000007276,0.9,0.74,30.2,28.4,0.53,0.7,0.0,0.0,1.0,1.0,29300.0,G07_59_H12
2024-02-18 00:00:00,23.0,13.0,11.0,8.0,12.0,3.57,1785.0,96.0,52.000000000007276,0.94,0.82,29.9,28.3,0.6,0.72,0.0,0.0,1.0,1.0,29300.0,G07_59_H12
2024-02-19 00:00:00,13.0,3.0,12.0,7.0,14.0,4.05,2025.0,63.1,52.000000000007276,0.95,0.85,29.5,27.4,0.5,0.65,0.0,0.0,1.0,1.0,29300.0,G07_59_H12
2024-02-20 00:00:00,3.0,0.0,13.0,4.0,11.0,4.26,2130.0,265.75,55.99999999998545,0.9,0.75,29.2,26.6,0.47,0.58,0.0,0.0,1.0,1.0,29300.0,G07_59_H12
2024-02-21 00:00:00,0.0,-1.0,14.0,4.0,21.0,4.61,2305.0,298.0,50.0,0.91,0.77,28.5,26.3,0.45,0.55,0.0,0.0,1.0,1.0,29300.0,G07_59_H12
2024-02-22 00:00:00,0.0,-4.0,15.0,5.0,26.0,4.88,2440.0,276.0,50.0,0.96,0.78,28.8,26.2,0.45,0.52,0.0,0.0,1.3,1.3,29300.0,G07_59_H12
2024-02-23 00:00:00,1.0,-2.0,16.0,3.0,61.0,5.12,2560.0,263.0,54.00000000001455,0.96,0.82,28.3,26.0,0.45,0.5,0.0,0.0,1.3,1.3,29300.0,G07_59_H12
2024-02-24 00:00:00,1.0,-3.0,17.0,2.0,70.0,5.41,2705.0,245.0,54.00000000001455,0.94,0.8,27.7,25.9,0.45,0.5,0.0,0.0,1.3,1.3,29300.0,G07_59_H12
2024-02-25 00:00:00,5.0,-1.0,18.0,5.0,31.0,5.82,2910.0,216.0,40.0,0.95,0.82,27.3,25.5,0.45,0.52,0.0,0.0,1.3,1.3,29300.0,G07_59_H12
2024-02-26 00:00:00,7.0,-2.0,19.0,4.0,45.0,5.72,2860.0,170.2,40.0,0.95,0.82,27.0,25.4,0.43,0.47,0.0,0.0,1.3,1.3,29300.0,G07_59_H12
2024-02-27 00:00:00,7.0,0.0,20.0,4.0,37.0,6.19,3095.0,145.75,37.999999999992724,0.94,0.81,26.5,24.9,0.43,0.47,0.0,0.0,1.3,1.5,29300.0,G07_59_H12
2024-02-28 00:00:00,5.0,2.0,21.0,5.0,17.0,6.71,3355.0,134.6,37.999999999992724,0.94,0.81,26.5,24.9,0.45,0.52,0.0,0.0,1.5,1.5,29300.0,G07_59_H12
2024-02-29 00:00:00,5.0,-2.0,22.0,6.0,31.0,6.89,3445.0,161.0,35.99999999998545,0.91,0.84,26.0,24.2,0.45,0.49,0.0,0.0,1.5,1.5,29300.0,G07_59_H12
2024-03-01 00:00:00,6.0,-1.0,23.0,5.0,42.0,7.67,3835.0,167.0,35.99999999998545,0.94,0.83,26.0,23.9,0.4,0.45,0.0,0.0,1.5,1.5,29300.0,G07_59_H12
2024-03-02 00:00:00,11.0,0.0,24.0,7.0,46.0,7.59,3795.0,125.0,35.99999999998545,0.95,0.81,25.7,23.7,0.42,0.55,0.0,0.0,1.5,1.5,29300.0,G07_59_H12
2024-03-03 00:00:00,14.0,3.0,25.0,3.0,24.0,8.25,4125.0,78.6,37.999999999992724,0.92,0.85,25.9,23.8,0.4,0.5,0.0,0.0,1.5,1.5,29300.0,G07_59_H12
2024-03-04 00:00:00,10.0,7.0,26.0,4.0,32.0,8.3,4150.0,21.0,40.0,0.92,0.88,25.8,23.9,0.38,0.45,0.0,0.0,1.5,1.5,29300.0,G07_59_H12
2024-03-05 00:00:00,9.0,5.0,27.0,9.0,38.0,8.15,4075.0,9.75,42.000000000007276,0.93,0.82,25.6,23.4,0.35,0.43,0.0,0.0,1.5,1.7,29300.0,G07_59_H12
2024-03-06 00:00:00,10.0,0.0,28.0,11.0,34.0,7.95,3975.0,57.0,40.0,0.95,0.85,24.9,23.2,0.37,0.44,0.0,0.0,1.7,1.7,29300.0,G07_59_H12
2024-03-07 00:00:00,14.0,1.0,29.0,14.0,18.0,8.4,4200.0,95.0,40.0,0.92,0.81,24.7,22.6,0.32,0.54,0.0,0.0,1.7,1.7,29300.0,G07_59_H12
2024-03-08 00:00:00,13.0,0.0,30.0,16.0,26.0,8.67,4335.0,49.0,44.00000000001455,0.95,0.81,24.4,22.0,0.34,0.54,0.0,0.0,1.7,1.7,29300.0,G07_59_H12
2024-03-09 00:00:00,12.0,2.0,31.0,24.0,24.0,8.9,4450.0,68.0,44.00000000001455,0.95,0.83,24.2,22.0,0.3,0.5,0.0,0.0,1.7,1.7,29300.0,G07_59_H12
2024-03-10 00:00:00,16.0,5.0,32.0,77.0,55.0,9.52,4760.0,74.4,40.0,0.96,0.84,24.0,21.9,0.3,0.47,0.0,0.0,1.7,1.7,29300.0,G07_59_H12
2024-03-11 00:00:00,21.0,6.0,33.0,86.0,68.0,9.4,4700.0,16.6,40.0,0.95,0.78,26.4,22.1,0.35,0.9,0.0,0.0,1.7,3.0,29300.0,G07_59_H12
2024-03-12 00:00:00,16.0,4.0,34.0,135.0,13.0,8.98,4490.0,7.75,42.000000000007276,0.95,0.78,23.5,21.7,0.35,0.86,0.0,0.0,2.0,3.0,29300.0,G07_59_H12
2024-03-13 00:00:00,16.0,7.0,35.0,149.0,0.0,8.99,4495.0,71.8,42.000000000007276,0.95,0.74,23.3,20.1,0.43,0.86,0.0,0.0,2.0,3.0,29300.0,G07_59_H12
2024-03-14 00:00:00,16.0,5.0,36.0,161.0,0.0,8.53,4265.0,7.25,42.000000000007276,0.95,0.88,22.9,20.3,0.45,0.7,0.0,0.0,2.0,2.0,29300.0,G07_59_H12
2024-03-15 00:00:00,20.0,4.0,37.0,141.0,0.0,8.87,4435.0,101.9,42.000000000007276,0.98,0.89,21.2,19.2,0.45,6.0,0.0,0.0,2.0,2.0,29300.0,G07_59_H12
2024-02-06 00:00:00,0.0,-2.0,4.0,18.0,7.0,0.67,335.0,345.0,40.0,0.67,0.51,33.4,30.6,1.11,1.11,1.0,1.0,1.0,1.0,28600.0,G08_60_H1
2024-02-07 00:00:00,4.0,-4.0,5.0,17.0,10.0,0.85,425.0,314.0,120.0,0.62,0.58,32.3,30.6,1.05,1.05,1.0,1.0,1.0,1.0,28600.0,G08_60_H1
2024-02-08 00:00:00,7.0,-4.0,6.0,10.0,6.0,1.13,565.0,335.6,80.0,0.67,0.57,31.5,29.9,0.6,0.6,1.0,1.0,1.0,1.0,28600.0,G08_60_H1
2024-02-09 00:00:00,10.0,-1.0,7.0,12.0,7.0,1.47,735.0,340.9,80.0,0.68,0.54,31.0,29.0,0.6,0.6,1.0,1.0,1.0,1.0,28600.0,G08_60_H1
2024-02-10 00:00:00,15.0,0.0,8.0,9.0,1.0,1.77,885.0,268.8,40.0,0.67,0.58,30.6,28.5,0.6,0.6,1.0,1.0,1.0,1.0,28600.0,G08_60_H1
2024-02-11 00:00:00,15.0,1.0,9.0,17.0,200.0,1.94,970.0,245.7,80.0,0.68,0.55,30.4,28.2,0.6,0.6,1.0,1.0,1.0,1.0,28600.0,G08_60_H1
2024-02-12 00:00:00,18.0,4.0,10.0,24.0,2.0,2.282,1141.0,230.0,80.0,0.78,0.62,30.3,27.3,0.6,0.6,1.0,1.0,1.0,1.0,28600.0,G08_60_H1
2024-02-13 00:00:00,20.0,6.0,11.0,3.0,3.0,2.55,1275.0,220.0,80.0,0.76,0.62,29.7,27.0,0.6,0.6,1.0,1.0,1.0,1.0,28600.0,G08_60_H1
2024-02-14 00:00:00,22.0,4.0,12.0,4.0,5.0,3.2,1600.0,199.3,40.0,0.75,0.62,30.1,26.9,0.6,0.73,0.0,0.0,2.0,2.0,28600.0,G08_60_H1
2024-02-15 00:00:00,7.0,-2.0,13.0,4.0,5.0,3.66,1830.0,163.0,40.0,0.75,0.62,29.0,26.8,0.6,0.73,0.0,0.0,1.5,1.5,28600.0,G08_60_H1
2024-02-16 00:00:00,10.0,1.0,14.0,2.0,6.0,3.95,1975.0,351.0,40.0,0.75,0.62,28.7,26.3,0.6,0.64,0.0,0.0,1.5,1.5,28600.0,G08_60_H1
2024-02-17 00:00:00,17.0,3.0,15.0,4.0,7.0,4.21,2105.0,272.0,40.0,0.85,0.65,28.4,26.1,0.6,0.6,0.0,0.0,1.5,1.5,28600.0,G08_60_H1
2024-02-18 00:00:00,23.0,12.0,16.0,5.0,5.0,4.27,2135.0,140.0,40.0,0.85,0.61,28.9,26.5,0.54,0.6,0.0,0.0,1.5,1.5,28600.0,G08_60_H1
2024-02-19 00:00:00,13.0,3.0,17.0,4.0,11.0,4.76,2380.0,37.0,40.0,0.94,0.75,27.9,26.0,0.51,0.6,0.0,0.0,1.5,1.5,28600.0,G08_60_H1
2024-02-20 00:00:00,3.0,0.0,18.0,6.0,12.0,5.25,2625.0,274.0,40.0,0.92,0.72,27.1,25.1,0.49,0.6,0.0,0.0,1.5,1.5,28600.0,G08_60_H1
2024-02-21 00:00:00,0.0,-1.0,19.0,5.0,17.0,5.732,2866.0,320.0,40.0,0.94,0.72,26.8,25.1,0.47,0.47,0.0,0.0,1.5,1.5,28600.0,G08_60_H1
2024-02-22 00:00:00,0.0,-3.0,20.0,10.0,22.0,6.12,3060.0,317.0,40.0,0.96,0.71,26.5,24.3,0.45,0.45,0.0,0.0,1.5,1.5,28600.0,G08_60_H1
2024-02-23 00:00:00,1.0,-2.0,21.0,8.0,12.0,6.38,3190.0,307.0,80.0,0.82,0.74,26.1,24.0,0.43,0.43,0.0,0.0,1.5,1.5,28600.0,G08_60_H1
2024-02-24 00:00:00,1.0,-3.0,22.0,12.0,25.0,6.51,3255.0,271.0,40.0,0.88,0.72,26.0,24.1,0.41,0.41,0.0,0.0,1.5,1.5,28600.0,G08_60_H1
2024-02-25 00:00:00,5.0,-1.0,23.0,13.0,27.0,6.743,3372.0,270.0,80.0,0.83,0.73,26.0,24.0,0.39,0.39,0.0,0.0,1.5,1.5,28600.0,G08_60_H1
2024-02-26 00:00:00,7.0,-2.0,24.0,10.0,26.0,6.7,3350.0,192.0,40.0,0.88,0.76,26.0,23.9,0.38,0.38,0.0,0.0,1.5,1.5,28600.0,G08_60_H1
2024-02-27 00:00:00,7.0,0.0,25.0,9.0,24.0,6.76,3380.0,139.0,80.0,0.86,0.72,25.9,24.0,0.36,0.36,0.0,0.0,1.5,1.5,28600.0,G08_60_H1
2024-02-28 00:00:00,5.0,0.0,26.0,10.0,30.0,7.44,3720.0,179.0,120.0,0.86,0.72,25.5,23.0,0.35,0.35,0.0,0.0,1.5,1.5,28600.0,G08_60_H1
2024-02-29 00:00:00,5.0,-2.0,27.0,8.0,17.0,7.09,3545.0,235.0,80.0,0.92,0.84,25.5,23.2,0.29000000000000004,0.29000000000000004,0.0,0.0,1.5,1.5,28600.0,G08_60_H1
2024-03-01 00:00:00,6.0,-1.0,28.0,12.0,14.0,7.35,3675.0,193.0,80.0,0.84,0.75,25.7,23.5,0.28,0.33,0.0,0.0,1.5,1.5,28600.0,G08_60_H1
2024-03-02 00:00:00,11.0,0.0,29.0,8.0,17.0,8.1,4050.0,193.0,80.0,0.82,0.76,25.3,23.0,0.28,0.37,0.0,0.0,1.5,1.5,28600.0,G08_60_H1
2024-03-03 00:00:00,14.0,3.0,30.0,13.0,33.0,8.21,4105.0,87.0,80.0,0.82,0.75,27.0,22.9,0.28,0.4,0.0,0.0,1.5,1.5,28600.0,G08_60_H1
2024-03-04 00:00:00,10.0,4.0,31.0,22.0,23.0,8.37,4185.0,21.0,40.0,0.84,0.72,24.9,23.1,0.27,0.37,0.0,0.0,1.5,1.5,28600.0,G08_60_H1
2024-03-05 00:00:00,9.0,5.0,32.0,21.0,32.0,8.37,4185.0,20.0,40.0,0.92,0.83,25.0,22.8,0.27,0.37,0.0,0.0,1.5,1.5,28600.0,G08_60_H1
2024-03-06 00:00:00,10.0,0.0,33.0,30.0,29.0,8.36,4180.0,28.0,80.0,0.81,0.76,24.2,22.4,0.25,0.35,0.0,0.0,1.5,1.5,28600.0,G08_60_H1
2024-03-07 00:00:00,14.0,1.0,34.0,40.0,24.0,8.15,4075.0,61.0,80.0,0.82,0.73,24.3,21.3,0.25,0.38,0.0,0.0,1.5,1.5,28600.0,G08_60_H1
2024-03-08 00:00:00,12.0,0.0,35.0,72.0,0.0,8.7,4350.0,34.0,80.0,0.89,0.66,25.3,20.9,0.25,0.38,0.0,0.0,1.5,1.5,28600.0,G08_60_H1
2024-03-09 00:00:00,12.0,2.0,36.0,96.0,0.0,8.89,4445.0,41.0,80.0,0.85,0.65,24.7,20.7,0.25,0.33,0.0,0.0,1.5,1.5,28600.0,G08_60_H1
2024-03-10 00:00:00,16.0,5.0,37.0,124.0,0.0,8.87,4435.0,40.0,80.0,0.84,0.63,26.8,20.4,0.28,0.33,0.0,0.0,1.5,1.5,28600.0,G08_60_H1
2024-03-11 00:00:00,21.0,7.0,38.0,0.0,0.0,,,,,,,,,,,,,,,28600.0,G08_60_H1
2024-03-12 00:00:00,16.0,4.0,39.0,0.0,0.0,,,,,,,,,,,,,,,28600.0,G08_60_H1
2024-03-13 00:00:00,16.0,7.0,40.0,0.0,0.0,,,,,,,,,,,,,,,28600.0,G08_60_H1
2024-03-14 00:00:00,16.0,5.0,41.0,,,,0.0,,,,,,,,,,,,,28600.0,G08_60_H1
2024-02-06 00:00:00,0.0,-2.0,4.0,20.0,14.0,0.82,410.0,345.0,40.0,0.68,0.54,32.9,31.1,1.11,1.11,2.0,2.0,1.0,1.0,35800.0,G08_60_H2
2024-02-07 00:00:00,4.0,-4.0,5.0,18.0,12.0,1.14,570.0,314.0,120.0,0.67,0.55,32.4,30.7,1.05,1.05,2.0,2.0,1.0,1.0,35800.0,G08_60_H2
2024-02-08 00:00:00,7.0,-4.0,6.0,15.0,10.0,1.61,805.0,335.6,120.0,0.62,0.55,31.7,29.9,0.6,0.6,2.0,2.0,1.0,1.0,35800.0,G08_60_H2
2024-02-09 00:00:00,10.0,-1.0,7.0,16.0,9.0,1.95,975.0,340.9,80.0,0.65,0.57,31.3,29.1,0.6,0.6,2.0,2.0,1.0,1.0,35800.0,G08_60_H2
2024-02-10 00:00:00,15.0,0.0,8.0,10.0,3.0,2.26,1130.0,268.8,40.0,0.62,0.55,30.8,28.6,0.6,0.6,2.0,2.0,1.0,1.0,35800.0,G08_60_H2
2024-02-11 00:00:00,15.0,1.0,9.0,20.0,220.0,2.39,1195.0,245.7,120.0,0.64,0.53,30.2,28.1,0.6,0.6,2.0,2.0,1.0,1.0,35800.0,G08_60_H2
2024-02-12 00:00:00,18.0,4.0,10.0,25.0,3.0,2.873,1437.0,231.0,40.0,0.76,0.61,30.0,27.4,0.6,0.6,2.0,2.0,1.0,1.0,35800.0,G08_60_H2
2024-02-13 00:00:00,20.0,6.0,11.0,10.0,6.0,3.3,1650.0,220.0,40.0,0.71,0.62,29.6,27.2,0.6,0.6,2.0,2.0,1.0,1.0,35800.0,G08_60_H2
2024-02-14 00:00:00,22.0,4.0,12.0,6.0,8.0,4.02,2010.0,199.3,40.0,0.72,0.65,30.4,27.1,0.6,0.73,0.0,0.0,2.0,2.0,35800.0,G08_60_H2
2024-02-15 00:00:00,7.0,-2.0,13.0,5.0,10.0,4.57,2285.0,163.0,80.0,0.72,0.61,29.0,26.6,0.6,0.73,0.0,0.0,1.5,1.5,35800.0,G08_60_H2
2024-02-16 00:00:00,10.0,1.0,14.0,3.0,3.0,4.83,2415.0,351.0,40.0,0.72,0.62,28.6,26.5,0.6,0.64,0.0,0.0,1.5,1.5,35800.0,G08_60_H2
2024-02-17 00:00:00,17.0,3.0,15.0,5.0,9.0,5.11,2555.0,272.0,40.0,0.83,0.61,28.6,26.1,0.6,0.6,0.0,0.0,1.5,1.5,35800.0,G08_60_H2
2024-02-18 00:00:00,23.0,12.0,16.0,5.0,7.0,5.17,2585.0,140.0,40.0,0.83,0.68,29.4,26.7,0.54,0.6,0.0,0.0,1.5,1.5,35800.0,G08_60_H2
2024-02-19 00:00:00,13.0,3.0,17.0,6.0,10.0,5.63,2815.0,37.0,40.0,0.92,0.75,28.2,26.3,0.51,0.6,0.0,0.0,1.5,1.5,35800.0,G08_60_H2
2024-02-20 00:00:00,3.0,0.0,18.0,8.0,26.0,6.53,3265.0,274.0,40.0,0.94,0.74,27.1,25.4,0.49,0.6,0.0,0.0,1.5,1.5,35800.0,G08_60_H2
2024-02-21 00:00:00,0.0,-1.0,19.0,7.0,23.0,7.129,3565.0,321.0,80.0,0.94,0.75,26.9,24.9,0.47,0.47,0.0,0.0,1.5,1.5,35800.0,G08_60_H2
2024-02-22 00:00:00,0.0,-3.0,20.0,13.0,50.0,7.47,3735.0,317.0,40.0,0.94,0.74,26.3,24.7,0.45,0.45,0.0,0.0,1.5,1.5,35800.0,G08_60_H2
2024-02-23 00:00:00,1.0,-2.0,21.0,11.0,40.0,7.91,3955.0,307.0,40.0,0.84,0.75,26.1,24.4,0.43,0.43,0.0,0.0,1.5,1.5,35800.0,G08_60_H2
2024-02-24 00:00:00,1.0,-3.0,22.0,15.0,22.0,8.15,4075.0,271.0,40.0,0.84,0.74,26.2,24.1,0.41,0.41,0.0,0.0,1.5,1.5,35800.0,G08_60_H2
2024-02-25 00:00:00,5.0,-1.0,23.0,14.0,35.0,8.589,4295.0,270.0,80.0,0.85,0.76,26.1,23.8,0.39,0.39,0.0,0.0,1.5,1.5,35800.0,G08_60_H2
2024-02-26 00:00:00,7.0,-2.0,24.0,12.0,37.0,8.458,4229.0,193.0,80.0,0.83,0.76,25.8,24.0,0.38,0.38,0.0,0.0,1.5,1.5,35800.0,G08_60_H2
2024-02-27 00:00:00,7.0,0.0,25.0,10.0,46.0,8.72,4360.0,140.0,80.0,0.84,0.75,25.7,24.0,0.36,0.36,0.0,0.0,1.5,1.5,35800.0,G08_60_H2
2024-02-28 00:00:00,5.0,0.0,26.0,12.0,40.0,9.26,4630.0,179.0,120.0,0.84,0.75,25.2,23.5,0.35,0.35,0.0,0.0,1.5,1.5,35800.0,G08_60_H2
2024-02-29 00:00:00,5.0,-2.0,27.0,15.0,28.0,9.07,4535.0,235.0,40.0,0.95,0.85,25.3,23.7,0.29000000000000004,0.29000000000000004,0.0,0.0,1.5,1.5,35800.0,G08_60_H2
2024-03-01 00:00:00,6.0,-1.0,28.0,14.0,26.0,8.67,4335.0,193.0,80.0,0.85,0.77,25.4,23.5,0.28,0.33,0.0,0.0,1.5,1.5,35800.0,G08_60_H2
2024-03-02 00:00:00,11.0,0.0,29.0,10.0,27.0,9.97,4985.0,193.0,80.0,0.85,0.77,25.3,23.2,0.28,0.37,0.0,0.0,1.5,1.5,35800.0,G08_60_H2
2024-03-03 00:00:00,14.0,3.0,30.0,14.0,23.0,9.96,4980.0,87.0,80.0,0.85,0.72,27.4,23.0,0.28,0.4,0.0,0.0,1.5,1.5,35800.0,G08_60_H2
2024-03-04 00:00:00,10.0,4.0,31.0,30.0,29.0,10.99,5495.0,22.0,40.0,0.81,0.75,24.9,23.2,0.27,0.37,0.0,0.0,1.5,1.5,35800.0,G08_60_H2
2024-03-05 00:00:00,9.0,5.0,32.0,30.0,34.0,9.75,4875.0,20.0,40.0,0.91,0.83,24.8,23.0,0.27,0.37,0.0,0.0,1.5,1.5,35800.0,G08_60_H2
2024-03-06 00:00:00,10.0,0.0,33.0,28.0,37.0,9.88,4940.0,28.0,80.0,0.84,0.75,24.4,22.6,0.25,0.35,0.0,0.0,1.5,1.5,35800.0,G08_60_H2
2024-03-07 00:00:00,14.0,1.0,34.0,52.0,26.0,9.89,4945.0,61.0,80.0,0.85,0.75,24.9,21.5,0.25,0.38,0.0,0.0,1.5,1.5,35800.0,G08_60_H2
2024-03-08 00:00:00,12.0,0.0,35.0,103.0,0.0,9.77,4885.0,34.0,80.0,0.85,0.65,26.1,21.1,0.25,0.38,0.0,0.0,1.5,1.5,35800.0,G08_60_H2
2024-03-09 00:00:00,12.0,2.0,36.0,125.0,0.0,9.67,4835.0,41.0,80.0,0.82,0.67,25.5,20.9,0.25,0.33,0.0,0.0,1.5,1.5,35800.0,G08_60_H2
2024-03-10 00:00:00,16.0,5.0,37.0,120.0,0.0,9.85,4925.0,40.0,80.0,0.86,0.68,27.7,20.7,0.28,0.33,0.0,0.0,1.5,1.5,35800.0,G08_60_H2
2024-03-11 00:00:00,21.0,7.0,38.0,0.0,0.0,,,,,,,,,,,,,,,35800.0,G08_60_H2
2024-03-12 00:00:00,16.0,4.0,39.0,0.0,0.0,,,,,,,,,,,,,,,35800.0,G08_60_H2
2024-03-13 00:00:00,16.0,7.0,40.0,0.0,0.0,,,,,,,,,,,,,,,35800.0,G08_60_H2
2024-03-14 00:00:00,16.0,5.0,41.0,,,,0.0,,,,,,,,,,,,,35800.0,G08_60_H2
2024-02-06 00:00:00,0.0,-2.0,4.0,8.0,5.0,0.85,425.0,345.0,40.0,0.62,0.57,33.0,30.8,1.11,1.11,2.0,2.0,1.0,1.0,35400.0,G08_60_H3
2024-02-07 00:00:00,4.0,-4.0,5.0,15.0,10.0,1.16,580.0,314.0,80.0,0.65,0.54,32.5,30.7,1.05,1.05,2.0,2.0,1.0,1.0,35400.0,G08_60_H3
2024-02-08 00:00:00,7.0,-4.0,6.0,11.0,3.0,1.66,830.0,335.6,80.0,0.65,0.55,31.7,30.1,0.6,0.6,2.0,2.0,1.0,1.0,35400.0,G08_60_H3
2024-02-09 00:00:00,10.0,-1.0,7.0,18.0,3.0,1.88,940.0,340.9,80.0,0.65,0.55,31.1,29.4,0.6,0.6,2.0,2.0,1.0,1.0,35400.0,G08_60_H3
2024-02-10 00:00:00,15.0,0.0,8.0,19.0,4.0,2.02,1160.0,268.8,80.0,0.62,0.52,30.6,28.7,0.6,0.6,2.0,2.0,1.0,1.0,35400.0,G08_60_H3
2024-02-11 00:00:00,15.0,1.0,9.0,17.0,152.0,2.23,1115.0,245.7,40.0,0.65,0.51,30.1,28.3,0.6,0.6,2.0,2.0,1.0,1.0,35400.0,G08_60_H3
2024-02-12 00:00:00,18.0,4.0,10.0,21.0,6.0,2.759,1380.0,231.0,80.0,0.79,0.6,29.9,27.6,0.6,0.6,2.0,2.0,1.0,1.0,35400.0,G08_60_H3
2024-02-13 00:00:00,20.0,6.0,11.0,4.0,2.0,3.33,1665.0,220.0,40.0,0.75,0.64,29.5,27.4,0.6,0.6,2.0,2.0,1.0,1.0,35400.0,G08_60_H3
2024-02-14 00:00:00,22.0,4.0,12.0,9.0,5.0,4.0,2000.0,199.3,40.0,0.77,0.62,30.3,27.4,0.6,0.73,0.0,0.0,2.0,2.0,35400.0,G08_60_H3
2024-02-15 00:00:00,7.0,-2.0,13.0,4.0,5.0,4.43,2215.0,163.0,40.0,0.78,0.65,29.1,26.9,0.6,0.73,0.0,0.0,1.5,1.5,35400.0,G08_60_H3
2024-02-16 00:00:00,10.0,1.0,14.0,6.0,7.0,4.66,2330.0,351.0,80.0,0.77,0.65,28.6,26.6,0.6,0.64,0.0,0.0,1.5,1.5,35400.0,G08_60_H3
2024-02-17 00:00:00,17.0,3.0,15.0,5.0,3.0,5.06,2530.0,272.0,80.0,0.87,0.63,28.4,26.2,0.6,0.6,0.0,0.0,1.5,1.5,35400.0,G08_60_H3
2024-02-18 00:00:00,23.0,12.0,16.0,8.0,17.0,5.43,2715.0,140.0,40.0,0.8,0.62,29.6,26.6,0.54,0.6,0.0,0.0,1.5,1.5,35400.0,G08_60_H3
2024-02-19 00:00:00,13.0,3.0,17.0,16.0,18.0,5.73,2865.0,37.0,40.0,0.97,0.72,27.7,26.1,0.51,0.6,0.0,0.0,1.5,1.5,35400.0,G08_60_H3
2024-02-20 00:00:00,3.0,0.0,18.0,10.0,18.0,6.37,3185.0,274.0,80.0,0.91,0.74,27.1,25.0,0.49,0.6,0.0,0.0,1.5,1.5,35400.0,G08_60_H3
2024-02-21 00:00:00,0.0,-1.0,19.0,12.0,19.0,6.773,3387.0,321.0,80.0,0.92,0.72,26.7,24.8,0.47,0.47,0.0,0.0,1.5,1.5,35400.0,G08_60_H3
2024-02-22 00:00:00,0.0,-3.0,20.0,16.0,17.0,7.3,3650.0,317.0,80.0,0.92,0.75,26.2,24.3,0.45,0.45,0.0,0.0,1.5,1.5,35400.0,G08_60_H3
2024-02-23 00:00:00,1.0,-2.0,21.0,9.0,14.0,7.88,3940.0,307.0,80.0,0.87,0.72,26.1,24.2,0.43,0.43,0.0,0.0,1.5,1.5,35400.0,G08_60_H3
2024-02-24 00:00:00,1.0,-3.0,22.0,8.0,9.0,8.17,4085.0,271.0,80.0,0.85,0.72,26.0,24.0,0.41,0.41,0.0,0.0,1.5,1.5,35400.0,G08_60_H3
2024-02-25 00:00:00,5.0,-1.0,23.0,6.0,16.0,8.385,4193.0,270.0,80.0,0.87,0.71,25.9,23.9,0.39,0.39,0.0,0.0,1.5,1.5,35400.0,G08_60_H3
2024-02-26 00:00:00,7.0,-2.0,24.0,5.0,14.0,8.739,4370.0,193.0,80.0,0.85,0.72,25.7,23.9,0.38,0.38,0.0,0.0,1.5,1.5,35400.0,G08_60_H3
2024-02-27 00:00:00,7.0,0.0,25.0,6.0,26.0,9.11,4555.0,139.0,80.0,0.81,0.78,25.9,23.9,0.36,0.36,0.0,0.0,1.5,1.5,35400.0,G08_60_H3
2024-02-28 00:00:00,5.0,0.0,26.0,8.0,20.0,9.17,4585.0,179.0,80.0,0.81,0.78,25.0,23.3,0.35,0.35,0.0,0.0,1.5,1.5,35400.0,G08_60_H3
2024-02-29 00:00:00,5.0,-2.0,27.0,7.0,15.0,9.5,4750.0,235.0,120.0,0.94,0.84,25.5,23.4,0.29000000000000004,0.29000000000000004,0.0,0.0,1.5,1.5,35400.0,G08_60_H3
2024-03-01 00:00:00,6.0,-1.0,28.0,5.0,11.0,9.08,4540.0,192.0,80.0,0.84,0.74,25.4,23.2,0.28,0.33,0.0,0.0,1.5,1.5,35400.0,G08_60_H3
2024-03-02 00:00:00,11.0,0.0,29.0,15.0,10.0,10.12,5060.0,192.0,80.0,0.84,0.72,25.1,22.7,0.28,0.37,0.0,0.0,1.5,1.5,35400.0,G08_60_H3
2024-03-03 00:00:00,14.0,3.0,30.0,19.0,17.0,10.111,5056.0,87.0,80.0,0.85,0.74,26.5,22.9,0.28,0.4,0.0,0.0,1.5,1.5,35400.0,G08_60_H3
2024-03-04 00:00:00,10.0,4.0,31.0,29.0,9.0,9.79,4895.0,22.0,80.0,0.87,0.73,24.2,23.0,0.27,0.37,0.0,0.0,1.5,1.5,35400.0,G08_60_H3
2024-03-05 00:00:00,9.0,5.0,32.0,31.0,15.0,9.95,4975.0,20.0,80.0,0.94,0.82,24.3,22.6,0.27,0.37,0.0,0.0,1.5,1.5,35400.0,G08_60_H3
2024-03-06 00:00:00,10.0,0.0,33.0,42.0,6.0,9.91,4955.0,28.0,80.0,0.84,0.72,23.7,22.1,0.25,0.35,0.0,0.0,1.5,1.5,35400.0,G08_60_H3
2024-03-07 00:00:00,14.0,1.0,34.0,69.0,11.0,9.56,4780.0,61.0,80.0,0.84,0.74,23.6,21.3,0.25,0.38,0.0,0.0,1.5,1.5,35400.0,G08_60_H3
2024-03-08 00:00:00,12.0,0.0,35.0,88.0,0.0,10.09,5045.0,34.0,80.0,0.87,0.62,24.2,20.5,0.25,0.38,0.0,0.0,1.5,1.5,35400.0,G08_60_H3
2024-03-09 00:00:00,12.0,2.0,36.0,126.0,0.0,9.7,4850.0,42.0,80.0,0.84,0.64,23.8,20.4,0.25,0.33,0.0,0.0,1.5,1.5,35400.0,G08_60_H3
2024-03-10 00:00:00,16.0,5.0,37.0,126.0,0.0,9.19,4595.0,40.0,80.0,0.84,0.64,25.8,20.2,0.28,0.33,0.0,0.0,1.5,1.5,35400.0,G08_60_H3
2024-03-11 00:00:00,21.0,7.0,38.0,0.0,0.0,,,,,,,,,,,,,,,35400.0,G08_60_H3
2024-03-12 00:00:00,16.0,4.0,39.0,0.0,0.0,,,,,,,,,,,,,,,35400.0,G08_60_H3
2024-03-13 00:00:00,16.0,7.0,40.0,0.0,0.0,,,,,,,,,,,,,,,35400.0,G08_60_H3
2024-03-14 00:00:00,16.0,5.0,41.0,,,,0.0,,,,,,,,,,,,,35400.0,G08_60_H3
2024-02-06 00:00:00,0.0,-2.0,4.0,29.0,6.0,1.24,620.0,345.0,40.0,0.65,0.57,32.7,30.2,1.11,1.11,2.0,2.0,1.0,1.0,36000.0,G08_60_H4
2024-02-07 00:00:00,4.0,-4.0,5.0,21.0,5.0,1.54,770.0,314.0,40.0,0.67,0.57,32.5,29.7,1.05,1.05,2.0,2.0,1.0,1.0,36000.0,G08_60_H4
2024-02-08 00:00:00,7.0,-4.0,6.0,18.0,4.0,2.03,1015.0,335.6,40.0,0.65,0.52,31.0,28.9,0.6,0.6,2.0,2.0,1.0,1.0,36000.0,G08_60_H4
2024-02-09 00:00:00,10.0,-1.0,7.0,21.0,5.0,2.3,1150.0,340.9,80.0,0.68,0.51,30.6,28.5,0.6,0.6,2.0,2.0,1.0,1.0,36000.0,G08_60_H4
2024-02-10 00:00:00,15.0,0.0,8.0,12.0,3.0,2.54,1370.0,268.8,40.0,0.65,0.57,30.3,27.7,0.6,0.6,2.0,2.0,1.0,1.0,36000.0,G08_60_H4
2024-02-11 00:00:00,15.0,1.0,9.0,10.0,106.0,2.86,1430.0,245.7,40.0,0.62,0.56,30.2,27.4,0.6,0.6,2.0,2.0,1.0,1.0,36000.0,G08_60_H4
2024-02-12 00:00:00,18.0,4.0,10.0,18.0,6.0,3.395,1698.0,231.0,80.0,0.77,0.6,29.8,27.0,0.6,0.6,2.0,2.0,1.0,1.0,36000.0,G08_60_H4
2024-02-13 00:00:00,20.0,6.0,11.0,6.0,2.0,3.63,1815.0,220.0,40.0,0.75,0.68,29.4,26.8,0.6,0.6,2.0,2.0,1.0,1.0,36000.0,G08_60_H4
2024-02-14 00:00:00,22.0,4.0,12.0,12.0,4.0,4.63,2315.0,199.3,40.0,0.76,0.69,31.2,26.7,0.6,0.73,0.0,0.0,2.0,2.0,36000.0,G08_60_H4
2024-02-15 00:00:00,7.0,-2.0,13.0,17.0,7.0,4.96,2480.0,163.0,40.0,0.72,0.64,28.8,26.3,0.6,0.73,0.0,0.0,1.5,1.5,36000.0,G08_60_H4
2024-02-16 00:00:00,10.0,1.0,14.0,11.0,17.0,5.33,2665.0,351.0,40.0,0.8,0.69,28.7,26.0,0.6,0.64,0.0,0.0,1.5,1.5,36000.0,G08_60_H4
2024-02-17 00:00:00,17.0,3.0,15.0,12.0,10.0,5.8,2900.0,272.0,40.0,0.8,0.69,28.4,25.7,0.6,0.6,0.0,0.0,1.5,1.5,36000.0,G08_60_H4
2024-02-18 00:00:00,23.0,12.0,16.0,8.0,22.0,6.43,3215.0,140.0,40.0,0.82,0.69,29.9,26.3,0.54,0.6,0.0,0.0,1.5,1.5,36000.0,G08_60_H4
2024-02-19 00:00:00,13.0,3.0,17.0,10.0,24.0,7.34,3670.0,37.0,40.0,0.92,0.75,27.9,25.8,0.51,0.6,0.0,0.0,1.5,1.5,36000.0,G08_60_H4
2024-02-20 00:00:00,3.0,0.0,18.0,11.0,35.0,7.36,3680.0,274.0,40.0,0.96,0.76,27.0,25.0,0.49,0.6,0.0,0.0,1.5,1.5,36000.0,G08_60_H4
2024-02-21 00:00:00,0.0,-1.0,19.0,16.0,12.0,7.553,3777.0,321.0,40.0,0.96,0.76,26.5,24.9,0.47,0.47,0.0,0.0,1.5,1.5,36000.0,G08_60_H4
2024-02-22 00:00:00,0.0,-3.0,20.0,15.0,22.0,8.25,4125.0,317.0,40.0,0.91,0.72,26.4,24.2,0.45,0.45,0.0,0.0,1.5,1.5,36000.0,G08_60_H4
2024-02-23 00:00:00,1.0,-2.0,21.0,11.0,15.0,8.54,4270.0,307.0,80.0,0.85,0.75,26.0,23.8,0.43,0.43,0.0,0.0,1.5,1.5,36000.0,G08_60_H4
2024-02-24 00:00:00,1.0,-3.0,22.0,10.0,26.0,8.8,4400.0,271.0,40.0,0.88,0.73,25.8,23.5,0.41,0.41,0.0,0.0,1.5,1.5,36000.0,G08_60_H4
2024-02-25 00:00:00,5.0,-1.0,23.0,9.0,15.0,9.084,4542.0,270.0,40.0,0.82,0.77,26.0,23.4,0.39,0.39,0.0,0.0,1.5,1.5,36000.0,G08_60_H4
2024-02-26 00:00:00,7.0,-2.0,24.0,8.0,22.0,9.161,4581.0,193.0,80.0,0.87,0.78,25.5,23.5,0.38,0.38,0.0,0.0,1.5,1.5,36000.0,G08_60_H4
2024-02-27 00:00:00,7.0,0.0,25.0,13.0,38.0,9.19,4595.0,139.0,40.0,0.87,0.75,25.4,23.4,0.36,0.36,0.0,0.0,1.5,1.5,36000.0,G08_60_H4
2024-02-28 00:00:00,5.0,0.0,26.0,15.0,53.0,9.42,4710.0,179.0,80.0,0.87,0.75,24.6,22.6,0.35,0.35,0.0,0.0,1.5,1.5,36000.0,G08_60_H4
2024-02-29 00:00:00,5.0,-2.0,27.0,13.0,85.0,10.27,5135.0,236.0,80.0,0.96,0.82,24.5,22.6,0.29000000000000004,0.29000000000000004,0.0,0.0,1.5,1.5,36000.0,G08_60_H4
2024-03-01 00:00:00,6.0,-1.0,28.0,22.0,132.0,9.66,4830.0,192.0,80.0,0.86,0.73,24.4,22.5,0.28,0.33,0.0,0.0,1.5,1.5,36000.0,G08_60_H4
2024-03-02 00:00:00,11.0,0.0,29.0,21.0,105.0,9.8,4900.0,192.0,80.0,0.81,0.75,24.3,21.3,0.28,0.37,0.0,0.0,1.5,1.5,36000.0,G08_60_H4
2024-03-03 00:00:00,14.0,3.0,30.0,76.0,90.0,11.2,5600.0,87.0,80.0,0.83,0.72,26.2,21.8,0.28,0.4,0.0,0.0,1.5,1.5,36000.0,G08_60_H4
2024-03-04 00:00:00,10.0,4.0,31.0,148.0,42.0,11.36,5680.0,22.0,40.0,0.86,0.78,23.9,22.2,0.27,0.37,0.0,0.0,1.5,1.5,36000.0,G08_60_H4
2024-03-05 00:00:00,9.0,5.0,32.0,112.0,48.0,12.49,6245.0,20.0,40.0,0.96,0.83,23.5,21.4,0.27,0.37,0.0,0.0,1.5,1.5,36000.0,G08_60_H4
2024-03-06 00:00:00,10.0,0.0,33.0,91.0,46.0,11.12,5560.0,28.0,80.0,0.82,0.72,22.6,21.0,0.25,0.35,0.0,0.0,1.5,1.5,36000.0,G08_60_H4
2024-03-07 00:00:00,14.0,1.0,34.0,172.0,23.0,11.49,5745.0,61.0,40.0,0.81,0.75,23.2,20.2,0.25,0.38,0.0,0.0,1.5,1.5,36000.0,G08_60_H4
2024-03-08 00:00:00,12.0,0.0,35.0,149.0,0.0,10.72,5360.0,34.0,80.0,0.82,0.68,24.8,19.6,0.25,0.38,0.0,0.0,2.0,2.0,36000.0,G08_60_H4
2024-03-09 00:00:00,12.0,2.0,36.0,178.0,0.0,10.67,5335.0,42.0,80.0,0.84,0.65,24.5,20.1,0.25,0.33,0.0,0.0,2.0,2.0,36000.0,G08_60_H4
2024-03-10 00:00:00,16.0,5.0,37.0,158.0,0.0,11.79,5895.0,40.0,80.0,0.8,0.65,26.1,19.5,0.28,0.33,0.0,0.0,2.0,2.0,36000.0,G08_60_H4
2024-03-11 00:00:00,21.0,7.0,38.0,0.0,0.0,,,,,,,,,,,,,,,36000.0,G08_60_H4
2024-03-12 00:00:00,16.0,4.0,39.0,0.0,0.0,,,,,,,,,,,,,,,36000.0,G08_60_H4
2024-03-13 00:00:00,16.0,7.0,40.0,0.0,0.0,,,,,,,,,,,,,,,36000.0,G08_60_H4
2024-03-14 00:00:00,16.0,5.0,41.0,,,,0.0,,,,,,,,,,,,,36000.0,G08_60_H4
2024-02-06 00:00:00,0.0,-2.0,4.0,12.0,6.0,1.28,640.0,345.0,40.0,0.65,0.54,32.2,30.4,1.11,1.11,2.0,2.0,1.0,1.0,36000.0,G08_60_H5
2024-02-07 00:00:00,4.0,-4.0,5.0,18.0,7.0,1.52,760.0,314.0,80.0,0.68,0.52,31.6,29.9,1.05,1.05,2.0,2.0,1.0,1.0,36000.0,G08_60_H5
2024-02-08 00:00:00,7.0,-4.0,6.0,14.0,12.0,2.23,1115.0,335.6,80.0,0.68,0.57,30.9,29.3,0.6,0.6,2.0,2.0,1.0,1.0,36000.0,G08_60_H5
2024-02-09 00:00:00,10.0,-1.0,7.0,7.0,4.0,2.53,1265.0,340.9,80.0,0.62,0.57,30.5,28.3,0.6,0.6,2.0,2.0,1.0,1.0,36000.0,G08_60_H5
2024-02-10 00:00:00,15.0,0.0,8.0,7.0,1.0,2.83,1515.0,268.8,80.0,0.68,0.55,30.0,27.9,0.6,0.6,2.0,2.0,1.0,1.0,36000.0,G08_60_H5
2024-02-11 00:00:00,15.0,1.0,9.0,22.0,112.0,2.98,1490.0,245.7,80.0,0.62,0.52,29.8,27.6,0.6,0.6,2.0,2.0,1.0,1.0,36000.0,G08_60_H5
2024-02-12 00:00:00,18.0,4.0,10.0,15.0,7.0,3.47,1735.0,231.0,40.0,0.75,0.68,29.4,27.4,0.6,0.6,2.0,2.0,1.0,1.0,36000.0,G08_60_H5
2024-02-13 00:00:00,20.0,6.0,11.0,3.0,1.0,3.77,1885.0,220.0,40.0,0.73,0.65,29.4,27.0,0.6,0.6,2.0,2.0,1.0,1.0,36000.0,G08_60_H5
2024-02-14 00:00:00,22.0,4.0,12.0,8.0,1.0,4.62,2310.0,199.3,80.0,0.73,0.68,31.2,27.0,0.6,0.73,0.0,0.0,2.0,2.0,36000.0,G08_60_H5
2024-02-15 00:00:00,7.0,-2.0,13.0,8.0,12.0,5.17,2585.0,163.0,40.0,0.77,0.66,28.7,26.8,0.6,0.73,0.0,0.0,1.5,1.5,36000.0,G08_60_H5
2024-02-16 00:00:00,10.0,1.0,14.0,7.0,11.0,5.41,2705.0,351.0,80.0,0.81,0.65,28.5,26.3,0.6,0.64,0.0,0.0,1.5,1.5,36000.0,G08_60_H5
2024-02-17 00:00:00,17.0,3.0,15.0,6.0,13.0,5.96,2980.0,273.0,40.0,0.85,0.66,28.5,26.1,0.6,0.6,0.0,0.0,1.5,1.5,36000.0,G08_60_H5
2024-02-18 00:00:00,23.0,12.0,16.0,5.0,26.0,6.5,3250.0,140.0,40.0,0.88,0.67,31.0,26.6,0.54,0.6,0.0,0.0,1.5,1.5,36000.0,G08_60_H5
2024-02-19 00:00:00,13.0,3.0,17.0,4.0,23.0,7.47,3735.0,37.0,40.0,0.92,0.75,28.3,26.3,0.51,0.6,0.0,0.0,1.5,1.5,36000.0,G08_60_H5
2024-02-20 00:00:00,3.0,0.0,18.0,5.0,24.0,7.51,3755.0,274.0,80.0,0.96,0.73,27.0,25.1,0.49,0.6,0.0,0.0,1.5,1.5,36000.0,G08_60_H5
2024-02-21 00:00:00,0.0,-1.0,19.0,4.0,15.0,7.44,3720.0,321.0,80.0,0.97,0.75,26.5,24.9,0.47,0.47,0.0,0.0,1.5,1.5,36000.0,G08_60_H5
2024-02-22 00:00:00,0.0,-3.0,20.0,8.0,18.0,7.99,3995.0,317.0,80.0,0.96,0.73,26.1,24.3,0.45,0.45,0.0,0.0,1.5,1.5,36000.0,G08_60_H5
2024-02-23 00:00:00,1.0,-2.0,21.0,4.0,14.0,8.3,4150.0,307.0,40.0,0.88,0.74,26.0,24.0,0.43,0.43,0.0,0.0,1.5,1.5,36000.0,G08_60_H5
2024-02-24 00:00:00,1.0,-3.0,22.0,4.0,16.0,8.69,4345.0,271.0,80.0,0.87,0.74,25.6,23.6,0.41,0.41,0.0,0.0,1.5,1.5,36000.0,G08_60_H5
2024-02-25 00:00:00,5.0,-1.0,23.0,4.0,15.0,8.86,4430.0,270.0,80.0,0.84,0.74,25.6,23.7,0.39,0.39,0.0,0.0,1.5,1.5,36000.0,G08_60_H5
2024-02-26 00:00:00,7.0,-2.0,24.0,3.0,12.0,8.99,4495.0,193.0,80.0,0.81,0.74,25.6,23.6,0.38,0.38,0.0,0.0,1.5,1.5,36000.0,G08_60_H5
2024-02-27 00:00:00,7.0,0.0,25.0,11.0,15.0,8.98,4490.0,139.0,80.0,0.84,0.73,25.5,23.5,0.36,0.36,0.0,0.0,1.5,1.5,36000.0,G08_60_H5
2024-02-28 00:00:00,5.0,0.0,26.0,10.0,27.0,9.68,4840.0,179.0,80.0,0.84,0.73,25.1,23.1,0.35,0.35,0.0,0.0,1.5,1.5,36000.0,G08_60_H5
2024-02-29 00:00:00,5.0,-2.0,27.0,15.0,39.0,9.57,4785.0,236.0,80.0,0.92,0.86,24.8,22.9,0.29000000000000004,0.29000000000000004,0.0,0.0,1.5,1.5,36000.0,G08_60_H5
2024-03-01 00:00:00,6.0,-1.0,28.0,23.0,57.0,9.37,4685.0,192.0,80.0,0.84,0.78,25.1,22.8,0.28,0.33,0.0,0.0,1.5,1.5,36000.0,G08_60_H5
2024-03-02 00:00:00,11.0,0.0,29.0,43.0,83.0,9.39,4695.0,192.0,80.0,0.85,0.73,25.0,22.1,0.28,0.37,0.0,0.0,1.5,1.5,36000.0,G08_60_H5
2024-03-03 00:00:00,14.0,3.0,30.0,57.0,100.0,9.81,4905.0,87.0,80.0,0.84,0.74,26.8,21.9,0.28,0.4,0.0,0.0,1.5,1.5,36000.0,G08_60_H5
2024-03-04 00:00:00,10.0,4.0,31.0,84.0,45.0,9.79,4895.0,22.0,80.0,0.81,0.73,24.2,22.2,0.27,0.37,0.0,0.0,1.5,1.5,36000.0,G08_60_H5
2024-03-05 00:00:00,9.0,5.0,32.0,60.0,25.0,10.18,5090.0,20.0,80.0,0.94,0.86,24.2,21.8,0.27,0.37,0.0,0.0,1.5,1.5,36000.0,G08_60_H5
2024-03-06 00:00:00,10.0,0.0,33.0,84.0,17.0,10.31,5155.0,28.0,80.0,0.83,0.76,23.2,21.2,0.25,0.35,0.0,0.0,1.5,1.5,36000.0,G08_60_H5
2024-03-07 00:00:00,14.0,1.0,34.0,83.0,15.0,9.7,4850.0,61.0,80.0,0.8,0.76,24.1,20.3,0.25,0.38,0.0,0.0,1.5,1.5,36000.0,G08_60_H5
2024-03-08 00:00:00,12.0,0.0,35.0,146.0,0.0,10.15,5075.0,34.0,80.0,0.8,0.61,25.23,19.9,0.25,0.38,0.0,0.0,2.0,2.0,36000.0,G08_60_H5
2024-03-09 00:00:00,12.0,2.0,36.0,126.0,0.0,9.57,4785.0,42.0,80.0,0.82,0.61,25.3,20.1,0.25,0.33,0.0,0.0,2.0,2.0,36000.0,G08_60_H5
2024-03-10 00:00:00,16.0,5.0,37.0,150.0,0.0,10.93,5465.0,40.0,80.0,0.81,0.64,27.4,19.7,0.28,0.33,0.0,0.0,2.0,2.0,36000.0,G08_60_H5
2024-03-11 00:00:00,21.0,7.0,38.0,0.0,0.0,,,,,,,,,,,,,,,36000.0,G08_60_H5
2024-03-12 00:00:00,16.0,4.0,39.0,0.0,0.0,,,,,,,,,,,,,,,36000.0,G08_60_H5
2024-03-13 00:00:00,16.0,7.0,40.0,0.0,0.0,,,,,,,,,,,,,,,36000.0,G08_60_H5
2024-03-14 00:00:00,16.0,5.0,41.0,,,,0.0,,,,,,,,,,,,,36000.0,G08_60_H5
2024-02-06 00:00:00,0.0,-2.0,4.0,17.0,5.0,1.25,625.0,345.0,80.0,0.61,0.52,32.4,30.2,1.11,1.11,2.0,2.0,1.0,1.0,33900.0,G08_60_H6
2024-02-07 00:00:00,4.0,-4.0,5.0,22.0,14.0,1.57,785.0,314.0,80.0,0.65,0.57,31.7,29.8,1.05,1.05,2.0,2.0,1.0,1.0,33900.0,G08_60_H6
2024-02-08 00:00:00,7.0,-4.0,6.0,12.0,8.0,1.85,925.0,335.6,40.0,0.64,0.54,30.9,29.1,0.6,0.6,2.0,2.0,1.0,1.0,33900.0,G08_60_H6
2024-02-09 00:00:00,10.0,-1.0,7.0,14.0,4.0,2.29,1145.0,340.9,80.0,0.6,0.53,30.5,28.6,0.6,0.6,2.0,2.0,1.0,1.0,33900.0,G08_60_H6
2024-02-10 00:00:00,15.0,0.0,8.0,10.0,7.0,2.49,1345.0,268.8,80.0,0.68,0.58,30.1,28.1,0.6,0.6,2.0,2.0,1.0,1.0,33900.0,G08_60_H6
2024-02-11 00:00:00,15.0,1.0,9.0,21.0,123.0,2.66,1330.0,245.7,40.0,0.67,0.58,30.0,27.6,0.6,0.6,2.0,2.0,1.0,1.0,33900.0,G08_60_H6
2024-02-12 00:00:00,18.0,4.0,10.0,12.0,4.0,3.22,1610.0,231.0,80.0,0.78,0.6,29.4,27.3,0.6,0.6,2.0,2.0,1.0,1.0,33900.0,G08_60_H6
2024-02-13 00:00:00,20.0,6.0,11.0,9.0,3.0,3.63,1815.0,220.0,40.0,0.77,0.68,29.2,26.9,0.6,0.6,2.0,2.0,1.0,1.0,33900.0,G08_60_H6
2024-02-14 00:00:00,22.0,4.0,12.0,4.0,2.0,4.45,2225.0,199.3,40.0,0.77,0.61,30.5,26.8,0.6,0.73,0.0,0.0,2.0,2.0,33900.0,G08_60_H6
2024-02-15 00:00:00,7.0,-2.0,13.0,10.0,13.0,4.94,2470.0,163.0,40.0,0.77,0.67,28.7,26.3,0.6,0.73,0.0,0.0,1.5,1.5,33900.0,G08_60_H6
2024-02-16 00:00:00,10.0,1.0,14.0,8.0,11.0,5.1,2550.0,351.0,80.0,0.79,0.6,28.4,26.1,0.6,0.64,0.0,0.0,1.5,1.5,33900.0,G08_60_H6
2024-02-17 00:00:00,17.0,3.0,15.0,2.0,18.0,5.59,2795.0,273.0,40.0,0.82,0.61,28.3,26.0,0.6,0.6,0.0,0.0,1.5,1.5,33900.0,G08_60_H6
2024-02-18 00:00:00,23.0,12.0,16.0,8.0,31.0,6.04,3020.0,140.0,40.0,0.85,0.63,30.1,26.4,0.54,0.6,0.0,0.0,1.5,1.5,33900.0,G08_60_H6
2024-02-19 00:00:00,13.0,3.0,17.0,8.0,21.0,6.73,3365.0,37.0,40.0,0.97,0.72,28.2,26.1,0.51,0.6,0.0,0.0,1.5,1.5,33900.0,G08_60_H6
2024-02-20 00:00:00,3.0,0.0,18.0,11.0,25.0,6.76,3380.0,274.0,80.0,0.95,0.79,26.8,25.2,0.49,0.6,0.0,0.0,1.5,1.5,33900.0,G08_60_H6
2024-02-21 00:00:00,0.0,-1.0,19.0,3.0,23.0,6.81,3405.0,321.0,80.0,0.96,0.78,26.6,24.9,0.47,0.47,0.0,0.0,1.5,1.5,33900.0,G08_60_H6
2024-02-22 00:00:00,0.0,-3.0,20.0,7.0,24.0,7.31,3655.0,317.0,40.0,0.95,0.77,25.9,24.3,0.45,0.45,0.0,0.0,1.5,1.5,33900.0,G08_60_H6
2024-02-23 00:00:00,1.0,-2.0,21.0,8.0,21.0,7.95,3975.0,307.0,80.0,0.88,0.79,26.0,24.1,0.43,0.43,0.0,0.0,1.5,1.5,33900.0,G08_60_H6
2024-02-24 00:00:00,1.0,-3.0,22.0,6.0,19.0,8.06,4030.0,272.0,80.0,0.87,0.76,25.6,24.0,0.41,0.41,0.0,0.0,1.5,1.5,33900.0,G08_60_H6
2024-02-25 00:00:00,5.0,-1.0,23.0,5.0,16.0,8.55,4275.0,270.0,80.0,0.86,0.75,25.9,23.8,0.39,0.39,0.0,0.0,1.5,1.5,33900.0,G08_60_H6
2024-02-26 00:00:00,7.0,-2.0,24.0,8.0,21.0,8.45,4225.0,193.0,40.0,0.85,0.78,25.6,23.6,0.38,0.38,0.0,0.0,1.5,1.5,33900.0,G08_60_H6
2024-02-27 00:00:00,7.0,0.0,25.0,7.0,22.0,8.9,4450.0,139.0,80.0,0.88,0.77,25.5,23.6,0.36,0.36,0.0,0.0,1.5,1.5,33900.0,G08_60_H6
2024-02-28 00:00:00,5.0,0.0,26.0,13.0,36.0,9.07,4535.0,179.0,80.0,0.88,0.77,25.0,23.2,0.36,0.36,0.0,0.0,1.5,1.5,33900.0,G08_60_H6
2024-02-29 00:00:00,5.0,-2.0,27.0,12.0,40.0,9.42,4710.0,236.0,80.0,0.94,0.84,24.9,23.1,0.29000000000000004,0.29000000000000004,0.0,0.0,1.5,1.5,33900.0,G08_60_H6
2024-03-01 00:00:00,6.0,-1.0,28.0,8.0,23.0,9.07,4535.0,192.0,80.0,0.82,0.75,24.8,22.7,0.28,0.33,0.0,0.0,1.5,1.5,33900.0,G08_60_H6
2024-03-02 00:00:00,11.0,0.0,29.0,7.0,22.0,9.66,4830.0,192.0,80.0,0.86,0.73,25.3,22.3,0.28,0.37,0.0,0.0,1.5,1.5,33900.0,G08_60_H6
2024-03-03 00:00:00,14.0,3.0,30.0,21.0,23.0,10.29,5145.0,87.0,40.0,0.86,0.73,27.4,22.2,0.28,0.4,0.0,0.0,1.5,1.5,33900.0,G08_60_H6
2024-03-04 00:00:00,10.0,4.0,31.0,90.0,25.0,9.8,4900.0,22.0,80.0,0.82,0.75,24.3,22.5,0.27,0.37,0.0,0.0,1.5,1.5,33900.0,G08_60_H6
2024-03-05 00:00:00,9.0,5.0,32.0,69.0,18.0,9.1,4550.0,20.0,80.0,0.95,0.82,24.0,21.9,0.27,0.37,0.0,0.0,1.5,1.5,33900.0,G08_60_H6
2024-03-06 00:00:00,10.0,0.0,33.0,72.0,10.0,9.38,4690.0,28.0,80.0,0.85,0.71,23.0,21.4,0.25,0.35,0.0,0.0,1.5,1.5,33900.0,G08_60_H6
2024-03-07 00:00:00,14.0,1.0,34.0,80.0,7.0,9.16,4580.0,61.0,80.0,0.84,0.75,24.0,20.4,0.25,0.38,0.0,0.0,1.5,1.5,33900.0,G08_60_H6
2024-03-08 00:00:00,12.0,0.0,35.0,113.0,0.0,9.23,4615.0,34.0,40.0,0.8,0.6,25.5,19.9,0.25,0.38,0.0,0.0,2.0,2.0,33900.0,G08_60_H6
2024-03-09 00:00:00,12.0,2.0,36.0,118.0,0.0,8.59,4295.0,42.0,80.0,0.86,0.61,24.9,20.1,0.25,0.33,0.0,0.0,2.0,2.0,33900.0,G08_60_H6
2024-03-10 00:00:00,16.0,5.0,37.0,140.0,0.0,7.92,3960.0,40.0,80.0,0.84,0.66,26.6,19.7,0.28,0.33,0.0,0.0,2.0,2.0,33900.0,G08_60_H6
2024-03-11 00:00:00,21.0,7.0,38.0,0.0,0.0,,,,,,,,,,,,,,,33900.0,G08_60_H6
2024-03-12 00:00:00,16.0,4.0,39.0,0.0,0.0,,,,,,,,,,,,,,,33900.0,G08_60_H6
2024-03-13 00:00:00,16.0,7.0,40.0,0.0,0.0,,,,,,,,,,,,,,,33900.0,G08_60_H6
2024-03-14 00:00:00,16.0,5.0,41.0,,,,0.0,,,,,,,,,,,,,33900.0,G08_60_H6
2024-02-06 00:00:00,0.0,-2.0,3.0,23.0,5.0,1.0,500.0,345.0,40.0,0.68,0.57,33.3,31.4,1.16,1.16,1.0,1.0,1.0,1.0,34300.0,G08_60_H7
2024-02-07 00:00:00,4.0,-4.0,4.0,15.0,5.0,1.25,625.0,314.0,80.0,0.68,0.54,32.7,30.9,1.11,1.11,2.0,2.0,1.0,1.0,34300.0,G08_60_H7
2024-02-08 00:00:00,7.0,-4.0,5.0,26.0,5.0,1.66,830.0,335.6,80.0,0.61,0.58,32.0,30.1,0.6,0.6,2.0,2.0,1.0,1.0,34300.0,G08_60_H7
2024-02-09 00:00:00,10.0,-1.0,6.0,34.0,11.0,1.94,970.0,340.9,40.0,0.68,0.55,31.3,29.0,0.6,0.6,2.0,2.0,1.0,1.0,34300.0,G08_60_H7
2024-02-10 00:00:00,15.0,0.0,7.0,21.0,5.0,2.31,1155.0,268.9,80.0,0.62,0.52,30.9,28.6,0.6,0.6,2.0,2.0,1.0,1.0,34300.0,G08_60_H7
2024-02-11 00:00:00,15.0,1.0,8.0,27.0,9.0,2.74,1370.0,245.7,80.0,0.61,0.55,30.6,28.1,0.6,0.6,2.0,2.0,1.0,1.0,34300.0,G08_60_H7
2024-02-12 00:00:00,18.0,4.0,9.0,30.0,164.0,2.83,1415.0,230.0,40.0,0.76,0.69,30.4,27.4,0.6,0.6,2.0,2.0,1.0,1.0,34300.0,G08_60_H7
2024-02-13 00:00:00,20.0,6.0,10.0,30.0,5.0,3.32,1660.0,220.0,40.0,0.77,0.64,29.6,27.4,0.6,0.6,2.0,2.0,1.0,1.0,34300.0,G08_60_H7
2024-02-14 00:00:00,22.0,4.0,11.0,27.0,12.0,3.58,1790.0,199.3,40.0,0.78,0.66,30.3,27.3,0.6,0.76,2.0,2.0,1.0,1.0,34300.0,G08_60_H7
2024-02-15 00:00:00,7.0,-2.0,12.0,21.0,11.0,4.28,2140.0,163.0,40.0,0.77,0.68,29.1,26.6,0.6,0.76,0.0,0.0,1.5,1.5,34300.0,G08_60_H7
2024-02-16 00:00:00,10.0,1.0,13.0,24.0,63.0,4.82,2410.0,351.0,80.0,0.74,0.62,28.6,26.4,0.6,0.68,0.0,0.0,1.5,1.5,34300.0,G08_60_H7
2024-02-17 00:00:00,17.0,3.0,14.0,28.0,72.0,5.13,2565.0,273.0,40.0,0.87,0.61,28.4,26.3,0.6,0.6,0.0,0.0,1.5,1.5,34300.0,G08_60_H7
2024-02-18 00:00:00,23.0,12.0,15.0,16.0,57.0,5.62,2810.0,140.0,40.0,0.88,0.61,29.8,26.9,0.57,0.6,0.0,0.0,1.5,1.5,34300.0,G08_60_H7
2024-02-19 00:00:00,13.0,3.0,16.0,20.0,51.0,6.3,3150.0,37.0,40.0,0.98,0.77,27.8,26.3,0.54,0.6,0.0,0.0,1.5,1.5,34300.0,G08_60_H7
2024-02-20 00:00:00,3.0,0.0,17.0,32.0,112.0,6.57,3285.0,274.0,40.0,0.98,0.78,27.2,25.4,0.51,0.6,0.0,0.0,1.5,1.5,34300.0,G08_60_H7
2024-02-21 00:00:00,0.0,-1.0,18.0,24.0,63.0,7.01,3505.0,320.0,80.0,0.91,0.79,27.4,25.3,0.49,0.49,0.0,0.0,1.5,1.5,34300.0,G08_60_H7
2024-02-22 00:00:00,0.0,-3.0,19.0,15.0,66.0,7.29,3645.0,317.0,40.0,0.92,0.77,26.5,24.5,0.47,0.47,0.0,0.0,1.5,1.5,34300.0,G08_60_H7
2024-02-23 00:00:00,1.0,-2.0,20.0,10.0,58.0,7.57,3785.0,307.0,80.0,0.82,0.78,26.3,24.3,0.45,0.45,0.0,0.0,1.5,1.5,34300.0,G08_60_H7
2024-02-24 00:00:00,1.0,-3.0,21.0,22.0,111.0,7.91,3955.0,272.0,40.0,0.88,0.77,25.9,24.0,0.43,0.43,0.0,0.0,1.5,1.5,34300.0,G08_60_H7
2024-02-25 00:00:00,5.0,-1.0,22.0,16.0,75.0,8.31,4155.0,270.0,80.0,0.81,0.72,25.9,23.9,0.41,0.41,0.0,0.0,1.5,1.5,34300.0,G08_60_H7
2024-02-26 00:00:00,7.0,-2.0,23.0,12.0,48.0,8.55,4275.0,192.0,40.0,0.84,0.73,25.5,23.8,0.39,0.39,0.0,0.0,1.5,1.5,34300.0,G08_60_H7
2024-02-27 00:00:00,7.0,0.0,24.0,14.0,136.0,9.2,4600.0,139.0,80.0,0.83,0.76,25.5,23.7,0.38,0.38,0.0,0.0,1.5,1.5,34300.0,G08_60_H7
2024-02-28 00:00:00,5.0,0.0,25.0,9.0,211.0,9.1,4550.0,179.0,80.0,0.83,0.76,25.0,23.0,0.36,0.36,0.0,0.0,1.5,1.5,34300.0,G08_60_H7
2024-02-29 00:00:00,5.0,-2.0,26.0,7.0,160.0,9.18,4590.0,236.0,40.0,0.9,0.81,25.0,23.1,0.3,0.3,0.0,0.0,1.5,1.5,34300.0,G08_60_H7
2024-03-01 00:00:00,6.0,-1.0,27.0,26.0,306.0,8.16,4080.0,192.0,80.0,0.85,0.71,24.7,22.9,0.29000000000000004,0.34,0.0,0.0,1.5,1.5,34300.0,G08_60_H7
2024-03-02 00:00:00,11.0,0.0,28.0,20.0,340.0,8.24,4120.0,192.0,80.0,0.87,0.77,24.9,22.9,0.3,0.4,0.0,0.0,1.5,1.5,34300.0,G08_60_H7
2024-03-03 00:00:00,14.0,3.0,29.0,45.0,435.0,8.71,4355.0,87.0,40.0,0.81,0.73,26.6,23.2,0.3,0.43,0.0,0.0,1.5,1.5,34300.0,G08_60_H7
2024-03-04 00:00:00,10.0,4.0,30.0,50.0,207.0,7.89,3945.0,22.0,40.0,0.84,0.76,24.6,23.2,0.28,0.4,0.0,0.0,1.5,1.5,34300.0,G08_60_H7
2024-03-05 00:00:00,9.0,5.0,31.0,65.0,425.0,7.8,3900.0,20.0,80.0,0.9,0.83,24.7,23.2,0.28,0.4,0.0,0.0,1.5,1.5,34300.0,G08_60_H7
2024-03-06 00:00:00,10.0,0.0,32.0,142.0,100.0,7.87,3935.0,28.0,40.0,0.81,0.75,24.4,22.8,0.26,0.38,0.0,0.0,1.5,1.5,34300.0,G08_60_H7
2024-03-07 00:00:00,14.0,1.0,33.0,170.0,40.0,7.91,3955.0,61.0,40.0,0.81,0.72,24.0,21.9,0.26,0.41,0.0,0.0,1.5,1.5,34300.0,G08_60_H7
2024-03-08 00:00:00,12.0,0.0,34.0,160.0,30.0,8.09,4045.0,35.0,80.0,0.8,0.69,24.9,21.3,0.26,0.41,0.0,0.0,1.5,1.5,34300.0,G08_60_H7
2024-03-09 00:00:00,12.0,2.0,35.0,240.0,0.0,8.34,4170.0,42.0,40.0,0.8,0.6,24.8,21.6,0.26,0.36,0.0,0.0,1.5,1.5,34300.0,G08_60_H7
2024-03-10 00:00:00,16.0,5.0,36.0,220.0,0.0,9.58,4790.0,40.0,80.0,0.81,0.61,26.7,21.1,0.29,0.36,0.0,0.0,1.5,1.5,34300.0,G08_60_H7
2024-03-11 00:00:00,21.0,7.0,37.0,0.0,0.0,,,,,,,,,,,,,,,34300.0,G08_60_H7
2024-03-12 00:00:00,16.0,4.0,38.0,0.0,0.0,,,,,,,,,,,,,,,34300.0,G08_60_H7
2024-03-13 00:00:00,16.0,7.0,39.0,0.0,0.0,,,,,,,,,,,,,,,34300.0,G08_60_H7
2024-03-14 00:00:00,16.0,5.0,40.0,0.0,0.0,0.0,0.0,0.0,0.0,0.0,0.0,0.0,0.0,0.0,0.0,0.0,0.0,0.0,0.0,34300.0,G08_60_H7
2024-02-06 00:00:00,0.0,-2.0,3.0,13.0,3.0,0.47,235.0,345.0,40.0,0.64,0.55,32.8,31.2,1.16,1.16,0.0,0.0,1.0,1.0,27500.0,G08_60_H8
2024-02-07 00:00:00,4.0,-4.0,4.0,13.0,6.0,0.67,335.0,314.0,80.0,0.68,0.52,32.7,30.7,1.11,1.11,1.0,1.0,1.0,1.0,27500.0,G08_60_H8
2024-02-08 00:00:00,7.0,-4.0,5.0,14.0,5.0,0.9,450.0,335.6,40.0,0.66,0.56,31.9,30.0,0.6,0.6,1.0,1.0,1.0,1.0,27500.0,G08_60_H8
2024-02-09 00:00:00,10.0,-1.0,6.0,26.0,10.0,1.28,640.0,340.9,80.0,0.62,0.57,31.1,29.7,0.6,0.6,1.0,1.0,1.0,1.0,27500.0,G08_60_H8
2024-02-10 00:00:00,15.0,0.0,7.0,6.0,3.0,1.55,775.0,268.9,40.0,0.64,0.55,30.6,29.2,0.6,0.6,1.0,1.0,1.0,1.0,27500.0,G08_60_H8
2024-02-11 00:00:00,15.0,1.0,8.0,22.0,7.0,1.94,970.0,245.7,80.0,0.65,0.53,30.2,28.4,0.6,0.6,1.0,1.0,1.0,1.0,27500.0,G08_60_H8
2024-02-12 00:00:00,18.0,4.0,9.0,19.0,132.0,2.06,1030.0,230.0,40.0,0.73,0.67,29.9,27.6,0.6,0.6,1.0,1.0,1.0,1.0,27500.0,G08_60_H8
2024-02-13 00:00:00,20.0,6.0,10.0,32.0,5.0,2.5,1250.0,220.0,40.0,0.76,0.65,29.6,27.5,0.6,0.6,1.0,1.0,1.0,1.0,27500.0,G08_60_H8
2024-02-14 00:00:00,22.0,4.0,11.0,9.0,4.0,2.85,1425.0,199.3,40.0,0.77,0.68,29.9,27.1,0.6,0.76,1.0,1.0,1.0,1.0,27500.0,G08_60_H8
2024-02-15 00:00:00,7.0,-2.0,12.0,12.0,6.0,3.45,1725.0,163.0,40.0,0.75,0.62,28.9,26.6,0.6,0.76,0.0,0.0,1.5,1.5,27500.0,G08_60_H8
2024-02-16 00:00:00,10.0,1.0,13.0,19.0,34.0,3.88,1940.0,351.0,80.0,0.7,0.61,28.7,26.4,0.6,0.68,0.0,0.0,1.5,1.5,27500.0,G08_60_H8
2024-02-17 00:00:00,17.0,3.0,14.0,14.0,26.0,4.23,2115.0,273.0,40.0,0.85,0.62,28.5,26.0,0.6,0.6,0.0,0.0,1.5,1.5,27500.0,G08_60_H8
2024-02-18 00:00:00,23.0,12.0,15.0,16.0,51.0,4.44,2220.0,141.0,40.0,0.82,0.67,29.8,27.0,0.57,0.6,0.0,0.0,1.5,1.5,27500.0,G08_60_H8
2024-02-19 00:00:00,13.0,3.0,16.0,12.0,30.0,4.94,2470.0,37.0,40.0,0.98,0.75,28.2,26.3,0.54,0.6,0.0,0.0,1.5,1.5,27500.0,G08_60_H8
2024-02-20 00:00:00,3.0,0.0,17.0,20.0,53.0,5.16,2580.0,274.0,40.0,0.91,0.75,27.3,25.6,0.51,0.6,0.0,0.0,1.5,1.5,27500.0,G08_60_H8
2024-02-21 00:00:00,0.0,-1.0,18.0,16.0,44.0,5.42,2710.0,320.0,40.0,0.91,0.77,27.3,25.2,0.49,0.49,0.0,0.0,1.5,1.5,27500.0,G08_60_H8
2024-02-22 00:00:00,0.0,-3.0,19.0,11.0,44.0,5.84,2920.0,317.0,40.0,0.91,0.75,26.7,25.0,0.47,0.47,0.0,0.0,1.5,1.5,27500.0,G08_60_H8
2024-02-23 00:00:00,1.0,-2.0,20.0,17.0,67.0,6.22,3110.0,307.0,80.0,0.81,0.78,26.3,24.7,0.45,0.45,0.0,0.0,1.5,1.5,27500.0,G08_60_H8
2024-02-24 00:00:00,1.0,-3.0,21.0,13.0,50.0,6.47,3235.0,272.0,40.0,0.81,0.75,26.0,24.2,0.43,0.43,0.0,0.0,1.5,1.5,27500.0,G08_60_H8
2024-02-25 00:00:00,5.0,-1.0,22.0,8.0,34.0,6.69,3345.0,270.0,40.0,0.85,0.74,25.9,24.0,0.41,0.41,0.0,0.0,1.5,1.5,27500.0,G08_60_H8
2024-02-26 00:00:00,7.0,-2.0,23.0,10.0,43.0,6.98,3490.0,192.0,80.0,0.81,0.77,25.8,23.9,0.39,0.39,0.0,0.0,1.5,1.5,27500.0,G08_60_H8
2024-02-27 00:00:00,7.0,0.0,24.0,12.0,60.0,7.36,3680.0,139.0,40.0,0.85,0.71,26.0,23.9,0.38,0.38,0.0,0.0,1.5,1.5,27500.0,G08_60_H8
2024-02-28 00:00:00,5.0,0.0,25.0,9.0,51.0,7.3,3650.0,179.0,40.0,0.85,0.71,25.1,23.2,0.36,0.36,0.0,0.0,1.5,1.5,27500.0,G08_60_H8
2024-02-29 00:00:00,5.0,-2.0,26.0,2.0,51.0,7.48,3740.0,236.0,80.0,0.92,0.86,25.0,23.2,0.3,0.3,0.0,0.0,1.5,1.5,27500.0,G08_60_H8
2024-03-01 00:00:00,6.0,-1.0,27.0,13.0,63.0,7.67,3835.0,192.0,80.0,0.82,0.76,25.0,23.1,0.29000000000000004,0.34,0.0,0.0,1.5,1.5,27500.0,G08_60_H8
2024-03-02 00:00:00,11.0,0.0,28.0,16.0,54.0,7.03,3515.0,192.0,40.0,0.82,0.75,25.3,22.5,0.3,0.4,0.0,0.0,1.5,1.5,27500.0,G08_60_H8
2024-03-03 00:00:00,14.0,3.0,29.0,24.0,51.0,8.33,4165.0,87.0,80.0,0.82,0.75,26.0,22.9,0.3,0.43,0.0,0.0,1.5,1.5,27500.0,G08_60_H8
2024-03-04 00:00:00,10.0,4.0,30.0,37.0,85.0,7.62,3810.0,21.0,40.0,0.87,0.74,24.5,22.9,0.28,0.4,0.0,0.0,1.5,1.5,27500.0,G08_60_H8
2024-03-05 00:00:00,9.0,5.0,31.0,45.0,55.0,7.61,3805.0,20.0,40.0,0.9,0.86,24.8,22.6,0.28,0.4,0.0,0.0,1.5,1.5,27500.0,G08_60_H8
2024-03-06 00:00:00,10.0,0.0,32.0,67.0,45.0,7.34,3670.0,28.0,40.0,0.82,0.77,24.0,22.1,0.26,0.38,0.0,0.0,1.5,1.5,27500.0,G08_60_H8
2024-03-07 00:00:00,14.0,1.0,33.0,120.0,27.0,6.85,3425.0,61.0,80.0,0.82,0.7,24.3,21.4,0.26,0.41,0.0,0.0,1.5,1.5,27500.0,G08_60_H8
2024-03-08 00:00:00,12.0,0.0,34.0,178.0,20.0,6.93,3465.0,35.0,80.0,0.82,0.63,25.3,21.2,0.26,0.41,0.0,0.0,1.5,1.5,27500.0,G08_60_H8
2024-03-09 00:00:00,12.0,2.0,35.0,226.0,0.0,6.27,3135.0,42.0,40.0,0.82,0.63,24.5,21.8,0.26,0.36,0.0,0.0,1.5,1.5,27500.0,G08_60_H8
2024-03-10 00:00:00,16.0,5.0,36.0,270.0,0.0,5.82,2910.0,40.0,80.0,0.85,0.64,25.6,21.2,0.29,0.36,0.0,0.0,1.5,1.5,27500.0,G08_60_H8
2024-03-11 00:00:00,21.0,7.0,37.0,300.0,0.0,5.3,2650.0,40.0,40.0,0.85,0.64,27.3,21.2,0.29,0.76,0.0,0.0,1.5,3.0,27500.0,G08_60_H8
2024-03-12 00:00:00,16.0,4.0,38.0,0.0,0.0,,,,,,,,,,,,,,,27500.0,G08_60_H8
2024-03-13 00:00:00,16.0,7.0,39.0,0.0,0.0,,,,,,,,,,,,,,,27500.0,G08_60_H8
2024-03-14 00:00:00,16.0,5.0,40.0,0.0,0.0,0.0,0.0,0.0,0.0,0.0,0.0,0.0,0.0,0.0,0.0,0.0,0.0,0.0,0.0,27500.0,G08_60_H8
2024-02-06 00:00:00,0.0,-2.0,3.0,28.0,4.0,0.42,210.0,345.0,40.0,0.67,0.59,33.3,31.5,1.16,1.16,0.0,0.0,1.0,1.0,27500.0,G08_60_H9
2024-02-07 00:00:00,4.0,-4.0,4.0,18.0,5.0,0.61,305.0,314.0,80.0,0.65,0.57,32.8,30.8,1.11,1.11,1.0,1.0,1.0,1.0,27500.0,G08_60_H9
2024-02-08 00:00:00,7.0,-4.0,5.0,22.0,5.0,0.88,440.0,335.6,40.0,0.66,0.56,32.3,30.1,0.6,0.6,1.0,1.0,1.0,1.0,27500.0,G08_60_H9
2024-02-09 00:00:00,10.0,-1.0,6.0,18.0,5.0,1.2,600.0,340.9,40.0,0.68,0.51,31.4,29.1,0.6,0.6,1.0,1.0,1.0,1.0,27500.0,G08_60_H9
2024-02-10 00:00:00,15.0,0.0,7.0,16.0,7.0,1.48,740.0,268.9,80.0,0.67,0.55,30.7,28.6,0.6,0.6,1.0,1.0,1.0,1.0,27500.0,G08_60_H9
2024-02-11 00:00:00,15.0,1.0,8.0,17.0,16.0,1.74,870.0,245.7,40.0,0.65,0.51,30.6,28.0,0.6,0.6,1.0,1.0,1.0,1.0,27500.0,G08_60_H9
2024-02-12 00:00:00,18.0,4.0,9.0,20.0,167.0,1.83,915.0,230.0,40.0,0.75,0.64,30.1,27.8,0.6,0.6,1.0,1.0,1.0,1.0,27500.0,G08_60_H9
2024-02-13 00:00:00,20.0,6.0,10.0,25.0,7.0,2.23,1115.0,220.0,40.0,0.78,0.62,29.5,27.1,0.6,0.6,1.0,1.0,1.0,1.0,27500.0,G08_60_H9
2024-02-14 00:00:00,22.0,4.0,11.0,12.0,9.0,2.42,1210.0,199.3,40.0,0.75,0.62,30.2,27.0,0.6,0.76,1.0,1.0,1.0,1.0,27500.0,G08_60_H9
2024-02-15 00:00:00,7.0,-2.0,12.0,10.0,8.0,3.08,1540.0,163.0,40.0,0.73,0.61,28.8,26.6,0.6,0.76,0.0,0.0,1.5,1.5,27500.0,G08_60_H9
2024-02-16 00:00:00,10.0,1.0,13.0,21.0,23.0,3.35,1675.0,351.0,40.0,0.75,0.64,28.6,26.6,0.6,0.68,0.0,0.0,1.5,1.5,27500.0,G08_60_H9
2024-02-17 00:00:00,17.0,3.0,14.0,14.0,13.0,3.61,1805.0,273.0,80.0,0.85,0.65,28.6,26.1,0.6,0.6,0.0,0.0,1.5,1.5,27500.0,G08_60_H9
2024-02-18 00:00:00,23.0,12.0,15.0,19.0,14.0,3.95,1975.0,141.0,40.0,0.84,0.65,29.9,26.8,0.57,0.6,0.0,0.0,1.5,1.5,27500.0,G08_60_H9
2024-02-19 00:00:00,13.0,3.0,16.0,22.0,22.0,4.4,2200.0,37.0,40.0,0.94,0.72,28.1,26.3,0.54,0.6,0.0,0.0,1.5,1.5,27500.0,G08_60_H9
2024-02-20 00:00:00,3.0,0.0,17.0,13.0,16.0,5.1,2550.0,274.0,40.0,0.95,0.71,27.5,25.5,0.51,0.6,0.0,0.0,1.5,1.5,27500.0,G08_60_H9
2024-02-21 00:00:00,0.0,-1.0,18.0,20.0,19.0,5.11,2555.0,320.0,40.0,0.95,0.72,27.1,25.3,0.49,0.49,0.0,0.0,1.5,1.5,27500.0,G08_60_H9
2024-02-22 00:00:00,0.0,-3.0,19.0,15.0,22.0,5.61,2805.0,317.0,40.0,0.95,0.72,26.7,24.7,0.47,0.47,0.0,0.0,1.5,1.5,27500.0,G08_60_H9
2024-02-23 00:00:00,1.0,-2.0,20.0,14.0,16.0,5.87,2935.0,307.0,40.0,0.85,0.75,26.5,24.5,0.45,0.45,0.0,0.0,1.5,1.5,27500.0,G08_60_H9
2024-02-24 00:00:00,1.0,-3.0,21.0,12.0,22.0,5.76,2880.0,272.0,80.0,0.84,0.73,26.1,24.2,0.43,0.43,0.0,0.0,1.5,1.5,27500.0,G08_60_H9
2024-02-25 00:00:00,5.0,-1.0,22.0,18.0,15.0,6.22,3110.0,270.0,40.0,0.87,0.78,25.9,24.0,0.41,0.41,0.0,0.0,1.5,1.5,27500.0,G08_60_H9
2024-02-26 00:00:00,7.0,-2.0,23.0,9.0,19.0,6.01,3005.0,192.0,40.0,0.84,0.71,25.9,24.0,0.39,0.39,0.0,0.0,1.5,1.5,27500.0,G08_60_H9
2024-02-27 00:00:00,7.0,0.0,24.0,8.0,19.0,7.11,3555.0,139.0,40.0,0.82,0.74,26.0,23.8,0.38,0.38,0.0,0.0,1.5,1.5,27500.0,G08_60_H9
2024-02-28 00:00:00,5.0,0.0,25.0,9.0,19.0,7.04,3520.0,179.0,80.0,0.82,0.74,25.1,23.4,0.36,0.36,0.0,0.0,1.5,1.5,27500.0,G08_60_H9
2024-02-29 00:00:00,5.0,-2.0,26.0,6.0,31.0,7.22,3610.0,236.0,40.0,0.96,0.84,25.1,23.5,0.3,0.3,0.0,0.0,1.5,1.5,27500.0,G08_60_H9
2024-03-01 00:00:00,6.0,-1.0,27.0,6.0,44.0,7.12,3560.0,192.0,80.0,0.87,0.73,25.6,23.4,0.29000000000000004,0.34,0.0,0.0,1.5,1.5,27500.0,G08_60_H9
2024-03-02 00:00:00,11.0,0.0,28.0,6.0,21.0,6.38,3190.0,192.0,80.0,0.86,0.72,25.6,22.6,0.3,0.4,0.0,0.0,1.5,1.5,27500.0,G08_60_H9
2024-03-03 00:00:00,14.0,3.0,29.0,30.0,14.0,7.43,3715.0,87.0,40.0,0.81,0.76,26.8,23.0,0.3,0.43,0.0,0.0,1.5,1.5,27500.0,G08_60_H9
2024-03-04 00:00:00,10.0,4.0,30.0,50.0,6.0,7.52,3760.0,21.0,40.0,0.83,0.71,25.1,23.1,0.28,0.4,0.0,0.0,1.5,1.5,27500.0,G08_60_H9
2024-03-05 00:00:00,9.0,5.0,31.0,50.0,20.0,6.72,3360.0,20.0,80.0,0.94,0.82,24.6,22.7,0.28,0.4,0.0,0.0,1.5,1.5,27500.0,G08_60_H9
2024-03-06 00:00:00,10.0,0.0,32.0,76.0,0.0,7.15,3575.0,28.0,40.0,0.86,0.74,24.4,22.3,0.26,0.38,0.0,0.0,1.5,1.5,27500.0,G08_60_H9
2024-03-07 00:00:00,14.0,1.0,33.0,116.0,0.0,6.32,3160.0,61.0,80.0,0.85,0.74,24.2,21.9,0.26,0.41,0.0,0.0,1.5,1.5,27500.0,G08_60_H9
2024-03-08 00:00:00,12.0,0.0,34.0,168.0,0.0,6.22,3110.0,35.0,40.0,0.84,0.65,25.5,21.8,0.26,0.41,0.0,0.0,1.5,1.5,27500.0,G08_60_H9
2024-03-09 00:00:00,12.0,2.0,35.0,120.0,0.0,6.21,3105.0,42.0,80.0,0.88,0.68,25.0,21.9,0.26,0.36,0.0,0.0,1.5,1.5,27500.0,G08_60_H9
2024-03-10 00:00:00,16.0,5.0,36.0,134.0,0.0,6.12,3060.0,40.0,40.0,0.86,0.65,26.9,21.5,0.29,0.36,0.0,0.0,1.5,1.5,27500.0,G08_60_H9
2024-03-11 00:00:00,21.0,7.0,37.0,150.0,0.0,6.54,3270.0,40.0,80.0,0.86,0.65,27.8,21.5,0.29,0.76,0.0,0.0,1.5,3.0,27500.0,G08_60_H9
2024-03-12 00:00:00,16.0,4.0,38.0,0.0,0.0,,,,,,,,,,,,,,,27500.0,G08_60_H9
2024-03-13 00:00:00,16.0,7.0,39.0,0.0,0.0,,,,,,,,,,,,,,,27500.0,G08_60_H9
2024-03-14 00:00:00,16.0,5.0,40.0,0.0,0.0,0.0,0.0,0.0,0.0,0.0,0.0,0.0,0.0,0.0,0.0,0.0,0.0,0.0,0.0,27500.0,G08_60_H9
2024-02-06 00:00:00,0.0,-2.0,3.0,17.0,0.0,0.48,240.0,345.0,80.0,0.65,0.54,33.2,31.3,1.16,1.16,0.0,0.0,1.0,1.0,27400.0,G08_60_H10
2024-02-07 00:00:00,4.0,-4.0,4.0,20.0,7.0,0.65,325.0,314.0,40.0,0.64,0.55,32.8,30.9,1.11,1.11,1.0,1.0,1.0,1.0,27400.0,G08_60_H10
2024-02-08 00:00:00,7.0,-4.0,5.0,25.0,8.0,0.9,450.0,335.6,40.0,0.68,0.51,32.2,30.0,0.6,0.6,1.0,1.0,1.0,1.0,27400.0,G08_60_H10
2024-02-09 00:00:00,10.0,-1.0,6.0,9.0,9.0,1.23,615.0,340.9,80.0,0.65,0.55,31.3,29.5,0.6,0.6,1.0,1.0,1.0,1.0,27400.0,G08_60_H10
2024-02-10 00:00:00,15.0,0.0,7.0,22.0,5.0,1.52,760.0,268.9,40.0,0.65,0.57,31.0,28.9,0.6,0.6,1.0,1.0,1.0,1.0,27400.0,G08_60_H10
2024-02-11 00:00:00,15.0,1.0,8.0,28.0,11.0,1.88,940.0,245.7,80.0,0.68,0.58,30.3,28.1,0.6,0.6,1.0,1.0,1.0,1.0,27400.0,G08_60_H10
2024-02-12 00:00:00,18.0,4.0,9.0,19.0,185.0,2.09,1045.0,230.0,40.0,0.74,0.63,30.1,27.5,0.6,0.6,1.0,1.0,1.0,1.0,27400.0,G08_60_H10
2024-02-13 00:00:00,20.0,6.0,10.0,36.0,7.0,2.59,1295.0,220.0,40.0,0.75,0.64,29.6,27.2,0.6,0.6,1.0,1.0,1.0,1.0,27400.0,G08_60_H10
2024-02-14 00:00:00,22.0,4.0,11.0,9.0,5.0,2.8,1400.0,199.3,40.0,0.77,0.62,30.7,27.3,0.6,0.76,1.0,1.0,1.0,1.0,27400.0,G08_60_H10
2024-02-15 00:00:00,7.0,-2.0,12.0,17.0,11.0,3.54,1770.0,163.0,40.0,0.78,0.64,28.8,26.5,0.6,0.76,0.0,0.0,1.5,1.5,27400.0,G08_60_H10
2024-02-16 00:00:00,10.0,1.0,13.0,13.0,11.0,3.67,1835.0,351.0,40.0,0.77,0.62,28.8,26.3,0.6,0.68,0.0,0.0,1.5,1.5,27400.0,G08_60_H10
2024-02-17 00:00:00,17.0,3.0,14.0,15.0,18.0,3.98,1990.0,273.0,40.0,0.87,0.64,28.5,25.9,0.6,0.6,0.0,0.0,1.5,1.5,27400.0,G08_60_H10
2024-02-18 00:00:00,23.0,12.0,15.0,26.0,16.0,4.38,2190.0,141.0,40.0,0.87,0.62,30.1,27.0,0.57,0.6,0.0,0.0,1.5,1.5,27400.0,G08_60_H10
2024-02-19 00:00:00,13.0,3.0,16.0,19.0,11.0,4.91,2455.0,37.0,40.0,0.95,0.74,28.3,26.2,0.54,0.6,0.0,0.0,1.5,1.5,27400.0,G08_60_H10
2024-02-20 00:00:00,3.0,0.0,17.0,15.0,12.0,5.11,2555.0,274.0,40.0,0.92,0.76,27.3,25.6,0.51,0.6,0.0,0.0,1.5,1.5,27400.0,G08_60_H10
2024-02-21 00:00:00,0.0,-1.0,18.0,24.0,24.0,5.611,2806.0,320.0,40.0,0.92,0.72,27.6,25.5,0.49,0.49,0.0,0.0,1.5,1.5,27400.0,G08_60_H10
2024-02-22 00:00:00,0.0,-3.0,19.0,11.0,32.0,5.96,2980.0,317.0,80.0,0.92,0.74,26.4,24.9,0.47,0.47,0.0,0.0,1.5,1.5,27400.0,G08_60_H10
2024-02-23 00:00:00,1.0,-2.0,20.0,9.0,25.0,5.72,2860.0,307.0,40.0,0.82,0.74,26.2,24.8,0.45,0.45,0.0,0.0,1.5,1.5,27400.0,G08_60_H10
2024-02-24 00:00:00,1.0,-3.0,21.0,9.0,22.0,5.97,2985.0,272.0,40.0,0.85,0.72,26.2,24.4,0.43,0.43,0.0,0.0,1.5,1.5,27400.0,G08_60_H10
2024-02-25 00:00:00,5.0,-1.0,22.0,10.0,17.0,6.259,3130.0,270.0,40.0,0.84,0.75,25.8,24.2,0.41,0.41,0.0,0.0,1.5,1.5,27400.0,G08_60_H10
2024-02-26 00:00:00,7.0,-2.0,23.0,10.0,25.0,6.35,3175.0,192.0,40.0,0.83,0.72,25.7,24.2,0.39,0.39,0.0,0.0,1.5,1.5,27400.0,G08_60_H10
2024-02-27 00:00:00,7.0,0.0,24.0,6.0,11.0,6.84,3420.0,139.0,80.0,0.83,0.77,26.2,23.9,0.38,0.38,0.0,0.0,1.5,1.5,27400.0,G08_60_H10
2024-02-28 00:00:00,5.0,0.0,25.0,20.0,30.0,6.69,3345.0,179.0,40.0,0.83,0.77,25.1,23.0,0.36,0.36,0.0,0.0,1.5,1.5,27400.0,G08_60_H10
2024-02-29 00:00:00,5.0,-2.0,26.0,16.0,134.0,6.71,3355.0,236.0,80.0,0.96,0.85,25.1,23.1,0.3,0.3,0.0,0.0,1.5,1.5,27400.0,G08_60_H10
2024-03-01 00:00:00,6.0,-1.0,27.0,18.0,82.0,6.55,3275.0,192.0,40.0,0.86,0.75,25.0,23.1,0.29000000000000004,0.34,0.0,0.0,1.5,1.5,27400.0,G08_60_H10
2024-03-02 00:00:00,11.0,0.0,28.0,30.0,94.0,6.71,3355.0,192.0,80.0,0.86,0.75,25.8,23.0,0.3,0.4,0.0,0.0,1.5,1.5,27400.0,G08_60_H10
2024-03-03 00:00:00,14.0,3.0,29.0,20.0,88.0,7.06,3530.0,87.0,40.0,0.84,0.71,26.3,23.5,0.3,0.43,0.0,0.0,1.5,1.5,27400.0,G08_60_H10
2024-03-04 00:00:00,10.0,4.0,30.0,130.0,80.0,7.57,3785.0,21.0,40.0,0.85,0.72,24.8,23.3,0.28,0.4,0.0,0.0,1.5,1.5,27400.0,G08_60_H10
2024-03-05 00:00:00,9.0,5.0,31.0,71.0,240.0,6.41,3205.0,20.0,80.0,0.96,0.85,24.7,23.2,0.28,0.4,0.0,0.0,1.5,1.5,27400.0,G08_60_H10
2024-03-06 00:00:00,10.0,0.0,32.0,105.0,0.0,7.44,3720.0,29.0,40.0,0.85,0.75,24.4,22.7,0.26,0.38,0.0,0.0,1.5,1.5,27400.0,G08_60_H10
2024-03-07 00:00:00,14.0,1.0,33.0,82.0,0.0,7.8,3900.0,61.0,80.0,0.81,0.75,24.3,21.9,0.26,0.41,0.0,0.0,1.5,1.5,27400.0,G08_60_H10
2024-03-08 00:00:00,12.0,0.0,34.0,49.0,0.0,8.05,4025.0,35.0,40.0,0.86,0.65,26.4,21.3,0.26,0.41,0.0,0.0,1.5,1.5,27400.0,G08_60_H10
2024-03-09 00:00:00,12.0,2.0,35.0,78.0,0.0,8.35,4175.0,42.0,80.0,0.86,0.65,25.3,21.7,0.26,0.36,0.0,0.0,1.5,1.5,27400.0,G08_60_H10
2024-03-10 00:00:00,16.0,5.0,36.0,49.0,0.0,8.5,4250.0,39.0,40.0,0.82,0.64,26.9,21.1,0.29,0.36,0.0,0.0,1.5,1.5,27400.0,G08_60_H10
2024-03-11 00:00:00,21.0,7.0,37.0,60.0,0.0,9.424,4712.0,39.0,80.0,0.82,0.64,27.3,21.1,0.29,0.76,0.0,0.0,1.5,3.0,27400.0,G08_60_H10
2024-03-12 00:00:00,16.0,4.0,38.0,0.0,0.0,,,,,,,,,,,,,,,27400.0,G08_60_H10
2024-03-13 00:00:00,16.0,7.0,39.0,0.0,0.0,,,,,,,,,,,,,,,27400.0,G08_60_H10
2024-03-14 00:00:00,16.0,5.0,40.0,0.0,0.0,0.0,0.0,0.0,0.0,0.0,0.0,0.0,0.0,0.0,0.0,0.0,0.0,0.0,0.0,27400.0,G08_60_H10
2024-02-06 00:00:00,0.0,-2.0,3.0,30.0,13.0,0.44,220.0,345.0,40.0,0.65,0.52,34.4,32.1,1.16,1.16,0.0,0.0,1.0,1.0,28600.0,G08_60_H11
2024-02-07 00:00:00,4.0,-4.0,4.0,28.0,11.0,0.62,310.0,314.0,80.0,0.68,0.51,33.2,31.3,1.11,1.11,1.0,1.0,1.0,1.0,28600.0,G08_60_H11
2024-02-08 00:00:00,7.0,-4.0,5.0,20.0,13.0,0.9,450.0,335.6,80.0,0.62,0.57,32.7,30.9,0.6,0.6,1.0,1.0,1.0,1.0,28600.0,G08_60_H11
2024-02-09 00:00:00,10.0,-1.0,6.0,30.0,10.0,1.28,640.0,340.9,40.0,0.61,0.58,32.0,30.0,0.6,0.6,1.0,1.0,1.0,1.0,28600.0,G08_60_H11
2024-02-10 00:00:00,15.0,0.0,7.0,9.0,0.0,1.79,895.0,268.9,80.0,0.62,0.52,31.4,29.5,0.6,0.6,1.0,1.0,1.0,1.0,28600.0,G08_60_H11
2024-02-11 00:00:00,15.0,1.0,8.0,20.0,8.0,2.01,1005.0,245.7,40.0,0.63,0.55,31.0,28.9,0.6,0.6,1.0,1.0,1.0,1.0,28600.0,G08_60_H11
2024-02-12 00:00:00,18.0,4.0,9.0,18.0,90.0,2.061,1031.0,230.0,80.0,0.73,0.62,31.0,27.8,0.6,0.6,1.0,1.0,1.0,1.0,28600.0,G08_60_H11
2024-02-13 00:00:00,20.0,6.0,10.0,15.0,0.0,2.3,1150.0,221.0,40.0,0.77,0.62,30.2,27.6,0.6,0.6,1.0,1.0,1.0,1.0,28600.0,G08_60_H11
2024-02-14 00:00:00,22.0,4.0,11.0,12.0,3.0,2.7,1350.0,199.3,40.0,0.72,0.64,30.0,27.7,0.6,0.76,1.0,1.0,1.0,1.0,28600.0,G08_60_H11
2024-02-15 00:00:00,7.0,-2.0,12.0,7.0,0.0,3.3,1650.0,163.0,40.0,0.75,0.67,29.5,27.4,0.6,0.76,0.0,0.0,1.5,1.5,28600.0,G08_60_H11
2024-02-16 00:00:00,10.0,1.0,13.0,11.0,15.0,3.65,1825.0,352.0,80.0,0.75,0.61,29.1,26.9,0.6,0.68,0.0,0.0,1.5,1.5,28600.0,G08_60_H11
2024-02-17 00:00:00,17.0,3.0,14.0,12.0,16.0,4.04,2020.0,273.0,40.0,0.82,0.62,29.0,26.9,0.6,0.6,0.0,0.0,1.5,1.5,28600.0,G08_60_H11
2024-02-18 00:00:00,23.0,12.0,15.0,18.0,22.0,4.35,2175.0,141.0,40.0,0.85,0.64,29.5,27.1,0.57,0.6,0.0,0.0,1.5,1.5,28600.0,G08_60_H11
2024-02-19 00:00:00,13.0,3.0,16.0,8.0,17.0,4.72,2360.0,37.0,40.0,0.92,0.76,28.5,26.5,0.54,0.6,0.0,0.0,1.5,1.5,28600.0,G08_60_H11
2024-02-20 00:00:00,3.0,0.0,17.0,12.0,25.0,4.87,2435.0,274.0,40.0,0.92,0.74,27.8,25.7,0.51,0.6,0.0,0.0,1.5,1.5,28600.0,G08_60_H11
2024-02-21 00:00:00,0.0,-1.0,18.0,15.0,27.0,5.322,2661.0,320.0,80.0,0.97,0.74,27.6,25.5,0.49,0.49,0.0,0.0,1.5,1.5,28600.0,G08_60_H11
2024-02-22 00:00:00,0.0,-3.0,19.0,16.0,46.0,5.83,2915.0,317.0,80.0,0.97,0.76,27.1,25.1,0.47,0.47,0.0,0.0,1.5,1.5,28600.0,G08_60_H11
2024-02-23 00:00:00,1.0,-2.0,20.0,12.0,18.0,6.02,3010.0,307.0,40.0,0.85,0.77,26.9,24.9,0.45,0.45,0.0,0.0,1.5,1.5,28600.0,G08_60_H11
2024-02-24 00:00:00,1.0,-3.0,21.0,5.0,17.0,6.17,3085.0,272.0,80.0,0.82,0.76,26.6,24.6,0.43,0.43,0.0,0.0,1.5,1.5,28600.0,G08_60_H11
2024-02-25 00:00:00,5.0,-1.0,22.0,10.0,24.0,6.246,3123.0,270.0,40.0,0.86,0.77,26.3,24.5,0.41,0.41,0.0,0.0,1.5,1.5,28600.0,G08_60_H11
2024-02-26 00:00:00,7.0,-2.0,23.0,12.0,26.0,5.89,2945.0,192.0,80.0,0.81,0.74,26.1,24.3,0.39,0.39,0.0,0.0,1.5,1.5,28600.0,G08_60_H11
2024-02-27 00:00:00,7.0,0.0,24.0,8.0,30.0,6.31,3155.0,139.0,40.0,0.86,0.71,26.0,24.2,0.38,0.38,0.0,0.0,1.5,1.5,28600.0,G08_60_H11
2024-02-28 00:00:00,5.0,0.0,25.0,20.0,68.0,6.47,3235.0,179.0,80.0,0.86,0.71,25.1,23.1,0.36,0.36,0.0,0.0,1.5,1.5,28600.0,G08_60_H11
2024-02-29 00:00:00,5.0,-2.0,26.0,25.0,154.0,6.83,3415.0,236.0,40.0,0.91,0.85,25.4,23.5,0.3,0.3,0.0,0.0,1.5,1.5,28600.0,G08_60_H11
2024-03-01 00:00:00,6.0,-1.0,27.0,35.0,145.0,7.43,3715.0,192.0,80.0,0.84,0.72,25.4,23.1,0.29000000000000004,0.34,0.0,0.0,1.5,1.5,28600.0,G08_60_H11
2024-03-02 00:00:00,11.0,0.0,28.0,40.0,154.0,7.55,3775.0,192.0,80.0,0.84,0.71,25.6,23.1,0.3,0.4,0.0,0.0,1.5,1.5,28600.0,G08_60_H11
2024-03-03 00:00:00,14.0,3.0,29.0,24.0,140.0,7.8,3900.0,87.0,40.0,0.83,0.74,27.4,23.3,0.3,0.43,0.0,0.0,1.5,1.5,28600.0,G08_60_H11
2024-03-04 00:00:00,10.0,4.0,30.0,30.0,117.0,8.14,4070.0,21.0,80.0,0.87,0.74,25.0,23.4,0.28,0.4,0.0,0.0,1.5,1.5,28600.0,G08_60_H11
2024-03-05 00:00:00,9.0,5.0,31.0,26.0,125.0,8.1,4050.0,20.0,40.0,0.92,0.84,25.3,23.4,0.28,0.4,0.0,0.0,1.5,1.5,28600.0,G08_60_H11
2024-03-06 00:00:00,10.0,0.0,32.0,40.0,103.0,8.67,4335.0,29.0,80.0,0.82,0.73,24.9,22.9,0.26,0.38,0.0,0.0,1.5,1.5,28600.0,G08_60_H11
2024-03-07 00:00:00,14.0,1.0,33.0,48.0,116.0,9.4,4700.0,61.0,40.0,0.84,0.72,24.4,21.7,0.26,0.41,0.0,0.0,1.5,1.5,28600.0,G08_60_H11
2024-03-08 00:00:00,12.0,0.0,34.0,55.0,115.0,9.07,4535.0,35.0,80.0,0.85,0.64,26.2,21.5,0.26,0.41,0.0,0.0,1.5,1.5,28600.0,G08_60_H11
2024-03-09 00:00:00,12.0,2.0,35.0,140.0,0.0,9.75,4875.0,42.0,80.0,0.84,0.62,25.4,21.5,0.26,0.36,0.0,0.0,1.5,1.5,28600.0,G08_60_H11
2024-03-10 00:00:00,16.0,5.0,36.0,70.0,0.0,9.99,4995.0,39.0,40.0,0.8,0.63,27.4,21.1,0.29,0.36,0.0,0.0,1.5,1.5,28600.0,G08_60_H11
2024-03-11 00:00:00,21.0,7.0,37.0,80.0,0.0,10.373,5187.0,39.0,80.0,0.8,0.63,27.5,20.8,0.29,0.76,0.0,0.0,1.5,3.0,28600.0,G08_60_H11
2024-03-12 00:00:00,16.0,4.0,38.0,0.0,0.0,,,,,,,,,,,,,,,28600.0,G08_60_H11
2024-03-13 00:00:00,16.0,7.0,39.0,0.0,0.0,,,,,,,,,,,,,,,28600.0,G08_60_H11
2024-03-14 00:00:00,16.0,5.0,40.0,0.0,0.0,0.0,0.0,0.0,0.0,0.0,0.0,0.0,0.0,0.0,0.0,0.0,0.0,0.0,0.0,28600.0,G08_60_H11
2024-02-06 00:00:00,0.0,-2.0,3.0,30.0,6.0,0.47,235.0,345.0,80.0,0.68,0.57,33.2,32.0,1.16,1.16,0.0,0.0,1.0,1.0,28600.0,G08_60_H12
2024-02-07 00:00:00,4.0,-4.0,4.0,35.0,14.0,0.68,340.0,314.0,40.0,0.62,0.52,33.3,31.3,1.11,1.11,1.0,1.0,1.0,1.0,28600.0,G08_60_H12
2024-02-08 00:00:00,7.0,-4.0,5.0,34.0,10.0,0.81,405.0,335.6,80.0,0.61,0.55,32.6,31.0,0.6,0.6,1.0,1.0,1.0,1.0,28600.0,G08_60_H12
2024-02-09 00:00:00,10.0,-1.0,6.0,20.0,8.0,1.08,540.0,340.9,40.0,0.67,0.51,31.8,30.2,0.6,0.6,1.0,1.0,1.0,1.0,28600.0,G08_60_H12
2024-02-10 00:00:00,15.0,0.0,7.0,15.0,6.0,1.47,735.0,268.9,80.0,0.67,0.54,31.5,29.4,0.6,0.6,1.0,1.0,1.0,1.0,28600.0,G08_60_H12
2024-02-11 00:00:00,15.0,1.0,8.0,13.0,8.0,1.86,930.0,245.7,40.0,0.62,0.55,31.0,29.0,0.6,0.6,1.0,1.0,1.0,1.0,28600.0,G08_60_H12
2024-02-12 00:00:00,18.0,4.0,9.0,31.0,95.0,1.866,933.0,230.0,80.0,0.72,0.58,30.5,28.3,0.6,0.6,1.0,1.0,1.0,1.0,28600.0,G08_60_H12
2024-02-13 00:00:00,20.0,6.0,10.0,25.0,5.0,2.03,1015.0,221.0,40.0,0.71,0.68,30.0,27.8,0.6,0.6,1.0,1.0,1.0,1.0,28600.0,G08_60_H12
2024-02-14 00:00:00,22.0,4.0,11.0,13.0,3.0,2.58,1290.0,199.3,40.0,0.75,0.6,30.2,27.7,0.6,0.76,1.0,1.0,1.0,1.0,28600.0,G08_60_H12
2024-02-15 00:00:00,7.0,-2.0,12.0,13.0,0.0,3.22,1610.0,163.0,40.0,0.78,0.64,29.5,27.0,0.6,0.76,0.0,0.0,1.5,1.5,28600.0,G08_60_H12
2024-02-16 00:00:00,10.0,1.0,13.0,10.0,5.0,3.56,1780.0,352.0,40.0,0.73,0.69,29.0,26.9,0.6,0.68,0.0,0.0,1.5,1.5,28600.0,G08_60_H12
2024-02-17 00:00:00,17.0,3.0,14.0,12.0,13.0,3.94,1970.0,273.0,80.0,0.84,0.68,29.0,26.4,0.6,0.6,0.0,0.0,1.5,1.5,28600.0,G08_60_H12
2024-02-18 00:00:00,23.0,12.0,15.0,14.0,17.0,4.33,2165.0,141.0,40.0,0.82,0.66,29.7,27.2,0.57,0.6,0.0,0.0,1.5,1.5,28600.0,G08_60_H12
2024-02-19 00:00:00,13.0,3.0,16.0,10.0,21.0,4.79,2395.0,37.0,40.0,0.91,0.77,28.5,26.6,0.54,0.6,0.0,0.0,1.5,1.5,28600.0,G08_60_H12
2024-02-20 00:00:00,3.0,0.0,17.0,8.0,20.0,4.92,2460.0,274.0,40.0,0.93,0.78,27.6,25.7,0.51,0.6,0.0,0.0,1.5,1.5,28600.0,G08_60_H12
2024-02-21 00:00:00,0.0,-1.0,18.0,13.0,23.0,5.309,2655.0,320.0,80.0,0.93,0.78,27.7,25.6,0.49,0.49,0.0,0.0,1.5,1.5,28600.0,G08_60_H12
2024-02-22 00:00:00,0.0,-3.0,19.0,5.0,30.0,5.9,2950.0,317.0,40.0,0.94,0.78,27.1,25.2,0.47,0.47,0.0,0.0,1.5,1.5,28600.0,G08_60_H12
2024-02-23 00:00:00,1.0,-2.0,20.0,6.0,11.0,6.1,3050.0,307.0,80.0,0.85,0.7,26.8,25.0,0.45,0.45,0.0,0.0,1.5,1.5,28600.0,G08_60_H12
2024-02-24 00:00:00,1.0,-3.0,21.0,7.0,16.0,6.37,3185.0,272.0,40.0,0.86,0.71,26.5,24.8,0.43,0.43,0.0,0.0,1.5,1.5,28600.0,G08_60_H12
2024-02-25 00:00:00,5.0,-1.0,22.0,10.0,17.0,6.619,3310.0,270.0,80.0,0.88,0.71,26.7,24.6,0.41,0.41,0.0,0.0,1.5,1.5,28600.0,G08_60_H12
2024-02-26 00:00:00,7.0,-2.0,23.0,4.0,8.0,6.7,3350.0,192.0,40.0,0.86,0.78,26.7,24.6,0.39,0.39,0.0,0.0,1.5,1.5,28600.0,G08_60_H12
2024-02-27 00:00:00,7.0,0.0,24.0,9.0,25.0,7.21,3605.0,139.0,40.0,0.85,0.78,26.3,24.3,0.38,0.38,0.0,0.0,1.5,1.5,28600.0,G08_60_H12
2024-02-28 00:00:00,5.0,0.0,25.0,7.0,23.0,7.45,3725.0,179.0,80.0,0.85,0.78,25.5,23.2,0.36,0.36,0.0,0.0,1.5,1.5,28600.0,G08_60_H12
2024-02-29 00:00:00,5.0,-2.0,26.0,2.0,16.0,7.92,3960.0,236.0,40.0,0.96,0.83,25.4,23.7,0.3,0.3,0.0,0.0,1.5,1.5,28600.0,G08_60_H12
2024-03-01 00:00:00,6.0,-1.0,27.0,8.0,45.0,7.9,3950.0,192.0,80.0,0.82,0.75,25.8,23.5,0.29000000000000004,0.34,0.0,0.0,1.5,1.5,28600.0,G08_60_H12
2024-03-02 00:00:00,11.0,0.0,28.0,5.0,23.0,7.9,3950.0,192.0,40.0,0.86,0.73,26.1,23.1,0.3,0.4,0.0,0.0,1.5,1.5,28600.0,G08_60_H12
2024-03-03 00:00:00,14.0,3.0,29.0,6.0,26.0,8.59,4295.0,87.0,80.0,0.83,0.74,27.1,23.3,0.3,0.43,0.0,0.0,1.5,1.5,28600.0,G08_60_H12
2024-03-04 00:00:00,10.0,4.0,30.0,8.0,31.0,7.93,3965.0,21.0,40.0,0.83,0.76,25.5,23.4,0.28,0.4,0.0,0.0,1.5,1.5,28600.0,G08_60_H12
2024-03-05 00:00:00,9.0,5.0,31.0,8.0,18.0,8.8,4400.0,20.0,80.0,0.93,0.8,25.4,23.3,0.28,0.4,0.0,0.0,1.5,1.5,28600.0,G08_60_H12
2024-03-06 00:00:00,10.0,0.0,32.0,15.0,52.0,8.26,4130.0,29.0,40.0,0.84,0.71,25.2,22.7,0.26,0.38,0.0,0.0,1.5,1.5,28600.0,G08_60_H12
2024-03-07 00:00:00,14.0,1.0,33.0,10.0,36.0,9.02,4510.0,61.0,80.0,0.84,0.75,25.2,22.2,0.26,0.41,0.0,0.0,1.5,1.5,28600.0,G08_60_H12
2024-03-08 00:00:00,12.0,0.0,34.0,32.0,65.0,9.06,4530.0,35.0,40.0,0.8,0.66,27.1,21.9,0.26,0.41,0.0,0.0,1.5,1.5,28600.0,G08_60_H12
2024-03-09 00:00:00,12.0,2.0,35.0,102.0,0.0,9.21,4605.0,42.0,80.0,0.87,0.64,26.1,21.8,0.26,0.36,0.0,0.0,1.5,1.5,28600.0,G08_60_H12
2024-03-10 00:00:00,16.0,5.0,36.0,94.0,0.0,8.88,4440.0,39.0,40.0,0.83,0.67,28.0,21.2,0.29,0.36,0.0,0.0,1.5,1.5,28600.0,G08_60_H12
2024-03-11 00:00:00,21.0,7.0,37.0,120.0,0.0,8.748,4374.0,39.0,80.0,0.83,0.67,27.3,21.2,0.29,0.76,0.0,0.0,1.5,3.0,28600.0,G08_60_H12
2024-03-12 00:00:00,16.0,4.0,38.0,0.0,0.0,,,,,,,,,,,,,,,28600.0,G08_60_H12
2024-03-13 00:00:00,16.0,7.0,39.0,0.0,0.0,,,,,,,,,,,,,,,28600.0,G08_60_H12
2024-03-14 00:00:00,16.0,5.0,40.0,0.0,0.0,0.0,0.0,0.0,0.0,0.0,0.0,0.0,0.0,0.0,0.0,0.0,0.0,0.0,0.0,28600.0,G08_60_H12
2024-02-06 00:00:00,0.0,-2.0,3.0,35.0,11.0,0.44,220.0,345.0,40.0,0.62,0.56,33.9,32.1,1.16,1.16,0.0,0.0,1.0,1.0,28700.0,G08_60_H13
2024-02-07 00:00:00,4.0,-4.0,4.0,26.0,16.0,0.66,330.0,314.0,40.0,0.62,0.55,33.4,31.4,1.11,1.11,1.0,1.0,1.0,1.0,28700.0,G08_60_H13
2024-02-08 00:00:00,7.0,-4.0,5.0,25.0,5.0,0.7,350.0,335.6,80.0,0.65,0.52,33.1,30.6,0.6,0.6,1.0,1.0,1.0,1.0,28700.0,G08_60_H13
2024-02-09 00:00:00,10.0,-1.0,6.0,27.0,12.0,1.0,500.0,340.9,40.0,0.66,0.51,32.3,29.4,0.6,0.6,1.0,1.0,1.0,1.0,28700.0,G08_60_H13
2024-02-10 00:00:00,15.0,0.0,7.0,12.0,3.0,1.38,690.0,268.9,40.0,0.65,0.58,31.6,29.2,0.6,0.6,1.0,1.0,1.0,1.0,28700.0,G08_60_H13
2024-02-11 00:00:00,15.0,1.0,8.0,10.0,7.0,1.7,850.0,245.7,40.0,0.67,0.57,31.1,28.8,0.6,0.6,1.0,1.0,1.0,1.0,28700.0,G08_60_H13
2024-02-12 00:00:00,18.0,4.0,9.0,28.0,144.0,1.726,863.0,230.0,80.0,0.73,0.6,30.6,27.8,0.6,0.6,1.0,1.0,1.0,1.0,28700.0,G08_60_H13
2024-02-13 00:00:00,20.0,6.0,10.0,15.0,3.0,2.13,1065.0,221.0,40.0,0.72,0.68,30.2,27.7,0.6,0.6,1.0,1.0,1.0,1.0,28700.0,G08_60_H13
2024-02-14 00:00:00,22.0,4.0,11.0,12.0,4.0,2.61,1305.0,199.3,40.0,0.75,0.61,30.4,27.6,0.6,0.76,1.0,1.0,1.0,1.0,28700.0,G08_60_H13
2024-02-15 00:00:00,7.0,-2.0,12.0,11.0,0.0,3.17,1585.0,163.0,40.0,0.79,0.63,29.4,26.8,0.6,0.76,0.0,0.0,1.5,1.5,28700.0,G08_60_H13
2024-02-16 00:00:00,10.0,1.0,13.0,8.0,6.0,3.53,1765.0,352.0,40.0,0.74,0.6,29.2,26.6,0.6,0.68,0.0,0.0,1.5,1.5,28700.0,G08_60_H13
2024-02-17 00:00:00,17.0,3.0,14.0,7.0,10.0,3.89,1945.0,273.0,40.0,0.85,0.69,29.0,26.2,0.6,0.6,0.0,0.0,1.5,1.5,28700.0,G08_60_H13
2024-02-18 00:00:00,23.0,12.0,15.0,8.0,19.0,4.17,2085.0,141.0,40.0,0.84,0.66,29.5,27.0,0.57,0.6,0.0,0.0,1.5,1.5,28700.0,G08_60_H13
2024-02-19 00:00:00,13.0,3.0,16.0,10.0,16.0,4.64,2320.0,37.0,40.0,0.94,0.72,28.5,26.4,0.54,0.6,0.0,0.0,1.5,1.5,28700.0,G08_60_H13
2024-02-20 00:00:00,3.0,0.0,17.0,6.0,20.0,4.68,2340.0,274.0,40.0,0.93,0.78,28.0,25.9,0.51,0.6,0.0,0.0,1.5,1.5,28700.0,G08_60_H13
2024-02-21 00:00:00,0.0,-1.0,18.0,10.0,23.0,5.188,2594.0,320.0,80.0,0.94,0.78,27.4,25.4,0.49,0.49,0.0,0.0,1.5,1.5,28700.0,G08_60_H13
2024-02-22 00:00:00,0.0,-3.0,19.0,6.0,17.0,5.76,2880.0,317.0,40.0,0.96,0.71,27.1,25.2,0.47,0.47,0.0,0.0,1.5,1.5,28700.0,G08_60_H13
2024-02-23 00:00:00,1.0,-2.0,20.0,9.0,22.0,5.9,2950.0,307.0,80.0,0.86,0.71,26.9,24.8,0.45,0.45,0.0,0.0,1.5,1.5,28700.0,G08_60_H13
2024-02-24 00:00:00,1.0,-3.0,21.0,10.0,24.0,6.36,3180.0,272.0,40.0,0.87,0.72,26.7,24.5,0.43,0.43,0.0,0.0,1.5,1.5,28700.0,G08_60_H13
2024-02-25 00:00:00,5.0,-1.0,22.0,5.0,17.0,6.71,3355.0,270.0,40.0,0.83,0.78,26.4,24.5,0.41,0.41,0.0,0.0,1.5,1.5,28700.0,G08_60_H13
2024-02-26 00:00:00,7.0,-2.0,23.0,8.0,17.0,6.95,3475.0,192.0,40.0,0.82,0.73,26.1,24.4,0.39,0.39,0.0,0.0,1.5,1.5,28700.0,G08_60_H13
2024-02-27 00:00:00,7.0,0.0,24.0,4.0,14.0,7.2,3600.0,139.0,40.0,0.82,0.76,26.8,24.4,0.38,0.38,0.0,0.0,1.5,1.5,28700.0,G08_60_H13
2024-02-28 00:00:00,5.0,0.0,25.0,5.0,11.0,7.08,3540.0,179.0,80.0,0.82,0.76,25.6,23.2,0.36,0.36,0.0,0.0,1.5,1.5,28700.0,G08_60_H13
2024-02-29 00:00:00,5.0,-2.0,26.0,8.0,27.0,7.43,3715.0,236.0,40.0,0.9,0.86,25.5,23.6,0.3,0.3,0.0,0.0,1.5,1.5,28700.0,G08_60_H13
2024-03-01 00:00:00,6.0,-1.0,27.0,6.0,34.0,7.55,3775.0,192.0,80.0,0.81,0.78,25.6,23.4,0.29000000000000004,0.34,0.0,0.0,1.5,1.5,28700.0,G08_60_H13
2024-03-02 00:00:00,11.0,0.0,28.0,8.0,20.0,7.58,3790.0,192.0,40.0,0.87,0.76,26.5,23.0,0.3,0.4,0.0,0.0,1.5,1.5,28700.0,G08_60_H13
2024-03-03 00:00:00,14.0,3.0,29.0,5.0,13.0,8.61,4305.0,87.0,80.0,0.81,0.76,28.0,23.1,0.3,0.43,0.0,0.0,1.5,1.5,28700.0,G08_60_H13
2024-03-04 00:00:00,10.0,4.0,30.0,3.0,15.0,8.58,4290.0,21.0,40.0,0.82,0.76,26.1,23.8,0.28,0.4,0.0,0.0,1.5,1.5,28700.0,G08_60_H13
2024-03-05 00:00:00,9.0,5.0,31.0,4.0,17.0,9.21,4605.0,20.0,40.0,0.95,0.83,26.3,23.2,0.28,0.4,0.0,0.0,1.5,1.5,28700.0,G08_60_H13
2024-03-06 00:00:00,10.0,0.0,32.0,5.0,27.0,8.77,4385.0,29.0,80.0,0.85,0.72,25.6,22.8,0.26,0.38,0.0,0.0,1.5,1.5,28700.0,G08_60_H13
2024-03-07 00:00:00,14.0,1.0,33.0,6.0,20.0,9.94,4970.0,60.0,40.0,0.85,0.71,26.2,22.3,0.26,0.41,0.0,0.0,1.5,1.5,28700.0,G08_60_H13
2024-03-08 00:00:00,12.0,0.0,34.0,18.0,18.0,9.94,4970.0,35.0,80.0,0.83,0.69,28.3,21.9,0.26,0.41,0.0,0.0,1.5,1.5,28700.0,G08_60_H13
2024-03-09 00:00:00,12.0,2.0,35.0,60.0,0.0,10.22,5110.0,42.0,80.0,0.83,0.67,27.0,21.8,0.26,0.36,0.0,0.0,1.5,1.5,28700.0,G08_60_H13
2024-03-10 00:00:00,16.0,5.0,36.0,63.0,0.0,9.98,4990.0,39.0,40.0,0.85,0.65,28.6,21.3,0.29,0.36,0.0,0.0,1.5,1.5,28700.0,G08_60_H13
2024-03-11 00:00:00,21.0,7.0,37.0,90.0,0.0,10.106,5053.0,39.0,80.0,0.85,0.65,27.5,21.3,0.29,0.76,0.0,0.0,1.5,3.0,28700.0,G08_60_H13
2024-03-12 00:00:00,16.0,4.0,38.0,0.0,0.0,,,,,,,,,,,,,,,28700.0,G08_60_H13
2024-03-13 00:00:00,16.0,7.0,39.0,0.0,0.0,,,,,,,,,,,,,,,28700.0,G08_60_H13
2024-03-14 00:00:00,16.0,5.0,40.0,0.0,0.0,0.0,0.0,0.0,0.0,0.0,0.0,0.0,0.0,0.0,0.0,0.0,0.0,0.0,0.0,28700.0,G08_60_H13
2024-02-06 00:00:00,0.0,-2.0,3.0,42.0,15.0,0.46,230.0,345.0,40.0,0.63,0.52,33.4,32.5,1.16,1.16,0.0,0.0,1.0,1.0,28700.0,G08_60_H14
2024-02-07 00:00:00,4.0,-4.0,4.0,30.0,14.0,0.62,310.0,314.0,40.0,0.64,0.51,33.2,31.5,1.11,1.11,1.0,1.0,1.0,1.0,28700.0,G08_60_H14
2024-02-08 00:00:00,7.0,-4.0,5.0,25.0,17.0,0.76,380.0,335.6,80.0,0.68,0.52,32.8,30.9,0.6,0.6,1.0,1.0,1.0,1.0,28700.0,G08_60_H14
2024-02-09 00:00:00,10.0,-1.0,6.0,32.0,9.0,0.89,445.0,340.9,40.0,0.62,0.57,32.0,30.3,0.6,0.6,1.0,1.0,1.0,1.0,28700.0,G08_60_H14
2024-02-10 00:00:00,15.0,0.0,7.0,15.0,3.0,1.47,735.0,268.9,40.0,0.68,0.58,31.6,29.6,0.6,0.6,1.0,1.0,1.0,1.0,28700.0,G08_60_H14
2024-02-11 00:00:00,15.0,1.0,8.0,9.0,9.0,1.79,895.0,245.7,80.0,0.62,0.53,31.2,29.0,0.6,0.6,1.0,1.0,1.0,1.0,28700.0,G08_60_H14
2024-02-12 00:00:00,18.0,4.0,9.0,25.0,140.0,1.791,896.0,230.0,40.0,0.73,0.59,30.7,28.1,0.6,0.6,1.0,1.0,1.0,1.0,28700.0,G08_60_H14
2024-02-13 00:00:00,20.0,6.0,10.0,16.0,4.0,2.17,1085.0,221.0,40.0,0.75,0.65,30.1,27.7,0.6,0.6,1.0,1.0,1.0,1.0,28700.0,G08_60_H14
2024-02-14 00:00:00,22.0,4.0,11.0,12.0,0.0,2.52,1260.0,199.3,40.0,0.77,0.65,30.0,27.5,0.6,0.76,1.0,1.0,1.0,1.0,28700.0,G08_60_H14
2024-02-15 00:00:00,7.0,-2.0,12.0,8.0,2.0,3.17,1585.0,164.0,40.0,0.75,0.67,29.3,27.0,0.6,0.76,0.0,0.0,1.5,1.5,28700.0,G08_60_H14
2024-02-16 00:00:00,10.0,1.0,13.0,15.0,8.0,3.62,1810.0,352.0,40.0,0.73,0.62,29.1,26.9,0.6,0.68,0.0,0.0,1.5,1.5,28700.0,G08_60_H14
2024-02-17 00:00:00,17.0,3.0,14.0,14.0,23.0,4.02,2010.0,273.0,80.0,0.82,0.65,29.1,26.6,0.6,0.6,0.0,0.0,1.5,1.5,28700.0,G08_60_H14
2024-02-18 00:00:00,23.0,12.0,15.0,10.0,33.0,4.37,2185.0,141.0,40.0,0.82,0.62,29.3,27.1,0.57,0.6,0.0,0.0,1.5,1.5,28700.0,G08_60_H14
2024-02-19 00:00:00,13.0,3.0,16.0,15.0,24.0,4.84,2420.0,37.0,40.0,0.98,0.75,28.3,26.6,0.54,0.6,0.0,0.0,1.5,1.5,28700.0,G08_60_H14
2024-02-20 00:00:00,3.0,0.0,17.0,10.0,23.0,4.97,2485.0,275.0,40.0,0.95,0.74,27.6,25.8,0.51,0.6,0.0,0.0,1.5,1.5,28700.0,G08_60_H14
2024-02-21 00:00:00,0.0,-1.0,18.0,12.0,17.0,5.4,2700.0,320.0,80.0,0.92,0.75,28.2,26.3,0.49,0.49,0.0,0.0,1.5,1.5,28700.0,G08_60_H14
2024-02-22 00:00:00,0.0,-3.0,19.0,10.0,32.0,5.87,2935.0,317.0,40.0,0.92,0.74,26.9,25.1,0.47,0.47,0.0,0.0,1.5,1.5,28700.0,G08_60_H14
2024-02-23 00:00:00,1.0,-2.0,20.0,12.0,25.0,6.29,3145.0,307.0,80.0,0.82,0.74,26.7,24.8,0.45,0.45,0.0,0.0,1.5,1.5,28700.0,G08_60_H14
2024-02-24 00:00:00,1.0,-3.0,21.0,15.0,55.0,6.47,3235.0,272.0,40.0,0.82,0.74,26.4,24.7,0.43,0.43,0.0,0.0,1.5,1.5,28700.0,G08_60_H14
2024-02-25 00:00:00,5.0,-1.0,22.0,10.0,22.0,6.83,3415.0,270.0,80.0,0.82,0.76,26.3,24.4,0.41,0.41,0.0,0.0,1.5,1.5,28700.0,G08_60_H14
2024-02-26 00:00:00,7.0,-2.0,23.0,14.0,26.0,7.12,3560.0,193.0,40.0,0.86,0.75,26.2,24.5,0.39,0.39,0.0,0.0,1.5,1.5,28700.0,G08_60_H14
2024-02-27 00:00:00,7.0,0.0,24.0,8.0,24.0,7.46,3730.0,139.0,40.0,0.87,0.74,26.3,24.4,0.38,0.38,0.0,0.0,1.5,1.5,28700.0,G08_60_H14
2024-02-28 00:00:00,5.0,0.0,25.0,7.0,20.0,7.41,3705.0,179.0,80.0,0.87,0.74,25.3,23.2,0.36,0.36,0.0,0.0,1.5,1.5,28700.0,G08_60_H14
2024-02-29 00:00:00,5.0,-2.0,26.0,5.0,30.0,7.82,3910.0,236.0,80.0,0.92,0.84,25.5,23.5,0.3,0.3,0.0,0.0,1.5,1.5,28700.0,G08_60_H14
2024-03-01 00:00:00,6.0,-1.0,27.0,8.0,46.0,7.88,3940.0,192.0,40.0,0.84,0.73,25.3,23.5,0.29000000000000004,0.34,0.0,0.0,1.5,1.5,28700.0,G08_60_H14
2024-03-02 00:00:00,11.0,0.0,28.0,10.0,30.0,7.49,3745.0,192.0,80.0,0.84,0.72,26.1,22.8,0.3,0.4,0.0,0.0,1.5,1.5,28700.0,G08_60_H14
2024-03-03 00:00:00,14.0,3.0,29.0,6.0,34.0,8.78,4390.0,87.0,80.0,0.85,0.72,26.7,22.9,0.3,0.43,0.0,0.0,1.5,1.5,28700.0,G08_60_H14
2024-03-04 00:00:00,10.0,4.0,30.0,10.0,33.0,8.25,4125.0,21.0,40.0,0.85,0.71,25.0,23.4,0.28,0.4,0.0,0.0,1.5,1.5,28700.0,G08_60_H14
2024-03-05 00:00:00,9.0,5.0,31.0,22.0,60.0,8.37,4185.0,20.0,40.0,0.91,0.82,25.1,23.1,0.28,0.4,0.0,0.0,1.5,1.5,28700.0,G08_60_H14
2024-03-06 00:00:00,10.0,0.0,32.0,20.0,160.0,7.82,3910.0,29.0,40.0,0.81,0.71,24.7,22.5,0.26,0.38,0.0,0.0,1.5,1.5,28700.0,G08_60_H14
2024-03-07 00:00:00,14.0,1.0,33.0,40.0,130.0,7.46,3730.0,60.0,80.0,0.82,0.74,24.3,21.7,0.26,0.41,0.0,0.0,1.5,1.5,28700.0,G08_60_H14
2024-03-08 00:00:00,12.0,0.0,34.0,45.0,175.0,8.03,4015.0,35.0,80.0,0.81,0.65,25.8,21.8,0.26,0.41,0.0,0.0,1.5,1.5,28700.0,G08_60_H14
2024-03-09 00:00:00,12.0,2.0,35.0,322.0,0.0,7.85,3925.0,42.0,40.0,0.85,0.62,25.0,21.6,0.26,0.36,0.0,0.0,1.5,1.5,28700.0,G08_60_H14
2024-03-10 00:00:00,16.0,5.0,36.0,146.0,0.0,7.44,3720.0,39.0,80.0,0.81,0.66,26.7,20.8,0.29,0.36,0.0,0.0,1.5,1.5,28700.0,G08_60_H14
2024-03-11 00:00:00,21.0,7.0,37.0,180.0,0.0,7.65,3825.0,39.0,80.0,0.81,0.66,27.6,20.8,0.29,0.76,0.0,0.0,1.5,3.0,28700.0,G08_60_H14
2024-03-12 00:00:00,16.0,4.0,38.0,0.0,0.0,,,,,,,,,,,,,,,28700.0,G08_60_H14
2024-03-13 00:00:00,16.0,7.0,39.0,0.0,0.0,,,,,,,,,,,,,,,28700.0,G08_60_H14
2024-03-14 00:00:00,16.0,5.0,40.0,0.0,0.0,0.0,0.0,0.0,0.0,0.0,0.0,0.0,0.0,0.0,0.0,0.0,0.0,0.0,0.0,28700.0,G08_60_H14
2024-02-06 00:00:00,0.0,-2.0,0.0,,,,0.0,,,,,,,,,,,,,29700.0,G08_60_H15
2024-02-07 00:00:00,4.0,-4.0,1.0,75.0,5.0,0.27,135.0,660.0,40.0,0.67,0.53,34.4,32.7,1.2,1.2,0.0,0.0,1.0,1.0,29700.0,G08_60_H15
2024-02-08 00:00:00,7.0,-4.0,2.0,40.0,65.0,0.43,215.0,335.6,40.0,0.68,0.57,34.0,32.1,0.6,0.6,0.0,0.0,1.0,1.0,29700.0,G08_60_H15
2024-02-09 00:00:00,10.0,-1.0,3.0,38.0,32.0,0.75,375.0,340.9,40.0,0.62,0.55,33.6,31.6,0.6,0.6,1.0,1.0,1.0,1.0,29700.0,G08_60_H15
2024-02-10 00:00:00,15.0,0.0,4.0,31.0,35.0,0.95,475.0,268.9,40.0,0.68,0.54,32.8,30.7,0.6,0.6,1.0,1.0,1.0,1.0,29700.0,G08_60_H15
2024-02-11 00:00:00,15.0,1.0,5.0,27.0,23.0,1.29,645.0,245.7,40.0,0.65,0.51,32.0,30.1,0.6,0.6,1.0,1.0,1.0,1.0,29700.0,G08_60_H15
2024-02-12 00:00:00,18.0,4.0,6.0,22.0,19.0,1.723,862.0,230.0,40.0,0.74,0.59,30.5,28.9,0.6,0.6,1.0,1.0,1.0,1.0,29700.0,G08_60_H15
2024-02-13 00:00:00,20.0,6.0,7.0,10.0,24.0,2.11,1055.0,221.0,40.0,0.75,0.62,30.9,29.0,0.6,0.6,1.0,1.0,1.0,1.0,29700.0,G08_60_H15
2024-02-14 00:00:00,22.0,4.0,8.0,25.0,367.0,2.03,1015.0,199.3,40.0,0.77,0.64,30.7,28.4,0.6,0.79,1.0,1.0,1.0,1.0,29700.0,G08_60_H15
2024-02-15 00:00:00,7.0,-2.0,9.0,49.0,0.0,2.44,1220.0,164.0,40.0,0.72,0.64,30.3,27.9,0.6,0.79,1.0,1.0,1.0,1.0,29700.0,G08_60_H15
2024-02-16 00:00:00,10.0,1.0,10.0,14.0,2.0,2.8,1400.0,352.0,40.0,0.77,0.64,30.1,27.8,0.6,0.72,1.0,1.0,1.0,1.0,29700.0,G08_60_H15
2024-02-17 00:00:00,17.0,3.0,11.0,9.0,4.0,3.4,1700.0,273.0,40.0,0.87,0.63,29.9,27.6,0.6,0.6,0.0,0.0,1.5,1.5,29700.0,G08_60_H15
2024-02-18 00:00:00,23.0,12.0,12.0,13.0,12.0,3.75,1875.0,141.0,40.0,0.82,0.67,29.6,27.7,0.6,0.6,0.0,0.0,1.5,1.5,29700.0,G08_60_H15
2024-02-19 00:00:00,13.0,3.0,13.0,7.0,13.0,4.14,2070.0,37.0,40.0,0.93,0.78,29.0,27.0,0.6,0.6,0.0,0.0,1.5,1.5,29700.0,G08_60_H15
2024-02-20 00:00:00,3.0,0.0,14.0,5.0,12.0,4.35,2175.0,275.0,40.0,0.93,0.79,28.4,26.3,0.57,0.6,0.0,0.0,1.5,1.5,29700.0,G08_60_H15
2024-02-21 00:00:00,0.0,-1.0,15.0,10.0,22.0,4.757,2379.0,320.0,40.0,0.91,0.78,27.9,26.0,0.52,0.52,0.0,0.0,1.5,1.5,29700.0,G08_60_H15
2024-02-22 00:00:00,0.0,-3.0,16.0,15.0,62.0,4.88,2440.0,317.0,40.0,0.93,0.71,27.6,25.7,0.51,0.51,0.0,0.0,1.5,1.5,29700.0,G08_60_H15
2024-02-23 00:00:00,1.0,-2.0,17.0,9.0,18.0,4.9,2450.0,307.0,40.0,0.83,0.79,27.5,25.5,0.49,0.49,0.0,0.0,1.5,1.5,29700.0,G08_60_H15
2024-02-24 00:00:00,1.0,-3.0,18.0,14.0,49.0,5.9,2950.0,272.0,40.0,0.83,0.78,27.0,24.9,0.47,0.47,0.0,0.0,1.5,1.5,29700.0,G08_60_H15
2024-02-25 00:00:00,5.0,-1.0,19.0,18.0,60.0,6.232,3116.0,270.0,40.0,0.84,0.72,26.9,24.7,0.43,0.43,0.0,0.0,1.5,1.5,29700.0,G08_60_H15
2024-02-26 00:00:00,7.0,-2.0,20.0,9.0,32.0,6.65,3325.0,193.0,40.0,0.87,0.72,26.6,24.7,0.43,0.43,0.0,0.0,1.5,1.5,29700.0,G08_60_H15
2024-02-27 00:00:00,7.0,0.0,21.0,13.0,48.0,6.6,3300.0,139.0,40.0,0.88,0.71,26.3,24.5,0.41,0.41,0.0,0.0,1.5,1.5,29700.0,G08_60_H15
2024-02-28 00:00:00,5.0,0.0,22.0,10.0,49.0,6.79,3395.0,179.0,80.0,0.88,0.71,25.9,23.8,0.39,0.39,0.0,0.0,1.5,1.5,29700.0,G08_60_H15
2024-02-29 00:00:00,5.0,-2.0,23.0,16.0,61.0,7.24,3620.0,236.0,40.0,0.95,0.85,26.3,24.1,0.33,0.33,0.0,0.0,1.5,1.5,29700.0,G08_60_H15
2024-03-01 00:00:00,6.0,-1.0,24.0,9.0,38.0,7.46,3730.0,192.0,40.0,0.86,0.76,25.8,23.9,0.31,0.36,0.0,0.0,1.5,1.5,29700.0,G08_60_H15
2024-03-02 00:00:00,11.0,0.0,25.0,12.0,43.0,7.49,3745.0,192.0,40.0,0.87,0.74,26.8,23.2,0.32,0.43,0.0,0.0,1.5,1.5,29700.0,G08_60_H15
2024-03-03 00:00:00,14.0,3.0,26.0,15.0,54.0,7.68,3840.0,87.0,40.0,0.88,0.75,27.6,23.6,0.31,0.45,0.0,0.0,1.5,1.5,29700.0,G08_60_H15
2024-03-04 00:00:00,10.0,4.0,27.0,19.0,121.0,7.98,3990.0,21.0,40.0,0.87,0.73,25.9,24.1,0.3,0.43,0.0,0.0,1.5,1.5,29700.0,G08_60_H15
2024-03-05 00:00:00,9.0,5.0,28.0,14.0,38.0,7.59,3795.0,20.0,40.0,0.94,0.81,25.9,23.8,0.3,0.43,0.0,0.0,1.5,1.5,29700.0,G08_60_H15
2024-03-06 00:00:00,10.0,0.0,29.0,11.0,40.0,8.47,4235.0,29.0,40.0,0.85,0.73,25.8,23.5,0.28,0.41,0.0,0.0,1.5,1.5,29700.0,G08_60_H15
2024-03-07 00:00:00,14.0,1.0,30.0,55.0,113.0,8.0,4000.0,60.0,40.0,0.83,0.71,25.0,22.7,0.28,0.44,0.0,0.0,1.5,1.5,29700.0,G08_60_H15
2024-03-08 00:00:00,12.0,0.0,31.0,80.0,120.0,8.43,4215.0,35.0,80.0,0.81,0.66,27.2,22.5,0.28,0.44,0.0,0.0,1.5,1.5,29700.0,G08_60_H15
2024-03-09 00:00:00,12.0,2.0,32.0,95.0,88.0,8.52,4260.0,42.0,160.0,0.8,0.64,26.2,22.4,0.28,0.39,0.0,0.0,1.5,1.5,29700.0,G08_60_H15
2024-03-10 00:00:00,16.0,5.0,33.0,215.0,0.0,8.82,4410.0,39.0,40.0,0.85,0.66,27.9,22.1,0.31,0.39,0.0,0.0,1.5,1.5,29700.0,G08_60_H15
2024-03-11 00:00:00,21.0,7.0,34.0,210.0,0.0,8.209,4105.0,39.0,40.0,0.85,0.66,27.8,22.1,0.31,0.8,0.0,0.0,1.5,3.0,29700.0,G08_60_H15
2024-03-12 00:00:00,16.0,4.0,35.0,216.0,0.0,9.76,4880.0,6.0,80.0,0.82,0.62,26.6,22.5,0.32,0.75,0.0,0.0,1.5,3.0,29700.0,G08_60_H15
2024-03-13 00:00:00,16.0,7.0,36.0,280.0,0.0,10.04,5020.0,42.0,40.0,0.82,0.64,25.7,20.4,0.35,0.75,0.0,0.0,1.5,3.0,29700.0,G08_60_H15
2024-03-14 00:00:00,16.0,5.0,37.0,0.0,0.0,0.0,0.0,0.0,0.0,0.0,0.0,0.0,0.0,0.0,0.0,0.0,0.0,0.0,0.0,29700.0,G08_60_H15
2024-02-06 00:00:00,0.0,-2.0,0.0,,,,0.0,,,,,,,,,,,,,29700.0,G08_60_H16
2024-02-07 00:00:00,4.0,-4.0,1.0,70.0,8.0,0.22,110.0,660.0,40.0,0.66,0.57,34.2,32.9,1.2,1.2,0.0,0.0,1.0,1.0,29700.0,G08_60_H16
2024-02-08 00:00:00,7.0,-4.0,2.0,53.0,57.0,0.37,185.0,335.6,40.0,0.65,0.51,33.7,32.0,0.6,0.6,0.0,0.0,1.0,1.0,29700.0,G08_60_H16
2024-02-09 00:00:00,10.0,-1.0,3.0,40.0,47.0,0.7,350.0,340.9,80.0,0.6,0.52,33.6,31.5,0.6,0.6,1.0,1.0,1.0,1.0,29700.0,G08_60_H16
2024-02-10 00:00:00,15.0,0.0,4.0,35.0,26.0,0.91,455.0,268.9,40.0,0.67,0.57,32.8,30.8,0.6,0.6,1.0,1.0,1.0,1.0,29700.0,G08_60_H16
2024-02-11 00:00:00,15.0,1.0,5.0,18.0,24.0,1.28,640.0,245.7,80.0,0.61,0.54,32.2,30.2,0.6,0.6,1.0,1.0,1.0,1.0,29700.0,G08_60_H16
2024-02-12 00:00:00,18.0,4.0,6.0,21.0,27.0,1.683,842.0,230.0,40.0,0.75,0.67,31.5,29.3,0.6,0.6,1.0,1.0,1.0,1.0,29700.0,G08_60_H16
2024-02-13 00:00:00,20.0,6.0,7.0,12.0,20.0,2.04,1020.0,221.0,80.0,0.74,0.67,31.0,28.8,0.6,0.6,1.0,1.0,1.0,1.0,29700.0,G08_60_H16
2024-02-14 00:00:00,22.0,4.0,8.0,28.0,324.0,2.07,1035.0,199.3,40.0,0.73,0.66,30.7,28.6,0.6,0.79,1.0,1.0,1.0,1.0,29700.0,G08_60_H16
2024-02-15 00:00:00,7.0,-2.0,9.0,36.0,2.0,2.55,1275.0,164.0,80.0,0.78,0.65,30.3,28.1,0.6,0.79,1.0,1.0,1.0,1.0,29700.0,G08_60_H16
2024-02-16 00:00:00,10.0,1.0,10.0,9.0,0.0,2.86,1430.0,352.0,40.0,0.78,0.63,30.0,27.8,0.6,0.72,1.0,1.0,1.0,1.0,29700.0,G08_60_H16
2024-02-17 00:00:00,17.0,3.0,11.0,11.0,5.0,3.4,1700.0,273.0,40.0,0.84,0.63,29.9,27.8,0.6,0.6,0.0,0.0,1.5,1.5,29700.0,G08_60_H16
2024-02-18 00:00:00,23.0,12.0,12.0,8.0,14.0,3.7,1850.0,141.0,40.0,0.87,0.69,29.5,27.7,0.6,0.6,0.0,0.0,1.5,1.5,29700.0,G08_60_H16
2024-02-19 00:00:00,13.0,3.0,13.0,5.0,11.0,4.08,2040.0,37.0,40.0,0.95,0.72,29.0,27.2,0.6,0.6,0.0,0.0,1.5,1.5,29700.0,G08_60_H16
2024-02-20 00:00:00,3.0,0.0,14.0,10.0,20.0,4.3,2150.0,275.0,80.0,0.93,0.77,28.3,26.2,0.57,0.6,0.0,0.0,1.5,1.5,29700.0,G08_60_H16
2024-02-21 00:00:00,0.0,-1.0,15.0,13.0,34.0,4.778,2389.0,320.0,80.0,0.95,0.77,27.9,26.0,0.52,0.52,0.0,0.0,1.5,1.5,29700.0,G08_60_H16
2024-02-22 00:00:00,0.0,-3.0,16.0,8.0,51.0,5.01,2505.0,317.0,40.0,0.95,0.78,27.5,25.6,0.51,0.51,0.0,0.0,1.5,1.5,29700.0,G08_60_H16
2024-02-23 00:00:00,1.0,-2.0,17.0,13.0,58.0,5.48,2740.0,307.0,80.0,0.86,0.79,27.2,25.3,0.49,0.49,0.0,0.0,1.5,1.5,29700.0,G08_60_H16
2024-02-24 00:00:00,1.0,-3.0,18.0,17.0,51.0,5.88,2940.0,272.0,80.0,0.86,0.78,26.8,25.0,0.47,0.47,0.0,0.0,1.5,1.5,29700.0,G08_60_H16
2024-02-25 00:00:00,5.0,-1.0,19.0,20.0,54.0,6.1,3050.0,269.0,40.0,0.87,0.74,26.6,24.9,0.43,0.43,0.0,0.0,1.5,1.5,29700.0,G08_60_H16
2024-02-26 00:00:00,7.0,-2.0,20.0,15.0,58.0,6.49,3245.0,193.0,80.0,0.81,0.78,26.3,24.8,0.43,0.43,0.0,0.0,1.5,1.5,29700.0,G08_60_H16
2024-02-27 00:00:00,7.0,0.0,21.0,11.0,36.0,6.46,3230.0,139.0,80.0,0.83,0.75,26.4,24.4,0.41,0.41,0.0,0.0,1.5,1.5,29700.0,G08_60_H16
2024-02-28 00:00:00,5.0,0.0,22.0,14.0,25.0,6.92,3460.0,179.0,40.0,0.83,0.75,25.5,23.8,0.39,0.39,0.0,0.0,1.5,1.5,29700.0,G08_60_H16
2024-02-29 00:00:00,5.0,-2.0,23.0,8.0,45.0,7.31,3655.0,236.0,80.0,0.91,0.85,25.7,24.0,0.33,0.33,0.0,0.0,1.5,1.5,29700.0,G08_60_H16
2024-03-01 00:00:00,6.0,-1.0,24.0,12.0,66.0,7.46,3730.0,192.0,80.0,0.81,0.77,25.8,23.9,0.31,0.36,0.0,0.0,1.5,1.5,29700.0,G08_60_H16
2024-03-02 00:00:00,11.0,0.0,25.0,15.0,68.0,7.48,3740.0,192.0,40.0,0.81,0.73,27.0,23.5,0.32,0.43,0.0,0.0,1.5,1.5,29700.0,G08_60_H16
2024-03-03 00:00:00,14.0,3.0,26.0,13.0,44.0,8.26,4130.0,87.0,80.0,0.83,0.74,27.3,23.5,0.31,0.45,0.0,0.0,1.5,1.5,29700.0,G08_60_H16
2024-03-04 00:00:00,10.0,4.0,27.0,20.0,112.0,8.09,4045.0,21.0,40.0,0.84,0.78,26.4,24.2,0.3,0.43,0.0,0.0,1.5,1.5,29700.0,G08_60_H16
2024-03-05 00:00:00,9.0,5.0,28.0,24.0,65.0,8.14,4070.0,20.0,80.0,0.96,0.82,25.9,23.6,0.3,0.43,0.0,0.0,1.5,1.5,29700.0,G08_60_H16
2024-03-06 00:00:00,10.0,0.0,29.0,18.0,82.0,7.97,3985.0,29.0,80.0,0.87,0.75,25.6,23.4,0.28,0.41,0.0,0.0,1.5,1.5,29700.0,G08_60_H16
2024-03-07 00:00:00,14.0,1.0,30.0,63.0,80.0,8.32,4160.0,60.0,40.0,0.82,0.71,25.0,22.9,0.28,0.44,0.0,0.0,1.5,1.5,29700.0,G08_60_H16
2024-03-08 00:00:00,12.0,0.0,31.0,135.0,167.0,8.18,4090.0,35.0,80.0,0.84,0.66,26.4,22.6,0.28,0.44,0.0,0.0,1.5,1.5,29700.0,G08_60_H16
2024-03-09 00:00:00,12.0,2.0,32.0,185.0,214.0,7.92,3960.0,42.0,40.0,0.84,0.67,25.6,22.5,0.28,0.39,0.0,0.0,1.5,1.5,29700.0,G08_60_H16
2024-03-10 00:00:00,16.0,5.0,33.0,655.0,0.0,7.05,3525.0,39.0,80.0,0.82,0.61,27.2,22.0,0.31,0.39,0.0,0.0,1.5,1.5,29700.0,G08_60_H16
2024-03-11 00:00:00,21.0,7.0,34.0,780.0,0.0,6.374,3187.0,39.0,80.0,0.82,0.61,27.3,22.0,0.31,0.8,0.0,0.0,1.5,3.0,29700.0,G08_60_H16
2024-03-12 00:00:00,16.0,4.0,35.0,0.0,0.0,,,,,,,,,,,,,,,29700.0,G08_60_H16
2024-03-13 00:00:00,16.0,7.0,36.0,0.0,0.0,,,,,,,,,,,,,,,29700.0,G08_60_H16
2024-03-14 00:00:00,16.0,5.0,37.0,0.0,0.0,0.0,0.0,0.0,0.0,0.0,0.0,0.0,0.0,0.0,0.0,0.0,0.0,0.0,0.0,29700.0,G08_60_H16
2024-02-06 00:00:00,0.0,-2.0,0.0,,,,0.0,,,,,,,,,,,,,29700.0,G08_60_H17
2024-02-07 00:00:00,4.0,-4.0,1.0,37.0,0.0,0.25,125.0,660.0,40.0,0.66,0.54,34.3,33.0,1.2,1.2,0.0,0.0,1.0,1.0,29700.0,G08_60_H17
2024-02-08 00:00:00,7.0,-4.0,2.0,27.0,0.0,0.4,200.0,335.5,40.0,0.62,0.55,34.1,32.2,0.6,0.6,0.0,0.0,1.0,1.0,29700.0,G08_60_H17
2024-02-09 00:00:00,10.0,-1.0,3.0,52.0,30.0,0.62,310.0,340.9,40.0,0.63,0.58,33.6,31.0,0.6,0.6,1.0,1.0,1.0,1.0,29700.0,G08_60_H17
2024-02-10 00:00:00,15.0,0.0,4.0,20.0,0.0,1.0,500.0,268.9,40.0,0.62,0.52,33.1,30.4,0.6,0.6,1.0,1.0,1.0,1.0,29700.0,G08_60_H17
2024-02-11 00:00:00,15.0,1.0,5.0,20.0,7.0,1.41,705.0,245.7,40.0,0.64,0.58,32.4,29.7,0.6,0.6,1.0,1.0,1.0,1.0,29700.0,G08_60_H17
2024-02-12 00:00:00,18.0,4.0,6.0,15.0,12.0,1.866,933.0,230.0,80.0,0.74,0.69,31.7,28.9,0.6,0.6,1.0,1.0,1.0,1.0,29700.0,G08_60_H17
2024-02-13 00:00:00,20.0,6.0,7.0,58.0,200.0,2.06,1030.0,221.0,40.0,0.72,0.68,31.2,28.5,0.6,0.6,1.0,1.0,1.0,1.0,29700.0,G08_60_H17
2024-02-14 00:00:00,22.0,4.0,8.0,28.0,0.0,1.81,905.0,199.4,40.0,0.71,0.62,31.7,28.5,0.6,0.79,1.0,1.0,1.0,1.0,29700.0,G08_60_H17
2024-02-15 00:00:00,7.0,-2.0,9.0,9.0,0.0,2.47,1235.0,164.0,40.0,0.75,0.62,30.5,27.8,0.6,0.79,1.0,1.0,1.0,1.0,29700.0,G08_60_H17
2024-02-16 00:00:00,10.0,1.0,10.0,10.0,19.0,3.09,1545.0,352.0,40.0,0.72,0.68,30.2,27.4,0.6,0.72,1.0,1.0,1.0,1.0,29700.0,G08_60_H17
2024-02-17 00:00:00,17.0,3.0,11.0,12.0,0.0,3.56,1780.0,273.0,40.0,0.88,0.62,30.0,27.2,0.6,0.6,0.0,0.0,1.5,1.5,29700.0,G08_60_H17
2024-02-18 00:00:00,23.0,12.0,12.0,17.0,50.0,3.83,1915.0,141.0,80.0,0.83,0.62,29.5,27.7,0.6,0.6,0.0,0.0,1.5,1.5,29700.0,G08_60_H17
2024-02-19 00:00:00,13.0,3.0,13.0,16.0,70.0,4.08,2040.0,37.0,40.0,0.91,0.74,28.9,26.9,0.6,0.6,0.0,0.0,1.5,1.5,29700.0,G08_60_H17
2024-02-20 00:00:00,3.0,0.0,14.0,17.0,30.0,4.24,2120.0,275.0,40.0,0.95,0.72,28.2,26.3,0.57,0.6,0.0,0.0,1.5,1.5,29700.0,G08_60_H17
2024-02-21 00:00:00,0.0,-1.0,15.0,13.0,40.0,4.54,2270.0,320.0,40.0,0.92,0.75,27.9,26.1,0.52,0.52,0.0,0.0,1.5,1.5,29700.0,G08_60_H17
2024-02-22 00:00:00,0.0,-3.0,16.0,20.0,70.0,4.91,2455.0,317.0,40.0,0.92,0.74,27.7,25.8,0.51,0.51,0.0,0.0,1.5,1.5,29700.0,G08_60_H17
2024-02-23 00:00:00,1.0,-2.0,17.0,17.0,20.0,5.41,2705.0,307.0,40.0,0.82,0.74,27.6,25.5,0.49,0.49,0.0,0.0,1.5,1.5,29700.0,G08_60_H17
2024-02-24 00:00:00,1.0,-3.0,18.0,30.0,66.0,6.04,3020.0,272.0,40.0,0.82,0.74,27.0,25.0,0.47,0.47,0.0,0.0,1.5,1.5,29700.0,G08_60_H17
2024-02-25 00:00:00,5.0,-1.0,19.0,18.0,30.0,6.098,3049.0,269.0,40.0,0.85,0.77,26.7,24.7,0.43,0.43,0.0,0.0,1.5,1.5,29700.0,G08_60_H17
2024-02-26 00:00:00,7.0,-2.0,20.0,14.0,25.0,6.42,3210.0,193.0,40.0,0.84,0.72,26.6,24.7,0.43,0.43,0.0,0.0,1.5,1.5,29700.0,G08_60_H17
2024-02-27 00:00:00,7.0,0.0,21.0,17.0,30.0,6.81,3405.0,139.0,40.0,0.81,0.72,26.2,24.5,0.41,0.41,0.0,0.0,1.5,1.5,29700.0,G08_60_H17
2024-02-28 00:00:00,5.0,0.0,22.0,8.0,6.0,7.17,3585.0,179.0,40.0,0.81,0.72,25.7,23.8,0.39,0.39,0.0,0.0,1.5,1.5,29700.0,G08_60_H17
2024-02-29 00:00:00,5.0,-2.0,23.0,15.0,34.0,7.72,3860.0,236.0,80.0,0.93,0.87,25.9,24.1,0.33,0.33,0.0,0.0,1.5,1.5,29700.0,G08_60_H17
2024-03-01 00:00:00,6.0,-1.0,24.0,14.0,30.0,7.88,3940.0,192.0,40.0,0.85,0.72,26.1,24.0,0.31,0.36,0.0,0.0,1.5,1.5,29700.0,G08_60_H17
2024-03-02 00:00:00,11.0,0.0,25.0,12.0,50.0,8.07,4035.0,192.0,40.0,0.85,0.75,27.6,23.4,0.32,0.43,0.0,0.0,1.5,1.5,29700.0,G08_60_H17
2024-03-03 00:00:00,14.0,3.0,26.0,10.0,40.0,8.87,4435.0,87.0,40.0,0.81,0.72,27.7,23.6,0.31,0.45,0.0,0.0,1.5,1.5,29700.0,G08_60_H17
2024-03-04 00:00:00,10.0,4.0,27.0,15.0,45.0,8.99,4495.0,21.0,40.0,0.83,0.75,26.2,24.3,0.3,0.43,0.0,0.0,1.5,1.5,29700.0,G08_60_H17
2024-03-05 00:00:00,9.0,5.0,28.0,16.0,50.0,8.13,4065.0,20.0,40.0,0.92,0.84,26.0,23.9,0.3,0.43,0.0,0.0,1.5,1.5,29700.0,G08_60_H17
2024-03-06 00:00:00,10.0,0.0,29.0,21.0,80.0,8.53,4265.0,29.0,40.0,0.82,0.74,26.1,23.6,0.28,0.41,0.0,0.0,1.5,1.5,29700.0,G08_60_H17
2024-03-07 00:00:00,14.0,1.0,30.0,22.0,32.0,8.55,4275.0,60.0,40.0,0.84,0.75,25.2,22.5,0.28,0.44,0.0,0.0,1.5,1.5,29700.0,G08_60_H17
2024-03-08 00:00:00,12.0,0.0,31.0,40.0,100.0,8.91,4455.0,35.0,40.0,0.81,0.62,27.6,22.3,0.28,0.44,0.0,0.0,1.5,1.5,29700.0,G08_60_H17
2024-03-09 00:00:00,12.0,2.0,32.0,50.0,45.0,9.14,4570.0,42.0,40.0,0.85,0.62,26.6,22.4,0.28,0.39,0.0,0.0,1.5,1.5,29700.0,G08_60_H17
2024-03-10 00:00:00,16.0,5.0,33.0,90.0,15.0,8.63,4315.0,39.0,40.0,0.83,0.62,28.3,22.1,0.31,0.39,0.0,0.0,1.5,1.5,29700.0,G08_60_H17
2024-03-11 00:00:00,21.0,7.0,34.0,230.0,0.0,7.981,3991.0,39.0,40.0,0.83,0.62,27.1,22.1,0.31,0.8,0.0,0.0,1.5,3.0,29700.0,G08_60_H17
2024-03-12 00:00:00,16.0,4.0,35.0,240.0,0.0,8.21,4105.0,7.0,40.0,0.84,0.65,26.5,22.4,0.32,0.75,0.0,0.0,1.5,3.0,29700.0,G08_60_H17
2024-03-13 00:00:00,16.0,7.0,36.0,240.0,0.0,8.35,4175.0,42.0,40.0,0.81,0.61,26.0,20.4,0.35,0.75,0.0,0.0,1.5,3.0,29700.0,G08_60_H17
2024-03-14 00:00:00,16.0,5.0,37.0,0.0,0.0,0.0,0.0,0.0,0.0,0.0,0.0,0.0,0.0,0.0,0.0,0.0,0.0,0.0,0.0,29700.0,G08_60_H17
2024-02-06 00:00:00,0.0,-2.0,0.0,,,,0.0,,,,,,,,,,,,,29700.0,G08_60_H18
2024-02-07 00:00:00,4.0,-4.0,1.0,25.0,0.0,0.27,135.0,660.0,40.0,0.68,0.52,34.1,32.0,1.2,1.2,0.0,0.0,1.0,1.0,29700.0,G08_60_H18
2024-02-08 00:00:00,7.0,-4.0,2.0,22.0,0.0,0.45,225.0,335.5,40.0,0.66,0.52,33.9,32.0,0.6,0.6,0.0,0.0,1.0,1.0,29700.0,G08_60_H18
2024-02-09 00:00:00,10.0,-1.0,3.0,50.0,110.0,0.77,385.0,340.9,40.0,0.67,0.52,33.6,31.3,0.6,0.6,1.0,1.0,1.0,1.0,29700.0,G08_60_H18
2024-02-10 00:00:00,15.0,0.0,4.0,44.0,60.0,1.08,640.0,268.9,80.0,0.62,0.52,32.8,30.4,0.6,0.6,1.0,1.0,1.0,1.0,29700.0,G08_60_H18
2024-02-11 00:00:00,15.0,1.0,5.0,20.0,26.0,1.37,685.0,245.7,40.0,0.67,0.58,32.0,29.8,0.6,0.6,1.0,1.0,1.0,1.0,29700.0,G08_60_H18
2024-02-12 00:00:00,18.0,4.0,6.0,20.0,9.0,1.864,932.0,230.0,80.0,0.75,0.63,31.6,28.7,0.6,0.6,1.0,1.0,1.0,1.0,29700.0,G08_60_H18
2024-02-13 00:00:00,20.0,6.0,7.0,34.0,280.0,1.95,975.0,221.0,40.0,0.71,0.65,31.0,28.6,0.6,0.6,1.0,1.0,1.0,1.0,29700.0,G08_60_H18
2024-02-14 00:00:00,22.0,4.0,8.0,20.0,7.0,1.78,890.0,199.4,40.0,0.75,0.64,30.7,28.3,0.6,0.79,1.0,1.0,1.0,1.0,29700.0,G08_60_H18
2024-02-15 00:00:00,7.0,-2.0,9.0,8.0,2.0,2.37,1185.0,164.0,40.0,0.77,0.61,30.4,28.1,0.6,0.79,1.0,1.0,1.0,1.0,29700.0,G08_60_H18
2024-02-16 00:00:00,10.0,1.0,10.0,8.0,0.0,2.93,1465.0,352.0,40.0,0.75,0.62,30.1,27.5,0.6,0.72,1.0,1.0,1.0,1.0,29700.0,G08_60_H18
2024-02-17 00:00:00,17.0,3.0,11.0,11.0,0.0,3.43,1715.0,273.0,40.0,0.85,0.68,30.0,27.2,0.6,0.6,0.0,0.0,1.5,1.5,29700.0,G08_60_H18
2024-02-18 00:00:00,23.0,12.0,12.0,18.0,45.0,3.71,1855.0,141.0,80.0,0.85,0.61,29.5,27.7,0.6,0.6,0.0,0.0,1.5,1.5,29700.0,G08_60_H18
2024-02-19 00:00:00,13.0,3.0,13.0,14.0,40.0,3.94,1970.0,37.0,80.0,0.91,0.74,29.1,27.0,0.6,0.6,0.0,0.0,1.5,1.5,29700.0,G08_60_H18
2024-02-20 00:00:00,3.0,0.0,14.0,23.0,80.0,4.18,2090.0,275.0,40.0,0.98,0.74,28.3,26.1,0.57,0.6,0.0,0.0,1.5,1.5,29700.0,G08_60_H18
2024-02-21 00:00:00,0.0,-1.0,15.0,21.0,60.0,4.635,2318.0,320.0,40.0,0.96,0.72,27.8,26.1,0.52,0.52,0.0,0.0,1.5,1.5,29700.0,G08_60_H18
2024-02-22 00:00:00,0.0,-3.0,16.0,28.0,50.0,5.05,2525.0,317.0,40.0,0.95,0.72,27.5,25.6,0.51,0.51,0.0,0.0,1.5,1.5,29700.0,G08_60_H18
2024-02-23 00:00:00,1.0,-2.0,17.0,20.0,40.0,5.28,2640.0,307.0,80.0,0.85,0.72,27.4,25.2,0.49,0.49,0.0,0.0,1.5,1.5,29700.0,G08_60_H18
2024-02-24 00:00:00,1.0,-3.0,18.0,20.0,30.0,6.0,3000.0,272.0,40.0,0.85,0.72,26.8,24.9,0.47,0.47,0.0,0.0,1.5,1.5,29700.0,G08_60_H18
2024-02-25 00:00:00,5.0,-1.0,19.0,20.0,35.0,6.149,3075.0,269.0,40.0,0.81,0.73,26.8,24.5,0.43,0.43,0.0,0.0,1.5,1.5,29700.0,G08_60_H18
2024-02-26 00:00:00,7.0,-2.0,20.0,16.0,20.0,6.41,3205.0,193.0,120.0,0.88,0.75,26.5,24.5,0.43,0.43,0.0,0.0,1.5,1.5,29700.0,G08_60_H18
2024-02-27 00:00:00,7.0,0.0,21.0,15.0,24.0,6.78,3390.0,139.0,40.0,0.87,0.74,26.5,24.5,0.41,0.41,0.0,0.0,1.5,1.5,29700.0,G08_60_H18
2024-02-28 00:00:00,5.0,0.0,22.0,16.0,32.0,7.01,3505.0,179.0,40.0,0.87,0.74,26.0,23.7,0.39,0.39,0.0,0.0,1.5,1.5,29700.0,G08_60_H18
2024-02-29 00:00:00,5.0,-2.0,23.0,16.0,100.0,7.37,3685.0,236.0,80.0,0.95,0.82,26.3,23.8,0.33,0.33,0.0,0.0,1.5,1.5,29700.0,G08_60_H18
2024-03-01 00:00:00,6.0,-1.0,24.0,14.0,50.0,7.32,3660.0,192.0,40.0,0.83,0.74,26.2,23.8,0.31,0.36,0.0,0.0,1.5,1.5,29700.0,G08_60_H18
2024-03-02 00:00:00,11.0,0.0,25.0,12.0,35.0,7.46,3730.0,192.0,80.0,0.87,0.72,26.6,23.4,0.32,0.43,0.0,0.0,1.5,1.5,29700.0,G08_60_H18
2024-03-03 00:00:00,14.0,3.0,26.0,18.0,75.0,8.06,4030.0,87.0,80.0,0.83,0.72,27.0,23.5,0.31,0.45,0.0,0.0,1.5,1.5,29700.0,G08_60_H18
2024-03-04 00:00:00,10.0,4.0,27.0,15.0,50.0,7.48,3740.0,21.0,40.0,0.84,0.75,25.5,24.0,0.3,0.43,0.0,0.0,1.5,1.5,29700.0,G08_60_H18
2024-03-05 00:00:00,9.0,5.0,28.0,26.0,140.0,8.09,4045.0,20.0,40.0,0.93,0.83,26.0,23.8,0.3,0.43,0.0,0.0,1.5,1.5,29700.0,G08_60_H18
2024-03-06 00:00:00,10.0,0.0,29.0,27.0,80.0,7.74,3870.0,29.0,80.0,0.83,0.72,25.5,23.3,0.28,0.41,0.0,0.0,1.5,1.5,29700.0,G08_60_H18
2024-03-07 00:00:00,14.0,1.0,30.0,44.0,50.0,8.02,4010.0,60.0,40.0,0.83,0.72,24.9,22.5,0.28,0.44,0.0,0.0,1.5,1.5,29700.0,G08_60_H18
2024-03-08 00:00:00,12.0,0.0,31.0,56.0,100.0,7.7,3850.0,35.0,80.0,0.83,0.62,26.6,22.3,0.28,0.44,0.0,0.0,1.5,1.5,29700.0,G08_60_H18
2024-03-09 00:00:00,12.0,2.0,32.0,100.0,170.0,8.18,4090.0,42.0,40.0,0.83,0.66,25.8,22.4,0.28,0.39,0.0,0.0,1.5,1.5,29700.0,G08_60_H18
2024-03-10 00:00:00,16.0,5.0,33.0,400.0,60.0,7.69,3845.0,39.0,40.0,0.88,0.62,27.7,22.1,0.31,0.39,0.0,0.0,1.5,1.5,29700.0,G08_60_H18
2024-03-11 00:00:00,21.0,7.0,34.0,360.0,0.0,6.859,3430.0,39.0,40.0,0.88,0.62,27.6,22.0,0.31,0.8,0.0,0.0,1.5,3.0,29700.0,G08_60_H18
2024-03-12 00:00:00,16.0,4.0,35.0,380.0,0.0,7.16,3580.0,7.0,40.0,0.83,0.62,25.4,21.7,0.32,0.75,0.0,0.0,1.5,3.0,29700.0,G08_60_H18
2024-03-13 00:00:00,16.0,7.0,36.0,340.0,0.0,6.74,3370.0,42.0,160.0,0.83,0.64,25.4,20.4,0.35,0.75,0.0,0.0,1.5,3.0,29700.0,G08_60_H18
2024-03-14 00:00:00,16.0,5.0,37.0,0.0,0.0,0.0,0.0,0.0,0.0,0.0,0.0,0.0,0.0,0.0,0.0,0.0,0.0,0.0,0.0,29700.0,G08_60_H18
2024-02-06 00:00:00,0.0,-2.0,1.0,12.0,6.0,0.23,115.0,346.0,40.0,0.67,0.57,34.8,33.5,1.2,1.2,0.0,0.0,1.0,1.0,28300.0,G08_60_H19
2024-02-07 00:00:00,4.0,-4.0,2.0,15.0,10.0,0.37,185.0,314.0,40.0,0.65,0.57,34.4,33.0,1.19,1.19,0.0,0.0,1.0,1.0,28300.0,G08_60_H19
2024-02-08 00:00:00,7.0,-4.0,3.0,13.0,17.0,0.4,200.0,335.5,80.0,0.64,0.52,34.0,32.2,0.6,0.6,0.0,0.0,1.0,1.0,28300.0,G08_60_H19
2024-02-09 00:00:00,10.0,-1.0,4.0,15.0,27.0,0.62,310.0,340.9,40.0,0.64,0.57,33.5,31.4,0.6,0.6,1.0,1.0,1.0,1.0,28300.0,G08_60_H19
2024-02-10 00:00:00,15.0,0.0,5.0,12.0,13.0,1.0,500.0,268.9,80.0,0.68,0.56,33.0,30.6,0.6,0.6,1.0,1.0,1.0,1.0,28300.0,G08_60_H19
2024-02-11 00:00:00,15.0,1.0,6.0,8.0,8.0,1.41,705.0,245.7,40.0,0.64,0.55,32.1,30.1,0.6,0.6,1.0,1.0,1.0,1.0,28300.0,G08_60_H19
2024-02-12 00:00:00,18.0,4.0,7.0,13.0,13.0,1.866,933.0,230.0,40.0,0.74,0.62,31.7,28.9,0.6,0.6,1.0,1.0,1.0,1.0,28300.0,G08_60_H19
2024-02-13 00:00:00,20.0,6.0,8.0,20.0,160.0,2.06,1030.0,221.0,80.0,0.74,0.63,30.9,28.7,0.6,0.6,1.0,1.0,1.0,1.0,28300.0,G08_60_H19
2024-02-14 00:00:00,22.0,4.0,9.0,15.0,15.0,1.81,905.0,199.4,40.0,0.78,0.63,30.7,28.4,0.6,0.79,1.0,1.0,1.0,1.0,28300.0,G08_60_H19
2024-02-15 00:00:00,7.0,-2.0,10.0,5.0,26.0,2.47,1235.0,164.0,40.0,0.75,0.68,30.3,27.9,0.6,0.79,1.0,1.0,1.0,1.0,28300.0,G08_60_H19
2024-02-16 00:00:00,10.0,1.0,11.0,6.0,57.0,3.09,1545.0,352.0,40.0,0.78,0.62,30.1,27.9,0.6,0.72,1.0,1.0,1.0,1.0,28300.0,G08_60_H19
2024-02-17 00:00:00,17.0,3.0,12.0,4.0,61.0,3.56,1780.0,273.0,40.0,0.8,0.62,30.0,27.6,0.6,0.6,0.0,0.0,1.5,1.5,28300.0,G08_60_H19
2024-02-18 00:00:00,23.0,12.0,13.0,3.0,88.0,3.83,1915.0,141.0,40.0,0.88,0.67,29.5,27.5,0.6,0.6,0.0,0.0,1.5,1.5,28300.0,G08_60_H19
2024-02-19 00:00:00,13.0,3.0,14.0,4.0,107.0,4.08,2040.0,37.0,40.0,0.96,0.77,28.6,26.9,0.6,0.6,0.0,0.0,1.5,1.5,28300.0,G08_60_H19
2024-02-20 00:00:00,3.0,0.0,15.0,4.0,96.0,4.24,2120.0,275.0,80.0,0.96,0.71,28.0,26.3,0.57,0.6,0.0,0.0,1.5,1.5,28300.0,G08_60_H19
2024-02-21 00:00:00,0.0,-1.0,16.0,3.0,103.0,4.54,2270.0,320.0,40.0,0.97,0.73,27.8,25.8,0.52,0.52,0.0,0.0,1.5,1.5,28300.0,G08_60_H19
2024-02-22 00:00:00,0.0,-3.0,17.0,8.0,159.0,4.91,2455.0,317.0,40.0,0.97,0.73,27.3,25.4,0.51,0.51,0.0,0.0,1.5,1.5,28300.0,G08_60_H19
2024-02-23 00:00:00,1.0,-2.0,18.0,6.0,100.0,5.41,2705.0,307.0,80.0,0.88,0.75,27.1,25.3,0.49,0.49,0.0,0.0,1.5,1.5,28300.0,G08_60_H19
2024-02-24 00:00:00,1.0,-3.0,19.0,8.0,70.0,6.04,3020.0,272.0,40.0,0.88,0.75,26.8,25.1,0.47,0.47,0.0,0.0,1.5,1.5,28300.0,G08_60_H19
2024-02-25 00:00:00,5.0,-1.0,20.0,13.0,70.0,6.098,3049.0,269.0,80.0,0.86,0.76,26.7,24.8,0.43,0.43,0.0,0.0,1.5,1.5,28300.0,G08_60_H19
2024-02-26 00:00:00,7.0,-2.0,21.0,9.0,50.0,6.42,3210.0,193.0,40.0,0.87,0.74,26.6,24.6,0.43,0.43,0.0,0.0,1.5,1.5,28300.0,G08_60_H19
2024-02-27 00:00:00,7.0,0.0,22.0,5.0,56.0,6.45,3225.0,139.0,40.0,0.81,0.76,26.5,24.4,0.41,0.41,0.0,0.0,1.5,1.5,28300.0,G08_60_H19
2024-02-28 00:00:00,5.0,0.0,23.0,8.0,66.0,6.69,3345.0,179.0,40.0,0.81,0.76,25.8,23.6,0.39,0.39,0.0,0.0,1.5,1.5,28300.0,G08_60_H19
2024-02-29 00:00:00,5.0,-2.0,24.0,16.0,90.0,7.51,3755.0,236.0,80.0,0.97,0.84,26.0,23.7,0.33,0.33,0.0,0.0,1.5,1.5,28300.0,G08_60_H19
2024-03-01 00:00:00,6.0,-1.0,25.0,11.0,79.0,7.1,3550.0,192.0,40.0,0.86,0.74,25.8,23.5,0.31,0.36,0.0,0.0,1.5,1.5,28300.0,G08_60_H19
2024-03-02 00:00:00,11.0,0.0,26.0,13.0,70.0,7.69,3845.0,192.0,80.0,0.88,0.78,26.9,23.0,0.32,0.43,0.0,0.0,1.5,1.5,28300.0,G08_60_H19
2024-03-03 00:00:00,14.0,3.0,27.0,19.0,58.0,7.7,3850.0,87.0,40.0,0.81,0.76,26.9,23.3,0.31,0.45,0.0,0.0,1.5,1.5,28300.0,G08_60_H19
2024-03-04 00:00:00,10.0,4.0,28.0,18.0,40.0,7.13,3565.0,21.0,40.0,0.85,0.76,25.5,23.9,0.3,0.43,0.0,0.0,1.5,1.5,28300.0,G08_60_H19
2024-03-05 00:00:00,9.0,5.0,29.0,24.0,54.0,7.43,3715.0,20.0,80.0,0.95,0.84,25.6,23.4,0.3,0.43,0.0,0.0,1.5,1.5,28300.0,G08_60_H19
2024-03-06 00:00:00,10.0,0.0,30.0,29.0,36.0,7.71,3855.0,29.0,40.0,0.86,0.75,25.1,23.2,0.28,0.41,0.0,0.0,1.5,1.5,28300.0,G08_60_H19
2024-03-07 00:00:00,14.0,1.0,31.0,40.0,58.0,7.73,3865.0,60.0,40.0,0.86,0.75,25.1,22.6,0.28,0.44,0.0,0.0,1.5,1.5,28300.0,G08_60_H19
2024-03-08 00:00:00,12.0,0.0,32.0,90.0,32.0,7.84,3920.0,35.0,80.0,0.86,0.67,27.1,22.4,0.28,0.44,0.0,0.0,1.5,1.5,28300.0,G08_60_H19
2024-03-09 00:00:00,12.0,2.0,33.0,140.0,39.0,7.89,3945.0,42.0,40.0,0.88,0.67,25.8,22.3,0.28,0.39,0.0,0.0,1.5,1.5,28300.0,G08_60_H19
2024-03-10 00:00:00,16.0,5.0,34.0,202.0,0.0,7.29,3645.0,39.0,80.0,0.86,0.63,27.3,22.2,0.31,0.39,0.0,0.0,1.5,1.5,28300.0,G08_60_H19
2024-03-11 00:00:00,21.0,7.0,35.0,264.0,0.0,6.418,3209.0,39.0,40.0,0.86,0.63,27.5,21.8,0.31,0.8,0.0,0.0,1.5,3.0,28300.0,G08_60_H19
2024-03-12 00:00:00,16.0,4.0,36.0,364.0,0.0,6.45,3225.0,7.0,80.0,0.81,0.61,25.4,21.7,0.32,0.75,0.0,0.0,1.5,3.0,28300.0,G08_60_H19
2024-03-13 00:00:00,16.0,7.0,37.0,312.0,0.0,6.51,3255.0,42.0,80.0,0.8,0.66,24.9,20.3,0.35,0.75,0.0,0.0,1.5,3.0,28300.0,G08_60_H19
2024-03-14 00:00:00,16.0,5.0,38.0,0.0,0.0,0.0,0.0,0.0,0.0,0.0,0.0,0.0,0.0,0.0,0.0,0.0,0.0,0.0,0.0,28300.0,G08_60_H19
2024-02-06 00:00:00,0.0,-2.0,1.0,15.0,4.0,0.21,105.0,346.0,40.0,0.61,0.55,35.1,33.4,1.2,1.2,0.0,0.0,1.0,1.0,28300.0,G08_60_H20
2024-02-07 00:00:00,4.0,-4.0,2.0,13.0,8.0,0.31,155.0,314.0,80.0,0.65,0.51,34.2,33.1,1.19,1.19,0.0,0.0,1.0,1.0,28300.0,G08_60_H20
2024-02-08 00:00:00,7.0,-4.0,3.0,14.0,16.0,0.52,260.0,335.5,40.0,0.66,0.57,33.8,32.6,0.6,0.6,0.0,0.0,1.0,1.0,28300.0,G08_60_H20
2024-02-09 00:00:00,10.0,-1.0,4.0,15.0,30.0,0.78,390.0,340.9,40.0,0.64,0.55,33.3,31.4,0.6,0.6,1.0,1.0,1.0,1.0,28300.0,G08_60_H20
2024-02-10 00:00:00,15.0,0.0,5.0,20.0,27.0,1.13,565.0,268.9,40.0,0.65,0.54,32.8,30.7,0.6,0.6,1.0,1.0,1.0,1.0,28300.0,G08_60_H20
2024-02-11 00:00:00,15.0,1.0,6.0,15.0,20.0,1.5,750.0,245.7,80.0,0.64,0.57,32.2,30.3,0.6,0.6,1.0,1.0,1.0,1.0,28300.0,G08_60_H20
2024-02-12 00:00:00,18.0,4.0,7.0,17.0,20.0,1.657,829.0,230.0,40.0,0.75,0.64,31.5,29.0,0.6,0.6,1.0,1.0,1.0,1.0,28300.0,G08_60_H20
2024-02-13 00:00:00,20.0,6.0,8.0,23.0,224.0,2.01,1005.0,221.0,40.0,0.77,0.68,30.9,29.2,0.6,0.6,1.0,1.0,1.0,1.0,28300.0,G08_60_H20
2024-02-14 00:00:00,22.0,4.0,9.0,20.0,32.0,1.9,950.0,199.4,40.0,0.75,0.68,30.8,28.5,0.6,0.79,1.0,1.0,1.0,1.0,28300.0,G08_60_H20
2024-02-15 00:00:00,7.0,-2.0,10.0,6.0,30.0,2.52,1260.0,164.0,40.0,0.75,0.62,30.3,27.9,0.6,0.79,1.0,1.0,1.0,1.0,28300.0,G08_60_H20
2024-02-16 00:00:00,10.0,1.0,11.0,5.0,62.0,3.19,1595.0,352.0,40.0,0.75,0.68,30.1,27.6,0.6,0.72,1.0,1.0,1.0,1.0,28300.0,G08_60_H20
2024-02-17 00:00:00,17.0,3.0,12.0,3.0,63.0,3.61,1805.0,273.0,40.0,0.87,0.68,29.8,27.3,0.6,0.6,0.0,0.0,1.5,1.5,28300.0,G08_60_H20
2024-02-18 00:00:00,23.0,12.0,13.0,2.0,130.0,3.91,1955.0,141.0,40.0,0.84,0.61,29.7,27.5,0.6,0.6,0.0,0.0,1.5,1.5,28300.0,G08_60_H20
2024-02-19 00:00:00,13.0,3.0,14.0,5.0,78.0,4.05,2025.0,37.0,40.0,0.91,0.71,28.7,27.0,0.6,0.6,0.0,0.0,1.5,1.5,28300.0,G08_60_H20
2024-02-20 00:00:00,3.0,0.0,15.0,5.0,177.0,4.36,2180.0,275.0,40.0,0.91,0.75,28.1,26.3,0.57,0.6,0.0,0.0,1.5,1.5,28300.0,G08_60_H20
2024-02-21 00:00:00,0.0,-1.0,16.0,4.0,112.0,4.539,2270.0,320.0,80.0,0.91,0.76,27.6,25.9,0.52,0.52,0.0,0.0,1.5,1.5,28300.0,G08_60_H20
2024-02-22 00:00:00,0.0,-3.0,17.0,7.0,160.0,4.94,2470.0,317.0,40.0,0.94,0.75,27.5,25.6,0.51,0.51,0.0,0.0,1.5,1.5,28300.0,G08_60_H20
2024-02-23 00:00:00,1.0,-2.0,18.0,9.0,100.0,5.47,2735.0,308.0,40.0,0.85,0.78,27.2,25.3,0.49,0.49,0.0,0.0,1.5,1.5,28300.0,G08_60_H20
2024-02-24 00:00:00,1.0,-3.0,19.0,5.0,70.0,5.9,2950.0,272.0,80.0,0.86,0.78,27.0,25.0,0.47,0.47,0.0,0.0,1.5,1.5,28300.0,G08_60_H20
2024-02-25 00:00:00,5.0,-1.0,20.0,7.0,60.0,5.936,2968.0,269.0,40.0,0.82,0.75,26.8,24.8,0.43,0.43,0.0,0.0,1.5,1.5,28300.0,G08_60_H20
2024-02-26 00:00:00,7.0,-2.0,21.0,6.0,50.0,6.24,3120.0,193.0,40.0,0.81,0.73,26.5,24.6,0.43,0.43,0.0,0.0,1.5,1.5,28300.0,G08_60_H20
2024-02-27 00:00:00,7.0,0.0,22.0,4.0,47.0,6.63,3315.0,139.0,40.0,0.82,0.78,26.4,24.5,0.41,0.41,0.0,0.0,1.5,1.5,28300.0,G08_60_H20
2024-02-28 00:00:00,5.0,0.0,23.0,5.0,50.0,6.85,3425.0,179.0,80.0,0.82,0.78,25.7,23.8,0.39,0.39,0.0,0.0,1.5,1.5,28300.0,G08_60_H20
2024-02-29 00:00:00,5.0,-2.0,24.0,7.0,40.0,7.48,3740.0,236.0,40.0,0.95,0.82,25.9,24.0,0.33,0.33,0.0,0.0,1.5,1.5,28300.0,G08_60_H20
2024-03-01 00:00:00,6.0,-1.0,25.0,5.0,36.0,7.29,3645.0,192.0,80.0,0.88,0.76,25.5,23.6,0.31,0.36,0.0,0.0,1.5,1.5,28300.0,G08_60_H20
2024-03-02 00:00:00,11.0,0.0,26.0,10.0,50.0,7.3,3650.0,192.0,40.0,0.84,0.72,26.3,23.1,0.32,0.43,0.0,0.0,1.5,1.5,28300.0,G08_60_H20
2024-03-03 00:00:00,14.0,3.0,27.0,9.0,58.0,7.8,3900.0,87.0,40.0,0.84,0.75,27.5,23.3,0.31,0.45,0.0,0.0,1.5,1.5,28300.0,G08_60_H20
2024-03-04 00:00:00,10.0,4.0,28.0,13.0,50.0,7.55,3775.0,21.0,40.0,0.83,0.03,25.8,24.0,0.3,0.43,0.0,0.0,1.5,1.5,28300.0,G08_60_H20
2024-03-05 00:00:00,9.0,5.0,29.0,26.0,41.0,7.91,3955.0,20.0,80.0,0.92,0.85,26.1,23.5,0.3,0.43,0.0,0.0,1.5,1.5,28300.0,G08_60_H20
2024-03-06 00:00:00,10.0,0.0,30.0,30.0,44.0,7.8,3900.0,29.0,40.0,0.82,0.74,26.0,22.8,0.28,0.41,0.0,0.0,1.5,1.5,28300.0,G08_60_H20
2024-03-07 00:00:00,14.0,1.0,31.0,60.0,67.0,7.86,3930.0,60.0,80.0,0.86,0.78,25.5,22.6,0.28,0.44,0.0,0.0,1.5,1.5,28300.0,G08_60_H20
2024-03-08 00:00:00,12.0,0.0,32.0,120.0,30.0,7.0,3500.0,35.0,40.0,0.84,0.65,27.0,22.4,0.28,0.44,0.0,0.0,1.5,1.5,28300.0,G08_60_H20
2024-03-09 00:00:00,12.0,2.0,33.0,130.0,28.0,6.99,3495.0,42.0,40.0,0.82,0.64,25.0,22.2,0.28,0.39,0.0,0.0,1.5,1.5,28300.0,G08_60_H20
2024-03-10 00:00:00,16.0,5.0,34.0,188.0,0.0,6.38,3190.0,39.0,80.0,0.84,0.62,26.7,22.0,0.31,0.39,0.0,0.0,1.5,1.5,28300.0,G08_60_H20
2024-03-11 00:00:00,21.0,7.0,35.0,191.0,0.0,6.016,3008.0,39.0,40.0,0.84,0.62,27.3,21.7,0.31,0.8,0.0,0.0,1.5,3.0,28300.0,G08_60_H20
2024-03-12 00:00:00,16.0,4.0,36.0,210.0,0.0,7.02,3510.0,7.0,80.0,0.84,0.6,25.3,22.1,0.32,0.75,0.0,0.0,1.5,3.0,28300.0,G08_60_H20
2024-03-13 00:00:00,16.0,7.0,37.0,207.0,0.0,7.87,3935.0,42.0,80.0,0.84,0.65,25.1,20.7,0.35,0.75,0.0,0.0,1.5,3.0,28300.0,G08_60_H20
2024-03-14 00:00:00,16.0,5.0,38.0,0.0,0.0,0.0,0.0,0.0,0.0,0.0,0.0,0.0,0.0,0.0,0.0,0.0,0.0,0.0,0.0,28300.0,G08_60_H20
2024-02-06 00:00:00,0.0,-2.0,1.0,9.0,6.0,0.25,125.0,346.0,40.0,0.68,0.59,35.2,33.2,1.2,1.2,0.0,0.0,1.0,1.0,28300.0,G08_60_H21
2024-02-07 00:00:00,4.0,-4.0,2.0,20.0,6.0,0.36,180.0,314.0,80.0,0.68,0.52,34.5,32.9,1.19,1.19,0.0,0.0,1.0,1.0,28300.0,G08_60_H21
2024-02-08 00:00:00,7.0,-4.0,3.0,17.0,3.0,0.64,320.0,335.6,40.0,0.66,0.54,33.8,32.1,0.6,0.6,0.0,0.0,1.0,1.0,28300.0,G08_60_H21
2024-02-09 00:00:00,10.0,-1.0,4.0,11.0,5.0,0.9,450.0,341.0,80.0,0.67,0.55,33.4,31.3,0.6,0.6,1.0,1.0,1.0,1.0,28300.0,G08_60_H21
2024-02-10 00:00:00,15.0,0.0,5.0,14.0,7.0,1.2,600.0,268.9,40.0,0.64,0.58,32.8,30.7,0.6,0.6,1.0,1.0,1.0,1.0,28300.0,G08_60_H21
2024-02-11 00:00:00,15.0,1.0,6.0,15.0,5.0,1.59,795.0,245.7,80.0,0.66,0.52,32.2,30.1,0.6,0.6,1.0,1.0,1.0,1.0,28300.0,G08_60_H21
2024-02-12 00:00:00,18.0,4.0,7.0,17.0,6.0,1.775,888.0,230.0,40.0,0.77,0.61,31.5,29.3,0.6,0.6,1.0,1.0,1.0,1.0,28300.0,G08_60_H21
2024-02-13 00:00:00,20.0,6.0,8.0,24.0,185.0,1.95,975.0,221.0,80.0,0.77,0.62,31.2,28.8,0.6,0.6,1.0,1.0,1.0,1.0,28300.0,G08_60_H21
2024-02-14 00:00:00,22.0,4.0,9.0,15.0,6.0,1.84,920.0,199.4,40.0,0.75,0.61,30.8,28.8,0.6,0.79,1.0,1.0,1.0,1.0,28300.0,G08_60_H21
2024-02-15 00:00:00,7.0,-2.0,10.0,13.0,10.0,2.4,1200.0,164.0,40.0,0.78,0.64,30.3,28.5,0.6,0.79,1.0,1.0,1.0,1.0,28300.0,G08_60_H21
2024-02-16 00:00:00,10.0,1.0,11.0,9.0,12.0,2.99,1495.0,352.0,40.0,0.74,0.6,30.2,28.0,0.6,0.72,1.0,1.0,1.0,1.0,28300.0,G08_60_H21
2024-02-17 00:00:00,17.0,3.0,12.0,15.0,43.0,3.42,1710.0,273.0,40.0,0.84,0.6,30.0,27.8,0.6,0.6,0.0,0.0,1.5,1.5,28300.0,G08_60_H21
2024-02-18 00:00:00,23.0,12.0,13.0,12.0,69.0,3.74,1870.0,141.0,40.0,0.84,0.65,29.4,27.5,0.6,0.6,0.0,0.0,1.5,1.5,28300.0,G08_60_H21
2024-02-19 00:00:00,13.0,3.0,14.0,28.0,86.0,3.92,1960.0,37.0,40.0,0.92,0.74,28.6,26.9,0.6,0.6,0.0,0.0,1.5,1.5,28300.0,G08_60_H21
2024-02-20 00:00:00,3.0,0.0,15.0,11.0,129.0,4.15,2075.0,275.0,80.0,0.92,0.76,28.0,26.2,0.57,0.6,0.0,0.0,1.5,1.5,28300.0,G08_60_H21
2024-02-21 00:00:00,0.0,-1.0,16.0,11.0,162.0,4.567,2284.0,320.0,80.0,0.93,0.76,27.7,25.7,0.52,0.52,0.0,0.0,1.5,1.5,28300.0,G08_60_H21
2024-02-22 00:00:00,0.0,-3.0,17.0,25.0,72.0,4.73,2365.0,317.0,40.0,0.93,0.71,27.3,25.5,0.51,0.51,0.0,0.0,1.5,1.5,28300.0,G08_60_H21
2024-02-23 00:00:00,1.0,-2.0,18.0,15.0,48.0,5.12,2560.0,308.0,80.0,0.83,0.72,27.1,25.1,0.49,0.49,0.0,0.0,1.5,1.5,28300.0,G08_60_H21
2024-02-24 00:00:00,1.0,-3.0,19.0,20.0,51.0,5.68,2840.0,272.0,40.0,0.83,0.76,26.8,24.8,0.47,0.47,0.0,0.0,1.5,1.5,28300.0,G08_60_H21
2024-02-25 00:00:00,5.0,-1.0,20.0,12.0,64.0,5.956,2978.0,269.0,80.0,0.85,0.71,26.3,24.4,0.43,0.43,0.0,0.0,1.5,1.5,28300.0,G08_60_H21
2024-02-26 00:00:00,7.0,-2.0,21.0,10.0,61.0,6.25,3125.0,193.0,40.0,0.85,0.76,26.1,24.4,0.43,0.43,0.0,0.0,1.5,1.5,28300.0,G08_60_H21
2024-02-27 00:00:00,7.0,0.0,22.0,10.0,45.0,6.37,3185.0,139.0,80.0,0.83,0.72,26.3,24.2,0.41,0.41,0.0,0.0,1.5,1.5,28300.0,G08_60_H21
2024-02-28 00:00:00,5.0,0.0,23.0,5.0,36.0,6.67,3335.0,179.0,40.0,0.83,0.72,25.9,23.8,0.39,0.39,0.0,0.0,1.5,1.5,28300.0,G08_60_H21
2024-02-29 00:00:00,5.0,-2.0,24.0,11.0,55.0,7.32,3660.0,236.0,80.0,0.93,0.85,25.6,23.8,0.33,0.33,0.0,0.0,1.5,1.5,28300.0,G08_60_H21
2024-03-01 00:00:00,6.0,-1.0,25.0,7.0,44.0,7.1,3550.0,192.0,40.0,0.84,0.73,25.5,23.4,0.31,0.36,0.0,0.0,1.5,1.5,28300.0,G08_60_H21
2024-03-02 00:00:00,11.0,0.0,26.0,10.0,37.0,7.17,3585.0,192.0,80.0,0.83,0.75,26.2,23.0,0.32,0.43,0.0,0.0,1.5,1.5,28300.0,G08_60_H21
2024-03-03 00:00:00,14.0,3.0,27.0,8.0,71.0,7.37,3685.0,88.0,40.0,0.84,0.74,26.8,23.3,0.31,0.45,0.0,0.0,1.5,1.5,28300.0,G08_60_H21
2024-03-04 00:00:00,10.0,4.0,28.0,19.0,80.0,7.45,3725.0,21.0,80.0,0.87,0.74,25.6,23.9,0.3,0.43,0.0,0.0,1.5,1.5,28300.0,G08_60_H21
2024-03-05 00:00:00,9.0,5.0,29.0,26.0,104.0,7.24,3620.0,20.0,40.0,0.95,0.81,25.8,23.5,0.3,0.43,0.0,0.0,1.5,1.5,28300.0,G08_60_H21
2024-03-06 00:00:00,10.0,0.0,30.0,48.0,129.0,6.85,3425.0,29.0,80.0,0.86,0.72,25.2,23.1,0.28,0.41,0.0,0.0,1.5,1.5,28300.0,G08_60_H21
2024-03-07 00:00:00,14.0,1.0,31.0,73.0,310.0,6.85,3425.0,60.0,40.0,0.84,0.72,24.3,22.3,0.28,0.44,0.0,0.0,1.5,1.5,28300.0,G08_60_H21
2024-03-08 00:00:00,12.0,0.0,32.0,160.0,320.0,6.36,3180.0,35.0,80.0,0.84,0.67,25.9,22.4,0.28,0.44,0.0,0.0,1.5,1.5,28300.0,G08_60_H21
2024-03-09 00:00:00,12.0,2.0,33.0,115.0,210.0,6.68,3340.0,42.0,40.0,0.85,0.61,24.4,21.9,0.28,0.39,0.0,0.0,1.5,1.5,28300.0,G08_60_H21
2024-03-10 00:00:00,16.0,5.0,34.0,253.0,0.0,7.36,3680.0,39.0,80.0,0.81,0.65,26.5,21.7,0.31,0.39,0.0,0.0,1.5,1.5,28300.0,G08_60_H21
2024-03-11 00:00:00,21.0,7.0,35.0,315.0,0.0,7.705,3853.0,39.0,80.0,0.81,0.65,27.3,21.7,0.31,0.8,0.0,0.0,1.5,3.0,28300.0,G08_60_H21
2024-03-12 00:00:00,16.0,4.0,36.0,221.0,0.0,7.89,3945.0,7.0,80.0,0.84,0.66,25.4,21.6,0.32,0.75,0.0,0.0,1.5,3.0,28300.0,G08_60_H21
2024-03-13 00:00:00,16.0,7.0,37.0,260.0,0.0,8.92,4460.0,42.0,80.0,0.84,0.62,25.4,20.3,0.35,0.75,0.0,0.0,1.5,3.0,28300.0,G08_60_H21
2024-03-14 00:00:00,16.0,5.0,38.0,0.0,0.0,0.0,0.0,0.0,0.0,0.0,0.0,0.0,0.0,0.0,0.0,0.0,0.0,0.0,0.0,28300.0,G08_60_H21
2024-02-06 00:00:00,0.0,-2.0,1.0,8.0,4.0,0.23,115.0,346.0,40.0,0.62,0.54,34.9,33.3,1.2,1.2,0.0,0.0,1.0,1.0,28400.0,G08_60_H22
2024-02-07 00:00:00,4.0,-4.0,2.0,17.0,5.0,0.34,170.0,314.0,40.0,0.68,0.57,34.3,33.0,1.19,1.19,0.0,0.0,1.0,1.0,28400.0,G08_60_H22
2024-02-08 00:00:00,7.0,-4.0,3.0,19.0,16.0,0.61,235.0,335.6,80.0,0.63,0.51,34.0,32.3,0.6,0.6,0.0,0.0,1.0,1.0,28400.0,G08_60_H22
2024-02-09 00:00:00,10.0,-1.0,4.0,21.0,18.0,0.92,460.0,341.0,80.0,0.62,0.58,33.4,31.3,0.6,0.6,1.0,1.0,1.0,1.0,28400.0,G08_60_H22
2024-02-10 00:00:00,15.0,0.0,5.0,25.0,30.0,1.46,730.0,268.9,40.0,0.67,0.56,32.8,30.9,0.6,0.6,1.0,1.0,1.0,1.0,28400.0,G08_60_H22
2024-02-11 00:00:00,15.0,1.0,6.0,15.0,4.0,1.79,895.0,245.7,40.0,0.68,0.54,32.0,29.9,0.6,0.6,1.0,1.0,1.0,1.0,28400.0,G08_60_H22
2024-02-12 00:00:00,18.0,4.0,7.0,14.0,5.0,1.93,965.0,230.0,40.0,0.74,0.66,31.6,28.9,0.6,0.6,1.0,1.0,1.0,1.0,28400.0,G08_60_H22
2024-02-13 00:00:00,20.0,6.0,8.0,17.0,169.0,2.23,1115.0,221.0,40.0,0.72,0.64,31.0,28.9,0.6,0.6,1.0,1.0,1.0,1.0,28400.0,G08_60_H22
2024-02-14 00:00:00,22.0,4.0,9.0,23.0,4.0,1.98,990.0,199.4,40.0,0.72,0.65,30.9,28.4,0.6,0.79,1.0,1.0,1.0,1.0,28400.0,G08_60_H22
2024-02-15 00:00:00,7.0,-2.0,10.0,19.0,7.0,2.65,1325.0,164.0,40.0,0.75,0.62,30.3,27.8,0.6,0.79,1.0,1.0,1.0,1.0,28400.0,G08_60_H22
2024-02-16 00:00:00,10.0,1.0,11.0,12.0,5.0,3.28,1640.0,352.0,40.0,0.72,0.65,30.4,27.7,0.6,0.72,1.0,1.0,1.0,1.0,28400.0,G08_60_H22
2024-02-17 00:00:00,17.0,3.0,12.0,11.0,43.0,3.64,1820.0,273.0,80.0,0.82,0.65,29.9,27.2,0.6,0.6,0.0,0.0,1.5,1.5,28400.0,G08_60_H22
2024-02-18 00:00:00,23.0,12.0,13.0,15.0,81.0,4.02,2010.0,141.0,40.0,0.82,0.62,29.5,27.5,0.6,0.6,0.0,0.0,1.5,1.5,28400.0,G08_60_H22
2024-02-19 00:00:00,13.0,3.0,14.0,23.0,42.0,4.23,2115.0,37.0,40.0,0.95,0.72,28.9,26.9,0.6,0.6,0.0,0.0,1.5,1.5,28400.0,G08_60_H22
2024-02-20 00:00:00,3.0,0.0,15.0,13.0,102.0,4.52,2260.0,275.0,40.0,0.95,0.72,28.1,25.9,0.57,0.6,0.0,0.0,1.5,1.5,28400.0,G08_60_H22
2024-02-21 00:00:00,0.0,-1.0,16.0,8.0,78.0,4.9,2450.0,320.0,40.0,0.91,0.71,28.2,26.5,0.52,0.52,0.0,0.0,1.5,1.5,28400.0,G08_60_H22
2024-02-22 00:00:00,0.0,-3.0,17.0,30.0,70.0,5.25,2625.0,317.0,40.0,0.97,0.75,27.4,25.3,0.51,0.51,0.0,0.0,1.5,1.5,28400.0,G08_60_H22
2024-02-23 00:00:00,1.0,-2.0,18.0,10.0,31.0,5.76,2880.0,308.0,80.0,0.86,0.75,27.2,25.1,0.49,0.49,0.0,0.0,1.5,1.5,28400.0,G08_60_H22
2024-02-24 00:00:00,1.0,-3.0,19.0,13.0,28.0,6.19,3095.0,272.0,40.0,0.81,0.72,27.0,24.8,0.47,0.47,0.0,0.0,1.5,1.5,28400.0,G08_60_H22
2024-02-25 00:00:00,5.0,-1.0,20.0,15.0,53.0,6.31,3155.0,269.0,80.0,0.88,0.73,26.7,24.7,0.43,0.43,0.0,0.0,1.5,1.5,28400.0,G08_60_H22
2024-02-26 00:00:00,7.0,-2.0,21.0,9.0,45.0,6.59,3295.0,193.0,40.0,0.84,0.72,26.5,24.4,0.43,0.43,0.0,0.0,1.5,1.5,28400.0,G08_60_H22
2024-02-27 00:00:00,7.0,0.0,22.0,7.0,33.0,6.64,3320.0,139.0,40.0,0.84,0.73,26.1,24.2,0.41,0.41,0.0,0.0,1.5,1.5,28400.0,G08_60_H22
2024-02-28 00:00:00,5.0,0.0,23.0,10.0,37.0,6.92,3460.0,179.0,40.0,0.84,0.73,25.9,23.8,0.39,0.39,0.0,0.0,1.5,1.5,28400.0,G08_60_H22
2024-02-29 00:00:00,5.0,-2.0,24.0,7.0,21.0,7.26,3630.0,236.0,80.0,0.96,0.81,25.7,23.5,0.33,0.33,0.0,0.0,1.5,1.5,28400.0,G08_60_H22
2024-03-01 00:00:00,6.0,-1.0,25.0,5.0,39.0,7.53,3765.0,192.0,40.0,0.82,0.76,25.8,23.6,0.31,0.36,0.0,0.0,1.5,1.5,28400.0,G08_60_H22
2024-03-02 00:00:00,11.0,0.0,26.0,13.0,46.0,7.79,3895.0,192.0,80.0,0.86,0.72,26.5,23.2,0.32,0.43,0.0,0.0,1.5,1.5,28400.0,G08_60_H22
2024-03-03 00:00:00,14.0,3.0,27.0,9.0,53.0,8.31,4155.0,88.0,40.0,0.82,0.75,27.3,23.4,0.31,0.45,0.0,0.0,1.5,1.5,28400.0,G08_60_H22
2024-03-04 00:00:00,10.0,4.0,28.0,25.0,52.0,8.22,4110.0,22.0,40.0,0.86,0.72,25.9,24.0,0.3,0.43,0.0,0.0,1.5,1.5,28400.0,G08_60_H22
2024-03-05 00:00:00,9.0,5.0,29.0,20.0,45.0,7.7,3850.0,20.0,80.0,0.92,0.85,25.6,23.4,0.3,0.43,0.0,0.0,1.5,1.5,28400.0,G08_60_H22
2024-03-06 00:00:00,10.0,0.0,30.0,27.0,50.0,8.43,4215.0,29.0,40.0,0.85,0.75,24.9,23.2,0.28,0.41,0.0,0.0,1.5,1.5,28400.0,G08_60_H22
2024-03-07 00:00:00,14.0,1.0,31.0,63.0,114.0,7.51,3755.0,60.0,40.0,0.81,0.75,24.9,22.4,0.28,0.44,0.0,0.0,1.5,1.5,28400.0,G08_60_H22
2024-03-08 00:00:00,12.0,0.0,32.0,104.0,175.0,7.55,3775.0,35.0,40.0,0.86,0.62,26.5,22.4,0.28,0.44,0.0,0.0,1.5,1.5,28400.0,G08_60_H22
2024-03-09 00:00:00,12.0,2.0,33.0,127.0,154.0,7.45,3725.0,42.0,80.0,0.87,0.65,25.4,22.1,0.28,0.39,0.0,0.0,1.5,1.5,28400.0,G08_60_H22
2024-03-10 00:00:00,16.0,5.0,34.0,225.0,0.0,6.94,3470.0,39.0,80.0,0.87,0.62,27.2,22.1,0.31,0.39,0.0,0.0,1.5,1.5,28400.0,G08_60_H22
2024-03-11 00:00:00,21.0,7.0,35.0,360.0,0.0,6.34,3170.0,39.0,40.0,0.87,0.62,27.1,22.1,0.31,0.8,0.0,0.0,1.5,3.0,28400.0,G08_60_H22
2024-03-12 00:00:00,16.0,4.0,36.0,286.0,0.0,7.21,3605.0,7.0,80.0,0.82,0.64,28.0,22.0,0.32,0.75,0.0,0.0,1.5,3.0,28400.0,G08_60_H22
2024-03-13 00:00:00,16.0,7.0,37.0,310.0,0.0,8.27,4135.0,41.0,40.0,0.82,0.65,26.4,20.5,0.35,0.75,0.0,0.0,1.5,3.0,28400.0,G08_60_H22
2024-03-14 00:00:00,16.0,5.0,38.0,0.0,0.0,0.0,0.0,0.0,0.0,0.0,0.0,0.0,0.0,0.0,0.0,0.0,0.0,0.0,0.0,28400.0,G08_60_H22
2024-02-06 00:00:00,0.0,-2.0,0.0,,,,0.0,,,,,,,,,,,,,28500.0,G08_60_H23
2024-02-07 00:00:00,4.0,-4.0,1.0,13.0,0.0,0.25,125.0,315.0,40.0,0.67,0.51,34.8,33.2,1.2,1.2,0.0,0.0,1.0,1.0,28500.0,G08_60_H23
2024-02-08 00:00:00,7.0,-4.0,2.0,11.0,2.0,0.47,185.0,335.6,40.0,0.65,0.56,34.1,32.7,0.6,0.6,0.0,0.0,1.0,1.0,28500.0,G08_60_H23
2024-02-09 00:00:00,10.0,-1.0,3.0,15.0,5.0,0.69,345.0,341.0,80.0,0.64,0.54,33.5,31.8,0.6,0.6,0.0,0.0,1.0,1.0,28500.0,G08_60_H23
2024-02-10 00:00:00,15.0,0.0,4.0,15.0,4.0,0.98,490.0,268.9,40.0,0.63,0.51,33.0,31.1,0.6,0.6,1.0,1.0,1.0,1.0,28500.0,G08_60_H23
2024-02-11 00:00:00,15.0,1.0,5.0,3.0,15.0,1.29,645.0,245.8,40.0,0.64,0.54,32.3,30.3,0.6,0.6,1.0,1.0,1.0,1.0,28500.0,G08_60_H23
2024-02-12 00:00:00,18.0,4.0,6.0,16.0,4.0,1.53,765.0,230.0,40.0,0.72,0.6,31.6,29.1,0.6,0.6,1.0,1.0,1.0,1.0,28500.0,G08_60_H23
2024-02-13 00:00:00,20.0,6.0,7.0,15.0,5.0,1.83,915.0,221.0,80.0,0.78,0.61,31.0,28.5,0.6,0.6,1.0,1.0,1.0,1.0,28500.0,G08_60_H23
2024-02-14 00:00:00,22.0,4.0,8.0,20.0,118.0,2.07,1035.0,199.4,40.0,0.78,0.62,30.8,28.4,0.6,0.81,1.0,1.0,1.0,1.0,28500.0,G08_60_H23
2024-02-15 00:00:00,7.0,-2.0,9.0,16.0,0.0,1.91,955.0,164.0,40.0,0.77,0.67,30.2,28.0,0.6,0.81,1.0,1.0,1.0,1.0,28500.0,G08_60_H23
2024-02-16 00:00:00,10.0,1.0,10.0,10.0,9.0,2.38,1190.0,352.0,80.0,0.77,0.64,30.0,27.9,0.6,0.77,1.0,1.0,1.0,1.0,28500.0,G08_60_H23
2024-02-17 00:00:00,17.0,3.0,11.0,10.0,3.0,3.02,1510.0,273.0,40.0,0.85,0.62,29.8,27.6,0.6,0.6,1.0,1.0,1.0,1.0,28500.0,G08_60_H23
2024-02-18 00:00:00,23.0,12.0,12.0,12.0,5.0,3.33,1665.0,141.0,40.0,0.85,0.67,29.8,28.4,0.6,0.6,0.0,0.0,1.5,1.5,28500.0,G08_60_H23
2024-02-19 00:00:00,13.0,3.0,13.0,3.0,5.0,3.55,1775.0,37.0,40.0,0.95,0.77,29.5,27.3,0.6,0.6,0.0,0.0,1.5,1.5,28500.0,G08_60_H23
2024-02-20 00:00:00,3.0,0.0,14.0,5.0,6.0,3.72,1860.0,275.0,40.0,0.94,0.78,28.7,26.6,0.6,0.6,0.0,0.0,1.5,1.5,28500.0,G08_60_H23
2024-02-21 00:00:00,0.0,-1.0,15.0,12.0,27.0,4.05,2025.0,320.0,40.0,0.95,0.72,28.7,26.8,0.57,0.57,0.0,0.0,1.5,1.5,28500.0,G08_60_H23
2024-02-22 00:00:00,0.0,-3.0,16.0,8.0,10.0,4.44,2220.0,317.0,80.0,0.94,0.74,27.9,25.8,0.54,0.54,0.0,0.0,1.5,1.5,28500.0,G08_60_H23
2024-02-23 00:00:00,1.0,-2.0,17.0,12.0,20.0,4.79,2395.0,308.0,40.0,0.82,0.71,27.8,25.7,0.51,0.51,0.0,0.0,1.5,1.5,28500.0,G08_60_H23
2024-02-24 00:00:00,1.0,-3.0,18.0,15.0,17.0,5.17,2585.0,272.0,80.0,0.85,0.75,27.6,25.5,0.49,0.49,0.0,0.0,1.5,1.5,28500.0,G08_60_H23
2024-02-25 00:00:00,5.0,-1.0,19.0,8.0,16.0,5.63,2815.0,269.0,40.0,0.84,0.78,27.2,25.1,0.47,0.47,0.0,0.0,1.5,1.5,28500.0,G08_60_H23
2024-02-26 00:00:00,7.0,-2.0,20.0,12.0,28.0,5.87,2935.0,193.0,80.0,0.86,0.75,27.1,25.1,0.45,0.45,0.0,0.0,1.5,1.5,28500.0,G08_60_H23
2024-02-27 00:00:00,7.0,0.0,21.0,10.0,22.0,6.12,3060.0,139.0,40.0,0.87,0.75,26.6,24.9,0.43,0.43,0.0,0.0,1.5,1.5,28500.0,G08_60_H23
2024-02-28 00:00:00,5.0,0.0,22.0,8.0,25.0,6.43,3215.0,179.0,40.0,0.87,0.75,26.2,24.2,0.41,0.41,0.0,0.0,1.5,1.5,28500.0,G08_60_H23
2024-02-29 00:00:00,5.0,-2.0,23.0,6.0,17.0,6.81,3405.0,236.0,80.0,0.94,0.83,26.1,24.3,0.34,0.34,0.0,0.0,1.5,1.5,28500.0,G08_60_H23
2024-03-01 00:00:00,6.0,-1.0,24.0,10.0,21.0,7.08,3540.0,192.0,80.0,0.87,0.72,25.8,24.0,0.33,0.38,0.0,0.0,1.5,1.5,28500.0,G08_60_H23
2024-03-02 00:00:00,11.0,0.0,25.0,8.0,21.0,7.16,3580.0,192.0,40.0,0.85,0.74,26.4,23.7,0.35,0.47,0.0,0.0,1.5,1.5,28500.0,G08_60_H23
2024-03-03 00:00:00,14.0,3.0,26.0,10.0,32.0,7.17,3585.0,88.0,40.0,0.86,0.71,26.5,23.5,0.32,0.47,0.0,0.0,1.5,1.5,28500.0,G08_60_H23
2024-03-04 00:00:00,10.0,4.0,27.0,10.0,20.0,7.16,3580.0,22.0,80.0,0.86,0.73,25.9,23.9,0.31,0.45,0.0,0.0,1.5,1.5,28500.0,G08_60_H23
2024-03-05 00:00:00,9.0,5.0,28.0,8.0,16.0,7.37,3685.0,20.0,40.0,0.95,0.82,26.2,24.1,0.31,0.45,0.0,0.0,1.5,1.5,28500.0,G08_60_H23
2024-03-06 00:00:00,10.0,0.0,29.0,10.0,23.0,7.34,3670.0,29.0,40.0,0.82,0.72,25.5,23.6,0.29,0.43,0.0,0.0,1.5,1.5,28500.0,G08_60_H23
2024-03-07 00:00:00,14.0,1.0,30.0,7.0,26.0,7.63,3815.0,60.0,40.0,0.86,0.74,25.7,23.0,0.29,0.46,0.0,0.0,1.5,1.5,28500.0,G08_60_H23
2024-03-08 00:00:00,12.0,0.0,31.0,9.0,30.0,8.23,4115.0,35.0,80.0,0.84,0.65,27.3,23.0,0.29,0.46,0.0,0.0,1.5,1.5,28500.0,G08_60_H23
2024-03-09 00:00:00,12.0,2.0,32.0,10.0,31.0,8.67,4335.0,42.0,40.0,0.84,0.61,26.7,22.9,0.29,0.41,0.0,0.0,1.5,1.5,28500.0,G08_60_H23
2024-03-10 00:00:00,16.0,5.0,33.0,18.0,21.0,8.74,4370.0,39.0,80.0,0.81,0.67,27.6,22.5,0.32,0.41,0.0,0.0,1.5,1.5,28500.0,G08_60_H23
2024-03-11 00:00:00,21.0,7.0,34.0,30.0,16.0,8.78,4390.0,39.0,40.0,0.81,0.67,27.5,22.5,0.32,0.85,0.0,0.0,1.5,3.0,28500.0,G08_60_H23
2024-03-12 00:00:00,16.0,4.0,35.0,90.0,10.0,9.23,4615.0,7.0,80.0,0.84,0.65,26.5,22.7,0.32,0.75,0.0,0.0,1.5,3.0,28500.0,G08_60_H23
2024-03-13 00:00:00,16.0,7.0,36.0,63.0,7.0,8.25,4125.0,41.0,80.0,0.83,0.64,25.8,20.9,0.35,0.75,0.0,0.0,1.5,3.0,28500.0,G08_60_H23
2024-03-14 00:00:00,16.0,5.0,37.0,145.0,0.0,8.91,4455.0,92.0,80.0,0.84,0.62,23.1,21.4,0.35,0.75,0.0,0.0,1.5,3.0,28500.0,G08_60_H23
2024-02-06 00:00:00,0.0,-2.0,0.0,,,,0.0,,,,,,,,,,,,,29500.0,G08_60_H24
2024-02-07 00:00:00,4.0,-4.0,1.0,8.0,0.0,0.22,110.0,315.0,40.0,0.64,0.57,36.0,33.9,1.2,1.2,0.0,0.0,1.0,1.0,29500.0,G08_60_H24
2024-02-08 00:00:00,7.0,-4.0,2.0,10.0,8.0,0.45,175.0,335.6,40.0,0.61,0.58,35.4,33.5,0.6,0.6,0.0,0.0,1.0,1.0,29500.0,G08_60_H24
2024-02-09 00:00:00,10.0,-1.0,3.0,20.0,15.0,0.64,320.0,341.0,80.0,0.68,0.51,34.6,32.6,0.6,0.6,0.0,0.0,1.0,1.0,29500.0,G08_60_H24
2024-02-10 00:00:00,15.0,0.0,4.0,30.0,5.0,0.87,435.0,268.9,40.0,0.65,0.52,33.9,31.6,0.6,0.6,1.0,1.0,1.0,1.0,29500.0,G08_60_H24
2024-02-11 00:00:00,15.0,1.0,5.0,25.0,9.0,1.03,515.0,245.8,40.0,0.62,0.53,33.3,30.9,0.6,0.6,1.0,1.0,1.0,1.0,29500.0,G08_60_H24
2024-02-12 00:00:00,18.0,4.0,6.0,12.0,5.0,1.18,590.0,230.0,80.0,0.71,0.61,32.8,30.1,0.6,0.6,1.0,1.0,1.0,1.0,29500.0,G08_60_H24
2024-02-13 00:00:00,20.0,6.0,7.0,7.0,7.0,1.53,765.0,221.0,40.0,0.77,0.65,32.0,29.6,0.6,0.6,1.0,1.0,1.0,1.0,29500.0,G08_60_H24
2024-02-14 00:00:00,22.0,4.0,8.0,15.0,215.0,1.77,885.0,199.4,40.0,0.75,0.64,31.8,29.6,0.6,0.81,1.0,1.0,1.0,1.0,29500.0,G08_60_H24
2024-02-15 00:00:00,7.0,-2.0,9.0,35.0,5.0,1.72,860.0,164.0,80.0,0.78,0.64,30.8,28.6,0.6,0.81,1.0,1.0,1.0,1.0,29500.0,G08_60_H24
2024-02-16 00:00:00,10.0,1.0,10.0,8.0,7.0,2.16,1080.0,352.0,40.0,0.75,0.62,30.7,28.0,0.6,0.77,1.0,1.0,1.0,1.0,29500.0,G08_60_H24
2024-02-17 00:00:00,17.0,3.0,11.0,11.0,10.0,2.72,1360.0,273.0,80.0,0.85,0.64,30.5,27.6,0.6,0.6,1.0,1.0,1.0,1.0,29500.0,G08_60_H24
2024-02-18 00:00:00,23.0,12.0,12.0,13.0,5.0,3.08,1540.0,141.0,40.0,0.84,0.62,30.3,28.7,0.6,0.6,0.0,0.0,1.5,1.5,29500.0,G08_60_H24
2024-02-19 00:00:00,13.0,3.0,13.0,12.0,8.0,3.26,1630.0,37.0,40.0,0.92,0.71,30.0,27.8,0.6,0.6,0.0,0.0,1.5,1.5,29500.0,G08_60_H24
2024-02-20 00:00:00,3.0,0.0,14.0,14.0,30.0,3.4,1700.0,275.0,40.0,0.97,0.75,29.1,27.1,0.6,0.6,0.0,0.0,1.5,1.5,29500.0,G08_60_H24
2024-02-21 00:00:00,0.0,-1.0,15.0,7.0,16.0,3.77,1885.0,320.0,80.0,0.93,0.74,28.7,27.1,0.57,0.57,0.0,0.0,1.5,1.5,29500.0,G08_60_H24
2024-02-22 00:00:00,0.0,-3.0,16.0,16.0,30.0,4.13,2065.0,318.0,40.0,0.95,0.72,28.4,26.3,0.54,0.54,0.0,0.0,1.5,1.5,29500.0,G08_60_H24
2024-02-23 00:00:00,1.0,-2.0,17.0,26.0,80.0,4.53,2265.0,308.0,80.0,0.85,0.74,28.5,26.0,0.51,0.51,0.0,0.0,1.5,1.5,29500.0,G08_60_H24
2024-02-24 00:00:00,1.0,-3.0,18.0,25.0,83.0,4.89,2445.0,272.0,80.0,0.87,0.72,27.8,26.0,0.49,0.49,0.0,0.0,1.5,1.5,29500.0,G08_60_H24
2024-02-25 00:00:00,5.0,-1.0,19.0,18.0,90.0,5.34,2670.0,269.0,40.0,0.81,0.72,27.6,25.6,0.47,0.47,0.0,0.0,1.5,1.5,29500.0,G08_60_H24
2024-02-26 00:00:00,7.0,-2.0,20.0,15.0,95.0,5.55,2775.0,193.0,80.0,0.87,0.73,27.3,25.6,0.45,0.45,0.0,0.0,1.5,1.5,29500.0,G08_60_H24
2024-02-27 00:00:00,7.0,0.0,21.0,12.0,40.0,6.08,3040.0,139.0,40.0,0.86,0.74,27.1,25.3,0.43,0.43,0.0,0.0,1.5,1.5,29500.0,G08_60_H24
2024-02-28 00:00:00,5.0,0.0,22.0,18.0,80.0,6.45,3225.0,178.0,80.0,0.86,0.74,26.6,24.6,0.41,0.41,0.0,0.0,1.5,1.5,29500.0,G08_60_H24
2024-02-29 00:00:00,5.0,-2.0,23.0,10.0,55.0,6.84,3420.0,236.0,80.0,0.95,0.81,26.9,24.6,0.34,0.34,0.0,0.0,1.5,1.5,29500.0,G08_60_H24
2024-03-01 00:00:00,6.0,-1.0,24.0,12.0,30.0,6.93,3465.0,192.0,40.0,0.85,0.74,26.7,24.3,0.33,0.38,0.0,0.0,1.5,1.5,29500.0,G08_60_H24
2024-03-02 00:00:00,11.0,0.0,25.0,13.0,23.0,6.95,3475.0,192.0,80.0,0.82,0.76,26.4,23.9,0.35,0.47,0.0,0.0,1.5,1.5,29500.0,G08_60_H24
2024-03-03 00:00:00,14.0,3.0,26.0,17.0,30.0,6.96,3480.0,88.0,40.0,0.82,0.72,27.0,24.1,0.32,0.47,0.0,0.0,1.5,1.5,29500.0,G08_60_H24
2024-03-04 00:00:00,10.0,4.0,27.0,18.0,70.0,7.13,3565.0,22.0,80.0,0.84,0.75,26.2,24.4,0.31,0.45,0.0,0.0,1.5,1.5,29500.0,G08_60_H24
2024-03-05 00:00:00,9.0,5.0,28.0,20.0,64.0,6.72,3360.0,21.0,40.0,0.91,0.84,26.4,24.5,0.31,0.45,0.0,0.0,1.5,1.5,29500.0,G08_60_H24
2024-03-06 00:00:00,10.0,0.0,29.0,15.0,128.0,6.61,3305.0,29.0,40.0,0.84,0.71,25.7,23.6,0.29,0.43,0.0,0.0,1.5,1.5,29500.0,G08_60_H24
2024-03-07 00:00:00,14.0,1.0,30.0,37.0,160.0,6.81,3405.0,60.0,80.0,0.82,0.72,25.1,22.8,0.29,0.46,0.0,0.0,1.5,1.5,29500.0,G08_60_H24
2024-03-08 00:00:00,12.0,0.0,31.0,40.0,172.0,6.86,3430.0,35.0,80.0,0.84,0.62,25.7,22.7,0.29,0.46,0.0,0.0,1.5,1.5,29500.0,G08_60_H24
2024-03-09 00:00:00,12.0,2.0,32.0,50.0,110.0,7.68,3840.0,42.0,40.0,0.86,0.62,25.4,22.7,0.29,0.41,0.0,0.0,1.5,1.5,29500.0,G08_60_H24
2024-03-10 00:00:00,16.0,5.0,33.0,60.0,164.0,7.79,3895.0,39.0,80.0,0.84,0.65,26.5,22.5,0.32,0.41,0.0,0.0,1.5,1.5,29500.0,G08_60_H24
2024-03-11 00:00:00,21.0,7.0,34.0,104.0,50.0,7.66,3830.0,39.0,40.0,0.84,0.65,27.3,21.9,0.32,0.85,0.0,0.0,1.5,3.0,29500.0,G08_60_H24
2024-03-12 00:00:00,16.0,4.0,35.0,130.0,20.0,8.59,4295.0,7.0,80.0,0.82,0.62,25.5,22.4,0.32,0.75,0.0,0.0,1.5,3.0,29500.0,G08_60_H24
2024-03-13 00:00:00,16.0,7.0,36.0,121.0,0.0,7.82,3910.0,41.0,120.0,0.82,0.61,25.3,20.7,0.35,0.75,0.0,0.0,1.5,3.0,29500.0,G08_60_H24
2024-03-14 00:00:00,16.0,5.0,37.0,0.0,0.0,0.0,0.0,0.0,0.0,0.0,0.0,0.0,0.0,0.0,0.0,0.0,0.0,0.0,0.0,29500.0,G08_60_H24
2024-01-30 00:00:00,10.0,4.0,1.0,14.0,0.0,0.4,200.0,1538.0,620.0,0.62,0.55,35.8,33.4,0.6,0.6,0.0,0.0,0.7,0.7,16500.0,G09_60_H2
2024-01-31 00:00:00,11.0,5.0,2.0,12.0,2.0,0.55,275.0,483.0,323.0,0.69,0.62,34.7,32.4,0.57,0.57,0.0,0.0,0.7,0.7,16500.0,G09_60_H2
2024-02-01 00:00:00,2.0,-1.0,3.0,15.0,4.0,0.7,350.0,347.0,104.0,0.68,0.6,34.0,32.1,0.55,0.55,0.0,0.0,0.7,0.7,16500.0,G09_60_H2
2024-02-02 00:00:00,1.0,-2.0,4.0,16.0,10.0,0.76,380.0,243.0,113.0,0.68,0.6,34.0,32.1,0.54,0.54,0.0,0.0,0.7,0.7,16500.0,G09_60_H2
2024-02-03 00:00:00,0.0,-1.0,5.0,14.0,10.0,0.89,445.0,238.0,95.0,0.69,0.64,32.4,30.5,0.54,0.54,0.0,0.0,0.7,0.7,16500.0,G09_60_H2
2024-02-04 00:00:00,0.0,-3.0,6.0,8.0,4.0,0.91,455.0,214.0,109.0,0.73,0.64,32.4,30.4,0.52,0.54,0.0,0.0,1.0,1.0,16500.0,G09_60_H2
2024-02-05 00:00:00,-1.0,-7.0,7.0,7.0,10.0,0.95,475.0,230.0,104.0,0.76,0.67,31.1,29.7,0.5,0.5,0.0,0.0,1.0,1.0,16500.0,G09_60_H2
2024-02-06 00:00:00,0.0,-3.0,8.0,23.0,90.0,1.0,500.0,208.0,100.0,0.76,0.66,31.1,29.3,0.48,0.5,0.0,0.0,1.0,1.0,16500.0,G09_60_H2
2024-02-07 00:00:00,4.0,-4.0,9.0,15.0,4.0,1.03,515.0,212.8,111.0,0.8,0.71,30.4,28.8,0.47,0.5,0.0,0.0,1.0,1.0,16500.0,G09_60_H2
2024-02-08 00:00:00,7.0,-4.0,10.0,7.0,10.0,1.2,600.0,174.0,109.0,0.8,0.69,30.4,28.6,0.48,0.52,0.0,0.0,1.0,1.0,16500.0,G09_60_H2
2024-02-09 00:00:00,10.0,-1.0,11.0,6.0,17.0,1.38,690.0,159.0,131.0,0.83,0.69,29.5,28.0,0.47,0.53,0.0,0.0,1.0,1.0,16500.0,G09_60_H2
2024-02-10 00:00:00,15.0,0.0,12.0,5.0,7.0,1.81,905.0,117.0,40.0,0.83,0.69,29.5,27.6,0.46,0.55,0.0,0.0,1.0,1.0,16500.0,G09_60_H2
2024-02-11 00:00:00,15.0,1.0,13.0,8.0,22.0,2.02,1010.0,70.0,63.0,0.89,0.74,28.8,27.1,0.43,0.53,0.0,0.0,1.0,1.0,16500.0,G09_60_H2
2024-02-12 00:00:00,18.0,4.0,14.0,5.0,10.0,2.2,1100.0,68.0,50.0,0.88,0.7,28.9,26.5,0.44,0.54,0.0,0.0,1.0,1.0,16500.0,G09_60_H2
2024-02-13 00:00:00,20.0,6.0,15.0,7.0,35.0,2.47,1235.0,38.0,50.0,0.89,0.73,28.5,26.3,0.42,0.54,0.0,0.0,1.0,1.0,16500.0,G09_60_H2
2024-02-14 00:00:00,22.0,4.0,16.0,4.0,30.0,2.59,1295.0,25.0,36.0,0.91,0.64,30.3,26.1,0.42,0.8,0.0,0.0,1.0,1.0,16500.0,G09_60_H2
2024-02-15 00:00:00,7.0,-2.0,17.0,8.0,30.0,2.82,1410.0,28.0,63.0,0.89,0.8,27.5,25.8,0.42,0.47,0.0,0.0,1.0,1.0,16500.0,G09_60_H2
2024-02-16 00:00:00,10.0,1.0,18.0,5.0,25.0,2.93,1465.0,93.0,68.0,0.87,0.73,27.3,25.3,0.42,0.5,0.0,0.0,1.0,1.0,16500.0,G09_60_H2
2024-02-17 00:00:00,17.0,3.0,19.0,7.0,14.0,3.21,1605.0,53.0,77.0,0.89,0.73,27.5,24.9,0.49,0.69,0.0,0.0,1.2,1.2,16500.0,G09_60_H2
2024-02-18 00:00:00,23.0,12.0,20.0,5.0,10.0,3.5,1750.0,8.0,63.0,0.92,0.75,29.0,25.6,0.5,1.1,0.0,0.0,1.2,1.2,16500.0,G09_60_H2
2024-02-19 00:00:00,13.0,3.0,21.0,2.0,8.0,3.63,1815.0,3.0,81.0,0.93,0.8,27.8,24.5,0.5,0.6,0.0,0.0,1.2,1.2,16500.0,G09_60_H2
2024-02-20 00:00:00,3.0,0.0,22.0,2.0,13.0,3.87,1935.0,100.0,77.0,0.9,0.73,26.4,23.9,0.45,0.5,0.0,0.0,1.2,1.2,16500.0,G09_60_H2
2024-02-21 00:00:00,0.0,-1.0,23.0,1.0,4.0,4.06,2030.0,137.5,113.0,0.9,0.73,26.4,23.9,0.45,0.5,0.0,0.0,1.2,1.2,16500.0,G09_60_H2
2024-02-22 00:00:00,0.0,-3.0,24.0,1.0,15.0,4.15,2075.0,199.0,118.0,0.91,0.72,25.6,23.6,0.43,0.46,0.0,0.0,1.2,1.2,16500.0,G09_60_H2
2024-02-23 00:00:00,1.0,-2.0,25.0,2.0,11.0,4.37,2185.0,187.0,109.0,0.91,0.74,25.6,23.8,0.43,0.45,0.0,0.0,1.2,1.2,16500.0,G09_60_H2
2024-02-24 00:00:00,1.0,-3.0,26.0,1.0,5.0,4.59,2295.0,156.0,118.0,0.91,0.73,25.4,23.6,0.4,0.43,0.0,0.0,1.2,1.2,16500.0,G09_60_H2
2024-02-25 00:00:00,5.0,-1.0,27.0,2.0,7.0,4.54,2270.0,150.0,104.0,0.91,0.73,25.4,23.4,0.4,0.45,0.0,0.0,1.2,1.2,16500.0,G09_60_H2
2024-02-26 00:00:00,7.0,-2.0,28.0,2.0,3.0,4.96,2480.0,95.0,100.0,0.92,0.75,25.1,23.2,0.38,0.45,0.0,0.0,1.2,1.2,16500.0,G09_60_H2
2024-02-27 00:00:00,8.0,0.0,29.0,4.0,7.0,4.81,2405.0,48.0,95.0,0.92,0.74,24.8,22.8,0.37,0.5,0.0,0.0,1.3,1.3,16500.0,G09_60_H2
2024-02-28 00:00:00,5.0,2.0,30.0,1.0,4.0,5.15,2575.0,40.0,90.0,0.94,0.79,24.6,22.5,0.36,0.41,0.0,0.0,1.3,1.3,16500.0,G09_60_H2
2024-02-29 00:00:00,4.0,-2.0,31.0,5.0,9.0,5.48,2740.0,37.0,86.0,0.96,0.87,24.8,22.1,0.34,0.4,0.0,0.0,1.3,1.3,16500.0,G09_60_H2
2024-03-01 00:00:00,6.0,-1.0,32.0,7.0,3.0,5.68,2840.0,90.0,114.0,0.94,0.78,23.9,21.9,0.34,0.4,0.0,0.0,1.3,1.3,16500.0,G09_60_H2
2024-03-02 00:00:00,11.0,0.0,33.0,10.0,3.0,5.62,2810.0,73.0,100.0,0.94,0.74,24.6,21.6,0.34,0.49,0.0,0.0,1.3,1.3,16500.0,G09_60_H2
2024-03-03 00:00:00,14.0,3.0,34.0,15.0,6.0,6.19,3095.0,17.0,90.0,0.95,0.7,25.4,21.6,0.32,0.88,0.0,0.0,1.3,1.3,16500.0,G09_60_H2
2024-03-04 00:00:00,10.0,7.0,35.0,62.0,0.0,6.03,3015.0,4.0,100.0,0.93,0.83,24.1,21.5,0.32,0.42,0.0,0.0,1.5,1.5,16500.0,G09_60_H2
2024-03-05 00:00:00,9.0,5.0,36.0,31.0,0.0,5.39,2695.0,2.0,90.0,0.96,0.9,24.1,20.7,0.32,0.42,0.0,0.0,1.5,1.5,16500.0,G09_60_H2
2024-03-06 00:00:00,10.0,0.0,37.0,27.0,0.0,5.61,2805.0,9.0,90.0,0.94,0.77,22.6,20.4,0.3,0.37,0.0,0.0,1.5,1.5,16500.0,G09_60_H2
2024-03-07 00:00:00,14.0,1.0,38.0,0.0,0.0,0.0,0.0,0.0,0.0,0.0,0.0,0.0,0.0,0.0,0.0,0.0,0.0,0.0,0.0,16500.0,G09_60_H2
2024-03-08 00:00:00,12.0,0.0,39.0,0.0,0.0,0.0,0.0,0.0,0.0,0.0,0.0,0.0,0.0,0.0,0.0,0.0,0.0,0.0,0.0,16500.0,G09_60_H2
2024-01-30 00:00:00,10.0,4.0,1.0,11.0,0.0,0.55,275.0,1538.0,620.0,0.69,0.6,35.9,33.6,0.6,0.6,0.0,0.0,1.0,1.0,21600.0,G09_60_H3
2024-01-31 00:00:00,11.0,5.0,2.0,15.0,4.0,0.7,350.0,483.0,323.0,0.77,0.69,.35.2,32.7,0.57,0.57,0.0,0.0,1.0,1.0,21600.0,G09_60_H3
2024-02-01 00:00:00,2.0,-1.0,3.0,20.0,9.0,0.9,450.0,347.0,104.0,0.76,0.65,34.3,32.2,0.55,0.55,0.0,0.0,1.0,1.0,21600.0,G09_60_H3
2024-02-02 00:00:00,1.0,-2.0,4.0,12.0,20.0,0.99,495.0,243.0,113.0,0.76,0.65,34.3,32.2,0.54,0.54,0.0,0.0,1.0,1.0,21600.0,G09_60_H3
2024-02-03 00:00:00,0.0,-1.0,5.0,11.0,20.0,1.17,585.0,238.0,95.0,0.78,0.69,32.7,30.9,0.54,0.54,0.0,0.0,1.0,1.0,21600.0,G09_60_H3
2024-02-04 00:00:00,0.0,-3.0,6.0,7.0,6.0,1.21,605.0,214.0,109.0,0.81,0.69,32.7,30.4,0.52,0.54,0.0,0.0,1.3,1.3,21600.0,G09_60_H3
2024-02-05 00:00:00,-1.0,-7.0,7.0,10.0,21.0,1.29,645.0,230.0,104.0,0.82,0.71,31.3,29.4,0.5,0.5,0.0,0.0,1.3,1.3,21600.0,G09_60_H3
2024-02-06 00:00:00,0.0,-3.0,8.0,30.0,155.0,1.34,670.0,208.0,100.0,0.82,0.71,31.3,29.2,0.48,0.5,0.0,0.0,1.3,1.3,21600.0,G09_60_H3
2024-02-07 00:00:00,4.0,-4.0,9.0,17.0,4.0,1.5,750.0,211.8,109.0,0.87,0.75,30.7,28.8,0.47,0.5,0.0,0.0,1.3,1.3,21600.0,G09_60_H3
2024-02-08 00:00:00,7.0,-4.0,10.0,8.0,10.0,1.68,840.0,174.0,109.0,0.87,0.74,30.7,28.8,0.48,0.52,0.0,0.0,1.3,1.3,21600.0,G09_60_H3
2024-02-09 00:00:00,10.0,-1.0,11.0,10.0,14.0,2.07,1035.0,159.0,131.0,0.89,0.75,29.7,28.1,0.47,0.53,0.0,0.0,1.3,1.3,21600.0,G09_60_H3
2024-02-10 00:00:00,15.0,0.0,12.0,5.0,10.0,2.58,1290.0,117.0,40.0,0.9,0.75,29.7,27.7,0.46,0.55,0.0,0.0,1.3,1.3,21600.0,G09_60_H3
2024-02-11 00:00:00,15.0,1.0,13.0,7.0,30.0,2.9,1450.0,70.0,63.0,0.96,0.83,29.1,27.3,0.43,0.53,0.0,0.0,1.3,1.3,21600.0,G09_60_H3
2024-02-12 00:00:00,18.0,4.0,14.0,5.0,38.0,3.11,1555.0,68.0,50.0,0.96,0.79,28.8,26.9,0.44,0.54,0.0,0.0,1.3,1.3,21600.0,G09_60_H3
2024-02-13 00:00:00,20.0,6.0,15.0,6.0,45.0,3.42,1710.0,38.0,50.0,0.96,0.83,28.6,26.6,0.42,0.54,0.0,0.0,1.4,1.4,21600.0,G09_60_H3
2024-02-14 00:00:00,22.0,4.0,16.0,5.0,50.0,3.5,1750.0,25.0,36.0,0.96,0.75,29.9,26.4,0.42,0.8,0.0,0.0,1.4,1.4,21600.0,G09_60_H3
2024-02-15 00:00:00,7.0,-2.0,17.0,8.0,23.0,3.88,1940.0,28.0,63.0,0.96,0.82,28.2,26.2,0.42,0.47,0.0,0.0,1.4,1.4,21600.0,G09_60_H3
2024-02-16 00:00:00,10.0,1.0,18.0,10.0,28.0,4.05,2025.0,93.0,68.0,0.96,0.82,27.5,25.9,0.42,0.5,0.0,0.0,1.4,1.4,21600.0,G09_60_H3
2024-02-17 00:00:00,17.0,3.0,19.0,5.0,15.0,4.26,2130.0,53.0,77.0,0.95,0.82,27.6,25.4,0.49,0.69,0.0,0.0,1.5,1.5,21600.0,G09_60_H3
2024-02-18 00:00:00,23.0,12.0,20.0,5.0,14.0,4.52,2260.0,8.0,63.0,0.93,0.85,29.0,25.7,0.5,1.1,0.0,0.0,1.5,1.5,21600.0,G09_60_H3
2024-02-19 00:00:00,13.0,3.0,21.0,4.0,16.0,5.07,2535.0,3.0,81.0,0.95,0.87,27.5,24.6,0.5,0.6,0.0,0.0,1.5,1.5,21600.0,G09_60_H3
2024-02-20 00:00:00,3.0,0.0,22.0,3.0,19.0,5.43,2715.0,100.0,77.0,0.96,0.82,26.1,24.1,0.45,0.5,0.0,0.0,1.5,1.5,21600.0,G09_60_H3
2024-02-21 00:00:00,0.0,-1.0,23.0,2.0,9.0,5.6,2800.0,137.5,113.0,0.96,0.82,26.1,24.1,0.45,0.5,0.0,0.0,1.5,1.5,21600.0,G09_60_H3
2024-02-22 00:00:00,0.0,-3.0,24.0,4.0,25.0,5.79,2895.0,199.0,118.0,0.95,0.79,25.7,23.8,0.43,0.46,0.0,0.0,1.5,1.5,21600.0,G09_60_H3
2024-02-23 00:00:00,1.0,-2.0,25.0,5.0,25.0,5.92,2960.0,187.0,109.0,0.94,0.79,25.6,23.7,0.43,0.45,0.0,0.0,1.5,1.5,21600.0,G09_60_H3
2024-02-24 00:00:00,1.0,-3.0,26.0,5.0,20.0,6.04,3020.0,156.0,118.0,0.94,0.78,25.5,23.6,0.4,0.43,0.0,0.0,1.5,1.5,21600.0,G09_60_H3
2024-02-25 00:00:00,5.0,-1.0,27.0,4.0,12.0,6.5,3250.0,150.0,104.0,0.95,0.79,25.5,23.5,0.4,0.45,0.0,0.0,1.5,1.5,21600.0,G09_60_H3
2024-02-26 00:00:00,7.0,-2.0,28.0,4.0,21.0,6.91,3455.0,95.0,100.0,0.95,0.81,25.1,23.4,0.38,0.45,0.0,0.0,1.5,1.5,21600.0,G09_60_H3
2024-02-27 00:00:00,8.0,0.0,29.0,7.0,17.0,7.04,3520.0,48.0,95.0,0.96,0.82,24.8,23.0,0.37,0.5,0.0,0.0,1.5,1.5,21600.0,G09_60_H3
2024-02-28 00:00:00,5.0,2.0,30.0,8.0,16.0,7.18,3590.0,40.0,90.0,0.96,0.75,24.7,22.4,0.36,0.41,0.0,0.0,1.5,1.5,21600.0,G09_60_H3
2024-02-29 00:00:00,4.0,-2.0,31.0,10.0,18.0,6.86,3430.0,37.0,86.0,0.97,0.89,24.5,22.3,0.34,0.4,0.0,0.0,1.5,1.5,21600.0,G09_60_H3
2024-03-01 00:00:00,6.0,-1.0,32.0,15.0,8.0,7.3,3650.0,90.0,114.0,0.97,0.84,23.9,21.8,0.34,0.4,0.0,0.0,1.5,1.5,21600.0,G09_60_H3
2024-03-02 00:00:00,11.0,0.0,33.0,22.0,10.0,7.7,3850.0,73.0,100.0,0.98,0.85,24.7,21.5,0.34,0.49,0.0,0.0,1.5,1.5,21600.0,G09_60_H3
2024-03-03 00:00:00,14.0,3.0,34.0,38.0,7.0,7.84,3920.0,17.0,90.0,0.96,0.81,25.3,21.8,0.32,0.88,0.0,0.0,1.5,1.5,21600.0,G09_60_H3
2024-03-04 00:00:00,10.0,7.0,35.0,40.0,0.0,7.75,3875.0,4.0,100.0,0.97,0.9,24.0,22.0,0.32,0.42,0.0,0.0,1.7,1.7,21600.0,G09_60_H3
2024-03-05 00:00:00,9.0,5.0,36.0,95.0,0.0,7.61,3805.0,2.0,90.0,0.97,0.88,23.7,20.9,0.32,0.42,0.0,0.0,1.7,1.7,21600.0,G09_60_H3
2024-03-06 00:00:00,10.0,0.0,37.0,70.0,0.0,7.26,3630.0,9.0,90.0,0.95,0.87,22.6,20.4,0.3,0.37,0.0,0.0,1.7,1.7,21600.0,G09_60_H3
2024-03-07 00:00:00,14.0,1.0,38.0,0.0,0.0,0.0,0.0,0.0,0.0,0.0,0.0,0.0,0.0,0.0,0.0,0.0,0.0,0.0,0.0,21600.0,G09_60_H3
2024-03-08 00:00:00,12.0,0.0,39.0,0.0,0.0,0.0,0.0,0.0,0.0,0.0,0.0,0.0,0.0,0.0,0.0,0.0,0.0,0.0,0.0,21600.0,G09_60_H3
2024-01-30 00:00:00,10.0,4.0,1.0,18.0,0.0,0.75,375.0,1538.0,620.0,0.7,0.64,35.2,33.8,0.6,0.6,0.0,0.0,1.0,1.0,28500.0,G09_60_H4
2024-01-31 00:00:00,11.0,5.0,2.0,19.0,8.0,0.9,450.0,483.0,323.0,0.8,0.7,34.6,33.0,0.57,0.57,0.0,0.0,1.0,1.0,28500.0,G09_60_H4
2024-02-01 00:00:00,2.0,-1.0,3.0,21.0,31.0,1.2,600.0,347.0,104.0,0.8,0.69,33.9,32.3,0.55,0.55,0.0,0.0,1.0,1.0,28500.0,G09_60_H4
2024-02-02 00:00:00,1.0,-2.0,4.0,23.0,53.0,1.31,655.0,243.0,113.0,0.8,0.69,33.9,32.3,0.54,0.54,0.0,0.0,1.0,1.0,28500.0,G09_60_H4
2024-02-03 00:00:00,0.0,-1.0,5.0,27.0,31.0,1.54,770.0,238.0,95.0,0.83,0.75,32.4,30.7,0.54,0.54,0.0,0.0,1.0,1.0,28500.0,G09_60_H4
2024-02-04 00:00:00,0.0,-3.0,6.0,18.0,9.0,1.59,795.0,214.0,109.0,0.86,0.75,32.7,30.4,0.52,0.64,0.0,0.0,1.3,1.3,28500.0,G09_60_H4
2024-02-05 00:00:00,-1.0,-7.0,7.0,14.0,22.0,1.76,880.0,230.0,104.0,0.86,0.77,31.0,29.7,0.5,0.5,0.0,0.0,1.3,1.3,28500.0,G09_60_H4
2024-02-06 00:00:00,0.0,-3.0,8.0,37.0,150.0,2.03,1015.0,208.0,100.0,0.9,0.77,31.0,29.6,0.48,0.5,0.0,0.0,1.3,1.3,28500.0,G09_60_H4
2024-02-07 00:00:00,4.0,-4.0,9.0,7.0,10.0,2.2,1100.0,211.8,109.0,0.86,0.72,30.4,28.9,0.47,0.5,0.0,0.0,1.3,1.3,28500.0,G09_60_H4
2024-02-08 00:00:00,7.0,-4.0,10.0,15.0,3.0,2.28,1140.0,174.0,109.0,0.95,0.81,30.4,28.7,0.48,0.52,0.0,0.0,1.3,1.3,28500.0,G09_60_H4
2024-02-09 00:00:00,10.0,-1.0,11.0,8.0,6.0,2.66,1330.0,159.0,131.0,0.9,0.8,29.5,28.1,0.47,0.53,0.0,0.0,1.3,1.3,28500.0,G09_60_H4
2024-02-10 00:00:00,15.0,0.0,12.0,5.0,8.0,3.16,1580.0,117.0,41.0,0.97,0.83,29.5,27.7,0.46,0.55,0.0,0.0,1.3,1.3,28500.0,G09_60_H4
2024-02-11 00:00:00,15.0,1.0,13.0,7.0,16.0,3.47,1735.0,70.0,64.0,0.95,0.86,28.8,27.3,0.43,0.53,0.0,0.0,1.3,1.3,28500.0,G09_60_H4
2024-02-12 00:00:00,18.0,4.0,14.0,6.0,10.0,3.79,1895.0,68.0,50.0,0.93,0.86,29.2,26.9,0.44,0.54,0.0,0.0,1.3,1.3,28500.0,G09_60_H4
2024-02-13 00:00:00,20.0,6.0,15.0,8.0,17.0,4.29,2145.0,38.0,50.0,0.93,0.88,29.0,26.8,0.42,0.54,0.0,0.0,1.4,1.4,28500.0,G09_60_H4
2024-02-14 00:00:00,22.0,4.0,16.0,7.0,20.0,4.37,2185.0,25.0,36.0,0.94,0.76,30.2,26.4,0.42,1.0,0.0,0.0,1.4,1.4,28500.0,G09_60_H4
2024-02-15 00:00:00,7.0,-2.0,17.0,10.0,29.0,4.9,2450.0,28.0,64.0,0.93,0.85,27.8,26.1,0.42,0.47,0.0,0.0,1.4,1.4,28500.0,G09_60_H4
2024-02-16 00:00:00,10.0,1.0,18.0,12.0,28.0,5.09,2545.0,93.0,68.0,0.93,0.8,27.5,25.7,0.42,0.5,0.0,0.0,1.4,1.4,28500.0,G09_60_H4
2024-02-17 00:00:00,17.0,3.0,19.0,10.0,30.0,5.17,2585.0,53.0,77.0,0.96,0.86,28.3,25.5,0.49,0.69,0.0,0.0,1.5,1.5,28500.0,G09_60_H4
2024-02-18 00:00:00,23.0,12.0,20.0,7.0,20.0,5.75,2875.0,8.0,63.0,0.92,0.87,29.7,25.9,0.5,1.1,0.0,0.0,1.5,1.5,28500.0,G09_60_H4
2024-02-19 00:00:00,13.0,3.0,21.0,7.0,17.0,6.58,3290.0,3.0,81.0,0.96,0.82,27.8,24.8,0.5,0.6,0.0,0.0,1.5,1.5,28500.0,G09_60_H4
2024-02-20 00:00:00,3.0,0.0,22.0,7.0,14.0,6.52,3260.0,100.0,77.0,0.95,0.86,25.9,24.3,0.45,0.5,0.0,0.0,1.5,1.5,28500.0,G09_60_H4
2024-02-21 00:00:00,0.0,-1.0,23.0,5.0,11.0,6.67,3335.0,137.5,113.0,0.95,0.86,25.9,24.3,0.45,0.5,0.0,0.0,1.5,1.5,28500.0,G09_60_H4
2024-02-22 00:00:00,0.0,-3.0,24.0,7.0,15.0,7.09,3545.0,199.0,118.0,0.95,0.83,25.6,23.9,0.43,0.46,0.0,0.0,1.5,1.5,28500.0,G09_60_H4
2024-02-23 00:00:00,1.0,-2.0,25.0,8.0,16.0,7.11,3555.0,187.0,109.0,0.96,0.83,25.4,23.9,0.43,0.45,0.0,0.0,1.5,1.5,28500.0,G09_60_H4
2024-02-24 00:00:00,1.0,-3.0,26.0,8.0,16.0,7.41,3705.0,156.0,118.0,0.95,0.78,25.3,23.7,0.4,0.43,0.0,0.0,1.5,1.5,28500.0,G09_60_H4
2024-02-25 00:00:00,5.0,-1.0,27.0,7.0,21.0,7.56,3780.0,150.0,104.0,0.98,0.84,25.2,23.6,0.4,0.45,0.0,0.0,1.5,1.5,28500.0,G09_60_H4
2024-02-26 00:00:00,7.0,-2.0,28.0,6.0,16.0,7.98,3990.0,95.0,100.0,0.93,0.75,25.3,23.4,0.38,0.45,0.0,0.0,1.5,1.5,28500.0,G09_60_H4
2024-02-27 00:00:00,8.0,0.0,29.0,12.0,17.0,8.18,4090.0,48.0,95.0,0.94,0.8,25.4,23.1,0.37,0.5,0.0,0.0,1.7,1.7,28500.0,G09_60_H4
2024-02-28 00:00:00,5.0,2.0,30.0,10.0,7.0,8.21,4105.0,40.0,91.0,0.92,0.78,24.7,22.7,0.36,0.41,0.0,0.0,1.7,1.7,28500.0,G09_60_H4
2024-02-29 00:00:00,4.0,-2.0,31.0,15.0,13.0,8.55,4275.0,37.0,86.0,0.97,0.87,25.0,22.6,0.34,0.4,0.0,0.0,1.7,1.7,28500.0,G09_60_H4
2024-03-01 00:00:00,6.0,-1.0,32.0,25.0,7.0,8.8,4400.0,90.0,114.0,0.94,0.86,24.0,21.9,0.34,0.42,0.0,0.0,1.7,1.7,28500.0,G09_60_H4
2024-03-02 00:00:00,11.0,0.0,33.0,38.0,9.0,9.2,4600.0,73.0,100.0,0.95,0.84,25.0,22.0,0.34,0.49,0.0,0.0,1.7,1.7,28500.0,G09_60_H4
2024-03-03 00:00:00,14.0,3.0,34.0,49.0,0.0,8.87,4435.0,17.0,95.0,0.94,0.83,25.8,21.9,0.32,0.88,0.0,0.0,1.7,1.7,28500.0,G09_60_H4
2024-03-04 00:00:00,10.0,7.0,35.0,110.0,0.0,9.56,4780.0,4.0,100.0,0.96,0.92,24.9,22.2,0.32,0.42,0.0,0.0,1.9,1.9,28500.0,G09_60_H4
2024-03-05 00:00:00,9.0,5.0,36.0,108.0,0.0,8.83,4415.0,2.0,91.0,0.97,0.94,23.5,21.0,0.32,0.44,0.0,0.0,1.9,1.9,28500.0,G09_60_H4
2024-03-06 00:00:00,10.0,0.0,37.0,107.0,0.0,8.56,4280.0,9.0,91.0,0.96,0.86,21.9,20.1,0.32,0.4,0.0,0.0,1.9,1.9,28500.0,G09_60_H4
2024-03-07 00:00:00,14.0,1.0,38.0,0.0,0.0,0.0,0.0,0.0,0.0,0.0,0.0,0.0,0.0,0.0,0.0,0.0,0.0,0.0,0.0,28500.0,G09_60_H4
2024-03-08 00:00:00,12.0,0.0,39.0,0.0,0.0,0.0,0.0,0.0,0.0,0.0,0.0,0.0,0.0,0.0,0.0,0.0,0.0,0.0,0.0,28500.0,G09_60_H4
2024-01-30 00:00:00,10.0,4.0,1.0,23.0,0.0,0.7,350.0,1538.0,620.0,0.65,0.58,35.3,33.8,0.6,0.6,0.0,0.0,1.0,1.0,28300.0,G09_60_H5
2024-01-31 00:00:00,11.0,5.0,2.0,27.0,26.0,0.9,450.0,483.0,323.0,0.72,0.54,34.6,32.8,0.57,0.57,0.0,0.0,1.0,1.0,28300.0,G09_60_H5
2024-02-01 00:00:00,2.0,-1.0,3.0,35.0,868.0,1.2,600.0,347.0,104.0,0.71,0.64,33.8,32.4,0.55,0.55,0.0,0.0,1.0,1.0,28300.0,G09_60_H5
2024-02-02 00:00:00,1.0,-2.0,4.0,21.0,45.0,1.3,650.0,243.0,113.0,0.71,0.64,33.8,32.4,0.54,0.54,0.0,0.0,1.0,1.0,28300.0,G09_60_H5
2024-02-03 00:00:00,0.0,-1.0,5.0,18.0,29.0,1.53,765.0,238.0,95.0,0.73,0.67,32.2,30.9,0.54,0.54,0.0,0.0,1.0,1.0,28300.0,G09_60_H5
2024-02-04 00:00:00,0.0,-3.0,6.0,17.0,18.0,1.58,790.0,214.0,109.0,0.75,0.66,32.2,30.6,0.52,0.54,0.0,0.0,1.3,1.3,28300.0,G09_60_H5
2024-02-05 00:00:00,-1.0,-7.0,7.0,15.0,23.0,1.62,810.0,230.0,104.0,0.77,0.68,31.0,29.4,0.5,0.5,0.0,0.0,1.3,1.3,28300.0,G09_60_H5
2024-02-06 00:00:00,0.0,-3.0,8.0,53.0,233.0,1.69,845.0,208.0,100.0,0.78,0.68,31.0,29.4,0.48,0.5,0.0,0.0,1.3,1.3,28300.0,G09_60_H5
2024-02-07 00:00:00,4.0,-4.0,9.0,17.0,10.0,1.84,920.0,211.8,109.0,0.84,0.75,30.3,28.8,0.47,0.5,0.0,0.0,1.3,1.3,28300.0,G09_60_H5
2024-02-08 00:00:00,7.0,-4.0,10.0,9.0,3.0,2.06,1030.0,174.0,109.0,0.84,0.71,30.3,28.6,0.48,0.52,0.0,0.0,1.3,1.3,28300.0,G09_60_H5
2024-02-09 00:00:00,10.0,-1.0,11.0,5.0,3.0,2.51,1255.0,159.0,131.0,0.87,0.73,29.5,28.1,0.47,0.53,0.0,0.0,1.3,1.3,28300.0,G09_60_H5
2024-02-10 00:00:00,15.0,0.0,12.0,7.0,13.0,3.15,1575.0,117.0,41.0,0.87,0.73,29.5,27.8,0.46,0.55,0.0,0.0,1.3,1.3,28300.0,G09_60_H5
2024-02-11 00:00:00,15.0,1.0,13.0,5.0,14.0,3.52,1760.0,70.0,64.0,0.91,0.76,28.9,27.3,0.43,0.53,0.0,0.0,1.3,1.3,28300.0,G09_60_H5
2024-02-12 00:00:00,18.0,4.0,14.0,6.0,13.0,3.77,1885.0,68.0,50.0,0.92,0.77,29.0,26.9,0.44,0.54,0.0,0.0,1.3,1.3,28300.0,G09_60_H5
2024-02-13 00:00:00,20.0,6.0,15.0,7.0,11.0,4.16,2080.0,38.0,50.0,0.92,0.8,28.6,26.7,0.42,0.54,0.0,0.0,1.4,1.4,28300.0,G09_60_H5
2024-02-14 00:00:00,22.0,4.0,16.0,6.0,14.0,4.31,2155.0,25.0,36.0,0.97,0.72,30.1,26.1,0.42,1.0,0.0,0.0,1.4,1.4,28300.0,G09_60_H5
2024-02-15 00:00:00,7.0,-2.0,17.0,6.0,16.0,4.83,2415.0,28.0,64.0,0.94,0.87,27.3,26.0,0.42,0.47,0.0,0.0,1.4,1.4,28300.0,G09_60_H5
2024-02-16 00:00:00,10.0,1.0,18.0,14.0,21.0,4.94,2470.0,93.0,68.0,0.94,0.79,27.3,25.5,0.42,0.5,0.0,0.0,1.4,1.4,28300.0,G09_60_H5
2024-02-17 00:00:00,17.0,3.0,19.0,10.0,26.0,5.3,2650.0,53.0,77.0,0.95,0.81,28.3,25.3,0.49,0.69,0.0,0.0,1.5,1.5,28300.0,G09_60_H5
2024-02-18 00:00:00,23.0,12.0,20.0,7.0,13.0,5.76,2880.0,8.0,63.0,0.96,0.82,29.5,25.8,0.5,1.1,0.0,0.0,1.5,1.5,28300.0,G09_60_H5
2024-02-19 00:00:00,13.0,3.0,21.0,6.0,17.0,5.86,2930.0,3.0,81.0,0.95,0.87,27.5,24.8,0.5,0.6,0.0,0.0,1.5,1.5,28300.0,G09_60_H5
2024-02-20 00:00:00,3.0,0.0,22.0,5.0,9.0,6.19,3450.0,100.0,77.0,0.95,0.81,25.7,24.4,0.45,0.5,0.0,0.0,1.5,1.5,28300.0,G09_60_H5
2024-02-21 00:00:00,0.0,-1.0,23.0,7.0,11.0,6.55,3275.0,137.5,113.0,0.95,0.81,25.7,24.4,0.45,0.5,0.0,0.0,1.5,1.5,28300.0,G09_60_H5
2024-02-22 00:00:00,0.0,-3.0,24.0,6.0,22.0,6.97,3485.0,199.0,118.0,0.94,0.8,25.3,23.8,0.43,0.46,0.0,0.0,1.5,1.5,28300.0,G09_60_H5
2024-02-23 00:00:00,1.0,-2.0,25.0,5.0,16.0,7.0,3500.0,187.0,109.0,0.94,0.79,25.6,23.8,0.43,0.45,0.0,0.0,1.5,1.5,28300.0,G09_60_H5
2024-02-24 00:00:00,1.0,-3.0,26.0,9.0,14.0,7.38,3690.0,156.0,118.0,0.96,0.82,25.1,23.6,0.4,0.43,0.0,0.0,1.5,1.5,28300.0,G09_60_H5
2024-02-25 00:00:00,5.0,-1.0,27.0,6.0,13.0,7.58,3790.0,150.0,104.0,0.95,0.82,24.9,23.3,0.4,0.45,0.0,0.0,1.5,1.5,28300.0,G09_60_H5
2024-02-26 00:00:00,7.0,-2.0,28.0,7.0,18.0,7.6,3800.0,95.0,100.0,0.95,0.82,25.4,23.5,0.38,0.45,0.0,0.0,1.5,1.5,28300.0,G09_60_H5
2024-02-27 00:00:00,8.0,0.0,29.0,8.0,11.0,8.1,4050.0,48.0,95.0,0.96,0.83,25.1,23.0,0.37,0.5,0.0,0.0,1.7,1.7,28300.0,G09_60_H5
2024-02-28 00:00:00,5.0,2.0,30.0,13.0,8.0,8.25,4125.0,40.0,91.0,0.95,0.86,24.6,22.7,0.36,0.41,0.0,0.0,1.7,1.7,28300.0,G09_60_H5
2024-02-29 00:00:00,4.0,-2.0,31.0,15.0,5.0,8.47,4235.0,37.0,86.0,0.95,0.85,24.9,22.5,0.34,0.4,0.0,0.0,1.7,1.7,28300.0,G09_60_H5
2024-03-01 00:00:00,6.0,-1.0,32.0,35.0,6.0,8.69,4345.0,90.0,114.0,0.96,0.85,23.8,21.9,0.34,0.42,0.0,0.0,1.7,1.7,28300.0,G09_60_H5
2024-03-02 00:00:00,11.0,0.0,33.0,42.0,5.0,9.16,4580.0,73.0,100.0,0.97,0.82,25.1,21.9,0.34,0.49,0.0,0.0,1.7,1.7,28300.0,G09_60_H5
2024-03-03 00:00:00,14.0,3.0,34.0,46.0,8.0,8.81,4405.0,17.0,95.0,0.93,0.8,26.2,21.9,0.32,0.88,0.0,0.0,1.7,1.7,28300.0,G09_60_H5
2024-03-04 00:00:00,10.0,7.0,35.0,103.0,0.0,9.06,4530.0,4.0,100.0,0.98,0.89,24.4,22.0,0.32,0.42,0.0,0.0,1.9,1.9,28300.0,G09_60_H5
2024-03-05 00:00:00,9.0,5.0,36.0,118.0,0.0,8.75,4375.0,3.0,91.0,0.96,0.91,23.2,21.1,0.32,0.44,0.0,0.0,1.9,1.9,28300.0,G09_60_H5
2024-03-06 00:00:00,10.0,0.0,37.0,158.0,0.0,8.04,4020.0,9.0,91.0,0.97,0.83,21.7,20.0,0.32,0.4,0.0,0.0,1.9,1.9,28300.0,G09_60_H5
2024-03-07 00:00:00,14.0,1.0,38.0,0.0,0.0,0.0,0.0,0.0,0.0,0.0,0.0,0.0,0.0,0.0,0.0,0.0,0.0,0.0,0.0,28300.0,G09_60_H5
2024-03-08 00:00:00,12.0,0.0,39.0,0.0,0.0,0.0,0.0,0.0,0.0,0.0,0.0,0.0,0.0,0.0,0.0,0.0,0.0,0.0,0.0,28300.0,G09_60_H5
2024-01-30 00:00:00,10.0,4.0,1.0,17.0,0.0,0.7,350.0,1538.0,620.0,0.7,0.64,35.3,33.7,0.6,0.6,0.0,0.0,1.0,1.0,28400.0,G09_60_H6
2024-01-31 00:00:00,11.0,5.0,2.0,20.0,33.0,0.9,450.0,483.0,323.0,0.77,0.64,34.8,32.9,0.57,0.57,0.0,0.0,1.0,1.0,28400.0,G09_60_H6
2024-02-01 00:00:00,2.0,-1.0,3.0,30.0,26.0,1.2,600.0,347.0,104.0,0.77,0.69,33.9,32.3,0.55,0.55,0.0,0.0,1.0,1.0,28400.0,G09_60_H6
2024-02-02 00:00:00,1.0,-2.0,4.0,7.0,12.0,1.31,655.0,243.0,113.0,0.77,0.69,33.9,32.3,0.54,0.54,0.0,0.0,1.0,1.0,28400.0,G09_60_H6
2024-02-03 00:00:00,0.0,-1.0,5.0,21.0,8.0,1.53,765.0,238.0,95.0,0.77,0.73,32.2,30.7,0.54,0.54,0.0,0.0,1.0,1.0,28400.0,G09_60_H6
2024-02-04 00:00:00,0.0,-3.0,6.0,20.0,11.0,1.57,785.0,214.0,109.0,0.79,0.7,32.2,30.6,0.52,0.54,0.0,0.0,1.3,1.3,28400.0,G09_60_H6
2024-02-05 00:00:00,-1.0,-7.0,7.0,19.0,12.0,1.65,825.0,230.0,104.0,0.79,0.74,31.0,29.6,0.5,0.5,0.0,0.0,1.3,1.3,28400.0,G09_60_H6
2024-02-06 00:00:00,0.0,-3.0,8.0,58.0,114.0,1.71,855.0,208.0,100.0,0.8,0.74,31.0,29.4,0.48,0.5,0.0,0.0,1.3,1.3,28400.0,G09_60_H6
2024-02-07 00:00:00,4.0,-4.0,9.0,18.0,4.0,1.95,975.0,211.8,109.0,0.84,0.78,30.3,29.0,0.47,0.5,0.0,0.0,1.3,1.3,28400.0,G09_60_H6
2024-02-08 00:00:00,7.0,-4.0,10.0,10.0,6.0,2.21,1105.0,174.0,109.0,0.84,0.76,30.3,28.6,0.48,0.52,0.0,0.0,1.3,1.3,28400.0,G09_60_H6
2024-02-09 00:00:00,10.0,-1.0,11.0,5.0,5.0,2.7,1350.0,159.0,132.0,0.87,0.78,29.4,28.1,0.47,0.53,0.0,0.0,1.3,1.3,28400.0,G09_60_H6
2024-02-10 00:00:00,15.0,0.0,12.0,3.0,2.0,3.28,1640.0,117.0,41.0,0.87,0.78,29.4,27.9,0.46,0.55,0.0,0.0,1.3,1.3,28400.0,G09_60_H6
2024-02-11 00:00:00,15.0,1.0,13.0,6.0,4.0,3.63,1815.0,70.0,64.0,0.92,0.81,28.9,27.4,0.43,0.53,0.0,0.0,1.3,1.3,28400.0,G09_60_H6
2024-02-12 00:00:00,18.0,4.0,14.0,9.0,15.0,3.88,1940.0,68.0,50.0,0.93,0.81,29.4,27.0,0.44,0.56,0.0,0.0,1.3,1.3,28400.0,G09_60_H6
2024-02-13 00:00:00,20.0,6.0,15.0,7.0,9.0,4.26,2130.0,38.0,50.0,0.93,0.83,28.8,26.7,0.42,0.58,0.0,0.0,1.4,1.4,28400.0,G09_60_H6
2024-02-14 00:00:00,22.0,4.0,16.0,14.0,8.0,4.59,2295.0,25.0,36.0,0.94,0.73,30.1,26.5,0.42,1.0,0.0,0.0,1.4,1.4,28400.0,G09_60_H6
2024-02-15 00:00:00,7.0,-2.0,17.0,6.0,12.0,4.88,2440.0,28.0,64.0,0.92,0.84,27.6,26.0,0.42,0.47,0.0,0.0,1.4,1.4,28400.0,G09_60_H6
2024-02-16 00:00:00,10.0,1.0,18.0,8.0,18.0,5.01,2505.0,93.0,69.0,0.91,0.82,27.2,25.6,0.42,0.5,0.0,0.0,1.4,1.4,28400.0,G09_60_H6
2024-02-17 00:00:00,17.0,3.0,19.0,6.0,16.0,5.38,2690.0,53.0,77.0,0.91,0.81,28.3,24.4,0.49,0.69,0.0,0.0,1.5,1.5,28400.0,G09_60_H6
2024-02-18 00:00:00,23.0,12.0,20.0,4.0,14.0,5.99,2995.0,8.0,63.0,0.92,0.82,29.4,26.0,0.5,1.1,0.0,0.0,1.5,1.5,28400.0,G09_60_H6
2024-02-19 00:00:00,13.0,3.0,21.0,6.0,9.0,6.15,3075.0,3.0,82.0,0.93,0.86,27.7,24.9,0.5,0.6,0.0,0.0,1.5,1.5,28400.0,G09_60_H6
2024-02-20 00:00:00,3.0,0.0,22.0,6.0,12.0,6.5,3250.0,100.0,77.0,0.92,0.81,26.0,24.4,0.45,0.5,0.0,0.0,1.5,1.5,28400.0,G09_60_H6
2024-02-21 00:00:00,0.0,-1.0,23.0,3.0,4.0,6.93,3465.0,137.5,113.0,0.92,0.81,26.0,24.4,0.45,0.5,0.0,0.0,1.5,1.5,28400.0,G09_60_H6
2024-02-22 00:00:00,0.0,-3.0,24.0,4.0,9.0,7.26,3630.0,199.0,118.0,0.92,0.81,25.8,24.0,0.43,0.46,0.0,0.0,1.5,1.5,28400.0,G09_60_H6
2024-02-23 00:00:00,1.0,-2.0,25.0,6.0,10.0,7.71,3855.0,187.0,109.0,0.93,0.82,25.8,23.9,0.43,0.45,0.0,0.0,1.5,1.5,28400.0,G09_60_H6
2024-02-24 00:00:00,1.0,-3.0,26.0,7.0,11.0,7.8,3900.0,156.0,118.0,0.94,0.82,25.4,23.8,0.4,0.43,0.0,0.0,1.5,1.5,28400.0,G09_60_H6
2024-02-25 00:00:00,5.0,-1.0,27.0,4.0,8.0,8.12,4060.0,150.0,104.0,0.93,0.83,25.7,23.7,0.4,0.45,0.0,0.0,1.5,1.5,28400.0,G09_60_H6
2024-02-26 00:00:00,7.0,-2.0,28.0,6.0,12.0,8.38,4190.0,95.0,100.0,0.93,0.8,25.5,23.4,0.38,0.45,0.0,0.0,1.5,1.5,28400.0,G09_60_H6
2024-02-27 00:00:00,8.0,0.0,29.0,7.0,16.0,8.68,4340.0,48.0,95.0,0.94,0.83,25.6,23.0,0.37,0.5,0.0,0.0,1.7,1.7,28400.0,G09_60_H6
2024-02-28 00:00:00,5.0,2.0,30.0,8.0,12.0,9.12,4560.0,41.0,91.0,0.96,0.84,24.7,22.9,0.36,0.41,0.0,0.0,1.7,1.7,28400.0,G09_60_H6
2024-02-29 00:00:00,4.0,-2.0,31.0,11.0,22.0,8.83,4415.0,37.0,86.0,0.96,0.89,25.0,22.6,0.34,0.4,0.0,0.0,1.7,1.7,28400.0,G09_60_H6
2024-03-01 00:00:00,6.0,-1.0,32.0,10.0,6.0,9.4,4700.0,90.0,114.0,0.95,0.85,24.1,22.1,0.34,0.42,0.0,0.0,1.7,1.7,28400.0,G09_60_H6
2024-03-02 00:00:00,11.0,0.0,33.0,15.0,14.0,9.5,4750.0,73.0,100.0,0.96,0.83,25.0,22.0,0.34,0.49,0.0,0.0,1.7,1.7,28400.0,G09_60_H6
2024-03-03 00:00:00,14.0,3.0,34.0,21.0,25.0,9.4,4700.0,17.0,95.0,0.95,0.8,26.4,22.1,0.32,0.88,0.0,0.0,1.7,1.7,28400.0,G09_60_H6
2024-03-04 00:00:00,10.0,7.0,35.0,48.0,26.0,8.85,4425.0,4.0,100.0,0.93,0.87,24.9,22.9,0.32,0.42,0.0,0.0,1.9,1.9,28400.0,G09_60_H6
2024-03-05 00:00:00,9.0,5.0,36.0,79.0,0.0,9.58,4790.0,3.0,91.0,0.92,0.86,24.0,21.6,0.32,0.44,0.0,0.0,1.9,1.9,28400.0,G09_60_H6
2024-03-06 00:00:00,10.0,0.0,37.0,96.0,0.0,9.41,4705.0,9.0,91.0,0.95,0.85,23.3,21.1,0.32,0.4,0.0,0.0,1.9,1.9,28400.0,G09_60_H6
2024-03-07 00:00:00,14.0,1.0,38.0,0.0,0.0,0.0,0.0,0.0,0.0,0.0,0.0,0.0,0.0,0.0,0.0,0.0,0.0,0.0,0.0,28400.0,G09_60_H6
2024-03-08 00:00:00,12.0,0.0,39.0,0.0,0.0,0.0,0.0,0.0,0.0,0.0,0.0,0.0,0.0,0.0,0.0,0.0,0.0,0.0,0.0,28400.0,G09_60_H6
2024-01-30 00:00:00,10.0,4.0,0.0,0.0,0.0,0.0,0.0,0.0,0.0,0.0,0.0,0.0,0.0,0.0,0.0,0.0,0.0,0.0,0.0,28400.0,G09_60_H7
2024-01-31 00:00:00,11.0,5.0,1.0,5.0,0.0,0.7,350.0,483.0,323.0,0.61,0.55,35.5,34.1,0.6,0.6,0.0,0.0,1.0,1.0,28400.0,G09_60_H7
2024-02-01 00:00:00,2.0,-1.0,2.0,12.0,20.0,1.0,500.0,347.0,104.0,0.61,0.55,34.7,33.7,0.57,0.57,0.0,0.0,1.0,1.0,28400.0,G09_60_H7
2024-02-02 00:00:00,1.0,-2.0,3.0,25.0,29.0,1.19,595.0,243.0,113.0,0.61,0.55,34.7,33.7,0.57,0.57,0.0,0.0,1.0,1.0,28400.0,G09_60_H7
2024-02-03 00:00:00,0.0,-1.0,4.0,34.0,21.0,1.31,655.0,238.0,95.0,0.67,0.63,33.6,31.8,0.57,0.57,0.0,0.0,1.0,1.0,28400.0,G09_60_H7
2024-02-04 00:00:00,0.0,-3.0,5.0,12.0,16.0,1.35,675.0,214.0,109.0,0.71,0.62,33.6,31.6,0.53,0.55,0.0,0.0,1.0,1.0,28400.0,G09_60_H7
2024-02-05 00:00:00,-1.0,-7.0,6.0,29.0,10.0,1.52,760.0,230.0,104.0,0.76,0.68,31.9,30.4,0.52,0.52,0.0,0.0,1.3,1.3,28400.0,G09_60_H7
2024-02-06 00:00:00,0.0,-3.0,7.0,15.0,17.0,1.79,895.0,208.0,100.0,0.76,0.68,31.9,30.4,0.5,0.52,0.0,0.0,1.3,1.3,28400.0,G09_60_H7
2024-02-07 00:00:00,4.0,-4.0,8.0,32.0,160.0,1.94,970.0,211.8,109.0,0.84,0.7,30.9,29.4,0.48,0.5,0.0,0.0,1.3,1.3,28400.0,G09_60_H7
2024-02-08 00:00:00,7.0,-4.0,9.0,31.0,6.0,2.13,1065.0,175.0,109.0,0.84,0.7,30.9,29.4,0.48,0.52,0.0,0.0,1.3,1.3,28400.0,G09_60_H7
2024-02-09 00:00:00,10.0,-1.0,10.0,6.0,4.0,2.19,1095.0,159.0,132.0,0.82,0.72,30.0,28.7,0.47,0.53,0.0,0.0,1.3,1.3,28400.0,G09_60_H7
2024-02-10 00:00:00,15.0,0.0,11.0,16.0,9.0,2.76,1380.0,117.0,41.0,0.82,0.71,30.0,28.7,0.46,0.55,0.0,0.0,1.3,1.3,28400.0,G09_60_H7
2024-02-11 00:00:00,15.0,1.0,12.0,8.0,8.0,3.26,1630.0,70.0,64.0,0.88,0.74,29.5,27.9,0.43,0.53,0.0,0.0,1.3,1.3,28400.0,G09_60_H7
2024-02-12 00:00:00,18.0,4.0,13.0,10.0,28.0,3.53,1765.0,69.0,50.0,0.88,0.72,29.4,27.7,0.43,0.51,0.0,0.0,1.3,1.3,28400.0,G09_60_H7
2024-02-13 00:00:00,20.0,6.0,14.0,22.0,37.0,3.71,1855.0,38.0,50.0,0.89,0.74,28.7,27.2,0.42,0.54,0.0,0.0,1.4,1.4,28400.0,G09_60_H7
2024-02-14 00:00:00,22.0,4.0,15.0,35.0,98.0,4.05,2025.0,25.0,36.0,0.88,0.65,29.8,26.7,0.42,1.0,0.0,0.0,1.4,1.4,28400.0,G09_60_H7
2024-02-15 00:00:00,7.0,-2.0,16.0,18.0,128.0,4.38,2190.0,28.0,64.0,0.86,0.71,27.9,26.3,0.42,0.47,0.0,0.0,1.4,1.4,28400.0,G09_60_H7
2024-02-16 00:00:00,10.0,1.0,17.0,16.0,127.0,4.51,2255.0,93.0,69.0,0.84,0.71,27.5,26.4,0.42,0.5,0.0,0.0,1.4,1.4,28400.0,G09_60_H7
2024-02-17 00:00:00,17.0,3.0,18.0,14.0,132.0,4.74,2370.0,53.0,77.0,0.85,0.7,27.8,26.2,0.49,0.69,0.0,0.0,1.5,1.5,28400.0,G09_60_H7
2024-02-18 00:00:00,23.0,12.0,19.0,12.0,96.0,5.37,2685.0,8.0,63.0,0.88,0.74,29.1,26.2,0.5,1.1,0.0,0.0,1.5,1.5,28400.0,G09_60_H7
2024-02-19 00:00:00,13.0,3.0,20.0,11.0,96.0,5.76,2880.0,3.0,82.0,0.92,0.79,27.9,25.4,0.5,0.6,0.0,0.0,1.5,1.5,28400.0,G09_60_H7
2024-02-20 00:00:00,3.0,0.0,21.0,12.0,36.0,6.1,3050.0,101.0,77.0,0.88,0.79,26.4,24.9,0.45,0.5,0.0,0.0,1.5,1.5,28400.0,G09_60_H7
2024-02-21 00:00:00,0.0,-1.0,22.0,7.0,45.0,6.37,3185.0,137.5,113.0,0.88,0.79,26.4,24.9,0.45,0.5,0.0,0.0,1.5,1.5,28400.0,G09_60_H7
2024-02-22 00:00:00,0.0,-3.0,23.0,8.0,43.0,6.72,3360.0,199.0,118.0,0.91,0.75,25.9,24.5,0.43,0.46,0.0,0.0,1.5,1.5,28400.0,G09_60_H7
2024-02-23 00:00:00,1.0,-2.0,24.0,9.0,45.0,6.95,3475.0,187.0,109.0,0.84,0.75,25.8,24.6,0.43,0.45,0.0,0.0,1.5,1.5,28400.0,G09_60_H7
2024-02-24 00:00:00,1.0,-3.0,25.0,8.0,22.0,7.45,3725.0,156.0,118.0,0.92,0.73,25.7,24.1,0.4,0.43,0.0,0.0,1.5,1.5,28400.0,G09_60_H7
2024-02-25 00:00:00,5.0,-1.0,26.0,10.0,31.0,7.66,3830.0,150.0,104.0,0.94,0.78,25.5,23.9,0.4,0.45,0.0,0.0,1.5,1.5,28400.0,G09_60_H7
2024-02-26 00:00:00,7.0,-2.0,27.0,11.0,22.0,8.26,4130.0,95.0,100.0,0.9,0.71,25.5,23.9,0.38,0.45,0.0,0.0,1.5,1.5,28400.0,G09_60_H7
2024-02-27 00:00:00,8.0,0.0,28.0,6.0,12.0,8.1,4050.0,48.0,95.0,0.87,0.7,25.3,23.4,0.37,0.5,0.0,0.0,1.7,1.7,28400.0,G09_60_H7
2024-02-28 00:00:00,5.0,2.0,29.0,11.0,24.0,8.57,4285.0,41.0,91.0,0.92,0.73,25.1,23.3,0.36,0.41,0.0,0.0,1.7,1.7,28400.0,G09_60_H7
2024-02-29 00:00:00,4.0,-2.0,30.0,15.0,21.0,8.31,4155.0,37.0,86.0,0.92,0.82,25.0,22.9,0.34,0.4,0.0,0.0,1.7,1.7,28400.0,G09_60_H7
2024-03-01 00:00:00,6.0,-1.0,31.0,10.0,13.0,9.04,4520.0,90.0,114.0,0.9,0.75,24.2,22.6,0.34,0.42,0.0,0.0,1.7,1.7,28400.0,G09_60_H7
2024-03-02 00:00:00,11.0,0.0,32.0,21.0,20.0,8.84,4420.0,73.0,100.0,0.89,0.72,24.9,22.5,0.34,0.49,0.0,0.0,1.7,1.7,28400.0,G09_60_H7
2024-03-03 00:00:00,14.0,3.0,33.0,12.0,16.0,9.39,4695.0,17.0,95.0,0.91,0.69,25.4,22.5,0.32,0.88,0.0,0.0,1.7,1.7,28400.0,G09_60_H7
2024-03-04 00:00:00,10.0,7.0,34.0,30.0,10.0,9.64,4820.0,4.0,100.0,0.9,0.8,24.7,22.6,0.32,0.42,0.0,0.0,1.9,1.9,28400.0,G09_60_H7
2024-03-05 00:00:00,9.0,5.0,35.0,47.0,0.0,9.64,4820.0,3.0,91.0,0.93,0.88,24.5,21.5,0.32,0.44,0.0,0.0,1.9,1.9,28400.0,G09_60_H7
2024-03-06 00:00:00,10.0,0.0,36.0,52.0,0.0,9.67,4835.0,9.0,91.0,0.92,0.8,23.3,21.2,0.32,0.4,0.0,0.0,1.9,1.9,28400.0,G09_60_H7
2024-03-07 00:00:00,14.0,1.0,37.0,65.0,0.0,8.53,4265.0,46.0,143.0,0.91,0.67,24.2,20.2,0.3,0.6,0.0,0.0,1.9,3.0,28400.0,G09_60_H7
2024-03-08 00:00:00,12.0,0.0,38.0,68.0,0.0,9.28,4640.0,13.0,212.0,0.91,0.66,25.5,19.7,0.3,0.53,0.0,0.0,1.9,3.0,28400.0,G09_60_H7
2024-01-30 00:00:00,10.0,4.0,0.0,0.0,0.0,0.0,0.0,0.0,0.0,0.0,0.0,0.0,0.0,0.0,0.0,0.0,0.0,0.0,0.0,25800.0,G09_60_H8
2024-01-31 00:00:00,11.0,5.0,1.0,8.0,0.0,0.65,325.0,483.0,323.0,0.69,0.6,35.5,33.8,0.6,0.6,0.0,0.0,1.0,1.0,25800.0,G09_60_H8
2024-02-01 00:00:00,2.0,-1.0,2.0,9.0,12.0,0.9,450.0,347.0,104.0,0.63,0.5,34.7,32.6,0.57,0.57,0.0,0.0,1.0,1.0,25800.0,G09_60_H8
2024-02-02 00:00:00,1.0,-2.0,3.0,30.0,18.0,1.08,540.0,243.0,113.0,0.63,0.5,34.7,32.6,0.57,0.57,0.0,0.0,1.0,1.0,25800.0,G09_60_H8
2024-02-03 00:00:00,0.0,-1.0,4.0,18.0,22.0,1.19,595.0,238.0,95.0,0.6,0.55,33.7,31.8,0.57,0.57,0.0,0.0,1.0,1.0,25800.0,G09_60_H8
2024-02-04 00:00:00,0.0,-3.0,5.0,12.0,8.0,1.0,605.0,214.0,109.0,0.63,0.53,33.7,31.6,0.53,0.55,0.0,0.0,1.0,1.0,25800.0,G09_60_H8
2024-02-05 00:00:00,-1.0,-7.0,6.0,4.0,9.0,1.25,625.0,230.0,104.0,0.64,0.56,32.0,30.6,0.52,0.52,0.0,0.0,1.3,1.3,25800.0,G09_60_H8
2024-02-06 00:00:00,0.0,-3.0,7.0,12.0,7.0,1.45,725.0,208.0,100.0,0.66,0.56,32.0,30.4,0.5,0.52,0.0,0.0,1.3,1.3,25800.0,G09_60_H8
2024-02-07 00:00:00,4.0,-4.0,8.0,16.0,200.0,1.58,790.0,211.8,109.0,0.7,0.57,30.9,29.8,0.48,0.5,0.0,0.0,1.3,1.3,25800.0,G09_60_H8
2024-02-08 00:00:00,7.0,-4.0,9.0,11.0,6.0,1.73,865.0,175.0,109.0,0.7,0.57,30.9,29.6,0.48,0.52,0.0,0.0,1.3,1.3,25800.0,G09_60_H8
2024-02-09 00:00:00,10.0,-1.0,10.0,4.0,15.0,1.82,910.0,159.0,132.0,0.72,0.6,30.3,29.1,0.47,0.53,0.0,0.0,1.3,1.3,25800.0,G09_60_H8
2024-02-10 00:00:00,15.0,0.0,11.0,4.0,14.0,2.31,1155.0,117.0,41.0,0.72,0.65,30.3,28.8,0.46,0.55,0.0,0.0,1.3,1.3,25800.0,G09_60_H8
2024-02-11 00:00:00,15.0,1.0,12.0,5.0,40.0,2.95,1475.0,70.0,64.0,0.91,0.65,29.3,28.1,0.43,0.53,0.0,0.0,1.3,1.3,25800.0,G09_60_H8
2024-02-12 00:00:00,18.0,4.0,13.0,6.0,44.0,3.27,1635.0,69.0,50.0,0.84,0.69,29.2,27.3,0.43,0.51,0.0,0.0,1.3,1.3,25800.0,G09_60_H8
2024-02-13 00:00:00,20.0,6.0,14.0,5.0,50.0,3.55,1775.0,38.0,50.0,0.85,0.75,28.8,27.1,0.42,0.54,0.0,0.0,1.4,1.4,25800.0,G09_60_H8
2024-02-14 00:00:00,22.0,4.0,15.0,8.0,81.0,4.0,2000.0,25.0,36.0,0.85,0.6,30.0,26.9,0.42,1.0,0.0,0.0,1.4,1.4,25800.0,G09_60_H8
2024-02-15 00:00:00,7.0,-2.0,16.0,15.0,114.0,4.24,2120.0,28.0,64.0,0.81,0.7,27.5,26.6,0.42,0.47,0.0,0.0,1.4,1.4,25800.0,G09_60_H8
2024-02-16 00:00:00,10.0,1.0,17.0,8.0,92.0,4.34,2170.0,93.0,69.0,0.76,0.65,27.8,26.1,0.42,0.5,0.0,0.0,1.4,1.4,25800.0,G09_60_H8
2024-02-17 00:00:00,17.0,3.0,18.0,15.0,82.0,4.58,2290.0,53.0,77.0,0.9,0.78,27.8,26.3,0.49,0.69,0.0,0.0,1.5,1.5,25800.0,G09_60_H8
2024-02-18 00:00:00,23.0,12.0,19.0,6.0,50.0,4.9,2450.0,8.0,63.0,0.86,0.69,29.7,26.5,0.5,1.1,0.0,0.0,1.5,1.5,25800.0,G09_60_H8
2024-02-19 00:00:00,13.0,3.0,20.0,5.0,39.0,5.33,2665.0,3.0,82.0,0.9,0.69,27.9,25.6,0.5,0.6,0.0,0.0,1.5,1.5,25800.0,G09_60_H8
2024-02-20 00:00:00,3.0,0.0,21.0,4.0,19.0,5.78,2890.0,101.0,77.0,0.83,0.72,26.3,25.2,0.45,0.5,0.0,0.0,1.5,1.5,25800.0,G09_60_H8
2024-02-21 00:00:00,0.0,-1.0,22.0,3.0,11.0,5.96,2980.0,137.5,113.0,0.83,0.72,26.3,25.2,0.45,0.5,0.0,0.0,1.5,1.5,25800.0,G09_60_H8
2024-02-22 00:00:00,0.0,-3.0,23.0,4.0,9.0,6.28,3140.0,199.0,118.0,0.92,0.78,26.2,24.9,0.43,0.46,0.0,0.0,1.5,1.5,25800.0,G09_60_H8
2024-02-23 00:00:00,1.0,-2.0,24.0,6.0,14.0,6.55,3275.0,187.0,109.0,0.88,0.76,25.8,24.7,0.43,0.45,0.0,0.0,1.5,1.5,25800.0,G09_60_H8
2024-02-24 00:00:00,1.0,-3.0,25.0,5.0,9.0,6.84,3420.0,156.0,118.0,0.93,0.75,26.1,24.5,0.4,0.43,0.0,0.0,1.5,1.5,25800.0,G09_60_H8
2024-02-25 00:00:00,5.0,-1.0,26.0,3.0,13.0,6.98,3490.0,150.0,104.0,0.93,0.8,26.0,24.2,0.4,0.45,0.0,0.0,1.5,1.5,25800.0,G09_60_H8
2024-02-26 00:00:00,7.0,-2.0,27.0,10.0,17.0,7.56,3780.0,96.0,100.0,0.92,0.72,25.8,24.2,0.38,0.45,0.0,0.0,1.5,1.5,25800.0,G09_60_H8
2024-02-27 00:00:00,8.0,0.0,28.0,11.0,18.0,7.6,3800.0,48.0,95.0,0.89,0.7,25.8,23.7,0.37,0.5,0.0,0.0,1.7,1.7,25800.0,G09_60_H8
2024-02-28 00:00:00,5.0,2.0,29.0,6.0,20.0,7.64,3820.0,41.0,91.0,0.9,0.69,25.0,23.4,0.36,0.41,0.0,0.0,1.7,1.7,25800.0,G09_60_H8
2024-02-29 00:00:00,4.0,-2.0,30.0,3.0,11.0,7.86,3930.0,37.0,86.0,0.9,0.79,25.5,23.0,0.34,0.4,0.0,0.0,1.7,1.7,25800.0,G09_60_H8
2024-03-01 00:00:00,6.0,-1.0,31.0,7.0,23.0,8.1,4050.0,90.0,114.0,0.88,0.72,24.8,22.7,0.34,0.42,0.0,0.0,1.7,1.7,25800.0,G09_60_H8
2024-03-02 00:00:00,11.0,0.0,32.0,13.0,15.0,8.03,4015.0,73.0,100.0,0.89,0.72,24.7,22.4,0.34,0.49,0.0,0.0,1.7,1.7,25800.0,G09_60_H8
2024-03-03 00:00:00,14.0,3.0,33.0,17.0,22.0,8.44,4220.0,17.0,90.0,0.91,0.69,25.6,22.6,0.32,0.88,0.0,0.0,1.7,1.7,25800.0,G09_60_H8
2024-03-04 00:00:00,10.0,7.0,34.0,25.0,15.0,8.87,4435.0,4.0,100.0,0.94,0.84,25.0,22.0,0.32,0.42,0.0,0.0,1.9,1.9,25800.0,G09_60_H8
2024-03-05 00:00:00,9.0,5.0,35.0,36.0,12.0,8.78,4390.0,3.0,91.0,0.91,0.81,24.6,21.6,0.32,0.44,0.0,0.0,1.9,1.9,25800.0,G09_60_H8
2024-03-06 00:00:00,10.0,0.0,36.0,43.0,0.0,8.34,4170.0,9.0,91.0,0.93,0.76,24.0,21.1,0.32,0.4,0.0,0.0,1.9,1.9,25800.0,G09_60_H8
2024-03-07 00:00:00,14.0,1.0,37.0,42.0,0.0,8.34,4170.0,46.0,143.0,0.92,0.68,24.4,20.4,0.3,0.6,0.0,0.0,1.9,3.0,25800.0,G09_60_H8
2024-03-08 00:00:00,12.0,0.0,38.0,52.0,0.0,7.59,3795.0,13.0,211.0,0.93,0.63,24.0,19.7,0.3,0.53,0.0,0.0,1.9,3.0,25800.0,G09_60_H8
2024-01-30 00:00:00,10.0,4.0,0.0,0.0,0.0,0.0,0.0,0.0,0.0,0.0,0.0,0.0,0.0,0.0,0.0,0.0,0.0,0.0,0.0,26200.0,G09_60_H9
2024-01-31 00:00:00,11.0,5.0,1.0,10.0,0.0,0.65,325.0,484.0,323.0,0.65,0.57,35.5,33.7,0.6,0.6,0.0,0.0,1.0,1.0,26200.0,G09_60_H9
2024-02-01 00:00:00,2.0,-1.0,2.0,4.0,7.0,0.9,450.0,347.0,104.0,0.55,0.49,34.6,33.3,0.57,0.57,0.0,0.0,1.0,1.0,26200.0,G09_60_H9
2024-02-02 00:00:00,1.0,-2.0,3.0,28.0,25.0,1.1,550.0,243.0,113.0,0.55,0.49,34.6,33.3,0.57,0.57,0.0,0.0,1.0,1.0,26200.0,G09_60_H9
2024-02-03 00:00:00,0.0,-1.0,4.0,25.0,41.0,1.21,605.0,238.0,95.0,0.62,0.55,33.6,31.7,0.57,0.57,0.0,0.0,1.0,1.0,26200.0,G09_60_H9
2024-02-04 00:00:00,0.0,-3.0,5.0,14.0,6.0,1.23,615.0,214.0,109.0,0.66,0.55,33.6,31.6,0.53,0.55,0.0,0.0,1.0,1.0,26200.0,G09_60_H9
2024-02-05 00:00:00,-1.0,-7.0,6.0,3.0,5.0,1.29,645.0,230.0,104.0,0.7,0.53,31.9,30.5,0.52,0.52,0.0,0.0,1.3,1.3,26200.0,G09_60_H9
2024-02-06 00:00:00,0.0,-3.0,7.0,15.0,6.0,1.66,830.0,208.0,100.0,0.7,0.53,31.9,30.1,0.5,0.52,0.0,0.0,1.3,1.3,26200.0,G09_60_H9
2024-02-07 00:00:00,4.0,-4.0,8.0,18.0,203.0,1.82,910.0,211.8,109.0,0.73,0.65,30.8,29.7,0.48,0.5,0.0,0.0,1.3,1.3,26200.0,G09_60_H9
2024-02-08 00:00:00,7.0,-4.0,9.0,20.0,15.0,2.04,1020.0,175.0,109.0,0.73,0.61,30.8,29.6,0.48,0.52,0.0,0.0,1.3,1.3,26200.0,G09_60_H9
2024-02-09 00:00:00,10.0,-1.0,10.0,6.0,5.0,2.13,1065.0,159.0,132.0,0.79,0.66,30.2,29.0,0.47,0.53,0.0,0.0,1.3,1.3,26200.0,G09_60_H9
2024-02-10 00:00:00,15.0,0.0,11.0,5.0,19.0,2.57,1285.0,117.0,41.0,0.79,0.66,30.2,28.7,0.46,0.55,0.0,0.0,1.3,1.3,26200.0,G09_60_H9
2024-02-11 00:00:00,15.0,1.0,12.0,6.0,41.0,3.15,1575.0,70.0,64.0,0.83,0.7,29.4,28.0,0.43,0.53,0.0,0.0,1.3,1.3,26200.0,G09_60_H9
2024-02-12 00:00:00,18.0,4.0,13.0,5.0,31.0,3.44,1720.0,69.0,50.0,0.04,0.72,29.4,27.6,0.43,0.51,0.0,0.0,1.3,1.3,26200.0,G09_60_H9
2024-02-13 00:00:00,20.0,6.0,14.0,8.0,45.0,3.7,1850.0,38.0,50.0,0.86,0.7,28.8,27.0,0.42,0.54,0.0,0.0,1.4,1.4,26200.0,G09_60_H9
2024-02-14 00:00:00,22.0,4.0,15.0,10.0,62.0,3.85,1925.0,25.0,36.0,0.85,0.6,30.5,26.7,0.42,1.0,0.0,0.0,1.4,1.4,26200.0,G09_60_H9
2024-02-15 00:00:00,7.0,-2.0,16.0,10.0,100.0,4.25,2125.0,28.0,64.0,0.84,0.73,27.6,26.4,0.42,0.47,0.0,0.0,1.4,1.4,26200.0,G09_60_H9
2024-02-16 00:00:00,10.0,1.0,17.0,13.0,103.0,4.48,2240.0,93.0,69.0,0.82,0.65,28.0,26.3,0.42,0.5,0.0,0.0,1.4,1.4,26200.0,G09_60_H9
2024-02-17 00:00:00,17.0,3.0,18.0,11.0,75.0,4.64,2320.0,53.0,77.0,0.83,0.7,28.4,26.1,0.49,0.69,0.0,0.0,1.5,1.5,26200.0,G09_60_H9
2024-02-18 00:00:00,23.0,12.0,19.0,5.0,21.0,5.07,2535.0,8.0,63.0,0.85,0.7,29.5,26.4,0.5,1.1,0.0,0.0,1.5,1.5,26200.0,G09_60_H9
2024-02-19 00:00:00,13.0,3.0,20.0,6.0,30.0,5.25,2625.0,3.0,82.0,0.87,0.75,27.8,25.5,0.5,0.6,0.0,0.0,1.5,1.5,26200.0,G09_60_H9
2024-02-20 00:00:00,3.0,0.0,21.0,3.0,12.0,5.65,2825.0,101.0,77.0,0.84,0.68,26.6,25.1,0.45,0.5,0.0,0.0,1.5,1.5,26200.0,G09_60_H9
2024-02-21 00:00:00,0.0,-1.0,22.0,4.0,7.0,6.16,3080.0,137.5,113.0,0.84,0.68,26.6,25.1,0.45,0.5,0.0,0.0,1.5,1.5,26200.0,G09_60_H9
2024-02-22 00:00:00,0.0,-3.0,23.0,3.0,11.0,6.28,3140.0,199.0,118.0,0.9,0.82,25.8,24.5,0.43,0.46,0.0,0.0,1.5,1.5,26200.0,G09_60_H9
2024-02-23 00:00:00,1.0,-2.0,24.0,4.0,10.0,6.58,3290.0,187.0,109.0,0.92,0.79,25.4,24.3,0.43,0.45,0.0,0.0,1.5,1.5,26200.0,G09_60_H9
2024-02-24 00:00:00,1.0,-3.0,25.0,7.0,8.0,6.75,3375.0,156.0,118.0,0.94,0.8,25.7,24.1,0.4,0.43,0.0,0.0,1.5,1.5,26200.0,G09_60_H9
2024-02-25 00:00:00,5.0,-1.0,26.0,4.0,7.0,6.79,3395.0,151.0,104.0,0.92,0.76,25.6,23.8,0.4,0.45,0.0,0.0,1.5,1.5,26200.0,G09_60_H9
2024-02-26 00:00:00,7.0,-2.0,27.0,9.0,20.0,7.27,3635.0,96.0,100.0,0.93,0.75,25.4,23.8,0.38,0.45,0.0,0.0,1.5,1.5,26200.0,G09_60_H9
2024-02-27 00:00:00,8.0,0.0,28.0,7.0,51.0,7.05,3525.0,48.0,95.0,0.91,0.65,25.4,23.5,0.37,0.5,0.0,0.0,1.7,1.7,26200.0,G09_60_H9
2024-02-28 00:00:00,5.0,2.0,29.0,15.0,85.0,7.0,3500.0,41.0,91.0,0.9,0.76,25.5,23.4,0.36,0.41,0.0,0.0,1.7,1.7,26200.0,G09_60_H9
2024-02-29 00:00:00,4.0,-2.0,30.0,30.0,110.0,6.88,3440.0,37.0,86.0,0.85,0.74,25.5,23.0,0.34,0.37,0.0,0.0,1.7,1.7,26200.0,G09_60_H9
2024-03-01 00:00:00,6.0,-1.0,31.0,25.0,275.0,6.83,3415.0,90.0,114.0,0.83,0.69,24.5,22.8,0.34,0.42,0.0,0.0,1.7,1.7,26200.0,G09_60_H9
2024-03-02 00:00:00,11.0,0.0,32.0,30.0,226.0,6.83,3415.0,73.0,100.0,0.84,0.67,24.7,22.4,0.34,0.49,0.0,0.0,1.7,1.7,26200.0,G09_60_H9
2024-03-03 00:00:00,14.0,3.0,33.0,28.0,178.0,7.26,3630.0,17.0,90.0,0.87,0.64,25.5,22.5,0.32,0.7,0.0,0.0,1.7,1.7,26200.0,G09_60_H9
2024-03-04 00:00:00,10.0,7.0,34.0,45.0,105.0,8.06,4030.0,4.0,100.0,0.88,0.75,25.1,22.5,0.32,0.42,0.0,0.0,1.9,1.9,26200.0,G09_60_H9
2024-03-05 00:00:00,9.0,5.0,35.0,96.0,20.0,8.36,4180.0,3.0,91.0,0.92,0.81,25.2,21.5,0.32,0.44,0.0,0.0,1.9,1.9,26200.0,G09_60_H9
2024-03-06 00:00:00,10.0,0.0,36.0,102.0,0.0,8.14,4070.0,10.0,91.0,0.92,0.81,23.7,21.2,0.32,0.4,0.0,0.0,1.9,1.9,26200.0,G09_60_H9
2024-03-07 00:00:00,14.0,1.0,37.0,83.0,0.0,8.21,4105.0,46.0,143.0,0.86,0.65,23.6,20.2,0.3,0.6,0.0,0.0,1.9,3.0,26200.0,G09_60_H9
2024-03-08 00:00:00,12.0,0.0,38.0,110.0,0.0,7.98,3990.0,13.0,211.0,0.86,0.58,23.6,19.8,0.3,0.53,0.0,0.0,1.9,3.0,26200.0,G09_60_H9
2024-01-30 00:00:00,10.0,4.0,0.0,0.0,0.0,0.0,0.0,0.0,0.0,0.0,0.0,0.0,0.0,0.0,0.0,0.0,0.0,0.0,0.0,26200.0,G09_60_H10
2024-01-31 00:00:00,11.0,5.0,1.0,7.0,2.0,0.65,325.0,484.0,323.0,0.64,0.58,35.5,33.7,0.6,0.6,0.0,0.0,1.0,1.0,26200.0,G09_60_H10
2024-02-01 00:00:00,2.0,-1.0,2.0,8.0,10.0,0.9,450.0,347.0,104.0,0.64,0.57,34.7,33.2,0.57,0.57,0.0,0.0,1.0,1.0,26200.0,G09_60_H10
2024-02-02 00:00:00,1.0,-2.0,3.0,10.0,15.0,1.1,550.0,243.0,114.0,0.64,0.57,34.7,33.2,0.57,0.57,0.0,0.0,1.0,1.0,26200.0,G09_60_H10
2024-02-03 00:00:00,0.0,-1.0,4.0,19.0,30.0,1.21,605.0,238.0,95.0,0.71,0.64,33.3,32.7,0.57,0.57,0.0,0.0,1.0,1.0,26200.0,G09_60_H10
2024-02-04 00:00:00,0.0,-3.0,5.0,20.0,17.0,1.23,615.0,215.0,109.0,0.76,0.64,33.3,31.4,0.53,0.55,0.0,0.0,1.0,1.0,26200.0,G09_60_H10
2024-02-05 00:00:00,-1.0,-7.0,6.0,10.0,10.0,1.48,740.0,230.0,104.0,0.8,0.69,32.1,30.4,0.52,0.52,0.0,0.0,1.3,1.3,26200.0,G09_60_H10
2024-02-06 00:00:00,0.0,-3.0,7.0,12.0,18.0,1.68,840.0,208.0,100.0,0.82,0.69,32.1,29.2,0.5,0.52,0.0,0.0,1.3,1.3,26200.0,G09_60_H10
2024-02-07 00:00:00,4.0,-4.0,8.0,35.0,175.0,1.85,925.0,211.8,109.0,0.88,0.8,30.9,29.8,0.48,0.5,0.0,0.0,1.3,1.3,26200.0,G09_60_H10
2024-02-08 00:00:00,7.0,-4.0,9.0,8.0,17.0,2.09,1045.0,175.0,109.0,0.88,0.77,30.9,29.6,0.48,0.52,0.0,0.0,1.3,1.3,26200.0,G09_60_H10
2024-02-09 00:00:00,10.0,-1.0,10.0,7.0,13.0,2.11,1055.0,159.0,132.0,0.93,0.8,30.2,29.0,0.47,0.53,0.0,0.0,1.3,1.3,26200.0,G09_60_H10
2024-02-10 00:00:00,15.0,0.0,11.0,5.0,6.0,2.51,1255.0,118.0,41.0,0.93,0.8,30.2,28.7,0.46,0.55,0.0,0.0,1.3,1.3,26200.0,G09_60_H10
2024-02-11 00:00:00,15.0,1.0,12.0,6.0,22.0,2.93,1465.0,70.0,64.0,0.96,0.84,29.7,27.8,0.43,0.53,0.0,0.0,1.3,1.3,26200.0,G09_60_H10
2024-02-12 00:00:00,18.0,4.0,13.0,8.0,65.0,3.24,1620.0,69.0,50.0,0.9,0.81,30.2,27.9,0.43,0.51,0.0,0.0,1.3,1.3,26200.0,G09_60_H10
2024-02-13 00:00:00,20.0,6.0,14.0,10.0,64.0,3.54,1770.0,38.0,50.0,0.97,0.86,29.7,27.6,0.42,0.54,0.0,0.0,1.4,1.4,26200.0,G09_60_H10
2024-02-14 00:00:00,22.0,4.0,15.0,8.0,42.0,3.64,1820.0,25.0,36.0,0.96,0.72,30.4,26.8,0.42,1.0,0.0,0.0,1.4,1.4,26200.0,G09_60_H10
2024-02-15 00:00:00,7.0,-2.0,16.0,7.0,47.0,4.14,2070.0,28.0,64.0,0.96,0.87,28.0,26.5,0.42,0.47,0.0,0.0,1.4,1.4,26200.0,G09_60_H10
2024-02-16 00:00:00,10.0,1.0,17.0,8.0,112.0,4.47,2235.0,93.0,68.0,0.97,0.8,27.7,26.1,0.42,0.5,0.0,0.0,1.4,1.4,26200.0,G09_60_H10
2024-02-17 00:00:00,17.0,3.0,18.0,7.0,53.0,4.57,2285.0,53.0,77.0,0.97,0.81,28.6,26.1,0.49,0.69,0.0,0.0,1.5,1.5,26200.0,G09_60_H10
2024-02-18 00:00:00,23.0,12.0,19.0,7.0,21.0,4.93,2465.0,8.0,64.0,0.93,0.8,29.4,26.3,0.5,1.1,0.0,0.0,1.5,1.5,26200.0,G09_60_H10
2024-02-19 00:00:00,13.0,3.0,20.0,8.0,36.0,5.27,2635.0,3.0,82.0,0.91,0.83,27.8,25.7,0.5,0.6,0.0,0.0,1.5,1.5,26200.0,G09_60_H10
2024-02-20 00:00:00,3.0,0.0,21.0,6.0,22.0,5.7,2850.0,101.0,77.0,0.96,0.83,26.4,24.8,0.45,0.5,0.0,0.0,1.5,1.5,26200.0,G09_60_H10
2024-02-21 00:00:00,0.0,-1.0,22.0,7.0,20.0,5.79,2895.0,137.5,114.0,0.96,0.83,26.4,24.8,0.45,0.5,0.0,0.0,1.5,1.5,26200.0,G09_60_H10
2024-02-22 00:00:00,0.0,-3.0,23.0,6.0,25.0,6.07,3035.0,199.0,118.0,0.92,0.8,26.1,24.4,0.43,0.46,0.0,0.0,1.5,1.5,26200.0,G09_60_H10
2024-02-23 00:00:00,1.0,-2.0,24.0,5.0,17.0,6.57,3285.0,187.0,109.0,0.94,0.82,25.8,24.4,0.43,0.45,0.0,0.0,1.5,1.5,26200.0,G09_60_H10
2024-02-24 00:00:00,1.0,-3.0,25.0,7.0,13.0,6.7,3350.0,156.0,118.0,0.96,0.85,26.0,23.9,0.4,0.43,0.0,0.0,1.5,1.5,26200.0,G09_60_H10
2024-02-25 00:00:00,5.0,-1.0,26.0,6.0,13.0,6.7,3350.0,151.0,104.0,0.91,0.85,25.9,24.0,0.4,0.45,0.0,0.0,1.5,1.5,26200.0,G09_60_H10
2024-02-26 00:00:00,7.0,-2.0,27.0,5.0,8.0,7.26,3630.0,96.0,100.0,0.92,0.85,25.9,24.0,0.38,0.45,0.0,0.0,1.5,1.5,26200.0,G09_60_H10
2024-02-27 00:00:00,8.0,0.0,28.0,7.0,15.0,7.59,3795.0,48.0,95.0,0.92,0.83,25.9,23.6,0.37,0.5,0.0,0.0,1.7,1.7,26200.0,G09_60_H10
2024-02-28 00:00:00,5.0,2.0,29.0,5.0,26.0,7.61,3805.0,41.0,91.0,0.92,0.78,25.7,23.5,0.36,0.41,0.0,0.0,1.7,1.7,26200.0,G09_60_H10
2024-02-29 00:00:00,4.0,-2.0,30.0,6.0,14.0,7.38,3690.0,37.0,86.0,0.93,0.83,25.7,23.1,0.34,0.4,0.0,0.0,1.7,1.7,26200.0,G09_60_H10
2024-03-01 00:00:00,6.0,-1.0,31.0,10.0,24.0,7.9,3950.0,90.0,114.0,0.93,0.88,24.9,22.7,0.34,0.42,0.0,0.0,1.7,1.7,26200.0,G09_60_H10
2024-03-02 00:00:00,11.0,0.0,32.0,8.0,21.0,7.53,3765.0,73.0,100.0,0.92,0.83,25.0,22.4,0.34,0.49,0.0,0.0,1.7,1.7,26200.0,G09_60_H10
2024-03-03 00:00:00,14.0,3.0,33.0,33.0,12.0,8.02,4010.0,17.0,90.0,0.94,0.79,26.0,22.3,0.32,0.88,0.0,0.0,1.7,1.7,26200.0,G09_60_H10
2024-03-04 00:00:00,10.0,7.0,34.0,30.0,4.0,8.13,4065.0,4.0,100.0,0.97,0.87,24.9,22.9,0.32,0.42,0.0,0.0,1.9,1.9,26200.0,G09_60_H10
2024-03-05 00:00:00,9.0,5.0,35.0,35.0,5.0,8.2,4100.0,3.0,91.0,0.94,0.93,24.7,21.8,0.32,0.44,0.0,0.0,1.9,1.9,26200.0,G09_60_H10
2024-03-06 00:00:00,10.0,0.0,36.0,41.0,5.0,8.48,4240.0,10.0,91.0,0.94,0.85,24.4,21.0,0.32,0.4,0.0,0.0,1.9,1.9,26200.0,G09_60_H10
2024-03-07 00:00:00,14.0,1.0,37.0,42.0,4.0,8.42,4210.0,46.0,143.0,0.94,0.75,24.1,20.5,0.3,0.6,0.0,0.0,1.9,3.0,26200.0,G09_60_H10
2024-03-08 00:00:00,12.0,0.0,38.0,40.0,0.0,8.26,4130.0,13.0,211.0,0.98,0.71,23.3,19.8,0.3,0.53,0.0,0.0,1.9,3.0,26200.0,G09_60_H10
2024-01-30 00:00:00,10.0,4.0,0.0,0.0,0.0,0.0,0.0,0.0,0.0,0.0,0.0,0.0,0.0,0.0,0.0,0.0,0.0,0.0,0.0,26300.0,G09_60_H11
2024-01-31 00:00:00,11.0,5.0,1.0,8.0,3.0,0.65,325.0,484.0,323.0,0.63,0.53,34.9,33.2,0.6,0.6,0.0,0.0,1.0,1.0,26300.0,G09_60_H11
2024-02-01 00:00:00,2.0,-1.0,2.0,10.0,21.0,0.9,450.0,347.0,104.0,0.62,0.54,34.1,32.6,0.57,0.57,0.0,0.0,1.0,1.0,26300.0,G09_60_H11
2024-02-02 00:00:00,1.0,-2.0,3.0,8.0,12.0,1.1,550.0,244.0,114.0,0.62,0.54,34.1,32.6,0.57,0.57,0.0,0.0,1.0,1.0,26300.0,G09_60_H11
2024-02-03 00:00:00,0.0,-1.0,4.0,7.0,6.0,1.21,605.0,238.0,95.0,0.69,0.61,329.0,31.0,0.57,0.57,0.0,0.0,1.0,1.0,26300.0,G09_60_H11
2024-02-04 00:00:00,0.0,-3.0,5.0,10.0,14.0,1.23,615.0,215.0,109.0,0.73,0.61,32.9,30.8,0.53,0.55,0.0,0.0,1.0,1.0,26300.0,G09_60_H11
2024-02-05 00:00:00,-1.0,-7.0,6.0,8.0,8.0,1.32,660.0,230.0,104.0,0.76,0.69,31.3,29.9,0.52,0.52,0.0,0.0,1.3,1.3,26300.0,G09_60_H11
2024-02-06 00:00:00,0.0,-3.0,7.0,10.0,18.0,1.64,820.0,208.0,100.0,0.79,0.69,31.3,29.7,0.5,0.52,0.0,0.0,1.3,1.3,26300.0,G09_60_H11
2024-02-07 00:00:00,4.0,-4.0,8.0,28.0,162.0,1.94,970.0,211.8,109.0,0.84,0.74,30.9,29.8,0.48,0.5,0.0,0.0,1.3,1.3,26300.0,G09_60_H11
2024-02-08 00:00:00,7.0,-4.0,9.0,6.0,8.0,2.0,1000.0,175.0,109.0,0.84,0.72,31.3,29.0,0.48,0.52,0.0,0.0,1.3,1.3,26300.0,G09_60_H11
2024-02-09 00:00:00,10.0,-1.0,10.0,6.0,3.0,2.18,1090.0,159.0,132.0,0.85,0.77,29.7,28.6,0.47,0.53,0.0,0.0,1.3,1.3,26300.0,G09_60_H11
2024-02-10 00:00:00,15.0,0.0,11.0,2.0,5.0,2.75,1375.0,118.0,41.0,0.85,0.77,29.7,28.2,0.47,0.53,0.0,0.0,1.3,1.3,26300.0,G09_60_H11
2024-02-11 00:00:00,15.0,1.0,12.0,3.0,3.0,3.11,1555.0,70.0,64.0,0.85,0.76,29.7,27.5,0.45,0.54,0.0,0.0,1.3,1.3,26300.0,G09_60_H11
2024-02-12 00:00:00,18.0,4.0,13.0,6.0,20.0,3.29,1645.0,69.0,50.0,0.88,0.72,30.0,27.1,0.45,0.56,0.0,0.0,1.3,1.3,26300.0,G09_60_H11
2024-02-13 00:00:00,20.0,6.0,14.0,5.0,5.0,3.63,1815.0,38.0,50.0,0.84,0.75,29.8,27.1,0.45,0.6,0.0,0.0,1.4,1.4,26300.0,G09_60_H11
2024-02-14 00:00:00,22.0,4.0,15.0,7.0,42.0,3.85,1925.0,25.0,36.0,0.84,0.61,30.7,26.7,0.45,1.2,0.0,0.0,1.4,1.4,26300.0,G09_60_H11
2024-02-15 00:00:00,7.0,-2.0,16.0,8.0,42.0,4.5,2250.0,28.0,64.0,0.83,0.76,28.0,26.3,0.45,0.5,0.0,0.0,1.4,1.4,26300.0,G09_60_H11
2024-02-16 00:00:00,10.0,1.0,17.0,10.0,64.0,4.67,2335.0,93.0,68.0,0.84,0.67,27.5,25.6,0.45,0.52,0.0,0.0,1.4,1.4,26300.0,G09_60_H11
2024-02-17 00:00:00,17.0,3.0,18.0,7.0,21.0,4.76,2380.0,53.0,77.0,0.84,0.72,29.0,25.7,0.49,0.69,0.0,0.0,1.5,1.5,26300.0,G09_60_H11
2024-02-18 00:00:00,23.0,12.0,19.0,8.0,34.0,5.24,2620.0,8.0,64.0,0.83,0.71,29.8,26.0,0.52,1.3,0.0,0.0,1.5,1.5,26300.0,G09_60_H11
2024-02-19 00:00:00,13.0,3.0,20.0,7.0,15.0,5.62,2810.0,3.0,82.0,0.84,0.08,27.8,25.1,0.5,0.6,0.0,0.0,1.5,1.5,26300.0,G09_60_H11
2024-02-20 00:00:00,3.0,0.0,21.0,5.0,25.0,5.6,2800.0,101.0,77.0,0.85,0.72,26.3,24.7,0.48,0.52,0.0,0.0,1.5,1.5,26300.0,G09_60_H11
2024-02-21 00:00:00,0.0,-1.0,22.0,5.0,9.0,6.0,3000.0,137.5,114.0,0.85,0.72,26.3,24.7,0.48,0.52,0.0,0.0,1.5,1.5,26300.0,G09_60_H11
2024-02-22 00:00:00,0.0,-3.0,23.0,5.0,10.0,6.39,3195.0,199.0,118.0,0.93,0.72,26.2,24.4,0.45,0.48,0.0,0.0,1.5,1.5,26300.0,G09_60_H11
2024-02-23 00:00:00,1.0,-2.0,24.0,4.0,6.0,6.59,3295.0,187.0,109.0,0.93,0.77,25.6,24.3,0.44,0.47,0.0,0.0,1.5,1.5,26300.0,G09_60_H11
2024-02-24 00:00:00,1.0,-3.0,25.0,5.0,10.0,6.62,3310.0,156.0,118.0,0.84,0.73,25.8,24.1,0.42,0.45,0.0,0.0,1.5,1.5,26300.0,G09_60_H11
2024-02-25 00:00:00,5.0,-1.0,26.0,7.0,22.0,7.15,3575.0,151.0,104.0,0.93,0.78,25.7,23.8,0.43,0.5,0.0,0.0,1.5,1.5,26300.0,G09_60_H11
2024-02-26 00:00:00,7.0,-2.0,27.0,8.0,20.0,7.45,3725.0,96.0,100.0,0.94,0.74,26.0,23.8,0.4,0.47,0.0,0.0,1.5,1.5,26300.0,G09_60_H11
2024-02-27 00:00:00,8.0,0.0,28.0,7.0,18.0,7.53,3765.0,48.0,95.0,0.9,0.75,26.0,23.5,0.38,0.5,0.0,0.0,1.7,1.7,26300.0,G09_60_H11
2024-02-28 00:00:00,5.0,2.0,29.0,6.0,30.0,7.52,3760.0,41.0,91.0,0.89,0.7,25.6,23.2,0.38,0.44,0.0,0.0,1.7,1.7,26300.0,G09_60_H11
2024-02-29 00:00:00,4.0,-2.0,30.0,5.0,23.0,7.8,3900.0,37.0,86.0,0.85,0.8,25.9,23.0,0.36,0.41,0.0,0.0,1.7,1.7,26300.0,G09_60_H11
2024-03-01 00:00:00,6.0,-1.0,31.0,8.0,36.0,8.18,4090.0,90.0,114.0,0.92,0.79,24.9,22.4,0.36,0.4,0.0,0.0,1.7,1.7,26300.0,G09_60_H11
2024-03-02 00:00:00,11.0,0.0,32.0,10.0,26.0,7.46,3730.0,73.0,100.0,0.85,0.71,25.2,22.3,0.36,0.51,0.0,0.0,1.7,1.7,26300.0,G09_60_H11
2024-03-03 00:00:00,14.0,3.0,33.0,27.0,10.0,8.2,4100.0,17.0,90.0,0.89,0.65,26.2,22.0,0.34,1.0,0.0,0.0,1.7,1.7,26300.0,G09_60_H11
2024-03-04 00:00:00,10.0,7.0,34.0,60.0,15.0,8.15,4075.0,4.0,100.0,0.84,0.76,24.9,22.6,0.34,0.43,0.0,0.0,1.9,1.9,26300.0,G09_60_H11
2024-03-05 00:00:00,9.0,5.0,35.0,43.0,4.0,7.81,3905.0,3.0,91.0,0.95,0.82,24.5,21.7,0.34,0.43,0.0,0.0,1.9,1.9,26300.0,G09_60_H11
2024-03-06 00:00:00,10.0,0.0,36.0,37.0,3.0,8.35,4175.0,10.0,91.0,0.92,0.77,23.6,20.9,0.33,0.38,0.0,0.0,1.9,1.9,26300.0,G09_60_H11
2024-03-07 00:00:00,14.0,1.0,37.0,39.0,3.0,7.67,3835.0,47.0,143.0,0.85,0.6,23.8,20.1,0.3,0.6,0.0,0.0,1.9,3.0,26300.0,G09_60_H11
2024-03-08 00:00:00,12.0,0.0,38.0,0.0,0.0,0.0,0.0,0.0,0.0,0.0,0.0,0.0,0.0,0.0,0.0,0.0,0.0,0.0,0.0,26300.0,G09_60_H11
2024-01-30 00:00:00,10.0,4.0,0.0,0.0,0.0,0.0,0.0,0.0,0.0,0.0,0.0,0.0,0.0,0.0,0.0,0.0,0.0,0.0,0.0,26300.0,G09_60_H12
2024-01-31 00:00:00,11.0,5.0,1.0,16.0,0.0,0.65,325.0,484.0,323.0,0.67,0.54,35.0,33.1,0.6,0.6,0.0,0.0,1.0,1.0,26300.0,G09_60_H12
2024-02-01 00:00:00,2.0,-1.0,2.0,6.0,0.0,0.9,450.0,347.0,105.0,0.63,0.55,34.1,32.6,0.57,0.57,0.0,0.0,1.0,1.0,26300.0,G09_60_H12
2024-02-02 00:00:00,1.0,-2.0,3.0,14.0,0.0,1.1,550.0,244.0,114.0,0.63,0.55,34.1,32.6,0.57,0.57,0.0,0.0,1.0,1.0,26300.0,G09_60_H12
2024-02-03 00:00:00,0.0,-1.0,4.0,4.0,0.0,1.21,605.0,238.0,95.0,0.7,0.63,32.8,31.0,0.57,0.57,0.0,0.0,1.0,1.0,26300.0,G09_60_H12
2024-02-04 00:00:00,0.0,-3.0,5.0,12.0,1.0,1.23,615.0,215.0,109.0,0.75,0.63,32.8,30.9,0.53,0.55,0.0,0.0,1.0,1.0,26300.0,G09_60_H12
2024-02-05 00:00:00,-1.0,-7.0,6.0,8.0,2.0,1.42,710.0,230.0,105.0,0.78,0.72,31.3,29.9,0.52,0.52,0.0,0.0,1.3,1.3,26300.0,G09_60_H12
2024-02-06 00:00:00,0.0,-3.0,7.0,7.0,2.0,1.73,865.0,208.0,100.0,0.82,0.72,31.3,29.7,0.5,0.52,0.0,0.0,1.3,1.3,26300.0,G09_60_H12
2024-02-07 00:00:00,4.0,-4.0,8.0,12.0,193.0,1.99,995.0,211.8,109.0,0.87,0.77,30.5,29.0,0.48,0.5,0.0,0.0,1.3,1.3,26300.0,G09_60_H12
2024-02-08 00:00:00,7.0,-4.0,9.0,19.0,3.0,2.26,1130.0,175.0,109.0,0.87,0.77,30.2,29.0,0.48,0.52,0.0,0.0,1.3,1.3,26300.0,G09_60_H12
2024-02-09 00:00:00,10.0,-1.0,10.0,10.0,3.0,2.35,1175.0,159.0,132.0,0.92,0.8,29.4,28.5,0.47,0.53,0.0,0.0,1.3,1.3,26300.0,G09_60_H12
2024-02-10 00:00:00,15.0,0.0,11.0,7.0,0.0,3.02,1510.0,118.0,41.0,0.92,0.8,29.4,28.2,0.47,0.53,0.0,0.0,1.3,1.3,26300.0,G09_60_H12
2024-02-11 00:00:00,15.0,1.0,12.0,5.0,7.0,3.41,1705.0,70.0,64.0,0.94,0.81,30.0,27.9,0.45,0.54,0.0,0.0,1.3,1.3,26300.0,G09_60_H12
2024-02-12 00:00:00,18.0,4.0,13.0,13.0,11.0,3.65,1825.0,69.0,50.0,0.95,0.78,30.1,27.4,0.45,0.56,0.0,0.0,1.3,1.3,26300.0,G09_60_H12
2024-02-13 00:00:00,20.0,6.0,14.0,19.0,11.0,3.8,1900.0,38.0,50.0,0.95,0.82,29.8,27.3,0.45,0.6,0.0,0.0,1.4,1.4,26300.0,G09_60_H12
2024-02-14 00:00:00,22.0,4.0,15.0,28.0,26.0,3.84,1920.0,25.0,36.0,0.94,0.67,30.3,26.7,0.45,1.2,0.0,0.0,1.4,1.4,26300.0,G09_60_H12
2024-02-15 00:00:00,7.0,-2.0,16.0,27.0,5.0,4.47,2235.0,28.0,64.0,0.93,0.82,28.3,26.4,0.45,0.5,0.0,0.0,1.4,1.4,26300.0,G09_60_H12
2024-02-16 00:00:00,10.0,1.0,17.0,30.0,54.0,4.5,2250.0,93.0,68.0,0.93,0.76,27.4,25.8,0.45,0.52,0.0,0.0,1.4,1.4,26300.0,G09_60_H12
2024-02-17 00:00:00,17.0,3.0,18.0,12.0,5.0,4.8,2400.0,53.0,77.0,0.94,0.77,28.5,25.7,0.52,0.7,0.0,0.0,1.5,1.5,26300.0,G09_60_H12
2024-02-18 00:00:00,23.0,12.0,19.0,21.0,5.0,5.28,2640.0,8.0,64.0,0.9,0.78,29.8,26.0,0.52,1.3,0.0,0.0,1.5,1.5,26300.0,G09_60_H12
2024-02-19 00:00:00,13.0,3.0,20.0,20.0,15.0,5.78,2890.0,3.0,82.0,0.92,0.86,28.0,25.1,0.52,0.65,0.0,0.0,1.5,1.5,26300.0,G09_60_H12
2024-02-20 00:00:00,3.0,0.0,21.0,10.0,14.0,5.76,2880.0,101.0,77.0,0.93,0.77,26.3,24.7,0.48,0.52,0.0,0.0,1.5,1.5,26300.0,G09_60_H12
2024-02-21 00:00:00,0.0,-1.0,22.0,6.0,7.0,6.3,3150.0,137.5,114.0,0.93,0.77,26.3,24.7,0.48,0.52,0.0,0.0,1.5,1.5,26300.0,G09_60_H12
2024-02-22 00:00:00,0.0,-3.0,23.0,10.0,4.0,6.96,3480.0,199.0,118.0,0.92,0.76,25.9,24.3,0.45,0.48,0.0,0.0,1.5,1.5,26300.0,G09_60_H12
2024-02-23 00:00:00,1.0,-2.0,24.0,9.0,5.0,6.96,3480.0,187.0,109.0,0.93,0.76,25.8,24.1,0.44,0.47,0.0,0.0,1.5,1.5,26300.0,G09_60_H12
2024-02-24 00:00:00,1.0,-3.0,25.0,10.0,20.0,7.11,3555.0,156.0,118.0,0.94,0.78,25.7,24.2,0.42,0.45,0.0,0.0,1.5,1.5,26300.0,G09_60_H12
2024-02-25 00:00:00,5.0,-1.0,26.0,10.0,14.0,7.49,3745.0,151.0,105.0,0.94,0.78,25.7,24.0,0.43,0.5,0.0,0.0,1.5,1.5,26300.0,G09_60_H12
2024-02-26 00:00:00,7.0,-2.0,27.0,4.0,12.0,7.5,3750.0,96.0,100.0,0.95,0.79,25.8,23.9,0.4,0.47,0.0,0.0,1.5,1.5,26300.0,G09_60_H12
2024-02-27 00:00:00,8.0,0.0,28.0,10.0,12.0,7.5,3750.0,48.0,95.0,0.94,0.79,25.6,23.6,0.38,0.5,0.0,0.0,1.7,1.7,26300.0,G09_60_H12
2024-02-28 00:00:00,5.0,2.0,29.0,20.0,60.0,7.72,3860.0,41.0,91.0,0.96,0.81,25.5,23.3,0.38,0.44,0.0,0.0,1.7,1.7,26300.0,G09_60_H12
2024-02-29 00:00:00,4.0,-2.0,30.0,22.0,40.0,7.71,3855.0,37.0,86.0,0.96,0.9,25.7,23.0,0.36,0.41,0.0,0.0,1.7,1.7,26300.0,G09_60_H12
2024-03-01 00:00:00,6.0,-1.0,31.0,30.0,75.0,8.0,4000.0,90.0,114.0,0.94,0.83,24.7,22.5,0.36,0.4,0.0,0.0,1.7,1.7,26300.0,G09_60_H12
2024-03-02 00:00:00,11.0,0.0,32.0,22.0,19.0,7.9,3950.0,73.0,100.0,0.95,0.76,24.9,22.2,0.36,0.51,0.0,0.0,1.7,1.7,26300.0,G09_60_H12
2024-03-03 00:00:00,14.0,3.0,33.0,29.0,30.0,8.22,4110.0,17.0,90.0,0.96,0.72,25.9,22.4,0.34,1.0,0.0,0.0,1.7,1.7,26300.0,G09_60_H12
2024-03-04 00:00:00,10.0,7.0,34.0,47.0,20.0,8.12,4060.0,4.0,100.0,0.92,0.83,24.6,22.6,0.34,0.43,0.0,0.0,1.9,1.9,26300.0,G09_60_H12
2024-03-05 00:00:00,9.0,5.0,35.0,35.0,19.0,7.73,3865.0,3.0,91.0,0.95,0.89,24.5,21.5,0.34,0.43,0.0,0.0,1.9,1.9,26300.0,G09_60_H12
2024-03-06 00:00:00,10.0,0.0,36.0,60.0,20.0,7.73,3865.0,10.0,91.0,0.95,0.78,23.8,21.0,0.33,0.38,0.0,0.0,1.9,1.9,26300.0,G09_60_H12
2024-03-07 00:00:00,14.0,1.0,37.0,54.0,0.0,7.29,3645.0,47.0,143.0,0.93,0.68,24.0,20.1,0.3,0.6,0.0,0.0,1.9,3.0,26300.0,G09_60_H12
2024-03-08 00:00:00,12.0,0.0,38.0,0.0,0.0,0.0,0.0,0.0,0.0,0.0,0.0,0.0,0.0,0.0,0.0,0.0,0.0,0.0,0.0,26300.0,G09_60_H12
2024-01-30 00:00:00,10.0,4.0,0.0,0.0,0.0,0.0,0.0,0.0,0.0,0.0,0.0,0.0,0.0,0.0,0.0,0.0,0.0,0.0,0.0,24500.0,G09_60_H13
2024-01-31 00:00:00,11.0,5.0,1.0,23.0,0.0,0.6,300.0,484.0,323.0,0.71,0.61,35.2,33.0,0.6,0.6,0.0,0.0,1.0,1.0,24500.0,G09_60_H13
2024-02-01 00:00:00,2.0,-1.0,2.0,16.0,0.0,0.8,400.0,347.0,105.0,0.71,0.61,34.4,32.2,0.57,0.57,0.0,0.0,1.0,1.0,24500.0,G09_60_H13
2024-02-02 00:00:00,1.0,-2.0,3.0,15.0,0.0,1.03,515.0,244.0,114.0,0.71,0.61,34.4,32.2,0.57,0.57,0.0,0.0,1.0,1.0,24500.0,G09_60_H13
2024-02-03 00:00:00,0.0,-1.0,4.0,5.0,0.0,1.13,565.0,238.0,95.0,0.77,0.69,33.1,31.0,0.57,0.57,0.0,0.0,1.0,1.0,24500.0,G09_60_H13
2024-02-04 00:00:00,0.0,-3.0,5.0,14.0,0.0,1.2,600.0,215.0,109.0,0.81,0.69,33.1,30.8,0.53,0.55,0.0,0.0,1.0,1.0,24500.0,G09_60_H13
2024-02-05 00:00:00,-1.0,-7.0,6.0,9.0,2.0,1.42,710.0,230.0,105.0,0.85,0.76,32.0,29.4,0.52,0.52,0.0,0.0,1.3,1.3,24500.0,G09_60_H13
2024-02-06 00:00:00,0.0,-3.0,7.0,10.0,4.0,1.77,885.0,208.0,100.0,0.87,0.76,32.0,29.4,0.5,0.52,0.0,0.0,1.3,1.3,24500.0,G09_60_H13
2024-02-07 00:00:00,4.0,-4.0,8.0,14.0,203.0,2.04,1020.0,211.8,109.0,0.89,0.82,30.2,29.2,0.48,0.5,0.0,0.0,1.3,1.3,24500.0,G09_60_H13
2024-02-08 00:00:00,7.0,-4.0,9.0,15.0,4.0,2.09,1045.0,175.0,109.0,0.89,0.82,30.7,29.2,0.48,0.52,0.0,0.0,1.3,1.3,24500.0,G09_60_H13
2024-02-09 00:00:00,10.0,-1.0,10.0,9.0,2.0,2.1,1050.0,159.0,132.0,0.9,0.84,30.0,28.8,0.47,0.53,0.0,0.0,1.3,1.3,24500.0,G09_60_H13
2024-02-10 00:00:00,15.0,0.0,11.0,6.0,0.0,2.74,1370.0,118.0,41.0,0.9,0.84,30.0,28.4,0.47,0.55,0.0,0.0,1.3,1.3,24500.0,G09_60_H13
2024-02-11 00:00:00,15.0,1.0,12.0,7.0,11.0,3.09,1545.0,70.0,64.0,0.93,0.8,30.0,27.7,0.45,0.54,0.0,0.0,1.3,1.3,24500.0,G09_60_H13
2024-02-12 00:00:00,18.0,4.0,13.0,10.0,8.0,3.29,1645.0,69.0,50.0,0.93,0.77,30.3,27.1,0.45,0.56,0.0,0.0,1.3,1.3,24500.0,G09_60_H13
2024-02-13 00:00:00,20.0,6.0,14.0,9.0,7.0,3.49,1745.0,38.0,50.0,0.92,0.82,29.7,27.2,0.45,0.6,0.0,0.0,1.4,1.4,24500.0,G09_60_H13
2024-02-14 00:00:00,22.0,4.0,15.0,12.0,10.0,3.8,1900.0,26.0,36.0,0.92,0.67,30.5,26.6,0.45,1.2,0.0,0.0,1.4,1.4,24500.0,G09_60_H13
2024-02-15 00:00:00,7.0,-2.0,16.0,14.0,3.0,4.16,2080.0,28.0,64.0,0.9,0.84,28.1,26.3,0.45,0.5,0.0,0.0,1.4,1.4,24500.0,G09_60_H13
2024-02-16 00:00:00,10.0,1.0,17.0,18.0,40.0,4.2,2100.0,93.0,68.0,0.9,0.75,27.5,25.8,0.45,0.52,0.0,0.0,1.4,1.4,24500.0,G09_60_H13
2024-02-17 00:00:00,17.0,3.0,18.0,20.0,5.0,4.41,2205.0,53.0,77.0,0.91,0.77,28.4,25.8,0.52,0.7,0.0,0.0,1.5,1.5,24500.0,G09_60_H13
2024-02-18 00:00:00,23.0,12.0,19.0,15.0,2.0,5.02,2510.0,8.0,64.0,0.9,0.79,29.4,25.9,0.52,1.3,0.0,0.0,1.5,1.5,24500.0,G09_60_H13
2024-02-19 00:00:00,13.0,3.0,20.0,19.0,9.0,5.69,2845.0,3.0,82.0,0.91,0.84,27.9,25.2,0.52,0.65,0.0,0.0,1.5,1.5,24500.0,G09_60_H13
2024-02-20 00:00:00,3.0,0.0,21.0,14.0,6.0,5.7,2850.0,101.0,77.0,0.9,0.78,26.6,24.3,0.48,0.52,0.0,0.0,1.5,1.5,24500.0,G09_60_H13
2024-02-21 00:00:00,0.0,-1.0,22.0,8.0,7.0,5.94,2970.0,137.5,114.0,0.9,0.78,26.6,24.3,0.48,0.52,0.0,0.0,1.5,1.5,24500.0,G09_60_H13
2024-02-22 00:00:00,0.0,-3.0,23.0,11.0,9.0,6.39,3195.0,199.0,118.0,0.9,0.78,26.0,24.1,0.45,0.48,0.0,0.0,1.5,1.5,24500.0,G09_60_H13
2024-02-23 00:00:00,1.0,-2.0,24.0,16.0,7.0,6.58,3290.0,187.0,109.0,0.91,0.79,26.0,24.0,0.44,0.47,0.0,0.0,1.5,1.5,24500.0,G09_60_H13
2024-02-24 00:00:00,1.0,-3.0,25.0,12.0,18.0,6.91,3455.0,156.0,118.0,0.91,0.81,26.0,23.9,0.42,0.45,0.0,0.0,1.5,1.5,24500.0,G09_60_H13
2024-02-25 00:00:00,5.0,-1.0,26.0,9.0,17.0,7.0,3500.0,151.0,105.0,0.9,0.8,25.9,23.6,0.43,0.5,0.0,0.0,1.5,1.5,24500.0,G09_60_H13
2024-02-26 00:00:00,7.0,-2.0,27.0,10.0,16.0,7.19,3595.0,96.0,100.0,0.92,0.79,25.6,23.6,0.4,0.47,0.0,0.0,1.5,1.5,24500.0,G09_60_H13
2024-02-27 00:00:00,8.0,0.0,28.0,12.0,14.0,7.55,3775.0,48.0,95.0,0.94,0.79,26.1,23.5,0.38,0.5,0.0,0.0,1.7,1.7,24500.0,G09_60_H13
2024-02-28 00:00:00,5.0,2.0,29.0,13.0,12.0,7.69,3845.0,41.0,91.0,0.94,0.82,25.6,23.1,0.38,0.44,0.0,0.0,1.7,1.7,24500.0,G09_60_H13
2024-02-29 00:00:00,4.0,-2.0,30.0,15.0,30.0,7.96,3980.0,37.0,86.0,0.94,0.89,25.3,22.8,0.36,0.41,0.0,0.0,1.7,1.7,24500.0,G09_60_H13
2024-03-01 00:00:00,6.0,-1.0,31.0,20.0,60.0,7.7,3850.0,90.0,114.0,0.92,0.83,24.3,22.2,0.36,0.4,0.0,0.0,1.7,1.7,24500.0,G09_60_H13
2024-03-02 00:00:00,11.0,0.0,32.0,20.0,18.0,7.35,3675.0,73.0,100.0,0.93,0.79,24.8,22.1,0.36,0.51,0.0,0.0,1.7,1.7,24500.0,G09_60_H13
2024-03-03 00:00:00,14.0,3.0,33.0,35.0,28.0,7.58,3790.0,18.0,90.0,0.94,0.74,26.0,22.1,0.34,1.0,0.0,0.0,1.7,1.7,24500.0,G09_60_H13
2024-03-04 00:00:00,10.0,7.0,34.0,39.0,26.0,7.44,3720.0,4.0,100.0,0.92,0.87,24.7,21.7,0.34,0.43,0.0,0.0,1.8,1.8,24500.0,G09_60_H13
2024-03-05 00:00:00,9.0,5.0,35.0,80.0,20.0,7.08,3540.0,3.0,91.0,0.94,0.9,24.2,21.2,0.34,0.43,0.0,0.0,1.8,1.8,24500.0,G09_60_H13
2024-03-06 00:00:00,10.0,0.0,36.0,96.0,8.0,7.24,3620.0,10.0,91.0,0.93,0.81,23.3,21.0,0.33,0.38,0.0,0.0,1.8,1.8,24500.0,G09_60_H13
2024-03-07 00:00:00,14.0,1.0,37.0,0.0,0.0,0.0,0.0,0.0,0.0,0.0,0.0,0.0,0.0,0.0,0.0,0.0,0.0,0.0,0.0,24500.0,G09_60_H13
2024-03-08 00:00:00,12.0,0.0,38.0,0.0,0.0,0.0,0.0,0.0,0.0,0.0,0.0,0.0,0.0,0.0,0.0,0.0,0.0,0.0,0.0,24500.0,G09_60_H13
2024-01-30 00:00:00,10.0,4.0,0.0,0.0,0.0,0.0,0.0,0.0,0.0,0.0,0.0,0.0,0.0,0.0,0.0,0.0,0.0,0.0,0.0,24000.0,G09_60_H14
2024-01-31 00:00:00,11.0,5.0,1.0,24.0,0.0,0.6,300.0,484.0,324.0,0.62,0.53,35.2,33.0,0.6,0.6,0.0,0.0,1.0,1.0,24000.0,G09_60_H14
2024-02-01 00:00:00,2.0,-1.0,2.0,11.0,5.0,0.8,400.0,347.0,105.0,0.6,0.51,34.6,32.3,0.57,0.57,0.0,0.0,1.0,1.0,24000.0,G09_60_H14
2024-02-02 00:00:00,1.0,-2.0,3.0,8.0,12.0,1.01,505.0,244.0,114.0,0.6,0.51,34.6,32.3,0.57,0.57,0.0,0.0,1.0,1.0,24000.0,G09_60_H14
2024-02-03 00:00:00,0.0,-1.0,4.0,10.0,16.0,1.1,550.0,238.0,96.0,0.67,0.59,33.2,31.0,0.57,0.57,0.0,0.0,1.0,1.0,24000.0,G09_60_H14
2024-02-04 00:00:00,0.0,-3.0,5.0,8.0,16.0,1.15,575.0,215.0,109.0,0.71,0.59,33.2,30.7,0.53,0.55,0.0,0.0,1.0,1.0,24000.0,G09_60_H14
2024-02-05 00:00:00,-1.0,-7.0,6.0,6.0,10.0,1.2,600.0,230.0,105.0,0.76,0.68,31.6,29.7,0.52,0.52,0.0,0.0,1.3,1.3,24000.0,G09_60_H14
2024-02-06 00:00:00,0.0,-3.0,7.0,10.0,17.0,1.54,770.0,208.0,100.0,0.79,0.68,31.6,29.7,0.5,0.52,0.0,0.0,1.3,1.3,24000.0,G09_60_H14
2024-02-07 00:00:00,4.0,-4.0,8.0,18.0,152.0,1.8,900.0,211.8,109.0,0.8,0.72,30.7,29.4,0.48,0.5,0.0,0.0,1.3,1.3,24000.0,G09_60_H14
2024-02-08 00:00:00,7.0,-4.0,9.0,15.0,11.0,1.94,970.0,175.0,109.0,0.8,0.68,30.6,29.1,0.48,0.52,0.0,0.0,1.3,1.3,24000.0,G09_60_H14
2024-02-09 00:00:00,10.0,-1.0,10.0,4.0,9.0,2.0,1000.0,159.0,132.0,0.84,0.72,30.0,28.5,0.47,0.53,0.0,0.0,1.3,1.3,24000.0,G09_60_H14
2024-02-10 00:00:00,15.0,0.0,11.0,2.0,7.0,2.59,1295.0,118.0,41.0,0.84,0.72,30.0,28.3,0.47,0.53,0.0,0.0,1.3,1.3,24000.0,G09_60_H14
2024-02-11 00:00:00,15.0,1.0,12.0,5.0,17.0,3.0,1500.0,70.0,64.0,0.87,0.72,29.7,27.3,0.45,0.54,0.0,0.0,1.3,1.3,24000.0,G09_60_H14
2024-02-12 00:00:00,18.0,4.0,13.0,3.0,12.0,3.24,1620.0,69.0,50.0,0.88,0.72,29.9,27.3,0.45,0.54,0.0,0.0,1.3,1.3,24000.0,G09_60_H14
2024-02-13 00:00:00,20.0,6.0,14.0,4.0,11.0,3.38,1690.0,38.0,50.0,0.9,0.76,29.5,27.3,0.45,0.6,0.0,0.0,1.4,1.4,24000.0,G09_60_H14
2024-02-14 00:00:00,22.0,4.0,15.0,4.0,9.0,3.45,1725.0,26.0,36.0,0.89,0.64,30.6,26.8,0.45,1.2,0.0,0.0,1.4,1.4,24000.0,G09_60_H14
2024-02-15 00:00:00,7.0,-2.0,16.0,2.0,12.0,4.08,2040.0,28.0,64.0,0.84,0.76,28.3,26.3,0.45,0.5,0.0,0.0,1.4,1.4,24000.0,G09_60_H14
2024-02-16 00:00:00,10.0,1.0,17.0,3.0,32.0,4.09,2045.0,93.0,68.0,0.84,0.7,27.4,25.9,0.45,0.52,0.0,0.0,1.4,1.4,24000.0,G09_60_H14
2024-02-17 00:00:00,17.0,3.0,18.0,2.0,18.0,4.19,2095.0,53.0,77.0,0.86,0.68,28.1,25.5,0.52,0.7,0.0,0.0,1.5,1.5,24000.0,G09_60_H14
2024-02-18 00:00:00,23.0,12.0,19.0,2.0,15.0,4.76,2380.0,8.0,64.0,0.83,0.69,29.2,25.8,0.52,1.3,0.0,0.0,1.5,1.5,24000.0,G09_60_H14
2024-02-19 00:00:00,13.0,3.0,20.0,2.0,16.0,5.0,2500.0,3.0,82.0,0.86,0.74,27.7,24.9,0.52,0.65,0.0,0.0,1.5,1.5,24000.0,G09_60_H14
2024-02-20 00:00:00,3.0,0.0,21.0,2.0,9.0,5.2,2600.0,101.0,77.0,0.89,0.69,26.3,24.5,0.48,0.52,0.0,0.0,1.5,1.5,24000.0,G09_60_H14
2024-02-21 00:00:00,0.0,-1.0,22.0,2.0,8.0,5.7,2850.0,137.5,114.0,0.89,0.69,26.3,24.5,0.48,0.52,0.0,0.0,1.5,1.5,24000.0,G09_60_H14
2024-02-22 00:00:00,0.0,-3.0,23.0,4.0,5.0,6.01,3005.0,199.0,118.0,0.9,0.73,26.1,24.4,0.45,0.48,0.0,0.0,1.5,1.5,24000.0,G09_60_H14
2024-02-23 00:00:00,1.0,-2.0,24.0,2.0,4.0,6.73,3365.0,187.0,109.0,0.9,0.8,25.8,24.0,0.44,0.47,0.0,0.0,1.5,1.5,24000.0,G09_60_H14
2024-02-24 00:00:00,1.0,-3.0,25.0,5.0,6.0,6.8,3400.0,156.0,118.0,0.94,0.75,25.6,23.6,0.42,0.45,0.0,0.0,1.5,1.5,24000.0,G09_60_H14
2024-02-25 00:00:00,5.0,-1.0,26.0,8.0,5.0,7.13,3565.0,151.0,105.0,0.92,0.75,25.6,23.5,0.43,0.5,0.0,0.0,1.5,1.5,24000.0,G09_60_H14
2024-02-26 00:00:00,7.0,-2.0,27.0,8.0,10.0,7.32,3660.0,96.0,100.0,0.94,0.73,25.5,23.5,0.4,0.47,0.0,0.0,1.5,1.5,24000.0,G09_60_H14
2024-02-27 00:00:00,8.0,0.0,28.0,10.0,8.0,7.1,3550.0,48.0,96.0,0.93,0.76,25.5,23.3,0.38,0.5,0.0,0.0,1.7,1.7,24000.0,G09_60_H14
2024-02-28 00:00:00,5.0,2.0,29.0,11.0,10.0,7.23,3615.0,41.0,91.0,0.88,0.73,25.1,22.8,0.38,0.44,0.0,0.0,1.7,1.7,24000.0,G09_60_H14
2024-02-29 00:00:00,4.0,-2.0,30.0,15.0,10.0,7.1,3550.0,37.0,86.0,0.88,0.78,25.0,22.5,0.36,0.41,0.0,0.0,1.7,1.7,24000.0,G09_60_H14
2024-03-01 00:00:00,6.0,-1.0,31.0,12.0,35.0,7.0,3500.0,90.0,114.0,0.85,0.74,24.0,22.0,0.36,0.4,0.0,0.0,1.7,1.7,24000.0,G09_60_H14
2024-03-02 00:00:00,11.0,0.0,32.0,23.0,110.0,7.65,3825.0,74.0,100.0,0.88,0.69,24.6,21.9,0.36,0.51,0.0,0.0,1.7,1.7,24000.0,G09_60_H14
2024-03-03 00:00:00,14.0,3.0,33.0,35.0,50.0,7.68,3840.0,18.0,90.0,0.89,0.65,25.5,22.0,0.34,1.0,0.0,0.0,1.7,1.7,24000.0,G09_60_H14
2024-03-04 00:00:00,10.0,7.0,34.0,37.0,30.0,7.66,3830.0,4.0,100.0,0.86,0.77,24.9,21.8,0.34,0.43,0.0,0.0,1.8,1.8,24000.0,G09_60_H14
2024-03-05 00:00:00,9.0,5.0,35.0,85.0,40.0,7.69,3845.0,3.0,91.0,0.93,0.82,24.2,21.3,0.34,0.43,0.0,0.0,1.8,1.8,24000.0,G09_60_H14
2024-03-06 00:00:00,10.0,0.0,36.0,92.0,10.0,6.62,3310.0,10.0,91.0,0.85,0.68,22.8,20.6,0.33,0.38,0.0,0.0,1.8,1.8,24000.0,G09_60_H14
2024-03-07 00:00:00,14.0,1.0,37.0,54.0,0.0,6.16,3080.0,46.0,143.0,0.83,0.61,24.0,19.8,0.3,0.5,0.0,0.0,1.8,2.5,24000.0,G09_60_H14
2024-03-08 00:00:00,12.0,0.0,38.0,0.0,0.0,0.0,0.0,0.0,0.0,0.0,0.0,0.0,0.0,0.0,0.0,0.0,0.0,0.0,0.0,24000.0,G09_60_H14
2024-01-30 00:00:00,10.0,4.0,,0.0,0.0,0.0,0.0,0.0,0.0,0.0,0.0,0.0,0.0,0.0,0.0,0.0,0.0,0.0,0.0,24000.0,G09_60_H15
2024-01-31 00:00:00,11.0,5.0,,,,,,,,,,,,,,,,,,24000.0,G09_60_H15
2024-02-01 00:00:00,2.0,-1.0,1.0,21.0,0.0,0.6,300.0,347.0,105.0,0.59,0.52,34.9,33.3,0.6,0.6,0.0,0.0,1.0,1.0,24000.0,G09_60_H15
2024-02-02 00:00:00,1.0,-2.0,2.0,18.0,13.0,0.82,410.0,244.0,114.0,0.59,0.52,34.9,33.3,0.6,0.6,0.0,0.0,1.0,1.0,24000.0,G09_60_H15
2024-02-03 00:00:00,0.0,-1.0,3.0,15.0,18.0,1.01,505.0,238.0,96.0,0.71,0.64,33.7,31.8,0.6,0.6,0.0,0.0,1.0,1.0,24000.0,G09_60_H15
2024-02-04 00:00:00,0.0,-3.0,4.0,12.0,30.0,1.11,555.0,215.0,109.0,0.73,0.64,33.7,31.8,0.54,0.54,0.0,0.0,1.0,1.0,24000.0,G09_60_H15
2024-02-05 00:00:00,-1.0,-7.0,5.0,15.0,26.0,1.2,600.0,230.0,105.0,0.76,0.7,32.3,30.4,0.52,0.52,0.0,0.0,1.0,1.0,24000.0,G09_60_H15
2024-02-06 00:00:00,0.0,-3.0,6.0,10.0,22.0,1.49,745.0,209.0,100.0,0.79,0.7,32.3,30.2,0.5,0.52,0.0,0.0,1.0,1.0,24000.0,G09_60_H15
2024-02-07 00:00:00,4.0,-4.0,7.0,10.0,25.0,1.55,775.0,211.8,109.0,0.85,0.78,30.6,29.2,0.48,0.5,0.0,0.0,1.3,1.3,24000.0,G09_60_H15
2024-02-08 00:00:00,7.0,-4.0,8.0,21.0,240.0,1.7,850.0,175.0,109.0,0.86,0.78,31.1,29.4,0.48,0.52,0.0,0.0,1.3,1.3,24000.0,G09_60_H15
2024-02-09 00:00:00,10.0,-1.0,9.0,19.0,17.0,1.85,925.0,159.0,132.0,0.91,0.82,30.5,29.0,0.47,0.53,0.0,0.0,1.3,1.3,24000.0,G09_60_H15
2024-02-10 00:00:00,15.0,0.0,10.0,10.0,31.0,1.9,950.0,118.0,41.0,0.91,0.79,30.5,28.8,0.47,0.53,0.0,0.0,1.3,1.3,24000.0,G09_60_H15
2024-02-11 00:00:00,15.0,1.0,11.0,8.0,50.0,2.57,1285.0,70.0,64.0,0.94,0.81,29.9,28.1,0.45,0.54,0.0,0.0,1.3,1.3,24000.0,G09_60_H15
2024-02-12 00:00:00,18.0,4.0,12.0,14.0,60.0,2.87,1435.0,69.0,50.0,0.95,0.8,30.0,27.2,0.43,0.52,0.0,0.0,1.3,1.3,24000.0,G09_60_H15
2024-02-13 00:00:00,20.0,6.0,13.0,23.0,90.0,3.17,1585.0,38.0,50.0,0.95,0.83,29.4,27.5,0.43,0.55,0.0,0.0,1.3,1.3,24000.0,G09_60_H15
2024-02-14 00:00:00,22.0,4.0,14.0,15.0,80.0,3.64,1820.0,26.0,36.0,0.95,0.68,30.4,26.9,0.43,0.9,0.0,0.0,1.4,1.4,24000.0,G09_60_H15
2024-02-15 00:00:00,7.0,-2.0,15.0,20.0,150.0,3.65,1825.0,28.0,64.0,0.92,0.85,28.0,26.3,0.45,0.5,0.0,0.0,1.4,1.4,24000.0,G09_60_H15
2024-02-16 00:00:00,10.0,1.0,16.0,18.0,90.0,3.93,1965.0,93.0,68.0,0.93,0.76,28.2,26.1,0.45,0.52,0.0,0.0,1.4,1.4,24000.0,G09_60_H15
2024-02-17 00:00:00,17.0,3.0,17.0,15.0,120.0,4.05,2025.0,54.0,77.0,0.93,0.76,28.5,25.8,0.52,0.7,0.0,0.0,1.5,1.5,24000.0,G09_60_H15
2024-02-18 00:00:00,23.0,12.0,18.0,10.0,52.0,4.29,2145.0,9.0,64.0,0.9,0.76,29.4,26.5,0.5,1.2,0.0,0.0,1.5,1.5,24000.0,G09_60_H15
2024-02-19 00:00:00,13.0,3.0,19.0,5.0,55.0,4.65,2325.0,3.0,82.0,0.92,0.84,28.0,25.3,0.5,0.6,0.0,0.0,1.5,1.5,24000.0,G09_60_H15
2024-02-20 00:00:00,3.0,0.0,20.0,10.0,44.0,4.87,2435.0,101.0,77.0,0.89,0.76,26.5,24.8,0.46,0.5,0.0,0.0,1.5,1.5,24000.0,G09_60_H15
2024-02-21 00:00:00,0.0,-1.0,21.0,5.0,40.0,5.35,2675.0,137.5,114.0,0.89,0.76,26.5,24.8,0.46,0.5,0.0,0.0,1.5,1.5,24000.0,G09_60_H15
2024-02-22 00:00:00,0.0,-3.0,22.0,7.0,30.0,5.62,2810.0,199.0,118.0,0.92,0.74,26.4,24.5,0.43,0.46,0.0,0.0,1.5,1.5,24000.0,G09_60_H15
2024-02-23 00:00:00,1.0,-2.0,23.0,8.0,10.0,6.01,3005.0,187.0,109.0,0.87,0.75,26.1,24.2,0.42,0.45,0.0,0.0,1.5,1.5,24000.0,G09_60_H15
2024-02-24 00:00:00,1.0,-3.0,24.0,6.0,14.0,6.32,3160.0,156.0,118.0,0.94,0.76,26.1,24.0,0.4,0.43,0.0,0.0,1.5,1.5,24000.0,G09_60_H15
2024-02-25 00:00:00,5.0,-1.0,25.0,10.0,17.0,6.47,3235.0,151.0,105.0,0.93,0.81,26.0,23.9,0.42,0.45,0.0,0.0,1.5,1.5,24000.0,G09_60_H15
2024-02-26 00:00:00,7.0,-2.0,26.0,15.0,20.0,6.69,3345.0,96.0,100.0,0.92,0.75,25.7,23.9,0.39,0.46,0.0,0.0,1.5,1.5,24000.0,G09_60_H15
2024-02-27 00:00:00,8.0,0.0,27.0,20.0,13.0,6.5,3250.0,49.0,96.0,0.9,0.75,25.6,23.7,0.36,0.47,0.0,0.0,1.7,1.7,24000.0,G09_60_H15
2024-02-28 00:00:00,5.0,2.0,28.0,20.0,55.0,6.28,3140.0,41.0,91.0,0.9,0.76,25.6,23.6,0.36,0.42,0.0,0.0,1.7,1.7,24000.0,G09_60_H15
2024-02-29 00:00:00,4.0,-2.0,29.0,41.0,140.0,6.05,3025.0,37.0,86.0,0.9,0.81,25.8,23.5,0.34,0.37,0.0,0.0,1.7,1.7,24000.0,G09_60_H15
2024-03-01 00:00:00,6.0,-1.0,30.0,43.0,320.0,6.13,3065.0,90.0,114.0,0.85,0.73,24.7,23.2,0.34,0.37,0.0,0.0,1.7,1.7,24000.0,G09_60_H15
2024-03-02 00:00:00,11.0,0.0,31.0,36.0,305.0,5.7,2850.0,74.0,100.0,0.87,0.73,24.8,23.0,0.34,0.45,0.0,0.0,1.7,1.7,24000.0,G09_60_H15
2024-03-03 00:00:00,14.0,3.0,32.0,55.0,285.0,6.08,3040.0,18.0,90.0,0.9,0.7,25.5,22.8,0.32,0.7,0.0,0.0,1.7,1.7,24000.0,G09_60_H15
2024-03-04 00:00:00,10.0,7.0,33.0,140.0,110.0,6.82,3410.0,4.0,100.0,0.93,0.82,24.4,22.8,0.32,0.4,0.0,0.0,1.8,1.8,24000.0,G09_60_H15
2024-03-05 00:00:00,9.0,5.0,34.0,150.0,45.0,6.14,3070.0,3.0,91.0,0.95,0.9,24.5,22.4,0.32,0.4,0.0,0.0,1.8,1.8,24000.0,G09_60_H15
2024-03-06 00:00:00,10.0,0.0,35.0,170.0,25.0,6.18,3090.0,10.0,91.0,0.94,0.81,23.5,21.7,0.3,0.35,0.0,0.0,1.8,1.8,24000.0,G09_60_H15
2024-03-07 00:00:00,14.0,1.0,36.0,0.0,0.0,0.0,0.0,0.0,0.0,0.0,0.0,0.0,0.0,0.0,0.0,0.0,0.0,0.0,0.0,24000.0,G09_60_H15
2024-03-08 00:00:00,12.0,0.0,37.0,0.0,0.0,0.0,0.0,0.0,0.0,0.0,0.0,0.0,0.0,0.0,0.0,0.0,0.0,0.0,0.0,24000.0,G09_60_H15
2024-01-30 00:00:00,10.0,4.0,0.0,0.0,0.0,0.0,0.0,0.0,0.0,0.0,0.0,0.0,0.0,0.0,0.0,0.0,0.0,0.0,0.0,24000.0,G09_60_H16
2024-01-31 00:00:00,11.0,5.0,,,,,,,,,,,,,,,,,,24000.0,G09_60_H16
2024-02-01 00:00:00,2.0,-1.0,1.0,26.0,0.0,0.6,300.0,347.0,105.0,0.65,0.57,35.2,33.3,0.6,0.6,0.0,0.0,1.0,1.0,24000.0,G09_60_H16
2024-02-02 00:00:00,1.0,-2.0,2.0,16.0,14.0,0.82,410.0,244.0,114.0,0.65,0.57,35.2,33.3,0.6,0.6,0.0,0.0,1.0,1.0,24000.0,G09_60_H16
2024-02-03 00:00:00,0.0,-1.0,3.0,12.0,27.0,1.01,505.0,238.0,96.0,0.75,0.69,33.8,31.5,0.6,0.6,0.0,0.0,1.0,1.0,24000.0,G09_60_H16
2024-02-04 00:00:00,0.0,-3.0,4.0,8.0,31.0,1.11,555.0,215.0,109.0,0.8,0.69,33.8,31.8,0.54,0.54,0.0,0.0,1.0,1.0,24000.0,G09_60_H16
2024-02-05 00:00:00,-1.0,-7.0,5.0,10.0,22.0,1.35,675.0,230.0,105.0,0.84,0.76,32.2,30.4,0.52,0.52,0.0,0.0,1.0,1.0,24000.0,G09_60_H16
2024-02-06 00:00:00,0.0,-3.0,6.0,15.0,46.0,1.56,780.0,209.0,100.0,0.86,0.76,32.2,30.3,0.5,0.52,0.0,0.0,1.0,1.0,24000.0,G09_60_H16
2024-02-07 00:00:00,4.0,-4.0,7.0,18.0,18.0,1.8,900.0,211.8,109.0,0.86,0.8,31.1,29.6,0.48,0.5,0.0,0.0,1.3,1.3,24000.0,G09_60_H16
2024-02-08 00:00:00,7.0,-4.0,8.0,35.0,200.0,2.02,1010.0,175.0,109.0,0.91,0.84,31.2,29.1,0.48,0.52,0.0,0.0,1.3,1.3,24000.0,G09_60_H16
2024-02-09 00:00:00,10.0,-1.0,9.0,30.0,16.0,2.12,1060.0,159.0,132.0,0.9,0.8,30.5,28.9,0.47,0.53,0.0,0.0,1.3,1.3,24000.0,G09_60_H16
2024-02-10 00:00:00,15.0,0.0,10.0,16.0,43.0,2.17,1085.0,118.0,41.0,0.9,0.85,30.5,28.7,0.47,0.53,0.0,0.0,1.3,1.3,24000.0,G09_60_H16
2024-02-11 00:00:00,15.0,1.0,11.0,11.0,35.0,2.76,1380.0,70.0,64.0,0.91,0.8,29.8,28.2,0.47,0.53,0.0,0.0,1.3,1.3,24000.0,G09_60_H16
2024-02-12 00:00:00,18.0,4.0,12.0,13.0,64.0,3.15,1575.0,69.0,50.0,0.92,0.78,29.4,26.7,0.43,0.52,0.0,0.0,1.3,1.3,24000.0,G09_60_H16
2024-02-13 00:00:00,20.0,6.0,13.0,11.0,92.0,3.32,1660.0,38.0,50.0,0.96,0.8,28.9,27.3,0.43,0.55,0.0,0.0,1.3,1.3,24000.0,G09_60_H16
2024-02-14 00:00:00,22.0,4.0,14.0,17.0,120.0,3.4,1700.0,26.0,37.0,0.93,0.74,30.4,26.8,0.43,0.9,0.0,0.0,1.4,1.4,24000.0,G09_60_H16
2024-02-15 00:00:00,7.0,-2.0,15.0,15.0,91.0,3.4,1700.0,29.0,64.0,0.98,0.88,28.0,26.4,0.45,0.5,0.0,0.0,1.4,1.4,24000.0,G09_60_H16
2024-02-16 00:00:00,10.0,1.0,16.0,13.0,65.0,3.99,1995.0,94.0,68.0,0.96,0.83,28.0,26.3,0.45,0.52,0.0,0.0,1.4,1.4,24000.0,G09_60_H16
2024-02-17 00:00:00,17.0,3.0,17.0,12.0,68.0,4.2,2100.0,54.0,77.0,0.96,0.82,28.2,26.0,0.52,0.7,0.0,0.0,1.5,1.5,24000.0,G09_60_H16
2024-02-18 00:00:00,23.0,12.0,18.0,15.0,74.0,4.44,2220.0,9.0,64.0,0.93,0.83,29.3,26.5,0.5,1.2,0.0,0.0,1.5,1.5,24000.0,G09_60_H16
2024-02-19 00:00:00,13.0,3.0,19.0,14.0,52.0,4.83,2415.0,3.0,82.0,0.95,0.87,28.2,25.5,0.5,0.6,0.0,0.0,1.5,1.5,24000.0,G09_60_H16
2024-02-20 00:00:00,3.0,0.0,20.0,12.0,21.0,4.85,2425.0,101.0,77.0,0.93,0.8,27.0,24.9,0.46,0.5,0.0,0.0,1.5,1.5,24000.0,G09_60_H16
2024-02-21 00:00:00,0.0,-1.0,21.0,10.0,20.0,5.5,2750.0,137.5,114.0,0.93,0.8,27.0,24.9,0.46,0.5,0.0,0.0,1.5,1.5,24000.0,G09_60_H16
2024-02-22 00:00:00,0.0,-3.0,22.0,9.0,12.0,5.75,2875.0,200.0,118.0,0.95,0.79,26.8,24.5,0.43,0.46,0.0,0.0,1.5,1.5,24000.0,G09_60_H16
2024-02-23 00:00:00,1.0,-2.0,23.0,8.0,18.0,6.14,3070.0,187.0,109.0,0.98,0.82,26.4,24.5,0.42,0.45,0.0,0.0,1.5,1.5,24000.0,G09_60_H16
2024-02-24 00:00:00,1.0,-3.0,24.0,6.0,13.0,6.4,3200.0,156.0,118.0,0.95,0.82,26.1,24.2,0.4,0.43,0.0,0.0,1.5,1.5,24000.0,G09_60_H16
2024-02-25 00:00:00,5.0,-1.0,25.0,19.0,60.0,6.61,3305.0,151.0,105.0,0.92,0.83,25.7,24.0,0.42,0.45,0.0,0.0,1.5,1.5,24000.0,G09_60_H16
2024-02-26 00:00:00,7.0,-2.0,26.0,12.0,60.0,6.98,3490.0,96.0,100.0,0.94,0.85,25.8,23.7,0.39,0.46,0.0,0.0,1.5,1.5,24000.0,G09_60_H16
2024-02-27 00:00:00,8.0,0.0,27.0,11.0,30.0,7.04,3520.0,49.0,96.0,0.93,0.85,25.9,23.6,0.36,0.47,0.0,0.0,1.7,1.7,24000.0,G09_60_H16
2024-02-28 00:00:00,5.0,2.0,28.0,15.0,63.0,7.12,3560.0,41.0,91.0,0.95,0.87,25.8,23.3,0.36,0.42,0.0,0.0,1.7,1.7,24000.0,G09_60_H16
2024-02-29 00:00:00,4.0,-2.0,29.0,29.0,42.0,7.29,3645.0,37.0,87.0,0.94,0.84,25.6,22.9,0.35,0.4,0.0,0.0,1.7,1.7,24000.0,G09_60_H16
2024-03-01 00:00:00,6.0,-1.0,30.0,16.0,34.0,7.5,3750.0,90.0,113.0,0.93,0.77,24.6,22.5,0.35,0.4,0.0,0.0,1.7,1.7,24000.0,G09_60_H16
2024-03-02 00:00:00,11.0,0.0,31.0,28.0,75.0,7.38,3690.0,73.0,100.0,0.89,0.8,24.6,22.3,0.35,0.49,0.0,0.0,1.7,1.7,24000.0,G09_60_H16
2024-03-03 00:00:00,14.0,3.0,32.0,75.0,41.0,6.79,3395.0,18.0,90.0,0.93,0.77,25.4,22.5,0.32,0.7,0.0,0.0,1.7,1.7,24000.0,G09_60_H16
2024-03-04 00:00:00,10.0,7.0,33.0,80.0,38.0,6.98,3490.0,4.0,100.0,0.93,0.89,24.9,22.2,0.32,0.4,0.0,0.0,1.8,1.8,24000.0,G09_60_H16
2024-03-05 00:00:00,9.0,5.0,34.0,90.0,59.0,7.38,3690.0,3.0,91.0,0.96,0.85,24.6,21.5,0.32,0.4,0.0,0.0,1.8,1.8,24000.0,G09_60_H16
2024-03-06 00:00:00,10.0,0.0,35.0,124.0,0.0,7.73,3865.0,10.0,91.0,0.97,0.86,23.7,21.3,0.3,0.35,0.0,0.0,1.8,1.8,24000.0,G09_60_H16
2024-03-07 00:00:00,14.0,1.0,36.0,105.0,0.0,6.63,3315.0,46.0,143.0,0.93,0.7,23.1,20.2,0.3,0.5,0.0,0.0,1.8,2.5,24000.0,G09_60_H16
2024-03-08 00:00:00,12.0,0.0,37.0,0.0,0.0,0.0,0.0,0.0,0.0,0.0,0.0,0.0,0.0,0.0,0.0,0.0,0.0,0.0,0.0,24000.0,G09_60_H16
2024-01-30 00:00:00,10.0,4.0,0.0,0.0,0.0,0.0,0.0,0.0,0.0,0.0,0.0,0.0,0.0,0.0,0.0,0.0,0.0,0.0,0.0,24000.0,G09_60_H17
2024-01-31 00:00:00,11.0,5.0,,,,,,,,,,,,,,,,,,24000.0,G09_60_H17
2024-02-01 00:00:00,2.0,-1.0,1.0,10.0,0.0,0.6,300.0,347.0,105.0,0.6,0.53,35.0,33.3,0.6,0.6,0.0,0.0,1.0,1.0,24000.0,G09_60_H17
2024-02-02 00:00:00,1.0,-2.0,2.0,14.0,18.0,0.82,410.0,244.0,114.0,0.6,0.53,35.0,33.3,0.6,0.6,0.0,0.0,1.0,1.0,24000.0,G09_60_H17
2024-02-03 00:00:00,0.0,-1.0,3.0,9.0,12.0,1.01,505.0,238.0,96.0,0.74,0.65,33.8,32.0,0.6,0.6,0.0,0.0,1.0,1.0,24000.0,G09_60_H17
2024-02-04 00:00:00,0.0,-3.0,4.0,10.0,20.0,1.11,555.0,215.0,109.0,0.75,0.64,33.8,32.0,0.54,0.54,0.0,0.0,1.0,1.0,24000.0,G09_60_H17
2024-02-05 00:00:00,-1.0,-7.0,5.0,9.0,16.0,1.13,565.0,230.0,105.0,0.8,0.71,32.2,30.3,0.52,0.52,0.0,0.0,1.0,1.0,24000.0,G09_60_H17
2024-02-06 00:00:00,0.0,-3.0,6.0,12.0,27.0,1.47,735.0,209.0,100.0,0.83,0.71,32.2,30.3,0.5,0.52,0.0,0.0,1.0,1.0,24000.0,G09_60_H17
2024-02-07 00:00:00,4.0,-4.0,7.0,15.0,22.0,1.69,845.0,211.8,109.0,0.9,0.8,31.2,29.4,0.48,0.5,0.0,0.0,1.3,1.3,24000.0,G09_60_H17
2024-02-08 00:00:00,7.0,-4.0,8.0,30.0,170.0,1.84,920.0,175.0,109.0,0.91,0.81,31.0,29.3,0.48,0.52,0.0,0.0,1.3,1.3,24000.0,G09_60_H17
2024-02-09 00:00:00,10.0,-1.0,9.0,32.0,11.0,2.0,1000.0,159.0,132.0,0.94,0.84,30.4,29.0,0.47,0.53,0.0,0.0,1.3,1.3,24000.0,G09_60_H17
2024-02-10 00:00:00,15.0,0.0,10.0,6.0,41.0,2.05,1025.0,118.0,41.0,0.94,0.84,30.4,28.6,0.47,0.53,0.0,0.0,1.3,1.3,24000.0,G09_60_H17
2024-02-11 00:00:00,15.0,1.0,11.0,11.0,41.0,2.66,1330.0,70.0,64.0,0.93,0.82,29.7,28.2,0.47,0.53,0.0,0.0,1.3,1.3,24000.0,G09_60_H17
2024-02-12 00:00:00,18.0,4.0,12.0,9.0,76.0,2.98,1490.0,69.0,50.0,0.93,0.75,29.4,27.2,0.43,0.52,0.0,0.0,1.3,1.3,24000.0,G09_60_H17
2024-02-13 00:00:00,20.0,6.0,13.0,10.0,65.0,3.21,1605.0,38.0,50.0,0.93,0.75,29.0,27.3,0.43,0.55,0.0,0.0,1.3,1.3,24000.0,G09_60_H17
2024-02-14 00:00:00,22.0,4.0,14.0,15.0,117.0,3.26,1630.0,26.0,37.0,0.92,0.71,30.0,26.9,0.43,0.9,0.0,0.0,1.4,1.4,24000.0,G09_60_H17
2024-02-15 00:00:00,7.0,-2.0,15.0,17.0,111.0,3.48,1740.0,29.0,64.0,0.97,0.87,27.9,26.5,0.45,0.5,0.0,0.0,1.4,1.4,24000.0,G09_60_H17
2024-02-16 00:00:00,10.0,1.0,16.0,13.0,98.0,3.93,1965.0,94.0,68.0,0.96,0.81,28.1,26.2,0.45,0.52,0.0,0.0,1.4,1.4,24000.0,G09_60_H17
2024-02-17 00:00:00,17.0,3.0,17.0,15.0,112.0,4.05,2025.0,54.0,77.0,0.97,0.8,28.0,26.4,0.52,0.7,0.0,0.0,1.5,1.5,24000.0,G09_60_H17
2024-02-18 00:00:00,23.0,12.0,18.0,11.0,88.0,4.38,2190.0,9.0,64.0,0.95,0.81,29.2,26.6,0.5,1.2,0.0,0.0,1.5,1.5,24000.0,G09_60_H17
2024-02-19 00:00:00,13.0,3.0,19.0,9.0,52.0,4.74,2370.0,3.0,82.0,0.96,0.86,28.0,25.5,0.5,0.6,0.0,0.0,1.5,1.5,24000.0,G09_60_H17
2024-02-20 00:00:00,3.0,0.0,20.0,8.0,23.0,4.9,2450.0,101.0,77.0,0.93,0.78,26.8,25.0,0.46,0.5,0.0,0.0,1.5,1.5,24000.0,G09_60_H17
2024-02-21 00:00:00,0.0,-1.0,21.0,11.0,28.0,5.5,2750.0,137.5,114.0,0.93,0.78,26.8,25.0,0.46,0.5,0.0,0.0,1.5,1.5,24000.0,G09_60_H17
2024-02-22 00:00:00,0.0,-3.0,22.0,5.0,12.0,5.65,2825.0,200.0,118.0,0.96,0.78,26.5,24.6,0.43,0.46,0.0,0.0,1.5,1.5,24000.0,G09_60_H17
2024-02-23 00:00:00,1.0,-2.0,23.0,4.0,16.0,6.1,3050.0,187.0,109.0,0.94,0.81,26.4,24.5,0.42,0.45,0.0,0.0,1.5,1.5,24000.0,G09_60_H17
2024-02-24 00:00:00,1.0,-3.0,24.0,7.0,23.0,6.56,3280.0,156.0,118.0,0.97,0.81,25.8,24.3,0.4,0.43,0.0,0.0,1.5,1.5,24000.0,G09_60_H17
2024-02-25 00:00:00,5.0,-1.0,25.0,5.0,20.0,6.56,3280.0,151.0,105.0,0.94,0.82,25.7,24.1,0.42,0.45,0.0,0.0,1.5,1.5,24000.0,G09_60_H17
2024-02-26 00:00:00,7.0,-2.0,26.0,7.0,22.0,6.97,3485.0,96.0,100.0,0.95,0.83,26.1,24.2,0.39,0.46,0.0,0.0,1.5,1.5,24000.0,G09_60_H17
2024-02-27 00:00:00,8.0,0.0,27.0,6.0,17.0,7.02,3510.0,49.0,96.0,0.94,0.81,26.0,23.9,0.36,0.47,0.0,0.0,1.7,1.7,24000.0,G09_60_H17
2024-02-28 00:00:00,5.0,2.0,28.0,11.0,21.0,6.91,3455.0,41.0,91.0,0.94,0.8,25.7,23.6,0.36,0.42,0.0,0.0,1.7,1.7,24000.0,G09_60_H17
2024-02-29 00:00:00,4.0,-2.0,29.0,28.0,36.0,6.93,3465.0,37.0,87.0,0.93,0.83,26.0,23.2,0.35,0.4,0.0,0.0,1.7,1.7,24000.0,G09_60_H17
2024-03-01 00:00:00,6.0,-1.0,30.0,21.0,223.0,7.1,3550.0,90.0,113.0,0.92,0.84,24.9,22.8,0.35,0.37,0.0,0.0,1.7,1.7,24000.0,G09_60_H17
2024-03-02 00:00:00,11.0,0.0,31.0,25.0,164.0,6.86,3430.0,73.0,100.0,0.94,0.79,24.6,22.5,0.35,0.49,0.0,0.0,1.7,1.7,24000.0,G09_60_H17
2024-03-03 00:00:00,14.0,3.0,32.0,42.0,187.0,6.98,3490.0,18.0,90.0,0.98,0.74,25.4,22.7,0.32,0.7,0.0,0.0,1.7,1.7,24000.0,G09_60_H17
2024-03-04 00:00:00,10.0,7.0,33.0,87.0,86.0,6.88,3440.0,4.0,100.0,0.97,0.86,25.1,22.6,0.32,0.4,0.0,0.0,1.8,1.8,24000.0,G09_60_H17
2024-03-05 00:00:00,9.0,5.0,34.0,95.0,75.0,7.47,3735.0,3.0,91.0,0.95,0.92,24.8,22.0,0.32,0.4,0.0,0.0,1.8,1.8,24000.0,G09_60_H17
2024-03-06 00:00:00,10.0,0.0,35.0,160.0,0.0,7.44,3720.0,10.0,91.0,0.95,0.84,24.2,21.7,0.3,0.35,0.0,0.0,1.8,1.8,24000.0,G09_60_H17
2024-03-07 00:00:00,14.0,1.0,36.0,0.0,0.0,0.0,0.0,0.0,0.0,0.0,0.0,0.0,0.0,0.0,0.0,0.0,0.0,0.0,0.0,24000.0,G09_60_H17
2024-03-08 00:00:00,12.0,0.0,37.0,0.0,0.0,0.0,0.0,0.0,0.0,0.0,0.0,0.0,0.0,0.0,0.0,0.0,0.0,0.0,0.0,24000.0,G09_60_H17
2024-01-30 00:00:00,10.0,4.0,,0.0,0.0,0.0,0.0,0.0,0.0,0.0,0.0,0.0,0.0,0.0,0.0,0.0,0.0,0.0,0.0,23900.0,G09_60_H18
2024-01-31 00:00:00,11.0,5.0,,,,,,,,,,,,,,,,,,23900.0,G09_60_H18
2024-02-01 00:00:00,2.0,-1.0,1.0,14.0,0.0,0.6,300.0,347.0,105.0,0.66,0.59,35.0,33.3,0.6,0.6,0.0,0.0,1.0,1.0,23900.0,G09_60_H18
2024-02-02 00:00:00,1.0,-2.0,2.0,20.0,0.0,0.81,405.0,244.0,114.0,0.66,0.59,35.0,33.3,0.6,0.6,0.0,0.0,1.0,1.0,23900.0,G09_60_H18
2024-02-03 00:00:00,0.0,-1.0,3.0,25.0,3.0,1.0,500.0,238.0,96.0,0.79,0.7,33.7,32.0,0.6,0.6,0.0,0.0,1.0,1.0,23900.0,G09_60_H18
2024-02-04 00:00:00,0.0,-3.0,4.0,18.0,7.0,1.1,550.0,215.0,109.0,0.8,0.7,33.7,31.8,0.54,0.54,0.0,0.0,1.0,1.0,23900.0,G09_60_H18
2024-02-05 00:00:00,-1.0,-7.0,5.0,25.0,6.0,1.2,600.0,230.0,105.0,0.86,0.75,32.3,30.3,0.52,0.52,0.0,0.0,1.0,1.0,23900.0,G09_60_H18
2024-02-06 00:00:00,0.0,-3.0,6.0,27.0,14.0,1.33,665.0,209.0,100.0,0.89,0.75,32.3,30.1,0.5,0.52,0.0,0.0,1.0,1.0,23900.0,G09_60_H18
2024-02-07 00:00:00,4.0,-4.0,7.0,14.0,6.0,1.56,780.0,211.8,109.0,0.88,0.78,31.0,29.4,0.48,0.5,0.0,0.0,1.3,1.3,23900.0,G09_60_H18
2024-02-08 00:00:00,7.0,-4.0,8.0,17.0,148.0,1.77,885.0,175.0,109.0,0.85,0.78,31.0,29.1,0.48,0.52,0.0,0.0,1.3,1.3,23900.0,G09_60_H18
2024-02-09 00:00:00,10.0,-1.0,9.0,12.0,1.0,2.16,1080.0,159.0,132.0,0.9,0.78,30.5,28.9,0.47,0.53,0.0,0.0,1.3,1.3,23900.0,G09_60_H18
2024-02-10 00:00:00,15.0,0.0,10.0,11.0,9.0,2.2,1100.0,118.0,41.0,0.9,0.83,30.5,28.4,0.47,0.53,0.0,0.0,1.3,1.3,23900.0,G09_60_H18
2024-02-11 00:00:00,15.0,1.0,11.0,10.0,12.0,2.67,1335.0,70.0,63.0,0.94,0.8,29.7,28.2,0.47,0.53,0.0,0.0,1.3,1.3,23900.0,G09_60_H18
2024-02-12 00:00:00,18.0,4.0,12.0,8.0,25.0,2.99,1495.0,69.0,50.0,0.94,0.8,29.3,27.4,0.43,0.52,0.0,0.0,1.3,1.3,23900.0,G09_60_H18
2024-02-13 00:00:00,20.0,6.0,13.0,7.0,18.0,3.33,1665.0,38.0,50.0,0.95,0.8,28.9,27.4,0.43,0.55,0.0,0.0,1.3,1.3,23900.0,G09_60_H18
2024-02-14 00:00:00,22.0,4.0,14.0,8.0,35.0,3.52,1760.0,26.0,37.0,0.93,0.83,30.0,26.9,0.43,0.9,0.0,0.0,1.4,1.4,23900.0,G09_60_H18
2024-02-15 00:00:00,7.0,-2.0,15.0,9.0,27.0,3.55,1775.0,29.0,63.0,0.93,0.85,28.0,26.5,0.45,0.5,0.0,0.0,1.4,1.4,23900.0,G09_60_H18
2024-02-16 00:00:00,10.0,1.0,16.0,7.0,36.0,4.1,2050.0,94.0,68.0,0.93,0.85,28.2,26.2,0.45,0.52,0.0,0.0,1.4,1.4,23900.0,G09_60_H18
2024-02-17 00:00:00,17.0,3.0,17.0,8.0,32.0,4.29,2145.0,54.0,78.0,0.93,0.75,28.0,26.1,0.52,0.7,0.0,0.0,1.5,1.5,23900.0,G09_60_H18
2024-02-18 00:00:00,23.0,12.0,18.0,9.0,30.0,4.67,2335.0,9.0,64.0,0.94,0.8,29.1,26.6,0.5,1.2,0.0,0.0,1.5,1.5,23900.0,G09_60_H18
2024-02-19 00:00:00,13.0,3.0,19.0,7.0,26.0,5.08,2540.0,4.0,82.0,0.94,0.85,28.1,25.5,0.5,0.6,0.0,0.0,1.5,1.5,23900.0,G09_60_H18
2024-02-20 00:00:00,3.0,0.0,20.0,8.0,21.0,5.19,2595.0,101.0,78.0,0.95,0.83,26.7,24.7,0.46,0.5,0.0,0.0,1.5,1.5,23900.0,G09_60_H18
2024-02-21 00:00:00,0.0,-1.0,21.0,4.0,2.0,5.6,2800.0,137.5,114.0,0.95,0.83,26.7,24.7,0.46,0.5,0.0,0.0,1.5,1.5,23900.0,G09_60_H18
2024-02-22 00:00:00,0.0,-3.0,22.0,7.0,14.0,5.68,2840.0,200.0,118.0,0.94,0.81,26.2,24.6,0.43,0.46,0.0,0.0,1.5,1.5,23900.0,G09_60_H18
2024-02-23 00:00:00,1.0,-2.0,23.0,8.0,10.0,6.11,3055.0,187.0,109.0,0.93,0.82,26.1,24.3,0.42,0.45,0.0,0.0,1.5,1.5,23900.0,G09_60_H18
2024-02-24 00:00:00,1.0,-3.0,24.0,6.0,8.0,6.33,3165.0,156.0,118.0,0.94,0.84,25.9,24.3,0.4,0.43,0.0,0.0,1.5,1.5,23900.0,G09_60_H18
2024-02-25 00:00:00,5.0,-1.0,25.0,2.0,4.0,6.3,3150.0,151.0,105.0,0.93,0.8,26.1,24.1,0.42,0.45,0.0,0.0,1.5,1.5,23900.0,G09_60_H18
2024-02-26 00:00:00,7.0,-2.0,26.0,9.0,8.0,6.97,3485.0,96.0,100.0,0.94,0.86,25.8,23.9,0.39,0.46,0.0,0.0,1.5,1.5,23900.0,G09_60_H18
2024-02-27 00:00:00,8.0,0.0,27.0,4.0,5.0,7.34,3670.0,49.0,96.0,0.96,0.8,26.2,23.4,0.36,0.47,0.0,0.0,1.7,1.7,23900.0,G09_60_H18
2024-02-28 00:00:00,5.0,2.0,28.0,5.0,12.0,7.28,3640.0,41.0,91.0,0.95,0.86,25.6,23.6,0.36,0.42,0.0,0.0,1.7,1.7,23900.0,G09_60_H18
2024-02-29 00:00:00,4.0,-2.0,29.0,22.0,9.0,7.48,3740.0,37.0,87.0,0.94,0.82,25.9,23.2,0.35,0.4,0.0,0.0,1.7,1.7,23900.0,G09_60_H18
2024-03-01 00:00:00,6.0,-1.0,30.0,19.0,6.0,7.55,3775.0,90.0,113.0,0.93,0.8,25.0,22.7,0.35,0.4,0.0,0.0,1.7,1.7,23900.0,G09_60_H18
2024-03-02 00:00:00,11.0,0.0,31.0,23.0,13.0,7.6,3800.0,73.0,100.0,0.92,0.83,24.9,22.6,0.35,0.49,0.0,0.0,1.7,1.7,23900.0,G09_60_H18
2024-03-03 00:00:00,14.0,3.0,32.0,48.0,17.0,7.77,3885.0,18.0,90.0,0.94,0.79,25.6,22.7,0.32,0.88,0.0,0.0,1.7,1.7,23900.0,G09_60_H18
2024-03-04 00:00:00,10.0,7.0,33.0,49.0,8.0,8.21,4105.0,4.0,100.0,0.95,0.87,25.3,22.3,0.32,0.42,0.0,0.0,1.8,1.8,23900.0,G09_60_H18
2024-03-05 00:00:00,9.0,5.0,34.0,57.0,6.0,7.69,3845.0,3.0,91.0,0.96,0.92,24.9,21.7,0.32,0.42,0.0,0.0,1.8,1.8,23900.0,G09_60_H18
2024-03-06 00:00:00,10.0,0.0,35.0,92.0,0.0,7.91,3955.0,10.0,91.0,0.92,0.89,24.1,21.4,0.3,0.35,0.0,0.0,1.8,1.8,23900.0,G09_60_H18
2024-03-07 00:00:00,14.0,1.0,36.0,81.0,0.0,7.66,3830.0,47.0,143.0,0.94,0.78,23.3,20.5,0.3,0.5,0.0,0.0,1.8,2.5,23900.0,G09_60_H18
2024-03-08 00:00:00,12.0,0.0,37.0,85.0,0.0,6.86,3430.0,13.0,211.0,0.97,0.74,23.8,19.7,0.3,0.45,0.0,0.0,1.8,2.5,23900.0,G09_60_H18
2024-01-30 00:00:00,10.0,4.0,,0.0,0.0,0.0,0.0,0.0,0.0,0.0,0.0,0.0,0.0,0.0,0.0,0.0,0.0,0.0,0.0,24000.0,G09_60_H19
2024-01-31 00:00:00,11.0,5.0,,,,,,,,,,,,,,,,,,24000.0,G09_60_H19
2024-02-01 00:00:00,2.0,-1.0,1.0,13.0,0.0,0.6,300.0,347.0,105.0,0.59,0.5,35.0,33.4,0.6,0.6,0.0,0.0,1.0,1.0,24000.0,G09_60_H19
2024-02-02 00:00:00,1.0,-2.0,2.0,15.0,0.0,0.82,410.0,244.0,114.0,0.59,0.5,35.0,33.4,0.6,0.6,0.0,0.0,1.0,1.0,24000.0,G09_60_H19
2024-02-03 00:00:00,0.0,-1.0,3.0,28.0,5.0,1.01,505.0,238.0,96.0,0.71,0.6,33.7,31.6,0.6,0.6,0.0,0.0,1.0,1.0,24000.0,G09_60_H19
2024-02-04 00:00:00,0.0,-3.0,4.0,30.0,19.0,1.1,555.0,215.0,109.0,0.72,0.6,33.7,31.6,0.54,0.54,0.0,0.0,1.0,1.0,24000.0,G09_60_H19
2024-02-05 00:00:00,-1.0,-7.0,5.0,32.0,15.0,1.11,555.0,230.0,105.0,0.73,0.65,32.5,30.3,0.52,0.52,0.0,0.0,1.0,1.0,24000.0,G09_60_H19
2024-02-06 00:00:00,0.0,-3.0,6.0,29.0,14.0,1.35,675.0,209.0,100.0,0.76,0.65,32.5,30.3,0.5,0.52,0.0,0.0,1.0,1.0,24000.0,G09_60_H19
2024-02-07 00:00:00,4.0,-4.0,7.0,33.0,19.0,1.58,790.0,211.8,109.0,0.85,0.76,31.0,29.4,0.48,0.5,0.0,0.0,1.3,1.3,24000.0,G09_60_H19
2024-02-08 00:00:00,7.0,-4.0,8.0,24.0,148.0,1.79,895.0,175.0,109.0,0.85,0.76,31.0,29.3,0.48,0.52,0.0,0.0,1.3,1.3,24000.0,G09_60_H19
2024-02-09 00:00:00,10.0,-1.0,9.0,21.0,2.0,1.92,960.0,159.0,132.0,0.91,0.82,30.3,29.1,0.47,0.53,0.0,0.0,1.3,1.3,24000.0,G09_60_H19
2024-02-10 00:00:00,15.0,0.0,10.0,9.0,6.0,2.04,1020.0,118.0,41.0,0.91,0.81,30.3,28.7,0.47,0.53,0.0,0.0,1.3,1.3,24000.0,G09_60_H19
2024-02-11 00:00:00,15.0,1.0,11.0,10.0,9.0,2.57,1285.0,70.0,63.0,0.96,0.82,30.0,28.2,0.47,0.53,0.0,0.0,1.3,1.3,24000.0,G09_60_H19
2024-02-12 00:00:00,18.0,4.0,12.0,11.0,58.0,2.9,1450.0,69.0,50.0,0.89,0.79,29.6,27.1,0.43,0.52,0.0,0.0,1.3,1.3,24000.0,G09_60_H19
2024-02-13 00:00:00,20.0,6.0,13.0,9.0,31.0,3.1,1550.0,38.0,50.0,0.96,0.82,29.0,27.2,0.43,0.55,0.0,0.0,1.3,1.3,24000.0,G09_60_H19
2024-02-14 00:00:00,22.0,4.0,14.0,7.0,91.0,3.23,1615.0,26.0,37.0,0.95,0.68,30.5,26.8,0.43,0.9,0.0,0.0,1.4,1.4,24000.0,G09_60_H19
2024-02-15 00:00:00,7.0,-2.0,15.0,10.0,94.0,3.38,1690.0,29.0,63.0,0.92,0.84,28.0,26.4,0.45,0.5,0.0,0.0,1.4,1.4,24000.0,G09_60_H19
2024-02-16 00:00:00,10.0,1.0,16.0,9.0,59.0,3.92,1960.0,94.0,68.0,0.92,0.77,28.3,26.2,0.45,0.52,0.0,0.0,1.4,1.4,24000.0,G09_60_H19
2024-02-17 00:00:00,17.0,3.0,17.0,12.0,104.0,4.03,2015.0,54.0,78.0,0.94,0.77,28.1,26.2,0.52,0.7,0.0,0.0,1.5,1.5,24000.0,G09_60_H19
2024-02-18 00:00:00,23.0,12.0,18.0,8.0,55.0,4.41,2205.0,9.0,64.0,0.93,0.78,29.2,26.5,0.5,1.2,0.0,0.0,1.5,1.5,24000.0,G09_60_H19
2024-02-19 00:00:00,13.0,3.0,19.0,7.0,39.0,4.84,2420.0,4.0,82.0,0.95,0.84,28.1,25.3,0.5,0.6,0.0,0.0,1.5,1.5,24000.0,G09_60_H19
2024-02-20 00:00:00,3.0,0.0,20.0,8.0,21.0,5.08,2540.0,101.0,78.0,0.9,0.74,26.8,24.8,0.46,0.5,0.0,0.0,1.5,1.5,24000.0,G09_60_H19
2024-02-21 00:00:00,0.0,-1.0,21.0,3.0,3.0,5.55,2775.0,137.5,114.0,0.9,0.74,26.8,24.8,0.46,0.5,0.0,0.0,1.5,1.5,24000.0,G09_60_H19
2024-02-22 00:00:00,0.0,-3.0,22.0,8.0,13.0,5.65,2825.0,200.0,118.0,0.9,0.73,26.6,24.3,0.43,0.46,0.0,0.0,1.5,1.5,24000.0,G09_60_H19
2024-02-23 00:00:00,1.0,-2.0,23.0,6.0,14.0,5.98,2990.0,188.0,109.0,0.91,0.76,26.0,24.3,0.42,0.45,0.0,0.0,1.5,1.5,24000.0,G09_60_H19
2024-02-24 00:00:00,1.0,-3.0,24.0,8.0,14.0,6.35,3175.0,156.0,118.0,0.92,0.75,26.3,24.1,0.4,0.43,0.0,0.0,1.5,1.5,24000.0,G09_60_H19
2024-02-25 00:00:00,5.0,-1.0,25.0,4.0,11.0,6.49,3245.0,151.0,105.0,0.91,0.75,25.6,23.9,0.42,0.45,0.0,0.0,1.5,1.5,24000.0,G09_60_H19
2024-02-26 00:00:00,7.0,-2.0,26.0,9.0,15.0,6.61,3305.0,96.0,100.0,0.93,0.77,25.6,23.9,0.39,0.46,0.0,0.0,1.5,1.5,24000.0,G09_60_H19
2024-02-27 00:00:00,8.0,0.0,27.0,17.0,28.0,7.15,3575.0,49.0,96.0,0.95,0.78,26.0,23.6,0.36,0.47,0.0,0.0,1.7,1.7,24000.0,G09_60_H19
2024-02-28 00:00:00,5.0,2.0,28.0,14.0,14.0,7.12,3560.0,41.0,91.0,0.97,0.81,25.8,23.4,0.36,0.42,0.0,0.0,1.7,1.7,24000.0,G09_60_H19
2024-02-29 00:00:00,4.0,-2.0,29.0,12.0,25.0,7.47,3735.0,37.0,87.0,0.98,0.89,26.0,23.0,0.35,0.4,0.0,0.0,1.7,1.7,24000.0,G09_60_H19
2024-03-01 00:00:00,6.0,-1.0,30.0,8.0,20.0,7.6,3800.0,90.0,113.0,0.94,0.82,24.9,22.6,0.35,0.4,0.0,0.0,1.7,1.7,24000.0,G09_60_H19
2024-03-02 00:00:00,11.0,0.0,31.0,39.0,14.0,7.66,3830.0,74.0,100.0,0.96,0.76,25.0,22.5,0.35,0.49,0.0,0.0,1.7,1.7,24000.0,G09_60_H19
2024-03-03 00:00:00,14.0,3.0,32.0,29.0,7.0,7.44,3720.0,18.0,90.0,0.96,0.7,25.6,22.5,0.32,0.88,0.0,0.0,1.7,1.7,24000.0,G09_60_H19
2024-03-04 00:00:00,10.0,7.0,33.0,59.0,15.0,7.91,3955.0,4.0,100.0,0.95,0.85,25.3,22.1,0.32,0.42,0.0,0.0,1.8,1.8,24000.0,G09_60_H19
2024-03-05 00:00:00,9.0,5.0,34.0,78.0,11.0,7.48,3740.0,3.0,91.0,0.98,0.91,24.8,21.7,0.32,0.42,0.0,0.0,1.8,1.8,24000.0,G09_60_H19
2024-03-06 00:00:00,10.0,0.0,35.0,70.0,0.0,7.04,3520.0,10.0,91.0,0.96,0.79,23.8,21.3,0.3,0.35,0.0,0.0,1.8,1.8,24000.0,G09_60_H19
2024-03-07 00:00:00,14.0,1.0,36.0,103.0,0.0,7.06,3530.0,47.0,143.0,0.96,0.7,23.6,20.2,0.3,0.5,0.0,0.0,1.8,2.5,24000.0,G09_60_H19
2024-03-08 00:00:00,12.0,0.0,37.0,0.0,0.0,0.0,0.0,0.0,0.0,0.0,0.0,0.0,0.0,0.0,0.0,0.0,0.0,0.0,0.0,24000.0,G09_60_H19
2024-01-30 00:00:00,10.0,4.0,,0.0,0.0,0.0,0.0,0.0,0.0,0.0,0.0,0.0,0.0,0.0,0.0,0.0,0.0,0.0,0.0,22700.0,G09_60_H20
2024-01-31 00:00:00,11.0,5.0,,,,,,,,,,,,,,,,,,22700.0,G09_60_H20
2024-02-01 00:00:00,2.0,-1.0,1.0,8.0,0.0,0.6,300.0,347.0,105.0,0.64,0.53,34.9,32.8,0.6,0.6,0.0,0.0,1.0,1.0,22700.0,G09_60_H20
2024-02-02 00:00:00,1.0,-2.0,2.0,13.0,2.0,0.77,385.0,244.0,114.0,0.64,0.53,34.9,32.8,0.6,0.6,0.0,0.0,1.0,1.0,22700.0,G09_60_H20
2024-02-03 00:00:00,0.0,-1.0,3.0,14.0,1.0,0.95,475.0,238.0,96.0,0.66,0.59,33.6,31.5,0.6,0.6,0.0,0.0,1.0,1.0,22700.0,G09_60_H20
2024-02-04 00:00:00,0.0,-3.0,4.0,15.0,7.0,1.0,500.0,215.0,109.0,0.74,0.59,33.6,31.4,0.54,0.54,0.0,0.0,1.0,1.0,22700.0,G09_60_H20
2024-02-05 00:00:00,-1.0,-7.0,5.0,14.0,6.0,1.15,575.0,230.0,105.0,0.78,0.65,31.9,29.7,0.52,0.52,0.0,0.0,1.0,1.0,22700.0,G09_60_H20
2024-02-06 00:00:00,0.0,-3.0,6.0,11.0,0.0,1.36,680.0,209.0,100.0,0.76,0.64,31.9,29.7,0.5,0.52,0.0,0.0,1.0,1.0,22700.0,G09_60_H20
2024-02-07 00:00:00,4.0,-4.0,7.0,14.0,3.0,1.56,780.0,211.8,109.0,0.82,0.75,31.0,29.7,0.48,0.5,0.0,0.0,1.0,1.0,22700.0,G09_60_H20
2024-02-08 00:00:00,7.0,-4.0,8.0,16.0,280.0,1.82,910.0,175.0,109.0,0.84,0.74,30.4,28.7,0.48,0.52,0.0,0.0,1.0,1.0,22700.0,G09_60_H20
2024-02-09 00:00:00,10.0,-1.0,9.0,11.0,4.0,1.92,960.0,159.0,132.0,0.89,0.79,29.9,27.9,0.47,0.53,0.0,0.0,1.3,1.3,22700.0,G09_60_H20
2024-02-10 00:00:00,15.0,0.0,10.0,4.0,0.0,2.0,1000.0,118.0,41.0,0.89,0.77,29.9,27.9,0.47,0.53,0.0,0.0,1.3,1.3,22700.0,G09_60_H20
2024-02-11 00:00:00,15.0,1.0,11.0,5.0,4.0,2.49,1245.0,71.0,63.0,0.93,0.8,29.7,27.9,0.47,0.53,0.0,0.0,1.3,1.3,22700.0,G09_60_H20
2024-02-12 00:00:00,18.0,4.0,12.0,4.0,4.0,2.77,1385.0,69.0,50.0,0.94,0.75,29.2,27.4,0.45,0.53,0.0,0.0,1.3,1.3,22700.0,G09_60_H20
2024-02-13 00:00:00,20.0,6.0,13.0,3.0,4.0,3.1,1550.0,39.0,50.0,0.94,0.79,28.9,27.3,0.45,0.53,0.0,0.0,1.3,1.3,22700.0,G09_60_H20
2024-02-14 00:00:00,22.0,4.0,14.0,5.0,3.0,3.2,1600.0,26.0,37.0,0.93,0.67,30.3,26.9,0.43,0.9,0.0,0.0,1.4,1.4,22700.0,G09_60_H20
2024-02-15 00:00:00,7.0,-2.0,15.0,2.0,5.0,3.58,1790.0,29.0,63.0,0.91,0.84,27.9,26.5,0.45,0.5,0.0,0.0,1.4,1.4,22700.0,G09_60_H20
2024-02-16 00:00:00,10.0,1.0,16.0,4.0,27.0,3.79,1895.0,94.0,68.0,0.91,0.74,27.6,25.9,0.45,0.54,0.0,0.0,1.4,1.4,22700.0,G09_60_H20
2024-02-17 00:00:00,17.0,3.0,17.0,5.0,1.0,3.91,1955.0,54.0,78.0,0.92,0.75,28.1,25.6,0.52,0.7,0.0,0.0,1.5,1.5,22700.0,G09_60_H20
2024-02-18 00:00:00,23.0,12.0,18.0,5.0,14.0,4.28,2140.0,9.0,64.0,0.91,0.77,29.2,26.1,0.52,1.3,0.0,0.0,1.5,1.5,22700.0,G09_60_H20
2024-02-19 00:00:00,13.0,3.0,19.0,4.0,17.0,4.75,2375.0,4.0,82.0,0.93,0.82,27.8,25.0,0.52,0.65,0.0,0.0,1.5,1.5,22700.0,G09_60_H20
2024-02-20 00:00:00,3.0,0.0,20.0,3.0,14.0,4.95,2475.0,101.0,78.0,0.89,0.75,26.3,24.6,0.5,0.54,0.0,0.0,1.5,1.5,22700.0,G09_60_H20
2024-02-21 00:00:00,0.0,-1.0,21.0,2.0,8.0,5.15,2575.0,137.5,114.0,0.89,0.75,26.3,24.6,0.5,0.54,0.0,0.0,1.5,1.5,22700.0,G09_60_H20
2024-02-22 00:00:00,0.0,-3.0,22.0,4.0,12.0,5.47,2735.0,200.0,119.0,0.91,0.75,26.3,24.4,0.45,0.48,0.0,0.0,1.5,1.5,22700.0,G09_60_H20
2024-02-23 00:00:00,1.0,-2.0,23.0,4.0,12.0,5.99,2995.0,188.0,109.0,0.92,0.78,26.0,24.2,0.44,0.47,0.0,0.0,1.5,1.5,22700.0,G09_60_H20
2024-02-24 00:00:00,1.0,-3.0,24.0,5.0,22.0,6.0,3000.0,157.0,119.0,0.93,0.77,26.2,24.0,0.42,0.45,0.0,0.0,1.5,1.5,22700.0,G09_60_H20
2024-02-25 00:00:00,5.0,-1.0,25.0,5.0,18.0,6.0,3000.0,151.0,105.0,0.91,0.75,25.6,23.8,0.43,0.47,0.0,0.0,1.5,1.5,22700.0,G09_60_H20
2024-02-26 00:00:00,7.0,-2.0,26.0,7.0,22.0,6.07,3035.0,96.0,100.0,0.92,0.79,25.5,23.8,0.4,0.47,0.0,0.0,1.5,1.5,22700.0,G09_60_H20
2024-02-27 00:00:00,8.0,0.0,27.0,5.0,14.0,6.21,3105.0,49.0,96.0,0.94,0.77,26.0,23.5,0.38,0.48,0.0,0.0,1.7,1.7,22700.0,G09_60_H20
2024-02-28 00:00:00,5.0,2.0,28.0,6.0,27.0,6.42,3210.0,41.0,91.0,0.96,0.82,25.8,23.4,0.38,0.45,0.0,0.0,1.7,1.7,22700.0,G09_60_H20
2024-02-29 00:00:00,4.0,-2.0,29.0,8.0,26.0,6.56,3280.0,37.0,87.0,0.96,0.9,25.9,22.9,0.36,0.41,0.0,0.0,1.7,1.7,22700.0,G09_60_H20
2024-03-01 00:00:00,6.0,-1.0,30.0,11.0,31.0,7.0,3500.0,90.0,113.0,0.93,0.82,25.0,22.5,0.36,0.41,0.0,0.0,1.7,1.7,22700.0,G09_60_H20
2024-03-02 00:00:00,11.0,0.0,31.0,10.0,23.0,7.04,3520.0,74.0,100.0,0.95,0.76,24.7,22.5,0.36,0.5,0.0,0.0,1.7,1.7,22700.0,G09_60_H20
2024-03-03 00:00:00,14.0,3.0,32.0,11.0,50.0,6.72,3360.0,18.0,90.0,0.95,0.71,25.2,22.5,0.34,0.9,0.0,0.0,1.7,1.7,22700.0,G09_60_H20
2024-03-04 00:00:00,10.0,7.0,33.0,15.0,44.0,7.07,3535.0,4.0,100.0,0.95,0.85,25.0,22.0,0.34,0.42,0.0,0.0,1.8,1.8,22700.0,G09_60_H20
2024-03-05 00:00:00,9.0,5.0,34.0,17.0,30.0,7.42,3710.0,3.0,91.0,0.97,0.91,24.4,21.7,0.32,0.4,0.0,0.0,1.8,1.8,22700.0,G09_60_H20
2024-03-06 00:00:00,10.0,0.0,35.0,13.0,50.0,7.21,3605.0,10.0,91.0,0.96,0.8,24.5,21.5,0.32,0.37,0.0,0.0,1.8,1.8,22700.0,G09_60_H20
2024-03-07 00:00:00,14.0,1.0,36.0,12.0,43.0,7.3,3650.0,47.0,143.0,0.96,0.72,23.7,20.9,0.3,0.5,0.0,0.0,1.8,2.5,22700.0,G09_60_H20
2024-03-08 00:00:00,12.0,0.0,37.0,24.0,30.0,6.77,3385.0,13.0,211.0,0.94,0.67,23.6,20.2,0.3,0.45,0.0,0.0,1.8,2.5,22700.0,G09_60_H20
2024-01-30 00:00:00,10.0,4.0,,0.0,0.0,0.0,0.0,0.0,0.0,0.0,0.0,0.0,0.0,0.0,0.0,0.0,0.0,0.0,0.0,22700.0,G09_60_H21
2024-01-31 00:00:00,11.0,5.0,,,,,,,,,,,,,,,,,,22700.0,G09_60_H21
2024-02-01 00:00:00,2.0,-1.0,1.0,11.0,0.0,0.6,300.0,347.0,105.0,0.61,0.56,34.6,33.0,0.6,0.6,0.0,0.0,1.0,1.0,22700.0,G09_60_H21
2024-02-02 00:00:00,1.0,-2.0,2.0,15.0,5.0,0.77,385.0,244.0,114.0,0.61,0.56,34.6,33.0,0.6,0.6,0.0,0.0,1.0,1.0,22700.0,G09_60_H21
2024-02-03 00:00:00,0.0,-1.0,3.0,18.0,0.0,0.95,475.0,238.0,96.0,0.71,0.65,33.4,31.5,0.6,0.6,0.0,0.0,1.0,1.0,22700.0,G09_60_H21
2024-02-04 00:00:00,0.0,-3.0,4.0,21.0,9.0,1.0,500.0,215.0,109.0,0.75,0.65,33.4,31.3,0.54,0.54,0.0,0.0,1.0,1.0,22700.0,G09_60_H21
2024-02-05 00:00:00,-1.0,-7.0,5.0,6.0,2.0,1.15,575.0,230.0,105.0,0.76,0.69,32.1,29.9,0.52,0.52,0.0,0.0,1.0,1.0,22700.0,G09_60_H21
2024-02-06 00:00:00,0.0,-3.0,6.0,8.0,4.0,1.43,715.0,209.0,100.0,0.7,0.69,31.9,29.8,0.5,0.52,0.0,0.0,1.0,1.0,22700.0,G09_60_H21
2024-02-07 00:00:00,4.0,-4.0,7.0,9.0,7.0,1.7,850.0,212.0,109.0,0.87,0.79,30.4,29.0,0.48,0.5,0.0,0.0,1.0,1.0,22700.0,G09_60_H21
2024-02-08 00:00:00,7.0,-4.0,8.0,19.0,270.0,1.76,880.0,175.0,109.0,0.87,0.76,30.4,27.6,0.48,0.52,0.0,0.0,1.0,1.0,22700.0,G09_60_H21
2024-02-09 00:00:00,10.0,-1.0,9.0,20.0,7.0,1.85,925.0,159.0,132.0,0.91,0.79,29.9,28.0,0.47,0.53,0.0,0.0,1.3,1.3,22700.0,G09_60_H21
2024-02-10 00:00:00,15.0,0.0,10.0,4.0,0.0,1.92,960.0,118.0,41.0,0.91,0.78,29.9,27.4,0.47,0.53,0.0,0.0,1.3,1.3,22700.0,G09_60_H21
2024-02-11 00:00:00,15.0,1.0,11.0,5.0,1.0,2.62,1310.0,71.0,63.0,0.95,0.83,29.7,27.9,0.47,0.53,0.0,0.0,1.3,1.3,22700.0,G09_60_H21
2024-02-12 00:00:00,18.0,4.0,12.0,3.0,2.0,2.86,1430.0,69.0,50.0,0.92,0.81,29.4,27.4,0.45,0.53,0.0,0.0,1.3,1.3,22700.0,G09_60_H21
2024-02-13 00:00:00,20.0,6.0,13.0,4.0,3.0,3.16,1580.0,39.0,50.0,0.94,0.78,28.9,27.3,0.45,0.53,0.0,0.0,1.3,1.3,22700.0,G09_60_H21
2024-02-14 00:00:00,22.0,4.0,14.0,5.0,5.0,3.25,1625.0,26.0,37.0,0.95,0.71,30.5,26.9,0.43,0.9,0.0,0.0,1.4,1.4,22700.0,G09_60_H21
2024-02-15 00:00:00,7.0,-2.0,15.0,3.0,6.0,3.51,1755.0,29.0,63.0,0.97,0.88,28.0,26.4,0.45,0.5,0.0,0.0,1.4,1.4,22700.0,G09_60_H21
2024-02-16 00:00:00,10.0,1.0,16.0,4.0,26.0,3.79,1895.0,94.0,68.0,0.95,0.8,27.6,26.1,0.45,0.54,0.0,0.0,1.4,1.4,22700.0,G09_60_H21
2024-02-17 00:00:00,17.0,3.0,17.0,4.0,4.0,4.12,2060.0,54.0,78.0,0.97,0.8,27.9,25.6,0.52,0.7,0.0,0.0,1.5,1.5,22700.0,G09_60_H21
2024-02-18 00:00:00,23.0,12.0,18.0,5.0,15.0,4.48,2240.0,9.0,64.0,0.96,0.8,29.3,26.3,0.52,1.3,0.0,0.0,1.5,1.5,22700.0,G09_60_H21
2024-02-19 00:00:00,13.0,3.0,19.0,4.0,15.0,5.08,2540.0,4.0,82.0,0.97,0.86,27.8,25.1,0.52,0.65,0.0,0.0,1.5,1.5,22700.0,G09_60_H21
2024-02-20 00:00:00,3.0,0.0,20.0,3.0,12.0,5.12,2560.0,101.0,78.0,0.96,0.81,26.4,24.5,0.5,0.54,0.0,0.0,1.5,1.5,22700.0,G09_60_H21
2024-02-21 00:00:00,0.0,-1.0,21.0,5.0,8.0,5.4,2700.0,137.5,114.0,0.96,0.81,26.4,24.5,0.5,0.54,0.0,0.0,1.5,1.5,22700.0,G09_60_H21
2024-02-22 00:00:00,0.0,-3.0,22.0,6.0,14.0,5.5,2750.0,200.0,119.0,0.96,0.81,26.1,24.3,0.45,0.48,0.0,0.0,1.5,1.5,22700.0,G09_60_H21
2024-02-23 00:00:00,1.0,-2.0,23.0,3.0,10.0,5.94,2970.0,188.0,109.0,0.96,0.83,26.2,24.2,0.44,0.47,0.0,0.0,1.5,1.5,22700.0,G09_60_H21
2024-02-24 00:00:00,1.0,-3.0,24.0,4.0,18.0,6.0,3000.0,157.0,119.0,0.96,0.82,25.9,24.0,0.42,0.45,0.0,0.0,1.5,1.5,22700.0,G09_60_H21
2024-02-25 00:00:00,5.0,-1.0,25.0,6.0,10.0,6.09,3045.0,151.0,105.0,0.96,0.82,25.6,24.0,0.43,0.47,0.0,0.0,1.5,1.5,22700.0,G09_60_H21
2024-02-26 00:00:00,7.0,-2.0,26.0,5.0,22.0,6.44,3220.0,96.0,100.0,0.97,0.83,25.8,23.7,0.4,0.47,0.0,0.0,1.5,1.5,22700.0,G09_60_H21
2024-02-27 00:00:00,8.0,0.0,27.0,5.0,18.0,6.56,3280.0,49.0,96.0,0.96,0.78,25.8,23.6,0.38,0.48,0.0,0.0,1.7,1.7,22700.0,G09_60_H21
2024-02-28 00:00:00,5.0,2.0,28.0,6.0,9.0,6.4,3200.0,41.0,91.0,0.94,0.83,25.6,23.3,0.38,0.45,0.0,0.0,1.7,1.7,22700.0,G09_60_H21
2024-02-29 00:00:00,4.0,-2.0,29.0,6.0,8.0,6.5,3250.0,38.0,87.0,0.93,0.83,25.8,22.9,0.36,0.41,0.0,0.0,1.7,1.7,22700.0,G09_60_H21
2024-03-01 00:00:00,6.0,-1.0,30.0,8.0,12.0,6.8,3400.0,90.0,113.0,0.98,0.84,24.8,22.5,0.36,0.41,0.0,0.0,1.7,1.7,22700.0,G09_60_H21
2024-03-02 00:00:00,11.0,0.0,31.0,6.0,58.0,6.87,3435.0,74.0,100.0,0.94,0.78,24.9,22.3,0.36,0.5,0.0,0.0,1.7,1.7,22700.0,G09_60_H21
2024-03-03 00:00:00,14.0,3.0,32.0,12.0,50.0,6.7,3350.0,18.0,90.0,0.94,0.72,25.3,22.5,0.34,0.9,0.0,0.0,1.7,1.7,22700.0,G09_60_H21
2024-03-04 00:00:00,10.0,7.0,33.0,15.0,33.0,7.1,3550.0,4.0,100.0,0.94,0.86,24.8,22.1,0.34,0.42,0.0,0.0,1.8,1.8,22700.0,G09_60_H21
2024-03-05 00:00:00,9.0,5.0,34.0,11.0,40.0,7.25,3625.0,3.0,91.0,0.96,0.9,24.4,21.6,0.32,0.4,0.0,0.0,1.8,1.8,22700.0,G09_60_H21
2024-03-06 00:00:00,10.0,0.0,35.0,11.0,50.0,7.14,3570.0,10.0,91.0,0.94,0.83,24.1,21.5,0.32,0.37,0.0,0.0,1.8,1.8,22700.0,G09_60_H21
2024-03-07 00:00:00,14.0,1.0,36.0,32.0,30.0,7.0,3500.0,47.0,143.0,0.93,0.73,24.3,20.6,0.3,0.5,0.0,0.0,1.8,2.5,22700.0,G09_60_H21
2024-03-08 00:00:00,12.0,0.0,37.0,29.0,40.0,6.36,3180.0,13.0,211.0,0.96,0.68,23.7,20.0,0.3,0.45,0.0,0.0,1.8,2.5,22700.0,G09_60_H21
2024-01-30 00:00:00,10.0,4.0,,0.0,0.0,0.0,0.0,0.0,0.0,0.0,0.0,0.0,0.0,0.0,0.0,0.0,0.0,0.0,0.0,22900.0,G09_60_H22
2024-01-31 00:00:00,11.0,5.0,,,,,,,,,,,,,,,,,,22900.0,G09_60_H22
2024-02-01 00:00:00,2.0,-1.0,1.0,9.0,2.0,0.6,300.0,347.0,105.0,0.57,0.5,34.9,32.8,0.6,0.6,0.0,0.0,1.0,1.0,22900.0,G09_60_H22
2024-02-02 00:00:00,1.0,-2.0,2.0,8.0,0.0,0.78,390.0,244.0,114.0,0.57,0.5,34.9,32.8,0.6,0.6,0.0,0.0,1.0,1.0,22900.0,G09_60_H22
2024-02-03 00:00:00,0.0,-1.0,3.0,17.0,0.0,0.96,480.0,238.0,96.0,0.68,0.61,33.3,31.5,0.6,0.6,0.0,0.0,1.0,1.0,22900.0,G09_60_H22
2024-02-04 00:00:00,0.0,-3.0,4.0,28.0,6.0,1.0,500.0,215.0,110.0,0.71,0.61,33.3,31.2,0.54,0.54,0.0,0.0,1.0,1.0,22900.0,G09_60_H22
2024-02-05 00:00:00,-1.0,-7.0,5.0,15.0,4.0,1.13,565.0,230.0,105.0,0.75,0.64,31.9,29.9,0.52,0.52,0.0,0.0,1.0,1.0,22900.0,G09_60_H22
2024-02-06 00:00:00,0.0,-3.0,6.0,13.0,4.0,1.38,690.0,209.0,100.0,0.77,0.64,31.9,29.9,0.5,0.52,0.0,0.0,1.0,1.0,22900.0,G09_60_H22
2024-02-07 00:00:00,4.0,-4.0,7.0,8.0,3.0,1.52,760.0,212.0,109.0,0.85,0.76,30.5,29.0,0.48,0.5,0.0,0.0,1.0,1.0,22900.0,G09_60_H22
2024-02-08 00:00:00,7.0,-4.0,8.0,18.0,243.0,1.75,875.0,175.0,110.0,0.86,0.74,30.5,28.7,0.48,0.52,0.0,0.0,1.0,1.0,22900.0,G09_60_H22
2024-02-09 00:00:00,10.0,-1.0,9.0,12.0,3.0,1.8,900.0,159.0,132.0,0.91,0.8,29.9,28.4,0.47,0.53,0.0,0.0,1.0,1.0,22900.0,G09_60_H22
2024-02-10 00:00:00,15.0,0.0,10.0,13.0,2.0,1.93,965.0,118.0,41.0,0.91,0.77,29.9,28.1,0.47,0.53,0.0,0.0,1.3,1.3,22900.0,G09_60_H22
2024-02-11 00:00:00,15.0,1.0,11.0,7.0,3.0,2.54,1270.0,71.0,63.0,0.94,0.82,29.6,27.9,0.47,0.53,0.0,0.0,1.3,1.3,22900.0,G09_60_H22
2024-02-12 00:00:00,18.0,4.0,12.0,10.0,4.0,2.92,1460.0,69.0,50.0,0.89,0.78,29.2,27.5,0.45,0.53,0.0,0.0,1.3,1.3,22900.0,G09_60_H22
2024-02-13 00:00:00,20.0,6.0,13.0,6.0,9.0,3.21,1605.0,39.0,50.0,0.97,9.8,29.0,27.4,0.45,0.53,0.0,0.0,1.3,1.3,22900.0,G09_60_H22
2024-02-14 00:00:00,22.0,4.0,14.0,10.0,6.0,3.32,1660.0,26.0,37.0,0.96,0.67,30.5,26.9,0.43,0.9,0.0,0.0,1.4,1.4,22900.0,G09_60_H22
2024-02-15 00:00:00,7.0,-2.0,15.0,12.0,19.0,3.38,1690.0,30.0,63.0,0.93,0.84,28.1,26.6,0.45,0.5,0.0,0.0,1.4,1.4,22900.0,G09_60_H22
2024-02-16 00:00:00,10.0,1.0,16.0,13.0,18.0,3.77,1885.0,94.0,68.0,0.94,0.76,27.6,26.2,0.45,0.54,0.0,0.0,1.4,1.4,22900.0,G09_60_H22
2024-02-17 00:00:00,17.0,3.0,17.0,12.0,5.0,3.94,1970.0,54.0,78.0,0.95,0.76,28.5,25.4,0.52,0.7,0.0,0.0,1.5,1.5,22900.0,G09_60_H22
2024-02-18 00:00:00,23.0,12.0,18.0,9.0,8.0,4.25,2125.0,9.0,64.0,0.92,0.76,29.2,26.1,0.52,1.3,0.0,0.0,1.5,1.5,22900.0,G09_60_H22
2024-02-19 00:00:00,13.0,3.0,19.0,10.0,22.0,4.69,2345.0,4.0,82.0,0.95,0.83,27.7,25.3,0.52,0.65,0.0,0.0,1.5,1.5,22900.0,G09_60_H22
2024-02-20 00:00:00,3.0,0.0,20.0,9.0,19.0,4.96,2480.0,101.0,78.0,0.93,0.76,26.3,24.7,0.5,0.54,0.0,0.0,1.5,1.5,22900.0,G09_60_H22
2024-02-21 00:00:00,0.0,-1.0,21.0,8.0,11.0,5.09,2545.0,137.5,114.0,0.93,0.76,26.3,24.7,0.5,0.54,0.0,0.0,1.5,1.5,22900.0,G09_60_H22
2024-02-22 00:00:00,0.0,-3.0,22.0,12.0,14.0,5.56,2780.0,200.0,119.0,0.94,0.75,26.4,24.2,0.45,0.48,0.0,0.0,1.5,1.5,22900.0,G09_60_H22
2024-02-23 00:00:00,1.0,-2.0,23.0,6.0,8.0,5.88,2940.0,188.0,110.0,0.94,0.77,26.0,24.2,0.44,0.47,0.0,0.0,1.5,1.5,22900.0,G09_60_H22
2024-02-24 00:00:00,1.0,-3.0,24.0,4.0,4.0,6.0,3000.0,157.0,119.0,0.94,0.76,26.1,24.1,0.42,0.45,0.0,0.0,1.5,1.5,22900.0,G09_60_H22
2024-02-25 00:00:00,5.0,-1.0,25.0,6.0,14.0,5.9,2950.0,151.0,105.0,0.93,0.78,25.9,23.8,0.43,0.47,0.0,0.0,1.5,1.5,22900.0,G09_60_H22
2024-02-26 00:00:00,7.0,-2.0,26.0,8.0,8.0,6.5,3250.0,96.0,100.0,0.93,0.76,25.7,23.5,0.4,0.47,0.0,0.0,1.5,1.5,22900.0,G09_60_H22
2024-02-27 00:00:00,8.0,0.0,27.0,8.0,11.0,6.5,3250.0,49.0,96.0,0.95,0.75,26.0,23.6,0.38,0.48,0.0,0.0,1.7,1.7,22900.0,G09_60_H22
2024-02-28 00:00:00,5.0,2.0,28.0,14.0,17.0,6.37,3185.0,41.0,91.0,0.97,0.8,25.9,23.5,0.38,0.45,0.0,0.0,1.7,1.7,22900.0,G09_60_H22
2024-02-29 00:00:00,4.0,-2.0,29.0,7.0,8.0,6.44,3220.0,38.0,87.0,0.97,0.85,25.8,23.2,0.36,0.41,0.0,0.0,1.7,1.7,22900.0,G09_60_H22
2024-03-01 00:00:00,6.0,-1.0,30.0,13.0,42.0,6.78,3390.0,90.0,113.0,0.93,0.77,25.0,22.6,0.36,0.41,0.0,0.0,1.7,1.7,22900.0,G09_60_H22
2024-03-02 00:00:00,11.0,0.0,31.0,11.0,48.0,6.66,3330.0,74.0,100.0,0.94,0.71,25.0,22.3,0.36,0.5,0.0,0.0,1.7,1.7,22900.0,G09_60_H22
2024-03-03 00:00:00,14.0,3.0,32.0,15.0,50.0,6.83,3415.0,18.0,90.0,0.95,0.68,25.5,22.5,0.34,0.9,0.0,0.0,1.7,1.7,22900.0,G09_60_H22
2024-03-04 00:00:00,10.0,7.0,33.0,23.0,40.0,7.24,3620.0,4.0,100.0,0.94,0.81,25.3,22.2,0.34,0.42,0.0,0.0,1.8,1.8,22900.0,G09_60_H22
2024-03-05 00:00:00,9.0,5.0,34.0,60.0,33.0,7.37,3685.0,3.0,91.0,0.96,0.87,24.6,21.6,0.32,0.4,0.0,0.0,1.8,1.8,22900.0,G09_60_H22
2024-03-06 00:00:00,10.0,0.0,35.0,65.0,20.0,6.65,3325.0,10.0,91.0,0.96,0.76,24.5,21.4,0.32,0.37,0.0,0.0,1.8,1.8,22900.0,G09_60_H22
2024-03-07 00:00:00,14.0,1.0,36.0,120.0,0.0,6.79,3395.0,47.0,142.0,0.94,0.7,24.0,20.5,0.3,0.5,0.0,0.0,1.8,2.5,22900.0,G09_60_H22
2024-03-08 00:00:00,12.0,0.0,37.0,62.0,0.0,6.35,3175.0,13.0,211.0,0.89,0.62,23.8,19.7,0.3,0.45,0.0,0.0,1.8,2.5,22900.0,G09_60_H22
2024-01-30 00:00:00,10.0,4.0,,0.0,0.0,0.0,0.0,0.0,0.0,0.0,0.0,0.0,0.0,0.0,0.0,0.0,0.0,0.0,0.0,22900.0,G09_60_H23
2024-01-31 00:00:00,11.0,5.0,0.0,,,,,,,,,,,,,,,,,22900.0,G09_60_H23
2024-02-01 00:00:00,2.0,-1.0,1.0,20.0,0.0,0.6,300.0,347.0,105.0,0.6,0.53,34.8,33.3,0.6,0.6,0.0,0.0,1.0,1.0,22900.0,G09_60_H23
2024-02-02 00:00:00,1.0,-2.0,2.0,13.0,0.0,0.78,390.0,244.0,114.0,0.6,0.53,34.8,33.3,0.6,0.6,0.0,0.0,1.0,1.0,22900.0,G09_60_H23
2024-02-03 00:00:00,0.0,-1.0,3.0,17.0,0.0,0.96,480.0,239.0,96.0,0.71,0.64,33.4,32.0,0.6,0.6,0.0,0.0,1.0,1.0,22900.0,G09_60_H23
2024-02-04 00:00:00,0.0,-3.0,4.0,41.0,0.0,1.0,500.0,215.0,110.0,0.71,0.63,33.4,31.8,0.54,0.54,0.0,0.0,1.0,1.0,22900.0,G09_60_H23
2024-02-05 00:00:00,-1.0,-7.0,5.0,14.0,4.0,1.1,550.0,229.0,105.0,0.78,0.68,32.0,30.3,0.52,0.52,0.0,0.0,1.0,1.0,22900.0,G09_60_H23
2024-02-06 00:00:00,0.0,-3.0,6.0,9.0,6.0,1.32,660.0,209.0,100.0,0.8,0.68,32.0,30.1,0.5,0.52,0.0,0.0,1.0,1.0,22900.0,G09_60_H23
2024-02-07 00:00:00,4.0,-4.0,7.0,8.0,3.0,1.4,700.0,211.8,109.0,0.85,0.76,30.4,29.1,0.48,0.5,0.0,0.0,1.0,1.0,22900.0,G09_60_H23
2024-02-08 00:00:00,7.0,-4.0,8.0,15.0,238.0,1.56,780.0,175.0,110.0,0.85,0.74,30.4,28.9,0.48,0.52,0.0,0.0,1.0,1.0,22900.0,G09_60_H23
2024-02-09 00:00:00,10.0,-1.0,9.0,14.0,3.0,1.65,825.0,160.0,132.0,0.92,0.8,30.2,28.6,0.47,0.53,0.0,0.0,1.0,1.0,22900.0,G09_60_H23
2024-02-10 00:00:00,15.0,0.0,10.0,10.0,2.0,1.81,905.0,118.0,41.0,0.92,0.77,30.2,28.5,0.47,0.53,0.0,0.0,1.3,1.3,22900.0,G09_60_H23
2024-02-11 00:00:00,15.0,1.0,11.0,11.0,5.0,2.52,1260.0,71.0,63.0,0.97,0.83,29.8,28.1,0.47,0.53,0.0,0.0,1.3,1.3,22900.0,G09_60_H23
2024-02-12 00:00:00,18.0,4.0,12.0,8.0,4.0,2.88,1440.0,69.0,50.0,0.9,0.79,29.2,27.1,0.45,0.53,0.0,0.0,1.3,1.3,22900.0,G09_60_H23
2024-02-13 00:00:00,20.0,6.0,13.0,5.0,8.0,3.18,1590.0,39.0,50.0,0.94,0.84,29.1,27.4,0.45,0.53,0.0,0.0,1.3,1.3,22900.0,G09_60_H23
2024-02-14 00:00:00,22.0,4.0,14.0,13.0,4.0,3.28,1640.0,26.0,37.0,0.95,0.7,30.5,27.0,0.43,0.9,0.0,0.0,1.4,1.4,22900.0,G09_60_H23
2024-02-15 00:00:00,7.0,-2.0,15.0,10.0,20.0,3.37,1685.0,30.0,63.0,0.97,0.85,28.0,26.6,0.45,0.5,0.0,0.0,1.4,1.4,22900.0,G09_60_H23
2024-02-16 00:00:00,10.0,1.0,16.0,9.0,21.0,3.69,1845.0,94.0,68.0,0.97,0.77,28.3,26.1,0.45,0.54,0.0,0.0,1.4,1.4,22900.0,G09_60_H23
2024-02-17 00:00:00,17.0,3.0,17.0,10.0,12.0,3.92,1960.0,54.0,78.0,0.92,0.78,28.1,26.0,0.52,0.7,0.0,0.0,1.5,1.5,22900.0,G09_60_H23
2024-02-18 00:00:00,23.0,12.0,18.0,9.0,9.0,4.16,2080.0,9.0,64.0,0.95,0.79,28.9,26.2,0.52,1.3,0.0,0.0,1.5,1.5,22900.0,G09_60_H23
2024-02-19 00:00:00,13.0,3.0,19.0,11.0,15.0,4.46,2230.0,4.0,82.0,0.96,0.87,28.0,25.2,0.52,0.65,0.0,0.0,1.5,1.5,22900.0,G09_60_H23
2024-02-20 00:00:00,3.0,0.0,20.0,9.0,17.0,4.81,2405.0,101.0,78.0,0.94,0.78,26.5,25.0,0.5,0.54,0.0,0.0,1.5,1.5,22900.0,G09_60_H23
2024-02-21 00:00:00,0.0,-1.0,21.0,9.0,12.0,5.06,2530.0,137.5,114.0,0.94,0.78,26.5,25.0,0.5,0.54,0.0,0.0,1.5,1.5,22900.0,G09_60_H23
2024-02-22 00:00:00,0.0,-3.0,22.0,9.0,12.0,5.45,2725.0,200.0,119.0,0.93,0.74,26.2,24.3,0.5,0.54,0.0,0.0,1.5,1.5,22900.0,G09_60_H23
2024-02-23 00:00:00,1.0,-2.0,23.0,11.0,9.0,5.83,2915.0,188.0,110.0,0.95,0.77,26.1,24.1,0.44,0.47,0.0,0.0,1.5,1.5,22900.0,G09_60_H23
2024-02-24 00:00:00,1.0,-3.0,24.0,6.0,8.0,5.9,2950.0,157.0,119.0,0.95,0.77,26.5,24.0,0.42,0.45,0.0,0.0,1.5,1.5,22900.0,G09_60_H23
2024-02-25 00:00:00,5.0,-1.0,25.0,5.0,6.0,5.7,2850.0,151.0,105.0,0.94,0.77,25.7,23.8,0.43,0.47,0.0,0.0,1.5,1.5,22900.0,G09_60_H23
2024-02-26 00:00:00,7.0,-2.0,26.0,8.0,10.0,6.07,3035.0,96.0,100.0,0.94,0.78,25.8,23.7,0.4,0.47,0.0,0.0,1.5,1.5,22900.0,G09_60_H23
2024-02-27 00:00:00,8.0,0.0,27.0,9.0,12.0,6.01,3005.0,49.0,96.0,0.97,0.78,26.1,23.7,0.38,0.48,0.0,0.0,1.7,1.7,22900.0,G09_60_H23
2024-02-28 00:00:00,5.0,2.0,28.0,16.0,27.0,5.86,2930.0,41.0,91.0,0.97,0.82,25.9,23.5,0.38,0.45,0.0,0.0,1.7,1.7,22900.0,G09_60_H23
2024-02-29 00:00:00,4.0,-2.0,29.0,13.0,26.0,5.86,2930.0,38.0,87.0,0.96,0.87,25.7,23.1,0.36,0.41,0.0,0.0,1.7,1.7,22900.0,G09_60_H23
2024-03-01 00:00:00,6.0,-1.0,30.0,20.0,159.0,6.3,3150.0,90.0,113.0,0.98,0.84,24.9,22.4,0.36,0.41,0.0,0.0,1.7,1.7,22900.0,G09_60_H23
2024-03-02 00:00:00,11.0,0.0,31.0,15.0,73.0,6.23,3115.0,74.0,100.0,0.98,0.76,24.8,22.4,0.36,0.5,0.0,0.0,1.7,1.7,22900.0,G09_60_H23
2024-03-03 00:00:00,14.0,3.0,32.0,20.0,48.0,6.43,3215.0,18.0,90.0,0.99,0.7,25.3,22.3,0.34,0.9,0.0,0.0,1.7,1.7,22900.0,G09_60_H23
2024-03-04 00:00:00,10.0,7.0,33.0,40.0,30.0,6.34,3170.0,4.0,100.0,0.95,0.85,25.1,22.1,0.34,0.42,0.0,0.0,1.8,1.8,22900.0,G09_60_H23
2024-03-05 00:00:00,9.0,5.0,34.0,75.0,19.0,7.14,3570.0,3.0,91.0,0.94,0.91,24.3,21.7,0.32,0.4,0.0,0.0,1.8,1.8,22900.0,G09_60_H23
2024-03-06 00:00:00,10.0,0.0,35.0,65.0,20.0,7.1,3550.0,10.0,91.0,0.95,0.81,23.9,21.4,0.32,0.37,0.0,0.0,1.8,1.8,22900.0,G09_60_H23
2024-03-07 00:00:00,14.0,1.0,36.0,127.0,0.0,7.09,3545.0,47.0,142.0,0.97,0.72,23.7,20.6,0.3,0.5,0.0,0.0,1.8,2.5,22900.0,G09_60_H23
2024-03-08 00:00:00,12.0,0.0,37.0,75.0,0.0,6.95,3475.0,13.0,211.0,0.97,0.66,24.0,20.0,0.3,0.45,0.0,0.0,1.8,2.5,22900.0,G09_60_H23
2024-02-11 00:00:00,15.0,1.0,1.0,17.0,12.0,0.751,376.0,573.0,40.0,0.48,0.43,34.7,31.5,0.6,0.6,0.0,0.0,1.0,1.0,28900.0,G10_57_H1
2024-02-12 00:00:00,18.0,4.0,2.0,13.0,18.0,0.98,490.0,384.0,36.00000000002183,0.49,0.4,34.4,31.5,0.6,0.65,0.0,0.0,1.0,1.0,28900.0,G10_57_H1
2024-02-13 00:00:00,20.0,6.0,3.0,15.0,13.0,1.204,602.0,194.0,80.0,0.53,0.44,33.8,31.1,0.65,0.7,0.0,0.0,1.0,1.0,28900.0,G10_57_H1
2024-02-14 00:00:00,22.0,4.0,4.0,10.0,41.0,1.304,652.0,187.0,43.99999999997817,0.58,0.49,33.0,30.8,0.65,0.7,0.0,0.0,1.0,1.0,28900.0,G10_57_H1
2024-02-15 00:00:00,7.0,-2.0,5.0,11.0,25.0,1.536,768.0,145.0,36.00000000002183,0.6,0.47,32.3,31.0,0.65,0.7,0.0,0.0,1.0,1.0,28900.0,G10_57_H1
2024-02-16 00:00:00,10.0,1.0,6.0,6.0,10.0,1.76,880.0,211.0,55.99999999998545,0.62,0.53,31.4,29.3,0.6,0.65,0.0,0.0,1.0,1.0,28900.0,G10_57_H1
2024-02-17 00:00:00,17.0,3.0,7.0,5.0,18.0,2.00802,1004.0,178.0,84.00000000001455,0.68,0.56,30.8,28.7,0.6,0.6,0.0,0.0,1.0,1.0,28900.0,G10_57_H1
2024-02-18 00:00:00,22.0,12.0,8.0,8.0,190.0,2.108112,1054.0,108.0,43.99999999997817,0.78,0.65,30.5,28.8,0.6,0.7,0.0,0.0,1.0,1.0,28900.0,G10_57_H1
2024-02-19 00:00:00,13.0,3.0,9.0,8.0,21.0,2.447474,1224.0,83.0,47.999999999992724,0.8,0.67,30.4,28.0,0.58,0.67,0.0,0.0,1.0,1.0,28900.0,G10_57_H1
2024-02-20 00:00:00,3.0,0.0,10.0,6.0,21.0,2.8432,1422.0,207.0,44.00000000001455,0.76,0.61,29.6,27.8,0.46,0.46,0.0,0.0,1.0,1.0,28900.0,G10_57_H1
2024-02-21 00:00:00,1.0,-1.0,11.0,5.0,21.0,2.8,1400.0,231.0,44.00000000001455,0.82,0.64,29.3,27.3,0.42,0.42,0.0,0.0,1.0,1.0,28900.0,G10_57_H1
2024-02-22 00:00:00,0.0,-3.0,12.0,4.0,28.0,3.11,1555.0,221.0,43.99999999997817,0.83,0.66,29.3,27.1,0.42,0.42,0.0,0.0,1.0,1.0,28900.0,G10_57_H1
2024-02-23 00:00:00,1.0,-3.0,13.0,3.0,16.0,3.55,1775.0,204.0,47.999999999992724,0.92,0.71,29.2,27.0,0.4,0.4,0.0,0.0,1.0,1.5,28900.0,G10_57_H1
2024-02-24 00:00:00,1.0,-3.0,14.0,8.0,74.0,3.87,1935.0,133.0,48.000000000029104,0.93,0.78,29.0,26.6,0.45,0.45,0.0,0.0,1.0,1.5,28900.0,G10_57_H1
2024-02-25 00:00:00,4.0,-1.0,15.0,9.0,70.0,3.92,1960.0,167.0,11.999999999970896,0.9,0.71,28.5,26.1,0.47,0.47,0.0,0.0,1.5,1.5,28900.0,G10_57_H1
2024-02-26 00:00:00,7.0,-1.0,16.0,6.0,54.0,3.96,1980.0,145.0,11.999999999970896,0.88,0.69,28.3,26.1,0.45,0.55,0.0,0.0,1.5,1.5,28900.0,G10_57_H1
2024-02-27 00:00:00,7.0,0.0,17.0,10.0,93.0,4.77,2385.0,132.0,40.0,0.9,0.71,28.3,25.9,0.42,0.5,0.0,0.0,1.5,1.5,28900.0,G10_57_H1
2024-02-28 00:00:00,3.0,0.0,18.0,9.0,80.0,5.22,2610.0,139.0,36.00000000002183,0.9,0.7,28.0,25.5,0.4,0.45,0.0,0.0,1.5,1.5,28900.0,G10_57_H1
2024-02-29 00:00:00,3.0,1.0,19.0,11.0,60.0,5.26,2630.0,140.0,55.99999999998545,0.88,0.71,27.8,24.9,0.4,0.45,0.0,0.0,1.5,1.5,28900.0,G10_57_H1
2024-03-01 00:00:00,5.0,1.0,20.0,8.0,50.0,5.48,2740.0,162.0,47.999999999992724,0.85,0.7,27.5,24.9,0.4,0.45,0.0,0.0,1.5,1.5,28900.0,G10_57_H1
2024-03-02 00:00:00,11.0,-3.0,21.0,6.0,38.0,5.82,2910.0,,56.0,0.89,0.71,27.0,25.1,0.34,0.46,0.0,0.0,1.5,1.5,28900.0,G10_57_H1
2024-03-03 00:00:00,14.0,0.0,22.0,7.0,18.0,6.08,3040.0,95.0,60.0,0.89,0.64,27.1,24.7,0.38,0.52,0.0,0.0,1.5,1.5,28900.0,G10_57_H1
2024-03-04 00:00:00,8.0,6.0,23.0,11.0,19.0,6.34,3170.0,47.0,47.999999999992724,0.9,0.72,26.8,24.8,0.4,0.44,0.0,0.0,1.5,1.5,28900.0,G10_57_H1
2024-03-05 00:00:00,8.0,7.0,24.0,7.0,23.0,6.5,3250.0,45.0,60.0,0.91,0.78,26.4,24.6,0.4,0.45,0.0,0.0,1.5,1.5,28900.0,G10_57_H1
2024-03-06 00:00:00,10.0,5.0,25.0,8.0,24.0,6.96,3480.0,72.0,40.0,0.9,0.72,26.6,24.5,0.38,0.48,0.0,0.0,1.5,1.5,28900.0,G10_57_H1
2024-03-07 00:00:00,15.0,2.0,26.0,9.0,24.0,7.37,3685.0,65.0,75.99999999998545,0.93,0.68,26.7,24.3,0.33,0.51,0.0,0.0,1.5,1.5,28900.0,G10_57_H1
2024-03-08 00:00:00,15.0,1.0,27.0,8.0,45.0,8.0,4000.0,36.0,64.00000000001455,0.91,0.63,26.4,24.1,0.34,0.54,0.0,0.0,1.5,1.5,28900.0,G10_57_H1
2024-03-09 00:00:00,13.0,1.0,28.0,6.0,124.0,8.1,4050.0,76.0,60.0,0.91,0.68,26.3,23.8,0.34,0.5,0.0,0.0,1.5,1.5,28900.0,G10_57_H1
2024-03-10 00:00:00,16.0,4.0,29.0,8.0,92.0,8.65,4325.0,56.0,67.99999999999272,0.93,0.65,27.0,23.5,0.3,0.57,0.0,0.0,1.5,1.5,28900.0,G10_57_H1
2024-03-11 00:00:00,22.0,7.0,30.0,13.0,40.0,8.59,4295.0,25.0,52.000000000007276,0.9,0.63,29.1,23.8,0.35,0.72,0.0,0.0,1.5,1.5,28900.0,G10_57_H1
2024-03-12 00:00:00,15.0,4.0,31.0,30.0,90.0,8.79,4395.0,21.0,72.00000000000728,0.9,0.67,26.1,23.5,0.35,0.58,0.0,0.0,1.5,1.5,28900.0,G10_57_H1
2024-03-13 00:00:00,15.0,3.0,32.0,70.0,20.0,8.9,4450.0,75.0,63.99999999997817,0.9,0.58,27.2,22.5,0.36,0.5,0.0,0.0,1.5,1.5,28900.0,G10_57_H1
2024-03-14 00:00:00,13.0,9.0,33.0,81.0,15.0,9.19,4595.0,75.0,64.00000000001455,0.91,0.78,25.9,23.1,0.35,0.48,0.0,0.0,1.5,1.5,28900.0,G10_57_H1
2024-03-15 00:00:00,18.0,4.0,34.0,120.0,11.0,9.21,4605.0,78.0,67.99999999999272,0.93,0.72,26.6,21.8,0.35,0.65,0.0,0.0,1.5,1.5,28900.0,G10_57_H1
2024-03-16 00:00:00,22.0,9.0,35.0,135.0,5.0,8.85,4425.0,11.0,67.99999999999272,0.93,0.68,26.6,22.5,0.38,1.25,0.0,0.0,1.5,4.0,28900.0,G10_57_H1
2024-03-17 00:00:00,12.0,10.0,36.0,154.0,6.0,8.35,4175.0,11.0,67.99999999999272,0.91,0.67,24.1,21.0,0.52,0.58,0.0,0.0,2.0,2.0,28900.0,G10_57_H1
2024-03-18 00:00:00,11.0,4.0,37.0,150.0,1.0,7.76,3880.0,75.0,76.00000000002183,0.86,0.67,22.1,19.6,0.37,0.6,0.0,0.0,2.0,2.0,28900.0,G10_57_H1
2024-02-11 00:00:00,15.0,1.0,1.0,21.0,8.0,0.749,375.0,573.0,40.0,0.51,0.45,34.7,32.2,0.6,0.6,0.0,0.0,1.0,1.0,28900.0,G10_57_H2
2024-02-12 00:00:00,18.0,4.0,2.0,15.0,13.0,0.972,486.0,384.0,47.999999999992724,0.52,0.43,34.3,31.7,0.6,0.65,0.0,0.0,1.0,1.0,28900.0,G10_57_H2
2024-02-13 00:00:00,20.0,6.0,3.0,17.0,30.0,1.198,599.0,194.0,35.99999999998545,0.58,0.4,33.8,31.2,0.65,0.7,0.0,0.0,1.0,1.0,28900.0,G10_57_H2
2024-02-14 00:00:00,22.0,4.0,4.0,6.0,27.0,1.316,658.0,187.0,44.00000000001455,0.59,0.51,32.8,30.6,0.65,0.7,0.0,0.0,1.0,1.0,28900.0,G10_57_H2
2024-02-15 00:00:00,7.0,-2.0,5.0,8.0,18.0,1.542,771.0,146.0,35.99999999998545,0.62,0.48,32.4,30.4,0.65,0.7,0.0,0.0,1.0,1.0,28900.0,G10_57_H2
2024-02-16 00:00:00,10.0,1.0,6.0,5.0,23.0,1.753,877.0,211.0,52.000000000007276,0.63,0.51,31.7,29.3,0.6,0.65,0.0,0.0,1.0,1.0,28900.0,G10_57_H2
2024-02-17 00:00:00,17.0,3.0,7.0,4.0,11.0,2.00858,1004.0,178.0,44.00000000001455,0.66,0.57,31.1,28.8,0.6,0.6,0.0,0.0,1.0,1.0,28900.0,G10_57_H2
2024-02-18 00:00:00,22.0,12.0,8.0,8.0,122.0,2.113736,1057.0,108.0,43.99999999997817,0.79,0.66,30.7,28.8,0.6,0.7,0.0,0.0,1.0,1.0,28900.0,G10_57_H2
2024-02-19 00:00:00,13.0,3.0,9.0,10.0,31.0,2.452978,1226.0,83.0,44.00000000001455,0.79,0.65,30.4,27.9,0.58,0.67,0.0,0.0,1.0,1.0,28900.0,G10_57_H2
2024-02-20 00:00:00,3.0,0.0,10.0,6.0,12.0,2.8505,1425.0,207.0,32.000000000007276,0.77,0.63,30.2,27.9,0.46,0.46,0.0,0.0,1.0,1.0,28900.0,G10_57_H2
2024-02-21 00:00:00,1.0,-1.0,11.0,5.0,30.0,2.83,1415.0,231.0,43.99999999997817,0.83,0.64,29.6,27.5,0.42,0.42,0.0,0.0,1.0,1.0,28900.0,G10_57_H2
2024-02-22 00:00:00,0.0,-3.0,12.0,6.0,39.0,3.2,1600.0,221.0,32.000000000007276,0.85,0.68,29.1,27.4,0.42,0.42,0.0,0.0,1.0,1.0,28900.0,G10_57_H2
2024-02-23 00:00:00,1.0,-3.0,13.0,4.0,20.0,3.67,1835.0,205.0,44.00000000001455,0.9,0.72,29.3,27.1,0.4,0.4,0.0,0.0,1.0,1.5,28900.0,G10_57_H2
2024-02-24 00:00:00,1.0,-3.0,14.0,11.0,50.0,3.88,1940.0,133.0,7.999999999992724,0.92,0.76,28.9,27.0,0.45,0.45,0.0,0.0,1.0,1.5,28900.0,G10_57_H2
2024-02-25 00:00:00,4.0,-1.0,15.0,7.0,38.0,4.09,2045.0,167.0,35.99999999998545,0.89,0.72,28.8,26.6,0.47,0.47,0.0,0.0,1.5,1.5,28900.0,G10_57_H2
2024-02-26 00:00:00,7.0,-1.0,16.0,5.0,35.0,4.31,2155.0,145.0,35.99999999998545,0.88,0.69,28.4,26.5,0.45,0.55,0.0,0.0,1.5,1.5,28900.0,G10_57_H2
2024-02-27 00:00:00,7.0,0.0,17.0,6.0,43.0,4.71,2355.0,132.0,35.99999999998545,0.89,0.69,28.2,26.0,0.42,0.5,0.0,0.0,1.5,1.5,28900.0,G10_57_H2
2024-02-28 00:00:00,3.0,0.0,18.0,5.0,25.0,5.28,2640.0,139.0,44.00000000001455,0.88,0.69,28.1,25.7,0.4,0.45,0.0,0.0,1.5,1.5,28900.0,G10_57_H2
2024-02-29 00:00:00,3.0,1.0,19.0,6.0,30.0,5.5,2750.0,140.0,47.999999999992724,0.85,0.71,27.9,25.4,0.4,0.45,0.0,0.0,1.5,1.5,28900.0,G10_57_H2
2024-03-01 00:00:00,5.0,1.0,20.0,5.0,23.0,5.75,2875.0,162.0,40.0,0.85,0.71,27.7,25.3,0.4,0.45,0.0,0.0,1.5,1.5,28900.0,G10_57_H2
2024-03-02 00:00:00,11.0,-3.0,21.0,6.0,29.0,6.02,3010.0,,52.0,0.86,0.67,27.3,25.1,0.34,0.46,0.0,0.0,1.5,1.5,28900.0,G10_57_H2
2024-03-03 00:00:00,14.0,0.0,22.0,7.0,27.0,6.53,3265.0,95.0,44.00000000001455,0.86,0.61,26.9,24.7,0.38,0.52,0.0,0.0,1.5,1.5,28900.0,G10_57_H2
2024-03-04 00:00:00,8.0,6.0,23.0,8.0,18.0,7.01,3505.0,47.0,51.999999999970896,0.88,0.7,27.1,25.3,0.4,0.44,0.0,0.0,1.5,1.5,28900.0,G10_57_H2
2024-03-05 00:00:00,8.0,7.0,24.0,5.0,15.0,7.54,3770.0,45.0,56.00000000002183,0.87,0.74,26.9,25.1,0.4,0.45,0.0,0.0,1.5,1.5,28900.0,G10_57_H2
2024-03-06 00:00:00,10.0,5.0,25.0,6.0,27.0,8.13,4065.0,72.0,55.99999999998545,0.86,0.65,26.9,24.9,0.38,0.48,0.0,0.0,1.5,1.5,28900.0,G10_57_H2
2024-03-07 00:00:00,15.0,2.0,26.0,8.0,24.0,8.32,4160.0,65.0,56.00000000002183,0.89,0.64,26.8,24.6,0.33,0.51,0.0,0.0,1.5,1.5,28900.0,G10_57_H2
2024-03-08 00:00:00,15.0,1.0,27.0,8.0,37.0,8.52,4260.0,36.0,55.99999999998545,0.9,0.61,26.8,24.2,0.34,0.54,0.0,0.0,1.5,1.5,28900.0,G10_57_H2
2024-03-09 00:00:00,13.0,1.0,28.0,7.0,90.0,8.29,4145.0,76.0,67.99999999999272,0.89,0.66,26.8,23.6,0.34,0.5,0.0,0.0,1.5,1.5,28900.0,G10_57_H2
2024-03-10 00:00:00,16.0,4.0,29.0,9.0,58.0,8.5,4250.0,56.0,56.00000000002183,0.93,0.63,26.6,23.4,0.3,0.57,0.0,0.0,1.5,1.5,28900.0,G10_57_H2
2024-03-11 00:00:00,22.0,7.0,30.0,6.0,74.0,8.5,4250.0,25.0,51.999999999970896,0.88,0.62,29.4,23.4,0.35,0.72,0.0,0.0,1.5,1.5,28900.0,G10_57_H2
2024-03-12 00:00:00,15.0,4.0,31.0,40.0,20.0,8.7,4350.0,21.0,68.0000000000291,0.91,0.64,26.0,23.3,0.35,0.58,0.0,0.0,1.5,1.5,28900.0,G10_57_H2
2024-03-13 00:00:00,15.0,3.0,32.0,60.0,30.0,8.74,4370.0,75.0,47.999999999992724,0.88,0.56,27.3,22.6,0.36,0.5,0.0,0.0,1.5,1.5,28900.0,G10_57_H2
2024-03-14 00:00:00,13.0,9.0,33.0,140.0,13.0,8.73,4365.0,75.0,47.999999999992724,0.88,0.75,25.8,22.9,0.35,0.48,0.0,0.0,1.5,1.5,28900.0,G10_57_H2
2024-03-15 00:00:00,18.0,4.0,34.0,110.0,16.0,8.59,4295.0,78.0,87.99999999999272,0.94,0.73,26.4,22.0,0.35,0.65,0.0,0.0,1.5,1.5,28900.0,G10_57_H2
2024-03-16 00:00:00,22.0,9.0,35.0,137.0,6.0,8.38,4190.0,11.0,67.99999999999272,0.94,0.67,26.7,22.5,0.38,1.25,0.0,0.0,1.5,4.0,28900.0,G10_57_H2
2024-03-17 00:00:00,12.0,10.0,36.0,110.0,11.0,8.64,4320.0,11.0,67.99999999999272,0.93,0.67,24.5,21.5,0.52,0.58,0.0,0.0,2.0,2.0,28900.0,G10_57_H2
2024-03-18 00:00:00,11.0,4.0,37.0,100.0,3.0,8.52,4260.0,75.0,80.0,0.85,0.67,22.6,20.3,0.37,0.6,0.0,0.0,2.0,2.0,28900.0,G10_57_H2
2024-02-11 00:00:00,15.0,1.0,1.0,12.0,17.0,0.738,369.0,572.0,40.0,0.5,0.43,34.4,31.8,0.6,0.6,0.0,0.0,1.0,1.0,28800.0,G10_57_H3
2024-02-12 00:00:00,18.0,4.0,2.0,15.0,5.0,0.983,492.0,384.0,40.0,0.54,0.42,34.6,31.7,0.6,0.65,0.0,0.0,1.0,1.0,28800.0,G10_57_H3
2024-02-13 00:00:00,20.0,6.0,3.0,20.0,12.0,1.22,610.0,194.0,52.000000000007276,0.56,0.43,33.8,31.1,0.65,0.7,0.0,0.0,1.0,1.0,28800.0,G10_57_H3
2024-02-14 00:00:00,22.0,4.0,4.0,23.0,30.0,1.321,661.0,187.0,52.000000000007276,0.58,0.49,33.5,30.3,0.65,0.7,0.0,0.0,1.0,1.0,28800.0,G10_57_H3
2024-02-15 00:00:00,7.0,-2.0,5.0,18.0,10.0,1.55,775.0,146.0,52.000000000007276,0.6,0.52,32.3,30.3,0.65,0.7,0.0,0.0,1.0,1.0,28800.0,G10_57_H3
2024-02-16 00:00:00,10.0,1.0,6.0,11.0,7.0,1.773,887.0,211.0,52.000000000007276,0.63,0.53,32.0,29.5,0.6,0.65,0.0,0.0,1.0,1.0,28800.0,G10_57_H3
2024-02-17 00:00:00,17.0,3.0,7.0,12.0,13.0,2.00165,1001.0,178.0,51.999999999970896,0.65,0.58,31.0,28.8,0.6,0.6,0.0,0.0,1.0,1.0,28800.0,G10_57_H3
2024-02-18 00:00:00,22.0,12.0,8.0,13.0,195.0,2.100638,1050.0,108.0,44.00000000001455,0.72,0.63,30.7,28.8,0.6,0.7,0.0,0.0,1.0,1.0,28800.0,G10_57_H3
2024-02-19 00:00:00,13.0,3.0,9.0,10.0,11.0,2.439476,1220.0,83.0,40.0,0.72,0.64,30.5,27.9,0.58,0.67,0.0,0.0,1.0,1.0,28800.0,G10_57_H3
2024-02-20 00:00:00,3.0,0.0,10.0,7.0,13.0,2.8346,1417.0,207.0,47.999999999992724,0.78,0.64,30.0,27.8,0.46,0.46,0.0,0.0,1.0,1.0,28800.0,G10_57_H3
2024-02-21 00:00:00,1.0,-1.0,11.0,9.0,38.0,2.81,1405.0,231.0,44.00000000001455,0.73,0.6,29.7,27.4,0.42,0.42,0.0,0.0,1.0,1.0,28800.0,G10_57_H3
2024-02-22 00:00:00,0.0,-3.0,12.0,5.0,44.0,3.18,1590.0,221.0,40.0,0.74,0.62,29.3,27.2,0.42,0.42,0.0,0.0,1.0,1.0,28800.0,G10_57_H3
2024-02-23 00:00:00,1.0,-3.0,13.0,6.0,31.0,3.56,1780.0,205.0,43.99999999997817,0.74,0.64,29.2,27.1,0.4,0.4,0.0,0.0,1.0,1.5,28800.0,G10_57_H3
2024-02-24 00:00:00,1.0,-3.0,14.0,11.0,120.0,3.84,1920.0,133.0,16.000000000021828,0.75,0.67,29.1,26.7,0.45,0.45,0.0,0.0,1.0,1.5,28800.0,G10_57_H3
2024-02-25 00:00:00,4.0,-1.0,15.0,7.0,93.0,3.94,1970.0,167.0,35.99999999998545,0.79,0.63,29.2,26.5,0.47,0.47,0.0,0.0,1.5,1.5,28800.0,G10_57_H3
2024-02-26 00:00:00,7.0,-1.0,16.0,8.0,95.0,4.01,2005.0,145.0,35.99999999998545,0.74,0.62,28.9,25.9,0.45,0.55,0.0,0.0,1.5,1.5,28800.0,G10_57_H3
2024-02-27 00:00:00,7.0,0.0,17.0,9.0,107.0,4.68,2340.0,132.0,36.00000000002183,0.74,0.64,28.2,26.1,0.42,0.5,0.0,0.0,1.5,1.5,28800.0,G10_57_H3
2024-02-28 00:00:00,3.0,0.0,18.0,12.0,101.0,5.0,2500.0,139.0,43.99999999997817,0.75,0.63,28.4,25.6,0.4,0.45,0.0,0.0,1.5,1.5,28800.0,G10_57_H3
2024-02-29 00:00:00,3.0,1.0,19.0,8.0,72.0,5.35,2675.0,140.0,47.999999999992724,0.75,0.65,28.1,25.3,0.4,0.45,0.0,0.0,1.5,1.5,28800.0,G10_57_H3
2024-03-01 00:00:00,5.0,1.0,20.0,10.0,53.0,5.49,2745.0,162.0,56.00000000002183,0.74,0.64,27.5,25.0,0.4,0.45,0.0,0.0,1.5,1.5,28800.0,G10_57_H3
2024-03-02 00:00:00,11.0,-3.0,21.0,11.0,43.0,5.87,2935.0,,52.0,0.74,0.61,27.2,24.9,0.34,0.46,0.0,0.0,1.5,1.5,28800.0,G10_57_H3
2024-03-03 00:00:00,14.0,0.0,22.0,9.0,29.0,6.2,3100.0,95.0,43.99999999997817,0.74,0.58,27.0,24.8,0.38,0.52,0.0,0.0,1.5,1.5,28800.0,G10_57_H3
2024-03-04 00:00:00,8.0,6.0,23.0,6.0,17.0,6.35,3175.0,47.0,67.99999999999272,0.74,0.65,26.9,24.9,0.4,0.44,0.0,0.0,1.5,1.5,28800.0,G10_57_H3
2024-03-05 00:00:00,8.0,7.0,24.0,7.0,12.0,6.74,3370.0,45.0,56.00000000002183,0.75,0.68,26.5,24.8,0.4,0.45,0.0,0.0,1.5,1.5,28800.0,G10_57_H3
2024-03-06 00:00:00,10.0,5.0,25.0,9.0,20.0,7.31,3655.0,72.0,60.0,0.74,0.62,26.6,24.5,0.38,0.48,0.0,0.0,1.5,1.5,28800.0,G10_57_H3
2024-03-07 00:00:00,15.0,2.0,26.0,20.0,22.0,7.1,3550.0,65.0,55.99999999998545,0.75,0.59,26.6,24.2,0.33,0.51,0.0,0.0,1.5,1.5,28800.0,G10_57_H3
2024-03-08 00:00:00,15.0,1.0,27.0,25.0,26.0,7.43,3715.0,37.0,56.00000000002183,0.85,0.56,26.4,24.0,0.34,0.54,0.0,0.0,1.5,1.5,28800.0,G10_57_H3
2024-03-09 00:00:00,13.0,1.0,28.0,30.0,55.0,7.55,3775.0,76.0,80.0,0.78,0.6,26.5,23.4,0.34,0.5,0.0,0.0,1.5,1.5,28800.0,G10_57_H3
2024-03-10 00:00:00,16.0,4.0,29.0,26.0,15.0,7.85,3925.0,56.0,60.0,0.85,0.56,26.0,23.3,0.3,0.57,0.0,0.0,1.5,1.5,28800.0,G10_57_H3
2024-03-11 00:00:00,22.0,7.0,30.0,24.0,43.0,7.77,3885.0,25.0,67.99999999999272,0.82,0.58,28.8,23.3,0.35,0.72,0.0,0.0,1.5,1.5,28800.0,G10_57_H3
2024-03-12 00:00:00,15.0,4.0,31.0,42.0,55.0,8.3,4150.0,21.0,63.99999999997817,0.83,0.58,26.0,23.3,0.35,0.58,0.0,0.0,1.5,1.5,28800.0,G10_57_H3
2024-03-13 00:00:00,15.0,3.0,32.0,40.0,13.0,8.82,4410.0,75.0,72.00000000000728,0.82,0.51,26.5,22.4,0.36,0.5,0.0,0.0,1.5,1.5,28800.0,G10_57_H3
2024-03-14 00:00:00,13.0,9.0,33.0,81.0,16.0,9.05,4525.0,75.0,64.00000000001455,0.84,0.68,25.6,22.8,0.35,0.48,0.0,0.0,1.5,1.5,28800.0,G10_57_H3
2024-03-15 00:00:00,18.0,4.0,34.0,120.0,18.0,8.72,4360.0,78.0,63.99999999997817,0.85,0.65,25.7,21.8,0.35,0.65,0.0,0.0,1.5,1.5,28800.0,G10_57_H3
2024-03-16 00:00:00,22.0,9.0,35.0,140.0,15.0,8.53,4265.0,11.0,68.0000000000291,0.85,0.64,26.3,22.0,0.38,1.25,0.0,0.0,1.5,4.0,28800.0,G10_57_H3
2024-03-17 00:00:00,12.0,10.0,36.0,145.0,6.0,7.86,3930.0,11.0,68.0000000000291,0.85,0.69,23.7,21.0,0.52,0.58,0.0,0.0,2.0,2.0,28800.0,G10_57_H3
2024-03-18 00:00:00,11.0,4.0,37.0,120.0,2.0,7.23,3615.0,75.0,84.00000000001455,0.81,0.68,21.8,19.5,0.37,0.6,0.0,0.0,2.0,2.0,28800.0,G10_57_H3
2024-02-11 00:00:00,15.0,1.0,1.0,22.0,13.0,0.755,378.0,572.0,40.0,0.49,0.42,34.5,31.5,0.6,0.6,0.0,0.0,1.0,1.0,28800.0,G10_57_H4
2024-02-12 00:00:00,18.0,4.0,2.0,22.0,7.0,0.982,491.0,384.0,47.999999999992724,0.48,0.4,33.8,31.2,0.6,0.65,0.0,0.0,1.0,1.0,28800.0,G10_57_H4
2024-02-13 00:00:00,20.0,6.0,3.0,21.0,13.0,1.215,608.0,194.0,52.000000000007276,0.6,0.49,33.4,30.6,0.65,0.7,0.0,0.0,1.0,1.0,28800.0,G10_57_H4
2024-02-14 00:00:00,22.0,4.0,4.0,18.0,14.0,1.314,657.0,187.0,55.99999999998545,0.61,0.52,32.6,30.2,0.65,0.7,0.0,0.0,1.0,1.0,28800.0,G10_57_H4
2024-02-15 00:00:00,7.0,-2.0,5.0,16.0,26.0,1.537,769.0,146.0,52.000000000007276,0.66,0.53,31.7,30.0,0.65,0.7,0.0,0.0,1.0,1.0,28800.0,G10_57_H4
2024-02-16 00:00:00,10.0,1.0,6.0,13.0,20.0,1.759,880.0,211.0,56.00000000002183,0.7,0.52,31.5,29.4,0.6,0.65,0.0,0.0,1.0,1.0,28800.0,G10_57_H4
2024-02-17 00:00:00,17.0,3.0,7.0,14.0,36.0,1.99815,999.0,178.0,55.99999999998545,0.74,0.63,30.5,28.4,0.6,0.6,0.0,0.0,1.0,1.0,28800.0,G10_57_H4
2024-02-18 00:00:00,22.0,12.0,8.0,15.0,212.0,2.095532,1048.0,108.0,47.999999999992724,0.8,0.68,30.5,28.1,0.6,0.7,0.0,0.0,1.0,1.0,28800.0,G10_57_H4
2024-02-19 00:00:00,13.0,3.0,9.0,15.0,42.0,2.430446,1215.0,83.0,44.00000000001455,0.81,0.68,30.1,27.5,0.58,0.67,0.0,0.0,1.0,1.0,28800.0,G10_57_H4
2024-02-20 00:00:00,3.0,0.0,10.0,10.0,103.0,2.8148,1407.0,207.0,43.99999999997817,0.76,0.6,29.4,27.2,0.46,0.46,0.0,0.0,1.0,1.0,28800.0,G10_57_H4
2024-02-21 00:00:00,1.0,-1.0,11.0,17.0,178.0,3.17,1585.0,231.0,36.00000000002183,0.79,0.59,29.5,27.0,0.42,0.42,0.0,0.0,1.0,1.0,28800.0,G10_57_H4
2024-02-22 00:00:00,0.0,-3.0,12.0,15.0,216.0,3.59,1795.0,221.0,35.99999999998545,0.8,0.62,28.8,26.9,0.42,0.42,0.0,0.0,1.0,1.0,28800.0,G10_57_H4
2024-02-23 00:00:00,1.0,-3.0,13.0,25.0,295.0,3.78,1890.0,205.0,32.000000000007276,0.85,0.64,29.0,26.8,0.4,0.4,0.0,0.0,1.0,1.5,28800.0,G10_57_H4
2024-02-24 00:00:00,1.0,-3.0,14.0,22.0,420.0,4.13,2065.0,134.0,32.000000000007276,0.85,0.69,28.9,26.4,0.45,0.45,0.0,0.0,1.0,1.5,28800.0,G10_57_H4
2024-02-25 00:00:00,4.0,-1.0,15.0,20.0,340.0,4.22,2110.0,167.0,40.0,0.81,0.63,28.8,26.2,0.47,0.47,0.0,0.0,1.5,1.5,28800.0,G10_57_H4
2024-02-26 00:00:00,7.0,-1.0,16.0,15.0,216.0,4.54,2270.0,145.0,40.0,0.8,0.62,28.3,25.9,0.45,0.55,0.0,0.0,1.5,1.5,28800.0,G10_57_H4
2024-02-27 00:00:00,7.0,0.0,17.0,16.0,203.0,4.82,2410.0,132.0,43.99999999997817,0.84,0.64,28.3,25.6,0.42,0.5,0.0,0.0,1.5,1.5,28800.0,G10_57_H4
2024-02-28 00:00:00,3.0,0.0,18.0,14.0,152.0,5.05,2525.0,139.0,52.000000000007276,0.82,0.64,27.9,25.2,0.4,0.45,0.0,0.0,1.5,1.5,28800.0,G10_57_H4
2024-02-29 00:00:00,3.0,1.0,19.0,18.0,97.0,5.35,2675.0,140.0,47.999999999992724,0.83,0.67,27.6,24.89,0.4,0.45,0.0,0.0,1.5,1.5,28800.0,G10_57_H4
2024-03-01 00:00:00,5.0,1.0,20.0,13.0,73.0,5.47,2735.0,162.0,52.000000000007276,0.81,0.67,27.4,24.8,0.4,0.45,0.0,0.0,1.5,1.5,28800.0,G10_57_H4
2024-03-02 00:00:00,11.0,-3.0,21.0,12.0,50.0,5.83,2915.0,,52.0,0.83,0.65,26.9,24.7,0.34,0.46,0.0,0.0,1.5,1.5,28800.0,G10_57_H4
2024-03-03 00:00:00,14.0,0.0,22.0,11.0,43.0,6.27,3135.0,96.0,56.00000000002183,0.81,0.62,27.1,24.8,0.38,0.52,0.0,0.0,1.5,1.5,28800.0,G10_57_H4
2024-03-04 00:00:00,8.0,6.0,23.0,10.0,34.0,6.47,3235.0,48.0,55.99999999998545,0.84,0.7,26.6,24.7,0.4,0.44,0.0,0.0,1.5,1.5,28800.0,G10_57_H4
2024-03-05 00:00:00,8.0,7.0,24.0,10.0,25.0,6.62,3310.0,45.0,60.0,0.84,0.75,26.5,24.5,0.4,0.45,0.0,0.0,1.5,1.5,28800.0,G10_57_H4
2024-03-06 00:00:00,10.0,5.0,25.0,11.0,37.0,6.59,3295.0,72.0,64.00000000001455,0.82,0.69,26.4,24.4,0.38,0.48,0.0,0.0,1.5,1.5,28800.0,G10_57_H4
2024-03-07 00:00:00,15.0,2.0,26.0,36.0,23.0,6.73,3365.0,65.0,67.99999999999272,0.84,0.64,26.5,24.2,0.33,0.51,0.0,0.0,1.5,1.5,28800.0,G10_57_H4
2024-03-08 00:00:00,15.0,1.0,27.0,43.0,29.0,7.35,3675.0,37.0,60.0,0.84,0.61,27.1,24.1,0.34,0.54,0.0,0.0,1.5,1.5,28800.0,G10_57_H4
2024-03-09 00:00:00,13.0,1.0,28.0,55.0,87.0,7.45,3725.0,76.0,80.0,0.83,0.65,26.9,24.4,0.34,0.5,0.0,0.0,1.5,1.5,28800.0,G10_57_H4
2024-03-10 00:00:00,16.0,4.0,29.0,63.0,56.0,7.95,3975.0,56.0,60.0,0.83,0.62,26.7,24.2,0.3,0.57,0.0,0.0,1.5,1.5,28800.0,G10_57_H4
2024-03-11 00:00:00,22.0,7.0,30.0,78.0,65.0,7.8,3900.0,25.0,67.99999999999272,0.82,0.57,27.9,24.0,0.35,0.72,0.0,0.0,1.5,1.5,28800.0,G10_57_H4
2024-03-12 00:00:00,15.0,4.0,31.0,92.0,58.0,8.1,4050.0,21.0,72.00000000000728,0.83,0.65,26.1,23.7,0.35,0.58,0.0,0.0,1.5,1.5,28800.0,G10_57_H4
2024-03-13 00:00:00,15.0,3.0,32.0,100.0,49.0,8.26,4130.0,75.0,80.0,0.83,0.53,26.3,23.1,0.36,0.5,0.0,0.0,1.5,1.5,28800.0,G10_57_H4
2024-03-14 00:00:00,13.0,9.0,33.0,113.0,42.0,8.64,4320.0,75.0,67.99999999999272,0.86,0.74,25.0,23.2,0.35,0.48,0.0,0.0,1.5,1.5,28800.0,G10_57_H4
2024-03-15 00:00:00,18.0,4.0,34.0,130.0,41.0,8.44,4220.0,78.0,72.00000000000728,0.87,0.73,26.1,22.5,0.35,0.65,0.0,0.0,1.5,1.5,28800.0,G10_57_H4
2024-03-16 00:00:00,22.0,9.0,35.0,145.0,25.0,8.47,4235.0,11.0,67.99999999999272,0.88,0.66,26.7,22.8,0.38,1.25,0.0,0.0,1.5,4.0,28800.0,G10_57_H4
2024-03-17 00:00:00,12.0,10.0,36.0,132.0,20.0,8.72,4360.0,11.0,67.99999999999272,0.86,0.67,24.8,21.7,0.52,0.58,0.0,0.0,2.0,2.0,28800.0,G10_57_H4
2024-03-18 00:00:00,11.0,4.0,37.0,115.0,13.0,8.54,4270.0,75.0,75.99999999998545,0.84,0.67,22.1,20.3,0.37,0.6,0.0,0.0,2.0,2.0,28800.0,G10_57_H4
2024-02-11 00:00:00,15.0,1.0,1.0,11.0,25.0,0.76,380.0,572.0,40.0,0.54,0.45,34.5,31.9,0.6,0.6,0.0,0.0,1.0,1.0,28900.0,G10_57_H5
2024-02-12 00:00:00,18.0,4.0,2.0,18.0,10.0,0.976,488.0,384.0,43.99999999997817,0.49,0.42,33.8,31.1,0.6,0.65,0.0,0.0,1.0,1.0,28900.0,G10_57_H5
2024-02-13 00:00:00,20.0,6.0,3.0,17.0,6.0,1.21,605.0,194.0,44.00000000001455,0.54,0.43,33.4,30.5,0.65,0.7,0.0,0.0,1.0,1.0,28900.0,G10_57_H5
2024-02-14 00:00:00,22.0,4.0,4.0,14.0,25.0,1.299,650.0,187.0,43.99999999997817,0.57,0.49,32.7,30.1,0.65,0.7,0.0,0.0,1.0,1.0,28900.0,G10_57_H5
2024-02-15 00:00:00,7.0,-2.0,5.0,18.0,17.0,1.529,765.0,146.0,44.00000000001455,0.62,0.46,32.0,30.2,0.65,0.7,0.0,0.0,1.0,1.0,28900.0,G10_57_H5
2024-02-16 00:00:00,10.0,1.0,6.0,10.0,11.0,1.768,884.0,211.0,47.999999999992724,0.64,0.5,32.0,29.8,0.6,0.65,0.0,0.0,1.0,1.0,28900.0,G10_57_H5
2024-02-17 00:00:00,17.0,3.0,7.0,11.0,19.0,2.00816,1004.0,178.0,40.0,0.7,0.57,30.9,28.3,0.6,0.6,0.0,0.0,1.0,1.0,28900.0,G10_57_H5
2024-02-18 00:00:00,22.0,12.0,8.0,17.0,208.0,2.106262,1053.0,108.0,32.000000000007276,0.77,0.66,30.0,28.3,0.6,0.7,0.0,0.0,1.0,1.0,28900.0,G10_57_H5
2024-02-19 00:00:00,13.0,3.0,9.0,16.0,15.0,2.445152,1223.0,83.0,32.000000000007276,0.79,0.64,29.8,27.6,0.58,0.67,0.0,0.0,1.0,1.0,28900.0,G10_57_H5
2024-02-20 00:00:00,3.0,0.0,10.0,10.0,22.0,2.84,1420.0,207.0,40.0,0.74,0.67,30.2,27.5,0.46,0.46,0.0,0.0,1.0,1.0,28900.0,G10_57_H5
2024-02-21 00:00:00,1.0,-1.0,11.0,12.0,53.0,3.22,1610.0,231.0,12.000000000007276,0.76,0.61,29.5,27.2,0.42,0.42,0.0,0.0,1.0,1.0,28900.0,G10_57_H5
2024-02-22 00:00:00,0.0,-3.0,12.0,13.0,95.0,3.6,1800.0,222.0,20.0,0.78,0.62,29.3,26.6,0.42,0.42,0.0,0.0,1.0,1.0,28900.0,G10_57_H5
2024-02-23 00:00:00,1.0,-3.0,13.0,15.0,106.0,3.82,1910.0,205.0,20.0,0.83,0.64,29.1,26.7,0.4,0.4,0.0,0.0,1.0,1.5,28900.0,G10_57_H5
2024-02-24 00:00:00,1.0,-3.0,14.0,17.0,192.0,4.1,2050.0,134.0,20.0,0.82,0.66,29.2,26.5,0.45,0.45,0.0,0.0,1.0,1.5,28900.0,G10_57_H5
2024-02-25 00:00:00,4.0,-1.0,15.0,16.0,167.0,4.2,2100.0,167.0,20.0,0.79,0.61,29.0,26.2,0.47,0.47,0.0,0.0,1.5,1.5,28900.0,G10_57_H5
2024-02-26 00:00:00,7.0,-1.0,16.0,12.0,115.0,4.64,2320.0,145.0,20.0,0.77,0.61,28.4,25.9,0.45,0.55,0.0,0.0,1.5,1.5,28900.0,G10_57_H5
2024-02-27 00:00:00,7.0,0.0,17.0,15.0,136.0,5.0,2500.0,132.0,27.999999999992724,0.81,0.62,28.3,25.8,0.42,0.5,0.0,0.0,1.5,1.5,28900.0,G10_57_H5
2024-02-28 00:00:00,3.0,0.0,18.0,13.0,146.0,5.21,2605.0,139.0,44.00000000001455,0.8,0.63,27.9,25.3,0.4,0.45,0.0,0.0,1.5,1.5,28900.0,G10_57_H5
2024-02-29 00:00:00,3.0,1.0,19.0,11.0,88.0,5.58,2790.0,140.0,27.999999999992724,0.8,0.65,28.2,25.1,0.4,0.45,0.0,0.0,1.5,1.5,28900.0,G10_57_H5
2024-03-01 00:00:00,5.0,1.0,20.0,15.0,56.0,5.73,2865.0,162.0,23.999999999978172,0.76,0.64,27.9,24.9,0.4,0.45,0.0,0.0,1.5,1.5,28900.0,G10_57_H5
2024-03-02 00:00:00,11.0,-3.0,21.0,15.0,55.0,6.08,3040.0,,56.0,0.77,0.63,27.0,24.9,0.34,0.46,0.0,0.0,1.5,1.5,28900.0,G10_57_H5
2024-03-03 00:00:00,14.0,0.0,22.0,12.0,37.0,6.4,3200.0,96.0,27.999999999992724,0.76,0.6,26.8,24.8,0.38,0.52,0.0,0.0,1.5,1.5,28900.0,G10_57_H5
2024-03-04 00:00:00,8.0,6.0,23.0,10.0,29.0,6.75,3375.0,48.0,23.999999999978172,0.81,0.67,26.8,24.9,0.4,0.44,0.0,0.0,1.5,1.5,28900.0,G10_57_H5
2024-03-05 00:00:00,8.0,7.0,24.0,9.0,31.0,7.11,3555.0,45.0,28.000000000029104,0.82,0.71,26.5,24.6,0.4,0.45,0.0,0.0,1.5,1.5,28900.0,G10_57_H5
2024-03-06 00:00:00,10.0,5.0,25.0,9.0,19.0,6.94,3470.0,72.0,31.999999999970896,0.79,0.66,26.6,24.4,0.38,0.48,0.0,0.0,1.5,1.5,28900.0,G10_57_H5
2024-03-07 00:00:00,15.0,2.0,26.0,8.0,20.0,7.05,3525.0,65.0,40.0,0.82,0.62,26.7,24.4,0.33,0.51,0.0,0.0,1.5,1.5,28900.0,G10_57_H5
2024-03-08 00:00:00,15.0,1.0,27.0,10.0,23.0,7.3,3650.0,37.0,44.00000000001455,0.79,0.57,26.6,24.4,0.34,0.54,0.0,0.0,1.5,1.5,28900.0,G10_57_H5
2024-03-09 00:00:00,13.0,1.0,28.0,10.0,38.0,7.65,3825.0,76.0,55.99999999998545,0.82,0.63,26.2,23.6,0.34,0.5,0.0,0.0,1.5,1.5,28900.0,G10_57_H5
2024-03-10 00:00:00,16.0,4.0,29.0,16.0,25.0,8.16,4080.0,56.0,36.00000000002183,0.8,0.58,26.2,23.6,0.3,0.57,0.0,0.0,1.5,1.5,28900.0,G10_57_H5
2024-03-11 00:00:00,22.0,7.0,30.0,22.0,19.0,8.4,4200.0,25.0,3.999999999978172,0.76,0.54,28.9,23.4,0.35,0.72,0.0,0.0,1.5,1.5,28900.0,G10_57_H5
2024-03-12 00:00:00,15.0,4.0,31.0,40.0,31.0,8.58,4290.0,21.0,80.0,0.87,0.58,25.9,23.3,0.35,0.58,0.0,0.0,1.5,1.5,28900.0,G10_57_H5
2024-03-13 00:00:00,15.0,3.0,32.0,43.0,15.0,8.48,4240.0,75.0,44.00000000001455,0.78,0.52,26.9,22.4,0.36,0.5,0.0,0.0,1.5,1.5,28900.0,G10_57_H5
2024-03-14 00:00:00,13.0,9.0,33.0,66.0,23.0,8.33,4165.0,75.0,27.999999999992724,0.83,0.7,25.5,22.9,0.35,0.48,0.0,0.0,1.5,1.5,28900.0,G10_57_H5
2024-03-15 00:00:00,18.0,4.0,34.0,72.0,25.0,8.53,4265.0,78.0,64.00000000001455,0.83,0.65,26.7,22.8,0.35,0.65,0.0,0.0,1.5,1.5,28900.0,G10_57_H5
2024-03-16 00:00:00,22.0,9.0,35.0,80.0,24.0,8.57,4285.0,11.0,47.999999999992724,0.87,0.65,27.0,22.8,0.38,1.25,0.0,0.0,1.5,4.0,28900.0,G10_57_H5
2024-03-17 00:00:00,12.0,10.0,36.0,93.0,12.0,9.26,4630.0,11.0,47.999999999992724,0.87,0.63,24.8,22.0,0.52,0.58,0.0,0.0,2.0,2.0,28900.0,G10_57_H5
2024-03-18 00:00:00,11.0,4.0,37.0,72.0,0.0,8.56,4280.0,75.0,43.99999999997817,0.76,0.62,22.5,20.5,0.37,0.6,0.0,0.0,2.0,2.0,28900.0,G10_57_H5
2024-02-11 00:00:00,15.0,1.0,1.0,16.0,9.0,0.754,377.0,572.0,40.0,0.56,0.46,34.8,31.5,0.6,0.6,0.0,0.0,1.0,1.0,28900.0,G10_57_H6
2024-02-12 00:00:00,18.0,4.0,2.0,9.0,5.0,0.978,489.0,384.0,47.999999999992724,0.52,0.44,34.1,31.2,0.6,0.65,0.0,0.0,1.0,1.0,28900.0,G10_57_H6
2024-02-13 00:00:00,20.0,6.0,3.0,29.0,7.0,1.195,598.0,194.0,47.999999999992724,0.59,0.48,33.6,30.8,0.65,0.7,0.0,0.0,1.0,1.0,28900.0,G10_57_H6
2024-02-14 00:00:00,22.0,4.0,4.0,11.0,20.0,1.348,674.0,186.0,44.00000000001455,0.62,0.5,32.9,30.0,0.65,0.7,0.0,0.0,1.0,1.0,28900.0,G10_57_H6
2024-02-15 00:00:00,7.0,-2.0,5.0,7.0,12.0,1.556,778.0,146.0,43.99999999997817,0.76,0.62,31.6,30.3,0.65,0.7,0.0,0.0,1.0,1.0,28900.0,G10_57_H6
2024-02-16 00:00:00,10.0,1.0,6.0,9.0,34.0,1.78,890.0,211.0,36.00000000002183,0.7,0.59,31.8,29.3,0.6,0.65,0.0,0.0,1.0,1.0,28900.0,G10_57_H6
2024-02-17 00:00:00,17.0,3.0,7.0,8.0,22.0,2.00914,1005.0,178.0,40.0,0.78,0.66,31.3,28.2,0.6,0.6,0.0,0.0,1.0,1.0,28900.0,G10_57_H6
2024-02-18 00:00:00,22.0,12.0,8.0,7.0,234.0,2.106114,1053.0,108.0,43.99999999997817,0.85,0.74,31.0,28.4,0.6,0.7,0.0,0.0,1.0,1.0,28900.0,G10_57_H6
2024-02-19 00:00:00,13.0,3.0,9.0,6.0,68.0,2.441282,1221.0,83.0,40.0,0.86,0.72,30.1,27.9,0.58,0.67,0.0,0.0,1.0,1.0,28900.0,G10_57_H6
2024-02-20 00:00:00,3.0,0.0,10.0,9.0,75.0,2.8303,1415.0,207.0,40.0,0.85,0.67,30.1,27.4,0.46,0.46,0.0,0.0,1.0,1.0,28900.0,G10_57_H6
2024-02-21 00:00:00,1.0,-1.0,11.0,5.0,140.0,3.34,1670.0,231.0,48.000000000029104,0.87,0.68,29.7,27.4,0.42,0.42,0.0,0.0,1.0,1.0,28900.0,G10_57_H6
2024-02-22 00:00:00,0.0,-3.0,12.0,8.0,142.0,3.63,1815.0,222.0,63.99999999997817,0.85,0.68,29.6,27.0,0.42,0.42,0.0,0.0,1.0,1.0,28900.0,G10_57_H6
2024-02-23 00:00:00,1.0,-3.0,13.0,9.0,262.0,3.96,1980.0,205.0,47.999999999992724,0.9,0.73,29.5,27.0,0.4,0.4,0.0,0.0,1.0,1.5,28900.0,G10_57_H6
2024-02-24 00:00:00,1.0,-3.0,14.0,12.0,211.0,4.16,2080.0,134.0,64.00000000001455,0.89,0.74,29.9,26.6,0.45,0.45,0.0,0.0,1.0,1.5,28900.0,G10_57_H6
2024-02-25 00:00:00,4.0,-1.0,15.0,19.0,200.0,4.09,2045.0,167.0,64.00000000001455,0.93,0.73,28.8,26.4,0.47,0.47,0.0,0.0,1.5,1.5,28900.0,G10_57_H6
2024-02-26 00:00:00,7.0,-1.0,16.0,12.0,182.0,4.73,2365.0,145.0,64.00000000001455,0.9,0.73,28.7,26.1,0.45,0.55,0.0,0.0,1.5,1.5,28900.0,G10_57_H6
2024-02-27 00:00:00,7.0,0.0,17.0,15.0,140.0,4.98,2490.0,132.0,67.99999999999272,0.89,0.72,28.4,25.9,0.42,0.5,0.0,0.0,1.5,1.5,28900.0,G10_57_H6
2024-02-28 00:00:00,3.0,0.0,18.0,10.0,127.0,5.16,2580.0,140.0,47.999999999992724,0.9,0.7,28.1,25.7,0.4,0.45,0.0,0.0,1.5,1.5,28900.0,G10_57_H6
2024-02-29 00:00:00,3.0,1.0,19.0,14.0,110.0,5.48,2740.0,140.0,56.00000000002183,0.91,0.79,28.0,25.6,0.4,0.45,0.0,0.0,1.5,1.5,28900.0,G10_57_H6
2024-03-01 00:00:00,5.0,1.0,20.0,8.0,83.0,5.67,2835.0,162.0,72.00000000000728,0.88,0.77,27.9,25.1,0.4,0.45,0.0,0.0,1.5,1.5,28900.0,G10_57_H6
2024-03-02 00:00:00,11.0,-3.0,21.0,9.0,37.0,6.11,3055.0,,28.0,0.9,0.74,27.3,25.1,0.34,0.46,0.0,0.0,1.5,1.5,28900.0,G10_57_H6
2024-03-03 00:00:00,14.0,0.0,22.0,11.0,45.0,6.42,3210.0,96.0,71.9999999999709,0.89,0.71,26.9,25.0,0.38,0.52,0.0,0.0,1.5,1.5,28900.0,G10_57_H6
2024-03-04 00:00:00,8.0,6.0,23.0,12.0,31.0,6.85,3425.0,48.0,68.0000000000291,0.9,0.78,27.0,25.0,0.4,0.44,0.0,0.0,1.5,1.5,28900.0,G10_57_H6
2024-03-05 00:00:00,8.0,7.0,24.0,10.0,17.0,7.03,3515.0,45.0,60.0,0.92,0.8,26.7,24.8,0.4,0.45,0.0,0.0,1.5,1.5,28900.0,G10_57_H6
2024-03-06 00:00:00,10.0,5.0,25.0,14.0,48.0,7.08,3540.0,72.0,75.99999999998545,0.91,0.7,26.4,24.6,0.38,0.48,0.0,0.0,1.5,1.5,28900.0,G10_57_H6
2024-03-07 00:00:00,15.0,2.0,26.0,12.0,60.0,7.01,3505.0,65.0,80.0,0.92,0.72,26.4,24.4,0.33,0.51,0.0,0.0,1.5,1.5,28900.0,G10_57_H6
2024-03-08 00:00:00,15.0,1.0,27.0,10.0,31.0,7.42,3710.0,37.0,80.0,0.92,0.68,26.8,24.0,0.34,0.54,0.0,0.0,1.5,1.5,28900.0,G10_57_H6
2024-03-09 00:00:00,13.0,1.0,28.0,15.0,67.0,7.57,3785.0,76.0,80.0,0.9,0.73,26.4,24.0,0.34,0.5,0.0,0.0,1.5,1.5,28900.0,G10_57_H6
2024-03-10 00:00:00,16.0,4.0,29.0,19.0,78.0,8.28,4140.0,57.0,80.0,0.9,0.71,26.4,23.7,0.3,0.57,0.0,0.0,1.5,1.5,28900.0,G10_57_H6
2024-03-11 00:00:00,22.0,7.0,30.0,31.0,92.0,8.35,4175.0,25.0,80.0,0.93,0.68,28.3,23.5,0.35,0.72,0.0,0.0,1.5,1.5,28900.0,G10_57_H6
2024-03-12 00:00:00,15.0,4.0,31.0,43.0,55.0,8.62,4310.0,20.0,80.0,0.9,0.65,25.7,23.2,0.35,0.58,0.0,0.0,1.5,1.5,28900.0,G10_57_H6
2024-03-13 00:00:00,15.0,3.0,32.0,46.0,36.0,8.92,4460.0,75.0,80.0,0.93,0.67,26.4,22.5,0.36,0.5,0.0,0.0,1.5,1.5,28900.0,G10_57_H6
2024-03-14 00:00:00,13.0,9.0,33.0,62.0,34.0,8.91,4455.0,75.0,80.0,0.94,0.8,25.4,22.8,0.35,0.48,0.0,0.0,1.5,1.5,28900.0,G10_57_H6
2024-03-15 00:00:00,18.0,4.0,34.0,67.0,27.0,8.31,4155.0,78.0,80.0,0.94,0.8,25.2,21.5,0.35,0.65,0.0,0.0,1.5,1.5,28900.0,G10_57_H6
2024-03-16 00:00:00,22.0,9.0,35.0,70.0,16.0,9.11,4555.0,11.0,80.0,0.93,0.77,25.8,22.1,0.38,1.25,0.0,0.0,1.5,4.0,28900.0,G10_57_H6
2024-03-17 00:00:00,12.0,10.0,36.0,86.0,12.0,9.27,4635.0,11.0,80.0,0.92,0.74,23.7,20.9,0.52,0.58,0.0,0.0,2.0,2.0,28900.0,G10_57_H6
2024-03-18 00:00:00,11.0,4.0,37.0,80.0,0.0,9.53,4765.0,75.0,84.00000000001455,0.89,0.65,22.0,19.6,0.37,0.6,0.0,0.0,2.0,2.0,28900.0,G10_57_H6
2024-02-11 00:00:00,15.0,1.0,1.0,23.0,18.0,0.739,370.0,572.0,40.0,0.48,0.42,34.5,31.5,0.6,0.6,0.0,0.0,1.0,1.0,28800.0,G10_57_H7
2024-02-12 00:00:00,18.0,4.0,2.0,12.0,6.0,0.969,485.0,383.0,44.00000000001455,0.54,0.48,34.0,31.2,0.6,0.65,0.0,0.0,1.0,1.0,28800.0,G10_57_H7
2024-02-13 00:00:00,20.0,6.0,3.0,33.0,10.0,1.208,604.0,194.0,40.0,0.64,0.52,33.6,30.7,0.65,0.7,0.0,0.0,1.0,1.0,28800.0,G10_57_H7
2024-02-14 00:00:00,22.0,4.0,4.0,15.0,25.0,1.325,663.0,186.0,40.0,0.54,0.46,32.8,30.0,0.65,0.7,0.0,0.0,1.0,1.0,28800.0,G10_57_H7
2024-02-15 00:00:00,7.0,-2.0,5.0,12.0,32.0,1.538,769.0,146.0,40.0,0.58,0.41,32.1,29.9,0.65,0.7,0.0,0.0,1.0,1.0,28800.0,G10_57_H7
2024-02-16 00:00:00,10.0,1.0,6.0,10.0,27.0,1.764,882.0,211.0,44.00000000001455,0.72,0.6,31.8,29.5,0.6,0.65,0.0,0.0,1.0,1.0,28800.0,G10_57_H7
2024-02-17 00:00:00,17.0,3.0,7.0,8.0,19.0,1.9985,999.0,178.0,43.99999999997817,0.72,0.65,30.8,28.4,0.6,0.6,0.0,0.0,1.0,1.0,28800.0,G10_57_H7
2024-02-18 00:00:00,22.0,12.0,8.0,11.0,273.0,2.091684,1046.0,108.0,44.00000000001455,0.79,0.71,30.4,28.3,0.6,0.7,0.0,0.0,1.0,1.0,28800.0,G10_57_H7
2024-02-19 00:00:00,13.0,3.0,9.0,18.0,84.0,2.422104,1211.0,83.0,47.999999999992724,0.8,0.68,30.0,27.7,0.58,0.67,0.0,0.0,1.0,1.0,28800.0,G10_57_H7
2024-02-20 00:00:00,3.0,0.0,10.0,5.0,79.0,2.808,1404.0,207.0,44.00000000001455,0.74,0.62,29.5,27.4,0.46,0.46,0.0,0.0,1.0,1.0,28800.0,G10_57_H7
2024-02-21 00:00:00,1.0,-1.0,11.0,9.0,190.0,3.35,1675.0,231.0,47.999999999992724,0.76,0.62,29.4,27.2,0.42,0.42,0.0,0.0,1.0,1.0,28800.0,G10_57_H7
2024-02-22 00:00:00,0.0,-3.0,12.0,15.0,236.0,3.7,1850.0,222.0,60.0,0.79,0.64,29.4,26.9,0.42,0.42,0.0,0.0,1.0,1.0,28800.0,G10_57_H7
2024-02-23 00:00:00,1.0,-3.0,13.0,11.0,298.0,3.93,1965.0,205.0,63.99999999997817,0.83,0.67,28.9,26.8,0.4,0.4,0.0,0.0,1.0,1.5,28800.0,G10_57_H7
2024-02-24 00:00:00,1.0,-3.0,14.0,16.0,384.0,4.12,2060.0,134.0,40.0,0.84,0.72,28.9,26.6,0.45,0.45,0.0,0.0,1.0,1.5,28800.0,G10_57_H7
2024-02-25 00:00:00,4.0,-1.0,15.0,20.0,310.0,4.3,2150.0,167.0,60.0,0.8,0.67,28.4,26.2,0.47,0.47,0.0,0.0,1.5,1.5,28800.0,G10_57_H7
2024-02-26 00:00:00,7.0,-1.0,16.0,14.0,242.0,4.44,2220.0,145.0,60.0,0.77,0.65,28.2,25.7,0.45,0.55,0.0,0.0,1.5,1.5,28800.0,G10_57_H7
2024-02-27 00:00:00,7.0,0.0,17.0,18.0,197.0,4.71,2355.0,132.0,56.00000000002183,0.82,0.66,28.2,25.7,0.42,0.5,0.0,0.0,1.5,1.5,28800.0,G10_57_H7
2024-02-28 00:00:00,3.0,0.0,18.0,14.0,127.0,4.94,2470.0,140.0,63.99999999997817,0.78,0.66,27.7,25.4,0.4,0.45,0.0,0.0,1.5,1.5,28800.0,G10_57_H7
2024-02-29 00:00:00,3.0,1.0,19.0,15.0,145.0,5.16,2580.0,140.0,60.0,0.78,0.69,27.7,24.6,0.4,0.45,0.0,0.0,1.5,1.5,28800.0,G10_57_H7
2024-03-01 00:00:00,5.0,1.0,20.0,12.0,97.0,5.31,2655.0,162.0,60.0,0.79,0.66,27.2,24.7,0.4,0.45,0.0,0.0,1.5,1.5,28800.0,G10_57_H7
2024-03-02 00:00:00,11.0,-3.0,21.0,10.0,39.0,5.66,2830.0,,80.0,0.78,0.67,27.2,24.9,0.34,0.46,0.0,0.0,1.5,1.5,28800.0,G10_57_H7
2024-03-03 00:00:00,14.0,0.0,22.0,10.0,32.0,5.98,2990.0,96.0,40.0,0.78,0.63,26.8,24.7,0.38,0.52,0.0,0.0,1.5,1.5,28800.0,G10_57_H7
2024-03-04 00:00:00,8.0,6.0,23.0,9.0,23.0,6.48,3240.0,48.0,56.00000000002183,0.81,0.69,26.6,24.7,0.4,0.44,0.0,0.0,1.5,1.5,28800.0,G10_57_H7
2024-03-05 00:00:00,8.0,7.0,24.0,8.0,27.0,6.91,3455.0,45.0,75.99999999998545,0.82,0.74,26.1,24.6,0.4,0.45,0.0,0.0,1.5,1.5,28800.0,G10_57_H7
2024-03-06 00:00:00,10.0,5.0,25.0,5.0,22.0,7.12,3560.0,72.0,72.00000000000728,0.79,0.68,26.0,24.1,0.38,0.48,0.0,0.0,1.5,1.5,28800.0,G10_57_H7
2024-03-07 00:00:00,15.0,2.0,26.0,4.0,28.0,6.96,3480.0,65.0,80.0,0.81,0.64,26.4,24.0,0.33,0.51,0.0,0.0,1.5,1.5,28800.0,G10_57_H7
2024-03-08 00:00:00,15.0,1.0,27.0,3.0,10.0,7.11,3555.0,37.0,80.0,0.81,0.63,26.2,23.7,0.34,0.54,0.0,0.0,1.5,1.5,28800.0,G10_57_H7
2024-03-09 00:00:00,13.0,1.0,28.0,4.0,18.0,7.05,3525.0,76.0,80.0,0.82,0.7,26.1,23.7,0.34,0.5,0.0,0.0,1.5,1.5,28800.0,G10_57_H7
2024-03-10 00:00:00,16.0,4.0,29.0,5.0,7.0,7.58,3790.0,57.0,80.0,0.86,0.63,26.0,23.4,0.3,0.57,0.0,0.0,1.5,1.5,28800.0,G10_57_H7
2024-03-11 00:00:00,22.0,7.0,30.0,8.0,20.0,8.31,4155.0,26.0,80.0,0.83,0.61,27.6,23.5,0.35,0.72,0.0,0.0,1.5,1.5,28800.0,G10_57_H7
2024-03-12 00:00:00,15.0,4.0,31.0,15.0,9.0,8.44,4220.0,20.0,80.0,0.83,0.69,25.7,23.2,0.35,0.58,0.0,0.0,1.5,1.5,28800.0,G10_57_H7
2024-03-13 00:00:00,15.0,3.0,32.0,18.0,16.0,8.81,4405.0,75.0,80.0,0.82,0.61,25.6,22.4,0.36,0.5,0.0,0.0,1.5,1.5,28800.0,G10_57_H7
2024-03-14 00:00:00,13.0,9.0,33.0,38.0,11.0,8.82,4410.0,75.0,40.0,0.86,0.76,25.0,22.7,0.35,0.48,0.0,0.0,1.5,1.5,28800.0,G10_57_H7
2024-03-15 00:00:00,18.0,4.0,34.0,40.0,18.0,8.29,4145.0,77.0,40.0,0.88,0.76,25.1,21.7,0.35,0.65,0.0,0.0,1.5,1.5,28800.0,G10_57_H7
2024-03-16 00:00:00,22.0,9.0,35.0,39.0,13.0,8.06,4030.0,11.0,80.0,0.89,0.7,25.9,21.7,0.38,1.25,0.0,0.0,1.5,4.0,28800.0,G10_57_H7
2024-03-17 00:00:00,12.0,10.0,36.0,47.0,10.0,9.13,4565.0,11.0,80.0,0.89,0.67,24.0,21.1,0.52,0.58,0.0,0.0,2.0,2.0,28800.0,G10_57_H7
2024-03-18 00:00:00,11.0,4.0,37.0,59.0,0.0,9.14,4570.0,75.0,32.000000000007276,0.79,0.69,22.1,19.8,0.37,0.6,0.0,0.0,2.0,2.0,28800.0,G10_57_H7
2024-02-11 00:00:00,15.0,1.0,0.0,,,,0.0,,,,,,,,,,,,,27900.0,G10_57_H8
2024-02-12 00:00:00,18.0,4.0,1.0,19.0,2.0,0.719,360.0,383.0,40.0,0.5,0.41,34.7,31.3,0.6,0.6,0.0,0.0,1.0,1.0,27900.0,G10_57_H8
2024-02-13 00:00:00,20.0,6.0,2.0,17.0,7.0,0.946,473.0,194.0,47.999999999992724,0.68,0.51,34.3,30.8,0.6,0.65,0.0,0.0,1.0,1.0,27900.0,G10_57_H8
2024-02-14 00:00:00,22.0,4.0,3.0,12.0,7.0,1.159,580.0,186.0,52.000000000007276,0.58,0.49,33.7,30.5,0.6,0.65,0.0,0.0,1.0,1.0,27900.0,G10_57_H8
2024-02-15 00:00:00,7.0,-2.0,4.0,12.0,12.0,1.259,630.0,146.0,47.999999999992724,0.6,0.47,32.8,30.6,0.6,0.65,0.0,0.0,1.0,1.0,27900.0,G10_57_H8
2024-02-16 00:00:00,10.0,1.0,5.0,6.0,15.0,1.483,742.0,211.0,52.000000000007276,0.67,0.51,32.3,30.5,0.6,0.65,0.0,0.0,1.0,1.0,27900.0,G10_57_H8
2024-02-17 00:00:00,17.0,3.0,6.0,10.0,11.0,1.72174,861.0,178.0,52.000000000007276,0.69,0.56,32.3,28.8,0.6,0.6,0.0,0.0,1.0,1.0,27900.0,G10_57_H8
2024-02-18 00:00:00,22.0,12.0,7.0,10.0,28.0,1.94124,971.0,108.0,47.999999999992724,0.74,0.62,31.4,28.4,0.6,0.7,0.0,0.0,1.0,1.0,27900.0,G10_57_H8
2024-02-19 00:00:00,13.0,3.0,8.0,13.0,148.0,2.040254,1020.0,83.0,40.0,0.78,0.6,30.8,27.7,0.6,0.7,0.0,0.0,1.0,1.0,27900.0,G10_57_H8
2024-02-20 00:00:00,3.0,0.0,9.0,17.0,13.0,2.368526,1184.0,207.0,60.0,0.78,0.63,30.3,27.5,0.53,0.53,0.0,0.0,1.0,1.0,27900.0,G10_57_H8
2024-02-21 00:00:00,1.0,-1.0,10.0,2.0,21.0,2.45,1225.0,231.0,36.00000000002183,0.72,0.6,29.7,26.9,0.45,0.45,0.0,0.0,1.0,1.0,27900.0,G10_57_H8
2024-02-22 00:00:00,0.0,-3.0,11.0,1.0,7.0,3.18,1590.0,222.0,40.0,0.74,0.6,29.4,26.6,0.41,0.41,0.0,0.0,1.0,1.0,27900.0,G10_57_H8
2024-02-23 00:00:00,1.0,-3.0,12.0,1.0,20.0,3.56,1780.0,205.0,35.99999999998545,0.78,0.6,29.3,26.5,0.42,0.42,0.0,0.0,1.0,1.0,27900.0,G10_57_H8
2024-02-24 00:00:00,1.0,-3.0,13.0,3.0,10.0,3.86,1930.0,134.0,32.000000000007276,0.85,0.63,29.3,26.5,0.43,0.43,0.0,0.0,1.0,1.5,27900.0,G10_57_H8
2024-02-25 00:00:00,4.0,-1.0,14.0,1.0,22.0,4.18,2090.0,167.0,43.99999999997817,0.81,0.6,29.1,25.8,0.45,0.45,0.0,0.0,1.5,1.5,27900.0,G10_57_H8
2024-02-26 00:00:00,7.0,-1.0,15.0,5.0,25.0,4.46,2230.0,145.0,43.99999999997817,0.81,0.62,28.5,25.9,0.42,0.55,0.0,0.0,1.5,1.5,27900.0,G10_57_H8
2024-02-27 00:00:00,7.0,0.0,16.0,5.0,20.0,4.84,2420.0,132.0,48.000000000029104,0.82,0.6,28.3,25.7,0.45,0.55,0.0,0.0,1.5,1.5,27900.0,G10_57_H8
2024-02-28 00:00:00,3.0,0.0,17.0,8.0,15.0,5.11,2555.0,140.0,43.99999999997817,0.82,0.6,28.3,25.2,0.42,0.49,0.0,0.0,1.5,1.5,27900.0,G10_57_H8
2024-02-29 00:00:00,3.0,1.0,18.0,8.0,31.0,5.39,2695.0,140.0,52.000000000007276,8.9,0.64,27.3,24.8,0.4,0.45,0.0,0.0,1.5,1.5,27900.0,G10_57_H8
2024-03-01 00:00:00,5.0,1.0,19.0,5.0,24.0,5.61,2805.0,162.0,52.000000000007276,0.76,0.65,27.4,24.7,0.4,0.45,0.0,0.0,1.5,1.5,27900.0,G10_57_H8
2024-03-02 00:00:00,11.0,-3.0,20.0,1.0,13.0,5.79,2895.0,,40.0,0.82,0.65,27.2,24.5,0.32,0.45,0.0,0.0,1.5,1.5,27900.0,G10_57_H8
2024-03-03 00:00:00,14.0,0.0,21.0,7.0,18.0,5.96,2980.0,96.0,52.000000000007276,0.8,0.61,26.9,24.6,0.37,0.5,0.0,0.0,1.5,1.5,27900.0,G10_57_H8
2024-03-04 00:00:00,8.0,6.0,22.0,5.0,12.0,6.45,3225.0,48.0,55.99999999998545,0.82,0.67,26.6,24.5,0.42,0.47,0.0,0.0,1.5,1.5,27900.0,G10_57_H8
2024-03-05 00:00:00,8.0,7.0,23.0,10.0,50.0,6.54,3270.0,45.0,67.99999999999272,0.83,0.71,26.4,24.5,0.43,0.48,0.0,0.0,1.5,1.5,27900.0,G10_57_H8
2024-03-06 00:00:00,10.0,5.0,24.0,14.0,48.0,7.09,3545.0,72.0,72.00000000000728,0.82,0.68,26.6,24.3,0.4,0.5,0.0,0.0,1.5,1.5,27900.0,G10_57_H8
2024-03-07 00:00:00,15.0,2.0,25.0,13.0,106.0,7.52,3760.0,65.0,52.000000000007276,0.84,0.64,26.0,23.8,0.35,0.5,0.0,0.0,1.5,1.5,27900.0,G10_57_H8
2024-03-08 00:00:00,15.0,1.0,26.0,23.0,120.0,7.3,3650.0,37.0,67.99999999999272,0.84,0.62,26.2,23.7,0.35,0.57,0.0,0.0,1.5,1.5,27900.0,G10_57_H8
2024-03-09 00:00:00,13.0,1.0,27.0,13.0,66.0,8.15,4075.0,76.0,67.99999999999272,0.87,0.66,26.1,23.6,0.35,0.51,0.0,0.0,1.5,1.5,27900.0,G10_57_H8
2024-03-10 00:00:00,16.0,4.0,28.0,16.0,100.0,7.98,3990.0,57.0,60.0,0.86,0.63,26.0,23.5,0.33,0.55,0.0,0.0,1.5,1.5,27900.0,G10_57_H8
2024-03-11 00:00:00,22.0,7.0,29.0,38.0,125.0,8.5,4250.0,26.0,60.0,0.84,0.57,27.7,23.5,0.37,0.75,0.0,0.0,1.5,1.5,27900.0,G10_57_H8
2024-03-12 00:00:00,15.0,4.0,30.0,51.0,99.0,8.8,4400.0,20.0,80.0,0.84,0.65,25.5,22.8,0.37,0.61,0.0,0.0,1.5,1.5,27900.0,G10_57_H8
2024-03-13 00:00:00,15.0,3.0,31.0,58.0,66.0,8.62,4310.0,77.0,67.99999999999272,0.85,0.56,25.8,22.1,0.38,0.53,0.0,0.0,1.5,1.5,27900.0,G10_57_H8
2024-03-14 00:00:00,13.0,9.0,32.0,85.0,54.0,9.16,4580.0,77.0,72.00000000000728,0.88,0.77,25.2,22.6,0.37,0.5,0.0,0.0,1.5,1.5,27900.0,G10_57_H8
2024-03-15 00:00:00,18.0,4.0,33.0,100.0,3.0,8.25,4125.0,77.0,67.99999999999272,0.9,0.69,25.6,21.5,0.36,0.63,0.0,0.0,1.5,1.5,27900.0,G10_57_H8
2024-03-16 00:00:00,22.0,9.0,34.0,133.0,5.0,9.35,4675.0,11.0,68.0000000000291,0.9,0.67,25.9,21.8,0.37,1.32,0.0,0.0,1.5,4.0,27900.0,G10_57_H8
2024-03-17 00:00:00,12.0,10.0,35.0,153.0,0.0,9.06,4530.0,11.0,68.0000000000291,0.88,0.67,23.9,20.9,0.53,0.6,0.0,0.0,2.0,2.0,27900.0,G10_57_H8
2024-03-18 00:00:00,11.0,4.0,36.0,124.0,0.0,8.93,4465.0,75.0,80.0,0.86,0.67,21.8,19.6,0.39,0.62,0.0,0.0,2.0,2.0,27900.0,G10_57_H8
2024-02-11 00:00:00,15.0,1.0,0.0,,,,0.0,,,,,,,,,,,,,27800.0,G10_57_H9
2024-02-12 00:00:00,18.0,4.0,1.0,19.0,5.0,0.726,363.0,383.0,40.0,0.62,0.53,34.4,31.4,0.6,0.6,0.0,0.0,1.0,1.0,27800.0,G10_57_H9
2024-02-13 00:00:00,20.0,6.0,2.0,22.0,9.0,0.948,474.0,194.0,47.999999999992724,0.54,0.43,34.0,31.0,0.6,0.65,0.0,0.0,1.0,1.0,27800.0,G10_57_H9
2024-02-14 00:00:00,22.0,4.0,3.0,15.0,6.0,1.164,582.0,186.0,40.0,0.6,0.51,33.1,30.6,0.6,0.65,0.0,0.0,1.0,1.0,27800.0,G10_57_H9
2024-02-15 00:00:00,7.0,-2.0,4.0,15.0,16.0,1.26,630.0,146.0,40.0,0.64,0.54,32.5,30.7,0.6,0.65,0.0,0.0,1.0,1.0,27800.0,G10_57_H9
2024-02-16 00:00:00,10.0,1.0,5.0,8.0,8.0,1.49,745.0,211.0,40.0,0.69,0.56,32.1,30.4,0.6,0.65,0.0,0.0,1.0,1.0,27800.0,G10_57_H9
2024-02-17 00:00:00,17.0,3.0,6.0,7.0,11.0,1.714858,857.0,178.0,40.0,0.73,0.6,31.7,28.9,0.6,0.6,0.0,0.0,1.0,1.0,27800.0,G10_57_H9
2024-02-18 00:00:00,22.0,12.0,7.0,5.0,9.0,1.93515,968.0,108.0,40.0,0.75,0.68,30.6,28.7,0.6,0.7,0.0,0.0,1.0,1.0,27800.0,G10_57_H9
2024-02-19 00:00:00,13.0,3.0,8.0,7.0,190.0,2.031152,1016.0,83.0,44.00000000001455,0.77,0.62,30.8,27.7,0.6,0.7,0.0,0.0,1.0,1.0,27800.0,G10_57_H9
2024-02-20 00:00:00,3.0,0.0,9.0,9.0,9.0,2.35898,1179.0,207.0,43.99999999997817,0.7,0.6,30.6,27.7,0.53,0.53,0.0,0.0,1.0,1.0,27800.0,G10_57_H9
2024-02-21 00:00:00,1.0,-1.0,10.0,3.0,9.0,2.74,1370.0,231.0,52.000000000007276,0.74,0.58,29.9,27.2,0.45,0.45,0.0,0.0,1.0,1.0,27800.0,G10_57_H9
2024-02-22 00:00:00,0.0,-3.0,11.0,3.0,8.0,3.3,1650.0,222.0,52.000000000007276,0.77,0.61,29.6,26.7,0.41,0.41,0.0,0.0,1.0,1.0,27800.0,G10_57_H9
2024-02-23 00:00:00,1.0,-3.0,12.0,4.0,9.0,3.63,1815.0,205.0,40.0,0.78,0.64,29.2,26.7,0.42,0.42,0.0,0.0,1.0,1.0,27800.0,G10_57_H9
2024-02-24 00:00:00,1.0,-3.0,13.0,3.0,9.0,3.9,1950.0,134.0,60.0,0.79,0.67,29.2,26.7,0.43,0.43,0.0,0.0,1.0,1.5,27800.0,G10_57_H9
2024-02-25 00:00:00,4.0,-1.0,14.0,3.0,7.0,4.1,2050.0,167.0,63.99999999997817,0.78,0.64,29.0,26.0,0.45,0.45,0.0,0.0,1.5,1.5,27800.0,G10_57_H9
2024-02-26 00:00:00,7.0,-1.0,15.0,4.0,9.0,4.46,2230.0,146.0,63.99999999997817,0.77,0.66,28.7,25.8,0.42,0.55,0.0,0.0,1.5,1.5,27800.0,G10_57_H9
2024-02-27 00:00:00,7.0,0.0,16.0,3.0,12.0,4.8,2400.0,132.0,63.99999999997817,0.77,0.63,28.4,25.7,0.45,0.55,0.0,0.0,1.5,1.5,27800.0,G10_57_H9
2024-02-28 00:00:00,3.0,0.0,17.0,3.0,10.0,5.22,2610.0,140.0,56.00000000002183,0.79,0.64,28.1,25.5,0.42,0.49,0.0,0.0,1.5,1.5,27800.0,G10_57_H9
2024-02-29 00:00:00,3.0,1.0,18.0,4.0,11.0,5.52,2760.0,140.0,63.99999999997817,0.78,0.66,27.7,25.1,0.4,0.45,0.0,0.0,1.5,1.5,27800.0,G10_57_H9
2024-03-01 00:00:00,5.0,1.0,19.0,2.0,8.0,5.5,2750.0,162.0,56.00000000002183,0.87,0.76,27.5,25.0,0.4,0.45,0.0,0.0,1.5,1.5,27800.0,G10_57_H9
2024-03-02 00:00:00,11.0,-3.0,20.0,4.0,8.0,5.64,2820.0,,60.0,0.78,0.62,27.2,24.9,0.32,0.45,0.0,0.0,1.5,1.5,27800.0,G10_57_H9
2024-03-03 00:00:00,14.0,0.0,21.0,3.0,7.0,6.06,3030.0,96.0,60.0,0.76,0.59,26.7,24.8,0.37,0.5,0.0,0.0,1.5,1.5,27800.0,G10_57_H9
2024-03-04 00:00:00,8.0,6.0,22.0,3.0,6.0,6.64,3320.0,48.0,63.99999999997817,0.78,0.68,26.7,24.8,0.42,0.47,0.0,0.0,1.5,1.5,27800.0,G10_57_H9
2024-03-05 00:00:00,8.0,7.0,23.0,5.0,10.0,6.65,3325.0,45.0,64.00000000001455,0.78,0.72,26.8,24.6,0.43,0.48,0.0,0.0,1.5,1.5,27800.0,G10_57_H9
2024-03-06 00:00:00,10.0,5.0,24.0,5.0,10.0,7.13,3565.0,72.0,80.0,0.78,0.66,26.6,24.2,0.4,0.5,0.0,0.0,1.5,1.5,27800.0,G10_57_H9
2024-03-07 00:00:00,15.0,2.0,25.0,6.0,15.0,7.32,3660.0,65.0,80.0,0.78,0.61,26.5,24.0,0.35,0.5,0.0,0.0,1.5,1.5,27800.0,G10_57_H9
2024-03-08 00:00:00,15.0,1.0,26.0,8.0,24.0,7.52,3760.0,37.0,80.0,0.82,0.58,27.0,23.9,0.35,0.57,0.0,0.0,1.5,1.5,27800.0,G10_57_H9
2024-03-09 00:00:00,13.0,1.0,27.0,10.0,32.0,8.46,4230.0,77.0,80.0,0.81,0.63,25.6,23.4,0.35,0.51,0.0,0.0,1.5,1.5,27800.0,G10_57_H9
2024-03-10 00:00:00,16.0,4.0,28.0,13.0,37.0,8.19,4095.0,57.0,80.0,0.78,0.58,26.2,23.4,0.33,0.55,0.0,0.0,1.5,1.5,27800.0,G10_57_H9
2024-03-11 00:00:00,22.0,7.0,29.0,35.0,65.0,8.59,4295.0,26.0,80.0,0.78,0.58,28.7,23.6,0.37,0.75,0.0,0.0,1.5,1.5,27800.0,G10_57_H9
2024-03-12 00:00:00,15.0,4.0,30.0,29.0,41.0,8.72,4360.0,20.0,80.0,0.78,0.62,25.6,23.1,0.37,0.61,0.0,0.0,1.5,1.5,27800.0,G10_57_H9
2024-03-13 00:00:00,15.0,3.0,31.0,41.0,67.0,8.73,4365.0,77.0,80.0,0.78,0.55,26.3,22.4,0.38,0.53,0.0,0.0,1.5,1.5,27800.0,G10_57_H9
2024-03-14 00:00:00,13.0,9.0,32.0,75.0,65.0,8.8,4400.0,77.0,160.0,0.79,0.7,25.6,23.3,0.37,0.5,0.0,0.0,1.5,1.5,27800.0,G10_57_H9
2024-03-15 00:00:00,18.0,4.0,33.0,95.0,68.0,8.97,4485.0,77.0,80.0,0.79,0.64,26.3,21.5,0.36,0.63,0.0,0.0,1.5,1.5,27800.0,G10_57_H9
2024-03-16 00:00:00,22.0,9.0,34.0,90.0,78.0,9.0,4500.0,11.0,80.0,0.86,0.64,26.1,22.4,0.37,1.32,0.0,0.0,1.5,4.0,27800.0,G10_57_H9
2024-03-17 00:00:00,12.0,10.0,35.0,139.0,51.0,9.31,4655.0,11.0,80.0,0.83,0.62,24.1,21.1,0.53,0.6,0.0,0.0,2.0,2.0,27800.0,G10_57_H9
2024-03-18 00:00:00,11.0,4.0,36.0,221.0,0.0,8.89,4445.0,75.0,55.99999999998545,0.77,0.69,22.0,19.6,0.39,0.62,0.0,0.0,2.0,2.0,27800.0,G10_57_H9
2024-02-11 00:00:00,15.0,1.0,0.0,,,,0.0,,,,,,,,,,,,,27800.0,G10_57_H10
2024-02-12 00:00:00,18.0,4.0,1.0,15.0,4.0,0.735,368.0,383.0,40.0,0.54,0.43,34.5,31.4,0.6,0.6,0.0,0.0,1.0,1.0,27800.0,G10_57_H10
2024-02-13 00:00:00,20.0,6.0,2.0,14.0,8.0,0.939,470.0,194.0,115.99999999998545,0.56,0.42,33.9,31.0,0.6,0.65,0.0,0.0,1.0,1.0,27800.0,G10_57_H10
2024-02-14 00:00:00,22.0,4.0,3.0,20.0,13.0,1.149,575.0,186.0,44.00000000001455,0.55,0.47,33.2,30.6,0.6,0.65,0.0,0.0,1.0,1.0,27800.0,G10_57_H10
2024-02-15 00:00:00,7.0,-2.0,4.0,9.0,12.0,1.3,650.0,146.0,40.0,0.66,0.55,32.8,30.6,0.6,0.65,0.0,0.0,1.0,1.0,27800.0,G10_57_H10
2024-02-16 00:00:00,10.0,1.0,5.0,11.0,13.0,1.472,736.0,211.0,47.999999999992724,0.71,0.59,32.3,30.5,0.6,0.65,0.0,0.0,1.0,1.0,27800.0,G10_57_H10
2024-02-17 00:00:00,17.0,3.0,6.0,1.0,17.0,1.715106,858.0,178.0,44.00000000001455,0.75,0.66,31.5,28.8,0.6,0.6,0.0,0.0,1.0,1.0,27800.0,G10_57_H10
2024-02-18 00:00:00,22.0,12.0,7.0,11.0,19.0,1.93431,967.0,108.0,43.99999999997817,0.78,0.71,31.0,28.4,0.6,0.7,0.0,0.0,1.0,1.0,27800.0,G10_57_H10
2024-02-19 00:00:00,13.0,3.0,8.0,13.0,160.0,2.03204,1016.0,83.0,36.00000000002183,0.82,0.68,30.7,27.6,0.6,0.7,0.0,0.0,1.0,1.0,27800.0,G10_57_H10
2024-02-20 00:00:00,3.0,0.0,9.0,25.0,22.0,2.357518,1179.0,207.0,47.999999999992724,0.75,0.62,30.6,27.8,0.53,0.53,0.0,0.0,1.0,1.0,27800.0,G10_57_H10
2024-02-21 00:00:00,1.0,-1.0,10.0,3.0,10.0,2.46,1230.0,231.0,32.000000000007276,0.8,0.65,29.9,27.0,0.45,0.45,0.0,0.0,1.0,1.0,27800.0,G10_57_H10
2024-02-22 00:00:00,0.0,-3.0,11.0,5.0,5.0,3.11,1555.0,222.0,32.000000000007276,0.83,0.68,29.4,26.7,0.41,0.41,0.0,0.0,1.0,1.0,27800.0,G10_57_H10
2024-02-23 00:00:00,1.0,-3.0,12.0,2.0,16.0,3.57,1785.0,205.0,27.999999999992724,0.87,0.72,29.1,26.6,0.42,0.42,0.0,0.0,1.0,1.0,27800.0,G10_57_H10
2024-02-24 00:00:00,1.0,-3.0,13.0,3.0,12.0,3.84,1920.0,134.0,35.99999999998545,0.91,0.77,29.0,26.3,0.43,0.43,0.0,0.0,1.0,1.5,27800.0,G10_57_H10
2024-02-25 00:00:00,4.0,-1.0,14.0,2.0,14.0,4.11,2055.0,168.0,36.00000000002183,0.89,7.33,28.9,26.1,0.45,0.45,0.0,0.0,1.5,1.5,27800.0,G10_57_H10
2024-02-26 00:00:00,7.0,-1.0,15.0,2.0,16.0,4.29,2145.0,146.0,36.00000000002183,0.87,0.73,28.5,25.8,0.42,0.55,0.0,0.0,1.5,1.5,27800.0,G10_57_H10
2024-02-27 00:00:00,7.0,0.0,16.0,4.0,17.0,4.77,2385.0,132.0,40.0,0.89,0.74,28.3,25.7,0.45,0.55,0.0,0.0,1.5,1.5,27800.0,G10_57_H10
2024-02-28 00:00:00,3.0,0.0,17.0,4.0,10.0,4.98,2490.0,140.0,44.00000000001455,0.89,0.75,28.2,25.4,0.42,0.49,0.0,0.0,1.5,1.5,27800.0,G10_57_H10
2024-02-29 00:00:00,3.0,1.0,18.0,3.0,18.0,5.49,2745.0,140.0,43.99999999997817,0.9,0.79,27.9,25.0,0.4,0.45,0.0,0.0,1.5,1.5,27800.0,G10_57_H10
2024-03-01 00:00:00,5.0,1.0,19.0,3.0,9.0,5.91,2955.0,161.0,47.999999999992724,0.78,0.68,27.6,24.8,0.4,0.45,0.0,0.0,1.5,1.5,27800.0,G10_57_H10
2024-03-02 00:00:00,11.0,-3.0,20.0,1.0,11.0,5.85,2950.0,,80.0,0.88,0.75,27.1,24.6,0.32,0.45,0.0,0.0,1.5,1.5,27800.0,G10_57_H10
2024-03-03 00:00:00,14.0,0.0,21.0,2.0,9.0,5.95,2975.0,96.0,52.000000000007276,0.87,0.7,26.9,24.6,0.37,0.5,0.0,0.0,1.5,1.5,27800.0,G10_57_H10
2024-03-04 00:00:00,8.0,6.0,22.0,1.0,8.0,6.32,3160.0,48.0,51.999999999970896,0.88,0.77,26.6,24.7,0.42,0.47,0.0,0.0,1.5,1.5,27800.0,G10_57_H10
2024-03-05 00:00:00,8.0,7.0,23.0,7.0,28.0,6.56,3280.0,45.0,64.00000000001455,0.89,0.81,26.4,24.5,0.43,0.48,0.0,0.0,1.5,1.5,27800.0,G10_57_H10
2024-03-06 00:00:00,10.0,5.0,24.0,2.0,13.0,6.81,3405.0,72.0,60.0,0.87,0.75,26.1,24.3,0.4,0.5,0.0,0.0,1.5,1.5,27800.0,G10_57_H10
2024-03-07 00:00:00,15.0,2.0,25.0,5.0,25.0,7.09,3545.0,65.0,52.000000000007276,0.9,0.71,26.3,24.0,0.35,0.5,0.0,0.0,1.5,1.5,27800.0,G10_57_H10
2024-03-08 00:00:00,15.0,1.0,26.0,13.0,40.0,7.52,3760.0,37.0,60.0,0.9,0.68,26.2,23.6,0.35,0.57,0.0,0.0,1.5,1.5,27800.0,G10_57_H10
2024-03-09 00:00:00,13.0,1.0,27.0,12.0,63.0,7.65,3825.0,77.0,72.00000000000728,0.9,0.72,26.0,23.3,0.35,0.51,0.0,0.0,1.5,1.5,27800.0,G10_57_H10
2024-03-10 00:00:00,16.0,4.0,28.0,11.0,73.0,7.76,3880.0,57.0,55.99999999998545,0.91,0.69,26.2,23.3,0.33,0.55,0.0,0.0,1.5,1.5,27800.0,G10_57_H10
2024-03-11 00:00:00,22.0,7.0,29.0,21.0,92.0,8.34,4170.0,26.0,72.00000000000728,0.89,0.66,28.8,23.6,0.37,0.75,0.0,0.0,1.5,1.5,27800.0,G10_57_H10
2024-03-12 00:00:00,15.0,4.0,30.0,35.0,80.0,8.44,4220.0,20.0,63.99999999997817,0.88,0.7,25.9,23.2,0.37,0.61,0.0,0.0,1.5,1.5,27800.0,G10_57_H10
2024-03-13 00:00:00,15.0,3.0,31.0,25.0,74.0,8.62,4310.0,77.0,72.00000000000728,0.89,0.65,26.6,22.4,0.38,0.53,0.0,0.0,1.5,1.5,27800.0,G10_57_H10
2024-03-14 00:00:00,13.0,9.0,32.0,41.0,55.0,8.2,4100.0,77.0,64.00000000001455,0.9,0.82,25.6,23.1,0.37,0.5,0.0,0.0,1.5,1.5,27800.0,G10_57_H10
2024-03-15 00:00:00,18.0,4.0,33.0,65.0,2.0,8.15,4075.0,77.0,67.99999999999272,0.91,0.74,25.8,21.7,0.36,0.63,0.0,0.0,1.5,1.5,27800.0,G10_57_H10
2024-03-16 00:00:00,22.0,9.0,34.0,100.0,3.0,8.53,4265.0,11.0,67.99999999999272,0.92,0.72,26.5,22.1,0.37,1.32,0.0,0.0,1.5,4.0,27800.0,G10_57_H10
2024-03-17 00:00:00,12.0,10.0,35.0,111.0,0.0,8.6,4300.0,11.0,67.99999999999272,0.91,0.72,24.3,21.0,0.53,0.6,0.0,0.0,2.0,2.0,27800.0,G10_57_H10
2024-03-18 00:00:00,11.0,4.0,36.0,107.0,0.0,8.35,4175.0,75.0,84.00000000001455,0.86,0.74,22.4,19.8,0.39,0.62,0.0,0.0,2.0,2.0,27800.0,G10_57_H10
2024-02-11 00:00:00,15.0,1.0,0.0,,,,0.0,,,,,,,,,,,,,27800.0,G10_57_H11
2024-02-12 00:00:00,18.0,4.0,1.0,13.0,4.0,0.729,365.0,383.0,40.0,0.64,0.55,34.0,31.6,0.6,0.6,0.0,0.0,1.0,1.0,27800.0,G10_57_H11
2024-02-13 00:00:00,20.0,6.0,2.0,15.0,6.0,0.95,475.0,194.0,40.0,0.58,0.47,33.7,31.1,0.6,0.65,0.0,0.0,1.0,1.0,27800.0,G10_57_H11
2024-02-14 00:00:00,22.0,4.0,3.0,19.0,8.0,1.154,577.0,186.0,40.0,0.63,0.49,33.1,30.8,0.6,0.65,0.0,0.0,1.0,1.0,27800.0,G10_57_H11
2024-02-15 00:00:00,7.0,-2.0,4.0,17.0,15.0,1.289,645.0,146.0,35.99999999998545,0.68,0.55,32.3,30.7,0.6,0.65,0.0,0.0,1.0,1.0,27800.0,G10_57_H11
2024-02-16 00:00:00,10.0,1.0,5.0,13.0,7.0,1.469,735.0,211.0,44.00000000001455,0.75,0.58,32.2,30.6,0.6,0.65,0.0,0.0,1.0,1.0,27800.0,G10_57_H11
2024-02-17 00:00:00,17.0,3.0,6.0,8.0,10.0,1.71523,858.0,178.0,44.00000000001455,0.74,0.64,31.8,28.9,0.6,0.6,0.0,0.0,1.0,1.0,27800.0,G10_57_H11
2024-02-18 00:00:00,22.0,12.0,7.0,7.0,15.0,1.93501,968.0,109.0,43.99999999997817,0.77,0.7,31.0,28.5,0.6,0.7,0.0,0.0,1.0,1.0,27800.0,G10_57_H11
2024-02-19 00:00:00,13.0,3.0,8.0,13.0,258.0,2.025528,1013.0,83.0,44.00000000001455,0.78,0.63,30.6,27.8,0.6,0.7,0.0,0.0,1.0,1.0,27800.0,G10_57_H11
2024-02-20 00:00:00,3.0,0.0,9.0,8.0,8.0,2.352616,1176.0,207.0,43.99999999997817,0.73,0.58,30.3,27.6,0.53,0.53,0.0,0.0,1.0,1.0,27800.0,G10_57_H11
2024-02-21 00:00:00,1.0,-1.0,10.0,5.0,12.0,2.66,1330.0,231.0,40.0,0.74,0.58,29.5,27.1,0.45,0.45,0.0,0.0,1.0,1.0,27800.0,G10_57_H11
2024-02-22 00:00:00,0.0,-3.0,11.0,6.0,9.0,3.22,1610.0,222.0,56.00000000002183,0.77,0.61,29.2,26.8,0.41,0.41,0.0,0.0,1.0,1.0,27800.0,G10_57_H11
2024-02-23 00:00:00,1.0,-3.0,12.0,4.0,13.0,3.5,1750.0,205.0,63.99999999997817,0.78,0.63,29.3,26.5,0.42,0.42,0.0,0.0,1.0,1.0,27800.0,G10_57_H11
2024-02-24 00:00:00,1.0,-3.0,13.0,3.0,15.0,3.82,1910.0,134.0,40.0,0.78,0.66,28.9,26.5,0.43,0.43,0.0,0.0,1.0,1.5,27800.0,G10_57_H11
2024-02-25 00:00:00,4.0,-1.0,14.0,4.0,12.0,4.15,2075.0,168.0,56.00000000002183,0.79,0.64,28.8,25.9,0.45,0.45,0.0,0.0,1.5,1.5,27800.0,G10_57_H11
2024-02-26 00:00:00,7.0,-1.0,15.0,5.0,19.0,4.57,2285.0,146.0,56.00000000002183,0.78,0.66,28.4,25.9,0.42,0.55,0.0,0.0,1.5,1.5,27800.0,G10_57_H11
2024-02-27 00:00:00,7.0,0.0,16.0,4.0,19.0,4.91,2455.0,132.0,60.0,0.78,0.65,28.1,25.5,0.45,0.55,0.0,0.0,1.5,1.5,27800.0,G10_57_H11
2024-02-28 00:00:00,3.0,0.0,17.0,4.0,81.0,5.23,2615.0,140.0,52.000000000007276,0.78,0.67,27.7,25.4,0.42,0.49,0.0,0.0,1.5,1.5,27800.0,G10_57_H11
2024-02-29 00:00:00,3.0,1.0,18.0,3.0,26.0,5.56,2780.0,140.0,60.0,0.78,0.7,27.4,24.9,0.4,0.45,0.0,0.0,1.5,1.5,27800.0,G10_57_H11
2024-03-01 00:00:00,5.0,1.0,19.0,4.0,22.0,5.66,2830.0,161.0,67.99999999999272,0.79,0.65,27.3,24.7,0.4,0.45,0.0,0.0,1.5,1.5,27800.0,G10_57_H11
2024-03-02 00:00:00,11.0,-3.0,20.0,4.0,18.0,5.82,2910.0,,56.0,0.79,0.69,26.9,25.0,0.32,0.45,0.0,0.0,1.5,1.5,27800.0,G10_57_H11
2024-03-03 00:00:00,14.0,0.0,21.0,4.0,13.0,6.1,3050.0,96.0,55.99999999998545,0.79,0.64,26.7,24.7,0.37,0.5,0.0,0.0,1.5,1.5,27800.0,G10_57_H11
2024-03-04 00:00:00,8.0,6.0,22.0,4.0,13.0,6.73,3365.0,48.0,68.0000000000291,0.8,0.73,26.6,24.8,0.42,0.47,0.0,0.0,1.5,1.5,27800.0,G10_57_H11
2024-03-05 00:00:00,8.0,7.0,23.0,3.0,11.0,6.61,3305.0,45.0,75.99999999998545,0.81,0.76,26.5,24.5,0.43,0.48,0.0,0.0,1.5,1.5,27800.0,G10_57_H11
2024-03-06 00:00:00,10.0,5.0,24.0,5.0,11.0,7.24,3620.0,72.0,80.0,0.79,0.7,26.1,24.3,0.4,0.5,0.0,0.0,1.5,1.5,27800.0,G10_57_H11
2024-03-07 00:00:00,15.0,2.0,25.0,5.0,9.0,6.97,3485.0,65.0,80.0,0.82,0.65,26.1,23.9,0.35,0.5,0.0,0.0,1.5,1.5,27800.0,G10_57_H11
2024-03-08 00:00:00,15.0,1.0,26.0,5.0,13.0,7.05,3525.0,37.0,80.0,0.79,0.6,26.2,23.9,0.35,0.57,0.0,0.0,1.5,1.5,27800.0,G10_57_H11
2024-03-09 00:00:00,13.0,1.0,27.0,7.0,24.0,7.64,3820.0,77.0,80.0,0.79,0.66,25.6,23.1,0.35,0.51,0.0,0.0,1.5,1.5,27800.0,G10_57_H11
2024-03-10 00:00:00,16.0,4.0,28.0,8.0,20.0,7.25,3625.0,57.0,80.0,0.79,0.62,25.8,23.5,0.33,0.55,0.0,0.0,1.5,1.5,27800.0,G10_57_H11
2024-03-11 00:00:00,22.0,7.0,29.0,10.0,38.0,8.15,3605.0,26.0,80.0,0.79,0.58,27.5,23.2,0.37,0.75,0.0,0.0,1.5,1.5,27800.0,G10_57_H11
2024-03-12 00:00:00,15.0,4.0,30.0,15.0,21.0,8.47,4235.0,20.0,80.0,0.78,0.65,25.3,22.9,0.37,0.61,0.0,0.0,1.5,1.5,27800.0,G10_57_H11
2024-03-13 00:00:00,15.0,3.0,31.0,17.0,28.0,8.76,4380.0,77.0,80.0,0.78,0.54,25.5,22.1,0.38,0.53,0.0,0.0,1.5,1.5,27800.0,G10_57_H11
2024-03-14 00:00:00,13.0,9.0,32.0,27.0,55.0,9.27,4635.0,77.0,80.0,0.82,0.69,25.0,22.7,0.37,0.5,0.0,0.0,1.5,1.5,27800.0,G10_57_H11
2024-03-15 00:00:00,18.0,4.0,33.0,24.0,29.0,9.3,4650.0,77.0,80.0,0.78,0.67,25.2,21.6,0.36,0.63,0.0,0.0,1.5,1.5,27800.0,G10_57_H11
2024-03-16 00:00:00,22.0,9.0,34.0,23.0,22.0,9.54,4770.0,11.0,80.0,0.88,0.66,25.7,22.2,0.37,1.32,0.0,0.0,1.5,4.0,27800.0,G10_57_H11
2024-03-17 00:00:00,12.0,10.0,35.0,49.0,22.0,9.9,4950.0,11.0,80.0,0.79,0.66,24.4,21.1,0.53,0.6,0.0,0.0,2.0,2.0,27800.0,G10_57_H11
2024-03-18 00:00:00,11.0,4.0,36.0,85.0,0.0,9.88,4940.0,75.0,60.0,0.79,0.72,22.2,19.7,0.39,0.62,0.0,0.0,2.0,2.0,27800.0,G10_57_H11
2024-02-11 00:00:00,15.0,1.0,0.0,,,,0.0,,,,,,,,,,,,,27800.0,G10_57_H12
2024-02-12 00:00:00,18.0,4.0,1.0,15.0,8.0,0.741,371.0,383.0,40.0,0.53,0.41,34.5,31.8,0.6,0.6,0.0,0.0,1.0,1.0,27800.0,G10_57_H12
2024-02-13 00:00:00,20.0,6.0,2.0,9.0,4.0,0.94,470.0,194.0,44.00000000001455,0.52,0.4,35.0,31.5,0.6,0.65,0.0,0.0,1.0,1.0,27800.0,G10_57_H12
2024-02-14 00:00:00,22.0,4.0,3.0,2.0,14.0,1.172,586.0,186.0,44.00000000001455,0.61,0.52,33.1,31.0,0.6,0.65,0.0,0.0,1.0,1.0,27800.0,G10_57_H12
2024-02-15 00:00:00,7.0,-2.0,4.0,4.0,12.0,1.257,629.0,146.0,43.99999999997817,0.65,0.56,32.2,30.2,0.6,0.65,0.0,0.0,1.0,1.0,27800.0,G10_57_H12
2024-02-16 00:00:00,10.0,1.0,5.0,7.0,13.0,1.501,751.0,211.0,40.0,0.72,0.59,31.4,30.2,0.6,0.65,0.0,0.0,1.0,1.0,27800.0,G10_57_H12
2024-02-17 00:00:00,17.0,3.0,6.0,5.0,6.0,1.717462,859.0,178.0,44.00000000001455,0.77,0.61,32.1,28.7,0.6,0.6,0.0,0.0,1.0,1.0,27800.0,G10_57_H12
2024-02-18 00:00:00,22.0,12.0,7.0,6.0,12.0,1.93781,969.0,109.0,43.99999999997817,0.76,0.66,31.4,29.1,0.6,0.7,0.0,0.0,1.0,1.0,27800.0,G10_57_H12
2024-02-19 00:00:00,13.0,3.0,8.0,9.0,134.0,2.03796,1019.0,83.0,44.00000000001455,0.75,0.61,31.1,28.3,0.6,0.7,0.0,0.0,1.0,1.0,27800.0,G10_57_H12
2024-02-20 00:00:00,3.0,0.0,9.0,8.0,8.0,2.367064,1184.0,208.0,44.00000000001455,0.73,0.56,31.0,28.2,0.53,0.53,0.0,0.0,1.0,1.0,27800.0,G10_57_H12
2024-02-21 00:00:00,1.0,-1.0,10.0,1.0,9.0,2.35,1175.0,231.0,43.99999999997817,0.74,0.59,30.7,27.5,0.45,0.45,0.0,0.0,1.0,1.0,27800.0,G10_57_H12
2024-02-22 00:00:00,0.0,-3.0,11.0,3.0,7.0,2.75,1375.0,222.0,52.000000000007276,0.76,0.61,30.3,27.3,0.41,0.41,0.0,0.0,1.0,1.0,27800.0,G10_57_H12
2024-02-23 00:00:00,1.0,-3.0,12.0,2.0,19.0,3.22,1610.0,205.0,47.999999999992724,0.77,0.62,29.9,27.1,0.42,0.42,0.0,0.0,1.0,1.0,27800.0,G10_57_H12
2024-02-24 00:00:00,1.0,-3.0,13.0,2.0,8.0,3.3,1650.0,134.0,32.000000000007276,0.79,0.64,29.8,26.8,0.43,0.43,0.0,0.0,1.0,1.5,27800.0,G10_57_H12
2024-02-25 00:00:00,4.0,-1.0,14.0,10.0,17.0,3.75,1875.0,168.0,40.0,0.79,0.6,29.2,26.4,0.45,0.45,0.0,0.0,1.5,1.5,27800.0,G10_57_H12
2024-02-26 00:00:00,7.0,-1.0,15.0,8.0,21.0,4.05,2025.0,146.0,40.0,0.77,0.62,29.0,26.3,0.42,0.55,0.0,0.0,1.5,1.5,27800.0,G10_57_H12
2024-02-27 00:00:00,7.0,0.0,16.0,11.0,26.0,4.34,2170.0,132.0,40.0,0.81,0.61,29.0,26.2,0.45,0.55,0.0,0.0,1.5,1.5,27800.0,G10_57_H12
2024-02-28 00:00:00,3.0,0.0,17.0,1.0,21.0,4.55,2275.0,140.0,44.00000000001455,0.79,0.62,28.4,25.8,0.42,0.49,0.0,0.0,1.5,1.5,27800.0,G10_57_H12
2024-02-29 00:00:00,3.0,1.0,18.0,7.0,16.0,4.8,2400.0,140.0,43.99999999997817,0.79,0.64,28.0,25.4,0.4,0.45,0.0,0.0,1.5,1.5,27800.0,G10_57_H12
2024-03-01 00:00:00,5.0,1.0,19.0,3.0,19.0,5.12,2560.0,161.0,47.999999999992724,0.72,0.6,27.8,25.1,0.4,0.45,0.0,0.0,1.5,1.5,27800.0,G10_57_H12
2024-03-02 00:00:00,11.0,-3.0,20.0,7.0,25.0,5.41,2705.0,,80.0,0.8,0.63,27.7,25.2,0.32,0.45,0.0,0.0,1.5,1.5,27800.0,G10_57_H12
2024-03-03 00:00:00,14.0,0.0,21.0,4.0,20.0,5.64,2820.0,96.0,56.00000000002183,0.78,0.62,27.3,25.1,0.37,0.5,0.0,0.0,1.5,1.5,27800.0,G10_57_H12
2024-03-04 00:00:00,8.0,6.0,22.0,9.0,18.0,6.06,3030.0,48.0,51.999999999970896,0.8,0.67,27.0,25.3,0.42,0.47,0.0,0.0,1.5,1.5,27800.0,G10_57_H12
2024-03-05 00:00:00,8.0,7.0,23.0,5.0,21.0,5.77,2885.0,45.0,56.00000000002183,0.8,0.69,27.0,24.9,0.43,0.48,0.0,0.0,1.5,1.5,27800.0,G10_57_H12
2024-03-06 00:00:00,10.0,5.0,24.0,4.0,16.0,6.03,3015.0,72.0,63.99999999997817,0.78,0.64,26.6,24.8,0.4,0.5,0.0,0.0,1.5,1.5,27800.0,G10_57_H12
2024-03-07 00:00:00,15.0,2.0,25.0,6.0,14.0,6.35,3175.0,65.0,52.000000000007276,0.78,0.62,26.7,24.6,0.35,0.5,0.0,0.0,1.5,1.5,27800.0,G10_57_H12
2024-03-08 00:00:00,15.0,1.0,26.0,10.0,12.0,6.77,3385.0,37.0,64.00000000001455,0.82,0.61,26.4,24.3,0.35,0.57,0.0,0.0,1.5,1.5,27800.0,G10_57_H12
2024-03-09 00:00:00,13.0,1.0,27.0,13.0,11.0,7.04,3520.0,77.0,63.99999999997817,0.8,0.66,26.4,23.6,0.35,0.51,0.0,0.0,1.5,1.5,27800.0,G10_57_H12
2024-03-10 00:00:00,16.0,4.0,28.0,13.0,46.0,7.29,3645.0,57.0,56.00000000002183,0.81,0.62,26.0,23.8,0.33,0.55,0.0,0.0,1.5,1.5,27800.0,G10_57_H12
2024-03-11 00:00:00,22.0,7.0,29.0,15.0,26.0,7.26,3630.0,26.0,55.99999999998545,0.79,0.58,27.8,23.8,0.37,0.75,0.0,0.0,1.5,1.5,27800.0,G10_57_H12
2024-03-12 00:00:00,15.0,4.0,30.0,26.0,42.0,7.36,3680.0,20.0,67.99999999999272,0.76,0.61,25.9,23.5,0.37,0.61,0.0,0.0,1.5,1.5,27800.0,G10_57_H12
2024-03-13 00:00:00,15.0,3.0,31.0,37.0,46.0,6.75,3375.0,77.0,68.0000000000291,0.76,0.55,26.7,22.8,0.35,0.5,0.0,0.0,1.5,1.5,27800.0,G10_57_H12
2024-03-14 00:00:00,13.0,9.0,32.0,74.0,26.0,6.65,3325.0,77.0,55.99999999998545,0.78,0.7,25.4,23.0,0.37,0.5,0.0,0.0,1.5,1.5,27800.0,G10_57_H12
2024-03-15 00:00:00,18.0,4.0,33.0,58.0,29.0,6.4,3200.0,77.0,60.0,0.79,0.69,25.9,22.5,0.36,0.63,0.0,0.0,1.5,1.5,27800.0,G10_57_H12
2024-03-16 00:00:00,22.0,9.0,34.0,94.0,0.0,6.72,3360.0,12.0,64.00000000001455,0.82,0.64,27.0,22.8,0.37,0.95,0.0,0.0,1.5,3.0,27800.0,G10_57_H12
2024-03-17 00:00:00,12.0,10.0,35.0,158.0,0.0,6.88,3440.0,12.0,64.00000000001455,0.83,0.64,25.0,21.5,0.47,0.54,0.0,0.0,2.0,2.0,27800.0,G10_57_H12
2024-03-18 00:00:00,11.0,4.0,36.0,147.0,0.0,6.64,3320.0,75.0,64.00000000001455,0.76,0.66,22.9,20.8,0.35,0.55,0.0,0.0,2.0,2.0,27800.0,G10_57_H12
2024-02-11 00:00:00,15.0,1.0,0.0,,,,0.0,,,,,,,,,,,,,27800.0,G10_57_H13
2024-02-12 00:00:00,18.0,4.0,1.0,11.0,7.0,0.73,365.0,383.0,40.0,0.51,0.4,34.5,32.0,0.6,0.6,0.0,0.0,1.0,1.0,27800.0,G10_57_H13
2024-02-13 00:00:00,20.0,6.0,2.0,14.0,10.0,0.962,481.0,194.0,40.0,0.53,0.41,34.0,31.6,0.6,0.65,0.0,0.0,1.0,1.0,27800.0,G10_57_H13
2024-02-14 00:00:00,22.0,4.0,3.0,16.0,8.0,1.168,584.0,186.0,44.00000000001455,0.58,0.49,33.4,31.2,0.6,0.65,0.0,0.0,1.0,1.0,27800.0,G10_57_H13
2024-02-15 00:00:00,7.0,-2.0,4.0,8.0,27.0,1.3,650.0,146.0,43.99999999997817,0.52,0.43,32.8,30.4,0.6,0.65,0.0,0.0,1.0,1.0,27800.0,G10_57_H13
2024-02-16 00:00:00,10.0,1.0,5.0,12.0,8.0,1.497,749.0,211.0,44.00000000001455,0.66,0.55,32.3,30.8,0.6,0.65,0.0,0.0,1.0,1.0,27800.0,G10_57_H13
2024-02-17 00:00:00,17.0,3.0,6.0,9.0,11.0,1.714858,857.0,178.0,47.999999999992724,0.6,0.52,31.5,29.3,0.6,0.6,0.0,0.0,1.0,1.0,27800.0,G10_57_H13
2024-02-18 00:00:00,22.0,12.0,7.0,4.0,16.0,1.93473,967.0,109.0,40.0,0.67,0.57,31.0,28.9,0.6,0.7,0.0,0.0,1.0,1.0,27800.0,G10_57_H13
2024-02-19 00:00:00,13.0,3.0,8.0,9.0,177.0,2.031522,1016.0,83.0,40.0,0.69,0.58,31.1,28.4,0.6,0.7,0.0,0.0,1.0,1.0,27800.0,G10_57_H13
2024-02-20 00:00:00,3.0,0.0,9.0,26.0,15.0,2.357432,1179.0,208.0,47.999999999992724,0.69,0.53,30.2,27.8,0.53,0.53,0.0,0.0,1.0,1.0,27800.0,G10_57_H13
2024-02-21 00:00:00,1.0,-1.0,10.0,8.0,13.0,2.81,1405.0,231.0,48.000000000029104,0.75,0.62,30.0,27.6,0.45,0.45,0.0,0.0,1.0,1.0,27800.0,G10_57_H13
2024-02-22 00:00:00,0.0,-3.0,11.0,7.0,15.0,3.19,1595.0,222.0,15.999999999985448,0.76,0.58,29.6,27.5,0.41,0.41,0.0,0.0,1.0,1.0,27800.0,G10_57_H13
2024-02-23 00:00:00,1.0,-3.0,12.0,7.0,22.0,3.63,1815.0,205.0,80.0,0.76,0.63,29.5,26.9,0.42,0.42,0.0,0.0,1.0,1.0,27800.0,G10_57_H13
2024-02-24 00:00:00,1.0,-3.0,13.0,2.0,15.0,3.69,1845.0,134.0,32.000000000007276,0.83,0.68,29.2,27.0,0.43,0.43,0.0,0.0,1.0,1.5,27800.0,G10_57_H13
2024-02-25 00:00:00,4.0,-1.0,14.0,10.0,13.0,4.18,2090.0,168.0,40.0,0.79,0.59,28.8,26.2,0.45,0.45,0.0,0.0,1.5,1.5,27800.0,G10_57_H13
2024-02-26 00:00:00,7.0,-1.0,15.0,8.0,20.0,4.51,2255.0,146.0,40.0,0.72,0.59,28.6,26.2,0.42,0.55,0.0,0.0,1.5,1.5,27800.0,G10_57_H13
2024-02-27 00:00:00,7.0,0.0,16.0,9.0,16.0,4.8,2400.0,132.0,36.00000000002183,0.78,0.6,28.6,26.0,0.45,0.55,0.0,0.0,1.5,1.5,27800.0,G10_57_H13
2024-02-28 00:00:00,3.0,0.0,17.0,9.0,27.0,5.0,2500.0,140.0,40.0,0.78,0.6,28.2,25.6,0.42,0.49,0.0,0.0,1.5,1.5,27800.0,G10_57_H13
2024-02-29 00:00:00,3.0,1.0,18.0,7.0,21.0,5.15,2575.0,140.0,40.0,0.78,0.59,27.8,25.4,0.4,0.45,0.0,0.0,1.5,1.5,27800.0,G10_57_H13
2024-03-01 00:00:00,5.0,1.0,19.0,4.0,14.0,5.42,2710.0,161.0,47.999999999992724,0.88,0.73,27.8,25.1,0.4,0.45,0.0,0.0,1.5,1.5,27800.0,G10_57_H13
2024-03-02 00:00:00,11.0,-3.0,20.0,5.0,21.0,5.88,2940.0,,52.0,0.82,0.66,27.4,25.0,0.32,0.45,0.0,0.0,1.5,1.5,27800.0,G10_57_H13
2024-03-03 00:00:00,14.0,0.0,21.0,4.0,19.0,5.81,2905.0,96.0,52.000000000007276,0.7,0.56,27.1,25.3,0.37,0.5,0.0,0.0,1.5,1.5,27800.0,G10_57_H13
2024-03-04 00:00:00,8.0,6.0,22.0,8.0,10.0,6.28,3140.0,48.0,47.999999999992724,0.82,0.63,27.1,25.3,0.42,0.47,0.0,0.0,1.5,1.5,27800.0,G10_57_H13
2024-03-05 00:00:00,8.0,7.0,23.0,6.0,17.0,6.12,3060.0,46.0,52.000000000007276,0.74,0.62,26.5,25.0,0.43,0.48,0.0,0.0,1.5,1.5,27800.0,G10_57_H13
2024-03-06 00:00:00,10.0,5.0,24.0,12.0,22.0,6.59,3295.0,72.0,64.00000000001455,0.78,0.6,26.4,24.6,0.4,0.5,0.0,0.0,1.5,1.5,27800.0,G10_57_H13
2024-03-07 00:00:00,15.0,2.0,25.0,16.0,15.0,6.48,3240.0,65.0,55.99999999998545,0.78,0.67,26.7,26.4,0.35,0.5,0.0,0.0,1.5,1.5,27800.0,G10_57_H13
2024-03-08 00:00:00,15.0,1.0,26.0,17.0,14.0,6.65,3325.0,37.0,56.00000000002183,0.85,0.57,26.1,24.2,0.35,0.57,0.0,0.0,1.5,1.5,27800.0,G10_57_H13
2024-03-09 00:00:00,13.0,1.0,27.0,9.0,23.0,6.98,3490.0,77.0,60.0,0.79,0.58,26.5,23.8,0.35,0.51,0.0,0.0,1.5,1.5,27800.0,G10_57_H13
2024-03-10 00:00:00,16.0,4.0,28.0,13.0,17.0,7.44,3720.0,57.0,51.999999999970896,0.79,0.58,25.9,23.7,0.33,0.55,0.0,0.0,1.5,1.5,27800.0,G10_57_H13
2024-03-11 00:00:00,22.0,7.0,29.0,21.0,22.0,7.51,3755.0,26.0,52.000000000007276,0.76,0.54,27.8,24.0,0.37,0.75,0.0,0.0,1.5,1.5,27800.0,G10_57_H13
2024-03-12 00:00:00,15.0,4.0,30.0,26.0,31.0,7.26,3630.0,20.0,60.0,0.84,0.58,25.7,23.3,0.37,0.61,0.0,0.0,1.5,1.5,27800.0,G10_57_H13
2024-03-13 00:00:00,15.0,3.0,31.0,28.0,62.0,6.92,3460.0,77.0,64.00000000001455,0.72,0.5,26.0,22.7,0.35,0.5,0.0,0.0,1.5,1.5,27800.0,G10_57_H13
2024-03-14 00:00:00,13.0,9.0,32.0,76.0,39.0,6.75,3375.0,77.0,52.000000000007276,0.75,0.63,25.5,23.3,0.37,0.5,0.0,0.0,1.5,1.5,27800.0,G10_57_H13
2024-03-15 00:00:00,18.0,4.0,33.0,93.0,54.0,7.11,3555.0,77.0,51.999999999970896,0.79,0.6,26.0,22.6,0.36,0.63,0.0,0.0,1.5,1.5,27800.0,G10_57_H13
2024-03-16 00:00:00,22.0,9.0,34.0,109.0,0.0,7.57,3785.0,12.0,60.0,0.85,0.66,27.3,23.3,0.37,0.95,0.0,0.0,1.5,3.0,27800.0,G10_57_H13
2024-03-17 00:00:00,12.0,10.0,35.0,182.0,0.0,7.71,3855.0,12.0,60.0,0.84,0.64,24.5,22.0,0.47,0.54,0.0,0.0,2.0,2.0,27800.0,G10_57_H13
2024-03-18 00:00:00,11.0,4.0,36.0,137.0,0.0,7.15,3575.0,76.0,56.00000000002183,0.79,0.65,23.5,21.3,0.35,0.55,0.0,0.0,2.0,2.0,27800.0,G10_57_H13
2024-02-11 00:00:00,15.0,1.0,0.0,,,,0.0,,,,,,,,,,,,,28200.0,G10_57_H14
2024-02-12 00:00:00,18.0,4.0,1.0,10.0,2.0,0.734,367.0,383.0,40.0,0.6,0.51,34.8,31.3,0.6,0.6,0.0,0.0,1.0,1.0,28200.0,G10_57_H14
2024-02-13 00:00:00,20.0,6.0,2.0,19.0,5.0,0.93,465.0,194.0,44.00000000001455,0.56,0.47,34.4,31.3,0.6,0.65,0.0,0.0,1.0,1.0,28200.0,G10_57_H14
2024-02-14 00:00:00,22.0,4.0,3.0,21.0,23.0,1.149,575.0,186.0,47.999999999992724,0.64,0.51,34.2,31.0,0.6,0.65,0.0,0.0,1.0,1.0,28200.0,G10_57_H14
2024-02-15 00:00:00,7.0,-2.0,4.0,11.0,18.0,1.288,644.0,146.0,47.999999999992724,0.67,0.57,33.3,31.4,0.6,0.65,0.0,0.0,1.0,1.0,28200.0,G10_57_H14
2024-02-16 00:00:00,10.0,1.0,5.0,5.0,23.0,1.483,742.0,212.0,44.00000000001455,0.74,0.59,32.5,30.7,0.6,0.65,0.0,0.0,1.0,1.0,28200.0,G10_57_H14
2024-02-17 00:00:00,17.0,3.0,6.0,10.0,8.0,1.73879,869.0,178.0,51.999999999970896,0.75,0.64,32.0,29.1,0.6,0.6,0.0,0.0,1.0,1.0,28200.0,G10_57_H14
2024-02-18 00:00:00,22.0,12.0,7.0,10.0,12.0,1.96161,981.0,109.0,44.00000000001455,0.79,0.7,31.5,28.9,0.6,0.7,0.0,0.0,1.0,1.0,28200.0,G10_57_H14
2024-02-19 00:00:00,13.0,3.0,8.0,11.0,149.0,2.061862,1031.0,83.0,47.999999999992724,0.83,0.66,31.5,28.3,0.6,0.7,0.0,0.0,1.0,1.0,28200.0,G10_57_H14
2024-02-20 00:00:00,3.0,0.0,9.0,12.0,11.0,2.39424,1197.0,208.0,44.00000000001455,0.76,0.62,30.7,28.1,0.53,0.53,0.0,0.0,1.0,1.0,28200.0,G10_57_H14
2024-02-21 00:00:00,1.0,-1.0,10.0,4.0,7.0,2.5,1250.0,231.0,52.000000000007276,0.81,0.64,30.0,27.7,0.45,0.45,0.0,0.0,1.0,1.0,28200.0,G10_57_H14
2024-02-22 00:00:00,0.0,-3.0,11.0,3.0,14.0,2.93,1465.0,222.0,51.999999999970896,0.84,0.67,29.6,27.3,0.41,0.41,0.0,0.0,1.0,1.0,28200.0,G10_57_H14
2024-02-23 00:00:00,1.0,-3.0,12.0,6.0,19.0,3.32,1660.0,205.0,48.000000000029104,0.84,0.69,29.4,27.1,0.42,0.42,0.0,0.0,1.0,1.0,28200.0,G10_57_H14
2024-02-24 00:00:00,1.0,-3.0,13.0,2.0,15.0,3.3,1650.0,134.0,35.99999999998545,0.92,0.7,29.6,26.8,0.43,0.43,0.0,0.0,1.0,1.5,28200.0,G10_57_H14
2024-02-25 00:00:00,4.0,-1.0,14.0,17.0,17.0,3.84,1920.0,168.0,44.00000000001455,0.86,0.67,29.1,26.3,0.45,0.45,0.0,0.0,1.5,1.5,28200.0,G10_57_H14
2024-02-26 00:00:00,7.0,-1.0,15.0,2.0,26.0,4.15,2075.0,146.0,44.00000000001455,0.86,0.69,28.8,26.0,0.42,0.55,0.0,0.0,1.5,1.5,28200.0,G10_57_H14
2024-02-27 00:00:00,7.0,0.0,16.0,13.0,20.0,4.45,2225.0,132.0,40.0,0.88,0.7,28.7,26.2,0.45,0.55,0.0,0.0,1.5,1.5,28200.0,G10_57_H14
2024-02-28 00:00:00,3.0,0.0,17.0,9.0,31.0,4.73,2365.0,140.0,43.99999999997817,0.87,0.69,28.5,25.8,0.42,0.49,0.0,0.0,1.5,1.5,28200.0,G10_57_H14
2024-02-29 00:00:00,3.0,1.0,18.0,10.0,15.0,5.03,2515.0,140.0,47.999999999992724,0.89,0.72,27.9,25.5,0.4,0.45,0.0,0.0,1.5,1.5,28200.0,G10_57_H14
2024-03-01 00:00:00,5.0,1.0,19.0,7.0,38.0,5.39,2695.0,161.0,56.00000000002183,0.86,0.62,27.6,25.3,0.4,0.45,0.0,0.0,1.5,1.5,28200.0,G10_57_H14
2024-03-02 00:00:00,11.0,-3.0,20.0,13.0,34.0,5.64,2820.0,,44.0,0.9,0.7,27.4,25.4,0.32,0.45,0.0,0.0,1.5,1.5,28200.0,G10_57_H14
2024-03-03 00:00:00,14.0,0.0,21.0,5.0,26.0,5.83,2915.0,96.0,55.99999999998545,0.88,0.66,27.4,25.0,0.37,0.5,0.0,0.0,1.5,1.5,28200.0,G10_57_H14
2024-03-04 00:00:00,8.0,6.0,22.0,5.0,21.0,6.23,3115.0,48.0,56.00000000002183,0.91,0.74,26.8,25.3,0.42,0.47,0.0,0.0,1.5,1.5,28200.0,G10_57_H14
2024-03-05 00:00:00,8.0,7.0,23.0,7.0,22.0,5.99,2995.0,46.0,51.999999999970896,0.9,0.78,27.1,24.9,0.43,0.48,0.0,0.0,1.5,1.5,28200.0,G10_57_H14
2024-03-06 00:00:00,10.0,5.0,24.0,11.0,28.0,6.43,3215.0,72.0,60.0,0.89,0.72,26.4,24.6,0.4,0.5,0.0,0.0,1.5,1.5,28200.0,G10_57_H14
2024-03-07 00:00:00,15.0,2.0,25.0,12.0,31.0,6.64,3320.0,65.0,56.00000000002183,0.9,0.69,26.8,26.4,0.35,0.5,0.0,0.0,1.5,1.5,28200.0,G10_57_H14
2024-03-08 00:00:00,15.0,1.0,26.0,12.0,18.0,7.01,3505.0,37.0,60.0,0.92,0.66,26.6,24.2,0.35,0.57,0.0,0.0,1.5,1.5,28200.0,G10_57_H14
2024-03-09 00:00:00,13.0,1.0,27.0,9.0,18.0,7.28,3640.0,77.0,67.99999999999272,0.9,0.69,26.4,23.6,0.35,0.51,0.0,0.0,1.5,1.5,28200.0,G10_57_H14
2024-03-10 00:00:00,16.0,4.0,28.0,9.0,30.0,7.57,3785.0,57.0,60.0,0.9,0.66,26.5,23.7,0.33,0.55,0.0,0.0,1.5,1.5,28200.0,G10_57_H14
2024-03-11 00:00:00,22.0,7.0,29.0,12.0,28.0,7.33,3665.0,26.0,60.0,0.88,0.64,29.0,23.7,0.37,0.75,0.0,0.0,1.5,1.5,28200.0,G10_57_H14
2024-03-12 00:00:00,15.0,4.0,30.0,24.0,40.0,7.8,3900.0,20.0,72.00000000000728,0.9,0.66,26.3,23.5,0.37,0.61,0.0,0.0,1.5,1.5,28200.0,G10_57_H14
2024-03-13 00:00:00,15.0,3.0,31.0,35.0,36.0,7.88,3940.0,77.0,67.99999999999272,0.9,0.61,26.8,22.6,0.35,0.5,0.0,0.0,1.5,1.5,28200.0,G10_57_H14
2024-03-14 00:00:00,13.0,9.0,32.0,38.0,12.0,8.09,4045.0,77.0,64.00000000001455,0.94,0.78,25.8,23.0,0.37,0.5,0.0,0.0,1.5,1.5,28200.0,G10_57_H14
2024-03-15 00:00:00,18.0,4.0,33.0,50.0,34.0,8.18,4090.0,77.0,67.99999999999272,0.9,0.75,26.1,21.9,0.36,0.63,0.0,0.0,1.5,1.5,28200.0,G10_57_H14
2024-03-16 00:00:00,22.0,9.0,34.0,82.0,9.0,8.8,4400.0,12.0,75.99999999998545,0.91,0.7,27.3,22.8,0.37,0.95,0.0,0.0,1.5,3.0,28200.0,G10_57_H14
2024-03-17 00:00:00,12.0,10.0,35.0,121.0,0.0,8.9,4450.0,12.0,75.99999999998545,0.9,0.68,24.6,21.5,0.47,0.54,0.0,0.0,2.0,2.0,28200.0,G10_57_H14
2024-03-18 00:00:00,11.0,4.0,36.0,72.0,0.0,8.4,4200.0,76.0,67.99999999999272,0.82,0.63,23.3,20.7,0.35,0.55,0.0,0.0,2.0,2.0,28200.0,G10_57_H14
2024-02-11 00:00:00,15.0,1.0,0.0,,,,0.0,,,,,,,,,,,,,28200.0,G10_57_H15
2024-02-12 00:00:00,18.0,4.0,1.0,30.0,5.0,0.725,363.0,383.0,40.0,0.52,0.43,35.0,32.1,0.6,0.6,0.0,0.0,1.0,1.0,28200.0,G10_57_H15
2024-02-13 00:00:00,20.0,6.0,2.0,11.0,15.0,0.944,472.0,194.0,40.0,0.58,0.49,34.5,31.7,0.6,0.65,0.0,0.0,1.0,1.0,28200.0,G10_57_H15
2024-02-14 00:00:00,22.0,4.0,3.0,4.0,6.0,1.186,593.0,186.0,47.999999999992724,0.57,0.47,34.0,31.2,0.6,0.65,0.0,0.0,1.0,1.0,28200.0,G10_57_H15
2024-02-15 00:00:00,7.0,-2.0,4.0,6.0,35.0,1.273,637.0,146.0,44.00000000001455,0.58,0.48,33.2,31.2,0.6,0.65,0.0,0.0,1.0,1.0,28200.0,G10_57_H15
2024-02-16 00:00:00,10.0,1.0,5.0,5.0,26.0,1.488,744.0,212.0,43.99999999997817,0.68,0.5,32.3,30.6,0.6,0.65,0.0,0.0,1.0,1.0,28200.0,G10_57_H15
2024-02-17 00:00:00,17.0,3.0,6.0,4.0,12.0,1.738542,869.0,178.0,44.00000000001455,0.58,0.55,31.9,29.3,0.6,0.6,0.0,0.0,1.0,1.0,28200.0,G10_57_H15
2024-02-18 00:00:00,22.0,12.0,7.0,4.0,13.0,1.96168,981.0,109.0,35.99999999998545,0.65,0.54,31.0,29.1,0.6,0.7,0.0,0.0,1.0,1.0,28200.0,G10_57_H15
2024-02-19 00:00:00,13.0,3.0,8.0,16.0,247.0,2.054314,1027.0,83.0,44.00000000001455,0.78,0.65,31.1,28.0,0.6,0.7,0.0,0.0,1.0,1.0,28200.0,G10_57_H15
2024-02-20 00:00:00,3.0,0.0,9.0,12.0,9.0,2.38564,1193.0,208.0,52.000000000007276,0.74,0.61,30.9,28.2,0.53,0.53,0.0,0.0,1.0,1.0,28200.0,G10_57_H15
2024-02-21 00:00:00,1.0,-1.0,10.0,10.0,13.0,2.46,1230.0,231.0,43.99999999997817,0.79,0.6,29.8,27.7,0.45,0.45,0.0,0.0,1.0,1.0,28200.0,G10_57_H15
2024-02-22 00:00:00,0.0,-3.0,11.0,6.0,14.0,2.82,1410.0,222.0,48.000000000029104,0.79,0.59,29.3,27.6,0.41,0.41,0.0,0.0,1.0,1.0,28200.0,G10_57_H15
2024-02-23 00:00:00,1.0,-3.0,12.0,4.0,9.0,3.18,1590.0,205.0,43.99999999997817,0.78,0.63,29.4,27.0,0.42,0.42,0.0,0.0,1.0,1.0,28200.0,G10_57_H15
2024-02-24 00:00:00,1.0,-3.0,13.0,4.0,10.0,3.39,1695.0,134.0,44.00000000001455,0.87,0.72,29.5,26.8,0.43,0.43,0.0,0.0,1.0,1.5,28200.0,G10_57_H15
2024-02-25 00:00:00,4.0,-1.0,14.0,3.0,12.0,3.42,1710.0,168.0,32.000000000007276,0.83,0.65,29.1,26.5,0.45,0.45,0.0,0.0,1.5,1.5,28200.0,G10_57_H15
2024-02-26 00:00:00,7.0,-1.0,15.0,6.0,39.0,3.98,1990.0,146.0,32.000000000007276,0.78,0.62,28.9,26.2,0.42,0.55,0.0,0.0,1.5,1.5,28200.0,G10_57_H15
2024-02-27 00:00:00,7.0,0.0,16.0,6.0,23.0,4.35,2175.0,132.0,32.000000000007276,0.87,0.66,29.1,25.8,0.45,0.55,0.0,0.0,1.5,1.5,28200.0,G10_57_H15
2024-02-28 00:00:00,3.0,0.0,17.0,5.0,35.0,4.67,2335.0,140.0,36.00000000002183,0.88,0.65,28.4,25.8,0.42,0.49,0.0,0.0,1.5,1.5,28200.0,G10_57_H15
2024-02-29 00:00:00,3.0,1.0,18.0,4.0,49.0,5.0,2500.0,140.0,47.999999999992724,0.86,0.67,27.9,25.3,0.4,0.45,0.0,0.0,1.5,1.5,28200.0,G10_57_H15
2024-03-01 00:00:00,5.0,1.0,19.0,5.0,18.0,5.21,2605.0,161.0,32.000000000007276,0.82,0.68,27.8,25.3,0.4,0.45,0.0,0.0,1.5,1.5,28200.0,G10_57_H15
2024-03-02 00:00:00,11.0,-3.0,20.0,6.0,30.0,5.52,2760.0,,40.0,0.82,0.67,27.3,25.4,0.32,0.45,0.0,0.0,1.5,1.5,28200.0,G10_57_H15
2024-03-03 00:00:00,14.0,0.0,21.0,8.0,36.0,5.77,2885.0,96.0,47.999999999992724,0.73,0.56,27.2,25.1,0.37,0.5,0.0,0.0,1.5,1.5,28200.0,G10_57_H15
2024-03-04 00:00:00,8.0,6.0,22.0,7.0,26.0,6.08,3040.0,48.0,40.0,0.83,0.65,27.2,25.2,0.42,0.47,0.0,0.0,1.5,1.5,28200.0,G10_57_H15
2024-03-05 00:00:00,8.0,7.0,23.0,6.0,24.0,5.94,2970.0,46.0,44.00000000001455,0.82,0.7,26.9,25.0,0.43,0.48,0.0,0.0,1.5,1.5,28200.0,G10_57_H15
2024-03-06 00:00:00,10.0,5.0,24.0,5.0,15.0,6.3,3150.0,72.0,40.0,0.83,0.65,26.8,24.9,0.4,0.5,0.0,0.0,1.5,1.5,28200.0,G10_57_H15
2024-03-07 00:00:00,15.0,2.0,25.0,4.0,10.0,6.73,3365.0,65.0,40.0,0.84,0.67,26.8,24.5,0.35,0.5,0.0,0.0,1.5,1.5,28200.0,G10_57_H15
2024-03-08 00:00:00,15.0,1.0,26.0,7.0,14.0,6.92,3460.0,37.0,55.99999999998545,0.83,0.61,26.6,24.2,0.35,0.57,0.0,0.0,1.5,1.5,28200.0,G10_57_H15
2024-03-09 00:00:00,13.0,1.0,27.0,8.0,24.0,7.35,3675.0,77.0,52.000000000007276,0.83,0.68,26.4,23.8,0.35,0.51,0.0,0.0,1.5,1.5,28200.0,G10_57_H15
2024-03-10 00:00:00,16.0,4.0,28.0,9.0,54.0,7.26,3630.0,57.0,47.999999999992724,0.83,0.63,26.2,23.7,0.33,0.55,0.0,0.0,1.5,1.5,28200.0,G10_57_H15
2024-03-11 00:00:00,22.0,7.0,29.0,30.0,36.0,7.21,3605.0,26.0,52.000000000007276,0.83,0.57,28.8,23.9,0.37,0.75,0.0,0.0,1.5,1.5,28200.0,G10_57_H15
2024-03-12 00:00:00,15.0,4.0,30.0,50.0,54.0,7.46,3730.0,20.0,55.99999999998545,0.83,0.65,26.1,23.5,0.37,0.61,0.0,0.0,1.5,1.5,28200.0,G10_57_H15
2024-03-13 00:00:00,15.0,3.0,31.0,48.0,36.0,7.1,3550.0,77.0,56.00000000002183,0.84,0.52,26.8,23.0,0.35,0.5,0.0,0.0,1.5,1.5,28200.0,G10_57_H15
2024-03-14 00:00:00,13.0,9.0,32.0,55.0,30.0,6.92,3460.0,77.0,52.000000000007276,0.83,0.65,25.6,23.0,0.37,0.5,0.0,0.0,1.5,1.5,28200.0,G10_57_H15
2024-03-15 00:00:00,18.0,4.0,33.0,105.0,25.0,6.81,3405.0,77.0,40.0,0.83,0.66,25.9,22.5,0.36,0.63,0.0,0.0,1.5,1.5,28200.0,G10_57_H15
2024-03-16 00:00:00,22.0,9.0,34.0,200.0,40.0,7.01,3505.0,12.0,67.99999999999272,0.84,0.69,27.4,23.4,0.37,0.95,0.0,0.0,1.5,3.0,28200.0,G10_57_H15
2024-03-17 00:00:00,12.0,10.0,35.0,215.0,35.0,7.05,3525.0,12.0,67.99999999999272,0.84,0.62,25.5,22.0,0.47,0.54,0.0,0.0,2.0,2.0,28200.0,G10_57_H15
2024-03-18 00:00:00,11.0,4.0,36.0,200.0,30.0,6.44,3220.0,76.0,64.00000000001455,0.84,0.64,23.0,20.9,0.35,0.55,0.0,0.0,2.0,2.0,28200.0,G10_57_H15
2024-02-11 00:00:00,15.0,1.0,,,,,0.0,,,,,,,,,,,,,27800.0,G10_57_H16
2024-02-12 00:00:00,18.0,4.0,0.0,,,,0.0,,,,,,,,,,,,,27800.0,G10_57_H16
2024-02-13 00:00:00,20.0,6.0,1.0,14.0,6.0,0.756,378.0,194.0,40.0,0.64,0.52,35.0,32.3,0.6,0.6,0.0,0.0,1.0,1.0,27800.0,G10_57_H16
2024-02-14 00:00:00,22.0,4.0,2.0,10.0,270.0,0.962,481.0,186.0,44.00000000001455,0.63,0.52,34.4,32.0,0.6,0.6,0.0,0.0,1.0,1.0,27800.0,G10_57_H16
2024-02-15 00:00:00,7.0,-2.0,3.0,12.0,248.0,1.168,584.0,146.0,35.99999999998545,0.62,0.45,34.2,32.1,0.6,0.6,0.0,0.0,1.0,1.0,27800.0,G10_57_H16
2024-02-16 00:00:00,10.0,1.0,4.0,7.0,233.0,1.29,645.0,212.0,47.999999999992724,0.65,0.51,33.2,30.9,0.6,0.65,0.0,0.0,1.0,1.0,27800.0,G10_57_H16
2024-02-17 00:00:00,17.0,3.0,5.0,6.0,28.0,1.456164,728.0,178.0,20.0,0.71,0.58,32.6,30.1,0.6,0.6,0.0,0.0,1.0,1.0,27800.0,G10_57_H16
2024-02-18 00:00:00,22.0,12.0,6.0,5.0,18.0,1.670466,835.0,109.0,60.0,0.75,0.64,32.3,29.8,0.6,0.7,0.0,0.0,1.0,1.0,27800.0,G10_57_H16
2024-02-19 00:00:00,13.0,3.0,7.0,4.0,13.0,1.88482,942.0,83.0,36.00000000002183,0.78,0.6,31.4,28.9,0.6,0.7,0.0,0.0,1.0,1.0,27800.0,G10_57_H16
2024-02-20 00:00:00,3.0,0.0,8.0,16.0,204.0,1.976244,988.0,208.0,51.999999999970896,0.75,0.59,31.2,28.6,0.5,0.5,0.0,0.0,1.0,1.0,27800.0,G10_57_H16
2024-02-21 00:00:00,1.0,-1.0,9.0,21.0,9.0,2.2,1100.0,231.0,40.0,0.79,0.58,30.6,28.5,0.47,0.47,0.0,0.0,1.0,1.0,27800.0,G10_57_H16
2024-02-22 00:00:00,0.0,-3.0,10.0,5.0,8.0,2.43,1215.0,222.0,40.0,0.82,0.63,30.3,28.1,0.42,0.42,0.0,0.0,1.0,1.0,27800.0,G10_57_H16
2024-02-23 00:00:00,1.0,-3.0,11.0,3.0,9.0,2.82,1410.0,205.0,40.0,0.86,0.69,29.4,27.8,0.41,0.41,0.0,0.0,1.0,1.0,27800.0,G10_57_H16
2024-02-24 00:00:00,1.0,-3.0,12.0,2.0,11.0,3.17,1585.0,134.0,36.00000000002183,0.86,0.72,29.4,27.5,0.42,0.42,0.0,0.0,1.0,1.0,27800.0,G10_57_H16
2024-02-25 00:00:00,4.0,-1.0,13.0,2.0,10.0,3.14,1570.0,168.0,32.000000000007276,0.85,0.71,29.1,27.4,0.43,0.43,0.0,0.0,1.0,1.5,27800.0,G10_57_H16
2024-02-26 00:00:00,7.0,-1.0,14.0,4.0,24.0,3.64,1820.0,146.0,32.000000000007276,0.85,0.67,29.3,27.0,0.42,0.53,0.0,0.0,1.5,1.5,27800.0,G10_57_H16
2024-02-27 00:00:00,7.0,0.0,15.0,6.0,23.0,4.03,2015.0,132.0,32.000000000007276,0.72,0.66,28.9,26.8,0.42,0.54,0.0,0.0,1.5,1.5,27800.0,G10_57_H16
2024-02-28 00:00:00,3.0,0.0,16.0,4.0,28.0,4.33,2165.0,140.0,35.99999999998545,0.84,0.67,28.7,26.0,0.42,0.48,0.0,0.0,1.5,1.5,27800.0,G10_57_H16
2024-02-29 00:00:00,3.0,1.0,17.0,6.0,57.0,4.56,2280.0,140.0,36.00000000002183,0.83,0.67,28.3,25.8,0.42,0.48,0.0,0.0,1.5,1.5,27800.0,G10_57_H16
2024-03-01 00:00:00,5.0,1.0,18.0,4.0,22.0,4.78,2390.0,161.0,43.99999999997817,0.72,0.66,28.3,25.6,0.4,0.45,0.0,0.0,1.5,1.5,27800.0,G10_57_H16
2024-03-02 00:00:00,11.0,-3.0,19.0,3.0,8.0,5.17,2585.0,,36.0,0.85,0.67,27.8,25.9,0.33,0.45,0.0,0.0,1.5,1.5,27800.0,G10_57_H16
2024-03-03 00:00:00,14.0,0.0,20.0,5.0,24.0,5.37,2685.0,96.0,40.0,0.83,0.62,27.7,25.6,0.37,0.5,0.0,0.0,1.5,1.5,27800.0,G10_57_H16
2024-03-04 00:00:00,8.0,6.0,21.0,4.0,10.0,5.44,2720.0,48.0,20.0,0.83,0.72,27.2,25.4,0.42,0.46,0.0,0.0,1.5,1.5,27800.0,G10_57_H16
2024-03-05 00:00:00,8.0,7.0,22.0,3.0,14.0,5.85,2925.0,46.0,67.99999999999272,0.85,0.76,26.8,25.3,0.42,0.47,0.0,0.0,1.5,1.5,27800.0,G10_57_H16
2024-03-06 00:00:00,10.0,5.0,23.0,3.0,7.0,6.36,3180.0,73.0,44.00000000001455,0.84,0.72,26.9,25.0,0.4,0.48,0.0,0.0,1.5,1.5,27800.0,G10_57_H16
2024-03-07 00:00:00,15.0,2.0,24.0,8.0,20.0,6.47,3235.0,65.0,47.999999999992724,0.86,0.65,26.7,24.8,0.35,0.46,0.0,0.0,1.5,1.5,27800.0,G10_57_H16
2024-03-08 00:00:00,15.0,1.0,25.0,5.0,8.0,6.87,3435.0,37.0,47.999999999992724,0.86,0.59,26.7,24.6,0.34,0.55,0.0,0.0,1.5,1.5,27800.0,G10_57_H16
2024-03-09 00:00:00,13.0,1.0,26.0,6.0,12.0,6.95,3475.0,77.0,55.99999999998545,0.88,0.69,26.5,24.2,0.35,0.51,0.0,0.0,1.5,1.5,27800.0,G10_57_H16
2024-03-10 00:00:00,16.0,4.0,27.0,10.0,60.0,7.57,3785.0,57.0,48.000000000029104,0.9,0.65,26.4,24.1,0.33,0.55,0.0,0.0,1.5,1.5,27800.0,G10_57_H16
2024-03-11 00:00:00,22.0,7.0,28.0,12.0,38.0,7.99,3995.0,26.0,51.999999999970896,0.85,0.6,28.5,24.2,0.35,0.75,0.0,0.0,1.5,1.5,27800.0,G10_57_H16
2024-03-12 00:00:00,15.0,4.0,29.0,25.0,51.0,8.32,4160.0,20.0,60.0,0.86,0.68,26.1,24.0,0.36,0.61,0.0,0.0,1.5,1.5,27800.0,G10_57_H16
2024-03-13 00:00:00,15.0,3.0,30.0,30.0,20.0,8.8,4400.0,77.0,56.00000000002183,0.88,0.58,26.3,23.0,0.37,0.55,0.0,0.0,1.5,1.5,27800.0,G10_57_H16
2024-03-14 00:00:00,13.0,9.0,31.0,33.0,23.0,9.02,4510.0,77.0,47.999999999992724,0.89,0.78,25.7,23.2,0.37,0.53,0.0,0.0,1.5,1.5,27800.0,G10_57_H16
2024-03-15 00:00:00,18.0,4.0,32.0,35.0,15.0,9.26,4630.0,77.0,64.00000000001455,0.91,0.75,26.0,22.2,0.36,0.64,0.0,0.0,1.5,1.5,27800.0,G10_57_H16
2024-03-16 00:00:00,22.0,9.0,33.0,30.0,10.0,9.24,4620.0,12.0,60.0,0.9,0.69,27.0,22.8,0.37,1.0,0.0,0.0,1.5,3.0,27800.0,G10_57_H16
2024-03-17 00:00:00,12.0,10.0,34.0,50.0,15.0,9.36,4680.0,12.0,60.0,0.88,0.67,25.2,22.2,0.48,0.54,0.0,0.0,2.0,2.0,27800.0,G10_57_H16
2024-03-18 00:00:00,11.0,4.0,35.0,40.0,13.0,9.05,4525.0,76.0,68.0000000000291,0.87,0.74,23.1,20.8,0.37,0.58,0.0,0.0,2.0,2.0,27800.0,G10_57_H16
2024-02-11 00:00:00,15.0,1.0,,,,,0.0,,,,,,,,,,,,,27700.0,G10_57_H17
2024-02-12 00:00:00,18.0,4.0,0.0,,,,0.0,,,,,,,,,,,,,27700.0,G10_57_H17
2024-02-13 00:00:00,20.0,6.0,1.0,20.0,15.0,0.743,372.0,194.0,40.0,0.49,0.41,34.8,32.3,0.6,0.6,0.0,0.0,1.0,1.0,27700.0,G10_57_H17
2024-02-14 00:00:00,22.0,4.0,2.0,23.0,37.0,0.947,474.0,186.0,32.000000000007276,0.49,0.42,34.3,32.1,0.6,0.6,0.0,0.0,1.0,1.0,27700.0,G10_57_H17
2024-02-15 00:00:00,7.0,-2.0,3.0,25.0,43.0,1.205,603.0,146.0,27.999999999992724,0.58,0.44,33.9,31.2,0.6,0.6,0.0,0.0,1.0,1.0,27700.0,G10_57_H17
2024-02-16 00:00:00,10.0,1.0,4.0,28.0,60.0,1.278,639.0,212.0,32.000000000007276,0.61,0.48,33.2,30.9,0.6,0.65,0.0,0.0,1.0,1.0,27700.0,G10_57_H17
2024-02-17 00:00:00,17.0,3.0,5.0,20.0,42.0,1.478898,739.0,178.0,20.0,0.67,0.54,32.5,30.1,0.6,0.6,0.0,0.0,1.0,1.0,27700.0,G10_57_H17
2024-02-18 00:00:00,22.0,12.0,6.0,13.0,20.0,1.695948,848.0,109.0,44.00000000001455,0.72,0.62,32.0,29.5,0.6,0.7,0.0,0.0,1.0,1.0,27700.0,G10_57_H17
2024-02-19 00:00:00,13.0,3.0,7.0,15.0,25.0,1.91198,956.0,83.0,32.000000000007276,0.73,0.58,31.9,28.8,0.6,0.7,0.0,0.0,1.0,1.0,27700.0,G10_57_H17
2024-02-20 00:00:00,3.0,0.0,8.0,13.0,270.0,2.000294,1000.0,208.0,40.0,0.7,0.56,31.4,28.8,0.5,0.5,0.0,0.0,1.0,1.0,27700.0,G10_57_H17
2024-02-21 00:00:00,1.0,-1.0,9.0,29.0,10.0,2.34,1170.0,231.0,43.99999999997817,0.72,0.54,31.1,28.0,0.47,0.47,0.0,0.0,1.0,1.0,27700.0,G10_57_H17
2024-02-22 00:00:00,0.0,-3.0,10.0,11.0,10.0,2.42,1210.0,222.0,16.000000000021828,0.72,0.61,20.7,28.1,0.42,0.42,0.0,0.0,1.0,1.0,27700.0,G10_57_H17
2024-02-23 00:00:00,1.0,-3.0,11.0,6.0,17.0,2.91,1455.0,205.0,35.99999999998545,0.72,0.64,30.4,27.4,0.41,0.41,0.0,0.0,1.0,1.0,27700.0,G10_57_H17
2024-02-24 00:00:00,1.0,-3.0,12.0,5.0,20.0,3.25,1625.0,134.0,47.999999999992724,0.83,0.63,29.1,27.7,0.42,0.42,0.0,0.0,1.0,1.0,27700.0,G10_57_H17
2024-02-25 00:00:00,4.0,-1.0,13.0,5.0,13.0,3.53,1765.0,168.0,16.000000000021828,0.82,0.66,29.4,27.4,0.43,0.43,0.0,0.0,1.0,1.5,27700.0,G10_57_H17
2024-02-26 00:00:00,7.0,-1.0,14.0,5.0,10.0,3.54,1770.0,146.0,16.000000000021828,0.72,0.67,29.3,27.1,0.42,0.53,0.0,0.0,1.5,1.5,27700.0,G10_57_H17
2024-02-27 00:00:00,7.0,0.0,15.0,10.0,53.0,3.98,1990.0,132.0,27.999999999992724,0.9,0.7,29.3,26.8,0.42,0.54,0.0,0.0,1.5,1.5,27700.0,G10_57_H17
2024-02-28 00:00:00,3.0,0.0,16.0,7.0,50.0,4.23,2115.0,140.0,55.99999999998545,0.72,0.65,28.7,26.2,0.42,0.48,0.0,0.0,1.5,1.5,27700.0,G10_57_H17
2024-02-29 00:00:00,3.0,1.0,17.0,10.0,54.0,4.52,2260.0,140.0,7.999999999992724,0.72,0.67,28.7,25.9,0.42,0.48,0.0,0.0,1.5,1.5,27700.0,G10_57_H17
2024-03-01 00:00:00,5.0,1.0,18.0,8.0,72.0,4.72,2360.0,161.0,36.00000000002183,0.85,0.7,28.2,25.7,0.4,0.45,0.0,0.0,1.5,1.5,27700.0,G10_57_H17
2024-03-02 00:00:00,11.0,-3.0,19.0,6.0,24.0,5.04,2570.0,,36.0,0.76,0.63,27.9,25.7,0.33,0.45,0.0,0.0,1.5,1.5,27700.0,G10_57_H17
2024-03-03 00:00:00,14.0,0.0,20.0,8.0,16.0,5.27,2635.0,96.0,20.0,0.72,0.58,27.7,25.5,0.37,0.5,0.0,0.0,1.5,1.5,27700.0,G10_57_H17
2024-03-04 00:00:00,8.0,6.0,21.0,3.0,7.0,5.74,2870.0,48.0,52.000000000007276,0.72,0.67,27.5,25.4,0.42,0.46,0.0,0.0,1.5,1.5,27700.0,G10_57_H17
2024-03-05 00:00:00,8.0,7.0,22.0,7.0,20.0,5.73,2865.0,46.0,47.999999999992724,0.73,0.68,27.1,25.3,0.42,0.47,0.0,0.0,1.5,1.5,27700.0,G10_57_H17
2024-03-06 00:00:00,10.0,5.0,23.0,5.0,13.0,6.3,3150.0,73.0,40.0,0.72,0.69,27.1,25.3,0.4,0.48,0.0,0.0,1.5,1.5,27700.0,G10_57_H17
2024-03-07 00:00:00,15.0,2.0,24.0,6.0,13.0,6.55,3275.0,65.0,20.0,0.78,0.63,27.3,25.3,0.35,0.46,0.0,0.0,1.5,1.5,27700.0,G10_57_H17
2024-03-08 00:00:00,15.0,1.0,25.0,10.0,25.0,6.83,3415.0,37.0,72.00000000000728,0.78,0.6,26.6,24.5,0.34,0.55,0.0,0.0,1.5,1.5,27700.0,G10_57_H17
2024-03-09 00:00:00,13.0,1.0,26.0,16.0,60.0,6.84,3420.0,77.0,47.999999999992724,0.8,0.64,26.5,24.3,0.35,0.51,0.0,0.0,1.5,1.5,27700.0,G10_57_H17
2024-03-10 00:00:00,16.0,4.0,27.0,20.0,49.0,7.47,3735.0,57.0,40.0,0.82,0.61,26.2,24.1,0.33,0.55,0.0,0.0,1.5,1.5,27700.0,G10_57_H17
2024-03-11 00:00:00,22.0,7.0,28.0,30.0,70.0,7.51,3755.0,26.0,40.0,0.78,0.56,28.5,23.9,0.35,0.75,0.0,0.0,1.5,1.5,27700.0,G10_57_H17
2024-03-12 00:00:00,15.0,4.0,29.0,43.0,50.0,7.95,3975.0,20.0,52.000000000007276,0.82,0.64,26.1,23.5,0.36,0.61,0.0,0.0,1.5,1.5,27700.0,G10_57_H17
2024-03-13 00:00:00,15.0,3.0,30.0,50.0,40.0,8.41,4205.0,77.0,47.999999999992724,0.82,0.55,26.1,23.0,0.37,0.55,0.0,0.0,1.5,1.5,27700.0,G10_57_H17
2024-03-14 00:00:00,13.0,9.0,31.0,80.0,64.0,8.23,4115.0,77.0,24.000000000014552,0.82,0.66,25.7,23.0,0.37,0.53,0.0,0.0,1.5,1.5,27700.0,G10_57_H17
2024-03-15 00:00:00,18.0,4.0,32.0,100.0,75.0,8.59,4295.0,77.0,72.00000000000728,0.78,0.66,25.9,22.1,0.37,0.64,0.0,0.0,1.5,1.5,27700.0,G10_57_H17
2024-03-16 00:00:00,22.0,9.0,33.0,142.0,80.0,8.47,4235.0,12.0,51.999999999970896,0.82,0.71,27.1,23.0,0.37,1.0,0.0,0.0,1.5,3.0,27700.0,G10_57_H17
2024-03-17 00:00:00,12.0,10.0,34.0,167.0,100.0,8.6,4300.0,12.0,51.999999999970896,0.83,0.63,24.9,22.0,0.48,0.54,0.0,0.0,2.0,2.0,27700.0,G10_57_H17
2024-03-18 00:00:00,11.0,4.0,35.0,200.0,70.0,8.24,4120.0,76.0,75.99999999998545,0.83,0.69,23.0,20.6,0.37,0.58,0.0,0.0,2.0,2.0,27700.0,G10_57_H17
2024-02-11 00:00:00,15.0,1.0,,,,,0.0,,,,,,,,,,,,,27700.0,G10_57_H18
2024-02-12 00:00:00,18.0,4.0,0.0,,,,0.0,,,,,,,,,,,,,27700.0,G10_57_H18
2024-02-13 00:00:00,20.0,6.0,1.0,18.0,5.0,0.752,376.0,194.0,40.0,0.51,0.41,34.8,32.2,0.6,0.6,0.0,0.0,1.0,1.0,27700.0,G10_57_H18
2024-02-14 00:00:00,22.0,4.0,2.0,5.0,25.0,0.97,485.0,186.0,44.00000000001455,0.54,0.47,34.1,32.0,0.6,0.6,0.0,0.0,1.0,1.0,27700.0,G10_57_H18
2024-02-15 00:00:00,7.0,-2.0,3.0,8.0,40.0,1.175,588.0,146.0,40.0,0.69,0.51,33.7,30.9,0.6,0.6,0.0,0.0,1.0,1.0,27700.0,G10_57_H18
2024-02-16 00:00:00,10.0,1.0,4.0,6.0,44.0,1.297,649.0,212.0,40.0,0.64,0.57,32.9,30.6,0.6,0.65,0.0,0.0,1.0,1.0,27700.0,G10_57_H18
2024-02-17 00:00:00,17.0,3.0,5.0,3.0,17.0,1.486566,743.0,178.0,40.0,0.78,0.62,32.6,30.3,0.6,0.6,0.0,0.0,1.0,1.0,27700.0,G10_57_H18
2024-02-18 00:00:00,22.0,12.0,6.0,4.0,16.0,1.705558,853.0,109.0,40.0,0.8,0.67,32.2,29.9,0.6,0.7,0.0,0.0,1.0,1.0,27700.0,G10_57_H18
2024-02-19 00:00:00,13.0,3.0,7.0,4.0,13.0,1.92444,962.0,83.0,40.0,0.81,0.64,31.7,28.9,0.6,0.7,0.0,0.0,1.0,1.0,27700.0,G10_57_H18
2024-02-20 00:00:00,3.0,0.0,8.0,18.0,207.0,2.017758,1009.0,208.0,40.0,0.83,0.65,31.6,28.6,0.5,0.5,0.0,0.0,1.0,1.0,27700.0,G10_57_H18
2024-02-21 00:00:00,1.0,-1.0,9.0,17.0,11.0,2.17,1085.0,231.0,40.0,0.84,0.63,31.2,28.1,0.47,0.47,0.0,0.0,1.0,1.0,27700.0,G10_57_H18
2024-02-22 00:00:00,0.0,-3.0,10.0,4.0,8.0,2.39,1195.0,222.0,40.0,0.87,0.69,30.5,28.0,0.42,0.42,0.0,0.0,1.0,1.0,27700.0,G10_57_H18
2024-02-23 00:00:00,1.0,-3.0,11.0,2.0,8.0,2.75,1375.0,205.0,40.0,0.9,0.7,29.8,27.6,0.41,0.41,0.0,0.0,1.0,1.0,27700.0,G10_57_H18
2024-02-24 00:00:00,1.0,-3.0,12.0,3.0,10.0,3.2,1600.0,134.0,35.99999999998545,0.9,0.76,29.8,27.4,0.42,0.42,0.0,0.0,1.0,1.0,27700.0,G10_57_H18
2024-02-25 00:00:00,4.0,-1.0,13.0,2.0,11.0,3.23,1615.0,168.0,24.000000000014552,0.9,0.73,29.7,26.8,0.43,0.43,0.0,0.0,1.0,1.5,27700.0,G10_57_H18
2024-02-26 00:00:00,7.0,-1.0,14.0,5.0,44.0,3.64,1820.0,146.0,24.000000000014552,0.9,0.72,29.6,26.8,0.42,0.53,0.0,0.0,1.5,1.5,27700.0,G10_57_H18
2024-02-27 00:00:00,7.0,0.0,15.0,7.0,25.0,4.0,2000.0,132.0,27.999999999992724,0.89,0.74,29.3,263.3,0.42,0.54,0.0,0.0,1.5,1.5,27700.0,G10_57_H18
2024-02-28 00:00:00,3.0,0.0,16.0,8.0,54.0,4.17,2085.0,140.0,32.000000000007276,0.88,0.69,29.0,25.8,0.42,0.48,0.0,0.0,1.5,1.5,27700.0,G10_57_H18
2024-02-29 00:00:00,3.0,1.0,17.0,7.0,77.0,4.81,2405.0,140.0,32.000000000007276,0.87,0.71,28.7,25.9,0.42,0.48,0.0,0.0,1.5,1.5,27700.0,G10_57_H18
2024-03-01 00:00:00,5.0,1.0,18.0,12.0,78.0,4.5,2250.0,161.0,40.0,0.88,0.72,28.5,25.5,0.4,0.45,0.0,0.0,1.5,1.5,27700.0,G10_57_H18
2024-03-02 00:00:00,11.0,-3.0,19.0,18.0,138.0,4.72,2630.0,,32.0,0.88,0.69,28.0,25.7,0.33,0.45,0.0,0.0,1.5,1.5,27700.0,G10_57_H18
2024-03-03 00:00:00,14.0,0.0,20.0,25.0,210.0,4.99,2495.0,96.0,23.999999999978172,0.84,0.66,28.3,25.8,0.37,0.5,0.0,0.0,1.5,1.5,27700.0,G10_57_H18
2024-03-04 00:00:00,8.0,6.0,21.0,28.0,262.0,5.15,2575.0,48.0,56.00000000002183,0.88,0.7,27.6,25.6,0.42,0.46,0.0,0.0,1.5,1.5,27700.0,G10_57_H18
2024-03-05 00:00:00,8.0,7.0,22.0,30.0,365.0,5.45,2725.0,46.0,40.0,0.89,0.76,27.5,25.5,0.42,0.47,0.0,0.0,1.5,1.5,27700.0,G10_57_H18
2024-03-06 00:00:00,10.0,5.0,23.0,25.0,255.0,5.8,2900.0,73.0,40.0,0.88,0.7,27.3,25.2,0.4,0.48,0.0,0.0,1.5,1.5,27700.0,G10_57_H18
2024-03-07 00:00:00,15.0,2.0,24.0,20.0,205.0,6.31,3155.0,65.0,7.999999999992724,0.89,0.72,27.1,25.2,0.35,0.46,0.0,0.0,1.5,1.5,27700.0,G10_57_H18
2024-03-08 00:00:00,15.0,1.0,25.0,20.0,180.0,6.39,3195.0,37.0,80.0,0.88,0.65,27.0,24.9,0.34,0.55,0.0,0.0,1.5,1.5,27700.0,G10_57_H18
2024-03-09 00:00:00,13.0,1.0,26.0,15.0,135.0,6.69,3345.0,77.0,52.000000000007276,0.88,0.7,26.8,24.4,0.35,0.51,0.0,0.0,1.5,1.5,27700.0,G10_57_H18
2024-03-10 00:00:00,16.0,4.0,27.0,12.0,113.0,6.63,3315.0,57.0,40.0,0.89,0.65,26.8,24.3,0.33,0.55,0.0,0.0,1.5,1.5,27700.0,G10_57_H18
2024-03-11 00:00:00,22.0,7.0,28.0,10.0,66.0,7.32,3660.0,26.0,43.99999999997817,0.88,0.59,27.8,24.3,0.35,0.75,0.0,0.0,1.5,1.5,27700.0,G10_57_H18
2024-03-12 00:00:00,15.0,4.0,29.0,18.0,37.0,7.5,3750.0,20.0,48.000000000029104,0.87,0.66,26.0,23.6,0.36,0.61,0.0,0.0,1.5,1.5,27700.0,G10_57_H18
2024-03-13 00:00:00,15.0,3.0,30.0,32.0,40.0,8.01,4005.0,77.0,47.999999999992724,0.87,0.58,26.4,23.5,0.37,0.55,0.0,0.0,1.5,1.5,27700.0,G10_57_H18
2024-03-14 00:00:00,13.0,9.0,31.0,35.0,25.0,8.3,4150.0,77.0,52.000000000007276,0.88,0.77,25.5,23.3,0.37,0.53,0.0,0.0,1.5,1.5,27700.0,G10_57_H18
2024-03-15 00:00:00,18.0,4.0,32.0,71.0,30.0,8.21,4105.0,77.0,51.999999999970896,0.88,0.71,26.5,22.7,0.37,0.64,0.0,0.0,1.5,1.5,27700.0,G10_57_H18
2024-03-16 00:00:00,22.0,9.0,33.0,65.0,8.0,8.99,4495.0,12.0,52.000000000007276,0.88,0.69,27.2,22.9,0.37,1.0,0.0,0.0,1.5,3.0,27700.0,G10_57_H18
2024-03-17 00:00:00,12.0,10.0,34.0,55.0,10.0,9.02,4510.0,12.0,52.000000000007276,0.88,0.7,25.2,21.9,0.48,0.54,0.0,0.0,2.0,2.0,27700.0,G10_57_H18
2024-03-18 00:00:00,11.0,4.0,35.0,65.0,15.0,9.09,4545.0,76.0,44.00000000001455,0.86,0.69,22.9,20.9,0.37,0.58,0.0,0.0,2.0,2.0,27700.0,G10_57_H18
2024-02-11 00:00:00,15.0,1.0,,,,,0.0,,,,,,,,,,,,,27700.0,G10_57_H19
2024-02-12 00:00:00,18.0,4.0,0.0,,,,0.0,,,,,,,,,,,,,27700.0,G10_57_H19
2024-02-13 00:00:00,20.0,6.0,1.0,13.0,15.0,0.74,370.0,194.0,40.0,0.48,0.43,34.8,32.2,0.6,0.6,0.0,0.0,1.0,1.0,27700.0,G10_57_H19
2024-02-14 00:00:00,22.0,4.0,2.0,22.0,12.0,0.952,476.0,186.0,32.000000000007276,0.47,0.41,34.5,32.0,0.6,0.6,0.0,0.0,1.0,1.0,27700.0,G10_57_H19
2024-02-15 00:00:00,7.0,-2.0,3.0,15.0,35.0,1.181,591.0,146.0,36.00000000002183,0.59,0.47,33.8,31.1,0.6,0.6,0.0,0.0,1.0,1.0,27700.0,G10_57_H19
2024-02-16 00:00:00,10.0,1.0,4.0,20.0,31.0,1.307,654.0,212.0,40.0,0.64,0.49,33.2,30.7,0.6,0.65,0.0,0.0,1.0,1.0,27700.0,G10_57_H19
2024-02-17 00:00:00,17.0,3.0,5.0,18.0,30.0,1.484406,742.0,178.0,31.999999999970896,0.67,0.55,32.6,30.1,0.6,0.6,0.0,0.0,1.0,1.0,27700.0,G10_57_H19
2024-02-18 00:00:00,22.0,12.0,6.0,4.0,14.0,1.703202,852.0,109.0,40.0,0.72,0.6,32.7,29.7,0.6,0.7,0.0,0.0,1.0,1.0,27700.0,G10_57_H19
2024-02-19 00:00:00,13.0,3.0,7.0,5.0,20.0,1.92122,961.0,83.0,32.000000000007276,0.8,0.6,31.9,29.1,0.6,0.7,0.0,0.0,1.0,1.0,27700.0,G10_57_H19
2024-02-20 00:00:00,3.0,0.0,8.0,10.0,213.0,2.014502,1007.0,208.0,40.0,0.71,0.59,30.9,28.7,0.5,0.5,0.0,0.0,1.0,1.0,27700.0,G10_57_H19
2024-02-21 00:00:00,1.0,-1.0,9.0,24.0,10.0,2.38,1190.0,230.0,36.00000000002183,0.79,0.59,30.9,28.5,0.47,0.47,0.0,0.0,1.0,1.0,27700.0,G10_57_H19
2024-02-22 00:00:00,0.0,-3.0,10.0,10.0,14.0,2.52,1260.0,222.0,35.99999999998545,0.84,0.62,30.6,28.0,0.42,0.42,0.0,0.0,1.0,1.0,27700.0,G10_57_H19
2024-02-23 00:00:00,1.0,-3.0,11.0,8.0,10.0,2.85,1425.0,205.0,35.99999999998545,0.88,0.67,30.4,27.5,0.41,0.41,0.0,0.0,1.0,1.0,27700.0,G10_57_H19
2024-02-24 00:00:00,1.0,-3.0,12.0,6.0,8.0,3.24,1620.0,134.0,32.000000000007276,0.87,0.74,29.5,27.6,0.42,0.42,0.0,0.0,1.0,1.0,27700.0,G10_57_H19
2024-02-25 00:00:00,4.0,-1.0,13.0,3.0,8.0,3.45,1725.0,168.0,40.0,0.89,0.74,29.4,27.6,0.43,0.43,0.0,0.0,1.0,1.5,27700.0,G10_57_H19
2024-02-26 00:00:00,7.0,-1.0,14.0,8.0,20.0,3.53,1765.0,146.0,40.0,0.88,0.81,29.2,27.0,0.42,0.53,0.0,0.0,1.5,1.5,27700.0,G10_57_H19
2024-02-27 00:00:00,7.0,0.0,15.0,10.0,22.0,4.01,2005.0,133.0,32.000000000007276,0.82,0.65,29.3,26.6,0.42,0.54,0.0,0.0,1.5,1.5,27700.0,G10_57_H19
2024-02-28 00:00:00,3.0,0.0,16.0,6.0,13.0,4.22,2110.0,140.0,27.999999999992724,0.85,0.72,29.2,26.0,0.42,0.48,0.0,0.0,1.5,1.5,27700.0,G10_57_H19
2024-02-29 00:00:00,3.0,1.0,17.0,10.0,53.0,4.54,2270.0,140.0,36.00000000002183,0.89,0.74,28.9,25.9,0.42,0.48,0.0,0.0,1.5,1.5,27700.0,G10_57_H19
2024-03-01 00:00:00,5.0,1.0,18.0,7.0,80.0,4.75,2375.0,161.0,35.99999999998545,0.92,0.76,28.7,25.6,0.4,0.45,0.0,0.0,1.5,1.5,27700.0,G10_57_H19
2024-03-02 00:00:00,11.0,-3.0,19.0,9.0,62.0,4.91,2450.0,,32.0,0.89,0.74,28.2,25.4,0.33,0.45,0.0,0.0,1.5,1.5,27700.0,G10_57_H19
2024-03-03 00:00:00,14.0,0.0,20.0,18.0,110.0,4.95,2475.0,96.0,40.0,0.79,0.68,27.6,25.4,0.37,0.5,0.0,0.0,1.5,1.5,27700.0,G10_57_H19
2024-03-04 00:00:00,8.0,6.0,21.0,17.0,110.0,5.51,2755.0,48.0,35.99999999998545,0.9,0.73,27.3,25.5,0.42,0.46,0.0,0.0,1.5,1.5,27700.0,G10_57_H19
2024-03-05 00:00:00,8.0,7.0,22.0,19.0,70.0,5.88,2940.0,46.0,36.00000000002183,0.88,0.75,27.2,25.3,0.42,0.47,0.0,0.0,1.5,1.5,27700.0,G10_57_H19
2024-03-06 00:00:00,10.0,5.0,23.0,20.0,51.0,6.45,3225.0,73.0,40.0,0.89,0.74,27.1,25.0,0.4,0.48,0.0,0.0,1.5,1.5,27700.0,G10_57_H19
2024-03-07 00:00:00,15.0,2.0,24.0,14.0,50.0,6.51,3255.0,65.0,40.0,0.9,0.77,27.0,24.8,0.35,0.46,0.0,0.0,1.5,1.5,27700.0,G10_57_H19
2024-03-08 00:00:00,15.0,1.0,25.0,15.0,54.0,6.82,3410.0,37.0,43.99999999997817,0.9,0.74,26.8,24.3,0.34,0.55,0.0,0.0,1.5,1.5,27700.0,G10_57_H19
2024-03-09 00:00:00,13.0,1.0,26.0,20.0,56.0,6.56,3280.0,77.0,36.00000000002183,0.88,0.71,26.4,24.3,0.35,0.51,0.0,0.0,1.5,1.5,27700.0,G10_57_H19
2024-03-10 00:00:00,16.0,4.0,27.0,17.0,40.0,6.96,3480.0,57.0,51.999999999970896,0.9,0.7,26.4,24.4,0.33,0.55,0.0,0.0,1.5,1.5,27700.0,G10_57_H19
2024-03-11 00:00:00,22.0,7.0,28.0,30.0,39.0,7.16,3580.0,26.0,44.00000000001455,0.9,0.66,28.2,24.2,0.35,0.75,0.0,0.0,1.5,1.5,27700.0,G10_57_H19
2024-03-12 00:00:00,15.0,4.0,29.0,33.0,30.0,6.7,3350.0,20.0,52.000000000007276,0.9,0.69,26.4,24.2,0.36,0.61,0.0,0.0,1.5,1.5,27700.0,G10_57_H19
2024-03-13 00:00:00,15.0,3.0,30.0,50.0,58.0,7.01,3505.0,77.0,52.000000000007276,0.9,0.67,26.0,23.4,0.37,0.55,0.0,0.0,1.5,1.5,27700.0,G10_57_H19
2024-03-14 00:00:00,13.0,9.0,31.0,80.0,76.0,7.11,3555.0,77.0,7.999999999992724,0.9,0.79,25.9,23.6,0.37,0.53,0.0,0.0,1.5,1.5,27700.0,G10_57_H19
2024-03-15 00:00:00,18.0,4.0,32.0,100.0,60.0,6.7,3350.0,77.0,92.00000000000728,0.92,0.73,26.1,22.5,0.37,0.64,0.0,0.0,1.5,1.5,27700.0,G10_57_H19
2024-03-16 00:00:00,22.0,9.0,33.0,140.0,46.0,7.38,3690.0,12.0,51.999999999970896,0.93,0.72,26.9,23.6,0.37,1.0,0.0,0.0,1.5,3.0,27700.0,G10_57_H19
2024-03-17 00:00:00,12.0,10.0,34.0,140.0,50.0,8.14,4070.0,12.0,51.999999999970896,0.92,0.75,25.6,22.1,0.48,0.54,0.0,0.0,2.0,2.0,27700.0,G10_57_H19
2024-03-18 00:00:00,11.0,4.0,35.0,180.0,58.0,8.65,4325.0,76.0,68.0000000000291,0.83,0.63,24.8,21.4,0.37,0.58,0.0,0.0,2.0,2.0,27700.0,G10_57_H19
2024-02-11 00:00:00,15.0,1.0,,,,,0.0,,,,,,,,,,,,,27700.0,G10_57_H20
2024-02-12 00:00:00,18.0,4.0,0.0,,,,0.0,,,,,,,,,,,,,27700.0,G10_57_H20
2024-02-13 00:00:00,20.0,6.0,1.0,38.0,6.0,0.724,362.0,194.0,40.0,0.56,0.5,34.0,31.6,0.6,0.6,0.0,0.0,1.0,1.0,27700.0,G10_57_H20
2024-02-14 00:00:00,22.0,4.0,2.0,34.0,6.0,0.964,482.0,186.0,44.00000000001455,0.52,0.43,33.3,31.3,0.6,0.6,0.0,0.0,1.0,1.0,27700.0,G10_57_H20
2024-02-15 00:00:00,7.0,-2.0,3.0,22.0,70.0,1.169,585.0,146.0,44.00000000001455,0.64,0.53,32.8,30.5,0.6,0.6,0.0,0.0,1.0,1.0,27700.0,G10_57_H20
2024-02-16 00:00:00,10.0,1.0,4.0,22.0,68.0,1.293,647.0,212.0,43.99999999997817,0.74,0.59,32.3,30.3,0.6,0.65,0.0,0.0,1.0,1.0,27700.0,G10_57_H20
2024-02-17 00:00:00,17.0,3.0,5.0,15.0,73.0,1.476684,738.0,178.0,40.0,0.71,0.62,31.6,29.6,0.6,0.6,0.0,0.0,1.0,1.0,27700.0,G10_57_H20
2024-02-18 00:00:00,22.0,12.0,6.0,10.0,29.0,1.693034,847.0,109.0,36.00000000002183,0.8,0.66,31.1,29.0,0.6,0.7,0.0,0.0,1.0,1.0,27700.0,G10_57_H20
2024-02-19 00:00:00,13.0,3.0,7.0,12.0,46.0,1.90743,954.0,83.0,40.0,0.8,0.64,30.6,28.0,0.6,0.7,0.0,0.0,1.0,1.0,27700.0,G10_57_H20
2024-02-20 00:00:00,3.0,0.0,8.0,15.0,233.0,1.998074,999.0,208.0,51.999999999970896,0.79,0.62,30.5,27.9,0.5,0.5,0.0,0.0,1.0,1.0,27700.0,G10_57_H20
2024-02-21 00:00:00,1.0,-1.0,9.0,18.0,5.0,2.35,1175.0,230.0,40.0,0.76,0.6,29.8,28.0,0.47,0.47,0.0,0.0,1.0,1.0,27700.0,G10_57_H20
2024-02-22 00:00:00,0.0,-3.0,10.0,8.0,18.0,2.43,1215.0,222.0,32.000000000007276,0.79,0.66,29.2,27.6,0.42,0.42,0.0,0.0,1.0,1.0,27700.0,G10_57_H20
2024-02-23 00:00:00,1.0,-3.0,11.0,6.0,15.0,3.0,1500.0,205.0,27.999999999992724,0.82,0.66,28.9,27.2,0.41,0.41,0.0,0.0,1.0,1.0,27700.0,G10_57_H20
2024-02-24 00:00:00,1.0,-3.0,12.0,6.0,20.0,3.43,1715.0,134.0,20.0,0.82,0.7,28.6,27.1,0.42,0.42,0.0,0.0,1.0,1.0,27700.0,G10_57_H20
2024-02-25 00:00:00,4.0,-1.0,13.0,4.0,7.0,3.58,1790.0,168.0,32.000000000007276,0.82,0.68,28.9,26.8,0.43,0.43,0.0,0.0,1.0,1.5,27700.0,G10_57_H20
2024-02-26 00:00:00,7.0,-1.0,14.0,6.0,32.0,3.76,1880.0,146.0,32.000000000007276,0.8,0.64,28.7,26.3,0.42,0.53,0.0,0.0,1.5,1.5,27700.0,G10_57_H20
2024-02-27 00:00:00,7.0,0.0,15.0,8.0,23.0,4.03,2015.0,133.0,35.99999999998545,0.78,0.66,28.4,26.0,0.42,0.54,0.0,0.0,1.5,1.5,27700.0,G10_57_H20
2024-02-28 00:00:00,3.0,0.0,16.0,9.0,50.0,4.21,2105.0,140.0,40.0,0.84,0.64,27.9,25.6,0.42,0.48,0.0,0.0,1.5,1.5,27700.0,G10_57_H20
2024-02-29 00:00:00,3.0,1.0,17.0,8.0,53.0,4.39,2195.0,140.0,44.00000000001455,0.81,0.65,28.0,25.1,0.42,0.48,0.0,0.0,1.5,1.5,27700.0,G10_57_H20
2024-03-01 00:00:00,5.0,1.0,18.0,11.0,65.0,4.64,2320.0,161.0,43.99999999997817,0.78,0.64,27.4,24.9,0.4,0.45,0.0,0.0,1.5,1.5,27700.0,G10_57_H20
2024-03-02 00:00:00,11.0,-3.0,19.0,9.0,65.0,4.82,2410.0,,44.0,0.77,0.62,27.4,24.8,0.33,0.45,0.0,0.0,1.5,1.5,27700.0,G10_57_H20
2024-03-03 00:00:00,14.0,0.0,20.0,12.0,61.0,5.21,2605.0,96.0,47.999999999992724,0.75,0.59,27.3,24.6,0.37,0.5,0.0,0.0,1.5,1.5,27700.0,G10_57_H20
2024-03-04 00:00:00,8.0,6.0,21.0,15.0,55.0,5.56,2780.0,48.0,32.000000000007276,0.78,0.65,26.8,24.6,0.42,0.46,0.0,0.0,1.5,1.5,27700.0,G10_57_H20
2024-03-05 00:00:00,8.0,7.0,22.0,8.0,74.0,5.8,2900.0,46.0,84.00000000001455,0.8,0.68,26.4,24.6,0.42,0.47,0.0,0.0,1.5,1.5,27700.0,G10_57_H20
2024-03-06 00:00:00,10.0,5.0,23.0,10.0,68.0,6.13,3065.0,73.0,27.999999999992724,0.79,0.64,26.4,24.2,0.4,0.48,0.0,0.0,1.5,1.5,27700.0,G10_57_H20
2024-03-07 00:00:00,15.0,2.0,24.0,13.0,64.0,6.6,3300.0,65.0,47.999999999992724,0.81,0.61,26.0,23.9,0.35,0.46,0.0,0.0,1.5,1.5,27700.0,G10_57_H20
2024-03-08 00:00:00,15.0,1.0,25.0,14.0,57.0,7.04,3520.0,37.0,55.99999999998545,0.82,0.58,26.2,24.0,0.34,0.55,0.0,0.0,1.5,1.5,27700.0,G10_57_H20
2024-03-09 00:00:00,13.0,1.0,26.0,12.0,57.0,7.01,3505.0,77.0,60.0,0.84,0.61,26.1,23.4,0.35,0.51,0.0,0.0,1.5,1.5,27700.0,G10_57_H20
2024-03-10 00:00:00,16.0,4.0,27.0,10.0,60.0,7.72,3860.0,57.0,44.00000000001455,0.82,0.58,25.9,23.4,0.33,0.55,0.0,0.0,1.5,1.5,27700.0,G10_57_H20
2024-03-11 00:00:00,22.0,7.0,28.0,8.0,57.0,7.87,3935.0,26.0,52.000000000007276,0.8,0.55,28.4,23.6,0.35,0.75,0.0,0.0,1.5,1.5,27700.0,G10_57_H20
2024-03-12 00:00:00,15.0,4.0,29.0,11.0,75.0,8.21,4105.0,20.0,63.99999999997817,0.81,0.61,25.8,23.4,0.36,0.61,0.0,0.0,1.5,1.5,27700.0,G10_57_H20
2024-03-13 00:00:00,15.0,3.0,30.0,10.0,58.0,8.92,4460.0,77.0,60.0,0.8,0.54,26.2,22.6,0.37,0.55,0.0,0.0,1.5,1.5,27700.0,G10_57_H20
2024-03-14 00:00:00,13.0,9.0,31.0,12.0,47.0,8.99,4495.0,77.0,56.00000000002183,0.82,0.69,25.5,23.0,0.37,0.53,0.0,0.0,1.5,1.5,27700.0,G10_57_H20
2024-03-15 00:00:00,18.0,4.0,32.0,18.0,63.0,8.79,4395.0,77.0,52.000000000007276,0.85,0.66,25.9,21.7,0.37,0.64,0.0,0.0,1.5,1.5,27700.0,G10_57_H20
2024-03-16 00:00:00,22.0,9.0,33.0,16.0,52.0,9.59,4795.0,12.0,63.99999999997817,0.84,0.63,26.9,22.5,0.37,1.0,0.0,0.0,1.5,3.0,27700.0,G10_57_H20
2024-03-17 00:00:00,12.0,10.0,34.0,30.0,75.0,8.6,4300.0,12.0,63.99999999997817,0.81,0.62,24.7,21.6,0.48,0.54,0.0,0.0,2.0,2.0,27700.0,G10_57_H20
2024-03-18 00:00:00,11.0,4.0,35.0,42.0,94.0,8.41,4205.0,76.0,52.000000000007276,0.8,0.64,23.1,20.6,0.37,0.58,0.0,0.0,2.0,2.0,27700.0,G10_57_H20
2024-02-11 00:00:00,15.0,1.0,,,,,0.0,,,,,,,,,,,,,28200.0,G10_57_H21
2024-02-12 00:00:00,18.0,4.0,0.0,,,,0.0,,,,,,,,,,,,,28200.0,G10_57_H21
2024-02-13 00:00:00,20.0,6.0,1.0,22.0,3.0,0.718,359.0,194.0,40.0,0.59,0.51,33.8,31.4,0.6,0.6,0.0,0.0,1.0,1.0,28200.0,G10_57_H21
2024-02-14 00:00:00,22.0,4.0,2.0,33.0,8.0,0.948,474.0,186.0,40.0,0.61,0.49,33.3,31.2,0.6,0.6,0.0,0.0,1.0,1.0,28200.0,G10_57_H21
2024-02-15 00:00:00,7.0,-2.0,3.0,15.0,67.0,1.174,587.0,146.0,35.99999999998545,0.61,0.5,32.7,31.4,0.6,0.6,0.0,0.0,1.0,1.0,28200.0,G10_57_H21
2024-02-16 00:00:00,10.0,1.0,4.0,14.0,36.0,1.306,653.0,212.0,28.000000000029104,0.66,0.51,32.1,30.1,0.6,0.65,0.0,0.0,1.0,1.0,28200.0,G10_57_H21
2024-02-17 00:00:00,17.0,3.0,5.0,20.0,31.0,1.509354,755.0,180.0,43.99999999997817,0.68,0.58,31.3,29.5,0.6,0.6,0.0,0.0,1.0,1.0,28200.0,G10_57_H21
2024-02-18 00:00:00,22.0,12.0,6.0,8.0,20.0,1.731226,866.0,109.0,32.000000000007276,0.76,0.65,30.6,29.0,0.6,0.7,0.0,0.0,1.0,1.0,28200.0,G10_57_H21
2024-02-19 00:00:00,13.0,3.0,7.0,10.0,40.0,1.95111,976.0,83.0,35.99999999998545,0.78,0.65,30.5,28.1,0.6,0.7,0.0,0.0,1.0,1.0,28200.0,G10_57_H21
2024-02-20 00:00:00,3.0,0.0,8.0,8.0,190.0,2.04795,1024.0,208.0,40.0,0.77,0.64,30.1,28.1,0.5,0.5,0.0,0.0,1.0,1.0,28200.0,G10_57_H21
2024-02-21 00:00:00,1.0,-1.0,9.0,20.0,4.0,2.41,1205.0,230.0,36.00000000002183,0.79,0.61,29.6,28.0,0.47,0.47,0.0,0.0,1.0,1.0,28200.0,G10_57_H21
2024-02-22 00:00:00,0.0,-3.0,10.0,6.0,9.0,2.64,1320.0,222.0,27.999999999992724,0.83,0.64,29.3,27.7,0.42,0.42,0.0,0.0,1.0,1.0,28200.0,G10_57_H21
2024-02-23 00:00:00,1.0,-3.0,11.0,5.0,14.0,3.22,1610.0,205.0,24.000000000014552,0.79,0.67,29.0,27.3,0.41,0.41,0.0,0.0,1.0,1.0,28200.0,G10_57_H21
2024-02-24 00:00:00,1.0,-3.0,12.0,6.0,19.0,3.63,1815.0,134.0,23.999999999978172,0.79,0.7,28.9,27.2,0.42,0.42,0.0,0.0,1.0,1.0,28200.0,G10_57_H21
2024-02-25 00:00:00,4.0,-1.0,13.0,7.0,8.0,3.8,1900.0,168.0,24.000000000014552,0.79,0.69,28.9,26.7,0.43,0.43,0.0,0.0,1.0,1.5,28200.0,G10_57_H21
2024-02-26 00:00:00,7.0,-1.0,14.0,7.0,30.0,3.97,1985.0,146.0,24.000000000014552,0.78,0.68,28.5,26.6,0.42,0.53,0.0,0.0,1.5,1.5,28200.0,G10_57_H21
2024-02-27 00:00:00,7.0,0.0,15.0,10.0,38.0,4.2,2100.0,133.0,32.000000000007276,0.83,0.69,28.2,26.3,0.42,0.54,0.0,0.0,1.5,1.5,28200.0,G10_57_H21
2024-02-28 00:00:00,3.0,0.0,16.0,7.0,31.0,4.39,2195.0,140.0,40.0,0.78,0.65,27.9,25.7,0.42,0.48,0.0,0.0,1.5,1.5,28200.0,G10_57_H21
2024-02-29 00:00:00,3.0,1.0,17.0,9.0,48.0,4.57,2285.0,140.0,36.00000000002183,0.78,0.67,27.8,25.7,0.42,0.48,0.0,0.0,1.5,1.5,28200.0,G10_57_H21
2024-03-01 00:00:00,5.0,1.0,18.0,15.0,74.0,4.82,2410.0,161.0,43.99999999997817,0.78,0.68,27.4,25.4,0.4,0.45,0.0,0.0,1.5,1.5,28200.0,G10_57_H21
2024-03-02 00:00:00,11.0,-3.0,19.0,17.0,88.0,5.01,2505.0,,40.0,0.78,0.63,27.1,25.0,0.33,0.45,0.0,0.0,1.5,1.5,28200.0,G10_57_H21
2024-03-03 00:00:00,14.0,0.0,20.0,18.0,78.0,5.16,2580.0,96.0,44.00000000001455,0.77,0.57,26.8,24.8,0.37,0.5,0.0,0.0,1.5,1.5,28200.0,G10_57_H21
2024-03-04 00:00:00,8.0,6.0,21.0,20.0,94.0,5.44,2720.0,48.0,43.99999999997817,0.78,0.66,26.9,24.9,0.42,0.46,0.0,0.0,1.5,1.5,28200.0,G10_57_H21
2024-03-05 00:00:00,8.0,7.0,22.0,25.0,116.0,5.74,2870.0,46.0,48.000000000029104,0.79,0.71,26.7,24.7,0.42,0.47,0.0,0.0,1.5,1.5,28200.0,G10_57_H21
2024-03-06 00:00:00,10.0,5.0,23.0,28.0,61.0,5.9,2950.0,73.0,47.999999999992724,0.78,0.66,26.5,24.5,0.4,0.48,0.0,0.0,1.5,1.5,28200.0,G10_57_H21
2024-03-07 00:00:00,15.0,2.0,24.0,32.0,87.0,6.83,3415.0,65.0,47.999999999992724,0.78,0.66,26.6,24.2,0.35,0.46,0.0,0.0,1.5,1.5,28200.0,G10_57_H21
2024-03-08 00:00:00,15.0,1.0,25.0,27.0,55.0,7.21,3605.0,37.0,55.99999999998545,0.83,0.56,26.1,24.0,0.34,0.55,0.0,0.0,1.5,1.5,28200.0,G10_57_H21
2024-03-09 00:00:00,13.0,1.0,26.0,14.0,66.0,7.13,3565.0,77.0,60.0,0.78,0.58,25.8,23.6,0.35,0.51,0.0,0.0,1.5,1.5,28200.0,G10_57_H21
2024-03-10 00:00:00,16.0,4.0,27.0,18.0,86.0,7.65,3825.0,57.0,48.000000000029104,0.8,0.59,25.8,23.4,0.33,0.55,0.0,0.0,1.5,1.5,28200.0,G10_57_H21
2024-03-11 00:00:00,22.0,7.0,28.0,20.0,86.0,7.56,3780.0,26.0,51.999999999970896,0.82,0.54,28.5,23.5,0.35,0.75,0.0,0.0,1.5,1.5,28200.0,G10_57_H21
2024-03-12 00:00:00,15.0,4.0,29.0,23.0,84.0,8.47,4235.0,20.0,60.0,0.82,0.59,26.1,23.4,0.36,0.61,0.0,0.0,1.5,1.5,28200.0,G10_57_H21
2024-03-13 00:00:00,15.0,3.0,30.0,22.0,70.0,8.9,4450.0,77.0,60.0,0.79,0.52,26.3,22.6,0.37,0.55,0.0,0.0,1.5,1.5,28200.0,G10_57_H21
2024-03-14 00:00:00,13.0,9.0,31.0,23.0,69.0,8.26,4130.0,77.0,44.00000000001455,0.8,0.72,25.5,22.9,0.37,0.53,0.0,0.0,1.5,1.5,28200.0,G10_57_H21
2024-03-15 00:00:00,18.0,4.0,32.0,42.0,77.0,8.75,4375.0,77.0,72.00000000000728,0.85,0.69,25.9,21.8,0.37,0.64,0.0,0.0,1.5,1.5,28200.0,G10_57_H21
2024-03-16 00:00:00,22.0,9.0,33.0,45.0,90.0,8.66,4330.0,12.0,60.0,0.82,0.63,26.7,22.5,0.37,1.0,0.0,0.0,1.5,3.0,28200.0,G10_57_H21
2024-03-17 00:00:00,12.0,10.0,34.0,52.0,79.0,8.92,4460.0,12.0,60.0,0.83,0.62,24.3,21.7,0.48,0.54,0.0,0.0,2.0,2.0,28200.0,G10_57_H21
2024-03-18 00:00:00,11.0,4.0,35.0,60.0,102.0,8.18,4090.0,76.0,67.99999999999272,0.78,0.64,22.8,20.3,0.37,0.58,0.0,0.0,2.0,2.0,28200.0,G10_57_H21
2024-02-11 00:00:00,15.0,1.0,,,,,0.0,,,,,,,,,,,,,28200.0,G10_57_H22
2024-02-12 00:00:00,18.0,4.0,0.0,,,,0.0,,,,,,,,,,,,,28200.0,G10_57_H22
2024-02-13 00:00:00,20.0,6.0,1.0,27.0,5.0,0.729,365.0,193.0,40.0,0.6,0.52,34.1,31.5,0.6,0.6,0.0,0.0,1.0,1.0,28200.0,G10_57_H22
2024-02-14 00:00:00,22.0,4.0,2.0,26.0,6.0,0.953,477.0,186.0,31.999999999970896,0.49,0.4,33.2,31.3,0.6,0.6,0.0,0.0,1.0,1.0,28200.0,G10_57_H22
2024-02-15 00:00:00,7.0,-2.0,3.0,12.0,47.0,1.172,586.0,146.0,68.0000000000291,0.65,0.49,32.6,31.5,0.6,0.6,0.0,0.0,1.0,1.0,28200.0,G10_57_H22
2024-02-16 00:00:00,10.0,1.0,4.0,18.0,44.0,1.289,645.0,212.0,35.99999999998545,0.7,0.55,32.0,30.0,0.6,0.65,0.0,0.0,1.0,1.0,28200.0,G10_57_H22
2024-02-17 00:00:00,17.0,3.0,5.0,18.0,39.0,1.509732,755.0,183.0,35.99999999998545,0.74,0.61,31.5,29.6,0.6,0.6,0.0,0.0,1.0,1.0,28200.0,G10_57_H22
2024-02-18 00:00:00,22.0,12.0,6.0,12.0,26.0,1.73104,866.0,109.0,32.000000000007276,0.79,0.67,31.1,29.1,0.6,0.7,0.0,0.0,1.0,1.0,28200.0,G10_57_H22
2024-02-19 00:00:00,13.0,3.0,7.0,8.0,36.0,1.95132,976.0,84.0,36.00000000002183,0.81,0.63,30.6,27.9,0.6,0.7,0.0,0.0,1.0,1.0,28200.0,G10_57_H22
2024-02-20 00:00:00,3.0,0.0,8.0,17.0,202.0,2.046618,1023.0,208.0,43.99999999997817,0.79,0.61,30.1,28.0,0.5,0.5,0.0,0.0,1.0,1.0,28200.0,G10_57_H22
2024-02-21 00:00:00,1.0,-1.0,9.0,17.0,3.0,2.53,1265.0,230.0,36.00000000002183,0.81,0.62,29.8,28.1,0.47,0.47,0.0,0.0,1.0,1.0,28200.0,G10_57_H22
2024-02-22 00:00:00,0.0,-3.0,10.0,8.0,13.0,2.65,1325.0,222.0,27.999999999992724,0.82,0.61,29.3,27.5,0.42,0.42,0.0,0.0,1.0,1.0,28200.0,G10_57_H22
2024-02-23 00:00:00,1.0,-3.0,11.0,3.0,9.0,3.22,1610.0,205.0,27.999999999992724,0.85,0.69,29.0,27.4,0.41,0.41,0.0,0.0,1.0,1.0,28200.0,G10_57_H22
2024-02-24 00:00:00,1.0,-3.0,12.0,4.0,21.0,3.61,1805.0,134.0,20.0,0.87,0.73,28.8,27.2,0.42,0.42,0.0,0.0,1.0,1.0,28200.0,G10_57_H22
2024-02-25 00:00:00,4.0,-1.0,13.0,5.0,8.0,3.77,1885.0,168.0,32.000000000007276,0.86,0.73,28.8,26.7,0.43,0.43,0.0,0.0,1.0,1.5,28200.0,G10_57_H22
2024-02-26 00:00:00,7.0,-1.0,14.0,6.0,21.0,3.98,1990.0,146.0,32.000000000007276,0.86,0.72,28.8,26.4,0.42,0.53,0.0,0.0,1.5,1.5,28200.0,G10_57_H22
2024-02-27 00:00:00,7.0,0.0,15.0,5.0,29.0,4.32,2160.0,133.0,32.000000000007276,0.86,0.72,28.3,26.3,0.42,0.54,0.0,0.0,1.5,1.5,28200.0,G10_57_H22
2024-02-28 00:00:00,3.0,0.0,16.0,10.0,32.0,4.22,2110.0,140.0,36.00000000002183,0.84,0.7,27.8,25.7,0.42,0.48,0.0,0.0,1.5,1.5,28200.0,G10_57_H22
2024-02-29 00:00:00,3.0,1.0,17.0,12.0,41.0,4.55,2275.0,140.0,40.0,0.85,0.7,27.7,25.4,0.42,0.48,0.0,0.0,1.5,1.5,28200.0,G10_57_H22
2024-03-01 00:00:00,5.0,1.0,18.0,10.0,62.0,4.88,2440.0,161.0,43.99999999997817,0.84,0.7,27.2,25.1,0.4,0.45,0.0,0.0,1.5,1.5,28200.0,G10_57_H22
2024-03-02 00:00:00,11.0,-3.0,19.0,8.0,55.0,5.1,2550.0,,40.0,0.84,0.68,27.4,25.0,0.33,0.45,0.0,0.0,1.5,1.5,28200.0,G10_57_H22
2024-03-03 00:00:00,14.0,0.0,20.0,15.0,72.0,5.38,2690.0,96.0,44.00000000001455,0.82,0.63,27.0,24.9,0.37,0.5,0.0,0.0,1.5,1.5,28200.0,G10_57_H22
2024-03-04 00:00:00,8.0,6.0,21.0,13.0,52.0,5.66,2830.0,48.0,47.999999999992724,0.85,0.72,26.7,24.9,0.42,0.46,0.0,0.0,1.5,1.5,28200.0,G10_57_H22
2024-03-05 00:00:00,8.0,7.0,22.0,15.0,80.0,5.83,2915.0,46.0,44.00000000001455,0.85,0.76,26.6,24.6,0.42,0.47,0.0,0.0,1.5,1.5,28200.0,G10_57_H22
2024-03-06 00:00:00,10.0,5.0,23.0,12.0,65.0,5.95,2975.0,73.0,40.0,0.84,0.69,26.2,24.5,0.4,0.48,0.0,0.0,1.5,1.5,28200.0,G10_57_H22
2024-03-07 00:00:00,15.0,2.0,24.0,12.0,90.0,6.43,3215.0,65.0,55.99999999998545,0.85,0.64,26.4,24.2,0.35,0.46,0.0,0.0,1.5,1.5,28200.0,G10_57_H22
2024-03-08 00:00:00,15.0,1.0,25.0,15.0,82.0,6.9,3450.0,37.0,52.000000000007276,0.84,0.6,26.2,23.9,0.34,0.55,0.0,0.0,1.5,1.5,28200.0,G10_57_H22
2024-03-09 00:00:00,13.0,1.0,26.0,16.0,97.0,6.85,3425.0,77.0,60.0,0.84,0.64,26.4,23.7,0.35,0.51,0.0,0.0,1.5,1.5,28200.0,G10_57_H22
2024-03-10 00:00:00,16.0,4.0,27.0,17.0,95.0,7.15,3575.0,57.0,47.999999999992724,0.86,0.61,26.2,23.4,0.33,0.55,0.0,0.0,1.5,1.5,28200.0,G10_57_H22
2024-03-11 00:00:00,22.0,7.0,28.0,15.0,80.0,7.46,3730.0,26.0,52.000000000007276,0.83,0.59,28.9,23.6,0.35,0.75,0.0,0.0,1.5,1.5,28200.0,G10_57_H22
2024-03-12 00:00:00,15.0,4.0,29.0,14.0,70.0,7.84,3920.0,20.0,47.999999999992724,0.84,0.63,25.9,23.3,0.36,0.61,0.0,0.0,1.5,1.5,28200.0,G10_57_H22
2024-03-13 00:00:00,15.0,3.0,30.0,15.0,70.0,8.1,4050.0,77.0,72.00000000000728,0.85,0.56,26.6,22.6,0.37,0.55,0.0,0.0,1.5,1.5,28200.0,G10_57_H22
2024-03-14 00:00:00,13.0,9.0,31.0,17.0,65.0,8.34,4170.0,77.0,55.99999999998545,0.86,0.75,25.3,22.8,0.37,0.53,0.0,0.0,1.5,1.5,28200.0,G10_57_H22
2024-03-15 00:00:00,18.0,4.0,32.0,38.0,48.0,7.79,3895.0,77.0,60.0,0.86,0.68,25.8,21.8,0.37,0.64,0.0,0.0,1.5,1.5,28200.0,G10_57_H22
2024-03-16 00:00:00,22.0,9.0,33.0,35.0,75.0,8.55,4275.0,12.0,56.00000000002183,0.87,0.65,26.9,22.2,0.37,1.0,0.0,0.0,1.5,3.0,28200.0,G10_57_H22
2024-03-17 00:00:00,12.0,10.0,34.0,37.0,58.0,8.6,4300.0,12.0,56.00000000002183,0.86,0.65,25.0,21.7,0.48,0.54,0.0,0.0,2.0,2.0,28200.0,G10_57_H22
2024-03-18 00:00:00,11.0,4.0,35.0,45.0,93.0,8.72,4360.0,76.0,64.00000000001455,0.84,0.71,22.5,20.5,0.37,0.58,0.0,0.0,2.0,2.0,28200.0,G10_57_H22
2024-02-10 00:00:00,13.0,0.0,1.0,12.0,0.0,0.7,350.0,540.0,640.0,0.65,0.54,34.1,32.3,0.6,0.6,0.0,0.0,1.0,1.0,28500.0,G11_65_H1
2024-02-11 00:00:00,14.0,1.0,2.0,22.0,0.0,0.9,450.0,171.0,72.0,0.7,0.61,33.7,26.1,0.6,0.6,0.0,0.0,1.0,1.0,28500.0,G11_65_H1
2024-02-12 00:00:00,18.0,5.0,3.0,7.0,0.0,1.3,650.0,204.0,106.0,0.74,0.59,33.3,31.7,0.6,0.6,0.0,0.0,1.0,1.0,28500.0,G11_65_H1
2024-02-13 00:00:00,20.0,6.0,4.0,34.0,10.0,1.37,685.0,185.0,89.0,0.73,0.64,32.9,30.7,0.6,0.6,0.0,0.0,1.0,1.0,28500.0,G11_65_H1
2024-02-14 00:00:00,22.0,4.0,5.0,34.0,3.0,1.54,770.0,189.0,89.0,0.76,0.69,32.4,31.0,0.6,0.6,0.0,0.0,1.0,1.0,28500.0,G11_65_H1
2024-02-15 00:00:00,7.0,-2.0,6.0,36.0,66.0,1.77,885.0,159.0,107.0,0.79,0.65,31.6,30.1,0.6,0.6,0.0,0.0,1.0,1.0,28500.0,G11_65_H1
2024-02-16 00:00:00,10.0,1.0,7.0,17.0,50.0,2.0,1000.0,230.0,88.0,0.75,0.65,31.1,29.7,0.57,0.57,0.0,0.0,1.0,1.0,28500.0,G11_65_H1
2024-02-17 00:00:00,17.0,3.0,8.0,19.0,201.0,2.18,1090.0,213.9,55.99999999998545,0.76,0.65,30.8,29.5,0.58,0.58,0.0,0.0,1.0,1.0,28500.0,G11_65_H1
2024-02-18 00:00:00,8.0,1.0,9.0,10.0,38.0,2.2,1100.0,131.9,47.999999999992724,0.83,0.69,30.6,29.2,0.58,0.58,0.0,0.0,1.0,1.0,28500.0,G11_65_H1
2024-02-19 00:00:00,13.0,3.0,10.0,5.0,14.0,2.9,1450.0,76.7,27.999999999992724,0.86,0.74,30.3,28.7,0.58,0.58,0.0,0.0,1.0,1.0,28500.0,G11_65_H1
2024-02-20 00:00:00,3.0,0.0,11.0,7.0,12.0,3.3,1650.0,247.2,60.0,0.79,0.66,29.6,27.9,0.58,0.58,0.0,0.0,1.0,1.0,28500.0,G11_65_H1
2024-02-21 00:00:00,0.0,-1.0,12.0,10.0,37.0,3.7,1850.0,306.4,60.0,0.8,0.64,29.3,27.9,0.52,0.52,0.0,0.0,1.0,1.0,28500.0,G11_65_H1
2024-02-22 00:00:00,0.0,-2.0,13.0,12.0,120.0,3.88,1940.0,277.4,52.000000000007276,0.85,0.66,29.0,27.6,0.54,0.54,0.0,0.0,1.0,1.0,28500.0,G11_65_H1
2024-02-23 00:00:00,1.0,-3.0,14.0,14.0,80.0,4.2,2100.0,231.0,52.000000000007276,0.88,0.71,28.6,26.6,0.45,0.48,0.0,0.0,1.0,1.0,28500.0,G11_65_H1
2024-02-24 00:00:00,5.0,-1.0,15.0,9.0,68.0,4.4,2200.0,208.3,44.00000000001455,0.89,0.71,28.2,26.4,0.45,0.45,0.0,0.0,1.0,1.0,28500.0,G11_65_H1
2024-02-25 00:00:00,5.0,-1.0,16.0,11.0,100.0,4.7,2350.0,208.4,47.999999999992724,0.9,0.72,27.9,26.0,0.44,0.47,0.0,0.0,1.0,1.0,28500.0,G11_65_H1
2024-02-26 00:00:00,7.0,-2.0,17.0,9.0,66.0,5.1,2550.0,134.8,47.999999999992724,0.91,0.73,27.4,25.4,0.43,0.45,0.0,0.0,1.0,1.0,28500.0,G11_65_H1
2024-02-27 00:00:00,7.0,0.0,18.0,10.0,115.0,5.3,2650.0,143.1,40.0,0.92,0.74,27.5,25.0,0.43,0.47,0.0,0.0,1.0,1.5,28500.0,G11_65_H1
2024-02-28 00:00:00,5.0,2.0,19.0,7.0,59.0,5.4,2700.0,133.0,52.000000000007276,0.94,0.76,26.7,24.5,0.43,0.45,0.0,0.0,1.5,1.5,28500.0,G11_65_H1
2024-02-29 00:00:00,5.0,-2.0,20.0,5.0,22.0,5.8,2900.0,124.3,43.99999999997817,0.95,0.78,26.9,24.5,0.4,0.45,0.0,0.0,1.5,1.5,28500.0,G11_65_H1
2024-03-01 00:00:00,10.0,-2.0,21.0,6.0,34.0,6.16,3080.0,148.8,52.000000000007276,0.93,0.79,26.4,24.1,0.4,0.48,0.0,0.0,1.5,1.5,28500.0,G11_65_H1
2024-03-02 00:00:00,12.0,-2.0,22.0,5.0,21.0,6.32,3160.0,131.4,47.999999999992724,0.96,0.77,26.9,24.0,0.4,0.48,0.0,0.0,1.5,1.5,28500.0,G11_65_H1
2024-03-03 00:00:00,14.0,1.0,23.0,3.0,19.0,7.19,3595.0,61.0,44.00000000001455,0.96,0.77,27.4,24.0,0.4,0.52,0.0,0.0,1.5,1.5,28500.0,G11_65_H1
2024-03-04 00:00:00,12.0,4.0,24.0,7.0,30.0,7.49,3745.0,32.9,52.000000000007276,0.93,0.84,26.4,24.1,0.38,0.47,0.0,0.0,1.5,1.5,28500.0,G11_65_H1
2024-03-05 00:00:00,9.0,5.0,25.0,9.0,9.0,7.6,3800.0,20.3,55.99999999998545,0.98,0.89,26.6,24.2,0.38,0.47,0.0,0.0,1.5,1.5,28500.0,G11_65_H1
2024-03-06 00:00:00,11.0,2.0,26.0,8.0,30.0,8.23,4115.0,28.0,47.999999999992724,0.97,0.89,26.4,23.9,0.38,0.5,0.0,0.0,1.5,1.5,28500.0,G11_65_H1
2024-03-07 00:00:00,14.0,0.0,27.0,6.0,30.0,8.33,4165.0,33.666666666666664,52.000000000007276,0.98,0.78,27.4,23.5,0.37,0.55,0.0,0.0,1.5,1.5,28500.0,G11_65_H1
2024-03-08 00:00:00,14.0,1.0,28.0,10.0,45.0,8.4,4200.0,19.333333333333332,84.00000000001455,0.96,0.71,26.7,23.2,0.37,0.55,0.0,0.0,1.5,1.5,28500.0,G11_65_H1
2024-03-09 00:00:00,13.0,0.0,29.0,5.0,38.0,9.12,4560.0,20.22222222222222,23.999999999978172,0.97,0.74,26.6,22.6,0.34,0.5,0.0,0.0,1.5,1.5,28500.0,G11_65_H1
2024-03-10 00:00:00,17.0,2.0,30.0,9.0,71.0,8.53,4265.0,12.88888888888889,52.000000000007276,0.98,0.72,27.5,22.5,0.4,0.55,0.0,0.0,1.5,1.5,28500.0,G11_65_H1
2024-03-11 00:00:00,20.0,7.0,31.0,68.0,20.0,8.5,4250.0,7.333333333333333,64.00000000001455,0.92,0.65,28.1,22.8,0.42,0.9,0.0,0.0,1.5,2.5,28500.0,G11_65_H1
2024-03-12 00:00:00,16.0,5.0,32.0,88.0,48.0,9.3,4650.0,5.444444444444445,80.0,0.92,0.7,25.4,22.6,0.44,0.7,0.0,0.0,1.5,2.0,28500.0,G11_65_H1
2024-03-13 00:00:00,17.0,3.0,33.0,64.0,20.0,9.76,4880.0,57.55555555555556,75.99999999998545,0.92,0.6,25.4,21.3,0.4,0.6,0.0,0.0,1.5,2.0,28500.0,G11_65_H1
2024-03-14 00:00:00,16.0,7.0,34.0,35.0,1.0,9.41,4705.0,9.777777777777779,64.00000000001455,0.93,0.81,24.2,22.0,0.4,0.55,0.0,0.0,1.5,2.0,28500.0,G11_65_H1
2024-03-15 00:00:00,19.0,8.0,35.0,144.0,20.0,9.3,4650.0,52.55555555555556,72.00000000000728,0.96,0.8,24.8,21.4,0.4,0.55,0.0,0.0,1.5,2.0,28500.0,G11_65_H1
2024-03-16 00:00:00,22.0,9.0,36.0,148.0,0.0,9.2,4600.0,7.555555555555555,87.99999999999272,0.97,0.72,25.3,20.8,0.43,1.4,0.0,0.0,2.0,5.0,28500.0,G11_65_H1
2024-03-17 00:00:00,13.0,7.0,37.0,192.0,0.0,9.2,4600.0,0.1111111111111111,87.99999999999272,0.94,0.76,22.0,20.0,0.5,0.75,0.0,0.0,2.0,3.0,28500.0,G11_65_H1
2024-02-10 00:00:00,13.0,0.0,1.0,10.0,1.0,0.7,350.0,540.0,640.0,0.73,0.6,34.4,33.0,0.6,0.6,0.0,0.0,1.0,1.0,28500.0,G11_65_H2
2024-02-11 00:00:00,14.0,1.0,2.0,10.0,1.0,0.9,450.0,171.0,71.0,0.76,0.68,33.9,32.0,0.6,0.6,0.0,0.0,1.0,1.0,28500.0,G11_65_H2
2024-02-12 00:00:00,18.0,5.0,3.0,30.0,7.0,1.3,650.0,205.0,106.0,0.77,0.67,33.5,32.0,0.6,0.6,0.0,0.0,1.0,1.0,28500.0,G11_65_H2
2024-02-13 00:00:00,20.0,6.0,4.0,27.0,3.0,1.37,685.0,185.0,89.0,0.8,0.71,33.2,31.5,0.6,0.6,0.0,0.0,1.0,1.0,28500.0,G11_65_H2
2024-02-14 00:00:00,22.0,4.0,5.0,11.0,116.0,1.54,770.0,189.0,89.0,0.82,0.75,32.7,31.0,0.6,0.6,0.0,0.0,1.0,1.0,28500.0,G11_65_H2
2024-02-15 00:00:00,7.0,-2.0,6.0,37.0,140.0,1.77,885.0,159.0,107.0,0.86,0.73,31.9,30.0,0.6,0.6,0.0,0.0,1.0,1.0,28500.0,G11_65_H2
2024-02-16 00:00:00,10.0,1.0,7.0,30.0,89.0,2.0,1000.0,230.0,89.0,0.81,0.71,31.4,29.6,0.57,0.57,0.0,0.0,1.0,1.0,28500.0,G11_65_H2
2024-02-17 00:00:00,17.0,3.0,8.0,20.0,290.0,2.19,1095.0,213.9,255.99999999998545,0.83,0.7,31.0,29.3,0.58,0.58,0.0,0.0,1.0,1.0,28500.0,G11_65_H2
2024-02-18 00:00:00,8.0,1.0,9.0,19.0,26.0,2.3,1150.0,131.9,40.0,0.89,0.73,30.8,29.3,0.58,0.58,0.0,0.0,1.0,1.0,28500.0,G11_65_H2
2024-02-19 00:00:00,13.0,3.0,10.0,7.0,18.0,2.9,1450.0,76.7,27.999999999992724,0.93,0.79,30.5,28.5,0.58,0.58,0.0,0.0,1.0,1.0,28500.0,G11_65_H2
2024-02-20 00:00:00,3.0,0.0,11.0,6.0,21.0,3.3,1650.0,247.2,56.00000000002183,0.86,0.72,30.0,27.9,0.58,0.58,0.0,0.0,1.0,1.0,28500.0,G11_65_H2
2024-02-21 00:00:00,0.0,-1.0,12.0,8.0,40.0,3.7,1850.0,306.4,52.000000000007276,0.85,0.71,29.5,27.5,0.52,0.52,0.0,0.0,1.0,1.0,28500.0,G11_65_H2
2024-02-22 00:00:00,0.0,-2.0,13.0,8.0,40.0,4.0,2000.0,277.4,40.0,0.9,0.75,29.1,27.3,0.54,0.54,0.0,0.0,1.0,1.0,28500.0,G11_65_H2
2024-02-23 00:00:00,1.0,-3.0,14.0,7.0,41.0,4.4,2200.0,231.0,60.0,0.92,0.78,28.8,26.9,0.45,0.48,0.0,0.0,1.0,1.0,28500.0,G11_65_H2
2024-02-24 00:00:00,5.0,-1.0,15.0,7.0,70.0,4.7,2350.0,208.3,47.999999999992724,0.93,0.77,28.3,26.4,0.45,0.45,0.0,0.0,1.0,1.0,28500.0,G11_65_H2
2024-02-25 00:00:00,5.0,-1.0,16.0,12.0,76.0,4.9,2450.0,208.4,47.999999999992724,0.93,0.76,27.9,26.1,0.44,0.47,0.0,0.0,1.0,1.0,28500.0,G11_65_H2
2024-02-26 00:00:00,7.0,-2.0,17.0,10.0,78.0,5.4,2700.0,134.8,44.00000000001455,0.94,0.77,27.6,25.4,0.43,0.45,0.0,0.0,1.0,1.0,28500.0,G11_65_H2
2024-02-27 00:00:00,7.0,0.0,18.0,11.0,41.0,5.7,2850.0,143.1,51.999999999970896,0.92,0.77,27.5,25.1,0.43,0.47,0.0,0.0,1.0,1.5,28500.0,G11_65_H2
2024-02-28 00:00:00,5.0,2.0,19.0,9.0,22.0,5.9,2950.0,133.0,48.000000000029104,0.95,0.76,26.7,24.5,0.43,0.45,0.0,0.0,1.5,1.5,28500.0,G11_65_H2
2024-02-29 00:00:00,5.0,-2.0,20.0,7.0,27.0,6.2,3100.0,124.3,51.999999999970896,0.97,0.79,26.7,24.5,0.4,0.45,0.0,0.0,1.5,1.5,28500.0,G11_65_H2
2024-03-01 00:00:00,10.0,-2.0,21.0,10.0,28.0,6.39,3195.0,148.8,56.00000000002183,0.93,0.79,26.6,24.0,0.4,0.48,0.0,0.0,1.5,1.5,28500.0,G11_65_H2
2024-03-02 00:00:00,12.0,-2.0,22.0,6.0,12.0,7.0,3500.0,131.4,55.99999999998545,0.96,0.77,26.7,23.9,0.4,0.48,0.0,0.0,1.5,1.5,28500.0,G11_65_H2
2024-03-03 00:00:00,14.0,1.0,23.0,8.0,6.0,7.52,3760.0,61.0,47.999999999992724,0.97,0.75,26.8,24.0,0.4,0.52,0.0,0.0,1.5,1.5,28500.0,G11_65_H2
2024-03-04 00:00:00,12.0,4.0,24.0,7.0,20.0,7.61,3805.0,32.9,56.00000000002183,0.96,0.78,25.8,23.7,0.38,0.47,0.0,0.0,1.5,1.5,28500.0,G11_65_H2
2024-03-05 00:00:00,9.0,5.0,25.0,9.0,13.0,7.9,3950.0,20.3,47.999999999992724,0.97,0.87,26.1,24.1,0.38,0.47,0.0,0.0,1.5,1.5,28500.0,G11_65_H2
2024-03-06 00:00:00,11.0,2.0,26.0,11.0,33.0,8.56,4280.0,28.0,55.99999999998545,0.98,0.86,25.7,23.5,0.38,0.5,0.0,0.0,1.5,1.5,28500.0,G11_65_H2
2024-03-07 00:00:00,14.0,0.0,27.0,7.0,5.0,8.08,4040.0,33.666666666666664,56.00000000002183,0.98,0.76,26.7,22.9,0.37,0.55,0.0,0.0,1.5,1.5,28500.0,G11_65_H2
2024-03-08 00:00:00,14.0,1.0,28.0,8.0,14.0,8.75,4375.0,19.333333333333332,63.99999999997817,0.98,0.71,26.3,22.9,0.37,0.55,0.0,0.0,1.5,1.5,28500.0,G11_65_H2
2024-03-09 00:00:00,13.0,0.0,29.0,9.0,30.0,9.143,4572.0,20.22222222222222,64.00000000001455,0.98,0.74,25.9,22.3,0.34,0.5,0.0,0.0,1.5,1.5,28500.0,G11_65_H2
2024-03-10 00:00:00,17.0,2.0,30.0,16.0,80.0,8.87,4435.0,12.88888888888889,52.000000000007276,0.99,0.7,26.6,22.7,0.4,0.55,0.0,0.0,1.5,1.5,28500.0,G11_65_H2
2024-03-11 00:00:00,20.0,7.0,31.0,85.0,26.0,8.86,4430.0,7.333333333333333,67.99999999999272,0.9,0.65,28.2,22.4,0.42,0.9,0.0,0.0,1.5,2.5,28500.0,G11_65_H2
2024-03-12 00:00:00,16.0,5.0,32.0,85.0,58.0,8.5,4250.0,5.444444444444445,80.0,0.9,0.7,25.0,22.5,0.44,0.7,0.0,0.0,1.5,2.0,28500.0,G11_65_H2
2024-03-13 00:00:00,17.0,3.0,33.0,130.0,25.0,8.94,4470.0,57.55555555555556,75.99999999998545,0.91,0.62,25.5,21.5,0.4,0.6,0.0,0.0,1.5,2.0,28500.0,G11_65_H2
2024-03-14 00:00:00,16.0,7.0,34.0,195.0,46.0,8.37,4185.0,9.777777777777779,116.00000000002183,0.98,0.78,24.1,21.9,0.4,0.55,0.0,0.0,1.5,2.0,28500.0,G11_65_H2
2024-03-15 00:00:00,19.0,8.0,35.0,279.0,0.0,8.56,4280.0,52.55555555555556,40.0,0.95,0.83,24.0,20.8,0.4,0.55,0.0,0.0,1.5,2.0,28500.0,G11_65_H2
2024-03-16 00:00:00,22.0,9.0,36.0,368.0,0.0,8.74,4370.0,7.555555555555555,80.0,1.0,0.76,24.5,20.3,0.43,1.4,0.0,0.0,2.0,5.0,28500.0,G11_65_H2
2024-03-17 00:00:00,13.0,7.0,37.0,310.0,0.0,8.74,4370.0,0.1111111111111111,80.0,0.96,0.8,22.0,19.6,0.5,0.75,0.0,0.0,2.0,3.0,28500.0,G11_65_H2
2024-02-10 00:00:00,13.0,0.0,1.0,20.0,8.0,0.7,350.0,540.0,640.0,0.66,0.59,34.5,32.3,0.6,0.6,0.0,0.0,1.0,1.0,28600.0,G11_65_H3
2024-02-11 00:00:00,14.0,1.0,2.0,26.0,16.0,0.9,450.0,171.0,71.0,0.69,0.62,34.0,32.5,0.6,0.6,0.0,0.0,1.0,1.0,28600.0,G11_65_H3
2024-02-12 00:00:00,18.0,5.0,3.0,22.0,18.0,1.3,650.0,205.0,106.0,0.72,0.62,33.5,31.9,0.6,0.6,0.0,0.0,1.0,1.0,28600.0,G11_65_H3
2024-02-13 00:00:00,20.0,6.0,4.0,24.0,30.0,1.37,685.0,185.0,89.0,0.71,0.65,33.1,31.1,0.6,0.6,0.0,0.0,1.0,1.0,28600.0,G11_65_H3
2024-02-14 00:00:00,22.0,4.0,5.0,23.0,50.0,1.54,770.0,189.0,89.0,0.73,0.68,32.6,30.9,0.6,0.6,0.0,0.0,1.0,1.0,28600.0,G11_65_H3
2024-02-15 00:00:00,7.0,-2.0,6.0,20.0,67.0,1.77,885.0,159.0,107.0,0.75,0.67,31.9,29.9,0.6,0.6,0.0,0.0,1.0,1.0,28600.0,G11_65_H3
2024-02-16 00:00:00,10.0,1.0,7.0,16.0,52.0,2.0,1000.0,230.0,89.0,0.72,0.66,31.2,29.4,0.57,0.57,0.0,0.0,1.0,1.0,28600.0,G11_65_H3
2024-02-17 00:00:00,17.0,3.0,8.0,18.0,189.0,2.18,1090.0,213.9,63.99999999997817,0.75,0.65,30.9,29.3,0.58,0.58,0.0,0.0,1.0,1.0,28600.0,G11_65_H3
2024-02-18 00:00:00,8.0,1.0,9.0,45.0,42.0,2.2,1100.0,131.9,44.00000000001455,0.8,0.69,30.9,29.3,0.58,0.58,0.0,0.0,1.0,1.0,28600.0,G11_65_H3
2024-02-19 00:00:00,13.0,3.0,10.0,12.0,53.0,2.9,1450.0,76.7,32.000000000007276,0.82,0.75,30.5,28.3,0.58,0.58,0.0,0.0,1.0,1.0,28600.0,G11_65_H3
2024-02-20 00:00:00,3.0,0.0,11.0,12.0,87.0,3.4,1700.0,247.2,55.99999999998545,0.77,0.68,29.7,28.1,0.58,0.58,0.0,0.0,1.0,1.0,28600.0,G11_65_H3
2024-02-21 00:00:00,0.0,-1.0,12.0,8.0,122.0,3.7,1850.0,306.4,60.0,0.78,0.67,29.3,27.6,0.52,0.52,0.0,0.0,1.0,1.0,28600.0,G11_65_H3
2024-02-22 00:00:00,0.0,-2.0,13.0,10.0,104.0,4.1,2050.0,277.4,47.999999999992724,0.82,0.71,29.0,27.3,0.54,0.54,0.0,0.0,1.0,1.0,28600.0,G11_65_H3
2024-02-23 00:00:00,1.0,-3.0,14.0,8.0,88.0,4.3,2150.0,231.0,44.00000000001455,0.83,0.75,28.9,26.8,0.45,0.48,0.0,0.0,1.0,1.0,28600.0,G11_65_H3
2024-02-24 00:00:00,5.0,-1.0,15.0,8.0,73.0,4.6,2300.0,208.3,47.999999999992724,0.83,0.74,28.2,26.3,0.45,0.45,0.0,0.0,1.0,1.0,28600.0,G11_65_H3
2024-02-25 00:00:00,5.0,-1.0,16.0,6.0,65.0,4.9,2450.0,208.4,44.00000000001455,0.83,0.71,27.8,26.1,0.44,0.47,0.0,0.0,1.0,1.0,28600.0,G11_65_H3
2024-02-26 00:00:00,7.0,-2.0,17.0,7.0,70.0,5.3,2650.0,134.8,43.99999999997817,0.83,0.74,27.4,25.5,0.43,0.45,0.0,0.0,1.0,1.0,28600.0,G11_65_H3
2024-02-27 00:00:00,7.0,0.0,18.0,9.0,36.0,5.7,2850.0,143.1,48.000000000029104,0.83,0.74,27.8,25.1,0.43,0.5,0.0,0.0,1.0,1.5,28600.0,G11_65_H3
2024-02-28 00:00:00,5.0,2.0,19.0,5.0,22.0,5.9,2950.0,133.0,43.99999999997817,0.83,0.72,26.8,24.5,0.43,0.45,0.0,0.0,1.5,1.5,28600.0,G11_65_H3
2024-02-29 00:00:00,5.0,-2.0,20.0,6.0,21.0,6.2,3100.0,124.3,47.999999999992724,0.83,0.76,26.8,24.5,0.4,0.45,0.0,0.0,1.5,1.5,28600.0,G11_65_H3
2024-03-01 00:00:00,10.0,-2.0,21.0,5.0,12.0,6.66,3330.0,148.8,56.00000000002183,0.81,0.75,26.5,24.2,0.4,0.48,0.0,0.0,1.5,1.5,28600.0,G11_65_H3
2024-03-02 00:00:00,12.0,-2.0,22.0,7.0,11.0,6.89,3445.0,131.4,52.000000000007276,0.83,0.7,27.2,24.0,0.4,0.48,0.0,0.0,1.5,1.5,28600.0,G11_65_H3
2024-03-03 00:00:00,14.0,1.0,23.0,10.0,12.0,7.71,3855.0,61.0,43.99999999997817,0.83,0.7,26.8,23.8,0.4,0.52,0.0,0.0,1.5,1.5,28600.0,G11_65_H3
2024-03-04 00:00:00,12.0,4.0,24.0,9.0,26.0,7.79,3895.0,32.9,56.00000000002183,0.82,0.75,25.9,23.9,0.38,0.47,0.0,0.0,1.5,1.5,28600.0,G11_65_H3
2024-03-05 00:00:00,9.0,5.0,25.0,10.0,39.0,7.81,3905.0,20.3,51.999999999970896,0.84,0.79,26.2,24.1,0.38,0.47,0.0,0.0,1.5,1.5,28600.0,G11_65_H3
2024-03-06 00:00:00,11.0,2.0,26.0,8.0,34.0,8.6,4300.0,28.0,52.000000000007276,0.84,0.79,25.7,23.6,0.38,0.5,0.0,0.0,1.5,1.5,28600.0,G11_65_H3
2024-03-07 00:00:00,14.0,0.0,27.0,7.0,21.0,7.94,3970.0,33.666666666666664,56.00000000002183,0.84,0.7,26.8,22.7,0.37,0.55,0.0,0.0,1.5,1.5,28600.0,G11_65_H3
2024-03-08 00:00:00,14.0,1.0,28.0,7.0,16.0,9.02,4510.0,19.333333333333332,60.0,0.84,0.66,26.0,22.6,0.37,0.55,0.0,0.0,1.5,1.5,28600.0,G11_65_H3
2024-03-09 00:00:00,13.0,0.0,29.0,14.0,13.0,8.87,4435.0,20.22222222222222,55.99999999998545,0.83,0.69,26.2,22.2,0.34,0.5,0.0,0.0,1.5,1.5,28600.0,G11_65_H3
2024-03-10 00:00:00,17.0,2.0,30.0,40.0,15.0,9.34,4670.0,12.88888888888889,52.000000000007276,0.84,0.64,26.7,22.0,0.4,0.55,0.0,0.0,1.5,1.5,28600.0,G11_65_H3
2024-03-11 00:00:00,20.0,7.0,31.0,94.0,7.0,8.71,4355.0,7.333333333333333,63.99999999997817,0.79,0.61,28.1,22.4,0.42,0.9,0.0,0.0,1.5,2.5,28600.0,G11_65_H3
2024-03-12 00:00:00,16.0,5.0,32.0,80.0,4.0,9.61,4805.0,5.444444444444445,44.00000000001455,0.81,0.66,25.5,22.3,0.44,0.7,0.0,0.0,1.5,2.0,28600.0,G11_65_H3
2024-03-13 00:00:00,17.0,3.0,33.0,83.0,2.0,9.28,4640.0,57.55555555555556,112.00000000000728,0.81,0.58,25.7,21.3,0.4,0.6,0.0,0.0,1.5,2.0,28600.0,G11_65_H3
2024-03-14 00:00:00,16.0,7.0,34.0,212.0,0.0,9.04,4520.0,9.777777777777779,67.99999999999272,0.83,0.76,23.9,22.1,0.4,0.55,0.0,0.0,1.5,2.0,28600.0,G11_65_H3
2024-03-15 00:00:00,19.0,8.0,35.0,377.0,0.0,8.83,4415.0,52.55555555555556,72.00000000000728,0.88,0.76,24.6,21.3,0.4,0.55,0.0,0.0,1.5,2.0,28600.0,G11_65_H3
2024-03-16 00:00:00,22.0,9.0,36.0,340.0,0.0,8.22,4110.0,7.555555555555555,80.0,0.86,0.73,24.6,20.4,0.43,1.4,0.0,0.0,2.0,5.0,28600.0,G11_65_H3
2024-03-17 00:00:00,13.0,7.0,37.0,290.0,0.0,8.22,4110.0,0.1111111111111111,80.0,0.83,0.7,22.1,20.3,0.5,0.75,0.0,0.0,2.0,3.0,28600.0,G11_65_H3
2024-02-10 00:00:00,13.0,0.0,1.0,21.0,5.0,0.7,350.0,540.0,640.0,0.72,0.64,34.3,33.1,0.6,0.6,0.0,0.0,1.0,1.0,28600.0,G11_65_H4
2024-02-11 00:00:00,14.0,1.0,2.0,22.0,20.0,0.9,450.0,171.0,71.0,0.76,0.7,33.9,32.6,0.6,0.6,0.0,0.0,1.0,1.0,28600.0,G11_65_H4
2024-02-12 00:00:00,18.0,5.0,3.0,35.0,23.0,1.3,650.0,205.0,107.0,0.79,0.69,33.5,32.1,0.6,0.6,0.0,0.0,1.0,1.0,28600.0,G11_65_H4
2024-02-13 00:00:00,20.0,6.0,4.0,32.0,48.0,1.37,685.0,185.0,89.0,0.79,0.73,33.1,31.5,0.6,0.6,0.0,0.0,1.0,1.0,28600.0,G11_65_H4
2024-02-14 00:00:00,22.0,4.0,5.0,40.0,44.0,1.54,770.0,189.0,89.0,0.81,0.77,32.8,31.1,0.6,0.6,0.0,0.0,1.0,1.0,28600.0,G11_65_H4
2024-02-15 00:00:00,7.0,-2.0,6.0,34.0,40.0,1.77,885.0,159.0,107.0,0.83,0.74,32.0,30.2,0.6,0.6,0.0,0.0,1.0,1.0,28600.0,G11_65_H4
2024-02-16 00:00:00,10.0,1.0,7.0,30.0,56.0,2.0,1000.0,230.0,89.0,0.81,0.73,31.2,29.3,0.57,0.57,0.0,0.0,1.0,1.0,28600.0,G11_65_H4
2024-02-17 00:00:00,17.0,3.0,8.0,32.0,281.0,2.19,1095.0,213.9,67.99999999999272,0.81,0.73,30.8,29.4,0.58,0.58,0.0,0.0,1.0,1.0,28600.0,G11_65_H4
2024-02-18 00:00:00,8.0,1.0,9.0,35.0,25.0,2.2,1100.0,131.9,44.00000000001455,0.84,0.74,30.8,29.3,0.58,0.58,0.0,0.0,1.0,1.0,28600.0,G11_65_H4
2024-02-19 00:00:00,13.0,3.0,10.0,23.0,40.0,2.9,1450.0,76.7,27.999999999992724,0.87,0.8,30.4,28.5,0.58,0.58,0.0,0.0,1.0,1.0,28600.0,G11_65_H4
2024-02-20 00:00:00,3.0,0.0,11.0,17.0,55.0,3.3,1650.0,247.2,47.999999999992724,0.83,0.73,29.9,28.0,0.58,0.58,0.0,0.0,1.0,1.0,28600.0,G11_65_H4
2024-02-21 00:00:00,0.0,-1.0,12.0,15.0,78.0,3.76,1880.0,306.4,52.000000000007276,0.85,0.74,29.4,27.5,0.52,0.52,0.0,0.0,1.0,1.0,28600.0,G11_65_H4
2024-02-22 00:00:00,0.0,-2.0,13.0,14.0,109.0,4.1,2050.0,277.4,47.999999999992724,0.89,0.8,29.2,27.4,0.54,0.54,0.0,0.0,1.0,1.0,28600.0,G11_65_H4
2024-02-23 00:00:00,1.0,-3.0,14.0,9.0,110.0,4.3,2150.0,231.0,40.0,0.9,0.83,28.9,27.0,0.45,0.48,0.0,0.0,1.0,1.0,28600.0,G11_65_H4
2024-02-24 00:00:00,5.0,-1.0,15.0,10.0,90.0,4.6,2300.0,208.3,44.00000000001455,0.9,0.82,28.5,26.3,0.45,0.45,0.0,0.0,1.0,1.0,28600.0,G11_65_H4
2024-02-25 00:00:00,5.0,-1.0,16.0,8.0,100.0,4.8,2400.0,208.4,44.00000000001455,0.9,0.8,28.2,26.0,0.44,0.47,0.0,0.0,1.0,1.0,28600.0,G11_65_H4
2024-02-26 00:00:00,7.0,-2.0,17.0,7.0,76.0,5.4,2700.0,134.8,40.0,0.91,0.82,27.6,25.8,0.43,0.45,0.0,0.0,1.0,1.0,28600.0,G11_65_H4
2024-02-27 00:00:00,7.0,0.0,18.0,9.0,58.0,5.8,2900.0,143.1,40.0,0.9,0.82,27.8,25.3,0.43,0.5,0.0,0.0,1.0,1.5,28600.0,G11_65_H4
2024-02-28 00:00:00,5.0,2.0,19.0,7.0,25.0,6.1,3050.0,133.0,43.99999999997817,0.91,0.82,26.9,24.6,0.43,0.45,0.0,0.0,1.5,1.5,28600.0,G11_65_H4
2024-02-29 00:00:00,5.0,-2.0,20.0,6.0,23.0,6.3,3150.0,124.3,44.00000000001455,0.91,0.84,26.8,24.6,0.4,0.45,0.0,0.0,1.5,1.5,28600.0,G11_65_H4
2024-03-01 00:00:00,10.0,-2.0,21.0,7.0,24.0,6.67,3335.0,148.8,47.999999999992724,0.9,0.84,26.9,24.4,0.4,0.48,0.0,0.0,1.5,1.5,28600.0,G11_65_H4
2024-03-02 00:00:00,12.0,-2.0,22.0,10.0,24.0,7.12,3560.0,131.4,47.999999999992724,0.91,0.81,27.0,24.2,0.4,0.48,0.0,0.0,1.5,1.5,28600.0,G11_65_H4
2024-03-03 00:00:00,14.0,1.0,23.0,8.0,22.0,7.31,3655.0,61.0,44.00000000001455,0.91,0.79,26.9,24.0,0.4,0.52,0.0,0.0,1.5,1.5,28600.0,G11_65_H4
2024-03-04 00:00:00,12.0,4.0,24.0,7.0,20.0,7.43,3715.0,32.9,52.000000000007276,0.9,0.84,26.0,24.1,0.38,0.47,0.0,0.0,1.5,1.5,28600.0,G11_65_H4
2024-03-05 00:00:00,9.0,5.0,25.0,8.0,22.0,8.16,4080.0,20.3,51.999999999970896,0.93,0.88,26.4,24.1,0.38,0.47,0.0,0.0,1.5,1.5,28600.0,G11_65_H4
2024-03-06 00:00:00,11.0,2.0,26.0,12.0,36.0,8.79,4395.0,28.0,52.000000000007276,0.92,0.87,26.0,23.7,0.38,0.5,0.0,0.0,1.5,1.5,28600.0,G11_65_H4
2024-03-07 00:00:00,14.0,0.0,27.0,6.0,25.0,8.49,4245.0,33.666666666666664,52.000000000007276,0.93,0.81,27.3,23.2,0.37,0.55,0.0,0.0,1.5,1.5,28600.0,G11_65_H4
2024-03-08 00:00:00,14.0,1.0,28.0,9.0,34.0,9.36,4680.0,19.333333333333332,80.0,0.92,0.77,26.6,22.8,0.37,0.55,0.0,0.0,1.5,1.5,28600.0,G11_65_H4
2024-03-09 00:00:00,13.0,0.0,29.0,11.0,48.0,9.3,4650.0,20.22222222222222,32.000000000007276,0.91,0.8,26.5,22.4,0.34,0.5,0.0,0.0,1.5,1.5,28600.0,G11_65_H4
2024-03-10 00:00:00,17.0,2.0,30.0,60.0,14.0,9.57,4785.0,12.88888888888889,55.99999999998545,0.92,0.75,27.0,22.2,0.4,0.55,0.0,0.0,1.5,1.5,28600.0,G11_65_H4
2024-03-11 00:00:00,20.0,7.0,31.0,80.0,6.0,8.6,4300.0,7.333333333333333,64.00000000001455,0.88,0.69,27.7,22.3,0.42,0.9,0.0,0.0,1.5,2.5,28600.0,G11_65_H4
2024-03-12 00:00:00,16.0,5.0,32.0,98.0,7.0,10.09,5045.0,5.444444444444445,80.0,0.89,0.75,25.5,22.2,0.44,0.7,0.0,0.0,1.5,2.0,28600.0,G11_65_H4
2024-03-13 00:00:00,17.0,3.0,33.0,128.0,5.0,9.12,4560.0,57.55555555555556,72.00000000000728,0.88,0.66,25.7,21.7,0.4,0.6,0.0,0.0,1.5,2.0,28600.0,G11_65_H4
2024-03-14 00:00:00,16.0,7.0,34.0,170.0,8.0,9.49,4745.0,9.777777777777779,71.9999999999709,0.9,0.84,24.2,22.1,0.4,0.55,0.0,0.0,1.5,2.0,28600.0,G11_65_H4
2024-03-15 00:00:00,19.0,8.0,35.0,288.0,0.0,8.58,4290.0,52.55555555555556,72.00000000000728,0.92,0.85,24.8,21.6,0.4,0.55,0.0,0.0,1.5,2.0,28600.0,G11_65_H4
2024-03-16 00:00:00,22.0,9.0,36.0,304.0,0.0,8.52,4260.0,7.555555555555555,80.0,0.93,0.83,24.5,20.5,0.43,1.4,0.0,0.0,2.0,5.0,28600.0,G11_65_H4
2024-03-17 00:00:00,13.0,7.0,37.0,280.0,0.0,8.52,4260.0,0.1111111111111111,80.0,0.91,0.77,22.2,20.4,0.5,0.75,0.0,0.0,2.0,3.0,28600.0,G11_65_H4
2024-02-10 00:00:00,13.0,0.0,1.0,18.0,2.0,0.7,350.0,540.0,640.0,0.7,0.63,34.4,32.9,0.6,0.6,0.0,0.0,1.0,1.0,28500.0,G11_65_H5
2024-02-11 00:00:00,14.0,1.0,2.0,20.0,8.0,0.9,450.0,171.0,71.0,0.75,0.65,33.9,32.3,0.6,0.6,0.0,0.0,1.0,1.0,28500.0,G11_65_H5
2024-02-12 00:00:00,18.0,5.0,3.0,8.0,13.0,1.3,650.0,205.0,107.0,0.77,0.66,33.4,31.0,0.6,0.6,0.0,0.0,1.0,1.0,28500.0,G11_65_H5
2024-02-13 00:00:00,20.0,6.0,4.0,16.0,19.0,1.37,685.0,185.0,89.0,0.77,0.69,32.9,31.5,0.6,0.6,0.0,0.0,1.0,1.0,28500.0,G11_65_H5
2024-02-14 00:00:00,22.0,4.0,5.0,15.0,20.0,1.54,770.0,189.0,89.0,0.79,0.73,32.4,30.9,0.6,0.6,0.0,0.0,1.0,1.0,28500.0,G11_65_H5
2024-02-15 00:00:00,7.0,-2.0,6.0,15.0,14.0,1.77,885.0,159.0,107.0,0.83,0.69,31.8,30.1,0.6,0.6,0.0,0.0,1.0,1.0,28500.0,G11_65_H5
2024-02-16 00:00:00,10.0,1.0,7.0,16.0,10.0,2.0,1000.0,230.0,89.0,0.78,0.69,31.4,29.8,0.6,0.6,0.0,0.0,1.0,1.0,28500.0,G11_65_H5
2024-02-17 00:00:00,17.0,3.0,8.0,21.0,164.0,2.18,1090.0,213.9,55.99999999998545,0.81,0.68,31.1,29.4,0.6,0.6,0.0,0.0,1.0,1.0,28500.0,G11_65_H5
2024-02-18 00:00:00,8.0,1.0,9.0,15.0,4.0,1.9,950.0,131.9,47.999999999992724,0.87,0.73,30.8,29.3,0.6,0.6,0.0,0.0,1.0,1.0,28500.0,G11_65_H5
2024-02-19 00:00:00,13.0,3.0,10.0,9.0,11.0,2.4,1200.0,76.7,24.000000000014552,0.93,0.8,30.6,28.5,0.6,0.6,0.0,0.0,1.0,1.0,28500.0,G11_65_H5
2024-02-20 00:00:00,3.0,0.0,11.0,15.0,14.0,2.9,1450.0,247.2,60.0,0.86,0.71,29.8,28.0,0.6,0.6,0.0,0.0,1.0,1.0,28500.0,G11_65_H5
2024-02-21 00:00:00,0.0,-1.0,12.0,9.0,15.0,3.27,1635.0,306.4,55.99999999998545,0.87,0.71,29.3,27.9,0.52,0.52,0.0,0.0,1.0,1.0,28500.0,G11_65_H5
2024-02-22 00:00:00,0.0,-2.0,13.0,8.0,37.0,3.58,1790.0,277.4,52.000000000007276,0.93,0.76,29.0,27.5,0.54,0.54,0.0,0.0,1.0,1.0,28500.0,G11_65_H5
2024-02-23 00:00:00,1.0,-3.0,14.0,10.0,68.0,3.8,1900.0,231.0,44.00000000001455,0.96,0.83,28.9,27.0,0.47,0.5,0.0,0.0,1.0,1.0,28500.0,G11_65_H5
2024-02-24 00:00:00,5.0,-1.0,15.0,8.0,36.0,4.2,2100.0,208.3,47.999999999992724,0.97,0.82,28.0,26.6,0.47,0.47,0.0,0.0,1.0,1.0,28500.0,G11_65_H5
2024-02-25 00:00:00,5.0,-1.0,16.0,9.0,26.0,4.5,2250.0,208.4,47.999999999992724,0.96,0.81,27.8,26.3,0.46,0.49,0.0,0.0,1.0,1.0,28500.0,G11_65_H5
2024-02-26 00:00:00,7.0,-2.0,17.0,4.0,27.0,4.7,2350.0,134.8,44.00000000001455,0.96,0.81,27.5,25.7,0.45,0.47,0.0,0.0,1.0,1.0,28500.0,G11_65_H5
2024-02-27 00:00:00,7.0,0.0,18.0,3.0,19.0,5.0,2500.0,143.1,47.999999999992724,0.96,0.82,27.4,25.3,0.45,0.47,0.0,0.0,1.0,1.5,28500.0,G11_65_H5
2024-02-28 00:00:00,5.0,2.0,19.0,4.0,15.0,5.4,2700.0,133.0,60.0,0.97,0.81,26.9,24.8,0.44,0.46,0.0,0.0,1.5,1.5,28500.0,G11_65_H5
2024-02-29 00:00:00,5.0,-2.0,20.0,8.0,24.0,5.7,2850.0,124.3,35.99999999998545,0.98,0.8,26.7,24.8,0.4,0.45,0.0,0.0,1.5,1.5,28500.0,G11_65_H5
2024-03-01 00:00:00,10.0,-2.0,21.0,9.0,19.0,6.16,3080.0,148.8,52.000000000007276,0.97,0.85,26.5,24.5,0.4,0.48,0.0,0.0,1.5,1.5,28500.0,G11_65_H5
2024-03-02 00:00:00,12.0,-2.0,22.0,7.0,18.0,6.26,3130.0,131.4,52.000000000007276,0.98,0.8,26.6,24.3,0.4,0.48,0.0,0.0,1.5,1.5,28500.0,G11_65_H5
2024-03-03 00:00:00,14.0,1.0,23.0,16.0,29.0,6.22,3110.0,61.0,40.0,0.96,0.75,26.8,24.0,0.4,0.52,0.0,0.0,1.5,1.5,28500.0,G11_65_H5
2024-03-04 00:00:00,12.0,4.0,24.0,4.0,14.0,6.48,3240.0,32.9,55.99999999998545,0.96,0.8,26.0,24.2,0.38,0.47,0.0,0.0,1.5,1.5,28500.0,G11_65_H5
2024-03-05 00:00:00,9.0,5.0,25.0,10.0,28.0,6.8,3400.0,20.3,48.000000000029104,0.98,0.88,26.1,24.4,0.38,0.47,0.0,0.0,1.5,1.5,28500.0,G11_65_H5
2024-03-06 00:00:00,11.0,2.0,26.0,9.0,30.0,7.28,3640.0,28.0,51.999999999970896,0.98,0.88,25.8,23.8,0.38,0.5,0.0,0.0,1.5,1.5,28500.0,G11_65_H5
2024-03-07 00:00:00,14.0,0.0,27.0,7.0,16.0,7.93,3965.0,33.666666666666664,52.000000000007276,0.98,0.79,26.8,23.1,0.37,0.55,0.0,0.0,1.5,1.5,28500.0,G11_65_H5
2024-03-08 00:00:00,14.0,1.0,28.0,10.0,25.0,8.18,4090.0,19.333333333333332,60.0,0.99,0.75,27.1,23.2,0.37,0.55,0.0,0.0,1.5,1.5,28500.0,G11_65_H5
2024-03-09 00:00:00,13.0,0.0,29.0,18.0,29.0,8.9,4450.0,20.22222222222222,52.000000000007276,0.99,0.77,26.4,22.5,0.34,0.5,0.0,0.0,1.5,1.5,28500.0,G11_65_H5
2024-03-10 00:00:00,17.0,2.0,30.0,15.0,30.0,9.02,4510.0,12.88888888888889,52.000000000007276,0.98,0.75,27.3,22.6,0.4,0.55,0.0,0.0,1.5,1.5,28500.0,G11_65_H5
2024-03-11 00:00:00,20.0,7.0,31.0,19.0,25.0,9.56,4780.0,7.333333333333333,63.99999999997817,0.94,0.69,28.4,22.8,0.42,0.9,0.0,0.0,1.5,2.5,28500.0,G11_65_H5
2024-03-12 00:00:00,16.0,5.0,32.0,21.0,9.0,10.48,5240.0,5.444444444444445,84.00000000001455,0.97,0.76,26.8,22.7,0.44,0.7,0.0,0.0,1.5,2.0,28500.0,G11_65_H5
2024-03-13 00:00:00,17.0,3.0,33.0,38.0,10.0,10.11,5055.0,57.55555555555556,72.00000000000728,0.98,0.66,26.4,22.0,0.4,0.6,0.0,0.0,1.5,2.0,28500.0,G11_65_H5
2024-03-14 00:00:00,16.0,7.0,34.0,40.0,0.0,10.58,5290.0,9.777777777777779,72.00000000000728,0.95,0.86,24.6,22.5,0.4,0.55,0.0,0.0,1.5,2.0,28500.0,G11_65_H5
2024-03-15 00:00:00,19.0,8.0,35.0,65.0,0.0,9.7,4850.0,52.55555555555556,67.99999999999272,0.98,0.85,25.1,21.2,0.4,0.55,0.0,0.0,1.5,2.0,28500.0,G11_65_H5
2024-03-16 00:00:00,22.0,9.0,36.0,84.0,0.0,10.14,5070.0,7.555555555555555,87.99999999999272,0.98,0.78,25.3,20.9,0.43,1.4,0.0,0.0,2.0,5.0,28500.0,G11_65_H5
2024-03-17 00:00:00,13.0,7.0,37.0,123.0,0.0,10.14,5070.0,0.1111111111111111,87.99999999999272,0.95,0.84,22.3,20.2,0.5,0.75,0.0,0.0,2.0,3.0,28500.0,G11_65_H5
2024-02-10 00:00:00,13.0,0.0,1.0,10.0,4.0,0.7,350.0,540.0,640.0,0.64,0.59,34.4,32.7,0.6,0.6,0.0,0.0,1.0,1.0,28500.0,G11_65_H6
2024-02-11 00:00:00,14.0,1.0,2.0,16.0,7.0,0.9,450.0,171.0,71.0,0.68,0.6,34.0,32.7,0.6,0.6,0.0,0.0,1.0,1.0,28500.0,G11_65_H6
2024-02-12 00:00:00,18.0,5.0,3.0,15.0,12.0,1.3,650.0,205.0,107.0,0.7,0.59,33.5,32.2,0.6,0.6,0.0,0.0,1.0,1.0,28500.0,G11_65_H6
2024-02-13 00:00:00,20.0,6.0,4.0,21.0,18.0,1.37,685.0,185.0,89.0,0.72,0.63,33.1,31.7,0.6,0.6,0.0,0.0,1.0,1.0,28500.0,G11_65_H6
2024-02-14 00:00:00,22.0,4.0,5.0,18.0,19.0,1.54,770.0,189.0,89.0,0.75,0.67,32.5,31.0,0.6,0.6,0.0,0.0,1.0,1.0,28500.0,G11_65_H6
2024-02-15 00:00:00,7.0,-2.0,6.0,10.0,18.0,1.77,885.0,159.0,107.0,0.78,0.61,32.1,30.2,0.6,0.6,0.0,0.0,1.0,1.0,28500.0,G11_65_H6
2024-02-16 00:00:00,10.0,1.0,7.0,21.0,8.0,2.0,1000.0,230.0,89.0,0.75,0.63,31.5,29.7,0.6,0.6,0.0,0.0,1.0,1.0,28500.0,G11_65_H6
2024-02-17 00:00:00,17.0,3.0,8.0,19.0,135.0,2.18,1090.0,213.9,52.000000000007276,0.76,0.63,31.3,29.5,0.6,0.6,0.0,0.0,1.0,1.0,28500.0,G11_65_H6
2024-02-18 00:00:00,8.0,1.0,9.0,10.0,3.0,1.9,950.0,131.9,55.99999999998545,0.85,0.68,31.0,29.5,0.6,0.6,0.0,0.0,1.0,1.0,28500.0,G11_65_H6
2024-02-19 00:00:00,13.0,3.0,10.0,12.0,16.0,2.5,1250.0,76.7,24.000000000014552,0.88,0.74,30.6,28.5,0.6,0.6,0.0,0.0,1.0,1.0,28500.0,G11_65_H6
2024-02-20 00:00:00,3.0,0.0,11.0,8.0,10.0,2.8,1400.0,247.2,52.000000000007276,0.8,0.66,29.9,28.0,0.6,0.6,0.0,0.0,1.0,1.0,28500.0,G11_65_H6
2024-02-21 00:00:00,0.0,-1.0,12.0,14.0,15.0,3.2,1600.0,306.5,52.000000000007276,0.79,0.65,29.5,27.9,0.52,0.52,0.0,0.0,1.0,1.0,28500.0,G11_65_H6
2024-02-22 00:00:00,0.0,-2.0,13.0,4.0,28.0,3.56,1780.0,277.4,47.999999999992724,0.83,0.65,29.0,27.6,0.54,0.54,0.0,0.0,1.0,1.0,28500.0,G11_65_H6
2024-02-23 00:00:00,1.0,-3.0,14.0,7.0,22.0,3.8,1900.0,231.0,40.0,0.87,0.74,28.9,27.1,0.47,0.5,0.0,0.0,1.0,1.0,28500.0,G11_65_H6
2024-02-24 00:00:00,5.0,-1.0,15.0,9.0,17.0,4.2,2100.0,208.3,43.99999999997817,0.89,0.74,28.3,26.6,0.47,0.47,0.0,0.0,1.0,1.0,28500.0,G11_65_H6
2024-02-25 00:00:00,5.0,-1.0,16.0,4.0,13.0,4.5,2250.0,208.4,44.00000000001455,0.9,0.75,28.1,26.2,0.46,0.49,0.0,0.0,1.0,1.0,28500.0,G11_65_H6
2024-02-26 00:00:00,7.0,-2.0,17.0,7.0,29.0,5.0,2500.0,134.8,40.0,0.88,0.73,27.6,25.8,0.45,0.47,0.0,0.0,1.0,1.0,28500.0,G11_65_H6
2024-02-27 00:00:00,7.0,0.0,18.0,4.0,21.0,5.2,2600.0,143.1,40.0,0.91,0.75,27.7,25.5,0.45,0.47,0.0,0.0,1.0,1.0,28500.0,G11_65_H6
2024-02-28 00:00:00,5.0,2.0,19.0,3.0,18.0,5.5,2750.0,133.0,52.000000000007276,0.91,0.74,27.1,24.8,0.44,0.46,0.0,0.0,1.0,1.5,28500.0,G11_65_H6
2024-02-29 00:00:00,5.0,-2.0,20.0,9.0,27.0,5.8,2900.0,124.3,47.999999999992724,0.92,0.78,27.2,24.8,0.4,0.45,0.0,0.0,1.5,1.5,28500.0,G11_65_H6
2024-03-01 00:00:00,10.0,-2.0,21.0,8.0,24.0,6.08,3040.0,148.8,47.999999999992724,0.9,0.77,26.6,24.5,0.4,0.48,0.0,0.0,1.5,1.5,28500.0,G11_65_H6
2024-03-02 00:00:00,12.0,-2.0,22.0,4.0,13.0,6.64,3320.0,131.4,44.00000000001455,0.92,0.77,27.0,24.2,0.4,0.48,0.0,0.0,1.5,1.5,28500.0,G11_65_H6
2024-03-03 00:00:00,14.0,1.0,23.0,12.0,8.0,6.56,3280.0,61.0,43.99999999997817,0.93,0.76,26.9,24.3,0.4,0.52,0.0,0.0,1.5,1.5,28500.0,G11_65_H6
2024-03-04 00:00:00,12.0,4.0,24.0,14.0,40.0,7.16,3580.0,32.9,52.000000000007276,0.92,0.78,26.3,24.5,0.38,0.47,0.0,0.0,1.5,1.5,28500.0,G11_65_H6
2024-03-05 00:00:00,9.0,5.0,25.0,3.0,10.0,7.32,3660.0,20.3,47.999999999992724,0.95,0.87,26.3,24.1,0.38,0.47,0.0,0.0,1.5,1.5,28500.0,G11_65_H6
2024-03-06 00:00:00,11.0,2.0,26.0,8.0,17.0,7.7,3850.0,28.0,32.000000000007276,0.94,0.85,26.1,23.9,0.38,0.5,0.0,0.0,1.5,1.5,28500.0,G11_65_H6
2024-03-07 00:00:00,14.0,0.0,27.0,4.0,18.0,7.89,3945.0,33.666666666666664,67.99999999999272,0.94,0.76,26.8,23.5,0.37,0.55,0.0,0.0,1.5,1.5,28500.0,G11_65_H6
2024-03-08 00:00:00,14.0,1.0,28.0,7.0,13.0,7.91,3955.0,19.333333333333332,56.00000000002183,0.93,0.74,26.6,23.1,0.37,0.55,0.0,0.0,1.5,1.5,28500.0,G11_65_H6
2024-03-09 00:00:00,13.0,0.0,29.0,10.0,17.0,8.49,4245.0,20.22222222222222,52.000000000007276,0.93,0.75,26.4,22.8,0.34,0.5,0.0,0.0,1.5,1.5,28500.0,G11_65_H6
2024-03-10 00:00:00,17.0,2.0,30.0,9.0,16.0,8.45,4225.0,12.88888888888889,51.999999999970896,0.94,0.71,26.8,22.7,0.4,0.55,0.0,0.0,1.5,1.5,28500.0,G11_65_H6
2024-03-11 00:00:00,20.0,7.0,31.0,10.0,19.0,8.45,4225.0,7.333333333333333,64.00000000001455,0.89,0.65,27.9,22.6,0.42,0.9,0.0,0.0,1.5,2.5,28500.0,G11_65_H6
2024-03-12 00:00:00,16.0,5.0,32.0,19.0,10.0,8.98,4490.0,5.444444444444445,75.99999999998545,0.91,0.74,25.7,22.6,0.44,0.7,0.0,0.0,1.5,2.0,28500.0,G11_65_H6
2024-03-13 00:00:00,17.0,3.0,33.0,30.0,4.0,9.06,4530.0,57.55555555555556,64.00000000001455,0.92,0.64,26.0,22.1,0.4,0.6,0.0,0.0,1.5,2.0,28500.0,G11_65_H6
2024-03-14 00:00:00,16.0,7.0,34.0,59.0,0.0,9.4,4700.0,9.777777777777779,75.99999999998545,0.93,0.8,24.5,22.5,0.4,0.55,0.0,0.0,1.5,2.0,28500.0,G11_65_H6
2024-03-15 00:00:00,19.0,8.0,35.0,149.0,0.0,8.81,4405.0,52.55555555555556,68.0000000000291,0.96,0.86,24.2,21.4,0.4,0.55,0.0,0.0,1.5,2.0,28500.0,G11_65_H6
2024-03-16 00:00:00,22.0,9.0,36.0,220.0,0.0,8.25,4125.0,7.555555555555555,80.0,0.95,0.78,24.7,20.9,0.43,1.4,0.0,0.0,2.0,5.0,28500.0,G11_65_H6
2024-03-17 00:00:00,13.0,7.0,37.0,249.0,0.0,8.25,4125.0,0.1111111111111111,80.0,0.93,0.76,22.2,19.8,0.5,0.75,0.0,0.0,2.0,3.0,28500.0,G11_65_H6
2024-02-10 00:00:00,13.0,0.0,1.0,16.0,5.0,0.7,350.0,540.0,640.0,0.57,0.49,34.4,30.1,0.6,0.6,0.0,0.0,1.0,1.0,28400.0,G11_65_H7
2024-02-11 00:00:00,14.0,1.0,2.0,19.0,14.0,0.9,450.0,171.0,71.0,0.63,0.54,34.0,32.7,0.6,0.6,0.0,0.0,1.0,1.0,28400.0,G11_65_H7
2024-02-12 00:00:00,18.0,5.0,3.0,10.0,9.0,1.3,650.0,205.0,107.0,0.65,0.56,33.5,32.2,0.6,0.6,0.0,0.0,1.0,1.0,28400.0,G11_65_H7
2024-02-13 00:00:00,20.0,6.0,4.0,18.0,25.0,1.36,680.0,185.0,89.0,0.67,0.59,33.0,31.6,0.6,0.6,0.0,0.0,1.0,1.0,28400.0,G11_65_H7
2024-02-14 00:00:00,22.0,4.0,5.0,20.0,22.0,1.53,765.0,188.0,89.0,0.69,0.63,32.5,31.1,0.6,0.6,0.0,0.0,1.0,1.0,28400.0,G11_65_H7
2024-02-15 00:00:00,7.0,-2.0,6.0,12.0,14.0,1.76,880.0,159.0,106.0,0.72,0.59,31.9,30.1,0.6,0.6,0.0,0.0,1.0,1.0,28400.0,G11_65_H7
2024-02-16 00:00:00,10.0,1.0,7.0,15.0,23.0,1.99,995.0,230.0,89.0,0.67,0.59,31.2,29.5,0.6,0.6,0.0,0.0,1.0,1.0,28400.0,G11_65_H7
2024-02-17 00:00:00,17.0,3.0,8.0,18.0,187.0,2.19,1095.0,213.9,56.00000000002183,0.69,0.57,31.1,29.3,0.6,0.6,0.0,0.0,1.0,1.0,28400.0,G11_65_H7
2024-02-18 00:00:00,8.0,1.0,9.0,26.0,6.0,1.9,950.0,131.9,47.999999999992724,0.78,0.63,30.7,29.4,0.6,0.6,0.0,0.0,1.0,1.0,28400.0,G11_65_H7
2024-02-19 00:00:00,13.0,3.0,10.0,15.0,10.0,2.6,1300.0,76.6,35.99999999998545,0.81,0.72,30.5,28.5,0.6,0.6,0.0,0.0,1.0,1.0,28400.0,G11_65_H7
2024-02-20 00:00:00,3.0,0.0,11.0,8.0,5.0,2.8,1400.0,247.2,52.000000000007276,0.76,0.62,30.0,28.1,0.6,0.6,0.0,0.0,1.0,1.0,28400.0,G11_65_H7
2024-02-21 00:00:00,0.0,-1.0,12.0,6.0,15.0,3.4,1700.0,306.5,52.000000000007276,0.78,0.62,29.6,27.7,0.52,0.52,0.0,0.0,1.0,1.0,28400.0,G11_65_H7
2024-02-22 00:00:00,0.0,-2.0,13.0,9.0,21.0,3.6,1800.0,277.4,52.000000000007276,0.8,0.65,29.3,27.3,0.54,0.54,0.0,0.0,1.0,1.0,28400.0,G11_65_H7
2024-02-23 00:00:00,1.0,-3.0,14.0,10.0,24.0,3.9,1950.0,231.0,43.99999999997817,0.83,0.71,29.0,26.9,0.47,0.5,0.0,0.0,1.0,1.0,28400.0,G11_65_H7
2024-02-24 00:00:00,5.0,-1.0,15.0,12.0,21.0,4.2,2100.0,208.3,44.00000000001455,0.83,0.7,28.5,26.5,0.47,0.47,0.0,0.0,1.0,1.0,28400.0,G11_65_H7
2024-02-25 00:00:00,5.0,-1.0,16.0,7.0,12.0,4.4,2200.0,208.4,43.99999999997817,0.83,0.71,28.4,26.0,0.46,0.49,0.0,0.0,1.0,1.0,28400.0,G11_65_H7
2024-02-26 00:00:00,7.0,-2.0,17.0,6.0,20.0,4.7,2350.0,134.8,48.000000000029104,0.82,0.68,27.8,25.7,0.45,0.47,0.0,0.0,1.0,1.0,28400.0,G11_65_H7
2024-02-27 00:00:00,7.0,0.0,18.0,10.0,15.0,5.1,2550.0,143.1,43.99999999997817,0.82,0.68,27.5,25.1,0.45,0.47,0.0,0.0,1.0,1.0,28400.0,G11_65_H7
2024-02-28 00:00:00,5.0,2.0,19.0,8.0,18.0,5.2,2600.0,133.0,52.000000000007276,0.83,0.67,27.0,24.7,0.44,0.46,0.0,0.0,1.0,1.5,28400.0,G11_65_H7
2024-02-29 00:00:00,5.0,-2.0,20.0,5.0,15.0,5.7,2850.0,124.3,52.000000000007276,0.84,0.72,27.1,24.7,0.4,0.45,0.0,0.0,1.5,1.5,28400.0,G11_65_H7
2024-03-01 00:00:00,10.0,-2.0,21.0,7.0,19.0,6.02,3010.0,148.8,52.000000000007276,0.83,0.73,26.5,24.3,0.4,0.48,0.0,0.0,1.5,1.5,28400.0,G11_65_H7
2024-03-02 00:00:00,12.0,-2.0,22.0,5.0,17.0,6.3,3150.0,131.4,47.999999999992724,0.84,0.71,26.9,24.1,0.4,0.48,0.0,0.0,1.5,1.5,28400.0,G11_65_H7
2024-03-03 00:00:00,14.0,1.0,23.0,3.0,15.0,6.13,3065.0,61.0,47.999999999992724,0.83,0.67,26.5,24.0,0.4,0.52,0.0,0.0,1.5,1.5,28400.0,G11_65_H7
2024-03-04 00:00:00,12.0,4.0,24.0,5.0,14.0,6.75,3375.0,32.9,52.000000000007276,0.83,0.71,25.9,24.2,0.38,0.47,0.0,0.0,1.5,1.5,28400.0,G11_65_H7
2024-03-05 00:00:00,9.0,5.0,25.0,8.0,16.0,7.2,3600.0,20.4,55.99999999998545,0.85,0.79,26.5,24.2,0.38,0.47,0.0,0.0,1.5,1.5,28400.0,G11_65_H7
2024-03-06 00:00:00,11.0,2.0,26.0,4.0,13.0,7.77,3885.0,28.0,56.00000000002183,0.85,0.79,26.1,23.9,0.38,0.5,0.0,0.0,1.5,1.5,28400.0,G11_65_H7
2024-03-07 00:00:00,14.0,0.0,27.0,9.0,16.0,8.56,4280.0,33.666666666666664,51.999999999970896,0.86,0.69,27.1,23.4,0.37,0.55,0.0,0.0,1.5,1.5,28400.0,G11_65_H7
2024-03-08 00:00:00,14.0,1.0,28.0,12.0,18.0,8.54,4270.0,19.333333333333332,64.00000000001455,0.84,0.64,26.8,23.2,0.37,0.55,0.0,0.0,1.5,1.5,28400.0,G11_65_H7
2024-03-09 00:00:00,13.0,0.0,29.0,10.0,14.0,9.06,4530.0,20.22222222222222,55.99999999998545,0.84,0.67,26.5,22.6,0.34,0.5,0.0,0.0,1.5,1.5,28400.0,G11_65_H7
2024-03-10 00:00:00,17.0,2.0,30.0,42.0,7.0,8.17,4085.0,12.88888888888889,52.000000000007276,0.85,0.63,27.2,22.5,0.4,0.55,0.0,0.0,1.5,1.5,28400.0,G11_65_H7
2024-03-11 00:00:00,20.0,7.0,31.0,26.0,6.0,8.26,4130.0,7.333333333333333,67.99999999999272,0.82,0.57,28.2,22.6,0.42,0.9,0.0,0.0,1.5,2.5,28400.0,G11_65_H7
2024-03-12 00:00:00,16.0,5.0,32.0,36.0,3.0,9.1,4550.0,5.444444444444445,84.00000000001455,0.82,0.64,26.0,22.7,0.44,0.7,0.0,0.0,1.5,2.0,28400.0,G11_65_H7
2024-03-13 00:00:00,17.0,3.0,33.0,58.0,2.0,9.01,4505.0,57.55555555555556,72.00000000000728,0.84,0.63,26.0,21.9,0.4,0.6,0.0,0.0,1.5,2.0,28400.0,G11_65_H7
2024-03-14 00:00:00,16.0,7.0,34.0,186.0,0.0,9.06,4530.0,9.777777777777779,75.99999999998545,0.83,0.72,24.5,22.3,0.4,0.55,0.0,0.0,1.5,2.0,28400.0,G11_65_H7
2024-03-15 00:00:00,19.0,8.0,35.0,261.0,0.0,8.58,4290.0,52.55555555555556,76.00000000002183,0.86,0.79,24.8,21.1,0.4,0.55,0.0,0.0,1.5,2.0,28400.0,G11_65_H7
2024-03-16 00:00:00,22.0,9.0,36.0,356.0,0.0,8.39,4195.0,7.555555555555555,83.99999999997817,0.87,0.75,25.5,21.0,0.43,1.4,0.0,0.0,2.0,5.0,28400.0,G11_65_H7
2024-03-17 00:00:00,13.0,7.0,37.0,350.0,0.0,8.39,4195.0,0.1111111111111111,83.99999999997817,0.85,0.68,22.4,20.3,0.5,0.75,0.0,0.0,2.0,3.0,28400.0,G11_65_H7
2024-02-10 00:00:00,13.0,0.0,1.0,25.0,5.0,0.7,350.0,540.0,640.0,0.82,0.74,34.4,33.0,0.6,0.6,0.0,0.0,1.0,1.0,28500.0,G11_65_H8
2024-02-11 00:00:00,14.0,1.0,2.0,18.0,8.0,0.9,450.0,171.0,71.0,0.77,0.74,34.0,32.6,0.6,0.6,0.0,0.0,1.0,1.0,28500.0,G11_65_H8
2024-02-12 00:00:00,18.0,5.0,3.0,20.0,26.0,1.3,650.0,205.0,107.0,0.78,0.75,33.5,32.0,0.6,0.6,0.0,0.0,1.0,1.0,28500.0,G11_65_H8
2024-02-13 00:00:00,20.0,6.0,4.0,22.0,30.0,1.37,685.0,185.0,89.0,0.78,0.75,32.8,31.5,0.6,0.6,0.0,0.0,1.0,1.0,28500.0,G11_65_H8
2024-02-14 00:00:00,22.0,4.0,5.0,18.0,40.0,1.54,770.0,188.0,89.0,0.79,0.76,32.4,31.0,0.6,0.6,0.0,0.0,1.0,1.0,28500.0,G11_65_H8
2024-02-15 00:00:00,7.0,-2.0,6.0,15.0,18.0,1.77,885.0,159.0,106.0,0.8,0.77,31.7,30.1,0.6,0.6,0.0,0.0,1.0,1.0,28500.0,G11_65_H8
2024-02-16 00:00:00,10.0,1.0,7.0,13.0,20.0,2.0,1000.0,230.0,89.0,0.78,0.76,31.3,29.7,0.6,0.6,0.0,0.0,1.0,1.0,28500.0,G11_65_H8
2024-02-17 00:00:00,17.0,3.0,8.0,15.0,131.0,2.18,1090.0,213.9,60.0,0.78,0.7,30.9,29.4,0.6,0.6,0.0,0.0,1.0,1.0,28500.0,G11_65_H8
2024-02-18 00:00:00,8.0,1.0,9.0,32.0,23.0,1.9,950.0,131.9,40.0,0.82,0.78,30.6,29.4,0.6,0.6,0.0,0.0,1.0,1.0,28500.0,G11_65_H8
2024-02-19 00:00:00,13.0,3.0,10.0,8.0,15.0,2.6,1300.0,76.6,40.0,0.87,0.83,30.3,28.6,0.6,0.6,0.0,0.0,1.0,1.0,28500.0,G11_65_H8
2024-02-20 00:00:00,3.0,0.0,11.0,6.0,17.0,2.8,1400.0,247.3,51.999999999970896,0.84,0.8,29.7,28.1,0.6,0.6,0.0,0.0,1.0,1.0,28500.0,G11_65_H8
2024-02-21 00:00:00,0.0,-1.0,12.0,5.0,24.0,3.3,1650.0,306.5,60.0,0.82,0.78,29.4,27.7,0.52,0.52,0.0,0.0,1.0,1.0,28500.0,G11_65_H8
2024-02-22 00:00:00,0.0,-2.0,13.0,3.0,27.0,3.5,1750.0,277.4,52.000000000007276,0.84,0.8,29.0,27.4,0.54,0.54,0.0,0.0,1.0,1.0,28500.0,G11_65_H8
2024-02-23 00:00:00,1.0,-3.0,14.0,3.0,28.0,3.7,1850.0,231.0,47.999999999992724,0.87,0.8,28.8,27.0,0.47,0.5,0.0,0.0,1.0,1.0,28500.0,G11_65_H8
2024-02-24 00:00:00,5.0,-1.0,15.0,4.0,22.0,4.1,2050.0,208.3,48.000000000029104,0.88,0.85,28.3,26.5,0.47,0.47,0.0,0.0,1.0,1.0,28500.0,G11_65_H8
2024-02-25 00:00:00,5.0,-1.0,16.0,3.0,20.0,4.3,2150.0,208.4,47.999999999992724,0.89,0.86,27.9,26.1,0.46,0.49,0.0,0.0,1.0,1.0,28500.0,G11_65_H8
2024-02-26 00:00:00,7.0,-2.0,17.0,5.0,25.0,4.6,2300.0,134.8,47.999999999992724,0.88,0.8,27.5,25.7,0.45,0.47,0.0,0.0,1.0,1.0,28500.0,G11_65_H8
2024-02-27 00:00:00,7.0,0.0,18.0,7.0,18.0,5.1,2550.0,143.1,47.999999999992724,0.88,0.7,27.5,25.6,0.45,0.47,0.0,0.0,1.0,1.0,28500.0,G11_65_H8
2024-02-28 00:00:00,5.0,2.0,19.0,8.0,22.0,5.3,2650.0,133.0,52.000000000007276,0.88,0.75,26.7,24.9,0.44,0.46,0.0,0.0,1.0,1.5,28500.0,G11_65_H8
2024-02-29 00:00:00,5.0,-2.0,20.0,6.0,14.0,5.8,2900.0,124.3,47.999999999992724,0.9,0.78,26.8,24.7,0.4,0.45,0.0,0.0,1.5,1.5,28500.0,G11_65_H8
2024-03-01 00:00:00,10.0,-2.0,21.0,9.0,22.0,6.02,3010.0,148.8,52.000000000007276,0.9,0.87,26.7,24.5,0.4,0.48,0.0,0.0,1.5,1.5,28500.0,G11_65_H8
2024-03-02 00:00:00,12.0,-2.0,22.0,5.0,18.0,6.23,3115.0,131.4,47.999999999992724,0.89,0.86,27.1,24.5,0.4,0.48,0.0,0.0,1.5,1.5,28500.0,G11_65_H8
2024-03-03 00:00:00,14.0,1.0,23.0,4.0,15.0,6.05,3025.0,61.0,47.999999999992724,0.88,0.76,27.0,24.1,0.4,0.52,0.0,0.0,1.5,1.5,28500.0,G11_65_H8
2024-03-04 00:00:00,12.0,4.0,24.0,7.0,11.0,6.56,3280.0,32.9,52.000000000007276,0.87,0.85,26.2,24.1,0.38,0.47,0.0,0.0,1.5,1.5,28500.0,G11_65_H8
2024-03-05 00:00:00,9.0,5.0,25.0,15.0,14.0,6.81,3405.0,20.4,56.00000000002183,0.9,0.88,26.5,24.2,0.38,0.47,0.0,0.0,1.5,1.5,28500.0,G11_65_H8
2024-03-06 00:00:00,11.0,2.0,26.0,14.0,20.0,6.93,3465.0,28.0,51.999999999970896,0.91,0.87,26.0,23.9,0.38,0.5,0.0,0.0,1.5,1.5,28500.0,G11_65_H8
2024-03-07 00:00:00,14.0,0.0,27.0,10.0,24.0,7.28,3640.0,33.666666666666664,60.0,0.91,0.88,26.7,23.5,0.37,0.55,0.0,0.0,1.5,1.5,28500.0,G11_65_H8
2024-03-08 00:00:00,14.0,1.0,28.0,15.0,15.0,7.5,3750.0,19.333333333333332,60.0,0.89,0.77,26.4,23.2,0.37,0.55,0.0,0.0,1.5,1.5,28500.0,G11_65_H8
2024-03-09 00:00:00,13.0,0.0,29.0,25.0,46.0,7.72,3860.0,20.22222222222222,56.00000000002183,0.87,0.74,26.3,22.4,0.34,0.5,0.0,0.0,1.5,1.5,28500.0,G11_65_H8
2024-03-10 00:00:00,17.0,2.0,30.0,52.0,108.0,7.6,3800.0,12.88888888888889,52.000000000007276,0.88,0.84,27.2,22.8,0.4,0.55,0.0,0.0,1.5,1.5,28500.0,G11_65_H8
2024-03-11 00:00:00,20.0,7.0,31.0,134.0,81.0,7.96,3980.0,7.333333333333333,67.99999999999272,0.85,0.66,27.8,22.9,0.42,0.9,0.0,0.0,1.5,2.5,28500.0,G11_65_H8
2024-03-12 00:00:00,16.0,5.0,32.0,303.0,60.0,8.12,4060.0,5.444444444444445,92.00000000000728,0.84,0.79,25.8,23.0,0.44,0.7,0.0,0.0,1.5,2.0,28500.0,G11_65_H8
2024-03-13 00:00:00,17.0,3.0,33.0,370.0,0.0,7.81,3905.0,57.55555555555556,63.99999999997817,0.83,0.69,25.5,22.2,0.4,0.6,0.0,0.0,1.5,2.0,28500.0,G11_65_H8
2024-03-14 00:00:00,16.0,7.0,34.0,414.0,0.0,7.73,3865.0,9.777777777777779,72.00000000000728,0.85,0.78,24.4,22.6,0.4,0.55,0.0,0.0,1.5,2.0,28500.0,G11_65_H8
2024-03-15 00:00:00,19.0,8.0,35.0,432.0,0.0,8.2,4100.0,52.55555555555556,72.00000000000728,0.86,0.83,24.0,21.5,0.4,0.55,0.0,0.0,1.5,2.0,28500.0,G11_65_H8
2024-03-16 00:00:00,22.0,9.0,36.0,0.0,0.0,0.0,0.0,7.555555555555555,0.0,0.0,0.0,0.0,0.0,0.0,0.0,0.0,0.0,0.0,0.0,28500.0,G11_65_H8
2024-03-17 00:00:00,13.0,7.0,37.0,0.0,0.0,0.0,0.0,0.1111111111111111,0.0,0.0,0.0,0.0,0.0,0.0,0.0,0.0,0.0,0.0,0.0,28500.0,G11_65_H8
2024-02-10 00:00:00,13.0,0.0,0.0,,,,0.0,,,,,,,,,,,,,29000.0,G11_65_H9
2024-02-11 00:00:00,14.0,1.0,1.0,3.0,0.0,0.7,350.0,171.0,71.0,0.55,0.49,35.0,33.4,0.6,0.6,0.0,0.0,1.0,1.0,29000.0,G11_65_H9
2024-02-12 00:00:00,18.0,5.0,2.0,12.0,2.0,1.2,600.0,205.0,107.0,0.59,0.46,34.5,32.7,0.6,0.6,0.0,0.0,1.0,1.0,29000.0,G11_65_H9
2024-02-13 00:00:00,20.0,6.0,3.0,12.0,1.0,1.28,640.0,185.0,88.0,0.62,0.52,34.0,32.3,0.6,0.6,0.0,0.0,1.0,1.0,29000.0,G11_65_H9
2024-02-14 00:00:00,22.0,4.0,4.0,27.0,183.0,1.33,665.0,188.0,88.0,0.63,0.55,33.4,31.8,0.6,0.6,0.0,0.0,1.0,1.0,29000.0,G11_65_H9
2024-02-15 00:00:00,7.0,-2.0,5.0,26.0,70.0,1.57,785.0,158.0,106.0,0.66,0.55,32.8,31.0,0.6,0.6,0.0,0.0,1.0,1.0,29000.0,G11_65_H9
2024-02-16 00:00:00,10.0,1.0,6.0,40.0,118.0,1.8,900.0,230.0,89.0,0.64,0.64,32.0,30.4,0.6,0.6,0.0,0.0,1.0,1.0,29000.0,G11_65_H9
2024-02-17 00:00:00,17.0,3.0,7.0,18.0,249.0,1.96,980.0,213.8,80.0,0.64,0.56,31.7,30.0,0.6,0.6,0.0,0.0,1.0,1.0,29000.0,G11_65_H9
2024-02-18 00:00:00,8.0,1.0,8.0,8.0,24.0,1.9,950.0,131.8,52.000000000007276,0.72,0.59,31.4,30.0,0.6,0.6,0.0,0.0,1.0,1.0,29000.0,G11_65_H9
2024-02-19 00:00:00,13.0,3.0,9.0,6.0,13.0,2.0,1000.0,76.6,47.999999999992724,0.74,0.6,31.1,29.0,0.6,0.6,0.0,0.0,1.0,1.0,29000.0,G11_65_H9
2024-02-20 00:00:00,3.0,0.0,10.0,5.0,14.0,2.5,1250.0,247.3,75.99999999998545,0.63,0.51,30.2,28.5,0.6,0.6,0.0,0.0,1.0,1.0,29000.0,G11_65_H9
2024-02-21 00:00:00,0.0,-1.0,11.0,6.0,11.0,2.69,1345.0,306.5,64.00000000001455,0.68,0.52,30.1,28.2,0.52,0.52,0.0,0.0,1.0,1.0,29000.0,G11_65_H9
2024-02-22 00:00:00,0.0,-2.0,12.0,16.0,40.0,3.28,1640.0,277.8,52.000000000007276,0.78,0.6,29.6,27.8,0.54,0.54,0.0,0.0,1.0,1.0,29000.0,G11_65_H9
2024-02-23 00:00:00,1.0,-3.0,13.0,4.0,48.0,3.6,1800.0,231.0,43.99999999997817,0.76,0.64,29.2,27.3,0.47,0.5,0.0,0.0,1.0,1.0,29000.0,G11_65_H9
2024-02-24 00:00:00,5.0,-1.0,14.0,6.0,32.0,3.9,1950.0,208.6,48.000000000029104,0.79,0.64,28.9,26.9,0.47,0.47,0.0,0.0,1.0,1.0,29000.0,G11_65_H9
2024-02-25 00:00:00,5.0,-1.0,15.0,10.0,73.0,4.3,2150.0,208.8,40.0,0.79,0.66,28.5,26.6,0.46,0.49,0.0,0.0,1.0,1.0,29000.0,G11_65_H9
2024-02-26 00:00:00,7.0,-2.0,16.0,13.0,87.0,4.7,2350.0,134.6,47.999999999992724,0.79,0.65,28.2,26.2,0.45,0.47,0.0,0.0,1.0,1.0,29000.0,G11_65_H9
2024-02-27 00:00:00,7.0,0.0,17.0,8.0,90.0,4.9,2450.0,143.2,43.99999999997817,0.79,0.68,28.1,25.8,0.45,0.47,0.0,0.0,1.0,1.0,29000.0,G11_65_H9
2024-02-28 00:00:00,5.0,2.0,18.0,10.0,45.0,5.3,2650.0,133.0,48.000000000029104,0.8,0.65,27.5,25.3,0.44,0.46,0.0,0.0,1.0,1.5,29000.0,G11_65_H9
2024-02-29 00:00:00,5.0,-2.0,19.0,11.0,53.0,5.6,2800.0,124.6,47.999999999992724,0.81,0.68,27.3,25.0,0.4,0.45,0.0,0.0,1.5,1.5,29000.0,G11_65_H9
2024-03-01 00:00:00,10.0,-2.0,20.0,10.0,72.0,5.83,2915.0,148.6,52.000000000007276,0.8,0.69,26.9,24.9,0.4,0.48,0.0,0.0,1.5,1.5,29000.0,G11_65_H9
2024-03-02 00:00:00,12.0,-2.0,21.0,17.0,25.0,6.13,3065.0,131.8,47.999999999992724,0.82,0.66,27.0,24.5,0.4,0.48,0.0,0.0,1.5,1.5,29000.0,G11_65_H9
2024-03-03 00:00:00,14.0,1.0,22.0,12.0,21.0,6.23,3115.0,61.0,43.99999999997817,0.81,0.62,27.0,24.2,0.4,0.52,0.0,0.0,1.5,1.5,29000.0,G11_65_H9
2024-03-04 00:00:00,12.0,4.0,23.0,6.0,25.0,6.3,3150.0,32.8,52.000000000007276,0.8,0.78,26.3,24.4,0.38,0.47,0.0,0.0,1.5,1.5,29000.0,G11_65_H9
2024-03-05 00:00:00,9.0,5.0,24.0,17.0,10.0,6.67,3335.0,20.4,47.999999999992724,0.83,0.75,26.3,24.4,0.38,0.47,0.0,0.0,1.5,1.5,29000.0,G11_65_H9
2024-03-06 00:00:00,11.0,2.0,25.0,10.0,67.0,6.79,3395.0,28.0,52.000000000007276,0.83,0.74,25.8,24.1,0.38,0.5,0.0,0.0,1.5,1.5,29000.0,G11_65_H9
2024-03-07 00:00:00,14.0,0.0,26.0,5.0,15.0,7.35,3675.0,33.666666666666664,52.000000000007276,0.85,0.68,26.6,23.6,0.37,0.55,0.0,0.0,1.5,1.5,29000.0,G11_65_H9
2024-03-08 00:00:00,14.0,1.0,27.0,14.0,10.0,7.84,3920.0,19.333333333333332,55.99999999998545,0.83,0.63,26.2,23.4,0.37,0.55,0.0,0.0,1.5,1.5,29000.0,G11_65_H9
2024-03-09 00:00:00,13.0,0.0,28.0,9.0,22.0,8.33,4165.0,20.22222222222222,60.0,0.84,0.65,26.8,23.3,0.34,0.5,0.0,0.0,1.5,1.5,29000.0,G11_65_H9
2024-03-10 00:00:00,17.0,2.0,29.0,10.0,53.0,9.19,4595.0,12.88888888888889,56.00000000002183,0.84,0.61,27.2,22.9,0.4,0.55,0.0,0.0,1.5,1.5,29000.0,G11_65_H9
2024-03-11 00:00:00,20.0,7.0,30.0,49.0,32.0,8.91,4455.0,7.333333333333333,63.99999999997817,0.77,0.55,28.2,22.9,0.42,0.9,0.0,0.0,1.5,2.5,29000.0,G11_65_H9
2024-03-12 00:00:00,16.0,5.0,31.0,24.0,33.0,9.17,4585.0,5.444444444444445,76.00000000002183,0.78,0.6,25.6,22.7,0.44,0.7,0.0,0.0,1.5,2.0,29000.0,G11_65_H9
2024-03-13 00:00:00,17.0,3.0,32.0,16.0,25.0,9.24,4620.0,57.55555555555556,75.99999999998545,0.79,0.58,25.8,22.3,0.4,0.6,0.0,0.0,1.5,2.0,29000.0,G11_65_H9
2024-03-14 00:00:00,16.0,7.0,33.0,13.0,30.0,9.62,4810.0,9.777777777777779,76.00000000002183,0.81,0.69,24.7,22.6,0.4,0.55,0.0,0.0,1.5,2.0,29000.0,G11_65_H9
2024-03-15 00:00:00,19.0,8.0,34.0,80.0,19.0,8.6,4300.0,52.55555555555556,80.0,0.87,0.73,24.7,21.7,0.4,0.55,0.0,0.0,1.5,2.0,29000.0,G11_65_H9
2024-03-16 00:00:00,22.0,9.0,35.0,135.0,0.0,8.33,4165.0,7.555555555555555,80.0,0.86,0.66,24.9,20.9,0.43,1.4,0.0,0.0,2.0,5.0,29000.0,G11_65_H9
2024-03-17 00:00:00,13.0,7.0,36.0,149.0,0.0,8.33,4165.0,0.1111111111111111,80.0,0.82,0.68,22.4,19.8,0.5,0.75,0.0,0.0,2.0,3.0,29000.0,G11_65_H9
2024-02-20 00:00:00,3.0,0.0,4.0,14.0,15.0,1.36,680.0,278.0,64.0,0.68,0.62,32.7,30.7,0.5,0.55,0.0,0.0,1.0,1.0,29600.0,G17_62_H1
2024-02-21 00:00:00,0.0,-1.0,5.0,24.0,51.0,1.59,795.0,296.6,64.0,0.71,0.64,31.7,30.0,0.4,0.4,0.0,0.0,1.0,1.0,29600.0,G17_62_H1
2024-02-22 00:00:00,1.0,-5.0,6.0,21.0,115.0,1.81,905.0,313.3,64.0,0.75,0.67,31.9,29.8,0.34,0.36,0.0,0.0,1.0,1.0,29600.0,G17_62_H1
2024-02-23 00:00:00,0.0,-4.0,7.0,18.0,21.0,2.05,1025.0,324.1,60.0,0.8,0.71,31.2,29.3,0.32,0.34,0.0,0.0,1.0,1.0,29600.0,G17_62_H1
2024-02-24 00:00:00,1.0,-3.0,8.0,19.0,26.0,2.16,1080.0,303.0,76.0,0.79,0.68,30.8,28.9,0.38,0.44,0.0,0.0,1.0,1.0,29600.0,G17_62_H1
2024-02-25 00:00:00,4.0,-3.0,9.0,20.0,114.0,2.5,1250.0,248.5,68.0,0.83,0.68,30.5,28.7,0.4,0.44,0.0,0.0,1.0,1.0,29600.0,G17_62_H1
2024-02-26 00:00:00,7.0,-2.0,10.0,31.0,23.0,2.96,1480.0,267.5,64.0,0.79,0.68,30.4,28.4,0.4,0.55,0.0,0.0,1.0,1.0,29600.0,G17_62_H1
2024-02-27 00:00:00,7.0,0.0,11.0,27.0,26.0,3.43,1715.0,230.8,48.0,0.83,0.7,30.0,28.2,0.4,0.54,0.0,0.0,1.0,1.0,29600.0,G17_62_H1
2024-02-28 00:00:00,5.0,2.0,12.0,9.0,19.0,4.0,2000.0,233.3,40.0,0.84,0.72,29.3,27.6,0.43,0.48,0.0,0.0,1.0,1.5,29600.0,G17_62_H1
2024-02-29 00:00:00,5.0,-2.0,13.0,14.0,149.0,4.17,2085.0,246.6,48.0,0.85,0.75,29.4,27.4,0.42,0.51,0.0,0.0,1.5,1.5,29600.0,G17_62_H1
2024-03-01 00:00:00,6.0,-1.0,14.0,9.0,146.0,4.37,2185.0,293.3,56.0,0.82,0.73,28.8,26.9,0.4,0.45,0.0,0.0,1.5,1.5,29600.0,G17_62_H1
2024-03-02 00:00:00,11.0,0.0,15.0,4.0,26.0,4.73,2365.0,260.8,64.0,0.82,0.71,28.4,26.7,0.4,0.49,0.0,0.0,1.5,1.5,29600.0,G17_62_H1
2024-03-03 00:00:00,14.0,3.0,16.0,9.0,36.0,4.99,2495.0,206.6,48.0,0.84,0.73,28.5,26.5,0.4,0.48,0.0,0.0,1.5,1.5,29600.0,G17_62_H1
2024-03-04 00:00:00,10.0,7.0,17.0,13.0,51.0,5.32,2660.0,152.5,44.0,0.85,0.71,27.8,26.3,0.43,0.47,0.0,0.0,1.5,1.5,29600.0,G17_62_H1
2024-03-05 00:00:00,9.0,5.0,18.0,12.0,59.0,5.83,2915.0,157.5,44.0,0.87,0.81,27.8,26.0,0.38,0.42,0.0,0.0,1.5,1.5,29600.0,G17_62_H1
2024-03-06 00:00:00,10.0,0.0,19.0,5.0,41.0,5.87,2935.0,155.8,48.0,0.87,0.79,27.5,25.9,0.35,0.41,0.0,0.0,1.5,1.5,29600.0,G17_62_H1
2024-03-07 00:00:00,14.0,1.0,20.0,7.0,6.0,6.44,3220.0,135.8,40.0,0.87,0.77,27.4,25.5,0.33,0.46,0.0,0.0,1.5,1.5,29600.0,G17_62_H1
2024-03-08 00:00:00,12.0,0.0,21.0,6.0,48.0,6.64,3320.0,71.6,44.0,0.88,0.74,27.9,25.4,0.32,0.5,0.0,0.0,1.5,1.5,29600.0,G17_62_H1
2024-03-09 00:00:00,12.0,2.0,22.0,5.0,44.0,7.19,3595.0,98.3,48.0,0.88,0.77,27.8,25.2,0.34,0.48,0.0,0.0,1.5,1.5,29600.0,G17_62_H1
2024-03-10 00:00:00,16.0,5.0,23.0,15.0,24.0,7.47,3735.0,66.6,44.0,0.88,0.77,27.9,25.1,0.32,0.53,0.0,0.0,1.5,1.5,29600.0,G17_62_H1
2024-03-11 00:00:00,21.0,6.0,24.0,56.0,48.0,7.88,3940.0,27.9,52.0,0.87,0.72,28.1,25.4,0.34,0.65,0.0,0.0,1.5,1.5,29600.0,G17_62_H1
2024-03-12 00:00:00,15.0,4.0,25.0,29.0,36.0,7.95,3975.0,13.3,52.0,0.87,0.76,27.2,25.0,0.37,0.48,0.0,0.0,1.5,1.5,29600.0,G17_62_H1
2024-03-13 00:00:00,16.0,7.0,26.0,26.0,56.0,8.4,4200.0,54.1,52.0,0.87,0.73,27.1,24.3,0.34,0.45,0.0,0.0,1.5,1.5,29600.0,G17_62_H1
2024-03-14 00:00:00,16.0,5.0,27.0,34.0,60.0,8.72,4360.0,9.2,52.0,0.87,0.81,26.8,24.4,0.35,0.38,0.0,0.0,1.5,1.5,29600.0,G17_62_H1
2024-03-15 00:00:00,19.0,5.0,28.0,27.0,31.0,8.63,4315.0,55.0,52.0,0.87,0.79,26.3,23.6,0.35,0.51,0.0,0.0,1.5,1.5,29600.0,G17_62_H1
2024-03-16 00:00:00,22.0,10.0,29.0,15.0,32.0,8.96,4480.0,14.1,60.0,0.87,0.75,27.8,23.6,0.35,0.75,0.0,0.0,1.5,3.0,29600.0,G17_62_H1
2024-03-17 00:00:00,12.0,5.0,30.0,65.0,13.0,9.72,4860.0,1.0,68.0,0.87,0.79,26.1,23.4,0.34,0.43,0.0,0.0,1.5,1.5,29600.0,G17_62_H1
2024-03-18 00:00:00,11.0,4.0,31.0,24.0,9.0,9.9,5020.0,41.6,44.0,0.87,0.79,25.1,22.7,0.33,0.35,0.0,0.0,1.5,1.5,29600.0,G17_62_H1
2024-03-19 00:00:00,17.0,3.0,32.0,40.0,3.0,9.5,4750.0,35.2,68.0,0.87,0.68,25.5,22.3,0.33,0.63,0.0,0.0,1.5,2.0,29600.0,G17_62_H1
2024-03-20 00:00:00,18.0,5.0,33.0,44.0,2.0,9.48,4740.0,29.6,72.0,0.87,0.69,24.9,21.9,0.33,0.62,0.0,0.0,1.5,2.0,29600.0,G17_62_H1
2024-03-21 00:00:00,24.0,9.0,34.0,26.0,75.0,9.53,4765.0,14.0,72.0,0.87,0.62,26.3,22.0,0.32,0.75,0.0,0.0,1.5,3.0,29600.0,G17_62_H1
2024-03-22 00:00:00,26.0,14.0,35.0,41.0,6.0,9.52,4760.0,1.5,76.0,0.87,0.64,27.0,22.0,0.32,1.3,0.0,0.0,1.5,5.0,29600.0,G17_62_H1
2024-03-23 00:00:00,19.0,13.0,36.0,70.0,4.0,9.62,4810.0,0.3,120.0,0.87,0.8,25.0,22.7,0.4,0.55,0.0,0.0,1.5,3.0,29600.0,G17_62_H1
2024-03-24 00:00:00,17.0,10.0,37.0,67.0,0.0,8.98,4490.0,0.4,80.0,0.87,0.84,23.7,21.4,0.35,0.5,0.0,0.0,1.5,2.0,29600.0,G17_62_H1
2024-03-25 00:00:00,11.0,5.0,38.0,0.0,0.0,0.0,0.0,0.0,0.0,0.0,0.0,0.0,0.0,0.0,0.0,0.0,0.0,0.0,0.0,29600.0,G17_62_H1
2024-03-26 00:00:00,15.0,8.0,39.0,0.0,0.0,0.0,0.0,0.0,0.0,0.0,0.0,0.0,0.0,0.0,0.0,0.0,0.0,0.0,0.0,29600.0,G17_62_H1
2024-03-27 00:00:00,15.0,10.0,40.0,0.0,0.0,0.0,0.0,0.0,0.0,0.0,0.0,0.0,0.0,0.0,0.0,0.0,0.0,0.0,0.0,29600.0,G17_62_H1
2024-02-20 00:00:00,3.0,0.0,3.0,9.0,17.0,1.18,590.0,278.0,68.0,0.59,0.54,34.0,32.1,0.5,0.55,0.0,0.0,1.0,1.0,28100.0,G17_62_H2
2024-02-21 00:00:00,0.0,-1.0,4.0,6.0,8.0,1.29,645.0,296.6,72.0,0.59,0.56,33.2,31.6,0.4,0.4,0.0,0.0,1.0,1.0,28100.0,G17_62_H2
2024-02-22 00:00:00,1.0,-5.0,5.0,4.0,7.0,1.51,755.0,313.3,72.0,0.62,0.56,32.9,31.3,0.32,0.35,0.0,0.0,1.0,1.0,28100.0,G17_62_H2
2024-02-23 00:00:00,0.0,-4.0,6.0,6.0,9.0,1.74,870.0,324.1,76.0,0.63,0.61,32.4,30.6,0.3,0.32,0.0,0.0,1.0,1.0,28100.0,G17_62_H2
2024-02-24 00:00:00,1.0,-3.0,7.0,3.0,6.0,1.96,980.0,303.0,72.0,0.64,0.62,31.6,29.9,0.35,0.43,0.0,0.0,1.0,1.0,28100.0,G17_62_H2
2024-02-25 00:00:00,4.0,-3.0,8.0,27.0,119.0,2.06,1030.0,248.5,80.0,0.64,0.58,31.4,29.6,0.37,0.43,0.0,0.0,1.0,1.0,28100.0,G17_62_H2
2024-02-26 00:00:00,7.0,-2.0,9.0,18.0,12.0,2.33,1165.0,267.5,76.0,0.67,0.61,31.1,29.4,0.37,0.52,0.0,0.0,1.0,1.0,28100.0,G17_62_H2
2024-02-27 00:00:00,7.0,0.0,10.0,6.0,16.0,2.55,1275.0,230.8,56.0,0.67,0.63,30.9,29.0,0.37,0.5,0.0,0.0,1.0,1.0,28100.0,G17_62_H2
2024-02-28 00:00:00,5.0,2.0,11.0,7.0,28.0,3.1,1550.0,233.3,40.0,0.68,0.64,30.5,28.4,0.4,0.44,0.0,0.0,1.0,1.0,28100.0,G17_62_H2
2024-02-29 00:00:00,5.0,-2.0,12.0,3.0,5.0,3.43,1715.0,246.6,52.0,0.68,0.66,30.2,28.0,0.4,0.46,0.0,0.0,1.0,1.5,28100.0,G17_62_H2
2024-03-01 00:00:00,6.0,-1.0,13.0,6.0,15.0,3.53,1765.0,293.3,48.0,0.68,0.66,29.7,27.9,0.35,0.4,0.0,0.0,1.5,1.5,28100.0,G17_62_H2
2024-03-02 00:00:00,11.0,0.0,14.0,3.0,26.0,4.0,2000.0,260.8,56.0,0.68,0.66,29.4,27.6,0.38,0.46,0.0,0.0,1.5,1.5,28100.0,G17_62_H2
2024-03-03 00:00:00,14.0,3.0,15.0,5.0,52.0,4.41,2205.0,206.6,52.0,0.69,0.66,29.2,27.4,0.37,0.44,0.0,0.0,1.5,1.5,28100.0,G17_62_H2
2024-03-04 00:00:00,10.0,7.0,16.0,6.0,37.0,4.83,2415.0,152.5,52.0,0.69,0.68,29.0,27.5,0.39,0.44,0.0,0.0,1.5,1.5,28100.0,G17_62_H2
2024-03-05 00:00:00,9.0,5.0,17.0,4.0,25.0,4.91,2455.0,157.5,48.0,0.69,0.61,28.8,27.3,0.35,0.4,0.0,0.0,1.5,1.5,28100.0,G17_62_H2
2024-03-06 00:00:00,10.0,0.0,18.0,8.0,17.0,5.34,2670.0,155.8,56.0,0.7,0.63,28.4,27.0,0.33,0.4,0.0,0.0,1.5,1.5,28100.0,G17_62_H2
2024-03-07 00:00:00,14.0,1.0,19.0,6.0,35.0,5.2,2600.0,135.8,52.0,0.7,0.6,28.1,26.6,0.3,0.41,0.0,0.0,1.5,1.5,28100.0,G17_62_H2
2024-03-08 00:00:00,12.0,0.0,20.0,9.0,59.0,5.72,2860.0,71.6,44.0,0.71,0.58,27.9,26.4,0.3,0.44,0.0,0.0,1.5,1.5,28100.0,G17_62_H2
2024-03-09 00:00:00,12.0,2.0,21.0,6.0,45.0,6.07,3035.0,98.3,52.0,0.71,0.62,27.6,26.0,0.32,0.43,0.0,0.0,1.5,1.5,28100.0,G17_62_H2
2024-03-10 00:00:00,16.0,5.0,22.0,4.0,24.0,6.52,3260.0,66.6,48.0,0.71,0.58,27.9,26.0,0.3,0.43,0.0,0.0,1.5,1.5,28100.0,G17_62_H2
2024-03-11 00:00:00,21.0,6.0,23.0,3.0,11.0,6.21,3105.0,27.9,48.0,0.71,0.63,28.4,26.1,0.3,0.54,0.0,0.0,1.5,1.5,28100.0,G17_62_H2
2024-03-12 00:00:00,15.0,4.0,24.0,2.0,8.0,6.43,3215.0,13.3,52.0,0.71,0.65,27.4,25.6,0.32,0.4,0.0,0.0,1.5,1.5,28100.0,G17_62_H2
2024-03-13 00:00:00,16.0,7.0,25.0,7.0,12.0,6.77,3385.0,54.1,56.0,0.71,0.66,26.9,25.1,0.32,0.4,0.0,0.0,1.5,1.5,28100.0,G17_62_H2
2024-03-14 00:00:00,16.0,5.0,26.0,4.0,14.0,7.18,3590.0,9.2,52.0,0.71,0.58,26.9,25.4,0.33,0.36,0.0,0.0,1.5,1.5,28100.0,G17_62_H2
2024-03-15 00:00:00,19.0,5.0,27.0,3.0,12.0,7.43,3715.0,55.0,56.0,0.88,0.8,27.1,24.7,0.33,0.45,0.0,0.0,1.5,1.5,28100.0,G17_62_H2
2024-03-16 00:00:00,22.0,10.0,28.0,8.0,10.0,8.0,4000.0,14.1,56.0,0.89,0.76,28.0,24.5,0.32,0.68,0.0,0.0,1.5,2.0,28100.0,G17_62_H2
2024-03-17 00:00:00,12.0,5.0,29.0,12.0,10.0,8.29,4145.0,1.0,68.0,0.88,0.8,27.0,24.4,0.3,0.35,0.0,0.0,1.5,1.5,28100.0,G17_62_H2
2024-03-18 00:00:00,11.0,4.0,30.0,14.0,8.0,8.71,4355.0,41.6,60.0,0.88,0.8,25.6,23.8,0.3,0.33,0.0,0.0,1.5,1.5,28100.0,G17_62_H2
2024-03-19 00:00:00,17.0,3.0,31.0,7.0,5.0,9.03,4515.0,35.2,56.0,0.88,0.72,25.8,23.6,0.3,0.54,0.0,0.0,1.5,1.5,28100.0,G17_62_H2
2024-03-20 00:00:00,18.0,5.0,32.0,12.0,15.0,9.12,4560.0,29.6,64.0,0.89,0.72,25.1,22.9,0.3,0.52,0.0,0.0,1.5,1.5,28100.0,G17_62_H2
2024-03-21 00:00:00,24.0,9.0,33.0,14.0,18.0,9.02,4510.0,14.0,64.0,0.9,0.68,26.8,22.9,0.3,0.65,0.0,0.0,1.5,2.0,28100.0,G17_62_H2
2024-03-22 00:00:00,26.0,14.0,34.0,22.0,16.0,9.14,4570.0,1.5,80.0,0.88,0.68,28.3,23.1,0.3,1.1,0.0,0.0,1.5,4.0,28100.0,G17_62_H2
2024-03-23 00:00:00,19.0,13.0,35.0,49.0,13.0,9.64,4820.0,0.3,68.0,0.88,0.8,26.0,23.6,0.35,0.5,0.0,0.0,1.5,2.0,28100.0,G17_62_H2
2024-03-24 00:00:00,17.0,10.0,36.0,34.0,5.0,8.49,4245.0,0.4,76.0,0.87,0.84,24.5,22.1,0.33,0.43,0.0,0.0,1.5,1.5,28100.0,G17_62_H2
2024-03-25 00:00:00,11.0,5.0,37.0,58.0,6.0,8.53,4265.0,1.0,80.0,0.9,0.84,24.0,20.5,0.33,0.38,0.0,0.0,1.5,1.5,28100.0,G17_62_H2
2024-03-26 00:00:00,15.0,8.0,38.0,0.0,0.0,0.0,0.0,0.0,0.0,0.0,0.0,0.0,0.0,0.0,0.0,0.0,0.0,0.0,0.0,28100.0,G17_62_H2
2024-03-27 00:00:00,15.0,10.0,39.0,0.0,0.0,0.0,0.0,0.0,0.0,0.0,0.0,0.0,0.0,0.0,0.0,0.0,0.0,0.0,0.0,28100.0,G17_62_H2
2024-02-20 00:00:00,3.0,0.0,3.0,18.0,10.0,1.18,590.0,278.0,44.0,0.63,0.58,34.0,32.2,0.5,0.55,0.0,0.0,1.0,1.0,28100.0,G17_62_H3
2024-02-21 00:00:00,0.0,-1.0,4.0,8.0,32.0,1.29,645.0,296.6,48.0,0.63,0.59,33.3,31.7,0.4,0.4,0.0,0.0,1.0,1.0,28100.0,G17_62_H3
2024-02-22 00:00:00,1.0,-5.0,5.0,7.0,27.0,1.51,755.0,313.3,68.0,0.68,0.62,33.0,31.4,0.32,0.35,0.0,0.0,1.0,1.0,28100.0,G17_62_H3
2024-02-23 00:00:00,0.0,-4.0,6.0,13.0,7.0,1.73,865.0,324.1,68.0,0.73,0.67,32.6,30.7,0.3,0.32,0.0,0.0,1.0,1.0,28100.0,G17_62_H3
2024-02-24 00:00:00,1.0,-3.0,7.0,11.0,13.0,1.95,975.0,303.0,76.0,0.74,0.69,31.8,29.9,0.35,0.43,0.0,0.0,1.0,1.0,28100.0,G17_62_H3
2024-02-25 00:00:00,4.0,-3.0,8.0,29.0,97.0,2.06,1030.0,248.5,76.0,0.74,0.64,31.5,29.6,0.37,0.43,0.0,0.0,1.0,1.0,28100.0,G17_62_H3
2024-02-26 00:00:00,7.0,-2.0,9.0,22.0,7.0,2.21,1105.0,267.5,72.0,0.75,0.67,31.1,29.5,0.37,0.52,0.0,0.0,1.0,1.0,28100.0,G17_62_H3
2024-02-27 00:00:00,7.0,0.0,10.0,5.0,1.0,2.3,1150.0,230.8,56.0,0.78,0.67,31.0,29.3,0.37,0.5,0.0,0.0,1.0,1.0,28100.0,G17_62_H3
2024-02-28 00:00:00,5.0,2.0,11.0,6.0,10.0,2.87,1435.0,233.3,44.0,0.78,0.67,30.5,28.6,0.4,0.44,0.0,0.0,1.0,1.0,28100.0,G17_62_H3
2024-02-29 00:00:00,5.0,-2.0,12.0,9.0,42.0,3.25,1625.0,246.6,44.0,0.79,0.69,30.3,27.9,0.4,0.46,0.0,0.0,1.0,1.5,28100.0,G17_62_H3
2024-03-01 00:00:00,6.0,-1.0,13.0,8.0,25.0,3.31,1655.0,293.3,44.0,0.75,0.67,30.0,28.1,0.35,0.4,0.0,0.0,1.5,1.5,28100.0,G17_62_H3
2024-03-02 00:00:00,11.0,0.0,14.0,7.0,10.0,3.83,1915.0,260.8,44.0,0.75,0.66,29.8,27.9,0.38,0.46,0.0,0.0,1.5,1.5,28100.0,G17_62_H3
2024-03-03 00:00:00,14.0,3.0,15.0,6.0,24.0,4.2,2100.0,206.6,56.0,0.78,0.67,29.7,27.7,0.37,0.44,0.0,0.0,1.5,1.5,28100.0,G17_62_H3
2024-03-04 00:00:00,10.0,7.0,16.0,6.0,26.0,4.62,2310.0,152.5,44.0,0.78,0.68,29.4,27.5,0.39,0.44,0.0,0.0,1.5,1.5,28100.0,G17_62_H3
2024-03-05 00:00:00,9.0,5.0,17.0,9.0,47.0,4.9,2450.0,157.5,44.0,0.83,0.74,29.1,27.3,0.35,0.4,0.0,0.0,1.5,1.5,28100.0,G17_62_H3
2024-03-06 00:00:00,10.0,0.0,18.0,7.0,40.0,5.3,2650.0,155.8,52.0,0.82,0.74,28.5,27.0,0.33,0.4,0.0,0.0,1.5,1.5,28100.0,G17_62_H3
2024-03-07 00:00:00,14.0,1.0,19.0,5.0,15.0,5.28,2640.0,135.8,44.0,0.84,0.76,28.2,26.7,0.3,0.41,0.0,0.0,1.5,1.5,28100.0,G17_62_H3
2024-03-08 00:00:00,12.0,0.0,20.0,6.0,39.0,5.8,2900.0,71.6,40.0,0.84,0.72,28.1,26.4,0.3,0.44,0.0,0.0,1.5,1.5,28100.0,G17_62_H3
2024-03-09 00:00:00,12.0,2.0,21.0,7.0,15.0,5.87,2935.0,98.3,52.0,0.83,0.73,28.0,26.2,0.32,0.43,0.0,0.0,1.5,1.5,28100.0,G17_62_H3
2024-03-10 00:00:00,16.0,5.0,22.0,8.0,11.0,6.34,3170.0,66.6,44.0,0.75,0.73,27.7,26.1,0.3,0.43,0.0,0.0,1.5,1.5,28100.0,G17_62_H3
2024-03-11 00:00:00,21.0,6.0,23.0,4.0,7.0,6.21,3105.0,27.9,48.0,0.85,0.07,28.4,26.2,0.3,0.54,0.0,0.0,1.5,1.5,28100.0,G17_62_H3
2024-03-12 00:00:00,15.0,4.0,24.0,8.0,7.0,6.4,3200.0,13.3,48.0,0.84,0.72,27.4,25.77,0.32,0.4,0.0,0.0,1.5,1.5,28100.0,G17_62_H3
2024-03-13 00:00:00,16.0,7.0,25.0,8.0,21.0,6.38,3190.0,54.1,44.0,0.83,0.71,27.2,25.5,0.32,0.4,0.0,0.0,1.5,1.5,28100.0,G17_62_H3
2024-03-14 00:00:00,16.0,5.0,26.0,7.0,7.0,7.14,3570.0,9.2,48.0,0.86,0.76,27.3,25.6,0.33,0.36,0.0,0.0,1.5,1.5,28100.0,G17_62_H3
2024-03-15 00:00:00,19.0,5.0,27.0,6.0,5.0,7.42,3710.0,55.0,52.0,0.86,0.8,27.4,25.1,0.33,0.45,0.0,0.0,1.5,1.5,28100.0,G17_62_H3
2024-03-16 00:00:00,22.0,10.0,28.0,9.0,18.0,8.0,4000.0,14.1,56.0,0.88,0.75,28.2,25.0,0.32,0.68,0.0,0.0,1.5,2.0,28100.0,G17_62_H3
2024-03-17 00:00:00,12.0,5.0,29.0,7.0,39.0,8.0,4000.0,1.0,64.0,0.87,0.8,26.9,24.5,0.3,0.35,0.0,0.0,1.5,1.5,28100.0,G17_62_H3
2024-03-18 00:00:00,11.0,4.0,30.0,17.0,9.0,8.7,4350.0,41.6,44.0,0.86,0.77,25.7,23.9,0.3,0.33,0.0,0.0,1.5,1.5,28100.0,G17_62_H3
2024-03-19 00:00:00,17.0,3.0,31.0,25.0,7.0,8.68,4340.0,35.2,64.0,0.86,0.69,26.2,23.6,0.3,0.54,0.0,0.0,1.5,1.5,28100.0,G17_62_H3
2024-03-20 00:00:00,18.0,5.0,32.0,55.0,3.0,8.44,4220.0,29.6,64.0,0.86,0.7,25.5,23.1,0.3,0.52,0.0,0.0,1.5,1.5,28100.0,G17_62_H3
2024-03-21 00:00:00,24.0,9.0,33.0,43.0,8.0,8.7,4350.0,14.0,72.0,0.88,0.65,26.9,23.0,0.3,0.65,0.0,0.0,1.5,2.0,28100.0,G17_62_H3
2024-03-22 00:00:00,26.0,14.0,34.0,44.0,15.0,9.05,4525.0,1.5,76.0,0.86,0.65,28.2,23.1,0.3,1.1,0.0,0.0,1.5,4.0,28100.0,G17_62_H3
2024-03-23 00:00:00,19.0,13.0,35.0,56.0,7.0,9.08,4540.0,0.3,96.0,0.86,0.79,25.7,23.5,0.35,0.5,0.0,0.0,1.5,2.0,28100.0,G17_62_H3
2024-03-24 00:00:00,17.0,10.0,36.0,57.0,4.0,8.49,4245.0,0.4,84.0,0.89,0.84,24.5,22.3,0.33,0.43,0.0,0.0,1.5,1.5,28100.0,G17_62_H3
2024-03-25 00:00:00,11.0,5.0,37.0,53.0,5.0,8.44,4220.0,1.0,68.0,0.88,0.83,24.2,21.6,0.33,0.38,0.0,0.0,1.5,1.5,28100.0,G17_62_H3
2024-03-26 00:00:00,15.0,8.0,38.0,0.0,0.0,0.0,0.0,0.0,0.0,0.0,0.0,0.0,0.0,0.0,0.0,0.0,0.0,0.0,0.0,28100.0,G17_62_H3
2024-03-27 00:00:00,15.0,10.0,39.0,0.0,0.0,0.0,0.0,0.0,0.0,0.0,0.0,0.0,0.0,0.0,0.0,0.0,0.0,0.0,0.0,28100.0,G17_62_H3
2024-02-20 00:00:00,3.0,0.0,3.0,19.0,9.0,1.18,590.0,278.0,48.0,0.58,0.5,34.0,32.3,0.5,0.55,0.0,0.0,1.0,1.0,28100.0,G17_62_H4
2024-02-21 00:00:00,0.0,-1.0,4.0,7.0,12.0,1.29,645.0,296.6,52.0,0.59,0.53,33.4,31.7,0.4,0.4,0.0,0.0,1.0,1.0,28100.0,G17_62_H4
2024-02-22 00:00:00,1.0,-5.0,5.0,5.0,7.0,1.51,755.0,313.3,44.0,0.67,0.58,33.1,31.3,0.32,0.35,0.0,0.0,1.0,1.0,28100.0,G17_62_H4
2024-02-23 00:00:00,0.0,-4.0,6.0,6.0,17.0,1.73,865.0,324.1,48.0,0.7,0.64,32.5,30.8,0.3,0.32,0.0,0.0,1.0,1.0,28100.0,G17_62_H4
2024-02-24 00:00:00,1.0,-3.0,7.0,8.0,12.0,1.96,980.0,303.0,48.0,0.71,0.63,31.8,29.8,0.35,0.43,0.0,0.0,1.0,1.0,28100.0,G17_62_H4
2024-02-25 00:00:00,4.0,-3.0,8.0,11.0,151.0,2.06,1030.0,248.5,48.0,0.72,0.58,31.5,29.4,0.37,0.43,0.0,0.0,1.0,1.0,28100.0,G17_62_H4
2024-02-26 00:00:00,7.0,-2.0,9.0,12.0,6.0,2.28,1140.0,267.5,48.0,0.73,0.6,31.2,29.4,0.37,0.52,0.0,0.0,1.0,1.0,28100.0,G17_62_H4
2024-02-27 00:00:00,7.0,0.0,10.0,4.0,4.0,2.56,1280.0,230.8,32.0,0.75,0.61,31.0,29.2,0.37,0.5,0.0,0.0,1.0,1.0,28100.0,G17_62_H4
2024-02-28 00:00:00,5.0,2.0,11.0,3.0,21.0,3.05,1525.0,233.3,24.0,0.76,0.64,30.3,28.5,0.4,0.44,0.0,0.0,1.0,1.0,28100.0,G17_62_H4
2024-02-29 00:00:00,5.0,-2.0,12.0,4.0,7.0,3.44,1720.0,246.6,28.0,0.77,0.68,30.2,28.0,0.4,0.46,0.0,0.0,1.0,1.5,28100.0,G17_62_H4
2024-03-01 00:00:00,6.0,-1.0,13.0,4.0,13.0,3.54,1770.0,293.3,40.0,0.75,0.65,29.9,27.9,0.35,0.4,0.0,0.0,1.5,1.5,28100.0,G17_62_H4
2024-03-02 00:00:00,11.0,0.0,14.0,3.0,14.0,3.74,1870.0,260.8,40.0,0.75,0.63,29.6,27.7,0.38,0.46,0.0,0.0,1.5,1.5,28100.0,G17_62_H4
2024-03-03 00:00:00,14.0,3.0,15.0,7.0,28.0,4.23,2115.0,206.6,36.0,0.77,0.64,29.4,27.5,0.37,0.44,0.0,0.0,1.5,1.5,28100.0,G17_62_H4
2024-03-04 00:00:00,10.0,7.0,16.0,5.0,14.0,4.63,2315.0,152.5,40.0,0.77,0.66,29.0,27.3,0.39,0.44,0.0,0.0,1.5,1.5,28100.0,G17_62_H4
2024-03-05 00:00:00,9.0,5.0,17.0,5.0,12.0,4.83,2415.0,157.5,36.0,0.82,0.72,28.8,27.2,0.35,0.4,0.0,0.0,1.5,1.5,28100.0,G17_62_H4
2024-03-06 00:00:00,10.0,0.0,18.0,6.0,25.0,5.33,2665.0,155.8,40.0,0.82,0.72,28.5,26.9,0.33,0.4,0.0,0.0,1.5,1.5,28100.0,G17_62_H4
2024-03-07 00:00:00,14.0,1.0,19.0,6.0,22.0,5.41,2705.0,135.8,36.0,0.84,0.73,28.4,26.7,0.3,0.41,0.0,0.0,1.5,1.5,28100.0,G17_62_H4
2024-03-08 00:00:00,12.0,0.0,20.0,4.0,24.0,5.85,2925.0,71.6,36.0,0.83,0.73,28.0,26.5,0.3,0.44,0.0,0.0,1.5,1.5,28100.0,G17_62_H4
2024-03-09 00:00:00,12.0,2.0,21.0,7.0,20.0,5.92,2960.0,98.3,36.0,0.83,0.72,27.8,26.1,0.32,0.43,0.0,0.0,1.5,1.5,28100.0,G17_62_H4
2024-03-10 00:00:00,16.0,5.0,22.0,6.0,26.0,6.44,3220.0,66.6,36.0,0.85,0.73,27.9,26.0,0.3,0.43,0.0,0.0,1.5,1.5,28100.0,G17_62_H4
2024-03-11 00:00:00,21.0,6.0,23.0,5.0,15.0,6.22,3110.0,27.9,40.0,0.84,0.69,28.0,26.1,0.3,0.54,0.0,0.0,1.5,1.5,28100.0,G17_62_H4
2024-03-12 00:00:00,15.0,4.0,24.0,7.0,8.0,6.43,3215.0,13.3,40.0,0.84,0.72,27.2,25.7,0.32,0.4,0.0,0.0,1.5,1.5,28100.0,G17_62_H4
2024-03-13 00:00:00,16.0,7.0,25.0,11.0,19.0,6.55,3275.0,54.1,36.0,0.84,0.72,27.0,25.3,0.32,0.4,0.0,0.0,1.5,1.5,28100.0,G17_62_H4
2024-03-14 00:00:00,16.0,5.0,26.0,11.0,18.0,6.86,3430.0,9.2,40.0,0.86,0.76,27.1,25.4,0.33,0.36,0.0,0.0,1.5,1.5,28100.0,G17_62_H4
2024-03-15 00:00:00,19.0,5.0,27.0,6.0,20.0,7.22,3610.0,55.0,40.0,0.86,0.79,27.0,24.9,0.33,0.45,0.0,0.0,1.5,1.5,28100.0,G17_62_H4
2024-03-16 00:00:00,22.0,10.0,28.0,5.0,11.0,7.48,3740.0,14.1,48.0,0.91,0.78,27.8,24.5,0.32,0.68,0.0,0.0,1.5,1.5,28100.0,G17_62_H4
2024-03-17 00:00:00,12.0,5.0,29.0,14.0,14.0,8.16,4080.0,1.0,56.0,0.87,0.8,26.9,24.2,0.3,0.35,0.0,0.0,1.5,1.5,28100.0,G17_62_H4
2024-03-18 00:00:00,11.0,4.0,30.0,11.0,14.0,8.73,4365.0,41.6,48.0,0.87,0.78,26.1,23.9,0.3,0.33,0.0,0.0,1.5,1.5,28100.0,G17_62_H4
2024-03-19 00:00:00,17.0,3.0,31.0,18.0,25.0,8.84,4420.0,35.2,48.0,0.86,0.69,26.0,23.5,0.3,0.54,0.0,0.0,1.5,1.5,28100.0,G17_62_H4
2024-03-20 00:00:00,18.0,5.0,32.0,26.0,14.0,9.0,4500.0,29.6,52.0,0.87,0.72,25.2,23.0,0.3,0.52,0.0,0.0,1.5,1.5,28100.0,G17_62_H4
2024-03-21 00:00:00,24.0,9.0,33.0,17.0,10.0,9.01,4505.0,14.0,60.0,0.88,0.68,26.8,23.0,0.3,0.65,0.0,0.0,1.5,2.0,28100.0,G17_62_H4
2024-03-22 00:00:00,26.0,14.0,34.0,36.0,5.0,9.12,4560.0,1.5,60.0,0.86,0.68,28.0,23.1,0.3,1.1,0.0,0.0,1.5,4.0,28100.0,G17_62_H4
2024-03-23 00:00:00,19.0,13.0,35.0,54.0,3.0,9.69,4845.0,0.3,88.0,0.86,0.79,25.6,23.5,0.35,0.5,0.0,0.0,1.5,2.0,28100.0,G17_62_H4
2024-03-24 00:00:00,17.0,10.0,36.0,62.0,4.0,9.19,4595.0,0.4,68.0,0.88,0.83,24.7,22.0,0.33,0.43,0.0,0.0,1.5,1.5,28100.0,G17_62_H4
2024-03-25 00:00:00,11.0,5.0,37.0,115.0,0.0,8.88,4440.0,1.0,72.0,0.88,0.81,24.4,21.5,0.33,0.38,0.0,0.0,1.5,1.5,28100.0,G17_62_H4
2024-03-26 00:00:00,15.0,8.0,38.0,0.0,0.0,0.0,0.0,0.0,0.0,0.0,0.0,0.0,0.0,0.0,0.0,0.0,0.0,0.0,0.0,28100.0,G17_62_H4
2024-03-27 00:00:00,15.0,10.0,39.0,0.0,0.0,0.0,0.0,0.0,0.0,0.0,0.0,0.0,0.0,0.0,0.0,0.0,0.0,0.0,0.0,28100.0,G17_62_H4
2024-02-20 00:00:00,3.0,0.0,3.0,6.0,46.0,1.18,590.0,278.0,56.0,0.63,0.55,34.0,32.2,0.5,0.55,0.0,0.0,1.0,1.0,28200.0,G17_62_H5
2024-02-21 00:00:00,0.0,-1.0,4.0,7.0,38.0,1.29,645.0,296.6,84.0,0.62,0.55,33.2,31.7,0.4,0.4,0.0,0.0,1.0,1.0,28200.0,G17_62_H5
2024-02-22 00:00:00,1.0,-5.0,5.0,8.0,30.0,1.51,755.0,313.3,68.0,0.7,0.6,33.0,31.1,0.32,0.35,0.0,0.0,1.0,1.0,28200.0,G17_62_H5
2024-02-23 00:00:00,0.0,-4.0,6.0,5.0,34.0,1.73,865.0,324.1,68.0,0.74,0.68,32.5,30.7,0.3,0.32,0.0,0.0,1.0,1.0,28200.0,G17_62_H5
2024-02-24 00:00:00,1.0,-3.0,7.0,6.0,30.0,1.95,975.0,303.0,72.0,0.75,0.68,31.6,29.8,0.35,0.43,0.0,0.0,1.0,1.0,28200.0,G17_62_H5
2024-02-25 00:00:00,4.0,-3.0,8.0,10.0,216.0,2.05,1025.0,248.5,64.0,0.75,0.62,31.5,29.5,0.37,0.43,0.0,0.0,1.0,1.0,28200.0,G17_62_H5
2024-02-26 00:00:00,7.0,-2.0,9.0,6.0,12.0,2.21,1105.0,267.5,64.0,0.77,0.65,31.1,29.4,0.37,0.52,0.0,0.0,1.0,1.0,28200.0,G17_62_H5
2024-02-27 00:00:00,7.0,0.0,10.0,5.0,24.0,2.49,1245.0,230.8,40.0,0.79,0.65,30.8,29.2,0.37,0.5,0.0,0.0,1.0,1.0,28200.0,G17_62_H5
2024-02-28 00:00:00,5.0,2.0,11.0,4.0,18.0,3.14,1570.0,233.3,36.0,0.79,0.68,30.3,28.5,0.4,0.44,0.0,0.0,1.0,1.0,28200.0,G17_62_H5
2024-02-29 00:00:00,5.0,-2.0,12.0,2.0,12.0,3.32,1660.0,246.6,32.0,0.8,0.7,30.1,27.9,0.4,0.46,0.0,0.0,1.0,1.5,28200.0,G17_62_H5
2024-03-01 00:00:00,6.0,-1.0,13.0,4.0,18.0,3.51,1755.0,293.3,68.0,0.77,0.68,29.8,27.9,0.35,0.4,0.0,0.0,1.5,1.5,28200.0,G17_62_H5
2024-03-02 00:00:00,11.0,0.0,14.0,3.0,26.0,3.88,1940.0,260.8,28.0,0.78,0.66,29.5,27.6,0.38,0.46,0.0,0.0,1.5,1.5,28200.0,G17_62_H5
2024-03-03 00:00:00,14.0,3.0,15.0,2.0,24.0,4.35,2175.0,206.6,32.0,0.78,0.67,29.4,27.4,0.37,0.44,0.0,0.0,1.5,1.5,28200.0,G17_62_H5
2024-03-04 00:00:00,10.0,7.0,16.0,3.0,22.0,4.71,2355.0,152.5,60.0,0.79,0.68,29.0,27.3,0.39,0.44,0.0,0.0,1.5,1.5,28200.0,G17_62_H5
2024-03-05 00:00:00,9.0,5.0,17.0,3.0,32.0,4.94,2470.0,157.5,44.0,0.83,0.74,28.7,26.9,0.35,0.4,0.0,0.0,1.5,1.5,28200.0,G17_62_H5
2024-03-06 00:00:00,10.0,0.0,18.0,4.0,36.0,5.33,2665.0,155.8,48.0,0.83,0.73,28.6,26.8,0.33,0.4,0.0,0.0,1.5,1.5,28200.0,G17_62_H5
2024-03-07 00:00:00,14.0,1.0,19.0,5.0,68.0,5.47,2735.0,135.8,44.0,0.85,0.75,28.1,26.6,0.3,0.41,0.0,0.0,1.5,1.5,28200.0,G17_62_H5
2024-03-08 00:00:00,12.0,0.0,20.0,5.0,75.0,5.97,2985.0,71.6,44.0,0.84,0.74,27.9,26.3,0.3,0.44,0.0,0.0,1.5,1.5,28200.0,G17_62_H5
2024-03-09 00:00:00,12.0,2.0,21.0,5.0,80.0,5.95,2975.0,98.3,40.0,0.85,0.75,27.8,26.1,0.32,0.43,0.0,0.0,1.5,1.5,28200.0,G17_62_H5
2024-03-10 00:00:00,16.0,5.0,22.0,6.0,74.0,6.54,3270.0,66.6,44.0,0.86,0.74,27.4,25.8,0.3,0.43,0.0,0.0,1.5,1.5,28200.0,G17_62_H5
2024-03-11 00:00:00,21.0,6.0,23.0,6.0,44.0,6.22,3110.0,27.9,44.0,0.87,0.7,27.9,26.0,0.3,0.54,0.0,0.0,1.5,1.5,28200.0,G17_62_H5
2024-03-12 00:00:00,15.0,4.0,24.0,7.0,48.0,6.84,3420.0,13.3,40.0,0.85,0.75,27.0,25.4,0.32,0.4,0.0,0.0,1.5,1.5,28200.0,G17_62_H5
2024-03-13 00:00:00,16.0,7.0,25.0,6.0,36.0,6.6,3300.0,54.1,44.0,0.85,0.73,27.0,25.2,0.32,0.4,0.0,0.0,1.5,1.5,28200.0,G17_62_H5
2024-03-14 00:00:00,16.0,5.0,26.0,6.0,30.0,6.63,3315.0,9.2,44.0,0.87,0.78,27.1,25.4,0.33,0.36,0.0,0.0,1.5,1.5,28200.0,G17_62_H5
2024-03-15 00:00:00,19.0,5.0,27.0,5.0,31.0,7.18,3590.0,55.0,40.0,0.88,0.8,27.0,25.1,0.33,0.45,0.0,0.0,1.5,1.5,28200.0,G17_62_H5
2024-03-16 00:00:00,22.0,10.0,28.0,3.0,33.0,7.3,3650.0,14.1,44.0,0.92,0.81,27.6,24.5,0.32,0.68,0.0,0.0,1.5,1.5,28200.0,G17_62_H5
2024-03-17 00:00:00,12.0,5.0,29.0,10.0,32.0,7.79,3895.0,1.0,40.0,0.88,0.8,26.7,24.3,0.3,0.35,0.0,0.0,1.5,1.5,28200.0,G17_62_H5
2024-03-18 00:00:00,11.0,4.0,30.0,12.0,65.0,7.99,3995.0,41.6,44.0,0.89,0.79,25.8,23.9,0.3,0.33,0.0,0.0,1.5,1.5,28200.0,G17_62_H5
2024-03-19 00:00:00,17.0,3.0,31.0,18.0,52.0,8.48,4240.0,35.2,40.0,0.87,0.75,25.8,23.6,0.3,0.54,0.0,0.0,1.5,1.5,28200.0,G17_62_H5
2024-03-20 00:00:00,18.0,5.0,32.0,32.0,38.0,8.97,4485.0,29.6,40.0,0.88,0.7,25.4,23.2,0.3,0.52,0.0,0.0,1.5,1.5,28200.0,G17_62_H5
2024-03-21 00:00:00,24.0,9.0,33.0,58.0,48.0,9.11,4555.0,14.0,48.0,0.93,0.72,26.5,23.0,0.3,0.65,0.0,0.0,1.5,2.0,28200.0,G17_62_H5
2024-03-22 00:00:00,26.0,14.0,34.0,62.0,40.0,9.19,4595.0,1.5,40.0,0.84,0.71,27.4,23.0,0.3,1.1,0.0,0.0,1.5,4.0,28200.0,G17_62_H5
2024-03-23 00:00:00,19.0,13.0,35.0,86.0,54.0,9.26,4630.0,0.3,44.0,0.88,0.8,25.5,23.3,0.35,0.5,0.0,0.0,1.5,2.0,28200.0,G17_62_H5
2024-03-24 00:00:00,17.0,10.0,36.0,130.0,31.0,8.48,4240.0,0.4,80.0,0.87,0.82,24.3,22.0,0.33,0.43,0.0,0.0,1.5,1.5,28200.0,G17_62_H5
2024-03-25 00:00:00,11.0,5.0,37.0,180.0,0.0,8.24,4120.0,1.0,48.0,0.92,0.86,24.0,21.4,0.33,0.38,0.0,0.0,1.5,1.5,28200.0,G17_62_H5
2024-03-26 00:00:00,15.0,8.0,38.0,0.0,0.0,0.0,0.0,0.0,0.0,0.0,0.0,0.0,0.0,0.0,0.0,0.0,0.0,0.0,0.0,28200.0,G17_62_H5
2024-03-27 00:00:00,15.0,10.0,39.0,0.0,0.0,0.0,0.0,0.0,0.0,0.0,0.0,0.0,0.0,0.0,0.0,0.0,0.0,0.0,0.0,28200.0,G17_62_H5
2024-02-20 00:00:00,3.0,0.0,3.0,7.0,200.0,1.23,615.0,278.0,64.0,0.6,0.53,34.8,33.0,0.5,0.55,0.0,0.0,1.0,1.0,29600.0,G17_62_H6
2024-02-21 00:00:00,0.0,-1.0,4.0,7.0,50.0,1.34,670.0,296.6,68.0,0.6,0.51,33.8,32.1,0.38,0.38,0.0,0.0,1.0,1.0,29600.0,G17_62_H6
2024-02-22 00:00:00,1.0,-5.0,5.0,10.0,128.0,1.57,785.0,313.3,68.0,0.62,0.52,33.5,31.9,0.3,0.32,0.0,0.0,1.0,1.0,29600.0,G17_62_H6
2024-02-23 00:00:00,0.0,-4.0,6.0,10.0,120.0,1.79,895.0,324.1,64.0,0.71,0.61,33.1,31.3,0.28,0.3,0.0,0.0,1.0,1.0,29600.0,G17_62_H6
2024-02-24 00:00:00,1.0,-3.0,7.0,9.0,93.0,2.01,1005.0,304.0,64.0,0.72,0.65,32.3,30.4,0.35,0.43,0.0,0.0,1.0,1.0,29600.0,G17_62_H6
2024-02-25 00:00:00,4.0,-3.0,8.0,13.0,177.0,2.12,1060.0,248.5,64.0,0.72,0.61,32.2,30.1,0.35,0.4,0.0,0.0,1.0,1.0,29600.0,G17_62_H6
2024-02-26 00:00:00,7.0,-2.0,9.0,10.0,52.0,2.33,1165.0,267.5,60.0,0.74,0.62,31.7,30.1,0.35,0.45,0.0,0.0,1.0,1.0,29600.0,G17_62_H6
2024-02-27 00:00:00,7.0,0.0,10.0,5.0,42.0,2.73,1365.0,230.8,64.0,0.77,0.65,31.4,29.6,0.35,0.45,0.0,0.0,1.0,1.0,29600.0,G17_62_H6
2024-02-28 00:00:00,5.0,2.0,11.0,4.0,32.0,2.89,1445.0,233.3,32.0,0.76,0.64,30.7,29.0,0.37,0.4,0.0,0.0,1.0,1.0,29600.0,G17_62_H6
2024-02-29 00:00:00,5.0,-2.0,12.0,9.0,70.0,3.3,1650.0,246.6,36.0,0.77,0.65,30.5,25.1,0.4,0.46,0.0,0.0,1.0,1.5,29600.0,G17_62_H6
2024-03-01 00:00:00,6.0,-1.0,13.0,5.0,100.0,3.32,1660.0,293.3,48.0,0.72,0.62,30.3,28.3,0.35,0.4,0.0,0.0,1.5,1.5,29600.0,G17_62_H6
2024-03-02 00:00:00,11.0,0.0,14.0,3.0,52.0,3.58,1790.0,260.8,48.0,0.71,0.61,30.0,28.1,0.38,0.46,0.0,0.0,1.5,1.5,29600.0,G17_62_H6
2024-03-03 00:00:00,14.0,3.0,15.0,4.0,25.0,4.02,2010.0,206.6,44.0,0.74,0.62,29.7,27.8,0.37,0.44,0.0,0.0,1.5,1.5,29600.0,G17_62_H6
2024-03-04 00:00:00,10.0,7.0,16.0,5.0,57.0,4.52,2260.0,152.5,44.0,0.75,0.63,29.4,27.6,0.39,0.44,0.0,0.0,1.5,1.5,29600.0,G17_62_H6
2024-03-05 00:00:00,9.0,5.0,17.0,5.0,33.0,4.85,2425.0,157.5,48.0,0.81,0.71,28.9,27.2,0.35,0.4,0.0,0.0,1.5,1.5,29600.0,G17_62_H6
2024-03-06 00:00:00,10.0,0.0,18.0,4.0,14.0,5.11,2555.0,155.8,44.0,0.81,0.7,28.7,27.2,0.33,0.4,0.0,0.0,1.5,1.5,29600.0,G17_62_H6
2024-03-07 00:00:00,14.0,1.0,19.0,3.0,19.0,5.44,2720.0,135.8,44.0,0.84,0.72,28.5,26.6,0.3,0.41,0.0,0.0,1.5,1.5,29600.0,G17_62_H6
2024-03-08 00:00:00,12.0,0.0,20.0,3.0,14.0,5.69,2845.0,71.6,44.0,0.86,0.72,28.3,26.6,0.3,0.44,0.0,0.0,1.5,1.5,29600.0,G17_62_H6
2024-03-09 00:00:00,12.0,2.0,21.0,3.0,16.0,5.89,2945.0,98.3,40.0,0.85,0.73,27.8,26.5,0.32,0.43,0.0,0.0,1.5,1.5,29600.0,G17_62_H6
2024-03-10 00:00:00,16.0,5.0,22.0,2.0,7.0,6.38,3190.0,66.6,36.0,0.88,0.73,27.9,26.3,0.3,0.43,0.0,0.0,1.5,1.5,29600.0,G17_62_H6
2024-03-11 00:00:00,21.0,6.0,23.0,3.0,14.0,6.77,3385.0,27.9,44.0,0.87,0.68,28.4,26.4,0.3,0.54,0.0,0.0,1.5,1.5,29600.0,G17_62_H6
2024-03-12 00:00:00,15.0,4.0,24.0,4.0,9.0,6.96,3480.0,13.3,40.0,0.86,0.71,27.5,25.7,0.32,0.4,0.0,0.0,1.5,1.5,29600.0,G17_62_H6
2024-03-13 00:00:00,16.0,7.0,25.0,5.0,18.0,6.77,3385.0,54.1,44.0,0.85,0.7,27.2,25.4,0.32,0.4,0.0,0.0,1.5,1.5,29600.0,G17_62_H6
2024-03-14 00:00:00,16.0,5.0,26.0,4.0,10.0,7.46,3730.0,9.2,44.0,0.88,0.77,27.2,25.5,0.33,0.36,0.0,0.0,1.5,1.5,29600.0,G17_62_H6
2024-03-15 00:00:00,19.0,5.0,27.0,5.0,30.0,7.6,3800.0,55.0,48.0,0.88,0.76,27.4,24.9,0.33,0.45,0.0,0.0,1.5,1.5,29600.0,G17_62_H6
2024-03-16 00:00:00,22.0,10.0,28.0,5.0,26.0,8.09,4045.0,14.1,48.0,0.9,0.73,28.3,24.8,0.32,0.68,0.0,0.0,1.5,2.0,29600.0,G17_62_H6
2024-03-17 00:00:00,12.0,5.0,29.0,5.0,24.0,8.64,4320.0,1.0,64.0,0.87,0.77,27.0,24.3,0.3,0.35,0.0,0.0,1.5,1.5,29600.0,G17_62_H6
2024-03-18 00:00:00,11.0,4.0,30.0,6.0,30.0,8.75,4375.0,41.6,48.0,0.89,0.78,26.0,23.8,0.3,0.33,0.0,0.0,1.5,1.5,29600.0,G17_62_H6
2024-03-19 00:00:00,17.0,3.0,31.0,10.0,20.0,9.6,4800.0,35.2,52.0,0.89,0.66,26.1,23.5,0.3,0.54,0.0,0.0,1.5,1.5,29600.0,G17_62_H6
2024-03-20 00:00:00,18.0,5.0,32.0,10.0,43.0,9.79,4895.0,29.6,60.0,0.89,0.65,25.5,23.0,0.3,0.52,0.0,0.0,1.5,1.5,29600.0,G17_62_H6
2024-03-21 00:00:00,24.0,9.0,33.0,13.0,12.0,10.29,5145.0,14.0,64.0,0.9,0.63,27.1,23.0,0.3,0.68,0.0,0.0,1.5,2.0,29600.0,G17_62_H6
2024-03-22 00:00:00,26.0,14.0,34.0,15.0,20.0,10.47,5235.0,1.5,76.0,0.84,0.62,27.8,23.2,0.3,1.1,0.0,0.0,1.5,4.0,29600.0,G17_62_H6
2024-03-23 00:00:00,19.0,13.0,35.0,27.0,0.0,10.53,5265.0,0.3,100.0,0.88,0.79,25.9,23.7,0.35,0.5,0.0,0.0,1.5,2.0,29600.0,G17_62_H6
2024-03-24 00:00:00,17.0,10.0,36.0,45.0,0.0,10.0,5000.0,0.4,72.0,0.92,0.84,24.8,22.4,0.33,0.43,0.0,0.0,1.5,1.5,29600.0,G17_62_H6
2024-03-25 00:00:00,11.0,5.0,37.0,130.0,0.0,10.05,5025.0,1.0,80.0,0.9,0.84,23.3,21.5,0.33,0.38,0.0,0.0,1.5,1.5,29600.0,G17_62_H6
2024-03-26 00:00:00,15.0,8.0,38.0,0.0,0.0,0.0,0.0,0.0,0.0,0.0,0.0,0.0,0.0,0.0,0.0,0.0,0.0,0.0,0.0,29600.0,G17_62_H6
2024-03-27 00:00:00,15.0,10.0,39.0,0.0,0.0,0.0,0.0,0.0,0.0,0.0,0.0,0.0,0.0,0.0,0.0,0.0,0.0,0.0,0.0,29600.0,G17_62_H6
2024-02-20 00:00:00,3.0,0.0,3.0,5.0,170.0,1.23,615.0,278.0,60.0,0.6,0.51,34.7,32.7,0.5,0.55,0.0,0.0,1.0,1.0,29600.0,G17_62_H7
2024-02-21 00:00:00,0.0,-1.0,4.0,5.0,56.0,1.34,670.0,296.6,60.0,0.59,0.52,33.8,32.0,0.38,0.38,0.0,0.0,1.0,1.0,29600.0,G17_62_H7
2024-02-22 00:00:00,1.0,-5.0,5.0,9.0,100.0,1.57,785.0,313.3,64.0,0.62,0.51,33.4,31.6,0.3,0.32,0.0,0.0,1.0,1.0,29600.0,G17_62_H7
2024-02-23 00:00:00,0.0,-4.0,6.0,9.0,90.0,1.8,900.0,324.1,60.0,0.7,0.59,33.1,31.1,0.28,0.3,0.0,0.0,1.0,1.0,29600.0,G17_62_H7
2024-02-24 00:00:00,1.0,-3.0,7.0,8.0,75.0,2.02,1010.0,304.0,60.0,0.72,0.63,32.2,30.3,0.35,0.43,0.0,0.0,1.0,1.0,29600.0,G17_62_H7
2024-02-25 00:00:00,4.0,-3.0,8.0,10.0,218.0,2.12,1060.0,248.5,64.0,0.74,0.61,32.0,30.1,0.35,0.4,0.0,0.0,1.0,1.0,29600.0,G17_62_H7
2024-02-26 00:00:00,7.0,-2.0,9.0,9.0,45.0,2.3,1150.0,267.5,56.0,0.72,0.62,31.6,29.9,0.35,0.45,0.0,0.0,1.0,1.0,29600.0,G17_62_H7
2024-02-27 00:00:00,7.0,0.0,10.0,4.0,50.0,2.75,1375.0,230.8,52.0,0.78,0.66,31.4,29.6,0.35,0.45,0.0,0.0,1.0,1.0,29600.0,G17_62_H7
2024-02-28 00:00:00,5.0,2.0,11.0,3.0,28.0,2.91,1455.0,233.3,32.0,0.79,0.66,30.7,29.0,0.37,0.4,0.0,0.0,1.0,1.0,29600.0,G17_62_H7
2024-02-29 00:00:00,5.0,-2.0,12.0,6.0,72.0,3.39,1695.0,246.6,36.0,0.79,0.68,30.4,28.7,0.4,0.46,0.0,0.0,1.0,1.5,29600.0,G17_62_H7
2024-03-01 00:00:00,6.0,-1.0,13.0,9.0,92.0,3.59,1795.0,293.3,48.0,0.75,0.65,30.1,28.2,0.35,0.4,0.0,0.0,1.5,1.5,29600.0,G17_62_H7
2024-03-02 00:00:00,11.0,0.0,14.0,5.0,60.0,3.93,1965.0,260.8,48.0,0.76,0.65,29.9,27.9,0.38,0.46,0.0,0.0,1.5,1.5,29600.0,G17_62_H7
2024-03-03 00:00:00,14.0,3.0,15.0,3.0,80.0,4.22,2110.0,206.6,44.0,0.78,0.66,29.5,27.6,0.37,0.44,0.0,0.0,1.5,1.5,29600.0,G17_62_H7
2024-03-04 00:00:00,10.0,7.0,16.0,4.0,52.0,4.54,2270.0,152.5,44.0,0.79,0.69,29.2,27.4,0.39,0.44,0.0,0.0,1.5,1.5,29600.0,G17_62_H7
2024-03-05 00:00:00,9.0,5.0,17.0,4.0,64.0,4.82,2410.0,157.5,48.0,0.82,0.75,28.7,27.2,0.35,0.4,0.0,0.0,1.5,1.5,29600.0,G17_62_H7
2024-03-06 00:00:00,10.0,0.0,18.0,3.0,30.0,5.22,2610.0,155.8,48.0,0.83,0.73,28.7,26.8,0.33,0.4,0.0,0.0,1.5,1.5,29600.0,G17_62_H7
2024-03-07 00:00:00,14.0,1.0,19.0,4.0,54.0,5.65,2825.0,135.8,40.0,0.87,0.76,28.8,26.6,0.3,0.41,0.0,0.0,1.5,1.5,29600.0,G17_62_H7
2024-03-08 00:00:00,12.0,0.0,20.0,3.0,33.0,5.78,2890.0,71.6,40.0,0.87,0.75,28.1,26.5,0.3,0.44,0.0,0.0,1.5,1.5,29600.0,G17_62_H7
2024-03-09 00:00:00,12.0,2.0,21.0,2.0,24.0,6.29,3145.0,98.3,40.0,0.86,0.74,28.0,26.2,0.32,0.43,0.0,0.0,1.5,1.5,29600.0,G17_62_H7
2024-03-10 00:00:00,16.0,5.0,22.0,3.0,22.0,6.47,3235.0,66.6,40.0,0.91,0.74,27.5,26.1,0.3,0.43,0.0,0.0,1.5,1.5,29600.0,G17_62_H7
2024-03-11 00:00:00,21.0,6.0,23.0,2.0,11.0,7.08,3540.0,27.9,48.0,0.89,0.72,28.6,26.1,0.3,0.54,0.0,0.0,1.5,1.5,29600.0,G17_62_H7
2024-03-12 00:00:00,15.0,4.0,24.0,8.0,6.0,7.19,3595.0,13.3,40.0,0.89,0.74,27.3,25.6,0.32,0.4,0.0,0.0,1.5,1.5,29600.0,G17_62_H7
2024-03-13 00:00:00,16.0,7.0,25.0,4.0,16.0,7.34,3670.0,54.1,40.0,0.88,0.74,27.2,25.2,0.32,0.4,0.0,0.0,1.5,1.5,29600.0,G17_62_H7
2024-03-14 00:00:00,16.0,5.0,26.0,3.0,14.0,7.53,3765.0,9.2,44.0,0.91,0.81,27.2,25.3,0.33,0.36,0.0,0.0,1.5,1.5,29600.0,G17_62_H7
2024-03-15 00:00:00,19.0,5.0,27.0,3.0,17.0,7.69,3845.0,55.0,48.0,0.9,0.8,27.2,24.8,0.33,0.45,0.0,0.0,1.5,1.5,29600.0,G17_62_H7
2024-03-16 00:00:00,22.0,10.0,28.0,4.0,23.0,8.2,4100.0,14.1,48.0,0.92,0.78,28.3,24.6,0.32,0.68,0.0,0.0,1.5,2.0,29600.0,G17_62_H7
2024-03-17 00:00:00,12.0,5.0,29.0,4.0,31.0,8.57,4285.0,1.0,60.0,0.9,0.8,27.0,24.4,0.3,0.35,0.0,0.0,1.5,1.5,29600.0,G17_62_H7
2024-03-18 00:00:00,11.0,4.0,30.0,5.0,21.0,8.84,4420.0,41.6,48.0,0.89,0.79,26.0,24.0,0.3,0.33,0.0,0.0,1.5,1.5,29600.0,G17_62_H7
2024-03-19 00:00:00,17.0,3.0,31.0,9.0,26.0,9.54,4770.0,35.2,48.0,0.89,0.7,26.1,23.4,0.3,0.54,0.0,0.0,1.5,1.5,29600.0,G17_62_H7
2024-03-20 00:00:00,18.0,5.0,32.0,12.0,21.0,9.51,4755.0,29.6,60.0,0.9,0.71,25.6,23.0,0.3,0.52,0.0,0.0,1.5,1.5,29600.0,G17_62_H7
2024-03-21 00:00:00,24.0,9.0,33.0,14.0,25.0,10.33,5165.0,14.0,60.0,0.9,0.65,26.8,22.9,0.3,0.68,0.0,0.0,1.5,2.0,29600.0,G17_62_H7
2024-03-22 00:00:00,26.0,14.0,34.0,12.0,23.0,10.28,5140.0,1.5,72.0,0.87,0.65,27.8,23.0,0.3,1.1,0.0,0.0,1.5,4.0,29600.0,G17_62_H7
2024-03-23 00:00:00,19.0,13.0,35.0,25.0,0.0,10.37,5185.0,0.3,96.0,0.89,0.8,25.9,23.6,0.35,0.5,0.0,0.0,1.5,2.0,29600.0,G17_62_H7
2024-03-24 00:00:00,17.0,10.0,36.0,43.0,0.0,10.25,5125.0,0.4,40.0,0.89,0.84,24.6,22.3,0.33,0.43,0.0,0.0,1.5,1.5,29600.0,G17_62_H7
2024-03-25 00:00:00,11.0,5.0,37.0,115.0,0.0,10.31,5155.0,1.0,80.0,0.9,0.85,23.3,21.4,0.33,0.38,0.0,0.0,1.5,1.5,29600.0,G17_62_H7
2024-03-26 00:00:00,15.0,8.0,38.0,0.0,0.0,0.0,0.0,0.0,0.0,0.0,0.0,0.0,0.0,0.0,0.0,0.0,0.0,0.0,0.0,29600.0,G17_62_H7
2024-03-27 00:00:00,15.0,10.0,39.0,0.0,0.0,0.0,0.0,0.0,0.0,0.0,0.0,0.0,0.0,0.0,0.0,0.0,0.0,0.0,0.0,29600.0,G17_62_H7
2024-02-20 00:00:00,3.0,0.0,3.0,5.0,52.0,1.2,600.0,278.0,60.0,0.65,0.58,34.1,32.2,0.5,0.55,0.0,0.0,1.0,1.0,28600.0,G17_62_H8
2024-02-21 00:00:00,0.0,-1.0,4.0,6.0,32.0,1.31,655.0,296.6,64.0,0.63,0.57,33.3,31.5,0.4,0.4,0.0,0.0,1.0,1.0,28600.0,G17_62_H8
2024-02-22 00:00:00,1.0,-5.0,5.0,7.0,28.0,1.53,765.0,313.3,64.0,0.67,0.57,32.9,31.0,0.32,0.35,0.0,0.0,1.0,1.0,28600.0,G17_62_H8
2024-02-23 00:00:00,0.0,-4.0,6.0,8.0,32.0,1.76,880.0,324.1,60.0,0.73,0.64,32.1,30.4,0.3,0.32,0.0,0.0,1.0,1.0,28600.0,G17_62_H8
2024-02-24 00:00:00,1.0,-3.0,7.0,6.0,28.0,1.98,990.0,304.0,60.0,0.74,0.66,31.5,29.5,0.35,0.43,0.0,0.0,1.0,1.0,28600.0,G17_62_H8
2024-02-25 00:00:00,4.0,-3.0,8.0,8.0,185.0,2.08,1040.0,248.5,60.0,0.74,0.63,31.3,29.2,0.37,0.43,0.0,0.0,1.0,1.0,28600.0,G17_62_H8
2024-02-26 00:00:00,7.0,-2.0,9.0,10.0,13.0,2.44,1220.0,267.5,60.0,0.74,0.63,31.0,29.2,0.37,0.52,0.0,0.0,1.0,1.0,28600.0,G17_62_H8
2024-02-27 00:00:00,7.0,0.0,10.0,4.0,28.0,2.52,1260.0,230.8,40.0,0.76,0.65,30.9,29.1,0.37,0.5,0.0,0.0,1.0,1.0,28600.0,G17_62_H8
2024-02-28 00:00:00,5.0,2.0,11.0,3.0,30.0,3.43,1715.0,233.3,32.0,0.77,0.65,30.3,28.5,0.4,0.44,0.0,0.0,1.0,1.0,28600.0,G17_62_H8
2024-02-29 00:00:00,5.0,-2.0,12.0,2.0,18.0,3.54,1770.0,246.6,32.0,0.79,0.67,30.2,27.9,0.4,0.46,0.0,0.0,1.0,1.5,28600.0,G17_62_H8
2024-03-01 00:00:00,6.0,-1.0,13.0,5.0,80.0,3.75,1875.0,293.3,28.0,0.77,0.67,29.9,28.0,0.35,0.4,0.0,0.0,1.5,1.5,28600.0,G17_62_H8
2024-03-02 00:00:00,11.0,0.0,14.0,3.0,60.0,4.09,2045.0,260.8,64.0,0.76,0.67,29.7,27.7,0.38,0.46,0.0,0.0,1.5,1.5,28600.0,G17_62_H8
2024-03-03 00:00:00,14.0,3.0,15.0,4.0,56.0,4.5,2250.0,206.6,68.0,0.78,0.67,29.1,27.3,0.37,0.44,0.0,0.0,1.5,1.5,28600.0,G17_62_H8
2024-03-04 00:00:00,10.0,7.0,16.0,6.0,54.0,4.65,2325.0,152.5,40.0,0.79,0.66,28.8,27.1,0.39,0.44,0.0,0.0,1.5,1.5,28600.0,G17_62_H8
2024-03-05 00:00:00,9.0,5.0,17.0,5.0,55.0,4.98,2490.0,157.5,32.0,0.82,0.74,28.5,26.7,0.35,0.4,0.0,0.0,1.5,1.5,28600.0,G17_62_H8
2024-03-06 00:00:00,10.0,0.0,18.0,6.0,53.0,5.39,2695.0,155.8,32.0,0.82,0.73,28.3,26.6,0.33,0.4,0.0,0.0,1.5,1.5,28600.0,G17_62_H8
2024-03-07 00:00:00,14.0,1.0,19.0,5.0,63.0,5.37,2685.0,135.8,40.0,0.85,0.73,27.9,26.4,0.3,0.41,0.0,0.0,1.5,1.5,28600.0,G17_62_H8
2024-03-08 00:00:00,12.0,0.0,20.0,6.0,53.0,5.69,2845.0,71.6,40.0,0.83,0.7,27.8,26.1,0.3,0.44,0.0,0.0,1.5,1.5,28600.0,G17_62_H8
2024-03-09 00:00:00,12.0,2.0,21.0,5.0,35.0,6.05,3025.0,98.3,44.0,0.84,0.72,27.5,25.9,0.32,0.43,0.0,0.0,1.5,1.5,28600.0,G17_62_H8
2024-03-10 00:00:00,16.0,5.0,22.0,5.0,20.0,6.32,3160.0,66.6,44.0,0.85,0.74,27.4,25.7,0.3,0.43,0.0,0.0,1.5,1.5,28600.0,G17_62_H8
2024-03-11 00:00:00,21.0,6.0,23.0,3.0,18.0,6.58,3290.0,27.9,40.0,0.85,0.7,28.1,25.8,0.3,0.54,0.0,0.0,1.5,1.5,28600.0,G17_62_H8
2024-03-12 00:00:00,15.0,4.0,24.0,3.0,24.0,6.99,3495.0,13.3,48.0,0.85,0.72,27.2,25.4,0.32,0.4,0.0,0.0,1.5,1.5,28600.0,G17_62_H8
2024-03-13 00:00:00,16.0,7.0,25.0,2.0,22.0,7.71,3855.0,54.1,48.0,0.85,0.7,26.8,25.0,0.32,0.4,0.0,0.0,1.5,1.5,28600.0,G17_62_H8
2024-03-14 00:00:00,16.0,5.0,26.0,2.0,20.0,7.3,3650.0,9.2,44.0,0.86,0.77,27.0,24.9,0.33,0.36,0.0,0.0,1.5,1.5,28600.0,G17_62_H8
2024-03-15 00:00:00,19.0,5.0,27.0,2.0,19.0,7.87,3935.0,55.0,48.0,0.86,0.77,27.0,24.5,0.33,0.45,0.0,0.0,1.5,1.5,28600.0,G17_62_H8
2024-03-16 00:00:00,22.0,10.0,28.0,3.0,24.0,8.53,4265.0,14.1,44.0,0.87,0.75,28.1,24.2,0.32,0.68,0.0,0.0,1.5,2.0,28600.0,G17_62_H8
2024-03-17 00:00:00,12.0,5.0,29.0,9.0,22.0,8.19,4095.0,1.0,44.0,0.87,0.77,26.7,24.1,0.3,0.35,0.0,0.0,1.5,1.5,28600.0,G17_62_H8
2024-03-18 00:00:00,11.0,4.0,30.0,10.0,49.0,8.9,4450.0,41.6,60.0,0.86,0.77,25.6,23.8,0.3,0.33,0.0,0.0,1.5,1.5,28600.0,G17_62_H8
2024-03-19 00:00:00,17.0,3.0,31.0,13.0,42.0,9.21,4605.0,35.2,52.0,0.85,0.67,25.8,23.4,0.3,0.54,0.0,0.0,1.5,1.5,28600.0,G17_62_H8
2024-03-20 00:00:00,18.0,5.0,32.0,22.0,26.0,9.11,4555.0,29.6,48.0,0.87,0.67,25.4,23.1,0.3,0.52,0.0,0.0,1.5,1.5,28600.0,G17_62_H8
2024-03-21 00:00:00,24.0,9.0,33.0,22.0,20.0,9.75,4875.0,14.0,44.0,0.87,0.65,26.8,22.6,0.3,0.68,0.0,0.0,1.5,2.0,28600.0,G17_62_H8
2024-03-22 00:00:00,26.0,14.0,34.0,23.0,17.0,9.52,4760.0,1.5,44.0,0.85,0.64,27.8,22.9,0.3,1.1,0.0,0.0,1.5,4.0,28600.0,G17_62_H8
2024-03-23 00:00:00,19.0,13.0,35.0,35.0,10.0,10.05,5025.0,0.3,48.0,0.86,0.79,25.7,23.2,0.35,0.5,0.0,0.0,1.5,2.0,28600.0,G17_62_H8
2024-03-24 00:00:00,17.0,10.0,36.0,35.0,10.0,9.36,4680.0,0.4,52.0,0.89,0.83,25.0,22.3,0.33,0.43,0.0,0.0,1.5,1.5,28600.0,G17_62_H8
2024-03-25 00:00:00,11.0,5.0,37.0,30.0,0.0,9.84,4920.0,1.0,52.0,0.87,0.83,24.2,21.3,0.33,0.38,0.0,0.0,1.5,1.5,28600.0,G17_62_H8
2024-03-26 00:00:00,15.0,8.0,38.0,0.0,0.0,0.0,0.0,0.0,0.0,0.0,0.0,0.0,0.0,0.0,0.0,0.0,0.0,0.0,0.0,28600.0,G17_62_H8
2024-03-27 00:00:00,15.0,10.0,39.0,0.0,0.0,0.0,0.0,0.0,0.0,0.0,0.0,0.0,0.0,0.0,0.0,0.0,0.0,0.0,0.0,28600.0,G17_62_H8
2024-02-20 00:00:00,3.0,0.0,3.0,35.0,22.0,1.19,595.0,278.0,60.0,0.64,0.56,34.1,32.2,0.5,0.55,0.0,0.0,1.0,1.0,28500.0,G17_62_H9
2024-02-21 00:00:00,0.0,-1.0,4.0,29.0,18.0,1.3,650.0,296.6,60.0,0.66,0.6,33.3,31.4,0.4,0.4,0.0,0.0,1.0,1.0,28500.0,G17_62_H9
2024-02-22 00:00:00,1.0,-5.0,5.0,21.0,19.0,1.53,765.0,313.3,64.0,0.69,0.61,33.1,31.0,0.32,0.35,0.0,0.0,1.0,1.0,28500.0,G17_62_H9
2024-02-23 00:00:00,0.0,-4.0,6.0,11.0,26.0,1.75,875.0,324.1,60.0,0.73,0.66,32.2,30.3,0.3,0.32,0.0,0.0,1.0,1.0,28500.0,G17_62_H9
2024-02-24 00:00:00,1.0,-3.0,7.0,16.0,26.0,1.98,990.0,304.0,60.0,0.75,0.69,31.4,29.6,0.35,0.43,0.0,0.0,1.0,1.0,28500.0,G17_62_H9
2024-02-25 00:00:00,4.0,-3.0,8.0,16.0,157.0,2.08,1040.0,248.5,64.0,0.76,0.66,31.3,29.3,0.37,0.43,0.0,0.0,1.0,1.0,28500.0,G17_62_H9
2024-02-26 00:00:00,7.0,-2.0,9.0,13.0,18.0,2.11,1055.0,267.5,72.0,0.77,0.67,31.0,29.1,0.37,0.52,0.0,0.0,1.0,1.0,28500.0,G17_62_H9
2024-02-27 00:00:00,7.0,0.0,10.0,8.0,25.0,2.74,1370.0,230.8,40.0,0.83,0.69,30.6,28.9,0.37,0.5,0.0,0.0,1.0,1.0,28500.0,G17_62_H9
2024-02-28 00:00:00,5.0,2.0,11.0,6.0,30.0,3.31,1655.0,233.3,32.0,0.82,0.7,30.4,28.6,0.4,0.44,0.0,0.0,1.0,1.0,28500.0,G17_62_H9
2024-02-29 00:00:00,5.0,-2.0,12.0,6.0,28.0,3.77,1885.0,246.6,36.0,0.84,0.73,30.1,27.9,0.4,0.46,0.0,0.0,1.0,1.5,28500.0,G17_62_H9
2024-03-01 00:00:00,6.0,-1.0,13.0,8.0,83.0,3.9,1950.0,293.3,48.0,0.8,0.72,29.6,27.9,0.35,0.4,0.0,0.0,1.5,1.5,28500.0,G17_62_H9
2024-03-02 00:00:00,11.0,0.0,14.0,7.0,67.0,4.15,2075.0,260.8,44.0,0.78,0.68,29.4,27.5,0.38,0.46,0.0,0.0,1.5,1.5,28500.0,G17_62_H9
2024-03-03 00:00:00,14.0,3.0,15.0,8.0,65.0,4.55,2275.0,206.6,44.0,0.8,0.7,29.1,27.3,0.37,0.44,0.0,0.0,1.5,1.5,28500.0,G17_62_H9
2024-03-04 00:00:00,10.0,7.0,16.0,7.0,53.0,4.66,2330.0,152.5,48.0,0.8,0.69,28.8,27.1,0.39,0.44,0.0,0.0,1.5,1.5,28500.0,G17_62_H9
2024-03-05 00:00:00,9.0,5.0,17.0,5.0,39.0,5.03,2515.0,157.5,44.0,0.86,0.76,28.6,26.8,0.35,0.4,0.0,0.0,1.5,1.5,28500.0,G17_62_H9
2024-03-06 00:00:00,10.0,0.0,18.0,5.0,24.0,5.56,2780.0,155.8,44.0,0.86,0.74,28.3,26.6,0.33,0.4,0.0,0.0,1.5,1.5,28500.0,G17_62_H9
2024-03-07 00:00:00,14.0,1.0,19.0,5.0,17.0,5.42,2710.0,135.8,44.0,0.9,0.75,28.0,26.2,0.3,0.41,0.0,0.0,1.5,1.5,28500.0,G17_62_H9
2024-03-08 00:00:00,12.0,0.0,20.0,3.0,22.0,5.71,2855.0,71.6,40.0,0.88,0.73,27.7,25.9,0.3,0.44,0.0,0.0,1.5,1.5,28500.0,G17_62_H9
2024-03-09 00:00:00,12.0,2.0,21.0,3.0,17.0,6.09,3045.0,98.3,48.0,0.88,0.73,27.4,25.7,0.32,0.43,0.0,0.0,1.5,1.5,28500.0,G17_62_H9
2024-03-10 00:00:00,16.0,5.0,22.0,2.0,8.0,6.53,3265.0,66.6,40.0,0.91,0.76,27.5,25.5,0.3,0.43,0.0,0.0,1.5,1.5,28500.0,G17_62_H9
2024-03-11 00:00:00,21.0,6.0,23.0,8.0,10.0,6.71,3355.0,27.9,48.0,0.89,0.74,28.9,25.7,0.3,0.54,0.0,0.0,1.5,1.5,28500.0,G17_62_H9
2024-03-12 00:00:00,15.0,4.0,24.0,4.0,10.0,7.53,3765.0,13.3,44.0,0.9,0.75,27.1,25.2,0.32,0.4,0.0,0.0,1.5,1.5,28500.0,G17_62_H9
2024-03-13 00:00:00,16.0,7.0,25.0,4.0,22.0,7.88,3940.0,54.1,48.0,0.88,0.73,26.8,24.7,0.32,0.4,0.0,0.0,1.5,1.5,28500.0,G17_62_H9
2024-03-14 00:00:00,16.0,5.0,26.0,4.0,16.0,7.61,3805.0,9.2,48.0,0.91,0.74,26.6,24.7,0.33,0.36,0.0,0.0,1.5,1.5,28500.0,G17_62_H9
2024-03-15 00:00:00,19.0,5.0,27.0,4.0,29.0,7.84,3920.0,55.0,52.0,0.91,0.79,26.6,24.1,0.33,0.45,0.0,0.0,1.5,1.5,28500.0,G17_62_H9
2024-03-16 00:00:00,22.0,10.0,28.0,3.0,15.0,8.58,4290.0,14.1,52.0,0.93,0.76,27.8,24.0,0.32,0.68,0.0,0.0,1.5,2.0,28500.0,G17_62_H9
2024-03-17 00:00:00,12.0,5.0,29.0,13.0,23.0,9.17,4585.0,1.0,68.0,0.92,0.78,26.4,24.0,0.3,0.35,0.0,0.0,1.5,1.5,28500.0,G17_62_H9
2024-03-18 00:00:00,11.0,4.0,30.0,9.0,29.0,9.42,4710.0,41.6,52.0,0.93,0.79,25.2,23.4,0.3,0.33,0.0,0.0,1.5,1.5,28500.0,G17_62_H9
2024-03-19 00:00:00,17.0,3.0,31.0,14.0,20.0,9.1,4550.0,35.2,56.0,0.93,0.72,25.5,23.1,0.3,0.54,0.0,0.0,1.5,1.5,28500.0,G17_62_H9
2024-03-20 00:00:00,18.0,5.0,32.0,25.0,23.0,9.74,4870.0,29.6,64.0,0.94,0.73,25.0,22.6,0.3,0.52,0.0,0.0,1.5,1.5,28500.0,G17_62_H9
2024-03-21 00:00:00,24.0,9.0,33.0,29.0,17.0,9.3,4650.0,14.0,64.0,0.96,0.68,26.3,22.6,0.3,0.68,0.0,0.0,1.5,2.0,28500.0,G17_62_H9
2024-03-22 00:00:00,26.0,14.0,34.0,46.0,22.0,9.66,4830.0,1.5,72.0,0.93,0.69,27.7,22.8,0.3,1.1,0.0,0.0,1.5,4.0,28500.0,G17_62_H9
2024-03-23 00:00:00,19.0,13.0,35.0,69.0,6.0,9.44,4720.0,0.3,96.0,0.91,0.79,25.4,23.1,0.35,0.5,0.0,0.0,1.5,2.0,28500.0,G17_62_H9
2024-03-24 00:00:00,17.0,10.0,36.0,47.0,5.0,9.0,4500.0,0.4,76.0,0.95,0.84,24.7,22.1,0.33,0.43,0.0,0.0,1.5,1.5,28500.0,G17_62_H9
2024-03-25 00:00:00,11.0,5.0,37.0,68.0,0.0,9.28,4640.0,1.0,80.0,0.95,0.85,24.4,21.3,0.33,0.38,0.0,0.0,1.5,1.5,28500.0,G17_62_H9
2024-03-26 00:00:00,15.0,8.0,38.0,0.0,0.0,0.0,0.0,0.0,0.0,0.0,0.0,0.0,0.0,0.0,0.0,0.0,0.0,0.0,0.0,28500.0,G17_62_H9
2024-03-27 00:00:00,15.0,10.0,39.0,0.0,0.0,0.0,0.0,0.0,0.0,0.0,0.0,0.0,0.0,0.0,0.0,0.0,0.0,0.0,0.0,28500.0,G17_62_H9
2024-02-20 00:00:00,3.0,0.0,1.0,12.0,14.0,0.77,385.0,642.0,56.0,0.58,0.52,35.0,33.4,0.6,0.6,0.0,0.0,1.0,1.0,29600.0,G17_62_H10
2024-02-21 00:00:00,0.0,-1.0,2.0,11.0,53.0,1.0,500.0,296.6,56.0,0.63,0.58,34.3,32.6,0.39,0.39,0.0,0.0,1.0,1.0,29600.0,G17_62_H10
2024-02-22 00:00:00,1.0,-5.0,3.0,8.0,26.0,1.24,620.0,313.3,68.0,0.68,0.63,34.1,32.0,0.3,0.3,0.0,0.0,1.0,1.0,29600.0,G17_62_H10
2024-02-23 00:00:00,0.0,-4.0,4.0,15.0,19.0,1.35,675.0,324.1,52.0,0.7,0.65,33.3,31.3,0.28,0.3,0.0,0.0,1.0,1.0,29600.0,G17_62_H10
2024-02-24 00:00:00,1.0,-3.0,5.0,12.0,17.0,1.59,795.0,304.0,64.0,0.72,0.67,32.7,30.6,0.32,0.4,0.0,0.0,1.0,1.0,29600.0,G17_62_H10
2024-02-25 00:00:00,4.0,-3.0,6.0,10.0,5.0,1.82,910.0,248.5,72.0,0.74,0.7,32.0,30.3,0.37,0.43,0.0,0.0,1.0,1.0,29600.0,G17_62_H10
2024-02-26 00:00:00,7.0,-2.0,7.0,15.0,16.0,2.25,1125.0,267.5,64.0,0.76,0.71,31.7,29.7,0.4,0.52,0.0,0.0,1.0,1.0,29600.0,G17_62_H10
2024-02-27 00:00:00,7.0,0.0,8.0,26.0,161.0,2.1,1050.0,230.8,40.0,0.78,0.68,31.2,29.65,0.4,0.5,0.0,0.0,1.0,1.0,29600.0,G17_62_H10
2024-02-28 00:00:00,5.0,2.0,9.0,24.0,8.0,2.61,1305.0,233.3,64.0,0.77,0.69,30.8,29.0,0.42,0.46,0.0,0.0,1.0,1.0,29600.0,G17_62_H10
2024-02-29 00:00:00,5.0,-2.0,10.0,8.0,26.0,2.99,1495.0,246.6,60.0,0.78,0.7,30.6,28.4,0.4,0.49,0.0,0.0,1.0,1.0,29600.0,G17_62_H10
2024-03-01 00:00:00,6.0,-1.0,11.0,11.0,8.0,3.6,1800.0,293.3,44.0,0.78,0.71,29.9,28.1,0.38,0.43,0.0,0.0,1.0,1.0,29600.0,G17_62_H10
2024-03-02 00:00:00,11.0,0.0,12.0,6.0,7.0,4.01,2005.0,260.8,40.0,0.8,0.71,29.5,27.7,0.43,0.48,0.0,0.0,1.0,1.5,29600.0,G17_62_H10
2024-03-03 00:00:00,14.0,3.0,13.0,12.0,52.0,4.06,2030.0,206.6,40.0,0.8,0.71,29.3,27.6,0.38,0.45,0.0,0.0,1.5,1.5,29600.0,G17_62_H10
2024-03-04 00:00:00,10.0,7.0,14.0,13.0,66.0,4.37,2185.0,152.5,64.0,0.77,0.67,29.0,27.3,0.45,0.5,0.0,0.0,1.5,1.5,29600.0,G17_62_H10
2024-03-05 00:00:00,9.0,5.0,15.0,7.0,86.0,4.75,2375.0,157.5,52.0,0.81,0.73,28.7,27.0,0.4,0.44,0.0,0.0,1.5,1.5,29600.0,G17_62_H10
2024-03-06 00:00:00,10.0,0.0,16.0,8.0,94.0,5.19,2595.0,155.8,44.0,0.83,0.74,28.4,26.9,0.33,0.4,0.0,0.0,1.5,1.5,29600.0,G17_62_H10
2024-03-07 00:00:00,14.0,1.0,17.0,7.0,51.0,5.15,2575.0,135.8,48.0,0.85,0.76,28.2,26.8,0.3,0.43,0.0,0.0,1.5,1.5,29600.0,G17_62_H10
2024-03-08 00:00:00,12.0,0.0,18.0,7.0,41.0,5.38,2690.0,71.6,40.0,0.84,0.74,28.1,26.4,0.32,0.46,0.0,0.0,1.5,1.5,29600.0,G17_62_H10
2024-03-09 00:00:00,12.0,2.0,19.0,8.0,41.0,5.98,2990.0,98.3,40.0,0.83,0.75,27.8,26.3,0.32,0.45,0.0,0.0,1.5,1.5,29600.0,G17_62_H10
2024-03-10 00:00:00,16.0,5.0,20.0,3.0,105.0,5.99,2995.0,66.6,36.0,0.87,0.75,27.7,26.3,0.3,0.49,0.0,0.0,1.5,1.5,29600.0,G17_62_H10
2024-03-11 00:00:00,21.0,6.0,21.0,6.0,49.0,6.23,3115.0,27.9,36.0,0.85,0.72,28.4,26.2,0.3,0.6,0.0,0.0,1.5,1.5,29600.0,G17_62_H10
2024-03-12 00:00:00,15.0,4.0,22.0,2.0,11.0,6.77,3385.0,13.3,40.0,0.84,0.75,27.3,25.7,0.34,0.46,0.0,0.0,1.5,1.5,29600.0,G17_62_H10
2024-03-13 00:00:00,16.0,7.0,23.0,7.0,18.0,6.99,3495.0,54.1,48.0,0.85,0.75,27.2,25.5,0.32,0.45,0.0,0.0,1.5,1.5,29600.0,G17_62_H10
2024-03-14 00:00:00,16.0,5.0,24.0,8.0,7.0,7.25,3625.0,9.2,40.0,0.86,0.77,27.2,25.5,0.33,0.36,0.0,0.0,1.5,1.5,29600.0,G17_62_H10
2024-03-15 00:00:00,19.0,5.0,25.0,11.0,15.0,7.33,3665.0,55.0,40.0,0.87,0.8,27.1,24.9,0.34,0.47,0.0,0.0,1.5,1.5,29600.0,G17_62_H10
2024-03-16 00:00:00,22.0,10.0,26.0,8.0,53.0,7.47,3735.0,14.1,44.0,0.91,0.78,28.2,24.7,0.33,0.68,0.0,0.0,1.5,1.5,29600.0,G17_62_H10
2024-03-17 00:00:00,12.0,5.0,27.0,12.0,299.0,7.73,3865.0,1.0,60.0,0.87,0.81,26.9,24.6,0.31,0.38,0.0,0.0,1.5,1.5,29600.0,G17_62_H10
2024-03-18 00:00:00,11.0,4.0,28.0,52.0,316.0,7.19,3595.0,41.6,52.0,0.87,0.78,25.8,24.5,0.3,0.33,0.0,0.0,1.5,1.5,29600.0,G17_62_H10
2024-03-19 00:00:00,17.0,3.0,29.0,80.0,82.0,6.82,3410.0,35.2,52.0,0.86,0.74,25.9,23.8,0.3,0.54,0.0,0.0,1.5,1.5,29600.0,G17_62_H10
2024-03-20 00:00:00,18.0,5.0,30.0,102.0,58.0,6.76,3380.0,29.6,56.0,0.87,0.76,25.5,22.7,0.3,0.52,0.0,0.0,1.5,1.5,29600.0,G17_62_H10
2024-03-21 00:00:00,24.0,9.0,31.0,107.0,34.0,8.7,4350.0,14.0,52.0,0.91,0.72,26.7,23.5,0.28,0.68,0.0,0.0,1.5,2.0,29600.0,G17_62_H10
2024-03-22 00:00:00,26.0,14.0,32.0,152.0,15.0,8.57,4285.0,1.5,64.0,0.87,0.71,27.8,22.5,0.28,1.1,0.0,0.0,1.5,4.0,29600.0,G17_62_H10
2024-03-23 00:00:00,19.0,13.0,33.0,137.0,28.0,8.69,4345.0,0.3,72.0,0.86,0.8,25.4,23.4,0.32,0.5,0.0,0.0,1.5,2.0,29600.0,G17_62_H10
2024-03-24 00:00:00,17.0,10.0,34.0,161.0,0.0,7.97,3985.0,0.4,76.0,0.9,0.84,24.7,22.6,0.3,0.4,0.0,0.0,1.5,1.5,29600.0,G17_62_H10
2024-03-25 00:00:00,11.0,5.0,35.0,0.0,0.0,0.0,0.0,0.0,0.0,0.0,0.0,0.0,0.0,0.0,0.0,0.0,0.0,0.0,0.0,29600.0,G17_62_H10
2024-03-26 00:00:00,15.0,8.0,36.0,0.0,0.0,0.0,0.0,0.0,0.0,0.0,0.0,0.0,0.0,0.0,0.38,0.0,0.0,0.0,0.0,29600.0,G17_62_H10
2024-03-27 00:00:00,15.0,10.0,37.0,0.0,0.0,0.0,0.0,0.0,0.0,0.0,0.0,0.0,0.0,0.0,0.38,0.0,0.0,0.0,0.0,29600.0,G17_62_H10
2024-02-20 00:00:00,3.0,0.0,1.0,16.0,4.0,0.77,385.0,642.0,44.0,0.52,0.43,35.0,33.2,0.6,0.6,0.0,0.0,1.0,1.0,29600.0,G17_62_H11
2024-02-21 00:00:00,0.0,-1.0,2.0,13.0,19.0,1.0,500.0,296.6,56.0,0.57,0.5,34.6,32.7,0.39,0.39,0.0,0.0,1.0,1.0,29600.0,G17_62_H11
2024-02-22 00:00:00,1.0,-5.0,3.0,9.0,13.0,1.24,620.0,313.3,52.0,0.62,0.54,34.4,32.3,0.3,0.3,0.0,0.0,1.0,1.0,29600.0,G17_62_H11
2024-02-23 00:00:00,0.0,-4.0,4.0,7.0,30.0,1.36,680.0,324.1,52.0,0.66,0.59,33.4,31.6,0.28,0.3,0.0,0.0,1.0,1.0,29600.0,G17_62_H11
2024-02-24 00:00:00,1.0,-3.0,5.0,6.0,25.0,1.59,795.0,304.0,48.0,0.69,0.63,32.7,30.6,0.32,0.4,0.0,0.0,1.0,1.0,29600.0,G17_62_H11
2024-02-25 00:00:00,4.0,-3.0,6.0,7.0,16.0,1.82,910.0,248.5,56.0,0.73,0.65,32.1,30.2,0.37,0.43,0.0,0.0,1.0,1.0,29600.0,G17_62_H11
2024-02-26 00:00:00,7.0,-2.0,7.0,4.0,15.0,2.21,1105.0,267.5,52.0,0.76,0.66,31.6,29.7,0.4,0.52,0.0,0.0,1.0,1.0,29600.0,G17_62_H11
2024-02-27 00:00:00,7.0,0.0,8.0,32.0,164.0,2.2,1100.0,230.8,52.0,0.8,0.67,31.2,29.4,0.4,0.5,0.0,0.0,1.0,1.0,29600.0,G17_62_H11
2024-02-28 00:00:00,5.0,2.0,9.0,9.0,16.0,2.73,1365.0,233.3,52.0,0.78,0.66,30.6,29.0,0.42,0.46,0.0,0.0,1.0,1.0,29600.0,G17_62_H11
2024-02-29 00:00:00,5.0,-2.0,10.0,8.0,18.0,2.89,1445.0,246.6,32.0,0.78,0.67,30.5,28.4,0.4,0.49,0.0,0.0,1.0,1.0,29600.0,G17_62_H11
2024-03-01 00:00:00,6.0,-1.0,11.0,7.0,22.0,3.45,1725.0,293.3,28.0,0.77,0.67,29.9,28.1,0.38,0.43,0.0,0.0,1.0,1.0,29600.0,G17_62_H11
2024-03-02 00:00:00,11.0,0.0,12.0,5.0,21.0,3.88,1940.0,260.8,28.0,0.81,0.71,29.5,27.7,0.43,0.48,0.0,0.0,1.0,1.5,29600.0,G17_62_H11
2024-03-03 00:00:00,14.0,3.0,13.0,6.0,32.0,4.0,2000.0,206.6,32.0,0.81,0.68,29.6,27.5,0.38,0.45,0.0,0.0,1.5,1.5,29600.0,G17_62_H11
2024-03-04 00:00:00,10.0,7.0,14.0,7.0,43.0,4.45,2225.0,152.5,36.0,0.79,0.68,28.9,27.3,0.45,0.5,0.0,0.0,1.5,1.5,29600.0,G17_62_H11
2024-03-05 00:00:00,9.0,5.0,15.0,6.0,24.0,4.73,2365.0,157.5,36.0,0.82,0.74,28.6,27.1,0.4,0.44,0.0,0.0,1.5,1.5,29600.0,G17_62_H11
2024-03-06 00:00:00,10.0,0.0,16.0,4.0,38.0,4.97,2485.0,155.8,36.0,0.83,0.73,28.4,27.0,0.33,0.4,0.0,0.0,1.5,1.5,29600.0,G17_62_H11
2024-03-07 00:00:00,14.0,1.0,17.0,5.0,25.0,5.3,2650.0,135.8,32.0,0.87,0.75,28.5,26.7,0.3,0.43,0.0,0.0,1.5,1.5,29600.0,G17_62_H11
2024-03-08 00:00:00,12.0,0.0,18.0,6.0,34.0,5.36,2680.0,71.6,28.0,0.86,0.71,27.9,26.5,0.32,0.46,0.0,0.0,1.5,1.5,29600.0,G17_62_H11
2024-03-09 00:00:00,12.0,2.0,19.0,4.0,17.0,6.12,3060.0,98.3,36.0,0.85,0.73,27.9,26.1,0.32,0.45,0.0,0.0,1.5,1.5,29600.0,G17_62_H11
2024-03-10 00:00:00,16.0,5.0,20.0,6.0,37.0,6.01,3005.0,66.6,32.0,0.87,0.73,27.9,26.0,0.3,0.49,0.0,0.0,1.5,1.5,29600.0,G17_62_H11
2024-03-11 00:00:00,21.0,6.0,21.0,5.0,26.0,6.19,3095.0,27.9,36.0,0.85,0.61,28.7,26.2,0.3,0.6,0.0,0.0,1.5,1.5,29600.0,G17_62_H11
2024-03-12 00:00:00,15.0,4.0,22.0,8.0,21.0,7.0,3500.0,13.3,40.0,0.85,0.72,27.2,25.6,0.34,0.46,0.0,0.0,1.5,1.5,29600.0,G17_62_H11
2024-03-13 00:00:00,16.0,7.0,23.0,9.0,20.0,7.45,3725.0,54.1,36.0,0.88,0.72,27.5,25.2,0.32,0.45,0.0,0.0,1.5,1.5,29600.0,G17_62_H11
2024-03-14 00:00:00,16.0,5.0,24.0,7.0,22.0,7.98,3990.0,9.2,40.0,0.81,0.79,27.1,25.1,0.33,0.36,0.0,0.0,1.5,1.5,29600.0,G17_62_H11
2024-03-15 00:00:00,19.0,5.0,25.0,13.0,45.0,7.5,3750.0,55.0,40.0,0.87,0.77,27.5,24.5,0.34,0.47,0.0,0.0,1.5,1.5,29600.0,G17_62_H11
2024-03-16 00:00:00,22.0,10.0,26.0,15.0,51.0,8.1,4050.0,14.1,40.0,0.88,0.74,28.6,24.7,0.33,0.68,0.0,0.0,1.5,2.0,29600.0,G17_62_H11
2024-03-17 00:00:00,12.0,5.0,27.0,23.0,76.0,8.59,4295.0,1.0,52.0,0.85,0.78,26.7,24.4,0.31,0.38,0.0,0.0,1.5,1.5,29600.0,G17_62_H11
2024-03-18 00:00:00,11.0,4.0,28.0,19.0,75.0,8.77,4385.0,41.6,44.0,0.87,0.78,25.9,23.9,0.3,0.33,0.0,0.0,1.5,1.5,29600.0,G17_62_H11
2024-03-19 00:00:00,17.0,3.0,29.0,22.0,89.0,8.99,4495.0,35.2,40.0,0.87,0.67,26.2,23.5,0.32,0.56,0.0,0.0,1.5,1.5,29600.0,G17_62_H11
2024-03-20 00:00:00,18.0,5.0,30.0,27.0,81.0,8.05,4025.0,29.6,52.0,0.87,0.69,25.4,23.1,0.32,0.52,0.0,0.0,1.5,1.5,29600.0,G17_62_H11
2024-03-21 00:00:00,24.0,9.0,31.0,18.0,48.0,8.77,4385.0,14.0,44.0,0.9,0.64,27.1,23.3,0.3,0.68,0.0,0.0,1.5,2.0,29600.0,G17_62_H11
2024-03-22 00:00:00,26.0,14.0,32.0,36.0,88.0,8.75,4375.0,1.5,60.0,0.87,0.67,28.4,23.4,0.3,1.1,0.0,0.0,1.5,4.0,29600.0,G17_62_H11
2024-03-23 00:00:00,19.0,13.0,33.0,147.0,12.0,9.59,4795.0,0.3,72.0,0.88,0.8,25.9,24.0,0.35,0.5,0.0,0.0,1.5,2.0,29600.0,G17_62_H11
2024-03-24 00:00:00,17.0,10.0,34.0,132.0,6.0,8.66,4330.0,0.4,52.0,0.89,0.83,24.8,22.8,0.33,0.43,0.0,0.0,1.5,1.5,29600.0,G17_62_H11
2024-03-25 00:00:00,11.0,5.0,35.0,151.0,11.0,8.63,4315.0,1.0,70.0,0.89,0.84,24.5,22.1,0.33,0.38,0.0,0.0,1.5,1.5,29600.0,G17_62_H11
2024-03-26 00:00:00,15.0,8.0,36.0,93.0,7.0,8.47,4235.0,93.0,52.0,0.88,0.78,24.1,21.7,0.33,0.4,0.0,0.0,1.5,2.0,29600.0,G17_62_H11
2024-03-27 00:00:00,15.0,10.0,37.0,123.0,0.0,8.65,4325.0,3.0,56.0,0.88,0.83,23.7,21.4,0.35,0.43,0.0,0.0,1.5,1.5,29600.0,G17_62_H11
2024-02-20 00:00:00,3.0,0.0,1.0,9.0,6.0,0.77,385.0,642.0,44.0,0.56,0.48,35.1,33.4,0.6,0.6,0.0,0.0,1.0,1.0,29600.0,G17_62_H12
2024-02-21 00:00:00,0.0,-1.0,2.0,19.0,29.0,1.0,500.0,296.6,48.0,0.58,0.53,34.4,32.5,0.39,0.39,0.0,0.0,1.0,1.0,29600.0,G17_62_H12
2024-02-22 00:00:00,1.0,-5.0,3.0,10.0,29.0,1.24,620.0,313.3,68.0,0.63,0.57,34.1,32.2,0.3,0.3,0.0,0.0,1.0,1.0,29600.0,G17_62_H12
2024-02-23 00:00:00,0.0,-4.0,4.0,13.0,11.0,1.36,680.0,324.1,68.0,0.66,0.59,33.4,31.6,0.28,0.3,0.0,0.0,1.0,1.0,29600.0,G17_62_H12
2024-02-24 00:00:00,1.0,-3.0,5.0,16.0,23.0,1.59,795.0,304.0,68.0,0.69,0.63,32.7,30.6,0.32,0.4,0.0,0.0,1.0,1.0,29600.0,G17_62_H12
2024-02-25 00:00:00,4.0,-3.0,6.0,11.0,6.0,1.82,910.0,248.5,76.0,0.72,0.67,32.2,30.1,0.37,0.43,0.0,0.0,1.0,1.0,29600.0,G17_62_H12
2024-02-26 00:00:00,7.0,-2.0,7.0,12.0,5.0,2.3,1150.0,267.5,68.0,0.74,0.68,31.6,29.7,0.4,0.52,0.0,0.0,1.0,1.0,29600.0,G17_62_H12
2024-02-27 00:00:00,7.0,0.0,8.0,24.0,139.0,2.22,1110.0,230.8,52.0,0.77,0.67,31.3,29.4,0.4,0.5,0.0,0.0,1.0,1.0,29600.0,G17_62_H12
2024-02-28 00:00:00,5.0,2.0,9.0,21.0,5.0,2.74,1370.0,233.3,60.0,0.78,0.67,31.1,29.0,0.42,0.46,0.0,0.0,1.0,1.0,29600.0,G17_62_H12
2024-02-29 00:00:00,5.0,-2.0,10.0,6.0,19.0,3.09,1545.0,246.6,52.0,0.8,0.7,30.8,28.5,0.4,0.49,0.0,0.0,1.0,1.0,29600.0,G17_62_H12
2024-03-01 00:00:00,6.0,-1.0,11.0,7.0,14.0,3.74,1870.0,293.3,44.0,0.79,0.7,30.1,28.3,0.38,0.43,0.0,0.0,1.0,1.0,29600.0,G17_62_H12
2024-03-02 00:00:00,11.0,0.0,12.0,8.0,15.0,4.09,2045.0,260.8,44.0,0.81,0.71,29.6,27.8,0.43,0.48,0.0,0.0,1.0,1.5,29600.0,G17_62_H12
2024-03-03 00:00:00,14.0,3.0,13.0,9.0,46.0,4.13,2065.0,206.6,40.0,0.83,0.73,29.7,27.6,0.38,0.45,0.0,0.0,1.5,1.5,29600.0,G17_62_H12
2024-03-04 00:00:00,10.0,7.0,14.0,13.0,101.0,4.32,2160.0,152.5,44.0,0.81,0.71,29.2,27.4,0.45,0.5,0.0,0.0,1.5,1.5,29600.0,G17_62_H12
2024-03-05 00:00:00,9.0,5.0,15.0,9.0,88.0,4.8,2400.0,157.5,44.0,0.84,0.76,28.9,27.0,0.4,0.44,0.0,0.0,1.5,1.5,29600.0,G17_62_H12
2024-03-06 00:00:00,10.0,0.0,16.0,7.0,84.0,4.84,2420.0,155.8,40.0,0.84,0.74,28.7,27.0,0.33,0.4,0.0,0.0,1.5,1.5,29600.0,G17_62_H12
2024-03-07 00:00:00,14.0,1.0,17.0,3.0,5.0,5.37,2685.0,135.8,44.0,0.86,0.76,28.7,26.8,0.3,0.43,0.0,0.0,1.5,1.5,29600.0,G17_62_H12
2024-03-08 00:00:00,12.0,0.0,18.0,7.0,46.0,5.49,2745.0,71.6,36.0,0.86,0.74,28.2,26.5,0.32,0.46,0.0,0.0,1.5,1.5,29600.0,G17_62_H12
2024-03-09 00:00:00,12.0,2.0,19.0,8.0,46.0,6.3,3150.0,98.3,40.0,0.86,0.76,27.6,26.2,0.32,0.45,0.0,0.0,1.5,1.5,29600.0,G17_62_H12
2024-03-10 00:00:00,16.0,5.0,20.0,6.0,24.0,6.59,3295.0,66.6,40.0,0.89,0.76,28.0,26.1,0.3,0.49,0.0,0.0,1.5,1.5,29600.0,G17_62_H12
2024-03-11 00:00:00,21.0,6.0,21.0,5.0,18.0,6.67,3335.0,27.9,36.0,0.86,0.73,28.3,26.1,0.3,0.6,0.0,0.0,1.5,1.5,29600.0,G17_62_H12
2024-03-12 00:00:00,15.0,4.0,22.0,7.0,18.0,7.29,3645.0,13.3,44.0,0.87,0.76,27.2,25.7,0.34,0.46,0.0,0.0,1.5,1.5,29600.0,G17_62_H12
2024-03-13 00:00:00,16.0,7.0,23.0,6.0,26.0,7.95,3975.0,54.1,48.0,0.86,0.76,27.4,25.2,0.32,0.45,0.0,0.0,1.5,1.5,29600.0,G17_62_H12
2024-03-14 00:00:00,16.0,5.0,24.0,6.0,20.0,7.8,3900.0,9.2,44.0,0.88,0.8,27.3,25.2,0.33,0.36,0.0,0.0,1.5,1.5,29600.0,G17_62_H12
2024-03-15 00:00:00,19.0,5.0,25.0,4.0,15.0,8.09,4045.0,55.0,52.0,0.88,0.79,27.4,24.6,0.34,0.47,0.0,0.0,1.5,1.5,29600.0,G17_62_H12
2024-03-16 00:00:00,22.0,10.0,26.0,26.0,58.0,8.3,4150.0,14.1,52.0,0.88,0.76,28.3,24.7,0.33,0.68,0.0,0.0,1.5,2.0,29600.0,G17_62_H12
2024-03-17 00:00:00,12.0,5.0,27.0,22.0,92.0,8.71,4355.0,1.0,52.0,0.86,0.78,26.9,24.5,0.31,0.38,0.0,0.0,1.5,1.5,29600.0,G17_62_H12
2024-03-18 00:00:00,11.0,4.0,28.0,24.0,2.0,8.87,4435.0,41.6,52.0,0.86,0.77,25.9,23.9,0.3,0.33,0.0,0.0,1.5,1.5,29600.0,G17_62_H12
2024-03-19 00:00:00,17.0,3.0,29.0,30.0,33.0,8.79,4395.0,35.2,52.0,0.87,0.68,26.1,23.5,0.32,0.56,0.0,0.0,1.5,1.5,29600.0,G17_62_H12
2024-03-20 00:00:00,18.0,5.0,30.0,37.0,3.0,9.36,4680.0,29.6,52.0,0.87,0.68,25.6,23.2,0.32,0.52,0.0,0.0,1.5,1.5,29600.0,G17_62_H12
2024-03-21 00:00:00,24.0,9.0,31.0,23.0,62.0,8.58,4290.0,14.0,68.0,0.88,0.67,27.5,23.0,0.3,0.68,0.0,0.0,1.5,2.0,29600.0,G17_62_H12
2024-03-22 00:00:00,26.0,14.0,32.0,32.0,58.0,9.0,4500.0,1.5,68.0,0.86,0.71,27.8,23.2,0.3,1.1,0.0,0.0,1.5,4.0,29600.0,G17_62_H12
2024-03-23 00:00:00,19.0,13.0,33.0,56.0,16.0,9.33,4665.0,0.3,92.0,0.87,0.8,26.1,23.8,0.35,0.5,0.0,0.0,1.5,2.0,29600.0,G17_62_H12
2024-03-24 00:00:00,17.0,10.0,34.0,56.0,0.0,9.12,4560.0,0.4,72.0,0.88,0.84,24.9,22.6,0.33,0.43,0.0,0.0,1.5,1.5,29600.0,G17_62_H12
2024-03-25 00:00:00,11.0,5.0,35.0,79.0,6.0,8.89,4445.0,1.0,76.0,0.88,0.83,24.7,22.0,0.33,0.38,0.0,0.0,1.5,1.5,29600.0,G17_62_H12
2024-03-26 00:00:00,15.0,8.0,36.0,130.0,0.0,8.8,4400.0,93.0,64.0,0.87,0.78,24.6,21.5,0.33,0.4,0.0,0.0,1.5,2.0,29600.0,G17_62_H12
2024-03-27 00:00:00,15.0,10.0,37.0,80.0,0.0,8.87,4435.0,3.0,76.0,0.86,0.82,23.4,21.3,0.35,0.43,0.0,0.0,1.5,1.5,29600.0,G17_62_H12
2024-02-13 00:00:00,20.0,6.0,0.0,,,,0.0,,,,,,,,,,,,,29000.0,G21_56_H1
2024-02-14 00:00:00,22.0,4.0,1.0,28.0,0.0,0.75,375.0,524.0,40.0,0.56,0.5,34.6,33.5,0.6,0.6,0.0,0.0,1.0,1.0,29000.0,G21_56_H1
2024-02-15 00:00:00,12.0,2.0,2.0,22.0,2.0,0.984912,492.0,143.0,40.0,0.6,0.57,33.9,32.3,0.58,0.58,0.0,0.0,1.0,1.0,29000.0,G21_56_H1
2024-02-16 00:00:00,12.0,-2.0,3.0,22.0,25.0,1.215522,608.0,272.0,48.0,0.6,0.52,33.0,31.9,0.59,0.59,0.0,0.0,1.0,1.0,29000.0,G21_56_H1
2024-02-17 00:00:00,18.0,2.0,4.0,24.0,26.0,1.329906,665.0,183.0,48.0,0.67,0.56,32.4,30.9,0.57,0.6,0.0,0.0,1.0,1.0,29000.0,G21_56_H1
2024-02-18 00:00:00,24.0,11.0,5.0,4.0,22.0,1.5603299999999998,780.0,127.0,36.0,0.74,0.65,32.0,30.8,0.56,0.64,0.0,0.0,1.0,1.0,29000.0,G21_56_H1
2024-02-19 00:00:00,16.0,3.0,6.0,7.0,24.0,1.790188,895.0,95.0,32.0,0.79,0.68,31.1,29.6,0.53,0.53,0.0,0.0,1.0,1.0,29000.0,G21_56_H1
2024-02-20 00:00:00,3.0,0.0,7.0,8.0,20.0,2.01992,1010.0,218.0,48.0,0.73,0.64,30.5,29.2,0.52,0.52,0.0,0.0,1.0,1.0,29000.0,G21_56_H1
2024-02-21 00:00:00,1.0,-2.0,8.0,20.0,268.0,2.1258719999999998,1063.0,243.0,40.0,0.7,0.62,30.3,28.8,0.48,0.48,0.0,0.0,1.0,1.0,29000.0,G21_56_H1
2024-02-22 00:00:00,1.0,-4.0,9.0,40.0,12.0,2.466996,1233.0,273.0,76.0,0.71,0.63,30.2,29.1,0.46,0.46,0.0,0.0,1.0,1.0,29000.0,G21_56_H1
2024-02-23 00:00:00,3.0,-3.0,10.0,19.0,24.0,2.8,1400.0,261.0,40.0,0.73,0.65,29.8,28.5,0.44,0.44,0.0,0.0,1.0,1.0,29000.0,G21_56_H1
2024-02-24 00:00:00,2.0,-3.0,11.0,6.0,23.0,3.5,1750.0,221.0,40.0,0.78,0.65,29.7,28.3,0.42,0.42,0.0,0.0,1.0,1.0,29000.0,G21_56_H1
2024-02-25 00:00:00,5.0,-1.0,12.0,7.0,55.0,3.8,1900.0,186.0,36.0,0.81,0.69,29.7,28.0,0.42,0.42,0.0,0.0,1.0,1.0,29000.0,G21_56_H1
2024-02-26 00:00:00,7.0,-2.0,13.0,6.0,47.0,4.2,2100.0,152.0,40.0,0.81,0.69,29.0,27.5,0.43,0.43,0.0,0.0,1.0,1.0,29000.0,G21_56_H1
2024-02-27 00:00:00,10.0,-2.0,14.0,7.0,46.0,4.4,2200.0,151.0,40.0,0.8,0.66,28.8,27.0,0.4,0.44,0.0,0.0,1.5,1.5,29000.0,G21_56_H1
2024-02-28 00:00:00,7.0,0.0,15.0,20.0,64.0,4.7,2350.0,145.0,40.0,0.78,0.64,28.2,26.0,0.39,0.39,0.0,0.0,1.5,1.5,29000.0,G21_56_H1
2024-02-29 00:00:00,6.0,1.0,16.0,10.0,30.0,5.1,2550.0,166.0,32.0,0.8,0.67,28.0,25.9,0.37,0.37,0.0,0.0,1.5,1.5,29000.0,G21_56_H1
2024-03-01 00:00:00,6.0,-2.0,17.0,12.0,88.0,5.5,2750.0,210.0,48.0,0.77,0.66,27.9,25.5,0.36,0.41,0.0,0.0,1.5,1.5,29000.0,G21_56_H1
2024-03-02 00:00:00,12.0,-2.0,18.0,10.0,90.0,5.8,2900.0,178.0,48.0,0.78,0.65,27.9,25.5,0.37,0.46,0.0,0.0,1.5,1.5,29000.0,G21_56_H1
2024-03-03 00:00:00,14.0,3.0,19.0,11.0,34.0,6.1,3050.0,123.0,44.0,0.79,0.64,27.9,25.2,0.38,0.51,0.0,0.0,1.5,1.5,29000.0,G21_56_H1
2024-03-04 00:00:00,10.0,7.0,20.0,9.0,21.0,6.3,3150.0,67.0,40.0,0.84,0.67,27.5,25.0,0.36,0.39,0.0,0.0,1.5,1.5,29000.0,G21_56_H1
2024-03-05 00:00:00,11.0,6.0,21.0,8.0,22.0,6.7,3350.0,57.0,40.0,0.84,0.75,27.7,25.3,0.35,0.38,0.0,0.0,1.5,1.5,29000.0,G21_56_H1
2024-03-06 00:00:00,10.0,0.0,22.0,9.0,30.0,7.1,3550.0,78.0,44.0,0.83,0.69,27.6,25.0,0.35,0.41,0.0,0.0,1.5,1.5,29000.0,G21_56_H1
2024-03-07 00:00:00,14.0,0.0,23.0,10.0,33.0,7.5,3750.0,116.0,52.0,0.81,0.64,27.7,24.5,0.35,0.5,0.0,0.0,1.5,1.5,29000.0,G21_56_H1
2024-03-08 00:00:00,13.0,0.0,24.0,14.0,23.0,7.9,3950.0,62.0,44.0,0.8,0.56,27.6,24.5,0.34,0.54,0.0,0.0,1.7,1.7,29000.0,G21_56_H1
2024-03-09 00:00:00,13.0,0.0,25.0,12.0,56.0,7.9,3950.0,91.0,40.0,0.7,0.6,27.0,24.1,0.33,0.51,0.0,0.0,1.7,1.7,29000.0,G21_56_H1
2024-03-10 00:00:00,17.0,2.0,26.0,10.0,55.0,8.5,4250.0,63.0,40.0,0.84,0.58,28.0,24.3,0.32,0.56,0.0,0.0,1.7,1.7,29000.0,G21_56_H1
2024-03-11 00:00:00,21.0,7.0,27.0,11.0,48.0,8.8,4400.0,23.0,44.0,0.82,0.57,29.5,24.5,0.31,0.63,0.0,0.0,1.7,1.7,29000.0,G21_56_H1
2024-03-12 00:00:00,16.0,5.0,28.0,12.0,51.0,9.0,4500.0,9.0,40.0,0.85,0.61,27.8,24.2,0.31,0.5,0.0,0.0,1.7,1.7,29000.0,G21_56_H1
2024-03-13 00:00:00,16.0,3.0,29.0,25.0,55.0,9.1,4550.0,33.0,48.0,0.84,0.55,28.7,23.5,0.3,0.47,0.0,0.0,1.7,1.7,29000.0,G21_56_H1
2024-03-14 00:00:00,15.0,7.0,30.0,48.0,53.0,8.6,4300.0,7.0,60.0,0.88,0.74,27.4,23.7,0.3,0.41,0.0,0.0,1.7,1.7,29000.0,G21_56_H1
2024-03-15 00:00:00,19.0,3.0,31.0,50.0,40.0,8.5,4250.0,39.0,60.0,0.91,0.7,27.6,23.3,0.33,0.5,0.0,0.0,1.7,1.7,29000.0,G21_56_H1
2024-03-16 00:00:00,22.0,9.0,32.0,52.0,26.0,9.1,4550.0,24.0,36.0,0.93,0.67,27.6,23.0,0.38,1.03,0.0,0.0,2.0,3.0,29000.0,G21_56_H1
2024-03-17 00:00:00,14.0,5.0,33.0,120.0,30.0,9.3,4650.0,5.0,52.0,0.87,0.73,25.2,22.7,0.43,0.65,0.0,0.0,2.0,2.0,29000.0,G21_56_H1
2024-03-18 00:00:00,11.0,3.0,34.0,230.0,80.0,8.2,4100.0,49.0,72.0,0.82,0.66,23.8,21.0,0.38,0.57,0.0,0.0,2.0,2.0,29000.0,G21_56_H1
2024-03-19 00:00:00,17.0,4.0,35.0,370.0,100.0,7.2,3600.0,52.0,60.0,0.82,0.57,24.5,20.1,0.4,0.89,0.0,0.0,2.0,3.0,29000.0,G21_56_H1
2024-03-20 00:00:00,18.0,5.0,36.0,380.0,0.0,7.0,3500.0,46.0,60.0,0.8,0.58,24.3,19.4,0.42,0.85,0.0,0.0,2.0,3.0,29000.0,G21_56_H1
2024-03-21 00:00:00,23.0,5.0,37.0,0.0,0.0,7.0,3500.0,46.0,60.0,0.8,0.58,24.3,19.4,0.42,0.85,0.0,0.0,2.0,3.0,29000.0,G21_56_H1
2024-03-22 00:00:00,27.0,8.0,38.0,,,,,,,,,,,,,,,,,29000.0,G21_56_H1
2024-02-13 00:00:00,20.0,6.0,0.0,,,,0.0,,,,,,,,,,,,,29000.0,G21_56_H2
2024-02-14 00:00:00,22.0,4.0,1.0,13.0,3.0,0.71,355.0,524.0,40.0,0.53,0.47,34.6,33.5,0.6,0.6,0.0,0.0,1.0,1.0,29000.0,G21_56_H2
2024-02-15 00:00:00,12.0,2.0,2.0,12.0,4.0,0.984912,492.0,143.0,60.0,0.6,0.45,33.9,32.3,0.58,0.58,0.0,0.0,1.0,1.0,29000.0,G21_56_H2
2024-02-16 00:00:00,12.0,-2.0,3.0,24.0,6.0,1.215396,608.0,272.0,69.6,0.61,0.5,33.0,32.0,0.59,0.59,0.0,0.0,1.0,1.0,29000.0,G21_56_H2
2024-02-17 00:00:00,18.0,2.0,4.0,30.0,25.0,1.3286179999999999,664.0,183.0,64.0,0.67,0.55,32.1,30.9,0.57,0.6,0.0,0.0,1.0,1.0,29000.0,G21_56_H2
2024-02-18 00:00:00,24.0,11.0,5.0,20.0,15.0,1.557792,779.0,127.0,56.0,0.69,0.63,31.7,30.5,0.56,0.64,0.0,0.0,1.0,1.0,29000.0,G21_56_H2
2024-02-19 00:00:00,16.0,3.0,6.0,15.0,14.0,1.786778,893.0,95.0,48.0,0.77,0.66,31.0,29.5,0.53,0.53,0.0,0.0,1.0,1.0,29000.0,G21_56_H2
2024-02-20 00:00:00,3.0,0.0,7.0,8.0,7.0,2.01628,1008.0,218.0,72.0,0.71,0.63,30.3,28.9,0.52,0.52,0.0,0.0,1.0,1.0,29000.0,G21_56_H2
2024-02-21 00:00:00,1.0,-2.0,8.0,16.0,130.0,2.120692,1060.0,243.0,76.0,0.71,0.63,30.1,28.6,0.48,0.48,0.0,0.0,1.0,1.0,29000.0,G21_56_H2
2024-02-22 00:00:00,1.0,-4.0,9.0,21.0,3.0,2.462524,1231.0,273.0,76.0,0.69,0.61,30.1,28.9,0.46,0.46,0.0,0.0,1.0,1.0,29000.0,G21_56_H2
2024-02-23 00:00:00,3.0,-3.0,10.0,3.0,3.0,3.1,1550.0,261.0,60.0,0.74,0.65,29.8,27.8,0.44,0.44,0.0,0.0,1.0,1.0,29000.0,G21_56_H2
2024-02-24 00:00:00,2.0,-3.0,11.0,15.0,6.0,3.5,1750.0,221.0,56.0,0.78,0.66,29.7,28.1,0.42,0.42,0.0,0.0,1.0,1.0,29000.0,G21_56_H2
2024-02-25 00:00:00,5.0,-1.0,12.0,8.0,24.0,3.8,1900.0,186.0,52.0,0.79,0.67,29.4,27.7,0.42,0.42,0.0,0.0,1.0,1.0,29000.0,G21_56_H2
2024-02-26 00:00:00,7.0,-2.0,13.0,20.0,53.0,4.0,2000.0,152.0,44.0,0.8,0.69,28.8,27.3,0.43,0.43,0.0,0.0,1.0,1.0,29000.0,G21_56_H2
2024-02-27 00:00:00,10.0,-2.0,14.0,12.0,40.0,4.3,2150.0,151.0,44.0,0.77,0.66,28.7,26.9,0.4,0.44,0.0,0.0,1.5,1.5,29000.0,G21_56_H2
2024-02-28 00:00:00,7.0,0.0,15.0,11.0,63.0,4.7,2350.0,145.0,52.0,3.78,0.66,28.3,26.3,0.39,0.39,0.0,0.0,1.5,1.5,29000.0,G21_56_H2
2024-02-29 00:00:00,6.0,1.0,16.0,13.0,56.0,5.0,2500.0,166.0,56.0,0.79,0.68,28.1,26.0,0.37,0.37,0.0,0.0,1.5,1.5,29000.0,G21_56_H2
2024-03-01 00:00:00,6.0,-2.0,17.0,14.0,68.0,5.2,2600.0,210.0,68.0,0.76,0.67,27.9,25.9,0.36,0.41,0.0,0.0,1.5,1.5,29000.0,G21_56_H2
2024-03-02 00:00:00,12.0,-2.0,18.0,15.0,67.0,5.6,2800.0,178.0,60.0,0.78,0.65,27.7,25.6,0.37,0.46,0.0,0.0,1.5,1.5,29000.0,G21_56_H2
2024-03-03 00:00:00,14.0,3.0,19.0,8.0,72.0,6.1,3050.0,123.0,56.0,0.78,0.63,28.0,25.3,0.38,0.51,0.0,0.0,1.5,1.5,29000.0,G21_56_H2
2024-03-04 00:00:00,10.0,7.0,20.0,6.0,31.0,6.4,3200.0,67.0,48.0,0.83,0.66,27.4,25.0,0.36,0.39,0.0,0.0,1.5,1.5,29000.0,G21_56_H2
2024-03-05 00:00:00,11.0,6.0,21.0,7.0,29.0,6.8,3400.0,57.0,48.0,0.85,0.73,27.5,25.2,0.35,0.38,0.0,0.0,1.5,1.5,29000.0,G21_56_H2
2024-03-06 00:00:00,10.0,0.0,22.0,12.0,29.0,7.2,3600.0,78.0,52.0,0.83,0.7,27.2,25.0,0.35,0.41,0.0,0.0,1.5,1.5,29000.0,G21_56_H2
2024-03-07 00:00:00,14.0,0.0,23.0,10.0,34.0,7.5,3750.0,116.0,64.0,0.81,0.66,27.9,24.3,0.35,0.5,0.0,0.0,1.5,1.5,29000.0,G21_56_H2
2024-03-08 00:00:00,13.0,0.0,24.0,12.0,28.0,7.9,3950.0,62.0,56.0,0.8,0.58,27.9,24.2,0.34,0.54,0.0,0.0,1.7,1.7,29000.0,G21_56_H2
2024-03-09 00:00:00,13.0,0.0,25.0,13.0,30.0,7.8,3900.0,91.0,52.0,0.73,0.62,27.7,24.0,0.33,0.51,0.0,0.0,1.7,1.7,29000.0,G21_56_H2
2024-03-10 00:00:00,17.0,2.0,26.0,15.0,34.0,8.3,4150.0,63.0,56.0,0.85,0.59,28.0,24.1,0.32,0.56,0.0,0.0,1.7,1.7,29000.0,G21_56_H2
2024-03-11 00:00:00,21.0,7.0,27.0,17.0,27.0,8.7,4350.0,23.0,48.0,0.8,0.57,29.8,24.5,0.31,0.63,0.0,0.0,1.7,1.7,29000.0,G21_56_H2
2024-03-12 00:00:00,16.0,5.0,28.0,24.0,25.0,9.0,4500.0,9.0,60.0,0.82,0.63,28.0,24.1,0.31,0.5,0.0,0.0,1.7,1.7,29000.0,G21_56_H2
2024-03-13 00:00:00,16.0,3.0,29.0,25.0,75.0,9.2,4600.0,33.0,56.0,0.85,0.58,29.0,23.4,0.3,0.47,0.0,0.0,1.7,1.7,29000.0,G21_56_H2
2024-03-14 00:00:00,15.0,7.0,30.0,29.0,65.0,9.6,4800.0,7.0,52.0,0.9,0.76,27.4,23.4,0.3,0.41,0.0,0.0,1.7,1.7,29000.0,G21_56_H2
2024-03-15 00:00:00,19.0,3.0,31.0,32.0,46.0,9.5,4750.0,39.0,56.0,0.93,0.72,27.8,23.1,0.33,0.5,0.0,0.0,1.7,1.7,29000.0,G21_56_H2
2024-03-16 00:00:00,22.0,9.0,32.0,81.0,42.0,9.2,4600.0,24.0,68.0,0.9,0.68,27.6,22.6,0.38,1.03,0.0,0.0,2.0,3.0,29000.0,G21_56_H2
2024-03-17 00:00:00,14.0,5.0,33.0,64.0,85.0,9.5,4750.0,5.0,76.0,0.86,0.73,24.8,22.4,0.43,0.65,0.0,0.0,2.0,2.0,29000.0,G21_56_H2
2024-03-18 00:00:00,11.0,3.0,34.0,76.0,27.0,9.1,4550.0,49.0,68.0,0.83,0.68,23.5,20.9,0.38,0.57,0.0,0.0,2.0,2.0,29000.0,G21_56_H2
2024-03-19 00:00:00,17.0,4.0,35.0,98.0,12.0,8.1,4050.0,52.0,56.0,0.85,0.56,24.2,19.8,0.4,0.89,0.0,0.0,2.0,3.0,29000.0,G21_56_H2
2024-03-20 00:00:00,18.0,5.0,36.0,202.0,0.0,7.7,3850.0,46.0,80.0,0.8,0.56,23.8,19.4,0.42,0.85,0.0,0.0,2.0,3.0,29000.0,G21_56_H2
2024-03-21 00:00:00,23.0,5.0,37.0,239.0,0.0,7.5,3750.0,46.0,80.0,0.8,0.55,26.3,17.8,0.42,1.09,0.0,0.0,2.0,4.0,29000.0,G21_56_H2
2024-03-22 00:00:00,27.0,8.0,38.0,,,,,,,,,,,,,,,,,29000.0,G21_56_H2
2024-02-13 00:00:00,20.0,6.0,0.0,,,,0.0,,,,,,,,,,,,,28800.0,G21_56_H3
2024-02-14 00:00:00,22.0,4.0,1.0,10.0,2.0,0.77,385.0,524.0,40.0,0.57,0.52,34.7,33.3,0.6,0.6,0.0,0.0,1.0,1.0,28800.0,G21_56_H3
2024-02-15 00:00:00,12.0,2.0,2.0,14.0,10.0,0.9779760000000001,489.0,143.0,44.0,0.61,0.5,34.0,32.1,0.58,0.58,0.0,0.0,1.0,1.0,28800.0,G21_56_H3
2024-02-16 00:00:00,12.0,-2.0,3.0,13.0,10.0,1.207122,604.0,272.0,52.0,0.68,0.57,33.0,31.6,0.59,0.59,0.0,0.0,1.0,1.0,28800.0,G21_56_H3
2024-02-17 00:00:00,18.0,2.0,4.0,25.0,16.0,1.3202,660.0,183.0,52.0,0.71,0.6,32.2,31.0,0.57,0.6,0.0,0.0,1.0,1.0,28800.0,G21_56_H3
2024-02-18 00:00:00,24.0,11.0,5.0,14.0,10.0,1.548504,774.0,127.0,40.0,0.75,0.69,31.9,30.8,0.56,0.64,0.0,0.0,1.0,1.0,28800.0,G21_56_H3
2024-02-19 00:00:00,16.0,3.0,6.0,13.0,14.0,1.776238,888.0,95.0,40.0,0.82,0.77,30.9,29.3,0.53,0.53,0.0,0.0,1.0,1.0,28800.0,G21_56_H3
2024-02-20 00:00:00,3.0,0.0,7.0,13.0,17.0,2.00333,1002.0,218.0,56.0,0.75,0.67,30.4,29.1,0.52,0.52,0.0,0.0,1.0,1.0,28800.0,G21_56_H3
2024-02-21 00:00:00,1.0,-2.0,8.0,15.0,180.0,2.103376,1052.0,243.0,60.0,0.73,0.66,30.4,28.7,0.48,0.48,0.0,0.0,1.0,1.0,28800.0,G21_56_H3
2024-02-22 00:00:00,1.0,-4.0,9.0,25.0,4.0,2.44197,1221.0,273.0,56.0,0.74,0.66,30.6,28.9,0.46,0.46,0.0,0.0,1.0,1.0,28800.0,G21_56_H3
2024-02-23 00:00:00,3.0,-3.0,10.0,13.0,7.0,3.1,1550.0,261.0,44.0,0.78,0.68,30.0,28.3,0.44,0.44,0.0,0.0,1.0,1.0,28800.0,G21_56_H3
2024-02-24 00:00:00,2.0,-3.0,11.0,8.0,35.0,3.6,1800.0,221.0,40.0,0.81,0.7,29.8,28.2,0.42,0.42,0.0,0.0,1.0,1.0,28800.0,G21_56_H3
2024-02-25 00:00:00,5.0,-1.0,12.0,15.0,75.0,4.0,2000.0,186.0,40.0,0.84,0.73,29.6,28.0,0.42,0.42,0.0,0.0,1.0,1.0,28800.0,G21_56_H3
2024-02-26 00:00:00,7.0,-2.0,13.0,10.0,87.0,4.0,2000.0,152.0,28.0,0.84,0.74,29.1,27.5,0.43,0.43,0.0,0.0,1.0,1.0,28800.0,G21_56_H3
2024-02-27 00:00:00,10.0,-2.0,14.0,12.0,197.0,4.5,2250.0,151.0,32.0,0.82,0.69,28.8,27.0,0.4,0.44,0.0,0.0,1.5,1.5,28800.0,G21_56_H3
2024-02-28 00:00:00,7.0,0.0,15.0,8.0,163.0,4.7,2350.0,145.0,40.0,0.81,0.68,28.3,26.2,0.39,0.39,0.0,0.0,1.5,1.5,28800.0,G21_56_H3
2024-02-29 00:00:00,6.0,1.0,16.0,12.0,168.0,4.7,2350.0,166.0,48.0,0.82,0.7,28.3,26.1,0.37,0.37,0.0,0.0,1.5,1.5,28800.0,G21_56_H3
2024-03-01 00:00:00,6.0,-2.0,17.0,9.0,114.0,5.2,2600.0,210.0,56.0,0.79,0.66,28.3,26.3,0.36,0.41,0.0,0.0,1.5,1.5,28800.0,G21_56_H3
2024-03-02 00:00:00,12.0,-2.0,18.0,10.0,93.0,5.4,2700.0,178.0,48.0,0.79,0.65,28.1,26.2,0.37,0.46,0.0,0.0,1.5,1.5,28800.0,G21_56_H3
2024-03-03 00:00:00,14.0,3.0,19.0,6.0,70.0,5.7,2850.0,123.0,44.0,0.79,0.66,28.1,25.7,0.38,0.51,0.0,0.0,1.5,1.5,28800.0,G21_56_H3
2024-03-04 00:00:00,10.0,7.0,20.0,6.0,25.0,6.0,3000.0,67.0,40.0,0.87,0.66,27.6,25.7,0.36,0.39,0.0,0.0,1.5,1.5,28800.0,G21_56_H3
2024-03-05 00:00:00,11.0,6.0,21.0,8.0,43.0,6.3,3150.0,57.0,40.0,0.87,0.74,27.5,25.2,0.35,0.38,0.0,0.0,1.5,1.5,28800.0,G21_56_H3
2024-03-06 00:00:00,10.0,0.0,22.0,9.0,23.0,6.9,3450.0,78.0,44.0,0.84,0.7,27.3,25.3,0.35,0.41,0.0,0.0,1.5,1.5,28800.0,G21_56_H3
2024-03-07 00:00:00,14.0,0.0,23.0,10.0,27.0,7.4,3700.0,116.0,56.0,0.83,0.66,27.5,24.7,0.35,0.5,0.0,0.0,1.5,1.5,28800.0,G21_56_H3
2024-03-08 00:00:00,13.0,0.0,24.0,14.0,16.0,7.6,3800.0,62.0,44.0,0.84,0.61,27.4,24.7,0.34,0.54,0.0,0.0,1.7,1.7,28800.0,G21_56_H3
2024-03-09 00:00:00,13.0,0.0,25.0,25.0,15.0,7.6,3800.0,91.0,48.0,0.73,0.62,27.1,24.5,0.33,0.51,0.0,0.0,1.7,1.7,28800.0,G21_56_H3
2024-03-10 00:00:00,17.0,2.0,26.0,23.0,12.0,8.0,4000.0,63.0,48.0,0.86,0.6,27.8,24.3,0.32,0.56,0.0,0.0,1.7,1.7,28800.0,G21_56_H3
2024-03-11 00:00:00,21.0,7.0,27.0,18.0,20.0,8.0,4000.0,23.0,40.0,0.84,0.58,29.5,24.8,0.31,0.63,0.0,0.0,1.7,1.7,28800.0,G21_56_H3
2024-03-12 00:00:00,16.0,5.0,28.0,27.0,20.0,8.5,4250.0,9.0,44.0,0.87,0.65,27.3,24.5,0.31,0.5,0.0,0.0,1.7,1.7,28800.0,G21_56_H3
2024-03-13 00:00:00,16.0,3.0,29.0,32.0,60.0,9.0,4500.0,33.0,48.0,0.87,0.58,28.6,23.7,0.3,0.47,0.0,0.0,1.7,1.7,28800.0,G21_56_H3
2024-03-14 00:00:00,15.0,7.0,30.0,36.0,44.0,8.8,4400.0,7.0,40.0,0.94,0.75,26.4,24.0,0.3,0.41,0.0,0.0,1.7,1.7,28800.0,G21_56_H3
2024-03-15 00:00:00,19.0,3.0,31.0,62.0,12.0,8.9,4450.0,39.0,48.0,0.94,0.73,26.9,23.0,0.33,0.5,0.0,0.0,1.7,1.7,28800.0,G21_56_H3
2024-03-16 00:00:00,22.0,9.0,32.0,70.0,29.0,9.0,4500.0,24.0,56.0,0.93,0.71,27.4,22.9,0.38,1.03,0.0,0.0,2.0,3.0,28800.0,G21_56_H3
2024-03-17 00:00:00,14.0,5.0,33.0,74.0,17.0,9.5,4750.0,5.0,56.0,0.9,0.77,25.0,22.9,0.43,0.65,0.0,0.0,2.0,2.0,28800.0,G21_56_H3
2024-03-18 00:00:00,11.0,3.0,34.0,75.0,15.0,9.5,4750.0,49.0,60.0,0.87,0.7,23.7,21.3,0.38,0.57,0.0,0.0,2.0,2.0,28800.0,G21_56_H3
2024-03-19 00:00:00,17.0,4.0,35.0,90.0,18.0,9.6,4800.0,52.0,52.0,0.89,0.62,24.6,20.3,0.4,0.89,0.0,0.0,2.0,3.0,28800.0,G21_56_H3
2024-03-20 00:00:00,18.0,5.0,36.0,140.0,0.0,9.7,4850.0,46.0,68.0,0.85,0.54,24.4,19.7,0.42,0.85,0.0,0.0,2.0,3.0,28800.0,G21_56_H3
2024-03-21 00:00:00,23.0,5.0,37.0,160.0,0.0,9.3,4650.0,46.0,68.0,0.89,0.58,26.1,19.2,0.42,1.09,0.0,0.0,2.0,4.0,28800.0,G21_56_H3
2024-03-22 00:00:00,27.0,8.0,38.0,,,,,,,,,,,,,,,,,28800.0,G21_56_H3
2024-02-13 00:00:00,20.0,6.0,0.0,,,,0.0,,,,,,,,,,,,,28800.0,G21_56_H4
2024-02-14 00:00:00,22.0,4.0,1.0,14.0,20.0,0.72,360.0,524.0,32.0,0.51,0.45,35.3,33.8,0.6,0.6,0.0,0.0,1.0,1.0,28800.0,G21_56_H4
2024-02-15 00:00:00,12.0,2.0,2.0,11.0,21.0,0.9769559999999999,488.0,143.0,20.0,0.58,0.45,34.2,32.1,0.58,0.58,0.0,0.0,1.0,1.0,28800.0,G21_56_H4
2024-02-16 00:00:00,12.0,-2.0,3.0,7.0,25.0,1.205484,603.0,272.0,32.0,0.63,0.51,33.5,31.8,0.59,0.59,0.0,0.0,1.0,1.0,28800.0,G21_56_H4
2024-02-17 00:00:00,18.0,2.0,4.0,6.0,38.0,1.318268,659.0,183.0,32.0,0.66,0.55,32.8,30.9,0.57,0.6,0.0,0.0,1.0,1.0,28800.0,G21_56_H4
2024-02-18 00:00:00,24.0,11.0,5.0,8.0,29.0,1.5455340000000002,773.0,127.0,36.0,0.71,0.63,32.3,30.5,0.56,0.64,0.0,0.0,1.0,1.0,28800.0,G21_56_H4
2024-02-19 00:00:00,16.0,3.0,6.0,7.0,28.0,1.772332,886.0,95.0,32.0,0.8,0.67,31.5,29.4,0.53,0.53,0.0,0.0,1.0,1.0,28800.0,G21_56_H4
2024-02-20 00:00:00,3.0,0.0,7.0,7.0,18.0,1.9992699999999999,1000.0,218.0,36.0,0.73,0.61,30.8,28.9,0.52,0.52,0.0,0.0,1.0,1.0,28800.0,G21_56_H4
2024-02-21 00:00:00,1.0,-2.0,8.0,7.0,179.0,2.09975,1050.0,243.0,40.0,0.75,0.62,30.6,28.4,0.48,0.48,0.0,0.0,1.0,1.0,28800.0,G21_56_H4
2024-02-22 00:00:00,1.0,-4.0,9.0,17.0,28.0,2.43638,1218.0,273.0,28.0,0.75,0.64,30.6,28.6,0.46,0.46,0.0,0.0,1.0,1.0,28800.0,G21_56_H4
2024-02-23 00:00:00,3.0,-3.0,10.0,8.0,32.0,3.1,1550.0,261.0,20.0,0.8,0.66,30.1,28.6,0.44,0.44,0.0,0.0,1.0,1.0,28800.0,G21_56_H4
2024-02-24 00:00:00,2.0,-3.0,11.0,5.0,8.0,3.6,1800.0,221.0,16.0,0.83,0.68,30.1,28.1,0.42,0.42,0.0,0.0,1.0,1.0,28800.0,G21_56_H4
2024-02-25 00:00:00,5.0,-1.0,12.0,5.0,48.0,3.6,1800.0,186.0,36.0,0.84,0.7,30.0,27.9,0.42,0.42,0.0,0.0,1.0,1.0,28800.0,G21_56_H4
2024-02-26 00:00:00,7.0,-2.0,13.0,7.0,73.0,4.1,2050.0,152.0,12.0,0.86,0.72,29.4,27.5,0.43,0.43,0.0,0.0,1.0,1.0,28800.0,G21_56_H4
2024-02-27 00:00:00,10.0,-2.0,14.0,8.0,74.0,4.5,2250.0,151.0,12.0,0.85,0.7,29.3,27.1,0.4,0.44,0.0,0.0,1.5,1.5,28800.0,G21_56_H4
2024-02-28 00:00:00,7.0,0.0,15.0,5.0,83.0,4.8,2400.0,145.0,20.0,0.83,0.69,28.4,26.2,0.39,0.39,0.0,0.0,1.5,1.5,28800.0,G21_56_H4
2024-02-29 00:00:00,6.0,1.0,16.0,6.0,55.0,4.9,2450.0,166.0,20.0,0.83,0.7,28.2,25.6,0.37,0.37,0.0,0.0,1.5,1.5,28800.0,G21_56_H4
2024-03-01 00:00:00,6.0,-2.0,17.0,7.0,73.0,5.2,2600.0,210.0,28.0,0.8,0.67,28.0,25.8,0.36,0.41,0.0,0.0,1.5,1.5,28800.0,G21_56_H4
2024-03-02 00:00:00,12.0,-2.0,18.0,5.0,60.0,5.5,2750.0,178.0,24.0,0.8,0.67,27.9,25.5,0.37,0.46,0.0,0.0,1.5,1.5,28800.0,G21_56_H4
2024-03-03 00:00:00,14.0,3.0,19.0,4.0,41.0,5.8,2900.0,123.0,24.0,0.8,0.67,27.8,25.3,0.38,0.51,0.0,0.0,1.5,1.5,28800.0,G21_56_H4
2024-03-04 00:00:00,10.0,7.0,20.0,5.0,28.0,6.2,3100.0,67.0,24.0,0.88,0.69,27.3,25.3,0.36,0.39,0.0,0.0,1.5,1.5,28800.0,G21_56_H4
2024-03-05 00:00:00,11.0,6.0,21.0,6.0,20.0,6.6,3300.0,57.0,24.0,0.89,0.77,27.4,25.2,0.35,0.38,0.0,0.0,1.5,1.5,28800.0,G21_56_H4
2024-03-06 00:00:00,10.0,0.0,22.0,7.0,19.0,7.0,3500.0,78.0,28.0,0.86,0.71,27.1,24.7,0.35,0.41,0.0,0.0,1.5,1.5,28800.0,G21_56_H4
2024-03-07 00:00:00,14.0,0.0,23.0,5.0,20.0,7.6,3800.0,116.0,28.0,0.85,0.65,27.3,24.4,0.35,0.5,0.0,0.0,1.5,1.5,28800.0,G21_56_H4
2024-03-08 00:00:00,13.0,0.0,24.0,9.0,41.0,7.6,3800.0,62.0,28.0,0.83,0.58,27.7,24.2,0.34,0.54,0.0,0.0,1.7,1.7,28800.0,G21_56_H4
2024-03-09 00:00:00,13.0,0.0,25.0,8.0,35.0,7.9,3950.0,91.0,28.0,0.87,0.64,27.0,24.4,0.33,0.51,0.0,0.0,1.7,1.7,28800.0,G21_56_H4
2024-03-10 00:00:00,17.0,2.0,26.0,9.0,32.0,8.2,4100.0,63.0,28.0,0.87,0.61,27.13,24.2,0.32,0.56,0.0,0.0,1.7,1.7,28800.0,G21_56_H4
2024-03-11 00:00:00,21.0,7.0,27.0,10.0,34.0,8.6,4300.0,23.0,16.0,0.85,0.6,28.9,24.4,0.31,0.63,0.0,0.0,1.7,1.7,28800.0,G21_56_H4
2024-03-12 00:00:00,16.0,5.0,28.0,12.0,60.0,9.0,4500.0,9.0,20.0,0.88,0.65,27.1,24.2,0.31,0.5,0.0,0.0,1.7,1.7,28800.0,G21_56_H4
2024-03-13 00:00:00,16.0,3.0,29.0,16.0,40.0,9.1,4550.0,33.0,24.0,0.89,0.6,28.2,23.6,0.3,0.47,0.0,0.0,1.7,1.7,28800.0,G21_56_H4
2024-03-14 00:00:00,15.0,7.0,30.0,21.0,33.0,9.2,4600.0,7.0,20.0,0.92,0.77,27.0,23.6,0.3,0.41,0.0,0.0,1.7,1.7,28800.0,G21_56_H4
2024-03-15 00:00:00,19.0,3.0,31.0,28.0,24.0,9.0,4500.0,39.0,16.0,0.93,0.72,27.2,22.8,0.33,0.5,0.0,0.0,1.7,1.7,28800.0,G21_56_H4
2024-03-16 00:00:00,22.0,9.0,32.0,45.0,27.0,9.2,4600.0,24.0,36.0,0.9,0.68,27.8,22.8,0.38,1.03,0.0,0.0,2.0,3.0,28800.0,G21_56_H4
2024-03-17 00:00:00,14.0,5.0,33.0,87.0,41.0,9.3,4650.0,5.0,52.0,0.9,0.72,24.8,22.4,0.43,0.65,0.0,0.0,2.0,2.0,28800.0,G21_56_H4
2024-03-18 00:00:00,11.0,3.0,34.0,220.0,70.0,8.5,4250.0,49.0,32.0,0.84,0.65,23.4,20.9,0.38,0.57,0.0,0.0,2.0,2.0,28800.0,G21_56_H4
2024-03-19 00:00:00,17.0,4.0,35.0,270.0,30.0,8.0,4000.0,52.0,40.0,0.85,0.56,24.2,20.0,0.4,0.89,0.0,0.0,2.0,3.0,28800.0,G21_56_H4
2024-03-20 00:00:00,18.0,5.0,36.0,310.0,0.0,7.9,3950.0,46.0,36.0,0.82,0.62,23.7,19.4,0.42,0.85,0.0,0.0,2.0,3.0,28800.0,G21_56_H4
2024-03-21 00:00:00,23.0,5.0,37.0,300.0,0.0,7.6,3800.0,46.0,36.0,0.85,0.56,25.7,18.9,0.42,1.09,0.0,0.0,2.0,4.0,28800.0,G21_56_H4
2024-03-22 00:00:00,27.0,8.0,38.0,0.0,,,,,,,,,,,,,,,,28800.0,G21_56_H4
2024-02-13 00:00:00,20.0,6.0,1.0,10.0,14.0,0.71,355.0,0.0,40.0,0.61,0.53,34.5,32.9,0.6,0.6,0.0,0.0,1.0,1.0,28900.0,G21_56_H5
2024-02-14 00:00:00,22.0,4.0,2.0,13.0,30.0,0.99,495.0,524.0,40.0,0.61,0.53,34.1,32.7,0.6,0.6,0.0,0.0,1.0,1.0,28900.0,G21_56_H5
2024-02-15 00:00:00,12.0,2.0,3.0,8.0,45.0,1.20876,604.0,143.0,44.0,0.66,0.52,33.3,31.5,0.59,0.59,0.0,0.0,1.0,1.0,28900.0,G21_56_H5
2024-02-16 00:00:00,12.0,-2.0,4.0,6.0,50.0,1.321304,661.0,272.0,56.0,0.7,0.58,32.4,30.9,0.58,0.58,0.0,0.0,1.0,1.0,28900.0,G21_56_H5
2024-02-17 00:00:00,18.0,2.0,5.0,5.0,29.0,1.5492599999999999,775.0,183.0,48.0,0.77,0.63,32.0,30.4,0.56,0.6,0.0,0.0,1.0,1.0,28900.0,G21_56_H5
2024-02-18 00:00:00,24.0,11.0,6.0,7.0,43.0,1.7756800000000001,888.0,127.0,40.0,0.87,0.49,31.2,29.9,0.54,0.6,0.0,0.0,1.0,1.0,28900.0,G21_56_H5
2024-02-19 00:00:00,16.0,3.0,7.0,8.0,78.0,1.9987799999999998,999.0,95.0,44.0,0.9,0.7,30.4,28.8,0.51,0.51,0.0,0.0,1.0,1.0,28900.0,G21_56_H5
2024-02-20 00:00:00,3.0,0.0,8.0,10.0,53.0,2.108334,1054.0,218.0,52.0,0.86,0.76,30.1,28.2,0.5,0.5,0.0,0.0,1.0,1.0,28900.0,G21_56_H5
2024-02-21 00:00:00,1.0,-2.0,9.0,6.0,160.0,2.43595,1218.0,243.0,56.0,0.87,0.73,29.8,27.9,0.47,0.47,0.0,0.0,1.0,1.0,28900.0,G21_56_H5
2024-02-22 00:00:00,1.0,-4.0,10.0,22.0,45.0,3.1,1550.0,273.0,44.0,0.85,0.73,29.9,28.1,0.44,0.44,0.0,0.0,1.0,1.0,28900.0,G21_56_H5
2024-02-23 00:00:00,3.0,-3.0,11.0,7.0,23.0,3.5,1750.0,261.0,40.0,0.88,0.77,29.6,27.9,0.43,0.43,0.0,0.0,1.0,1.0,28900.0,G21_56_H5
2024-02-24 00:00:00,2.0,-3.0,12.0,6.0,50.0,4.0,2000.0,221.0,36.0,0.9,0.78,29.4,27.7,0.4,0.4,0.0,0.0,1.0,1.0,28900.0,G21_56_H5
2024-02-25 00:00:00,5.0,-1.0,13.0,7.0,49.0,4.3,2150.0,186.0,32.0,0.9,0.75,29.2,27.6,0.4,0.4,0.0,0.0,1.0,1.0,28900.0,G21_56_H5
2024-02-26 00:00:00,7.0,-2.0,14.0,5.0,72.0,4.6,2300.0,152.0,28.0,0.9,0.78,28.8,26.9,0.41,0.41,0.0,0.0,1.5,1.5,28900.0,G21_56_H5
2024-02-27 00:00:00,10.0,-2.0,15.0,8.0,83.0,4.7,2350.0,151.0,40.0,0.9,0.76,28.5,26.4,0.39,0.42,0.0,0.0,1.5,1.5,28900.0,G21_56_H5
2024-02-28 00:00:00,7.0,0.0,16.0,6.0,75.0,5.2,2600.0,145.0,36.0,0.9,0.75,27.9,25.8,0.38,0.38,0.0,0.0,1.5,1.5,28900.0,G21_56_H5
2024-02-29 00:00:00,6.0,1.0,17.0,5.0,64.0,5.3,2650.0,166.0,40.0,0.94,0.79,27.8,25.8,0.36,0.36,0.0,0.0,1.5,1.5,28900.0,G21_56_H5
2024-03-01 00:00:00,6.0,-2.0,18.0,7.0,68.0,5.8,2900.0,210.0,44.0,0.95,0.77,27.7,25.2,0.35,0.4,0.0,0.0,1.5,1.5,28900.0,G21_56_H5
2024-03-02 00:00:00,12.0,-2.0,19.0,4.0,47.0,5.9,2950.0,178.0,44.0,0.94,0.74,27.7,25.1,0.36,0.44,0.0,0.0,1.5,1.5,28900.0,G21_56_H5
2024-03-03 00:00:00,14.0,3.0,20.0,5.0,34.0,6.2,3100.0,123.0,40.0,0.9,0.73,27.4,25.0,0.37,0.51,0.0,0.0,1.5,1.5,28900.0,G21_56_H5
2024-03-04 00:00:00,10.0,7.0,21.0,4.0,21.0,6.6,3300.0,67.0,36.0,0.91,0.78,27.4,25.0,0.35,0.38,0.0,0.0,1.5,1.5,28900.0,G21_56_H5
2024-03-05 00:00:00,11.0,6.0,22.0,5.0,18.0,7.0,3500.0,57.0,40.0,0.96,0.83,27.7,25.1,0.34,0.37,0.0,0.0,1.5,1.5,28900.0,G21_56_H5
2024-03-06 00:00:00,10.0,0.0,23.0,6.0,15.0,7.7,3850.0,78.0,44.0,0.95,0.81,26.9,24.8,0.34,0.4,0.0,0.0,1.5,1.5,28900.0,G21_56_H5
2024-03-07 00:00:00,14.0,0.0,24.0,4.0,17.0,7.5,3750.0,116.0,52.0,0.93,0.75,27.6,23.9,0.34,0.52,0.0,0.0,1.7,1.7,28900.0,G21_56_H5
2024-03-08 00:00:00,13.0,0.0,25.0,6.0,22.0,8.0,4000.0,62.0,40.0,0.9,0.69,27.2,24.0,0.33,0.51,0.0,0.0,1.7,1.7,28900.0,G21_56_H5
2024-03-09 00:00:00,13.0,0.0,26.0,5.0,13.0,8.5,4250.0,91.0,44.0,0.95,0.68,27.2,23.9,0.32,0.51,0.0,0.0,1.7,1.7,28900.0,G21_56_H5
2024-03-10 00:00:00,17.0,2.0,27.0,7.0,14.0,8.8,4400.0,63.0,48.0,0.95,0.66,27.8,23.6,0.32,0.58,0.0,0.0,1.7,1.7,28900.0,G21_56_H5
2024-03-11 00:00:00,21.0,7.0,28.0,6.0,23.0,9.3,4650.0,23.0,48.0,0.92,0.66,29.3,24.2,0.31,0.65,0.0,0.0,1.7,1.7,28900.0,G21_56_H5
2024-03-12 00:00:00,16.0,5.0,29.0,11.0,20.0,9.2,4600.0,9.0,52.0,0.95,0.7,27.8,23.9,0.31,0.52,0.0,0.0,1.7,1.7,28900.0,G21_56_H5
2024-03-13 00:00:00,16.0,3.0,30.0,13.0,22.0,9.6,4800.0,33.0,48.0,0.95,0.61,28.5,23.1,0.3,0.49,0.0,0.0,1.7,1.7,28900.0,G21_56_H5
2024-03-14 00:00:00,15.0,7.0,31.0,32.0,27.0,9.2,4600.0,7.0,52.0,0.95,0.79,27.3,23.0,0.3,0.43,0.0,0.0,1.7,1.7,28900.0,G21_56_H5
2024-03-15 00:00:00,19.0,3.0,32.0,35.0,10.0,9.6,4800.0,39.0,48.0,0.97,0.74,27.5,22.2,0.33,0.55,0.0,0.0,2.0,2.0,28900.0,G21_56_H5
2024-03-16 00:00:00,22.0,9.0,33.0,64.0,32.0,9.4,4700.0,24.0,52.0,0.95,0.7,27.5,22.2,0.37,0.99,0.0,0.0,2.0,3.0,28900.0,G21_56_H5
2024-03-17 00:00:00,14.0,5.0,34.0,83.0,34.0,9.5,4750.0,5.0,76.0,0.9,0.72,24.5,22.1,0.42,0.63,0.0,0.0,2.0,2.0,28900.0,G21_56_H5
2024-03-18 00:00:00,11.0,3.0,35.0,140.0,20.0,9.3,4650.0,49.0,56.0,0.88,0.71,23.4,20.6,0.38,0.57,0.0,0.0,2.0,2.0,28900.0,G21_56_H5
2024-03-19 00:00:00,17.0,4.0,36.0,220.0,40.0,8.3,4150.0,52.0,60.0,0.92,0.6,24.0,19.7,0.4,0.86,0.0,0.0,2.0,3.0,28900.0,G21_56_H5
2024-03-20 00:00:00,18.0,5.0,37.0,270.0,0.0,7.8,3900.0,46.0,68.0,0.91,0.62,23.6,18.8,0.42,0.82,0.0,0.0,2.0,3.0,28900.0,G21_56_H5
2024-03-21 00:00:00,23.0,5.0,38.0,0.0,0.0,7.8,3900.0,46.0,68.0,0.91,0.62,23.6,18.8,0.42,1.09,0.0,0.0,2.0,4.0,28900.0,G21_56_H5
2024-03-22 00:00:00,27.0,8.0,39.0,0.0,0.0,7.8,3900.0,46.0,68.0,0.91,0.62,23.6,18.8,0.42,1.09,0.0,0.0,2.0,4.0,28900.0,G21_56_H5
2024-02-13 00:00:00,20.0,6.0,0.0,,,,0.0,,,,,,,,,,,,,28800.0,G21_56_H6
2024-02-14 00:00:00,22.0,4.0,1.0,12.0,36.0,0.72,360.0,524.0,44.0,0.53,0.46,35.5,33.7,0.6,0.6,0.0,0.0,1.0,1.0,28800.0,G21_56_H6
2024-02-15 00:00:00,12.0,2.0,2.0,8.0,8.0,0.977024,489.0,143.0,44.0,0.57,0.44,35.0,32.4,0.58,0.58,0.0,0.0,1.0,1.0,28800.0,G21_56_H6
2024-02-16 00:00:00,12.0,-2.0,3.0,10.0,14.0,1.205904,603.0,272.0,48.0,0.61,0.49,34.0,31.8,0.59,0.59,0.0,0.0,1.0,1.0,28800.0,G21_56_H6
2024-02-17 00:00:00,18.0,2.0,4.0,7.0,10.0,1.31997,660.0,183.0,48.0,0.62,0.52,33.1,31.1,0.57,0.6,0.0,0.0,1.0,1.0,28800.0,G21_56_H6
2024-02-18 00:00:00,24.0,11.0,5.0,5.0,16.0,1.5483959999999999,774.0,127.0,40.0,0.69,0.61,32.7,30.8,0.56,0.64,0.0,0.0,1.0,1.0,28800.0,G21_56_H6
2024-02-19 00:00:00,16.0,3.0,6.0,3.0,10.0,1.776982,888.0,95.0,40.0,0.71,0.65,32.0,29.8,0.53,0.53,0.0,0.0,1.0,1.0,28800.0,G21_56_H6
2024-02-20 00:00:00,3.0,0.0,7.0,4.0,11.0,2.00522,1003.0,218.0,52.0,0.71,0.61,31.2,29.2,0.52,0.52,0.0,0.0,1.0,1.0,28800.0,G21_56_H6
2024-02-21 00:00:00,1.0,-2.0,8.0,16.0,144.0,2.107964,1054.0,243.0,52.0,0.72,0.61,30.9,28.8,0.48,0.48,0.0,0.0,1.0,1.0,28800.0,G21_56_H6
2024-02-22 00:00:00,1.0,-4.0,9.0,21.0,4.0,2.447646,1224.0,273.0,52.0,0.72,0.62,30.9,28.9,0.46,0.46,0.0,0.0,1.0,1.0,28800.0,G21_56_H6
2024-02-23 00:00:00,3.0,-3.0,10.0,7.0,11.0,2.8,1400.0,261.0,40.0,0.73,0.62,30.7,28.8,0.44,0.44,0.0,0.0,1.0,1.0,28800.0,G21_56_H6
2024-02-24 00:00:00,2.0,-3.0,11.0,4.0,10.0,3.3,1650.0,221.0,36.0,0.73,0.65,30.6,28.6,0.42,0.42,0.0,0.0,1.0,1.0,28800.0,G21_56_H6
2024-02-25 00:00:00,5.0,-1.0,12.0,5.0,13.0,3.5,1750.0,186.0,32.0,0.73,0.68,30.0,28.3,0.42,0.42,0.0,0.0,1.0,1.0,28800.0,G21_56_H6
2024-02-26 00:00:00,7.0,-2.0,13.0,3.0,9.0,3.8,1900.0,152.0,32.0,0.74,0.67,29.5,27.8,0.43,0.43,0.0,0.0,1.0,1.0,28800.0,G21_56_H6
2024-02-27 00:00:00,10.0,-2.0,14.0,3.0,9.0,4.2,2100.0,151.0,32.0,0.74,0.63,29.6,27.2,0.4,0.44,0.0,0.0,1.5,1.5,28800.0,G21_56_H6
2024-02-28 00:00:00,7.0,0.0,15.0,3.0,24.0,4.5,2250.0,145.0,36.0,0.74,0.65,29.0,26.7,0.39,0.39,0.0,0.0,1.5,1.5,28800.0,G21_56_H6
2024-02-29 00:00:00,6.0,1.0,16.0,4.0,43.0,4.6,2300.0,166.0,36.0,0.74,0.65,28.9,26.0,0.37,0.37,0.0,0.0,1.5,1.5,28800.0,G21_56_H6
2024-03-01 00:00:00,6.0,-2.0,17.0,5.0,46.0,5.1,2550.0,210.0,40.0,0.74,0.64,28.2,25.8,0.36,0.41,0.0,0.0,1.5,1.5,28800.0,G21_56_H6
2024-03-02 00:00:00,12.0,-2.0,18.0,4.0,32.0,5.8,2900.0,178.0,40.0,0.74,0.66,28.0,25.4,0.37,0.46,0.0,0.0,1.5,1.5,28800.0,G21_56_H6
2024-03-03 00:00:00,14.0,3.0,19.0,3.0,31.0,6.2,3100.0,123.0,36.0,0.75,0.66,28.0,25.3,0.38,0.51,0.0,0.0,1.5,1.5,28800.0,G21_56_H6
2024-03-04 00:00:00,10.0,7.0,20.0,4.0,45.0,6.4,3200.0,67.0,40.0,0.74,0.59,27.9,25.9,0.36,0.39,0.0,0.0,1.5,1.5,28800.0,G21_56_H6
2024-03-05 00:00:00,11.0,6.0,21.0,3.0,24.0,6.8,3400.0,57.0,36.0,0.83,0.71,28.1,25.9,0.35,0.38,0.0,0.0,1.5,1.5,28800.0,G21_56_H6
2024-03-06 00:00:00,10.0,0.0,22.0,4.0,20.0,7.2,3600.0,78.0,36.0,0.74,0.64,27.8,25.8,0.35,0.41,0.0,0.0,1.5,1.5,28800.0,G21_56_H6
2024-03-07 00:00:00,14.0,0.0,23.0,3.0,21.0,7.3,3650.0,116.0,48.0,0.75,0.65,28.1,24.5,0.35,0.5,0.0,0.0,1.5,1.5,28800.0,G21_56_H6
2024-03-08 00:00:00,13.0,0.0,24.0,6.0,22.0,7.2,3600.0,62.0,44.0,0.75,0.59,27.6,24.2,0.34,0.54,0.0,0.0,1.7,1.7,28800.0,G21_56_H6
2024-03-09 00:00:00,13.0,0.0,25.0,3.0,40.0,7.8,3900.0,91.0,44.0,0.75,0.61,27.5,24.4,0.33,0.51,0.0,0.0,1.7,1.7,28800.0,G21_56_H6
2024-03-10 00:00:00,17.0,2.0,26.0,11.0,12.0,7.5,3750.0,63.0,44.0,0.75,0.57,28.1,23.9,0.32,0.56,0.0,0.0,1.7,1.7,28800.0,G21_56_H6
2024-03-11 00:00:00,21.0,7.0,27.0,15.0,15.0,8.0,4000.0,23.0,48.0,0.75,0.56,29.8,24.5,0.31,0.63,0.0,0.0,1.7,1.7,28800.0,G21_56_H6
2024-03-12 00:00:00,16.0,5.0,28.0,21.0,23.0,7.8,3900.0,9.0,48.0,0.75,0.61,27.7,24.1,0.31,0.5,0.0,0.0,1.7,1.7,28800.0,G21_56_H6
2024-03-13 00:00:00,16.0,3.0,29.0,15.0,28.0,8.2,4100.0,33.0,48.0,0.75,0.55,28.6,23.4,0.3,0.47,0.0,0.0,1.7,1.7,28800.0,G21_56_H6
2024-03-14 00:00:00,15.0,7.0,30.0,23.0,25.0,8.0,4000.0,7.0,52.0,0.85,0.7,27.2,23.4,0.3,0.41,0.0,0.0,1.7,1.7,28800.0,G21_56_H6
2024-03-15 00:00:00,19.0,3.0,31.0,78.0,104.0,7.9,3950.0,39.0,48.0,0.87,0.73,27.8,22.7,0.33,0.5,0.0,0.0,1.7,1.7,28800.0,G21_56_H6
2024-03-16 00:00:00,22.0,9.0,32.0,46.0,50.0,8.5,4250.0,24.0,56.0,0.87,0.7,27.5,22.7,0.38,1.03,0.0,0.0,2.0,3.0,28800.0,G21_56_H6
2024-03-17 00:00:00,14.0,5.0,33.0,94.0,46.0,8.7,4350.0,5.0,72.0,0.86,0.73,25.1,22.4,0.43,0.65,0.0,0.0,2.0,2.0,28800.0,G21_56_H6
2024-03-18 00:00:00,11.0,3.0,34.0,214.0,34.0,7.9,3950.0,49.0,56.0,0.81,0.61,23.4,20.9,0.38,0.57,0.0,0.0,2.0,2.0,28800.0,G21_56_H6
2024-03-19 00:00:00,17.0,4.0,35.0,282.0,50.0,7.4,3700.0,52.0,56.0,0.83,0.61,24.1,19.8,0.4,0.89,0.0,0.0,2.0,3.0,28800.0,G21_56_H6
2024-03-20 00:00:00,18.0,5.0,36.0,330.0,0.0,7.1,3550.0,46.0,64.0,0.88,0.63,23.9,19.2,0.42,0.85,0.0,0.0,2.0,3.0,28800.0,G21_56_H6
2024-03-21 00:00:00,23.0,5.0,37.0,350.0,0.0,7.0,3500.0,46.0,64.0,0.82,0.58,25.8,18.9,0.42,1.09,0.0,0.0,2.0,4.0,28800.0,G21_56_H6
2024-03-22 00:00:00,27.0,8.0,38.0,0.0,0.0,7.0,3500.0,46.0,64.0,0.82,0.58,25.8,18.9,0.42,1.09,0.0,0.0,2.0,4.0,28800.0,G21_56_H6
2024-02-13 00:00:00,20.0,6.0,0.0,,,,0.0,,,,,,,,,,,,,28800.0,G21_56_H7
2024-02-14 00:00:00,22.0,4.0,1.0,15.0,18.0,0.75,375.0,525.0,40.0,0.54,0.49,35.1,34.0,0.6,0.6,0.0,0.0,1.0,1.0,28800.0,G21_56_H7
2024-02-15 00:00:00,12.0,2.0,2.0,11.0,10.0,0.977364,489.0,143.0,44.0,0.57,0.48,34.2,32.6,0.58,0.58,0.0,0.0,1.0,1.0,28800.0,G21_56_H7
2024-02-16 00:00:00,12.0,-2.0,3.0,7.0,10.0,1.206618,603.0,272.0,52.0,0.56,0.49,33.4,32.2,0.59,0.59,0.0,0.0,1.0,1.0,28800.0,G21_56_H7
2024-02-17 00:00:00,18.0,2.0,4.0,8.0,25.0,1.3200159999999999,660.0,183.0,52.0,0.59,0.52,32.7,31.3,0.57,0.6,0.0,0.0,1.0,1.0,28800.0,G21_56_H7
2024-02-18 00:00:00,24.0,11.0,5.0,4.0,8.0,1.5489359999999999,774.0,127.0,44.0,0.64,0.59,32.1,31.0,0.56,0.64,0.0,0.0,1.0,1.0,28800.0,G21_56_H7
2024-02-19 00:00:00,16.0,3.0,6.0,5.0,22.0,1.7767339999999998,888.0,95.0,44.0,0.65,0.57,31.3,29.6,0.53,0.53,0.0,0.0,1.0,1.0,28800.0,G21_56_H7
2024-02-20 00:00:00,3.0,0.0,7.0,5.0,15.0,2.00459,1002.0,218.0,60.0,0.65,0.6,30.8,29.0,0.52,0.52,0.0,0.0,1.0,1.0,28800.0,G21_56_H7
2024-02-21 00:00:00,1.0,-2.0,8.0,20.0,143.0,2.107076,1054.0,243.0,60.0,0.65,0.61,30.6,28.8,0.48,0.48,0.0,0.0,1.0,1.0,28800.0,G21_56_H7
2024-02-22 00:00:00,1.0,-4.0,9.0,22.0,5.0,2.4464420000000002,1223.0,273.0,56.0,0.65,0.62,30.6,29.1,0.46,0.46,0.0,0.0,1.0,1.0,28800.0,G21_56_H7
2024-02-23 00:00:00,3.0,-3.0,10.0,7.0,6.0,2.7,1350.0,261.0,44.0,0.65,0.58,30.2,28.8,0.44,0.44,0.0,0.0,1.0,1.0,28800.0,G21_56_H7
2024-02-24 00:00:00,2.0,-3.0,11.0,4.0,10.0,3.1,1550.0,221.0,40.0,0.65,0.55,30.0,28.5,0.42,0.42,0.0,0.0,1.0,1.0,28800.0,G21_56_H7
2024-02-25 00:00:00,5.0,-1.0,12.0,4.0,11.0,3.1,1550.0,186.0,44.0,0.75,0.62,39.7,27.8,0.42,0.42,0.0,0.0,1.0,1.0,28800.0,G21_56_H7
2024-02-26 00:00:00,7.0,-2.0,13.0,4.0,25.0,3.7,1850.0,152.0,32.0,0.75,0.6,29.5,27.8,0.43,0.43,0.0,0.0,1.0,1.0,28800.0,G21_56_H7
2024-02-27 00:00:00,10.0,-2.0,14.0,6.0,18.0,3.9,1950.0,151.0,36.0,0.75,0.6,29.4,27.1,0.4,0.44,0.0,0.0,1.5,1.5,28800.0,G21_56_H7
2024-02-28 00:00:00,7.0,0.0,15.0,4.0,33.0,4.3,2150.0,145.0,40.0,0.75,0.67,28.7,26.6,0.39,0.39,0.0,0.0,1.5,1.5,28800.0,G21_56_H7
2024-02-29 00:00:00,6.0,1.0,16.0,3.0,23.0,4.8,2400.0,166.0,36.0,0.75,0.62,28.4,26.3,0.37,0.37,0.0,0.0,1.5,1.5,28800.0,G21_56_H7
2024-03-01 00:00:00,6.0,-2.0,17.0,2.0,52.0,5.0,2500.0,210.0,48.0,0.75,0.67,28.2,26.1,0.36,0.41,0.0,0.0,1.5,1.5,28800.0,G21_56_H7
2024-03-02 00:00:00,12.0,-2.0,18.0,3.0,33.0,5.7,2850.0,178.0,44.0,0.75,0.65,28.0,25.7,0.37,0.46,0.0,0.0,1.5,1.5,28800.0,G21_56_H7
2024-03-03 00:00:00,14.0,3.0,19.0,4.0,16.0,5.9,2950.0,123.0,40.0,0.75,0.63,28.0,25.7,0.38,0.51,0.0,0.0,1.5,1.5,28800.0,G21_56_H7
2024-03-04 00:00:00,10.0,7.0,20.0,4.0,22.0,6.1,3050.0,67.0,40.0,0.79,0.6,27.8,25.7,0.36,0.39,0.0,0.0,1.5,1.5,28800.0,G21_56_H7
2024-03-05 00:00:00,11.0,6.0,21.0,3.0,12.0,6.5,3250.0,57.0,36.0,0.82,0.68,27.7,25.5,0.35,0.38,0.0,0.0,1.5,1.5,28800.0,G21_56_H7
2024-03-06 00:00:00,10.0,0.0,22.0,3.0,13.0,6.9,3450.0,78.0,40.0,0.85,0.68,27.4,25.3,0.35,0.41,0.0,0.0,1.5,1.5,28800.0,G21_56_H7
2024-03-07 00:00:00,14.0,0.0,23.0,3.0,14.0,6.9,3450.0,116.0,52.0,0.83,0.65,27.3,24.5,0.35,0.5,0.0,0.0,1.5,1.5,28800.0,G21_56_H7
2024-03-08 00:00:00,13.0,0.0,24.0,3.0,15.0,7.0,3500.0,62.0,44.0,0.75,0.53,27.2,24.7,0.34,0.54,0.0,0.0,1.7,1.7,28800.0,G21_56_H7
2024-03-09 00:00:00,13.0,0.0,25.0,3.0,16.0,7.7,3850.0,91.0,44.0,0.75,0.56,27.3,24.8,0.33,0.51,0.0,0.0,1.7,1.7,28800.0,G21_56_H7
2024-03-10 00:00:00,17.0,2.0,26.0,6.0,16.0,7.8,3900.0,63.0,48.0,0.75,0.58,28.2,24.5,0.32,0.56,0.0,0.0,1.7,1.7,28800.0,G21_56_H7
2024-03-11 00:00:00,21.0,7.0,27.0,11.0,13.0,8.0,4000.0,23.0,48.0,0.75,0.61,29.5,24.6,0.31,0.63,0.0,0.0,1.7,1.7,28800.0,G21_56_H7
2024-03-12 00:00:00,16.0,5.0,28.0,17.0,19.0,7.7,3850.0,9.0,48.0,0.75,0.56,27.6,24.3,0.31,0.5,0.0,0.0,1.7,1.7,28800.0,G21_56_H7
2024-03-13 00:00:00,16.0,3.0,29.0,16.0,30.0,8.2,4100.0,33.0,48.0,0.75,0.58,28.3,23.6,0.3,0.47,0.0,0.0,1.7,1.7,28800.0,G21_56_H7
2024-03-14 00:00:00,15.0,7.0,30.0,17.0,24.0,8.4,4200.0,7.0,48.0,0.86,0.71,27.1,23.6,0.3,0.41,0.0,0.0,1.7,1.7,28800.0,G21_56_H7
2024-03-15 00:00:00,19.0,3.0,31.0,34.0,97.0,8.4,4200.0,39.0,52.0,0.84,0.75,27.7,22.8,0.33,0.5,0.0,0.0,1.7,1.7,28800.0,G21_56_H7
2024-03-16 00:00:00,22.0,9.0,32.0,41.0,27.0,9.0,4500.0,24.0,60.0,0.84,0.82,27.6,22.6,0.38,1.03,0.0,0.0,2.0,3.0,28800.0,G21_56_H7
2024-03-17 00:00:00,14.0,5.0,33.0,57.0,21.0,9.3,4650.0,5.0,68.0,0.81,0.75,25.0,22.3,0.43,0.65,0.0,0.0,2.0,2.0,28800.0,G21_56_H7
2024-03-18 00:00:00,11.0,3.0,34.0,65.0,18.0,9.0,4500.0,49.0,56.0,0.74,0.71,23.7,20.9,0.38,0.57,0.0,0.0,2.0,2.0,28800.0,G21_56_H7
2024-03-19 00:00:00,17.0,4.0,35.0,82.0,14.0,8.7,4350.0,52.0,60.0,0.82,0.6,24.3,20.2,0.4,0.89,0.0,0.0,2.0,3.0,28800.0,G21_56_H7
2024-03-20 00:00:00,18.0,5.0,36.0,172.0,2.0,8.2,4100.0,46.0,68.0,0.8,0.68,23.8,19.5,0.42,0.85,0.0,0.0,2.0,3.0,28800.0,G21_56_H7
2024-03-21 00:00:00,23.0,5.0,37.0,168.0,0.0,7.5,3750.0,46.0,68.0,0.75,0.68,26.1,19.0,0.42,1.09,0.0,0.0,2.0,4.0,28800.0,G21_56_H7
2024-03-22 00:00:00,27.0,8.0,38.0,0.0,0.0,7.5,3750.0,46.0,68.0,0.75,0.68,26.1,19.0,0.42,1.09,0.0,0.0,2.0,4.0,28800.0,G21_56_H7
2024-02-13 00:00:00,20.0,6.0,0.0,,,,0.0,,,,,,,,,,,,,28800.0,G21_56_H8
2024-02-14 00:00:00,22.0,4.0,1.0,5.0,6.0,0.71,355.0,525.0,48.0,0.56,0.48,35.1,33.9,0.6,0.6,0.0,0.0,1.0,1.0,28800.0,G21_56_H8
2024-02-15 00:00:00,12.0,2.0,2.0,7.0,9.0,0.978282,489.0,143.0,52.0,0.59,0.47,34.3,32.6,0.58,0.58,0.0,0.0,1.0,1.0,28800.0,G21_56_H8
2024-02-16 00:00:00,12.0,-2.0,3.0,8.0,10.0,1.20771,604.0,272.0,60.0,0.6,0.5,33.3,31.8,0.59,0.59,0.0,0.0,1.0,1.0,28800.0,G21_56_H8
2024-02-17 00:00:00,18.0,2.0,4.0,7.0,7.0,1.3220859999999999,661.0,183.0,60.0,0.64,0.54,32.5,31.1,0.57,0.6,0.0,0.0,1.0,1.0,28800.0,G21_56_H8
2024-02-18 00:00:00,24.0,11.0,5.0,9.0,12.0,1.55088,775.0,127.0,44.0,0.71,0.62,32.2,30.7,0.56,0.64,0.0,0.0,1.0,1.0,28800.0,G21_56_H8
2024-02-19 00:00:00,16.0,3.0,6.0,7.0,9.0,1.779648,890.0,95.0,36.0,0.78,0.65,31.2,29.6,0.53,0.53,0.0,0.0,1.0,1.0,28800.0,G21_56_H8
2024-02-20 00:00:00,3.0,0.0,7.0,6.0,7.0,2.0083699999999998,1004.0,218.0,68.0,0.68,0.6,30.5,29.2,0.52,0.52,0.0,0.0,1.0,1.0,28800.0,G21_56_H8
2024-02-21 00:00:00,1.0,-2.0,8.0,10.0,140.0,2.112034,1056.0,243.0,80.0,0.73,0.59,30.4,28.8,0.48,0.48,0.0,0.0,1.0,1.0,28800.0,G21_56_H8
2024-02-22 00:00:00,1.0,-4.0,9.0,10.0,13.0,2.4525479999999997,1226.0,273.0,52.0,0.73,0.62,30.4,29.1,0.46,0.46,0.0,0.0,1.0,1.0,28800.0,G21_56_H8
2024-02-23 00:00:00,3.0,-3.0,10.0,2.0,7.0,2.6,1300.0,261.0,52.0,0.78,0.64,30.1,28.6,0.44,0.44,0.0,0.0,1.0,1.0,28800.0,G21_56_H8
2024-02-24 00:00:00,2.0,-3.0,11.0,2.0,3.0,3.1,1550.0,221.0,52.0,0.82,0.67,29.8,28.3,0.42,0.42,0.0,0.0,1.0,1.0,28800.0,G21_56_H8
2024-02-25 00:00:00,5.0,-1.0,12.0,3.0,5.0,3.3,1650.0,186.0,48.0,0.82,0.68,29.6,28.1,0.42,0.42,0.0,0.0,1.0,1.0,28800.0,G21_56_H8
2024-02-26 00:00:00,7.0,-2.0,13.0,6.0,3.0,3.5,1750.0,152.0,40.0,0.82,0.7,29.1,27.4,0.43,0.43,0.0,0.0,1.0,1.0,28800.0,G21_56_H8
2024-02-27 00:00:00,10.0,-2.0,14.0,10.0,11.0,4.0,2000.0,151.0,40.0,0.86,0.7,29.0,27.0,0.4,0.44,0.0,0.0,1.5,1.5,28800.0,G21_56_H8
2024-02-28 00:00:00,7.0,0.0,15.0,10.0,10.0,4.3,2150.0,145.0,44.0,0.84,0.69,28.7,26.6,0.39,0.39,0.0,0.0,1.5,1.5,28800.0,G21_56_H8
2024-02-29 00:00:00,6.0,1.0,16.0,4.0,5.0,4.6,2300.0,166.0,48.0,0.86,0.72,28.4,26.4,0.37,0.37,0.0,0.0,1.5,1.5,28800.0,G21_56_H8
2024-03-01 00:00:00,6.0,-2.0,17.0,10.0,34.0,5.0,2500.0,210.0,48.0,0.82,0.71,27.9,26.1,0.36,0.41,0.0,0.0,1.5,1.5,28800.0,G21_56_H8
2024-03-02 00:00:00,12.0,-2.0,18.0,11.0,29.0,5.7,2850.0,178.0,52.0,0.84,0.71,28.0,25.9,0.37,0.46,0.0,0.0,1.5,1.5,28800.0,G21_56_H8
2024-03-03 00:00:00,14.0,3.0,19.0,10.0,16.0,5.7,2850.0,123.0,44.0,0.87,0.7,27.8,25.8,0.38,0.51,0.0,0.0,1.5,1.5,28800.0,G21_56_H8
2024-03-04 00:00:00,10.0,7.0,20.0,10.0,18.0,6.1,3050.0,67.0,44.0,0.91,0.72,27.6,25.8,0.36,0.39,0.0,0.0,1.5,1.5,28800.0,G21_56_H8
2024-03-05 00:00:00,11.0,6.0,21.0,12.0,42.0,6.5,3250.0,57.0,40.0,0.92,0.81,27.6,25.8,0.35,0.38,0.0,0.0,1.5,1.5,28800.0,G21_56_H8
2024-03-06 00:00:00,10.0,0.0,22.0,10.0,27.0,6.6,3300.0,78.0,48.0,0.9,0.75,27.5,25.5,0.35,0.41,0.0,0.0,1.5,1.5,28800.0,G21_56_H8
2024-03-07 00:00:00,14.0,0.0,23.0,30.0,26.0,6.9,3450.0,116.0,52.0,0.89,0.71,27.5,24.6,0.35,0.5,0.0,0.0,1.5,1.5,28800.0,G21_56_H8
2024-03-08 00:00:00,13.0,0.0,24.0,35.0,15.0,7.0,3500.0,62.0,52.0,0.89,0.66,27.9,24.4,0.34,0.54,0.0,0.0,1.7,1.7,28800.0,G21_56_H8
2024-03-09 00:00:00,13.0,0.0,25.0,35.0,15.0,7.2,3600.0,91.0,52.0,0.91,0.59,27.53,24.4,0.33,0.51,0.0,0.0,1.7,1.7,28800.0,G21_56_H8
2024-03-10 00:00:00,17.0,2.0,26.0,24.0,10.0,7.6,3800.0,63.0,52.0,0.91,0.64,28.1,24.2,0.32,0.56,0.0,0.0,1.7,1.7,28800.0,G21_56_H8
2024-03-11 00:00:00,21.0,7.0,27.0,16.0,16.0,8.1,4050.0,23.0,52.0,0.88,0.63,29.8,24.7,0.31,0.63,0.0,0.0,1.7,1.7,28800.0,G21_56_H8
2024-03-12 00:00:00,16.0,5.0,28.0,15.0,6.0,8.5,4250.0,9.0,56.0,0.89,0.69,28.2,24.4,0.31,0.5,0.0,0.0,1.7,1.7,28800.0,G21_56_H8
2024-03-13 00:00:00,16.0,3.0,29.0,21.0,15.0,8.7,4350.0,33.0,52.0,0.92,0.66,29.1,23.7,0.3,0.47,0.0,0.0,1.7,1.7,28800.0,G21_56_H8
2024-03-14 00:00:00,15.0,7.0,30.0,27.0,25.0,8.3,4150.0,7.0,52.0,0.94,0.83,27.3,23.9,0.3,0.41,0.0,0.0,1.7,1.7,28800.0,G21_56_H8
2024-03-15 00:00:00,19.0,3.0,31.0,25.0,32.0,8.5,4250.0,39.0,56.0,0.94,0.78,27.8,22.8,0.33,0.5,0.0,0.0,1.7,1.7,28800.0,G21_56_H8
2024-03-16 00:00:00,22.0,9.0,32.0,28.0,32.0,8.5,4250.0,24.0,68.0,0.94,0.74,27.8,22.6,0.38,1.03,0.0,0.0,2.0,3.0,28800.0,G21_56_H8
2024-03-17 00:00:00,14.0,5.0,33.0,30.0,38.0,9.0,4500.0,5.0,60.0,0.92,0.76,25.1,22.0,0.43,0.65,0.0,0.0,2.0,2.0,28800.0,G21_56_H8
2024-03-18 00:00:00,11.0,3.0,34.0,40.0,20.0,9.0,4500.0,49.0,64.0,0.91,0.74,23.7,20.9,0.38,0.57,0.0,0.0,2.0,2.0,28800.0,G21_56_H8
2024-03-19 00:00:00,17.0,4.0,35.0,66.0,13.0,9.2,4600.0,52.0,64.0,0.92,0.63,24.8,20.0,0.4,0.89,0.0,0.0,2.0,3.0,28800.0,G21_56_H8
2024-03-20 00:00:00,18.0,5.0,36.0,97.0,0.0,9.0,4500.0,46.0,60.0,0.91,0.57,24.0,19.5,0.42,0.85,0.0,0.0,2.0,3.0,28800.0,G21_56_H8
2024-03-21 00:00:00,23.0,5.0,37.0,151.0,0.0,8.5,4250.0,46.0,60.0,0.92,0.59,26.2,18.9,0.42,1.09,0.0,0.0,2.0,4.0,28800.0,G21_56_H8
2024-03-22 00:00:00,27.0,8.0,38.0,0.0,0.0,8.5,4250.0,46.0,60.0,0.92,0.59,26.2,18.9,0.42,1.09,0.0,0.0,2.0,4.0,28800.0,G21_56_H8
2024-02-13 00:00:00,20.0,6.0,0.0,,,,0.0,,,,,,,,,,,,,28800.0,G21_56_H9
2024-02-14 00:00:00,22.0,4.0,1.0,9.0,9.0,0.74,370.0,525.0,40.0,0.54,0.46,35.2,33.9,0.6,0.6,0.0,0.0,1.0,1.0,28800.0,G21_56_H9
2024-02-15 00:00:00,12.0,2.0,2.0,8.0,9.0,0.97801,489.0,143.0,32.0,0.58,0.42,34.9,32.1,0.58,0.58,0.0,0.0,1.0,1.0,28800.0,G21_56_H9
2024-02-16 00:00:00,12.0,-2.0,3.0,10.0,12.0,1.207206,604.0,272.0,40.0,0.62,0.51,33.4,31.7,0.59,0.59,0.0,0.0,1.0,1.0,28800.0,G21_56_H9
2024-02-17 00:00:00,18.0,2.0,4.0,7.0,8.0,1.321488,661.0,183.0,36.0,0.64,0.54,32.6,31.1,0.57,0.6,0.0,0.0,1.0,1.0,28800.0,G21_56_H9
2024-02-18 00:00:00,24.0,11.0,5.0,11.0,17.0,1.5497999999999998,775.0,127.0,28.0,0.71,0.62,32.4,30.7,0.56,0.64,0.0,0.0,1.0,1.0,28800.0,G21_56_H9
2024-02-19 00:00:00,16.0,3.0,6.0,3.0,5.0,1.778904,889.0,95.0,32.0,0.75,0.65,31.3,29.6,0.53,0.53,0.0,0.0,1.0,1.0,28800.0,G21_56_H9
2024-02-20 00:00:00,3.0,0.0,7.0,7.0,8.0,2.00739,1004.0,218.0,40.0,0.68,0.61,30.7,29.2,0.52,0.52,0.0,0.0,1.0,1.0,28800.0,G21_56_H9
2024-02-21 00:00:00,1.0,-2.0,8.0,6.0,8.0,2.1210620000000002,1061.0,243.0,56.0,0.66,0.6,30.4,28.7,0.48,0.48,0.0,0.0,1.0,1.0,28800.0,G21_56_H9
2024-02-22 00:00:00,1.0,-4.0,9.0,20.0,120.0,2.452978,1226.0,273.0,36.0,0.7,0.63,30.1,28.4,0.46,0.46,0.0,0.0,1.0,1.0,28800.0,G21_56_H9
2024-02-23 00:00:00,3.0,-3.0,10.0,10.0,20.0,2.6,1300.0,261.0,36.0,0.74,0.64,30.5,28.4,0.44,0.44,0.0,0.0,1.0,1.0,28800.0,G21_56_H9
2024-02-24 00:00:00,2.0,-3.0,11.0,3.0,5.0,3.1,1550.0,221.0,32.0,0.75,0.64,30.0,28.3,0.42,0.42,0.0,0.0,1.0,1.0,28800.0,G21_56_H9
2024-02-25 00:00:00,5.0,-1.0,12.0,5.0,6.0,3.3,1650.0,186.0,28.0,0.75,0.7,29.8,28.0,0.42,0.42,0.0,0.0,1.0,1.0,28800.0,G21_56_H9
2024-02-26 00:00:00,7.0,-2.0,13.0,3.0,4.0,3.3,1650.0,152.0,20.0,0.75,0.69,29.4,27.3,0.43,0.43,0.0,0.0,1.0,1.0,28800.0,G21_56_H9
2024-02-27 00:00:00,10.0,-2.0,14.0,3.0,5.0,4.0,2000.0,151.0,28.0,0.75,0.69,29.0,27.0,0.4,0.44,0.0,0.0,1.5,1.5,28800.0,G21_56_H9
2024-02-28 00:00:00,7.0,0.0,15.0,7.0,10.0,4.4,2200.0,145.0,24.0,0.75,0.69,28.6,26.7,0.39,0.39,0.0,0.0,1.5,1.5,28800.0,G21_56_H9
2024-02-29 00:00:00,6.0,1.0,16.0,5.0,5.0,4.6,2300.0,166.0,28.0,0.75,0.7,28.6,26.2,0.37,0.37,0.0,0.0,1.5,1.5,28800.0,G21_56_H9
2024-03-01 00:00:00,6.0,-2.0,17.0,10.0,22.0,5.2,2600.0,210.0,32.0,0.75,0.68,28.0,26.0,0.36,0.41,0.0,0.0,1.5,1.5,28800.0,G21_56_H9
2024-03-02 00:00:00,12.0,-2.0,18.0,12.0,42.0,5.6,2800.0,178.0,28.0,0.75,0.68,27.9,25.8,0.37,0.46,0.0,0.0,1.5,1.5,28800.0,G21_56_H9
2024-03-03 00:00:00,14.0,3.0,19.0,9.0,17.0,5.6,2800.0,123.0,24.0,0.75,0.68,28.1,25.7,0.38,0.51,0.0,0.0,1.5,1.5,28800.0,G21_56_H9
2024-03-04 00:00:00,10.0,7.0,20.0,12.0,32.0,6.0,3000.0,67.0,24.0,0.75,0.61,27.6,25.8,0.36,0.39,0.0,0.0,1.5,1.5,28800.0,G21_56_H9
2024-03-05 00:00:00,11.0,6.0,21.0,10.0,35.0,6.6,3300.0,57.0,20.0,0.75,0.62,27.5,25.8,0.35,0.38,0.0,0.0,1.5,1.5,28800.0,G21_56_H9
2024-03-06 00:00:00,10.0,0.0,22.0,9.0,22.0,6.8,3400.0,78.0,28.0,0.76,0.6,27.5,25.5,0.35,0.41,0.0,0.0,1.5,1.5,28800.0,G21_56_H9
2024-03-07 00:00:00,14.0,0.0,23.0,25.0,12.0,7.1,3550.0,116.0,28.0,0.76,0.65,28.0,24.7,0.35,0.5,0.0,0.0,1.5,1.5,28800.0,G21_56_H9
2024-03-08 00:00:00,13.0,0.0,24.0,40.0,26.0,7.2,3600.0,62.0,28.0,0.76,0.62,27.6,24.7,0.34,0.54,0.0,0.0,1.7,1.7,28800.0,G21_56_H9
2024-03-09 00:00:00,13.0,0.0,25.0,43.0,35.0,7.3,3650.0,91.0,28.0,0.76,0.58,27.6,24.7,0.33,0.51,0.0,0.0,1.7,1.7,28800.0,G21_56_H9
2024-03-10 00:00:00,17.0,2.0,26.0,40.0,28.0,7.3,3650.0,63.0,28.0,0.75,0.59,28.4,24.5,0.32,0.56,0.0,0.0,1.7,1.7,28800.0,G21_56_H9
2024-03-11 00:00:00,21.0,7.0,27.0,20.0,18.0,7.7,3850.0,23.0,32.0,0.76,0.6,29.9,25.0,0.31,0.63,0.0,0.0,1.7,1.7,28800.0,G21_56_H9
2024-03-12 00:00:00,16.0,5.0,28.0,24.0,40.0,7.9,3950.0,9.0,28.0,0.76,0.61,27.5,24.6,0.31,0.5,0.0,0.0,1.7,1.7,28800.0,G21_56_H9
2024-03-13 00:00:00,16.0,3.0,29.0,30.0,42.0,8.5,4250.0,33.0,28.0,0.76,0.55,29.2,24.0,0.3,0.47,0.0,0.0,1.7,1.7,28800.0,G21_56_H9
2024-03-14 00:00:00,15.0,7.0,30.0,33.0,64.0,8.0,4000.0,7.0,28.0,0.85,0.74,27.5,23.9,0.3,0.41,0.0,0.0,1.7,1.7,28800.0,G21_56_H9
2024-03-15 00:00:00,19.0,3.0,31.0,57.0,225.0,8.1,4050.0,39.0,32.0,0.91,0.7,27.6,23.1,0.33,0.5,0.0,0.0,1.7,1.7,28800.0,G21_56_H9
2024-03-16 00:00:00,22.0,9.0,32.0,52.0,148.0,8.1,4050.0,24.0,32.0,0.81,0.71,27.8,23.1,0.38,1.03,0.0,0.0,2.0,3.0,28800.0,G21_56_H9
2024-03-17 00:00:00,14.0,5.0,33.0,58.0,102.0,8.5,4250.0,5.0,72.0,0.82,0.75,25.1,22.7,0.43,0.65,0.0,0.0,2.0,2.0,28800.0,G21_56_H9
2024-03-18 00:00:00,11.0,3.0,34.0,80.0,41.0,8.6,4300.0,49.0,44.0,0.82,0.75,23.6,21.0,0.38,0.57,0.0,0.0,2.0,2.0,28800.0,G21_56_H9
2024-03-19 00:00:00,17.0,4.0,35.0,140.0,46.0,8.7,4350.0,52.0,36.0,0.82,0.56,24.6,20.5,0.4,0.89,0.0,0.0,2.0,3.0,28800.0,G21_56_H9
2024-03-20 00:00:00,18.0,5.0,36.0,164.0,0.0,8.6,4300.0,46.0,60.0,0.82,0.57,24.2,19.7,0.42,0.85,0.0,0.0,2.0,3.0,28800.0,G21_56_H9
2024-03-21 00:00:00,23.0,5.0,37.0,190.0,0.0,8.13,4065.0,46.0,60.0,0.82,0.61,26.5,19.35,0.42,1.09,0.0,0.0,2.0,4.0,28800.0,G21_56_H9
2024-03-22 00:00:00,27.0,8.0,38.0,0.0,0.0,8.13,4065.0,46.0,60.0,0.82,0.61,26.5,19.35,0.42,1.09,0.0,0.0,2.0,4.0,28800.0,G21_56_H9
2024-02-13 00:00:00,20.0,6.0,,,,,0.0,,,,,,,,,,,,,27800.0,G21_56_H10
2024-02-14 00:00:00,22.0,4.0,0.0,,,,0.0,,,,,,,,,,,,,27800.0,G21_56_H10
2024-02-15 00:00:00,12.0,2.0,1.0,2.0,0.0,0.722748,361.0,143.0,40.0,0.54,0.46,35.0,33.4,0.6,0.6,0.0,0.0,1.0,1.0,27800.0,G21_56_H10
2024-02-16 00:00:00,12.0,-2.0,2.0,12.0,5.0,0.944554,472.0,272.0,64.0,0.57,0.49,34.1,32.8,0.6,0.6,0.0,0.0,1.0,1.0,27800.0,G21_56_H10
2024-02-17 00:00:00,18.0,2.0,3.0,7.0,13.0,1.165962,583.0,183.0,56.0,0.61,0.55,33.3,32.2,0.61,0.61,0.0,0.0,1.0,1.0,27800.0,G21_56_H10
2024-02-18 00:00:00,24.0,11.0,4.0,10.0,34.0,1.274982,637.0,127.0,48.0,0.66,0.6,33.0,31.5,0.59,0.69,0.0,0.0,1.0,1.0,27800.0,G21_56_H10
2024-02-19 00:00:00,16.0,3.0,5.0,9.0,13.0,1.49553,748.0,95.0,40.0,0.7,0.6,32.4,30.6,0.58,0.58,0.0,0.0,1.0,1.0,27800.0,G21_56_H10
2024-02-20 00:00:00,3.0,0.0,6.0,6.0,8.0,1.716222,858.0,218.0,76.0,0.66,0.58,31.3,29.9,0.56,0.56,0.0,0.0,1.0,1.0,27800.0,G21_56_H10
2024-02-21 00:00:00,1.0,-2.0,7.0,2.0,7.0,1.93704,969.0,243.0,80.0,0.67,0.57,30.7,29.5,0.52,0.52,0.0,0.0,1.0,1.0,27800.0,G21_56_H10
2024-02-22 00:00:00,1.0,-4.0,8.0,18.0,80.0,2.040476,1020.0,273.0,60.0,0.65,0.57,30.5,29.1,0.5,0.5,0.0,0.0,1.0,1.0,27800.0,G21_56_H10
2024-02-23 00:00:00,3.0,-3.0,9.0,20.0,8.0,2.3,1150.0,261.0,60.0,0.67,0.57,30.7,29.0,0.48,0.48,0.0,0.0,1.0,1.0,27800.0,G21_56_H10
2024-02-24 00:00:00,2.0,-3.0,10.0,3.0,5.0,3.0,1500.0,221.0,48.0,0.7,0.59,30.3,28.6,0.45,0.45,0.0,0.0,1.0,1.0,27800.0,G21_56_H10
2024-02-25 00:00:00,5.0,-1.0,11.0,2.0,7.0,3.4,1700.0,186.0,48.0,0.72,0.61,30.0,28.5,0.44,0.44,0.0,0.0,1.0,1.0,27800.0,G21_56_H10
2024-02-26 00:00:00,7.0,-2.0,12.0,5.0,12.0,3.8,1900.0,152.0,40.0,0.72,0.63,29.5,28.0,0.47,0.47,0.0,0.0,1.0,1.0,27800.0,G21_56_H10
2024-02-27 00:00:00,10.0,-2.0,13.0,4.0,18.0,3.9,1950.0,151.0,40.0,0.73,0.64,29.3,27.5,0.42,0.45,0.0,0.0,1.0,1.0,27800.0,G21_56_H10
2024-02-28 00:00:00,7.0,0.0,14.0,7.0,23.0,4.3,2150.0,145.0,40.0,0.74,0.66,28.8,27.0,0.42,0.42,0.0,0.0,1.5,1.5,27800.0,G21_56_H10
2024-02-29 00:00:00,6.0,1.0,15.0,9.0,21.0,4.5,2250.0,166.0,44.0,0.73,0.65,28.6,26.6,0.4,0.4,0.0,0.0,1.5,1.5,27800.0,G21_56_H10
2024-03-01 00:00:00,6.0,-2.0,16.0,7.0,39.0,4.8,2400.0,210.0,60.0,0.71,0.62,28.3,26.5,0.39,0.43,0.0,0.0,1.5,1.5,27800.0,G21_56_H10
2024-03-02 00:00:00,12.0,-2.0,17.0,9.0,44.0,5.2,2600.0,178.0,56.0,0.72,0.62,28.5,26.4,0.4,0.5,0.0,0.0,1.5,1.5,27800.0,G21_56_H10
2024-03-03 00:00:00,14.0,3.0,18.0,8.0,21.0,5.8,2900.0,123.0,48.0,0.73,0.62,28.2,26.2,0.41,0.54,0.0,0.0,1.5,1.5,27800.0,G21_56_H10
2024-03-04 00:00:00,10.0,7.0,19.0,7.0,23.0,5.9,2950.0,67.0,44.0,0.75,0.63,27.9,26.0,0.39,0.41,0.0,0.0,1.5,1.5,27800.0,G21_56_H10
2024-03-05 00:00:00,11.0,6.0,20.0,8.0,18.0,6.1,3050.0,57.0,44.0,0.75,0.68,27.9,25.6,0.37,0.4,0.0,0.0,1.5,1.5,27800.0,G21_56_H10
2024-03-06 00:00:00,10.0,0.0,21.0,6.0,12.0,6.4,3200.0,78.0,40.0,0.74,0.64,27.7,25.4,0.38,0.43,0.0,0.0,1.5,1.5,27800.0,G21_56_H10
2024-03-07 00:00:00,14.0,0.0,22.0,9.0,25.0,6.5,3250.0,116.0,68.0,0.73,0.62,27.6,25.0,0.37,0.52,0.0,0.0,1.5,1.5,27800.0,G21_56_H10
2024-03-08 00:00:00,13.0,0.0,23.0,10.0,16.0,6.9,3450.0,62.0,52.0,0.73,0.58,27.3,25.0,0.36,0.51,0.0,0.0,1.5,1.5,27800.0,G21_56_H10
2024-03-09 00:00:00,13.0,0.0,24.0,8.0,16.0,7.0,3500.0,91.0,52.0,0.74,0.6,27.7,24.6,0.34,0.52,0.0,0.0,1.7,1.7,27800.0,G21_56_H10
2024-03-10 00:00:00,17.0,2.0,25.0,13.0,16.0,7.4,3700.0,63.0,48.0,0.76,0.59,27.9,24.5,0.34,0.55,0.0,0.0,1.7,1.7,27800.0,G21_56_H10
2024-03-11 00:00:00,21.0,7.0,26.0,10.0,15.0,8.0,4000.0,23.0,48.0,0.75,0.57,29.1,24.9,0.32,0.63,0.0,0.0,1.7,1.7,27800.0,G21_56_H10
2024-03-12 00:00:00,16.0,5.0,27.0,10.0,14.0,8.7,4350.0,9.0,44.0,0.77,0.61,27.7,24.6,0.32,0.51,0.0,0.0,1.7,1.7,27800.0,G21_56_H10
2024-03-13 00:00:00,16.0,3.0,28.0,9.0,17.0,9.2,4600.0,33.0,48.0,0.77,0.58,28.8,24.0,0.32,0.48,0.0,0.0,1.7,1.7,27800.0,G21_56_H10
2024-03-14 00:00:00,15.0,7.0,29.0,13.0,25.0,9.5,4750.0,7.0,40.0,0.8,0.71,27.4,24.2,0.31,0.42,0.0,0.0,1.7,1.7,27800.0,G21_56_H10
2024-03-15 00:00:00,19.0,3.0,30.0,22.0,25.0,8.6,4300.0,39.0,68.0,0.91,0.67,27.6,23.4,0.34,0.55,0.0,0.0,1.7,1.7,27800.0,G21_56_H10
2024-03-16 00:00:00,22.0,9.0,31.0,35.0,28.0,9.0,4500.0,24.0,36.0,0.81,0.68,27.7,23.3,0.39,1.11,0.0,0.0,2.0,3.0,27800.0,G21_56_H10
2024-03-17 00:00:00,14.0,5.0,32.0,40.0,27.0,8.9,4450.0,5.0,60.0,0.87,0.68,25.2,23.0,0.44,0.7,0.0,0.0,2.0,2.0,27800.0,G21_56_H10
2024-03-18 00:00:00,11.0,3.0,33.0,35.0,5.0,9.6,4800.0,49.0,60.0,0.74,0.63,24.1,21.5,0.4,0.6,0.0,0.0,2.0,2.0,27800.0,G21_56_H10
2024-03-19 00:00:00,17.0,4.0,34.0,90.0,38.0,8.8,4400.0,52.0,80.0,0.76,0.59,24.9,20.5,0.42,0.95,0.0,0.0,2.0,3.0,27800.0,G21_56_H10
2024-03-20 00:00:00,18.0,5.0,35.0,170.0,0.0,8.2,4100.0,46.0,72.0,0.84,0.61,24.4,19.9,0.44,0.91,0.0,0.0,2.0,3.0,27800.0,G21_56_H10
2024-03-21 00:00:00,23.0,5.0,36.0,206.0,0.0,8.0,4000.0,46.0,72.0,0.75,0.57,26.3,19.6,0.44,1.16,0.0,0.0,2.0,4.0,27800.0,G21_56_H10
2024-03-22 00:00:00,27.0,8.0,37.0,0.0,0.0,8.0,4000.0,46.0,72.0,0.75,0.57,26.3,19.6,0.44,1.16,0.0,0.0,2.0,4.0,27800.0,G21_56_H10
2024-02-13 00:00:00,20.0,6.0,,,,,0.0,,,,,,,,,,,,,27800.0,G21_56_H11
2024-02-14 00:00:00,22.0,4.0,0.0,,,,0.0,,,,,,,,,,,,,27800.0,G21_56_H11
2024-02-15 00:00:00,12.0,2.0,1.0,13.0,4.0,0.722358,361.0,143.0,40.0,0.5,0.47,35.4,33.3,0.6,0.6,0.0,0.0,1.0,1.0,27800.0,G21_56_H11
2024-02-16 00:00:00,12.0,-2.0,2.0,35.0,9.0,0.943126,472.0,272.0,48.0,0.53,0.43,34.4,32.9,0.6,0.6,0.0,0.0,1.0,1.0,27800.0,G21_56_H11
2024-02-17 00:00:00,18.0,2.0,3.0,28.0,12.0,1.1633580000000001,582.0,183.0,52.0,0.58,0.51,33.7,32.2,0.61,0.61,0.0,0.0,1.0,1.0,27800.0,G21_56_H11
2024-02-18 00:00:00,24.0,11.0,4.0,30.0,32.0,1.271302,636.0,127.0,44.0,0.67,0.57,33.0,31.6,0.59,0.69,0.0,0.0,1.0,1.0,27800.0,G21_56_H11
2024-02-19 00:00:00,16.0,3.0,5.0,12.0,9.0,1.491264,746.0,95.0,44.0,0.72,0.62,32.8,30.7,0.58,0.58,0.0,0.0,1.0,1.0,27800.0,G21_56_H11
2024-02-20 00:00:00,3.0,0.0,6.0,15.0,9.0,1.710704,855.0,218.0,56.0,0.64,0.56,31.5,29.7,0.56,0.56,0.0,0.0,1.0,1.0,27800.0,G21_56_H11
2024-02-21 00:00:00,1.0,-2.0,7.0,13.0,8.0,1.9299700000000002,965.0,243.0,60.0,0.67,0.57,31.0,29.3,0.52,0.52,0.0,0.0,1.0,1.0,27800.0,G21_56_H11
2024-02-22 00:00:00,1.0,-4.0,8.0,20.0,121.0,2.02982,1015.0,273.0,64.0,0.69,0.56,30.6,28.9,0.5,0.5,0.0,0.0,1.0,1.0,27800.0,G21_56_H11
2024-02-23 00:00:00,3.0,-3.0,9.0,28.0,3.0,2.3,1150.0,261.0,52.0,0.69,0.57,31.0,29.0,0.48,0.48,0.0,0.0,1.0,1.0,27800.0,G21_56_H11
2024-02-24 00:00:00,2.0,-3.0,10.0,3.0,3.0,2.9,1450.0,221.0,44.0,0.73,0.6,30.5,28.7,0.45,0.45,0.0,0.0,1.0,1.0,27800.0,G21_56_H11
2024-02-25 00:00:00,5.0,-1.0,11.0,10.0,7.0,3.4,1700.0,186.0,40.0,0.74,0.64,30.3,28.4,0.44,0.44,0.0,0.0,1.0,1.0,27800.0,G21_56_H11
2024-02-26 00:00:00,7.0,-2.0,12.0,7.0,9.0,3.6,1800.0,152.0,48.0,0.77,0.65,29.8,28.1,0.47,0.47,0.0,0.0,1.0,1.0,27800.0,G21_56_H11
2024-02-27 00:00:00,10.0,-2.0,13.0,4.0,16.0,3.8,1900.0,151.0,36.0,0.77,0.66,29.8,27.6,0.42,0.45,0.0,0.0,1.0,1.0,27800.0,G21_56_H11
2024-02-28 00:00:00,7.0,0.0,14.0,8.0,22.0,4.1,2050.0,145.0,40.0,0.79,0.66,29.1,26.8,0.42,0.42,0.0,0.0,1.5,1.5,27800.0,G21_56_H11
2024-02-29 00:00:00,6.0,1.0,15.0,6.0,15.0,4.4,2200.0,166.0,44.0,0.77,0.65,28.9,26.5,0.4,0.4,0.0,0.0,1.5,1.5,27800.0,G21_56_H11
2024-03-01 00:00:00,6.0,-2.0,16.0,7.0,26.0,4.6,2300.0,210.0,48.0,0.74,0.64,28.5,26.0,0.39,0.43,0.0,0.0,1.5,1.5,27800.0,G21_56_H11
2024-03-02 00:00:00,12.0,-2.0,17.0,6.0,22.0,5.1,2550.0,178.0,48.0,0.76,0.62,28.4,25.9,0.4,0.5,0.0,0.0,1.5,1.5,27800.0,G21_56_H11
2024-03-03 00:00:00,14.0,3.0,18.0,5.0,16.0,5.7,2850.0,123.0,48.0,0.77,0.63,28.2,25.5,0.41,0.54,0.0,0.0,1.5,1.5,27800.0,G21_56_H11
2024-03-04 00:00:00,10.0,7.0,19.0,4.0,15.0,5.9,2950.0,67.0,44.0,0.82,0.64,28.1,25.8,0.39,0.41,0.0,0.0,1.5,1.5,27800.0,G21_56_H11
2024-03-05 00:00:00,11.0,6.0,20.0,3.0,16.0,6.1,3050.0,57.0,40.0,0.82,0.71,27.9,25.7,0.37,0.4,0.0,0.0,1.5,1.5,27800.0,G21_56_H11
2024-03-06 00:00:00,10.0,0.0,21.0,4.0,11.0,6.2,3100.0,78.0,48.0,0.8,0.67,27.9,25.4,0.38,0.43,0.0,0.0,1.5,1.5,27800.0,G21_56_H11
2024-03-07 00:00:00,14.0,0.0,22.0,3.0,13.0,6.3,3150.0,116.0,52.0,0.78,0.62,27.7,25.8,0.37,0.52,0.0,0.0,1.5,1.5,27800.0,G21_56_H11
2024-03-08 00:00:00,13.0,0.0,23.0,4.0,16.0,6.7,3350.0,62.0,52.0,0.79,0.58,27.5,24.9,0.36,0.51,0.0,0.0,1.5,1.5,27800.0,G21_56_H11
2024-03-09 00:00:00,13.0,0.0,24.0,3.0,8.0,7.1,3550.0,91.0,56.0,0.81,0.61,27.8,24.6,0.34,0.52,0.0,0.0,1.7,1.7,27800.0,G21_56_H11
2024-03-10 00:00:00,17.0,2.0,25.0,5.0,17.0,7.6,3800.0,63.0,44.0,0.84,0.58,28.1,24.8,0.34,0.55,0.0,0.0,1.7,1.7,27800.0,G21_56_H11
2024-03-11 00:00:00,21.0,7.0,26.0,4.0,15.0,8.0,4000.0,23.0,52.0,0.81,0.56,29.9,24.9,0.32,0.63,0.0,0.0,1.7,1.7,27800.0,G21_56_H11
2024-03-12 00:00:00,16.0,5.0,27.0,10.0,9.0,8.6,4300.0,9.0,48.0,0.82,0.62,28.5,24.7,0.32,0.51,0.0,0.0,1.7,1.7,27800.0,G21_56_H11
2024-03-13 00:00:00,16.0,3.0,28.0,9.0,8.0,8.6,4300.0,33.0,56.0,0.83,0.57,28.9,24.0,0.32,0.48,0.0,0.0,1.7,1.7,27800.0,G21_56_H11
2024-03-14 00:00:00,15.0,7.0,29.0,12.0,12.0,9.1,4550.0,7.0,52.0,0.87,0.75,27.3,24.3,0.31,0.42,0.0,0.0,1.7,1.7,27800.0,G21_56_H11
2024-03-15 00:00:00,19.0,3.0,30.0,20.0,18.0,8.4,4200.0,39.0,52.0,0.88,0.69,27.8,23.3,0.34,0.55,0.0,0.0,1.7,1.7,27800.0,G21_56_H11
2024-03-16 00:00:00,22.0,9.0,31.0,15.0,10.0,9.0,4500.0,24.0,56.0,0.88,0.65,27.8,23.4,0.39,1.11,0.0,0.0,2.0,3.0,27800.0,G21_56_H11
2024-03-17 00:00:00,14.0,5.0,32.0,28.0,14.0,9.0,4500.0,5.0,76.0,0.84,0.72,25.8,23.0,0.44,0.7,0.0,0.0,2.0,2.0,27800.0,G21_56_H11
2024-03-18 00:00:00,11.0,3.0,33.0,30.0,11.0,9.1,4550.0,49.0,60.0,0.83,0.67,24.6,21.6,0.4,0.6,0.0,0.0,2.0,2.0,27800.0,G21_56_H11
2024-03-19 00:00:00,17.0,4.0,34.0,50.0,13.0,8.5,4250.0,52.0,64.0,0.84,0.56,24.8,20.5,0.42,0.95,0.0,0.0,2.0,3.0,27800.0,G21_56_H11
2024-03-20 00:00:00,18.0,5.0,35.0,104.0,0.0,8.8,4400.0,46.0,76.0,0.82,0.59,24.8,20.1,0.44,0.91,0.0,0.0,2.0,3.0,27800.0,G21_56_H11
2024-03-21 00:00:00,23.0,5.0,36.0,178.0,0.0,7.9,3950.0,46.0,76.0,0.82,0.55,26.4,19.6,0.44,1.16,0.0,0.0,2.0,4.0,27800.0,G21_56_H11
2024-03-22 00:00:00,27.0,8.0,37.0,210.0,15.0,8.3,4150.0,1.0,80.0,0.76,0.53,27.2,20.7,0.44,2.23,0.0,0.0,2.0,8.0,27800.0,G21_56_H11
2024-02-13 00:00:00,20.0,6.0,,,,,0.0,,,,,,,,,,,,,27800.0,G21_56_H12
2024-02-14 00:00:00,22.0,4.0,0.0,,,,0.0,,,,,,,,,,,,,27800.0,G21_56_H12
2024-02-15 00:00:00,12.0,2.0,1.0,8.0,4.0,0.722488,361.0,143.0,40.0,0.59,0.5,35.0,33.4,0.6,0.6,0.0,0.0,1.0,1.0,27800.0,G21_56_H12
2024-02-16 00:00:00,12.0,-2.0,2.0,14.0,17.0,0.9437380000000001,472.0,272.0,52.0,0.63,0.53,34.0,32.9,0.6,0.6,0.0,0.0,1.0,1.0,27800.0,G21_56_H12
2024-02-17 00:00:00,18.0,2.0,3.0,10.0,8.0,1.165038,583.0,183.0,52.0,0.7,0.59,33.5,31.4,0.61,0.61,0.0,0.0,1.0,1.0,27800.0,G21_56_H12
2024-02-18 00:00:00,24.0,11.0,4.0,16.0,20.0,1.274338,637.0,127.0,44.0,0.78,0.68,32.8,31.5,0.59,0.69,0.0,0.0,1.0,1.0,27800.0,G21_56_H12
2024-02-19 00:00:00,16.0,3.0,5.0,17.0,20.0,1.493964,747.0,95.0,44.0,0.82,0.74,32.2,30.7,0.58,0.58,0.0,0.0,1.0,1.0,27800.0,G21_56_H12
2024-02-20 00:00:00,3.0,0.0,6.0,10.0,7.0,1.714238,857.0,218.0,60.0,0.78,0.7,31.0,30.1,0.56,0.56,0.0,0.0,1.0,1.0,27800.0,G21_56_H12
2024-02-21 00:00:00,1.0,-2.0,7.0,8.0,10.0,1.93417,967.0,243.0,60.0,0.78,0.68,30.4,29.2,0.52,0.52,0.0,0.0,1.0,1.0,27800.0,G21_56_H12
2024-02-22 00:00:00,1.0,-4.0,8.0,18.0,110.0,2.035222,1018.0,273.0,64.0,0.77,0.68,30.4,29.1,0.5,0.5,0.0,0.0,1.0,1.0,27800.0,G21_56_H12
2024-02-23 00:00:00,3.0,-3.0,9.0,9.0,5.0,2.3,1150.0,261.0,60.0,0.8,0.67,30.8,29.1,0.48,0.48,0.0,0.0,1.0,1.0,27800.0,G21_56_H12
2024-02-24 00:00:00,2.0,-3.0,10.0,4.0,2.0,2.9,1450.0,221.0,48.0,0.83,0.71,30.3,28.7,0.45,0.45,0.0,0.0,1.0,1.0,27800.0,G21_56_H12
2024-02-25 00:00:00,5.0,-1.0,11.0,6.0,4.0,3.2,1600.0,186.0,40.0,0.82,0.74,30.1,28.4,0.44,0.44,0.0,0.0,1.0,1.0,27800.0,G21_56_H12
2024-02-26 00:00:00,7.0,-2.0,12.0,5.0,4.0,3.5,1750.0,152.0,36.0,0.83,0.76,29.6,28.0,0.47,0.47,0.0,0.0,1.0,1.0,27800.0,G21_56_H12
2024-02-27 00:00:00,10.0,-2.0,13.0,3.0,10.0,3.8,1900.0,151.0,40.0,0.83,0.76,29.4,27.5,0.42,0.45,0.0,0.0,1.0,1.0,27800.0,G21_56_H12
2024-02-28 00:00:00,7.0,0.0,14.0,3.0,14.0,4.0,2000.0,145.0,36.0,0.84,0.75,28.9,27.1,0.42,0.42,0.0,0.0,1.5,1.5,27800.0,G21_56_H12
2024-02-29 00:00:00,6.0,1.0,15.0,4.0,13.0,4.5,2250.0,166.0,48.0,0.83,0.71,28.8,26.6,0.4,0.4,0.0,0.0,1.5,1.5,27800.0,G21_56_H12
2024-03-01 00:00:00,6.0,-2.0,16.0,5.0,33.0,4.8,2400.0,210.0,56.0,0.82,0.7,28.6,26.4,0.39,0.43,0.0,0.0,1.5,1.5,27800.0,G21_56_H12
2024-03-02 00:00:00,12.0,-2.0,17.0,4.0,14.0,5.1,2550.0,178.0,56.0,0.81,0.69,28.2,26.4,0.4,0.5,0.0,0.0,1.5,1.5,27800.0,G21_56_H12
2024-03-03 00:00:00,14.0,3.0,18.0,7.0,22.0,5.5,2750.0,123.0,48.0,0.83,0.7,28.4,26.0,0.41,0.54,0.0,0.0,1.5,1.5,27800.0,G21_56_H12
2024-03-04 00:00:00,10.0,7.0,19.0,8.0,9.0,5.8,2900.0,67.0,44.0,0.83,0.73,27.7,25.8,0.39,0.41,0.0,0.0,1.5,1.5,27800.0,G21_56_H12
2024-03-05 00:00:00,11.0,6.0,20.0,5.0,15.0,6.0,3000.0,57.0,48.0,0.83,0.79,27.8,25.5,0.37,0.4,0.0,0.0,1.5,1.5,27800.0,G21_56_H12
2024-03-06 00:00:00,10.0,0.0,21.0,7.0,13.0,6.4,3200.0,78.0,48.0,0.83,0.76,27.7,25.3,0.38,0.43,0.0,0.0,1.5,1.5,27800.0,G21_56_H12
2024-03-07 00:00:00,14.0,0.0,22.0,6.0,8.0,6.6,3300.0,116.0,60.0,0.83,0.7,27.5,25.0,0.37,0.52,0.0,0.0,1.5,1.5,27800.0,G21_56_H12
2024-03-08 00:00:00,13.0,0.0,23.0,6.0,10.0,7.0,3500.0,62.0,52.0,0.83,0.64,27.6,24.6,0.36,0.51,0.0,0.0,1.5,1.5,27800.0,G21_56_H12
2024-03-09 00:00:00,13.0,0.0,24.0,7.0,5.0,7.3,3650.0,91.0,56.0,0.83,0.68,27.8,24.5,0.34,0.52,0.0,0.0,1.7,1.7,27800.0,G21_56_H12
2024-03-10 00:00:00,17.0,2.0,25.0,9.0,21.0,7.7,3850.0,63.0,48.0,0.83,0.66,28.0,24.4,0.34,0.55,0.0,0.0,1.7,1.7,27800.0,G21_56_H12
2024-03-11 00:00:00,21.0,7.0,26.0,8.0,18.0,8.4,4200.0,23.0,44.0,0.83,0.63,29.8,24.8,0.32,0.63,0.0,0.0,1.7,1.7,27800.0,G21_56_H12
2024-03-12 00:00:00,16.0,5.0,27.0,5.0,15.0,8.8,4400.0,9.0,48.0,0.83,0.7,28.6,24.6,0.32,0.51,0.0,0.0,1.7,1.7,27800.0,G21_56_H12
2024-03-13 00:00:00,16.0,3.0,28.0,4.0,11.0,8.7,4350.0,33.0,52.0,0.84,0.64,28.9,24.0,0.32,0.484,0.0,0.0,1.7,1.7,27800.0,G21_56_H12
2024-03-14 00:00:00,15.0,7.0,29.0,5.0,7.0,9.4,4700.0,7.0,44.0,0.83,0.7,27.3,24.2,0.31,0.42,0.0,0.0,1.7,1.7,27800.0,G21_56_H12
2024-03-15 00:00:00,19.0,3.0,30.0,4.0,3.0,9.2,4600.0,39.0,56.0,0.84,0.7,27.8,23.0,0.34,0.55,0.0,0.0,1.7,1.7,27800.0,G21_56_H12
2024-03-16 00:00:00,22.0,9.0,31.0,8.0,5.0,9.5,4750.0,24.0,60.0,0.84,0.66,27.7,23.2,0.39,1.11,0.0,0.0,2.0,3.0,27800.0,G21_56_H12
2024-03-17 00:00:00,14.0,5.0,32.0,34.0,17.0,9.8,4900.0,5.0,68.0,0.84,0.8,25.1,23.0,0.44,0.7,0.0,0.0,2.0,2.0,27800.0,G21_56_H12
2024-03-18 00:00:00,11.0,3.0,33.0,35.0,10.0,9.6,4800.0,49.0,60.0,0.84,0.73,24.4,21.5,0.4,0.6,0.0,0.0,2.0,2.0,27800.0,G21_56_H12
2024-03-19 00:00:00,17.0,4.0,34.0,25.0,5.0,9.4,4700.0,52.0,60.0,0.85,0.63,24.9,20.5,0.42,0.95,0.0,0.0,2.0,3.0,27800.0,G21_56_H12
2024-03-20 00:00:00,18.0,5.0,35.0,54.0,15.0,9.3,4650.0,46.0,68.0,0.85,0.65,24.8,20.2,0.44,0.91,0.0,0.0,2.0,3.0,27800.0,G21_56_H12
2024-03-21 00:00:00,23.0,5.0,36.0,78.0,0.0,9.0,4500.0,46.0,68.0,0.85,0.61,26.7,19.5,0.44,1.16,0.0,0.0,2.0,4.0,27800.0,G21_56_H12
2024-03-22 00:00:00,27.0,8.0,37.0,90.0,10.0,9.0,4500.0,1.0,96.0,0.82,0.59,27.2,21.0,0.44,2.23,0.0,0.0,2.0,8.0,27800.0,G21_56_H12
2024-02-15 00:00:00,9.0,-1.0,1.0,18.0,7.0,0.736,368.0,350.0,40.0,0.61,0.43,36.0,33.1,0.6,0.6,0.0,0.0,2.0,2.0,26300.0,G23_22_H1
2024-02-16 00:00:00,11.0,0.0,2.0,12.0,5.0,0.947,473.5,708.0,84.0,0.66,0.48,35.4,32.3,0.59,0.59,0.0,0.0,2.0,2.0,26300.0,G23_22_H1
2024-02-17 00:00:00,18.0,5.0,3.0,25.0,6.0,1.105,552.5,203.33333,48.0,0.69,0.54,35.2,32.2,0.58,0.58,0.0,0.0,2.0,2.0,26300.0,G23_22_H1
2024-02-18 00:00:00,22.0,13.0,4.0,24.0,8.0,1.262,631.0,150.0,52.0,0.73,0.63,34.0,31.4,0.56,0.6,0.0,0.0,2.0,2.0,26300.0,G23_22_H1
2024-02-19 00:00:00,11.0,1.0,5.0,15.0,12.0,1.42,710.0,125.83333333333333,16.0,0.77,0.54,33.3,30.1,0.55,0.55,0.0,0.0,2.0,2.0,26300.0,G23_22_H1
2024-02-20 00:00:00,2.0,-1.0,6.0,9.0,8.0,1.631,815.5,261.6666666666667,72.0,0.68,0.54,32.9,29.6,0.52,0.52,0.0,0.0,2.0,2.0,26300.0,G23_22_H1
2024-02-21 00:00:00,-3.0,-1.0,7.0,12.0,15.0,1.788,894.0,258.1666666666667,52.0,0.68,0.56,32.6,29.4,0.48,0.48,0.0,0.0,2.0,2.0,26300.0,G23_22_H1
2024-02-22 00:00:00,-1.0,-5.0,8.0,15.0,105.0,1.999,999.5,255.83333333333334,52.0,0.69,0.56,32.6,29.3,0.45,0.45,0.0,0.0,2.0,2.0,26300.0,G23_22_H1
2024-02-23 00:00:00,3.0,-3.0,9.0,20.0,4.0,2.209,1104.5,241.66666666666666,52.0,0.73,0.61,32.3,29.0,0.43,0.43,0.0,0.0,2.0,2.0,26300.0,G23_22_H1
2024-02-24 00:00:00,2.0,-3.0,10.0,5.0,2.0,2.42,1210.0,225.83333333333334,56.0,0.76,0.62,32.1,28.9,0.42,0.42,0.0,0.0,2.0,2.0,26300.0,G23_22_H1
2024-02-25 00:00:00,5.0,-1.0,11.0,6.0,7.0,2.97,1485.0,174.16666666666666,24.0,0.8,0.66,31.6,28.6,0.41,0.41,0.0,0.0,2.0,2.0,26300.0,G23_22_H1
2024-02-26 00:00:00,7.0,-3.0,12.0,7.0,5.0,3.33,1665.0,172.5,48.0,0.79,0.64,31.2,28.4,0.4,0.4,0.0,0.0,2.0,2.0,26300.0,G23_22_H1
2024-02-27 00:00:00,10.0,-2.0,13.0,4.0,10.0,3.64,1820.0,170.0,28.0,0.77,0.63,30.5,27.6,0.37,0.44,0.0,0.0,2.0,2.0,26300.0,G23_22_H1
2024-02-28 00:00:00,7.0,0.0,14.0,7.0,8.0,3.87,1935.0,142.5,16.0,0.77,0.63,30.0,27.5,0.37,0.43,0.0,0.0,2.0,2.0,26300.0,G23_22_H1
2024-02-29 00:00:00,6.0,1.0,15.0,6.0,15.0,4.14,2070.0,144.16666666666666,36.0,0.81,0.69,29.8,27.1,0.37,0.4,0.0,0.0,2.0,2.0,26300.0,G23_22_H1
2024-03-01 00:00:00,6.0,-2.0,16.0,9.0,49.0,4.28,2140.0,200.83333333333334,40.0,0.78,0.63,29.9,26.6,0.37,0.41,0.0,0.0,2.0,2.0,26300.0,G23_22_H1
2024-03-02 00:00:00,12.0,-2.0,17.0,8.0,29.0,4.72,2360.0,156.66666666666666,40.0,0.81,0.65,29.0,26.1,0.37,0.42,0.0,0.0,2.0,2.0,26300.0,G23_22_H1
2024-03-03 00:00:00,14.0,3.0,18.0,9.0,45.0,5.05,2525.0,96.0,24.0,0.84,0.67,29.1,26.0,0.33,0.42,0.0,0.0,2.0,2.0,26300.0,G23_22_H1
2024-03-04 00:00:00,10.0,7.0,19.0,9.0,14.0,5.26,2630.0,51.666666666666664,24.0,0.89,0.72,28.6,26.1,0.33,0.41000000000000003,0.0,0.0,2.0,2.0,26300.0,G23_22_H1
2024-03-05 00:00:00,11.0,6.0,20.0,8.0,15.0,5.37,2685.0,39.5,48.0,0.88,0.77,28.3,25.9,0.32,0.38,0.0,0.0,2.0,2.0,26300.0,G23_22_H1
2024-03-06 00:00:00,10.0,0.0,21.0,6.0,16.0,5.76,2880.0,52.916666666666664,28.0,0.87,0.75,28.1,25.7,0.33,0.38,0.0,0.0,2.0,2.0,26300.0,G23_22_H1
2024-03-07 00:00:00,14.0,0.0,22.0,7.0,22.0,6.19,3095.0,72.16666666666667,28.0,0.87,0.72,28.9,24.6,0.33,0.43000000000000005,0.0,0.0,2.0,2.0,26300.0,G23_22_H1
2024-03-08 00:00:00,13.0,0.0,23.0,6.0,11.0,6.69,3345.0,47.5,52.0,0.86,0.72,29.6,24.6,0.33,0.43000000000000005,0.0,0.0,2.0,2.0,26300.0,G23_22_H1
2024-03-09 00:00:00,13.0,0.0,24.0,8.0,10.0,6.95,3475.0,85.83333333333333,20.0,0.87,0.72,29.6,24.0,0.34,0.46,0.0,0.0,2.0,2.0,26300.0,G23_22_H1
2024-03-10 00:00:00,17.0,2.0,25.0,9.0,4.0,6.94,3470.0,75.0,20.0,0.88,0.72,29.4,23.8,0.33999999999999997,0.48,0.0,0.0,2.0,2.0,26300.0,G23_22_H1
2024-03-11 00:00:00,21.0,7.0,26.0,7.0,13.0,7.54,3770.0,28.333333333333332,72.0,0.84,0.63,30.1,24.5,0.33999999999999997,0.9,0.0,0.0,2.0,2.0,26300.0,G23_22_H1
2024-03-12 00:00:00,16.0,5.0,27.0,5.0,35.0,8.02,4010.0,23.333333333333332,60.0,0.86,0.7,28.6,24.2,0.34,0.52,0.0,0.0,2.0,2.0,26300.0,G23_22_H1
2024-03-13 00:00:00,16.0,3.0,28.0,6.0,33.0,8.18,4090.0,64.16666666666667,60.0,0.86,0.67,29.700000000000003,23.5,0.34,0.52,0.0,0.0,2.0,2.0,26300.0,G23_22_H1
2024-03-14 00:00:00,15.0,7.0,29.0,9.0,40.0,8.67,4335.0,13.833333333333334,36.0,0.92,0.77,26.8,23.6,0.34,0.4,0.0,0.0,2.0,2.0,26300.0,G23_22_H1
2024-03-15 00:00:00,19.0,3.0,30.0,56.0,25.0,7.82,3910.0,72.5,60.0,0.88,0.72,27.7,22.7,0.32,0.71,0.0,0.0,2.0,2.0,26300.0,G23_22_H1
2024-03-16 00:00:00,22.0,9.0,31.0,34.0,15.0,7.94,3970.0,55.0,48.0,0.89,0.69,28.5,22.7,0.41,1.19,0.0,0.0,2.0,3.0,26300.0,G23_22_H1
2024-02-15 00:00:00,9.0,-1.0,1.0,5.0,0.0,0.776,388.0,350.0,40.0,0.63,0.46,36.0,33.1,0.6,0.6,0.0,0.0,2.0,2.0,27500.0,G23_22_H2
2024-02-16 00:00:00,11.0,0.0,2.0,8.0,7.0,0.997,498.5,708.0,92.0,0.65,0.48,35.8,32.5,0.59,0.59,0.0,0.0,2.0,2.0,27500.0,G23_22_H2
2024-02-17 00:00:00,18.0,5.0,3.0,25.0,5.0,1.163,203.3333,488.0,48.0,0.67,0.53,35.2,32.3,0.58,0.58,0.0,0.0,2.0,2.0,27500.0,G23_22_H2
2024-02-18 00:00:00,22.0,13.0,4.0,13.0,9.0,1.33,150.0,360.0,52.0,0.72,0.61,34.8,31.9,0.53,0.57,0.0,0.0,2.0,2.0,27500.0,G23_22_H2
2024-02-19 00:00:00,11.0,1.0,5.0,31.0,27.0,1.496,748.0,125.83333333333333,44.0,0.78,0.59,34.3,31.1,0.52,0.52,0.0,0.0,2.0,2.0,27500.0,G23_22_H2
2024-02-20 00:00:00,2.0,-1.0,6.0,21.0,26.0,1.717,858.5,261.6666666666667,56.0,0.68,0.57,33.4,30.1,0.48,0.48,0.0,0.0,2.0,2.0,27500.0,G23_22_H2
2024-02-21 00:00:00,-3.0,-1.0,7.0,9.0,13.0,1.884,942.0,258.1666666666667,56.0,0.72,0.58,32.8,29.9,0.45,0.45,0.0,0.0,2.0,2.0,27500.0,G23_22_H2
2024-02-22 00:00:00,-1.0,-5.0,8.0,11.0,220.0,2.105,1052.5,255.83333333333334,56.0,0.77,0.61,32.9,29.8,0.42,0.42,0.0,0.0,2.0,2.0,27500.0,G23_22_H2
2024-02-23 00:00:00,3.0,-3.0,9.0,9.0,28.0,2.327,1163.5,241.66666666666666,56.0,0.79,0.65,32.5,29.5,0.4,0.4,0.0,0.0,2.0,2.0,27500.0,G23_22_H2
2024-02-24 00:00:00,2.0,-3.0,10.0,13.0,12.0,2.448,1224.0,225.83333333333334,68.0,0.81,0.65,32.4,29.3,0.39,0.39,0.0,0.0,2.0,2.0,27500.0,G23_22_H2
2024-02-25 00:00:00,5.0,-1.0,11.0,11.0,14.0,2.68,1340.0,174.16666666666666,12.0,0.87,0.69,31.9,29.1,0.38,0.38,0.0,0.0,2.0,2.0,27500.0,G23_22_H2
2024-02-26 00:00:00,7.0,-3.0,12.0,17.0,31.0,3.12,1560.0,172.5,20.0,0.87,0.73,31.7,29.0,0.37,0.37,0.0,0.0,2.0,2.0,27500.0,G23_22_H2
2024-02-27 00:00:00,10.0,-2.0,13.0,7.0,25.0,3.59,1795.0,170.0,28.0,0.84,0.67,31.5,28.2,0.32,0.36,0.0,0.0,2.0,2.0,27500.0,G23_22_H2
2024-02-28 00:00:00,7.0,0.0,14.0,8.0,30.0,3.83,1915.0,142.5,24.0,0.84,0.67,30.9,28.1,0.32,0.37,0.0,0.0,2.0,2.0,27500.0,G23_22_H2
2024-02-29 00:00:00,6.0,1.0,15.0,17.0,76.0,4.16,2080.0,144.16666666666666,28.0,0.89,0.72,30.4,27.7,0.32,0.35,0.0,0.0,2.0,2.0,27500.0,G23_22_H2
2024-03-01 00:00:00,6.0,-2.0,16.0,8.0,72.0,4.12,2060.0,200.83333333333334,28.0,0.84,0.7,30.4,27.3,0.32,0.36,0.0,0.0,2.0,2.0,27500.0,G23_22_H2
2024-03-02 00:00:00,12.0,-2.0,17.0,11.0,80.0,4.46,2230.0,156.66666666666666,32.0,0.87,0.7,30.0,27.0,0.32,0.37,0.0,0.0,2.0,2.0,27500.0,G23_22_H2
2024-03-03 00:00:00,14.0,3.0,18.0,14.0,47.0,4.8,2400.0,96.0,28.0,0.91,0.74,29.7,26.6,0.29,0.36,0.0,0.0,2.0,2.0,27500.0,G23_22_H2
2024-03-04 00:00:00,10.0,7.0,19.0,12.0,27.0,5.11,2555.0,51.666666666666664,28.0,0.95,0.76,29.4,26.5,0.29,0.35,0.0,0.0,2.0,2.0,27500.0,G23_22_H2
2024-03-05 00:00:00,11.0,6.0,20.0,13.0,72.0,5.31,2655.0,39.5,24.0,0.95,0.81,28.8,26.6,0.28,0.32,0.0,0.0,2.0,2.0,27500.0,G23_22_H2
2024-03-06 00:00:00,10.0,0.0,21.0,13.0,67.0,5.56,2780.0,52.916666666666664,28.0,0.92,0.79,28.6,26.2,0.29,0.33999999999999997,0.0,0.0,2.0,2.0,27500.0,G23_22_H2
2024-03-07 00:00:00,14.0,0.0,22.0,11.0,43.0,5.87,2935.0,72.16666666666667,32.0,0.92,0.75,29.1,25.4,0.29,0.39,0.0,0.0,2.0,2.0,27500.0,G23_22_H2
2024-03-08 00:00:00,13.0,0.0,23.0,9.0,42.0,5.64,2820.0,47.5,32.0,0.91,0.73,29.5,25.1,0.29,0.39,0.0,0.0,2.0,2.0,27500.0,G23_22_H2
2024-03-09 00:00:00,13.0,0.0,24.0,8.0,20.0,5.63,2815.0,85.83333333333333,36.0,0.91,0.73,29.0,24.5,0.3,0.42,0.0,0.0,2.0,2.0,27500.0,G23_22_H2
2024-03-10 00:00:00,17.0,2.0,25.0,10.0,17.0,6.25,3125.0,75.0,40.0,0.91,0.73,29.4,24.5,0.31999999999999995,0.44999999999999996,0.0,0.0,2.0,2.0,27500.0,G23_22_H2
2024-03-11 00:00:00,21.0,7.0,26.0,12.0,38.0,6.9,3450.0,28.333333333333332,36.0,0.89,0.66,30.0,25.0,0.31999999999999995,0.8,0.0,0.0,2.0,2.0,27500.0,G23_22_H2
2024-03-12 00:00:00,16.0,5.0,27.0,13.0,73.0,7.43,3715.0,23.333333333333332,52.0,0.91,0.71,28.4,24.8,0.33,0.49,0.0,0.0,2.0,2.0,27500.0,G23_22_H2
2024-03-13 00:00:00,16.0,3.0,28.0,11.0,56.0,7.46,3730.0,64.16666666666667,44.0,0.9,0.67,29.3,23.8,0.33,0.49,0.0,0.0,2.0,2.0,27500.0,G23_22_H2
2024-03-14 00:00:00,15.0,7.0,29.0,9.0,27.0,7.33,3665.0,13.833333333333334,48.0,0.96,0.81,27.3,24.1,0.32,0.38,0.0,0.0,2.0,2.0,27500.0,G23_22_H2
2024-03-15 00:00:00,19.0,3.0,30.0,12.0,49.0,7.96,3980.0,72.5,48.0,0.93,0.75,28.1,22.8,0.32,0.69,0.0,0.0,2.0,2.0,27500.0,G23_22_H2
2024-03-16 00:00:00,22.0,9.0,31.0,14.0,46.0,8.2,4100.0,55.0,64.0,0.95,0.73,28.7,22.8,0.4,1.15,0.0,0.0,2.0,3.0,27500.0,G23_22_H2
2024-02-15 00:00:00,9.0,-1.0,1.0,5.0,5.0,0.776,388.0,350.0,40.0,0.62,0.44,36.1,33.1,0.6,0.6,0.0,0.0,2.0,2.0,27500.0,G23_22_H3
2024-02-16 00:00:00,11.0,0.0,2.0,10.0,31.0,0.997,498.5,708.0,28.0,0.64,0.47,35.4,32.6,0.59,0.59,0.0,0.0,2.0,2.0,27500.0,G23_22_H3
2024-02-17 00:00:00,18.0,5.0,3.0,20.0,14.0,1.163,581.5,203.3333,56.0,0.71,0.53,35.2,32.0,0.58,0.58,0.0,0.0,2.0,2.0,27500.0,G23_22_H3
2024-02-18 00:00:00,22.0,13.0,4.0,10.0,4.0,1.33,665.0,150.0,48.0,0.7,0.59,34.5,31.9,0.53,0.57,0.0,0.0,2.0,2.0,27500.0,G23_22_H3
2024-02-19 00:00:00,11.0,1.0,5.0,21.0,15.0,1.496,748.0,125.83333333333333,44.0,0.76,0.57,33.9,30.9,0.52,0.52,0.0,0.0,2.0,2.0,27500.0,G23_22_H3
2024-02-20 00:00:00,2.0,-1.0,6.0,6.0,6.0,1.717,858.5,261.6666666666667,56.0,0.68,0.56,33.0,30.2,0.48,0.48,0.0,0.0,2.0,2.0,27500.0,G23_22_H3
2024-02-21 00:00:00,-3.0,-1.0,7.0,5.0,4.0,1.884,942.0,258.1666666666667,60.0,0.7,0.51,32.8,30.0,0.45,0.45,0.0,0.0,2.0,2.0,27500.0,G23_22_H3
2024-02-22 00:00:00,-1.0,-5.0,8.0,21.0,129.0,2.105,1052.5,255.83333333333334,56.0,0.76,0.58,32.2,30.1,0.42,0.42,0.0,0.0,2.0,2.0,27500.0,G23_22_H3
2024-02-23 00:00:00,3.0,-3.0,9.0,36.0,5.0,2.327,1163.5,241.66666666666666,56.0,0.78,0.63,32.0,29.4,0.4,0.4,0.0,0.0,2.0,2.0,27500.0,G23_22_H3
2024-02-24 00:00:00,2.0,-3.0,10.0,5.0,5.0,2.448,1224.0,225.83333333333334,56.0,0.79,0.62,31.9,29.2,0.39,0.39,0.0,0.0,2.0,2.0,27500.0,G23_22_H3
2024-02-25 00:00:00,5.0,-1.0,11.0,6.0,8.0,2.661,1330.5,174.16666666666666,28.0,0.84,0.66,31.5,28.9,0.38,0.38,0.0,0.0,2.0,2.0,27500.0,G23_22_H3
2024-02-26 00:00:00,7.0,-3.0,12.0,5.0,9.0,3.198,1599.0,172.5,24.0,0.84,0.7,31.2,28.9,0.37,0.37,0.0,0.0,2.0,2.0,27500.0,G23_22_H3
2024-02-27 00:00:00,10.0,-2.0,13.0,15.0,24.0,3.6,1800.0,170.0,32.0,0.84,0.67,30.9,28.5,0.32,0.36,0.0,0.0,2.0,2.0,27500.0,G23_22_H3
2024-02-28 00:00:00,7.0,0.0,14.0,13.0,19.0,3.832,1916.0,142.5,28.0,0.84,0.67,30.5,27.9,0.32,0.37,0.0,0.0,2.0,2.0,27500.0,G23_22_H3
2024-02-29 00:00:00,6.0,1.0,15.0,25.0,49.0,4.13,2065.0,144.16666666666666,28.0,0.86,0.72,30.2,27.4,0.32,0.35,0.0,0.0,2.0,2.0,27500.0,G23_22_H3
2024-03-01 00:00:00,6.0,-2.0,16.0,19.0,81.0,4.136,2068.0,200.83333333333334,32.0,0.82,0.68,30.1,27.3,0.32,0.36,0.0,0.0,2.0,2.0,27500.0,G23_22_H3
2024-03-02 00:00:00,12.0,-2.0,17.0,21.0,64.0,4.384,2192.0,156.66666666666666,32.0,0.84,0.69,29.5,26.5,0.32,0.37,0.0,0.0,2.0,2.0,27500.0,G23_22_H3
2024-03-03 00:00:00,14.0,3.0,18.0,15.0,48.0,4.646,2323.0,96.0,32.0,0.86,0.71,30.3,26.8,0.29,0.36,0.0,0.0,2.0,2.0,27500.0,G23_22_H3
2024-03-04 00:00:00,10.0,7.0,19.0,8.0,32.0,5.056,2528.0,51.666666666666664,24.0,0.91,0.74,29.4,26.8,0.29,0.35,0.0,0.0,2.0,2.0,27500.0,G23_22_H3
2024-03-05 00:00:00,11.0,6.0,20.0,7.0,14.0,5.304,2652.0,39.5,32.0,0.92,0.78,29.1,26.5,0.28,0.32,0.0,0.0,2.0,2.0,27500.0,G23_22_H3
2024-03-06 00:00:00,10.0,0.0,21.0,9.0,50.0,5.724,2862.0,52.916666666666664,28.0,0.9,0.78,29.1,26.1,0.29,0.33999999999999997,0.0,0.0,2.0,2.0,27500.0,G23_22_H3
2024-03-07 00:00:00,14.0,0.0,22.0,7.0,35.0,5.726,2863.0,72.16666666666667,32.0,0.9,0.75,29.9,25.3,0.29,0.39,0.0,0.0,2.0,2.0,27500.0,G23_22_H3
2024-03-08 00:00:00,13.0,0.0,23.0,3.0,16.0,6.178,3089.0,47.5,36.0,0.89,0.73,30.0,25.2,0.29,0.39,0.0,0.0,2.0,2.0,27500.0,G23_22_H3
2024-03-09 00:00:00,13.0,0.0,24.0,5.0,33.0,6.488,3244.0,85.83333333333333,36.0,0.89,0.73,30.3,24.5,0.3,0.42,0.0,0.0,2.0,2.0,27500.0,G23_22_H3
2024-03-10 00:00:00,17.0,2.0,25.0,6.0,20.0,6.712,3356.0,75.0,40.0,0.88,0.72,30.0,24.4,0.31999999999999995,0.44999999999999996,0.0,0.0,2.0,2.0,27500.0,G23_22_H3
2024-03-11 00:00:00,21.0,7.0,26.0,4.0,16.0,6.946,3473.0,28.333333333333332,40.0,0.86,0.64,30.5,25.0,0.31999999999999995,0.8,0.0,0.0,2.0,2.0,27500.0,G23_22_H3
2024-03-12 00:00:00,16.0,5.0,27.0,7.0,54.0,7.536,3768.0,23.333333333333332,48.0,0.87,0.7,29.1,24.6,0.33,0.49,0.0,0.0,2.0,2.0,27500.0,G23_22_H3
2024-03-13 00:00:00,16.0,3.0,28.0,12.0,38.0,7.35,3675.0,64.16666666666667,48.0,0.86,0.66,29.700000000000003,23.7,0.33,0.49,0.0,0.0,2.0,2.0,27500.0,G23_22_H3
2024-03-14 00:00:00,15.0,7.0,29.0,6.0,25.0,7.485,3742.5,13.833333333333334,48.0,0.92,0.76,27.1,24.2,0.32,0.38,0.0,0.0,2.0,2.0,27500.0,G23_22_H3
2024-03-15 00:00:00,19.0,3.0,30.0,9.0,38.0,7.921,3960.5,72.5,44.0,0.9,0.73,28.4,23.1,0.32,0.69,0.0,0.0,2.0,2.0,27500.0,G23_22_H3
2024-03-16 00:00:00,22.0,9.0,31.0,9.0,30.0,7.961,3980.5,55.0,64.0,0.89,0.7,28.9,22.9,0.4,1.15,0.0,0.0,2.0,3.0,27500.0,G23_22_H3
2024-02-15 00:00:00,9.0,-1.0,1.0,17.0,0.0,0.776,388.0,350.0,40.0,0.6,0.45,36.2,33.0,0.6,0.6,0.0,0.0,2.0,2.0,27900.0,G23_22_H4
2024-02-16 00:00:00,11.0,0.0,2.0,9.0,46.0,0.997,498.5,708.0,48.0,0.6,0.42,35.9,32.5,0.59,0.59,0.0,0.0,2.0,2.0,27900.0,G23_22_H4
2024-02-17 00:00:00,18.0,5.0,3.0,13.0,87.0,1.163,581.5,203.3333,52.0,0.63,0.45,35.6,32.3,0.58,0.58,0.0,0.0,2.0,2.0,27900.0,G23_22_H4
2024-02-18 00:00:00,22.0,13.0,4.0,15.0,60.0,1.33,665.0,150.0,48.0,0.69,0.54,34.9,32.0,0.53,0.57,0.0,0.0,2.0,2.0,27900.0,G23_22_H4
2024-02-19 00:00:00,11.0,1.0,5.0,12.0,36.0,1.496,748.0,125.83333333333333,44.0,0.74,0.54,34.3,30.7,0.52,0.52,0.0,0.0,2.0,2.0,27900.0,G23_22_H4
2024-02-20 00:00:00,2.0,-1.0,6.0,10.0,15.0,1.717,858.5,261.6666666666667,52.0,0.63,0.52,33.3,30.1,0.48,0.48,0.0,0.0,2.0,2.0,27900.0,G23_22_H4
2024-02-21 00:00:00,-3.0,-1.0,7.0,9.0,12.0,1.884,942.0,258.1666666666667,56.0,0.66,0.51,32.9,29.9,0.45,0.45,0.0,0.0,2.0,2.0,27900.0,G23_22_H4
2024-02-22 00:00:00,-1.0,-5.0,8.0,19.0,306.0,2.105,1052.5,255.83333333333334,48.0,0.71,0.54,32.8,29.7,0.42,0.42,0.0,0.0,2.0,2.0,27900.0,G23_22_H4
2024-02-23 00:00:00,3.0,-3.0,9.0,15.0,14.0,2.327,1163.5,241.66666666666666,48.0,0.74,0.58,32.7,29.2,0.4,0.4,0.0,0.0,2.0,2.0,27900.0,G23_22_H4
2024-02-24 00:00:00,2.0,-3.0,10.0,5.0,5.0,2.448,1224.0,225.83333333333334,56.0,0.77,0.62,32.3,29.1,0.39,0.39,0.0,0.0,2.0,2.0,27900.0,G23_22_H4
2024-02-25 00:00:00,5.0,-1.0,11.0,4.0,5.0,2.69,1345.0,174.16666666666666,20.0,0.81,0.63,32.1,29.0,0.38,0.38,0.0,0.0,2.0,2.0,27900.0,G23_22_H4
2024-02-26 00:00:00,7.0,-3.0,12.0,7.0,8.0,3.19,1595.0,172.5,24.0,0.82,0.67,31.6,28.8,0.37,0.37,0.0,0.0,2.0,2.0,27900.0,G23_22_H4
2024-02-27 00:00:00,10.0,-2.0,13.0,7.0,12.0,3.63,1815.0,170.0,28.0,0.8,0.65,31.4,28.3,0.32,0.36,0.0,0.0,2.0,2.0,27900.0,G23_22_H4
2024-02-28 00:00:00,7.0,0.0,14.0,9.0,24.0,3.83,1915.0,142.5,24.0,0.8,0.65,31.3,28.2,0.32,0.37,0.0,0.0,2.0,2.0,27900.0,G23_22_H4
2024-02-29 00:00:00,6.0,1.0,15.0,6.0,51.0,4.16,2080.0,144.16666666666666,24.0,0.83,0.7,30.9,27.6,0.32,0.35,0.0,0.0,2.0,2.0,27900.0,G23_22_H4
2024-03-01 00:00:00,6.0,-2.0,16.0,8.0,37.0,4.22,2110.0,200.83333333333334,32.0,0.81,0.67,30.3,27.2,0.32,0.36,0.0,0.0,2.0,2.0,27900.0,G23_22_H4
2024-03-02 00:00:00,12.0,-2.0,17.0,5.0,42.0,4.38,2190.0,156.66666666666666,32.0,0.84,0.67,29.8,26.9,0.32,0.37,0.0,0.0,2.0,2.0,27900.0,G23_22_H4
2024-03-03 00:00:00,14.0,3.0,18.0,4.0,43.0,4.85,2425.0,96.0,24.0,0.85,0.7,29.9,26.9,0.29,0.36,0.0,0.0,2.0,2.0,27900.0,G23_22_H4
2024-03-04 00:00:00,10.0,7.0,19.0,11.0,48.0,5.24,2620.0,51.666666666666664,24.0,0.9,0.72,29.2,26.6,0.29,0.35,0.0,0.0,2.0,2.0,27900.0,G23_22_H4
2024-03-05 00:00:00,11.0,6.0,20.0,7.0,29.0,5.58,2790.0,39.5,24.0,0.9,0.78,28.9,26.5,0.28,0.32,0.0,0.0,2.0,2.0,27900.0,G23_22_H4
2024-03-06 00:00:00,10.0,0.0,21.0,8.0,35.0,5.98,2990.0,52.916666666666664,28.0,0.88,0.78,28.9,26.2,0.29,0.33999999999999997,0.0,0.0,2.0,2.0,27900.0,G23_22_H4
2024-03-07 00:00:00,14.0,0.0,22.0,8.0,30.0,6.32,3160.0,72.16666666666667,28.0,0.89,0.75,29.7,25.5,0.29,0.39,0.0,0.0,2.0,2.0,27900.0,G23_22_H4
2024-03-08 00:00:00,13.0,0.0,23.0,5.0,22.0,6.69,3345.0,47.5,52.0,0.89,0.7,29.8,25.5,0.29,0.39,0.0,0.0,2.0,2.0,27900.0,G23_22_H4
2024-03-09 00:00:00,13.0,0.0,24.0,4.0,29.0,6.73,3365.0,85.83333333333333,32.0,0.88,0.73,29.9,24.9,0.3,0.42,0.0,0.0,2.0,2.0,27900.0,G23_22_H4
2024-03-10 00:00:00,17.0,2.0,25.0,5.0,19.0,7.02,3510.0,75.0,36.0,0.87,0.71,29.7,24.6,0.31999999999999995,0.44999999999999996,0.0,0.0,2.0,2.0,27900.0,G23_22_H4
2024-03-11 00:00:00,21.0,7.0,26.0,8.0,15.0,7.29,3645.0,28.333333333333332,32.0,0.85,0.62,30.6,25.1,0.31999999999999995,0.8,0.0,0.0,2.0,2.0,27900.0,G23_22_H4
2024-03-12 00:00:00,16.0,5.0,27.0,7.0,26.0,8.07,4035.0,23.333333333333332,44.0,0.88,0.69,29.0,24.8,0.33,0.49,0.0,0.0,2.0,2.0,27900.0,G23_22_H4
2024-03-13 00:00:00,16.0,3.0,28.0,6.0,25.0,8.57,4285.0,64.16666666666667,40.0,0.88,0.66,30.0,24.0,0.33,0.49,0.0,0.0,2.0,2.0,27900.0,G23_22_H4
2024-03-14 00:00:00,15.0,7.0,29.0,6.0,30.0,8.2,4100.0,13.833333333333334,40.0,0.92,0.78,27.4,24.1,0.32,0.38,0.0,0.0,2.0,2.0,27900.0,G23_22_H4
2024-03-15 00:00:00,19.0,3.0,30.0,5.0,30.0,8.71,4355.0,72.5,44.0,0.9,0.74,28.2,23.2,0.32,0.69,0.0,0.0,2.0,2.0,27900.0,G23_22_H4
2024-03-16 00:00:00,22.0,9.0,31.0,7.0,39.0,9.03,4515.0,55.0,56.0,0.9,0.69,28.8,23.1,0.4,1.15,0.0,0.0,2.0,3.0,27900.0,G23_22_H4
2024-02-15 00:00:00,9.0,-1.0,1.0,11.0,0.0,0.776,388.0,350.0,40.0,0.53,0.38,35.8,33.1,0.6,0.6,0.0,0.0,2.0,2.0,27800.0,G23_22_H5
2024-02-16 00:00:00,11.0,0.0,2.0,20.0,26.0,0.997,498.5,708.0,40.0,0.55,0.42,35.4,32.7,0.59,0.59,0.0,0.0,2.0,2.0,27800.0,G23_22_H5
2024-02-17 00:00:00,18.0,5.0,3.0,36.0,15.0,1.163,203.3333,488.0,48.0,0.59,0.47,34.9,32.6,0.58,0.58,0.0,0.0,2.0,2.0,27800.0,G23_22_H5
2024-02-18 00:00:00,22.0,13.0,4.0,25.0,13.0,1.33,150.0,360.0,48.0,0.63,0.52,34.4,32.1,0.53,0.57,0.0,0.0,2.0,2.0,27800.0,G23_22_H5
2024-02-19 00:00:00,11.0,1.0,5.0,27.0,8.0,1.496,748.0,125.83333333333333,44.0,0.7,0.5,33.9,31.2,0.52,0.52,0.0,0.0,2.0,2.0,27800.0,G23_22_H5
2024-02-20 00:00:00,2.0,-1.0,6.0,7.0,2.0,1.717,858.5,261.6666666666667,56.0,0.61,0.48,32.9,30.4,0.48,0.48,0.0,0.0,2.0,2.0,27800.0,G23_22_H5
2024-02-21 00:00:00,-3.0,-1.0,7.0,8.0,3.0,1.884,942.0,258.1666666666667,40.0,0.64,0.5,32.5,30.2,0.45,0.45,0.0,0.0,2.0,2.0,27800.0,G23_22_H5
2024-02-22 00:00:00,-1.0,-5.0,8.0,30.0,245.0,2.105,1052.5,255.83333333333334,56.0,0.66,0.53,32.1,30.1,0.42,0.42,0.0,0.0,2.0,2.0,27800.0,G23_22_H5
2024-02-23 00:00:00,3.0,-3.0,9.0,26.0,9.0,2.327,1163.5,241.66666666666666,56.0,0.71,0.57,31.9,29.8,0.4,0.4,0.0,0.0,2.0,2.0,27800.0,G23_22_H5
2024-02-24 00:00:00,2.0,-3.0,10.0,16.0,6.0,2.448,1224.0,225.83333333333334,48.0,0.73,0.58,31.9,29.5,0.39,0.39,0.0,0.0,2.0,2.0,27800.0,G23_22_H5
2024-02-25 00:00:00,5.0,-1.0,11.0,14.0,16.0,2.63,1315.0,174.16666666666666,36.0,0.77,0.6,31.5,29.4,0.38,0.38,0.0,0.0,2.0,2.0,27800.0,G23_22_H5
2024-02-26 00:00:00,7.0,-3.0,12.0,14.0,15.0,3.14,1570.0,172.5,24.0,0.79,0.66,30.9,29.0,0.37,0.37,0.0,0.0,2.0,2.0,27800.0,G23_22_H5
2024-02-27 00:00:00,10.0,-2.0,13.0,8.0,34.0,3.49,1745.0,170.0,28.0,0.74,0.6,30.7,28.3,0.32,0.36,0.0,0.0,2.0,2.0,27800.0,G23_22_H5
2024-02-28 00:00:00,7.0,0.0,14.0,7.0,21.0,3.83,1915.0,142.5,32.0,0.74,0.6,30.6,28.3,0.32,0.37,0.0,0.0,2.0,2.0,27800.0,G23_22_H5
2024-02-29 00:00:00,6.0,1.0,15.0,7.0,46.0,4.05,2025.0,144.16666666666666,28.0,0.8,0.67,30.1,27.8,0.32,0.35,0.0,0.0,2.0,2.0,27800.0,G23_22_H5
2024-03-01 00:00:00,6.0,-2.0,16.0,10.0,44.0,4.05,2025.0,200.83333333333334,28.0,0.78,0.64,30.0,27.3,0.32,0.36,0.0,0.0,2.0,2.0,27800.0,G23_22_H5
2024-03-02 00:00:00,12.0,-2.0,17.0,8.0,37.0,4.31,2155.0,156.66666666666666,36.0,0.79,0.63,29.5,27.0,0.32,0.37,0.0,0.0,2.0,2.0,27800.0,G23_22_H5
2024-03-03 00:00:00,14.0,3.0,18.0,9.0,50.0,4.68,2340.0,96.0,28.0,0.83,0.68,30.9,26.8,0.29,0.36,0.0,0.0,2.0,2.0,27800.0,G23_22_H5
2024-03-04 00:00:00,10.0,7.0,19.0,11.0,38.0,5.02,2510.0,51.666666666666664,24.0,0.86,0.71,29.5,26.8,0.29,0.35,0.0,0.0,2.0,2.0,27800.0,G23_22_H5
2024-03-05 00:00:00,11.0,6.0,20.0,6.0,17.0,5.36,2680.0,39.5,24.0,0.86,0.75,28.9,26.8,0.28,0.32,0.0,0.0,2.0,2.0,27800.0,G23_22_H5
2024-03-06 00:00:00,10.0,0.0,21.0,8.0,41.0,5.5,2750.0,52.916666666666664,28.0,0.85,0.75,29.4,26.4,0.29,0.33999999999999997,0.0,0.0,2.0,2.0,27800.0,G23_22_H5
2024-03-07 00:00:00,14.0,0.0,22.0,6.0,44.0,5.79,2895.0,72.16666666666667,32.0,0.84,0.7,30.4,25.7,0.29,0.39,0.0,0.0,2.0,2.0,27800.0,G23_22_H5
2024-03-08 00:00:00,13.0,0.0,23.0,5.0,20.0,6.22,3110.0,47.5,32.0,0.82,0.68,30.1,25.5,0.29,0.39,0.0,0.0,2.0,2.0,27800.0,G23_22_H5
2024-03-09 00:00:00,13.0,0.0,24.0,7.0,24.0,6.25,3125.0,85.83333333333333,40.0,0.81,0.66,30.0,24.8,0.3,0.42,0.0,0.0,2.0,2.0,27800.0,G23_22_H5
2024-03-10 00:00:00,17.0,2.0,25.0,6.0,19.0,6.74,3370.0,75.0,40.0,0.81,0.66,29.7,24.6,0.31999999999999995,0.44999999999999996,0.0,0.0,2.0,2.0,27800.0,G23_22_H5
2024-03-11 00:00:00,21.0,7.0,26.0,8.0,24.0,6.85,3425.0,28.333333333333332,40.0,0.77,0.58,30.3,25.1,0.31999999999999995,0.8,0.0,0.0,2.0,2.0,27800.0,G23_22_H5
2024-03-12 00:00:00,16.0,5.0,27.0,7.0,17.0,7.6,3800.0,23.333333333333332,48.0,0.8,0.64,28.9,24.7,0.33,0.49,0.0,0.0,2.0,2.0,27800.0,G23_22_H5
2024-03-13 00:00:00,16.0,3.0,28.0,5.0,12.0,7.88,3940.0,64.16666666666667,48.0,0.79,0.6,29.700000000000003,23.9,0.33,0.49,0.0,0.0,2.0,2.0,27800.0,G23_22_H5
2024-03-14 00:00:00,15.0,7.0,29.0,6.0,20.0,7.72,3860.0,13.833333333333334,44.0,0.86,0.72,27.1,24.2,0.32,0.38,0.0,0.0,2.0,2.0,27800.0,G23_22_H5
2024-03-15 00:00:00,19.0,3.0,30.0,9.0,24.0,8.33,4165.0,72.5,56.0,0.83,0.67,28.6,23.2,0.32,0.69,0.0,0.0,2.0,2.0,27800.0,G23_22_H5
2024-03-16 00:00:00,22.0,9.0,31.0,7.0,30.0,8.36,4180.0,55.0,60.0,0.85,0.64,29.3,22.8,0.4,1.15,0.0,0.0,2.0,3.0,27800.0,G23_22_H5
2024-02-15 00:00:00,9.0,-1.0,,0.0,0.0,0.0,0.0,0.0,0.0,0.0,0.0,0.0,0.0,0.0,0.0,0.0,0.0,0.0,0.0,26600.0,G23_22_H6
2024-02-16 00:00:00,11.0,0.0,0.0,0.0,0.0,0.0,0.0,0.0,0.0,0.0,0.0,0.0,0.0,0.0,0.0,0.0,0.0,0.0,0.0,26600.0,G23_22_H6
2024-02-17 00:00:00,18.0,5.0,1.0,13.0,0.0,0.745,372.5,203.3333,44.0,0.53,0.46,35.9,33.1,0.6,0.6,0.0,0.0,2.0,2.0,26600.0,G23_22_H6
2024-02-18 00:00:00,22.0,13.0,2.0,11.0,4.0,0.958,479.0,150.0,32.0,0.63,0.55,35.2,32.6,0.59,0.59,0.0,0.0,2.0,2.0,26600.0,G23_22_H6
2024-02-19 00:00:00,11.0,1.0,3.0,22.0,6.0,1.117,558.5,125.83333333333333,36.0,0.68,0.5,34.7,31.6,0.58,0.58,0.0,0.0,2.0,2.0,26600.0,G23_22_H6
2024-02-20 00:00:00,2.0,-1.0,4.0,9.0,27.0,1.277,638.5,261.6666666666667,44.0,0.58,0.48,34.0,30.8,0.55,0.55,0.0,0.0,2.0,2.0,26600.0,G23_22_H6
2024-02-21 00:00:00,-3.0,-1.0,5.0,8.0,13.0,1.436,718.0,258.1666666666667,60.0,0.6,0.48,33.4,30.6,0.52,0.52,0.0,0.0,2.0,2.0,26600.0,G23_22_H6
2024-02-22 00:00:00,-1.0,-5.0,6.0,10.0,25.0,1.649,824.5,255.83333333333334,40.0,0.64,0.52,33.1,30.0,0.48,0.48,0.0,0.0,2.0,2.0,26600.0,G23_22_H6
2024-02-23 00:00:00,3.0,-3.0,7.0,8.0,28.0,1.809,904.5,241.66666666666666,40.0,0.69,0.58,32.3,29.5,0.45,0.45,0.0,0.0,2.0,2.0,26600.0,G23_22_H6
2024-02-24 00:00:00,2.0,-3.0,8.0,26.0,175.0,2.022,1010.9999999999999,225.83333333333334,44.0,0.73,0.58,32.2,29.3,0.43,0.43,0.0,0.0,2.0,2.0,26600.0,G23_22_H6
2024-02-25 00:00:00,5.0,-1.0,9.0,28.0,5.0,2.234,1117.0,174.16666666666666,60.0,0.71,0.58,31.8,29.0,0.42,0.42,0.0,0.0,2.0,2.0,26600.0,G23_22_H6
2024-02-26 00:00:00,7.0,-3.0,10.0,6.0,14.0,2.447,1223.5,172.5,28.0,0.73,0.63,31.4,28.9,0.41,0.41,0.0,0.0,2.0,2.0,26600.0,G23_22_H6
2024-02-27 00:00:00,10.0,-2.0,11.0,5.0,25.0,2.99,1495.0,170.0,28.0,0.72,0.59,31.0,28.5,0.38,0.46,0.0,0.0,2.0,2.0,26600.0,G23_22_H6
2024-02-28 00:00:00,7.0,0.0,12.0,8.0,107.0,3.58,1790.0,142.5,28.0,0.72,0.59,30.7,28.3,0.4,0.48,0.0,0.0,2.0,2.0,26600.0,G23_22_H6
2024-02-29 00:00:00,6.0,1.0,13.0,6.0,32.0,3.82,1910.0,144.16666666666666,28.0,0.86,0.65,30.6,27.6,0.4,0.42,0.0,0.0,2.0,2.0,26600.0,G23_22_H6
2024-03-01 00:00:00,6.0,-2.0,14.0,10.0,95.0,4.02,2009.9999999999998,200.83333333333334,32.0,0.76,0.63,30.4,27.4,0.4,0.43,0.0,0.0,2.0,2.0,26600.0,G23_22_H6
2024-03-02 00:00:00,12.0,-2.0,15.0,6.0,66.0,4.26,2130.0,156.66666666666666,32.0,0.76,0.63,29.9,27.1,0.4,0.45,0.0,0.0,2.0,2.0,26600.0,G23_22_H6
2024-03-03 00:00:00,14.0,3.0,16.0,7.0,78.0,4.3,2150.0,96.0,24.0,0.77,0.66,29.9,26.9,0.34,0.46,0.0,0.0,2.0,2.0,26600.0,G23_22_H6
2024-03-04 00:00:00,10.0,7.0,17.0,4.0,52.0,4.69,2345.0,51.666666666666664,24.0,0.81,0.68,29.8,27.0,0.34,0.45,0.0,0.0,2.0,2.0,26600.0,G23_22_H6
2024-03-05 00:00:00,11.0,6.0,18.0,8.0,37.0,4.97,2485.0,39.5,20.0,0.81,0.72,29.3,26.6,0.33,0.41000000000000003,0.0,0.0,2.0,2.0,26600.0,G23_22_H6
2024-03-06 00:00:00,10.0,0.0,19.0,6.0,44.0,5.19,2595.0,52.916666666666664,24.0,0.8,0.71,29.0,26.6,0.34,0.39,0.0,0.0,2.0,2.0,26600.0,G23_22_H6
2024-03-07 00:00:00,14.0,0.0,20.0,7.0,49.0,5.45,2725.0,72.16666666666667,32.0,0.81,0.68,28.9,25.5,0.34,0.44000000000000006,0.0,0.0,2.0,2.0,26600.0,G23_22_H6
2024-03-08 00:00:00,13.0,0.0,21.0,5.0,32.0,5.86,2930.0,47.5,28.0,0.79,0.68,29.1,25.4,0.34,0.44000000000000006,0.0,0.0,2.0,2.0,26600.0,G23_22_H6
2024-03-09 00:00:00,13.0,0.0,22.0,3.0,26.0,6.12,3060.0,85.83333333333333,32.0,0.79,0.67,29.2,24.7,0.35,0.47,0.0,0.0,2.0,2.0,26600.0,G23_22_H6
2024-03-10 00:00:00,17.0,2.0,23.0,4.0,21.0,6.43,3215.0,75.0,32.0,0.79,0.67,29.5,24.6,0.37,0.51,0.0,0.0,2.0,2.0,26600.0,G23_22_H6
2024-03-11 00:00:00,21.0,7.0,24.0,6.0,29.0,6.61,3305.0,28.333333333333332,28.0,0.78,0.59,29.7,25.2,0.37,0.96,0.0,0.0,2.0,2.0,26600.0,G23_22_H6
2024-03-12 00:00:00,16.0,5.0,25.0,4.0,32.0,7.02,3510.0,23.333333333333332,44.0,0.8,0.66,28.4,24.8,0.37,0.56,0.0,0.0,2.0,2.0,26600.0,G23_22_H6
2024-03-13 00:00:00,16.0,3.0,26.0,6.0,34.0,7.17,3585.0,64.16666666666667,36.0,0.79,0.63,29.5,23.8,0.37,0.56,0.0,0.0,2.0,2.0,26600.0,G23_22_H6
2024-03-14 00:00:00,15.0,7.0,27.0,7.0,41.0,7.52,3760.0,13.833333333333334,36.0,0.84,0.75,27.0,24.3,0.34,0.41,0.0,0.0,2.0,2.0,26600.0,G23_22_H6
2024-03-15 00:00:00,19.0,3.0,28.0,8.0,56.0,7.78,3890.0,72.5,48.0,0.81,0.69,27.9,23.7,0.34,0.74,0.0,0.0,2.0,2.0,26600.0,G23_22_H6
2024-03-16 00:00:00,22.0,9.0,29.0,11.0,44.0,8.46,4230.0,55.0,44.0,0.82,0.66,28.4,23.2,0.43,1.33,0.0,0.0,2.0,3.0,26600.0,G23_22_H6
2024-02-15 00:00:00,9.0,-1.0,,0.0,0.0,0.0,0.0,0.0,0.0,0.0,0.0,0.0,0.0,0.0,0.0,0.0,0.0,0.0,0.0,26600.0,G23_22_H7
2024-02-16 00:00:00,11.0,0.0,0.0,0.0,0.0,0.0,0.0,0.0,0.0,0.0,0.0,0.0,0.0,0.0,0.0,0.0,0.0,0.0,0.0,26600.0,G23_22_H7
2024-02-17 00:00:00,18.0,5.0,1.0,14.0,2.0,0.745,372.5,203.3333,40.0,0.6,0.5,35.4,33.1,0.6,0.6,0.0,0.0,2.0,2.0,26600.0,G23_22_H7
2024-02-18 00:00:00,22.0,13.0,2.0,16.0,5.0,0.958,479.0,150.0,36.0,0.7,0.57,35.0,32.6,0.59,0.59,0.0,0.0,2.0,2.0,26600.0,G23_22_H7
2024-02-19 00:00:00,11.0,1.0,3.0,14.0,7.0,1.117,558.5,125.83333333333333,20.0,0.74,0.51,34.8,31.5,0.58,0.58,0.0,0.0,2.0,2.0,26600.0,G23_22_H7
2024-02-20 00:00:00,2.0,-1.0,4.0,10.0,19.0,1.277,638.5,261.6666666666667,48.0,0.62,0.45,33.7,30.7,0.55,0.55,0.0,0.0,2.0,2.0,26600.0,G23_22_H7
2024-02-21 00:00:00,-3.0,-1.0,5.0,10.0,12.0,1.436,718.0,258.1666666666667,44.0,0.63,0.52,33.2,30.6,0.52,0.52,0.0,0.0,2.0,2.0,26600.0,G23_22_H7
2024-02-22 00:00:00,-1.0,-5.0,6.0,12.0,28.0,1.649,824.5,255.83333333333334,28.0,0.69,0.57,32.9,30.1,0.48,0.48,0.0,0.0,2.0,2.0,26600.0,G23_22_H7
2024-02-23 00:00:00,3.0,-3.0,7.0,11.0,32.0,1.809,904.5,241.66666666666666,28.0,0.74,0.63,32.6,29.6,0.45,0.45,0.0,0.0,2.0,2.0,26600.0,G23_22_H7
2024-02-24 00:00:00,2.0,-3.0,8.0,24.0,170.0,2.022,1010.9999999999999,225.83333333333334,48.0,0.77,0.61,32.5,29.2,0.43,0.43,0.0,0.0,2.0,2.0,26600.0,G23_22_H7
2024-02-25 00:00:00,5.0,-1.0,9.0,26.0,6.0,2.234,1117.0,174.16666666666666,20.0,0.76,0.62,32.1,29.1,0.42,0.42,0.0,0.0,2.0,2.0,26600.0,G23_22_H7
2024-02-26 00:00:00,7.0,-3.0,10.0,5.0,9.0,2.447,1223.5,172.5,24.0,0.79,0.65,31.5,28.8,0.41,0.41,0.0,0.0,2.0,2.0,26600.0,G23_22_H7
2024-02-27 00:00:00,10.0,-2.0,11.0,9.0,37.0,2.92,1460.0,170.0,20.0,0.78,0.62,31.1,28.4,0.38,0.46,0.0,0.0,2.0,2.0,26600.0,G23_22_H7
2024-02-28 00:00:00,7.0,0.0,12.0,7.0,48.0,3.68,1840.0,142.5,24.0,0.78,0.62,30.8,28.1,0.4,0.48,0.0,0.0,2.0,2.0,26600.0,G23_22_H7
2024-02-29 00:00:00,6.0,1.0,13.0,6.0,23.0,3.91,1955.0,144.16666666666666,20.0,0.84,0.7,31.0,27.6,0.4,0.42,0.0,0.0,2.0,2.0,26600.0,G23_22_H7
2024-03-01 00:00:00,6.0,-2.0,14.0,7.0,41.0,3.99,1995.0,200.83333333333334,28.0,0.82,0.68,30.2,27.3,0.4,0.43,0.0,0.0,2.0,2.0,26600.0,G23_22_H7
2024-03-02 00:00:00,12.0,-2.0,15.0,8.0,65.0,4.43,2215.0,156.66666666666666,28.0,0.85,0.68,29.9,26.8,0.4,0.45,0.0,0.0,2.0,2.0,26600.0,G23_22_H7
2024-03-03 00:00:00,14.0,3.0,16.0,8.0,33.0,4.45,2225.0,96.0,24.0,0.87,0.71,29.8,27.0,0.34,0.46,0.0,0.0,2.0,2.0,26600.0,G23_22_H7
2024-03-04 00:00:00,10.0,7.0,17.0,6.0,60.0,4.72,2360.0,51.666666666666664,24.0,0.91,0.74,29.2,27.0,0.34,0.45,0.0,0.0,2.0,2.0,26600.0,G23_22_H7
2024-03-05 00:00:00,11.0,6.0,18.0,8.0,23.0,4.93,2465.0,39.5,20.0,0.92,0.79,29.4,26.6,0.33,0.41000000000000003,0.0,0.0,2.0,2.0,26600.0,G23_22_H7
2024-03-06 00:00:00,10.0,0.0,19.0,4.0,25.0,5.13,2565.0,52.916666666666664,24.0,0.91,0.77,28.5,26.3,0.34,0.39,0.0,0.0,2.0,2.0,26600.0,G23_22_H7
2024-03-07 00:00:00,14.0,0.0,20.0,6.0,49.0,5.38,2690.0,72.16666666666667,28.0,0.91,0.72,29.1,25.6,0.34,0.44000000000000006,0.0,0.0,2.0,2.0,26600.0,G23_22_H7
2024-03-08 00:00:00,13.0,0.0,21.0,4.0,29.0,5.74,2870.0,47.5,24.0,0.89,0.72,29.1,25.1,0.34,0.44000000000000006,0.0,0.0,2.0,2.0,26600.0,G23_22_H7
2024-03-09 00:00:00,13.0,0.0,22.0,4.0,6.0,6.09,3045.0,85.83333333333333,32.0,0.9,0.73,29.1,24.7,0.35,0.47,0.0,0.0,2.0,2.0,26600.0,G23_22_H7
2024-03-10 00:00:00,17.0,2.0,23.0,5.0,20.0,6.82,3410.0,75.0,28.0,0.91,0.74,29.7,24.6,0.37,0.51,0.0,0.0,2.0,2.0,26600.0,G23_22_H7
2024-03-11 00:00:00,21.0,7.0,24.0,7.0,22.0,6.93,3465.0,28.333333333333332,32.0,0.9,0.68,30.0,25.2,0.37,0.96,0.0,0.0,2.0,2.0,26600.0,G23_22_H7
2024-03-12 00:00:00,16.0,5.0,25.0,5.0,31.0,7.14,3570.0,23.333333333333332,32.0,0.92,0.73,28.8,24.4,0.37,0.56,0.0,0.0,2.0,2.0,26600.0,G23_22_H7
2024-03-13 00:00:00,16.0,3.0,26.0,4.0,32.0,6.98,3490.0,64.16666666666667,36.0,0.91,0.7,29.6,23.9,0.37,0.56,0.0,0.0,2.0,2.0,26600.0,G23_22_H7
2024-03-14 00:00:00,15.0,7.0,27.0,6.0,24.0,7.7,3850.0,13.833333333333334,32.0,0.97,0.84,26.9,24.1,0.36,0.43,0.0,0.0,2.0,2.0,26600.0,G23_22_H7
2024-03-15 00:00:00,19.0,3.0,28.0,7.0,26.0,8.02,4010.0,72.5,36.0,0.94,0.78,27.9,23.2,0.36,0.74,0.0,0.0,2.0,2.0,26600.0,G23_22_H7
2024-03-16 00:00:00,22.0,9.0,29.0,10.0,34.0,8.48,4240.0,55.0,40.0,0.96,0.75,28.4,23.3,0.43,1.33,0.0,0.0,2.0,3.0,26600.0,G23_22_H7
2024-02-15 00:00:00,9.0,-1.0,,0.0,0.0,0.0,0.0,0.0,0.0,0.0,0.0,0.0,0.0,0.0,0.0,0.0,0.0,0.0,0.0,26600.0,G23_22_H8
2024-02-16 00:00:00,11.0,0.0,0.0,0.0,0.0,0.0,0.0,0.0,0.0,0.0,0.0,0.0,0.0,0.0,0.0,0.0,0.0,0.0,0.0,26600.0,G23_22_H8
2024-02-17 00:00:00,18.0,5.0,1.0,11.0,0.0,0.745,372.5,203.3333,36.0,0.57,0.51,35.3,33.2,0.6,0.6,0.0,0.0,2.0,2.0,26600.0,G23_22_H8
2024-02-18 00:00:00,22.0,13.0,2.0,20.0,0.0,0.958,479.0,150.0,36.0,0.68,0.58,34.7,32.6,0.59,0.59,0.0,0.0,2.0,2.0,26600.0,G23_22_H8
2024-02-19 00:00:00,11.0,1.0,3.0,15.0,3.0,1.117,558.5,125.83333333333333,36.0,0.72,0.51,34.7,31.5,0.58,0.58,0.0,0.0,2.0,2.0,26600.0,G23_22_H8
2024-02-20 00:00:00,2.0,-1.0,4.0,7.0,3.0,1.277,638.5,261.6666666666667,44.0,0.58,0.45,33.8,31.0,0.55,0.55,0.0,0.0,2.0,2.0,26600.0,G23_22_H8
2024-02-21 00:00:00,-3.0,-1.0,5.0,18.0,7.0,1.436,718.0,258.1666666666667,68.0,0.63,0.54,33.2,30.6,0.52,0.52,0.0,0.0,2.0,2.0,26600.0,G23_22_H8
2024-02-22 00:00:00,-1.0,-5.0,6.0,15.0,8.0,1.649,824.5,255.83333333333334,44.0,0.67,0.57,32.7,30.2,0.48,0.48,0.0,0.0,2.0,2.0,26600.0,G23_22_H8
2024-02-23 00:00:00,3.0,-3.0,7.0,14.0,6.0,1.809,904.5,241.66666666666666,44.0,0.74,0.62,32.1,29.6,0.45,0.45,0.0,0.0,2.0,2.0,26600.0,G23_22_H8
2024-02-24 00:00:00,2.0,-3.0,8.0,23.0,180.0,2.022,1010.9999999999999,225.83333333333334,48.0,0.75,0.62,32.1,29.3,0.43,0.43,0.0,0.0,2.0,2.0,26600.0,G23_22_H8
2024-02-25 00:00:00,5.0,-1.0,9.0,24.0,5.0,2.234,1117.0,174.16666666666666,12.0,0.76,0.64,31.7,29.1,0.42,0.42,0.0,0.0,2.0,2.0,26600.0,G23_22_H8
2024-02-26 00:00:00,7.0,-3.0,10.0,12.0,4.0,2.447,1223.5,172.5,12.0,0.79,0.66,31.1,29.1,0.41,0.41,0.0,0.0,2.0,2.0,26600.0,G23_22_H8
2024-02-27 00:00:00,10.0,-2.0,11.0,7.0,23.0,2.926,1463.0,170.0,16.0,0.76,0.61,31.0,28.3,0.38,0.46,0.0,0.0,2.0,2.0,26600.0,G23_22_H8
2024-02-28 00:00:00,7.0,0.0,12.0,5.0,22.0,3.665,1832.5,142.5,16.0,0.76,0.61,30.7,28.3,0.4,0.48,0.0,0.0,2.0,2.0,26600.0,G23_22_H8
2024-02-29 00:00:00,6.0,1.0,13.0,6.0,36.0,3.928,1964.0,144.16666666666666,16.0,0.84,0.71,30.3,28.1,0.4,0.42,0.0,0.0,2.0,2.0,26600.0,G23_22_H8
2024-03-01 00:00:00,6.0,-2.0,14.0,7.0,30.0,3.999,1999.5,200.83333333333334,20.0,0.83,0.69,30.0,27.6,0.4,0.43,0.0,0.0,2.0,2.0,26600.0,G23_22_H8
2024-03-02 00:00:00,12.0,-2.0,15.0,9.0,56.0,4.259,2129.5,156.66666666666666,20.0,0.85,0.69,29.7,27.0,0.4,0.45,0.0,0.0,2.0,2.0,26600.0,G23_22_H8
2024-03-03 00:00:00,14.0,3.0,16.0,15.0,41.0,4.31,2155.0,96.0,20.0,0.85,0.72,29.9,27.0,0.34,0.46,0.0,0.0,2.0,2.0,26600.0,G23_22_H8
2024-03-04 00:00:00,10.0,7.0,17.0,6.0,51.0,4.457,2228.5,51.666666666666664,20.0,0.88,0.73,29.4,27.0,0.34,0.45,0.0,0.0,2.0,2.0,26600.0,G23_22_H8
2024-03-05 00:00:00,11.0,6.0,18.0,6.0,41.0,4.745,2372.5,39.5,20.0,0.88,0.78,29.0,26.7,0.33,0.41000000000000003,0.0,0.0,2.0,2.0,26600.0,G23_22_H8
2024-03-06 00:00:00,10.0,0.0,19.0,8.0,45.0,4.928,2464.0,52.916666666666664,16.0,0.88,0.76,29.3,26.3,0.34,0.39,0.0,0.0,2.0,2.0,26600.0,G23_22_H8
2024-03-07 00:00:00,14.0,0.0,20.0,10.0,113.0,5.2,2600.0,72.16666666666667,24.0,0.87,0.74,29.4,25.6,0.34,0.44000000000000006,0.0,0.0,2.0,2.0,26600.0,G23_22_H8
2024-03-08 00:00:00,13.0,0.0,21.0,8.0,110.0,5.523,2761.5,47.5,20.0,0.86,0.69,29.7,25.0,0.34,0.44000000000000006,0.0,0.0,2.0,2.0,26600.0,G23_22_H8
2024-03-09 00:00:00,13.0,0.0,22.0,6.0,68.0,5.682,2841.0,85.83333333333333,24.0,0.86,0.69,29.0,24.5,0.35,0.47,0.0,0.0,2.0,2.0,26600.0,G23_22_H8
2024-03-10 00:00:00,17.0,2.0,23.0,7.0,18.0,6.317,3158.5,75.0,28.0,0.86,0.7,29.5,24.4,0.37,0.51,0.0,0.0,2.0,2.0,26600.0,G23_22_H8
2024-03-11 00:00:00,21.0,7.0,24.0,10.0,29.0,6.338,3169.0,28.333333333333332,24.0,0.84,0.61,29.8,25.0,0.37,0.96,0.0,0.0,2.0,2.0,26600.0,G23_22_H8
2024-03-12 00:00:00,16.0,5.0,25.0,5.0,19.0,6.905,3452.5,23.333333333333332,32.0,0.85,0.68,28.8,24.5,0.37,0.56,0.0,0.0,2.0,2.0,26600.0,G23_22_H8
2024-03-13 00:00:00,16.0,3.0,26.0,7.0,40.0,6.603,3301.5,64.16666666666667,36.0,0.83,0.64,29.400000000000002,23.6,0.37,0.56,0.0,0.0,2.0,2.0,26600.0,G23_22_H8
2024-03-14 00:00:00,15.0,7.0,27.0,5.0,31.0,7.32,3660.0,13.833333333333334,24.0,0.89,0.78,27.3,24.3,0.34,0.41,0.0,0.0,2.0,2.0,26600.0,G23_22_H8
2024-03-15 00:00:00,19.0,3.0,28.0,8.0,76.0,7.112,3556.0,72.5,36.0,0.87,0.71,28.0,23.6,0.34,0.74,0.0,0.0,2.0,2.0,26600.0,G23_22_H8
2024-03-16 00:00:00,22.0,9.0,29.0,10.0,115.0,7.874,3937.0,55.0,40.0,0.88,0.69,28.8,23.4,0.43,1.33,0.0,0.0,2.0,3.0,26600.0,G23_22_H8
2024-02-15 00:00:00,9.0,-1.0,,0.0,0.0,0.0,0.0,0.0,0.0,0.0,0.0,0.0,0.0,0.0,0.0,0.0,0.0,0.0,0.0,26600.0,G23_22_H9
2024-02-16 00:00:00,11.0,0.0,0.0,0.0,0.0,0.0,0.0,0.0,0.0,0.0,0.0,0.0,0.0,0.0,0.0,0.0,0.0,0.0,0.0,26600.0,G23_22_H9
2024-02-17 00:00:00,18.0,5.0,1.0,15.0,0.0,0.745,372.5,203.3333,40.0,0.62,0.51,35.7,33.2,0.6,0.6,0.0,0.0,2.0,2.0,26600.0,G23_22_H9
2024-02-18 00:00:00,22.0,13.0,2.0,12.0,10.0,0.958,479.0,150.0,52.0,0.7,0.58,34.9,32.7,0.59,0.59,0.0,0.0,2.0,2.0,26600.0,G23_22_H9
2024-02-19 00:00:00,11.0,1.0,3.0,9.0,10.0,1.117,558.5,125.83333333333333,52.0,0.75,0.52,34.4,31.5,0.58,0.58,0.0,0.0,2.0,2.0,26600.0,G23_22_H9
2024-02-20 00:00:00,2.0,-1.0,4.0,7.0,14.0,1.277,638.5,261.6666666666667,64.0,0.6,0.47,33.7,30.7,0.55,0.55,0.0,0.0,2.0,2.0,26600.0,G23_22_H9
2024-02-21 00:00:00,-3.0,-1.0,5.0,9.0,21.0,1.436,718.0,258.1666666666667,36.0,0.64,0.53,33.0,30.5,0.52,0.52,0.0,0.0,2.0,2.0,26600.0,G23_22_H9
2024-02-22 00:00:00,-1.0,-5.0,6.0,5.0,14.0,1.649,824.5,255.83333333333334,64.0,0.69,0.58,32.6,30.0,0.48,0.48,0.0,0.0,2.0,2.0,26600.0,G23_22_H9
2024-02-23 00:00:00,3.0,-3.0,7.0,5.0,13.0,1.809,904.5,241.66666666666666,64.0,0.74,0.64,31.9,29.4,0.45,0.45,0.0,0.0,2.0,2.0,26600.0,G23_22_H9
2024-02-24 00:00:00,2.0,-3.0,8.0,16.0,126.0,2.022,1010.9999999999999,225.83333333333334,68.0,0.78,0.63,32.2,29.2,0.43,0.43,0.0,0.0,2.0,2.0,26600.0,G23_22_H9
2024-02-25 00:00:00,5.0,-1.0,9.0,12.0,8.0,2.234,1117.0,174.16666666666666,24.0,0.79,0.66,31.7,28.9,0.42,0.42,0.0,0.0,2.0,2.0,26600.0,G23_22_H9
2024-02-26 00:00:00,7.0,-3.0,10.0,10.0,7.0,2.447,1223.5,172.5,28.0,0.82,0.68,31.4,28.9,0.41,0.41,0.0,0.0,2.0,2.0,26600.0,G23_22_H9
2024-02-27 00:00:00,10.0,-2.0,11.0,2.0,19.0,2.98,1490.0,170.0,20.0,0.81,0.65,31.1,28.4,0.38,0.46,0.0,0.0,2.0,2.0,26600.0,G23_22_H9
2024-02-28 00:00:00,7.0,0.0,12.0,5.0,28.0,3.75,1875.0,142.5,36.0,0.81,0.65,30.8,28.3,0.4,0.48,0.0,0.0,2.0,2.0,26600.0,G23_22_H9
2024-02-29 00:00:00,6.0,1.0,13.0,9.0,55.0,3.98,1990.0,144.16666666666666,28.0,0.87,0.74,30.7,27.6,0.4,0.42,0.0,0.0,2.0,2.0,26600.0,G23_22_H9
2024-03-01 00:00:00,6.0,-2.0,14.0,8.0,45.0,4.11,2055.0,200.83333333333334,40.0,0.85,0.7,30.5,27.5,0.4,0.43,0.0,0.0,2.0,2.0,26600.0,G23_22_H9
2024-03-02 00:00:00,12.0,-2.0,15.0,4.0,32.0,4.28,2140.0,156.66666666666666,32.0,0.88,0.74,29.9,26.8,0.4,0.45,0.0,0.0,2.0,2.0,26600.0,G23_22_H9
2024-03-03 00:00:00,14.0,3.0,16.0,4.0,42.0,4.58,2290.0,96.0,28.0,0.9,0.75,30.0,26.8,0.34,0.46,0.0,0.0,2.0,2.0,26600.0,G23_22_H9
2024-03-04 00:00:00,10.0,7.0,17.0,5.0,21.0,4.84,2420.0,51.666666666666664,28.0,0.92,0.76,29.8,26.6,0.34,0.45,0.0,0.0,2.0,2.0,26600.0,G23_22_H9
2024-03-05 00:00:00,11.0,6.0,18.0,4.0,22.0,5.16,2580.0,39.5,28.0,0.93,0.82,29.0,26.5,0.33,0.41000000000000003,0.0,0.0,2.0,2.0,26600.0,G23_22_H9
2024-03-06 00:00:00,10.0,0.0,19.0,3.0,34.0,5.35,2675.0,52.916666666666664,28.0,0.92,0.79,28.5,26.2,0.34,0.39,0.0,0.0,2.0,2.0,26600.0,G23_22_H9
2024-03-07 00:00:00,14.0,0.0,20.0,9.0,27.0,5.72,2860.0,72.16666666666667,32.0,0.93,0.78,29.7,25.5,0.34,0.44000000000000006,0.0,0.0,2.0,2.0,26600.0,G23_22_H9
2024-03-08 00:00:00,13.0,0.0,21.0,7.0,39.0,6.27,3135.0,47.5,32.0,0.9,0.76,29.8,25.1,0.34,0.44000000000000006,0.0,0.0,2.0,2.0,26600.0,G23_22_H9
2024-03-09 00:00:00,13.0,0.0,22.0,6.0,31.0,6.43,3215.0,85.83333333333333,36.0,0.92,0.78,29.1,24.8,0.35,0.47,0.0,0.0,2.0,2.0,26600.0,G23_22_H9
2024-03-10 00:00:00,17.0,2.0,23.0,5.0,51.0,6.91,3455.0,75.0,36.0,0.92,0.76,29.2,24.5,0.37,0.51,0.0,0.0,2.0,2.0,26600.0,G23_22_H9
2024-03-11 00:00:00,21.0,7.0,24.0,4.0,41.0,7.24,3620.0,28.333333333333332,40.0,0.9,0.67,30.2,25.1,0.37,0.96,0.0,0.0,2.0,2.0,26600.0,G23_22_H9
2024-03-12 00:00:00,16.0,5.0,25.0,9.0,48.0,7.54,3770.0,23.333333333333332,44.0,0.91,0.74,28.6,24.7,0.37,0.56,0.0,0.0,2.0,2.0,26600.0,G23_22_H9
2024-03-13 00:00:00,16.0,3.0,26.0,6.0,43.0,7.28,3640.0,64.16666666666667,48.0,0.9,0.71,29.700000000000003,23.8,0.37,0.56,0.0,0.0,2.0,2.0,26600.0,G23_22_H9
2024-03-14 00:00:00,15.0,7.0,27.0,13.0,37.0,8.14,4070.0000000000005,13.833333333333334,40.0,0.96,0.82,27.4,24.2,0.36,0.43,0.0,0.0,2.0,2.0,26600.0,G23_22_H9
2024-03-15 00:00:00,19.0,3.0,28.0,6.0,48.0,8.54,4270.0,72.5,52.0,0.94,0.77,28.4,23.1,0.36,0.74,0.0,0.0,2.0,2.0,26600.0,G23_22_H9
2024-03-16 00:00:00,22.0,9.0,29.0,8.0,70.0,8.79,4395.0,55.0,56.0,0.96,0.73,29.0,23.3,0.43,1.33,0.0,0.0,2.0,3.0,26600.0,G23_22_H9
2024-02-15 00:00:00,9.0,-1.0,,0.0,0.0,0.0,0.0,0.0,0.0,0.0,0.0,0.0,0.0,0.0,0.0,0.0,0.0,0.0,0.0,28100.0,G23_22_H10
2024-02-16 00:00:00,11.0,0.0,0.0,0.0,0.0,0.0,0.0,0.0,0.0,0.0,0.0,0.0,0.0,0.0,0.0,0.0,0.0,0.0,0.0,28100.0,G23_22_H10
2024-02-17 00:00:00,18.0,5.0,1.0,15.0,3.0,0.784,392.0,203.3333,40.0,0.54,0.46,35.2,33.3,0.6,0.6,0.0,0.0,2.0,2.0,28100.0,G23_22_H10
2024-02-18 00:00:00,22.0,13.0,2.0,19.0,3.0,1.008,504.0,150.0,24.0,0.64,0.53,35.2,32.9,0.59,0.59,0.0,0.0,2.0,2.0,28100.0,G23_22_H10
2024-02-19 00:00:00,11.0,1.0,3.0,17.0,6.0,1.176,588.0,125.83333333333333,28.0,0.68,0.45,34.8,31.5,0.58,0.58,0.0,0.0,2.0,2.0,28100.0,G23_22_H10
2024-02-20 00:00:00,2.0,-1.0,4.0,8.0,5.0,1.344,672.0,261.6666666666667,56.0,0.57,0.41,34.1,30.9,0.55,0.55,0.0,0.0,2.0,2.0,28100.0,G23_22_H10
2024-02-21 00:00:00,-3.0,-1.0,5.0,11.0,14.0,1.512,756.0,258.1666666666667,36.0,0.63,0.46,33.5,30.6,0.52,0.52,0.0,0.0,2.0,2.0,28100.0,G23_22_H10
2024-02-22 00:00:00,-1.0,-5.0,6.0,16.0,15.0,1.736,868.0,255.83333333333334,80.0,0.65,0.48,33.2,30.2,0.48,0.48,0.0,0.0,2.0,2.0,28100.0,G23_22_H10
2024-02-23 00:00:00,3.0,-3.0,7.0,13.0,9.0,1.904,952.0,241.66666666666666,80.0,0.69,0.57,32.4,29.6,0.45,0.45,0.0,0.0,2.0,2.0,28100.0,G23_22_H10
2024-02-24 00:00:00,2.0,-3.0,8.0,22.0,151.0,2.128,1064.0,225.83333333333334,64.0,0.72,0.56,32.1,29.4,0.43,0.43,0.0,0.0,2.0,2.0,28100.0,G23_22_H10
2024-02-25 00:00:00,5.0,-1.0,9.0,15.0,17.0,2.352,1176.0,174.16666666666666,28.0,0.73,0.59,32.0,29.2,0.42,0.42,0.0,0.0,2.0,2.0,28100.0,G23_22_H10
2024-02-26 00:00:00,7.0,-3.0,10.0,4.0,7.0,2.576,1288.0,172.5,28.0,0.76,0.61,31.2,29.1,0.41,0.41,0.0,0.0,2.0,2.0,28100.0,G23_22_H10
2024-02-27 00:00:00,10.0,-2.0,11.0,6.0,16.0,3.0,1500.0,170.0,28.0,0.76,0.6,31.2,28.6,0.38,0.46,0.0,0.0,2.0,2.0,28100.0,G23_22_H10
2024-02-28 00:00:00,7.0,0.0,12.0,6.0,18.0,3.84,1920.0,142.5,28.0,0.76,0.6,30.8,28.3,0.4,0.47,0.0,0.0,2.0,2.0,28100.0,G23_22_H10
2024-02-29 00:00:00,6.0,1.0,13.0,12.0,62.0,4.24,2120.0,144.16666666666666,28.0,0.81,0.68,30.4,27.7,0.4,0.42,0.0,0.0,2.0,2.0,28100.0,G23_22_H10
2024-03-01 00:00:00,6.0,-2.0,14.0,15.0,62.0,4.34,2170.0,200.83333333333334,36.0,0.8,0.63,30.5,27.4,0.4,0.43,0.0,0.0,2.0,2.0,28100.0,G23_22_H10
2024-03-02 00:00:00,12.0,-2.0,15.0,16.0,34.0,4.68,2340.0,156.66666666666666,32.0,0.83,0.64,29.8,26.7,0.4,0.45,0.0,0.0,2.0,2.0,28100.0,G23_22_H10
2024-03-03 00:00:00,14.0,3.0,16.0,14.0,93.0,4.73,2365.0,96.0,20.0,0.84,0.67,29.8,26.9,0.34,0.46,0.0,0.0,2.0,2.0,28100.0,G23_22_H10
2024-03-04 00:00:00,10.0,7.0,17.0,15.0,53.0,4.93,2465.0,51.666666666666664,28.0,0.88,0.69,29.1,27.0,0.34,0.45,0.0,0.0,2.0,2.0,28100.0,G23_22_H10
2024-03-05 00:00:00,11.0,6.0,18.0,17.0,44.0,5.14,2570.0,39.5,24.0,0.87,0.76,29.1,26.7,0.33,0.41000000000000003,0.0,0.0,2.0,2.0,28100.0,G23_22_H10
2024-03-06 00:00:00,10.0,0.0,19.0,10.0,61.0,5.39,2695.0,52.916666666666664,28.0,0.86,0.73,28.6,26.5,0.34,0.39,0.0,0.0,2.0,2.0,28100.0,G23_22_H10
2024-03-07 00:00:00,14.0,0.0,20.0,9.0,78.0,5.91,2955.0,72.16666666666667,29.6,0.85,0.69,29.1,25.5,0.34,0.44000000000000006,0.0,0.0,2.0,2.0,28100.0,G23_22_H10
2024-03-08 00:00:00,13.0,0.0,21.0,8.0,36.0,6.18,3090.0,47.5,36.0,0.84,0.67,29.4,24.9,0.34,0.44000000000000006,0.0,0.0,2.0,2.0,28100.0,G23_22_H10
2024-03-09 00:00:00,13.0,0.0,22.0,11.0,53.0,6.36,3180.0,85.83333333333333,36.0,0.83,0.67,28.4,24.5,0.35,0.47,0.0,0.0,2.0,2.0,28100.0,G23_22_H10
2024-03-10 00:00:00,17.0,2.0,23.0,9.0,47.0,6.9,3450.0,75.0,36.0,0.85,0.67,29.0,24.5,0.37,0.51,0.0,0.0,2.0,2.0,28100.0,G23_22_H10
2024-03-11 00:00:00,21.0,7.0,24.0,6.0,46.0,6.91,3455.0,28.333333333333332,40.0,0.83,0.6,30.0,24.9,0.37,0.96,0.0,0.0,2.0,2.0,28100.0,G23_22_H10
2024-03-12 00:00:00,16.0,5.0,25.0,9.0,69.0,7.71,3855.0,23.333333333333332,44.0,0.85,0.67,28.5,24.6,0.37,0.56,0.0,0.0,2.0,2.0,28100.0,G23_22_H10
2024-03-13 00:00:00,16.0,3.0,26.0,8.0,49.0,7.71,3855.0,64.16666666666667,36.0,0.84,0.62,29.0,23.6,0.37,0.56,0.0,0.0,2.0,2.0,28100.0,G23_22_H10
2024-03-14 00:00:00,15.0,7.0,27.0,6.0,27.0,8.23,4115.0,13.833333333333334,64.0,0.9,0.75,27.0,24.3,0.34,0.41,0.0,0.0,2.0,2.0,28100.0,G23_22_H10
2024-03-15 00:00:00,19.0,3.0,28.0,5.0,28.0,8.54,4270.0,72.5,48.0,0.88,0.72,28.6,23.6,0.34,0.65,0.0,0.0,2.0,2.0,28100.0,G23_22_H10
2024-03-16 00:00:00,22.0,9.0,29.0,10.0,33.0,8.59,4295.0,55.0,56.0,0.89,0.69,29.0,23.5,0.41,1.27,0.0,0.0,2.0,3.0,28100.0,G23_22_H10
2024-02-15 00:00:00,9.0,-1.0,,0.0,0.0,0.0,0.0,0.0,0.0,0.0,0.0,0.0,0.0,0.0,0.0,0.0,0.0,0.0,0.0,28200.0,G23_22_H11
2024-02-16 00:00:00,11.0,0.0,0.0,0.0,0.0,0.0,0.0,0.0,0.0,0.0,0.0,0.0,0.0,0.0,0.0,0.0,0.0,0.0,0.0,28200.0,G23_22_H11
2024-02-17 00:00:00,18.0,5.0,1.0,16.0,5.0,0.784,392.0,203.3333,40.0,0.52,0.44,35.8,33.3,0.6,0.6,0.0,0.0,2.0,2.0,28200.0,G23_22_H11
2024-02-18 00:00:00,22.0,13.0,2.0,31.0,12.0,1.008,504.0,150.0,48.0,0.59,0.51,35.5,33.0,0.59,0.59,0.0,0.0,2.0,2.0,28200.0,G23_22_H11
2024-02-19 00:00:00,11.0,1.0,3.0,21.0,13.0,1.176,588.0,125.83333333333333,52.0,0.6,0.46,35.1,31.5,0.58,0.58,0.0,0.0,2.0,2.0,28200.0,G23_22_H11
2024-02-20 00:00:00,2.0,-1.0,4.0,23.0,29.0,1.344,672.0,261.6666666666667,60.0,0.56,0.42,34.0,30.7,0.55,0.55,0.0,0.0,2.0,2.0,28200.0,G23_22_H11
2024-02-21 00:00:00,-3.0,-1.0,5.0,22.0,31.0,1.512,756.0,258.1666666666667,64.0,0.59,0.45,33.7,30.5,0.52,0.52,0.0,0.0,2.0,2.0,28200.0,G23_22_H11
2024-02-22 00:00:00,-1.0,-5.0,6.0,11.0,23.0,1.736,868.0,255.83333333333334,60.0,0.61,0.47,33.4,30.3,0.48,0.48,0.0,0.0,2.0,2.0,28200.0,G23_22_H11
2024-02-23 00:00:00,3.0,-3.0,7.0,31.0,10.0,1.904,952.0,241.66666666666666,60.0,0.64,0.52,32.7,29.7,0.45,0.45,0.0,0.0,2.0,2.0,28200.0,G23_22_H11
2024-02-24 00:00:00,2.0,-3.0,8.0,18.0,195.0,2.128,1064.0,225.83333333333334,56.0,0.67,0.53,32.6,29.4,0.43,0.43,0.0,0.0,2.0,2.0,28200.0,G23_22_H11
2024-02-25 00:00:00,5.0,-1.0,9.0,14.0,15.0,2.352,1176.0,174.16666666666666,40.0,0.67,0.54,32.2,29.3,0.42,0.42,0.0,0.0,2.0,2.0,28200.0,G23_22_H11
2024-02-26 00:00:00,7.0,-3.0,10.0,12.0,28.0,2.576,1288.0,172.5,20.0,0.72,0.6,31.8,29.1,0.41,0.41,0.0,0.0,2.0,2.0,28200.0,G23_22_H11
2024-02-27 00:00:00,10.0,-2.0,11.0,9.0,22.0,3.08,1540.0,170.0,28.0,0.7,0.56,31.3,28.6,0.38,0.46,0.0,0.0,2.0,2.0,28200.0,G23_22_H11
2024-02-28 00:00:00,7.0,0.0,12.0,6.0,26.0,3.87,1935.0,142.5,28.0,0.7,0.56,30.9,28.5,0.4,0.47,0.0,0.0,2.0,2.0,28200.0,G23_22_H11
2024-02-29 00:00:00,6.0,1.0,13.0,11.0,48.0,4.04,2020.0,144.16666666666666,28.0,0.77,0.61,30.6,27.8,0.4,0.42,0.0,0.0,2.0,2.0,28200.0,G23_22_H11
2024-03-01 00:00:00,6.0,-2.0,14.0,9.0,58.0,4.18,2090.0,200.83333333333334,28.0,0.75,0.56,30.3,27.4,0.4,0.43,0.0,0.0,2.0,2.0,28200.0,G23_22_H11
2024-03-02 00:00:00,12.0,-2.0,15.0,17.0,79.0,4.46,2230.0,156.66666666666666,32.0,0.75,0.58,30.0,27.2,0.4,0.45,0.0,0.0,2.0,2.0,28200.0,G23_22_H11
2024-03-03 00:00:00,14.0,3.0,16.0,9.0,49.0,4.54,2270.0,96.0,44.0,0.78,0.56,29.9,26.9,0.34,0.46,0.0,0.0,2.0,2.0,28200.0,G23_22_H11
2024-03-04 00:00:00,10.0,7.0,17.0,14.0,52.0,4.84,2420.0,51.666666666666664,28.0,0.83,0.6,29.7,26.7,0.34,0.45,0.0,0.0,2.0,2.0,28200.0,G23_22_H11
2024-03-05 00:00:00,11.0,6.0,18.0,12.0,65.0,5.01,2505.0,39.5,24.0,0.83,0.67,29.0,26.8,0.33,0.41000000000000003,0.0,0.0,2.0,2.0,28200.0,G23_22_H11
2024-03-06 00:00:00,10.0,0.0,19.0,11.0,88.0,5.23,2615.0,52.916666666666664,32.0,0.81,0.63,28.9,26.4,0.34,0.39,0.0,0.0,2.0,2.0,28200.0,G23_22_H11
2024-03-07 00:00:00,14.0,0.0,20.0,17.0,93.0,5.69,2845.0,72.16666666666667,32.0,0.81,0.59,29.1,25.7,0.34,0.44000000000000006,0.0,0.0,2.0,2.0,28200.0,G23_22_H11
2024-03-08 00:00:00,13.0,0.0,21.0,12.0,74.0,5.82,2910.0,47.5,36.0,0.78,0.58,29.4,24.9,0.34,0.44000000000000006,0.0,0.0,2.0,2.0,28200.0,G23_22_H11
2024-03-09 00:00:00,13.0,0.0,22.0,13.0,43.0,6.38,3190.0,85.83333333333333,36.0,0.8,0.58,28.8,24.7,0.35,0.47,0.0,0.0,2.0,2.0,28200.0,G23_22_H11
2024-03-10 00:00:00,17.0,2.0,23.0,11.0,38.0,6.58,3290.0,75.0,36.0,0.81,0.58,28.799999999999997,24.4,0.37,0.51,0.0,0.0,2.0,2.0,28200.0,G23_22_H11
2024-03-11 00:00:00,21.0,7.0,24.0,18.0,61.0,6.55,3275.0,28.333333333333332,36.0,0.77,0.54,29.6,25.0,0.37,0.96,0.0,0.0,2.0,2.0,28200.0,G23_22_H11
2024-03-12 00:00:00,16.0,5.0,25.0,12.0,61.0,6.82,3410.0,23.333333333333332,52.0,0.8,0.58,28.4,24.5,0.37,0.56,0.0,0.0,2.0,2.0,28200.0,G23_22_H11
2024-03-13 00:00:00,16.0,3.0,26.0,14.0,58.0,7.09,3545.0,64.16666666666667,44.0,0.8,0.55,29.1,23.7,0.37,0.56,0.0,0.0,2.0,2.0,28200.0,G23_22_H11
2024-03-14 00:00:00,15.0,7.0,27.0,11.0,44.0,7.5,3750.0,13.833333333333334,48.0,0.85,0.65,27.3,24.6,0.34,0.41,0.0,0.0,2.0,2.0,28200.0,G23_22_H11
2024-03-15 00:00:00,19.0,3.0,28.0,13.0,54.0,7.48,3740.0,72.5,40.0,0.83,0.61,28.2,23.5,0.34,0.65,0.0,0.0,2.0,2.0,28200.0,G23_22_H11
2024-03-16 00:00:00,22.0,9.0,29.0,17.0,73.0,8.38,4190.0,55.0,68.0,0.83,0.6,28.9,23.4,0.41,1.27,0.0,0.0,2.0,3.0,28200.0,G23_22_H11
2024-02-15 00:00:00,9.0,-1.0,,0.0,0.0,0.0,0.0,0.0,0.0,0.0,0.0,0.0,0.0,0.0,0.0,0.0,0.0,0.0,0.0,27900.0,G23_22_H12
2024-02-16 00:00:00,11.0,0.0,0.0,0.0,0.0,0.0,0.0,0.0,0.0,0.0,0.0,0.0,0.0,0.0,0.0,0.0,0.0,0.0,0.0,27900.0,G23_22_H12
2024-02-17 00:00:00,18.0,5.0,1.0,8.0,4.0,0.784,392.0,203.3333,40.0,0.5,0.4,35.7,33.3,0.6,0.6,0.0,0.0,2.0,2.0,27900.0,G23_22_H12
2024-02-18 00:00:00,22.0,13.0,2.0,17.0,7.0,1.008,504.0,150.0,52.0,0.58,0.5,35.4,32.9,0.59,0.59,0.0,0.0,2.0,2.0,27900.0,G23_22_H12
2024-02-19 00:00:00,11.0,1.0,3.0,13.0,27.0,1.176,588.0,125.83333333333333,24.0,0.6,0.45,34.6,31.7,0.58,0.58,0.0,0.0,2.0,2.0,27900.0,G23_22_H12
2024-02-20 00:00:00,2.0,-1.0,4.0,14.0,20.0,1.344,672.0,261.6666666666667,64.0,0.59,0.44,33.7,31.1,0.55,0.55,0.0,0.0,2.0,2.0,27900.0,G23_22_H12
2024-02-21 00:00:00,-3.0,-1.0,5.0,15.0,34.0,1.512,756.0,258.1666666666667,20.0,0.59,0.46,33.3,30.6,0.52,0.52,0.0,0.0,2.0,2.0,27900.0,G23_22_H12
2024-02-22 00:00:00,-1.0,-5.0,6.0,12.0,55.0,1.736,868.0,255.83333333333334,84.0,0.64,0.51,33.0,30.4,0.48,0.48,0.0,0.0,2.0,2.0,27900.0,G23_22_H12
2024-02-23 00:00:00,3.0,-3.0,7.0,13.0,23.0,1.904,952.0,241.66666666666666,84.0,0.66,0.53,32.5,29.7,0.45,0.45,0.0,0.0,2.0,2.0,27900.0,G23_22_H12
2024-02-24 00:00:00,2.0,-3.0,8.0,19.0,145.0,2.128,1064.0,225.83333333333334,44.0,0.69,0.55,32.3,29.3,0.43,0.43,0.0,0.0,2.0,2.0,27900.0,G23_22_H12
2024-02-25 00:00:00,5.0,-1.0,9.0,18.0,4.0,2.352,1176.0,174.16666666666666,40.0,0.68,0.56,32.0,29.1,0.42,0.42,0.0,0.0,2.0,2.0,27900.0,G23_22_H12
2024-02-26 00:00:00,7.0,-3.0,10.0,9.0,17.0,2.576,1288.0,172.5,40.0,0.73,0.58,31.7,29.1,0.41,0.41,0.0,0.0,2.0,2.0,27900.0,G23_22_H12
2024-02-27 00:00:00,10.0,-2.0,11.0,13.0,31.0,3.03,1515.0,170.0,40.0,0.72,0.58,31.3,28.5,0.38,0.46,0.0,0.0,2.0,2.0,27900.0,G23_22_H12
2024-02-28 00:00:00,7.0,0.0,12.0,12.0,37.0,3.98,1990.0,142.5,36.0,0.72,0.58,30.8,28.4,0.4,0.47,0.0,0.0,2.0,2.0,27900.0,G23_22_H12
2024-02-29 00:00:00,6.0,1.0,13.0,8.0,34.0,4.18,2090.0,144.16666666666666,24.0,0.78,0.62,30.3,27.7,0.4,0.42,0.0,0.0,2.0,2.0,27900.0,G23_22_H12
2024-03-01 00:00:00,6.0,-2.0,14.0,13.0,86.0,4.28,2140.0,200.83333333333334,20.0,0.75,0.6,30.5,27.5,0.4,0.43,0.0,0.0,2.0,2.0,27900.0,G23_22_H12
2024-03-02 00:00:00,12.0,-2.0,15.0,16.0,86.0,4.53,2265.0,156.66666666666666,12.0,0.77,0.61,29.8,26.8,0.4,0.45,0.0,0.0,2.0,2.0,27900.0,G23_22_H12
2024-03-03 00:00:00,14.0,3.0,16.0,18.0,42.0,4.57,2285.0,96.0,20.0,0.8,0.59,29.7,26.9,0.34,0.46,0.0,0.0,2.0,2.0,27900.0,G23_22_H12
2024-03-04 00:00:00,10.0,7.0,17.0,23.0,63.0,4.84,2420.0,51.666666666666664,8.0,0.8,0.62,29.6,26.7,0.34,0.45,0.0,0.0,2.0,2.0,27900.0,G23_22_H12
2024-03-05 00:00:00,11.0,6.0,18.0,12.0,49.0,5.03,2515.0,39.5,12.0,0.8,0.65,29.0,26.5,0.33,0.41000000000000003,0.0,0.0,2.0,2.0,27900.0,G23_22_H12
2024-03-06 00:00:00,10.0,0.0,19.0,13.0,65.0,5.29,2645.0,52.916666666666664,20.0,0.8,0.63,28.8,26.2,0.34,0.39,0.0,0.0,2.0,2.0,27900.0,G23_22_H12
2024-03-07 00:00:00,14.0,0.0,20.0,14.0,75.0,5.65,2825.0,72.16666666666667,8.0,0.75,0.6,28.7,25.3,0.34,0.44000000000000006,0.0,0.0,2.0,2.0,27900.0,G23_22_H12
2024-03-08 00:00:00,13.0,0.0,21.0,11.0,40.0,5.83,2915.0,47.5,20.0,0.76,0.61,29.0,25.0,0.34,0.44000000000000006,0.0,0.0,2.0,2.0,27900.0,G23_22_H12
2024-03-09 00:00:00,13.0,0.0,22.0,12.0,23.0,6.36,3180.0,85.83333333333333,28.0,0.76,0.61,29.0,24.6,0.35,0.47,0.0,0.0,2.0,2.0,27900.0,G23_22_H12
2024-03-10 00:00:00,17.0,2.0,23.0,11.0,28.0,6.78,3390.0,75.0,32.0,0.78,0.64,28.9,24.5,0.37,0.51,0.0,0.0,2.0,2.0,27900.0,G23_22_H12
2024-03-11 00:00:00,21.0,7.0,24.0,9.0,31.0,7.15,3575.0,28.333333333333332,20.0,0.76,0.57,30.2,25.1,0.37,0.96,0.0,0.0,2.0,2.0,27900.0,G23_22_H12
2024-03-12 00:00:00,16.0,5.0,25.0,12.0,70.0,7.82,3910.0,23.333333333333332,44.0,0.76,0.63,28.7,24.6,0.37,0.56,0.0,0.0,2.0,2.0,27900.0,G23_22_H12
2024-03-13 00:00:00,16.0,3.0,26.0,11.0,55.0,7.97,3985.0,64.16666666666667,20.0,0.77,0.59,29.3,23.7,0.37,0.56,0.0,0.0,2.0,2.0,27900.0,G23_22_H12
2024-03-14 00:00:00,15.0,7.0,27.0,13.0,65.0,7.69,3845.0,13.833333333333334,32.0,0.85,0.69,27.3,24.3,0.34,0.41,0.0,0.0,2.0,2.0,27900.0,G23_22_H12
2024-03-15 00:00:00,19.0,3.0,28.0,17.0,28.0,8.35,4175.0,72.5,24.0,0.81,0.67,28.3,23.5,0.34,0.65,0.0,0.0,2.0,2.0,27900.0,G23_22_H12
2024-03-16 00:00:00,22.0,9.0,29.0,9.0,24.0,8.63,4315.0,55.0,48.0,0.82,0.64,28.7,23.4,0.41,1.27,0.0,0.0,2.0,3.0,27900.0,G23_22_H12
2024-01-28 00:00:00,12.0,0.0,2.0,22.0,21.0,1.12,560.0,787.0,56.0,0.6,0.48,34.9,32.3,0.52,0.52,0.0,0.0,1.0,1.0,36200.0,G31_58_H3
2024-01-29 00:00:00,13.0,1.0,3.0,18.0,32.0,1.52,760.0,358.0,60.0,0.63,0.54,34.2,31.6,0.51,0.51,0.0,0.0,1.0,1.0,36200.0,G31_58_H3
2024-01-30 00:00:00,11.0,4.0,4.0,15.0,55.0,1.63,815.0,247.0,56.0,0.68,0.58,33.3,31.2,0.52,0.52,0.0,0.0,1.0,1.0,36200.0,G31_58_H3
2024-01-31 00:00:00,8.0,0.0,5.0,12.0,31.0,1.78,890.0,247.0,56.0,0.7,0.64,32.6,30.3,0.52,0.52,0.0,0.0,1.0,1.0,36200.0,G31_58_H3
2024-02-01 00:00:00,1.0,-2.0,6.0,11.0,28.0,2.0,1000.0,307.0,64.0,0.67,0.59,31.6,29.5,0.5,0.5,0.0,0.0,1.5,1.5,36200.0,G31_58_H3
2024-02-02 00:00:00,0.0,-2.0,7.0,10.0,15.0,2.24,1120.0,386.0,72.0,0.66,0.6,31.1,29.0,0.43,0.43,0.0,0.0,1.5,1.5,36200.0,G31_58_H3
2024-02-03 00:00:00,0.0,-1.0,8.0,28.0,173.0,2.58,1290.0,374.0,76.0,0.68,0.59,30.9,28.6,0.42,0.42,0.0,0.0,1.5,1.5,36200.0,G31_58_H3
2024-02-04 00:00:00,0.0,-5.0,9.0,50.0,3.0,2.34,1170.0,341.0,64.0,0.65,0.56,30.5,28.3,0.41,0.41,0.0,0.0,1.5,1.5,36200.0,G31_58_H3
2024-02-05 00:00:00,-1.0,-10.0,10.0,11.0,13.0,3.12,1560.0,350.0,40.0,0.68,0.56,30.3,27.9,0.4,0.4,0.0,0.0,1.5,1.5,36200.0,G31_58_H3
2024-02-06 00:00:00,0.0,-5.0,11.0,8.0,15.0,3.87,1935.0,333.0,44.0,0.72,0.59,30.2,27.9,0.35,0.35,0.0,0.0,1.5,1.5,36200.0,G31_58_H3
2024-02-07 00:00:00,2.0,-4.0,12.0,8.0,26.0,4.28,2140.0,279.0,40.0,0.75,0.62,29.9,27.9,0.34,0.34,0.0,0.0,1.5,1.5,36200.0,G31_58_H3
2024-02-08 00:00:00,6.0,-2.0,13.0,5.0,21.0,4.72,2360.0,235.0,40.0,0.76,0.64,29.7,27.5,0.33,0.33,0.0,0.0,1.5,1.5,36200.0,G31_58_H3
2024-02-09 00:00:00,9.0,-1.0,14.0,5.0,20.0,5.11,2555.0,211.0,40.0,0.76,0.65,29.4,27.4,0.34,0.34,0.0,0.0,1.5,1.5,36200.0,G31_58_H3
2024-02-10 00:00:00,14.0,0.0,15.0,8.0,21.0,5.34,2670.0,150.0,40.0,0.76,0.65,28.9,27.0,0.35,0.37,0.0,0.0,1.5,1.5,36200.0,G31_58_H3
2024-02-11 00:00:00,15.0,2.0,16.0,5.0,19.0,6.02,3010.0,97.0,36.0,0.77,0.66,28.5,26.5,0.36,0.36,0.0,0.0,1.5,2.0,36200.0,G31_58_H3
2024-02-12 00:00:00,19.0,6.0,17.0,6.0,22.0,6.4,3200.0,101.0,36.0,0.76,0.62,28.5,25.9,0.35,0.6,0.0,0.0,2.0,2.0,36200.0,G31_58_H3
2024-02-13 00:00:00,21.0,8.0,18.0,5.0,26.0,7.0,3500.0,60.0,32.0,0.76,0.62,28.5,25.9,0.34,0.6,0.0,0.0,2.0,2.0,36200.0,G31_58_H3
2024-02-14 00:00:00,22.0,4.0,19.0,6.0,26.0,7.27,3635.0,28.0,32.0,0.77,0.61,29.0,26.1,0.34,0.6,0.0,0.0,2.0,2.0,36200.0,G31_58_H3
2024-02-15 00:00:00,9.0,-1.0,20.0,7.0,35.0,8.2,4100.0,50.0,40.0,0.75,0.68,28.0,25.8,0.35,0.45,0.0,0.0,2.0,2.0,36200.0,G31_58_H3
2024-02-16 00:00:00,11.0,0.0,21.0,5.0,16.0,8.03,4014.9999999999995,148.0,48.0,0.74,0.61,26.9,24.4,0.35,0.45,0.0,0.0,2.0,2.0,36200.0,G31_58_H3
2024-02-17 00:00:00,18.0,5.0,22.0,6.0,21.0,8.27,4135.0,109.0,44.0,0.74,0.61,27.9,24.8,0.35,0.7,0.0,0.0,2.0,2.0,36200.0,G31_58_H3
2024-02-18 00:00:00,22.0,13.0,23.0,5.0,27.0,8.51,4255.0,10.0,40.0,0.77,0.67,28.9,25.7,0.35,0.72,0.0,0.0,2.0,2.0,36200.0,G31_58_H3
2024-02-19 00:00:00,11.0,1.0,24.0,4.0,23.0,9.36,4680.0,3.0,56.0,0.77,0.73,28.3,24.7,0.36,0.36,0.0,0.0,2.0,2.0,36200.0,G31_58_H3
2024-02-20 00:00:00,2.0,-1.0,25.0,5.0,20.0,9.24,4620.0,151.0,48.0,0.77,0.65,26.8,24.1,0.29,0.29,0.0,0.0,2.0,2.0,36200.0,G31_58_H3
2024-02-21 00:00:00,-1.0,-3.0,26.0,7.0,24.0,10.11,5055.0,198.0,52.0,0.77,0.65,26.7,23..8,0.27,0.27,0.0,0.0,2.0,2.0,36200.0,G31_58_H3
2024-02-22 00:00:00,0.0,-3.0,27.0,6.0,9.0,9.73,4865.0,221.0,64.0,0.77,0.63,26.6,23.5,0.24,0.24,0.0,0.0,2.0,2.0,36200.0,G31_58_H3
2024-02-23 00:00:00,1.0,-3.0,28.0,9.0,23.0,10.45,5225.0,182.0,60.0,0.77,0.67,26.4,23.6,0.26,0.26,0.0,0.0,2.0,2.0,36200.0,G31_58_H3
2024-02-24 00:00:00,1.0,-3.0,29.0,7.0,10.0,10.64,5320.0,132.0,60.0,0.77,0.67,26.6,23.3,0.25,0.25,0.0,0.0,2.0,2.0,36200.0,G31_58_H3
2024-02-25 00:00:00,5.0,-2.0,30.0,8.0,12.0,11.58,5790.0,123.0,52.0,0.77,0.68,26.4,23.3,0.225,0.225,0.0,0.0,2.0,2.0,36200.0,G31_58_H3
2024-02-26 00:00:00,7.0,-2.0,31.0,13.0,7.0,12.19,6095.0,60.0,48.0,0.77,0.68,26.9,23.4,0.26,0.28,0.0,0.0,2.0,2.0,36200.0,G31_58_H3
2024-02-27 00:00:00,7.0,0.0,32.0,20.0,9.0,12.36,6180.0,41.0,48.0,0.77,0.68,26.1,22.7,0.26,0.3,0.0,0.0,2.0,2.0,36200.0,G31_58_H3
2024-02-28 00:00:00,7.0,2.0,33.0,29.0,9.0,11.87,5935.0,37.0,82.0,0.77,0.7,25.5,22.4,0.25,0.25,0.0,0.0,2.0,2.0,36200.0,G31_58_H3
2024-02-29 00:00:00,3.0,-1.0,34.0,58.0,7.0,11.56,5780.0,27.0,48.0,0.77,0.73,25.9,22.5,0.25,0.25,0.0,0.0,2.0,2.0,36200.0,G31_58_H3
2024-03-01 00:00:00,6.0,0.0,35.0,65.0,9.0,11.72,5860.0,27.0,48.0,0.77,0.69,25.2,21.4,0.25,0.27,0.0,0.0,2.0,2.0,36200.0,G31_58_H3
2024-03-02 00:00:00,11.0,1.0,36.0,58.0,4.0,11.22,5610.0,54.0,52.0,0.77,0.66,24.7,20.9,0.24,0.32,0.0,0.0,2.0,2.0,36200.0,G31_58_H3
2024-03-03 00:00:00,14.0,4.0,37.0,87.0,9.0,12.04,6020.0,9.0,56.0,0.77,0.65,24.5,21.1,0.24,0.29,0.0,0.0,2.0,2.0,36200.0,G31_58_H3
2024-03-04 00:00:00,10.0,7.0,38.0,0.0,0.0,12.04,6020.0,9.0,56.0,0.77,0.65,24.5,21.1,0.24,0.29,0.0,0.0,2.0,2.0,36200.0,G31_58_H3
2024-03-05 00:00:00,9.0,5.0,39.0,0.0,0.0,12.04,6020.0,9.0,56.0,0.77,0.65,24.5,21.1,0.24,0.29,0.0,0.0,2.0,2.0,36200.0,G31_58_H3
2024-01-28 00:00:00,12.0,0.0,1.0,30.0,32.0,0.9,450.0,787.0,68.0,0.54,0.45,34.6,32.8,0.67,0.67,0.0,0.0,1.0,1.0,36300.0,G31_58_H4
2024-01-29 00:00:00,13.0,1.0,2.0,16.0,97.0,1.24,620.0,358.0,68.0,0.58,0.5,34.0,32.3,0.52,0.52,0.0,0.0,1.0,1.0,36300.0,G31_58_H4
2024-01-30 00:00:00,11.0,4.0,3.0,18.0,85.0,1.45,725.0,247.0,64.0,0.64,0.54,33.4,31.9,0.51,0.51,0.0,0.0,1.0,1.0,36300.0,G31_58_H4
2024-01-31 00:00:00,8.0,0.0,4.0,21.0,92.0,1.68,840.0,247.0,64.0,0.64,0.58,32.4,30.6,0.52,0.52,0.0,0.0,1.0,1.0,36300.0,G31_58_H4
2024-02-01 00:00:00,1.0,-2.0,5.0,18.0,55.0,2.28,1140.0,307.0,76.0,0.62,0.54,31.7,29.9,0.52,0.52,0.0,0.0,1.5,1.5,36300.0,G31_58_H4
2024-02-02 00:00:00,0.0,-2.0,6.0,14.0,33.0,2.48,1240.0,386.0,80.0,0.62,0.55,31.2,29.5,0.5,0.5,0.0,0.0,1.5,1.5,36300.0,G31_58_H4
2024-02-03 00:00:00,0.0,-1.0,7.0,36.0,243.0,2.77,1385.0,374.0,76.0,0.64,0.55,31.0,29.0,0.43,0.43,0.0,0.0,1.5,1.5,36300.0,G31_58_H4
2024-02-04 00:00:00,0.0,-5.0,8.0,41.0,4.0,2.41,1205.0,341.0,56.0,0.61,0.51,30.6,28.8,0.42,0.42,0.0,0.0,1.5,1.5,36300.0,G31_58_H4
2024-02-05 00:00:00,-1.0,-10.0,9.0,13.0,27.0,3.29,1645.0,350.0,48.0,0.63,0.52,30.4,28.6,0.41,0.41,0.0,0.0,1.5,1.5,36300.0,G31_58_H4
2024-02-06 00:00:00,0.0,-5.0,10.0,10.0,75.0,4.01,2005.0,333.0,52.0,0.67,0.54,30.3,28.5,0.36,0.36,0.0,0.0,1.5,1.5,36300.0,G31_58_H4
2024-02-07 00:00:00,2.0,-4.0,11.0,7.0,52.0,4.45,2225.0,279.0,44.0,0.7,0.57,29.8,28.1,0.35,0.35,0.0,0.0,1.5,1.5,36300.0,G31_58_H4
2024-02-08 00:00:00,6.0,-2.0,12.0,6.0,86.0,4.92,2460.0,235.0,40.0,0.72,0.59,29.6,27.9,0.34,0.34,0.0,0.0,1.5,1.5,36300.0,G31_58_H4
2024-02-09 00:00:00,9.0,-1.0,13.0,7.0,155.0,5.19,2595.0,211.0,44.0,0.72,0.61,29.4,27.5,0.33,0.33,0.0,0.0,1.5,1.5,36300.0,G31_58_H4
2024-02-10 00:00:00,14.0,0.0,14.0,10.0,87.0,5.37,2685.0,150.0,32.0,0.72,0.61,29.0,27.3,0.34,0.36,0.0,0.0,1.5,1.5,36300.0,G31_58_H4
2024-02-11 00:00:00,15.0,2.0,15.0,5.0,157.0,5.97,2985.0,97.0,36.0,0.73,0.62,28.6,27.0,0.35,0.35,0.0,0.0,1.5,1.5,36300.0,G31_58_H4
2024-02-12 00:00:00,19.0,6.0,16.0,7.0,145.0,6.47,3235.0,101.0,32.0,0.73,0.57,28.6,26.6,0.36,0.72,0.0,0.0,1.5,2.0,36300.0,G31_58_H4
2024-02-13 00:00:00,21.0,8.0,17.0,8.0,123.0,7.08,3540.0,60.0,36.0,0.73,0.57,28.6,26.6,0.35,0.7,0.0,0.0,2.0,2.0,36300.0,G31_58_H4
2024-02-14 00:00:00,22.0,4.0,18.0,7.0,84.0,7.15,3575.0,28.0,40.0,0.71,0.58,29.3,26.9,0.38,0.76,0.0,0.0,2.0,2.0,36300.0,G31_58_H4
2024-02-15 00:00:00,9.0,-1.0,19.0,7.0,60.0,7.88,3940.0,50.0,48.0,0.72,0.59,28.1,26.0,0.34,0.45,0.0,0.0,2.0,2.0,36300.0,G31_58_H4
2024-02-16 00:00:00,11.0,0.0,20.0,6.0,38.0,7.85,3925.0,148.0,44.0,0.7,0.57,27.7,25.3,0.35,0.45,0.0,0.0,2.0,2.0,36300.0,G31_58_H4
2024-02-17 00:00:00,18.0,5.0,21.0,7.0,30.0,8.49,4245.0,109.0,40.0,0.7,0.57,28.6,25.7,0.35,0.85,0.0,0.0,2.0,2.0,36300.0,G31_58_H4
2024-02-18 00:00:00,22.0,13.0,22.0,4.0,18.0,8.72,4360.0,10.0,52.0,0.72,0.59,29.8,26.6,0.47,0.75,0.0,0.0,2.0,2.0,36300.0,G31_58_H4
2024-02-19 00:00:00,11.0,1.0,23.0,5.0,23.0,9.71,4855.0,3.0,72.0,0.73,0.65,29.3,25.9,0.36,0.46,0.0,0.0,2.0,2.0,36300.0,G31_58_H4
2024-02-20 00:00:00,2.0,-1.0,24.0,4.0,35.0,9.29,4645.0,151.0,44.0,0.73,0.61,27.7,25.1,0.31,0.31,0.0,0.0,2.0,2.0,36300.0,G31_58_H4
2024-02-21 00:00:00,-1.0,-3.0,25.0,6.0,14.0,9.83,4915.0,198.0,48.0,0.73,0.64,27.8,24.5,0.29,0.29,0.0,0.0,2.0,2.0,36300.0,G31_58_H4
2024-02-22 00:00:00,0.0,-3.0,26.0,7.0,18.0,9.74,4870.0,221.0,52.0,0.73,0.62,27.1,24.4,0.26,0.26,0.0,0.0,2.0,2.0,36300.0,G31_58_H4
2024-02-23 00:00:00,1.0,-3.0,27.0,5.0,16.0,10.55,5275.0,182.0,52.0,0.73,0.61,27.7,24.4,0.28,0.28,0.0,0.0,2.0,2.0,36300.0,G31_58_H4
2024-02-24 00:00:00,1.0,-3.0,28.0,6.0,17.0,11.32,5660.0,132.0,48.0,0.73,0.61,27.8,24.4,0.29,0.29,0.0,0.0,2.0,2.0,36300.0,G31_58_H4
2024-02-25 00:00:00,5.0,-2.0,29.0,9.0,13.0,12.07,6035.0,123.0,48.0,0.78,0.69,27.4,24.2,0.27,0.32,0.0,0.0,2.0,2.0,36300.0,G31_58_H4
2024-02-26 00:00:00,7.0,-2.0,30.0,17.0,11.0,11.87,5935.0,60.0,56.0,0.82,0.71,27.9,24.9,0.28,0.3,0.0,0.0,2.0,2.0,36300.0,G31_58_H4
2024-02-27 00:00:00,7.0,0.0,31.0,23.0,12.0,12.5,6250.0,41.0,60.0,0.82,0.72,27.5,224.4,0.28,0.34,0.0,0.0,2.0,2.0,36300.0,G31_58_H4
2024-02-28 00:00:00,7.0,2.0,32.0,36.0,13.0,12.96,6480.0,37.0,56.0,0.78,0.71,27.4,24.4,0.3,0.3,0.0,0.0,2.0,2.0,36300.0,G31_58_H4
2024-02-29 00:00:00,3.0,-1.0,33.0,51.0,7.0,12.87,6435.0,27.0,64.0,0.72,0.63,27.2,23.7,0.3,0.3,0.0,0.0,2.0,2.0,36300.0,G31_58_H4
2024-03-01 00:00:00,6.0,0.0,34.0,53.0,8.0,12.28,6140.0,27.0,64.0,0.78,0.68,25.3,22.9,0.28,0.32,0.0,0.0,2.0,2.0,36300.0,G31_58_H4
2024-03-02 00:00:00,11.0,1.0,35.0,64.0,7.0,11.21,5605.0,54.0,60.0,0.78,0.64,25.4,22.1,0.27,0.42,0.0,0.0,2.0,2.5,36300.0,G31_58_H4
2024-03-03 00:00:00,14.0,4.0,36.0,71.0,5.0,11.25,5625.0,9.0,80.0,0.79,0.66,24.8,22.3,0.27,0.41,0.0,0.0,2.0,3.0,36300.0,G31_58_H4
2024-03-04 00:00:00,10.0,7.0,37.0,0.0,0.0,11.25,5625.0,9.0,80.0,0.79,0.66,24.8,22.3,0.27,0.41,0.0,0.0,2.0,3.0,36300.0,G31_58_H4
2024-03-05 00:00:00,9.0,5.0,38.0,0.0,0.0,11.25,5625.0,9.0,80.0,0.79,0.66,24.8,22.3,0.27,0.41,0.0,0.0,2.0,3.0,36300.0,G31_58_H4
2024-01-28 00:00:00,12.0,0.0,2.0,29.0,49.0,1.12,560.0,787.0,56.0,0.63,0.54,34.6,32.2,0.52,0.52,0.0,0.0,1.0,1.0,36300.0,G31_58_H5
2024-01-29 00:00:00,13.0,1.0,3.0,21.0,31.0,1.54,770.0,358.0,60.0,0.66,0.6,34.0,31.6,0.51,0.51,0.0,0.0,1.0,1.0,36300.0,G31_58_H5
2024-01-30 00:00:00,11.0,4.0,4.0,18.0,40.0,1.71,855.0,247.0,68.0,0.67,0.62,33.2,31.3,0.52,0.52,0.0,0.0,1.0,1.0,36300.0,G31_58_H5
2024-01-31 00:00:00,8.0,0.0,5.0,17.0,80.0,1.82,910.0,247.0,68.0,0.67,0.63,32.6,30.1,0.52,0.52,0.0,0.0,1.0,1.0,36300.0,G31_58_H5
2024-02-01 00:00:00,1.0,-2.0,6.0,15.0,30.0,2.02,1010.0,307.0,60.0,0.64,0.59,31.8,29.2,0.5,0.5,0.0,0.0,1.5,1.5,36300.0,G31_58_H5
2024-02-02 00:00:00,0.0,-2.0,7.0,10.0,12.0,2.28,1140.0,386.0,68.0,0.66,0.6,31.0,28.8,0.43,0.43,0.0,0.0,1.5,1.5,36300.0,G31_58_H5
2024-02-03 00:00:00,0.0,-1.0,8.0,27.0,176.0,2.55,1275.0,374.0,72.0,0.66,0.6,31.0,28.6,0.42,0.42,0.0,0.0,1.5,1.5,36300.0,G31_58_H5
2024-02-04 00:00:00,0.0,-5.0,9.0,30.0,13.0,2.29,1145.0,341.0,72.0,0.65,0.56,30.5,28.1,0.41,0.41,0.0,0.0,1.5,1.5,36300.0,G31_58_H5
2024-02-05 00:00:00,-1.0,-10.0,10.0,11.0,8.0,3.04,1520.0,350.0,36.0,0.66,0.56,30.2,27.5,0.4,0.4,0.0,0.0,1.5,1.5,36300.0,G31_58_H5
2024-02-06 00:00:00,0.0,-5.0,11.0,6.0,20.0,3.77,1885.0,333.0,52.0,0.68,0.58,29.9,27.8,0.35,0.35,0.0,0.0,1.5,1.5,36300.0,G31_58_H5
2024-02-07 00:00:00,2.0,-4.0,12.0,5.0,17.0,4.14,2070.0,279.0,40.0,0.67,0.61,30.0,27.5,0.34,0.34,0.0,0.0,1.5,1.5,36300.0,G31_58_H5
2024-02-08 00:00:00,6.0,-2.0,13.0,4.0,23.0,4.62,2310.0,235.0,40.0,0.66,0.53,29.8,27.5,0.33,0.33,0.0,0.0,1.5,1.5,36300.0,G31_58_H5
2024-02-09 00:00:00,9.0,-1.0,14.0,3.0,28.0,4.96,2480.0,211.0,40.0,0.64,0.43,29.3,27.1,0.34,0.34,0.0,0.0,1.5,1.5,36300.0,G31_58_H5
2024-02-10 00:00:00,14.0,0.0,15.0,2.0,20.0,5.15,2575.0,150.0,40.0,0.64,0.43,28.7,26.6,0.35,0.37,0.0,0.0,1.5,1.5,36300.0,G31_58_H5
2024-02-11 00:00:00,15.0,2.0,16.0,4.0,34.0,5.8,2900.0,97.0,40.0,0.75,0.61,28.2,26.3,0.36,0.36,0.0,0.0,1.5,2.0,36300.0,G31_58_H5
2024-02-12 00:00:00,19.0,6.0,17.0,5.0,27.0,6.21,3105.0,101.0,40.0,0.74,0.62,27.9,25.8,0.35,0.6,0.0,0.0,2.0,2.0,36300.0,G31_58_H5
2024-02-13 00:00:00,21.0,8.0,18.0,3.0,27.0,6.94,3470.0,60.0,36.0,0.74,0.62,27.9,25.8,0.34,0.6,0.0,0.0,2.0,2.0,36300.0,G31_58_H5
2024-02-14 00:00:00,22.0,4.0,19.0,4.0,42.0,7.33,3665.0,28.0,36.0,0.72,0.6,29.1,25.8,0.34,0.6,0.0,0.0,2.0,2.0,36300.0,G31_58_H5
2024-02-15 00:00:00,9.0,-1.0,20.0,3.0,31.0,8.25,4125.0,50.0,44.0,0.73,0.61,28.0,25.8,0.35,0.4,0.0,0.0,2.0,2.0,36300.0,G31_58_H5
2024-02-16 00:00:00,11.0,0.0,21.0,3.0,27.0,8.4,4200.0,148.0,48.0,0.73,0.5,27.1,24.3,0.35,0.4,0.0,0.0,2.0,2.0,36300.0,G31_58_H5
2024-02-17 00:00:00,18.0,5.0,22.0,4.0,48.0,8.53,4265.0,109.0,44.0,0.73,0.5,27.8,24.87,0.35,0.7,0.0,0.0,2.0,2.0,36300.0,G31_58_H5
2024-02-18 00:00:00,22.0,13.0,23.0,3.0,32.0,9.11,4555.0,10.0,44.0,0.78,0.68,29.0,25.9,0.35,0.72,0.0,0.0,2.0,2.0,36300.0,G31_58_H5
2024-02-19 00:00:00,11.0,1.0,24.0,3.0,47.0,9.75,4875.0,3.0,68.0,0.78,0.72,28.4,24.6,0.36,0.36,0.0,0.0,2.0,2.0,36300.0,G31_58_H5
2024-02-20 00:00:00,2.0,-1.0,25.0,4.0,51.0,9.41,4705.0,151.0,40.0,0.74,0.63,26.5,24.3,0.29,0.29,0.0,0.0,2.0,2.0,36300.0,G31_58_H5
2024-02-21 00:00:00,-1.0,-3.0,26.0,7.0,61.0,10.14,5070.0,198.0,56.0,0.76,0.64,26.9,23.8,0.27,0.27,0.0,0.0,2.0,2.0,36300.0,G31_58_H5
2024-02-22 00:00:00,0.0,-3.0,27.0,5.0,35.0,10.3,5150.0,221.0,44.0,0.81,0.65,26.3,23.5,0.24,0.24,0.0,0.0,2.0,2.0,36300.0,G31_58_H5
2024-02-23 00:00:00,1.0,-3.0,28.0,3.0,17.0,10.65,5325.0,182.0,80.0,0.8,0.65,26.9,23.5,0.26,0.26,0.0,0.0,2.0,2.0,36300.0,G31_58_H5
2024-02-24 00:00:00,1.0,-3.0,29.0,5.0,35.0,10.87,5435.0,132.0,64.0,0.78,0.68,26.4,23.5,0.25,0.25,0.0,0.0,2.0,2.0,36300.0,G31_58_H5
2024-02-25 00:00:00,5.0,-2.0,30.0,9.0,39.0,11.38,5690.0,123.0,56.0,0.76,0.65,26.6,23.0,0.25,0.25,0.0,0.0,2.0,2.0,36300.0,G31_58_H5
2024-02-26 00:00:00,7.0,-2.0,31.0,18.0,17.0,11.31,5655.0,60.0,48.0,0.76,0.69,26.7,23.5,0.26,0.28,0.0,0.0,2.0,2.0,36300.0,G31_58_H5
2024-02-27 00:00:00,7.0,0.0,32.0,21.0,11.0,12.39,6195.0,41.0,52.0,0.78,0.69,26.1,22.9,0.26,0.3,0.0,0.0,2.0,2.0,36300.0,G31_58_H5
2024-02-28 00:00:00,7.0,2.0,33.0,34.0,17.0,12.07,6035.0,37.0,68.0,0.79,0.69,25.9,22.7,0.25,0.25,0.0,0.0,2.0,2.0,36300.0,G31_58_H5
2024-02-29 00:00:00,3.0,-1.0,34.0,56.0,14.0,12.23,6115.0,27.0,40.0,0.78,0.71,25.7,22.5,0.25,0.25,0.0,0.0,2.0,2.0,36300.0,G31_58_H5
2024-03-01 00:00:00,6.0,0.0,35.0,55.0,11.0,12.41,6205.0,27.0,40.0,0.73,0.64,24.4,21.0,0.24,0.27,0.0,0.0,2.0,2.0,36300.0,G31_58_H5
2024-03-02 00:00:00,11.0,1.0,36.0,56.0,5.0,12.29,6145.0,54.0,56.0,0.73,0.61,24.3,20.7,0.24,0.32,0.0,0.0,2.0,2.0,36300.0,G31_58_H5
2024-03-03 00:00:00,14.0,4.0,37.0,85.0,6.0,12.62,6310.0,9.0,60.0,0.76,0.64,23.7,20.9,0.24,0.29,0.0,0.0,2.0,2.0,36300.0,G31_58_H5
2024-03-04 00:00:00,10.0,7.0,38.0,0.0,0.0,12.62,6310.0,9.0,60.0,0.76,0.64,23.7,20.9,0.24,0.29,0.0,0.0,2.0,2.0,36300.0,G31_58_H5
2024-03-05 00:00:00,9.0,5.0,39.0,0.0,0.0,12.62,6310.0,9.0,60.0,0.76,0.64,23.7,20.9,0.24,0.29,0.0,0.0,2.0,2.0,36300.0,G31_58_H5
2024-01-28 00:00:00,12.0,0.0,2.0,21.0,34.0,1.16,580.0,787.0,60.0,0.58,0.44,35.0,32.9,0.52,0.52,0.0,0.0,1.0,1.0,36200.0,G31_58_H6
2024-01-29 00:00:00,13.0,1.0,3.0,19.0,99.0,1.52,760.0,358.0,64.0,0.61,0.52,34.5,32.3,0.51,0.51,0.0,0.0,1.0,1.0,36200.0,G31_58_H6
2024-01-30 00:00:00,11.0,4.0,4.0,15.0,61.0,1.62,810.0,247.0,64.0,0.66,0.55,33.7,31.8,0.52,0.52,0.0,0.0,1.0,1.0,36200.0,G31_58_H6
2024-01-31 00:00:00,8.0,0.0,5.0,16.0,89.0,1.73,865.0,247.0,64.0,0.68,0.59,32.5,30.7,0.52,0.52,0.0,0.0,1.0,1.0,36200.0,G31_58_H6
2024-02-01 00:00:00,1.0,-2.0,6.0,15.0,60.0,1.93,965.0,307.0,68.0,0.66,0.54,31.8,29.8,0.5,0.5,0.0,0.0,1.5,1.5,36200.0,G31_58_H6
2024-02-02 00:00:00,0.0,-2.0,7.0,11.0,42.0,2.36,1180.0,386.0,72.0,0.67,0.57,31.3,29.5,0.43,0.43,0.0,0.0,1.5,1.5,36200.0,G31_58_H6
2024-02-03 00:00:00,0.0,-1.0,8.0,31.0,202.0,2.58,1290.0,374.0,76.0,0.69,0.55,31.1,29.0,0.42,0.42,0.0,0.0,1.5,1.5,36200.0,G31_58_H6
2024-02-04 00:00:00,0.0,-5.0,9.0,69.0,15.0,2.2,1100.0,341.0,64.0,0.64,0.52,30.8,28.8,0.41,0.41,0.0,0.0,1.5,1.5,36200.0,G31_58_H6
2024-02-05 00:00:00,-1.0,-10.0,10.0,21.0,58.0,2.9,1450.0,350.0,36.0,0.65,0.51,30.6,28.4,0.4,0.4,0.0,0.0,1.5,1.5,36200.0,G31_58_H6
2024-02-06 00:00:00,0.0,-5.0,11.0,12.0,96.0,3.71,1855.0,333.0,44.0,0.68,0.53,30.3,28.4,0.35,0.35,0.0,0.0,1.5,1.5,36200.0,G31_58_H6
2024-02-07 00:00:00,2.0,-4.0,12.0,7.0,100.0,4.09,2045.0,279.0,36.0,0.73,0.56,30.1,28.1,0.34,0.34,0.0,0.0,1.5,1.5,36200.0,G31_58_H6
2024-02-08 00:00:00,6.0,-2.0,13.0,8.0,114.0,4.49,2245.0,235.0,40.0,0.75,0.58,29.7,27.7,0.33,0.33,0.0,0.0,1.5,1.5,36200.0,G31_58_H6
2024-02-09 00:00:00,9.0,-1.0,14.0,5.0,171.0,4.86,2430.0,211.0,32.0,0.75,0.59,29.2,27.6,0.34,0.34,0.0,0.0,1.5,1.5,36200.0,G31_58_H6
2024-02-10 00:00:00,14.0,0.0,15.0,6.0,103.0,5.22,2610.0,150.0,36.0,0.75,0.59,29.1,27.2,0.35,0.36,0.0,0.0,1.5,1.5,36200.0,G31_58_H6
2024-02-11 00:00:00,15.0,2.0,16.0,8.0,193.0,6.08,3040.0,97.0,36.0,0.78,0.64,28.5,27.0,0.36,0.36,0.0,0.0,1.5,2.0,36200.0,G31_58_H6
2024-02-12 00:00:00,19.0,6.0,17.0,6.0,127.0,6.53,3265.0,101.0,32.0,0.78,0.59,28.8,26.6,0.35,0.72,0.0,0.0,2.0,2.0,36200.0,G31_58_H6
2024-02-13 00:00:00,21.0,8.0,18.0,5.0,96.0,7.15,3575.0,60.0,36.0,0.78,0.59,28.8,26.6,0.34,0.68,0.0,0.0,2.0,2.0,36200.0,G31_58_H6
2024-02-14 00:00:00,22.0,4.0,19.0,4.0,78.0,7.23,3615.0,28.0,40.0,0.77,0.6,29.2,26.8,0.38,0.76,0.0,0.0,2.0,2.0,36200.0,G31_58_H6
2024-02-15 00:00:00,9.0,-1.0,20.0,3.0,58.0,7.96,3980.0,50.0,48.0,0.78,0.62,28.7,26.5,0.35,0.4,0.0,0.0,2.0,2.0,36200.0,G31_58_H6
2024-02-16 00:00:00,11.0,0.0,21.0,6.0,39.0,7.68,3840.0,148.0,44.0,0.76,0.61,27.5,25.3,0.35,0.4,0.0,0.0,2.0,2.0,36200.0,G31_58_H6
2024-02-17 00:00:00,18.0,5.0,22.0,5.0,43.0,8.18,4090.0,109.0,44.0,0.76,0.61,28.3,25.5,0.35,0.85,0.0,0.0,2.0,2.0,36200.0,G31_58_H6
2024-02-18 00:00:00,22.0,13.0,23.0,4.0,29.0,8.75,4375.0,10.0,56.0,0.78,0.62,29.3,26.7,0.44,0.75,0.0,0.0,2.0,2.0,36200.0,G31_58_H6
2024-02-19 00:00:00,11.0,1.0,24.0,3.0,29.0,9.9,4950.0,3.0,68.0,0.81,0.7,29.3,25.8,0.36,0.43,0.0,0.0,2.0,2.0,36200.0,G31_58_H6
2024-02-20 00:00:00,2.0,-1.0,25.0,4.0,45.0,9.29,4645.0,151.0,60.0,0.82,0.63,27.7,24.7,0.32,0.32,0.0,0.0,2.0,2.0,36200.0,G31_58_H6
2024-02-21 00:00:00,-1.0,-3.0,26.0,5.0,37.0,10.15,5075.0,198.0,40.0,0.8,0.68,27.7,24.4,0.3,0.3,0.0,0.0,2.0,2.0,36200.0,G31_58_H6
2024-02-22 00:00:00,0.0,-3.0,27.0,4.0,21.0,9.73,4865.0,221.0,52.0,0.69,0.6,26.9,24.0,0.26,0.26,0.0,0.0,2.0,2.0,36200.0,G31_58_H6
2024-02-23 00:00:00,1.0,-3.0,28.0,2.0,12.0,10.56,5280.0,182.0,48.0,0.69,0.61,27.6,23.9,0.28,0.28,0.0,0.0,2.0,2.0,36200.0,G31_58_H6
2024-02-24 00:00:00,1.0,-3.0,29.0,4.0,23.0,10.48,5240.0,132.0,48.0,0.82,0.68,27.6,24.0,0.29,0.29,0.0,0.0,2.0,2.0,36200.0,G31_58_H6
2024-02-25 00:00:00,5.0,-2.0,30.0,11.0,33.0,11.53,5765.0,123.0,56.0,0.8,0.65,27.4,24.0,0.27,0.32,0.0,0.0,2.0,2.0,36200.0,G31_58_H6
2024-02-26 00:00:00,7.0,-2.0,31.0,19.0,18.0,11.49,5745.0,60.0,52.0,0.77,0.61,27.5,24.2,0.28,0.3,0.0,0.0,2.0,2.0,36200.0,G31_58_H6
2024-02-27 00:00:00,7.0,0.0,32.0,61.0,13.0,11.78,5890.0,41.0,56.0,0.77,0.63,26.9,24.0,0.28,0.34,0.0,0.0,2.0,2.0,36200.0,G31_58_H6
2024-02-28 00:00:00,7.0,2.0,33.0,95.0,15.0,10.94,5470.0,37.0,60.0,0.77,0.63,26.9,24.0,0.3,0.3,0.0,0.0,2.0,2.0,36200.0,G31_58_H6
2024-02-29 00:00:00,3.0,-1.0,34.0,100.0,18.0,11.88,5940.0,27.0,60.0,0.78,0.72,26.8,23.4,0.3,0.3,0.0,0.0,2.0,2.0,36200.0,G31_58_H6
2024-03-01 00:00:00,6.0,0.0,35.0,132.0,15.0,11.11,5555.0,27.0,60.0,0.76,0.63,25.8,22.5,0.28,0.32,0.0,0.0,2.0,2.0,36200.0,G31_58_H6
2024-03-02 00:00:00,11.0,1.0,36.0,268.0,15.0,10.38,5190.0,54.0,60.0,0.76,0.6,24.8,22.3,0.27,0.38,0.0,0.0,2.0,2.0,36200.0,G31_58_H6
2024-03-03 00:00:00,14.0,4.0,37.0,281.0,12.0,8.76,4380.0,9.0,72.0,0.75,0.56,24.5,22.0,0.27,0.41,0.0,0.0,2.0,2.5,36200.0,G31_58_H6
2024-03-04 00:00:00,10.0,7.0,38.0,0.0,0.0,8.76,4380.0,9.0,72.0,0.75,0.56,24.5,22.0,0.27,0.41,0.0,0.0,2.0,2.5,36200.0,G31_58_H6
2024-03-05 00:00:00,9.0,5.0,39.0,0.0,0.0,8.76,4380.0,9.0,72.0,0.75,0.56,24.5,22.0,0.27,0.41,0.0,0.0,2.0,2.5,36200.0,G31_58_H6
2024-01-28 00:00:00,12.0,0.0,1.0,42.0,10.0,0.91,455.0,787.0,60.0,0.47,0.4,35.2,32.9,0.67,0.67,0.0,0.0,1.0,1.0,37000.0,G31_58_H7
2024-01-29 00:00:00,13.0,1.0,2.0,22.0,9.0,1.22,610.0,358.0,44.0,0.54,0.48,34.9,32.5,0.52,0.52,0.0,0.0,1.0,1.0,37000.0,G31_58_H7
2024-01-30 00:00:00,11.0,4.0,3.0,6.0,10.0,1.44,720.0,247.0,64.0,0.56,0.49,34.1,31.8,0.51,0.51,0.0,0.0,1.0,1.0,37000.0,G31_58_H7
2024-01-31 00:00:00,8.0,0.0,4.0,8.0,20.0,1.44,720.0,247.0,64.0,0.6,0.54,33.3,30.9,0.52,0.52,0.0,0.0,1.0,1.0,37000.0,G31_58_H7
2024-02-01 00:00:00,1.0,-2.0,5.0,5.0,17.0,1.69,845.0,307.0,60.0,0.57,0.5,32.3,30.1,0.52,0.52,0.0,0.0,1.5,1.5,37000.0,G31_58_H7
2024-02-02 00:00:00,0.0,-2.0,6.0,6.0,7.0,1.97,985.0,386.0,64.0,0.57,0.51,31.5,29.8,0.5,0.5,0.0,0.0,1.5,1.5,37000.0,G31_58_H7
2024-02-03 00:00:00,0.0,-1.0,7.0,4.0,12.0,2.17,1085.0,374.0,68.0,0.57,0.52,30.9,29.1,0.43,0.43,0.0,0.0,1.5,1.5,37000.0,G31_58_H7
2024-02-04 00:00:00,0.0,-5.0,8.0,25.0,149.0,2.49,1245.0,341.0,64.0,0.59,0.53,30.7,28.7,0.42,0.42,0.0,0.0,1.5,1.5,37000.0,G31_58_H7
2024-02-05 00:00:00,-1.0,-10.0,9.0,9.0,9.0,2.25,1125.0,350.0,48.0,0.56,0.47,30.4,28.4,0.41,0.41,0.0,0.0,1.5,1.5,37000.0,G31_58_H7
2024-02-06 00:00:00,0.0,-5.0,10.0,7.0,31.0,2.89,1445.0,333.0,40.0,0.61,0.49,30.1,28.3,0.36,0.36,0.0,0.0,1.5,1.5,37000.0,G31_58_H7
2024-02-07 00:00:00,2.0,-4.0,11.0,1.0,11.0,3.67,1835.0,279.0,44.0,0.63,0.53,29.9,28.1,0.35,0.35,0.0,0.0,1.5,1.5,37000.0,G31_58_H7
2024-02-08 00:00:00,6.0,-2.0,12.0,3.0,24.0,4.09,2045.0,235.0,36.0,0.65,0.54,29.6,27.9,0.34,0.34,0.0,0.0,1.5,1.5,37000.0,G31_58_H7
2024-02-09 00:00:00,9.0,-1.0,13.0,2.0,8.0,4.57,2285.0,211.0,36.0,0.66,0.57,29.4,27.6,0.33,0.33,0.0,0.0,1.5,1.5,37000.0,G31_58_H7
2024-02-10 00:00:00,14.0,0.0,14.0,1.0,24.0,4.88,2440.0,150.0,36.0,0.66,0.57,29.0,27.3,0.34,0.36,0.0,0.0,1.5,1.5,37000.0,G31_58_H7
2024-02-11 00:00:00,15.0,2.0,15.0,3.0,26.0,5.22,2610.0,97.0,32.0,0.68,0.6,29.0,26.9,0.35,0.35,0.0,0.0,1.5,1.5,37000.0,G31_58_H7
2024-02-12 00:00:00,19.0,6.0,16.0,2.0,19.0,5.67,2835.0,101.0,36.0,0.68,0.59,28.4,26.7,0.36,0.6,0.0,0.0,1.5,2.0,37000.0,G31_58_H7
2024-02-13 00:00:00,21.0,8.0,17.0,4.0,13.0,6.23,3115.0,60.0,40.0,0.68,0.59,28.4,26.7,0.35,0.6,0.0,0.0,2.0,2.0,37000.0,G31_58_H7
2024-02-14 00:00:00,22.0,4.0,18.0,1.0,24.0,6.73,3365.0,28.0,44.0,0.69,0.56,28.8,26.4,0.34,0.6,0.0,0.0,2.0,2.0,37000.0,G31_58_H7
2024-02-15 00:00:00,9.0,-1.0,19.0,4.0,36.0,7.39,3695.0,50.0,36.0,0.69,0.62,27.8,25.5,0.34,0.4,0.0,0.0,2.0,2.0,37000.0,G31_58_H7
2024-02-16 00:00:00,11.0,0.0,20.0,6.0,23.0,7.49,3745.0,148.0,44.0,0.67,0.58,27.8,25.3,0.35,0.4,0.0,0.0,2.0,2.0,37000.0,G31_58_H7
2024-02-17 00:00:00,18.0,5.0,21.0,3.0,25.0,7.95,3975.0,109.0,44.0,0.67,0.58,28.2,25.6,0.35,0.7,0.0,0.0,2.0,2.0,37000.0,G31_58_H7
2024-02-18 00:00:00,22.0,13.0,22.0,5.0,19.0,8.4,4200.0,10.0,44.0,0.78,0.63,29.2,26.5,0.35,0.72,0.0,0.0,2.0,2.0,37000.0,G31_58_H7
2024-02-19 00:00:00,11.0,1.0,23.0,8.0,19.0,8.61,4305.0,3.0,44.0,0.75,0.68,28.4,25.3,0.36,0.36,0.0,0.0,2.0,2.0,37000.0,G31_58_H7
2024-02-20 00:00:00,2.0,-1.0,24.0,6.0,15.0,8.53,4265.0,151.0,44.0,0.69,0.57,27.1,24.6,0.29,0.29,0.0,0.0,2.0,2.0,37000.0,G31_58_H7
2024-02-21 00:00:00,-1.0,-3.0,25.0,9.0,26.0,9.0,4500.0,198.0,52.0,0.72,0.61,27.1,24.9,0.27,0.27,0.0,0.0,2.0,2.0,37000.0,G31_58_H7
2024-02-22 00:00:00,0.0,-3.0,26.0,6.0,10.0,9.43,4715.0,221.0,48.0,0.78,0.62,27.2,24.6,0.23,0.23,0.0,0.0,2.0,2.0,37000.0,G31_58_H7
2024-02-23 00:00:00,1.0,-3.0,27.0,10.0,18.0,9.85,4925.0,182.0,48.0,0.78,0.65,26.8,24.4,0.26,0.26,0.0,0.0,2.0,2.0,37000.0,G31_58_H7
2024-02-24 00:00:00,1.0,-3.0,28.0,6.0,11.0,10.31,5155.0,132.0,60.0,0.73,0.65,27.2,24.4,0.24,0.24,0.0,0.0,2.0,2.0,37000.0,G31_58_H7
2024-02-25 00:00:00,5.0,-2.0,29.0,4.0,11.0,11.0,5500.0,123.0,52.0,0.7,0.64,27.0,24.1,0.25,0.25,0.0,0.0,2.0,2.0,37000.0,G31_58_H7
2024-02-26 00:00:00,7.0,-2.0,30.0,6.0,14.0,11.62,5810.0,60.0,48.0,0.69,0.62,26.9,24.0,0.25,0.28,0.0,0.0,2.0,2.0,37000.0,G31_58_H7
2024-02-27 00:00:00,7.0,0.0,31.0,16.0,15.0,11.78,5890.0,41.0,48.0,0.69,0.62,26.7,23.7,0.25,0.3,0.0,0.0,2.0,2.0,37000.0,G31_58_H7
2024-02-28 00:00:00,7.0,2.0,32.0,41.0,10.0,11.34,5670.0,37.0,48.0,0.7,0.63,25.8,23.4,0.25,0.25,0.0,0.0,2.0,2.0,37000.0,G31_58_H7
2024-02-29 00:00:00,3.0,-1.0,33.0,28.0,26.0,10.58,5290.0,27.0,56.0,0.7,0.65,26.4,23.3,0.25,0.25,0.0,0.0,2.0,2.0,37000.0,G31_58_H7
2024-03-01 00:00:00,6.0,0.0,34.0,30.0,15.0,10.13,5065.0,27.0,56.0,0.72,0.61,25.5,22.8,0.23,0.25,0.0,0.0,2.0,2.0,37000.0,G31_58_H7
2024-03-02 00:00:00,11.0,1.0,35.0,42.0,25.0,10.07,5035.0,54.0,60.0,0.72,0.62,25.9,22.5,0.23,0.32,0.0,0.0,2.0,2.0,37000.0,G31_58_H7
2024-03-03 00:00:00,14.0,4.0,36.0,75.0,10.0,10.34,5170.0,9.0,56.0,0.72,0.62,25.9,22.7,0.23,0.29,0.0,0.0,2.0,2.0,37000.0,G31_58_H7
2024-03-04 00:00:00,10.0,7.0,37.0,90.0,8.0,9.91,4955.0,9.0,64.0,0.69,0.62,25.6,22.3,0.24,0.29,0.0,0.0,2.0,2.0,37000.0,G31_58_H7
2024-03-05 00:00:00,9.0,5.0,38.0,0.0,0.0,9.91,4955.0,9.0,64.0,0.69,0.62,25.6,22.3,0.24,0.29,0.0,0.0,2.0,2.0,37000.0,G31_58_H7
2024-01-28 00:00:00,12.0,0.0,1.0,50.0,33.0,0.92,460.0,787.0,64.0,0.55,0.43,35.0,32.9,0.67,0.67,0.0,0.0,1.0,1.0,36300.0,G31_58_H8
2024-01-29 00:00:00,13.0,1.0,2.0,32.0,101.0,1.23,615.0,358.0,60.0,0.58,0.5,34.6,32.3,0.52,0.52,0.0,0.0,1.0,1.0,36300.0,G31_58_H8
2024-01-30 00:00:00,11.0,4.0,3.0,22.0,92.0,1.48,740.0,247.0,64.0,0.63,0.54,33.8,31.8,0.51,0.51,0.0,0.0,1.0,1.0,36300.0,G31_58_H8
2024-01-31 00:00:00,8.0,0.0,4.0,11.0,75.0,1.72,860.0,247.0,64.0,0.64,0.57,32.6,30.8,0.52,0.52,0.0,0.0,1.0,1.0,36300.0,G31_58_H8
2024-02-01 00:00:00,1.0,-2.0,5.0,8.0,37.0,2.27,1135.0,307.0,68.0,0.61,0.52,31.7,29.7,0.52,0.52,0.0,0.0,1.5,1.5,36300.0,G31_58_H8
2024-02-02 00:00:00,0.0,-2.0,6.0,18.0,31.0,2.52,1260.0,386.0,76.0,0.62,0.54,31.2,29.3,0.5,0.5,0.0,0.0,1.5,1.5,36300.0,G31_58_H8
2024-02-03 00:00:00,0.0,-1.0,7.0,31.0,261.0,2.75,1375.0,374.0,76.0,0.61,0.53,30.8,29.2,0.43,0.43,0.0,0.0,1.5,1.5,36300.0,G31_58_H8
2024-02-04 00:00:00,0.0,-5.0,8.0,11.0,14.0,2.49,1245.0,341.0,64.0,0.61,0.5,30.5,28.9,0.42,0.42,0.0,0.0,1.5,1.5,36300.0,G31_58_H8
2024-02-05 00:00:00,-1.0,-10.0,9.0,9.0,31.0,3.07,1535.0,350.0,369.0,0.62,0.49,30.3,28.6,0.41,0.41,0.0,0.0,1.5,1.5,36300.0,G31_58_H8
2024-02-06 00:00:00,0.0,-5.0,10.0,4.0,23.0,3.89,1945.0,333.0,48.0,0.67,0.51,30.0,28.4,0.36,0.36,0.0,0.0,1.5,1.5,36300.0,G31_58_H8
2024-02-07 00:00:00,2.0,-4.0,11.0,2.0,37.0,4.37,2185.0,279.0,48.0,0.72,0.56,30.0,28.1,0.35,0.35,0.0,0.0,1.5,1.5,36300.0,G31_58_H8
2024-02-08 00:00:00,6.0,-2.0,12.0,4.0,52.0,4.75,2375.0,235.0,40.0,0.75,0.6,29.3,27.9,0.34,0.34,0.0,0.0,1.5,1.5,36300.0,G31_58_H8
2024-02-09 00:00:00,9.0,-1.0,13.0,3.0,123.0,5.19,2595.0,211.0,44.0,0.76,0.62,29.2,27.7,0.33,0.33,0.0,0.0,1.5,1.5,36300.0,G31_58_H8
2024-02-10 00:00:00,14.0,0.0,14.0,6.0,94.0,5.43,2715.0,150.0,366.0,0.76,0.62,29.0,27.2,0.34,0.36,0.0,0.0,1.5,1.5,36300.0,G31_58_H8
2024-02-11 00:00:00,15.0,2.0,15.0,6.0,95.0,6.06,3030.0,97.0,32.0,0.79,0.66,28.7,27.0,0.35,0.35,0.0,0.0,1.5,1.5,36300.0,G31_58_H8
2024-02-12 00:00:00,19.0,6.0,16.0,3.0,126.0,6.55,3275.0,101.0,36.0,0.67,0.59,28.3,26.8,0.36,0.58,0.0,0.0,1.5,2.0,36300.0,G31_58_H8
2024-02-13 00:00:00,21.0,8.0,17.0,5.0,59.0,7.19,3595.0,60.0,40.0,0.67,0.59,28.3,26.8,0.35,0.7,0.0,0.0,2.0,2.0,36300.0,G31_58_H8
2024-02-14 00:00:00,22.0,4.0,18.0,7.0,81.0,7.29,3645.0,28.0,44.0,0.78,0.61,29.3,26.7,0.38,0.76,0.0,0.0,2.0,2.0,36300.0,G31_58_H8
2024-02-15 00:00:00,9.0,-1.0,19.0,5.0,59.0,8.0,4000.0,50.0,40.0,0.77,0.62,28.9,26.4,0.34,0.4,0.0,0.0,2.0,2.0,36300.0,G31_58_H8
2024-02-16 00:00:00,11.0,0.0,20.0,6.0,35.0,7.71,3855.0,148.0,44.0,0.76,0.61,27.7,25.4,0.35,0.4,0.0,0.0,2.0,2.0,36300.0,G31_58_H8
2024-02-17 00:00:00,18.0,5.0,21.0,4.0,35.0,8.33,4165.0,109.0,44.0,0.76,0.61,28.0,25.8,0.35,0.8,0.0,0.0,2.0,2.0,36300.0,G31_58_H8
2024-02-18 00:00:00,22.0,13.0,22.0,2.0,26.0,8.7,4350.0,10.0,48.0,0.69,0.61,29.3,26.7,0.47,0.75,0.0,0.0,2.0,2.0,36300.0,G31_58_H8
2024-02-19 00:00:00,11.0,1.0,23.0,6.0,36.0,9.73,4865.0,3.0,48.0,0.79,0.7,29.0,25.6,0.36,0.46,0.0,0.0,2.0,2.0,36300.0,G31_58_H8
2024-02-20 00:00:00,2.0,-1.0,24.0,4.0,37.0,9.1,4550.0,151.0,48.0,0.78,0.64,27.5,24.7,0.31,0.31,0.0,0.0,2.0,2.0,36300.0,G31_58_H8
2024-02-21 00:00:00,-1.0,-3.0,25.0,7.0,39.0,9.83,4915.0,198.0,44.0,0.79,0.64,27.2,24.4,0.29,0.29,0.0,0.0,2.0,2.0,36300.0,G31_58_H8
2024-02-22 00:00:00,0.0,-3.0,26.0,5.0,27.0,9.47,4735.0,221.0,44.0,0.72,0.61,26.9,24.2,0.26,0.26,0.0,0.0,2.0,2.0,36300.0,G31_58_H8
2024-02-23 00:00:00,1.0,-3.0,27.0,6.0,16.0,10.35,5175.0,182.0,52.0,0.72,0.62,27.5,24.2,0.28,0.28,0.0,0.0,2.0,2.0,36300.0,G31_58_H8
2024-02-24 00:00:00,1.0,-3.0,28.0,7.0,28.0,11.05,5525.0,132.0,56.0,0.79,0.68,27.7,24.3,0.29,0.29,0.0,0.0,2.0,2.0,36300.0,G31_58_H8
2024-02-25 00:00:00,5.0,-2.0,29.0,5.0,10.0,12.03,6015.0,123.0,52.0,0.79,0.66,275.0,23.9,0.27,0.32,0.0,0.0,2.0,2.0,36300.0,G31_58_H8
2024-02-26 00:00:00,7.0,-2.0,30.0,8.0,19.0,12.0,6000.0,60.0,523.0,0.77,0.63,27.7,24.5,0.28,0.3,0.0,0.0,2.0,2.0,36300.0,G31_58_H8
2024-02-27 00:00:00,7.0,0.0,31.0,11.0,14.0,13.13,6565.0,41.0,60.0,0.77,0.63,27.9,24.0,0.28,0.34,0.0,0.0,2.0,2.0,36300.0,G31_58_H8
2024-02-28 00:00:00,7.0,2.0,32.0,13.0,15.0,12.32,6160.0,37.0,60.0,0.78,0.64,27.3,24.1,0.3,0.3,0.0,0.0,2.0,2.0,36300.0,G31_58_H8
2024-02-29 00:00:00,3.0,-1.0,33.0,21.0,14.0,12.62,6310.0,27.0,64.0,0.79,0.67,27.2,23.6,0.3,0.3,0.0,0.0,2.0,2.0,36300.0,G31_58_H8
2024-03-01 00:00:00,6.0,0.0,34.0,55.0,30.0,12.07,6035.0,27.0,64.0,0.77,0.63,25.5,22.4,0.28,0.32,0.0,0.0,2.0,2.0,36300.0,G31_58_H8
2024-03-02 00:00:00,11.0,1.0,35.0,72.0,25.0,10.4,5200.0,54.0,68.0,0.77,0.62,25.5,22.1,0.27,0.38,0.0,0.0,2.0,2.0,36300.0,G31_58_H8
2024-03-03 00:00:00,14.0,4.0,36.0,51.0,12.0,11.89,5945.0,9.0,80.0,0.77,0.62,24.8,22.2,0.27,0.41,0.0,0.0,2.0,3.0,36300.0,G31_58_H8
2024-03-04 00:00:00,10.0,7.0,37.0,0.0,0.0,11.89,5945.0,9.0,80.0,0.77,0.62,24.8,22.2,0.27,0.41,0.0,0.0,2.0,3.0,36300.0,G31_58_H8
2024-03-05 00:00:00,9.0,5.0,38.0,0.0,0.0,11.89,5945.0,9.0,80.0,0.77,0.62,24.8,22.2,0.27,0.41,0.0,0.0,2.0,3.0,36300.0,G31_58_H8
2024-01-28 00:00:00,12.0,0.0,1.0,46.0,9.0,0.92,460.0,787.0,60.0,0.46,0.37,35.3,33.2,0.67,0.67,0.0,0.0,1.0,1.0,37100.0,G31_58_H9
2024-01-29 00:00:00,13.0,1.0,2.0,14.0,10.0,1.21,605.0,358.0,48.0,0.52,0.42,34.4,32.7,0.52,0.52,0.0,0.0,1.0,1.0,37100.0,G31_58_H9
2024-01-30 00:00:00,11.0,4.0,3.0,10.0,15.0,1.46,730.0,247.0,52.0,0.56,0.45,33.8,31.9,0.51,0.51,0.0,0.0,1.0,1.0,37100.0,G31_58_H9
2024-01-31 00:00:00,8.0,0.0,4.0,7.0,12.0,1.46,730.0,247.0,52.0,0.61,0.5,32.9,31.0,0.52,0.52,0.0,0.0,1.0,1.0,37100.0,G31_58_H9
2024-02-01 00:00:00,1.0,-2.0,5.0,4.0,11.0,1.73,865.0,307.0,56.0,0.57,0.44,31.8,30.4,0.52,0.52,0.0,0.0,1.5,1.5,37100.0,G31_58_H9
2024-02-02 00:00:00,0.0,-2.0,6.0,5.0,10.0,2.09,1045.0,386.0,64.0,0.55,0.46,31.7,29.6,0.5,0.5,0.0,0.0,1.5,1.5,37100.0,G31_58_H9
2024-02-03 00:00:00,0.0,-1.0,7.0,3.0,33.0,2.26,1130.0,374.0,64.0,0.57,0.46,31.3,29.2,0.43,0.43,0.0,0.0,1.5,1.5,37100.0,G31_58_H9
2024-02-04 00:00:00,0.0,-5.0,8.0,18.0,133.0,2.55,1275.0,341.0,60.0,0.58,0.48,30.8,28.9,0.42,0.42,0.0,0.0,1.5,1.5,37100.0,G31_58_H9
2024-02-05 00:00:00,-1.0,-10.0,9.0,11.0,17.0,2.3,1150.0,350.0,48.0,0.54,0.41,30.6,28.4,0.41,0.41,0.0,0.0,1.5,1.5,37100.0,G31_58_H9
2024-02-06 00:00:00,0.0,-5.0,10.0,6.0,9.0,2.95,1475.0,333.0,44.0,0.59,0.42,30.1,28.4,0.36,0.36,0.0,0.0,1.5,1.5,37100.0,G31_58_H9
2024-02-07 00:00:00,2.0,-4.0,11.0,4.0,8.0,3.74,1870.0,279.0,36.0,0.62,0.46,30.0,28.2,0.35,0.35,0.0,0.0,1.5,1.5,37100.0,G31_58_H9
2024-02-08 00:00:00,6.0,-2.0,12.0,6.0,19.0,4.13,2065.0,235.0,32.0,0.63,0.48,29.6,27.8,0.34,0.34,0.0,0.0,1.5,1.5,37100.0,G31_58_H9
2024-02-09 00:00:00,9.0,-1.0,13.0,3.0,10.0,4.63,2315.0,211.0,40.0,0.65,0.49,29.3,27.6,0.33,0.33,0.0,0.0,1.5,1.5,37100.0,G31_58_H9
2024-02-10 00:00:00,14.0,0.0,14.0,4.0,11.0,5.08,2540.0,150.0,36.0,0.65,0.49,29.2,27.3,0.34,0.36,0.0,0.0,1.5,1.5,37100.0,G31_58_H9
2024-02-11 00:00:00,15.0,2.0,15.0,5.0,9.0,5.44,2720.0,97.0,32.0,0.68,0.55,28.7,27.0,0.35,0.35,0.0,0.0,1.5,1.5,37100.0,G31_58_H9
2024-02-12 00:00:00,19.0,6.0,16.0,6.0,14.0,5.94,2970.0,101.0,32.0,0.79,0.54,28.6,26.6,0.36,0.58,0.0,0.0,1.5,2.0,37100.0,G31_58_H9
2024-02-13 00:00:00,21.0,8.0,17.0,4.0,13.0,6.51,3255.0,60.0,36.0,0.79,0.54,28.6,26.6,0.35,0.6,0.0,0.0,2.0,2.0,37100.0,G31_58_H9
2024-02-14 00:00:00,22.0,4.0,18.0,3.0,19.0,7.04,3520.0,28.0,36.0,0.71,0.53,28.9,26.7,0.34,0.6,0.0,0.0,2.0,2.0,37100.0,G31_58_H9
2024-02-15 00:00:00,9.0,-1.0,19.0,6.0,23.0,7.49,3745.0,50.0,40.0,0.69,0.59,27.5,25.2,0.34,0.4,0.0,0.0,2.0,2.0,37100.0,G31_58_H9
2024-02-16 00:00:00,11.0,0.0,20.0,4.0,11.0,7.69,3845.0,148.0,40.0,0.68,0.54,27.5,25.3,0.35,0.4,0.0,0.0,2.0,2.0,37100.0,G31_58_H9
2024-02-17 00:00:00,18.0,5.0,21.0,8.0,28.0,8.42,4210.0,109.0,44.0,0.68,0.54,28.2,25.4,0.35,0.85,0.0,0.0,2.0,2.0,37100.0,G31_58_H9
2024-02-18 00:00:00,22.0,13.0,22.0,5.0,15.0,8.69,4345.0,10.0,44.0,0.77,0.64,29.4,26.5,0.35,0.72,0.0,0.0,2.0,2.0,37100.0,G31_58_H9
2024-02-19 00:00:00,11.0,1.0,23.0,7.0,18.0,9.13,4565.0,3.0,44.0,0.75,0.68,28.6,25.0,0.36,0.36,0.0,0.0,2.0,2.0,37100.0,G31_58_H9
2024-02-20 00:00:00,2.0,-1.0,24.0,5.0,22.0,8.77,4385.0,151.0,44.0,0.7,0.54,27.2,24.8,0.29,0.29,0.0,0.0,2.0,2.0,37100.0,G31_58_H9
2024-02-21 00:00:00,-1.0,-3.0,25.0,6.0,30.0,9.25,4625.0,198.0,52.0,0.78,0.67,27.0,24.7,0.27,0.27,0.0,0.0,2.0,2.0,37100.0,G31_58_H9
2024-02-22 00:00:00,0.0,-3.0,26.0,8.0,26.0,9.55,4775.0,221.0,48.0,0.8,0.66,27.2,24.2,0.23,0.23,0.0,0.0,2.0,2.0,37100.0,G31_58_H9
2024-02-23 00:00:00,1.0,-3.0,27.0,11.0,20.0,10.01,5005.0,182.0,48.0,0.8,0.68,26.8,24.2,0.26,0.26,0.0,0.0,2.0,2.0,37100.0,G31_58_H9
2024-02-24 00:00:00,1.0,-3.0,28.0,12.0,23.0,10.6,5300.0,132.0,60.0,0.75,0.63,26.8,24.3,0.24,0.24,0.0,0.0,2.0,2.0,37100.0,G31_58_H9
2024-02-25 00:00:00,5.0,-2.0,29.0,10.0,20.0,10.93,5465.0,123.0,44.0,0.75,0.6,26.6,23.9,0.25,0.25,0.0,0.0,2.0,2.0,37100.0,G31_58_H9
2024-02-26 00:00:00,7.0,-2.0,30.0,12.0,25.0,11.59,5795.0,60.0,48.0,0.73,0.06,26.9,23.7,0.25,0.28,0.0,0.0,2.0,2.0,37100.0,G31_58_H9
2024-02-27 00:00:00,7.0,0.0,31.0,9.0,18.0,12.31,6155.0,41.0,44.0,0.73,0.61,26.6,23.6,0.25,0.34,0.0,0.0,2.0,2.0,37100.0,G31_58_H9
2024-02-28 00:00:00,7.0,2.0,32.0,11.0,28.0,12.19,6095.0,37.0,52.0,0.78,0.6,25.8,23.4,0.25,0.25,0.0,0.0,2.0,2.0,37100.0,G31_58_H9
2024-02-29 00:00:00,3.0,-1.0,33.0,40.0,20.0,10.66,5330.0,27.0,48.0,0.74,0.64,26.1,22.8,0.25,0.25,0.0,0.0,2.0,2.0,37100.0,G31_58_H9
2024-03-01 00:00:00,6.0,0.0,34.0,60.0,20.0,9.75,4875.0,27.0,48.0,0.71,0.65,25.6,22.3,0.23,0.25,0.0,0.0,2.0,2.0,37100.0,G31_58_H9
2024-03-02 00:00:00,11.0,1.0,35.0,70.0,3.0,10.62,5310.0,54.0,52.0,0.71,0.64,25.8,23.1,0.23,0.3,0.0,0.0,2.0,2.0,37100.0,G31_58_H9
2024-03-03 00:00:00,14.0,4.0,36.0,85.0,0.0,10.96,5480.0,9.0,52.0,0.71,0.61,25.9,23.0,0.23,0.29,0.0,0.0,2.0,2.0,37100.0,G31_58_H9
2024-03-04 00:00:00,10.0,7.0,37.0,130.0,0.0,10.33,5165.0,9.0,52.0,0.69,0.61,25.4,22.7,0.24,0.29,0.0,0.0,2.0,2.0,37100.0,G31_58_H9
2024-03-05 00:00:00,9.0,5.0,38.0,0.0,0.0,10.33,5165.0,9.0,52.0,0.69,0.61,25.4,22.7,0.24,0.29,0.0,0.0,2.0,2.0,37100.0,G31_58_H9
2024-01-28 00:00:00,12.0,0.0,1.0,26.0,7.0,0.9,450.0,787.0,60.0,0.46,0.37,35.8,33.8,0.67,0.67,0.0,0.0,1.0,1.0,37000.0,G31_58_H10
2024-01-29 00:00:00,13.0,1.0,2.0,14.0,4.0,1.22,610.0,358.0,64.0,0.52,0.43,35.5,33.4,0.52,0.52,0.0,0.0,1.0,1.0,37000.0,G31_58_H10
2024-01-30 00:00:00,11.0,4.0,3.0,18.0,83.0,1.47,735.0,247.0,64.0,0.61,0.52,34.7,32.6,0.51,0.51,0.0,0.0,1.0,1.0,37000.0,G31_58_H10
2024-01-31 00:00:00,8.0,0.0,4.0,15.0,86.0,1.58,790.0,247.0,64.0,0.66,0.54,34.0,31.6,0.52,0.52,0.0,0.0,1.0,1.0,37000.0,G31_58_H10
2024-02-01 00:00:00,1.0,-2.0,5.0,11.0,78.0,1.97,985.0,307.0,64.0,0.6,0.48,32.7,30.6,0.52,0.52,0.0,0.0,1.5,1.5,37000.0,G31_58_H10
2024-02-02 00:00:00,0.0,-2.0,6.0,7.0,23.0,2.52,1260.0,386.0,68.0,0.64,0.54,31.9,30.0,0.5,0.5,0.0,0.0,1.5,1.5,37000.0,G31_58_H10
2024-02-03 00:00:00,0.0,-1.0,7.0,9.0,21.0,2.66,1330.0,374.0,68.0,0.66,0.56,31.45,29.7,0.43,0.43,0.0,0.0,1.5,1.5,37000.0,G31_58_H10
2024-02-04 00:00:00,0.0,-5.0,8.0,24.0,145.0,2.97,1485.0,341.0,64.0,0.69,0.58,31.2,29.3,0.42,0.42,0.0,0.0,1.5,1.5,37000.0,G31_58_H10
2024-02-05 00:00:00,-1.0,-10.0,9.0,12.0,16.0,2.76,1380.0,350.0,52.0,0.66,0.52,30.8,28.9,0.41,0.41,0.0,0.0,1.5,1.5,37000.0,G31_58_H10
2024-02-06 00:00:00,0.0,-5.0,10.0,4.0,7.0,3.51,1755.0,333.0,44.0,0.7,0.53,30.7,28.8,0.36,0.36,0.0,0.0,1.5,1.5,37000.0,G31_58_H10
2024-02-07 00:00:00,2.0,-4.0,11.0,6.0,10.0,4.34,2170.0,279.0,44.0,0.75,0.59,30.4,28.5,0.35,0.35,0.0,0.0,1.5,1.5,37000.0,G31_58_H10
2024-02-08 00:00:00,6.0,-2.0,12.0,4.0,9.0,4.75,2375.0,235.0,32.0,0.79,0.62,29.7,28.2,0.34,0.34,0.0,0.0,1.5,1.5,37000.0,G31_58_H10
2024-02-09 00:00:00,9.0,-1.0,13.0,5.0,11.0,5.43,2715.0,211.0,36.0,0.82,0.64,30.2,28.0,0.33,0.33,0.0,0.0,1.5,1.5,37000.0,G31_58_H10
2024-02-10 00:00:00,14.0,0.0,14.0,3.0,10.0,5.84,2920.0,150.0,36.0,0.82,0.64,29.2,27.8,0.34,0.36,0.0,0.0,1.5,1.5,37000.0,G31_58_H10
2024-02-11 00:00:00,15.0,2.0,15.0,4.0,12.0,6.34,3170.0,97.0,32.0,0.81,0.69,29.1,27.4,0.35,0.35,0.0,0.0,1.5,1.5,37000.0,G31_58_H10
2024-02-12 00:00:00,19.0,6.0,16.0,3.0,19.0,6.88,3440.0,101.0,32.0,0.67,0.59,28.9,27.4,0.36,0.58,0.0,0.0,1.5,2.0,37000.0,G31_58_H10
2024-02-13 00:00:00,21.0,8.0,17.0,6.0,28.0,7.59,3795.0,60.0,40.0,0.67,0.59,28.9,27.4,0.35,0.58,0.0,0.0,2.0,2.0,37000.0,G31_58_H10
2024-02-14 00:00:00,22.0,4.0,18.0,3.0,25.0,8.42,4210.0,28.0,40.0,0.78,0.62,29.5,27.1,0.38,0.76,0.0,0.0,2.0,2.0,37000.0,G31_58_H10
2024-02-15 00:00:00,9.0,-1.0,19.0,4.0,11.0,9.13,4565.0,50.0,44.0,0.79,0.63,28.7,26.3,0.34,0.45,0.0,0.0,2.0,2.0,37000.0,G31_58_H10
2024-02-16 00:00:00,11.0,0.0,20.0,2.0,24.0,8.78,4390.0,148.0,44.0,0.79,0.62,28.7,26.3,0.35,0.45,0.0,0.0,2.0,2.0,37000.0,G31_58_H10
2024-02-17 00:00:00,18.0,5.0,21.0,6.0,14.0,9.52,4760.0,109.0,44.0,0.79,0.62,28.7,26.1,0.35,0.8,0.0,0.0,2.0,2.0,37000.0,G31_58_H10
2024-02-18 00:00:00,22.0,13.0,22.0,4.0,16.0,10.27,5135.0,10.0,48.0,0.72,0.59,29.2,27.0,0.47,0.75,0.0,0.0,2.0,2.0,37000.0,G31_58_H10
2024-02-19 00:00:00,11.0,1.0,23.0,3.0,24.0,10.44,5220.0,3.0,44.0,0.79,0.71,29.4,25.9,0.36,0.46,0.0,0.0,2.0,2.0,37000.0,G31_58_H10
2024-02-20 00:00:00,2.0,-1.0,24.0,6.0,13.0,10.48,5240.0,151.0,44.0,0.8,0.65,27.7,25.0,0.31,0.31,0.0,0.0,2.0,2.0,37000.0,G31_58_H10
2024-02-21 00:00:00,-1.0,-3.0,25.0,8.0,17.0,10.84,5420.0,198.0,44.0,0.79,0.65,28.0,25.4,0.29,0.29,0.0,0.0,2.0,2.0,37000.0,G31_58_H10
2024-02-22 00:00:00,0.0,-3.0,26.0,4.0,13.0,10.84,5420.0,221.0,48.0,0.79,0.66,27.7,24.8,0.26,0.26,0.0,0.0,2.0,2.0,37000.0,G31_58_H10
2024-02-23 00:00:00,1.0,-3.0,27.0,7.0,22.0,11.35,5675.0,182.0,72.0,0.69,0.62,28.1,25.1,0.28,0.28,0.0,0.0,2.0,2.0,37000.0,G31_58_H10
2024-02-24 00:00:00,1.0,-3.0,28.0,9.0,16.0,12.04,6020.0,132.0,48.0,0.8,0.71,28.3,24.9,0.28,0.28,0.0,0.0,2.0,2.0,37000.0,G31_58_H10
2024-02-25 00:00:00,5.0,-2.0,29.0,7.0,19.0,12.13,6065.0,123.0,52.0,0.8,0.68,27.8,24.5,0.27,0.33,0.0,0.0,2.0,2.0,37000.0,G31_58_H10
2024-02-26 00:00:00,7.0,-2.0,30.0,15.0,27.0,12.6,6300.0,60.0,48.0,0.79,0.64,27.7,24.7,0.27,0.3,0.0,0.0,2.0,2.0,37000.0,G31_58_H10
2024-02-27 00:00:00,7.0,0.0,31.0,18.0,20.0,12.97,6485.0,41.0,56.0,0.79,0.63,27.9,24.5,0.27,0.34,0.0,0.0,2.0,2.0,37000.0,G31_58_H10
2024-02-28 00:00:00,7.0,2.0,32.0,20.0,18.0,12.27,6135.0,37.0,60.0,0.69,0.64,27.3,24.2,0.31,0.31,0.0,0.0,2.0,2.0,37000.0,G31_58_H10
2024-02-29 00:00:00,3.0,-1.0,33.0,40.0,25.0,12.86,6430.0,27.0,56.0,0.79,0.68,26.8,23.5,0.31,0.31,0.0,0.0,2.0,2.0,37000.0,G31_58_H10
2024-03-01 00:00:00,6.0,0.0,34.0,65.0,20.0,12.46,6230.0,27.0,56.0,0.78,0.64,26.7,22.6,0.3,0.34,0.0,0.0,2.0,2.0,37000.0,G31_58_H10
2024-03-02 00:00:00,11.0,1.0,35.0,95.0,5.0,12.45,6225.0,54.0,60.0,0.78,0.63,25.4,22.8,0.27,0.36,0.0,0.0,2.0,2.0,37000.0,G31_58_H10
2024-03-03 00:00:00,14.0,4.0,36.0,144.0,0.0,12.1,6050.0,9.0,76.0,0.78,0.63,25.5,22.6,0.27,0.4,0.0,0.0,2.0,2.0,37000.0,G31_58_H10
2024-03-04 00:00:00,10.0,7.0,37.0,300.0,0.0,11.67,5835.0,9.0,56.0,0.75,0.63,25.5,22.9,0.28,0.4,0.0,0.0,2.0,2.0,37000.0,G31_58_H10
2024-03-05 00:00:00,9.0,5.0,38.0,0.0,0.0,11.67,5835.0,9.0,56.0,0.75,0.63,25.5,22.9,0.28,0.4,0.0,0.0,2.0,2.0,37000.0,G31_58_H10
2024-01-28 00:00:00,12.0,0.0,1.0,30.0,18.0,0.91,455.0,791.0,60.0,0.58,0.5,35.4,32.9,0.67,0.67,0.0,0.0,1.0,1.0,36600.0,G31_58_H11
2024-01-29 00:00:00,13.0,1.0,2.0,7.0,9.0,1.21,605.0,358.0,64.0,0.6,0.55,34.5,32.7,0.52,0.52,0.0,0.0,1.0,1.0,36600.0,G31_58_H11
2024-01-30 00:00:00,11.0,4.0,3.0,15.0,24.0,1.38,690.0,247.0,64.0,0.64,0.6,33.9,31.9,0.51.,0.51.,0.0,0.0,1.0,1.0,36600.0,G31_58_H11
2024-01-31 00:00:00,8.0,0.0,4.0,9.0,13.0,1.48,740.0,247.0,64.0,0.66,0.59,33.0,31.3,0.52,0.52,0.0,0.0,1.0,1.0,36600.0,G31_58_H11
2024-02-01 00:00:00,1.0,-2.0,5.0,8.0,11.0,1.63,815.0,307.0,72.0,0.63,0.55,32.0,29.9,0.52,0.52,0.0,0.0,1.5,1.5,36600.0,G31_58_H11
2024-02-02 00:00:00,0.0,-2.0,6.0,7.0,7.0,1.95,975.0,386.0,80.0,0.62,0.56,31.6,29.2,0.5,0.5,0.0,0.0,1.5,1.5,36600.0,G31_58_H11
2024-02-03 00:00:00,0.0,-1.0,7.0,5.0,6.0,2.07,1035.0,374.0,80.0,0.63,0.57,31.0,28.8,0.43,0.43,0.0,0.0,1.5,1.5,36600.0,G31_58_H11
2024-02-04 00:00:00,0.0,-5.0,8.0,18.0,136.0,2.27,1135.0,341.0,80.0,0.63,0.07,30.7,28.4,0.42,0.42,0.0,0.0,1.5,1.5,36600.0,G31_58_H11
2024-02-05 00:00:00,-1.0,-10.0,9.0,22.0,5.0,2.01,1004.9999999999999,350.0,72.0,0.61,0.51,30.6,27.9,0.41,0.41,0.0,0.0,1.5,1.5,36600.0,G31_58_H11
2024-02-06 00:00:00,0.0,-5.0,10.0,5.0,15.0,2.74,1370.0,333.0,52.0,0.63,0.53,30.1,27.9,0.36,0.36,0.0,0.0,1.5,1.5,36600.0,G31_58_H11
2024-02-07 00:00:00,2.0,-4.0,11.0,6.0,12.0,3.55,1775.0,279.0,44.0,0.66,0.56,29.9,27.9,0.35,0.35,0.0,0.0,1.5,1.5,36600.0,G31_58_H11
2024-02-08 00:00:00,6.0,-2.0,12.0,6.0,12.0,4.03,2015.0000000000002,235.0,32.0,0.67,0.57,29.8,27.6,0.34,0.34,0.0,0.0,1.5,1.5,36600.0,G31_58_H11
2024-02-09 00:00:00,9.0,-1.0,13.0,5.0,9.0,4.42,2210.0,211.0,44.0,0.68,0.59,29.5,27.4,0.33,0.33,0.0,0.0,1.5,1.5,36600.0,G31_58_H11
2024-02-10 00:00:00,14.0,0.0,14.0,4.0,8.0,4.74,2370.0,150.0,44.0,0.68,0.59,29.3,27.0,0.34,0.36,0.0,0.0,1.5,1.5,36600.0,G31_58_H11
2024-02-11 00:00:00,15.0,2.0,15.0,5.0,8.0,5.22,2610.0,97.0,40.0,0.68,0.6,29.0,26.7,0.34,0.34,0.0,0.0,1.5,1.5,36600.0,G31_58_H11
2024-02-12 00:00:00,19.0,6.0,16.0,6.0,11.0,5.75,2875.0,101.0,44.0,0.64,0.58,28.5,26.4,0.35,0.58,0.0,0.0,1.5,2.0,36600.0,G31_58_H11
2024-02-13 00:00:00,21.0,8.0,17.0,6.0,9.0,6.44,3220.0,60.0,40.0,0.64,0.58,28.5,26.4,0.35,0.58,0.0,0.0,2.0,2.0,36600.0,G31_58_H11
2024-02-14 00:00:00,22.0,4.0,18.0,5.0,6.0,6.97,3485.0,28.0,36.0,0.69,0.57,28.9,26.4,0.34,0.6,0.0,0.0,2.0,2.0,36600.0,G31_58_H11
2024-02-15 00:00:00,9.0,-1.0,19.0,9.0,11.0,7.39,3695.0,50.0,48.0,0.68,0.62,28.4,26.1,0.34,0.45,0.0,0.0,2.0,2.0,36600.0,G31_58_H11
2024-02-16 00:00:00,11.0,0.0,20.0,12.0,14.0,7.63,3815.0,148.0,52.0,0.68,0.58,27.5,24.8,0.35,0.45,0.0,0.0,2.0,2.0,36600.0,G31_58_H11
2024-02-17 00:00:00,18.0,5.0,21.0,5.0,5.0,8.0,4000.0,109.0,52.0,0.68,0.58,28.2,25.1,0.35,0.85,0.0,0.0,2.0,2.0,36600.0,G31_58_H11
2024-02-18 00:00:00,22.0,13.0,22.0,6.0,10.0,8.09,4045.0,10.0,44.0,0.77,0.63,29.2,26.3,0.35,0.72,0.0,0.0,2.0,2.0,36600.0,G31_58_H11
2024-02-19 00:00:00,11.0,1.0,23.0,12.0,9.0,8.8,4400.0,3.0,60.0,0.72,0.63,28.4,24.9,0.36,0.36,0.0,0.0,2.0,2.0,36600.0,G31_58_H11
2024-02-20 00:00:00,2.0,-1.0,24.0,32.0,7.0,8.44,4220.0,151.0,60.0,0.68,0.57,27.0,24.3,0.29,0.29,0.0,0.0,2.0,2.0,36600.0,G31_58_H11
2024-02-21 00:00:00,-1.0,-3.0,25.0,9.0,8.0,9.53,4765.0,198.0,68.0,0.7,0.6,27.0,24.3,0.27,0.27,0.0,0.0,2.0,2.0,36600.0,G31_58_H11
2024-02-22 00:00:00,0.0,-3.0,26.0,18.0,7.0,9.73,4865.0,221.0,68.0,0.69,0.6,26.7,24.0,0.23,0.23,0.0,0.0,2.0,2.0,36600.0,G31_58_H11
2024-02-23 00:00:00,1.0,-3.0,27.0,7.0,8.0,10.25,5125.0,182.0,68.0,0.68,0.61,27.0,23.9,0.26,0.26,0.0,0.0,2.0,2.0,36600.0,G31_58_H11
2024-02-24 00:00:00,1.0,-3.0,28.0,3.0,7.0,11.13,5565.0,132.0,64.0,0.69,0.62,27.1,24.0,0.24,0.24,0.0,0.0,2.0,2.0,36600.0,G31_58_H11
2024-02-25 00:00:00,5.0,-2.0,29.0,6.0,19.0,11.83,5915.0,123.0,64.0,0.69,0.64,26.7,23.8,0.25,0.25,0.0,0.0,2.0,2.0,36600.0,G31_58_H11
2024-02-26 00:00:00,7.0,-2.0,30.0,8.0,8.0,12.26,6130.0,60.0,56.0,0.69,0.61,26.5,23.7,0.25,0.28,0.0,0.0,2.0,2.0,36600.0,G31_58_H11
2024-02-27 00:00:00,7.0,0.0,31.0,12.0,15.0,13.02,6510.0,41.0,56.0,0.69,0.63,26.8,23.5,0.25,0.3,0.0,0.0,2.0,2.0,36600.0,G31_58_H11
2024-02-28 00:00:00,7.0,2.0,32.0,14.0,11.0,13.55,6775.0,37.0,60.0,0.78,0.64,26.7,23.4,0.25,0.25,0.0,0.0,2.0,2.0,36600.0,G31_58_H11
2024-02-29 00:00:00,3.0,-1.0,33.0,21.0,18.0,13.57,6785.0,27.0,56.0,0.69,0.67,26.7,23.2,0.25,0.25,0.0,0.0,2.0,2.0,36600.0,G31_58_H11
2024-03-01 00:00:00,6.0,0.0,34.0,28.0,12.0,12.58,6290.0,27.0,56.0,0.69,0.64,25.7,22.6,0.26,0.27,0.0,0.0,2.0,2.0,36600.0,G31_58_H11
2024-03-02 00:00:00,11.0,1.0,35.0,82.0,6.0,11.17,5585.0,54.0,64.0,0.69,0.64,25.5,22.5,0.23,0.3,0.0,0.0,2.0,2.0,36600.0,G31_58_H11
2024-03-03 00:00:00,14.0,4.0,36.0,61.0,6.0,10.43,5215.0,9.0,60.0,0.69,0.64,25.6,22.6,0.23,0.29,0.0,0.0,2.0,2.0,36600.0,G31_58_H11
2024-03-04 00:00:00,10.0,7.0,37.0,63.0,5.0,11.71,5855.0,9.0,64.0,0.69,0.64,25.5,22.1,0.24,0.29,0.0,0.0,2.0,2.0,36600.0,G31_58_H11
2024-03-05 00:00:00,9.0,5.0,38.0,0.0,0.0,11.71,5855.0,9.0,64.0,0.69,0.64,25.5,22.1,0.24,0.29,0.0,0.0,2.0,2.0,36600.0,G31_58_H11
2024-01-28 00:00:00,12.0,0.0,0.0,,,,0.0,,,,,,,,,,,,,36800.0,G31_58_H12
2024-01-29 00:00:00,13.0,1.0,1.0,34.0,36.0,0.9,450.0,358.0,64.0,0.52,0.43,35.2,33.3,0.67,0.67,0.0,0.0,1.0,1.0,36800.0,G31_58_H12
2024-01-30 00:00:00,11.0,4.0,2.0,17.0,77.0,1.11,555.0,247.0,60.0,0.55,0.47,34.4,32.5,0.52,0.52,0.0,0.0,1.0,1.0,36800.0,G31_58_H12
2024-01-31 00:00:00,8.0,0.0,3.0,18.0,90.0,1.69,845.0,247.0,60.0,0.58,0.5,33.6,31.6,0.51,0.51,0.0,0.0,1.0,1.0,36800.0,G31_58_H12
2024-02-01 00:00:00,1.0,-2.0,4.0,15.0,22.0,1.96,980.0,307.0,68.0,0.58,0.48,32.7,30.4,0.51,0.51,0.0,0.0,1.5,1.5,36800.0,G31_58_H12
2024-02-02 00:00:00,0.0,-2.0,5.0,9.0,11.0,2.46,1230.0,386.0,72.0,0.6,0.52,31.9,29.9,0.52,0.52,0.0,0.0,1.5,1.5,36800.0,G31_58_H12
2024-02-03 00:00:00,0.0,-1.0,6.0,8.0,17.0,2.63,1315.0,374.0,76.0,0.62,0.53,31.3,29.5,0.5,0.5,0.0,0.0,1.5,1.5,36800.0,G31_58_H12
2024-02-04 00:00:00,0.0,-5.0,7.0,20.0,155.0,2.88,1440.0,341.0,76.0,0.63,0.04,31.1,29.3,0.43,0.43,0.0,0.0,1.5,1.5,36800.0,G31_58_H12
2024-02-05 00:00:00,-1.0,-10.0,8.0,26.0,10.0,2.57,1285.0,350.0,56.0,0.6,0.49,30.8,28.8,0.42,0.42,0.0,0.0,1.5,1.5,36800.0,G31_58_H12
2024-02-06 00:00:00,0.0,-5.0,9.0,6.0,14.0,3.39,1695.0,333.0,48.0,0.63,0.52,30.0,28.8,0.37,0.37,0.0,0.0,1.5,1.5,36800.0,G31_58_H12
2024-02-07 00:00:00,2.0,-4.0,10.0,5.0,16.0,4.14,2070.0,279.0,36.0,0.64,0.55,30.4,28.5,0.36,0.36,0.0,0.0,1.5,1.5,36800.0,G31_58_H12
2024-02-08 00:00:00,6.0,-2.0,11.0,7.0,12.0,4.55,2275.0,235.0,28.0,0.64,0.58,29.8,28.3,0.35,0.35,0.0,0.0,1.5,1.5,36800.0,G31_58_H12
2024-02-09 00:00:00,9.0,-1.0,12.0,5.0,17.0,4.89,2445.0,211.0,44.0,0.62,0.57,29.7,28.0,0.34,0.34,0.0,0.0,1.5,1.5,36800.0,G31_58_H12
2024-02-10 00:00:00,14.0,0.0,13.0,6.0,17.0,5.15,2575.0,150.0,32.0,0.62,0.57,28.9,26.7,0.35,0.35,0.0,0.0,1.5,1.5,36800.0,G31_58_H12
2024-02-11 00:00:00,15.0,2.0,14.0,5.0,11.0,5.63,2815.0,97.0,32.0,0.64,0.56,28.8,27.4,0.34,0.34,0.0,0.0,1.5,1.5,36800.0,G31_58_H12
2024-02-12 00:00:00,19.0,6.0,15.0,7.0,34.0,6.36,3180.0,101.0,36.0,0.74,0.55,28.6,27.2,0.34,0.58,0.0,0.0,1.5,2.0,36800.0,G31_58_H12
2024-02-13 00:00:00,21.0,8.0,16.0,8.0,30.0,6.94,3470.0,60.0,32.0,0.74,0.55,28.6,27.2,0.36,0.58,0.0,0.0,2.0,2.0,36800.0,G31_58_H12
2024-02-14 00:00:00,22.0,4.0,17.0,6.0,13.0,7.37,3685.0,28.0,40.0,0.63,0.57,29.8,26.9,0.38,0.76,0.0,0.0,2.0,2.0,36800.0,G31_58_H12
2024-02-15 00:00:00,9.0,-1.0,18.0,5.0,20.0,7.89,3945.0,50.0,48.0,0.64,0.58,28.3,26.0,0.34,0.4,0.0,0.0,2.0,2.0,36800.0,G31_58_H12
2024-02-16 00:00:00,11.0,0.0,19.0,8.0,21.0,8.05,4025.0000000000005,148.0,36.0,0.63,0.53,28.2,26.0,0.35,0.4,0.0,0.0,2.0,2.0,36800.0,G31_58_H12
2024-02-17 00:00:00,18.0,5.0,20.0,5.0,6.0,8.62,4310.0,109.0,40.0,0.63,0.53,28.7,26.1,0.35,0.8,0.0,0.0,2.0,2.0,36800.0,G31_58_H12
2024-02-18 00:00:00,22.0,13.0,21.0,6.0,6.0,9.44,4720.0,10.0,48.0,0.69,0.62,29.7,27.0,0.51,0.82,0.0,0.0,2.0,2.0,36800.0,G31_58_H12
2024-02-19 00:00:00,11.0,1.0,22.0,6.0,13.0,10.09,5045.0,3.0,72.0,0.68,0.64,29.3,26.0,0.36,0.46,0.0,0.0,2.0,2.0,36800.0,G31_58_H12
2024-02-20 00:00:00,2.0,-1.0,23.0,8.0,23.0,9.22,4610.0,151.0,44.0,0.64,0.54,27.7,24.7,0.31,0.31,0.0,0.0,2.0,2.0,36800.0,G31_58_H12
2024-02-21 00:00:00,-1.0,-3.0,24.0,7.0,12.0,9.5,4750.0,198.0,44.0,0.73,0.61,27.8,24.8,0.29,0.29,0.0,0.0,2.0,2.0,36800.0,G31_58_H12
2024-02-22 00:00:00,0.0,-3.0,25.0,6.0,11.0,10.14,5070.0,221.0,44.0,0.74,0.61,27.5,24.6,0.26,0.26,0.0,0.0,2.0,2.0,36800.0,G31_58_H12
2024-02-23 00:00:00,1.0,-3.0,26.0,8.0,14.0,10.75,5375.0,182.0,44.0,0.82,0.66,28.3,24.5,0.28,0.28,0.0,0.0,2.0,2.0,36800.0,G31_58_H12
2024-02-24 00:00:00,1.0,-3.0,27.0,8.0,15.0,10.8,5400.0,132.0,48.0,0.73,0.65,28.1,24.6,0.28,0.28,0.0,0.0,2.0,2.0,36800.0,G31_58_H12
2024-02-25 00:00:00,5.0,-2.0,28.0,9.0,25.0,11.14,5570.0,123.0,48.0,0.78,0.67,27.7,24.2,0.27,0.33,0.0,0.0,2.0,2.0,36800.0,G31_58_H12
2024-02-26 00:00:00,7.0,-2.0,29.0,9.0,23.0,11.85,5925.0,60.0,52.0,0.8,0.68,27.4,24.5,0.27,0.3,0.0,0.0,2.0,2.0,36800.0,G31_58_H12
2024-02-27 00:00:00,7.0,0.0,30.0,42.0,21.0,12.09,6045.0,41.0,56.0,0.79,0.65,27.9,24.4,0.27,0.34,0.0,0.0,2.0,2.0,36800.0,G31_58_H12
2024-02-28 00:00:00,7.0,2.0,31.0,44.0,12.0,11.42,5710.0,37.0,64.0,0.8,0.68,27.4,24.3,0.31,0.31,0.0,0.0,2.0,2.0,36800.0,G31_58_H12
2024-02-29 00:00:00,3.0,-1.0,32.0,26.0,14.0,10.99,5495.0,27.0,64.0,0.8,0.71,27.5,23.9,0.31,0.31,0.0,0.0,2.0,2.0,36800.0,G31_58_H12
2024-03-01 00:00:00,6.0,0.0,33.0,41.0,12.0,11.57,5785.0,27.0,64.0,0.78,0.71,25.9,23.3,0.3,0.34,0.0,0.0,2.0,2.0,36800.0,G31_58_H12
2024-03-02 00:00:00,11.0,1.0,34.0,40.0,7.0,10.98,5490.0,54.0,68.0,0.78,0.71,25.4,23.0,0.27,0.36,0.0,0.0,2.0,2.0,36800.0,G31_58_H12
2024-03-03 00:00:00,14.0,4.0,35.0,60.0,5.0,10.59,5295.0,9.0,56.0,0.78,0.71,25.5,22.7,0.27,0.4,0.0,0.0,2.0,2.0,36800.0,G31_58_H12
2024-03-04 00:00:00,10.0,7.0,36.0,100.0,13.0,10.48,5240.0,9.0,72.0,0.64,0.71,25.5,22.9,0.28,0.4,0.0,0.0,2.0,2.0,36800.0,G31_58_H12
2024-03-05 00:00:00,9.0,5.0,37.0,0.0,0.0,10.48,5240.0,9.0,72.0,0.64,0.71,25.5,22.9,0.28,0.4,0.0,0.0,2.0,2.0,36800.0,G31_58_H12
2024-01-28 00:00:00,12.0,0.0,,,,,0.0,,,,,,,,,,,,,34000.0,G31_58_H13
2024-01-29 00:00:00,13.0,1.0,0.0,,,,0.0,,,,,,,,,,,,,34000.0,G31_58_H13
2024-01-30 00:00:00,11.0,4.0,1.0,49.0,16.0,0.8,400.0,247.0,56.0,0.54,0.43,34.8,32.1,0.67,0.67,0.0,0.0,1.0,1.0,34000.0,G31_58_H13
2024-01-31 00:00:00,8.0,0.0,2.0,42.0,9.0,1.04,520.0,247.0,56.0,0.62,0.53,34.0,30.9,0.52,0.52,0.0,0.0,1.0,1.0,34000.0,G31_58_H13
2024-02-01 00:00:00,1.0,-2.0,3.0,25.0,17.0,1.47,735.0,307.0,60.0,0.59,0.49,33.3,30.0,0.52,0.52,0.0,0.0,1.5,1.5,34000.0,G31_58_H13
2024-02-02 00:00:00,0.0,-2.0,4.0,9.0,10.0,1.75,875.0,386.0,64.0,0.58,0.05,31.9,29.4,0.52,0.52,0.0,0.0,1.5,1.5,34000.0,G31_58_H13
2024-02-03 00:00:00,0.0,-1.0,5.0,8.0,7.0,1.92,960.0,374.0,68.0,0.58,0.52,31.4,28.8,0.52,0.52,0.0,0.0,1.5,1.5,34000.0,G31_58_H13
2024-02-04 00:00:00,0.0,-5.0,6.0,11.0,17.0,2.26,1130.0,341.0,68.0,0.61,0.54,31.0,28.4,0.5,0.5,0.0,0.0,1.5,1.5,34000.0,G31_58_H13
2024-02-05 00:00:00,-1.0,-10.0,7.0,19.0,126.0,2.41,1205.0,350.0,68.0,0.63,0.53,30.7,27.8,0.43,0.43,0.0,0.0,1.5,1.5,34000.0,G31_58_H13
2024-02-06 00:00:00,0.0,-5.0,8.0,24.0,2.0,2.28,1140.0,333.0,64.0,0.63,0.48,30.3,27.8,0.37,0.37,0.0,0.0,1.5,1.5,34000.0,G31_58_H13
2024-02-07 00:00:00,2.0,-4.0,9.0,6.0,11.0,2.94,1470.0,279.0,44.0,0.67,0.52,30.3,27.6,0.37,0.37,0.0,0.0,1.5,1.5,34000.0,G31_58_H13
2024-02-08 00:00:00,6.0,-2.0,10.0,5.0,9.0,3.72,1860.0,235.0,40.0,0.69,0.56,30.1,27.2,0.36,0.36,0.0,0.0,1.5,1.5,34000.0,G31_58_H13
2024-02-09 00:00:00,9.0,-1.0,11.0,4.0,7.0,4.21,2105.0,211.0,40.0,0.71,0.58,29.8,27.0,0.35,0.35,0.0,0.0,1.5,1.5,34000.0,G31_58_H13
2024-02-10 00:00:00,14.0,0.0,12.0,5.0,8.0,4.6,2300.0,150.0,40.0,0.71,0.58,29.5,27.7,0.36,0.36,0.0,0.0,1.5,1.5,34000.0,G31_58_H13
2024-02-11 00:00:00,15.0,2.0,13.0,10.0,29.0,5.07,2535.0,97.0,36.0,0.75,0.61,29.5,26.3,0.34,0.34,0.0,0.0,1.5,1.5,34000.0,G31_58_H13
2024-02-12 00:00:00,19.0,6.0,14.0,5.0,38.0,5.34,2670.0,101.0,36.0,0.78,0.59,28.6,25.6,0.35,0.59,0.0,0.0,1.5,2.0,34000.0,G31_58_H13
2024-02-13 00:00:00,21.0,8.0,15.0,4.0,26.0,5.78,2890.0,60.0,36.0,0.78,0.59,28.6,25.6,0.35,0.59,0.0,0.0,2.0,2.0,34000.0,G31_58_H13
2024-02-14 00:00:00,22.0,4.0,16.0,5.0,44.0,6.17,3085.0,28.0,32.0,0.77,0.57,28.7,26.1,0.35,0.63,0.0,0.0,2.0,2.0,34000.0,G31_58_H13
2024-02-15 00:00:00,9.0,-1.0,17.0,6.0,19.0,6.62,3310.0,50.0,44.0,0.75,0.64,28.2,26.2,0.35,0.4,0.0,0.0,2.0,2.0,34000.0,G31_58_H13
2024-02-16 00:00:00,11.0,0.0,18.0,5.0,44.0,7.16,3580.0,148.0,44.0,0.75,0.6,27.3,25.3,0.4,0.4,0.0,0.0,2.0,2.0,34000.0,G31_58_H13
2024-02-17 00:00:00,18.0,5.0,19.0,5.0,38.0,7.43,3715.0,109.0,40.0,0.75,0.6,27.9,24.9,0.35,0.85,0.0,0.0,2.0,2.0,34000.0,G31_58_H13
2024-02-18 00:00:00,22.0,13.0,20.0,4.0,22.0,8.03,4014.9999999999995,10.0,44.0,0.64,0.59,28.7,26.0,0.35,0.72,0.0,0.0,2.0,2.0,34000.0,G31_58_H13
2024-02-19 00:00:00,11.0,1.0,21.0,6.0,27.0,8.11,4054.9999999999995,3.0,56.0,0.8,0.69,28.1,24.9,0.36,0.36,0.0,0.0,2.0,2.0,34000.0,G31_58_H13
2024-02-20 00:00:00,2.0,-1.0,22.0,9.0,45.0,8.2,4100.0,151.0,52.0,0.76,0.6,27.1,24.4,0.32,0.32,0.0,0.0,2.0,2.0,34000.0,G31_58_H13
2024-02-21 00:00:00,-1.0,-3.0,23.0,6.0,19.0,8.58,4290.0,198.0,52.0,0.77,0.62,27.2,24.4,0.26,0.26,0.0,0.0,2.0,2.0,34000.0,G31_58_H13
2024-02-22 00:00:00,0.0,-3.0,24.0,7.0,16.0,8.58,4290.0,221.0,56.0,0.78,0.61,26.7,24.1,0.23,0.23,0.0,0.0,2.0,2.0,34000.0,G31_58_H13
2024-02-23 00:00:00,1.0,-3.0,25.0,8.0,15.0,9.39,4695.0,182.0,56.0,0.83,0.66,27.0,24.1,0.26,0.26,0.0,0.0,2.0,2.0,34000.0,G31_58_H13
2024-02-24 00:00:00,1.0,-3.0,26.0,7.0,11.0,9.51,4755.0,132.0,52.0,0.79,0.66,26.4,24.0,0.25,0.25,0.0,0.0,2.0,2.0,34000.0,G31_58_H13
2024-02-25 00:00:00,5.0,-2.0,27.0,9.0,12.0,9.77,4885.0,123.0,52.0,0.79,0.65,26.9,23.7,0.25,0.25,0.0,0.0,2.0,2.0,34000.0,G31_58_H13
2024-02-26 00:00:00,7.0,-2.0,28.0,24.0,19.0,10.34,5170.0,60.0,52.0,0.79,0.66,27.5,23.7,0.25,0.28,0.0,0.0,2.0,2.0,34000.0,G31_58_H13
2024-02-27 00:00:00,7.0,0.0,29.0,35.0,9.0,10.48,5240.0,41.0,44.0,0.8,0.63,26.8,23.4,0.25,0.3,0.0,0.0,2.0,2.0,34000.0,G31_58_H13
2024-02-28 00:00:00,7.0,2.0,30.0,31.0,12.0,9.85,4925.0,37.0,48.0,0.81,0.67,26.0,23.2,0.25,0.25,0.0,0.0,2.0,2.0,34000.0,G31_58_H13
2024-02-29 00:00:00,3.0,-1.0,31.0,34.0,15.0,10.41,5205.0,27.0,48.0,0.82,0.71,26.2,22.6,0.25,0.25,0.0,0.0,2.0,2.0,34000.0,G31_58_H13
2024-03-01 00:00:00,6.0,0.0,32.0,27.0,6.0,11.03,5515.0,27.0,48.0,0.77,0.69,24.7,21.9,0.26,0.27,0.0,0.0,2.0,2.0,34000.0,G31_58_H13
2024-03-02 00:00:00,11.0,1.0,33.0,52.0,7.0,10.92,5460.0,54.0,60.0,0.77,0.69,25.1,21.6,0.26,0.3,0.0,0.0,2.0,2.0,34000.0,G31_58_H13
2024-03-03 00:00:00,14.0,4.0,34.0,54.0,13.0,11.75,5875.0,9.0,56.0,0.77,0.69,25.4,21.8,0.26,0.29,0.0,0.0,2.0,2.0,34000.0,G31_58_H13
2024-03-04 00:00:00,10.0,7.0,35.0,59.0,0.0,11.7,5850.0,9.0,60.0,0.77,0.69,25.2,21.8,0.24,0.29,0.0,0.0,2.0,2.0,34000.0,G31_58_H13
2024-03-05 00:00:00,9.0,5.0,36.0,97.0,0.0,11.36,5680.0,0.0,60.0,0.77,0.69,25.2,21.8,0.27,0.29,0.0,0.0,2.0,2.0,34000.0,G31_58_H13
2024-01-28 00:00:00,12.0,0.0,0.0,,,,0.0,,,,,,,,,,,,,36900.0,G31_58_H14
2024-01-29 00:00:00,13.0,1.0,1.0,35.0,8.0,0.9,450.0,358.0,60.0,0.5,0.41,35.3,33.4,0.67,0.67,0.0,0.0,1.0,1.0,36900.0,G31_58_H14
2024-01-30 00:00:00,11.0,4.0,2.0,19.0,11.0,1.11,555.0,247.0,64.0,0.59,0.49,34.5,32.4,0.52,0.52,0.0,0.0,1.0,1.0,36900.0,G31_58_H14
2024-01-31 00:00:00,8.0,0.0,3.0,11.0,5.0,1.54,770.0,247.0,64.0,0.63,0.54,33.7,31.7,0.51,0.51,0.0,0.0,1.0,1.0,36900.0,G31_58_H14
2024-02-01 00:00:00,1.0,-2.0,4.0,9.0,15.0,1.89,945.0,307.0,72.0,0.59,0.49,32.7,30.6,0.51,0.51,0.0,0.0,1.5,1.5,36900.0,G31_58_H14
2024-02-02 00:00:00,0.0,-2.0,5.0,4.0,5.0,2.3,1150.0,386.0,76.0,0.61,0.53,31.7,29.9,0.52,0.52,0.0,0.0,1.5,1.5,36900.0,G31_58_H14
2024-02-03 00:00:00,0.0,-1.0,6.0,11.0,6.0,2.45,1225.0,374.0,80.0,0.63,0.55,31.9,29.9,0.5,0.5,0.0,0.0,1.5,1.5,36900.0,G31_58_H14
2024-02-04 00:00:00,0.0,-5.0,7.0,16.0,131.0,2.77,1385.0,341.0,76.0,0.66,0.56,31.0,29.4,0.43,0.43,0.0,0.0,1.5,1.5,36900.0,G31_58_H14
2024-02-05 00:00:00,-1.0,-10.0,8.0,15.0,9.0,2.69,1345.0,350.0,60.0,0.63,0.51,30.7,28.7,0.42,0.42,0.0,0.0,1.5,1.5,36900.0,G31_58_H14
2024-02-06 00:00:00,0.0,-5.0,9.0,4.0,2.0,3.46,1730.0,333.0,52.0,0.67,0.52,30.5,28.5,0.37,0.37,0.0,0.0,1.5,1.5,36900.0,G31_58_H14
2024-02-07 00:00:00,2.0,-4.0,10.0,5.0,10.0,4.22,2110.0,279.0,40.0,0.72,0.56,30.3,28.4,0.36,0.36,0.0,0.0,1.5,1.5,36900.0,G31_58_H14
2024-02-08 00:00:00,6.0,-2.0,11.0,1.0,13.0,4.8,2400.0,235.0,40.0,0.76,0.59,29.9,28.0,0.35,0.35,0.0,0.0,1.5,1.5,36900.0,G31_58_H14
2024-02-09 00:00:00,9.0,-1.0,12.0,9.0,12.0,5.12,2560.0,211.0,36.0,0.76,0.62,29.6,27.9,0.34,0.34,0.0,0.0,1.5,1.5,36900.0,G31_58_H14
2024-02-10 00:00:00,14.0,0.0,13.0,8.0,10.0,5.37,2685.0,150.0,36.0,0.76,0.62,29.6,27.6,0.35,0.35,0.0,0.0,1.5,1.5,36900.0,G31_58_H14
2024-02-11 00:00:00,15.0,2.0,14.0,7.0,22.0,5.99,2995.0,97.0,32.0,0.79,0.63,29.2,27.4,0.34,0.34,0.0,0.0,1.5,1.5,36900.0,G31_58_H14
2024-02-12 00:00:00,19.0,6.0,15.0,2.0,21.0,6.38,3190.0,101.0,32.0,0.74,0.58,28.9,27.0,0.34,0.58,0.0,0.0,1.5,2.0,36900.0,G31_58_H14
2024-02-13 00:00:00,21.0,8.0,16.0,4.0,19.0,7.04,3520.0,60.0,32.0,0.74,0.58,28.9,27.0,0.36,0.58,0.0,0.0,2.0,2.0,36900.0,G31_58_H14
2024-02-14 00:00:00,22.0,4.0,17.0,4.0,12.0,7.68,3840.0,28.0,40.0,0.78,0.6,29.3,26.9,0.38,0.72,0.0,0.0,2.0,2.0,36900.0,G31_58_H14
2024-02-15 00:00:00,9.0,-1.0,18.0,5.0,18.0,8.16,4080.0,50.0,48.0,0.78,0.61,28.7,26.3,0.34,0.4,0.0,0.0,2.0,2.0,36900.0,G31_58_H14
2024-02-16 00:00:00,11.0,0.0,19.0,3.0,16.0,8.42,4210.0,148.0,40.0,0.8,0.61,28.2,26.0,0.34,0.4,0.0,0.0,2.0,2.0,36900.0,G31_58_H14
2024-02-17 00:00:00,18.0,5.0,20.0,3.0,12.0,9.15,4575.0,109.0,40.0,0.8,0.61,28.4,26.1,0.35,0.87,0.0,0.0,2.0,2.0,36900.0,G31_58_H14
2024-02-18 00:00:00,22.0,13.0,21.0,4.0,13.0,9.56,4780.0,10.0,56.0,0.76,0.63,29.4,27.0,0.51,0.82,0.0,0.0,2.0,2.0,36900.0,G31_58_H14
2024-02-19 00:00:00,11.0,1.0,22.0,4.0,11.0,10.0,5000.0,3.0,72.0,0.8,0.68,29.6,25.4,0.36,0.46,0.0,0.0,2.0,2.0,36900.0,G31_58_H14
2024-02-20 00:00:00,2.0,-1.0,23.0,5.0,11.0,9.48,4740.0,151.0,48.0,0.82,0.64,27.7,25.0,0.32,0.32,0.0,0.0,2.0,2.0,36900.0,G31_58_H14
2024-02-21 00:00:00,-1.0,-3.0,24.0,5.0,13.0,10.01,5005.0,198.0,44.0,0.84,0.65,27.7,24.8,0.29,0.29,0.0,0.0,2.0,2.0,36900.0,G31_58_H14
2024-02-22 00:00:00,0.0,-3.0,25.0,6.0,9.0,9.93,4965.0,221.0,48.0,0.84,0.63,27.4,24.3,0.26,0.26,0.0,0.0,2.0,2.0,36900.0,G31_58_H14
2024-02-23 00:00:00,1.0,-3.0,26.0,5.0,6.0,10.65,5325.0,182.0,48.0,0.74,0.63,28.2,24.5,0.28,0.28,0.0,0.0,2.0,2.0,36900.0,G31_58_H14
2024-02-24 00:00:00,1.0,-3.0,27.0,13.0,2.0,11.28,5640.0,132.0,48.0,0.85,0.69,28.1,24.7,0.28,0.28,0.0,0.0,2.0,2.0,36900.0,G31_58_H14
2024-02-25 00:00:00,5.0,-2.0,28.0,21.0,8.0,12.02,6010.0,123.0,52.0,0.84,0.65,27.6,24.1,0.27,0.33,0.0,0.0,2.0,2.0,36900.0,G31_58_H14
2024-02-26 00:00:00,7.0,-2.0,29.0,17.0,6.0,12.69,6345.0,60.0,56.0,0.81,0.63,27.6,24.5,0.27,0.3,0.0,0.0,2.0,2.0,36900.0,G31_58_H14
2024-02-27 00:00:00,7.0,0.0,30.0,19.0,5.0,12.83,6415.0,41.0,60.0,0.81,0.65,27.8,24.5,0.27,0.34,0.0,0.0,2.0,2.0,36900.0,G31_58_H14
2024-02-28 00:00:00,7.0,2.0,31.0,21.0,10.0,12.71,6355.0,37.0,64.0,0.77,0.64,27.7,24.2,0.31,0.31,0.0,0.0,2.0,2.0,36900.0,G31_58_H14
2024-02-29 00:00:00,3.0,-1.0,32.0,39.0,12.0,12.27,6135.0,27.0,64.0,0.83,0.67,27.0,23.6,0.31,0.31,0.0,0.0,2.0,2.0,36900.0,G31_58_H14
2024-03-01 00:00:00,6.0,0.0,33.0,37.0,5.0,11.71,5855.0,27.0,64.0,0.79,0.62,26.0,23.0,0.3,0.34,0.0,0.0,2.0,2.0,36900.0,G31_58_H14
2024-03-02 00:00:00,11.0,1.0,34.0,41.0,6.0,11.16,5580.0,54.0,64.0,0.79,0.62,25.6,22.6,0.27,0.36,0.0,0.0,2.0,2.0,36900.0,G31_58_H14
2024-03-03 00:00:00,14.0,4.0,35.0,52.0,9.0,11.09,5545.0,9.0,76.0,0.79,0.62,25.3,22.5,0.27,0.4,0.0,0.0,2.0,2.0,36900.0,G31_58_H14
2024-03-04 00:00:00,10.0,7.0,36.0,102.0,0.0,11.55,5775.0,9.0,56.0,0.71,0.62,25.3,22.7,0.28,0.4,0.0,0.0,2.0,2.0,36900.0,G31_58_H14
2024-03-05 00:00:00,9.0,5.0,37.0,0.0,0.0,11.55,5775.0,9.0,56.0,0.71,0.62,25.3,22.7,0.28,0.4,0.0,0.0,2.0,2.0,36900.0,G31_58_H14
2024-01-28 00:00:00,12.0,0.0,,,,,0.0,,,,,,,,,,,,,34200.0,G31_58_H16
2024-01-29 00:00:00,13.0,1.0,0.0,,,,0.0,,,,,,,,,,,,,34200.0,G31_58_H16
2024-01-30 00:00:00,11.0,4.0,1.0,48.0,9.0,0.8,400.0,247.0,60.0,0.49,0.43,35.2,33.4,0.67,0.67,0.0,0.0,1.0,1.0,34200.0,G31_58_H16
2024-01-31 00:00:00,8.0,0.0,2.0,26.0,11.0,1.22,610.0,247.0,60.0,0.58,0.52,34.2,32.3,0.52,0.52,0.0,0.0,1.0,1.0,34200.0,G31_58_H16
2024-02-01 00:00:00,1.0,-2.0,3.0,16.0,9.0,1.7,850.0,307.0,76.0,0.55,0.49,33.4,31.3,0.52,0.52,0.0,0.0,1.5,1.5,34200.0,G31_58_H16
2024-02-02 00:00:00,0.0,-2.0,4.0,14.0,11.0,2.04,1020.0,386.0,76.0,0.58,0.52,32.5,30.5,0.52,0.52,0.0,0.0,1.5,1.5,34200.0,G31_58_H16
2024-02-03 00:00:00,0.0,-1.0,5.0,12.0,14.0,2.37,1185.0,374.0,84.0,0.58,0.53,31.9,29.9,0.52,0.52,0.0,0.0,1.5,1.5,34200.0,G31_58_H16
2024-02-04 00:00:00,0.0,-5.0,6.0,10.0,7.0,2.55,1275.0,341.0,76.0,0.62,0.55,31.4,29.7,0.5,0.5,0.0,0.0,1.5,1.5,34200.0,G31_58_H16
2024-02-05 00:00:00,-1.0,-10.0,7.0,27.0,124.0,2.69,1345.0,350.0,76.0,0.65,0.51,31.1,29.1,0.43,0.43,0.0,0.0,1.5,1.5,34200.0,G31_58_H16
2024-02-06 00:00:00,0.0,-5.0,8.0,26.0,7.0,2.54,1270.0,333.0,64.0,0.61,0.51,30.8,28.9,0.37,0.37,0.0,0.0,1.5,1.5,34200.0,G31_58_H16
2024-02-07 00:00:00,2.0,-4.0,9.0,5.0,11.0,3.31,1655.0,279.0,52.0,0.65,0.54,30.6,28.6,0.37,0.37,0.0,0.0,1.5,1.5,34200.0,G31_58_H16
2024-02-08 00:00:00,6.0,-2.0,10.0,4.0,17.0,4.11,2055.0,235.0,32.0,0.69,0.57,30.2,28.4,0.36,0.36,0.0,0.0,1.5,1.5,34200.0,G31_58_H16
2024-02-09 00:00:00,9.0,-1.0,11.0,3.0,13.0,4.51,2255.0,211.0,48.0,0.71,0.6,30.1,8.1,0.35,0.35,0.0,0.0,1.5,1.5,34200.0,G31_58_H16
2024-02-10 00:00:00,14.0,0.0,12.0,3.0,13.0,4.91,2455.0,150.0,40.0,0.71,0.6,29.5,27.8,0.36,0.36,0.0,0.0,1.5,1.5,34200.0,G31_58_H16
2024-02-11 00:00:00,15.0,2.0,13.0,4.0,11.0,5.36,2680.0,97.0,40.0,0.75,0.63,29.0,27.4,0.34,0.34,0.0,0.0,1.5,1.5,34200.0,G31_58_H16
2024-02-12 00:00:00,19.0,6.0,14.0,5.0,13.0,5.55,2775.0,101.0,36.0,0.69,0.61,28.7,27.2,0.35,0.59,0.0,0.0,1.5,2.0,34200.0,G31_58_H16
2024-02-13 00:00:00,21.0,8.0,15.0,2.0,17.0,5.83,2915.0,60.0,36.0,0.69,0.61,28.7,27.2,0.35,0.35,0.0,0.0,2.0,2.0,34200.0,G31_58_H16
2024-02-14 00:00:00,22.0,4.0,16.0,3.0,39.0,6.35,3175.0,28.0,32.0,0.74,0.58,28.9,27.1,0.35,0.63,0.0,0.0,2.0,2.0,34200.0,G31_58_H16
2024-02-15 00:00:00,9.0,-1.0,17.0,5.0,45.0,6.7,3350.0,50.0,40.0,0.72,0.62,28.4,26.1,0.35,0.4,0.0,0.0,2.0,2.0,34200.0,G31_58_H16
2024-02-16 00:00:00,11.0,0.0,18.0,7.0,32.0,6.9,3450.0,148.0,44.0,0.71,0.59,27.9,26.0,0.34,0.4,0.0,0.0,2.0,2.0,34200.0,G31_58_H16
2024-02-17 00:00:00,18.0,5.0,19.0,4.0,31.0,7.45,3725.0,109.0,36.0,0.71,0.59,28.0,26.0,0.35,0.87,0.0,0.0,2.0,2.0,34200.0,G31_58_H16
2024-02-18 00:00:00,22.0,13.0,20.0,3.0,24.0,7.81,3905.0,10.0,40.0,0.76,0.71,28.9,26.5,0.35,0.68,0.0,0.0,2.0,2.0,34200.0,G31_58_H16
2024-02-19 00:00:00,11.0,1.0,21.0,5.0,29.0,8.43,4215.0,3.0,56.0,0.76,0.67,28.7,25.6,0.34,0.36,0.0,0.0,2.0,2.0,34200.0,G31_58_H16
2024-02-20 00:00:00,2.0,-1.0,22.0,3.0,36.0,8.18,4090.0,151.0,56.0,0.73,0.61,27.1,24.8,0.32,0.32,0.0,0.0,2.0,2.0,34200.0,G31_58_H16
2024-02-21 00:00:00,-1.0,-3.0,23.0,4.0,42.0,8.59,4295.0,198.0,56.0,0.74,0.6,26.9,24.3,0.29,0.29,0.0,0.0,2.0,2.0,34200.0,G31_58_H16
2024-02-22 00:00:00,0.0,-3.0,24.0,5.0,39.0,8.63,4315.0,221.0,68.0,0.75,0.6,26.6,24.0,0.26,0.26,0.0,0.0,2.0,2.0,34200.0,G31_58_H16
2024-02-23 00:00:00,1.0,-3.0,25.0,3.0,27.0,9.17,4585.0,182.0,64.0,0.72,0.65,26.5,23.9,0.29,0.29,0.0,0.0,2.0,2.0,34200.0,G31_58_H16
2024-02-24 00:00:00,1.0,-3.0,26.0,6.0,12.0,9.0,4500.0,132.0,52.0,0.76,0.64,26.9,24.2,0.25,0.25,0.0,0.0,2.0,2.0,34200.0,G31_58_H16
2024-02-25 00:00:00,5.0,-2.0,27.0,8.0,28.0,9.53,4765.0,123.0,56.0,0.77,0.66,26.9,24.0,0.25,0.25,0.0,0.0,2.0,2.0,34200.0,G31_58_H16
2024-02-26 00:00:00,7.0,-2.0,28.0,9.0,45.0,9.76,4880.0,60.0,48.0,0.77,0.66,26.8,23.9,0.25,0.28,0.0,0.0,2.0,2.0,34200.0,G31_58_H16
2024-02-27 00:00:00,7.0,0.0,29.0,12.0,41.0,10.36,5180.0,41.0,48.0,0.77,0.63,27.3,24.0,0.25,0.3,0.0,0.0,2.0,2.0,34200.0,G31_58_H16
2024-02-28 00:00:00,7.0,2.0,30.0,19.0,46.0,10.75,5375.0,37.0,52.0,0.72,0.63,26.8,23.7,0.25,0.25,0.0,0.0,2.0,2.0,34200.0,G31_58_H16
2024-02-29 00:00:00,3.0,-1.0,31.0,29.0,21.0,11.37,5685.0,27.0,48.0,0.78,0.68,26.6,23.3,0.25,0.25,0.0,0.0,2.0,2.0,34200.0,G31_58_H16
2024-03-01 00:00:00,6.0,0.0,32.0,74.0,18.0,10.51,5255.0,27.0,48.0,0.77,0.68,25.3,22.5,0.26,0.27,0.0,0.0,2.0,2.0,34200.0,G31_58_H16
2024-03-02 00:00:00,11.0,1.0,33.0,62.0,11.0,9.91,4955.0,54.0,52.0,0.77,0.68,24.7,21.8,0.26,0.35,0.0,0.0,2.0,2.0,34200.0,G31_58_H16
2024-03-03 00:00:00,14.0,4.0,34.0,74.0,12.0,10.68,5340.0,9.0,48.0,0.77,0.68,24.8,22.4,0.26,0.29,0.0,0.0,2.0,2.0,34200.0,G31_58_H16
2024-03-04 00:00:00,10.0,7.0,35.0,91.0,11.0,10.51,5255.0,9.0,60.0,0.77,0.68,24.9,22.5,0.27,0.29,0.0,0.0,2.0,2.0,34200.0,G31_58_H16
2024-03-05 00:00:00,9.0,5.0,36.0,108.0,16.0,10.12,5060.0,0.0,52.0,0.77,0.68,24.9,22.5,0.27,0.29,0.0,0.0,2.0,2.0,34200.0,G31_58_H16
2024-01-28 00:00:00,12.0,0.0,0.0,,,,0.0,,,,,,,,,,,,,34200.0,G31_58_H18
2024-01-29 00:00:00,13.0,1.0,1.0,32.0,7.0,0.91,455.0,358.0,48.0,0.46,0.44,35.9,34.1,0.72,0.72,0.0,0.0,1.0,1.0,34200.0,G31_58_H18
2024-01-30 00:00:00,11.0,4.0,2.0,22.0,5.0,1.12,560.0,247.0,68.0,0.51,0.47,35.2,33.3,0.52,0.52,0.0,0.0,1.0,1.0,34200.0,G31_58_H18
2024-01-31 00:00:00,8.0,0.0,3.0,20.0,8.0,1.29,645.0,247.0,68.0,0.56,0.52,34.5,32.2,0.51,0.51,0.0,0.0,1.0,1.0,34200.0,G31_58_H18
2024-02-01 00:00:00,1.0,-2.0,4.0,16.0,7.0,1.49,745.0,307.0,72.0,0.54,0.5,33.5,31.1,0.51,0.51,0.0,0.0,1.5,1.5,34200.0,G31_58_H18
2024-02-02 00:00:00,0.0,-2.0,5.0,13.0,9.0,1.67,835.0,386.0,76.0,0.56,0.53,32.5,30.3,0.52,0.52,0.0,0.0,1.5,1.5,34200.0,G31_58_H18
2024-02-03 00:00:00,0.0,-1.0,6.0,8.0,11.0,2.05,1025.0,374.0,80.0,0.57,0.55,31.8,30.0,0.5,0.5,0.0,0.0,1.5,1.5,34200.0,G31_58_H18
2024-02-04 00:00:00,0.0,-5.0,7.0,9.0,11.0,2.24,1120.0,341.0,76.0,0.6,0.58,31.4,29.7,0.43,0.43,0.0,0.0,1.5,1.5,34200.0,G31_58_H18
2024-02-05 00:00:00,-1.0,-10.0,8.0,22.0,126.0,2.41,1205.0,350.0,80.0,0.6,0.55,31.1,29.2,0.42,0.42,0.0,0.0,1.5,1.5,34200.0,G31_58_H18
2024-02-06 00:00:00,0.0,-5.0,9.0,21.0,5.0,2.29,1145.0,333.0,56.0,0.6,0.53,30.8,29.2,0.37,0.37,0.0,0.0,1.5,1.5,34200.0,G31_58_H18
2024-02-07 00:00:00,2.0,-4.0,10.0,4.0,13.0,3.08,1540.0,279.0,44.0,0.64,0.57,30.6,28.5,0.36,0.36,0.0,0.0,1.5,1.5,34200.0,G31_58_H18
2024-02-08 00:00:00,6.0,-2.0,11.0,11.0,16.0,3.88,1940.0,235.0,36.0,0.67,0.58,30.2,28.4,0.35,0.35,0.0,0.0,1.5,1.5,34200.0,G31_58_H18
2024-02-09 00:00:00,9.0,-1.0,12.0,2.0,11.0,4.3,2150.0,211.0,44.0,0.68,0.61,30.0,28.2,0.34,0.34,0.0,0.0,1.5,1.5,34200.0,G31_58_H18
2024-02-10 00:00:00,14.0,0.0,13.0,2.0,11.0,4.62,2310.0,150.0,40.0,0.68,0.61,29.4,27.8,0.35,0.35,0.0,0.0,1.5,1.5,34200.0,G31_58_H18
2024-02-11 00:00:00,15.0,2.0,14.0,3.0,12.0,5.05,2525.0,97.0,36.0,0.72,0.65,29.2,27.4,0.34,0.34,0.0,0.0,1.5,1.5,34200.0,G31_58_H18
2024-02-12 00:00:00,19.0,6.0,15.0,6.0,11.0,5.32,2660.0,101.0,36.0,0.76,0.62,28.9,27.2,0.35,0.59,0.0,0.0,1.5,2.0,34200.0,G31_58_H18
2024-02-13 00:00:00,21.0,8.0,16.0,4.0,29.0,5.66,2830.0,60.0,32.0,0.76,0.62,28.9,27.2,0.35,0.35,0.0,0.0,2.0,2.0,34200.0,G31_58_H18
2024-02-14 00:00:00,22.0,4.0,17.0,2.0,20.0,6.32,3160.0,28.0,36.0,0.7,0.61,28.8,26.9,0.35,0.58,0.0,0.0,2.0,2.0,34200.0,G31_58_H18
2024-02-15 00:00:00,9.0,-1.0,18.0,3.0,24.0,6.58,3290.0,50.0,40.0,0.68,0.62,28.3,26.0,0.34,0.4,0.0,0.0,2.0,2.0,34200.0,G31_58_H18
2024-02-16 00:00:00,11.0,0.0,19.0,4.0,33.0,6.78,3390.0,148.0,48.0,0.69,0.62,28.0,25.8,0.34,0.4,0.0,0.0,2.0,2.0,34200.0,G31_58_H18
2024-02-17 00:00:00,18.0,5.0,20.0,6.0,41.0,7.19,3595.0,109.0,44.0,0.69,0.62,28.0,25.7,0.35,0.87,0.0,0.0,2.0,2.0,34200.0,G31_58_H18
2024-02-18 00:00:00,22.0,13.0,21.0,7.0,31.0,7.81,3905.0,10.0,48.0,0.75,0.62,28.6,26.4,0.35,0.68,0.0,0.0,2.0,2.0,34200.0,G31_58_H18
2024-02-19 00:00:00,11.0,1.0,22.0,4.0,27.0,8.3,4150.0,3.0,52.0,0.72,0.68,28.6,25.4,0.34,0.36,0.0,0.0,2.0,2.0,34200.0,G31_58_H18
2024-02-20 00:00:00,2.0,-1.0,23.0,3.0,34.0,7.96,3980.0,151.0,56.0,0.69,0.63,27.0,24.5,0.31,0.31,0.0,0.0,2.0,2.0,34200.0,G31_58_H18
2024-02-21 00:00:00,-1.0,-3.0,24.0,6.0,27.0,8.35,4175.0,198.0,64.0,0.72,0.63,26.8,24.6,0.29,0.29,0.0,0.0,2.0,2.0,34200.0,G31_58_H18
2024-02-22 00:00:00,0.0,-3.0,25.0,4.0,30.0,8.69,4345.0,221.0,72.0,0.73,0.62,26.8,24.0,0.26,0.26,0.0,0.0,2.0,2.0,34200.0,G31_58_H18
2024-02-23 00:00:00,1.0,-3.0,26.0,5.0,31.0,9.31,4655.0,182.0,56.0,0.83,0.65,26.8,24.1,0.29,0.29,0.0,0.0,2.0,2.0,34200.0,G31_58_H18
2024-02-24 00:00:00,1.0,-3.0,27.0,5.0,12.0,9.42,4710.0,132.0,56.0,0.74,0.66,26.9,23.9,0.25,0.25,0.0,0.0,2.0,2.0,34200.0,G31_58_H18
2024-02-25 00:00:00,5.0,-2.0,28.0,7.0,25.0,9.18,4590.0,123.0,56.0,0.73,0.66,26.6,23.8,0.25,0.25,0.0,0.0,2.0,2.0,34200.0,G31_58_H18
2024-02-26 00:00:00,7.0,-2.0,29.0,6.0,39.0,9.87,4935.0,60.0,48.0,0.73,0.66,26.6,23.9,0.25,0.28,0.0,0.0,2.0,2.0,34200.0,G31_58_H18
2024-02-27 00:00:00,7.0,0.0,30.0,9.0,48.0,10.03,5015.0,41.0,52.0,0.73,0.66,26.9,23.5,0.25,0.3,0.0,0.0,2.0,2.0,34200.0,G31_58_H18
2024-02-28 00:00:00,7.0,2.0,31.0,18.0,44.0,9.94,4970.0,37.0,52.0,0.83,0.67,26.5,23.6,0.25,0.25,0.0,0.0,2.0,2.0,34200.0,G31_58_H18
2024-02-29 00:00:00,3.0,-1.0,32.0,26.0,20.0,10.85,5425.0,27.0,52.0,0.72,0.68,26.3,23.1,0.25,0.25,0.0,0.0,2.0,2.0,34200.0,G31_58_H18
2024-03-01 00:00:00,6.0,0.0,33.0,38.0,11.0,10.56,5280.0,27.0,52.0,0.71,0.67,25.5,22.3,0.26,0.26,0.0,0.0,2.0,2.0,34200.0,G31_58_H18
2024-03-02 00:00:00,11.0,1.0,34.0,36.0,8.0,11.09,5545.0,54.0,64.0,0.71,0.67,25.0,21.7,0.26,0.35,0.0,0.0,2.0,2.0,34200.0,G31_58_H18
2024-03-03 00:00:00,14.0,4.0,35.0,67.0,11.0,11.41,5705.0,9.0,52.0,0.71,0.67,25.0,22.0,0.26,0.38,0.0,0.0,2.0,2.0,34200.0,G31_58_H18
2024-03-04 00:00:00,10.0,7.0,36.0,56.0,9.0,12.05,6025.0,9.0,64.0,0.71,0.67,25.1,22.4,0.27,0.38,0.0,0.0,2.0,2.0,34200.0,G31_58_H18
2024-03-05 00:00:00,9.0,5.0,37.0,97.0,9.0,11.87,5935.0,0.0,68.0,0.71,0.67,25.1,22.4,0.27,0.38,0.0,0.0,2.0,2.0,34200.0,G31_58_H18
2024-01-28 00:00:00,12.0,0.0,0.0,,,,0.0,,,,,,,,,,,,,36500.0,G31_58_H20
2024-01-29 00:00:00,13.0,1.0,1.0,33.0,4.0,0.94,470.0,358.0,52.0,0.48,0.43,35.6,34.0,0.67,0.67,0.0,0.0,1.0,1.0,36500.0,G31_58_H20
2024-01-30 00:00:00,11.0,4.0,2.0,26.0,10.0,1.2,600.0,247.0,72.0,0.54,0.48,34.9,33.2,0.52,0.52,0.0,0.0,1.0,1.0,36500.0,G31_58_H20
2024-01-31 00:00:00,8.0,0.0,3.0,20.0,14.0,1.29,645.0,247.0,72.0,0.57,0.5,34.2,32.0,0.51,0.51,0.0,0.0,1.0,1.0,36500.0,G31_58_H20
2024-02-01 00:00:00,1.0,-2.0,4.0,20.0,31.0,1.48,740.0,307.0,84.0,0.54,0.41,33.3,31.1,0.51,0.51,0.0,0.0,1.5,1.5,36500.0,G31_58_H20
2024-02-02 00:00:00,0.0,-2.0,5.0,22.0,24.0,2.11,1055.0,386.0,72.0,0.56,0.47,32.3,30.5,0.52,0.52,0.0,0.0,1.5,1.5,36500.0,G31_58_H20
2024-02-03 00:00:00,0.0,-1.0,6.0,13.0,20.0,2.3,1150.0,374.0,72.0,0.55,0.47,31.8,30.0,0.5,0.5,0.0,0.0,1.5,1.5,36500.0,G31_58_H20
2024-02-04 00:00:00,0.0,-5.0,7.0,17.0,34.0,2.5,1250.0,341.0,80.0,0.6,0.5,31.4,29.5,0.43,0.43,0.0,0.0,1.5,1.5,36500.0,G31_58_H20
2024-02-05 00:00:00,-1.0,-10.0,8.0,45.0,210.0,2.82,1410.0,350.0,72.0,0.59,0.49,31.0,29.1,0.42,0.42,0.0,0.0,1.5,1.5,36500.0,G31_58_H20
2024-02-06 00:00:00,0.0,-5.0,9.0,16.0,32.0,2.64,1320.0,333.0,64.0,0.59,0.48,30.8,28.9,0.37,0.37,0.0,0.0,1.5,1.5,36500.0,G31_58_H20
2024-02-07 00:00:00,2.0,-4.0,10.0,5.0,4.0,3.41,1705.0,279.0,52.0,0.65,0.53,30.4,28.8,0.36,0.36,0.0,0.0,1.5,1.5,36500.0,G31_58_H20
2024-02-08 00:00:00,6.0,-2.0,11.0,6.0,8.0,4.31,2155.0,235.0,36.0,0.68,0.54,30.0,28.5,0.35,0.35,0.0,0.0,1.5,1.5,36500.0,G31_58_H20
2024-02-09 00:00:00,9.0,-1.0,12.0,12.0,25.0,4.64,2320.0,211.0,48.0,0.7,0.56,29.8,28.1,0.34,0.34,0.0,0.0,1.5,1.5,36500.0,G31_58_H20
2024-02-10 00:00:00,14.0,0.0,13.0,7.0,33.0,5.08,2540.0,150.0,40.0,0.7,0.56,29.3,27.8,0.35,0.35,0.0,0.0,1.5,1.5,36500.0,G31_58_H20
2024-02-11 00:00:00,15.0,2.0,14.0,8.0,22.0,5.45,2725.0,97.0,32.0,0.78,0.72,28.9,27.4,0.34,0.34,0.0,0.0,1.5,1.5,36500.0,G31_58_H20
2024-02-12 00:00:00,19.0,6.0,15.0,5.0,31.0,5.96,2980.0,101.0,36.0,0.76,0.6,28.8,27.3,0.35,0.59,0.0,0.0,1.5,2.0,36500.0,G31_58_H20
2024-02-13 00:00:00,21.0,8.0,16.0,5.0,25.0,6.64,3320.0,60.0,36.0,0.76,0.6,28.8,27.3,0.35,0.35,0.0,0.0,2.0,2.0,36500.0,G31_58_H20
2024-02-14 00:00:00,22.0,4.0,17.0,6.0,28.0,7.29,3645.0,28.0,28.0,0.79,0.59,28.9,26.9,0.35,0.58,0.0,0.0,2.0,2.0,36500.0,G31_58_H20
2024-02-15 00:00:00,9.0,-1.0,18.0,6.0,30.0,7.31,3655.0,50.0,40.0,0.73,0.61,28.2,26.2,0.34,0.4,0.0,0.0,2.0,2.0,36500.0,G31_58_H20
2024-02-16 00:00:00,11.0,0.0,19.0,5.0,18.0,7.54,3770.0,148.0,48.0,0.74,0.57,27.8,25.8,0.34,0.4,0.0,0.0,2.0,2.0,36500.0,G31_58_H20
2024-02-17 00:00:00,18.0,5.0,20.0,3.0,18.0,7.8,3900.0,109.0,44.0,0.74,0.57,28.1,25.6,0.35,0.87,0.0,0.0,2.0,2.0,36500.0,G31_58_H20
2024-02-18 00:00:00,22.0,13.0,21.0,7.0,14.0,8.81,4405.0,10.0,44.0,0.7,0.62,28.8,26.5,0.35,0.68,0.0,0.0,2.0,2.0,36500.0,G31_58_H20
2024-02-19 00:00:00,11.0,1.0,22.0,7.0,12.0,8.9,4450.0,3.0,52.0,0.08,0.7,28.6,25.4,0.34,0.36,0.0,0.0,2.0,2.0,36500.0,G31_58_H20
2024-02-20 00:00:00,2.0,-1.0,23.0,9.0,21.0,9.2,4600.0,151.0,56.0,0.78,0.59,27.1,24.8,0.31,0.31,0.0,0.0,2.0,2.0,36500.0,G31_58_H20
2024-02-21 00:00:00,-1.0,-3.0,24.0,11.0,18.0,9.62,4810.0,198.0,60.0,0.79,0.64,26.9,24.6,0.29,0.29,0.0,0.0,2.0,2.0,36500.0,G31_58_H20
2024-02-22 00:00:00,0.0,-3.0,25.0,9.0,12.0,9.84,4920.0,221.0,68.0,0.8,0.65,26.8,24.4,0.26,0.26,0.0,0.0,2.0,2.0,36500.0,G31_58_H20
2024-02-23 00:00:00,1.0,-3.0,26.0,8.0,15.0,10.0,5000.0,182.0,60.0,0.77,0.64,27.0,24.2,0.29,0.29,0.0,0.0,2.0,2.0,36500.0,G31_58_H20
2024-02-24 00:00:00,1.0,-3.0,27.0,7.0,14.0,10.52,5260.0,132.0,60.0,0.83,0.67,27.1,24.1,0.28,0.28,0.0,0.0,2.0,2.0,36500.0,G31_58_H20
2024-02-25 00:00:00,5.0,-2.0,28.0,7.0,16.0,11.69,5845.0,123.0,60.0,0.83,0.65,26.9,23.8,0.26,0.26,0.0,0.0,2.0,2.0,36500.0,G31_58_H20
2024-02-26 00:00:00,7.0,-2.0,29.0,15.0,31.0,10.77,5385.0,60.0,48.0,0.83,0.66,26.7,23.8,0.27,0.27,0.0,0.0,2.0,2.0,36500.0,G31_58_H20
2024-02-27 00:00:00,7.0,0.0,30.0,45.0,9.0,11.63,5815.0,41.0,56.0,0.82,0.66,26.6,23.4,0.27,0.3,0.0,0.0,2.0,2.0,36500.0,G31_58_H20
2024-02-28 00:00:00,7.0,2.0,31.0,57.0,7.0,11.21,5605.0,37.0,40.0,0.78,0.68,26.3,23.4,0.28,0.28,0.0,0.0,2.0,2.0,36500.0,G31_58_H20
2024-02-29 00:00:00,3.0,-1.0,32.0,23.0,7.0,11.44,5720.0,27.0,48.0,0.84,0.72,26.3,23.2,0.28,0.28,0.0,0.0,2.0,2.0,36500.0,G31_58_H20
2024-03-01 00:00:00,6.0,0.0,33.0,40.0,8.0,11.95,5975.0,27.0,48.0,0.82,0.68,25.5,22.1,0.26,0.26,0.0,0.0,2.0,2.0,36500.0,G31_58_H20
2024-03-02 00:00:00,11.0,1.0,34.0,54.0,8.0,11.82,5910.0,54.0,56.0,0.82,0.68,25.5,21.7,0.27,0.35,0.0,0.0,2.0,2.0,36500.0,G31_58_H20
2024-03-03 00:00:00,14.0,4.0,35.0,105.0,15.0,11.56,5780.0,9.0,56.0,0.82,0.68,25.4,22.5,0.27,0.38,0.0,0.0,2.0,2.0,36500.0,G31_58_H20
2024-03-04 00:00:00,10.0,7.0,36.0,130.0,9.0,11.63,5815.0,9.0,64.0,0.75,0.68,25.8,22.6,0.27,0.38,0.0,0.0,2.0,2.0,36500.0,G31_58_H20
2024-03-05 00:00:00,9.0,5.0,37.0,120.0,5.0,11.98,5990.0,0.0,64.0,0.75,0.68,25.8,22.6,0.27,0.38,0.0,0.0,2.0,2.0,36500.0,G31_58_H20
2024-01-28 00:00:00,12.0,0.0,0.0,,,,0.0,,,,,,,,,,,,,36400.0,G31_58_H22
2024-01-29 00:00:00,13.0,1.0,1.0,27.0,3.0,0.94,470.0,358.0,52.0,0.46,0.41,35.6,34.0,0.67,0.67,0.0,0.0,1.0,1.0,36400.0,G31_58_H22
2024-01-30 00:00:00,11.0,4.0,2.0,23.0,16.0,1.15,575.0,247.0,80.0,0.56,0.46,35.3,33.2,0.52,0.52,0.0,0.0,1.0,1.0,36400.0,G31_58_H22
2024-01-31 00:00:00,8.0,0.0,3.0,23.0,99.0,1.37,685.0,247.0,80.0,0.6,0.53,34.2,32.1,0.51,0.51,0.0,0.0,1.0,1.0,36400.0,G31_58_H22
2024-02-01 00:00:00,1.0,-2.0,4.0,50.0,111.0,1.63,815.0,307.0,80.0,0.57,0.47,33.4,31.2,0.51,0.51,0.0,0.0,1.5,1.5,36400.0,G31_58_H22
2024-02-02 00:00:00,0.0,-2.0,5.0,35.0,100.0,2.06,1030.0,386.0,72.0,0.58,0.5,32.4,30.4,0.52,0.52,0.0,0.0,1.5,1.5,36400.0,G31_58_H22
2024-02-03 00:00:00,0.0,-1.0,6.0,26.0,80.0,2.38,1190.0,374.0,88.0,0.6,0.53,31.6,29.8,0.5,0.5,0.0,0.0,1.5,1.5,36400.0,G31_58_H22
2024-02-04 00:00:00,0.0,-5.0,7.0,18.0,50.0,2.46,1230.0,341.0,76.0,0.63,0.56,31.4,29.4,0.43,0.43,0.0,0.0,1.5,1.5,36400.0,G31_58_H22
2024-02-05 00:00:00,-1.0,-10.0,8.0,50.0,430.0,2.7,1350.0,350.0,72.0,0.65,0.53,30.9,29.1,0.42,0.42,0.0,0.0,1.5,1.5,36400.0,G31_58_H22
2024-02-06 00:00:00,0.0,-5.0,9.0,13.0,40.0,2.6,1300.0,333.0,64.0,0.64,0.52,30.8,28.9,0.37,0.37,0.0,0.0,1.5,1.5,36400.0,G31_58_H22
2024-02-07 00:00:00,2.0,-4.0,10.0,14.0,24.0,3.36,1680.0,279.0,56.0,0.69,0.55,30.7,28.7,0.36,0.36,0.0,0.0,1.5,1.5,36400.0,G31_58_H22
2024-02-08 00:00:00,6.0,-2.0,11.0,14.0,6.0,4.15,2075.0,235.0,48.0,0.71,0.59,30.0,28.4,0.35,0.35,0.0,0.0,1.5,1.5,36400.0,G31_58_H22
2024-02-09 00:00:00,9.0,-1.0,12.0,10.0,18.0,4.47,2235.0,211.0,48.0,0.73,0.6,30.0,27.9,0.34,0.34,0.0,0.0,1.5,1.5,36400.0,G31_58_H22
2024-02-10 00:00:00,14.0,0.0,13.0,6.0,18.0,4.86,2430.0,150.0,44.0,0.73,0.6,29.5,2.7.7,0.35,0.35,0.0,0.0,1.5,1.5,36400.0,G31_58_H22
2024-02-11 00:00:00,15.0,2.0,14.0,6.0,20.0,5.31,2655.0,97.0,36.0,0.77,0.66,29.2,27.3,0.34,0.34,0.0,0.0,1.5,1.5,36400.0,G31_58_H22
2024-02-12 00:00:00,19.0,6.0,15.0,7.0,60.0,5.76,2880.0,101.0,40.0,0.79,0.65,29.1,27.4,0.35,0.59,0.0,0.0,1.5,2.0,36400.0,G31_58_H22
2024-02-13 00:00:00,21.0,8.0,16.0,8.0,35.0,6.43,3215.0,60.0,32.0,0.79,0.65,29.1,27.4,0.35,0.35,0.0,0.0,2.0,2.0,36400.0,G31_58_H22
2024-02-14 00:00:00,22.0,4.0,17.0,9.0,40.0,6.86,3430.0,28.0,36.0,0.77,0.65,29.1,27.2,0.35,0.58,0.0,0.0,2.0,2.0,36400.0,G31_58_H22
2024-02-15 00:00:00,9.0,-1.0,18.0,5.0,35.0,6.94,3470.0,50.0,40.0,0.73,0.64,28.7,26.3,0.34,0.4,0.0,0.0,2.0,2.0,36400.0,G31_58_H22
2024-02-16 00:00:00,11.0,0.0,19.0,7.0,33.0,7.16,3580.0,148.0,52.0,0.75,0.6,27.9,25.8,0.34,0.4,0.0,0.0,2.0,2.0,36400.0,G31_58_H22
2024-02-17 00:00:00,18.0,5.0,20.0,5.0,22.0,7.48,3740.0,109.0,48.0,0.75,0.6,28.1,26.0,0.35,0.87,0.0,0.0,2.0,2.0,36400.0,G31_58_H22
2024-02-18 00:00:00,22.0,13.0,21.0,8.0,13.0,8.3,4150.0,10.0,40.0,0.78,0.62,28.8,26.6,0.35,0.68,0.0,0.0,2.0,2.0,36400.0,G31_58_H22
2024-02-19 00:00:00,11.0,1.0,22.0,6.0,32.0,8.35,4175.0,3.0,48.0,0.78,0.7,28.7,25.4,0.34,0.36,0.0,0.0,2.0,2.0,36400.0,G31_58_H22
2024-02-20 00:00:00,2.0,-1.0,23.0,6.0,12.0,8.27,4135.0,151.0,64.0,0.74,0.61,27.5,24.8,0.31,0.31,0.0,0.0,2.0,2.0,36400.0,G31_58_H22
2024-02-21 00:00:00,-1.0,-3.0,24.0,7.0,31.0,8.82,4410.0,198.0,68.0,0.77,0.61,27.3,24.4,0.29,0.29,0.0,0.0,2.0,2.0,36400.0,G31_58_H22
2024-02-22 00:00:00,0.0,-3.0,25.0,5.0,13.0,9.6,4800.0,221.0,76.0,0.77,0.62,27.2,24.5,0.26,0.26,0.0,0.0,2.0,2.0,36400.0,G31_58_H22
2024-02-23 00:00:00,1.0,-3.0,26.0,7.0,14.0,9.6,4800.0,182.0,64.0,0.77,0.69,27.1,24.4,0.29,0.29,0.0,0.0,2.0,2.0,36400.0,G31_58_H22
2024-02-24 00:00:00,1.0,-3.0,27.0,7.0,11.0,10.28,5140.0,132.0,68.0,0.78,0.63,27.3,24.3,0.28,0.28,0.0,0.0,2.0,2.0,36400.0,G31_58_H22
2024-02-25 00:00:00,5.0,-2.0,28.0,10.0,30.0,10.58,5290.0,123.0,68.0,0.77,0.66,27.0,24.1,0.26,0.26,0.0,0.0,2.0,2.0,36400.0,G31_58_H22
2024-02-26 00:00:00,7.0,-2.0,29.0,9.0,8.0,11.09,5545.0,60.0,56.0,0.77,0.67,27.1,24.1,0.27,0.27,0.0,0.0,2.0,2.0,36400.0,G31_58_H22
2024-02-27 00:00:00,7.0,0.0,30.0,30.0,26.0,11.45,5725.0,41.0,52.0,0.78,0.67,27.0,23.8,0.27,0.3,0.0,0.0,2.0,2.0,36400.0,G31_58_H22
2024-02-28 00:00:00,7.0,2.0,31.0,40.0,24.0,10.76,5380.0,37.0,52.0,0.75,0.67,26.4,23.6,0.28,0.28,0.0,0.0,2.0,2.0,36400.0,G31_58_H22
2024-02-29 00:00:00,3.0,-1.0,32.0,50.0,9.0,11.32,5660.0,27.0,56.0,0.78,0.71,26.2,23.3,0.28,0.28,0.0,0.0,2.0,2.0,36400.0,G31_58_H22
2024-03-01 00:00:00,6.0,0.0,33.0,45.0,9.0,11.1,5550.0,27.0,56.0,0.78,0.68,25.7,22.4,0.26,0.26,0.0,0.0,2.0,2.0,36400.0,G31_58_H22
2024-03-02 00:00:00,11.0,1.0,34.0,48.0,26.0,11.22,5610.0,54.0,60.0,0.78,0.68,25.3,21.8,0.27,0.35,0.0,0.0,2.0,2.0,36400.0,G31_58_H22
2024-03-03 00:00:00,14.0,4.0,35.0,94.0,28.0,11.9,5950.0,9.0,56.0,0.78,0.68,25.7,22.4,0.27,0.38,0.0,0.0,2.0,2.0,36400.0,G31_58_H22
2024-03-04 00:00:00,10.0,7.0,36.0,140.0,12.0,11.0,5500.0,9.0,64.0,0.74,0.68,25.9,22.8,0.27,0.38,0.0,0.0,2.0,2.0,36400.0,G31_58_H22
2024-03-05 00:00:00,9.0,5.0,37.0,180.0,12.0,11.03,5515.0,0.0,64.0,0.74,0.68,25.9,22.8,0.27,0.38,0.0,0.0,2.0,2.0,36400.0,G31_58_H22
2024-01-28 00:00:00,12.0,0.0,0.0,,,,0.0,,,,,,,,,,,,,36400.0,G31_58_H24
2024-01-29 00:00:00,13.0,1.0,1.0,30.0,2.0,0.94,470.0,360.0,52.0,0.48,0.41,35.8,33.9,0.67,0.67,3.0,3.0,0.0,0.0,36400.0,G31_58_H24
2024-01-30 00:00:00,11.0,4.0,2.0,20.0,2.0,1.21,605.0,260.0,72.0,0.57,0.48,35.3,33.4,0.52,0.52,3.0,3.0,0.0,0.0,36400.0,G31_58_H24
2024-01-31 00:00:00,8.0,0.0,3.0,26.0,54.0,1.29,645.0,260.0,72.0,0.62,0.54,34.4,32.2,0.51,0.51,3.0,3.0,0.0,0.0,36400.0,G31_58_H24
2024-02-01 00:00:00,1.0,-2.0,4.0,4.0,70.0,1.48,740.0,310.0,72.0,0.59,0.44,33.4,31.0,0.51,0.51,4.0,4.0,0.0,0.0,36400.0,G31_58_H24
2024-02-02 00:00:00,0.0,-2.0,5.0,5.0,95.0,2.11,1055.0,390.0,80.0,0.59,0.5,32.4,30.4,0.52,0.52,4.0,4.0,0.0,0.0,36400.0,G31_58_H24
2024-02-03 00:00:00,0.0,-1.0,6.0,9.0,43.0,2.3,1150.0,377.0,80.0,0.64,0.54,32.1,29.9,0.5,0.5,4.0,4.0,0.0,0.0,36400.0,G31_58_H24
2024-02-04 00:00:00,0.0,-5.0,7.0,15.0,34.0,2.5,1250.0,351.0,68.0,0.72,0.58,31.6,29.6,0.43,0.43,4.0,4.0,0.0,0.0,36400.0,G31_58_H24
2024-02-05 00:00:00,-1.0,-10.0,8.0,20.0,360.0,2.94,1470.0,353.0,76.0,0.66,0.57,31.2,29.2,0.42,0.42,4.0,4.0,0.0,0.0,36400.0,G31_58_H24
2024-02-06 00:00:00,0.0,-5.0,9.0,36.0,2.0,2.74,1370.0,347.0,68.0,0.69,0.56,31.0,29.1,0.37,0.37,4.0,4.0,0.0,0.0,36400.0,G31_58_H24
2024-02-07 00:00:00,2.0,-4.0,10.0,13.0,5.0,3.75,1875.0,288.0,44.0,0.74,0.6,30.9,28.8,0.36,0.36,4.0,4.0,0.0,0.0,36400.0,G31_58_H24
2024-02-08 00:00:00,6.0,-2.0,11.0,0.0,0.0,4.31,2155.0,249.0,36.0,0.76,0.62,30.4,28.5,0.35,0.35,4.0,4.0,0.0,0.0,36400.0,G31_58_H24
2024-02-09 00:00:00,9.0,-1.0,12.0,20.0,7.0,4.66,2330.0,221.0,40.0,0.78,0.66,30.4,28.2,0.34,0.34,4.0,4.0,0.0,0.0,36400.0,G31_58_H24
2024-02-10 00:00:00,14.0,0.0,13.0,19.0,2.0,4.96,2480.0,164.0,36.0,0.78,0.66,29.4,28.0,0.35,0.35,4.0,4.0,0.0,0.0,36400.0,G31_58_H24
2024-02-11 00:00:00,15.0,2.0,14.0,8.0,42.0,5.45,2725.0,112.0,32.0,0.8,0.69,29.3,27.6,0.34,0.34,4.0,4.0,0.0,0.0,36400.0,G31_58_H24
2024-02-12 00:00:00,19.0,6.0,15.0,7.0,31.0,5.64,2820.0,102.0,32.0,0.76,0.66,28.9,27.3,0.35,0.58,4.0,4.0,0.0,0.0,36400.0,G31_58_H24
2024-02-13 00:00:00,21.0,8.0,16.0,9.0,32.0,6.24,3120.0,66.0,36.0,0.76,0.66,28.9,27.3,0.35,0.35,0.0,0.0,2.0,2.0,36400.0,G31_58_H24
2024-02-14 00:00:00,22.0,4.0,17.0,7.0,28.0,7.27,3635.0,44.0,32.0,0.79,0.65,29.0,26.9,0.35,0.58,0.0,0.0,2.0,2.0,36400.0,G31_58_H24
2024-02-15 00:00:00,9.0,-1.0,18.0,8.0,40.0,7.1,3550.0,58.0,36.0,0.74,0.67,28.1,25.8,0.34,0.4,0.0,0.0,2.0,2.0,36400.0,G31_58_H24
2024-02-16 00:00:00,11.0,0.0,19.0,6.0,25.0,7.17,3585.0,160.0,44.0,0.77,0.61,27.9,25.5,0.34,0.4,0.0,0.0,2.0,2.0,36400.0,G31_58_H24
2024-02-17 00:00:00,18.0,5.0,20.0,5.0,18.0,7.61,3805.0,119.0,48.0,0.77,0.61,28.2,25.5,0.35,0.87,0.0,0.0,2.0,2.0,36400.0,G31_58_H24
2024-02-18 00:00:00,22.0,13.0,21.0,4.0,8.0,8.32,4160.0,24.0,40.0,0.77,0.66,28.5,26.5,0.35,0.68,0.0,0.0,2.0,2.0,36400.0,G31_58_H24
2024-02-19 00:00:00,11.0,1.0,22.0,7.0,26.0,8.27,4135.0,4.0,44.0,0.79,0.71,28.6,25.3,0.34,0.36,0.0,0.0,2.0,2.0,36400.0,G31_58_H24
2024-02-20 00:00:00,2.0,-1.0,23.0,4.0,8.0,8.48,4240.0,161.0,48.0,0.77,0.61,26.9,24.2,0.31,0.31,0.0,0.0,2.0,2.0,36400.0,G31_58_H24
2024-02-21 00:00:00,-1.0,-3.0,24.0,6.0,18.0,9.13,4565.0,200.0,60.0,0.77,0.62,26.8,24.2,0.29,0.29,0.0,0.0,2.0,2.0,36400.0,G31_58_H24
2024-02-22 00:00:00,0.0,-3.0,25.0,10.0,12.0,9.25,4625.0,225.0,56.0,0.78,0.64,26.8,24.1,0.26,0.26,0.0,0.0,2.0,2.0,36400.0,G31_58_H24
2024-02-23 00:00:00,1.0,-3.0,26.0,5.0,12.0,9.98,4990.0,192.0,48.0,0.8,0.68,27.0,24.2,0.29,0.29,0.0,0.0,2.0,2.0,36400.0,G31_58_H24
2024-02-24 00:00:00,1.0,-3.0,27.0,8.0,13.0,10.3,5150.0,147.0,48.0,0.76,0.69,27.4,23.9,0.28,0.28,0.0,0.0,2.0,2.0,36400.0,G31_58_H24
2024-02-25 00:00:00,5.0,-2.0,28.0,7.0,18.0,11.01,5505.0,124.0,48.0,0.76,0.63,26.9,23.6,0.26,0.26,0.0,0.0,2.0,2.0,36400.0,G31_58_H24
2024-02-26 00:00:00,7.0,-2.0,29.0,6.0,13.0,10.91,5455.0,70.0,44.0,0.75,0.69,26.8,24.1,0.27,0.27,0.0,0.0,2.0,2.0,36400.0,G31_58_H24
2024-02-27 00:00:00,7.0,0.0,30.0,10.0,33.0,11.91,5955.0,46.0,40.0,0.8,0.67,27.0,24.0,0.27,0.3,0.0,0.0,2.0,2.0,36400.0,G31_58_H24
2024-02-28 00:00:00,7.0,2.0,31.0,13.0,27.0,11.7,5850.0,52.0,40.0,0.78,0.67,26.8,23.3,0.28,0.28,0.0,0.0,2.0,2.0,36400.0,G31_58_H24
2024-02-29 00:00:00,3.0,-1.0,32.0,10.0,9.0,12.1,6050.0,40.0,40.0,0.82,0.71,26.6,23.0,0.28,0.28,0.0,0.0,2.0,2.0,36400.0,G31_58_H24
2024-03-01 00:00:00,6.0,0.0,33.0,20.0,9.0,12.08,6040.0,40.0,40.0,0.79,0.69,25.4,22.2,0.26,0.26,0.0,0.0,2.0,2.0,36400.0,G31_58_H24
2024-03-02 00:00:00,11.0,1.0,34.0,20.0,30.0,10.83,5415.0,64.0,48.0,0.79,0.69,25.2,22.0,0.27,0.35,0.0,0.0,2.0,2.0,36400.0,G31_58_H24
2024-03-03 00:00:00,14.0,4.0,35.0,30.0,28.0,11.09,5545.0,9.0,48.0,0.79,0.69,25.1,22.3,0.27,0.38,0.0,0.0,2.0,2.0,36400.0,G31_58_H24
2024-03-04 00:00:00,10.0,7.0,36.0,29.0,21.0,11.4,5700.0,9.0,52.0,0.76,0.69,25.5,22.6,0.27,0.38,0.0,0.0,2.0,2.0,36400.0,G31_58_H24
2024-03-05 00:00:00,9.0,5.0,37.0,45.0,30.0,11.8,5900.0,3.0,48.0,0.76,0.69,25.5,22.6,0.27,0.38,0.0,0.0,2.0,2.0,36400.0,G31_58_H24
2024-01-22 00:00:00,0.0,-7.0,1.0,22.0,0.0,0.8,400.0,920.0,51.999999999970896,0.49,0.46,36.5,33.0,0.4,0.4,0.0,0.0,1.0,1.0,36000.0,G32_57_H1
2024-01-23 00:00:00,0.0,-6.0,2.0,12.0,18.0,0.94,470.0,413.0,112.00000000004366,0.54,0.46,35.9,32.4,0.4,0.42,0.0,0.0,1.0,1.0,36000.0,G32_57_H1
2024-01-24 00:00:00,4.0,-5.0,3.0,18.0,39.0,1.06,530.0,389.0,107.99999999995634,0.63,0.49,34.8,31.2,0.4,0.42,0.0,0.0,1.0,1.0,36000.0,G32_57_H1
2024-01-25 00:00:00,6.0,-3.0,4.0,23.0,48.0,1.24,620.0,312.0,100.0,0.68,0.54,34.1,30.5,0.4,0.44,0.0,0.0,1.0,1.0,36000.0,G32_57_H1
2024-01-26 00:00:00,8.0,-2.0,5.0,13.0,43.0,1.46,730.0,275.0,64.00000000001455,0.68,0.57,32.4,30.3,0.38,0.38,0.0,0.0,1.0,1.0,36000.0,G32_57_H1
2024-01-27 00:00:00,9.0,-3.0,6.0,9.0,19.0,1.92,960.0,270.0,88.0000000000291,0.72,0.61,32.0,28.3,0.35,0.35,0.0,0.0,1.0,1.0,36000.0,G32_57_H1
2024-01-28 00:00:00,11.0,0.0,7.0,15.0,18.0,2.19,1095.0,237.0,107.99999999995634,0.73,0.65,31.9,29.1,0.34,0.44,0.0,0.0,1.0,1.0,36000.0,G32_57_H1
2024-01-29 00:00:00,12.0,0.0,8.0,11.0,21.0,2.45,1225.0,245.0,104.00000000001455,0.72,0.63,31.4,28.3,0.37,0.43,0.0,0.0,1.5,1.5,36000.0,G32_57_H1
2024-01-30 00:00:00,11.0,4.0,9.0,19.0,211.0,2.94,1470.0,208.0,72.00000000004366,0.77,0.65,31.0,28.1,0.37,0.42,0.0,0.0,1.5,1.5,36000.0,G32_57_H1
2024-01-31 00:00:00,7.0,1.0,10.0,18.0,24.0,2.64,1320.0,176.0,47.999999999956344,0.76,0.62,30.5,28.4,0.41,0.45,0.0,0.0,1.5,1.5,36000.0,G32_57_H1
2024-02-01 00:00:00,1.0,-2.0,11.0,5.0,12.0,3.22,1610.0,197.0,44.00000000001455,0.76,0.64,30.1,27.8,0.38,0.43,0.0,0.0,1.5,1.5,36000.0,G32_57_H1
2024-02-02 00:00:00,1.0,-2.0,12.0,3.0,10.0,4.12,2060.0,258.0,48.000000000029104,0.76,0.63,30.1,27.7,0.34,0.45,0.0,0.0,1.5,1.5,36000.0,G32_57_H1
2024-02-03 00:00:00,0.0,-2.0,13.0,6.0,33.0,4.69,2345.0,268.0,47.999999999956344,0.76,0.65,29.7,27.5,0.37,0.4,0.0,0.0,1.5,1.5,36000.0,G32_57_H1
2024-02-04 00:00:00,-1.0,-5.0,14.0,5.0,33.0,5.1,2550.0,269.0,55.99999999998545,0.75,0.62,29.3,26.9,0.38,0.44,0.0,0.0,1.5,1.5,36000.0,G32_57_H1
2024-02-05 00:00:00,-3.0,-10.0,15.0,4.0,62.0,5.21,2605.0,279.0,56.00000000005821,0.76,0.64,29.0,26.7,0.34,0.39,0.0,0.0,1.5,1.5,36000.0,G32_57_H1
2024-02-06 00:00:00,0.0,-5.0,16.0,3.0,50.0,5.65,2825.0,297.0,55.99999999998545,0.77,0.66,29.3,26.5,0.31,0.36,0.0,0.0,1.5,1.5,36000.0,G32_57_H1
2024-02-07 00:00:00,2.0,-4.0,17.0,4.0,55.0,6.15,3075.0,317.0,40.0,0.73,0.61,28.6,26.0,0.37,0.41,0.0,0.0,1.5,1.5,36000.0,G32_57_H1
2024-02-08 00:00:00,6.0,-2.0,18.0,2.0,37.0,6.91,3455.0,306.0,84.00000000001455,0.75,0.65,28.7,25.5,0.34,0.37,0.0,0.0,1.5,1.5,36000.0,G32_57_H1
2024-02-09 00:00:00,9.0,-1.0,19.0,5.0,45.0,7.45,3725.0,287.0,67.99999999995634,0.76,0.63,28.2,25.3,0.34,0.37,0.0,0.0,1.5,1.5,36000.0,G32_57_H1
2024-02-10 00:00:00,14.0,1.0,20.0,3.0,29.0,7.56,3780.0,213.0,55.99999999998545,0.76,0.63,27.8,24.8,0.32,0.35,0.0,0.0,1.5,1.5,36000.0,G32_57_H1
2024-02-11 00:00:00,15.0,2.0,21.0,4.0,25.0,7.81,3905.0,159.0,48.000000000029104,0.79,0.67,27.5,25.4,0.33,0.4,0.0,0.0,1.5,1.5,36000.0,G32_57_H1
2024-02-12 00:00:00,19.0,6.0,22.0,3.0,22.0,8.32,4160.0,144.0,64.00000000001455,0.75,0.65,26.7,24.4,0.42,0.49,0.0,0.0,2.0,2.0,36000.0,G32_57_H1
2024-02-13 00:00:00,21.0,8.0,23.0,4.0,41.0,8.31,4155.0,111.0,60.0,0.73,0.6,27.1,24.8,0.36,0.43,0.0,0.0,2.0,2.0,36000.0,G32_57_H1
2024-02-14 00:00:00,22.0,4.0,24.0,4.0,24.0,9.12,4560.0,85.0,51.999999999970896,0.76,0.64,28.0,25.0,0.36,0.47,0.0,0.0,2.0,2.0,36000.0,G32_57_H1
2024-02-15 00:00:00,9.0,-1.0,25.0,3.0,31.0,9.13,4565.0,80.0,64.00000000001455,0.76,0.65,27.0,24.3,0.34,0.37,0.0,0.0,2.0,2.0,36000.0,G32_57_H1
2024-02-16 00:00:00,11.0,0.0,26.0,2.0,39.0,9.74,4870.0,256.0,71.9999999999709,0.74,0.62,26.1,23.9,0.32,0.35,0.0,0.0,2.0,2.0,36000.0,G32_57_H1
2024-02-17 00:00:00,18.0,5.0,27.0,3.0,25.0,9.22,4610.0,165.0,60.0,0.75,0.63,28.0,23.9,0.33,0.41,0.0,0.0,2.0,2.0,36000.0,G32_57_H1
2024-02-18 00:00:00,22.0,13.0,28.0,5.0,22.0,9.89,4945.0,7.0,60.0,0.77,0.66,28.8,25.5,0.36,0.62,0.0,0.0,2.0,2.0,36000.0,G32_57_H1
2024-02-19 00:00:00,11.0,1.0,29.0,4.0,18.0,11.34,5670.0,0.0,76.00000000005821,0.82,0.75,27.4,23.9,0.28,0.31,0.0,0.0,2.0,2.0,36000.0,G32_57_H1
2024-02-20 00:00:00,2.0,-1.0,30.0,5.0,16.0,11.96,5980.0,66.0,55.99999999998545,0.81,0.74,25.3,23.0,0.27,0.29,0.0,0.0,2.0,2.0,36000.0,G32_57_H1
2024-02-21 00:00:00,-3.0,-1.0,31.0,6.0,13.0,11.95,5975.0,177.0,64.00000000001455,0.8,0.71,25.3,22.8,0.28,0.28,0.0,0.0,2.0,2.0,36000.0,G32_57_H1
2024-02-22 00:00:00,0.0,-3.0,32.0,7.0,13.0,12.28,6140.0,227.0,83.99999999994179,0.8,0.68,24.7,22.0,0.26,0.31,0.0,0.0,2.0,2.0,36000.0,G32_57_H1
2024-02-23 00:00:00,1.0,-3.0,33.0,5.0,14.0,12.95,6475.0,273.0,72.00000000004366,0.77,0.67,24.5,21.9,0.23,0.27,0.0,0.0,2.0,2.0,36000.0,G32_57_H1
2024-02-24 00:00:00,1.0,-3.0,34.0,39.0,39.0,12.2,6100.0,234.0,75.99999999998545,0.8,0.7,24.3,21.7,0.24,0.26,0.0,0.0,2.0,2.0,36000.0,G32_57_H1
2024-02-25 00:00:00,5.0,-2.0,35.0,53.0,21.0,11.56,5780.0,225.0,100.0,0.83,0.73,23.7,21.5,0.23,0.25,0.0,0.0,2.0,2.0,36000.0,G32_57_H1
2024-02-26 00:00:00,7.0,-2.0,36.0,66.0,9.0,12.19,6095.0,111.0,64.00000000001455,0.82,0.71,23.8,21.1,0.24,0.26,0.0,0.0,2.0,2.0,36000.0,G32_57_H1
2024-02-27 00:00:00,7.0,0.0,37.0,71.0,8.0,12.2,6100.0,120.0,104.00000000001455,0.81,0.68,24.1,20.6,0.25,0.31,0.0,0.0,2.0,2.0,36000.0,G32_57_H1
2024-02-28 00:00:00,7.0,3.0,38.0,0.0,0.0,0.0,0.0,120.0,104.00000000001455,0.0,0.0,0.0,20.0,0.0,0.0,0.0,0.0,2.0,2.0,36000.0,G32_57_H1
2024-02-29 00:00:00,3.0,-1.0,39.0,0.0,0.0,0.0,0.0,0.0,,0.0,0.0,0.0,0.0,0.0,0.0,0.0,0.0,2.0,2.0,36000.0,G32_57_H1
2024-03-01 00:00:00,6.0,0.0,40.0,0.0,0.0,0.0,0.0,0.0,,0.0,0.0,0.0,0.0,0.0,0.0,0.0,0.0,2.0,2.0,36000.0,G32_57_H1
2024-01-22 00:00:00,0.0,-7.0,0.0,,,,,,,,,,,,,,,,,36500.0,G32_57_H2
2024-01-23 00:00:00,0.0,-6.0,1.0,25.0,0.0,0.8,400.0,1334.0,55.99999999998545,0.59,0.48,36.5,33.6,0.4,0.4,0.0,0.0,1.0,1.0,36500.0,G32_57_H2
2024-01-24 00:00:00,4.0,-5.0,2.0,16.0,18.0,1.0,500.0,389.0,152.00000000004366,0.69,0.58,35.1,32.0,0.4,0.42,0.0,0.0,1.0,1.0,36500.0,G32_57_H2
2024-01-25 00:00:00,6.0,-3.0,3.0,13.0,24.0,1.0,500.0,312.0,63.99999999994179,0.7,0.58,34.5,31.5,0.4,0.42,0.0,0.0,1.0,1.0,36500.0,G32_57_H2
2024-01-26 00:00:00,8.0,-2.0,4.0,15.0,42.0,1.36,680.0,275.0,60.0,0.7,0.59,33.5,31.3,0.39,0.39,0.0,0.0,1.0,1.0,36500.0,G32_57_H2
2024-01-27 00:00:00,9.0,-3.0,5.0,13.0,28.0,1.61,805.0,270.0,88.0000000000291,0.74,0.62,32.5,29.8,0.37,0.37,0.0,0.0,1.0,1.0,36500.0,G32_57_H2
2024-01-28 00:00:00,11.0,0.0,6.0,11.0,26.0,2.04,1020.0,237.0,104.00000000001455,0.75,0.64,31.3,28.7,0.46,0.57,0.0,0.0,1.0,1.0,36500.0,G32_57_H2
2024-01-29 00:00:00,12.0,0.0,7.0,9.0,23.0,2.38,1190.0,245.0,104.00000000001455,0.77,0.69,31.1,28.7,0.43,0.48,0.0,0.0,1.0,1.0,36500.0,G32_57_H2
2024-01-30 00:00:00,11.0,4.0,8.0,21.0,243.0,2.7,1350.0,208.0,107.99999999995634,0.81,0.7,30.8,28.5,0.42,0.48,0.0,0.0,1.5,1.5,36500.0,G32_57_H2
2024-01-31 00:00:00,7.0,1.0,9.0,23.0,35.0,2.9,1450.0,176.0,84.00000000001455,0.79,0.68,31.1,28.6,0.47,0.52,0.0,0.0,1.5,1.5,36500.0,G32_57_H2
2024-02-01 00:00:00,1.0,-2.0,10.0,3.0,11.0,3.05,1525.0,197.0,51.999999999970896,0.78,0.66,30.6,27.8,0.45,0.5,0.0,0.0,1.5,1.5,36500.0,G32_57_H2
2024-02-02 00:00:00,1.0,-2.0,11.0,2.0,12.0,3.85,1925.0,258.0,48.000000000029104,0.8,0.66,30.3,27.8,0.36,0.45,0.0,0.0,1.5,1.5,36500.0,G32_57_H2
2024-02-03 00:00:00,0.0,-2.0,12.0,3.0,12.0,4.43,2215.0,268.0,84.00000000001455,0.79,0.67,29.7,27.4,0.42,0.46,0.0,0.0,1.5,1.5,36500.0,G32_57_H2
2024-02-04 00:00:00,-1.0,-5.0,13.0,4.0,13.0,5.01,2505.0,269.0,11.999999999970896,0.78,0.64,29.1,26.8,0.43,0.49,0.0,0.0,1.5,1.5,36500.0,G32_57_H2
2024-02-05 00:00:00,-3.0,-10.0,14.0,3.0,40.0,5.38,2690.0,279.0,60.0,0.75,0.63,29.0,26.4,0.44,0.5,0.0,0.0,1.5,1.5,36500.0,G32_57_H2
2024-02-06 00:00:00,0.0,-5.0,15.0,2.0,50.0,5.94,2970.0,297.0,60.0,0.76,0.63,28.8,26.3,0.4,0.46,0.0,0.0,1.5,1.5,36500.0,G32_57_H2
2024-02-07 00:00:00,2.0,-4.0,16.0,3.0,40.0,6.31,3155.0,317.0,68.0000000000291,0.74,0.6,28.5,25.7,0.4,0.45,0.0,0.0,1.5,1.5,36500.0,G32_57_H2
2024-02-08 00:00:00,6.0,-2.0,17.0,4.0,33.0,7.13,3565.0,306.0,64.00000000001455,0.75,0.62,28.1,25.3,0.41,0.45,0.0,0.0,1.5,1.5,36500.0,G32_57_H2
2024-02-09 00:00:00,9.0,-1.0,18.0,6.0,65.0,7.48,3740.0,287.0,71.9999999999709,0.76,0.61,28.0,24.8,0.41,0.44,0.0,0.0,1.5,1.5,36500.0,G32_57_H2
2024-02-10 00:00:00,14.0,1.0,19.0,4.0,52.0,7.7,3850.0,213.0,55.99999999998545,0.76,0.63,27.8,24.9,0.38,0.41,0.0,0.0,1.5,1.5,36500.0,G32_57_H2
2024-02-11 00:00:00,15.0,2.0,20.0,5.0,29.0,8.13,4065.0,159.0,60.0,0.8,0.68,27.7,25.1,0.37,0.44,0.0,0.0,1.5,1.5,36500.0,G32_57_H2
2024-02-12 00:00:00,19.0,6.0,21.0,6.0,35.0,8.34,4170.0,144.0,60.0,0.78,0.64,27.0,24.7,0.45,0.53,0.0,0.0,2.0,2.0,36500.0,G32_57_H2
2024-02-13 00:00:00,21.0,8.0,22.0,3.0,26.0,8.93,4465.0,111.0,60.0,0.74,0.62,27.4,24.9,0.41,0.49,0.0,0.0,2.0,2.0,36500.0,G32_57_H2
2024-02-14 00:00:00,22.0,4.0,23.0,7.0,37.0,9.65,4825.0,85.0,64.00000000001455,0.76,0.64,27.5,25.2,0.46,0.57,0.0,0.0,2.0,2.0,36500.0,G32_57_H2
2024-02-15 00:00:00,9.0,-1.0,24.0,5.0,35.0,9.62,4810.0,80.0,68.0000000000291,0.78,0.64,26.7,24.3,0.39,0.43,0.0,0.0,2.0,2.0,36500.0,G32_57_H2
2024-02-16 00:00:00,11.0,0.0,25.0,8.0,58.0,9.96,4980.0,256.0,111.9999999999709,0.76,0.62,26.5,23.9,0.34,0.37,0.0,0.0,2.0,2.0,36500.0,G32_57_H2
2024-02-17 00:00:00,18.0,5.0,26.0,7.0,32.0,9.95,4975.0,165.0,24.000000000014552,0.77,0.64,28.4,24.2,0.35,0.44,0.0,0.0,2.0,2.0,36500.0,G32_57_H2
2024-02-18 00:00:00,22.0,13.0,27.0,16.0,35.0,10.06,5030.0,7.0,60.0,0.79,0.68,28.5,25.7,0.39,0.64,0.0,0.0,2.0,2.0,36500.0,G32_57_H2
2024-02-19 00:00:00,11.0,1.0,28.0,18.0,34.0,10.51,5255.0,0.0,67.99999999995634,0.83,0.75,27.5,24.1,0.3,0.32,0.0,0.0,2.0,2.0,36500.0,G32_57_H2
2024-02-20 00:00:00,2.0,-1.0,29.0,16.0,42.0,9.88,4940.0,66.0,52.000000000043656,0.84,0.73,26.0,23.6,0.23,0.25,0.0,0.0,2.0,2.0,36500.0,G32_57_H2
2024-02-21 00:00:00,-3.0,-1.0,30.0,13.0,47.0,10.5,5250.0,177.0,64.00000000001455,0.84,0.73,26.0,23.3,0.22,0.22,0.0,0.0,2.0,2.0,36500.0,G32_57_H2
2024-02-22 00:00:00,0.0,-3.0,31.0,18.0,46.0,11.28,5640.0,227.0,55.99999999998545,0.85,0.71,25.5,22.5,0.22,0.26,0.0,0.0,2.0,2.0,36500.0,G32_57_H2
2024-02-23 00:00:00,1.0,-3.0,32.0,21.0,61.0,11.82,5910.0,273.0,51.999999999970896,0.84,0.71,25.5,22.3,0.2,0.24,0.0,0.0,2.0,2.0,36500.0,G32_57_H2
2024-02-24 00:00:00,1.0,-3.0,33.0,18.0,48.0,11.54,5770.0,234.0,64.00000000001455,0.86,0.73,24.8,22.5,0.22,0.24,0.0,0.0,2.0,2.0,36500.0,G32_57_H2
2024-02-25 00:00:00,5.0,-2.0,34.0,42.0,46.0,12.1,6050.0,225.0,64.00000000001455,0.86,0.73,25.1,21.9,0.24,0.26,0.0,0.0,2.0,2.0,36500.0,G32_57_H2
2024-02-26 00:00:00,7.0,-2.0,35.0,93.0,45.0,11.69,5845.0,111.0,60.0,0.86,0.73,24.5,21.8,0.23,0.25,0.0,0.0,2.0,2.0,36500.0,G32_57_H2
2024-02-27 00:00:00,7.0,0.0,36.0,133.0,44.0,12.01,6005.0,120.0,124.00000000001455,0.86,0.66,24.5,21.2,0.23,0.3,0.0,0.0,2.0,2.0,36500.0,G32_57_H2
2024-02-28 00:00:00,7.0,3.0,37.0,139.0,13.0,11.7,5850.0,120.0,204.00000000001455,0.83,0.71,23.0,20.5,0.25,0.27,0.0,0.0,2.0,2.0,36500.0,G32_57_H2
2024-02-29 00:00:00,3.0,-1.0,38.0,0.0,0.0,0.0,0.0,0.0,,0.0,0.0,0.0,0.0,0.0,0.0,0.0,0.0,2.0,2.0,36500.0,G32_57_H2
2024-03-01 00:00:00,6.0,0.0,39.0,0.0,0.0,0.0,0.0,0.0,,0.0,0.0,0.0,0.0,0.0,0.0,0.0,0.0,2.0,2.0,36500.0,G32_57_H2
2024-01-22 00:00:00,0.0,-7.0,,,,,,,,,,,,,,,,,,37900.0,G32_57_H3
2024-01-23 00:00:00,0.0,-6.0,0.0,,,,,,,,,,,,,,,,,37900.0,G32_57_H3
2024-01-24 00:00:00,4.0,-5.0,1.0,50.0,0.0,0.78,390.0,1176.0,104.00000000001455,0.68,0.57,36.4,32.7,0.4,0.4,0.0,0.0,1.0,1.0,37900.0,G32_57_H3
2024-01-25 00:00:00,6.0,-3.0,2.0,14.0,0.0,0.9,450.0,312.0,60.0,0.69,0.57,36.1,32.4,0.4,0.4,0.0,0.0,1.0,1.0,37900.0,G32_57_H3
2024-01-26 00:00:00,8.0,-2.0,3.0,19.0,20.0,0.85,425.0,275.0,87.99999999995634,0.69,0.54,34.5,32.3,0.4,0.42,0.0,0.0,1.0,1.0,37900.0,G32_57_H3
2024-01-27 00:00:00,9.0,-3.0,4.0,5.0,8.0,1.4,700.0,270.0,80.0,0.74,0.6,33.0,30.9,0.39,0.39,0.0,0.0,1.0,1.0,37900.0,G32_57_H3
2024-01-28 00:00:00,11.0,0.0,5.0,8.0,20.0,1.77,885.0,237.0,104.00000000001455,0.67,0.59,32.2,29.9,0.4,0.53,0.0,0.0,1.0,1.0,37900.0,G32_57_H3
2024-01-29 00:00:00,12.0,0.0,6.0,9.0,40.0,1.81,905.0,245.0,100.0,0.74,0.62,31.6,28.9,0.38,0.44,0.0,0.0,1.0,1.0,37900.0,G32_57_H3
2024-01-30 00:00:00,11.0,4.0,7.0,7.0,33.0,2.1,1050.0,208.0,72.00000000004366,0.79,0.69,30.9,28.7,0.37,0.41,0.0,0.0,1.0,1.0,37900.0,G32_57_H3
2024-01-31 00:00:00,7.0,1.0,8.0,9.0,142.0,2.4,1200.0,176.0,103.99999999994179,0.79,0.71,30.8,28.6,0.35,0.4,0.0,0.0,1.0,1.0,37900.0,G32_57_H3
2024-02-01 00:00:00,1.0,-2.0,9.0,20.0,41.0,2.79,1395.0,197.0,64.00000000001455,0.76,0.68,31.1,28.2,0.35,0.4,0.0,0.0,1.5,1.5,37900.0,G32_57_H3
2024-02-02 00:00:00,1.0,-2.0,10.0,5.0,25.0,2.88,1440.0,259.0,44.00000000001455,0.76,0.65,30.5,28.0,0.35,0.45,0.0,0.0,1.5,1.5,37900.0,G32_57_H3
2024-02-03 00:00:00,0.0,-2.0,11.0,6.0,21.0,3.21,1605.0,268.0,40.0,0.8,0.64,30.3,27.8,0.35,0.39,0.0,0.0,1.5,1.5,37900.0,G32_57_H3
2024-02-04 00:00:00,-1.0,-5.0,12.0,3.0,10.0,3.81,1905.0,269.0,40.0,0.79,0.66,29.6,27.4,0.35,0.39,0.0,0.0,1.5,1.5,37900.0,G32_57_H3
2024-02-05 00:00:00,-3.0,-10.0,13.0,3.0,13.0,4.34,2170.0,279.0,44.00000000001455,0.78,0.65,29.4,27.2,0.34,0.37,0.0,0.0,1.5,1.5,37900.0,G32_57_H3
2024-02-06 00:00:00,0.0,-5.0,14.0,6.0,15.0,4.51,2255.0,297.0,44.00000000001455,0.79,0.66,29.7,27.0,0.31,0.34,0.0,0.0,1.5,1.5,37900.0,G32_57_H3
2024-02-07 00:00:00,2.0,-4.0,15.0,4.0,33.0,4.94,2470.0,317.0,23.999999999941792,0.75,0.67,29.1,26.7,0.33,0.38,0.0,0.0,1.5,1.5,37900.0,G32_57_H3
2024-02-08 00:00:00,6.0,-2.0,16.0,7.0,47.0,5.36,2680.0,306.0,76.00000000005821,0.75,0.63,28.8,26.1,0.34,0.39,0.0,0.0,1.5,1.5,37900.0,G32_57_H3
2024-02-09 00:00:00,9.0,-1.0,17.0,6.0,52.0,5.84,2920.0,287.0,51.999999999970896,0.78,0.64,28.7,25.9,0.35,0.39,0.0,0.0,1.5,1.5,37900.0,G32_57_H3
2024-02-10 00:00:00,14.0,1.0,18.0,4.0,54.0,6.46,3230.0,213.0,51.999999999970896,0.77,0.65,28.2,25.3,0.34,0.38,0.0,0.0,1.5,1.5,37900.0,G32_57_H3
2024-02-11 00:00:00,15.0,2.0,19.0,5.0,59.0,7.01,3505.0,159.0,52.000000000043656,0.79,0.62,29.0,25.2,0.33,0.41,0.0,0.0,1.5,1.5,37900.0,G32_57_H3
2024-02-12 00:00:00,19.0,6.0,20.0,7.0,50.0,7.53,3765.0,145.0,44.00000000001455,0.75,0.63,27.9,25.3,0.39,0.47,0.0,0.0,2.0,2.0,37900.0,G32_57_H3
2024-02-13 00:00:00,21.0,8.0,21.0,5.0,31.0,8.07,4035.0,111.0,51.999999999970896,0.72,0.61,27.6,25.2,0.4,0.47,0.0,0.0,2.0,2.0,37900.0,G32_57_H3
2024-02-14 00:00:00,22.0,4.0,22.0,4.0,28.0,8.34,4170.0,85.0,28.000000000029104,0.73,0.65,27.6,25.3,0.41,0.51,0.0,0.0,2.0,2.0,37900.0,G32_57_H3
2024-02-15 00:00:00,9.0,-1.0,23.0,5.0,13.0,8.54,4270.0,80.0,75.99999999998545,0.75,0.65,27.7,24.8,0.37,0.4,0.0,0.0,2.0,2.0,37900.0,G32_57_H3
2024-02-16 00:00:00,11.0,0.0,24.0,4.0,17.0,9.06,4530.0,257.0,64.00000000001455,0.73,0.62,26.5,24.3,0.34,0.37,0.0,0.0,2.0,2.0,37900.0,G32_57_H3
2024-02-17 00:00:00,18.0,5.0,25.0,3.0,14.0,9.08,4540.0,165.0,60.0,0.73,0.63,28.5,24.7,0.34,0.44,0.0,0.0,2.0,2.0,37900.0,G32_57_H3
2024-02-18 00:00:00,22.0,13.0,26.0,5.0,23.0,9.7,4850.0,7.0,47.999999999956344,0.77,0.65,28.7,25.8,0.38,0.7,0.0,0.0,2.0,2.0,37900.0,G32_57_H3
2024-02-19 00:00:00,11.0,1.0,27.0,4.0,7.0,10.25,5125.0,0.0,60.0,0.81,0.74,28.0,23.9,0.29,0.31,0.0,0.0,2.0,2.0,37900.0,G32_57_H3
2024-02-20 00:00:00,2.0,-1.0,28.0,5.0,12.0,9.74,4870.0,66.0,48.000000000029104,0.82,0.71,26.2,24.1,0.23,0.25,0.0,0.0,2.0,2.0,37900.0,G32_57_H3
2024-02-21 00:00:00,-3.0,-1.0,29.0,3.0,19.0,9.99,4995.0,178.0,51.999999999970896,0.84,0.71,26.0,23.7,0.22,0.22,0.0,0.0,2.0,2.0,37900.0,G32_57_H3
2024-02-22 00:00:00,0.0,-3.0,30.0,5.0,25.0,10.88,5440.0,227.0,60.0,0.82,0.7,25.7,23.4,0.22,0.26,0.0,0.0,2.0,2.0,37900.0,G32_57_H3
2024-02-23 00:00:00,1.0,-3.0,31.0,7.0,25.0,10.61,5305.0,273.0,64.00000000001455,0.81,0.7,25.6,23.3,0.2,0.24,0.0,0.0,2.0,2.0,37900.0,G32_57_H3
2024-02-24 00:00:00,1.0,-3.0,32.0,35.0,45.0,9.35,4675.0,234.0,51.999999999970896,0.84,0.71,25.9,23.7,0.22,0.24,0.0,0.0,2.0,2.0,37900.0,G32_57_H3
2024-02-25 00:00:00,5.0,-2.0,33.0,32.0,31.0,9.52,4760.0,225.0,48.000000000029104,0.83,0.72,26.4,23.2,0.21,0.22,0.0,0.0,2.0,2.0,37900.0,G32_57_H3
2024-02-26 00:00:00,7.0,-2.0,34.0,87.0,21.0,9.9,4950.0,111.0,60.0,0.83,0.71,25.8,23.0,0.2,0.22,0.0,0.0,2.0,2.0,37900.0,G32_57_H3
2024-02-27 00:00:00,7.0,0.0,35.0,70.0,32.0,8.99,4495.0,120.0,51.999999999970896,0.82,0.65,26.0,22.7,0.2,0.24,0.0,0.0,2.0,2.0,37900.0,G32_57_H3
2024-02-28 00:00:00,7.0,3.0,36.0,61.0,28.0,8.43,4215.0,120.0,104.00000000001455,0.79,0.71,24.1,22.0,0.22,0.24,0.0,0.0,2.0,2.0,37900.0,G32_57_H3
2024-02-29 00:00:00,3.0,-1.0,37.0,62.0,38.0,9.14,4570.0,227.0,,0.86,0.75,23.2,20.6,0.21,0.23,0.0,0.0,2.0,2.0,37900.0,G32_57_H3
2024-03-01 00:00:00,6.0,0.0,38.0,0.0,0.0,0.0,0.0,0.0,,0.86,0.75,0.0,0.0,0.0,0.0,0.0,0.0,2.0,2.0,37900.0,G32_57_H3
2024-01-22 00:00:00,0.0,-7.0,,,,,,,,,,,,,,,,,,37900.0,G32_57_H4
2024-01-23 00:00:00,0.0,-6.0,0.0,,,,,,,,,,,,,,,,,37900.0,G32_57_H4
2024-01-24 00:00:00,4.0,-5.0,1.0,45.0,0.0,0.78,390.0,1176.0,100.0,0.69,0.54,36.1,33.0,0.4,0.4,0.0,0.0,1.0,1.0,37900.0,G32_57_H4
2024-01-25 00:00:00,6.0,-3.0,2.0,11.0,0.0,0.92,460.0,312.0,55.99999999998545,0.7,0.58,36.0,32.5,0.4,0.4,0.0,0.0,1.0,1.0,37900.0,G32_57_H4
2024-01-26 00:00:00,8.0,-2.0,3.0,18.0,12.0,0.9,450.0,275.0,64.00000000001455,0.68,0.53,34.3,32.2,0.4,0.42,0.0,0.0,1.0,1.0,37900.0,G32_57_H4
2024-01-27 00:00:00,9.0,-3.0,4.0,4.0,9.0,1.43,715.0,270.0,71.9999999999709,0.68,0.55,34.0,30.9,0.39,0.39,0.0,0.0,1.0,1.0,37900.0,G32_57_H4
2024-01-28 00:00:00,11.0,0.0,5.0,11.0,22.0,1.81,905.0,237.0,100.0,0.68,0.6,32.3,29.9,0.4,0.53,0.0,0.0,1.0,1.0,37900.0,G32_57_H4
2024-01-29 00:00:00,12.0,0.0,6.0,9.0,33.0,2.19,1095.0,245.0,84.00000000001455,0.71,0.61,31.8,28.8,0.38,0.44,0.0,0.0,1.0,1.0,37900.0,G32_57_H4
2024-01-30 00:00:00,11.0,4.0,7.0,8.0,52.0,2.35,1175.0,208.0,88.0000000000291,0.76,0.67,30.9,28.8,0.37,0.41,0.0,0.0,1.0,1.0,37900.0,G32_57_H4
2024-01-31 00:00:00,7.0,1.0,8.0,10.0,138.0,2.69,1345.0,176.0,80.0,0.78,0.67,31.1,28.5,0.35,0.4,0.0,0.0,1.0,1.0,37900.0,G32_57_H4
2024-02-01 00:00:00,1.0,-2.0,9.0,15.0,32.0,2.78,1390.0,197.0,63.99999999994179,0.74,0.64,31.0,28.3,0.35,0.4,0.0,0.0,1.5,1.5,37900.0,G32_57_H4
2024-02-02 00:00:00,1.0,-2.0,10.0,7.0,31.0,2.66,1330.0,259.0,48.000000000029104,0.76,0.63,30.9,28.4,0.35,0.45,0.0,0.0,1.5,1.5,37900.0,G32_57_H4
2024-02-03 00:00:00,0.0,-2.0,11.0,5.0,23.0,3.31,1655.0,268.0,40.0,0.79,0.64,30.7,28.0,0.35,0.39,0.0,0.0,1.5,1.5,37900.0,G32_57_H4
2024-02-04 00:00:00,-1.0,-5.0,12.0,4.0,12.0,3.98,1990.0,269.0,40.0,0.79,0.63,30.2,27.4,0.35,0.39,0.0,0.0,1.5,1.5,37900.0,G32_57_H4
2024-02-05 00:00:00,-3.0,-10.0,13.0,5.0,18.0,4.61,2305.0,279.0,40.0,0.78,0.64,30.1,27.2,0.34,0.37,0.0,0.0,1.5,1.5,37900.0,G32_57_H4
2024-02-06 00:00:00,0.0,-5.0,14.0,7.0,13.0,5.01,2505.0,297.0,44.00000000001455,0.78,0.63,29.6,27.2,0.31,0.34,0.0,0.0,1.5,1.5,37900.0,G32_57_H4
2024-02-07 00:00:00,2.0,-4.0,15.0,3.0,32.0,5.59,2795.0,317.0,47.999999999956344,0.76,0.64,29.9,26.7,0.33,0.38,0.0,0.0,1.5,1.5,37900.0,G32_57_H4
2024-02-08 00:00:00,6.0,-2.0,16.0,5.0,49.0,5.87,2935.0,306.0,52.000000000043656,0.77,0.63,29.3,26.4,0.34,0.39,0.0,0.0,1.5,1.5,37900.0,G32_57_H4
2024-02-09 00:00:00,9.0,-1.0,17.0,6.0,51.0,6.17,3085.0,287.0,55.99999999998545,0.75,0.61,28.7,26.0,0.39,0.44,0.0,0.0,1.5,1.5,37900.0,G32_57_H4
2024-02-10 00:00:00,14.0,1.0,18.0,5.0,59.0,6.73,3365.0,213.0,51.999999999970896,0.76,0.64,28.1,25.3,0.34,0.38,0.0,0.0,1.5,1.5,37900.0,G32_57_H4
2024-02-11 00:00:00,15.0,2.0,19.0,3.0,52.0,7.15,3575.0,159.0,52.000000000043656,0.78,0.64,28.8,25.6,0.33,0.41,0.0,0.0,1.5,1.5,37900.0,G32_57_H4
2024-02-12 00:00:00,19.0,6.0,20.0,5.0,32.0,7.62,3810.0,145.0,51.999999999970896,0.77,0.65,27.4,25.4,0.39,0.47,0.0,0.0,2.0,2.0,37900.0,G32_57_H4
2024-02-13 00:00:00,21.0,8.0,21.0,4.0,23.0,8.14,4070.0,111.0,44.00000000001455,0.74,0.62,27.9,25.6,0.4,0.47,0.0,0.0,2.0,2.0,37900.0,G32_57_H4
2024-02-14 00:00:00,22.0,4.0,22.0,6.0,28.0,8.0,4000.0,85.0,48.000000000029104,0.76,0.65,28.8,26.0,0.41,0.51,0.0,0.0,2.0,2.0,37900.0,G32_57_H4
2024-02-15 00:00:00,9.0,-1.0,23.0,4.0,12.0,8.3,4150.0,80.0,51.999999999970896,0.76,0.65,27.7,25.2,0.37,0.4,0.0,0.0,2.0,2.0,37900.0,G32_57_H4
2024-02-16 00:00:00,11.0,0.0,24.0,5.0,16.0,8.97,4485.0,257.0,64.00000000001455,0.75,0.63,27.4,24.6,0.34,0.37,0.0,0.0,2.0,2.0,37900.0,G32_57_H4
2024-02-17 00:00:00,18.0,5.0,25.0,4.0,16.0,8.92,4460.0,165.0,60.0,0.75,0.64,28.9,25.3,0.34,0.44,0.0,0.0,2.0,2.0,37900.0,G32_57_H4
2024-02-18 00:00:00,22.0,13.0,26.0,8.0,34.0,9.38,4690.0,7.0,47.999999999956344,0.76,0.66,29.2,26.4,0.38,0.7,0.0,0.0,2.0,2.0,37900.0,G32_57_H4
2024-02-19 00:00:00,11.0,1.0,27.0,77.0,13.0,9.62,4810.0,0.0,64.00000000001455,0.8,0.74,28.1,24.3,0.29,0.31,0.0,0.0,2.0,2.0,37900.0,G32_57_H4
2024-02-20 00:00:00,2.0,-1.0,28.0,32.0,12.0,8.85,4425.0,66.0,48.000000000029104,0.82,0.73,26.6,24.7,0.23,0.25,0.0,0.0,2.0,2.0,37900.0,G32_57_H4
2024-02-21 00:00:00,-3.0,-1.0,29.0,12.0,22.0,9.43,4715.0,178.0,47.999999999956344,0.84,0.75,26.1,24.5,0.22,0.22,0.0,0.0,2.0,2.0,37900.0,G32_57_H4
2024-02-22 00:00:00,0.0,-3.0,30.0,6.0,26.0,10.21,5105.0,227.0,52.000000000043656,0.81,0.67,26.3,23.8,0.22,0.26,0.0,0.0,2.0,2.0,37900.0,G32_57_H4
2024-02-23 00:00:00,1.0,-3.0,31.0,13.0,169.0,8.99,4495.0,273.0,64.00000000001455,0.81,0.68,26.3,23.9,0.2,0.24,0.0,0.0,2.0,2.0,37900.0,G32_57_H4
2024-02-24 00:00:00,1.0,-3.0,32.0,52.0,73.0,8.8,4400.0,234.0,55.99999999998545,0.79,0.69,26.3,24.0,0.22,0.24,0.0,0.0,2.0,2.0,37900.0,G32_57_H4
2024-02-25 00:00:00,5.0,-2.0,33.0,78.0,71.0,8.55,4275.0,225.0,51.999999999970896,0.8,0.71,26.3,23.7,0.21,0.22,0.0,0.0,2.0,2.0,37900.0,G32_57_H4
2024-02-26 00:00:00,7.0,-2.0,34.0,280.0,22.0,8.75,4375.0,111.0,52.000000000043656,0.79,0.68,26.1,23.5,0.2,0.22,0.0,0.0,2.0,2.0,37900.0,G32_57_H4
2024-02-27 00:00:00,7.0,0.0,35.0,262.0,34.0,8.4,4200.0,120.0,55.99999999998545,0.79,0.63,26.3,22.8,0.2,0.24,0.0,0.0,2.0,2.0,37900.0,G32_57_H4
2024-02-28 00:00:00,7.0,3.0,36.0,180.0,38.0,8.24,4120.0,120.0,107.99999999995634,0.78,0.7,24.4,22.4,0.22,0.24,0.0,0.0,2.0,2.0,37900.0,G32_57_H4
2024-02-29 00:00:00,3.0,-1.0,37.0,0.0,0.0,0.0,0.0,0.0,,0.0,0.0,0.0,0.0,0.0,0.0,0.0,0.0,2.0,2.0,37900.0,G32_57_H4
2024-03-01 00:00:00,6.0,0.0,38.0,0.0,0.0,0.0,0.0,0.0,,0.0,0.0,0.0,0.0,0.0,0.0,0.0,0.0,2.0,2.0,37900.0,G32_57_H4
2024-01-22 00:00:00,0.0,-7.0,,,,,,,,,,,,,,,,,,37700.0,G32_57_H5
2024-01-23 00:00:00,0.0,-6.0,0.0,,,,,,,,,,,,,,,,,37700.0,G32_57_H5
2024-01-24 00:00:00,4.0,-5.0,1.0,17.0,0.0,0.78,390.0,1176.0,95.99999999998545,0.63,0.55,35.9,31.6,0.4,0.4,0.0,0.0,1.0,1.0,37700.0,G32_57_H5
2024-01-25 00:00:00,6.0,-3.0,2.0,12.0,16.0,0.92,460.0,312.0,47.999999999992724,0.72,0.55,35.7,32.3,0.4,0.4,0.0,0.0,1.0,1.0,37700.0,G32_57_H5
2024-01-26 00:00:00,8.0,-2.0,3.0,15.0,21.0,1.0,500.0,275.0,27.999999999992724,0.67,0.54,34.4,32.0,0.4,0.42,0.0,0.0,1.0,1.0,37700.0,G32_57_H5
2024-01-27 00:00:00,9.0,-3.0,4.0,12.0,18.0,1.32,660.0,270.0,36.00000000002183,0.67,0.54,33.3,31.1,0.39,0.39,0.0,0.0,1.0,1.0,37700.0,G32_57_H5
2024-01-28 00:00:00,11.0,0.0,5.0,10.0,13.0,1.58,790.0,237.0,52.000000000007276,0.68,0.54,32.3,30.0,0.4,0.53,0.0,0.0,1.0,1.0,37700.0,G32_57_H5
2024-01-29 00:00:00,12.0,0.0,6.0,9.0,21.0,2.11,1055.0,245.0,47.999999999992724,0.69,0.6,31.7,29.2,0.38,0.44,0.0,0.0,1.0,1.0,37700.0,G32_57_H5
2024-01-30 00:00:00,11.0,4.0,7.0,5.0,10.0,2.21,1105.0,208.0,72.00000000000728,0.68,0.6,30.9,28.8,0.37,0.41,0.0,0.0,1.0,1.0,37700.0,G32_57_H5
2024-01-31 00:00:00,7.0,1.0,8.0,8.0,15.0,2.54,1270.0,176.0,15.999999999985448,0.67,0.59,31.1,28.5,0.35,0.4,0.0,0.0,1.0,1.0,37700.0,G32_57_H5
2024-02-01 00:00:00,1.0,-2.0,9.0,27.0,126.0,2.73,1365.0,197.0,20.0,0.77,0.64,30.8,28.1,0.35,0.4,0.0,0.0,1.5,1.5,37700.0,G32_57_H5
2024-02-02 00:00:00,1.0,-2.0,10.0,29.0,6.0,3.39,1695.0,259.0,24.000000000014552,0.76,0.65,30.7,28.0,0.35,0.45,0.0,0.0,1.5,1.5,37700.0,G32_57_H5
2024-02-03 00:00:00,0.0,-2.0,11.0,3.0,8.0,3.42,1710.0,268.0,27.999999999992724,0.78,0.64,30.4,27.8,0.35,0.39,0.0,0.0,1.5,1.5,37700.0,G32_57_H5
2024-02-04 00:00:00,-1.0,-5.0,12.0,6.0,11.0,3.82,1910.0,269.0,0.0,0.79,0.66,29.9,27.1,0.35,0.39,0.0,0.0,1.5,1.5,37700.0,G32_57_H5
2024-02-05 00:00:00,-3.0,-10.0,13.0,3.0,4.0,4.59,2295.0,279.0,52.000000000007276,0.78,0.66,29.5,27.0,0.34,0.37,0.0,0.0,1.5,1.5,37700.0,G32_57_H5
2024-02-06 00:00:00,0.0,-5.0,14.0,9.0,15.0,4.97,2485.0,297.0,31.999999999970896,0.77,0.62,29.4,27.1,0.34,0.37,0.0,0.0,1.5,1.5,37700.0,G32_57_H5
2024-02-07 00:00:00,2.0,-4.0,15.0,7.0,17.0,5.32,2660.0,317.0,36.00000000002183,0.74,0.62,29.1,26.6,0.38,0.44,0.0,0.0,1.5,1.5,37700.0,G32_57_H5
2024-02-08 00:00:00,6.0,-2.0,16.0,5.0,26.0,6.76,3380.0,306.0,35.99999999998545,0.76,0.62,29.0,26.1,0.39,0.44,0.0,0.0,1.5,1.5,37700.0,G32_57_H5
2024-02-09 00:00:00,9.0,-1.0,17.0,8.0,21.0,6.15,3075.0,287.0,40.0,0.77,0.62,28.8,26.0,0.44,0.48,0.0,0.0,1.5,1.5,37700.0,G32_57_H5
2024-02-10 00:00:00,14.0,1.0,18.0,10.0,33.0,6.55,3275.0,213.0,24.000000000014552,0.78,0.64,28.9,25.7,0.34,0.38,0.0,0.0,1.5,1.5,37700.0,G32_57_H5
2024-02-11 00:00:00,15.0,2.0,19.0,10.0,28.0,6.88,3440.0,159.0,32.000000000007276,0.78,0.63,28.3,25.6,0.33,0.41,0.0,0.0,1.5,1.5,37700.0,G32_57_H5
2024-02-12 00:00:00,19.0,6.0,20.0,14.0,22.0,7.49,3745.0,145.0,27.999999999992724,0.78,0.65,27.5,25.4,0.39,0.47,0.0,0.0,2.0,2.0,37700.0,G32_57_H5
2024-02-13 00:00:00,21.0,8.0,21.0,8.0,31.0,7.96,3980.0,111.0,32.000000000007276,0.75,0.63,27.5,25.5,0.4,0.47,0.0,0.0,2.0,2.0,37700.0,G32_57_H5
2024-02-14 00:00:00,22.0,4.0,22.0,11.0,22.0,8.07,4035.0,85.0,31.999999999970896,0.78,0.67,28.5,25.8,0.41,0.51,0.0,0.0,2.0,2.0,37700.0,G32_57_H5
2024-02-15 00:00:00,9.0,-1.0,23.0,6.0,43.0,8.5,4250.0,80.0,36.00000000002183,0.79,0.66,27.9,25.1,0.37,0.4,0.0,0.0,2.0,2.0,37700.0,G32_57_H5
2024-02-16 00:00:00,11.0,0.0,24.0,9.0,31.0,8.77,4385.0,257.0,43.99999999997817,0.77,0.67,26.6,24.5,0.34,0.37,0.0,0.0,2.0,2.0,37700.0,G32_57_H5
2024-02-17 00:00:00,18.0,5.0,25.0,10.0,23.0,8.65,4325.0,165.0,32.000000000007276,0.79,0.63,28.6,24.9,0.34,0.44,0.0,0.0,2.0,2.0,37700.0,G32_57_H5
2024-02-18 00:00:00,22.0,13.0,26.0,4.0,24.0,9.52,4760.0,7.0,64.00000000001455,0.79,0.69,28.8,26.1,0.38,0.7,0.0,0.0,2.0,2.0,37700.0,G32_57_H5
2024-02-19 00:00:00,11.0,1.0,27.0,8.0,23.0,10.4,5200.0,0.0,52.000000000007276,0.82,0.71,28.1,24.8,0.29,0.31,0.0,0.0,2.0,2.0,37700.0,G32_57_H5
2024-02-20 00:00:00,2.0,-1.0,28.0,5.0,20.0,9.94,4970.0,66.0,43.99999999997817,0.84,0.73,26.5,24.4,0.23,0.25,0.0,0.0,2.0,2.0,37700.0,G32_57_H5
2024-02-21 00:00:00,-3.0,-1.0,29.0,3.0,15.0,9.56,4780.0,178.0,52.000000000007276,0.83,0.74,26.0,24.1,0.22,0.22,0.0,0.0,2.0,2.0,37700.0,G32_57_H5
2024-02-22 00:00:00,0.0,-3.0,30.0,11.0,18.0,10.66,5330.0,227.0,52.000000000007276,0.84,0.67,25.4,23.4,0.22,0.26,0.0,0.0,2.0,2.0,37700.0,G32_57_H5
2024-02-23 00:00:00,1.0,-3.0,31.0,15.0,12.0,10.9,5450.0,273.0,40.0,0.82,0.69,25.2,23.0,0.2,0.24,0.0,0.0,2.0,2.0,37700.0,G32_57_H5
2024-02-24 00:00:00,1.0,-3.0,32.0,49.0,11.0,10.74,5370.0,234.0,40.0,0.78,0.65,25.4,23.3,0.22,0.24,0.0,0.0,2.0,2.0,37700.0,G32_57_H5
2024-02-25 00:00:00,5.0,-2.0,33.0,54.0,10.0,9.75,4875.0,225.0,55.99999999998545,0.82,0.69,26.1,22.9,0.21,0.22,0.0,0.0,2.0,2.0,37700.0,G32_57_H5
2024-02-26 00:00:00,7.0,-2.0,34.0,83.0,11.0,10.69,5345.0,111.0,47.999999999992724,0.86,0.74,26.9,23.4,0.2,0.22,0.0,0.0,2.0,2.0,37700.0,G32_57_H5
2024-02-27 00:00:00,7.0,0.0,35.0,79.0,9.0,9.25,4625.0,120.0,60.0,0.81,0.64,25.6,22.4,0.21,0.26,0.0,0.0,2.0,2.0,37700.0,G32_57_H5
2024-02-28 00:00:00,7.0,3.0,36.0,93.0,8.0,8.9,4450.0,120.0,24.0,0.87,0.76,24.1,21.7,0.22,0.24,0.0,0.0,2.0,2.0,37700.0,G32_57_H5
2024-02-29 00:00:00,3.0,-1.0,37.0,209.0,0.0,9.16,4580.0,227.0,63.99999999997817,0.88,0.79,24.2,21.5,0.21,0.23,0.0,0.0,2.0,2.0,37700.0,G32_57_H5
2024-03-01 00:00:00,6.0,0.0,38.0,0.0,0.0,0.0,0.0,0.0,,0.88,0.79,0.0,0.0,0.0,0.0,0.0,0.0,2.0,2.0,37700.0,G32_57_H5
2024-01-22 00:00:00,0.0,-7.0,,,,,,,,,,,,,,,,,,37900.0,G32_57_H6
2024-01-23 00:00:00,0.0,-6.0,,,,,,,,,,,,,,,,,,37900.0,G32_57_H6
2024-01-24 00:00:00,4.0,-5.0,0.0,,,,,,,,,,,,,,,,,37900.0,G32_57_H6
2024-01-25 00:00:00,6.0,-3.0,1.0,47.0,18.0,0.76,380.0,1488.0,88.0000000000291,0.71,0.54,35.9,32.5,0.4,0.4,0.0,0.0,1.0,1.0,37900.0,G32_57_H6
2024-01-26 00:00:00,8.0,-2.0,2.0,19.0,13.0,0.97,485.0,275.0,63.99999999994179,0.69,0.51,34.2,32.2,0.4,0.4,0.0,0.0,1.0,1.0,37900.0,G32_57_H6
2024-01-27 00:00:00,9.0,-3.0,3.0,9.0,11.0,1.34,670.0,270.0,72.00000000004366,0.7,0.56,33.3,31.1,0.4,0.4,0.0,0.0,1.0,1.0,37900.0,G32_57_H6
2024-01-28 00:00:00,11.0,0.0,4.0,12.0,18.0,1.62,810.0,237.0,120.0,0.72,0.6,32.2,30.1,0.4,0.53,0.0,0.0,1.0,1.0,37900.0,G32_57_H6
2024-01-29 00:00:00,12.0,0.0,5.0,8.0,14.0,2.16,1080.0,245.0,104.00000000001455,0.76,0.64,31.6,29.4,0.38,0.44,0.0,0.0,1.0,1.0,37900.0,G32_57_H6
2024-01-30 00:00:00,11.0,4.0,6.0,6.0,9.0,2.3,1150.0,208.0,100.0,0.8,0.68,31.4,28.7,0.37,0.41,0.0,0.0,1.0,1.0,37900.0,G32_57_H6
2024-01-31 00:00:00,7.0,1.0,7.0,11.0,12.0,2.67,1335.0,176.0,83.99999999994179,0.78,0.69,30.5,28.4,0.35,0.4,0.0,0.0,1.0,1.0,37900.0,G32_57_H6
2024-02-01 00:00:00,1.0,-2.0,8.0,29.0,166.0,2.98,1490.0,197.0,76.00000000005821,0.78,0.68,30.5,28.1,0.35,0.4,0.0,0.0,1.5,1.5,37900.0,G32_57_H6
2024-02-02 00:00:00,1.0,-2.0,9.0,19.0,7.0,3.4,1700.0,259.0,51.999999999970896,0.77,0.62,30.6,28.2,0.35,0.45,0.0,0.0,1.5,1.5,37900.0,G32_57_H6
2024-02-03 00:00:00,0.0,-2.0,10.0,8.0,15.0,3.53,1765.0,268.0,48.000000000029104,0.77,0.62,29.9,28.0,0.35,0.39,0.0,0.0,1.5,1.5,37900.0,G32_57_H6
2024-02-04 00:00:00,-1.0,-5.0,11.0,5.0,11.0,4.01,2005.0,269.0,40.0,0.79,0.63,29.7,27.4,0.35,0.39,0.0,0.0,1.5,1.5,37900.0,G32_57_H6
2024-02-05 00:00:00,-3.0,-10.0,12.0,6.0,11.0,4.76,2380.0,279.0,40.0,0.78,0.65,29.5,27.2,0.34,0.37,0.0,0.0,1.5,1.5,37900.0,G32_57_H6
2024-02-06 00:00:00,0.0,-5.0,13.0,4.0,14.0,4.95,2475.0,297.0,47.999999999956344,0.77,0.63,29.5,26.9,0.34,0.37,0.0,0.0,1.5,1.5,37900.0,G32_57_H6
2024-02-07 00:00:00,2.0,-4.0,14.0,11.0,18.0,5.41,2705.0,317.0,52.000000000043656,0.76,0.64,29.2,26.5,0.38,0.44,0.0,0.0,1.5,1.5,37900.0,G32_57_H6
2024-02-08 00:00:00,6.0,-2.0,15.0,9.0,39.0,6.8,3400.0,306.0,60.0,0.77,0.62,28.8,26.1,0.39,0.44,0.0,0.0,1.5,1.5,37900.0,G32_57_H6
2024-02-09 00:00:00,9.0,-1.0,16.0,6.0,41.0,6.28,3140.0,287.0,60.0,0.76,0.62,28.7,25.9,0.44,0.48,0.0,0.0,1.5,1.5,37900.0,G32_57_H6
2024-02-10 00:00:00,14.0,1.0,17.0,13.0,43.0,6.6,3300.0,213.0,51.999999999970896,0.79,0.63,28.4,25.6,0.34,0.38,0.0,0.0,1.5,1.5,37900.0,G32_57_H6
2024-02-11 00:00:00,15.0,2.0,18.0,12.0,30.0,7.13,3565.0,159.0,55.99999999998545,0.79,0.64,28.3,25.4,0.33,0.41,0.0,0.0,1.5,1.5,37900.0,G32_57_H6
2024-02-12 00:00:00,19.0,6.0,19.0,9.0,24.0,7.68,3840.0,145.0,48.000000000029104,0.77,0.66,27.7,25.2,0.39,0.47,0.0,0.0,2.0,2.0,37900.0,G32_57_H6
2024-02-13 00:00:00,21.0,8.0,20.0,11.0,23.0,8.23,4115.0,111.0,51.999999999970896,0.76,0.63,27.9,25.5,0.4,0.47,0.0,0.0,2.0,2.0,37900.0,G32_57_H6
2024-02-14 00:00:00,22.0,4.0,21.0,6.0,17.0,8.7,4350.0,85.0,55.99999999998545,0.79,0.66,27.7,25.5,0.41,0.51,0.0,0.0,2.0,2.0,37900.0,G32_57_H6
2024-02-15 00:00:00,9.0,-1.0,22.0,8.0,24.0,8.64,4320.0,80.0,56.00000000005821,0.8,0.68,27.3,24.7,0.37,0.4,0.0,0.0,2.0,2.0,37900.0,G32_57_H6
2024-02-16 00:00:00,11.0,0.0,23.0,13.0,48.0,8.86,4430.0,257.0,71.9999999999709,0.78,0.65,26.5,24.2,0.34,0.37,0.0,0.0,2.0,2.0,37900.0,G32_57_H6
2024-02-17 00:00:00,18.0,5.0,24.0,6.0,18.0,8.98,4490.0,165.0,55.99999999998545,0.8,0.62,28.3,24.6,0.34,0.44,0.0,0.0,2.0,2.0,37900.0,G32_57_H6
2024-02-18 00:00:00,22.0,13.0,25.0,9.0,12.0,9.74,4870.0,8.0,40.0,0.83,0.7,28.7,26.0,0.38,0.7,0.0,0.0,2.0,2.0,37900.0,G32_57_H6
2024-02-19 00:00:00,11.0,1.0,26.0,11.0,27.0,10.04,5020.0,0.0,80.0,0.85,0.79,27.8,24.4,0.29,0.31,0.0,0.0,2.0,2.0,37900.0,G32_57_H6
2024-02-20 00:00:00,2.0,-1.0,27.0,7.0,29.0,9.87,4935.0,66.0,52.000000000043656,0.86,0.75,26.0,24.2,0.23,0.25,0.0,0.0,2.0,2.0,37900.0,G32_57_H6
2024-02-21 00:00:00,-3.0,-1.0,28.0,9.0,21.0,9.72,4860.0,178.0,51.999999999970896,0.86,0.78,26.1,23.7,0.22,0.22,0.0,0.0,2.0,2.0,37900.0,G32_57_H6
2024-02-22 00:00:00,0.0,-3.0,29.0,6.0,26.0,10.43,5215.0,227.0,60.0,0.86,0.78,25.8,22.7,0.22,0.26,0.0,0.0,2.0,2.0,37900.0,G32_57_H6
2024-02-23 00:00:00,1.0,-3.0,30.0,11.0,12.0,11.1,5550.0,273.0,71.9999999999709,0.86,0.74,25.5,23.3,0.2,0.24,0.0,0.0,2.0,2.0,37900.0,G32_57_H6
2024-02-24 00:00:00,1.0,-3.0,31.0,24.0,9.0,11.87,5935.0,234.0,80.0,0.86,0.76,25.1,22.7,0.22,0.24,0.0,0.0,2.0,2.0,37900.0,G32_57_H6
2024-02-25 00:00:00,5.0,-2.0,32.0,32.0,12.0,11.78,5890.0,225.0,80.0,0.86,0.73,25.3,22.2,0.21,0.22,0.0,0.0,2.0,2.0,37900.0,G32_57_H6
2024-02-26 00:00:00,7.0,-2.0,33.0,156.0,14.0,11.2,5600.0,111.0,68.0000000000291,0.87,0.77,26.6,22.6,0.2,0.22,0.0,0.0,2.0,2.0,37900.0,G32_57_H6
2024-02-27 00:00:00,7.0,0.0,34.0,161.0,8.0,9.71,4855.0,120.0,64.00000000001455,0.86,0.69,24.9,22.0,0.21,0.26,0.0,0.0,2.0,2.0,37900.0,G32_57_H6
2024-02-28 00:00:00,7.0,3.0,35.0,131.0,12.0,10.42,5210.0,120.0,135.99999999998545,0.82,0.68,23.7,21.2,0.22,0.24,0.0,0.0,2.0,2.0,37900.0,G32_57_H6
2024-02-29 00:00:00,3.0,-1.0,36.0,119.0,0.0,11.09,5545.0,227.0,75.99999999998545,0.87,0.75,23.5,20.6,0.25,0.26,0.0,0.0,2.0,2.0,37900.0,G32_57_H6
2024-03-01 00:00:00,6.0,0.0,37.0,0.0,0.0,0.0,0.0,0.0,,0.87,0.75,0.0,0.0,0.0,0.0,0.0,0.0,2.0,2.0,37900.0,G32_57_H6
2024-01-22 00:00:00,0.0,-7.0,,,,,,,,,,,,,,,,,,37900.0,G32_57_H7
2024-01-23 00:00:00,0.0,-6.0,,,,,,,,,,,,,,,,,,37900.0,G32_57_H7
2024-01-24 00:00:00,4.0,-5.0,0.0,,,,,,,,,,,,,,,,,37900.0,G32_57_H7
2024-01-25 00:00:00,6.0,-3.0,1.0,80.0,23.0,0.77,385.0,1489.0,95.99999999998545,0.67,0.51,35.8,30.2,0.4,0.4,0.0,0.0,1.0,1.0,37900.0,G32_57_H7
2024-01-26 00:00:00,8.0,-2.0,2.0,36.0,30.0,0.88,440.0,275.0,84.00000000001455,0.67,0.5,34.2,32.2,0.4,0.4,0.0,0.0,1.0,1.0,37900.0,G32_57_H7
2024-01-27 00:00:00,9.0,-3.0,3.0,16.0,22.0,1.3,650.0,270.0,84.00000000001455,0.7,0.61,33.3,30.6,0.4,0.4,0.0,0.0,1.0,1.0,37900.0,G32_57_H7
2024-01-28 00:00:00,11.0,0.0,4.0,11.0,16.0,1.59,795.0,237.0,104.00000000001455,0.71,0.62,32.2,29.5,0.4,0.53,0.0,0.0,1.0,1.0,37900.0,G32_57_H7
2024-01-29 00:00:00,12.0,0.0,5.0,10.0,16.0,1.81,905.0,245.0,107.99999999995634,0.72,0.62,31.3,28.7,0.38,0.44,0.0,0.0,1.0,1.0,37900.0,G32_57_H7
2024-01-30 00:00:00,11.0,4.0,6.0,9.0,11.0,2.15,1075.0,208.0,88.0000000000291,0.79,0.69,30.9,28.4,0.37,0.41,0.0,0.0,1.0,1.0,37900.0,G32_57_H7
2024-01-31 00:00:00,7.0,1.0,7.0,9.0,19.0,2.39,1195.0,176.0,104.00000000001455,0.77,0.69,30.3,28.2,0.35,0.4,0.0,0.0,1.0,1.0,37900.0,G32_57_H7
2024-02-01 00:00:00,1.0,-2.0,8.0,12.0,261.0,2.38,1190.0,197.0,75.99999999998545,0.8,0.71,30.3,27.8,0.35,0.4,0.0,0.0,1.5,1.5,37900.0,G32_57_H7
2024-02-02 00:00:00,1.0,-2.0,9.0,21.0,25.0,3.2,1600.0,259.0,55.99999999998545,0.78,0.65,30.2,27.9,0.35,0.45,0.0,0.0,1.5,1.5,37900.0,G32_57_H7
2024-02-03 00:00:00,0.0,-2.0,10.0,12.0,53.0,3.9,1950.0,268.0,52.000000000043656,0.77,0.66,30.1,27.7,0.35,0.39,0.0,0.0,1.5,1.5,37900.0,G32_57_H7
2024-02-04 00:00:00,-1.0,-5.0,11.0,11.0,44.0,4.4,2200.0,269.0,51.999999999970896,0.77,0.65,29.5,27.3,0.35,0.39,0.0,0.0,1.5,1.5,37900.0,G32_57_H7
2024-02-05 00:00:00,-3.0,-10.0,12.0,8.0,42.0,5.04,2520.0,279.0,55.99999999998545,0.76,0.64,29.0,26.9,0.34,0.37,0.0,0.0,1.5,1.5,37900.0,G32_57_H7
2024-02-06 00:00:00,0.0,-5.0,13.0,6.0,14.0,5.31,2655.0,297.0,60.0,0.74,0.64,28.9,26.4,0.42,0.49,0.0,0.0,1.5,1.5,37900.0,G32_57_H7
2024-02-07 00:00:00,2.0,-4.0,14.0,6.0,21.0,5.87,2935.0,317.0,60.0,0.72,0.64,29.0,26.2,0.34,0.39,0.0,0.0,1.5,1.5,37900.0,G32_57_H7
2024-02-08 00:00:00,6.0,-2.0,15.0,4.0,32.0,6.28,3140.0,306.0,64.00000000001455,0.75,0.63,28.6,25.9,0.35,0.39,0.0,0.0,1.5,1.5,37900.0,G32_57_H7
2024-02-09 00:00:00,9.0,-1.0,16.0,8.0,24.0,6.74,3370.0,287.0,64.00000000001455,0.75,0.61,28.5,25.4,0.4,0.48,0.0,0.0,1.5,1.5,37900.0,G32_57_H7
2024-02-10 00:00:00,14.0,1.0,17.0,6.0,33.0,7.12,3560.0,213.0,60.0,0.75,0.62,28.2,25.1,0.36,0.41,0.0,0.0,1.5,1.5,37900.0,G32_57_H7
2024-02-11 00:00:00,15.0,2.0,18.0,9.0,26.0,7.42,3710.0,159.0,55.99999999998545,0.83,0.63,28.1,25.0,0.33,0.41,0.0,0.0,1.5,1.5,37900.0,G32_57_H7
2024-02-12 00:00:00,19.0,6.0,19.0,5.0,16.0,7.98,3990.0,145.0,48.000000000029104,0.78,0.64,27.7,25.4,0.39,0.47,0.0,0.0,2.0,2.0,37900.0,G32_57_H7
2024-02-13 00:00:00,21.0,8.0,20.0,9.0,19.0,8.13,4065.0,111.0,55.99999999998545,0.75,0.63,28.1,25.3,0.4,0.47,0.0,0.0,2.0,2.0,37900.0,G32_57_H7
2024-02-14 00:00:00,22.0,4.0,21.0,8.0,22.0,8.97,4485.0,86.0,55.99999999998545,0.78,0.66,29.0,25.6,0.4,0.51,0.0,0.0,2.0,2.0,37900.0,G32_57_H7
2024-02-15 00:00:00,9.0,-1.0,22.0,4.0,6.0,9.26,4630.0,80.0,64.00000000001455,0.79,0.66,27.6,25.0,0.37,0.4,0.0,0.0,2.0,2.0,37900.0,G32_57_H7
2024-02-16 00:00:00,11.0,0.0,23.0,6.0,40.0,10.7,5350.0,257.0,71.9999999999709,0.78,0.64,26.6,24.4,0.32,0.35,0.0,0.0,2.0,2.0,37900.0,G32_57_H7
2024-02-17 00:00:00,18.0,5.0,24.0,7.0,39.0,9.94,4970.0,165.0,40.0,0.8,0.66,29.4,24.6,0.35,0.45,0.0,0.0,2.0,2.0,37900.0,G32_57_H7
2024-02-18 00:00:00,22.0,13.0,25.0,12.0,16.0,9.53,4765.0,8.0,72.00000000004366,0.81,0.68,28.9,25.9,0.35,0.66,0.0,0.0,2.0,2.0,37900.0,G32_57_H7
2024-02-19 00:00:00,11.0,1.0,26.0,8.0,18.0,10.52,5260.0,0.0,60.0,0.84,0.77,27.8,24.3,0.3,0.33,0.0,0.0,2.0,2.0,37900.0,G32_57_H7
2024-02-20 00:00:00,2.0,-1.0,27.0,6.0,24.0,10.08,5040.0,66.0,51.999999999970896,0.85,0.75,26.1,24.2,0.24,0.26,0.0,0.0,2.0,2.0,37900.0,G32_57_H7
2024-02-21 00:00:00,-3.0,-1.0,28.0,10.0,31.0,10.36,5180.0,178.0,68.0000000000291,0.89,0.68,26.2,23.8,0.25,0.25,0.0,0.0,2.0,2.0,37900.0,G32_57_H7
2024-02-22 00:00:00,0.0,-3.0,29.0,35.0,27.0,10.4,5200.0,228.0,71.9999999999709,0.84,0.7,25.8,22.9,0.26,0.3,0.0,0.0,2.0,2.0,37900.0,G32_57_H7
2024-02-23 00:00:00,1.0,-3.0,30.0,27.0,25.0,10.5,5250.0,273.0,84.00000000001455,0.8,0.65,25.3,23.0,0.24,0.29,0.0,0.0,2.0,2.0,37900.0,G32_57_H7
2024-02-24 00:00:00,1.0,-3.0,31.0,45.0,41.0,11.29,5645.0,234.0,80.0,0.82,0.68,25.0,22.7,0.25,0.27,0.0,0.0,2.0,2.0,37900.0,G32_57_H7
2024-02-25 00:00:00,5.0,-2.0,32.0,92.0,10.0,11.0,5500.0,225.0,71.9999999999709,0.85,0.72,24.8,22.5,0.22,0.24,0.0,0.0,2.0,2.0,37900.0,G32_57_H7
2024-02-26 00:00:00,7.0,-2.0,33.0,110.0,38.0,11.5,5750.0,111.0,68.0000000000291,0.84,0.71,25.2,22.3,0.23,0.25,0.0,0.0,2.0,2.0,37900.0,G32_57_H7
2024-02-27 00:00:00,7.0,0.0,34.0,120.0,25.0,11.61,5805.0,120.0,75.99999999998545,0.84,0.68,24.7,21.6,0.25,0.31,0.0,0.0,2.0,2.0,37900.0,G32_57_H7
2024-02-28 00:00:00,7.0,3.0,35.0,78.0,29.0,12.08,6040.0,120.0,164.00000000001455,0.82,0.68,22.8,20.5,0.25,0.27,0.0,0.0,2.0,2.0,37900.0,G32_57_H7
2024-02-29 00:00:00,3.0,-1.0,36.0,52.0,23.0,12.54,6270.0,227.0,80.0,0.81,0.73,22.4,19.8,0.25,0.28,0.0,0.0,2.0,2.0,37900.0,G32_57_H7
2024-03-01 00:00:00,6.0,0.0,37.0,0.0,0.0,0.0,0.0,0.0,,0.81,0.73,0.0,0.0,0.0,0.0,0.0,0.0,2.0,2.0,37900.0,G32_57_H7
2024-01-22 00:00:00,0.0,-7.0,,,,,,,,,,,,,,,,,,36400.0,G32_57_H8
2024-01-23 00:00:00,0.0,-6.0,,,,,,,,,,,,,,,,,,36400.0,G32_57_H8
2024-01-24 00:00:00,4.0,-5.0,0.0,,,,,,,,,,,,,,,,,36400.0,G32_57_H8
2024-01-25 00:00:00,6.0,-3.0,1.0,61.0,0.0,0.77,385.0,1115.0,91.9999999999709,0.69,0.53,36.2,33.0,0.4,0.4,0.0,0.0,1.0,1.0,36400.0,G32_57_H8
2024-01-26 00:00:00,8.0,-2.0,2.0,23.0,20.0,0.96,480.0,275.0,100.0,0.64,0.52,35.5,33.0,0.4,0.4,0.0,0.0,1.0,1.0,36400.0,G32_57_H8
2024-01-27 00:00:00,9.0,-3.0,3.0,33.0,46.0,1.31,655.0,270.0,104.00000000001455,0.69,0.57,34.3,31.9,0.4,0.4,0.0,0.0,1.0,1.0,36400.0,G32_57_H8
2024-01-28 00:00:00,11.0,0.0,4.0,22.0,28.0,1.41,705.0,237.0,107.99999999995634,0.88,0.55,34.0,30.7,0.4,0.59,0.0,0.0,1.0,1.0,36400.0,G32_57_H8
2024-01-29 00:00:00,12.0,0.0,5.0,18.0,25.0,1.52,760.0,245.0,108.0000000000291,0.69,0.55,32.3,30.1,0.41,0.48,0.0,0.0,1.0,1.0,36400.0,G32_57_H8
2024-01-30 00:00:00,11.0,4.0,6.0,16.0,21.0,1.69,845.0,208.0,95.99999999998545,0.74,0.62,31.6,29.4,0.4,0.45,0.0,0.0,1.0,1.0,36400.0,G32_57_H8
2024-01-31 00:00:00,7.0,1.0,7.0,10.0,38.0,2.07,1035.0,176.0,104.00000000001455,0.8,0.73,30.9,29.1,0.38,0.43,0.0,0.0,1.0,1.0,36400.0,G32_57_H8
2024-02-01 00:00:00,1.0,-2.0,8.0,18.0,224.0,2.25,1125.0,197.0,108.0000000000291,0.81,0.69,30.6,28.5,0.3,0.38,0.0,0.0,1.5,1.5,36400.0,G32_57_H8
2024-02-02 00:00:00,1.0,-2.0,9.0,16.0,20.0,2.14,1070.0,259.0,47.999999999956344,0.8,0.69,30.6,28.5,0.34,0.45,0.0,0.0,1.5,1.5,36400.0,G32_57_H8
2024-02-03 00:00:00,0.0,-2.0,10.0,9.0,31.0,3.0,1500.0,268.0,44.00000000001455,0.79,0.68,30.5,28.4,0.32,0.36,0.0,0.0,1.5,1.5,36400.0,G32_57_H8
2024-02-04 00:00:00,-1.0,-5.0,11.0,13.0,27.0,3.45,1725.0,270.0,40.0,0.8,0.68,29.8,28.0,0.32,0.37,0.0,0.0,1.5,1.5,36400.0,G32_57_H8
2024-02-05 00:00:00,-3.0,-10.0,12.0,11.0,65.0,4.04,2020.0,279.0,44.00000000001455,0.78,0.69,29.7,27.7,0.33,0.36,0.0,0.0,1.5,1.5,36400.0,G32_57_H8
2024-02-06 00:00:00,0.0,-5.0,13.0,8.0,218.0,4.46,2230.0,297.0,51.999999999970896,0.76,0.64,29.8,27.4,0.36,0.4,0.0,0.0,1.5,1.5,36400.0,G32_57_H8
2024-02-07 00:00:00,2.0,-4.0,14.0,9.0,111.0,4.79,2395.0,317.0,48.000000000029104,0.73,0.64,29.6,27.3,0.35,0.39,0.0,0.0,1.5,1.5,36400.0,G32_57_H8
2024-02-08 00:00:00,6.0,-2.0,15.0,11.0,169.0,5.16,2580.0,306.0,55.99999999998545,0.74,0.64,29.5,26.8,0.4,0.46,0.0,0.0,1.5,1.5,36400.0,G32_57_H8
2024-02-09 00:00:00,9.0,-1.0,16.0,8.0,172.0,5.42,2710.0,287.0,55.99999999998545,0.77,0.64,29.3,26.5,0.35,0.41,0.0,0.0,1.5,1.5,36400.0,G32_57_H8
2024-02-10 00:00:00,14.0,1.0,17.0,6.0,144.0,5.81,2905.0,213.0,48.000000000029104,0.81,0.67,28.8,26.3,0.36,0.41,0.0,0.0,1.5,1.5,36400.0,G32_57_H8
2024-02-11 00:00:00,15.0,2.0,18.0,8.0,132.0,6.23,3115.0,159.0,47.999999999956344,0.77,0.62,28.3,25.8,0.33,0.41,0.0,0.0,1.5,1.5,36400.0,G32_57_H8
2024-02-12 00:00:00,19.0,6.0,19.0,8.0,112.0,7.07,3535.0,145.0,48.000000000029104,0.74,0.64,28.0,25.5,0.39,0.48,0.0,0.0,2.0,2.0,36400.0,G32_57_H8
2024-02-13 00:00:00,21.0,8.0,20.0,6.0,34.0,7.3,3650.0,111.0,51.999999999970896,0.74,0.62,27.8,25.6,0.43,0.51,0.0,0.0,2.0,2.0,36400.0,G32_57_H8
2024-02-14 00:00:00,22.0,4.0,21.0,9.0,41.0,7.52,3760.0,86.0,44.00000000001455,0.77,0.63,28.5,26.0,0.38,0.49,0.0,0.0,2.0,2.0,36400.0,G32_57_H8
2024-02-15 00:00:00,9.0,-1.0,22.0,7.0,28.0,7.84,3920.0,80.0,52.000000000043656,0.76,0.65,27.5,25.1,0.35,0.39,0.0,0.0,2.0,2.0,36400.0,G32_57_H8
2024-02-16 00:00:00,11.0,0.0,23.0,5.0,18.0,9.02,4510.0,257.0,75.99999999998545,0.76,0.66,27.2,24.9,0.32,0.36,0.0,0.0,2.0,2.0,36400.0,G32_57_H8
2024-02-17 00:00:00,18.0,5.0,24.0,6.0,20.0,8.74,4370.0,165.0,44.00000000001455,0.78,0.63,28.4,24.9,0.37,0.48,0.0,0.0,2.0,2.0,36400.0,G32_57_H8
2024-02-18 00:00:00,22.0,13.0,25.0,10.0,17.0,9.09,4545.0,8.0,43.99999999994179,0.78,0.67,28.4,25.9,0.38,0.69,0.0,0.0,2.0,2.0,36400.0,G32_57_H8
2024-02-19 00:00:00,11.0,1.0,26.0,6.0,12.0,9.64,4820.0,0.0,56.00000000005821,0.81,0.76,27.6,24.6,0.29,0.31,0.0,0.0,2.0,2.0,36400.0,G32_57_H8
2024-02-20 00:00:00,2.0,-1.0,27.0,5.0,17.0,9.51,4755.0,66.0,55.99999999998545,0.79,0.69,26.3,24.0,0.26,0.28,0.0,0.0,2.0,2.0,36400.0,G32_57_H8
2024-02-21 00:00:00,-3.0,-1.0,28.0,7.0,20.0,10.37,5185.0,178.0,67.99999999995634,0.79,0.67,26.1,23.7,0.28,0.28,0.0,0.0,2.0,2.0,36400.0,G32_57_H8
2024-02-22 00:00:00,0.0,-3.0,29.0,6.0,36.0,10.23,5115.0,228.0,72.00000000004366,0.8,0.66,25.9,22.9,0.26,0.31,0.0,0.0,2.0,2.0,36400.0,G32_57_H8
2024-02-23 00:00:00,1.0,-3.0,30.0,6.0,24.0,11.2,5600.0,273.0,75.99999999998545,0.79,0.67,25.5,23.0,0.24,0.29,0.0,0.0,2.0,2.0,36400.0,G32_57_H8
2024-02-24 00:00:00,1.0,-3.0,31.0,8.0,20.0,11.48,5740.0,234.0,71.9999999999709,0.82,0.72,25.0,22.8,0.25,0.28,0.0,0.0,2.0,2.0,36400.0,G32_57_H8
2024-02-25 00:00:00,5.0,-2.0,32.0,13.0,16.0,12.04,6020.0,225.0,76.00000000005821,0.82,0.72,24.7,22.2,0.25,0.25,0.0,0.0,2.0,2.0,36400.0,G32_57_H8
2024-02-26 00:00:00,7.0,-2.0,33.0,51.0,22.0,11.22,5610.0,111.0,67.99999999995634,0.88,0.72,24.5,22.3,0.25,0.27,0.0,0.0,2.0,2.0,36400.0,G32_57_H8
2024-02-27 00:00:00,7.0,0.0,34.0,60.0,22.0,11.28,5640.0,120.0,75.99999999998545,0.83,0.66,24.5,21.9,0.25,0.31,0.0,0.0,2.0,2.0,36400.0,G32_57_H8
2024-02-28 00:00:00,7.0,3.0,35.0,49.0,24.0,11.04,5520.0,120.0,152.00000000004366,0.81,0.69,23.3,21.2,0.25,0.27,0.0,0.0,2.0,2.0,36400.0,G32_57_H8
2024-02-29 00:00:00,3.0,-1.0,36.0,51.0,23.0,11.78,5890.0,227.0,91.9999999999709,0.84,0.77,22.8,19.9,0.29,0.31,0.0,0.0,2.0,2.0,36400.0,G32_57_H8
2024-03-01 00:00:00,6.0,0.0,37.0,63.0,8.0,10.99,5495.0,343.0,91.9999999999709,0.83,0.65,21.8,18.7,0.33,0.35,0.0,0.0,2.0,2.0,36400.0,G32_57_H8
2024-01-22 00:00:00,0.0,-7.0,,,,,,,,,,,,,,,,,,36400.0,G32_57_H9
2024-01-23 00:00:00,0.0,-6.0,,,,,,,,,,,,,,,,,,36400.0,G32_57_H9
2024-01-24 00:00:00,4.0,-5.0,0.0,,,,,,,,,,,,,,,,,36400.0,G32_57_H9
2024-01-25 00:00:00,6.0,-3.0,1.0,41.0,0.0,0.77,385.0,1115.0,91.9999999999709,0.74,0.52,36.2,33.0,0.4,0.4,0.0,0.0,1.0,1.0,36400.0,G32_57_H9
2024-01-26 00:00:00,8.0,-2.0,2.0,47.0,0.0,0.96,480.0,275.0,88.0000000000291,0.67,0.51,35.5,32.7,0.4,0.4,0.0,0.0,1.0,1.0,36400.0,G32_57_H9
2024-01-27 00:00:00,9.0,-3.0,3.0,12.0,92.0,1.3,650.0,270.0,100.0,0.68,0.58,34.2,31.6,0.4,0.4,0.0,0.0,1.0,1.0,36400.0,G32_57_H9
2024-01-28 00:00:00,11.0,0.0,4.0,14.0,74.0,1.41,705.0,237.0,95.99999999998545,0.72,0.62,33.4,31.1,0.4,0.59,0.0,0.0,1.0,1.0,36400.0,G32_57_H9
2024-01-29 00:00:00,12.0,0.0,5.0,9.0,65.0,1.51,755.0,245.0,100.0,0.73,0.61,32.4,30.1,0.41,0.48,0.0,0.0,1.0,1.0,36400.0,G32_57_H9
2024-01-30 00:00:00,11.0,4.0,6.0,12.0,75.0,1.9,950.0,208.0,95.99999999998545,0.77,0.66,31.6,29.5,0.4,0.45,0.0,0.0,1.0,1.0,36400.0,G32_57_H9
2024-01-31 00:00:00,7.0,1.0,7.0,6.0,60.0,2.15,1075.0,176.0,84.00000000001455,0.84,0.77,31.2,29.1,0.38,0.43,0.0,0.0,1.0,1.0,36400.0,G32_57_H9
2024-02-01 00:00:00,1.0,-2.0,8.0,12.0,273.0,2.46,1230.0,197.0,87.99999999999272,0.84,0.75,30.7,28.7,0.3,0.38,0.0,0.0,1.5,1.5,36400.0,G32_57_H9
2024-02-02 00:00:00,1.0,-2.0,9.0,11.0,12.0,2.25,1125.0,259.0,47.999999999992724,0.83,0.73,30.5,28.5,0.34,0.45,0.0,0.0,1.5,1.5,36400.0,G32_57_H9
2024-02-03 00:00:00,0.0,-2.0,10.0,9.0,17.0,3.15,1575.0,268.0,40.0,0.81,0.71,30.2,28.3,0.32,0.36,0.0,0.0,1.5,1.5,36400.0,G32_57_H9
2024-02-04 00:00:00,-1.0,-5.0,11.0,7.0,25.0,3.58,1790.0,270.0,36.00000000002183,0.86,0.7,30.1,28.2,0.32,0.37,0.0,0.0,1.5,1.5,36400.0,G32_57_H9
2024-02-05 00:00:00,-3.0,-10.0,12.0,4.0,6.0,4.07,2035.0,279.0,35.99999999998545,0.81,0.7,29.6,27.5,0.33,0.36,0.0,0.0,1.5,1.5,36400.0,G32_57_H9
2024-02-06 00:00:00,0.0,-5.0,13.0,6.0,37.0,4.57,2285.0,298.0,40.0,0.77,0.68,29.4,27.3,0.33,0.36,0.0,0.0,1.5,1.5,36400.0,G32_57_H9
2024-02-07 00:00:00,2.0,-4.0,14.0,4.0,20.0,4.81,2405.0,317.0,40.0,0.74,0.65,29.2,27.0,0.35,0.39,0.0,0.0,1.5,1.5,36400.0,G32_57_H9
2024-02-08 00:00:00,6.0,-2.0,15.0,2.0,66.0,5.32,2660.0,306.0,52.000000000007276,0.73,0.65,29.0,26.3,0.4,0.46,0.0,0.0,1.5,1.5,36400.0,G32_57_H9
2024-02-09 00:00:00,9.0,-1.0,16.0,1.0,80.0,5.38,2690.0,287.0,52.000000000007276,0.75,0.65,29.0,25.8,0.4,0.45,0.0,0.0,1.5,1.5,36400.0,G32_57_H9
2024-02-10 00:00:00,14.0,1.0,17.0,3.0,60.0,6.02,3010.0,213.0,43.99999999997817,0.76,0.66,28.6,25.3,0.36,0.41,0.0,0.0,1.5,1.5,36400.0,G32_57_H9
2024-02-11 00:00:00,15.0,2.0,18.0,4.0,46.0,6.55,3275.0,159.0,48.000000000029104,0.77,0.65,28.3,25.3,0.35,0.43,0.0,0.0,1.5,1.5,36400.0,G32_57_H9
2024-02-12 00:00:00,19.0,6.0,19.0,2.0,35.0,6.88,3440.0,145.0,40.0,0.78,0.68,27.6,25.5,0.39,0.48,0.0,0.0,2.0,2.0,36400.0,G32_57_H9
2024-02-13 00:00:00,21.0,8.0,20.0,1.0,23.0,7.18,3590.0,111.0,35.99999999998545,0.77,0.66,27.5,25.4,0.43,0.51,0.0,0.0,2.0,2.0,36400.0,G32_57_H9
2024-02-14 00:00:00,22.0,4.0,21.0,4.0,29.0,7.99,3995.0,86.0,40.0,0.78,0.68,28.2,25.8,0.45,0.55,0.0,0.0,2.0,2.0,36400.0,G32_57_H9
2024-02-15 00:00:00,9.0,-1.0,22.0,2.0,31.0,8.26,4130.0,80.0,44.00000000001455,0.78,0.67,27.3,25.0,0.42,0.45,0.0,0.0,2.0,2.0,36400.0,G32_57_H9
2024-02-16 00:00:00,11.0,0.0,23.0,3.0,12.0,8.95,4475.0,257.0,55.99999999998545,0.76,0.65,26.9,24.4,0.38,0.42,0.0,0.0,2.0,2.0,36400.0,G32_57_H9
2024-02-17 00:00:00,18.0,5.0,24.0,2.0,28.0,8.83,4415.0,165.0,47.999999999992724,0.78,0.66,28.3,24.7,0.37,0.48,0.0,0.0,2.0,2.0,36400.0,G32_57_H9
2024-02-18 00:00:00,22.0,13.0,25.0,4.0,10.0,8.84,4420.0,8.0,32.000000000007276,0.82,0.69,29.0,25.7,0.38,0.69,0.0,0.0,2.0,2.0,36400.0,G32_57_H9
2024-02-19 00:00:00,11.0,1.0,26.0,3.0,13.0,9.94,4970.0,0.0,44.00000000001455,0.84,0.78,28.0,24.5,0.29,0.31,0.0,0.0,2.0,2.0,36400.0,G32_57_H9
2024-02-20 00:00:00,2.0,-1.0,27.0,4.0,21.0,9.9,4950.0,66.0,47.999999999992724,0.84,0.76,26.3,24.1,0.26,0.28,0.0,0.0,2.0,2.0,36400.0,G32_57_H9
2024-02-21 00:00:00,-3.0,-1.0,28.0,6.0,11.0,10.36,5180.0,178.0,40.0,0.81,0.72,25.9,23.6,0.28,0.28,0.0,0.0,2.0,2.0,36400.0,G32_57_H9
2024-02-22 00:00:00,0.0,-3.0,29.0,8.0,10.0,10.54,5270.0,228.0,55.99999999998545,0.82,0.71,25.7,23.3,0.26,0.31,0.0,0.0,2.0,2.0,36400.0,G32_57_H9
2024-02-23 00:00:00,1.0,-3.0,30.0,15.0,6.0,11.32,5660.0,273.0,56.00000000002183,0.83,0.72,25.3,23.0,0.24,0.29,0.0,0.0,2.0,2.0,36400.0,G32_57_H9
2024-02-24 00:00:00,1.0,-3.0,31.0,18.0,9.0,11.66,5830.0,234.0,60.0,0.84,0.73,25.0,23.0,0.25,0.28,0.0,0.0,2.0,2.0,36400.0,G32_57_H9
2024-02-25 00:00:00,5.0,-2.0,32.0,20.0,8.0,11.69,5845.0,225.0,95.99999999998545,0.83,0.76,25.2,22.6,0.25,0.25,0.0,0.0,2.0,2.0,36400.0,G32_57_H9
2024-02-26 00:00:00,7.0,-2.0,33.0,53.0,5.0,11.89,5945.0,111.0,55.99999999998545,0.83,0.74,25.1,22.4,0.25,0.27,0.0,0.0,2.0,2.0,36400.0,G32_57_H9
2024-02-27 00:00:00,7.0,0.0,34.0,68.0,4.0,11.41,5705.0,120.0,64.00000000001455,0.82,0.68,24.8,21.7,0.25,0.31,0.0,0.0,2.0,2.0,36400.0,G32_57_H9
2024-02-28 00:00:00,7.0,3.0,35.0,48.0,2.0,11.82,5910.0,120.0,56.00000000002183,0.81,0.74,23.0,21.1,0.25,0.27,0.0,0.0,2.0,2.0,36400.0,G32_57_H9
2024-02-29 00:00:00,3.0,-1.0,36.0,56.0,0.0,12.09,6045.0,227.0,87.99999999999272,0.8,0.76,22.5,20.2,0.29,0.31,0.0,0.0,2.0,2.0,36400.0,G32_57_H9
2024-03-01 00:00:00,6.0,0.0,37.0,71.0,0.0,11.69,5845.0,343.0,55.99999999998545,0.82,0.6,21.7,19.1,0.32,0.35,0.0,0.0,2.0,2.0,36400.0,G32_57_H9
2024-01-22 00:00:00,0.0,-7.0,,,,,,,,,,,,,,,,,,36700.0,G32_57_H10
2024-01-23 00:00:00,0.0,-6.0,,,,,,,,,,,,,,,,,,36700.0,G32_57_H10
2024-01-24 00:00:00,4.0,-5.0,0.0,,,,,,,,,,,,,,,,,36700.0,G32_57_H10
2024-01-25 00:00:00,6.0,-3.0,1.0,46.0,0.0,0.77,385.0,1115.0,84.00000000001455,0.71,0.54,36.7,33.1,0.4,0.4,0.0,0.0,1.0,1.0,36700.0,G32_57_H10
2024-01-26 00:00:00,8.0,-2.0,2.0,83.0,0.0,0.96,480.0,275.0,88.0000000000291,0.69,0.52,36.4,33.1,0.4,0.4,0.0,0.0,1.0,1.0,36700.0,G32_57_H10
2024-01-27 00:00:00,9.0,-3.0,3.0,16.0,63.0,1.28,640.0,270.0,103.99999999994179,0.67,0.57,34.6,31.9,0.4,0.4,0.0,0.0,1.0,1.0,36700.0,G32_57_H10
2024-01-28 00:00:00,11.0,0.0,4.0,13.0,130.0,1.39,695.0,237.0,100.0,0.7,0.6,33.0,31.0,0.4,0.59,0.0,0.0,1.0,1.0,36700.0,G32_57_H10
2024-01-29 00:00:00,12.0,0.0,5.0,11.0,63.0,1.52,760.0,245.0,104.00000000001455,0.73,0.6,32.7,29.0,0.41,0.48,0.0,0.0,1.0,1.0,36700.0,G32_57_H10
2024-01-30 00:00:00,11.0,4.0,6.0,8.0,81.0,1.87,935.0,208.0,104.00000000001455,0.77,0.67,31.3,29.7,0.4,0.45,0.0,0.0,1.0,1.0,36700.0,G32_57_H10
2024-01-31 00:00:00,7.0,1.0,7.0,7.0,56.0,2.23,1115.0,176.0,88.0000000000291,0.84,0.76,30.6,29.2,0.38,0.43,0.0,0.0,1.0,1.0,36700.0,G32_57_H10
2024-02-01 00:00:00,1.0,-2.0,8.0,5.0,32.0,2.35,1175.0,197.0,95.99999999998545,0.85,0.78,30.5,28.8,0.3,0.38,0.0,0.0,1.5,1.5,36700.0,G32_57_H10
2024-02-02 00:00:00,1.0,-2.0,9.0,15.0,135.0,2.41,1205.0,259.0,64.00000000001455,0.85,0.76,30.4,28.5,0.34,0.45,0.0,0.0,1.5,1.5,36700.0,G32_57_H10
2024-02-03 00:00:00,0.0,-2.0,10.0,10.0,33.0,2.91,1455.0,268.0,55.99999999998545,0.84,0.75,30.4,28.7,0.32,0.36,0.0,0.0,1.5,1.5,36700.0,G32_57_H10
2024-02-04 00:00:00,-1.0,-5.0,11.0,5.0,18.0,3.61,1805.0,270.0,47.999999999956344,0.85,0.73,30.2,28.1,0.32,0.37,0.0,0.0,1.5,1.5,36700.0,G32_57_H10
2024-02-05 00:00:00,-3.0,-10.0,12.0,2.0,8.0,3.91,1955.0,279.0,40.0,0.81,0.72,29.9,27.8,0.33,0.36,0.0,0.0,1.5,1.5,36700.0,G32_57_H10
2024-02-06 00:00:00,0.0,-5.0,13.0,4.0,72.0,4.75,2375.0,298.0,48.000000000029104,0.79,0.7,29.8,27.5,0.36,0.4,0.0,0.0,1.5,1.5,36700.0,G32_57_H10
2024-02-07 00:00:00,2.0,-4.0,14.0,2.0,59.0,5.01,2505.0,317.0,48.000000000029104,0.76,0.66,29.5,27.2,0.35,0.39,0.0,0.0,1.5,1.5,36700.0,G32_57_H10
2024-02-08 00:00:00,6.0,-2.0,15.0,3.0,100.0,5.3,2650.0,306.0,60.0,0.75,0.66,29.2,26.5,0.4,0.46,0.0,0.0,1.5,1.5,36700.0,G32_57_H10
2024-02-09 00:00:00,9.0,-1.0,16.0,2.0,99.0,5.73,2865.0,287.0,60.0,0.76,0.66,29.0,26.3,0.4,0.45,0.0,0.0,1.5,1.5,36700.0,G32_57_H10
2024-02-10 00:00:00,14.0,1.0,17.0,4.0,69.0,6.01,3005.0,213.0,51.999999999970896,0.76,0.66,28.8,25.8,0.36,0.41,0.0,0.0,1.5,1.5,36700.0,G32_57_H10
2024-02-11 00:00:00,15.0,2.0,18.0,3.0,63.0,6.7,3350.0,159.0,20.0,0.81,0.67,28.3,25.4,0.35,0.43,0.0,0.0,1.5,1.5,36700.0,G32_57_H10
2024-02-12 00:00:00,19.0,6.0,19.0,5.0,51.0,7.0,3500.0,145.0,84.00000000001455,0.8,0.69,27.6,25.8,0.39,0.48,0.0,0.0,2.0,2.0,36700.0,G32_57_H10
2024-02-13 00:00:00,21.0,8.0,20.0,3.0,36.0,7.28,3640.0,111.0,47.999999999956344,0.77,0.68,27.8,25.8,0.43,0.51,0.0,0.0,2.0,2.0,36700.0,G32_57_H10
2024-02-14 00:00:00,22.0,4.0,21.0,2.0,35.0,7.82,3910.0,86.0,52.000000000043656,0.78,0.68,28.3,26.0,0.45,0.55,0.0,0.0,2.0,2.0,36700.0,G32_57_H10
2024-02-15 00:00:00,9.0,-1.0,22.0,3.0,26.0,8.2,4100.0,80.0,60.0,0.78,0.67,27.5,25.1,0.42,0.45,0.0,0.0,2.0,2.0,36700.0,G32_57_H10
2024-02-16 00:00:00,11.0,0.0,23.0,5.0,20.0,8.92,4460.0,257.0,67.99999999995634,0.75,0.66,27.0,24.8,0.38,0.42,0.0,0.0,2.0,2.0,36700.0,G32_57_H10
2024-02-17 00:00:00,18.0,5.0,24.0,1.0,19.0,9.03,4515.0,165.0,68.0000000000291,0.77,0.67,28.1,24.8,0.37,0.48,0.0,0.0,2.0,2.0,36700.0,G32_57_H10
2024-02-18 00:00:00,22.0,13.0,25.0,5.0,24.0,9.69,4845.0,8.0,51.999999999970896,0.8,0.7,28.8,26.1,0.38,0.69,0.0,0.0,2.0,2.0,36700.0,G32_57_H10
2024-02-19 00:00:00,11.0,1.0,26.0,6.0,16.0,9.57,4785.0,0.0,64.00000000001455,0.82,0.78,28.1,24.7,0.29,0.31,0.0,0.0,2.0,2.0,36700.0,G32_57_H10
2024-02-20 00:00:00,2.0,-1.0,27.0,7.0,21.0,10.29,5145.0,66.0,52.000000000043656,0.8,0.75,26.2,24.2,0.26,0.28,0.0,0.0,2.0,2.0,36700.0,G32_57_H10
2024-02-21 00:00:00,-3.0,-1.0,28.0,8.0,14.0,10.52,5260.0,178.0,60.0,0.8,0.73,26.0,23.5,0.28,0.28,0.0,0.0,2.0,2.0,36700.0,G32_57_H10
2024-02-22 00:00:00,0.0,-3.0,29.0,9.0,17.0,10.35,5175.0,228.0,51.999999999970896,0.81,0.74,25.7,23.2,0.26,0.31,0.0,0.0,2.0,2.0,36700.0,G32_57_H10
2024-02-23 00:00:00,1.0,-3.0,30.0,22.0,19.0,11.78,5890.0,273.0,31.999999999970896,0.81,0.74,25.3,22.9,0.24,0.29,0.0,0.0,2.0,2.0,36700.0,G32_57_H10
2024-02-24 00:00:00,1.0,-3.0,31.0,29.0,7.0,11.32,5660.0,234.0,60.0,0.81,0.77,25.1,22.5,0.25,0.28,0.0,0.0,2.0,2.0,36700.0,G32_57_H10
2024-02-25 00:00:00,5.0,-2.0,32.0,34.0,30.0,11.82,5910.0,225.0,56.00000000005821,0.8,0.75,25.0,22.1,0.25,0.25,0.0,0.0,2.0,2.0,36700.0,G32_57_H10
2024-02-26 00:00:00,7.0,-2.0,33.0,69.0,9.0,11.42,5710.0,111.0,67.99999999995634,0.79,0.75,24.8,22.5,0.25,0.27,0.0,0.0,2.0,2.0,36700.0,G32_57_H10
2024-02-27 00:00:00,7.0,0.0,34.0,75.0,7.0,10.8,5400.0,120.0,52.000000000043656,0.8,0.68,24.3,21.7,0.25,0.31,0.0,0.0,2.0,2.0,36700.0,G32_57_H10
2024-02-28 00:00:00,7.0,3.0,35.0,103.0,0.0,11.72,5860.0,121.0,275.99999999998545,0.8,0.74,23.1,21.2,0.25,0.27,0.0,0.0,2.0,2.0,36700.0,G32_57_H10
2024-02-29 00:00:00,3.0,-1.0,36.0,108.0,0.0,11.44,5720.0,227.0,92.00000000004366,0.82,0.75,22.8,20.3,0.29,0.31,0.0,0.0,2.0,2.0,36700.0,G32_57_H10
2024-03-01 00:00:00,6.0,0.0,37.0,128.0,0.0,11.321,5661.0,343.0,91.9999999999709,0.8,0.64,21.9,19.2,0.32,0.34,0.0,0.0,2.0,2.0,36700.0,G32_57_H10
2024-01-22 00:00:00,0.0,-7.0,,,,,,,,,,,,,,,,,,36800.0,G32_57_H11
2024-01-23 00:00:00,0.0,-6.0,,,,,,,,,,,,,,,,,,36800.0,G32_57_H11
2024-01-24 00:00:00,4.0,-5.0,0.0,,,,,,,,,,,,,,,,,36800.0,G32_57_H11
2024-01-25 00:00:00,6.0,-3.0,1.0,20.0,0.0,0.77,385.0,1115.0,84.00000000001455,0.72,0.53,36.6,32.6,0.4,0.4,0.0,0.0,1.0,1.0,36800.0,G32_57_H11
2024-01-26 00:00:00,8.0,-2.0,2.0,20.0,21.0,0.93,465.0,275.0,92.00000000004366,0.64,0.52,35.3,32.4,0.4,0.4,0.0,0.0,1.0,1.0,36800.0,G32_57_H11
2024-01-27 00:00:00,9.0,-3.0,3.0,21.0,42.0,1.29,645.0,270.0,100.0,0.69,0.56,34.2,31.5,0.4,0.4,0.0,0.0,1.0,1.0,36800.0,G32_57_H11
2024-01-28 00:00:00,11.0,0.0,4.0,19.0,45.0,1.4,700.0,237.0,95.99999999998545,0.72,0.64,32.8,30.4,0.4,0.59,0.0,0.0,1.0,1.0,36800.0,G32_57_H11
2024-01-29 00:00:00,12.0,0.0,5.0,19.0,70.0,1.9,950.0,245.0,104.00000000001455,0.75,0.62,32.3,29.3,0.41,0.48,0.0,0.0,1.0,1.0,36800.0,G32_57_H11
2024-01-30 00:00:00,11.0,4.0,6.0,18.0,68.0,2.57,1285.0,208.0,95.99999999998545,0.8,0.68,31.5,28.7,0.4,0.45,0.0,0.0,1.0,1.0,36800.0,G32_57_H11
2024-01-31 00:00:00,7.0,1.0,7.0,11.0,33.0,2.74,1370.0,176.0,84.00000000001455,0.76,0.67,30.9,28.8,0.38,0.43,0.0,0.0,1.0,1.0,36800.0,G32_57_H11
2024-02-01 00:00:00,1.0,-2.0,8.0,11.0,30.0,2.84,1420.0,198.0,83.99999999994179,0.84,0.74,30.7,28.2,0.36,0.38,0.0,0.0,1.5,1.5,36800.0,G32_57_H11
2024-02-02 00:00:00,1.0,-2.0,9.0,31.0,181.0,2.78,1390.0,259.0,84.00000000001455,0.85,0.71,29.9,28.2,0.34,0.45,0.0,0.0,1.5,1.5,36800.0,G32_57_H11
2024-02-03 00:00:00,0.0,-2.0,10.0,20.0,22.0,3.37,1685.0,268.0,75.99999999998545,0.79,0.68,30.3,28.0,0.36,0.36,0.0,0.0,1.5,1.5,36800.0,G32_57_H11
2024-02-04 00:00:00,-1.0,-5.0,11.0,15.0,31.0,4.0,2000.0,270.0,60.0,0.8,0.67,29.7,27.6,0.32,0.37,0.0,0.0,1.5,1.5,36800.0,G32_57_H11
2024-02-05 00:00:00,-3.0,-10.0,12.0,10.0,19.0,4.36,2180.0,279.0,28.000000000029104,0.78,0.67,29.2,27.2,0.4,0.44,0.0,0.0,1.5,1.5,36800.0,G32_57_H11
2024-02-06 00:00:00,0.0,-5.0,13.0,10.0,36.0,4.94,2470.0,298.0,44.00000000001455,0.77,0.67,29.5,27.0,0.4,0.43,0.0,0.0,1.5,1.5,36800.0,G32_57_H11
2024-02-07 00:00:00,2.0,-4.0,14.0,11.0,95.0,5.2,2600.0,317.0,64.00000000001455,0.74,0.64,29.2,26.5,0.4,0.45,0.0,0.0,1.5,1.5,36800.0,G32_57_H11
2024-02-08 00:00:00,6.0,-2.0,15.0,10.0,83.0,5.64,2820.0,306.0,60.0,0.74,0.64,29.0,26.1,0.4,0.46,0.0,0.0,1.5,1.5,36800.0,G32_57_H11
2024-02-09 00:00:00,9.0,-1.0,16.0,12.0,108.0,6.1,3050.0,287.0,83.99999999994179,0.76,0.65,28.8,25.9,0.4,0.45,0.0,0.0,1.5,1.5,36800.0,G32_57_H11
2024-02-10 00:00:00,14.0,1.0,17.0,11.0,88.0,6.72,3360.0,213.0,32.000000000043656,0.78,0.67,28.3,25.8,0.33,0.38,0.0,0.0,1.5,1.5,36800.0,G32_57_H11
2024-02-11 00:00:00,15.0,2.0,18.0,10.0,94.0,7.31,3655.0,159.0,60.0,0.8,0.66,28.0,25.2,0.37,0.45,0.0,0.0,1.5,1.5,36800.0,G32_57_H11
2024-02-12 00:00:00,19.0,6.0,19.0,9.0,45.0,7.42,3710.0,145.0,51.999999999970896,0.76,0.66,27.8,25.3,0.43,0.5,0.0,0.0,2.0,2.0,36800.0,G32_57_H11
2024-02-13 00:00:00,21.0,8.0,20.0,7.0,33.0,7.7,3850.0,111.0,52.000000000043656,0.79,0.68,27.5,25.7,0.42,0.49,0.0,0.0,2.0,2.0,36800.0,G32_57_H11
2024-02-14 00:00:00,22.0,4.0,21.0,7.0,33.0,8.01,4005.0,86.0,51.999999999970896,0.8,0.67,28.3,25.7,0.41,0.52,0.0,0.0,2.0,2.0,36800.0,G32_57_H11
2024-02-15 00:00:00,9.0,-1.0,22.0,5.0,25.0,8.01,4005.0,80.0,84.00000000001455,0.8,0.67,27.6,25.0,0.35,0.38,0.0,0.0,2.0,2.0,36800.0,G32_57_H11
2024-02-16 00:00:00,11.0,0.0,23.0,6.0,11.0,9.27,4635.0,257.0,35.99999999998545,0.77,0.66,26.9,24.7,0.34,0.37,0.0,0.0,2.0,2.0,36800.0,G32_57_H11
2024-02-17 00:00:00,18.0,5.0,24.0,8.0,18.0,9.2,4600.0,166.0,55.99999999998545,0.8,0.67,28.4,25.2,0.34,0.44,0.0,0.0,2.0,2.0,36800.0,G32_57_H11
2024-02-18 00:00:00,22.0,13.0,25.0,6.0,11.0,9.67,4835.0,8.0,52.000000000043656,0.84,0.7,28.8,26.0,0.34,0.61,0.0,0.0,2.0,2.0,36800.0,G32_57_H11
2024-02-19 00:00:00,11.0,1.0,26.0,11.0,27.0,10.17,5085.0,0.0,55.99999999998545,0.87,0.8,27.7,24.3,0.28,0.31,0.0,0.0,2.0,2.0,36800.0,G32_57_H11
2024-02-20 00:00:00,2.0,-1.0,27.0,9.0,23.0,9.77,4885.0,66.0,40.0,0.85,0.77,26.1,24.2,0.24,0.26,0.0,0.0,2.0,2.0,36800.0,G32_57_H11
2024-02-21 00:00:00,-3.0,-1.0,28.0,11.0,33.0,9.92,4960.0,178.0,44.00000000001455,0.85,0.76,26.0,24.2,0.25,0.25,0.0,0.0,2.0,2.0,36800.0,G32_57_H11
2024-02-22 00:00:00,0.0,-3.0,29.0,11.0,40.0,10.26,5130.0,228.0,51.999999999970896,0.86,0.71,25.6,23.4,0.24,0.29,0.0,0.0,2.0,2.0,36800.0,G32_57_H11
2024-02-23 00:00:00,1.0,-3.0,30.0,12.0,45.0,11.15,5575.0,273.0,68.0000000000291,0.86,0.73,25.4,23.3,0.23,0.28,0.0,0.0,2.0,2.0,36800.0,G32_57_H11
2024-02-24 00:00:00,1.0,-3.0,31.0,12.0,34.0,10.78,5390.0,234.0,95.99999999998545,0.87,0.76,25.0,23.0,0.25,0.27,0.0,0.0,2.0,2.0,36800.0,G32_57_H11
2024-02-25 00:00:00,5.0,-2.0,32.0,28.0,32.0,11.99,5995.0,225.0,87.99999999995634,0.89,0.79,25.1,22.7,0.25,0.25,0.0,0.0,2.0,2.0,36800.0,G32_57_H11
2024-02-26 00:00:00,7.0,-2.0,33.0,29.0,26.0,11.84,5920.0,111.0,40.0,0.88,0.78,25.2,22.5,0.24,0.26,0.0,0.0,2.0,2.0,36800.0,G32_57_H11
2024-02-27 00:00:00,7.0,0.0,34.0,49.0,25.0,12.62,6310.0,121.0,68.0000000000291,0.87,0.7,24.9,21.8,0.27,0.35,0.0,0.0,2.0,2.0,36800.0,G32_57_H11
2024-02-28 00:00:00,7.0,3.0,35.0,55.0,19.0,12.53,6265.0,121.0,144.00000000001455,0.86,0.76,23.5,21.4,0.27,0.29,0.0,0.0,2.0,2.0,36800.0,G32_57_H11
2024-02-29 00:00:00,3.0,-1.0,36.0,62.0,10.0,12.73,6365.0,227.0,68.0000000000291,0.87,0.76,22.5,20.3,0.31,0.34,0.0,0.0,2.0,2.0,36800.0,G32_57_H11
2024-03-01 00:00:00,6.0,0.0,37.0,48.0,5.0,12.21,6105.0,343.0,80.0,0.82,0.61,21.9,19.0,0.29,0.33,0.0,0.0,2.0,2.0,36800.0,G32_57_H11
2024-01-22 00:00:00,0.0,-7.0,,,,,,,,,,,,,,,,,,36700.0,G32_57_H12
2024-01-23 00:00:00,0.0,-6.0,,,,,,,,,,,,,,,,,,36700.0,G32_57_H12
2024-01-24 00:00:00,4.0,-5.0,,,,,,,,,,,,,,,,,,36700.0,G32_57_H12
2024-01-25 00:00:00,6.0,-3.0,0.0,,,,,,,,,,,,,,,,,36700.0,G32_57_H12
2024-01-26 00:00:00,8.0,-2.0,1.0,21.0,23.0,0.72,360.0,1390.0,80.0,0.66,0.56,34.5,32.6,0.4,0.4,0.0,0.0,1.0,1.0,36700.0,G32_57_H12
2024-01-27 00:00:00,9.0,-3.0,2.0,20.0,28.0,1.04,520.0,270.0,84.00000000001455,0.67,0.58,34.2,31.4,0.4,0.4,0.0,0.0,1.0,1.0,36700.0,G32_57_H12
2024-01-28 00:00:00,11.0,0.0,3.0,18.0,30.0,1.27,635.0,237.0,67.99999999995634,0.68,0.57,32.9,30.3,0.4,0.59,0.0,0.0,1.0,1.0,36700.0,G32_57_H12
2024-01-29 00:00:00,12.0,0.0,4.0,18.0,48.0,2.06,1030.0,245.0,96.00000000005821,0.69,0.61,31.8,29.4,0.41,0.48,0.0,0.0,1.0,1.0,36700.0,G32_57_H12
2024-01-30 00:00:00,11.0,4.0,5.0,16.0,41.0,2.17,1085.0,208.0,75.99999999998545,0.7,0.66,31.2,28.9,0.4,0.45,0.0,0.0,1.0,1.0,36700.0,G32_57_H12
2024-01-31 00:00:00,7.0,1.0,6.0,14.0,30.0,2.44,1220.0,176.0,80.0,0.68,0.61,30.8,28.5,0.38,0.43,0.0,0.0,1.0,1.0,36700.0,G32_57_H12
2024-02-01 00:00:00,1.0,-2.0,7.0,9.0,30.0,2.51,1255.0,198.0,84.00000000001455,0.76,0.64,30.6,28.2,0.36,0.38,0.0,0.0,1.5,1.5,36700.0,G32_57_H12
2024-02-02 00:00:00,1.0,-2.0,8.0,25.0,150.0,2.6,1300.0,259.0,87.99999999995634,0.84,0.67,29.8,28.0,0.34,0.45,0.0,0.0,1.5,1.5,36700.0,G32_57_H12
2024-02-03 00:00:00,0.0,-2.0,9.0,19.0,20.0,3.32,1660.0,268.0,52.000000000043656,0.78,0.64,30.1,28.1,0.36,0.36,0.0,0.0,1.5,1.5,36700.0,G32_57_H12
2024-02-04 00:00:00,-1.0,-5.0,10.0,17.0,49.0,3.81,1905.0,270.0,11.999999999970896,0.78,0.62,29.5,27.5,0.32,0.37,0.0,0.0,1.5,1.5,36700.0,G32_57_H12
2024-02-05 00:00:00,-3.0,-10.0,11.0,0.0,36.0,4.14,2070.0,279.0,28.000000000029104,0.77,0.61,29.5,27.1,0.4,0.44,0.0,0.0,1.5,1.5,36700.0,G32_57_H12
2024-02-06 00:00:00,0.0,-5.0,12.0,13.0,128.0,4.77,2385.0,298.0,43.99999999994179,0.78,0.66,29.5,27.0,0.4,0.43,0.0,0.0,1.5,1.5,36700.0,G32_57_H12
2024-02-07 00:00:00,2.0,-4.0,13.0,11.0,126.0,5.13,2565.0,317.0,52.000000000043656,0.78,0.65,29.3,26.5,0.4,0.45,0.0,0.0,1.5,1.5,36700.0,G32_57_H12
2024-02-08 00:00:00,6.0,-2.0,14.0,9.0,117.0,5.33,2665.0,306.0,47.999999999956344,0.77,0.68,29.1,26.0,0.35,0.4,0.0,0.0,1.5,1.5,36700.0,G32_57_H12
2024-02-09 00:00:00,9.0,-1.0,15.0,15.0,174.0,5.89,2945.0,287.0,44.00000000001455,0.77,0.63,28.9,26.1,0.36,0.4,0.0,0.0,1.5,1.5,36700.0,G32_57_H12
2024-02-10 00:00:00,14.0,1.0,16.0,12.0,129.0,6.16,3080.0,213.0,40.0,0.78,0.71,28.4,25.7,0.33,0.38,0.0,0.0,1.5,1.5,36700.0,G32_57_H12
2024-02-11 00:00:00,15.0,2.0,17.0,12.0,125.0,6.78,3390.0,159.0,35.99999999998545,0.87,0.69,28.0,25.0,0.37,0.45,0.0,0.0,1.5,1.5,36700.0,G32_57_H12
2024-02-12 00:00:00,19.0,6.0,18.0,8.0,94.0,7.16,3580.0,145.0,56.00000000005821,0.87,0.77,27.4,25.3,0.43,0.5,0.0,0.0,2.0,2.0,36700.0,G32_57_H12
2024-02-13 00:00:00,21.0,8.0,19.0,7.0,85.0,7.4,3700.0,111.0,43.99999999994179,0.78,0.67,27.3,25.2,0.41,0.49,0.0,0.0,2.0,2.0,36700.0,G32_57_H12
2024-02-14 00:00:00,22.0,4.0,20.0,7.0,41.0,7.76,3880.0,86.0,52.000000000043656,0.77,0.67,28.0,25.7,0.41,0.52,0.0,0.0,2.0,2.0,36700.0,G32_57_H12
2024-02-15 00:00:00,9.0,-1.0,21.0,5.0,41.0,7.99,3995.0,80.0,44.00000000001455,0.76,0.68,28.4,25.6,0.35,0.38,0.0,0.0,2.0,2.0,36700.0,G32_57_H12
2024-02-16 00:00:00,11.0,0.0,22.0,8.0,23.0,9.3,4650.0,257.0,40.0,0.78,0.69,26.8,24.3,0.34,0.37,0.0,0.0,2.0,2.0,36700.0,G32_57_H12
2024-02-17 00:00:00,18.0,5.0,23.0,8.0,27.0,8.78,4390.0,166.0,75.99999999998545,0.79,0.7,28.1,24.8,0.34,0.44,0.0,0.0,2.0,2.0,36700.0,G32_57_H12
2024-02-18 00:00:00,22.0,13.0,24.0,8.0,23.0,9.5,4750.0,8.0,44.00000000001455,0.83,0.71,28.4,25.7,0.34,0.61,0.0,0.0,2.0,2.0,36700.0,G32_57_H12
2024-02-19 00:00:00,11.0,1.0,25.0,7.0,20.0,9.93,4965.0,0.0,51.999999999970896,0.85,0.79,27.4,24.4,0.28,0.31,0.0,0.0,2.0,2.0,36700.0,G32_57_H12
2024-02-20 00:00:00,2.0,-1.0,26.0,10.0,26.0,9.55,4775.0,66.0,44.00000000001455,0.8,0.61,25.9,23.9,0.24,0.26,0.0,0.0,2.0,2.0,36700.0,G32_57_H12
2024-02-21 00:00:00,-3.0,-1.0,27.0,7.0,19.0,10.22,5110.0,178.0,60.0,0.84,0.69,25.9,23.4,0.25,0.25,0.0,0.0,2.0,2.0,36700.0,G32_57_H12
2024-02-22 00:00:00,0.0,-3.0,28.0,7.0,20.0,9.91,4955.0,228.0,60.0,0.85,0.64,25.5,22.8,0.24,0.29,0.0,0.0,2.0,2.0,36700.0,G32_57_H12
2024-02-23 00:00:00,1.0,-3.0,29.0,8.0,23.0,11.01,5505.0,273.0,60.0,0.86,0.66,25.1,22.6,0.23,0.28,0.0,0.0,2.0,2.0,36700.0,G32_57_H12
2024-02-24 00:00:00,1.0,-3.0,30.0,7.0,21.0,11.11,5555.0,234.0,67.99999999995634,0.86,0.59,25.0,22.4,0.25,0.27,0.0,0.0,2.0,2.0,36700.0,G32_57_H12
2024-02-25 00:00:00,5.0,-2.0,31.0,12.0,18.0,11.53,5765.0,225.0,68.0000000000291,0.83,0.76,24.6,22.2,0.25,0.25,0.0,0.0,2.0,2.0,36700.0,G32_57_H12
2024-02-26 00:00:00,7.0,-2.0,32.0,38.0,32.0,11.96,5980.0,111.0,40.0,0.87,0.77,24.4,22.0,0.24,0.26,0.0,0.0,2.0,2.0,36700.0,G32_57_H12
2024-02-27 00:00:00,7.0,0.0,33.0,67.0,28.0,11.43,5715.0,121.0,68.0000000000291,0.86,0.65,24.0,21.2,0.27,0.35,0.0,0.0,2.0,2.0,36700.0,G32_57_H12
2024-02-28 00:00:00,7.0,3.0,34.0,48.0,16.0,11.27,5635.0,121.0,144.00000000001455,0.85,0.72,23.3,21.0,0.27,0.29,0.0,0.0,2.0,2.0,36700.0,G32_57_H12
2024-02-29 00:00:00,3.0,-1.0,35.0,47.0,10.0,12.57,6285.0,226.0,60.0,0.78,0.65,22.5,20.0,0.31,0.34,0.0,0.0,2.0,2.0,36700.0,G32_57_H12
2024-03-01 00:00:00,6.0,0.0,36.0,80.0,8.0,12.35,6175.0,343.0,64.00000000001455,0.85,0.63,21.9,19.0,0.29,0.31,0.0,0.0,2.0,2.0,36700.0,G32_57_H12
2024-01-22 00:00:00,0.0,-7.0,,,,,,,,,,,,,,,,,,37000.0,G32_57_H13
2024-01-23 00:00:00,0.0,-6.0,,,,,,,,,,,,,,,,,,37000.0,G32_57_H13
2024-01-24 00:00:00,4.0,-5.0,,,,,,,,,,,,,,,,,,37000.0,G32_57_H13
2024-01-25 00:00:00,6.0,-3.0,,,,,,,,,,,,,,,,,,37000.0,G32_57_H13
2024-01-26 00:00:00,8.0,-2.0,0.0,,,,,,,,,,,,,,,,,37000.0,G32_57_H13
2024-01-27 00:00:00,9.0,-3.0,1.0,36.0,0.0,0.8,400.0,587.0,84.00000000001455,0.61,0.49,36.8,33.8,0.4,0.4,0.0,0.0,1.0,1.0,37000.0,G32_57_H13
2024-01-28 00:00:00,11.0,0.0,2.0,28.0,0.0,1.01,505.0,241.0,95.99999999998545,0.66,0.5,34.8,32.9,0.4,0.6,0.0,0.0,1.0,1.0,37000.0,G32_57_H13
2024-01-29 00:00:00,12.0,0.0,3.0,37.0,54.0,1.23,615.0,248.0,95.99999999998545,0.68,0.51,34.6,31.6,0.51,0.61,0.0,0.0,1.0,1.0,37000.0,G32_57_H13
2024-01-30 00:00:00,11.0,4.0,4.0,25.0,115.0,1.32,660.0,211.0,100.0,0.73,0.58,33.5,30.9,0.5,0.57,0.0,0.0,1.0,1.0,37000.0,G32_57_H13
2024-01-31 00:00:00,7.0,1.0,5.0,21.0,16.0,1.75,875.0,181.0,92.00000000004366,0.75,0.68,32.4,30.2,0.4,0.45,0.0,0.0,1.0,1.0,37000.0,G32_57_H13
2024-02-01 00:00:00,1.0,-2.0,6.0,30.0,141.0,1.99,995.0,198.0,95.99999999998545,0.7,0.53,32.0,29.4,0.34,0.36,0.0,0.0,1.0,1.0,37000.0,G32_57_H13
2024-02-02 00:00:00,1.0,-2.0,7.0,19.0,235.0,2.19,1095.0,259.0,111.9999999999709,0.75,0.67,32.1,29.4,0.36,0.49,0.0,0.0,1.5,1.5,37000.0,G32_57_H13
2024-02-03 00:00:00,0.0,-2.0,8.0,19.0,25.0,2.23,1115.0,268.0,92.00000000004366,0.77,0.69,32.3,29.8,0.3,0.34,0.0,0.0,1.5,1.5,37000.0,G32_57_H13
2024-02-04 00:00:00,-1.0,-5.0,9.0,5.0,3.0,2.27,1135.0,270.0,75.99999999998545,0.76,0.67,31.1,29.0,0.3,0.35,0.0,0.0,1.5,1.5,37000.0,G32_57_H13
2024-02-05 00:00:00,-3.0,-10.0,10.0,10.0,0.0,3.17,1585.0,279.0,71.9999999999709,0.76,0.67,30.7,28.4,0.36,0.4,0.0,0.0,1.5,1.5,37000.0,G32_57_H13
2024-02-06 00:00:00,0.0,-5.0,11.0,12.0,17.0,3.74,1870.0,298.0,75.99999999998545,0.75,0.65,30.6,28.0,0.37,0.42,0.0,0.0,1.5,1.5,37000.0,G32_57_H13
2024-02-07 00:00:00,2.0,-4.0,12.0,12.0,23.0,4.1,2050.0,317.0,80.0,0.73,0.63,30.4,27.9,0.37,0.41,0.0,0.0,1.5,1.5,37000.0,G32_57_H13
2024-02-08 00:00:00,6.0,-2.0,13.0,4.0,9.0,4.44,2220.0,306.0,80.0,0.73,0.62,30.0,27.4,0.36,0.39,0.0,0.0,1.5,1.5,37000.0,G32_57_H13
2024-02-09 00:00:00,9.0,-1.0,14.0,8.0,24.0,4.7,2350.0,287.0,48.000000000029104,0.72,0.61,29.8,27.3,0.38,0.44,0.0,0.0,1.5,1.5,37000.0,G32_57_H13
2024-02-10 00:00:00,14.0,1.0,15.0,7.0,18.0,4.95,2475.0,213.0,44.00000000001455,0.73,0.63,29.4,26.8,0.32,0.35,0.0,0.0,1.5,1.5,37000.0,G32_57_H13
2024-02-11 00:00:00,15.0,2.0,16.0,8.0,7.0,5.41,2705.0,159.0,44.00000000001455,0.76,0.66,29.0,26.5,0.31,0.4,0.0,0.0,1.5,1.5,37000.0,G32_57_H13
2024-02-12 00:00:00,19.0,6.0,17.0,14.0,17.0,6.16,3080.0,145.0,67.99999999995634,0.76,0.65,28.5,26.0,0.36,0.45,0.0,0.0,1.5,1.5,37000.0,G32_57_H13
2024-02-13 00:00:00,21.0,8.0,18.0,9.0,15.0,6.86,3430.0,111.0,52.000000000043656,0.77,0.67,29.0,26.5,0.31,0.39,0.0,0.0,2.0,2.0,37000.0,G32_57_H13
2024-02-14 00:00:00,22.0,4.0,19.0,9.0,13.0,7.22,3610.0,86.0,35.99999999998545,0.78,0.68,29.0,27.0,0.35,0.45,0.0,0.0,2.0,2.0,37000.0,G32_57_H13
2024-02-15 00:00:00,9.0,-1.0,20.0,5.0,16.0,7.62,3810.0,80.0,64.00000000001455,0.78,0.7,28.4,26.3,0.32,0.36,0.0,0.0,2.0,2.0,37000.0,G32_57_H13
2024-02-16 00:00:00,11.0,0.0,21.0,5.0,6.0,7.84,3920.0,257.0,20.0,0.75,0.66,28.0,25.5,0.33,0.36,0.0,0.0,2.0,2.0,37000.0,G32_57_H13
2024-02-17 00:00:00,18.0,5.0,22.0,4.0,11.0,8.01,4005.0,166.0,35.99999999998545,0.76,0.64,29.2,25.6,0.33,0.44,0.0,0.0,2.0,2.0,37000.0,G32_57_H13
2024-02-18 00:00:00,22.0,13.0,23.0,5.0,16.0,8.39,4195.0,8.0,44.00000000001455,0.78,0.69,28.9,26.2,0.37,0.65,0.0,0.0,2.0,2.0,37000.0,G32_57_H13
2024-02-19 00:00:00,11.0,1.0,24.0,5.0,9.0,9.8,4900.0,0.0,55.99999999998545,0.8,0.76,28.1,25.1,0.29,0.31,0.0,0.0,2.0,2.0,37000.0,G32_57_H13
2024-02-20 00:00:00,2.0,-1.0,25.0,4.0,3.0,9.07,4535.0,66.0,60.0,0.79,0.69,27.0,24.8,0.24,0.27,0.0,0.0,2.0,2.0,37000.0,G32_57_H13
2024-02-21 00:00:00,-3.0,-1.0,26.0,8.0,15.0,9.21,4605.0,178.0,40.0,0.79,0.71,27.1,24.6,0.25,0.25,0.0,0.0,2.0,2.0,37000.0,G32_57_H13
2024-02-22 00:00:00,0.0,-3.0,27.0,5.0,6.0,9.96,4980.0,228.0,51.999999999970896,0.8,0.68,26.7,23.9,0.24,0.29,0.0,0.0,2.0,2.0,37000.0,G32_57_H13
2024-02-23 00:00:00,1.0,-3.0,28.0,9.0,8.0,10.05,5025.0,273.0,44.00000000001455,0.78,0.66,26.3,23.7,0.23,0.28,0.0,0.0,2.0,2.0,37000.0,G32_57_H13
2024-02-24 00:00:00,1.0,-3.0,29.0,15.0,7.0,10.77,5385.0,234.0,80.0,0.79,0.69,26.3,23.5,0.25,0.27,0.0,0.0,2.0,2.0,37000.0,G32_57_H13
2024-02-25 00:00:00,5.0,-2.0,30.0,7.0,5.0,11.15,5575.0,225.0,91.9999999999709,0.79,0.71,26.3,23.1,0.25,0.25,0.0,0.0,2.0,2.0,37000.0,G32_57_H13
2024-02-26 00:00:00,7.0,-2.0,31.0,12.0,5.0,11.98,5990.0,111.0,60.0,0.8,0.71,25.6,23.2,0.24,0.26,0.0,0.0,2.0,2.0,37000.0,G32_57_H13
2024-02-27 00:00:00,7.0,0.0,32.0,48.0,12.0,11.98,5990.0,121.0,100.0,0.8,0.65,25.7,22.7,0.27,0.35,0.0,0.0,2.0,2.0,37000.0,G32_57_H13
2024-02-28 00:00:00,7.0,3.0,33.0,66.0,0.0,10.17,5085.0,121.0,140.0,0.79,0.68,24.2,22.2,0.25,0.27,0.0,0.0,2.0,2.0,37000.0,G32_57_H13
2024-02-29 00:00:00,3.0,-1.0,34.0,60.0,0.0,11.41,5705.0,226.0,80.0,0.8,0.71,23.6,21.5,0.31,0.34,0.0,0.0,2.0,2.0,37000.0,G32_57_H13
2024-03-01 00:00:00,6.0,0.0,35.0,42.0,0.0,11.56,5780.0,343.0,48.000000000029104,0.8,0.65,23.8,20.8,0.32,0.34,0.0,0.0,2.0,2.0,37000.0,G32_57_H13
2024-01-22 00:00:00,0.0,-7.0,0.0,,,,,,,,,,,,,,,,,36500.0,G32_57_H14
2024-01-23 00:00:00,0.0,-6.0,1.0,35.0,0.0,0.8,400.0,1335.0,52.000000000043656,0.58,0.47,36.7,33.6,0.4,0.4,0.0,0.0,1.0,1.0,36500.0,G32_57_H14
2024-01-24 00:00:00,4.0,-5.0,2.0,30.0,0.0,1.0,500.0,389.0,124.00000000001455,0.69,0.54,36.7,33.6,0.4,0.42,0.0,0.0,1.0,1.0,36500.0,G32_57_H14
2024-01-25 00:00:00,6.0,-3.0,3.0,23.0,29.0,1.08,540.0,312.0,115.99999999998545,0.7,0.53,35.2,31.4,0.4,0.42,0.0,0.0,1.0,1.0,36500.0,G32_57_H14
2024-01-26 00:00:00,8.0,-2.0,4.0,18.0,33.0,1.6,800.0,275.0,64.00000000001455,0.68,0.54,33.6,31.1,0.39,0.39,0.0,0.0,1.0,1.0,36500.0,G32_57_H14
2024-01-27 00:00:00,9.0,-3.0,5.0,13.0,41.0,1.8,900.0,270.0,87.99999999995634,0.69,0.59,32.8,30.1,0.37,0.37,0.0,0.0,1.0,1.0,36500.0,G32_57_H14
2024-01-28 00:00:00,11.0,0.0,6.0,11.0,31.0,2.17,1085.0,237.0,124.00000000001455,0.7,0.6,31.6,29.6,0.46,0.57,0.0,0.0,1.0,1.0,36500.0,G32_57_H14
2024-01-29 00:00:00,12.0,0.0,7.0,9.0,24.0,2.53,1265.0,245.0,111.9999999999709,0.73,0.65,30.7,28.7,0.43,0.48,0.0,0.0,1.0,1.0,36500.0,G32_57_H14
2024-01-30 00:00:00,11.0,4.0,8.0,8.0,17.0,2.78,1390.0,208.0,116.00000000005821,0.75,0.67,30.5,28.4,0.42,0.48,0.0,0.0,1.5,1.5,36500.0,G32_57_H14
2024-01-31 00:00:00,7.0,1.0,9.0,24.0,215.0,2.94,1470.0,176.0,95.99999999998545,0.81,0.72,30.7,28.3,0.47,0.52,0.0,0.0,1.5,1.5,36500.0,G32_57_H14
2024-02-01 00:00:00,1.0,-2.0,10.0,8.0,9.0,3.14,1570.0,198.0,47.999999999956344,0.79,0.69,30.9,28.0,0.45,0.5,0.0,0.0,1.5,1.5,36500.0,G32_57_H14
2024-02-02 00:00:00,1.0,-2.0,11.0,5.0,6.0,3.66,1830.0,259.0,44.00000000001455,0.78,0.65,30.9,27.7,0.36,0.45,0.0,0.0,1.5,1.5,36500.0,G32_57_H14
2024-02-03 00:00:00,0.0,-2.0,12.0,4.0,17.0,4.55,2275.0,268.0,44.00000000001455,0.76,0.65,30.3,27.9,0.42,0.46,0.0,0.0,1.5,1.5,36500.0,G32_57_H14
2024-02-04 00:00:00,-1.0,-5.0,13.0,11.0,27.0,4.75,2375.0,270.0,48.000000000029104,0.74,0.64,29.8,27.0,0.43,0.49,0.0,0.0,1.5,1.5,36500.0,G32_57_H14
2024-02-05 00:00:00,-3.0,-10.0,14.0,9.0,38.0,5.26,2630.0,279.0,47.999999999956344,0.72,0.61,29.8,26.8,0.44,0.5,0.0,0.0,1.5,1.5,36500.0,G32_57_H14
2024-02-06 00:00:00,0.0,-5.0,15.0,8.0,21.0,5.63,2815.0,298.0,52.000000000043656,0.74,0.64,29.8,26.8,0.4,0.46,0.0,0.0,1.5,1.5,36500.0,G32_57_H14
2024-02-07 00:00:00,2.0,-4.0,16.0,9.0,35.0,6.19,3095.0,317.0,60.0,0.72,0.61,29.2,26.4,0.4,0.45,0.0,0.0,1.5,1.5,36500.0,G32_57_H14
2024-02-08 00:00:00,6.0,-2.0,17.0,10.0,65.0,6.69,3345.0,306.0,63.99999999994179,0.76,0.61,29.2,26.0,0.41,0.45,0.0,0.0,1.5,1.5,36500.0,G32_57_H14
2024-02-09 00:00:00,9.0,-1.0,18.0,8.0,43.0,6.89,3445.0,287.0,60.0,0.7,0.6,28.6,25.2,0.41,0.44,0.0,0.0,1.5,1.5,36500.0,G32_57_H14
2024-02-10 00:00:00,14.0,1.0,19.0,7.0,44.0,7.33,3665.0,214.0,72.00000000004366,0.72,0.6,28.4,24.8,0.38,0.41,0.0,0.0,1.5,1.5,36500.0,G32_57_H14
2024-02-11 00:00:00,15.0,2.0,20.0,9.0,47.0,8.01,4005.0,159.0,40.0,0.84,0.64,28.2,24.4,0.37,0.44,0.0,0.0,1.5,1.5,36500.0,G32_57_H14
2024-02-12 00:00:00,19.0,6.0,21.0,6.0,29.0,8.21,4105.0,145.0,55.99999999998545,0.73,0.62,27.4,24.4,0.45,0.53,0.0,0.0,2.0,2.0,36500.0,G32_57_H14
2024-02-13 00:00:00,21.0,8.0,22.0,5.0,21.0,8.62,4310.0,112.0,60.0,0.79,0.69,27.2,24.6,0.41,0.49,0.0,0.0,2.0,2.0,36500.0,G32_57_H14
2024-02-14 00:00:00,22.0,4.0,23.0,6.0,14.0,8.88,4440.0,86.0,60.0,0.74,0.65,27.9,25.2,0.42,0.53,0.0,0.0,2.0,2.0,36500.0,G32_57_H14
2024-02-15 00:00:00,9.0,-1.0,24.0,5.0,21.0,9.23,4615.0,80.0,64.00000000001455,0.72,0.62,27.4,24.3,0.39,0.43,0.0,0.0,2.0,2.0,36500.0,G32_57_H14
2024-02-16 00:00:00,11.0,0.0,25.0,4.0,17.0,9.64,4820.0,257.0,75.99999999998545,0.72,0.62,26.6,23.8,0.34,0.37,0.0,0.0,2.0,2.0,36500.0,G32_57_H14
2024-02-17 00:00:00,18.0,5.0,26.0,5.0,14.0,9.91,4955.0,166.0,71.9999999999709,0.72,0.6,29.0,23.9,0.35,0.44,0.0,0.0,2.0,2.0,36500.0,G32_57_H14
2024-02-18 00:00:00,22.0,13.0,27.0,6.0,15.0,10.32,5160.0,8.0,52.000000000043656,0.76,0.64,29.0,25.7,0.39,0.64,0.0,0.0,2.0,2.0,36500.0,G32_57_H14
2024-02-19 00:00:00,11.0,1.0,28.0,7.0,18.0,10.47,5235.0,0.0,75.99999999998545,0.8,0.74,27.6,24.1,0.3,0.32,0.0,0.0,2.0,2.0,36500.0,G32_57_H14
2024-02-20 00:00:00,2.0,-1.0,29.0,10.0,23.0,10.7,5350.0,66.0,48.000000000029104,0.82,0.73,26.4,23.8,0.23,0.25,0.0,0.0,2.0,2.0,36500.0,G32_57_H14
2024-02-21 00:00:00,-3.0,-1.0,30.0,8.0,29.0,10.94,5470.0,178.0,63.99999999994179,0.81,0.7,26.3,23.7,0.23,0.23,0.0,0.0,2.0,2.0,36500.0,G32_57_H14
2024-02-22 00:00:00,0.0,-3.0,31.0,9.0,31.0,10.7,5350.0,228.0,68.0000000000291,0.82,0.71,25.9,22.7,0.24,0.29,0.0,0.0,2.0,2.0,36500.0,G32_57_H14
2024-02-23 00:00:00,1.0,-3.0,32.0,10.0,38.0,12.29,6145.0,273.0,64.00000000001455,0.78,0.67,25.4,22.5,0.22,0.26,0.0,0.0,2.0,2.0,36500.0,G32_57_H14
2024-02-24 00:00:00,1.0,-3.0,33.0,48.0,44.0,12.48,6240.0,234.0,87.99999999995634,0.81,0.72,25.2,22.3,0.24,0.26,0.0,0.0,2.0,2.0,36500.0,G32_57_H14
2024-02-25 00:00:00,5.0,-2.0,34.0,98.0,68.0,11.22,5610.0,225.0,68.0000000000291,0.83,0.73,24.8,21.8,0.22,0.24,0.0,0.0,2.0,2.0,36500.0,G32_57_H14
2024-02-26 00:00:00,7.0,-2.0,35.0,109.0,81.0,11.82,5910.0,111.0,71.9999999999709,0.8,0.7,24.5,21.7,0.23,0.25,0.0,0.0,2.0,2.0,36500.0,G32_57_H14
2024-02-27 00:00:00,7.0,0.0,36.0,138.0,88.0,10.71,5355.0,121.0,68.0000000000291,0.8,0.64,24.1,20.8,0.23,0.31,0.0,0.0,2.0,2.0,36500.0,G32_57_H14
2024-02-28 00:00:00,7.0,3.0,37.0,148.0,95.0,11.45,5725.0,121.0,144.00000000001455,0.81,0.71,22.2,20.0,0.25,0.27,0.0,0.0,2.0,2.0,36500.0,G32_57_H14
2024-02-29 00:00:00,3.0,-1.0,38.0,0.0,0.0,0.0,0.0,0.0,,0.0,0.0,0.0,0.0,0.0,0.0,0.0,0.0,2.0,2.0,36500.0,G32_57_H14
2024-03-01 00:00:00,6.0,0.0,39.0,0.0,0.0,0.0,0.0,0.0,,0.0,0.0,0.0,0.0,0.0,0.0,0.0,0.0,2.0,2.0,36500.0,G32_57_H14
2024-01-22 00:00:00,0.0,-7.0,0.0,,,,,,,,,,,,,,,,,36700.0,G32_57_H15
2024-01-23 00:00:00,0.0,-6.0,1.0,38.0,0.0,0.8,400.0,1335.0,55.99999999998545,0.59,0.46,36.1,33.1,0.4,0.4,0.0,0.0,1.0,1.0,36700.0,G32_57_H15
2024-01-24 00:00:00,4.0,-5.0,2.0,36.0,0.0,1.0,500.0,389.0,112.00000000004366,0.68,0.53,36.1,33.1,0.4,0.42,0.0,0.0,1.0,1.0,36700.0,G32_57_H15
2024-01-25 00:00:00,6.0,-3.0,3.0,25.0,27.0,1.08,540.0,313.0,107.99999999995634,0.71,0.52,34.7,31.6,0.4,0.42,0.0,0.0,1.0,1.0,36700.0,G32_57_H15
2024-01-26 00:00:00,8.0,-2.0,4.0,13.0,21.0,1.52,760.0,275.0,68.0000000000291,0.69,0.56,33.0,31.4,0.39,0.39,0.0,0.0,1.0,1.0,36700.0,G32_57_H15
2024-01-27 00:00:00,9.0,-3.0,5.0,11.0,34.0,1.76,880.0,270.0,84.00000000001455,0.71,0.62,32.5,29.8,0.37,0.37,0.0,0.0,1.0,1.0,36700.0,G32_57_H15
2024-01-28 00:00:00,11.0,0.0,6.0,12.0,29.0,2.12,1060.0,237.0,107.99999999995634,0.73,0.62,31.7,29.2,0.46,0.57,0.0,0.0,1.0,1.0,36700.0,G32_57_H15
2024-01-29 00:00:00,12.0,0.0,7.0,10.0,26.0,2.55,1275.0,245.0,104.00000000001455,0.76,0.67,31.0,28.8,0.43,0.48,0.0,0.0,1.0,1.0,36700.0,G32_57_H15
2024-01-30 00:00:00,11.0,4.0,8.0,9.0,18.0,2.7,1350.0,208.0,104.00000000001455,0.78,0.67,30.6,28.4,0.42,0.48,0.0,0.0,1.5,1.5,36700.0,G32_57_H15
2024-01-31 00:00:00,7.0,1.0,9.0,26.0,227.0,2.74,1370.0,176.0,84.00000000001455,0.78,0.68,30.1,28.2,0.47,0.52,0.0,0.0,1.5,1.5,36700.0,G32_57_H15
2024-02-01 00:00:00,1.0,-2.0,10.0,10.0,19.0,2.76,1380.0,198.0,55.99999999998545,0.73,0.62,30.3,28.1,0.45,0.5,0.0,0.0,1.5,1.5,36700.0,G32_57_H15
2024-02-02 00:00:00,1.0,-2.0,11.0,4.0,7.0,3.6,1800.0,259.0,51.999999999970896,0.8,0.7,29.7,27.6,0.36,0.45,0.0,0.0,1.5,1.5,36700.0,G32_57_H15
2024-02-03 00:00:00,0.0,-2.0,12.0,5.0,11.0,3.82,1910.0,268.0,44.00000000001455,0.79,0.66,29.6,27.4,0.42,0.46,0.0,0.0,1.5,1.5,36700.0,G32_57_H15
2024-02-04 00:00:00,-1.0,-5.0,13.0,9.0,16.0,4.39,2195.0,270.0,51.999999999970896,0.76,0.65,29.4,26.9,0.43,0.49,0.0,0.0,1.5,1.5,36700.0,G32_57_H15
2024-02-05 00:00:00,-3.0,-10.0,14.0,7.0,23.0,5.02,2510.0,279.0,56.00000000005821,0.74,0.61,28.8,26.3,0.44,0.5,0.0,0.0,1.5,1.5,36700.0,G32_57_H15
2024-02-06 00:00:00,0.0,-5.0,15.0,6.0,25.0,5.49,2745.0,298.0,60.0,0.75,0.63,28.7,26.1,0.4,0.46,0.0,0.0,1.5,1.5,36700.0,G32_57_H15
2024-02-07 00:00:00,2.0,-4.0,16.0,7.0,43.0,6.13,3065.0,317.0,63.99999999994179,0.72,0.63,28.7,25.8,0.4,0.45,0.0,0.0,1.5,1.5,36700.0,G32_57_H15
2024-02-08 00:00:00,6.0,-2.0,17.0,8.0,45.0,6.64,3320.0,306.0,64.00000000001455,0.75,0.63,28.3,25.6,0.41,0.45,0.0,0.0,1.5,1.5,36700.0,G32_57_H15
2024-02-09 00:00:00,9.0,-1.0,18.0,7.0,23.0,7.03,3515.0,287.0,64.00000000001455,0.75,0.65,28.3,25.1,0.41,0.44,0.0,0.0,1.5,1.5,36700.0,G32_57_H15
2024-02-10 00:00:00,14.0,1.0,19.0,6.0,32.0,7.25,3625.0,214.0,68.0000000000291,0.76,0.63,27.9,25.0,0.38,0.41,0.0,0.0,1.5,1.5,36700.0,G32_57_H15
2024-02-11 00:00:00,15.0,2.0,20.0,8.0,34.0,7.88,3940.0,159.0,40.0,0.8,0.7,28.5,25.7,0.37,0.44,0.0,0.0,1.5,1.5,36700.0,G32_57_H15
2024-02-12 00:00:00,19.0,6.0,21.0,7.0,25.0,7.98,3990.0,145.0,51.999999999970896,0.77,0.66,27.5,25.1,0.45,0.53,0.0,0.0,2.0,2.0,36700.0,G32_57_H15
2024-02-13 00:00:00,21.0,8.0,22.0,6.0,19.0,8.4,4200.0,112.0,55.99999999998545,0.75,0.65,28.0,25.2,0.41,0.49,0.0,0.0,2.0,2.0,36700.0,G32_57_H15
2024-02-14 00:00:00,22.0,4.0,23.0,4.0,15.0,9.09,4545.0,86.0,55.99999999998545,0.75,0.66,28.8,25.7,0.42,0.53,0.0,0.0,2.0,2.0,36700.0,G32_57_H15
2024-02-15 00:00:00,9.0,-1.0,24.0,7.0,19.0,8.76,4380.0,81.0,60.0,0.75,0.67,27.4,24.6,0.39,0.43,0.0,0.0,2.0,2.0,36700.0,G32_57_H15
2024-02-16 00:00:00,11.0,0.0,25.0,5.0,15.0,9.97,4985.0,257.0,76.00000000005821,0.74,0.66,26.4,24.3,0.34,0.37,0.0,0.0,2.0,2.0,36700.0,G32_57_H15
2024-02-17 00:00:00,18.0,5.0,26.0,4.0,11.0,9.87,4935.0,166.0,67.99999999995634,0.75,0.65,28.9,24.2,0.35,0.44,0.0,0.0,2.0,2.0,36700.0,G32_57_H15
2024-02-18 00:00:00,22.0,13.0,27.0,5.0,12.0,10.51,5255.0,8.0,60.0,0.77,0.68,29.5,26.2,0.39,0.64,0.0,0.0,2.0,2.0,36700.0,G32_57_H15
2024-02-19 00:00:00,11.0,1.0,28.0,6.0,21.0,10.97,5485.0,0.0,75.99999999998545,0.82,0.76,28.0,24.5,0.3,0.32,0.0,0.0,2.0,2.0,36700.0,G32_57_H15
2024-02-20 00:00:00,2.0,-1.0,29.0,9.0,20.0,11.05,5525.0,66.0,48.000000000029104,0.83,0.75,26.1,23.9,0.23,0.25,0.0,0.0,2.0,2.0,36700.0,G32_57_H15
2024-02-21 00:00:00,-3.0,-1.0,30.0,7.0,25.0,11.02,5510.0,178.0,64.00000000001455,0.84,0.73,25.5,23.3,0.23,0.23,0.0,0.0,2.0,2.0,36700.0,G32_57_H15
2024-02-22 00:00:00,0.0,-3.0,31.0,6.0,30.0,11.73,5865.0,228.0,67.99999999995634,0.84,0.73,25.2,22.9,0.24,0.29,0.0,0.0,2.0,2.0,36700.0,G32_57_H15
2024-02-23 00:00:00,1.0,-3.0,32.0,9.0,34.0,12.2,6100.0,273.0,40.0,0.8,0.7,25.1,22.7,0.22,0.26,0.0,0.0,2.0,2.0,36700.0,G32_57_H15
2024-02-24 00:00:00,1.0,-3.0,33.0,33.0,32.0,12.59,6295.0,234.0,48.000000000029104,0.83,0.72,24.5,22.5,0.24,0.26,0.0,0.0,2.0,2.0,36700.0,G32_57_H15
2024-02-25 00:00:00,5.0,-2.0,34.0,108.0,94.0,11.9,5950.0,225.0,55.99999999998545,0.86,0.74,25.3,22.3,0.22,0.24,0.0,0.0,2.0,2.0,36700.0,G32_57_H15
2024-02-26 00:00:00,7.0,-2.0,35.0,215.0,119.0,11.09,5545.0,111.0,64.00000000001455,0.83,0.73,24.8,22.1,0.23,0.25,0.0,0.0,2.0,2.0,36700.0,G32_57_H15
2024-02-27 00:00:00,7.0,0.0,36.0,197.0,112.0,11.16,5580.0,121.0,84.00000000001455,0.83,0.67,24.5,21.3,0.23,0.31,0.0,0.0,2.0,2.0,36700.0,G32_57_H15
2024-02-28 00:00:00,7.0,3.0,37.0,210.0,85.0,10.85,5425.0,121.0,208.0000000000291,0.82,0.75,22.9,20.5,0.25,0.27,0.0,0.0,2.0,2.0,36700.0,G32_57_H15
2024-02-29 00:00:00,3.0,-1.0,38.0,0.0,0.0,0.0,0.0,0.0,,0.0,0.0,0.0,0.0,0.0,0.0,0.0,0.0,2.0,2.0,36700.0,G32_57_H15
2024-03-01 00:00:00,6.0,0.0,39.0,0.0,0.0,0.0,0.0,0.0,,0.0,0.0,0.0,0.0,0.0,0.0,0.0,0.0,2.0,2.0,36700.0,G32_57_H15
2024-01-22 00:00:00,0.0,-7.0,,,,,,,,,,,,,,,,,,34600.0,G32_57_H16
2024-01-23 00:00:00,0.0,-6.0,0.0,,,,,,,,,,,,,,,,,34600.0,G32_57_H16
2024-01-24 00:00:00,4.0,-5.0,1.0,37.0,16.0,0.78,390.0,1724.0,107.99999999995634,0.66,0.51,35.8,32.6,0.4,0.4,0.0,0.0,1.0,1.0,34600.0,G32_57_H16
2024-01-25 00:00:00,6.0,-3.0,2.0,28.0,42.0,0.92,460.0,313.0,108.0000000000291,0.67,0.54,34.9,31.1,0.4,0.4,0.0,0.0,1.0,1.0,34600.0,G32_57_H16
2024-01-26 00:00:00,8.0,-2.0,3.0,20.0,17.0,1.1,550.0,275.0,67.99999999995634,0.64,0.5,33.1,31.0,0.4,0.42,0.0,0.0,1.0,1.0,34600.0,G32_57_H16
2024-01-27 00:00:00,9.0,-3.0,4.0,18.0,16.0,1.41,705.0,270.0,92.00000000004366,0.69,0.58,31.9,30.0,0.39,0.39,0.0,0.0,1.0,1.0,34600.0,G32_57_H16
2024-01-28 00:00:00,11.0,0.0,5.0,14.0,17.0,2.21,1105.0,237.0,111.9999999999709,0.7,0.56,32.0,29.4,0.46,0.57,0.0,0.0,1.0,1.0,34600.0,G32_57_H16
2024-01-29 00:00:00,12.0,0.0,6.0,19.0,26.0,2.54,1270.0,245.0,108.0000000000291,0.75,0.65,30.8,28.6,0.43,0.48,0.0,0.0,1.0,1.0,34600.0,G32_57_H16
2024-01-30 00:00:00,11.0,4.0,7.0,16.0,18.0,3.11,1555.0,208.0,95.99999999998545,0.76,0.66,30.5,28.3,0.42,0.48,0.0,0.0,1.5,1.5,34600.0,G32_57_H16
2024-01-31 00:00:00,7.0,1.0,8.0,38.0,158.0,3.53,1765.0,176.0,104.00000000001455,0.75,0.66,30.4,28.0,0.47,0.52,0.0,0.0,1.5,1.5,34600.0,G32_57_H16
2024-02-01 00:00:00,1.0,-2.0,9.0,27.0,12.0,3.09,1545.0,198.0,47.999999999956344,0.73,0.62,30.3,28.0,0.45,0.5,0.0,0.0,1.5,1.5,34600.0,G32_57_H16
2024-02-02 00:00:00,1.0,-2.0,10.0,15.0,17.0,4.04,2020.0,259.0,56.00000000005821,0.75,0.61,29.9,27.7,0.36,0.45,0.0,0.0,1.5,1.5,34600.0,G32_57_H16
2024-02-03 00:00:00,0.0,-2.0,11.0,13.0,26.0,4.55,2275.0,268.0,43.99999999994179,0.76,0.64,29.9,27.5,0.42,0.46,0.0,0.0,1.5,1.5,34600.0,G32_57_H16
2024-02-04 00:00:00,-1.0,-5.0,12.0,13.0,45.0,4.8,2400.0,270.0,52.000000000043656,0.75,0.62,29.4,27.2,0.43,0.49,0.0,0.0,1.5,1.5,34600.0,G32_57_H16
2024-02-05 00:00:00,-3.0,-10.0,13.0,26.0,60.0,5.18,2590.0,280.0,55.99999999998545,0.74,0.63,28.9,26.7,0.44,0.5,0.0,0.0,1.5,1.5,34600.0,G32_57_H16
2024-02-06 00:00:00,0.0,-5.0,14.0,15.0,111.0,5.43,2715.0,298.0,51.999999999970896,0.76,0.64,29.1,26.9,0.37,0.41,0.0,0.0,1.5,1.5,34600.0,G32_57_H16
2024-02-07 00:00:00,2.0,-4.0,15.0,13.0,187.0,5.6,2800.0,317.0,56.00000000005821,0.73,0.65,28.5,26.3,0.33,0.38,0.0,0.0,1.5,1.5,34600.0,G32_57_H16
2024-02-08 00:00:00,6.0,-2.0,16.0,12.0,134.0,6.1,3050.0,307.0,60.0,0.75,0.63,28.8,26.1,0.3,0.36,0.0,0.0,1.5,1.5,34600.0,G32_57_H16
2024-02-09 00:00:00,9.0,-1.0,17.0,13.0,50.0,6.07,3035.0,287.0,63.99999999994179,0.74,0.64,28.6,25.6,0.35,0.39,0.0,0.0,1.5,1.5,34600.0,G32_57_H16
2024-02-10 00:00:00,14.0,1.0,18.0,16.0,39.0,6.71,3355.0,214.0,56.00000000005821,0.75,0.64,28.2,25.5,0.33,0.37,0.0,0.0,1.5,1.5,34600.0,G32_57_H16
2024-02-11 00:00:00,15.0,2.0,19.0,14.0,108.0,6.55,3275.0,159.0,43.99999999994179,0.76,0.68,28.0,25.7,0.32,0.39,0.0,0.0,1.5,1.5,34600.0,G32_57_H16
2024-02-12 00:00:00,19.0,6.0,20.0,11.0,76.0,7.04,3520.0,145.0,64.00000000001455,0.76,0.65,27.7,25.3,0.41,0.5,0.0,0.0,2.0,2.0,34600.0,G32_57_H16
2024-02-13 00:00:00,21.0,8.0,21.0,12.0,51.0,7.9,3950.0,112.0,44.00000000001455,0.75,0.62,27.6,25.5,0.33,0.41,0.0,0.0,2.0,2.0,34600.0,G32_57_H16
2024-02-14 00:00:00,22.0,4.0,22.0,7.0,43.0,8.08,4040.0,86.0,51.999999999970896,0.75,0.66,27.7,25.7,0.38,0.48,0.0,0.0,2.0,2.0,34600.0,G32_57_H16
2024-02-15 00:00:00,9.0,-1.0,23.0,8.0,30.0,8.46,4230.0,81.0,64.00000000001455,0.76,0.64,27.3,25.0,0.35,0.38,0.0,0.0,2.0,2.0,34600.0,G32_57_H16
2024-02-16 00:00:00,11.0,0.0,24.0,6.0,43.0,9.07,4535.0,257.0,68.0000000000291,0.75,0.64,26.6,24.4,0.31,0.34,0.0,0.0,2.0,2.0,34600.0,G32_57_H16
2024-02-17 00:00:00,18.0,5.0,25.0,7.0,16.0,8.79,4395.0,166.0,75.99999999998545,0.75,0.64,29.0,24.6,0.31,0.4,0.0,0.0,2.0,2.0,34600.0,G32_57_H16
2024-02-18 00:00:00,22.0,13.0,26.0,6.0,28.0,9.02,4510.0,8.0,40.0,0.76,0.68,28.7,25.8,0.33,0.59,0.0,0.0,2.0,2.0,34600.0,G32_57_H16
2024-02-19 00:00:00,11.0,1.0,27.0,33.0,57.0,9.59,4795.0,0.0,60.0,0.76,0.73,27.7,24.3,0.27,0.29,0.0,0.0,2.0,2.0,34600.0,G32_57_H16
2024-02-20 00:00:00,2.0,-1.0,28.0,13.0,26.0,9.28,4640.0,66.0,60.0,0.76,0.71,26.3,23.7,0.23,0.25,0.0,0.0,2.0,2.0,34600.0,G32_57_H16
2024-02-21 00:00:00,-3.0,-1.0,29.0,15.0,41.0,9.86,4930.0,178.0,68.0000000000291,0.76,0.69,25.8,23.2,0.25,0.25,0.0,0.0,2.0,2.0,34600.0,G32_57_H16
2024-02-22 00:00:00,0.0,-3.0,30.0,21.0,29.0,10.19,5095.0,228.0,80.0,0.76,0.68,25.7,22.9,0.2,0.24,0.0,0.0,2.0,2.0,34600.0,G32_57_H16
2024-02-23 00:00:00,1.0,-3.0,31.0,102.0,22.0,10.67,5335.0,273.0,43.99999999994179,0.76,0.7,25.2,22.4,0.21,0.25,0.0,0.0,2.0,2.0,34600.0,G32_57_H16
2024-02-24 00:00:00,1.0,-3.0,32.0,115.0,17.0,10.76,5380.0,234.0,44.00000000001455,0.76,0.71,25.0,22.4,0.22,0.24,0.0,0.0,2.0,2.0,34600.0,G32_57_H16
2024-02-25 00:00:00,5.0,-2.0,33.0,105.0,0.0,10.03,5015.0,225.0,88.0000000000291,0.75,0.72,25.0,21.9,0.21,0.21,0.0,0.0,2.0,2.0,34600.0,G32_57_H16
2024-02-26 00:00:00,7.0,-2.0,34.0,154.0,0.0,10.46,5230.0,111.0,67.99999999995634,0.75,0.67,24.6,22.1,0.2,0.22,0.0,0.0,2.0,2.0,34600.0,G32_57_H16
2024-02-27 00:00:00,7.0,0.0,35.0,98.0,0.0,11.26,5630.0,121.0,56.00000000005821,0.75,0.66,24.1,21.0,0.23,0.29,0.0,0.0,2.0,2.0,34600.0,G32_57_H16
2024-02-28 00:00:00,7.0,3.0,36.0,133.0,0.0,10.76,5380.0,121.0,188.0000000000291,0.76,0.68,22.2,20.0,0.25,0.27,0.0,0.0,2.0,2.0,34600.0,G32_57_H16
2024-02-29 00:00:00,3.0,-1.0,37.0,0.0,0.0,0.0,0.0,0.0,,0.0,0.0,0.0,0.0,0.0,0.0,0.0,0.0,2.0,2.0,34600.0,G32_57_H16
2024-03-01 00:00:00,6.0,0.0,38.0,0.0,0.0,0.0,0.0,0.0,,0.0,0.0,0.0,0.0,0.0,0.0,0.0,0.0,2.0,2.0,34600.0,G32_57_H16
2024-01-22 00:00:00,0.0,-7.0,,,,,,,,,,,,,,,,,,34500.0,G32_57_H17
2024-01-23 00:00:00,0.0,-6.0,0.0,,,,,,,,,,,,,,,,,34500.0,G32_57_H17
2024-01-24 00:00:00,4.0,-5.0,1.0,40.0,33.0,0.78,390.0,1725.0,124.00000000001455,0.69,0.52,36.1,32.3,0.4,0.4,0.0,0.0,1.0,1.0,34500.0,G32_57_H17
2024-01-25 00:00:00,6.0,-3.0,2.0,31.0,89.0,0.92,460.0,313.0,100.0,0.74,0.53,34.8,31.1,0.4,0.4,0.0,0.0,1.0,1.0,34500.0,G32_57_H17
2024-01-26 00:00:00,8.0,-2.0,3.0,17.0,14.0,1.1,550.0,275.0,60.0,0.63,0.55,33.2,31.0,0.4,0.42,0.0,0.0,1.0,1.0,34500.0,G32_57_H17
2024-01-27 00:00:00,9.0,-3.0,4.0,21.0,24.0,1.4,700.0,270.0,80.0,0.71,0.61,32.3,29.9,0.39,0.39,0.0,0.0,1.0,1.0,34500.0,G32_57_H17
2024-01-28 00:00:00,11.0,0.0,5.0,18.0,29.0,2.09,1045.0,237.0,104.00000000001455,0.73,0.6,31.4,29.3,0.46,0.57,0.0,0.0,1.0,1.0,34500.0,G32_57_H17
2024-01-29 00:00:00,12.0,0.0,6.0,16.0,33.0,2.64,1320.0,245.0,95.99999999998545,0.74,0.65,31.4,28.6,0.43,0.48,0.0,0.0,1.0,1.0,34500.0,G32_57_H17
2024-01-30 00:00:00,11.0,4.0,7.0,19.0,14.0,2.94,1470.0,208.0,100.0,0.76,0.69,30.8,28.3,0.42,0.48,0.0,0.0,1.5,1.5,34500.0,G32_57_H17
2024-01-31 00:00:00,7.0,1.0,8.0,42.0,185.0,3.21,1605.0,176.0,100.0,0.76,0.68,30.6,27.9,0.47,0.52,0.0,0.0,1.5,1.5,34500.0,G32_57_H17
2024-02-01 00:00:00,1.0,-2.0,9.0,36.0,11.0,2.83,1415.0,198.0,44.00000000001455,0.72,0.61,30.3,28.1,0.45,0.5,0.0,0.0,1.5,1.5,34500.0,G32_57_H17
2024-02-02 00:00:00,1.0,-2.0,10.0,21.0,29.0,3.88,1940.0,259.0,43.99999999997817,0.74,0.62,29.8,27.9,0.36,0.45,0.0,0.0,1.5,1.5,34500.0,G32_57_H17
2024-02-03 00:00:00,0.0,-2.0,11.0,19.0,41.0,4.44,2220.0,269.0,40.0,0.75,0.64,29.7,27.2,0.42,0.46,0.0,0.0,1.5,1.5,34500.0,G32_57_H17
2024-02-04 00:00:00,-1.0,-5.0,12.0,21.0,76.0,4.81,2405.0,270.0,47.999999999992724,0.74,0.62,29.3,27.0,0.43,0.49,0.0,0.0,1.5,1.5,34500.0,G32_57_H17
2024-02-05 00:00:00,-3.0,-10.0,13.0,57.0,344.0,5.15,2575.0,280.0,48.000000000029104,0.75,0.66,28.8,26.4,0.44,0.5,0.0,0.0,1.5,1.5,34500.0,G32_57_H17
2024-02-06 00:00:00,0.0,-5.0,14.0,26.0,290.0,5.39,2695.0,298.0,43.99999999997817,0.75,0.64,29.0,26.7,0.37,0.41,0.0,0.0,1.5,1.5,34500.0,G32_57_H17
2024-02-07 00:00:00,2.0,-4.0,15.0,23.0,314.0,5.62,2810.0,317.0,56.00000000002183,0.74,0.63,29.4,26.5,0.33,0.38,0.0,0.0,1.5,1.5,34500.0,G32_57_H17
2024-02-08 00:00:00,6.0,-2.0,16.0,21.0,409.0,5.78,2890.0,307.0,40.0,0.74,0.62,29.0,26.5,0.3,0.36,0.0,0.0,1.5,1.5,34500.0,G32_57_H17
2024-02-09 00:00:00,9.0,-1.0,17.0,24.0,151.0,5.81,2905.0,287.0,43.99999999997817,0.74,0.63,28.8,26.1,0.35,0.39,0.0,0.0,1.5,1.5,34500.0,G32_57_H17
2024-02-10 00:00:00,14.0,1.0,18.0,23.0,209.0,6.08,3040.0,214.0,52.000000000007276,0.74,0.65,28.9,26.2,0.33,0.37,0.0,0.0,1.5,1.5,34500.0,G32_57_H17
2024-02-11 00:00:00,15.0,2.0,19.0,20.0,384.0,6.34,3170.0,159.0,20.0,0.79,0.67,28.5,26.0,0.32,0.39,0.0,0.0,1.5,1.5,34500.0,G32_57_H17
2024-02-12 00:00:00,19.0,6.0,20.0,23.0,552.0,6.61,3305.0,145.0,44.00000000001455,0.76,0.67,28.0,25.8,0.37,0.46,0.0,0.0,2.0,2.0,34500.0,G32_57_H17
2024-02-13 00:00:00,21.0,8.0,21.0,25.0,213.0,6.94,3470.0,112.0,55.99999999998545,0.74,0.65,28.1,25.8,0.33,0.41,0.0,0.0,2.0,2.0,34500.0,G32_57_H17
2024-02-14 00:00:00,22.0,4.0,22.0,18.0,323.0,7.58,3790.0,86.0,44.00000000001455,0.76,0.67,27.9,25.9,0.36,0.46,0.0,0.0,2.0,2.0,34500.0,G32_57_H17
2024-02-15 00:00:00,9.0,-1.0,23.0,19.0,266.0,8.23,4115.0,81.0,51.999999999970896,0.76,0.65,27.2,24.8,0.34,0.37,0.0,0.0,2.0,2.0,34500.0,G32_57_H17
2024-02-16 00:00:00,11.0,0.0,24.0,24.0,191.0,8.07,4035.0,257.0,56.00000000002183,0.74,0.66,27.0,24.6,0.31,0.34,0.0,0.0,2.0,2.0,34500.0,G32_57_H17
2024-02-17 00:00:00,18.0,5.0,25.0,21.0,167.0,8.02,4010.0,166.0,52.000000000007276,0.78,0.66,28.6,24.7,0.31,0.4,0.0,0.0,2.0,2.0,34500.0,G32_57_H17
2024-02-18 00:00:00,22.0,13.0,26.0,23.0,167.0,8.77,4385.0,8.0,40.0,0.79,0.67,28.6,25.7,0.33,0.59,0.0,0.0,2.0,2.0,34500.0,G32_57_H17
2024-02-19 00:00:00,11.0,1.0,27.0,27.0,181.0,8.83,4415.0,0.0,47.999999999992724,0.84,0.77,27.9,24.2,0.23,0.26,0.0,0.0,2.0,2.0,34500.0,G32_57_H17
2024-02-20 00:00:00,2.0,-1.0,28.0,21.0,174.0,8.9,4450.0,66.0,55.99999999998545,0.82,0.68,25.9,23.7,0.23,0.25,0.0,0.0,2.0,2.0,34500.0,G32_57_H17
2024-02-21 00:00:00,-3.0,-1.0,29.0,32.0,195.0,9.67,4835.0,178.0,67.99999999999272,0.8,0.69,25.6,23.2,0.25,0.25,0.0,0.0,2.0,2.0,34500.0,G32_57_H17
2024-02-22 00:00:00,0.0,-3.0,30.0,28.0,112.0,9.84,4920.0,228.0,72.00000000000728,0.81,0.69,25.4,22.9,0.21,0.24,0.0,0.0,2.0,2.0,34500.0,G32_57_H17
2024-02-23 00:00:00,1.0,-3.0,31.0,35.0,90.0,9.7,4850.0,273.0,52.000000000007276,0.81,0.69,24.9,22.6,0.21,0.25,0.0,0.0,2.0,2.0,34500.0,G32_57_H17
2024-02-24 00:00:00,1.0,-3.0,32.0,79.0,22.0,9.81,4905.0,238.0,64.00000000001455,0.82,0.68,24.9,21.8,0.22,0.24,0.0,0.0,2.0,2.0,34500.0,G32_57_H17
2024-02-25 00:00:00,5.0,-2.0,33.0,84.0,0.0,9.71,4855.0,225.0,80.0,0.81,0.7,24.5,22.1,0.21,0.21,0.0,0.0,2.0,2.0,34500.0,G32_57_H17
2024-02-26 00:00:00,7.0,-2.0,34.0,147.0,0.0,10.03,5015.0,111.0,80.0,0.84,0.72,24.1,22.1,0.2,0.22,0.0,0.0,2.0,2.0,34500.0,G32_57_H17
2024-02-27 00:00:00,7.0,0.0,35.0,116.0,0.0,9.91,4955.0,121.0,47.999999999992724,0.83,0.66,23.9,21.5,0.23,0.29,0.0,0.0,2.0,2.0,34500.0,G32_57_H17
2024-02-28 00:00:00,7.0,3.0,36.0,139.0,0.0,10.11,5055.0,121.0,120.0,0.82,0.7,22.7,20.1,0.25,0.27,0.0,0.0,2.0,2.0,34500.0,G32_57_H17
2024-02-29 00:00:00,3.0,-1.0,37.0,0.0,0.0,0.0,0.0,0.0,,0.0,0.0,0.0,0.0,0.0,0.0,0.0,0.0,2.0,2.0,34500.0,G32_57_H17
2024-03-01 00:00:00,6.0,0.0,38.0,0.0,0.0,0.0,0.0,0.0,,0.0,0.0,0.0,0.0,0.0,0.0,0.0,0.0,2.0,2.0,34500.0,G32_57_H17
2024-01-22 00:00:00,0.0,-7.0,,,,,,,,,,,,,,,,,,34500.0,G32_57_H18
2024-01-23 00:00:00,0.0,-6.0,0.0,,,,,,,,,,,,,,,,,34500.0,G32_57_H18
2024-01-24 00:00:00,4.0,-5.0,1.0,42.0,14.0,0.78,390.0,1726.0,100.0,0.7,0.54,36.0,32.6,0.4,0.4,0.0,0.0,1.0,1.0,34500.0,G32_57_H18
2024-01-25 00:00:00,6.0,-3.0,2.0,25.0,2.0,0.9,450.0,313.0,55.99999999998545,0.67,0.57,35.0,31.5,0.4,0.4,0.0,0.0,1.0,1.0,34500.0,G32_57_H18
2024-01-26 00:00:00,8.0,-2.0,3.0,31.0,3.0,1.1,550.0,275.0,60.0,0.67,0.54,33.2,31.3,0.4,0.42,0.0,0.0,1.0,1.0,34500.0,G32_57_H18
2024-01-27 00:00:00,9.0,-3.0,4.0,27.0,12.0,1.36,680.0,270.0,80.0,0.71,0.62,32.3,30.0,0.39,0.39,0.0,0.0,1.0,1.0,34500.0,G32_57_H18
2024-01-28 00:00:00,11.0,0.0,5.0,17.0,21.0,2.0,1000.0,237.0,135.99999999998545,0.72,0.63,31.7,29.4,0.46,0.57,0.0,0.0,1.0,1.0,34500.0,G32_57_H18
2024-01-29 00:00:00,12.0,0.0,6.0,18.0,15.0,2.41,1205.0,245.0,112.00000000004366,0.76,0.66,31.1,28.5,0.43,0.48,0.0,0.0,1.0,1.0,34500.0,G32_57_H18
2024-01-30 00:00:00,11.0,4.0,7.0,17.0,5.0,2.66,1330.0,208.0,107.99999999995634,0.77,0.66,30.8,28.2,0.42,0.48,0.0,0.0,1.5,1.5,34500.0,G32_57_H18
2024-01-31 00:00:00,7.0,1.0,8.0,30.0,224.0,3.1,1550.0,176.0,84.00000000001455,0.78,0.69,30.2,27.9,0.47,0.52,0.0,0.0,1.5,1.5,34500.0,G32_57_H18
2024-02-01 00:00:00,1.0,-2.0,9.0,15.0,7.0,2.46,1230.0,198.0,60.0,0.77,0.64,30.2,27.7,0.45,0.5,0.0,0.0,1.5,1.5,34500.0,G32_57_H18
2024-02-02 00:00:00,1.0,-2.0,10.0,7.0,4.0,3.47,1735.0,259.0,48.000000000029104,0.77,0.66,29.8,27.8,0.36,0.45,0.0,0.0,1.5,1.5,34500.0,G32_57_H18
2024-02-03 00:00:00,0.0,-2.0,11.0,15.0,7.0,3.87,1935.0,269.0,51.999999999970896,0.78,0.68,29.5,27.5,0.42,0.46,0.0,0.0,1.5,1.5,34500.0,G32_57_H18
2024-02-04 00:00:00,-1.0,-5.0,12.0,11.0,9.0,4.7,2350.0,270.0,44.00000000001455,0.77,0.64,29.3,27.1,0.43,0.49,0.0,0.0,1.5,1.5,34500.0,G32_57_H18
2024-02-05 00:00:00,-3.0,-10.0,13.0,20.0,44.0,5.26,2630.0,280.0,55.99999999998545,0.78,0.69,28.9,26.5,0.44,0.5,0.0,0.0,1.5,1.5,34500.0,G32_57_H18
2024-02-06 00:00:00,0.0,-5.0,14.0,5.0,21.0,5.3,2650.0,298.0,51.999999999970896,0.77,0.66,29.0,26.6,0.37,0.41,0.0,0.0,1.5,1.5,34500.0,G32_57_H18
2024-02-07 00:00:00,2.0,-4.0,15.0,15.0,95.0,5.65,2825.0,317.0,56.00000000005821,0.74,0.64,29.0,26.1,0.33,0.38,0.0,0.0,1.5,1.5,34500.0,G32_57_H18
2024-02-08 00:00:00,6.0,-2.0,16.0,12.0,38.0,6.17,3085.0,307.0,63.99999999994179,0.77,0.66,28.8,26.0,0.3,0.36,0.0,0.0,1.5,1.5,34500.0,G32_57_H18
2024-02-09 00:00:00,9.0,-1.0,17.0,15.0,57.0,6.58,3290.0,287.0,56.00000000005821,0.76,0.64,28.6,25.5,0.35,0.39,0.0,0.0,1.5,1.5,34500.0,G32_57_H18
2024-02-10 00:00:00,14.0,1.0,18.0,12.0,32.0,6.84,3420.0,214.0,51.999999999970896,0.77,0.67,28.4,25.3,0.33,0.37,0.0,0.0,1.5,1.5,34500.0,G32_57_H18
2024-02-11 00:00:00,15.0,2.0,19.0,4.0,23.0,7.28,3640.0,160.0,60.0,0.78,0.69,28.4,25.3,0.32,3.9,0.0,0.0,1.5,1.5,34500.0,G32_57_H18
2024-02-12 00:00:00,19.0,6.0,20.0,11.0,36.0,7.16,3580.0,145.0,48.000000000029104,0.78,0.69,27.4,25.5,0.41,0.5,0.0,0.0,2.0,2.0,34500.0,G32_57_H18
2024-02-13 00:00:00,21.0,8.0,21.0,7.0,26.0,8.0,4000.0,112.0,51.999999999970896,0.78,0.69,28.4,25.6,0.33,0.41,0.0,0.0,2.0,2.0,34500.0,G32_57_H18
2024-02-14 00:00:00,22.0,4.0,22.0,10.0,27.0,8.09,4045.0,86.0,44.00000000001455,0.78,0.72,28.8,25.9,0.38,0.49,0.0,0.0,2.0,2.0,34500.0,G32_57_H18
2024-02-15 00:00:00,9.0,-1.0,23.0,6.0,23.0,8.89,4445.0,81.0,64.00000000001455,0.78,0.73,27.6,24.9,0.35,0.38,0.0,0.0,2.0,2.0,34500.0,G32_57_H18
2024-02-16 00:00:00,11.0,0.0,24.0,12.0,33.0,9.31,4655.0,257.0,60.0,0.78,0.68,26.7,24.0,0.31,0.34,0.0,0.0,2.0,2.0,34500.0,G32_57_H18
2024-02-17 00:00:00,18.0,5.0,25.0,14.0,5.0,9.23,4615.0,166.0,43.99999999994179,0.78,0.69,28.8,24.3,0.31,0.4,0.0,0.0,2.0,2.0,34500.0,G32_57_H18
2024-02-18 00:00:00,22.0,13.0,26.0,18.0,60.0,9.65,4825.0,8.0,60.0,0.77,0.7,29.0,26.0,0.33,0.59,0.0,0.0,2.0,2.0,34500.0,G32_57_H18
2024-02-19 00:00:00,11.0,1.0,27.0,15.0,46.0,9.28,4640.0,0.0,76.00000000005821,0.77,0.69,28.0,24.1,0.26,0.29,0.0,0.0,2.0,2.0,34500.0,G32_57_H18
2024-02-20 00:00:00,2.0,-1.0,28.0,18.0,21.0,9.64,4820.0,66.0,47.999999999956344,0.78,0.71,25.2,23.4,0.23,0.25,0.0,0.0,2.0,2.0,34500.0,G32_57_H18
2024-02-21 00:00:00,-3.0,-1.0,29.0,38.0,97.0,10.29,5145.0,178.0,68.0000000000291,0.78,0.74,25.4,23.1,0.24,0.24,0.0,0.0,2.0,2.0,34500.0,G32_57_H18
2024-02-22 00:00:00,0.0,-3.0,30.0,17.0,35.0,10.52,5260.0,228.0,55.99999999998545,0.78,0.71,24.9,22.6,0.21,0.24,0.0,0.0,2.0,2.0,34500.0,G32_57_H18
2024-02-23 00:00:00,1.0,-3.0,31.0,38.0,18.0,11.31,5655.0,274.0,71.9999999999709,0.78,0.68,24.6,22.6,0.21,0.24,0.0,0.0,2.0,2.0,34500.0,G32_57_H18
2024-02-24 00:00:00,1.0,-3.0,32.0,65.0,14.0,10.5,5250.0,238.0,48.000000000029104,0.79,0.69,24.2,22.2,0.22,0.24,0.0,0.0,2.0,2.0,34500.0,G32_57_H18
2024-02-25 00:00:00,5.0,-2.0,33.0,80.0,16.0,11.74,5870.0,225.0,80.0,0.79,0.72,24.7,21.6,0.23,0.25,0.0,0.0,2.0,2.0,34500.0,G32_57_H18
2024-02-26 00:00:00,7.0,-2.0,34.0,100.0,8.0,11.84,5920.0,111.0,80.0,0.79,0.72,24.8,21.9,0.2,0.22,0.0,0.0,2.0,2.0,34500.0,G32_57_H18
2024-02-27 00:00:00,7.0,0.0,35.0,120.0,12.0,11.46,5730.0,121.0,64.00000000001455,0.79,0.7,24.2,21.1,0.22,0.28,0.0,0.0,2.0,2.0,34500.0,G32_57_H18
2024-02-28 00:00:00,7.0,3.0,36.0,85.0,25.0,11.88,5940.0,121.0,91.9999999999709,0.79,0.72,22.7,20.1,0.25,0.27,0.0,0.0,2.0,2.0,34500.0,G32_57_H18
2024-02-29 00:00:00,3.0,-1.0,37.0,0.0,0.0,0.0,0.0,0.0,,0.0,0.0,0.0,0.0,0.0,0.0,0.0,0.0,2.0,2.0,34500.0,G32_57_H18
2024-03-01 00:00:00,6.0,0.0,38.0,0.0,0.0,0.0,0.0,0.0,,0.0,0.0,0.0,0.0,0.0,0.0,0.0,0.0,2.0,2.0,34500.0,G32_57_H18
2024-01-22 00:00:00,0.0,-7.0,,,,,,,,,,,,,,,,,,37700.0,G32_57_H19
2024-01-23 00:00:00,0.0,-6.0,0.0,,,,,,,,,,,,,,,,,37700.0,G32_57_H19
2024-01-24 00:00:00,4.0,-5.0,1.0,33.0,5.0,0.78,390.0,1178.0,95.99999999998545,0.7,0.53,36.0,32.6,0.4,0.4,0.0,0.0,1.0,1.0,37700.0,G32_57_H19
2024-01-25 00:00:00,6.0,-3.0,2.0,12.0,3.0,0.9,450.0,313.0,60.0,0.72,0.51,35.3,31.7,0.4,0.4,0.0,0.0,1.0,1.0,37700.0,G32_57_H19
2024-01-26 00:00:00,8.0,-2.0,3.0,14.0,2.0,1.1,550.0,275.0,60.0,0.68,0.56,35.1,31.7,0.4,0.42,0.0,0.0,1.0,1.0,37700.0,G32_57_H19
2024-01-27 00:00:00,9.0,-3.0,4.0,25.0,9.0,1.32,660.0,270.0,88.0000000000291,0.69,0.56,33.8,30.5,0.39,0.39,0.0,0.0,1.0,1.0,37700.0,G32_57_H19
2024-01-28 00:00:00,11.0,0.0,5.0,9.0,9.0,1.77,885.0,237.0,211.9999999999709,0.69,0.61,32.1,29.7,0.4,0.53,0.0,0.0,1.0,1.0,37700.0,G32_57_H19
2024-01-29 00:00:00,12.0,0.0,6.0,8.0,7.0,1.98,990.0,245.0,124.00000000001455,0.72,0.6,31.6,28.1,0.38,0.44,0.0,0.0,1.0,1.0,37700.0,G32_57_H19
2024-01-30 00:00:00,11.0,4.0,7.0,10.0,6.0,2.23,1115.0,208.0,128.0000000000291,0.77,0.64,31.3,28.5,0.37,0.48,0.0,0.0,1.0,1.0,37700.0,G32_57_H19
2024-01-31 00:00:00,7.0,1.0,8.0,21.0,7.0,2.56,1280.0,176.0,95.99999999998545,0.78,0.68,30.6,28.3,0.35,0.4,0.0,0.0,1.0,1.0,37700.0,G32_57_H19
2024-02-01 00:00:00,1.0,-2.0,9.0,3.0,150.0,2.7,1350.0,198.0,80.0,0.75,0.63,30.5,28.1,0.35,0.4,0.0,0.0,1.5,1.5,37700.0,G32_57_H19
2024-02-02 00:00:00,1.0,-2.0,10.0,30.0,3.0,2.31,1155.0,259.0,20.0,0.8,0.66,30.4,28.1,0.35,0.45,0.0,0.0,1.5,1.5,37700.0,G32_57_H19
2024-02-03 00:00:00,0.0,-2.0,11.0,8.0,4.0,3.28,1640.0,269.0,75.99999999998545,0.81,0.68,30.0,27.8,0.35,0.39,0.0,0.0,1.5,1.5,37700.0,G32_57_H19
2024-02-04 00:00:00,-1.0,-5.0,12.0,6.0,4.0,3.79,1895.0,270.0,40.0,0.81,0.67,29.9,27.7,0.35,0.39,0.0,0.0,1.5,1.5,37700.0,G32_57_H19
2024-02-05 00:00:00,-3.0,-10.0,13.0,10.0,11.0,4.29,2145.0,280.0,52.000000000043656,0.72,0.65,29.4,27.3,0.34,0.37,0.0,0.0,1.5,1.5,37700.0,G32_57_H19
2024-02-06 00:00:00,0.0,-5.0,14.0,5.0,23.0,4.62,2310.0,298.0,47.999999999956344,0.77,0.68,29.3,26.9,0.31,0.34,0.0,0.0,1.5,1.5,37700.0,G32_57_H19
2024-02-07 00:00:00,2.0,-4.0,15.0,10.0,155.0,5.15,2575.0,317.0,52.000000000043656,0.76,0.65,29.0,26.6,0.33,0.38,0.0,0.0,1.5,1.5,37700.0,G32_57_H19
2024-02-08 00:00:00,6.0,-2.0,16.0,12.0,92.0,5.53,2765.0,307.0,60.0,0.77,0.64,28.8,25.9,0.34,0.39,0.0,0.0,1.5,1.5,37700.0,G32_57_H19
2024-02-09 00:00:00,9.0,-1.0,17.0,8.0,44.0,5.83,2915.0,287.0,60.0,0.79,0.66,28.8,25.7,0.39,0.44,0.0,0.0,1.5,1.5,37700.0,G32_57_H19
2024-02-10 00:00:00,14.0,1.0,18.0,12.0,30.0,6.45,3225.0,214.0,43.99999999994179,0.8,0.7,28.2,25.5,0.34,0.36,0.0,0.0,1.5,1.5,37700.0,G32_57_H19
2024-02-11 00:00:00,15.0,2.0,19.0,14.0,26.0,7.03,3515.0,160.0,52.000000000043656,0.8,0.69,28.6,25.2,0.33,0.41,0.0,0.0,1.5,1.5,37700.0,G32_57_H19
2024-02-12 00:00:00,19.0,6.0,20.0,5.0,21.0,7.47,3735.0,145.0,47.999999999956344,0.79,0.7,27.6,25.3,0.39,0.47,0.0,0.0,2.0,2.0,37700.0,G32_57_H19
2024-02-13 00:00:00,21.0,8.0,21.0,10.0,22.0,8.21,4105.0,112.0,52.000000000043656,0.77,0.68,28.3,25.3,0.4,0.47,0.0,0.0,2.0,2.0,37700.0,G32_57_H19
2024-02-14 00:00:00,22.0,4.0,22.0,15.0,46.0,8.11,4055.0,86.0,55.99999999998545,0.79,0.71,28.6,25.7,0.4,0.51,0.0,0.0,2.0,2.0,37700.0,G32_57_H19
2024-02-15 00:00:00,9.0,-1.0,23.0,10.0,17.0,8.54,4270.0,81.0,55.99999999998545,0.79,0.68,27.8,25.0,0.37,0.4,0.0,0.0,2.0,2.0,37700.0,G32_57_H19
2024-02-16 00:00:00,11.0,0.0,24.0,15.0,85.0,8.58,4290.0,257.0,64.00000000001455,0.77,0.69,26.7,24.5,0.34,0.37,0.0,0.0,2.0,2.0,37700.0,G32_57_H19
2024-02-17 00:00:00,18.0,5.0,25.0,14.0,89.0,8.68,4340.0,166.0,55.99999999998545,0.78,0.66,29.0,24.8,0.35,0.44,0.0,0.0,2.0,2.0,37700.0,G32_57_H19
2024-02-18 00:00:00,22.0,13.0,26.0,15.0,43.0,9.97,4985.0,8.0,64.00000000001455,0.79,0.66,29.1,26.2,0.38,0.7,0.0,0.0,2.0,2.0,37700.0,G32_57_H19
2024-02-19 00:00:00,11.0,1.0,27.0,10.0,20.0,10.26,5130.0,0.0,44.00000000001455,0.83,0.76,28.1,24.8,0.29,0.31,0.0,0.0,2.0,2.0,37700.0,G32_57_H19
2024-02-20 00:00:00,2.0,-1.0,28.0,18.0,17.0,9.83,4915.0,67.0,64.00000000001455,0.85,0.71,26.3,23.9,0.23,0.25,0.0,0.0,2.0,2.0,37700.0,G32_57_H19
2024-02-21 00:00:00,-3.0,-1.0,29.0,10.0,17.0,10.1,5050.0,178.0,47.999999999956344,0.85,0.74,26.2,23.5,0.24,0.24,0.0,0.0,2.0,2.0,37700.0,G32_57_H19
2024-02-22 00:00:00,0.0,-3.0,30.0,33.0,40.0,9.69,4845.0,228.0,35.99999999998545,0.76,0.73,25.8,23.5,0.21,0.24,0.0,0.0,2.0,2.0,37700.0,G32_57_H19
2024-02-23 00:00:00,1.0,-3.0,31.0,52.0,38.0,9.97,4985.0,274.0,76.00000000005821,0.85,0.72,25.0,23.2,0.21,0.24,0.0,0.0,2.0,2.0,37700.0,G32_57_H19
2024-02-24 00:00:00,1.0,-3.0,32.0,105.0,20.0,9.89,4945.0,238.0,91.9999999999709,0.76,0.74,25.5,23.8,0.22,0.24,0.0,0.0,2.0,2.0,37700.0,G32_57_H19
2024-02-25 00:00:00,5.0,-2.0,33.0,225.0,15.0,10.13,5065.0,225.0,51.999999999970896,0.86,0.76,26.6,23.2,0.23,0.25,0.0,0.0,2.0,2.0,37700.0,G32_57_H19
2024-02-26 00:00:00,7.0,-2.0,34.0,211.0,7.0,10.34,5170.0,111.0,52.000000000043656,0.85,0.77,27.1,23.7,0.2,0.22,0.0,0.0,2.0,2.0,37700.0,G32_57_H19
2024-02-27 00:00:00,7.0,0.0,35.0,348.0,38.0,9.57,4785.0,121.0,71.9999999999709,0.85,0.69,25.9,22.9,0.22,0.27,0.0,0.0,2.0,2.0,37700.0,G32_57_H19
2024-02-28 00:00:00,7.0,3.0,36.0,194.0,31.0,9.9,4950.0,121.0,71.9999999999709,0.85,0.75,24.1,22.0,0.22,0.4,0.0,0.0,2.0,2.0,37700.0,G32_57_H19
2024-02-29 00:00:00,3.0,-1.0,37.0,260.0,25.0,9.78,4890.0,226.0,52.000000000043656,0.85,0.78,23.6,21.2,0.23,0.25,0.0,0.0,2.0,2.0,37700.0,G32_57_H19
2024-03-01 00:00:00,6.0,0.0,38.0,0.0,0.0,0.0,0.0,0.0,,0.0,0.0,0.0,0.0,0.0,0.0,0.0,0.0,2.0,2.0,37700.0,G32_57_H19
2024-01-22 00:00:00,0.0,-7.0,,,,,,,,,,,,,,,,,,36700.0,G32_57_H20
2024-01-23 00:00:00,0.0,-6.0,,,,,,,,,,,,,,,,,,36700.0,G32_57_H20
2024-01-24 00:00:00,4.0,-5.0,,,,,,,,,,,,,,,,,,36700.0,G32_57_H20
2024-01-25 00:00:00,6.0,-3.0,0.0,,,,,,,,,,,,,,,,,36700.0,G32_57_H20
2024-01-26 00:00:00,8.0,-2.0,1.0,47.0,0.0,0.8,400.0,1396.0,88.0000000000291,0.64,0.49,35.2,32.5,0.4,0.4,0.0,0.0,1.0,1.0,36700.0,G32_57_H20
2024-01-27 00:00:00,9.0,-3.0,2.0,37.0,77.0,1.03,515.0,1030.0,87.99999999995634,0.68,0.54,34.3,31.5,0.4,0.4,0.0,0.0,1.0,1.0,36700.0,G32_57_H20
2024-01-28 00:00:00,11.0,0.0,3.0,27.0,217.0,1.53,765.0,237.0,55.99999999998545,0.67,0.56,33.3,30.7,0.4,0.59,0.0,0.0,1.0,1.0,36700.0,G32_57_H20
2024-01-29 00:00:00,12.0,0.0,4.0,34.0,152.0,1.8,900.0,245.0,104.00000000001455,0.7,0.61,32.0,29.6,0.41,0.48,0.0,0.0,1.0,1.0,36700.0,G32_57_H20
2024-01-30 00:00:00,11.0,4.0,5.0,25.0,118.0,2.1,1050.0,208.0,0.0,0.76,0.63,31.3,28.9,0.4,0.45,0.0,0.0,1.0,1.0,36700.0,G32_57_H20
2024-01-31 00:00:00,7.0,1.0,6.0,30.0,37.0,2.32,1160.0,176.0,75.99999999998545,0.75,0.67,31.1,29.1,0.38,0.43,0.0,0.0,1.0,1.0,36700.0,G32_57_H20
2024-02-01 00:00:00,1.0,-2.0,7.0,24.0,27.0,2.46,1230.0,198.0,80.0,0.76,0.64,30.6,28.4,0.3,0.38,0.0,0.0,1.5,1.5,36700.0,G32_57_H20
2024-02-02 00:00:00,1.0,-2.0,8.0,29.0,208.0,2.42,1210.0,259.0,72.00000000004366,0.8,0.67,30.4,28.1,0.34,0.45,0.0,0.0,1.5,1.5,36700.0,G32_57_H20
2024-02-03 00:00:00,0.0,-2.0,9.0,35.0,67.0,3.07,1535.0,269.0,295.99999999998545,0.79,0.67,30.2,28.0,0.36,0.36,0.0,0.0,1.5,1.5,36700.0,G32_57_H20
2024-02-04 00:00:00,-1.0,-5.0,10.0,11.0,17.0,3.72,1860.0,270.0,51.999999999970896,0.79,0.64,30.1,27.8,0.32,0.37,0.0,0.0,1.5,1.5,36700.0,G32_57_H20
2024-02-05 00:00:00,-3.0,-10.0,11.0,15.0,72.0,4.02,2010.0,280.0,48.000000000029104,0.75,0.64,29.5,27.5,0.4,0.44,0.0,0.0,1.5,1.5,36700.0,G32_57_H20
2024-02-06 00:00:00,0.0,-5.0,12.0,5.0,50.0,4.75,2375.0,298.0,51.999999999970896,0.78,0.62,29.5,27.1,0.4,0.43,0.0,0.0,1.5,1.5,36700.0,G32_57_H20
2024-02-07 00:00:00,2.0,-4.0,13.0,17.0,73.0,5.03,2515.0,330.0,64.00000000001455,0.72,0.61,29.0,26.7,0.4,0.45,0.0,0.0,1.5,1.5,36700.0,G32_57_H20
2024-02-08 00:00:00,6.0,-2.0,14.0,19.0,71.0,5.32,2660.0,307.0,60.0,0.75,0.63,29.0,26.2,0.35,0.4,0.0,0.0,1.5,1.5,36700.0,G32_57_H20
2024-02-09 00:00:00,9.0,-1.0,15.0,15.0,137.0,5.74,2870.0,287.0,55.99999999998545,0.75,0.62,28.8,26.2,0.36,0.4,0.0,0.0,1.5,1.5,36700.0,G32_57_H20
2024-02-10 00:00:00,14.0,1.0,16.0,18.0,55.0,5.95,2975.0,214.0,52.000000000043656,0.78,0.67,28.7,26.1,0.33,0.38,0.0,0.0,1.5,1.5,36700.0,G32_57_H20
2024-02-11 00:00:00,15.0,2.0,17.0,17.0,107.0,6.62,3310.0,160.0,51.999999999970896,0.78,0.66,28.4,25.6,0.37,0.45,0.0,0.0,1.5,1.5,36700.0,G32_57_H20
2024-02-12 00:00:00,19.0,6.0,18.0,15.0,53.0,7.22,3610.0,145.0,52.000000000043656,0.76,0.64,27.8,25.3,0.39,0.48,0.0,0.0,2.0,2.0,36700.0,G32_57_H20
2024-02-13 00:00:00,21.0,8.0,19.0,7.0,9.0,7.76,3880.0,112.0,55.99999999998545,0.72,0.6,27.4,25.5,0.42,0.49,0.0,0.0,2.0,2.0,36700.0,G32_57_H20
2024-02-14 00:00:00,22.0,4.0,20.0,7.0,18.0,7.89,3945.0,86.0,55.99999999998545,0.75,0.64,28.2,25.9,0.41,0.51,0.0,0.0,2.0,2.0,36700.0,G32_57_H20
2024-02-15 00:00:00,9.0,-1.0,21.0,7.0,27.0,8.43,4215.0,81.0,51.999999999970896,0.76,0.61,27.7,25.0,0.39,0.42,0.0,0.0,2.0,2.0,36700.0,G32_57_H20
2024-02-16 00:00:00,11.0,0.0,22.0,7.0,49.0,8.78,4390.0,257.0,68.0000000000291,0.73,0.61,26.8,24.4,0.36,0.39,0.0,0.0,2.0,2.0,36700.0,G32_57_H20
2024-02-17 00:00:00,18.0,5.0,23.0,12.0,25.0,9.52,4760.0,166.0,75.99999999998545,0.75,0.63,28.5,24.5,0.36,0.47,0.0,0.0,2.0,2.0,36700.0,G32_57_H20
2024-02-18 00:00:00,22.0,13.0,24.0,7.0,18.0,9.15,4575.0,8.0,44.00000000001455,0.8,0.66,28.8,25.8,0.38,0.61,0.0,0.0,2.0,2.0,36700.0,G32_57_H20
2024-02-19 00:00:00,11.0,1.0,25.0,6.0,16.0,9.68,4840.0,1.0,64.00000000001455,0.83,0.75,28.0,24.5,0.28,0.31,0.0,0.0,2.0,2.0,36700.0,G32_57_H20
2024-02-20 00:00:00,2.0,-1.0,26.0,5.0,12.0,10.21,5105.0,67.0,51.999999999970896,0.85,0.74,26.5,24.5,0.24,0.26,0.0,0.0,2.0,2.0,36700.0,G32_57_H20
2024-02-21 00:00:00,-3.0,-1.0,27.0,12.0,17.0,10.03,5015.0,178.0,64.00000000001455,0.82,0.71,26.2,23.8,0.25,0.25,0.0,0.0,2.0,2.0,36700.0,G32_57_H20
2024-02-22 00:00:00,0.0,-3.0,28.0,7.0,2.0,11.11,5555.0,228.0,68.0000000000291,0.78,0.71,25.8,23.3,0.24,0.29,0.0,0.0,2.0,2.0,36700.0,G32_57_H20
2024-02-23 00:00:00,1.0,-3.0,29.0,18.0,21.0,12.06,6030.0,274.0,71.9999999999709,0.8,0.67,25.4,23.1,0.25,0.29,0.0,0.0,2.0,2.0,36700.0,G32_57_H20
2024-02-24 00:00:00,1.0,-3.0,30.0,17.0,18.0,11.98,5990.0,238.0,80.0,0.82,0.69,25.2,22.7,0.26,0.28,0.0,0.0,2.0,2.0,36700.0,G32_57_H20
2024-02-25 00:00:00,5.0,-2.0,31.0,58.0,8.0,10.99,5495.0,231.0,75.99999999998545,0.84,0.7,26.4,22.5,0.24,0.27,0.0,0.0,2.0,2.0,36700.0,G32_57_H20
2024-02-26 00:00:00,7.0,-2.0,32.0,55.0,14.0,11.5,5750.0,117.0,60.0,0.85,0.71,24.9,22.6,0.24,0.26,0.0,0.0,2.0,2.0,36700.0,G32_57_H20
2024-02-27 00:00:00,7.0,0.0,33.0,70.0,9.0,12.12,6060.0,121.0,68.0000000000291,0.84,0.67,24.9,21.8,0.24,0.3,0.0,0.0,2.0,2.0,36700.0,G32_57_H20
2024-02-28 00:00:00,7.0,3.0,34.0,69.0,0.0,12.47,6235.0,121.0,155.99999999998545,0.81,0.7,23.4,21.4,0.25,0.27,0.0,0.0,2.0,2.0,36700.0,G32_57_H20
2024-02-29 00:00:00,3.0,-1.0,35.0,85.0,0.0,11.34,5670.0,226.0,68.0000000000291,0.82,0.7,22.7,20.3,0.28,0.3,0.0,0.0,2.0,2.0,36700.0,G32_57_H20
2024-03-01 00:00:00,6.0,0.0,36.0,114.0,0.0,11.17,5585.0,340.0,111.9999999999709,0.8,0.62,21.9,18.9,0.31,0.34,0.0,0.0,2.0,2.0,36700.0,G32_57_H20
