,DOCdate_month,ID_NUM,日龄,鸡舍温度-平均_mean,鸡舍温度-最低_min,鸡舍温度-最高_max,eef_high_flg,eef
20517,2,G09_67_H10,-2,30.46363636,13.1,32.5,1,428.2486056
20518,2,G09_67_H10,-1,32.2125,29.5,34.9,1,428.2486056
20519,2,G09_67_H10,0,33.5375,30.7,34.8,1,428.2486056
20520,2,G09_67_H10,1,33.54166667,32.6,34.6,1,428.2486056
20521,2,G09_67_H10,2,32.68333333,31.7,33.7,1,428.2486056
20522,2,G09_67_H10,3,31.92083333,31.1,32.8,1,428.2486056
20523,2,G09_67_H10,4,31.34166667,29.9,32,1,428.2486056
20524,2,G09_67_H10,5,30.61666667,29.4,31.5,1,428.2486056
20525,2,G09_67_H10,6,29.8875,28.8,30.7,1,428.2486056
20526,2,G09_67_H10,7,29.15833333,28.2,30.3,1,428.2486056
20527,2,G09_67_H10,8,28.77916667,27.6,29.7,1,428.2486056
20528,2,G09_67_H10,9,28.60833333,27.8,29.4,1,428.2486056
20529,2,G09_67_H10,10,28.9,27.8,30.3,1,428.2486056
20530,2,G09_67_H10,11,28.09583333,27,30.3,1,428.2486056
20531,2,G09_67_H10,12,27.65,27,28.8,1,428.2486056
20532,2,G09_67_H10,13,27.4625,26.8,28.6,1,428.2486056
20533,2,G09_67_H10,14,27.22727273,26.4,28.2,1,428.2486056
20534,2,G09_67_H10,17,26.96666667,25.6,28,1,428.2486056
20535,2,G09_67_H10,18,26.7125,25.6,27.7,1,428.2486056
20536,2,G09_67_H10,19,26.82916667,25.4,28.4,1,428.2486056
20537,2,G09_67_H10,20,26.54166667,25.1,28.4,1,428.2486056
20538,2,G09_67_H10,21,26.06666667,25.2,27.3,1,428.2486056
20539,2,G09_67_H10,22,25.45833333,24.5,27.1,1,428.2486056
20540,2,G09_67_H10,23,25.14166667,24.2,26.4,1,428.2486056
20541,2,G09_67_H10,24,24.90833333,24.1,26.4,1,428.2486056
20542,2,G09_67_H10,25,24.85416667,24,27,1,428.2486056
20543,2,G09_67_H10,26,25.1625,23.9,27,1,428.2486056
20544,2,G09_67_H10,27,24.54166667,23.5,26.3,1,428.2486056
20545,2,G09_67_H10,28,24.65833333,23.3,26.5,1,428.2486056
20546,2,G09_67_H10,29,25.425,23.3,28.3,1,428.2486056
20547,2,G09_67_H10,30,25.85416667,23,29.2,1,428.2486056
20548,2,G09_67_H10,31,26.04583333,23,29.5,1,428.2486056
20549,2,G09_67_H10,32,25.32083333,22.8,28.5,1,428.2486056
20550,2,G09_67_H10,33,26.01666667,23.4,30,1,428.2486056
20551,2,G09_67_H10,34,26.675,22.8,33,1,428.2486056
20552,2,G09_67_H10,35,27.42916667,23,33.4,1,428.2486056
20553,2,G09_67_H11,-2,30.88181818,13.4,32.8,1,428.3397426
20554,2,G09_67_H11,-1,32.50416667,29.3,35.1,1,428.3397426
20555,2,G09_67_H11,0,33.91666667,31.4,35,1,428.3397426
20556,2,G09_67_H11,1,33.675,32.6,34.7,1,428.3397426
20557,2,G09_67_H11,2,33.05833333,31.8,33.9,1,428.3397426
20558,2,G09_67_H11,3,32.17083333,31.1,33.2,1,428.3397426
20559,2,G09_67_H11,4,31.39583333,30.2,32.5,1,428.3397426
20560,2,G09_67_H11,5,30.49166667,29.5,31.8,1,428.3397426
20561,2,G09_67_H11,6,29.95833333,28.8,31.1,1,428.3397426
20562,2,G09_67_H11,7,29.3,28.2,30.5,1,428.3397426
20563,2,G09_67_H11,8,28.8875,27.6,30.1,1,428.3397426
20564,2,G09_67_H11,9,28.55833333,27.6,29.9,1,428.3397426
20565,2,G09_67_H11,10,29.00833333,27.8,30.4,1,428.3397426
20566,2,G09_67_H11,11,28.17916667,26.9,30.4,1,428.3397426
20567,2,G09_67_H11,12,28.225,27.1,28.9,1,428.3397426
20568,2,G09_67_H11,13,27.7875,26.7,28.7,1,428.3397426
20569,2,G09_67_H11,14,27.40833333,26.4,28.7,1,428.3397426
20570,2,G09_67_H11,15,27.2625,26.1,28.4,1,428.3397426
20571,2,G09_67_H11,16,26.65833333,25.9,28.1,1,428.3397426
20572,2,G09_67_H11,17,26.78333333,25.7,28.1,1,428.3397426
20573,2,G09_67_H11,18,26.61666667,25.5,27.9,1,428.3397426
20574,2,G09_67_H11,19,26.65833333,25.2,28.3,1,428.3397426
20575,2,G09_67_H11,20,26.45833333,25,28.3,1,428.3397426
20576,2,G09_67_H11,21,26.1875,25.1,27.1,1,428.3397426
20577,2,G09_67_H11,22,25.61666667,24.5,27,1,428.3397426
20578,2,G09_67_H11,23,25.32916667,24.2,26.5,1,428.3397426
20579,2,G09_67_H11,24,25.1625,24.2,26.1,1,428.3397426
20580,2,G09_67_H11,25,25.19583333,24.2,26.5,1,428.3397426
20581,2,G09_67_H11,26,25.35833333,24,27,1,428.3397426
20582,2,G09_67_H11,27,24.65,23.6,26.3,1,428.3397426
20583,2,G09_67_H11,28,24.77916667,23.5,26.5,1,428.3397426
20584,2,G09_67_H11,29,25.45833333,23.4,28.1,1,428.3397426
20585,2,G09_67_H11,30,25.8625,22.9,29.1,1,428.3397426
20586,2,G09_67_H11,31,26.0125,23.1,29.6,1,428.3397426
20587,2,G09_67_H11,32,25.32083333,22.8,28.5,1,428.3397426
20588,2,G09_67_H11,33,25.96666667,23.4,29.9,1,428.3397426
20589,2,G09_67_H11,34,26.75416667,22.8,33,1,428.3397426
20590,2,G09_67_H11,35,27.32916667,23,33.5,1,428.3397426
20591,2,G09_67_H12,-2,30.98181818,16.4,32.8,0,378.1117013
20592,2,G09_67_H12,-1,32.32916667,29.4,34.8,0,378.1117013
20593,2,G09_67_H12,0,33.99583333,32.3,34.9,0,378.1117013
20594,2,G09_67_H12,1,33.93333333,32.8,34.8,0,378.1117013
20595,2,G09_67_H12,2,33.10416667,32,34.1,0,378.1117013
20596,2,G09_67_H12,3,32.22916667,31.3,33.1,0,378.1117013
20597,2,G09_67_H12,4,31.56666667,30.4,32.3,0,378.1117013
20598,2,G09_67_H12,5,30.75416667,29.7,31.5,0,378.1117013
20599,2,G09_67_H12,6,30.00416667,29,30.9,0,378.1117013
20600,2,G09_67_H12,7,29.3125,28.6,30.3,0,378.1117013
20601,2,G09_67_H12,8,29.02916667,28.1,29.8,0,378.1117013
20602,2,G09_67_H12,9,29.05416667,28.2,30.3,0,378.1117013
20603,2,G09_67_H12,10,28.5375,27.5,30.5,0,378.1117013
20604,2,G09_67_H12,11,27.92916667,27.3,29,0,378.1117013
20605,2,G09_67_H12,12,27.7125,27.2,28.6,0,378.1117013
20606,2,G09_67_H12,13,27.43333333,26.8,28.4,0,378.1117013
20607,2,G09_67_H12,14,27.22083333,26.5,28.1,0,378.1117013
20608,2,G09_67_H12,15,27.1125,26.1,27.8,0,378.1117013
20609,2,G09_67_H12,16,27.19583333,26,28.3,0,378.1117013
20610,2,G09_67_H12,17,27.1125,25.8,28,0,378.1117013
20611,2,G09_67_H12,18,27.2625,25.7,28.5,0,378.1117013
20612,2,G09_67_H12,19,26.9625,25.4,28.5,0,378.1117013
20613,2,G09_67_H12,20,26.40416667,25.4,28,0,378.1117013
20614,2,G09_67_H12,21,25.74583333,25,27.4,0,378.1117013
20615,2,G09_67_H12,22,25.4125,24.5,27.1,0,378.1117013
20616,2,G09_67_H12,23,25.40416667,24.3,26.8,0,378.1117013
20617,2,G09_67_H12,24,24.9375,23.9,27.3,0,378.1117013
20618,2,G09_67_H12,25,25.3,24.1,27.1,0,378.1117013
20619,2,G09_67_H12,26,24.875,23.6,26.6,0,378.1117013
20620,2,G09_67_H12,27,25.09166667,23.5,26.8,0,378.1117013
20621,2,G09_67_H12,28,25.82916667,23.6,28.5,0,378.1117013
20622,2,G09_67_H12,29,26.0375,23.2,29.3,0,378.1117013
20623,2,G09_67_H12,30,26.05416667,23.2,29.3,0,378.1117013
20624,2,G09_67_H12,31,25.35833333,23,28.3,0,378.1117013
20625,2,G09_67_H12,32,26.14583333,23.3,29.9,0,378.1117013
20626,2,G09_67_H12,33,27.0125,23.1,32.8,0,378.1117013
20627,2,G09_67_H13,-2,31.39090909,17,33.6,1,396.0205347
20628,2,G09_67_H13,-1,32.56666667,29.6,35.3,1,396.0205347
20629,2,G09_67_H13,0,33.97083333,31.8,35.1,1,396.0205347
20630,2,G09_67_H13,1,33.94583333,32.8,35,1,396.0205347
20631,2,G09_67_H13,2,33.05,32.2,34,1,396.0205347
20632,2,G09_67_H13,3,32.50833333,31.2,33.8,1,396.0205347
20633,2,G09_67_H13,4,31.8,30.5,33.6,1,396.0205347
20634,2,G09_67_H13,5,30.9875,30.3,32.2,1,396.0205347
20635,2,G09_67_H13,10,28.12,27.7,29.1,1,396.0205347
20636,2,G09_67_H13,11,28.56666667,27.3,29.7,1,396.0205347
20637,2,G09_67_H13,12,28.27916667,26.8,29.3,1,396.0205347
20638,2,G09_67_H13,13,28.2,26.7,29.1,1,396.0205347
20639,2,G09_67_H13,14,27.4625,26.4,29.1,1,396.0205347
20640,2,G09_67_H13,15,27.0125,26.1,28.6,1,396.0205347
20641,2,G09_67_H13,16,27.04166667,26,28.4,1,396.0205347
20642,2,G09_67_H13,17,26.8375,25.8,28.2,1,396.0205347
20643,2,G09_67_H13,18,27,25.7,28.6,1,396.0205347
20644,2,G09_67_H13,19,26.86666667,25.3,28.7,1,396.0205347
20645,2,G09_67_H13,20,26.4625,25.2,28.1,1,396.0205347
20646,2,G09_67_H13,21,25.95416667,24.7,27.8,1,396.0205347
20647,2,G09_67_H13,22,25.825,24.5,27.3,1,396.0205347
20648,2,G09_67_H13,23,25.74583333,24.2,27.2,1,396.0205347
20649,2,G09_67_H13,24,25.60833333,23.7,27.4,1,396.0205347
20650,2,G09_67_H13,25,25.5625,23.6,27,1,396.0205347
20651,2,G09_67_H13,26,24.85416667,23.3,26.4,1,396.0205347
20652,2,G09_67_H13,27,24.99583333,23.2,27.4,1,396.0205347
20653,2,G09_67_H13,28,25.6125,23,28.4,1,396.0205347
20654,2,G09_67_H13,29,25.9125,22.9,29.9,1,396.0205347
20655,2,G09_67_H13,30,26.15,23.1,29.8,1,396.0205347
20656,2,G09_67_H13,31,25.34166667,22.9,28.5,1,396.0205347
20657,2,G09_67_H13,32,26.025,23.3,30.2,1,396.0205347
20658,2,G09_67_H13,33,26.89583333,22.7,33,1,396.0205347
20659,2,G09_67_H13,34,27.60416667,23.1,33.5,1,396.0205347
20660,2,G09_67_H13,35,23.05833333,20.4,26.5,1,396.0205347
20661,2,G09_67_H14,8,28.69090909,28.1,30,1,409.5117243
20662,2,G09_67_H14,9,28.89583333,28,30.4,1,409.5117243
20663,2,G09_67_H14,10,28.50833333,27,30.5,1,409.5117243
20664,2,G09_67_H14,11,28.4,27,29.3,1,409.5117243
20665,2,G09_67_H14,12,28.24166667,27,28.9,1,409.5117243
20666,2,G09_67_H14,13,27.88333333,26.8,28.7,1,409.5117243
20667,2,G09_67_H14,14,27.6,26.3,28.5,1,409.5117243
20668,2,G09_67_H14,15,27.26666667,26.1,28.3,1,409.5117243
20669,2,G09_67_H14,16,27.14166667,25.8,28.1,1,409.5117243
20670,2,G09_67_H14,17,26.80833333,25.8,27.9,1,409.5117243
20671,2,G09_67_H14,18,26.775,25.5,28.3,1,409.5117243
20672,2,G09_67_H14,19,26.59583333,25.5,28.2,1,409.5117243
20673,2,G09_67_H14,20,26.14583333,25.3,28.2,1,409.5117243
20674,2,G09_67_H14,21,25.5,24.5,27.7,1,409.5117243
20675,2,G09_67_H14,22,25.09583333,24.2,26.9,1,409.5117243
20676,2,G09_67_H14,23,24.91666667,24,26.6,1,409.5117243
20677,2,G09_67_H14,24,25.05833333,23.9,26.8,1,409.5117243
20678,2,G09_67_H14,25,25.425,23.8,26.9,1,409.5117243
20679,2,G09_67_H14,26,25.09166667,23.4,26.3,1,409.5117243
20680,2,G09_67_H14,27,25.29583333,23.3,27,1,409.5117243
20681,2,G09_67_H14,28,25.925,23.5,28.4,1,409.5117243
20682,2,G09_67_H14,29,26.59166667,23.6,29.5,1,409.5117243
20683,2,G09_67_H14,30,26.5,23.7,29.6,1,409.5117243
20684,2,G09_67_H14,31,25.825,23.4,28.4,1,409.5117243
20685,2,G09_67_H14,32,26.18333333,23.7,29.8,1,409.5117243
20686,2,G09_67_H14,33,26.85416667,23,32.8,1,409.5117243
20687,2,G09_67_H14,34,27.64583333,23.4,33.3,1,409.5117243
20688,2,G09_67_H14,35,22.8875,20.2,25.9,1,409.5117243
20689,2,G09_67_H15,1,33.72,32.8,34.3,1,397.6999392
20690,2,G09_67_H15,2,33.19583333,32,34.1,1,397.6999392
20691,2,G09_67_H15,3,32.3,31.4,33.3,1,397.6999392
20692,2,G09_67_H15,4,31.50416667,30.3,32.5,1,397.6999392
20693,2,G09_67_H15,5,30.80833333,29.4,31.8,1,397.6999392
20694,2,G09_67_H15,6,30.15,28.8,31.1,1,397.6999392
20695,2,G09_67_H15,7,29.44583333,28.2,30.5,1,397.6999392
20696,2,G09_67_H15,8,29.25,28,29.8,1,397.6999392
20697,2,G09_67_H15,9,29.33333333,28,30.9,1,397.6999392
20698,2,G09_67_H15,10,28.77916667,26.8,31,1,397.6999392
20699,2,G09_67_H15,11,28.69583333,26.7,29.1,1,397.6999392
20700,2,G09_67_H15,12,28.14583333,26.8,28.8,1,397.6999392
20701,2,G09_67_H15,13,27.6625,26.8,28.6,1,397.6999392
20702,2,G09_67_H15,14,27.37916667,26.4,28.5,1,397.6999392
20703,2,G09_67_H15,15,27.00833333,25.9,28,1,397.6999392
20704,2,G09_67_H15,16,26.91666667,25.8,28.7,1,397.6999392
20705,2,G09_67_H15,17,26.52916667,25.7,28.1,1,397.6999392
20706,2,G09_67_H15,18,26.97083333,25.4,28.8,1,397.6999392
20707,2,G09_67_H15,19,26.70833333,25.4,28.9,1,397.6999392
20708,2,G09_67_H15,20,26.1125,25.3,28,1,397.6999392
20709,2,G09_67_H15,21,25.40416667,24.4,27.6,1,397.6999392
20710,2,G09_67_H15,22,24.98333333,23.9,27,1,397.6999392
20711,2,G09_67_H15,23,24.72916667,23.9,26.8,1,397.6999392
20712,2,G09_67_H15,24,24.825,23.3,26.9,1,397.6999392
20713,2,G09_67_H15,25,25.20416667,23.4,27,1,397.6999392
20714,2,G09_67_H15,26,24.83333333,22.8,26.4,1,397.6999392
20715,2,G09_67_H15,27,25.07083333,22.9,27.5,1,397.6999392
20716,2,G09_67_H15,28,25.67916667,23,28.4,1,397.6999392
20717,2,G09_67_H15,29,26.175,23.1,29.5,1,397.6999392
20718,2,G09_67_H15,30,26.23333333,23.1,30,1,397.6999392
20719,2,G09_67_H15,31,25.55,23.2,28.6,1,397.6999392
20720,2,G09_67_H15,32,25.9625,23.4,30.1,1,397.6999392
20721,2,G09_67_H15,33,26.88333333,22.7,33.1,1,397.6999392
20722,2,G09_67_H15,34,27.60416667,23.1,33.6,1,397.6999392
20723,2,G09_67_H15,35,22.725,20,26.1,1,397.6999392
20724,2,G09_67_H16,-2,31.83714286,16,34.7,0,388.829855
20725,2,G09_67_H16,-1,33.975,33.3,34.6,0,388.829855
20726,2,G09_67_H16,0,33.96875,30.7,34.8,0,388.829855
20727,2,G09_67_H16,1,33.72916667,32.6,34.8,0,388.829855
20728,2,G09_67_H16,2,32.93333333,31.9,34.2,0,388.829855
20729,2,G09_67_H16,3,32.2125,31.2,33.2,0,388.829855
20730,2,G09_67_H16,4,31.49583333,30.3,32.4,0,388.829855
20731,2,G09_67_H16,9,28.73333333,28.2,29.6,0,388.829855
20732,2,G09_67_H16,10,28.8375,27,31.1,0,388.829855
20733,2,G09_67_H16,11,28.52083333,26.7,29.1,0,388.829855
20734,2,G09_67_H16,12,28.1875,26.8,29,0,388.829855
20735,2,G09_67_H16,13,27.825,26.6,28.6,0,388.829855
20736,2,G09_67_H16,14,27.55416667,26.3,28.6,0,388.829855
20737,2,G09_67_H16,15,27.18333333,26,28.2,0,388.829855
20738,2,G09_67_H16,16,27.09583333,25.9,28.8,0,388.829855
20739,2,G09_67_H16,17,26.8875,25.7,28.5,0,388.829855
20740,2,G09_67_H16,18,27.025,25.9,29.3,0,388.829855
20741,2,G09_67_H16,19,26.62916667,25.4,29.2,0,388.829855
20742,2,G09_67_H16,20,26.15,25.4,28,0,388.829855
20743,2,G09_67_H16,21,25.50416667,24.6,27.8,0,388.829855
20744,2,G09_67_H16,22,25.30833333,24.1,27.1,0,388.829855
20745,2,G09_67_H16,23,25.39166667,24.1,26.9,0,388.829855
20746,2,G09_67_H16,24,25.36666667,23.5,27.2,0,388.829855
20747,2,G09_67_H16,25,25.44583333,23.8,26.9,0,388.829855
20748,2,G09_67_H16,26,24.7375,23.2,26.1,0,388.829855
20749,2,G09_67_H16,27,25.20416667,23,27,0,388.829855
20750,2,G09_67_H16,28,25.82916667,23,28.7,0,388.829855
20751,2,G09_67_H16,29,26.13333333,23.5,29.4,0,388.829855
20752,2,G09_67_H16,30,26.09583333,23.3,29.4,0,388.829855
20753,2,G09_67_H16,31,25.59583333,23.3,28.5,0,388.829855
20754,2,G09_67_H16,32,26.00833333,23.4,29.8,0,388.829855
20755,2,G09_67_H16,33,26.80833333,22.6,32.9,0,388.829855
20756,2,G09_67_H16,34,27.65,23.1,33.5,0,388.829855
20757,2,G09_67_H16,35,22.8125,19.9,26.3,0,388.829855
20758,2,G09_67_H17,-2,32.02571429,16,34.7,0,384.6753571
20759,2,G09_67_H17,-1,34.1125,33.4,34.5,0,384.6753571
20760,2,G09_67_H17,0,34.21875,31.4,35.5,0,384.6753571
20761,2,G09_67_H17,1,34.3625,33.2,35.3,0,384.6753571
20762,2,G09_67_H17,2,33.65833333,32.6,34.6,0,384.6753571
20763,2,G09_67_H17,3,32.86666667,31.6,33.8,0,384.6753571
20764,2,G09_67_H17,4,32.03333333,30.8,33.3,0,384.6753571
20765,2,G09_67_H17,5,31.24583333,30,32.3,0,384.6753571
20766,2,G09_67_H17,6,30.37083333,29.1,31.5,0,384.6753571
20767,2,G09_67_H17,7,29.80416667,28.9,30.9,0,384.6753571
20768,2,G09_67_H17,8,29.77916667,28.7,30.6,0,384.6753571
20769,2,G09_67_H17,9,29.5625,28.6,30.6,0,384.6753571
20770,2,G09_67_H17,10,28.77916667,27.4,30.6,0,384.6753571
20771,2,G09_67_H17,11,28.14583333,27.4,29.5,0,384.6753571
20772,2,G09_67_H17,12,27.92916667,27.3,29,0,384.6753571
20773,2,G09_67_H17,13,27.925,27.2,28.9,0,384.6753571
20774,2,G09_67_H17,14,27.79583333,26.7,28.8,0,384.6753571
20775,2,G09_67_H17,15,27.5875,26.1,28.3,0,384.6753571
20776,2,G09_67_H17,16,27.7625,25.9,28.5,0,384.6753571
20777,2,G09_67_H17,17,27.58333333,26,28.4,0,384.6753571
20778,2,G09_67_H17,18,27.32916667,25.7,28.3,0,384.6753571
20779,2,G09_67_H17,19,26.90416667,24.8,28.4,0,384.6753571
20780,2,G09_67_H17,20,26.44166667,25.5,28,0,384.6753571
20781,2,G09_67_H17,21,25.87083333,25,27.8,0,384.6753571
20782,2,G09_67_H17,22,25.4875,24.5,27,0,384.6753571
20783,2,G09_67_H17,23,25.39166667,24.4,26.7,0,384.6753571
20784,2,G09_67_H17,24,25.00416667,23.8,27.3,0,384.6753571
20785,2,G09_67_H17,25,25.125,23.8,26.8,0,384.6753571
20786,2,G09_67_H17,26,24.99166667,23.3,26.3,0,384.6753571
20787,2,G09_67_H17,27,25.63333333,23.7,27.6,0,384.6753571
20788,2,G09_67_H17,28,25.9125,23.6,28.3,0,384.6753571
20789,2,G09_67_H17,29,26.4,23.5,29.4,0,384.6753571
20790,2,G09_67_H17,30,26.325,23.6,29.6,0,384.6753571
20791,2,G09_67_H17,31,25.60416667,23.4,28.5,0,384.6753571
20792,2,G09_67_H17,32,26.00416667,23.5,30,0,384.6753571
20793,2,G09_67_H17,33,26.91666667,22.7,32.7,0,384.6753571
20794,2,G09_67_H17,34,27.57916667,23.1,33.4,0,384.6753571
20795,2,G09_67_H17,35,22.79583333,20.2,26.1,0,384.6753571
20796,2,G09_67_H18,-2,31.06363636,15.8,33,1,401.1834752
20797,2,G09_67_H18,-1,32.35,29.1,34.8,1,401.1834752
20798,2,G09_67_H18,0,34.29166667,31.6,35.4,1,401.1834752
20799,2,G09_67_H18,1,34.19583333,33.2,35.5,1,401.1834752
20800,2,G09_67_H18,2,33.6125,32.5,34.7,1,401.1834752
20801,2,G09_67_H18,3,32.74166667,31.6,33.9,1,401.1834752
20802,2,G09_67_H18,4,32.09583333,30.7,33.1,1,401.1834752
20803,2,G09_67_H18,5,31.27083333,30.1,32.1,1,401.1834752
20804,2,G09_67_H18,6,30.63333333,29.2,31.4,1,401.1834752
20805,2,G09_67_H18,7,30.15416667,28.8,30.8,1,401.1834752
20806,2,G09_67_H18,8,29.64166667,28.7,30.6,1,401.1834752
20807,2,G09_67_H18,9,29.59166667,28.5,30.7,1,401.1834752
20808,2,G09_67_H18,10,28.99583333,27.4,30.7,1,401.1834752
20809,2,G09_67_H18,11,28.225,27.4,29.7,1,401.1834752
20810,2,G09_67_H18,12,27.53333333,27.1,29.4,1,401.1834752
20811,2,G09_67_H18,13,27.45833333,26.7,29,1,401.1834752
20812,2,G09_67_H18,14,27.60833333,26.3,28.9,1,401.1834752
20813,2,G09_67_H18,15,27.64583333,25.9,28.2,1,401.1834752
20814,2,G09_67_H18,16,27.5875,25.7,28.4,1,401.1834752
20815,2,G09_67_H18,17,27.34583333,26,28.3,1,401.1834752
20816,2,G09_67_H18,18,27.3375,25.7,28.5,1,401.1834752
20817,2,G09_67_H18,19,26.99583333,25.4,28.5,1,401.1834752
20818,2,G09_67_H18,20,26.51666667,25.4,28,1,401.1834752
20819,2,G09_67_H18,21,25.89166667,24.5,27.7,1,401.1834752
20820,2,G09_67_H18,22,25.3625,24.1,26.7,1,401.1834752
20821,2,G09_67_H18,23,25.1,24.1,26.5,1,401.1834752
20822,2,G09_67_H18,24,24.76666667,23.4,26.9,1,401.1834752
20823,2,G09_67_H18,25,25.02916667,23.5,27,1,401.1834752
20824,2,G09_67_H18,26,24.54166667,22.9,26.4,1,401.1834752
20825,2,G09_67_H18,27,25.18333333,23.1,28,1,401.1834752
20826,2,G09_67_H18,28,25.72916667,23.2,28.3,1,401.1834752
20827,2,G09_67_H18,29,26.2625,23.2,29.4,1,401.1834752
20828,2,G09_67_H18,30,26.175,23.3,29.5,1,401.1834752
20829,2,G09_67_H18,31,25.33333333,22.9,28.4,1,401.1834752
20830,2,G09_67_H18,32,25.94583333,23.2,30.2,1,401.1834752
20831,2,G09_67_H18,33,26.8,22.7,32.8,1,401.1834752
20832,2,G09_67_H18,34,27.6125,23,33.4,1,401.1834752
20833,2,G09_67_H18,35,22.7,20,26,1,401.1834752
20834,2,G09_67_H19,-2,30.99090909,16.2,32.8,1,395.3707984
20835,2,G09_67_H19,-1,32.28333333,25.5,35,1,395.3707984
20836,2,G09_67_H19,0,34.03333333,31.8,35.5,1,395.3707984
20837,2,G09_67_H19,1,34.275,33.1,35.5,1,395.3707984
20838,2,G09_67_H19,2,33.42916667,32.4,34.6,1,395.3707984
20839,2,G09_67_H19,3,32.775,31.6,33.9,1,395.3707984
20840,2,G09_67_H19,4,32.175,30.8,33.2,1,395.3707984
20841,2,G09_67_H19,5,31.2375,30.1,32.4,1,395.3707984
20842,2,G09_67_H19,6,30.57916667,29.2,31.8,1,395.3707984
20843,2,G09_67_H19,7,29.89583333,28.9,31.1,1,395.3707984
20844,2,G09_67_H19,8,29.5,28.4,30.5,1,395.3707984
20845,2,G09_67_H19,9,29.5,28.4,30.8,1,395.3707984
20846,2,G09_67_H19,10,28.94285714,28.1,29.8,1,395.3707984
20847,2,G09_67_H19,11,28.95,27.2,29.3,1,395.3707984
20848,2,G09_67_H19,12,28.02916667,27.2,29.3,1,395.3707984
20849,2,G09_67_H19,13,27.7875,26.9,29.1,1,395.3707984
20850,2,G09_67_H19,14,27.75833333,26.4,28.9,1,395.3707984
20851,2,G09_67_H19,15,27.20416667,26.2,28.4,1,395.3707984
20852,2,G09_67_H19,16,27.47916667,25.8,28.6,1,395.3707984
20853,2,G09_67_H19,17,27.43333333,25.9,28.3,1,395.3707984
20854,2,G09_67_H19,18,27.25833333,25.5,28.5,1,395.3707984
20855,2,G09_67_H19,19,27.02083333,25.2,28.7,1,395.3707984
20856,2,G09_67_H19,20,26.57916667,25.3,27.8,1,395.3707984
20857,2,G09_67_H19,21,26.04166667,24.6,27.8,1,395.3707984
20858,2,G09_67_H19,22,25.44166667,24,27.1,1,395.3707984
20859,2,G09_67_H19,23,25.0625,23.9,26.5,1,395.3707984
20860,2,G09_67_H19,24,24.84583333,23.4,27,1,395.3707984
20861,2,G09_67_H19,25,25.04583333,23.6,26.9,1,395.3707984
20862,2,G09_67_H19,26,24.55833333,23,26.5,1,395.3707984
20863,2,G09_67_H19,27,25.03333333,23.3,27.3,1,395.3707984
20864,2,G09_67_H19,28,25.99166667,23.3,30.9,1,395.3707984
20865,2,G09_67_H19,29,26.43333333,23.5,30,1,395.3707984
20866,2,G09_67_H19,30,26.21666667,23.5,30.3,1,395.3707984
20867,2,G09_67_H19,31,25.45416667,22.8,28.6,1,395.3707984
20868,2,G09_67_H19,32,26.19166667,23.3,30.6,1,395.3707984
20869,2,G09_67_H19,33,27.15416667,23.1,33.4,1,395.3707984
20870,2,G09_67_H19,34,27.825,23.4,33.7,1,395.3707984
20871,2,G09_67_H2,-2,30.95,16.2,34.9,0,391.1183507
20872,2,G09_67_H2,-1,33.45416667,28.3,34.7,0,391.1183507
20873,2,G09_67_H2,0,34.33333333,33.5,35,0,391.1183507
20874,2,G09_67_H2,1,33.87777778,32.7,35,0,391.1183507
20875,2,G09_67_H2,2,33.0375,31.9,34.1,0,391.1183507
20876,2,G09_67_H2,3,32.31666667,31.4,33.3,0,391.1183507
20877,2,G09_67_H2,4,31.57916667,30.7,32.5,0,391.1183507
20878,2,G09_67_H2,5,30.69583333,29.7,31.7,0,391.1183507
20879,2,G09_67_H2,6,29.85,28.8,30.9,0,391.1183507
20880,2,G09_67_H2,7,29.23333333,28.3,30.2,0,391.1183507
20881,2,G09_67_H2,8,29.02083333,28.1,29.8,0,391.1183507
20882,2,G09_67_H2,9,28.9125,27.6,29.8,0,391.1183507
20883,2,G09_67_H2,10,28.575,27.2,29.4,0,391.1183507
20884,2,G09_67_H2,11,28.5375,27,30.9,0,391.1183507
20885,2,G09_67_H2,12,27.9875,26.6,30.5,0,391.1183507
20886,2,G09_67_H2,13,27.25416667,26.1,28.8,0,391.1183507
20887,2,G09_67_H2,14,26.74166667,25.9,28.1,0,391.1183507
20888,2,G09_67_H2,15,26.48333333,25.8,27.7,0,391.1183507
20889,2,G09_67_H2,16,26.36666667,25.1,27.6,0,391.1183507
20890,2,G09_67_H2,17,26.12083333,24.9,27.2,0,391.1183507
20891,2,G09_67_H2,18,26.325,25,27.7,0,391.1183507
20892,2,G09_67_H2,19,26.2625,24.9,27.5,0,391.1183507
20893,2,G09_67_H2,20,26.24583333,24.4,28.2,0,391.1183507
20894,2,G09_67_H2,21,25.77083333,24.5,27.1,0,391.1183507
20895,2,G09_67_H2,22,25.375,24.5,27.1,0,391.1183507
20896,2,G09_67_H2,23,24.57916667,23.6,26.1,0,391.1183507
20897,2,G09_67_H2,24,24.425,23.5,26,0,391.1183507
20898,2,G09_67_H2,25,24.31666667,23.6,26.1,0,391.1183507
20899,2,G09_67_H2,26,24.14166667,23.5,26,0,391.1183507
20900,2,G09_67_H2,27,24.1375,23,26.3,0,391.1183507
20901,2,G09_67_H2,28,23.4125,22.6,25.2,0,391.1183507
20902,2,G09_67_H2,29,23.9,22.6,26,0,391.1183507
20903,2,G09_67_H2,30,24.76666667,22.5,27.6,0,391.1183507
20904,2,G09_67_H2,31,25.21666667,22.1,28.4,0,391.1183507
20905,2,G09_67_H2,32,25.2375,22,28.5,0,391.1183507
20906,2,G09_67_H2,33,24.67083333,21.8,27.8,0,391.1183507
20907,2,G09_67_H2,34,25.19583333,22.3,29.7,0,391.1183507
20908,2,G09_67_H2,35,25.825,21.8,32.5,0,391.1183507
20909,2,G09_67_H20,-2,31.22727273,15.9,32.9,1,399.2074863
20910,2,G09_67_H20,-1,32.35,29.3,35,1,399.2074863
20911,2,G09_67_H20,0,34.26666667,31.4,35.3,1,399.2074863
20912,2,G09_67_H20,1,34.49583333,33.3,35.3,1,399.2074863
20913,2,G09_67_H20,2,33.55416667,32.6,34.6,1,399.2074863
20914,2,G09_67_H20,3,32.8125,31.8,33.7,1,399.2074863
20915,2,G09_67_H20,4,32.18333333,30.7,32.9,1,399.2074863
20916,2,G09_67_H20,5,31.32083333,29.9,32.3,1,399.2074863
20917,2,G09_67_H20,6,30.55,29.3,31.6,1,399.2074863
20918,2,G09_67_H20,7,30.07916667,28.8,31,1,399.2074863
20919,2,G09_67_H20,8,29.69166667,28.6,30.5,1,399.2074863
20920,2,G09_67_H20,9,29.62916667,28.4,30.4,1,399.2074863
20921,2,G09_67_H20,10,29.1,27.3,30.6,1,399.2074863
20922,2,G09_67_H20,11,28.41666667,27.4,29.5,1,399.2074863
20923,2,G09_67_H20,12,28.50416667,27.4,29.1,1,399.2074863
20924,2,G09_67_H20,13,27.70833333,27,28.9,1,399.2074863
20925,2,G09_67_H20,14,27.65833333,26.7,29.1,1,399.2074863
20926,2,G09_67_H20,15,27.25833333,26.3,28.2,1,399.2074863
20927,2,G09_67_H20,16,27.12916667,26.1,28.5,1,399.2074863
20928,2,G09_67_H20,17,27.08333333,26.2,28.2,1,399.2074863
20929,2,G09_67_H20,18,27.15416667,25.7,28.5,1,399.2074863
20930,2,G09_67_H20,19,26.95833333,25.4,28.7,1,399.2074863
20931,2,G09_67_H20,20,26.6375,25.3,28,1,399.2074863
20932,2,G09_67_H20,21,26.1875,24.8,27.9,1,399.2074863
20933,2,G09_67_H20,22,25.55833333,24.3,26.9,1,399.2074863
20934,2,G09_67_H20,23,25.3125,24.3,26.8,1,399.2074863
20935,2,G09_67_H20,24,24.99583333,23.6,27,1,399.2074863
20936,2,G09_67_H20,25,25.17083333,23.6,27,1,399.2074863
20937,2,G09_67_H20,26,24.95,23.5,26.5,1,399.2074863
20938,2,G09_67_H20,27,25.2625,23.7,27,1,399.2074863
20939,2,G09_67_H20,28,26.0125,23.4,28.4,1,399.2074863
20940,2,G09_67_H20,29,26.52916667,23.6,30,1,399.2074863
20941,2,G09_67_H20,30,26.48333333,23.8,30,1,399.2074863
20942,2,G09_67_H20,31,25.62083333,23.6,28.8,1,399.2074863
20943,2,G09_67_H20,32,26.1875,23.6,30.5,1,399.2074863
20944,2,G09_67_H20,33,27.27083333,23.3,33.5,1,399.2074863
20945,2,G09_67_H20,34,27.82916667,23.2,33.8,1,399.2074863
20946,2,G09_67_H20,35,23.13333333,20.8,26.3,1,399.2074863
20947,2,G09_67_H21,-2,29.45333333,11.6,30.3,1,418.2391592
20948,2,G09_67_H21,-1,31.19166667,28.5,34.5,1,418.2391592
20949,2,G09_67_H21,0,33.875,30.7,34.8,1,418.2391592
20950,2,G09_67_H21,1,33.9125,32.9,34.7,1,418.2391592
20951,2,G09_67_H21,2,33.00416667,32.1,34,1,418.2391592
20952,2,G09_67_H21,3,32.4,31.1,33.3,1,418.2391592
20953,2,G09_67_H21,4,31.55416667,30.4,32.5,1,418.2391592
20954,2,G09_67_H21,5,30.7125,29.6,31.7,1,418.2391592
20955,2,G09_67_H21,6,29.99166667,28.8,30.9,1,418.2391592
20956,2,G09_67_H21,7,29.54166667,28.6,30.8,1,418.2391592
20957,2,G09_67_H21,8,29.4875,27.9,30.8,1,418.2391592
20958,2,G09_67_H21,9,29.45833333,27.9,30.1,1,418.2391592
20959,2,G09_67_H21,10,28.93333333,27.7,29.6,1,418.2391592
20960,2,G09_67_H21,11,28.67083333,27.4,29.3,1,418.2391592
20961,2,G09_67_H21,12,28.23333333,27,29,1,418.2391592
20962,2,G09_67_H21,13,27.825,26.8,28.6,1,418.2391592
20963,2,G09_67_H21,14,27.77083333,26.4,28.9,1,418.2391592
20964,2,G09_67_H21,15,27.37916667,26.3,28.7,1,418.2391592
20965,2,G09_67_H21,16,27.31666667,26,28.9,1,418.2391592
20966,2,G09_67_H21,17,26.9,25.9,28.6,1,418.2391592
20967,2,G09_67_H21,18,26.3125,25.6,27.7,1,418.2391592
20968,2,G09_67_H21,19,25.68333333,24.9,27.6,1,418.2391592
20969,2,G09_67_H21,20,25.5,24.6,27.1,1,418.2391592
20970,2,G09_67_H21,21,25.5,24.5,26.9,1,418.2391592
20971,2,G09_67_H21,22,25.50833333,23.8,27.1,1,418.2391592
20972,2,G09_67_H21,23,25.7125,24,27.1,1,418.2391592
20973,2,G09_67_H21,24,25.57916667,23.7,26.7,1,418.2391592
20974,2,G09_67_H21,25,25.67083333,23.7,27.5,1,418.2391592
20975,2,G09_67_H21,26,25.9,23.3,29.1,1,418.2391592
20976,2,G09_67_H21,27,26.27916667,22.9,30.4,1,418.2391592
20977,2,G09_67_H21,28,26.70833333,23.8,30.2,1,418.2391592
20978,2,G09_67_H21,29,25.95416667,23.6,28.8,1,418.2391592
20979,2,G09_67_H21,30,26.42083333,23.8,30.5,1,418.2391592
20980,2,G09_67_H21,31,27.45,23.4,33.4,1,418.2391592
20981,2,G09_67_H21,32,27.875,23.2,33.6,1,418.2391592
20982,2,G09_67_H21,33,23.29583333,21,26.7,1,418.2391592
20983,2,G09_67_H22,-2,29.48,11.3,30.1,1,440.5819029
20984,2,G09_67_H22,-1,31.69130435,26.9,35.3,1,440.5819029
20985,2,G09_67_H22,0,33.25,29.4,34.7,1,440.5819029
20986,2,G09_67_H22,1,33.52916667,32.5,34.6,1,440.5819029
20987,2,G09_67_H22,2,32.71666667,31.9,33.7,1,440.5819029
20988,2,G09_67_H22,3,32.10416667,31.1,33.2,1,440.5819029
20989,2,G09_67_H22,4,31.5375,30.5,33,1,440.5819029
20990,2,G09_67_H22,5,30.89166667,29.9,31.7,1,440.5819029
20991,2,G09_67_H22,6,30.1875,29.2,30.9,1,440.5819029
20992,2,G09_67_H22,7,29.72083333,28.8,30.6,1,440.5819029
20993,2,G09_67_H22,8,29.4125,28.1,30.7,1,440.5819029
20994,2,G09_67_H22,9,29.225,28.2,30.1,1,440.5819029
20995,2,G09_67_H22,10,28.69583333,27.8,29.5,1,440.5819029
20996,2,G09_67_H22,11,28.29583333,27.5,29.2,1,440.5819029
20997,2,G09_67_H22,12,27.89166667,27.1,29,1,440.5819029
20998,2,G09_67_H22,13,27.61666667,26.8,28.5,1,440.5819029
20999,2,G09_67_H22,14,27.47083333,26.6,28.6,1,440.5819029
21000,2,G09_67_H22,15,27.275,26.6,28.5,1,440.5819029
21001,2,G09_67_H22,16,27.35,26.4,29.1,1,440.5819029
21002,2,G09_67_H22,17,27.12916667,26.1,28.5,1,440.5819029
21003,2,G09_67_H22,18,26.6625,25.7,27.8,1,440.5819029
21004,2,G09_67_H22,19,26.31666667,25,27.7,1,440.5819029
21005,2,G09_67_H22,20,26.12083333,24.6,26.9,1,440.5819029
21006,2,G09_67_H22,21,25.92083333,24.3,26.9,1,440.5819029
21007,2,G09_67_H22,22,25.75416667,23.6,27.1,1,440.5819029
21008,2,G09_67_H22,23,25.875,23.9,27.1,1,440.5819029
21009,2,G09_67_H22,24,25.42083333,23.6,26.7,1,440.5819029
21010,2,G09_67_H22,25,25.65833333,23.9,27.4,1,440.5819029
21011,2,G09_67_H22,26,26.5125,24.3,29.1,1,440.5819029
21012,2,G09_67_H22,27,26.83333333,24.6,29.9,1,440.5819029
21013,2,G09_67_H22,28,26.94583333,24.1,30,1,440.5819029
21014,2,G09_67_H22,29,26.24166667,23.9,28.9,1,440.5819029
21015,2,G09_67_H22,30,26.5375,24,30.3,1,440.5819029
21016,2,G09_67_H22,31,27.27083333,23.3,33.4,1,440.5819029
21017,2,G09_67_H22,32,28.00833333,23.5,33.7,1,440.5819029
21018,2,G09_67_H22,33,23.60833333,20.8,26.6,1,440.5819029
21019,2,G09_67_H23,-2,29.06666667,10.8,29.8,0,277.8746914
21020,2,G09_67_H23,-1,31.25,28.7,34.3,0,277.8746914
21021,2,G09_67_H23,0,33.23333333,29.6,34.7,0,277.8746914
21022,2,G09_67_H23,1,33.7375,32.7,34.7,0,277.8746914
21023,2,G09_67_H23,2,32.91666667,32,33.8,0,277.8746914
21024,2,G09_67_H23,3,32.34166667,31.2,33.2,0,277.8746914
21025,2,G09_67_H23,4,31.45,30.4,32.5,0,277.8746914
21026,2,G09_67_H23,5,30.62916667,29.5,31.6,0,277.8746914
21027,2,G09_67_H23,6,30.00416667,29.1,31,0,277.8746914
21028,2,G09_67_H23,7,29.60833333,28.9,30.7,0,277.8746914
21029,2,G09_67_H23,8,29.20833333,27.9,31,0,277.8746914
21030,2,G09_67_H23,9,28.9875,28,30,0,277.8746914
21031,2,G09_67_H23,10,28.75416667,27.6,29.5,0,277.8746914
21032,2,G09_67_H23,11,28.70416667,27.3,29.4,0,277.8746914
21033,2,G09_67_H23,12,28.32916667,27.1,28.9,0,277.8746914
21034,2,G09_67_H23,13,27.95416667,26.7,28.7,0,277.8746914
21035,2,G09_67_H23,14,27.83333333,26.5,29,0,277.8746914
21036,2,G09_67_H23,15,27.67083333,26.5,28.6,0,277.8746914
21037,2,G09_67_H23,16,27.5875,26.3,29.3,0,277.8746914
21038,2,G09_67_H23,17,27.2125,26,28.8,0,277.8746914
21039,2,G09_67_H23,18,26.5125,25.7,28.5,0,277.8746914
21040,2,G09_67_H23,19,25.95833333,24.9,28.4,0,277.8746914
21041,2,G09_67_H23,20,25.49166667,24.6,27.3,0,277.8746914
21042,2,G09_67_H23,21,25.45833333,24.5,27.2,0,277.8746914
21043,2,G09_67_H23,22,25.14583333,24.2,27.4,0,277.8746914
21044,2,G09_67_H23,23,25.7625,24.1,27.2,0,277.8746914
21045,2,G09_67_H23,24,25.42083333,23.9,26.9,0,277.8746914
21046,2,G09_67_H23,25,25.98333333,23.8,28,0,277.8746914
21047,2,G09_67_H23,26,26.4,24.4,28.6,0,277.8746914
21048,2,G09_67_H23,27,26.76666667,24.1,30.3,0,277.8746914
21049,2,G09_67_H23,28,26.99166667,24.6,29.8,0,277.8746914
21050,2,G09_67_H23,29,26.34583333,24,28.9,0,277.8746914
21051,2,G09_67_H23,30,26.62083333,24.4,30.1,0,277.8746914
21052,2,G09_67_H23,31,27.6,23.8,33.2,0,277.8746914
21053,2,G09_67_H23,32,28.24583333,23.6,33.6,0,277.8746914
21054,2,G09_67_H23,33,23.925,22.3,27.2,0,277.8746914
21055,2,G09_67_H23,34,23.4125,22.4,25,0,277.8746914
21056,2,G09_67_H23,35,23.025,21.7,24.9,0,277.8746914
21057,2,G09_67_H3,-2,29.55555556,16.5,32.1,1,398.1135172
21058,2,G09_67_H3,-1,31.9375,28.6,34.8,1,398.1135172
21059,2,G09_67_H3,0,33.7375,30.8,34.7,1,398.1135172
21060,2,G09_67_H3,1,33.85833333,32.5,34.8,1,398.1135172
21061,2,G09_67_H3,2,33.08333333,31.6,34,1,398.1135172
21062,2,G09_67_H3,3,32.25416667,31.3,33.4,1,398.1135172
21063,2,G09_67_H3,4,31.53333333,30.6,32.5,1,398.1135172
21064,2,G09_67_H3,5,30.775,29.7,31.7,1,398.1135172
21065,2,G09_67_H3,6,30.07916667,28.7,30.9,1,398.1135172
21066,2,G09_67_H3,7,29.4875,28.5,30.3,1,398.1135172
21067,2,G09_67_H3,8,29.12916667,28.1,30,1,398.1135172
21068,2,G09_67_H3,9,28.74583333,27.6,29.8,1,398.1135172
21069,2,G09_67_H3,10,28.4,27.5,29.4,1,398.1135172
21070,2,G09_67_H3,11,28.55416667,27.4,30.6,1,398.1135172
21071,2,G09_67_H3,12,27.77083333,26.1,30.3,1,398.1135172
21072,2,G09_67_H3,13,27.77916667,26,28.5,1,398.1135172
21073,2,G09_67_H3,14,26.99166667,25.9,28.1,1,398.1135172
21074,2,G09_67_H3,15,26.88333333,25.7,27.8,1,398.1135172
21075,2,G09_67_H3,16,26.9,25.4,27.7,1,398.1135172
21076,2,G09_67_H3,17,26.62083333,25.1,27.3,1,398.1135172
21077,2,G09_67_H3,18,26.53333333,24.7,27.5,1,398.1135172
21078,2,G09_67_H3,19,26.275,24.8,27.4,1,398.1135172
21079,2,G09_67_H3,20,26.07083333,24.6,27.5,1,398.1135172
21080,2,G09_67_H3,21,25.58333333,24.2,27.1,1,398.1135172
21081,2,G09_67_H3,22,25.45416667,24.8,27,1,398.1135172
21082,2,G09_67_H3,23,24.95,23.8,27,1,398.1135172
21083,2,G09_67_H3,24,24.40416667,23.4,26.2,1,398.1135172
21084,2,G09_67_H3,25,24.44583333,23.4,26,1,398.1135172
21085,2,G09_67_H3,26,24.88333333,23.2,26.2,1,398.1135172
21086,2,G09_67_H3,27,25.07083333,23.2,26.6,1,398.1135172
21087,2,G09_67_H3,28,24.18333333,22.7,25.5,1,398.1135172
21088,2,G09_67_H3,29,24.38333333,22.6,25.8,1,398.1135172
21089,2,G09_67_H3,30,25.05833333,22.9,27.9,1,398.1135172
21090,2,G09_67_H3,31,25.13333333,22.2,28.4,1,398.1135172
21091,2,G09_67_H3,32,25.61666667,22.9,29,1,398.1135172
21092,2,G09_67_H3,33,25.0125,22.8,28,1,398.1135172
21093,2,G09_67_H3,34,25.28333333,22.8,29.1,1,398.1135172
21094,2,G09_67_H3,35,26.1875,22.6,32.3,1,398.1135172
21095,2,G09_67_H4,-2,28.08461538,15.1,31.8,0,376.946142
21096,2,G09_67_H4,-1,31.45416667,27.9,34.1,0,376.946142
21097,2,G09_67_H4,0,33.10833333,30.7,34.2,0,376.946142
21098,2,G09_67_H4,1,33.60416667,32.5,34.4,0,376.946142
21099,2,G09_67_H4,2,32.6875,31.6,33.5,0,376.946142
21100,2,G09_67_H4,3,31.87916667,31,32.8,0,376.946142
21101,2,G09_67_H4,4,31.40833333,30.7,32.2,0,376.946142
21102,2,G09_67_H4,5,30.725,29.8,31.5,0,376.946142
21103,2,G09_67_H4,6,29.8125,28.9,30.5,0,376.946142
21104,2,G09_67_H4,7,29.375,27.9,29.9,0,376.946142
21105,2,G09_67_H4,8,28.975,28,29.5,0,376.946142
21106,2,G09_67_H4,9,28.64166667,27.6,29.3,0,376.946142
21107,2,G09_67_H4,10,28.55416667,27.5,29.4,0,376.946142
21108,2,G09_67_H4,11,28.6625,27.4,30.6,0,376.946142
21109,2,G09_67_H4,12,27.85416667,26.4,30.5,0,376.946142
21110,2,G09_67_H4,13,27.44166667,26.3,28.3,0,376.946142
21111,2,G09_67_H4,14,26.89166667,26,27.7,0,376.946142
21112,2,G09_67_H4,15,26.42916667,25.8,27.5,0,376.946142
21113,2,G09_67_H4,16,26.07916667,25.4,27.6,0,376.946142
21114,2,G09_67_H4,17,25.84166667,25.1,27.2,0,376.946142
21115,2,G09_67_H4,18,25.94166667,25,27.9,0,376.946142
21116,2,G09_67_H4,19,26.08333333,25,27.8,0,376.946142
21117,2,G09_67_H4,20,26.2125,24.9,27.9,0,376.946142
21118,2,G09_67_H4,21,26.23333333,24.6,27.8,0,376.946142
21119,2,G09_67_H4,22,26.17916667,25.2,28.9,0,376.946142
21120,2,G09_67_H4,23,25.76666667,24.3,27,0,376.946142
21121,2,G09_67_H4,24,25.55833333,24,27.2,0,376.946142
21122,2,G09_67_H4,25,25.36666667,23.7,26.7,0,376.946142
21123,2,G09_67_H4,26,24.525,23.2,26.6,0,376.946142
21124,2,G09_67_H4,27,24.9,23.4,26.4,0,376.946142
21125,2,G09_67_H4,28,24.22916667,22.8,26,0,376.946142
21126,2,G09_67_H4,29,24.66666667,22.8,26.4,0,376.946142
21127,2,G09_67_H4,30,25.675,23.3,28.4,0,376.946142
21128,2,G09_67_H4,31,26.04583333,23.5,29.2,0,376.946142
21129,2,G09_67_H4,32,26.05833333,23.3,29.2,0,376.946142
21130,2,G09_67_H4,33,25.39166667,23.1,28.4,0,376.946142
21131,2,G09_67_H4,34,25.87916667,23.3,29.7,0,376.946142
21132,2,G09_67_H4,35,26.82916667,23.2,32.8,0,376.946142
21133,2,G09_67_H5,0,33.65,30.4,34.7,1,399.2001676
21134,2,G09_67_H5,1,33.55555556,32.3,34.6,1,399.2001676
21135,2,G09_67_H5,2,32.57916667,31.8,33.5,1,399.2001676
21136,2,G09_67_H5,3,31.89166667,31,33,1,399.2001676
21137,2,G09_67_H5,4,31.35416667,30.3,32.1,1,399.2001676
21138,2,G09_67_H5,5,30.56666667,29.6,31.5,1,399.2001676
21139,2,G09_67_H5,6,29.81666667,28.7,30.6,1,399.2001676
21140,2,G09_67_H5,7,29.1625,28.1,29.9,1,399.2001676
21141,2,G09_67_H5,8,28.6875,27.9,29.6,1,399.2001676
21142,2,G09_67_H5,9,28.54166667,27.5,29.5,1,399.2001676
21143,2,G09_67_H5,10,28.40416667,27.5,29.4,1,399.2001676
21144,2,G09_67_H5,11,28.66666667,27.4,30.7,1,399.2001676
21145,2,G09_67_H5,12,28.05416667,26.6,30.5,1,399.2001676
21146,2,G09_67_H5,13,27.5625,26.4,28.3,1,399.2001676
21147,2,G09_67_H5,14,27.30833333,26,27.6,1,399.2001676
21148,2,G09_67_H5,15,26.96666667,25.7,27.7,1,399.2001676
21149,2,G09_67_H5,16,26.6625,25.5,27.5,1,399.2001676
21150,2,G09_67_H5,17,26.30833333,24.9,27.2,1,399.2001676
21151,2,G09_67_H5,18,26.24166667,24.9,27.8,1,399.2001676
21152,2,G09_67_H5,19,26.1,24.8,27.9,1,399.2001676
21153,2,G09_67_H5,20,26.2125,25,27.7,1,399.2001676
21154,2,G09_67_H5,21,26.24583333,24.6,28.2,1,399.2001676
21155,2,G09_67_H5,22,26.0125,25.2,27.3,1,399.2001676
21156,2,G09_67_H5,23,25.35416667,24.3,27.2,1,399.2001676
21157,2,G09_67_H5,24,25.12083333,24,26.6,1,399.2001676
21158,2,G09_67_H5,25,24.70833333,24,26.1,1,399.2001676
21159,2,G09_67_H5,26,24.1875,23.4,26.4,1,399.2001676
21160,2,G09_67_H5,27,24.69583333,23.5,26.7,1,399.2001676
21161,2,G09_67_H5,28,24.16666667,22.9,25.9,1,399.2001676
21162,2,G09_67_H5,29,24.2625,22.8,26,1,399.2001676
21163,2,G09_67_H5,30,25.05416667,22.7,27.9,1,399.2001676
21164,2,G09_67_H5,31,25.6,22.9,29.1,1,399.2001676
21165,2,G09_67_H5,32,25.75833333,23,29.2,1,399.2001676
21166,2,G09_67_H5,33,24.88333333,22.8,28.1,1,399.2001676
21167,2,G09_67_H5,34,25.56666667,22.6,29.6,1,399.2001676
21168,2,G09_67_H5,35,26.6,22.5,32.7,1,399.2001676
21169,2,G09_67_H6,-2,28.23076923,13.6,32.2,1,419.3464777
21170,2,G09_67_H6,-1,31.8,28.2,34.5,1,419.3464777
21171,2,G09_67_H6,0,33.59583333,30.9,34.8,1,419.3464777
21172,2,G09_67_H6,1,33.83333333,32.7,34.8,1,419.3464777
21173,2,G09_67_H6,2,33.00833333,32,33.8,1,419.3464777
21174,2,G09_67_H6,3,32.22916667,31.4,33,1,419.3464777
21175,2,G09_67_H6,4,31.51666667,30.3,32.1,1,419.3464777
21176,2,G09_67_H6,5,30.73333333,29.4,31.5,1,419.3464777
21177,2,G09_67_H6,6,29.95833333,28.6,30.6,1,419.3464777
21178,2,G09_67_H6,7,29.2875,28.1,30.1,1,419.3464777
21179,2,G09_67_H6,8,28.8875,27.7,29.8,1,419.3464777
21180,2,G09_67_H6,9,28.67083333,27.7,29.3,1,419.3464777
21181,2,G09_67_H6,10,28.70416667,27.7,29.5,1,419.3464777
21182,2,G09_67_H6,11,28.74583333,27.6,31,1,419.3464777
21183,2,G09_67_H6,12,28.025,26.6,30.8,1,419.3464777
21184,2,G09_67_H6,13,27.375,26.2,28.4,1,419.3464777
21185,2,G09_67_H6,14,26.9125,26.2,27.9,1,419.3464777
21186,2,G09_67_H6,15,26.5,26,27.6,1,419.3464777
21187,2,G09_67_H6,16,26.33333333,25.5,27.4,1,419.3464777
21188,2,G09_67_H6,17,26.0375,25.4,27.1,1,419.3464777
21189,2,G09_67_H6,18,26.225,25.1,27.7,1,419.3464777
21190,2,G09_67_H6,19,26.2125,25,28,1,419.3464777
21191,2,G09_67_H6,20,26.30416667,24.8,27.5,1,419.3464777
21192,2,G09_67_H6,21,26.2375,24.6,27.9,1,419.3464777
21193,2,G09_67_H6,22,26.0625,25,27.5,1,419.3464777
21194,2,G09_67_H6,23,25.475,24,27.2,1,419.3464777
21195,2,G09_67_H6,24,25.15,23.5,26.3,1,419.3464777
21196,2,G09_67_H6,25,24.84583333,23.5,26,1,419.3464777
21197,2,G09_67_H6,26,24.59583333,23.3,26.2,1,419.3464777
21198,2,G09_67_H6,27,24.75416667,23.2,26.5,1,419.3464777
21199,2,G09_67_H6,28,24.05833333,22.7,26,1,419.3464777
21200,2,G09_67_H6,29,24.04166667,22.1,25.9,1,419.3464777
21201,2,G09_67_H6,30,25.02916667,22.6,27.8,1,419.3464777
21202,2,G09_67_H6,31,25.69166667,22.6,29.2,1,419.3464777
21203,2,G09_67_H6,32,25.70416667,22.5,29.3,1,419.3464777
21204,2,G09_67_H6,33,24.90416667,22.5,28,1,419.3464777
21205,2,G09_67_H6,34,25.45,22.8,29.9,1,419.3464777
21206,2,G09_67_H6,35,26.57916667,22.7,32.8,1,419.3464777
21207,2,G09_67_H7,-2,29.49090909,14.2,31.7,1,406.6531645
21208,2,G09_67_H7,-1,32.10833333,27.7,34.8,1,406.6531645
21209,2,G09_67_H7,0,33.86666667,30.7,35,1,406.6531645
21210,2,G09_67_H7,1,33.95833333,33.2,34.9,1,406.6531645
21211,2,G09_67_H7,2,33.22083333,32.3,34,1,406.6531645
21212,2,G09_67_H7,3,32.44166667,31.4,33.1,1,406.6531645
21213,2,G09_67_H7,4,31.50416667,27.9,32.5,1,406.6531645
21214,2,G09_67_H7,5,30.69166667,29.4,31.6,1,406.6531645
21215,2,G09_67_H7,6,30,28.8,31,1,406.6531645
21216,2,G09_67_H7,7,29.29166667,28.3,30.4,1,406.6531645
21217,2,G09_67_H7,8,29,28,30,1,406.6531645
21218,2,G09_67_H7,9,28.84166667,28,29.7,1,406.6531645
21219,2,G09_67_H7,10,28.875,28,30.4,1,406.6531645
21220,2,G09_67_H7,11,28.3375,27.1,30.5,1,406.6531645
21221,2,G09_67_H7,12,27.94583333,26.9,28.8,1,406.6531645
21222,2,G09_67_H7,13,27.55833333,26.6,28.4,1,406.6531645
21223,2,G09_67_H7,14,27.18333333,26.2,28,1,406.6531645
21224,2,G09_67_H7,15,27.07916667,26,27.9,1,406.6531645
21225,2,G09_67_H7,16,26.9125,25.5,27.6,1,406.6531645
21226,2,G09_67_H7,17,26.9375,25.4,27.8,1,406.6531645
21227,2,G09_67_H7,18,26.8125,25.3,27.9,1,406.6531645
21228,2,G09_67_H7,19,26.72083333,25.3,28.1,1,406.6531645
21229,2,G09_67_H7,20,26.52083333,25,28.1,1,406.6531645
21230,2,G09_67_H7,21,26.0875,25.2,27.8,1,406.6531645
21231,2,G09_67_H7,22,25.52916667,24.6,27.4,1,406.6531645
21232,2,G09_67_H7,23,25.19166667,23.9,27,1,406.6531645
21233,2,G09_67_H7,24,25.09583333,24,26.7,1,406.6531645
21234,2,G09_67_H7,25,24.90416667,23.9,26.8,1,406.6531645
21235,2,G09_67_H7,26,25.39583333,23.9,27,1,406.6531645
21236,2,G09_67_H7,27,25.125,23.5,26.5,1,406.6531645
21237,2,G09_67_H7,28,25.04166667,23.4,26.6,1,406.6531645
21238,2,G09_67_H7,29,25.575,23.4,28,1,406.6531645
21239,2,G09_67_H7,30,26.19166667,23.6,29.2,1,406.6531645
21240,2,G09_67_H7,31,26.32083333,23.6,29.7,1,406.6531645
21241,2,G09_67_H7,32,25.43333333,23.3,28.4,1,406.6531645
21242,2,G09_67_H7,33,25.775,23.4,30.1,1,406.6531645
21243,2,G09_67_H7,34,26.8875,23.2,33,1,406.6531645
21244,2,G09_67_H7,35,27.4375,22.5,33.6,1,406.6531645
21245,2,G09_67_H8,-2,30.55454545,13.6,32.5,1,415.4702509
21246,2,G09_67_H8,-1,32.38333333,29.5,34.6,1,415.4702509
21247,2,G09_67_H8,0,33.72083333,31.6,34.6,1,415.4702509
21248,2,G09_67_H8,1,33.6625,32.7,34.5,1,415.4702509
21249,2,G09_67_H8,2,32.82916667,31.8,33.7,1,415.4702509
21250,2,G09_67_H8,3,32.05,31.2,32.8,1,415.4702509
21251,2,G09_67_H8,4,31.27083333,30.5,31.9,1,415.4702509
21252,2,G09_67_H8,5,30.64583333,29.5,31.3,1,415.4702509
21253,2,G09_67_H8,6,29.82916667,28.7,30.5,1,415.4702509
21254,2,G09_67_H8,7,29.19166667,28.3,29.9,1,415.4702509
21255,2,G09_67_H8,8,28.71666667,28,29.6,1,415.4702509
21256,2,G09_67_H8,9,28.73333333,28,29.6,1,415.4702509
21257,2,G09_67_H8,10,28.75833333,27.9,30.7,1,415.4702509
21258,2,G09_67_H8,11,28.05416667,27.2,30.6,1,415.4702509
21259,2,G09_67_H8,12,27.65416667,27.2,28.7,1,415.4702509
21260,2,G09_67_H8,13,27.425,27,28.4,1,415.4702509
21261,2,G09_67_H8,14,27.15,26.6,28,1,415.4702509
21262,2,G09_67_H8,15,26.95416667,26.4,28,1,415.4702509
21263,2,G09_67_H8,16,26.78333333,26,27.8,1,415.4702509
21264,2,G09_67_H8,17,26.96666667,25.8,28.3,1,415.4702509
21265,2,G09_67_H8,18,26.83333333,25.7,28.1,1,415.4702509
21266,2,G09_67_H8,19,26.97083333,25.3,28.5,1,415.4702509
21267,2,G09_67_H8,20,26.60833333,25,28.5,1,415.4702509
21268,2,G09_67_H8,21,26.175,25.2,27.4,1,415.4702509
21269,2,G09_67_H8,22,25.57083333,24.5,27.3,1,415.4702509
21270,2,G09_67_H8,23,25.12916667,24.3,26.6,1,415.4702509
21271,2,G09_67_H8,24,24.94583333,24.2,26.4,1,415.4702509
21272,2,G09_67_H8,25,24.78333333,23.3,26.8,1,415.4702509
21273,2,G09_67_H8,26,25.02083333,23.9,27.1,1,415.4702509
21274,2,G09_67_H8,27,24.62916667,23.4,26.5,1,415.4702509
21275,2,G09_67_H8,28,24.97083333,23.2,26.7,1,415.4702509
21276,2,G09_67_H8,29,25.8375,23.4,28.1,1,415.4702509
21277,2,G09_67_H8,30,26.025,23.2,29.3,1,415.4702509
21278,2,G09_67_H8,31,25.97916667,23.1,29.4,1,415.4702509
21279,2,G09_67_H8,32,25.39166667,23.1,28.4,1,415.4702509
21280,2,G09_67_H8,33,25.8875,23.4,29.5,1,415.4702509
21281,2,G09_67_H8,34,26.56666667,22.9,32.5,1,415.4702509
21282,2,G09_67_H8,35,27.12916667,23.1,33.2,1,415.4702509
21283,2,G09_67_H9,-2,30.32727273,13.8,32.6,1,426.8097226
21284,2,G09_67_H9,-1,32.275,29.6,34.8,1,426.8097226
21285,2,G09_67_H9,0,33.6875,30.7,34.9,1,426.8097226
21286,2,G09_67_H9,1,33.49166667,32.6,34.6,1,426.8097226
21287,2,G09_67_H9,2,32.70833333,31.7,33.8,1,426.8097226
21288,2,G09_67_H9,3,31.85833333,31,32.9,1,426.8097226
21289,2,G09_67_H9,4,31.31666667,30.3,32.1,1,426.8097226
21290,2,G09_67_H9,5,30.6875,29.3,31.5,1,426.8097226
21291,2,G09_67_H9,6,29.89166667,28.7,30.6,1,426.8097226
21292,2,G09_67_H9,7,29.29166667,28.1,30,1,426.8097226
21293,2,G09_67_H9,8,28.84166667,27.6,29.6,1,426.8097226
21294,2,G09_67_H9,9,28.75,27.7,29.5,1,426.8097226
21295,2,G09_67_H9,10,28.95,27.8,30.4,1,426.8097226
21296,2,G09_67_H9,11,28.14583333,26.8,30.3,1,426.8097226
21297,2,G09_67_H9,12,27.63333333,26.7,28.7,1,426.8097226
21298,2,G09_67_H9,13,27.10416667,26.6,28.5,1,426.8097226
21299,2,G09_67_H9,14,27.04583333,26.3,28.6,1,426.8097226
21300,2,G09_67_H9,15,26.95833333,26.1,28,1,426.8097226
21301,2,G09_67_H9,16,26.68333333,25.8,27.6,1,426.8097226
21302,2,G09_67_H9,17,26.74583333,25.5,28.4,1,426.8097226
21303,2,G09_67_H9,18,26.62916667,25.5,27.8,1,426.8097226
21304,2,G09_67_H9,19,26.77916667,25.3,28.5,1,426.8097226
21305,2,G09_67_H9,20,26.55,25,28.4,1,426.8097226
21306,2,G09_67_H9,21,26.15,25.1,27.3,1,426.8097226
21307,2,G09_67_H9,22,25.60833333,24.4,27.3,1,426.8097226
21308,2,G09_67_H9,23,25.34583333,24.2,26.5,1,426.8097226
21309,2,G09_67_H9,24,25.12916667,24.1,26.4,1,426.8097226
21310,2,G09_67_H9,25,24.9,23.9,26.9,1,426.8097226
21311,2,G09_67_H9,26,25.09166667,23.9,27,1,426.8097226
21312,2,G09_67_H9,27,24.5625,23.5,26.4,1,426.8097226
21313,2,G09_67_H9,28,24.725,23.3,26.6,1,426.8097226
21314,2,G09_67_H9,29,25.6375,23.2,28.6,1,426.8097226
21315,2,G09_67_H9,30,25.98333333,23.1,29.5,1,426.8097226
21316,2,G09_67_H9,31,26.02083333,23.3,29.7,1,426.8097226
21317,2,G09_67_H9,32,25.2125,22.8,28.3,1,426.8097226
21318,2,G09_67_H9,33,25.85833333,23.2,29.9,1,426.8097226
21319,2,G09_67_H9,34,26.5375,22.7,32.8,1,426.8097226
21320,2,G12_68_H1,-2,32.07948718,10.5,34.5,-1,251.9427343
21321,2,G12_68_H1,-1,34.540625,31.7,35.5,-1,251.9427343
21322,2,G12_68_H1,0,34.45416667,26.4,35.5,-1,251.9427343
21323,2,G12_68_H1,1,34.10104167,33,35.5,-1,251.9427343
21324,2,G12_68_H1,2,33.43854167,32,34.8,-1,251.9427343
21325,2,G12_68_H1,3,32.89375,31.8,34.2,-1,251.9427343
21326,2,G12_68_H1,4,32.37083333,30.9,33.4,-1,251.9427343
21327,2,G12_68_H1,5,31.82708333,30.5,32.8,-1,251.9427343
21328,2,G12_68_H1,6,30.96979167,29.8,32.4,-1,251.9427343
21329,2,G12_68_H1,7,30.671875,29.4,31.8,-1,251.9427343
21330,2,G12_68_H1,8,30.04479167,28.8,31.4,-1,251.9427343
21331,2,G12_68_H1,9,29.48645833,28.5,30.8,-1,251.9427343
21332,2,G12_68_H1,10,28.90208333,27.7,30.4,-1,251.9427343
21333,2,G12_68_H1,11,28.57395833,27.1,29.9,-1,251.9427343
21334,2,G12_68_H1,12,28.084375,26.7,29.6,-1,251.9427343
21335,2,G12_68_H1,13,27.66770833,26.2,28.8,-1,251.9427343
21336,2,G12_68_H1,14,27.38541667,25.8,28.5,-1,251.9427343
21337,2,G12_68_H1,15,27.040625,25.4,28,-1,251.9427343
21338,2,G12_68_H1,16,26.82291667,25,28,-1,251.9427343
21339,2,G12_68_H1,17,26.54791667,24.8,27.4,-1,251.9427343
21340,2,G12_68_H1,18,26.00833333,24,27,-1,251.9427343
21341,2,G12_68_H1,19,26.04166667,24.2,27.5,-1,251.9427343
21342,2,G12_68_H1,20,26.109375,24.6,27.5,-1,251.9427343
21343,2,G12_68_H1,21,25.81666667,24.4,27.5,-1,251.9427343
21344,2,G12_68_H1,22,25.6625,24.1,27.9,-1,251.9427343
21345,2,G12_68_H1,23,26.16979167,24,29.4,-1,251.9427343
21346,2,G12_68_H1,24,27.08125,25,31,-1,251.9427343
21347,2,G12_68_H1,25,26.278125,23.8,30.8,-1,251.9427343
21348,2,G12_68_H1,26,24.96979167,23.4,26.8,-1,251.9427343
21349,2,G12_68_H1,27,24.68541667,22.9,26,-1,251.9427343
21350,2,G12_68_H1,28,24.7125,23.4,25.9,-1,251.9427343
21351,2,G12_68_H1,29,24.80520833,22.9,27,-1,251.9427343
21352,2,G12_68_H1,30,24.64270833,22.9,26.4,-1,251.9427343
21353,2,G12_68_H1,31,24.74583333,22.6,27.4,-1,251.9427343
21354,2,G12_68_H1,32,25.05625,23.5,27.1,-1,251.9427343
21355,2,G12_68_H1,33,25.45208333,23.8,27.7,-1,251.9427343
21356,2,G12_68_H1,34,25.59375,23.9,28.9,-1,251.9427343
21357,2,G12_68_H1,35,25.228125,24,26.9,-1,251.9427343
21358,2,G12_68_H10,-2,31.666,12.5,34,0,333.3550495
21359,2,G12_68_H10,-1,34.121875,32.1,35.5,0,333.3550495
21360,2,G12_68_H10,0,34.371875,30,35.5,0,333.3550495
21361,2,G12_68_H10,1,34.1625,32.7,35.4,0,333.3550495
21362,2,G12_68_H10,2,33.58333333,32.5,34.9,0,333.3550495
21363,2,G12_68_H10,3,32.946875,31.8,34.3,0,333.3550495
21364,2,G12_68_H10,4,32.58854167,26.6,33.7,0,333.3550495
21365,2,G12_68_H10,5,31.66145833,30.8,33.2,0,333.3550495
21366,2,G12_68_H10,6,30.85208333,29.6,32.6,0,333.3550495
21367,2,G12_68_H10,7,30.34479167,29.1,31.9,0,333.3550495
21368,2,G12_68_H10,8,29.86875,28.9,31.4,0,333.3550495
21369,2,G12_68_H10,9,29.53645833,28.3,31.1,0,333.3550495
21370,2,G12_68_H10,10,29.08854167,28,30.6,0,333.3550495
21371,2,G12_68_H10,11,28.55208333,27.5,30.2,0,333.3550495
21372,2,G12_68_H10,12,28.26979167,26.9,29.7,0,333.3550495
21373,2,G12_68_H10,13,27.859375,26.6,29.6,0,333.3550495
21374,2,G12_68_H10,14,27.51666667,26.3,29,0,333.3550495
21375,2,G12_68_H10,15,26.98333333,25.5,28.8,0,333.3550495
21376,2,G12_68_H10,16,26.640625,25.4,28.3,0,333.3550495
21377,2,G12_68_H10,17,26.30520833,24.5,28,0,333.3550495
21378,2,G12_68_H10,18,26.56666667,24.6,28.1,0,333.3550495
21379,2,G12_68_H10,19,26.92708333,24.9,28.1,0,333.3550495
21380,2,G12_68_H10,20,26.89791667,24.8,28.4,0,333.3550495
21381,2,G12_68_H10,21,26.7125,24.8,27.7,0,333.3550495
21382,2,G12_68_H10,22,26.91979167,24.6,29.2,0,333.3550495
21383,2,G12_68_H10,23,27.37604167,25.2,30.4,0,333.3550495
21384,2,G12_68_H10,24,26.153125,23.6,31.1,0,333.3550495
21385,2,G12_68_H10,25,24.76041667,23.4,27,0,333.3550495
21386,2,G12_68_H10,26,24.678125,23.4,27,0,333.3550495
21387,2,G12_68_H10,27,24.63958333,23.6,26.7,0,333.3550495
21388,2,G12_68_H10,28,24.67291667,23.3,26.6,0,333.3550495
21389,2,G12_68_H10,29,24.78229167,23.2,26.8,0,333.3550495
21390,2,G12_68_H10,30,25.32058824,23.5,26.9,0,333.3550495
21391,2,G12_68_H10,31,25.27395833,23.3,27,0,333.3550495
21392,2,G12_68_H10,32,25.621875,23.9,27.5,0,333.3550495
21393,2,G12_68_H10,33,25.48333333,23.5,28.1,0,333.3550495
21394,2,G12_68_H10,34,24.70625,23.5,26.5,0,333.3550495
21395,2,G12_68_H10,35,23.79791667,22.7,25.8,0,333.3550495
21396,2,G12_68_H2,-1,34.7375,33.8,35.5,0,287.0536148
21397,2,G12_68_H2,0,34.59895833,28.4,35.5,0,287.0536148
21398,2,G12_68_H2,1,34.31354167,33,35.5,0,287.0536148
21399,2,G12_68_H2,2,33.63854167,32.3,34.9,0,287.0536148
21400,2,G12_68_H2,3,32.95104167,31.8,34.3,0,287.0536148
21401,2,G12_68_H2,4,32.27916667,31.2,33.7,0,287.0536148
21402,2,G12_68_H2,5,31.69895833,30.6,33.1,0,287.0536148
21403,2,G12_68_H2,6,30.871875,30,32.5,0,287.0536148
21404,2,G12_68_H2,7,30.28645833,29.2,31.3,0,287.0536148
21405,2,G12_68_H2,8,30.015625,28.9,31.3,0,287.0536148
21406,2,G12_68_H2,9,29.39166667,28.5,30.6,0,287.0536148
21407,2,G12_68_H2,10,29.14375,27.9,30.4,0,287.0536148
21408,2,G12_68_H2,11,28.578125,27.3,29.9,0,287.0536148
21409,2,G12_68_H2,12,28.08645833,26.9,29.1,0,287.0536148
21410,2,G12_68_H2,13,27.74375,26.2,28.8,0,287.0536148
21411,2,G12_68_H2,14,27.52395833,25.7,28.5,0,287.0536148
21412,2,G12_68_H2,15,27.078125,25.6,27.8,0,287.0536148
21413,2,G12_68_H2,16,26.83020833,25,27.7,0,287.0536148
21414,2,G12_68_H2,17,26.46530612,25.3,27.2,0,287.0536148
21415,2,G12_68_H2,22,24.72,24.5,25.9,0,287.0536148
21416,2,G12_68_H2,23,26.06145833,24.1,29,0,287.0536148
21417,2,G12_68_H2,24,27.07395833,24.9,30.6,0,287.0536148
21418,2,G12_68_H2,25,26.10520833,23.5,30.7,0,287.0536148
21419,2,G12_68_H2,26,24.384375,23.2,26,0,287.0536148
21420,2,G12_68_H2,27,24.14583333,23.1,26,0,287.0536148
21421,2,G12_68_H2,28,24.08645833,23.3,26,0,287.0536148
21422,2,G12_68_H2,29,24.74479167,23.4,27.1,0,287.0536148
21423,2,G12_68_H2,30,24.82604167,23.5,26.8,0,287.0536148
21424,2,G12_68_H2,31,24.73125,23.2,27,0,287.0536148
21425,2,G12_68_H2,32,24.87083333,23.3,26.8,0,287.0536148
21426,2,G12_68_H2,33,25.44166667,24,27.4,0,287.0536148
21427,2,G12_68_H2,34,25.596875,23.9,27.8,0,287.0536148
21428,2,G12_68_H2,35,25.12916667,23.8,26.5,0,287.0536148
21429,2,G12_68_H3,4,31.84923077,31.1,32.9,-1,251.8912598
21430,2,G12_68_H3,5,31.43645833,30.6,32.5,-1,251.8912598
21431,2,G12_68_H3,6,30.78229167,29.8,31.8,-1,251.8912598
21432,2,G12_68_H3,7,30.234375,29.3,31.3,-1,251.8912598
21433,2,G12_68_H3,8,29.83958333,28.7,31,-1,251.8912598
21434,2,G12_68_H3,9,29.38645833,28.3,30.5,-1,251.8912598
21435,2,G12_68_H3,10,29.02291667,27.6,29.9,-1,251.8912598
21436,2,G12_68_H3,11,28.52708333,26.9,29.7,-1,251.8912598
21437,2,G12_68_H3,12,28.021875,26.8,29.2,-1,251.8912598
21438,2,G12_68_H3,13,27.72926829,26.3,28.8,-1,251.8912598
21439,2,G12_68_H3,15,27.12631579,25.3,27.6,-1,251.8912598
21440,2,G12_68_H3,16,26.53958333,24.8,27.6,-1,251.8912598
21441,2,G12_68_H3,17,26.11979167,24.5,27.4,-1,251.8912598
21442,2,G12_68_H3,18,25.3875,24,27.2,-1,251.8912598
21443,2,G12_68_H3,19,25.68229167,24.2,27.4,-1,251.8912598
21444,2,G12_68_H3,20,25.68125,24.6,27.4,-1,251.8912598
21445,2,G12_68_H3,21,25.67708333,24.4,27.5,-1,251.8912598
21446,2,G12_68_H3,22,25.6875,24.2,28,-1,251.8912598
21447,2,G12_68_H3,23,26.26770833,24.2,29.1,-1,251.8912598
21448,2,G12_68_H3,24,27.325,25,30.8,-1,251.8912598
21449,2,G12_68_H3,25,26.225,23.4,31,-1,251.8912598
21450,2,G12_68_H3,26,24.52916667,23,26.1,-1,251.8912598
21451,2,G12_68_H3,27,24.43229167,23.3,25.9,-1,251.8912598
21452,2,G12_68_H3,28,24.24583333,23.4,25.9,-1,251.8912598
21453,2,G12_68_H3,29,24.45729167,23,27,-1,251.8912598
21454,2,G12_68_H3,30,24.18020833,22.7,26.3,-1,251.8912598
21455,2,G12_68_H3,31,24.234375,22.5,26.9,-1,251.8912598
21456,2,G12_68_H3,32,24.38645833,22.6,26.4,-1,251.8912598
21457,2,G12_68_H3,33,25.27604167,23.7,27.4,-1,251.8912598
21458,2,G12_68_H3,34,25.56145833,23.9,28.7,-1,251.8912598
21459,2,G12_68_H3,35,25.18229167,24,27.3,-1,251.8912598
21460,2,G12_68_H4,2,33.72884615,32.1,34.6,0,328.647955
21461,2,G12_68_H4,3,33.78888889,31.6,34.3,0,328.647955
21462,2,G12_68_H4,4,32.42604167,30.9,33.8,0,328.647955
21463,2,G12_68_H4,5,32.02083333,30.5,33,0,328.647955
21464,2,G12_68_H4,6,31.38541667,29.8,32.5,0,328.647955
21465,2,G12_68_H4,7,30.390625,29.2,31.6,0,328.647955
21466,2,G12_68_H4,8,29.93020833,28.6,31.3,0,328.647955
21467,2,G12_68_H4,9,29.334375,28.2,30.8,0,328.647955
21468,2,G12_68_H4,10,28.95520833,28.3,30.4,0,328.647955
21469,2,G12_68_H4,11,28.38854167,27.4,29.6,0,328.647955
21470,2,G12_68_H4,12,27.85208333,26.6,29.1,0,328.647955
21471,2,G12_68_H4,13,27.3625,25.9,29.1,0,328.647955
21472,2,G12_68_H4,14,26.91666667,25.5,28.4,0,328.647955
21473,2,G12_68_H4,15,26.58645833,25.3,28,0,328.647955
21474,2,G12_68_H4,16,26.41351351,25.3,27.7,0,328.647955
21475,2,G12_68_H4,19,26.305,24,27.2,0,328.647955
21476,2,G12_68_H4,20,26.32708333,24.2,27.2,0,328.647955
21477,2,G12_68_H4,21,26.15208333,24.3,27.3,0,328.647955
21478,2,G12_68_H4,22,25.846875,24.1,27.2,0,328.647955
21479,2,G12_68_H4,23,26.30729167,23.9,28.7,0,328.647955
21480,2,G12_68_H4,24,27.20104167,24.9,30.3,0,328.647955
21481,2,G12_68_H4,25,25.95208333,23.4,30.4,0,328.647955
21482,2,G12_68_H4,26,24.125,23.1,26.2,0,328.647955
21483,2,G12_68_H4,27,24.20416667,23.1,26.3,0,328.647955
21484,2,G12_68_H4,28,24.18020833,23.3,26,0,328.647955
21485,2,G12_68_H4,29,24.303125,23.1,26.4,0,328.647955
21486,2,G12_68_H4,30,24.115625,22.7,26.1,0,328.647955
21487,2,G12_68_H4,31,24.37708333,22.4,26.5,0,328.647955
21488,2,G12_68_H4,32,24.69270833,22.7,26.6,0,328.647955
21489,2,G12_68_H4,33,25.48645833,23.6,27.2,0,328.647955
21490,2,G12_68_H4,34,25.73645833,23.8,27.9,0,328.647955
21491,2,G12_68_H4,35,25.059375,23.8,26.6,0,328.647955
21492,2,G12_68_H5,-2,31.72820513,14,34.2,-1,229.1461288
21493,2,G12_68_H5,-1,34.58020833,32.1,35.5,-1,229.1461288
21494,2,G12_68_H5,0,34.55625,28.8,35.5,-1,229.1461288
21495,2,G12_68_H5,1,34.21979167,33.1,35.4,-1,229.1461288
21496,2,G12_68_H5,2,33.30416667,32.2,34.6,-1,229.1461288
21497,2,G12_68_H5,3,32.82678571,31.8,33.9,-1,229.1461288
21498,2,G12_68_H5,4,32.06458333,31.1,33.8,-1,229.1461288
21499,2,G12_68_H5,5,31.75729167,30.3,33.4,-1,229.1461288
21500,2,G12_68_H5,6,31.103125,29.9,32.3,-1,229.1461288
21501,2,G12_68_H5,7,30.371875,29.3,31.5,-1,229.1461288
21502,2,G12_68_H5,8,29.628125,28.9,31.4,-1,229.1461288
21503,2,G12_68_H5,9,29.440625,28.4,30.9,-1,229.1461288
21504,2,G12_68_H5,10,29.10520833,27.8,30.3,-1,229.1461288
21505,2,G12_68_H5,11,28.49791667,27.4,29.9,-1,229.1461288
21506,2,G12_68_H5,12,28.0875,26.6,29.2,-1,229.1461288
21507,2,G12_68_H5,13,27.77604167,26,28.7,-1,229.1461288
21508,2,G12_68_H5,14,27.590625,26,28.4,-1,229.1461288
21509,2,G12_68_H5,15,27.31666667,25.8,28.3,-1,229.1461288
21510,2,G12_68_H5,16,26.95104167,25.3,28.1,-1,229.1461288
21511,2,G12_68_H5,17,26.63333333,25.3,28,-1,229.1461288
21512,2,G12_68_H5,18,26.1625,24.6,27.7,-1,229.1461288
21513,2,G12_68_H5,19,26.18229167,24.8,27.4,-1,229.1461288
21514,2,G12_68_H5,20,26.128125,24.8,27.9,-1,229.1461288
21515,2,G12_68_H5,21,26.00104167,24.7,27.5,-1,229.1461288
21516,2,G12_68_H5,22,26.00416667,24.8,27.8,-1,229.1461288
21517,2,G12_68_H5,23,26.63020833,24.7,29,-1,229.1461288
21518,2,G12_68_H5,24,27.58958333,25.5,30.4,-1,229.1461288
21519,2,G12_68_H5,25,26.61979167,24.3,30.4,-1,229.1461288
21520,2,G12_68_H5,26,25.6875,23.5,26.8,-1,229.1461288
21521,2,G12_68_H5,27,26.19375,24.2,26.9,-1,229.1461288
21522,2,G12_68_H5,28,26.29375,24.6,27.1,-1,229.1461288
21523,2,G12_68_H5,31,25.79423077,24,26.9,-1,229.1461288
21524,2,G12_68_H5,32,25.45104167,23.5,26.7,-1,229.1461288
21525,2,G12_68_H5,33,25.50729167,24,27,-1,229.1461288
21526,2,G12_68_H5,34,25.58854167,24,27.5,-1,229.1461288
21527,2,G12_68_H5,35,25.16875,24.1,26.5,-1,229.1461288
21528,2,G12_68_H6,2,33.76705882,32.3,35.1,-1,221.7496408
21529,2,G12_68_H6,3,32.95520833,31.8,34.3,-1,221.7496408
21530,2,G12_68_H6,4,32.56875,31.3,34,-1,221.7496408
21531,2,G12_68_H6,5,31.72291667,30.7,33.2,-1,221.7496408
21532,2,G12_68_H6,6,30.94583333,29.6,32.3,-1,221.7496408
21533,2,G12_68_H6,7,30.44166667,29.2,31.7,-1,221.7496408
21534,2,G12_68_H6,8,29.92083333,28.7,31.4,-1,221.7496408
21535,2,G12_68_H6,9,29.49375,28.2,30.7,-1,221.7496408
21536,2,G12_68_H6,10,29.04791667,27.7,30.1,-1,221.7496408
21537,2,G12_68_H6,11,28.721875,27.3,29.7,-1,221.7496408
21538,2,G12_68_H6,12,28.353125,26.7,29.3,-1,221.7496408
21539,2,G12_68_H6,13,27.971875,26.2,29,-1,221.7496408
21540,2,G12_68_H6,14,27.61041667,25.8,28.4,-1,221.7496408
21541,2,G12_68_H6,15,27.253125,25.5,28.4,-1,221.7496408
21542,2,G12_68_H6,16,27,25.6,27.8,-1,221.7496408
21543,2,G12_68_H6,19,26.10384615,25.2,27.6,-1,221.7496408
21544,2,G12_68_H6,20,25.921875,24.6,27.7,-1,221.7496408
21545,2,G12_68_H6,21,25.90208333,24.4,27.8,-1,221.7496408
21546,2,G12_68_H6,22,26.40416667,24.5,28.9,-1,221.7496408
21547,2,G12_68_H6,23,27.2875,25.4,30.7,-1,221.7496408
21548,2,G12_68_H6,24,26.584375,24.2,30.9,-1,221.7496408
21549,2,G12_68_H6,25,25.42916667,24,27.1,-1,221.7496408
21550,2,G12_68_H6,26,25.51458333,24,26.7,-1,221.7496408
21551,2,G12_68_H6,27,25.725,24.3,27,-1,221.7496408
21552,2,G12_68_H6,29,25.17,24,26.5,-1,221.7496408
21553,2,G12_68_H6,30,25.19375,23.5,27.1,-1,221.7496408
21554,2,G12_68_H6,31,25.153125,23.6,27,-1,221.7496408
21555,2,G12_68_H6,32,25.35104167,24.1,27.2,-1,221.7496408
21556,2,G12_68_H6,33,25.51979167,23.8,28,-1,221.7496408
21557,2,G12_68_H6,34,25.228125,24.2,26.8,-1,221.7496408
21558,2,G12_68_H7,-2,32.312,12.1,34.5,0,330.5500839
21559,2,G12_68_H7,-1,34.15104167,32.2,35.5,0,330.5500839
21560,2,G12_68_H7,0,34.521875,27.8,35.5,0,330.5500839
21561,2,G12_68_H7,1,34.24375,33,35.5,0,330.5500839
21562,2,G12_68_H7,2,33.60833333,32.3,34.8,0,330.5500839
21563,2,G12_68_H7,3,32.67916667,31.6,34.3,0,330.5500839
21564,2,G12_68_H7,4,32.359375,31.2,33.5,0,330.5500839
21565,2,G12_68_H7,5,31.66145833,30.6,33.1,0,330.5500839
21566,2,G12_68_H7,6,31.10208333,29.4,32.2,0,330.5500839
21567,2,G12_68_H7,7,30.45104167,29.1,31.8,0,330.5500839
21568,2,G12_68_H7,8,30.14583333,28.7,31.6,0,330.5500839
21569,2,G12_68_H7,9,29.58645833,27.9,31.1,0,330.5500839
21570,2,G12_68_H7,10,29.26979167,27.6,30.5,0,330.5500839
21571,2,G12_68_H7,11,28.67604167,27.2,30.3,0,330.5500839
21572,2,G12_68_H7,12,28.334375,26.6,29.8,0,330.5500839
21573,2,G12_68_H7,13,27.85729167,26.1,29.2,0,330.5500839
21574,2,G12_68_H7,14,27.47604167,25.8,28.7,0,330.5500839
21575,2,G12_68_H7,15,27.13645833,25.5,28.6,0,330.5500839
21576,2,G12_68_H7,16,26.75625,25.6,28.2,0,330.5500839
21577,2,G12_68_H7,18,26.02727273,24.9,27.7,0,330.5500839
21578,2,G12_68_H7,19,26.21145833,25,28,0,330.5500839
21579,2,G12_68_H7,20,25.92604167,24.9,27.9,0,330.5500839
21580,2,G12_68_H7,21,25.85520833,24.7,27.5,0,330.5500839
21581,2,G12_68_H7,22,26.25729167,24.5,28.5,0,330.5500839
21582,2,G12_68_H7,23,27.05416667,25.2,30.3,0,330.5500839
21583,2,G12_68_H7,24,26.08854167,23.8,30.1,0,330.5500839
21584,2,G12_68_H7,25,24.66979167,23.4,26.4,0,330.5500839
21585,2,G12_68_H7,26,24.653125,23.5,26.4,0,330.5500839
21586,2,G12_68_H7,27,24.4875,23.7,26.3,0,330.5500839
21587,2,G12_68_H7,28,24.20526316,23.3,25.9,0,330.5500839
21588,2,G12_68_H7,29,24.23645833,23.1,26.2,0,330.5500839
21589,2,G12_68_H7,30,24.275,22.7,26.5,0,330.5500839
21590,2,G12_68_H7,31,24.53229167,22.9,26.2,0,330.5500839
21591,2,G12_68_H7,32,25.10416667,23.5,26.8,0,330.5500839
21592,2,G12_68_H7,33,25.55833333,23.7,27.4,0,330.5500839
21593,2,G12_68_H7,34,25.25416667,23.8,26.4,0,330.5500839
21594,2,G12_68_H8,-2,31.866,11.1,34.3,0,316.1663648
21595,2,G12_68_H8,-1,34.15520833,31.8,35.5,0,316.1663648
21596,2,G12_68_H8,0,34.35104167,27.7,35.5,0,316.1663648
21597,2,G12_68_H8,1,33.996875,32.7,35.5,0,316.1663648
21598,2,G12_68_H8,2,33.46875,32.1,35,0,316.1663648
21599,2,G12_68_H8,3,32.65520833,31.5,34.5,0,316.1663648
21600,2,G12_68_H8,4,32.06041667,31.1,33.8,0,316.1663648
21601,2,G12_68_H8,5,31.60729167,30.4,33.2,0,316.1663648
21602,2,G12_68_H8,6,31.20625,29.3,32.5,0,316.1663648
21603,2,G12_68_H8,7,30.34166667,29.1,32,0,316.1663648
21604,2,G12_68_H8,8,30.0875,28.6,31.4,0,316.1663648
21605,2,G12_68_H8,9,29.64270833,28.3,31.1,0,316.1663648
21606,2,G12_68_H8,10,28.98541667,27.7,30.6,0,316.1663648
21607,2,G12_68_H8,11,28.75416667,27.2,30,0,316.1663648
21608,2,G12_68_H8,12,28.26979167,26.7,29.6,0,316.1663648
21609,2,G12_68_H8,13,28.01145833,26.5,29.5,0,316.1663648
21610,2,G12_68_H8,14,27.68020833,26.2,28.9,0,316.1663648
21611,2,G12_68_H8,15,27.284375,25.7,28.5,0,316.1663648
21612,2,G12_68_H8,16,26.98461538,26,28.4,0,316.1663648
21613,2,G12_68_H8,19,26.44891304,25.4,28.2,0,316.1663648
21614,2,G12_68_H8,20,26.22604167,25.2,27.9,0,316.1663648
21615,2,G12_68_H8,21,26.253125,25.2,28,0,316.1663648
21616,2,G12_68_H8,22,26.56666667,25.2,28.5,0,316.1663648
21617,2,G12_68_H8,23,27.359375,25.7,30.1,0,316.1663648
21618,2,G12_68_H8,24,26.66354167,24.3,30.1,0,316.1663648
21619,2,G12_68_H8,25,25.82708333,23.9,27,0,316.1663648
21620,2,G12_68_H8,26,26.27291667,24.3,27.2,0,316.1663648
21621,2,G12_68_H8,27,26.3125,24.4,26.8,0,316.1663648
21622,2,G12_68_H8,30,25.27368421,24.1,26.1,0,316.1663648
21623,2,G12_68_H8,31,25.46875,23.8,26.8,0,316.1663648
21624,2,G12_68_H8,32,25.53333333,24.4,27.1,0,316.1663648
21625,2,G12_68_H8,33,25.54375,24.1,27.5,0,316.1663648
21626,2,G12_68_H8,34,25.1,24.2,26.7,0,316.1663648
21627,2,G12_68_H8,35,24.08958333,22.9,25.6,0,316.1663648
21628,2,G12_68_H9,13,28.0025974,26.4,28.9,0,294.3435386
21629,2,G12_68_H9,14,27.834375,26.1,28.8,0,294.3435386
21630,2,G12_68_H9,15,27.33958333,25.6,28.6,0,294.3435386
21631,2,G12_68_H9,16,27.11770833,25.4,28.1,0,294.3435386
21632,2,G12_68_H9,17,26.77395833,24.7,27.5,0,294.3435386
21633,2,G12_68_H9,18,26.93636364,25,27.9,0,294.3435386
21634,2,G12_68_H9,21,25.3,24.7,26.4,0,294.3435386
21635,2,G12_68_H9,22,26.31041667,24.6,29.1,0,294.3435386
21636,2,G12_68_H9,23,27.10520833,25.2,30.6,0,294.3435386
21637,2,G12_68_H9,24,26.121875,24,30.9,0,294.3435386
21638,2,G12_68_H9,25,24.93333333,23.4,26.8,0,294.3435386
21639,2,G12_68_H9,26,25.253125,23.9,26.4,0,294.3435386
21640,2,G12_68_H9,27,25.4,23.7,26.5,0,294.3435386
21641,2,G12_68_H9,28,26.09375,23.5,28.3,0,294.3435386
21642,2,G12_68_H9,29,25.8,24.1,26.2,0,294.3435386
21643,2,G12_68_H9,30,26.12941176,23.8,27.4,0,294.3435386
21644,2,G12_68_H9,31,25.69479167,23.8,27.2,0,294.3435386
21645,2,G12_68_H9,32,25.68958333,24,27.6,0,294.3435386
21646,2,G12_68_H9,33,25.72083333,23.6,28.1,0,294.3435386
21647,2,G12_68_H9,34,25.33229167,24,26.6,0,294.3435386
21648,2,G13_68_H2,35,24.45,24.3,24.7,0,310.833497
21649,2,G13_68_H5,-1,33,10.5,35,0,278.9101003
21650,2,G13_68_H5,0,33.87916667,30,35,0,278.9101003
21651,2,G13_68_H5,1,33.54166667,32.6,34.6,0,278.9101003
21652,2,G13_68_H5,2,33.15416667,31.9,34.3,0,278.9101003
21653,2,G13_68_H5,3,32.29583333,31.2,33.5,0,278.9101003
21654,2,G13_68_H5,4,31.8875,29.8,33,0,278.9101003
21655,2,G13_68_H5,5,30.84166667,29.8,32.4,0,278.9101003
21656,2,G13_68_H5,6,30.2125,29.2,31.6,0,278.9101003
21657,2,G13_68_H5,7,29.7625,29,30.9,0,278.9101003
21658,2,G13_68_H5,8,29.38333333,28.5,30.4,0,278.9101003
21659,2,G13_68_H5,9,28.97083333,28.2,29.8,0,278.9101003
21660,2,G13_68_H5,10,28.5625,27.9,29.4,0,278.9101003
21661,2,G13_68_H5,11,28.20909091,27.3,28.9,0,278.9101003
21662,2,G13_68_H5,12,27.79791667,26.8,28.8,0,278.9101003
21663,2,G13_68_H5,13,27.3375,26.6,28.4,0,278.9101003
21664,2,G13_68_H5,14,27.075,26.1,28,0,278.9101003
21665,2,G13_68_H5,15,26.60694444,25.7,27.6,0,278.9101003
21666,2,G13_68_H5,16,26.25277778,25.3,27.1,0,278.9101003
21667,2,G13_68_H5,17,25.84930556,24.9,26.8,0,278.9101003
21668,2,G13_68_H5,18,25.54236111,24.5,26.6,0,278.9101003
21669,2,G13_68_H5,19,25.10347222,24.2,26.1,0,278.9101003
21670,2,G13_68_H5,20,25.07777778,23.9,26.1,0,278.9101003
21671,2,G13_68_H5,21,25.23055556,24.1,26.5,0,278.9101003
21672,2,G13_68_H5,22,25.60972222,24,27.4,0,278.9101003
21673,2,G13_68_H5,23,26.20347222,24.7,28.2,0,278.9101003
21674,2,G13_68_H5,24,26.56180556,24.5,29.2,0,278.9101003
21675,2,G13_68_H5,25,27.55,25.2,30.8,0,278.9101003
21676,2,G13_68_H5,26,26.26875,23.8,30.5,0,278.9101003
21677,2,G13_68_H5,27,24.80833333,23.8,25.7,0,278.9101003
21678,2,G13_68_H5,28,24.75972222,23.8,25.7,0,278.9101003
21679,2,G13_68_H5,29,24.77361111,23.7,25.7,0,278.9101003
21680,2,G13_68_H5,30,24.97638889,23.4,26.3,0,278.9101003
21681,2,G13_68_H5,31,24.72777778,23.5,25.8,0,278.9101003
21682,2,G13_68_H5,32,25.03541667,23.5,26.8,0,278.9101003
21683,2,G13_68_H5,33,24.68958333,23.4,26.1,0,278.9101003
21684,2,G13_68_H5,34,24.98819444,23.4,27.1,0,278.9101003
21685,2,G13_68_H5,35,24.88541667,23.3,27.8,0,278.9101003
21686,2,G13_68_H9,15,26.37575758,25.7,27.1,0,340.5077277
21687,2,G13_68_H9,16,26.15694444,25.4,27.2,0,340.5077277
21688,2,G13_68_H9,17,25.92013889,25.2,26.6,0,340.5077277
21689,2,G13_68_H9,18,25.45208333,24.4,26.3,0,340.5077277
21690,2,G13_68_H9,19,25.32083333,24.5,26.8,0,340.5077277
21691,2,G13_68_H9,20,25.49513889,24.5,26.6,0,340.5077277
21692,2,G13_68_H9,21,25.85347222,24.7,27.2,0,340.5077277
21693,2,G13_68_H9,22,26.32222222,25.1,28,0,340.5077277
21694,2,G13_68_H9,23,27.00555556,25.3,29.4,0,340.5077277
21695,2,G13_68_H9,24,27.59652778,25.9,30.4,0,340.5077277
21696,2,G13_68_H9,25,26.41736111,24.4,30.1,0,340.5077277
21697,2,G13_68_H9,26,24.87986111,24.2,25.9,0,340.5077277
21698,2,G13_68_H9,27,24.52361111,23.7,25.4,0,340.5077277
21699,2,G13_68_H9,28,24.63472222,23.4,25.5,0,340.5077277
21700,2,G13_68_H9,29,24.79027778,23.5,26.5,0,340.5077277
21701,2,G13_68_H9,30,24.58541667,23.2,26,0,340.5077277
21702,2,G13_68_H9,31,25.11944444,23.6,27,0,340.5077277
21703,2,G13_68_H9,32,24.92986111,23.6,26.4,0,340.5077277
21704,2,G13_68_H9,33,25.55347222,23.9,27.6,0,340.5077277
21705,2,G13_68_H9,34,25.60138889,23.7,28.2,0,340.5077277
21706,2,G14_66_H1,-1,34.35,15.4,35.5,-1,243.6587072
21707,2,G14_66_H1,0,33.95625,27.4,35.5,-1,243.6587072
21708,2,G14_66_H1,1,33.92708333,32.5,35.2,-1,243.6587072
21709,2,G14_66_H1,2,33.32291667,32,34.6,-1,243.6587072
21710,2,G14_66_H1,3,32.78125,31.2,34,-1,243.6587072
21711,2,G14_66_H1,4,31.74166667,30.2,33.3,-1,243.6587072
21712,2,G14_66_H1,5,31.13541667,29.7,32.5,-1,243.6587072
21713,2,G14_66_H1,6,30.29583333,29.1,31.9,-1,243.6587072
21714,2,G14_66_H1,7,30.06875,28.9,31.3,-1,243.6587072
21715,2,G14_66_H1,8,29.60833333,28.6,31,-1,243.6587072
21716,2,G14_66_H1,9,29.24791667,28.2,30.7,-1,243.6587072
21717,2,G14_66_H1,10,28.87291667,27.5,30.3,-1,243.6587072
21718,2,G14_66_H1,11,28.64375,27.3,30.2,-1,243.6587072
21719,2,G14_66_H1,12,28.38333333,26.5,32.4,-1,243.6587072
21720,2,G14_66_H1,13,27.725,26.2,29.1,-1,243.6587072
21721,2,G14_66_H1,14,27.01666667,26,28.2,-1,243.6587072
21722,2,G14_66_H1,15,26.8375,25.5,27.8,-1,243.6587072
21723,2,G14_66_H1,16,26.43125,25.1,27.5,-1,243.6587072
21724,2,G14_66_H1,17,25.775,24.9,26.9,-1,243.6587072
21725,2,G14_66_H1,18,25.2875,24.4,26.5,-1,243.6587072
21726,2,G14_66_H1,19,25.28333333,24.4,26.3,-1,243.6587072
21727,2,G14_66_H1,20,24.90625,23.6,25.8,-1,243.6587072
21728,2,G14_66_H1,21,25.29375,23.7,26.8,-1,243.6587072
21729,2,G14_66_H1,22,25.22708333,23.5,27.9,-1,243.6587072
21730,2,G14_66_H1,23,25.4625,23.8,28.6,-1,243.6587072
21731,2,G14_66_H1,24,25.91666667,24.2,28.2,-1,243.6587072
21732,2,G14_66_H1,25,26.50416667,24.5,29.1,-1,243.6587072
21733,2,G14_66_H1,26,27.15208333,25.1,31,-1,243.6587072
21734,2,G14_66_H1,27,26.10833333,24,30.7,-1,243.6587072
21735,2,G14_66_H1,28,25.03541667,23.8,26.2,-1,243.6587072
21736,2,G14_66_H1,29,24.7125,23.6,26,-1,243.6587072
21737,2,G14_66_H1,30,24.83333333,23.7,26.2,-1,243.6587072
21738,2,G14_66_H1,31,24.86666667,23.4,26,-1,243.6587072
21739,2,G14_66_H1,32,24.75,23.2,25.7,-1,243.6587072
21740,2,G14_66_H1,33,24.525,23,25.8,-1,243.6587072
21741,2,G14_66_H1,34,23.99166667,22.9,25.1,-1,243.6587072
21742,2,G14_66_H2,-1,35.06818182,15.9,35.5,-1,175.2610422
21743,2,G14_66_H2,0,34.12083333,27.2,35.5,-1,175.2610422
21744,2,G14_66_H2,1,33.91875,32.4,35.3,-1,175.2610422
21745,2,G14_66_H2,2,33.33541667,31.8,34.7,-1,175.2610422
21746,2,G14_66_H2,3,32.725,31.2,34.1,-1,175.2610422
21747,2,G14_66_H2,4,31.50833333,30.2,33.4,-1,175.2610422
21748,2,G14_66_H2,5,30.98125,29.8,32.4,-1,175.2610422
21749,2,G14_66_H2,6,30.58333333,29.3,32,-1,175.2610422
21750,2,G14_66_H2,7,30.26041667,28.7,31.6,-1,175.2610422
21751,2,G14_66_H2,8,29.63541667,28.6,31.3,-1,175.2610422
21752,2,G14_66_H2,9,29.55416667,28.1,31.1,-1,175.2610422
21753,2,G14_66_H2,10,29.47083333,27.4,30.6,-1,175.2610422
21754,2,G14_66_H2,11,28.4375,27.4,30.6,-1,175.2610422
21755,2,G14_66_H2,12,27.91875,26.6,30,-1,175.2610422
21756,2,G14_66_H2,13,27.69166667,26.6,29.1,-1,175.2610422
21757,2,G14_66_H2,14,27.10625,26.1,28.4,-1,175.2610422
21758,2,G14_66_H2,15,26.71458333,25.5,27.9,-1,175.2610422
21759,2,G14_66_H2,16,26.58541667,25.3,27.6,-1,175.2610422
21760,2,G14_66_H2,17,26.27291667,25.1,27.2,-1,175.2610422
21761,2,G14_66_H2,18,25.81666667,24.6,26.8,-1,175.2610422
21762,2,G14_66_H2,19,25.50625,24.6,27,-1,175.2610422
21763,2,G14_66_H2,20,24.84166667,24.1,26.7,-1,175.2610422
21764,2,G14_66_H2,21,25.11458333,24,26.6,-1,175.2610422
21765,2,G14_66_H2,22,25.29375,24.1,27.4,-1,175.2610422
21766,2,G14_66_H2,23,26.01666667,24.1,28.5,-1,175.2610422
21767,2,G14_66_H2,24,26.24583333,24.8,28.2,-1,175.2610422
21768,2,G14_66_H2,25,26.5375,24.6,29.1,-1,175.2610422
21769,2,G14_66_H2,26,27.30208333,25.3,30.8,-1,175.2610422
21770,2,G14_66_H2,27,26.22708333,24.3,30.7,-1,175.2610422
21771,2,G14_66_H2,28,25.70208333,24.2,26.7,-1,175.2610422
21772,2,G14_66_H2,29,25.50625,24.1,26.5,-1,175.2610422
21773,2,G14_66_H2,30,25.18333333,24.3,26.2,-1,175.2610422
21774,2,G14_66_H2,31,24.81458333,23.6,26,-1,175.2610422
21775,2,G14_66_H2,32,24.50833333,23,25.6,-1,175.2610422
21776,2,G14_66_H2,33,24.4375,22.7,25.5,-1,175.2610422
21777,2,G14_66_H3,-1,34.91785714,12.1,35.5,-1,259.6187447
21778,2,G14_66_H3,0,34.71875,29.1,35.5,-1,259.6187447
21779,2,G14_66_H3,1,34.11458333,32.6,35.5,-1,259.6187447
21780,2,G14_66_H3,2,33.76458333,32,35.1,-1,259.6187447
21781,2,G14_66_H3,3,32.72708333,27.9,34.3,-1,259.6187447
21782,2,G14_66_H3,4,32.51666667,30.8,33.9,-1,259.6187447
21783,2,G14_66_H3,5,31.79166667,30.1,33.1,-1,259.6187447
21784,2,G14_66_H3,6,30.9625,29.3,32.7,-1,259.6187447
21785,2,G14_66_H3,7,30.72083333,29.1,32,-1,259.6187447
21786,2,G14_66_H3,8,30.47916667,28.4,31.8,-1,259.6187447
21787,2,G14_66_H3,9,29.70208333,28.1,31.3,-1,259.6187447
21788,2,G14_66_H3,10,29.77083333,27.6,31,-1,259.6187447
21789,2,G14_66_H3,11,28.73958333,27,30.9,-1,259.6187447
21790,2,G14_66_H3,12,28.28958333,26.8,29.7,-1,259.6187447
21791,2,G14_66_H3,13,27.86458333,26.4,29.2,-1,259.6187447
21792,2,G14_66_H3,14,27.39791667,25.7,28.8,-1,259.6187447
21793,2,G14_66_H3,15,26.95208333,25.1,28.4,-1,259.6187447
21794,2,G14_66_H3,16,26.51875,25.4,28,-1,259.6187447
21795,2,G14_66_H3,17,26.09375,25.1,27.5,-1,259.6187447
21796,2,G14_66_H3,18,25.86875,24.7,27.2,-1,259.6187447
21797,2,G14_66_H3,19,25.49583333,23.8,26.6,-1,259.6187447
21798,2,G14_66_H3,20,25.59791667,24.2,26.9,-1,259.6187447
21799,2,G14_66_H3,21,25.48125,24.2,27.3,-1,259.6187447
21800,2,G14_66_H3,22,25.84583333,24.2,27.9,-1,259.6187447
21801,2,G14_66_H3,23,26.26875,23.4,32.1,-1,259.6187447
21802,2,G14_66_H3,24,26.71666667,24.7,28.9,-1,259.6187447
21803,2,G14_66_H3,25,27.2125,25.3,30.4,-1,259.6187447
21804,2,G14_66_H3,26,26.25,24.3,30.5,-1,259.6187447
21805,2,G14_66_H3,27,25.61458333,24.1,26.6,-1,259.6187447
21806,2,G14_66_H3,28,25.48541667,24.3,26.4,-1,259.6187447
21807,2,G14_66_H3,29,25.28333333,24.1,26.4,-1,259.6187447
21808,2,G14_66_H3,30,25.02291667,23.6,26.2,-1,259.6187447
21809,2,G14_66_H3,31,24.83333333,23.4,25.9,-1,259.6187447
21810,2,G14_66_H3,32,24.77083333,23.3,25.7,-1,259.6187447
21811,2,G14_66_H3,33,24.67708333,23.3,25.9,-1,259.6187447
21812,2,G14_66_H4,1,34.61489362,33.3,35.5,-1,259.2923041
21813,2,G14_66_H4,2,34.01875,32.7,35.3,-1,259.2923041
21814,2,G14_66_H4,3,33.34791667,31.9,34.8,-1,259.2923041
21815,2,G14_66_H4,4,32.58333333,30.9,34,-1,259.2923041
21816,2,G14_66_H4,5,31.89583333,30.5,33.2,-1,259.2923041
21817,2,G14_66_H4,6,31.28958333,29.7,32.6,-1,259.2923041
21818,2,G14_66_H4,7,30.76458333,29.4,32.2,-1,259.2923041
21819,2,G14_66_H4,8,30.26666667,29.1,31.7,-1,259.2923041
21820,2,G14_66_H4,9,29.83958333,28.4,31.3,-1,259.2923041
21821,2,G14_66_H4,10,29.5375,27.9,31.1,-1,259.2923041
21822,2,G14_66_H4,11,28.99791667,27.7,30.4,-1,259.2923041
21823,2,G14_66_H4,12,28.51875,27.2,30.2,-1,259.2923041
21824,2,G14_66_H4,13,27.82291667,26.8,29.1,-1,259.2923041
21825,2,G14_66_H4,14,27.30625,26.4,28.7,-1,259.2923041
21826,2,G14_66_H4,15,27.08541667,25.6,27.9,-1,259.2923041
21827,2,G14_66_H4,16,26.61041667,25.7,27.6,-1,259.2923041
21828,2,G14_66_H4,17,26.11458333,25.4,27.4,-1,259.2923041
21829,2,G14_66_H4,18,25.825,24.8,27,-1,259.2923041
21830,2,G14_66_H4,19,25.60416667,24.5,26.8,-1,259.2923041
21831,2,G14_66_H4,20,25.10625,24,26.1,-1,259.2923041
21832,2,G14_66_H4,21,25.60625,24.3,27.2,-1,259.2923041
21833,2,G14_66_H4,22,25.70208333,24.2,28.2,-1,259.2923041
21834,2,G14_66_H4,23,26.11458333,24.3,29.1,-1,259.2923041
21835,2,G14_66_H4,24,26.13541667,24.6,28.5,-1,259.2923041
21836,2,G14_66_H4,25,26.7625,24.6,29.5,-1,259.2923041
21837,2,G14_66_H4,26,27.71458333,25.3,31.1,-1,259.2923041
21838,2,G14_66_H4,27,26.50416667,24.3,31.3,-1,259.2923041
21839,2,G14_66_H4,28,25.13958333,24.3,26,-1,259.2923041
21840,2,G14_66_H4,29,24.90208333,24,26.2,-1,259.2923041
21841,2,G14_66_H4,30,25.05,24.3,26.4,-1,259.2923041
21842,2,G14_66_H4,31,24.86875,23.5,26.2,-1,259.2923041
21843,2,G14_66_H4,32,24.65208333,23.5,25.6,-1,259.2923041
21844,2,G14_66_H4,33,24.62708333,23.1,26,-1,259.2923041
21845,2,G14_66_H4,34,24.44583333,23.4,25.4,-1,259.2923041
21846,2,G14_66_H5,-1,33.94761905,13.3,35.5,-1,257.021613
21847,2,G14_66_H5,0,34.425,26.7,35.5,-1,257.021613
21848,2,G14_66_H5,1,34.67083333,33.4,35.5,-1,257.021613
21849,2,G14_66_H5,2,34.14166667,32.6,35.5,-1,257.021613
21850,2,G14_66_H5,3,33.35625,31.8,34.7,-1,257.021613
21851,2,G14_66_H5,4,32.3375,31,34,-1,257.021613
21852,2,G14_66_H5,5,31.8125,30.3,33.2,-1,257.021613
21853,2,G14_66_H5,6,31.11875,29.9,32.7,-1,257.021613
21854,2,G14_66_H5,7,30.7125,29.6,32.1,-1,257.021613
21855,2,G14_66_H5,8,30.28125,29.4,31.9,-1,257.021613
21856,2,G14_66_H5,9,30.15416667,28.5,31.5,-1,257.021613
21857,2,G14_66_H5,10,29.48125,28,31.3,-1,257.021613
21858,2,G14_66_H5,11,29.27291667,27.9,30.9,-1,257.021613
21859,2,G14_66_H5,12,28.62083333,27.2,30.4,-1,257.021613
21860,2,G14_66_H5,13,28.05416667,26.9,29.3,-1,257.021613
21861,2,G14_66_H5,14,27.48958333,26.5,28.8,-1,257.021613
21862,2,G14_66_H5,15,27.10416667,26.2,28.4,-1,257.021613
21863,2,G14_66_H5,16,26.88333333,25.8,28,-1,257.021613
21864,2,G14_66_H5,17,26.5625,25.5,28.1,-1,257.021613
21865,2,G14_66_H5,18,26.12916667,25.1,27.3,-1,257.021613
21866,2,G14_66_H5,19,25.89583333,24.5,27,-1,257.021613
21867,2,G14_66_H5,20,25.28125,24,26.6,-1,257.021613
21868,2,G14_66_H5,21,25.40625,24.2,27,-1,257.021613
21869,2,G14_66_H5,22,25.46041667,24.3,27,-1,257.021613
21870,2,G14_66_H5,23,26.17708333,24.4,28.2,-1,257.021613
21871,2,G14_66_H5,24,26.49166667,25,28.3,-1,257.021613
21872,2,G14_66_H5,25,26.73541667,25,28.9,-1,257.021613
21873,2,G14_66_H5,26,27.54375,25.7,30.7,-1,257.021613
21874,2,G14_66_H5,27,26.53541667,24.5,30.7,-1,257.021613
21875,2,G14_66_H5,28,25.70208333,24.8,26.7,-1,257.021613
21876,2,G14_66_H5,29,25.50833333,24.6,26.3,-1,257.021613
21877,2,G14_66_H5,30,25.45,24.3,26.3,-1,257.021613
21878,2,G14_66_H5,31,25.11666667,24.1,26.2,-1,257.021613
21879,2,G14_66_H5,32,24.7625,23.9,25.9,-1,257.021613
21880,2,G14_66_H5,33,24.72083333,23.5,25.9,-1,257.021613
21881,2,G14_66_H5,34,24.62291667,23.5,25.5,-1,257.021613
21882,2,G14_66_H6,-1,34.53043478,11.8,35.5,-1,250.1576663
21883,2,G14_66_H6,0,34.34583333,28.4,35.5,-1,250.1576663
21884,2,G14_66_H6,1,34.62708333,33,35.5,-1,250.1576663
21885,2,G14_66_H6,2,33.94166667,32.5,35.2,-1,250.1576663
21886,2,G14_66_H6,3,33.44583333,28,34.7,-1,250.1576663
21887,2,G14_66_H6,4,32.74791667,31.2,34.1,-1,250.1576663
21888,2,G14_66_H6,5,32.04583333,30.5,33.3,-1,250.1576663
21889,2,G14_66_H6,6,31.36041667,29.9,32.7,-1,250.1576663
21890,2,G14_66_H6,7,30.78541667,29.4,32,-1,250.1576663
21891,2,G14_66_H6,8,30.17083333,28.9,31.6,-1,250.1576663
21892,2,G14_66_H6,9,29.65833333,28.4,31.1,-1,250.1576663
21893,2,G14_66_H6,10,29.33333333,27.7,30.8,-1,250.1576663
21894,2,G14_66_H6,11,28.63125,27.6,30.6,-1,250.1576663
21895,2,G14_66_H6,12,28.52916667,27.3,30.2,-1,250.1576663
21896,2,G14_66_H6,13,27.97916667,26.9,29.1,-1,250.1576663
21897,2,G14_66_H6,14,27.46041667,26.1,28.5,-1,250.1576663
21898,2,G14_66_H6,15,26.95833333,25.7,28.1,-1,250.1576663
21899,2,G14_66_H6,16,26.51458333,25.6,27.8,-1,250.1576663
21900,2,G14_66_H6,17,26.29375,25.5,27.7,-1,250.1576663
21901,2,G14_66_H6,18,26.1375,25.1,27.1,-1,250.1576663
21902,2,G14_66_H6,19,26.10625,24.9,27.3,-1,250.1576663
21903,2,G14_66_H6,20,25.20416667,24.3,26.2,-1,250.1576663
21904,2,G14_66_H6,21,25.60208333,24.3,27.6,-1,250.1576663
21905,2,G14_66_H6,22,25.7625,24.3,28.3,-1,250.1576663
21906,2,G14_66_H6,23,26.42291667,24.4,29.2,-1,250.1576663
21907,2,G14_66_H6,24,26.54375,24.9,28.7,-1,250.1576663
21908,2,G14_66_H6,25,26.87291667,24.6,29.8,-1,250.1576663
21909,2,G14_66_H6,26,27.70833333,25.4,31.1,-1,250.1576663
21910,2,G14_66_H6,27,26.70625,24.5,31.3,-1,250.1576663
21911,2,G14_66_H6,28,25.78958333,24.8,26.9,-1,250.1576663
21912,2,G14_66_H6,29,25.55625,24.8,26.5,-1,250.1576663
21913,2,G14_66_H6,30,25.23333333,24.6,26.4,-1,250.1576663
21914,2,G14_66_H6,31,25.21666667,24,26.2,-1,250.1576663
21915,2,G14_66_H6,32,24.94166667,23.6,25.9,-1,250.1576663
21916,2,G14_66_H6,33,25.1375,23.9,26.4,-1,250.1576663
21917,2,G14_66_H6,34,24.73541667,23.7,25.9,-1,250.1576663
21918,2,G14_66_H7,-1,34.625,11.5,35.5,0,274.1891212
21919,2,G14_66_H7,0,34.50833333,28.2,35.5,0,274.1891212
21920,2,G14_66_H7,1,35.08125,34,35.5,0,274.1891212
21921,2,G14_66_H7,2,34.75,33.6,35.5,0,274.1891212
21922,2,G14_66_H7,3,34.24166667,32.9,35.3,0,274.1891212
21923,2,G14_66_H7,4,33.32916667,32.1,34.7,0,274.1891212
21924,2,G14_66_H7,5,32.80625,32,33.8,0,274.1891212
21925,2,G14_66_H7,6,32.21666667,30.9,33.3,0,274.1891212
21926,2,G14_66_H7,7,31.71041667,30.5,32.9,0,274.1891212
21927,2,G14_66_H7,8,31.2625,30,32.5,0,274.1891212
21928,2,G14_66_H7,9,30.71875,29.4,32,0,274.1891212
21929,2,G14_66_H7,10,30.38958333,29.1,31.5,0,274.1891212
21930,2,G14_66_H7,11,29.98958333,28.7,31.1,0,274.1891212
21931,2,G14_66_H7,12,29.47291667,28.1,30.7,0,274.1891212
21932,2,G14_66_H7,13,28.75416667,27.6,29.8,0,274.1891212
21933,2,G14_66_H7,14,28.34375,27.4,29.8,0,274.1891212
21934,2,G14_66_H7,15,28.04166667,26.8,29.1,0,274.1891212
21935,2,G14_66_H7,16,27.53333333,26.5,28.4,0,274.1891212
21936,2,G14_66_H7,17,27.0375,26.3,28.3,0,274.1891212
21937,2,G14_66_H7,18,26.61875,25.8,27.9,0,274.1891212
21938,2,G14_66_H7,19,26.37291667,25.6,27.5,0,274.1891212
21939,2,G14_66_H7,20,25.88333333,25,26.7,0,274.1891212
21940,2,G14_66_H7,21,26.31458333,25.1,27.4,0,274.1891212
21941,2,G14_66_H7,22,26.22708333,24.9,27.9,0,274.1891212
21942,2,G14_66_H7,23,26.56875,24.7,29,0,274.1891212
21943,2,G14_66_H7,24,26.51458333,25.1,28.6,0,274.1891212
21944,2,G14_66_H7,25,26.91666667,25,29.3,0,274.1891212
21945,2,G14_66_H7,26,27.825,25.7,31.2,0,274.1891212
21946,2,G14_66_H7,27,26.63333333,24.6,30.9,0,274.1891212
21947,2,G14_66_H7,28,25.78958333,24.6,26.7,0,274.1891212
21948,2,G14_66_H7,29,25.56875,24.5,26.7,0,274.1891212
21949,2,G14_66_H7,30,25.57708333,24.7,27.2,0,274.1891212
21950,2,G14_66_H7,31,25.36041667,24.4,26.7,0,274.1891212
21951,2,G14_66_H7,32,25.22708333,24,26.2,0,274.1891212
21952,2,G14_66_H7,33,25.16041667,23.8,26.3,0,274.1891212
21953,2,G14_66_H7,34,24.96875,23.8,25.9,0,274.1891212
21954,2,G14_66_H8,-1,34.64117647,12.9,35.5,-1,152.8337349
21955,2,G14_66_H8,0,34.74583333,27.8,35.5,-1,152.8337349
21956,2,G14_66_H8,1,34.37083333,32.9,35.5,-1,152.8337349
21957,2,G14_66_H8,2,33.61666667,32.1,34.8,-1,152.8337349
21958,2,G14_66_H8,3,32.86666667,31.2,33.9,-1,152.8337349
21959,2,G14_66_H8,4,32.04166667,30.6,33.2,-1,152.8337349
21960,2,G14_66_H8,5,31.20625,29.6,32.5,-1,152.8337349
21961,2,G14_66_H8,6,30.575,29.4,32,-1,152.8337349
21962,2,G14_66_H8,7,30.59583333,29.2,31.7,-1,152.8337349
21963,2,G14_66_H8,8,30.15,28.6,31.2,-1,152.8337349
21964,2,G14_66_H8,9,29.55208333,28.3,30.7,-1,152.8337349
21965,2,G14_66_H8,10,29.1375,27.6,30.6,-1,152.8337349
21966,2,G14_66_H8,11,28.69583333,27.3,30,-1,152.8337349
21967,2,G14_66_H8,12,28.3875,27,29.2,-1,152.8337349
21968,2,G14_66_H8,13,27.86458333,26.1,29.6,-1,152.8337349
21969,2,G14_66_H8,14,27.2,25.9,28.6,-1,152.8337349
21970,2,G14_66_H8,15,26.83958333,25.5,28.6,-1,152.8337349
21971,2,G14_66_H8,16,26.30625,24.7,27.9,-1,152.8337349
21972,2,G14_66_H8,17,25.91458333,24.5,27.6,-1,152.8337349
21973,2,G14_66_H8,18,25.30416667,24.4,26.6,-1,152.8337349
21974,2,G14_66_H8,19,25.06875,24.1,26.5,-1,152.8337349
21975,2,G14_66_H8,20,25.02291667,23.7,26.1,-1,152.8337349
21976,2,G14_66_H8,21,24.4875,23.1,25.8,-1,152.8337349
21977,2,G14_66_H8,22,24.72083333,23.3,26.3,-1,152.8337349
21978,2,G14_66_H8,23,24.94583333,23.5,27.5,-1,152.8337349
21979,2,G14_66_H8,24,25.84791667,23.8,28.8,-1,152.8337349
21980,2,G14_66_H8,25,26.11458333,24.3,28.3,-1,152.8337349
21981,2,G14_66_H8,26,26.46666667,23.9,28.9,-1,152.8337349
21982,2,G14_66_H8,27,27.11041667,25,30.8,-1,152.8337349
21983,2,G14_66_H8,28,26.45357143,24.5,30.5,-1,152.8337349
21984,2,G14_66_H8,29,25.5,24,28.1,-1,152.8337349
21985,2,G14_66_H8,30,25.21666667,24.2,26.6,-1,152.8337349
21986,2,G14_66_H8,31,25.1125,24.1,26.1,-1,152.8337349
21987,2,G14_66_H8,32,25,23.6,26.1,-1,152.8337349
21988,2,G14_66_H8,33,24.6875,23.1,25.9,-1,152.8337349
21989,2,G14_66_H8,34,24.30625,23,25.5,-1,152.8337349
21990,2,G14_66_H9,-1,34.31764706,10.5,35.5,0,319.0764014
21991,2,G14_66_H9,0,34.50833333,22.9,35.5,0,319.0764014
21992,2,G14_66_H9,1,34.3625,32.9,35.5,0,319.0764014
21993,2,G14_66_H9,2,33.43958333,32.1,34.7,0,319.0764014
21994,2,G14_66_H9,3,32.63333333,31.4,34.1,0,319.0764014
21995,2,G14_66_H9,4,31.92291667,30.5,33.3,0,319.0764014
21996,2,G14_66_H9,5,30.98125,29.6,32.5,0,319.0764014
21997,2,G14_66_H9,6,30.56041667,29.5,32.1,0,319.0764014
21998,2,G14_66_H9,7,30.39166667,29,31.6,0,319.0764014
21999,2,G14_66_H9,8,30.08541667,28.5,31,0,319.0764014
22000,2,G14_66_H9,9,29.34583333,28.1,31,0,319.0764014
22001,2,G14_66_H9,10,28.99791667,27.5,30.5,0,319.0764014
22002,2,G14_66_H9,11,28.59583333,27,29.9,0,319.0764014
22003,2,G14_66_H9,12,28.2,26.9,29.4,0,319.0764014
22004,2,G14_66_H9,13,27.90625,26.1,33.2,0,319.0764014
22005,2,G14_66_H9,14,27.26458333,26.1,28.5,0,319.0764014
22006,2,G14_66_H9,15,26.93125,25.3,27.9,0,319.0764014
22007,2,G14_66_H9,16,26.43958333,24.8,27.8,0,319.0764014
22008,2,G14_66_H9,17,25.89583333,24.8,27,0,319.0764014
22009,2,G14_66_H9,18,25.32291667,24.4,26.6,0,319.0764014
22010,2,G14_66_H9,19,25.04583333,24,26.1,0,319.0764014
22011,2,G14_66_H9,20,24.80416667,24,26.2,0,319.0764014
22012,2,G14_66_H9,21,24.43333333,23.2,25.4,0,319.0764014
22013,2,G14_66_H9,22,25.06041667,23.6,26.5,0,319.0764014
22014,2,G14_66_H9,23,25.4,23.8,27.8,0,319.0764014
22015,2,G14_66_H9,24,26.11458333,23.8,29.3,0,319.0764014
22016,2,G14_66_H9,25,26.10416667,24.6,28.6,0,319.0764014
22017,2,G14_66_H9,26,26.52291667,24.4,29.5,0,319.0764014
22018,2,G14_66_H9,27,27.38333333,25.3,31.3,0,319.0764014
22019,2,G14_66_H9,28,26.10625,23.9,31,0,319.0764014
22020,2,G14_66_H9,29,24.74166667,23.8,25.8,0,319.0764014
22021,2,G14_66_H9,30,24.53958333,23.4,26.2,0,319.0764014
22022,2,G14_66_H9,31,24.47916667,23.3,25.5,0,319.0764014
22023,2,G14_66_H9,32,24.45833333,23,25.6,0,319.0764014
22024,2,G14_66_H9,33,24.12083333,22.7,25.2,0,319.0764014
22025,2,G14_66_H9,34,24.16041667,22.6,25.9,0,319.0764014
22026,2,G14_66_H9,35,24.01666667,22.6,25.5,0,319.0764014
22027,2,G16_53_H10,0,33.59090909,29.9,35,-1,218.939012
22028,2,G16_53_H10,1,33.57083333,32.9,34.5,-1,218.939012
22029,2,G16_53_H10,2,32.95,32,34,-1,218.939012
22030,2,G16_53_H10,3,32.15833333,31.4,33.1,-1,218.939012
22031,2,G16_53_H10,4,31.525,30.8,32.6,-1,218.939012
22032,2,G16_53_H10,5,30.9875,30.2,32,-1,218.939012
22033,2,G16_53_H10,6,30.44583333,29.4,31.3,-1,218.939012
22034,2,G16_53_H10,7,29.79583333,29.1,30.8,-1,218.939012
22035,2,G16_53_H10,8,29.35833333,28.4,30.3,-1,218.939012
22036,2,G16_53_H10,9,29.175,28.4,29.9,-1,218.939012
22037,2,G16_53_H10,10,28.95,23.5,33,-1,218.939012
22038,2,G16_53_H10,11,28.54166667,27.5,29.2,-1,218.939012
22039,2,G16_53_H10,12,28.12916667,27.2,29.1,-1,218.939012
22040,2,G16_53_H10,13,27.75,27,28.7,-1,218.939012
22041,2,G16_53_H10,14,27.5,26.6,28.3,-1,218.939012
22042,2,G16_53_H10,15,27.12083333,26.3,28.2,-1,218.939012
22043,2,G16_53_H10,16,26.65,26.1,27.7,-1,218.939012
22044,2,G16_53_H10,17,26.42083333,25.8,27.5,-1,218.939012
22045,2,G16_53_H10,18,26.3,25.7,27.6,-1,218.939012
22046,2,G16_53_H10,19,26.0125,25.3,27.5,-1,218.939012
22047,2,G16_53_H10,20,25.78333333,25.1,26.8,-1,218.939012
22048,2,G16_53_H10,21,25.97083333,25,27.1,-1,218.939012
22049,2,G16_53_H10,22,25.70416667,24.7,26.8,-1,218.939012
22050,2,G16_53_H10,23,25.81666667,24.8,26.7,-1,218.939012
22051,2,G16_53_H10,24,25.93333333,25.2,27.2,-1,218.939012
22052,2,G16_53_H10,25,26.18333333,24.9,27.8,-1,218.939012
22053,2,G16_53_H10,26,26.69166667,25.8,28.2,-1,218.939012
22054,2,G16_53_H10,27,26.95833333,25.4,28.5,-1,218.939012
22055,2,G16_53_H10,28,27.6625,26.5,29.4,-1,218.939012
22056,2,G16_53_H10,29,26.5,24.8,29.4,-1,218.939012
22057,2,G16_53_H10,30,24.93333333,24.1,26,-1,218.939012
22058,2,G16_53_H10,31,24.49583333,23.8,25.4,-1,218.939012
22059,2,G16_53_H10,32,24.275,23.8,25,-1,218.939012
22060,2,G16_53_H10,33,23.9375,23.2,25.1,-1,218.939012
22061,2,G16_53_H11,-1,33.525,32.5,35.5,-1,216.6704786
22062,2,G16_53_H11,0,34.31666667,31.3,35.5,-1,216.6704786
22063,2,G16_53_H11,1,34.2125,33.1,35.5,-1,216.6704786
22064,2,G16_53_H11,2,33.34166667,32.3,35,-1,216.6704786
22065,2,G16_53_H11,3,32.86666667,31.9,34.4,-1,216.6704786
22066,2,G16_53_H11,4,32.49583333,31.1,33.8,-1,216.6704786
22067,2,G16_53_H11,5,31.67916667,30.3,33,-1,216.6704786
22068,2,G16_53_H11,6,30.84583333,29.7,32,-1,216.6704786
22069,2,G16_53_H11,7,30.25833333,29.2,31.6,-1,216.6704786
22070,2,G16_53_H11,8,29.99583333,28.8,31.5,-1,216.6704786
22071,2,G16_53_H11,9,29.55833333,28.3,31.1,-1,216.6704786
22072,2,G16_53_H11,10,29.20416667,27.7,30.7,-1,216.6704786
22073,2,G16_53_H11,11,29.04583333,27.3,30.1,-1,216.6704786
22074,2,G16_53_H11,12,28.05416667,27.2,29.8,-1,216.6704786
22075,2,G16_53_H11,13,27.64583333,26.8,28.8,-1,216.6704786
22076,2,G16_53_H11,14,27.425,26.2,29,-1,216.6704786
22077,2,G16_53_H11,15,27.10833333,26,28.6,-1,216.6704786
22078,2,G16_53_H11,16,26.82916667,25.8,27.9,-1,216.6704786
22079,2,G16_53_H11,17,26.475,25.6,27.9,-1,216.6704786
22080,2,G16_53_H11,18,26.05,25.1,27.1,-1,216.6704786
22081,2,G16_53_H11,19,25.8625,24.9,26.8,-1,216.6704786
22082,2,G16_53_H11,20,25.8125,24.6,26.5,-1,216.6704786
22083,2,G16_53_H11,21,25.7375,24.5,26.6,-1,216.6704786
22084,2,G16_53_H11,22,25.58333333,24.7,26.7,-1,216.6704786
22085,2,G16_53_H11,23,25.69583333,24.8,27.2,-1,216.6704786
22086,2,G16_53_H11,24,25.8375,24.3,27.6,-1,216.6704786
22087,2,G16_53_H11,25,26.4125,25,28.5,-1,216.6704786
22088,2,G16_53_H11,26,26.44583333,24.6,28.2,-1,216.6704786
22089,2,G16_53_H11,27,27.20833333,25.6,29.6,-1,216.6704786
22090,2,G16_53_H11,28,26.15833333,24,29.3,-1,216.6704786
22091,2,G16_53_H11,29,24.5875,23.7,25.7,-1,216.6704786
22092,2,G16_53_H11,30,24.325,23.6,26,-1,216.6704786
22093,2,G16_53_H11,31,24.22916667,23.6,25.9,-1,216.6704786
22094,2,G16_53_H11,32,24.02916667,23,25.4,-1,216.6704786
22095,2,G16_53_H11,33,23.37916667,21.5,24.6,-1,216.6704786
22096,2,G16_53_H11,34,22.34166667,21.1,24,-1,216.6704786
22097,2,G16_53_H12,0,34.5,32,35.4,0,279.5542318
22098,2,G16_53_H12,1,34.40416667,33.5,35.4,0,279.5542318
22099,2,G16_53_H12,2,33.8125,32.6,34.8,0,279.5542318
22100,2,G16_53_H12,3,32.87916667,32,33.8,0,279.5542318
22101,2,G16_53_H12,4,32.29166667,31.4,33.2,0,279.5542318
22102,2,G16_53_H12,5,31.6875,30.8,32.6,0,279.5542318
22103,2,G16_53_H12,6,30.99166667,30,31.8,0,279.5542318
22104,2,G16_53_H12,7,30.425,29.5,31.6,0,279.5542318
22105,2,G16_53_H12,8,29.94166667,28.8,30.9,0,279.5542318
22106,2,G16_53_H12,9,29.48333333,28.5,30.7,0,279.5542318
22107,2,G16_53_H12,10,28.90416667,28.2,30,0,279.5542318
22108,2,G16_53_H12,11,28.56666667,27.7,29.4,0,279.5542318
22109,2,G16_53_H12,12,28.02083333,27.4,29.2,0,279.5542318
22110,2,G16_53_H12,13,27.66666667,27,28.7,0,279.5542318
22111,2,G16_53_H12,14,27.55416667,26.7,28.3,0,279.5542318
22112,2,G16_53_H12,15,27.025,26.2,28,0,279.5542318
22113,2,G16_53_H12,16,26.6,25.8,27.8,0,279.5542318
22114,2,G16_53_H12,17,26.50416667,25.8,27.3,0,279.5542318
22115,2,G16_53_H12,18,26.35416667,25.5,27.5,0,279.5542318
22116,2,G16_53_H12,19,25.975,25.6,27,0,279.5542318
22117,2,G16_53_H12,20,25.79166667,25.1,27,0,279.5542318
22118,2,G16_53_H12,21,25.92916667,25.1,26.8,0,279.5542318
22119,2,G16_53_H12,22,25.65,24.9,26.8,0,279.5542318
22120,2,G16_53_H12,23,25.72916667,24.9,26.7,0,279.5542318
22121,2,G16_53_H12,24,26.1875,25.4,27.8,0,279.5542318
22122,2,G16_53_H12,25,26.45,25.3,28,0,279.5542318
22123,2,G16_53_H12,26,26.87083333,25.8,28.5,0,279.5542318
22124,2,G16_53_H12,27,27.0625,25.5,28.5,0,279.5542318
22125,2,G16_53_H12,28,27.65,26.4,29.3,0,279.5542318
22126,2,G16_53_H12,29,26.49583333,24.5,29.4,0,279.5542318
22127,2,G16_53_H12,30,24.70833333,23.9,25.8,0,279.5542318
22128,2,G16_53_H12,31,24.825,23.9,25.7,0,279.5542318
22129,2,G16_53_H12,32,24.60833333,24,25.6,0,279.5542318
22130,2,G16_53_H12,33,24.3,23.5,25.5,0,279.5542318
22131,2,G16_53_H13,-1,33.55,32.3,35.5,-1,236.0690243
22132,2,G16_53_H13,0,34.39166667,32.1,35.5,-1,236.0690243
22133,2,G16_53_H13,1,34.19583333,33,35.5,-1,236.0690243
22134,2,G16_53_H13,2,33.59583333,32.2,35,-1,236.0690243
22135,2,G16_53_H13,3,33.19583333,31.8,34.6,-1,236.0690243
22136,2,G16_53_H13,4,32.28333333,30.9,33.9,-1,236.0690243
22137,2,G16_53_H13,5,31.60416667,30.4,33.2,-1,236.0690243
22138,2,G16_53_H13,6,31.0625,29.7,32.6,-1,236.0690243
22139,2,G16_53_H13,7,30.52916667,29.1,32,-1,236.0690243
22140,2,G16_53_H13,8,29.84166667,28.8,31.7,-1,236.0690243
22141,2,G16_53_H13,9,29.45,28.4,31,-1,236.0690243
22142,2,G16_53_H13,10,28.89583333,27.7,30.6,-1,236.0690243
22143,2,G16_53_H13,11,28.5,27.4,30.3,-1,236.0690243
22144,2,G16_53_H13,12,28.1375,27.2,29.7,-1,236.0690243
22145,2,G16_53_H13,13,27.67916667,26.8,28.8,-1,236.0690243
22146,2,G16_53_H13,14,27.525,26.4,28.5,-1,236.0690243
22147,2,G16_53_H13,15,27,26.3,28.6,-1,236.0690243
22148,2,G16_53_H13,16,26.61666667,26,27.9,-1,236.0690243
22149,2,G16_53_H13,17,26.53333333,25.6,28,-1,236.0690243
22150,2,G16_53_H13,18,26.3375,25.5,27.1,-1,236.0690243
22151,2,G16_53_H13,19,26.15833333,25.3,27.2,-1,236.0690243
22152,2,G16_53_H13,20,25.88333333,25.1,26.9,-1,236.0690243
22153,2,G16_53_H13,21,25.5375,24.8,26.9,-1,236.0690243
22154,2,G16_53_H13,22,25.61666667,24.8,26.8,-1,236.0690243
22155,2,G16_53_H13,23,25.94166667,24.9,27,-1,236.0690243
22156,2,G16_53_H13,24,26.1375,24.8,27.3,-1,236.0690243
22157,2,G16_53_H13,25,26.25833333,25.1,28.6,-1,236.0690243
22158,2,G16_53_H13,26,26.30833333,24.7,28.2,-1,236.0690243
22159,2,G16_53_H13,27,27.10416667,25.7,29.6,-1,236.0690243
22160,2,G16_53_H13,28,25.74583333,23.8,29.4,-1,236.0690243
22161,2,G16_53_H13,29,24.2125,23.3,25.4,-1,236.0690243
22162,2,G16_53_H13,30,24.15833333,23.4,25.8,-1,236.0690243
22163,2,G16_53_H13,31,24.24166667,23.6,25.6,-1,236.0690243
22164,2,G16_53_H13,32,24.13333333,23.1,25.4,-1,236.0690243
22165,2,G16_53_H13,33,23.625,21.9,25.2,-1,236.0690243
22166,2,G16_53_H13,34,22.5875,21.3,24.2,-1,236.0690243
22167,2,G16_53_H14,0,34.21818182,32.2,35.5,-1,260.2642408
22168,2,G16_53_H14,1,34.47916667,33.6,35.5,-1,260.2642408
22169,2,G16_53_H14,2,33.47916667,32.6,34.9,-1,260.2642408
22170,2,G16_53_H14,3,32.925,32.1,33.9,-1,260.2642408
22171,2,G16_53_H14,4,32.3,31.5,33.4,-1,260.2642408
22172,2,G16_53_H14,5,31.5625,30.8,32.7,-1,260.2642408
22173,2,G16_53_H14,6,31.01666667,29.9,31.9,-1,260.2642408
22174,2,G16_53_H14,7,30.35,29.4,31.5,-1,260.2642408
22175,2,G16_53_H14,8,30.07916667,28.9,30.8,-1,260.2642408
22176,2,G16_53_H14,9,29.7,28.6,30.4,-1,260.2642408
22177,2,G16_53_H14,10,29.16666667,28.1,30,-1,260.2642408
22178,2,G16_53_H14,11,28.675,27.7,29.5,-1,260.2642408
22179,2,G16_53_H14,12,28.21666667,27.3,29.2,-1,260.2642408
22180,2,G16_53_H14,13,27.76666667,27,28.4,-1,260.2642408
22181,2,G16_53_H14,14,27.52083333,26.7,28.3,-1,260.2642408
22182,2,G16_53_H14,15,27.0625,26.1,28,-1,260.2642408
22183,2,G16_53_H14,16,26.4375,25.9,27.4,-1,260.2642408
22184,2,G16_53_H14,17,26.5625,25.8,27.1,-1,260.2642408
22185,2,G16_53_H14,18,26.42083333,25.5,27.3,-1,260.2642408
22186,2,G16_53_H14,19,26.03333333,25.5,26.8,-1,260.2642408
22187,2,G16_53_H14,20,25.77083333,25.1,26.8,-1,260.2642408
22188,2,G16_53_H14,21,25.79166667,25.1,26.7,-1,260.2642408
22189,2,G16_53_H14,22,25.7,24.9,26.7,-1,260.2642408
22190,2,G16_53_H14,23,25.83333333,24.8,26.8,-1,260.2642408
22191,2,G16_53_H14,24,26.03333333,25.3,27.4,-1,260.2642408
22192,2,G16_53_H14,25,26.1875,25.2,27.7,-1,260.2642408
22193,2,G16_53_H14,26,26.725,25.6,28.5,-1,260.2642408
22194,2,G16_53_H14,27,27.04166667,25.4,28.5,-1,260.2642408
22195,2,G16_53_H14,28,27.69166667,26.5,29.5,-1,260.2642408
22196,2,G16_53_H14,29,26.4125,24.6,29.2,-1,260.2642408
22197,2,G16_53_H14,30,24.5875,24.1,26.1,-1,260.2642408
22198,2,G16_53_H14,31,24.58333333,23.7,25.6,-1,260.2642408
22199,2,G16_53_H14,32,24.94583333,24.2,25.7,-1,260.2642408
22200,2,G16_53_H14,33,24.70833333,23.7,25.7,-1,260.2642408
22201,2,G16_53_H15,-1,33.825,32.2,35.5,-1,256.0128097
22202,2,G16_53_H15,0,34.12083333,30.9,35.5,-1,256.0128097
22203,2,G16_53_H15,1,34.16666667,32.9,35.5,-1,256.0128097
22204,2,G16_53_H15,2,33.6375,32.2,35.1,-1,256.0128097
22205,2,G16_53_H15,3,32.90833333,31.6,34.3,-1,256.0128097
22206,2,G16_53_H15,4,32.30416667,30.9,33.5,-1,256.0128097
22207,2,G16_53_H15,5,31.59583333,30.1,33,-1,256.0128097
22208,2,G16_53_H15,6,31.0625,29.5,32.3,-1,256.0128097
22209,2,G16_53_H15,7,30.1125,28.8,31.5,-1,256.0128097
22210,2,G16_53_H15,8,29.36666667,28.6,31.3,-1,256.0128097
22211,2,G16_53_H15,9,29.00416667,28.2,31,-1,256.0128097
22212,2,G16_53_H15,10,28.8625,27.6,30.4,-1,256.0128097
22213,2,G16_53_H15,11,28.74583333,27.2,30,-1,256.0128097
22214,2,G16_53_H15,12,27.98333333,27,29.6,-1,256.0128097
22215,2,G16_53_H15,13,27.65416667,26.7,28.7,-1,256.0128097
22216,2,G16_53_H15,14,27.5125,26.3,28.5,-1,256.0128097
22217,2,G16_53_H15,15,26.82083333,26,28.3,-1,256.0128097
22218,2,G16_53_H15,16,26.67916667,25.8,28.2,-1,256.0128097
22219,2,G16_53_H15,17,26.71666667,25.6,28,-1,256.0128097
22220,2,G16_53_H15,18,26.32083333,25.5,27,-1,256.0128097
22221,2,G16_53_H15,19,25.95833333,25.1,27,-1,256.0128097
22222,2,G16_53_H15,20,25.59166667,24.7,26.7,-1,256.0128097
22223,2,G16_53_H15,21,25.40416667,24.4,26.8,-1,256.0128097
22224,2,G16_53_H15,22,25.76666667,24.6,26.7,-1,256.0128097
22225,2,G16_53_H15,23,25.875,24.7,27,-1,256.0128097
22226,2,G16_53_H15,24,25.72083333,24.4,27.5,-1,256.0128097
22227,2,G16_53_H15,25,26.0625,24.9,28.8,-1,256.0128097
22228,2,G16_53_H15,26,26.39166667,24.4,28.4,-1,256.0128097
22229,2,G16_53_H15,27,27.32083333,25.7,29.9,-1,256.0128097
22230,2,G16_53_H15,28,25.89166667,23.6,29.5,-1,256.0128097
22231,2,G16_53_H15,29,24.2375,23.6,25.9,-1,256.0128097
22232,2,G16_53_H15,30,24.22083333,23.5,25.8,-1,256.0128097
22233,2,G16_53_H15,31,24.35833333,23.4,25.8,-1,256.0128097
22234,2,G16_53_H15,32,24.09166667,22.8,25.4,-1,256.0128097
22235,2,G16_53_H15,33,23.23333333,21.4,24.7,-1,256.0128097
22236,2,G16_53_H15,34,22.5625,21.1,24.5,-1,256.0128097
22237,2,G16_53_H16,0,34.26363636,28.1,35.5,-1,228.6584295
22238,2,G16_53_H16,1,34.39583333,33.5,35.5,-1,228.6584295
22239,2,G16_53_H16,2,33.59583333,32.5,34.8,-1,228.6584295
22240,2,G16_53_H16,3,32.87916667,32,33.9,-1,228.6584295
22241,2,G16_53_H16,4,32.34166667,31.5,33.3,-1,228.6584295
22242,2,G16_53_H16,5,31.575,30.6,32.6,-1,228.6584295
22243,2,G16_53_H16,6,30.9125,29.8,32.1,-1,228.6584295
22244,2,G16_53_H16,7,30.27916667,29.4,31.4,-1,228.6584295
22245,2,G16_53_H16,8,29.87916667,28.9,30.8,-1,228.6584295
22246,2,G16_53_H16,9,29.30833333,28.6,30.6,-1,228.6584295
22247,2,G16_53_H16,10,28.81666667,28.1,29.9,-1,228.6584295
22248,2,G16_53_H16,11,28.57083333,27.7,29.5,-1,228.6584295
22249,2,G16_53_H16,12,28.17916667,27.2,28.9,-1,228.6584295
22250,2,G16_53_H16,13,27.625,27,28.5,-1,228.6584295
22251,2,G16_53_H16,14,27.67083333,25.9,28.4,-1,228.6584295
22252,2,G16_53_H16,15,27.22083333,23.3,30.9,-1,228.6584295
22253,2,G16_53_H16,16,26.725,25.9,27.5,-1,228.6584295
22254,2,G16_53_H16,17,26.59166667,25.8,27.4,-1,228.6584295
22255,2,G16_53_H16,18,26.3625,25.7,27.6,-1,228.6584295
22256,2,G16_53_H16,19,26.09166667,25.6,27.2,-1,228.6584295
22257,2,G16_53_H16,20,26.09166667,25.2,26.8,-1,228.6584295
22258,2,G16_53_H16,21,26.15416667,25.3,26.9,-1,228.6584295
22259,2,G16_53_H16,22,25.72916667,25.2,26.8,-1,228.6584295
22260,2,G16_53_H16,23,25.8,25.1,27,-1,228.6584295
22261,2,G16_53_H16,24,26.25,25.5,27.6,-1,228.6584295
22262,2,G16_53_H16,25,26.6125,25.5,27.9,-1,228.6584295
22263,2,G16_53_H16,26,26.95416667,25.9,28.5,-1,228.6584295
22264,2,G16_53_H16,27,27.09583333,25.6,28.7,-1,228.6584295
22265,2,G16_53_H16,28,27.75416667,26.5,30,-1,228.6584295
22266,2,G16_53_H16,29,26.48333333,24.6,29.5,-1,228.6584295
22267,2,G16_53_H16,30,24.6625,24.1,26,-1,228.6584295
22268,2,G16_53_H16,31,24.84583333,23.9,25.8,-1,228.6584295
22269,2,G16_53_H16,32,24.90833333,24.2,25.6,-1,228.6584295
22270,2,G16_53_H16,33,24.6125,23.6,25.5,-1,228.6584295
22271,2,G16_53_H17,-1,33.7,32.6,34.9,-1,258.5467188
22272,2,G16_53_H17,0,34.15416667,32.1,35.5,-1,258.5467188
22273,2,G16_53_H17,1,34.45416667,33,35.5,-1,258.5467188
22274,2,G16_53_H17,2,33.3,32.4,35,-1,258.5467188
22275,2,G16_53_H17,3,32.88333333,31.7,34.4,-1,258.5467188
22276,2,G16_53_H17,4,32.66666667,31.2,34.2,-1,258.5467188
22277,2,G16_53_H17,5,31.82083333,30.2,33.1,-1,258.5467188
22278,2,G16_53_H17,6,31.06666667,29.5,32.7,-1,258.5467188
22279,2,G16_53_H17,7,30.5625,29,32.2,-1,258.5467188
22280,2,G16_53_H17,8,30.225,28.7,31.7,-1,258.5467188
22281,2,G16_53_H17,9,29.61666667,28.4,31.2,-1,258.5467188
22282,2,G16_53_H17,10,29.17083333,27.9,30.7,-1,258.5467188
22283,2,G16_53_H17,11,28.84166667,27.5,30.5,-1,258.5467188
22284,2,G16_53_H17,12,28.275,27.2,29.6,-1,258.5467188
22285,2,G16_53_H17,13,27.75416667,27,28.7,-1,258.5467188
22286,2,G16_53_H17,14,27.45416667,26.2,28.6,-1,258.5467188
22287,2,G16_53_H17,15,27.07083333,26.2,28.5,-1,258.5467188
22288,2,G16_53_H17,16,26.9,26,27.9,-1,258.5467188
22289,2,G16_53_H17,17,26.62916667,25.7,27.9,-1,258.5467188
22290,2,G16_53_H17,18,26.43333333,25.4,27.3,-1,258.5467188
22291,2,G16_53_H17,19,26.27083333,25.2,27,-1,258.5467188
22292,2,G16_53_H17,20,25.84166667,25,26.7,-1,258.5467188
22293,2,G16_53_H17,21,25.5125,24.8,26.6,-1,258.5467188
22294,2,G16_53_H17,22,25.76666667,24.9,27.3,-1,258.5467188
22295,2,G16_53_H17,23,25.99583333,25,27.2,-1,258.5467188
22296,2,G16_53_H17,24,26.07916667,24.6,27.6,-1,258.5467188
22297,2,G16_53_H17,25,26.30416667,24.8,29,-1,258.5467188
22298,2,G16_53_H17,26,26.3625,24.4,28.6,-1,258.5467188
22299,2,G16_53_H17,27,27.275,25.8,30.1,-1,258.5467188
22300,2,G16_53_H17,28,26.225,24.2,29.7,-1,258.5467188
22301,2,G16_53_H17,29,24.55,23.9,25.9,-1,258.5467188
22302,2,G16_53_H17,30,24.25833333,23.7,25.9,-1,258.5467188
22303,2,G16_53_H17,31,24.2375,23.3,25.6,-1,258.5467188
22304,2,G16_53_H17,32,24.25833333,23,25.6,-1,258.5467188
22305,2,G16_53_H17,33,23.41666667,21.5,24.7,-1,258.5467188
22306,2,G16_53_H17,34,22.69583333,21.3,24.7,-1,258.5467188
22307,2,G16_53_H18,0,34.32727273,32.1,35.3,0,307.5558192
22308,2,G16_53_H18,1,34.3625,33.5,35.3,0,307.5558192
22309,2,G16_53_H18,2,33.51666667,32.5,34.5,0,307.5558192
22310,2,G16_53_H18,3,33.04583333,32,33.7,0,307.5558192
22311,2,G16_53_H18,4,32.29583333,31.5,33.2,0,307.5558192
22312,2,G16_53_H18,5,31.50833333,30.8,32.5,0,307.5558192
22313,2,G16_53_H18,6,30.825,30,31.8,0,307.5558192
22314,2,G16_53_H18,7,30.35833333,29.2,31.4,0,307.5558192
22315,2,G16_53_H18,8,29.9625,28.8,30.8,0,307.5558192
22316,2,G16_53_H18,9,29.42916667,28.4,30.4,0,307.5558192
22317,2,G16_53_H18,10,28.97083333,28,30.2,0,307.5558192
22318,2,G16_53_H18,11,28.42083333,27.6,29.2,0,307.5558192
22319,2,G16_53_H18,12,28.0875,27.4,29.3,0,307.5558192
22320,2,G16_53_H18,13,27.66666667,27,28.4,0,307.5558192
22321,2,G16_53_H18,14,27.4375,26.7,28.5,0,307.5558192
22322,2,G16_53_H18,15,26.98333333,26.2,28,0,307.5558192
22323,2,G16_53_H18,16,26.55,25.7,27.5,0,307.5558192
22324,2,G16_53_H18,17,26.57916667,25.8,27.4,0,307.5558192
22325,2,G16_53_H18,18,26.3875,25.5,27.3,0,307.5558192
22326,2,G16_53_H18,19,25.9625,25.4,26.8,0,307.5558192
22327,2,G16_53_H18,20,25.67916667,25,26.8,0,307.5558192
22328,2,G16_53_H18,21,25.8875,25,26.8,0,307.5558192
22329,2,G16_53_H18,22,25.79583333,24.8,27.1,0,307.5558192
22330,2,G16_53_H18,23,25.775,24.8,27,0,307.5558192
22331,2,G16_53_H18,24,25.9625,25.1,27.4,0,307.5558192
22332,2,G16_53_H18,25,26.20416667,25.2,27.7,0,307.5558192
22333,2,G16_53_H18,26,26.725,25.6,28.5,0,307.5558192
22334,2,G16_53_H18,27,27.08333333,25.4,28.7,0,307.5558192
22335,2,G16_53_H18,28,27.725,26.4,29.8,0,307.5558192
22336,2,G16_53_H18,29,26.49583333,24.5,29.5,0,307.5558192
22337,2,G16_53_H18,30,24.8,23.9,26.1,0,307.5558192
22338,2,G16_53_H18,31,24.44583333,23.8,25.5,0,307.5558192
22339,2,G16_53_H18,32,24.45416667,24,25.6,0,307.5558192
22340,2,G16_53_H18,33,24.59583333,23.6,25.6,0,307.5558192
22341,2,G16_53_H19,-1,33.29090909,17.3,34.7,-1,253.3946733
22342,2,G16_53_H19,0,34.0375,31.3,35.5,-1,253.3946733
22343,2,G16_53_H19,1,34.04166667,32.7,35.4,-1,253.3946733
22344,2,G16_53_H19,2,33.24583333,32.2,34.7,-1,253.3946733
22345,2,G16_53_H19,3,32.5,31.5,34.3,-1,253.3946733
22346,2,G16_53_H19,4,32.22916667,31.1,33.5,-1,253.3946733
22347,2,G16_53_H19,5,31.08333333,28.9,33,-1,253.3946733
22348,2,G16_53_H19,6,30.65833333,29.4,32.2,-1,253.3946733
22349,2,G16_53_H19,7,30.13333333,29,31.9,-1,253.3946733
22350,2,G16_53_H19,8,29.82916667,28.5,31.3,-1,253.3946733
22351,2,G16_53_H19,9,29.47083333,28.1,31.1,-1,253.3946733
22352,2,G16_53_H19,10,29.1375,27.7,30.5,-1,253.3946733
22353,2,G16_53_H19,11,28.76666667,27.1,30.3,-1,253.3946733
22354,2,G16_53_H19,12,28.25,27,29.7,-1,253.3946733
22355,2,G16_53_H19,13,27.79583333,26.7,28.8,-1,253.3946733
22356,2,G16_53_H19,14,27.3875,26.4,28.9,-1,253.3946733
22357,2,G16_53_H19,15,27.0625,26.1,28.3,-1,253.3946733
22358,2,G16_53_H19,16,26.7,25.8,28.3,-1,253.3946733
22359,2,G16_53_H19,17,26.425,25.4,27.8,-1,253.3946733
22360,2,G16_53_H19,18,26.3125,25.1,27.3,-1,253.3946733
22361,2,G16_53_H19,19,25.95416667,25,26.8,-1,253.3946733
22362,2,G16_53_H19,20,25.525,24.6,26.5,-1,253.3946733
22363,2,G16_53_H19,21,25.10833333,24.5,26.3,-1,253.3946733
22364,2,G16_53_H19,22,25.44166667,24.4,26.9,-1,253.3946733
22365,2,G16_53_H19,23,25.84583333,24.8,26.8,-1,253.3946733
22366,2,G16_53_H19,24,25.83333333,24.5,27.3,-1,253.3946733
22367,2,G16_53_H19,25,26.00416667,24.9,28.5,-1,253.3946733
22368,2,G16_53_H19,26,26.50416667,24.9,28.3,-1,253.3946733
22369,2,G16_53_H19,27,27.30833333,25.8,29.7,-1,253.3946733
22370,2,G16_53_H19,28,25.92083333,23.7,29.1,-1,253.3946733
22371,2,G16_53_H19,29,24.32916667,23.3,25.7,-1,253.3946733
22372,2,G16_53_H19,30,24.13333333,23.2,25.2,-1,253.3946733
22373,2,G16_53_H19,31,23.97083333,23.4,25.4,-1,253.3946733
22374,2,G16_53_H19,32,23.675,22.5,25.2,-1,253.3946733
22375,2,G16_53_H19,33,23.20833333,21.3,24.3,-1,253.3946733
22376,2,G16_53_H19,34,22.52083333,21.2,24.1,-1,253.3946733
22377,2,G16_53_H20,-1,30.76363636,17.1,33.3,-1,220.9311417
22378,2,G16_53_H20,0,33.675,31.6,35.2,-1,220.9311417
22379,2,G16_53_H20,1,33.82083333,32.6,35.1,-1,220.9311417
22380,2,G16_53_H20,2,33.30416667,32.4,34.4,-1,220.9311417
22381,2,G16_53_H20,3,32.7875,31.9,33.8,-1,220.9311417
22382,2,G16_53_H20,4,32.05833333,31.1,33.2,-1,220.9311417
22383,2,G16_53_H20,5,31.07916667,30.3,32.7,-1,220.9311417
22384,2,G16_53_H20,6,30.8375,29.7,31.8,-1,220.9311417
22385,2,G16_53_H20,7,30.15833333,29.2,31.1,-1,220.9311417
22386,2,G16_53_H20,8,29.76666667,28.9,30.9,-1,220.9311417
22387,2,G16_53_H20,9,29.3,28.5,30.4,-1,220.9311417
22388,2,G16_53_H20,10,28.82083333,27.8,29.9,-1,220.9311417
22389,2,G16_53_H20,11,28.33333333,27.4,29.5,-1,220.9311417
22390,2,G16_53_H20,12,27.8,27.3,28.9,-1,220.9311417
22391,2,G16_53_H20,13,27.70833333,26.7,28.5,-1,220.9311417
22392,2,G16_53_H20,14,27.3875,26.5,28.4,-1,220.9311417
22393,2,G16_53_H20,15,26.82083333,26,28.1,-1,220.9311417
22394,2,G16_53_H20,16,26.6,26,27.8,-1,220.9311417
22395,2,G16_53_H20,17,26.41666667,25.8,27.5,-1,220.9311417
22396,2,G16_53_H20,18,26.2375,25.6,27.1,-1,220.9311417
22397,2,G16_53_H20,19,26.27083333,25.4,27.2,-1,220.9311417
22398,2,G16_53_H20,20,26.225,25.3,26.9,-1,220.9311417
22399,2,G16_53_H20,21,25.77916667,25,26.9,-1,220.9311417
22400,2,G16_53_H20,22,25.9625,25.2,27.1,-1,220.9311417
22401,2,G16_53_H20,23,26.17916667,25.5,27.5,-1,220.9311417
22402,2,G16_53_H20,24,26.59583333,25.5,28.3,-1,220.9311417
22403,2,G16_53_H20,25,27.14166667,25.9,28.6,-1,220.9311417
22404,2,G16_53_H20,26,27.3875,25.7,28.8,-1,220.9311417
22405,2,G16_53_H20,27,27.94166667,26.7,29.7,-1,220.9311417
22406,2,G16_53_H20,28,26.57916667,24.7,29.6,-1,220.9311417
22407,2,G16_53_H20,29,24.975,24.1,26.3,-1,220.9311417
22408,2,G16_53_H20,30,25.20416667,24,26.1,-1,220.9311417
22409,2,G16_53_H20,31,25.20416667,24.4,26.5,-1,220.9311417
22410,2,G16_53_H20,32,24.78333333,24.1,25.9,-1,220.9311417
22411,2,G16_53_H20,33,24.22083333,23,25.5,-1,220.9311417
22412,2,G16_53_H20,34,23.53333333,22.6,24.7,-1,220.9311417
22413,2,G16_53_H6,8,29.23333333,28.6,29.8,0,316.5278513
22414,2,G16_53_H6,9,29.11666667,28.2,30,0,316.5278513
22415,2,G16_53_H6,10,28.77083333,28,30.2,0,316.5278513
22416,2,G16_53_H6,11,28.4625,27.4,29.2,0,316.5278513
22417,2,G16_53_H6,12,28.125,27.1,29.2,0,316.5278513
22418,2,G16_53_H6,13,27.55833333,26.9,28.4,0,316.5278513
22419,2,G16_53_H6,14,27.5375,26.6,28.1,0,316.5278513
22420,2,G16_53_H6,15,27.07916667,25.9,27.9,0,316.5278513
22421,2,G16_53_H6,16,26.53333333,25.8,27.3,0,316.5278513
22422,2,G16_53_H6,17,26.2375,25.6,27.2,0,316.5278513
22423,2,G16_53_H6,18,26.175,25.5,27.1,0,316.5278513
22424,2,G16_53_H6,19,26.125,25.4,26.8,0,316.5278513
22425,2,G16_53_H6,20,25.975,25.1,29.3,0,316.5278513
22426,2,G16_53_H6,21,25.96666667,25.3,27,0,316.5278513
22427,2,G16_53_H6,22,25.56666667,25.1,26.9,0,316.5278513
22428,2,G16_53_H6,23,25.8375,25.1,26.8,0,316.5278513
22429,2,G16_53_H6,24,26.45,25.4,27.8,0,316.5278513
22430,2,G16_53_H6,25,26.70416667,25.3,28.1,0,316.5278513
22431,2,G16_53_H6,26,26.87916667,26,28.5,0,316.5278513
22432,2,G16_53_H6,27,27.12083333,25.7,28.8,0,316.5278513
22433,2,G16_53_H6,28,27.875,26.7,29.4,0,316.5278513
22434,2,G16_53_H6,29,26.55416667,24.6,29.4,0,316.5278513
22435,2,G16_53_H6,30,24.6125,23.8,26,0,316.5278513
22436,2,G16_53_H6,31,24.56666667,23.7,25.6,0,316.5278513
22437,2,G16_53_H6,32,24.36666667,23.7,25.4,0,316.5278513
22438,2,G16_53_H6,33,24.1,23.4,25.4,0,316.5278513
22439,2,G16_53_H8,0,33.47272727,30.3,34.6,-1,261.9408017
22440,2,G16_53_H8,1,33.62083333,32.8,34.5,-1,261.9408017
22441,2,G16_53_H8,2,32.95,32,33.9,-1,261.9408017
22442,2,G16_53_H8,3,32.15,31.4,33.2,-1,261.9408017
22443,2,G16_53_H8,4,31.65833333,30.8,32.5,-1,261.9408017
22444,2,G16_53_H8,5,30.98333333,30.1,31.8,-1,261.9408017
22445,2,G16_53_H8,6,30.2375,29.1,31.3,-1,261.9408017
22446,2,G16_53_H8,7,29.8875,29.1,30.7,-1,261.9408017
22447,2,G16_53_H8,8,29.44583333,28.5,30.3,-1,261.9408017
22448,2,G16_53_H8,9,29.05,28.4,29.8,-1,261.9408017
22449,2,G16_53_H8,10,28.85416667,28.1,29.4,-1,261.9408017
22450,2,G16_53_H8,11,28.44583333,27.6,29.3,-1,261.9408017
22451,2,G16_53_H8,12,28.09166667,27.2,28.9,-1,261.9408017
22452,2,G16_53_H8,13,27.775,27.1,28.7,-1,261.9408017
22453,2,G16_53_H8,14,27.50416667,26.8,28.2,-1,261.9408017
22454,2,G16_53_H8,15,27.075,26.2,28.3,-1,261.9408017
22455,2,G16_53_H8,16,26.63333333,26,27.6,-1,261.9408017
22456,2,G16_53_H8,17,26.58333333,25.7,27.4,-1,261.9408017
22457,2,G16_53_H8,18,26.5,25.7,27.5,-1,261.9408017
22458,2,G16_53_H8,19,26.04166667,25.4,27.2,-1,261.9408017
22459,2,G16_53_H8,20,25.67916667,25,26.8,-1,261.9408017
22460,2,G16_53_H8,21,25.80833333,25.2,26.8,-1,261.9408017
22461,2,G16_53_H8,22,25.84166667,25,26.9,-1,261.9408017
22462,2,G16_53_H8,23,25.96666667,25,27,-1,261.9408017
22463,2,G16_53_H8,24,26.175,25.5,27.6,-1,261.9408017
22464,2,G16_53_H8,25,26.47083333,25.3,28.1,-1,261.9408017
22465,2,G16_53_H8,26,26.91666667,26,28.7,-1,261.9408017
22466,2,G16_53_H8,27,27.2,25.7,28.6,-1,261.9408017
22467,2,G16_53_H8,28,27.825,26.5,29.7,-1,261.9408017
22468,2,G16_53_H8,29,26.49166667,24.7,29.3,-1,261.9408017
22469,2,G16_53_H8,30,24.575,24,26.1,-1,261.9408017
22470,2,G16_53_H8,31,24.59583333,23.8,26,-1,261.9408017
22471,2,G16_53_H8,32,24.67916667,23.9,25.8,-1,261.9408017
22472,2,G16_53_H8,33,24.325,23.5,25.3,-1,261.9408017
22473,2,G16_53_H9,0,34,30.5,35.5,0,328.6730491
22474,2,G16_53_H9,1,33.95,33,35.5,0,328.6730491
22475,2,G16_53_H9,2,33.425,32.4,34.9,0,328.6730491
22476,2,G16_53_H9,3,33.05833333,31.6,34.4,0,328.6730491
22477,2,G16_53_H9,4,32.4125,31.1,33.8,0,328.6730491
22478,2,G16_53_H9,5,31.70416667,30.4,33.2,0,328.6730491
22479,2,G16_53_H9,6,31.0875,29.6,32.4,0,328.6730491
22480,2,G16_53_H9,7,30.52083333,29.1,31.9,0,328.6730491
22481,2,G16_53_H9,8,29.97916667,28.8,31.4,0,328.6730491
22482,2,G16_53_H9,9,29.37916667,28.3,31.1,0,328.6730491
22483,2,G16_53_H9,10,29.1625,27.9,30.8,0,328.6730491
22484,2,G16_53_H9,11,28.79583333,27.3,30.2,0,328.6730491
22485,2,G16_53_H9,12,28.1375,27,29.8,0,328.6730491
22486,2,G16_53_H9,13,27.77916667,26.6,29.1,0,328.6730491
22487,2,G16_53_H9,14,27.44166667,26.2,28.5,0,328.6730491
22488,2,G16_53_H9,15,27.07083333,25.9,28.4,0,328.6730491
22489,2,G16_53_H9,16,26.5625,25.6,28.1,0,328.6730491
22490,2,G16_53_H9,17,26.48333333,25.4,27.5,0,328.6730491
22491,2,G16_53_H9,18,26.27083333,25.2,27.3,0,328.6730491
22492,2,G16_53_H9,19,25.82083333,24.9,26.7,0,328.6730491
22493,2,G16_53_H9,20,25.54166667,24.7,26.8,0,328.6730491
22494,2,G16_53_H9,21,25.45833333,24.8,26.6,0,328.6730491
22495,2,G16_53_H9,22,25.53333333,24.6,26.6,0,328.6730491
22496,2,G16_53_H9,23,25.7,24.6,26.5,0,328.6730491
22497,2,G16_53_H9,24,25.75416667,24.6,27,0,328.6730491
22498,2,G16_53_H9,25,25.64166667,24.4,27.5,0,328.6730491
22499,2,G16_53_H9,26,26.02916667,24.8,28.4,0,328.6730491
22500,2,G16_53_H9,27,26.35833333,24.5,28.3,0,328.6730491
22501,2,G16_53_H9,28,27.28333333,25.7,29.9,0,328.6730491
22502,2,G16_53_H9,29,25.69166667,23.4,29.2,0,328.6730491
22503,2,G16_53_H9,30,23.89583333,23.2,25.3,0,328.6730491
22504,2,G16_53_H9,31,24.1,23.1,25.2,0,328.6730491
22505,2,G16_53_H9,32,24.13333333,23,25.4,0,328.6730491
22506,2,G16_53_H9,33,23.48333333,22.1,25.4,0,328.6730491
22507,2,G30_66_H10,-2,23.2125,11.6,25.7,0,304.1477379
22508,2,G30_66_H10,-1,30.96666667,25.7,34.2,0,304.1477379
22509,2,G30_66_H10,0,34.10416667,29.4,34.9,0,304.1477379
22510,2,G30_66_H10,1,34.09583333,33.4,34.8,0,304.1477379
22511,2,G30_66_H10,2,33.3,32.5,34.4,0,304.1477379
22512,2,G30_66_H10,3,32.62916667,31.5,33.7,0,304.1477379
22513,2,G30_66_H10,4,31.7875,30.8,32.9,0,304.1477379
22514,2,G30_66_H10,5,31.075,30,32.1,0,304.1477379
22515,2,G30_66_H10,6,30.23333333,29.1,31.4,0,304.1477379
22516,2,G30_66_H10,7,29.66666667,28.6,30.7,0,304.1477379
22517,2,G30_66_H10,8,29.15,28,30.1,0,304.1477379
22518,2,G30_66_H10,9,28.225,27.7,29.6,0,304.1477379
22519,2,G30_66_H10,10,28.04583333,27.4,29.3,0,304.1477379
22520,2,G30_66_H10,11,27.7,27,28.9,0,304.1477379
22521,2,G30_66_H10,12,27.53333333,26.8,28.5,0,304.1477379
22522,2,G30_66_H10,13,27.42916667,26.5,28.1,0,304.1477379
22523,2,G30_66_H10,14,27.20833333,26,28.1,0,304.1477379
22524,2,G30_66_H10,15,26.79166667,25.6,27.5,0,304.1477379
22525,2,G30_66_H10,16,26.65,25.1,27.5,0,304.1477379
22526,2,G30_66_H10,17,26.5,25.2,27.2,0,304.1477379
22527,2,G30_66_H10,18,26.66666667,25.2,27.5,0,304.1477379
22528,2,G30_66_H10,19,26.9,25.3,28.1,0,304.1477379
22529,2,G30_66_H10,20,27.37916667,25.2,29,0,304.1477379
22530,2,G30_66_H10,21,28.275,27.2,30,0,304.1477379
22531,2,G30_66_H10,22,27.23333333,25.6,29.1,0,304.1477379
22532,2,G30_66_H10,23,26.10833333,25,27.6,0,304.1477379
22533,2,G30_66_H10,24,26.0875,24.8,27.1,0,304.1477379
22534,2,G30_66_H10,25,26.15,25.1,27.5,0,304.1477379
22535,2,G30_66_H10,26,25.5625,24.2,27.7,0,304.1477379
22536,2,G30_66_H10,27,25.57916667,24,27.8,0,304.1477379
22537,2,G30_66_H10,28,26.3,24.3,28.6,0,304.1477379
22538,2,G30_66_H10,29,26.99583333,25.1,28.5,0,304.1477379
22539,2,G30_66_H10,30,27.9375,26.3,29.6,0,304.1477379
22540,2,G30_66_H10,31,27.59583333,25.5,29.1,0,304.1477379
22541,2,G30_66_H10,32,27.44166667,26.2,28.4,0,304.1477379
22542,2,G30_66_H10,33,26.90833333,25.2,28.5,0,304.1477379
22543,2,G30_66_H11,-2,29.1,12.1,32.8,0,279.3375215
22544,2,G30_66_H11,-1,32.70833333,31.2,34.7,0,279.3375215
22545,2,G30_66_H11,0,33.83333333,30.5,35,0,279.3375215
22546,2,G30_66_H11,1,33.89166667,33.1,34.6,0,279.3375215
22547,2,G30_66_H11,2,33.1,32.3,34.2,0,279.3375215
22548,2,G30_66_H11,3,32.39166667,31.2,33.2,0,279.3375215
22549,2,G30_66_H11,4,31.55,30.4,32.6,0,279.3375215
22550,2,G30_66_H11,5,31.05416667,29.5,32,0,279.3375215
22551,2,G30_66_H11,6,30.21666667,28.4,31.6,0,279.3375215
22552,2,G30_66_H11,7,29.59166667,27.8,31,0,279.3375215
22553,2,G30_66_H11,8,29.4125,27.2,30.5,0,279.3375215
22554,2,G30_66_H11,9,28.2,27.2,29.9,0,279.3375215
22555,2,G30_66_H11,10,28.01666667,26.9,29.5,0,279.3375215
22556,2,G30_66_H11,11,27.70833333,26.7,29.2,0,279.3375215
22557,2,G30_66_H11,12,27.72083333,26.3,28.9,0,279.3375215
22558,2,G30_66_H11,13,27.31666667,25.9,28.4,0,279.3375215
22559,2,G30_66_H11,14,27.1625,25.1,28.2,0,279.3375215
22560,2,G30_66_H11,15,26.7875,24.8,28,0,279.3375215
22561,2,G30_66_H11,16,26.525,25.1,27.5,0,279.3375215
22562,2,G30_66_H11,17,26.47083333,24.7,27.4,0,279.3375215
22563,2,G30_66_H11,18,26.28333333,24.7,28,0,279.3375215
22564,2,G30_66_H11,19,26.5375,24.3,28.5,0,279.3375215
22565,2,G30_66_H11,20,27.24583333,25.8,30.3,0,279.3375215
22566,2,G30_66_H11,21,25.9875,24.2,28.6,0,279.3375215
22567,2,G30_66_H11,22,24.9875,24.2,27.1,0,279.3375215
22568,2,G30_66_H11,23,24.925,24.1,26.9,0,279.3375215
22569,2,G30_66_H11,24,24.9875,23.8,27.1,0,279.3375215
22570,2,G30_66_H11,25,25.15833333,23.1,26.5,0,279.3375215
22571,2,G30_66_H11,26,25.16666667,23,26.6,0,279.3375215
22572,2,G30_66_H11,27,25.91666667,23.5,27.5,0,279.3375215
22573,2,G30_66_H11,28,26.04583333,23.8,27.6,0,279.3375215
22574,2,G30_66_H11,29,26.3375,23.6,28.1,0,279.3375215
22575,2,G30_66_H11,30,26.02083333,23.5,27.9,0,279.3375215
22576,2,G30_66_H11,31,26.06666667,24.5,27.4,0,279.3375215
22577,2,G30_66_H11,32,24.95,22.9,27.3,0,279.3375215
22578,2,G30_66_H11,33,23.525,22.3,25.4,0,279.3375215
22579,2,G30_66_H11,34,23.35833333,22.3,25.1,0,279.3375215
22580,2,G30_66_H12,-2,26.07142857,17.1,29.3,0,316.4122209
22581,2,G30_66_H12,-1,32.08333333,29.2,33.9,0,316.4122209
22582,2,G30_66_H12,0,33.52083333,26.8,34.8,0,316.4122209
22583,2,G30_66_H12,1,33.99166667,33.3,34.8,0,316.4122209
22584,2,G30_66_H12,2,33.1625,32.4,34.1,0,316.4122209
22585,2,G30_66_H12,3,32.375,31.7,33.2,0,316.4122209
22586,2,G30_66_H12,4,31.99583333,31.3,32.7,0,316.4122209
22587,2,G30_66_H12,5,30.775,29.8,32.1,0,316.4122209
22588,2,G30_66_H12,6,29.99166667,29,31,0,316.4122209
22589,2,G30_66_H12,7,29.43333333,28.3,30.2,0,316.4122209
22590,2,G30_66_H12,8,28.69166667,28.1,29.9,0,316.4122209
22591,2,G30_66_H12,9,28.68333333,27.9,29.6,0,316.4122209
22592,2,G30_66_H12,10,28.2375,27.5,29.3,0,316.4122209
22593,2,G30_66_H12,11,28.2625,27.3,28.9,0,316.4122209
22594,2,G30_66_H12,12,27.97083333,27.1,28.8,0,316.4122209
22595,2,G30_66_H12,13,27.74583333,26.2,28.7,0,316.4122209
22596,2,G30_66_H12,14,27.4125,25.4,28.1,0,316.4122209
22597,2,G30_66_H12,15,26.775,25.5,27.8,0,316.4122209
22598,2,G30_66_H12,16,26.30833333,25.3,27.7,0,316.4122209
22599,2,G30_66_H12,17,26.25416667,25,27.4,0,316.4122209
22600,2,G30_66_H12,18,26.2625,25,27.7,0,316.4122209
22601,2,G30_66_H12,19,26.78333333,25.1,28.3,0,316.4122209
22602,2,G30_66_H12,20,27.62916667,26.6,29.5,0,316.4122209
22603,2,G30_66_H12,21,26.49583333,25,28.4,0,316.4122209
22604,2,G30_66_H12,22,25.62083333,24.8,27.3,0,316.4122209
22605,2,G30_66_H12,23,26.08333333,24.6,27.5,0,316.4122209
22606,2,G30_66_H12,24,26.3125,24.7,27.1,0,316.4122209
22607,2,G30_66_H12,25,26.0875,24.2,27,0,316.4122209
22608,2,G30_66_H12,26,25.87916667,23.9,26.8,0,316.4122209
22609,2,G30_66_H12,27,26.29583333,24.1,27.8,0,316.4122209
22610,2,G30_66_H12,28,26.42083333,24.7,27.6,0,316.4122209
22611,2,G30_66_H12,29,26.88333333,24.8,28.6,0,316.4122209
22612,2,G30_66_H12,30,26.61666667,24.5,28.4,0,316.4122209
22613,2,G30_66_H12,31,26.72916667,25.9,28,0,316.4122209
22614,2,G30_66_H12,32,26.0625,24.8,28.1,0,316.4122209
22615,2,G30_66_H12,33,24.8,23.5,26.6,0,316.4122209
22616,2,G30_66_H12,34,24.53333333,23.5,26.1,0,316.4122209
22617,2,G30_66_H12,35,23.40416667,21.6,25.7,0,316.4122209
22618,2,G30_66_H13,-2,27.1375,13.9,32.2,0,300.2970026
22619,2,G30_66_H13,-1,32.39166667,30.7,34.5,0,300.2970026
22620,2,G30_66_H13,0,33.525,29.5,35.1,0,300.2970026
22621,2,G30_66_H13,1,33.6,32.6,34.5,0,300.2970026
22622,2,G30_66_H13,2,32.82916667,31.6,33.8,0,300.2970026
22623,2,G30_66_H13,3,32.1,30.7,33,0,300.2970026
22624,2,G30_66_H13,4,31.32083333,30.2,32.3,0,300.2970026
22625,2,G30_66_H13,5,30.43333333,29.3,31.8,0,300.2970026
22626,2,G30_66_H13,6,29.77083333,28.1,31,0,300.2970026
22627,2,G30_66_H13,7,28.90833333,27.8,30.2,0,300.2970026
22628,2,G30_66_H13,8,28.4875,26.9,29.9,0,300.2970026
22629,2,G30_66_H13,9,28.3125,27,29.3,0,300.2970026
22630,2,G30_66_H13,10,27.77916667,26.8,28.9,0,300.2970026
22631,2,G30_66_H13,11,27.44166667,26.3,28.8,0,300.2970026
22632,2,G30_66_H13,12,27.35416667,26.1,28.3,0,300.2970026
22633,2,G30_66_H13,13,27.00416667,25.8,28,0,300.2970026
22634,2,G30_66_H13,14,26.68333333,25.3,27.9,0,300.2970026
22635,2,G30_66_H13,15,26.39166667,24.9,27.7,0,300.2970026
22636,2,G30_66_H13,16,26.65,24.9,27.8,0,300.2970026
22637,2,G30_66_H13,17,26.57083333,24.4,27.8,0,300.2970026
22638,2,G30_66_H13,18,26.9125,24.3,28.3,0,300.2970026
22639,2,G30_66_H13,19,27.51666667,26,30.4,0,300.2970026
22640,2,G30_66_H13,20,26.21666667,24.5,28.5,0,300.2970026
22641,2,G30_66_H13,21,25.375,24.2,27,0,300.2970026
22642,2,G30_66_H13,22,25.19583333,24.3,26.8,0,300.2970026
22643,2,G30_66_H13,23,24.95,23.9,26.9,0,300.2970026
22644,2,G30_66_H13,24,24.62083333,23.6,26.2,0,300.2970026
22645,2,G30_66_H13,25,24.57916667,23.6,26.3,0,300.2970026
22646,2,G30_66_H13,26,25.3875,23.7,27.5,0,300.2970026
22647,2,G30_66_H13,27,25.64166667,23.6,27.5,0,300.2970026
22648,2,G30_66_H13,28,26.325,23.9,28.6,0,300.2970026
22649,2,G30_66_H13,29,26.20416667,23.4,28.3,0,300.2970026
22650,2,G30_66_H13,30,26.12916667,24.1,27.9,0,300.2970026
22651,2,G30_66_H13,31,25.125,23.1,26.5,0,300.2970026
22652,2,G30_66_H13,32,24.4375,22.5,25.5,0,300.2970026
22653,2,G30_66_H13,33,24.2875,22.5,25.4,0,300.2970026
22654,2,G30_66_H13,34,23.46666667,21.3,24.8,0,300.2970026
22655,2,G30_66_H14,-2,18,10.5,21.5,0,356.3900305
22656,2,G30_66_H14,-1,28.72083333,20.6,33.3,0,356.3900305
22657,2,G30_66_H14,0,33.90833333,31.5,34.6,0,356.3900305
22658,2,G30_66_H14,1,33.9,33.3,34.6,0,356.3900305
22659,2,G30_66_H14,2,33.24583333,32.3,34.2,0,356.3900305
22660,2,G30_66_H14,3,32.44583333,31.4,33.2,0,356.3900305
22661,2,G30_66_H14,4,31.70833333,30.4,32.6,0,356.3900305
22662,2,G30_66_H14,5,30.77083333,29.7,31.8,0,356.3900305
22663,2,G30_66_H14,6,29.93333333,28.6,30.9,0,356.3900305
22664,2,G30_66_H14,7,29.34583333,28,30.1,0,356.3900305
22665,2,G30_66_H14,8,28.6125,27.6,29.8,0,356.3900305
22666,2,G30_66_H14,9,28.16666667,27.4,29.3,0,356.3900305
22667,2,G30_66_H14,10,27.45416667,26.8,29,0,356.3900305
22668,2,G30_66_H14,11,27.62916667,26.6,28.5,0,356.3900305
22669,2,G30_66_H14,12,27.60833333,26.4,28.3,0,356.3900305
22670,2,G30_66_H14,13,27.4,26.1,28.1,0,356.3900305
22671,2,G30_66_H14,14,27.20833333,25.5,27.9,0,356.3900305
22672,2,G30_66_H14,15,26.99583333,25.2,27.8,0,356.3900305
22673,2,G30_66_H14,16,26.85,25.3,27.3,0,356.3900305
22674,2,G30_66_H14,17,26.68333333,25.2,27.5,0,356.3900305
22675,2,G30_66_H14,18,26.59166667,25.2,28.4,0,356.3900305
22676,2,G30_66_H14,19,27.17083333,25.2,28.7,0,356.3900305
22677,2,G30_66_H14,20,27.94166667,26.9,29.6,0,356.3900305
22678,2,G30_66_H14,21,26.85833333,25.6,28.8,0,356.3900305
22679,2,G30_66_H14,22,25.6,24.9,27.8,0,356.3900305
22680,2,G30_66_H14,23,25.375,24.7,27,0,356.3900305
22681,2,G30_66_H14,24,25.37916667,24.6,27.1,0,356.3900305
22682,2,G30_66_H14,25,25.43333333,24.2,26.9,0,356.3900305
22683,2,G30_66_H14,26,25.40833333,24,26.7,0,356.3900305
22684,2,G30_66_H14,27,26.22083333,24.2,27.9,0,356.3900305
22685,2,G30_66_H14,28,26.82083333,24.9,28,0,356.3900305
22686,2,G30_66_H14,29,27.46666667,25.6,28.8,0,356.3900305
22687,2,G30_66_H14,30,27.12083333,24.9,28.4,0,356.3900305
22688,2,G30_66_H14,31,27.175,25.9,28,0,356.3900305
22689,2,G30_66_H14,32,26.60833333,25,28.2,0,356.3900305
22690,2,G30_66_H14,33,25.55,23.7,27.4,0,356.3900305
22691,2,G30_66_H14,34,24.98333333,24,26.3,0,356.3900305
22692,2,G30_66_H14,35,23.39166667,21.3,26.5,0,356.3900305
22693,2,G30_66_H17,-2,20.8,10.5,26.9,0,282.9280157
22694,2,G30_66_H17,-1,30.89166667,24.9,34.8,0,282.9280157
22695,2,G30_66_H17,0,34.075,31.6,35,0,282.9280157
22696,2,G30_66_H17,1,33.8625,33.1,34.6,0,282.9280157
22697,2,G30_66_H17,2,32.95,32,33.7,0,282.9280157
22698,2,G30_66_H17,3,32.14583333,31.3,33.4,0,282.9280157
22699,2,G30_66_H17,4,31.4125,30.5,32.5,0,282.9280157
22700,2,G30_66_H17,5,30.68333333,29.4,31.7,0,282.9280157
22701,2,G30_66_H17,6,30.03333333,28.6,31.3,0,282.9280157
22702,2,G30_66_H17,7,29.37083333,28.3,30.5,0,282.9280157
22703,2,G30_66_H17,8,28.67083333,27.8,30.3,0,282.9280157
22704,2,G30_66_H17,9,28.4375,27.6,29.9,0,282.9280157
22705,2,G30_66_H17,10,28.375,27.3,29.5,0,282.9280157
22706,2,G30_66_H17,11,28.1375,27,29.3,0,282.9280157
22707,2,G30_66_H17,12,27.97083333,26.7,28.9,0,282.9280157
22708,2,G30_66_H17,13,27.71666667,26.1,28.3,0,282.9280157
22709,2,G30_66_H17,14,27.32916667,25.3,28.4,0,282.9280157
22710,2,G30_66_H17,15,26.93333333,25.5,28.2,0,282.9280157
22711,2,G30_66_H17,16,26.8125,25.1,27.8,0,282.9280157
22712,2,G30_66_H17,17,26.525,24.9,28,0,282.9280157
22713,2,G30_66_H17,18,26.88333333,24.6,28.5,0,282.9280157
22714,2,G30_66_H17,19,27.475,26.1,30.2,0,282.9280157
22715,2,G30_66_H17,20,26.29583333,25,28.6,0,282.9280157
22716,2,G30_66_H17,21,25.84166667,24.5,27.6,0,282.9280157
22717,2,G30_66_H17,22,26.24166667,24.3,27.5,0,282.9280157
22718,2,G30_66_H17,23,26.32083333,24,27.5,0,282.9280157
22719,2,G30_66_H17,24,26.30416667,23.8,27,0,282.9280157
22720,2,G30_66_H17,25,25.35833333,23.6,27.1,0,282.9280157
22721,2,G30_66_H17,26,25.65833333,23.6,27.9,0,282.9280157
22722,2,G30_66_H17,27,25.47916667,23.8,27.7,0,282.9280157
22723,2,G30_66_H17,28,26.30416667,23.9,28.4,0,282.9280157
22724,2,G30_66_H17,29,26.47916667,23.4,28.3,0,282.9280157
22725,2,G30_66_H17,30,26.30833333,24.4,27.8,0,282.9280157
22726,2,G30_66_H17,31,25.3625,23.3,26.7,0,282.9280157
22727,2,G30_66_H17,32,24.57916667,22.3,25.4,0,282.9280157
22728,2,G30_66_H17,33,24.20416667,22.4,25.2,0,282.9280157
22729,2,G30_66_H17,34,22.97916667,21.3,24.7,0,282.9280157
22730,2,G30_66_H18,27,27.085,25.2,28.3,0,309.5457538
22731,2,G30_66_H18,28,27.85416667,25.9,29.2,0,309.5457538
22732,2,G30_66_H18,29,27.475,25,28.7,0,309.5457538
22733,2,G30_66_H18,30,27.42083333,26.1,28.4,0,309.5457538
22734,2,G30_66_H18,31,26.68333333,25.1,28.4,0,309.5457538
22735,2,G30_66_H18,32,25.30416667,23.4,27.1,0,309.5457538
22736,2,G30_66_H18,33,24.4625,23.5,26.1,0,309.5457538
22737,2,G30_66_H18,34,23.17083333,21.6,25.9,0,309.5457538
22738,2,G30_66_H18,35,23.39583333,21.6,25.8,0,309.5457538
22739,2,G30_66_H19,-2,26.3625,10.5,32.2,0,317.139799
22740,2,G30_66_H19,-1,33.33333333,31.4,35.2,0,317.139799
22741,2,G30_66_H19,0,34.32916667,31.8,35.5,0,317.139799
22742,2,G30_66_H19,1,34.04166667,33.1,35,0,317.139799
22743,2,G30_66_H19,2,33.2125,31.8,34.3,0,317.139799
22744,2,G30_66_H19,3,32.375,30.9,33.7,0,317.139799
22745,2,G30_66_H19,4,31.93333333,30.4,33,0,317.139799
22746,2,G30_66_H19,5,30.8,29.3,32.4,0,317.139799
22747,2,G30_66_H19,6,29.96666667,28.4,31.4,0,317.139799
22748,2,G30_66_H19,7,29.2375,27.9,30.8,0,317.139799
22749,2,G30_66_H19,8,28.75,27.4,30.4,0,317.139799
22750,2,G30_66_H19,9,28.50416667,27.3,30,0,317.139799
22751,2,G30_66_H19,10,28.19166667,26.9,29.6,0,317.139799
22752,2,G30_66_H19,11,27.87916667,26.6,29.3,0,317.139799
22753,2,G30_66_H19,12,28.1125,26.3,28.9,0,317.139799
22754,2,G30_66_H19,13,27.48333333,25.8,28.5,0,317.139799
22755,2,G30_66_H19,14,26.85833333,25.7,28.1,0,317.139799
22756,2,G30_66_H19,15,26.67083333,25.3,28,0,317.139799
22757,2,G30_66_H19,16,26.49166667,24.9,27.9,0,317.139799
22758,2,G30_66_H19,17,26.45,24.8,27.9,0,317.139799
22759,2,G30_66_H19,18,26.67916667,24.6,28.7,0,317.139799
22760,2,G30_66_H19,19,27.57083333,26.1,30.8,0,317.139799
22761,2,G30_66_H19,20,26.20416667,24.5,28.5,0,317.139799
22762,2,G30_66_H19,21,25.52916667,24.4,27,0,317.139799
22763,2,G30_66_H19,22,25.92083333,24.1,26.8,0,317.139799
22764,2,G30_66_H19,23,26.10833333,24.1,27,0,317.139799
22765,2,G30_66_H19,24,25.37083333,23.2,26.9,0,317.139799
22766,2,G30_66_H19,25,24.67916667,23.2,26.5,0,317.139799
22767,2,G30_66_H19,26,25.36666667,23.2,28.1,0,317.139799
22768,2,G30_66_H19,27,25.55,23.6,27.9,0,317.139799
22769,2,G30_66_H19,28,26.30416667,24.2,28.8,0,317.139799
22770,2,G30_66_H19,29,26.40416667,23.7,28.3,0,317.139799
22771,2,G30_66_H19,30,26.35416667,24.6,28.1,0,317.139799
22772,2,G30_66_H19,31,25.22916667,23.4,26.7,0,317.139799
22773,2,G30_66_H19,32,24.41666667,22.5,25.4,0,317.139799
22774,2,G30_66_H19,33,24.15833333,22.7,25.2,0,317.139799
22775,2,G30_66_H19,34,23.25416667,21.5,24.7,0,317.139799
22776,2,G30_66_H19,35,23.35416667,21.3,25.7,0,317.139799
22777,2,G30_66_H2,-2,25.19333333,11.5,28.9,0,308.2869586
22778,2,G30_66_H2,-1,32.94166667,28.6,34.8,0,308.2869586
22779,2,G30_66_H2,0,33.81176471,30.3,34.8,0,308.2869586
22780,2,G30_66_H2,1,33.725,32.9,34.6,0,308.2869586
22781,2,G30_66_H2,2,32.75416667,32,33.9,0,308.2869586
22782,2,G30_66_H2,3,32.34166667,31.2,33.1,0,308.2869586
22783,2,G30_66_H2,4,31.50416667,30.7,32.5,0,308.2869586
22784,2,G30_66_H2,5,30.875,30,31.9,0,308.2869586
22785,2,G30_66_H2,6,30.09166667,28.8,31.2,0,308.2869586
22786,2,G30_66_H2,7,29.35833333,28.3,30.2,0,308.2869586
22787,2,G30_66_H2,8,28.75833333,27.8,29.8,0,308.2869586
22788,2,G30_66_H2,9,28.56666667,27.1,29.6,0,308.2869586
22789,2,G30_66_H2,10,27.775,26.8,28.9,0,308.2869586
22790,2,G30_66_H2,11,27.55,26.1,28.5,0,308.2869586
22791,2,G30_66_H2,12,27.3625,26,28.3,0,308.2869586
22792,2,G30_66_H2,13,26.93333333,25.8,28.1,0,308.2869586
22793,2,G30_66_H2,14,26.62916667,25.6,27.8,0,308.2869586
22794,2,G30_66_H2,15,26.43333333,25.4,27.1,0,308.2869586
22795,2,G30_66_H2,16,26.23333333,24.9,27.6,0,308.2869586
22796,2,G30_66_H2,17,25.82083333,24.5,26.6,0,308.2869586
22797,2,G30_66_H2,18,25.6625,24.3,26.3,0,308.2869586
22798,2,G30_66_H2,19,25.54166667,24.3,26.4,0,308.2869586
22799,2,G30_66_H2,20,25.60416667,24.2,26.7,0,308.2869586
22800,2,G30_66_H2,21,25.75,24.2,27.5,0,308.2869586
22801,2,G30_66_H2,22,26.15833333,24,28,0,308.2869586
22802,2,G30_66_H2,23,27.20833333,25.9,29.2,0,308.2869586
22803,2,G30_66_H2,24,25.77083333,23.7,27.8,0,308.2869586
22804,2,G30_66_H2,25,24.275,23.3,25.8,0,308.2869586
22805,2,G30_66_H2,26,24.74166667,23.4,25.5,0,308.2869586
22806,2,G30_66_H2,27,24.57083333,23.4,25.9,0,308.2869586
22807,2,G30_66_H2,28,23.8625,22.7,25.6,0,308.2869586
22808,2,G30_66_H2,29,23.7125,22.5,25.7,0,308.2869586
22809,2,G30_66_H2,30,24.6375,22.5,26.9,0,308.2869586
22810,2,G30_66_H2,31,25.05416667,23.1,26.7,0,308.2869586
22811,2,G30_66_H2,32,25.74166667,23.6,27.4,0,308.2869586
22812,2,G30_66_H2,33,25.3,22.8,27,0,308.2869586
22813,2,G30_66_H2,34,25.37083333,24.2,26.6,0,308.2869586
22814,2,G30_66_H2,35,24.37916667,22.6,26.7,0,308.2869586
22815,2,G30_66_H20,-2,15.6875,10.5,20.4,0,354.7641125
22816,2,G30_66_H20,-1,28.67916667,20.3,32.8,0,354.7641125
22817,2,G30_66_H20,0,33.75833333,30.5,34.9,0,354.7641125
22818,2,G30_66_H20,1,34.075,33.5,34.7,0,354.7641125
22819,2,G30_66_H20,2,33.29583333,32.5,34.3,0,354.7641125
22820,2,G30_66_H20,3,32.425,31.6,33.4,0,354.7641125
22821,2,G30_66_H20,4,31.70833333,30.6,32.8,0,354.7641125
22822,2,G30_66_H20,5,30.90833333,29.7,31.9,0,354.7641125
22823,2,G30_66_H20,6,30.06666667,28.9,31.1,0,354.7641125
22824,2,G30_66_H20,7,29.54583333,28.4,30.4,0,354.7641125
22825,2,G30_66_H20,8,29.23333333,28.1,30.1,0,354.7641125
22826,2,G30_66_H20,9,28.825,27.9,29.4,0,354.7641125
22827,2,G30_66_H20,10,28.4875,27.4,29.2,0,354.7641125
22828,2,G30_66_H20,11,28.26666667,27.2,28.9,0,354.7641125
22829,2,G30_66_H20,12,27.82083333,26.8,28.6,0,354.7641125
22830,2,G30_66_H20,13,27.45833333,26.2,28.3,0,354.7641125
22831,2,G30_66_H20,14,26.86666667,26,27.9,0,354.7641125
22832,2,G30_66_H20,15,26.825,25.9,28.1,0,354.7641125
22833,2,G30_66_H20,16,26.62083333,25.7,27.9,0,354.7641125
22834,2,G30_66_H20,17,26.78333333,25.6,28.3,0,354.7641125
22835,2,G30_66_H20,18,27.24166667,25.5,29,0,354.7641125
22836,2,G30_66_H20,19,28.28333333,27.1,30.2,0,354.7641125
22837,2,G30_66_H20,20,27.2625,26,29.3,0,354.7641125
22838,2,G30_66_H20,21,26.42916667,25.5,28.2,0,354.7641125
22839,2,G30_66_H20,22,26.69583333,25.5,27.5,0,354.7641125
22840,2,G30_66_H20,23,26.94166667,25.3,28.1,0,354.7641125
22841,2,G30_66_H20,24,26.74583333,24.6,28,0,354.7641125
22842,2,G30_66_H20,25,26.18333333,24.5,27.8,0,354.7641125
22843,2,G30_66_H20,26,26.7375,24.7,28.6,0,354.7641125
22844,2,G30_66_H20,27,26.99583333,25.3,28.6,0,354.7641125
22845,2,G30_66_H20,28,27.55416667,26.2,29.2,0,354.7641125
22846,2,G30_66_H20,29,27.16666667,25.3,28.9,0,354.7641125
22847,2,G30_66_H20,30,27.2875,26.2,28.5,0,354.7641125
22848,2,G30_66_H20,31,26.74166667,25.4,28.6,0,354.7641125
22849,2,G30_66_H20,32,25.95833333,24,27.6,0,354.7641125
22850,2,G30_66_H20,33,25.3625,24.1,26.5,0,354.7641125
22851,2,G30_66_H20,34,24.07083333,21.8,26.5,0,354.7641125
22852,2,G30_66_H3,-2,32.875,24.3,34.7,0,300.0895426
22853,2,G30_66_H3,-1,33.40416667,26.1,35.1,0,300.0895426
22854,2,G30_66_H3,0,33.96666667,29.5,35.2,0,300.0895426
22855,2,G30_66_H3,1,34,33.1,34.8,0,300.0895426
22856,2,G30_66_H3,2,33.38333333,32.3,34.2,0,300.0895426
22857,2,G30_66_H3,3,32.45,31.4,33.7,0,300.0895426
22858,2,G30_66_H3,4,31.6375,30.5,32.7,0,300.0895426
22859,2,G30_66_H3,5,30.69166667,29.7,31.7,0,300.0895426
22860,2,G30_66_H3,6,30.00833333,28.8,31.2,0,300.0895426
22861,2,G30_66_H3,7,29.35416667,28.3,30.6,0,300.0895426
22862,2,G30_66_H3,8,28.91666667,27.6,30.4,0,300.0895426
22863,2,G30_66_H3,9,28.70833333,27.3,29.6,0,300.0895426
22864,2,G30_66_H3,10,28.19583333,27.1,29.4,0,300.0895426
22865,2,G30_66_H3,11,27.86666667,27,29.1,0,300.0895426
22866,2,G30_66_H3,12,27.4125,26.6,28.8,0,300.0895426
22867,2,G30_66_H3,13,27.35,26.4,28.8,0,300.0895426
22868,2,G30_66_H3,14,26.96666667,25.7,28.6,0,300.0895426
22869,2,G30_66_H3,15,26.60416667,24.7,27.7,0,300.0895426
22870,2,G30_66_H3,16,26.1625,24.5,27,0,300.0895426
22871,2,G30_66_H3,17,26.30833333,24.8,27.2,0,300.0895426
22872,2,G30_66_H3,18,26.3875,24.7,27.3,0,300.0895426
22873,2,G30_66_H3,19,26.6875,24.6,28.5,0,300.0895426
22874,2,G30_66_H3,20,27.02916667,24.5,28.6,0,300.0895426
22875,2,G30_66_H3,21,27.69166667,25.8,30.7,0,300.0895426
22876,2,G30_66_H3,22,26.13333333,24.2,28.6,0,300.0895426
22877,2,G30_66_H3,23,25.08333333,23.9,26.4,0,300.0895426
22878,2,G30_66_H3,24,24.79583333,23.7,26.8,0,300.0895426
22879,2,G30_66_H3,25,24.6125,23.8,26.6,0,300.0895426
22880,2,G30_66_H3,26,24.575,22.9,26.2,0,300.0895426
22881,2,G30_66_H3,27,24.575,22.8,25.9,0,300.0895426
22882,2,G30_66_H3,28,25.50416667,22.9,27.5,0,300.0895426
22883,2,G30_66_H3,29,25.7375,23.4,27.6,0,300.0895426
22884,2,G30_66_H3,30,26.17916667,23.5,28.2,0,300.0895426
22885,2,G30_66_H3,31,25.86666667,22.9,28.1,0,300.0895426
22886,2,G30_66_H3,32,25.9875,24.4,27.6,0,300.0895426
22887,2,G30_66_H3,33,24.92083333,22.9,27,0,300.0895426
22888,2,G30_66_H3,34,23.42083333,22,25.3,0,300.0895426
22889,2,G30_66_H3,35,23.10416667,22,25.3,0,300.0895426
22890,2,G30_66_H4,11,27.82272727,26.9,28.8,0,384.8662898
22891,2,G30_66_H4,12,27.575,26.5,28.4,0,384.8662898
22892,2,G30_66_H4,13,27.22916667,26.2,28.3,0,384.8662898
22893,2,G30_66_H4,14,26.81666667,26.1,27.9,0,384.8662898
22894,2,G30_66_H4,15,26.3875,25.8,27.5,0,384.8662898
22895,2,G30_66_H4,16,26.125,25.2,27.3,0,384.8662898
22896,2,G30_66_H4,17,25.65833333,24.7,26.9,0,384.8662898
22897,2,G30_66_H4,18,25.55416667,24.3,26.7,0,384.8662898
22898,2,G30_66_H4,19,25.5375,24.5,26.6,0,384.8662898
22899,2,G30_66_H4,20,26.07916667,24.5,27.3,0,384.8662898
22900,2,G30_66_H4,21,26.6375,25.1,28.2,0,384.8662898
22901,2,G30_66_H4,22,27.4875,24.8,29.1,0,384.8662898
22902,2,G30_66_H4,23,28.66666667,27.1,30.6,0,384.8662898
22903,2,G30_66_H4,24,27.48333333,25,29.5,0,384.8662898
22904,2,G30_66_H4,25,25.67916667,24.4,27.1,0,384.8662898
22905,2,G30_66_H4,26,25.45833333,24.4,26.9,0,384.8662898
22906,2,G30_66_H4,27,25.52916667,24.4,26.9,0,384.8662898
22907,2,G30_66_H4,28,25.59583333,23.8,27.7,0,384.8662898
22908,2,G30_66_H4,29,25.275,23.7,27.4,0,384.8662898
22909,2,G30_66_H4,30,26.025,23.7,28.2,0,384.8662898
22910,2,G30_66_H4,31,26.71666667,24.9,28.2,0,384.8662898
22911,2,G30_66_H4,32,27.4125,26,29.1,0,384.8662898
22912,2,G30_66_H4,33,27.14583333,25.1,32.2,0,384.8662898
22913,2,G30_66_H4,34,26.86666667,25.9,28.4,0,384.8662898
22914,2,G30_66_H4,35,26.1125,24.8,27.9,0,384.8662898
22915,2,G30_66_H5,-2,29.94444444,10.5,33.7,0,305.6805854
22916,2,G30_66_H5,-1,33.7875,30.7,35.1,0,305.6805854
22917,2,G30_66_H5,0,34.12916667,33.2,35.3,0,305.6805854
22918,2,G30_66_H5,1,33.75,26,35.2,0,305.6805854
22919,2,G30_66_H5,2,33.27083333,32.4,34.4,0,305.6805854
22920,2,G30_66_H5,3,32.63333333,31.5,33.6,0,305.6805854
22921,2,G30_66_H5,4,31.53333333,30.5,32.6,0,305.6805854
22922,2,G30_66_H5,5,30.90416667,29.6,32,0,305.6805854
22923,2,G30_66_H5,6,30.00833333,28.9,31.4,0,305.6805854
22924,2,G30_66_H5,7,29.47916667,28.2,30.8,0,305.6805854
22925,2,G30_66_H5,8,28.79583333,27.8,30.3,0,305.6805854
22926,2,G30_66_H5,9,28.40833333,27.5,30.1,0,305.6805854
22927,2,G30_66_H5,10,28.30833333,27,29.5,0,305.6805854
22928,2,G30_66_H5,11,27.84583333,26.5,29.2,0,305.6805854
22929,2,G30_66_H5,12,27.26666667,26.3,29.1,0,305.6805854
22930,2,G30_66_H5,13,27.1625,26,28.5,0,305.6805854
22931,2,G30_66_H5,14,26.825,25.8,28.3,0,305.6805854
22932,2,G30_66_H5,15,26.42916667,25.3,27.6,0,305.6805854
22933,2,G30_66_H5,16,26.54583333,24.7,27.2,0,305.6805854
22934,2,G30_66_H5,17,26.4375,24.8,27.4,0,305.6805854
22935,2,G30_66_H5,18,26.425,24.5,27.2,0,305.6805854
22936,2,G30_66_H5,19,26.45,24.3,28,0,305.6805854
22937,2,G30_66_H5,20,26.73333333,24.1,28.3,0,305.6805854
22938,2,G30_66_H5,21,27.3625,25.8,30,0,305.6805854
22939,2,G30_66_H5,22,25.89583333,24.2,28.5,0,305.6805854
22940,2,G30_66_H5,23,24.75833333,23.5,27,0,305.6805854
22941,2,G30_66_H5,24,24.59583333,23.5,26.9,0,305.6805854
22942,2,G30_66_H5,25,25.02916667,23.4,26.6,0,305.6805854
22943,2,G30_66_H5,26,25.1375,22.8,26.3,0,305.6805854
22944,2,G30_66_H5,27,25.07083333,22.6,26.3,0,305.6805854
22945,2,G30_66_H5,28,25.62916667,22.7,27.5,0,305.6805854
22946,2,G30_66_H5,29,25.75833333,23.1,27.4,0,305.6805854
22947,2,G30_66_H5,30,26.1625,23.6,28,0,305.6805854
22948,2,G30_66_H5,31,25.74166667,22.7,27.9,0,305.6805854
22949,2,G30_66_H5,32,25.4875,23.6,27.1,0,305.6805854
22950,2,G30_66_H5,33,23.87916667,22.4,26,0,305.6805854
22951,2,G30_66_H5,34,23.02916667,21.6,24.5,0,305.6805854
22952,2,G30_66_H6,-2,24.7,11.6,27.6,0,283.8136561
22953,2,G30_66_H6,-1,32.54166667,27.1,34.6,0,283.8136561
22954,2,G30_66_H6,0,33.86666667,31.4,35.2,0,283.8136561
22955,2,G30_66_H6,1,34.05416667,33.2,35,0,283.8136561
22956,2,G30_66_H6,2,33.32916667,32.4,34.5,0,283.8136561
22957,2,G30_66_H6,3,32.7,32,33.7,0,283.8136561
22958,2,G30_66_H6,4,32.0875,30.8,33.2,0,283.8136561
22959,2,G30_66_H6,5,31.375,30,32.3,0,283.8136561
22960,2,G30_66_H6,6,30.19166667,29.4,31.4,0,283.8136561
22961,2,G30_66_H6,7,29.62083333,28.6,30.9,0,283.8136561
22962,2,G30_66_H6,8,29.16666667,27.9,30.5,0,283.8136561
22963,2,G30_66_H6,9,28.75416667,27.7,29.8,0,283.8136561
22964,2,G30_66_H6,10,28.25833333,27.3,29.4,0,283.8136561
22965,2,G30_66_H6,11,27.87916667,27.1,29,0,283.8136561
22966,2,G30_66_H6,12,27.6375,26.9,28.7,0,283.8136561
22967,2,G30_66_H6,13,27.42083333,26.5,28.4,0,283.8136561
22968,2,G30_66_H6,14,27.2375,26.3,28.3,0,283.8136561
22969,2,G30_66_H6,15,26.925,25.8,27.7,0,283.8136561
22970,2,G30_66_H6,16,26.82916667,25.5,27.8,0,283.8136561
22971,2,G30_66_H6,17,26.65,25.2,27.4,0,283.8136561
22972,2,G30_66_H6,18,26.80416667,25.2,27.9,0,283.8136561
22973,2,G30_66_H6,19,27.1625,25.6,28.5,0,283.8136561
22974,2,G30_66_H6,20,27.78333333,25.4,29.2,0,283.8136561
22975,2,G30_66_H6,21,28.4375,27.3,30.2,0,283.8136561
22976,2,G30_66_H6,22,27.32916667,25.5,29.1,0,283.8136561
22977,2,G30_66_H6,23,25.9,25.1,27.7,0,283.8136561
22978,2,G30_66_H6,24,25.8125,25.1,27.4,0,283.8136561
22979,2,G30_66_H6,25,26.17083333,25.2,27.7,0,283.8136561
22980,2,G30_66_H6,26,25.875,24.5,28.1,0,283.8136561
22981,2,G30_66_H6,27,26.00833333,24.3,28.1,0,283.8136561
22982,2,G30_66_H6,28,26.79166667,24.4,28.8,0,283.8136561
22983,2,G30_66_H6,29,27.61666667,25.7,28.8,0,283.8136561
22984,2,G30_66_H6,30,28.27083333,26.5,29.9,0,283.8136561
22985,2,G30_66_H6,31,27.89583333,26.1,29.5,0,283.8136561
22986,2,G30_66_H6,32,27.38333333,26.4,28.7,0,283.8136561
22987,2,G30_66_H6,33,26.77083333,25.5,28.4,0,283.8136561
22988,2,G30_66_H6,34,25.83333333,24.2,27.6,0,283.8136561
22989,2,G30_66_H6,35,25.3875,24.5,26.7,0,283.8136561
22990,2,G30_66_H7,-2,32.22857143,17.8,33.4,0,317.8794768
22991,2,G30_66_H7,-1,32.8,31.7,34.9,0,317.8794768
22992,2,G30_66_H7,0,33.8375,29.6,35.2,0,317.8794768
22993,2,G30_66_H7,1,33.85,33,34.8,0,317.8794768
22994,2,G30_66_H7,2,33.16666667,32.3,34.3,0,317.8794768
22995,2,G30_66_H7,3,32.21666667,31.2,33.5,0,317.8794768
22996,2,G30_66_H7,4,31.40416667,30.3,32.6,0,317.8794768
22997,2,G30_66_H7,5,30.81666667,29.5,31.9,0,317.8794768
22998,2,G30_66_H7,6,29.8,28.4,31.4,0,317.8794768
22999,2,G30_66_H7,7,29.2125,27.7,30.7,0,317.8794768
23000,2,G30_66_H7,8,28.96666667,27.4,30.1,0,317.8794768
23001,2,G30_66_H7,9,28.3625,27.1,29.8,0,317.8794768
23002,2,G30_66_H7,10,28.1375,26.8,29.6,0,317.8794768
23003,2,G30_66_H7,11,28.0125,26.5,29.1,0,317.8794768
23004,2,G30_66_H7,12,27.825,26.4,28.9,0,317.8794768
23005,2,G30_66_H7,13,27.42083333,26,28.7,0,317.8794768
23006,2,G30_66_H7,14,26.85833333,25.5,28.3,0,317.8794768
23007,2,G30_66_H7,15,26.4875,25,27.7,0,317.8794768
23008,2,G30_66_H7,16,26.17083333,25,27.4,0,317.8794768
23009,2,G30_66_H7,17,25.99166667,24.7,27.3,0,317.8794768
23010,2,G30_66_H7,18,26,24.4,28.2,0,317.8794768
23011,2,G30_66_H7,19,26.45,24.5,28.4,0,317.8794768
23012,2,G30_66_H7,20,27.45416667,25.8,31.1,0,317.8794768
23013,2,G30_66_H7,21,26.02083333,24.3,28.6,0,317.8794768
23014,2,G30_66_H7,22,25.64583333,23.9,26.9,0,317.8794768
23015,2,G30_66_H7,23,25.92916667,24,26.6,0,317.8794768
23016,2,G30_66_H7,24,25.60833333,23.6,26.8,0,317.8794768
23017,2,G30_66_H7,25,25.31666667,23,26.7,0,317.8794768
23018,2,G30_66_H7,26,24.94583333,22.9,26.2,0,317.8794768
23019,2,G30_66_H7,27,25.2,23.1,27.6,0,317.8794768
23020,2,G30_66_H7,28,25.20416667,23.4,27.6,0,317.8794768
23021,2,G30_66_H7,29,25.85416667,23.6,28.5,0,317.8794768
23022,2,G30_66_H7,30,25.86666667,23.2,28.1,0,317.8794768
23023,2,G30_66_H7,31,25.9875,24.4,27.7,0,317.8794768
23024,2,G30_66_H7,32,25.05833333,23,26.5,0,317.8794768
23025,2,G30_66_H7,33,23.99166667,22.1,25.3,0,317.8794768
23026,2,G30_66_H7,34,23.40416667,22.5,25.1,0,317.8794768
23027,2,G30_66_H8,-2,23.0625,10.5,26,0,286.981043
23028,2,G30_66_H8,-1,32.15,26,34.9,0,286.981043
23029,2,G30_66_H8,0,33.87083333,30.4,35.1,0,286.981043
23030,2,G30_66_H8,1,34.13333333,33.3,34.9,0,286.981043
23031,2,G30_66_H8,2,33.4875,32.7,34.5,0,286.981043
23032,2,G30_66_H8,3,32.52083333,31.8,33.5,0,286.981043
23033,2,G30_66_H8,4,31.71666667,30.8,32.7,0,286.981043
23034,2,G30_66_H8,5,30.97916667,30.1,31.9,0,286.981043
23035,2,G30_66_H8,6,30.1125,29.3,31.2,0,286.981043
23036,2,G30_66_H8,7,29.45416667,28.5,30.5,0,286.981043
23037,2,G30_66_H8,8,29.1375,28.1,30.1,0,286.981043
23038,2,G30_66_H8,9,28.7125,27.8,29.6,0,286.981043
23039,2,G30_66_H8,10,28.47916667,27.4,29.2,0,286.981043
23040,2,G30_66_H8,11,28.10833333,27.1,28.8,0,286.981043
23041,2,G30_66_H8,12,27.95833333,26.9,28.7,0,286.981043
23042,2,G30_66_H8,13,27.7125,26.8,28.4,0,286.981043
23043,2,G30_66_H8,14,27.54166667,26.6,28.4,0,286.981043
23044,2,G30_66_H8,15,27.18333333,26.2,27.9,0,286.981043
23045,2,G30_66_H8,16,26.69583333,25.7,27.7,0,286.981043
23046,2,G30_66_H8,17,26.34583333,25.6,27.3,0,286.981043
23047,2,G30_66_H8,18,26.3875,25.4,27.6,0,286.981043
23048,2,G30_66_H8,19,26.79583333,25.6,28.7,0,286.981043
23049,2,G30_66_H8,20,27.49166667,25.5,29.2,0,286.981043
23050,2,G30_66_H8,21,28.55,27.4,30.6,0,286.981043
23051,2,G30_66_H8,22,27.22916667,25.6,29.6,0,286.981043
23052,2,G30_66_H8,23,25.66666667,24.7,27.7,0,286.981043
23053,2,G30_66_H8,24,25.97083333,24.8,27.2,0,286.981043
23054,2,G30_66_H8,25,26.35416667,24.8,27.5,0,286.981043
23055,2,G30_66_H8,26,26.25,24.2,27.7,0,286.981043
23056,2,G30_66_H8,27,25.97083333,24,27.5,0,286.981043
23057,2,G30_66_H8,28,26.5875,24.3,28.3,0,286.981043
23058,2,G30_66_H8,29,26.9875,24.9,28.3,0,286.981043
23059,2,G30_66_H8,30,27.4625,25.9,29.1,0,286.981043
23060,2,G30_66_H8,31,27.07083333,25.1,28.9,0,286.981043
23061,2,G30_66_H8,32,27.07916667,26,28.6,0,286.981043
23062,2,G30_66_H8,33,26.37083333,25.1,28.1,0,286.981043
23063,2,G30_66_H9,-2,30.17142857,14.1,33.6,0,277.9128745
23064,2,G30_66_H9,-1,33.19166667,31.6,35.5,0,277.9128745
23065,2,G30_66_H9,0,34.1375,29.1,35.5,0,277.9128745
23066,2,G30_66_H9,1,33.99583333,33.2,34.9,0,277.9128745
23067,2,G30_66_H9,2,33.22083333,32.4,34.4,0,277.9128745
23068,2,G30_66_H9,3,32.39166667,31.2,33.4,0,277.9128745
23069,2,G30_66_H9,4,31.625,30.2,32.7,0,277.9128745
23070,2,G30_66_H9,5,30.99583333,29.5,32.1,0,277.9128745
23071,2,G30_66_H9,6,30.03333333,28.5,31.5,0,277.9128745
23072,2,G30_66_H9,7,29.61666667,27.8,31,0,277.9128745
23073,2,G30_66_H9,8,28.82916667,27.4,30.4,0,277.9128745
23074,2,G30_66_H9,9,28.53333333,27.2,29.9,0,277.9128745
23075,2,G30_66_H9,10,28.05833333,26.8,29.7,0,277.9128745
23076,2,G30_66_H9,11,27.79583333,26.6,29.3,0,277.9128745
23077,2,G30_66_H9,12,27.42083333,26.6,29,0,277.9128745
23078,2,G30_66_H9,13,27.56666667,26.2,28.6,0,277.9128745
23079,2,G30_66_H9,14,26.89166667,25.5,28.2,0,277.9128745
23080,2,G30_66_H9,15,26.57083333,24.9,28,0,277.9128745
23081,2,G30_66_H9,16,26.57916667,25.1,27.7,0,277.9128745
23082,2,G30_66_H9,17,26.5625,24.8,27.6,0,277.9128745
23083,2,G30_66_H9,18,26.64166667,24.5,27.9,0,277.9128745
23084,2,G30_66_H9,19,26.85833333,24.5,28.3,0,277.9128745
23085,2,G30_66_H9,20,27.44166667,25.8,30.4,0,277.9128745
23086,2,G30_66_H9,21,25.94166667,24.4,28.4,0,277.9128745
23087,2,G30_66_H9,22,25.18333333,24.4,26.9,0,277.9128745
23088,2,G30_66_H9,23,25.6625,24.1,26.9,0,277.9128745
23089,2,G30_66_H9,24,25.74583333,24.4,27.3,0,277.9128745
23090,2,G30_66_H9,25,25.02083333,23.4,26.6,0,277.9128745
23091,2,G30_66_H9,26,24.44166667,23,26.3,0,277.9128745
23092,2,G30_66_H9,27,25.17916667,23.4,27.4,0,277.9128745
23093,2,G30_66_H9,28,25.68333333,24,27.3,0,277.9128745
23094,2,G30_66_H9,29,26.28333333,23.7,28.1,0,277.9128745
23095,2,G30_66_H9,30,25.99583333,23.5,28,0,277.9128745
23096,2,G30_66_H9,31,25.95833333,24.4,27.4,0,277.9128745
23097,2,G30_66_H9,32,24.775,22.9,27.1,0,277.9128745
23098,2,G30_66_H9,33,23.42083333,22.1,25.3,0,277.9128745
23099,2,G30_66_H9,34,23.10833333,22.1,24.7,0,277.9128745
23100,2,G31_65_H10,-1,29.80625,11.2,32.9,0,370.7929233
23101,2,G31_65_H10,0,34.425,31.9,35.4,0,370.7929233
23102,2,G31_65_H10,1,34.33333333,33.4,35.3,0,370.7929233
23103,2,G31_65_H10,2,33.725,32.8,34.9,0,370.7929233
23104,2,G31_65_H10,3,32.85,31.9,34.1,0,370.7929233
23105,2,G31_65_H10,4,32.15,30.3,33.1,0,370.7929233
23106,2,G31_65_H10,5,31.47916667,30.6,32.5,0,370.7929233
23107,2,G31_65_H10,6,30.75833333,29.4,32.1,0,370.7929233
23108,2,G31_65_H10,7,30.08333333,29,31.1,0,370.7929233
23109,2,G31_65_H10,8,29.925,28.8,30.7,0,370.7929233
23110,2,G31_65_H10,9,29.65833333,28.8,30.6,0,370.7929233
23111,2,G31_65_H10,10,29.07083333,28.1,30.4,0,370.7929233
23112,2,G31_65_H10,11,28.8375,27.9,29.5,0,370.7929233
23113,2,G31_65_H10,12,28.62083333,27.8,29.1,0,370.7929233
23114,2,G31_65_H10,13,28.40833333,27.7,29.2,0,370.7929233
23115,2,G31_65_H10,14,27.76666667,26.6,28.7,0,370.7929233
23116,2,G31_65_H10,15,27.4125,26.5,28.1,0,370.7929233
23117,2,G31_65_H10,16,26.9875,26.3,28.4,0,370.7929233
23118,2,G31_65_H10,17,27.19166667,26.3,28,0,370.7929233
23119,2,G31_65_H10,18,27.29166667,26.3,28.1,0,370.7929233
23120,2,G31_65_H10,19,26.90416667,26.1,28.1,0,370.7929233
23121,2,G31_65_H10,20,27.20416667,25.8,28.1,0,370.7929233
23122,2,G31_65_H10,21,26.5625,25.6,28,0,370.7929233
23123,2,G31_65_H10,22,26.52083333,25.5,27.9,0,370.7929233
23124,2,G31_65_H10,23,26.9625,25.5,28.1,0,370.7929233
23125,2,G31_65_H10,24,26.67083333,26,28,0,370.7929233
23126,2,G31_65_H10,25,26.01666667,25,28.2,0,370.7929233
23127,2,G31_65_H10,26,25.71666667,24.3,27.3,0,370.7929233
23128,2,G31_65_H10,27,24.8,23.9,26.9,0,370.7929233
23129,2,G31_65_H10,28,24.17083333,22.8,26.8,0,370.7929233
23130,2,G31_65_H10,29,24.34583333,22.7,25.8,0,370.7929233
23131,2,G31_65_H10,30,23.64583333,22.5,26.1,0,370.7929233
23132,2,G31_65_H10,31,23.75,22.2,25.3,0,370.7929233
23133,2,G31_65_H10,32,24.55833333,22.6,26.6,0,370.7929233
23134,2,G31_65_H10,33,24.99583333,22.4,27.7,0,370.7929233
23135,2,G31_65_H10,34,25.35,22.4,28.5,0,370.7929233
23136,2,G31_65_H11,-1,31.1625,10.5,33.2,0,381.2066078
23137,2,G31_65_H11,0,34.87083333,32.1,35.5,0,381.2066078
23138,2,G31_65_H11,1,34.67083333,32.7,35.5,0,381.2066078
23139,2,G31_65_H11,2,33.8875,32.7,34.8,0,381.2066078
23140,2,G31_65_H11,3,32.92916667,31.7,34.1,0,381.2066078
23141,2,G31_65_H11,4,32.05,31,33.3,0,381.2066078
23142,2,G31_65_H11,5,31.49166667,30.5,32.5,0,381.2066078
23143,2,G31_65_H11,6,30.95416667,29.5,32,0,381.2066078
23144,2,G31_65_H11,7,30.175,29.1,31.4,0,381.2066078
23145,2,G31_65_H11,8,30.08333333,28.8,31.2,0,381.2066078
23146,2,G31_65_H11,9,30.06666667,28.7,31.1,0,381.2066078
23147,2,G31_65_H11,10,29.41666667,28.3,30.8,0,381.2066078
23148,2,G31_65_H11,11,29.34166667,27.9,30.2,0,381.2066078
23149,2,G31_65_H11,12,28.825,27.9,29.8,0,381.2066078
23150,2,G31_65_H11,13,28.89583333,27.6,30.2,0,381.2066078
23151,2,G31_65_H11,14,28.02083333,26.6,29.6,0,381.2066078
23152,2,G31_65_H11,15,27.47916667,26.4,28.7,0,381.2066078
23153,2,G31_65_H11,16,27.76666667,26.2,28.5,0,381.2066078
23154,2,G31_65_H11,17,27.10416667,26.3,28.4,0,381.2066078
23155,2,G31_65_H11,18,27.15416667,25.7,28.6,0,381.2066078
23156,2,G31_65_H11,19,26.96666667,25.4,28.4,0,381.2066078
23157,2,G31_65_H11,20,26.75833333,25.4,28.6,0,381.2066078
23158,2,G31_65_H11,21,26.80416667,25.3,28.2,0,381.2066078
23159,2,G31_65_H11,22,26.82916667,25.5,28.6,0,381.2066078
23160,2,G31_65_H11,23,27.14583333,25.2,28.8,0,381.2066078
23161,2,G31_65_H11,24,26.9125,25.9,28.7,0,381.2066078
23162,2,G31_65_H11,25,26.225,24.7,28.4,0,381.2066078
23163,2,G31_65_H11,26,25.55833333,24,27.6,0,381.2066078
23164,2,G31_65_H11,27,24.77916667,23.6,27.2,0,381.2066078
23165,2,G31_65_H11,28,24.525,22.6,26.9,0,381.2066078
23166,2,G31_65_H11,29,24.19166667,22.3,26.3,0,381.2066078
23167,2,G31_65_H11,30,23.79166667,21.8,26.4,0,381.2066078
23168,2,G31_65_H11,31,23.72083333,21.8,25.7,0,381.2066078
23169,2,G31_65_H11,32,24.22916667,21.8,26.9,0,381.2066078
23170,2,G31_65_H11,33,24.7,21.7,28.3,0,381.2066078
23171,2,G31_65_H11,34,25.0625,21.6,29.2,0,381.2066078
23172,2,G31_65_H12,-1,28.94375,10.5,32.9,0,358.821083
23173,2,G31_65_H12,0,34.55833333,31.9,35.3,0,358.821083
23174,2,G31_65_H12,1,34.59583333,33.5,35.3,0,358.821083
23175,2,G31_65_H12,2,33.90416667,32.9,34.9,0,358.821083
23176,2,G31_65_H12,3,33.2125,32.1,34.3,0,358.821083
23177,2,G31_65_H12,4,32.23333333,31.1,33.4,0,358.821083
23178,2,G31_65_H12,5,31.8125,30.8,32.7,0,358.821083
23179,2,G31_65_H12,6,31.06666667,29.7,32,0,358.821083
23180,2,G31_65_H12,7,30.29166667,29.3,31.1,0,358.821083
23181,2,G31_65_H12,8,29.925,29.1,30.9,0,358.821083
23182,2,G31_65_H12,9,29.7625,28.9,30.6,0,358.821083
23183,2,G31_65_H12,10,29.39583333,28.7,30.3,0,358.821083
23184,2,G31_65_H12,11,29.12083333,28.1,29.8,0,358.821083
23185,2,G31_65_H12,12,28.70416667,28,29.4,0,358.821083
23186,2,G31_65_H12,13,28.6,28,29.6,0,358.821083
23187,2,G31_65_H12,14,27.84166667,26.6,29.1,0,358.821083
23188,2,G31_65_H12,15,27.66666667,26.6,28.5,0,358.821083
23189,2,G31_65_H12,16,27.40416667,26.8,28.4,0,358.821083
23190,2,G31_65_H12,17,27.43333333,26.7,28.6,0,358.821083
23191,2,G31_65_H12,18,27.55416667,26.7,28.7,0,358.821083
23192,2,G31_65_H12,19,27.35833333,26.5,29,0,358.821083
23193,2,G31_65_H12,20,27.65416667,26.4,28.7,0,358.821083
23194,2,G31_65_H12,21,27.27916667,26.2,28.8,0,358.821083
23195,2,G31_65_H12,22,27.25416667,26.1,28.6,0,358.821083
23196,2,G31_65_H12,23,27.5125,26,28.8,0,358.821083
23197,2,G31_65_H12,24,27.25,26.6,28.6,0,358.821083
23198,2,G31_65_H12,25,26.7875,25.8,28.7,0,358.821083
23199,2,G31_65_H12,26,26.65,25.3,28.2,0,358.821083
23200,2,G31_65_H12,27,25.71666667,25,27.9,0,358.821083
23201,2,G31_65_H12,28,25.19166667,23.9,27.8,0,358.821083
23202,2,G31_65_H12,29,25.38333333,23.6,26.7,0,358.821083
23203,2,G31_65_H12,30,24.54166667,23.3,26.7,0,358.821083
23204,2,G31_65_H12,31,24.5125,22.7,26.4,0,358.821083
23205,2,G31_65_H12,32,25.09166667,23.1,27.1,0,358.821083
23206,2,G31_65_H12,33,25.52083333,23.3,28,0,358.821083
23207,2,G31_65_H12,34,25.95416667,23.5,28.9,0,358.821083
23208,2,G31_65_H12,35,25.75833333,23.3,28.5,0,358.821083
23209,2,G31_65_H13,4,31.26,30.2,32.8,0,366.9507529
23210,2,G31_65_H13,5,31.17916667,29.6,32.5,0,366.9507529
23211,2,G31_65_H13,6,30.575,28.8,32.1,0,366.9507529
23212,2,G31_65_H13,7,29.78333333,28.4,31.6,0,366.9507529
23213,2,G31_65_H13,8,29.94583333,28.2,31.6,0,366.9507529
23214,2,G31_65_H13,9,29.84583333,28.1,31.4,0,366.9507529
23215,2,G31_65_H13,10,29.39583333,27.9,30.6,0,366.9507529
23216,2,G31_65_H13,11,28.8125,27.7,30.4,0,366.9507529
23217,2,G31_65_H13,12,28.9375,27.8,29.8,0,366.9507529
23218,2,G31_65_H13,13,27.97916667,26.7,29.1,0,366.9507529
23219,2,G31_65_H13,14,27.7375,26.5,29,0,366.9507529
23220,2,G31_65_H13,15,27.43333333,26.4,29.1,0,366.9507529
23221,2,G31_65_H13,16,27.05,26.2,28.6,0,366.9507529
23222,2,G31_65_H13,17,27.19166667,25.9,28.4,0,366.9507529
23223,2,G31_65_H13,18,26.52083333,25.4,28.1,0,366.9507529
23224,2,G31_65_H13,19,26.69583333,25.1,28,0,366.9507529
23225,2,G31_65_H13,20,26.46666667,25.3,27.8,0,366.9507529
23226,2,G31_65_H13,21,26.4375,25.1,28.1,0,366.9507529
23227,2,G31_65_H13,22,26.77916667,25,28.3,0,366.9507529
23228,2,G31_65_H13,23,26.33333333,25.6,27.8,0,366.9507529
23229,2,G31_65_H13,24,25.92916667,24.5,27.8,0,366.9507529
23230,2,G31_65_H13,25,25.41666667,24,27,0,366.9507529
23231,2,G31_65_H13,26,24.875,24.1,26.8,0,366.9507529
23232,2,G31_65_H13,27,23.97083333,23,26.4,0,366.9507529
23233,2,G31_65_H13,28,24.3625,22.6,25.8,0,366.9507529
23234,2,G31_65_H13,29,24.07083333,22.6,25.9,0,366.9507529
23235,2,G31_65_H13,30,23.80416667,22.2,25.5,0,366.9507529
23236,2,G31_65_H13,31,24.69583333,22.3,26.9,0,366.9507529
23237,2,G31_65_H13,32,25.0375,22.6,28.2,0,366.9507529
23238,2,G31_65_H13,33,25.19166667,22.3,29.1,0,366.9507529
23239,2,G31_65_H13,34,25.1875,22.2,28.8,0,366.9507529
23240,2,G31_65_H14,-1,30.3,12.2,33.2,0,383.4902576
23241,2,G31_65_H14,0,34.88333333,31.9,35.5,0,383.4902576
23242,2,G31_65_H14,1,34.725,33.7,35.5,0,383.4902576
23243,2,G31_65_H14,2,34.09166667,32.9,35.2,0,383.4902576
23244,2,G31_65_H14,3,33.07916667,32.2,34.5,0,383.4902576
23245,2,G31_65_H14,4,32.3,31.1,33.6,0,383.4902576
23246,2,G31_65_H14,5,31.5625,30.2,32.6,0,383.4902576
23247,2,G31_65_H14,6,30.70416667,29.6,31.9,0,383.4902576
23248,2,G31_65_H14,7,30.29166667,29.4,31.5,0,383.4902576
23249,2,G31_65_H14,8,30.075,29.3,31.3,0,383.4902576
23250,2,G31_65_H14,9,29.65416667,28.9,31,0,383.4902576
23251,2,G31_65_H14,10,29.5125,28.5,30.4,0,383.4902576
23252,2,G31_65_H14,11,29.00833333,28.4,30,0,383.4902576
23253,2,G31_65_H14,12,29.10416667,28.2,29.7,0,383.4902576
23254,2,G31_65_H14,13,28.32916667,27.1,29.4,0,383.4902576
23255,2,G31_65_H14,14,27.6125,27.1,28.5,0,383.4902576
23256,2,G31_65_H14,15,28.01666667,27,28.7,0,383.4902576
23257,2,G31_65_H14,16,27.57916667,27.1,29,0,383.4902576
23258,2,G31_65_H14,17,27.78333333,26.9,28.9,0,383.4902576
23259,2,G31_65_H14,18,27.52083333,26.6,28.9,0,383.4902576
23260,2,G31_65_H14,19,27.27916667,26.4,28.7,0,383.4902576
23261,2,G31_65_H14,20,27.62916667,26.3,28.7,0,383.4902576
23262,2,G31_65_H14,21,27.08333333,26.1,29,0,383.4902576
23263,2,G31_65_H14,22,27.40833333,25.9,28.8,0,383.4902576
23264,2,G31_65_H14,23,27.64583333,26.6,28.9,0,383.4902576
23265,2,G31_65_H14,24,26.70833333,25.9,28.5,0,383.4902576
23266,2,G31_65_H14,25,26.375,25.3,28.2,0,383.4902576
23267,2,G31_65_H14,26,26.31666667,25,28,0,383.4902576
23268,2,G31_65_H14,27,25.23333333,24.1,27.6,0,383.4902576
23269,2,G31_65_H14,28,25.025,23.7,26.7,0,383.4902576
23270,2,G31_65_H14,29,24.49166667,23.3,26.9,0,383.4902576
23271,2,G31_65_H14,30,24.64166667,23,26,0,383.4902576
23272,2,G31_65_H14,31,25.27083333,23.2,27.4,0,383.4902576
23273,2,G31_65_H14,32,25.74583333,23.4,28.4,0,383.4902576
23274,2,G31_65_H14,33,26.125,23.4,29.1,0,383.4902576
23275,2,G31_65_H16,-1,28.84705882,11.5,32.7,0,360.8005573
23276,2,G31_65_H16,0,34.57916667,31.5,35.4,0,360.8005573
23277,2,G31_65_H16,1,34.35833333,33.7,35.2,0,360.8005573
23278,2,G31_65_H16,2,33.74583333,32.7,34.7,0,360.8005573
23279,2,G31_65_H16,3,32.96666667,32,34,0,360.8005573
23280,2,G31_65_H16,4,32.06666667,31.1,33.2,0,360.8005573
23281,2,G31_65_H16,5,31.2125,30.2,32.1,0,360.8005573
23282,2,G31_65_H16,6,30.74583333,29.7,31.6,0,360.8005573
23283,2,G31_65_H16,7,30.18333333,29.1,31.1,0,360.8005573
23284,2,G31_65_H16,8,30.05833333,29.1,30.9,0,360.8005573
23285,2,G31_65_H16,9,29.7125,28.6,30.7,0,360.8005573
23286,2,G31_65_H16,10,29.1625,28,30.3,0,360.8005573
23287,2,G31_65_H16,11,28.85,28,29.7,0,360.8005573
23288,2,G31_65_H16,12,28.8625,28.1,29.5,0,360.8005573
23289,2,G31_65_H16,13,28.18333333,26.7,29.2,0,360.8005573
23290,2,G31_65_H16,14,27.29166667,26.6,28.2,0,360.8005573
23291,2,G31_65_H16,15,27.2125,26.6,28.4,0,360.8005573
23292,2,G31_65_H16,16,27.29166667,26.4,28,0,360.8005573
23293,2,G31_65_H16,17,26.91666667,26.1,28.1,0,360.8005573
23294,2,G31_65_H16,18,26.72083333,26,27.8,0,360.8005573
23295,2,G31_65_H16,19,26.90416667,25.7,27.9,0,360.8005573
23296,2,G31_65_H16,20,26.4375,25.6,27.8,0,360.8005573
23297,2,G31_65_H16,21,26.80833333,25.8,28.3,0,360.8005573
23298,2,G31_65_H16,22,27.1375,25.6,28.2,0,360.8005573
23299,2,G31_65_H16,23,26.74583333,26.1,28.4,0,360.8005573
23300,2,G31_65_H16,24,26.3,25.3,27.9,0,360.8005573
23301,2,G31_65_H16,25,26.14166667,24.7,27.9,0,360.8005573
23302,2,G31_65_H16,26,25.1,24.3,27.4,0,360.8005573
23303,2,G31_65_H16,27,24.6375,23.7,26.9,0,360.8005573
23304,2,G31_65_H16,28,24.9,23.4,26.2,0,360.8005573
23305,2,G31_65_H16,29,24.0875,23.3,26.7,0,360.8005573
23306,2,G31_65_H16,30,24.11666667,22.7,25.9,0,360.8005573
23307,2,G31_65_H16,31,24.8,22.8,26.7,0,360.8005573
23308,2,G31_65_H16,32,25.11666667,22.7,27.8,0,360.8005573
23309,2,G31_65_H16,33,25.4625,22.9,28.5,0,360.8005573
23310,2,G31_65_H16,34,25.54583333,22.7,28.5,0,360.8005573
23311,2,G31_65_H18,-1,29.3,11.2,32.9,0,333.8661774
23312,2,G31_65_H18,0,34.49583333,30.5,35.5,0,333.8661774
23313,2,G31_65_H18,1,34.625,33.5,35.5,0,333.8661774
23314,2,G31_65_H18,2,33.81666667,32.9,35,0,333.8661774
23315,2,G31_65_H18,3,33.03333333,32,34.2,0,333.8661774
23316,2,G31_65_H18,4,32.25,31,33.4,0,333.8661774
23317,2,G31_65_H18,5,31.67083333,30.6,32.8,0,333.8661774
23318,2,G31_65_H18,6,30.7625,29.5,32.1,0,333.8661774
23319,2,G31_65_H18,7,30.50416667,29.1,31.4,0,333.8661774
23320,2,G31_65_H18,8,30.46666667,28.9,31.2,0,333.8661774
23321,2,G31_65_H18,9,29.70416667,28.4,30.9,0,333.8661774
23322,2,G31_65_H18,10,29.45,28.3,30.6,0,333.8661774
23323,2,G31_65_H18,11,28.9875,28,29.9,0,333.8661774
23324,2,G31_65_H18,12,28.6375,28,29.5,0,333.8661774
23325,2,G31_65_H18,13,27.97916667,26.9,28.9,0,333.8661774
23326,2,G31_65_H18,14,27.525,26.5,28.4,0,333.8661774
23327,2,G31_65_H18,15,27.00833333,26.5,28.2,0,333.8661774
23328,2,G31_65_H18,16,27.16666667,26.1,28.1,0,333.8661774
23329,2,G31_65_H18,17,26.84166667,26,27.6,0,333.8661774
23330,2,G31_65_H18,18,26.6625,25.9,27.9,0,333.8661774
23331,2,G31_65_H18,19,26.95416667,25.7,27.8,0,333.8661774
23332,2,G31_65_H18,20,26.52083333,25.6,27.7,0,333.8661774
23333,2,G31_65_H18,21,26.47916667,25.4,28,0,333.8661774
23334,2,G31_65_H18,22,27.02083333,25.3,28.2,0,333.8661774
23335,2,G31_65_H18,23,26.77083333,25.9,28.1,0,333.8661774
23336,2,G31_65_H18,24,25.82083333,25,27.8,0,333.8661774
23337,2,G31_65_H18,25,25.78333333,24.3,27.1,0,333.8661774
23338,2,G31_65_H18,26,25,24.1,26.8,0,333.8661774
23339,2,G31_65_H18,27,24.10416667,22.9,26.5,0,333.8661774
23340,2,G31_65_H18,28,24.525,22.7,25.6,0,333.8661774
23341,2,G31_65_H18,29,23.79166667,22.5,25.7,0,333.8661774
23342,2,G31_65_H18,30,23.73333333,22.1,25.4,0,333.8661774
23343,2,G31_65_H18,31,24.49166667,22.4,26.6,0,333.8661774
23344,2,G31_65_H18,32,24.95,22.4,27.7,0,333.8661774
23345,2,G31_65_H18,33,25.30833333,22.6,28.6,0,333.8661774
23346,2,G31_65_H18,34,25.29583333,22.6,28.1,0,333.8661774
23347,2,G31_65_H20,-1,29.37058824,11.2,33,0,343.1691049
23348,2,G31_65_H20,0,34.5125,31.6,35.3,0,343.1691049
23349,2,G31_65_H20,1,34.55,33.4,35.3,0,343.1691049
23350,2,G31_65_H20,2,33.76666667,32.6,34.8,0,343.1691049
23351,2,G31_65_H20,3,32.925,31.9,34.1,0,343.1691049
23352,2,G31_65_H20,4,32.31666667,31.1,33.2,0,343.1691049
23353,2,G31_65_H20,5,31.55,30.4,32.5,0,343.1691049
23354,2,G31_65_H20,6,30.74583333,29.6,32,0,343.1691049
23355,2,G31_65_H20,7,30.1625,29.2,31.1,0,343.1691049
23356,2,G31_65_H20,8,30.1875,29,31,0,343.1691049
23357,2,G31_65_H20,9,29.56666667,28.5,30.7,0,343.1691049
23358,2,G31_65_H20,10,29.34583333,27.9,30.2,0,343.1691049
23359,2,G31_65_H20,11,28.8625,27.9,29.7,0,343.1691049
23360,2,G31_65_H20,12,28.5875,27.9,29.5,0,343.1691049
23361,2,G31_65_H20,13,27.9875,26.8,28.9,0,343.1691049
23362,2,G31_65_H20,14,27.1875,26.5,28.5,0,343.1691049
23363,2,G31_65_H20,15,27.36666667,26.4,28.2,0,343.1691049
23364,2,G31_65_H20,16,26.94583333,26.2,28,0,343.1691049
23365,2,G31_65_H20,17,26.725,25.9,28,0,343.1691049
23366,2,G31_65_H20,18,26.79583333,25.6,27.8,0,343.1691049
23367,2,G31_65_H20,19,26.34166667,25.2,27.9,0,343.1691049
23368,2,G31_65_H20,20,26.6375,25.3,27.6,0,343.1691049
23369,2,G31_65_H20,21,26.58333333,25.5,28.1,0,343.1691049
23370,2,G31_65_H20,22,26.6625,25.2,28.2,0,343.1691049
23371,2,G31_65_H20,23,26.97916667,25.9,28.2,0,343.1691049
23372,2,G31_65_H20,24,25.9,24.9,28,0,343.1691049
23373,2,G31_65_H20,25,25.75,24.3,27.3,0,343.1691049
23374,2,G31_65_H20,26,25.1625,24.1,26.8,0,343.1691049
23375,2,G31_65_H20,27,24.1875,23,26.6,0,343.1691049
23376,2,G31_65_H20,28,24.59166667,22.8,25.7,0,343.1691049
23377,2,G31_65_H20,29,23.88333333,22.5,25.8,0,343.1691049
23378,2,G31_65_H20,30,23.825,22.2,25.5,0,343.1691049
23379,2,G31_65_H20,31,24.59583333,22.6,26.8,0,343.1691049
23380,2,G31_65_H20,32,25,22.6,27.7,0,343.1691049
23381,2,G31_65_H20,33,25.26666667,22.6,28.4,0,343.1691049
23382,2,G31_65_H20,34,25.27083333,22.5,27.8,0,343.1691049
23383,2,G31_65_H22,-1,29.83529412,11.7,32.8,0,309.9898757
23384,2,G31_65_H22,0,35.05,31.6,35.5,0,309.9898757
23385,2,G31_65_H22,1,34.91666667,28.4,35.5,0,309.9898757
23386,2,G31_65_H22,2,34.125,33.1,35.4,0,309.9898757
23387,2,G31_65_H22,3,33.5125,32.3,34.5,0,309.9898757
23388,2,G31_65_H22,4,32.74166667,31.5,33.8,0,309.9898757
23389,2,G31_65_H22,5,32.18333333,30.9,33,0,309.9898757
23390,2,G31_65_H22,6,31.38333333,30.1,32.5,0,309.9898757
23391,2,G31_65_H22,7,30.89583333,29.8,32,0,309.9898757
23392,2,G31_65_H22,8,30.97083333,29.9,31.9,0,309.9898757
23393,2,G31_65_H22,9,30.47916667,29.4,31.4,0,309.9898757
23394,2,G31_65_H22,10,30.03333333,28.9,31,0,309.9898757
23395,2,G31_65_H22,11,29.61666667,28.7,30.7,0,309.9898757
23396,2,G31_65_H22,12,29.27083333,28.7,30.2,0,309.9898757
23397,2,G31_65_H22,13,28.55833333,27.3,29.7,0,309.9898757
23398,2,G31_65_H22,14,27.85,26.9,28.8,0,309.9898757
23399,2,G31_65_H22,15,27.4,26.6,28.6,0,309.9898757
23400,2,G31_65_H22,16,27.59166667,26.6,28.5,0,309.9898757
23401,2,G31_65_H22,17,27.25,26.4,28.4,0,309.9898757
23402,2,G31_65_H22,18,26.96666667,26.1,28.1,0,309.9898757
23403,2,G31_65_H22,19,27.27916667,25.9,28.3,0,309.9898757
23404,2,G31_65_H22,20,26.80416667,25.9,28.2,0,309.9898757
23405,2,G31_65_H22,21,27.19583333,26.2,28.6,0,309.9898757
23406,2,G31_65_H22,22,27.36666667,26,28.9,0,309.9898757
23407,2,G31_65_H22,23,27.14583333,26.3,28.9,0,309.9898757
23408,2,G31_65_H22,24,26.7875,25.5,28.6,0,309.9898757
23409,2,G31_65_H22,25,25.88333333,24.8,28,0,309.9898757
23410,2,G31_65_H22,26,25.22083333,24.4,27.6,0,309.9898757
23411,2,G31_65_H22,27,25.12083333,23.6,27,0,309.9898757
23412,2,G31_65_H22,28,24.5125,23.5,26.5,0,309.9898757
23413,2,G31_65_H22,29,23.90416667,22.8,26.6,0,309.9898757
23414,2,G31_65_H22,30,24.02916667,22.9,26.2,0,309.9898757
23415,2,G31_65_H22,31,24.81666667,22.8,27.1,0,309.9898757
23416,2,G31_65_H22,32,25.10833333,22.8,27.9,0,309.9898757
23417,2,G31_65_H22,33,25.42916667,22.8,28.7,0,309.9898757
23418,2,G31_65_H22,34,25.5625,22.8,28.6,0,309.9898757
23419,2,G31_65_H24,-1,30.75625,12,32.9,-1,229.6526635
23420,2,G31_65_H24,0,34.59583333,31.9,35.5,-1,229.6526635
23421,2,G31_65_H24,1,34.50833333,33.6,35.5,-1,229.6526635
23422,2,G31_65_H24,2,33.85833333,32.7,34.8,-1,229.6526635
23423,2,G31_65_H24,3,33.26666667,31.9,34.2,-1,229.6526635
23424,2,G31_65_H24,4,32.425,31,33.4,-1,229.6526635
23425,2,G31_65_H24,5,31.80416667,30.3,32.6,-1,229.6526635
23426,2,G31_65_H24,6,30.84583333,29.6,31.9,-1,229.6526635
23427,2,G31_65_H24,7,30.10416667,29.4,31.3,-1,229.6526635
23428,2,G31_65_H24,8,30.09166667,29.2,31.1,-1,229.6526635
23429,2,G31_65_H24,9,29.86666667,28.9,30.9,-1,229.6526635
23430,2,G31_65_H24,10,29.43333333,28.7,30.3,-1,229.6526635
23431,2,G31_65_H24,11,29.22083333,28.7,30,-1,229.6526635
23432,2,G31_65_H24,12,28.25416667,26.4,29.5,-1,229.6526635
23433,2,G31_65_H24,13,28.07083333,26.6,28.6,-1,229.6526635
23434,2,G31_65_H24,14,27.56666667,26.9,28.5,-1,229.6526635
23435,2,G31_65_H24,15,27.36666667,26.7,28.4,-1,229.6526635
23436,2,G31_65_H24,16,27.61666667,26.5,28.2,-1,229.6526635
23437,2,G31_65_H24,17,27.05833333,26.3,28.2,-1,229.6526635
23438,2,G31_65_H24,18,27.05,26,28.2,-1,229.6526635
23439,2,G31_65_H24,19,27.00416667,25.9,28.1,-1,229.6526635
23440,2,G31_65_H24,20,26.75833333,25.8,28.6,-1,229.6526635
23441,2,G31_65_H24,21,26.94166667,25.8,28.3,-1,229.6526635
23442,2,G31_65_H24,22,27.1,25.8,28.3,-1,229.6526635
23443,2,G31_65_H24,23,26.48333333,25.2,28.2,-1,229.6526635
23444,2,G31_65_H24,24,25.66666667,24.5,27.8,-1,229.6526635
23445,2,G31_65_H24,25,25.29583333,24.3,27.4,-1,229.6526635
23446,2,G31_65_H24,26,25.28333333,23.6,27,-1,229.6526635
23447,2,G31_65_H24,27,24.64583333,23.5,26.4,-1,229.6526635
23448,2,G31_65_H24,28,24.76666667,23.4,26.8,-1,229.6526635
23449,2,G31_65_H24,29,24.65,23.1,25.9,-1,229.6526635
23450,2,G31_65_H24,30,25.24583333,23.3,27,-1,229.6526635
23451,2,G31_65_H24,31,25.45416667,23.4,27.9,-1,229.6526635
23452,2,G31_65_H24,32,25.60833333,23.2,28.5,-1,229.6526635
23453,2,G31_65_H24,33,25.575,23,28.2,-1,229.6526635
23454,2,G31_65_H24,34,26.09583333,23.5,28.9,-1,229.6526635
23455,2,G31_65_H24,35,27.1,23.7,31.5,-1,229.6526635
23456,2,G31_65_H26,-1,30.4,10.5,32.5,-1,225.2701129
23457,2,G31_65_H26,0,34.38333333,31.8,35.5,-1,225.2701129
23458,2,G31_65_H26,1,34.3875,33.1,35.3,-1,225.2701129
23459,2,G31_65_H26,2,33.35416667,32.6,34.5,-1,225.2701129
23460,2,G31_65_H26,3,32.85,31.7,33.9,-1,225.2701129
23461,2,G31_65_H26,4,32.05833333,30.9,33,-1,225.2701129
23462,2,G31_65_H26,5,31.24166667,30.3,32.2,-1,225.2701129
23463,2,G31_65_H26,6,30.37916667,29.4,31.8,-1,225.2701129
23464,2,G31_65_H26,7,30.1375,29.2,31.1,-1,225.2701129
23465,2,G31_65_H26,8,29.79583333,29.1,30.8,-1,225.2701129
23466,2,G31_65_H26,9,29.67083333,28.6,30.6,-1,225.2701129
23467,2,G31_65_H26,10,29.47083333,28.6,30,-1,225.2701129
23468,2,G31_65_H26,11,29.0375,28.1,30,-1,225.2701129
23469,2,G31_65_H26,12,27.65,23.9,29.1,-1,225.2701129
23470,2,G31_65_H26,13,27.39565217,26.3,28.8,-1,225.2701129
23471,2,G31_65_H26,14,27.41666667,26.3,28.7,-1,225.2701129
23472,2,G31_65_H26,15,27.27083333,26.4,28.3,-1,225.2701129
23473,2,G31_65_H26,16,26.89166667,26.1,27.9,-1,225.2701129
23474,2,G31_65_H26,17,26.7125,25.8,27.8,-1,225.2701129
23475,2,G31_65_H26,18,26.91666667,25.7,27.9,-1,225.2701129
23476,2,G31_65_H26,19,26.36666667,25.5,27.6,-1,225.2701129
23477,2,G31_65_H26,20,27.00416667,25.7,28.2,-1,225.2701129
23478,2,G31_65_H26,21,26.70833333,25.6,28.1,-1,225.2701129
23479,2,G31_65_H26,22,26.8875,25.9,28.1,-1,225.2701129
23480,2,G31_65_H26,23,26.15416667,25.1,28.1,-1,225.2701129
23481,2,G31_65_H26,24,25.57083333,24.4,27.7,-1,225.2701129
23482,2,G31_65_H26,25,25.33333333,24.2,27.5,-1,225.2701129
23483,2,G31_65_H26,26,24.22916667,23.3,26.8,-1,225.2701129
23484,2,G31_65_H26,27,24.34166667,23.1,26.1,-1,225.2701129
23485,2,G31_65_H26,28,24.33333333,23,26.7,-1,225.2701129
23486,2,G31_65_H26,29,24.025,22.5,25.6,-1,225.2701129
23487,2,G31_65_H26,30,24.6375,23,26.5,-1,225.2701129
23488,2,G31_65_H26,31,25.11666667,22.8,27.7,-1,225.2701129
23489,2,G31_65_H26,32,25.25416667,22.7,28.5,-1,225.2701129
23490,2,G31_65_H26,33,25.25833333,22.6,28,-1,225.2701129
23491,2,G31_65_H26,34,25.7625,23.4,28.7,-1,225.2701129
23492,2,G31_65_H26,35,26.72916667,23.3,31.3,-1,225.2701129
23493,2,G31_65_H3,2,33.22,32.2,33.9,1,400.6889725
23494,2,G31_65_H3,3,32.375,31.3,33.7,1,400.6889725
23495,2,G31_65_H3,4,31.70416667,30.5,32.9,1,400.6889725
23496,2,G31_65_H3,5,30.95416667,30,32,1,400.6889725
23497,2,G31_65_H3,6,30.29166667,29.4,31.5,1,400.6889725
23498,2,G31_65_H3,7,30.00416667,28.8,31,1,400.6889725
23499,2,G31_65_H3,8,29.70833333,28.7,30.7,1,400.6889725
23500,2,G31_65_H3,9,29.45833333,28.3,30.6,1,400.6889725
23501,2,G31_65_H3,10,29.09583333,27.8,30.4,1,400.6889725
23502,2,G31_65_H3,11,28.7875,27.4,29.7,1,400.6889725
23503,2,G31_65_H3,12,28.175,27.1,29.4,1,400.6889725
23504,2,G31_65_H3,13,28.3375,26.8,29.3,1,400.6889725
23505,2,G31_65_H3,14,28.4125,27.3,29.5,1,400.6889725
23506,2,G31_65_H3,15,27.44583333,26.1,28.9,1,400.6889725
23507,2,G31_65_H3,16,26.64166667,25.9,28,1,400.6889725
23508,2,G31_65_H3,17,26.97083333,25.6,27.7,1,400.6889725
23509,2,G31_65_H3,18,26.375,25.4,27.4,1,400.6889725
23510,2,G31_65_H3,19,26.1875,24.8,27.8,1,400.6889725
23511,2,G31_65_H3,20,26.28333333,24.6,27.6,1,400.6889725
23512,2,G31_65_H3,21,25.8375,24.3,28,1,400.6889725
23513,2,G31_65_H3,22,26.30416667,24.4,27.8,1,400.6889725
23514,2,G31_65_H3,23,26.77083333,10.5,27.9,1,400.6889725
23515,2,G31_65_H3,24,26.25,24.3,28.1,1,400.6889725
23516,2,G31_65_H3,25,26.3375,25.2,28.4,1,400.6889725
23517,2,G31_65_H3,26,25.9625,23.9,27.9,1,400.6889725
23518,2,G31_65_H3,27,24.70833333,23.3,26.9,1,400.6889725
23519,2,G31_65_H3,28,24.14583333,23.2,26.5,1,400.6889725
23520,2,G31_65_H3,29,23.7625,21.5,26.1,1,400.6889725
23521,2,G31_65_H3,30,23.76666667,21.6,25.5,1,400.6889725
23522,2,G31_65_H3,31,23.13333333,21.4,25.8,1,400.6889725
23523,2,G31_65_H3,32,23.32916667,21.1,25.3,1,400.6889725
23524,2,G31_65_H3,33,23.8875,21.4,26.5,1,400.6889725
23525,2,G31_65_H3,34,24.48333333,21.5,27.8,1,400.6889725
23526,2,G31_65_H3,35,24.5375,21.2,28.8,1,400.6889725
23527,2,G31_65_H4,-1,28.54375,10.5,32.3,0,392.4262283
23528,2,G31_65_H4,0,33.625,30.2,35.4,0,392.4262283
23529,2,G31_65_H4,1,34.74166667,33.7,35.4,0,392.4262283
23530,2,G31_65_H4,2,33.95833333,33,34.8,0,392.4262283
23531,2,G31_65_H4,3,33.10416667,32.2,34.1,0,392.4262283
23532,2,G31_65_H4,4,32.32083333,31.3,33.4,0,392.4262283
23533,2,G31_65_H4,5,31.7625,30.7,32.8,0,392.4262283
23534,2,G31_65_H4,6,30.97083333,29.7,32.1,0,392.4262283
23535,2,G31_65_H4,7,30.40833333,29.5,31.4,0,392.4262283
23536,2,G31_65_H4,8,30.3,29,31.1,0,392.4262283
23537,2,G31_65_H4,9,29.70416667,28.8,30.9,0,392.4262283
23538,2,G31_65_H4,10,29.50416667,28.4,30.8,0,392.4262283
23539,2,G31_65_H4,11,29.04583333,27.9,30.3,0,392.4262283
23540,2,G31_65_H4,12,28.47083333,27.5,29.4,0,392.4262283
23541,2,G31_65_H4,13,28.52916667,27.3,29.2,0,392.4262283
23542,2,G31_65_H4,14,28.4125,27.6,29.5,0,392.4262283
23543,2,G31_65_H4,15,27.72083333,26.6,29,0,392.4262283
23544,2,G31_65_H4,16,27.425,26.5,28.3,0,392.4262283
23545,2,G31_65_H4,17,27.04583333,26.4,28.3,0,392.4262283
23546,2,G31_65_H4,18,27.27916667,26.4,28.5,0,392.4262283
23547,2,G31_65_H4,19,27.15416667,26.3,28.3,0,392.4262283
23548,2,G31_65_H4,20,26.96666667,26.3,28.5,0,392.4262283
23549,2,G31_65_H4,21,27.57916667,26,28.6,0,392.4262283
23550,2,G31_65_H4,22,27.2625,26,28.7,0,392.4262283
23551,2,G31_65_H4,23,27.40416667,26,29.1,0,392.4262283
23552,2,G31_65_H4,24,27.575,25.5,29,0,392.4262283
23553,2,G31_65_H4,25,27.35,26.5,28.6,0,392.4262283
23554,2,G31_65_H4,26,26.64583333,25.6,28.5,0,392.4262283
23555,2,G31_65_H4,27,26.45,25,27.9,0,392.4262283
23556,2,G31_65_H4,28,25.775,24.4,27.8,0,392.4262283
23557,2,G31_65_H4,29,24.79583333,23.3,27.2,0,392.4262283
23558,2,G31_65_H4,30,24.8875,23.1,26.6,0,392.4262283
23559,2,G31_65_H4,31,24.37083333,22.8,26.7,0,392.4262283
23560,2,G31_65_H4,32,24.23333333,22.3,26.2,0,392.4262283
23561,2,G31_65_H4,33,25.17083333,22.7,28,0,392.4262283
23562,2,G31_65_H4,34,25.675,22.9,28.9,0,392.4262283
23563,2,G31_65_H5,-1,32.0375,10.5,33.1,0,371.9646701
23564,2,G31_65_H5,0,33.84583333,31.5,35.5,0,371.9646701
23565,2,G31_65_H5,1,34.1125,33,35.4,0,371.9646701
23566,2,G31_65_H5,2,33.7375,32,34.7,0,371.9646701
23567,2,G31_65_H5,3,32.57916667,31.2,33.9,0,371.9646701
23568,2,G31_65_H5,4,31.68333333,30.6,33,0,371.9646701
23569,2,G31_65_H5,5,31.10833333,29.9,32.3,0,371.9646701
23570,2,G31_65_H5,6,30.67083333,29,31.7,0,371.9646701
23571,2,G31_65_H5,7,30.02916667,29,31.3,0,371.9646701
23572,2,G31_65_H5,8,29.75833333,28.2,30.9,0,371.9646701
23573,2,G31_65_H5,9,29.55416667,28.1,30.7,0,371.9646701
23574,2,G31_65_H5,10,28.8625,27.8,30.6,0,371.9646701
23575,2,G31_65_H5,11,28.86666667,27.4,30,0,371.9646701
23576,2,G31_65_H5,12,28.36666667,26.9,29.7,0,371.9646701
23577,2,G31_65_H5,13,28.0875,26.6,29.3,0,371.9646701
23578,2,G31_65_H5,14,28.39583333,27.3,29.5,0,371.9646701
23579,2,G31_65_H5,15,27.45833333,26,28.8,0,371.9646701
23580,2,G31_65_H5,16,26.725,25.9,28.4,0,371.9646701
23581,2,G31_65_H5,17,26.93333333,25.5,28,0,371.9646701
23582,2,G31_65_H5,18,26.2125,25.4,27.6,0,371.9646701
23583,2,G31_65_H5,19,26.55,24.9,27.9,0,371.9646701
23584,2,G31_65_H5,20,25.8375,24.6,27.7,0,371.9646701
23585,2,G31_65_H5,21,26.1125,24.5,27.9,0,371.9646701
23586,2,G31_65_H5,22,25.9375,24.5,27.8,0,371.9646701
23587,2,G31_65_H5,23,26.07083333,24.5,27.9,0,371.9646701
23588,2,G31_65_H5,24,26.47083333,24.3,28.2,0,371.9646701
23589,2,G31_65_H5,25,26.12916667,25.2,27.8,0,371.9646701
23590,2,G31_65_H5,26,25.625,23.8,27.5,0,371.9646701
23591,2,G31_65_H5,27,24.875,23.6,26.4,0,371.9646701
23592,2,G31_65_H5,28,24.30833333,23,26,0,371.9646701
23593,2,G31_65_H5,29,23.87916667,22,25.9,0,371.9646701
23594,2,G31_65_H5,30,23.5875,21.8,25.5,0,371.9646701
23595,2,G31_65_H5,31,23.64166667,21.9,25.4,0,371.9646701
23596,2,G31_65_H5,32,23.475,21.4,25.5,0,371.9646701
23597,2,G31_65_H5,33,24.42083333,21.8,26.6,0,371.9646701
23598,2,G31_65_H5,34,24.67916667,21.9,28,0,371.9646701
23599,2,G31_65_H6,-1,31.7625,17,33,0,384.5656217
23600,2,G31_65_H6,0,34.80833333,31.9,35.5,0,384.5656217
23601,2,G31_65_H6,1,34.55,33.7,35.5,0,384.5656217
23602,2,G31_65_H6,2,33.92083333,33.1,34.9,0,384.5656217
23603,2,G31_65_H6,3,33.04583333,32.1,34.1,0,384.5656217
23604,2,G31_65_H6,4,32.40833333,31.3,33.5,0,384.5656217
23605,2,G31_65_H6,5,31.6,30.6,32.7,0,384.5656217
23606,2,G31_65_H6,6,30.86666667,29.8,32.2,0,384.5656217
23607,2,G31_65_H6,7,30.46666667,29.4,31.4,0,384.5656217
23608,2,G31_65_H6,8,30.17916667,29,31.1,0,384.5656217
23609,2,G31_65_H6,9,30.00833333,28.8,31,0,384.5656217
23610,2,G31_65_H6,10,29.12916667,28.2,30.3,0,384.5656217
23611,2,G31_65_H6,11,28.80833333,27.8,29.9,0,384.5656217
23612,2,G31_65_H6,12,28.53333333,27.7,29.4,0,384.5656217
23613,2,G31_65_H6,13,28.72916667,28,29.6,0,384.5656217
23614,2,G31_65_H6,14,27.875,26.8,29.4,0,384.5656217
23615,2,G31_65_H6,15,27.62916667,26.5,28.5,0,384.5656217
23616,2,G31_65_H6,16,27.21666667,26.6,28.5,0,384.5656217
23617,2,G31_65_H6,17,27.30833333,26.6,28.6,0,384.5656217
23618,2,G31_65_H6,18,27.35416667,26.5,28.6,0,384.5656217
23619,2,G31_65_H6,19,27.02916667,26.5,28.8,0,384.5656217
23620,2,G31_65_H6,20,27.45416667,26.1,28.4,0,384.5656217
23621,2,G31_65_H6,21,26.925,25.7,28.6,0,384.5656217
23622,2,G31_65_H6,22,26.85416667,25.7,28.6,0,384.5656217
23623,2,G31_65_H6,23,27.1,25.3,28.7,0,384.5656217
23624,2,G31_65_H6,24,26.775,25.9,28.2,0,384.5656217
23625,2,G31_65_H6,25,26.22916667,25.1,28.2,0,384.5656217
23626,2,G31_65_H6,26,26.2125,24.5,27.8,0,384.5656217
23627,2,G31_65_H6,27,25.20833333,24.3,27.3,0,384.5656217
23628,2,G31_65_H6,28,24.6,23,27.1,0,384.5656217
23629,2,G31_65_H6,29,24.64166667,22.7,26,0,384.5656217
23630,2,G31_65_H6,30,24.3,22.8,26.3,0,384.5656217
23631,2,G31_65_H6,31,24.32916667,22.3,26.3,0,384.5656217
23632,2,G31_65_H6,32,24.81666667,22.5,27.1,0,384.5656217
23633,2,G31_65_H6,33,25.29583333,22.7,28.2,0,384.5656217
23634,2,G31_65_H6,34,25.6,22.6,28.9,0,384.5656217
23635,2,G31_65_H7,-1,31.4,10.5,33.7,0,350.8118421
23636,2,G31_65_H7,0,34.19166667,31.8,35.5,0,350.8118421
23637,2,G31_65_H7,1,33.9125,32.8,35.4,0,350.8118421
23638,2,G31_65_H7,2,33.31666667,32.2,34.5,0,350.8118421
23639,2,G31_65_H7,3,32.47083333,31.4,33.8,0,350.8118421
23640,2,G31_65_H7,4,31.79166667,30.7,33.1,0,350.8118421
23641,2,G31_65_H7,5,31.0375,30,32.3,0,350.8118421
23642,2,G31_65_H7,6,30.5125,29.4,31.9,0,350.8118421
23643,2,G31_65_H7,7,30.05833333,28.6,31,0,350.8118421
23644,2,G31_65_H7,8,29.25833333,28.4,30.6,0,350.8118421
23645,2,G31_65_H7,9,29.1,28.1,30.5,0,350.8118421
23646,2,G31_65_H7,10,29.05,27.6,29.9,0,350.8118421
23647,2,G31_65_H7,11,28.25833333,27.2,29.7,0,350.8118421
23648,2,G31_65_H7,12,28.3125,27.2,29.3,0,350.8118421
23649,2,G31_65_H7,13,28.64583333,27.6,29.8,0,350.8118421
23650,2,G31_65_H7,14,27.8375,26.2,29,0,350.8118421
23651,2,G31_65_H7,15,27.025,26.2,28.3,0,350.8118421
23652,2,G31_65_H7,16,27.01666667,25.9,27.9,0,350.8118421
23653,2,G31_65_H7,17,26.94583333,25.8,27.8,0,350.8118421
23654,2,G31_65_H7,18,26.475,25.2,27.8,0,350.8118421
23655,2,G31_65_H7,19,26.50833333,25,27.8,0,350.8118421
23656,2,G31_65_H7,20,26.55833333,24.8,28.1,0,350.8118421
23657,2,G31_65_H7,21,26.175,24.7,27.7,0,350.8118421
23658,2,G31_65_H7,22,26.69583333,25.1,28,0,350.8118421
23659,2,G31_65_H7,23,26.5875,24.8,28.3,0,350.8118421
23660,2,G31_65_H7,24,26.42083333,25.5,28.1,0,350.8118421
23661,2,G31_65_H7,25,25.87083333,24.3,28,0,350.8118421
23662,2,G31_65_H7,26,25.225,24,27.3,0,350.8118421
23663,2,G31_65_H7,27,24.3875,23.4,27,0,350.8118421
23664,2,G31_65_H7,28,24.30833333,22.5,26.5,0,350.8118421
23665,2,G31_65_H7,29,24.08333333,22.2,25.5,0,350.8118421
23666,2,G31_65_H7,30,23.69583333,22.3,26,0,350.8118421
23667,2,G31_65_H7,31,23.675,21.9,25.4,0,350.8118421
23668,2,G31_65_H7,32,24.32083333,22.3,27,0,350.8118421
23669,2,G31_65_H7,33,24.79583333,22,28.4,0,350.8118421
23670,2,G31_65_H7,34,25.04166667,21.6,29.3,0,350.8118421
23671,2,G31_65_H8,-1,28.1625,11.2,32.1,0,371.6901114
23672,2,G31_65_H8,0,34.29166667,31.3,35.4,0,371.6901114
23673,2,G31_65_H8,1,34.45833333,33.6,35.5,0,371.6901114
23674,2,G31_65_H8,2,33.925,33,34.8,0,371.6901114
23675,2,G31_65_H8,3,33.09583333,32.2,34.1,0,371.6901114
23676,2,G31_65_H8,4,32.2375,31.4,33.2,0,371.6901114
23677,2,G31_65_H8,5,31.62083333,30.7,32.6,0,371.6901114
23678,2,G31_65_H8,6,30.8625,29.8,32.1,0,371.6901114
23679,2,G31_65_H8,7,30.42083333,29.5,31.2,0,371.6901114
23680,2,G31_65_H8,8,29.99583333,29.1,31,0,371.6901114
23681,2,G31_65_H8,9,29.625,28.6,30.8,0,371.6901114
23682,2,G31_65_H8,10,29.30833333,28.3,30.1,0,371.6901114
23683,2,G31_65_H8,11,28.91666667,27.9,29.8,0,371.6901114
23684,2,G31_65_H8,12,28.55,27.8,29.4,0,371.6901114
23685,2,G31_65_H8,13,28.78333333,27.9,29.5,0,371.6901114
23686,2,G31_65_H8,14,28.24166667,27,29.3,0,371.6901114
23687,2,G31_65_H8,15,27.5625,27,28.5,0,371.6901114
23688,2,G31_65_H8,16,27.74583333,26.9,28.5,0,371.6901114
23689,2,G31_65_H8,17,27.225,26.5,28.7,0,371.6901114
23690,2,G31_65_H8,18,27.28333333,26,28.5,0,371.6901114
23691,2,G31_65_H8,19,27.275,26.6,28.7,0,371.6901114
23692,2,G31_65_H8,20,27.6125,26.3,28.7,0,371.6901114
23693,2,G31_65_H8,21,27.15416667,26.3,28.7,0,371.6901114
23694,2,G31_65_H8,22,27.07083333,26,28.7,0,371.6901114
23695,2,G31_65_H8,23,27.2125,25.6,28.6,0,371.6901114
23696,2,G31_65_H8,24,27.27916667,26.2,28.5,0,371.6901114
23697,2,G31_65_H8,25,26.60416667,25.7,28.1,0,371.6901114
23698,2,G31_65_H8,26,26.0125,24.9,28,0,371.6901114
23699,2,G31_65_H8,27,25.72083333,24.6,27.8,0,371.6901114
23700,2,G31_65_H8,28,25.13333333,23.5,27.2,0,371.6901114
23701,2,G31_65_H8,29,25.05416667,23.2,26.3,0,371.6901114
23702,2,G31_65_H8,30,24.62083333,23.1,26.6,0,371.6901114
23703,2,G31_65_H8,31,24.41666667,22.7,26.3,0,371.6901114
23704,2,G31_65_H8,32,25.02916667,23,27.3,0,371.6901114
23705,2,G31_65_H8,33,25.4625,22.9,28.6,0,371.6901114
23706,2,G31_65_H8,34,25.85833333,22.9,29.1,0,371.6901114
23707,2,G32_64_H1,-2,30.4,10.8,34.1,1,400.3346739
23708,2,G32_64_H1,-1,33.45416667,28.3,35.5,1,400.3346739
23709,2,G32_64_H1,0,34.55,31.5,35.5,1,400.3346739
23710,2,G32_64_H1,1,34.35,32.6,35.5,1,400.3346739
23711,2,G32_64_H1,2,33.17916667,31.4,35.4,1,400.3346739
23712,2,G32_64_H1,3,32.06666667,30.6,33.6,1,400.3346739
23713,2,G32_64_H1,4,31.03333333,29.5,32.9,1,400.3346739
23714,2,G32_64_H1,5,30.01666667,28.6,32.1,1,400.3346739
23715,2,G32_64_H1,6,29.15833333,28,30.5,1,400.3346739
23716,2,G32_64_H1,7,28.60416667,27.4,30,1,400.3346739
23717,2,G32_64_H1,8,28.09583333,27.2,29.6,1,400.3346739
23718,2,G32_64_H1,9,27.60416667,26.6,29.1,1,400.3346739
23719,2,G32_64_H1,10,27.175,26.2,28.8,1,400.3346739
23720,2,G32_64_H1,11,26.70833333,25.4,28.2,1,400.3346739
23721,2,G32_64_H1,12,26.10833333,24.5,27.6,1,400.3346739
23722,2,G32_64_H1,13,25.975,24.2,27.4,1,400.3346739
23723,2,G32_64_H1,14,26.3,24,27.3,1,400.3346739
23724,2,G32_64_H1,15,26.02083333,24.2,27.1,1,400.3346739
23725,2,G32_64_H1,16,26.25416667,23.4,28,1,400.3346739
23726,2,G32_64_H1,17,26.40416667,23.8,28.1,1,400.3346739
23727,2,G32_64_H1,18,26.74583333,24.8,29.5,1,400.3346739
23728,2,G32_64_H1,19,25.60833333,24.3,28.1,1,400.3346739
23729,2,G32_64_H1,20,25.00833333,23.6,26.9,1,400.3346739
23730,2,G32_64_H1,21,25.94166667,23.8,27,1,400.3346739
23731,2,G32_64_H1,22,24.65416667,23.4,26.8,1,400.3346739
23732,2,G32_64_H1,23,24.75833333,23.2,26.7,1,400.3346739
23733,2,G32_64_H1,24,25.025,23.3,27.1,1,400.3346739
23734,2,G32_64_H1,25,25.40416667,23,27.7,1,400.3346739
23735,2,G32_64_H1,26,25.76666667,23.3,27.7,1,400.3346739
23736,2,G32_64_H1,27,25.91666667,23.7,28.2,1,400.3346739
23737,2,G32_64_H1,28,25.72083333,23.4,28.3,1,400.3346739
23738,2,G32_64_H1,29,25.2,23.8,27.2,1,400.3346739
23739,2,G32_64_H1,30,24.1875,23.3,25.9,1,400.3346739
23740,2,G32_64_H1,31,24.25833333,22.5,25.7,1,400.3346739
23741,2,G32_64_H1,32,23.65,21.9,25.3,1,400.3346739
23742,2,G32_64_H1,33,23.51666667,21.5,24.9,1,400.3346739
23743,2,G32_64_H1,34,23.4875,21.4,25.5,1,400.3346739
23744,2,G32_64_H10,-2,33.25,29.9,35,0,368.6213008
23745,2,G32_64_H10,-1,34.14583333,31.7,35.5,0,368.6213008
23746,2,G32_64_H10,0,34.49583333,30,35.5,0,368.6213008
23747,2,G32_64_H10,1,33.6125,32.2,35.3,0,368.6213008
23748,2,G32_64_H10,2,33.28333333,31.1,35.2,0,368.6213008
23749,2,G32_64_H10,3,31.91666667,30.6,34,0,368.6213008
23750,2,G32_64_H10,4,31.1625,29.7,32.5,0,368.6213008
23751,2,G32_64_H10,5,30.16666667,28.4,31.9,0,368.6213008
23752,2,G32_64_H10,6,29.49583333,28,31.2,0,368.6213008
23753,2,G32_64_H10,7,28.77916667,27.7,30,0,368.6213008
23754,2,G32_64_H10,8,28.18333333,27.1,29.6,0,368.6213008
23755,2,G32_64_H10,9,27.95,27.1,29.2,0,368.6213008
23756,2,G32_64_H10,10,27.55416667,26,29,0,368.6213008
23757,2,G32_64_H10,11,26.93333333,25.7,28.5,0,368.6213008
23758,2,G32_64_H10,12,26.74583333,25.5,28.5,0,368.6213008
23759,2,G32_64_H10,13,26.17916667,25.2,27.9,0,368.6213008
23760,2,G32_64_H10,14,26.45416667,25,28.2,0,368.6213008
23761,2,G32_64_H10,15,26.7125,24.6,28.4,0,368.6213008
23762,2,G32_64_H10,16,27.15,25.7,29,0,368.6213008
23763,2,G32_64_H10,17,26.6625,24.9,28.3,0,368.6213008
23764,2,G32_64_H10,18,26.14583333,24.7,27.4,0,368.6213008
23765,2,G32_64_H10,19,25.48333333,24.5,27.8,0,368.6213008
23766,2,G32_64_H10,20,26.53333333,24.3,27.6,0,368.6213008
23767,2,G32_64_H10,21,26.04166667,24.2,27.2,0,368.6213008
23768,2,G32_64_H10,22,25.39166667,23.9,27.1,0,368.6213008
23769,2,G32_64_H10,23,26.2625,23.8,27.6,0,368.6213008
23770,2,G32_64_H10,24,26.325,24.3,27.7,0,368.6213008
23771,2,G32_64_H10,25,26.69166667,24.6,28.2,0,368.6213008
23772,2,G32_64_H10,26,25.98333333,24.3,28,0,368.6213008
23773,2,G32_64_H10,27,25.525,24.6,27.2,0,368.6213008
23774,2,G32_64_H10,28,25.3125,23.8,26.4,0,368.6213008
23775,2,G32_64_H10,29,24.81666667,23.4,26.3,0,368.6213008
23776,2,G32_64_H10,30,24.45,23.2,26.1,0,368.6213008
23777,2,G32_64_H10,31,24.84166667,22.5,25.7,0,368.6213008
23778,2,G32_64_H10,32,24.625,22.7,26,0,368.6213008
23779,2,G32_64_H10,33,23.78333333,21.8,25.3,0,368.6213008
23780,2,G32_64_H10,34,24.26666667,21.7,26.2,0,368.6213008
23781,2,G32_64_H11,15,26.95384615,26.2,28.8,0,374.4873173
23782,2,G32_64_H11,16,27.0625,25.9,28.1,0,374.4873173
23783,2,G32_64_H11,17,26.43333333,25.4,27.8,0,374.4873173
23784,2,G32_64_H11,18,26.06666667,25.1,27.8,0,374.4873173
23785,2,G32_64_H11,19,26.35416667,24.5,27.4,0,374.4873173
23786,2,G32_64_H11,20,26.5125,24.6,27.4,0,374.4873173
23787,2,G32_64_H11,21,26.7875,24.5,28,0,374.4873173
23788,2,G32_64_H11,22,26.50416667,24.8,28,0,374.4873173
23789,2,G32_64_H11,23,26.79583333,24.9,28.9,0,374.4873173
23790,2,G32_64_H11,24,26.525,24.6,28.9,0,374.4873173
23791,2,G32_64_H11,25,26.2875,25,28.5,0,374.4873173
23792,2,G32_64_H11,26,26.12916667,24.9,27.7,0,374.4873173
23793,2,G32_64_H11,27,26.14583333,24.6,27.9,0,374.4873173
23794,2,G32_64_H11,28,25.56666667,24.5,27.3,0,374.4873173
23795,2,G32_64_H11,29,25.60833333,23.2,26.7,0,374.4873173
23796,2,G32_64_H11,30,25.01666667,23.3,27,0,374.4873173
23797,2,G32_64_H11,31,25.18333333,23.1,26.9,0,374.4873173
23798,2,G32_64_H11,32,25.0625,23,27,0,374.4873173
23799,2,G32_64_H12,14,27.95,26.3,28.9,0,387.4090085
23800,2,G32_64_H12,15,27.4625,25.9,28.5,0,387.4090085
23801,2,G32_64_H12,16,26.8125,25.5,28.2,0,387.4090085
23802,2,G32_64_H12,17,26.6375,25.3,28.2,0,387.4090085
23803,2,G32_64_H12,18,26.50416667,24.4,27.6,0,387.4090085
23804,2,G32_64_H12,19,25.97916667,24,27.2,0,387.4090085
23805,2,G32_64_H12,20,25.79166667,24.3,27.3,0,387.4090085
23806,2,G32_64_H12,21,26.1875,24.4,28,0,387.4090085
23807,2,G32_64_H12,22,26.42916667,24.7,28.1,0,387.4090085
23808,2,G32_64_H12,23,27.15416667,25,28.7,0,387.4090085
23809,2,G32_64_H12,24,26.32083333,24.2,28.8,0,387.4090085
23810,2,G32_64_H12,25,26.53333333,24.7,28.1,0,387.4090085
23811,2,G32_64_H12,26,25.92083333,24.8,27.4,0,387.4090085
23812,2,G32_64_H12,27,25.89166667,24.6,27.7,0,387.4090085
23813,2,G32_64_H12,28,26.44166667,24.3,27.6,0,387.4090085
23814,2,G32_64_H12,29,24.72916667,23.4,27.1,0,387.4090085
23815,2,G32_64_H12,30,25.47916667,23.3,27.1,0,387.4090085
23816,2,G32_64_H12,31,25.30416667,23.2,26.9,0,387.4090085
23817,2,G32_64_H12,32,25.21666667,23,27.2,0,387.4090085
23818,2,G32_64_H12,33,25.52916667,22.6,27.5,0,387.4090085
23819,2,G32_64_H13,14,28.00833333,26.2,29.6,0,377.4825561
23820,2,G32_64_H13,15,27.34166667,25.8,28.8,0,377.4825561
23821,2,G32_64_H13,16,26.4375,25.5,27.8,0,377.4825561
23822,2,G32_64_H13,17,26.475,25.3,27.9,0,377.4825561
23823,2,G32_64_H13,18,26.29583333,24.6,27.3,0,377.4825561
23824,2,G32_64_H13,19,26.4125,24.6,27.7,0,377.4825561
23825,2,G32_64_H13,20,25.86666667,24.5,27.2,0,377.4825561
23826,2,G32_64_H13,21,26.35416667,24.5,28.7,0,377.4825561
23827,2,G32_64_H13,22,27.3875,25,28.9,0,377.4825561
23828,2,G32_64_H13,23,27.575,25.3,29.8,0,377.4825561
23829,2,G32_64_H13,24,26.85833333,25,29.5,0,377.4825561
23830,2,G32_64_H13,25,26.19166667,24.9,28.5,0,377.4825561
23831,2,G32_64_H13,26,25.77916667,24.7,27,0,377.4825561
23832,2,G32_64_H13,27,26.19583333,24.4,27.1,0,377.4825561
23833,2,G32_64_H13,28,25.75416667,23.6,26.7,0,377.4825561
23834,2,G32_64_H13,29,24.54583333,22.9,26.1,0,377.4825561
23835,2,G32_64_H13,30,24.80416667,22.8,27,0,377.4825561
23836,2,G32_64_H13,31,24.21666667,22.4,26.7,0,377.4825561
23837,2,G32_64_H13,32,24.28333333,22.2,27,0,377.4825561
23838,2,G32_64_H13,33,24.80416667,21.9,27.7,0,377.4825561
23839,2,G32_64_H13,34,24.37916667,21.2,28.1,0,377.4825561
23840,2,G32_64_H14,-2,29.3,12.9,34,0,391.2180889
23841,2,G32_64_H14,-1,33.02916667,31.3,35.5,0,391.2180889
23842,2,G32_64_H14,0,33.975,30.3,35.5,0,391.2180889
23843,2,G32_64_H14,1,33.99166667,32.1,35.5,0,391.2180889
23844,2,G32_64_H14,2,32.775,31.1,35.3,0,391.2180889
23845,2,G32_64_H14,3,31.6,30.3,33.7,0,391.2180889
23846,2,G32_64_H14,4,30.7875,29.2,32.4,0,391.2180889
23847,2,G32_64_H14,5,30.175,28.6,31.3,0,391.2180889
23848,2,G32_64_H14,6,29.37916667,27.9,30.5,0,391.2180889
23849,2,G32_64_H14,7,28.92916667,27.3,30.2,0,391.2180889
23850,2,G32_64_H14,8,28.52083333,27,29.9,0,391.2180889
23851,2,G32_64_H14,9,28.25416667,26.8,29.1,0,391.2180889
23852,2,G32_64_H14,10,27.45833333,26.2,28.9,0,391.2180889
23853,2,G32_64_H14,11,26.89583333,25.7,28.9,0,391.2180889
23854,2,G32_64_H14,12,26.74166667,25,28.2,0,391.2180889
23855,2,G32_64_H14,13,25.95416667,24.5,27.8,0,391.2180889
23856,2,G32_64_H14,14,26.125,24.4,27.4,0,391.2180889
23857,2,G32_64_H14,15,26.19583333,24.1,27.4,0,391.2180889
23858,2,G32_64_H14,16,26.21666667,24.1,28,0,391.2180889
23859,2,G32_64_H14,17,26.47916667,24.3,28.3,0,391.2180889
23860,2,G32_64_H14,18,27.0125,25,29.2,0,391.2180889
23861,2,G32_64_H14,19,26.29583333,24.7,28.3,0,391.2180889
23862,2,G32_64_H14,20,25.45416667,24.2,27.1,0,391.2180889
23863,2,G32_64_H14,21,25.65,23.9,27.1,0,391.2180889
23864,2,G32_64_H14,22,25.74166667,23.7,26.7,0,391.2180889
23865,2,G32_64_H14,23,25.55416667,23.5,27.1,0,391.2180889
23866,2,G32_64_H14,24,25.40833333,23.8,27.5,0,391.2180889
23867,2,G32_64_H14,25,26.01666667,24,28.1,0,391.2180889
23868,2,G32_64_H14,26,26.20416667,24.4,28.3,0,391.2180889
23869,2,G32_64_H14,27,26.60833333,24.8,28.9,0,391.2180889
23870,2,G32_64_H14,28,26.60833333,24.3,28.6,0,391.2180889
23871,2,G32_64_H14,29,26.175,25.1,27.8,0,391.2180889
23872,2,G32_64_H14,30,25.35833333,24.2,26.8,0,391.2180889
23873,2,G32_64_H14,31,24.9625,23.4,26.7,0,391.2180889
23874,2,G32_64_H14,32,24.27916667,22.5,25.8,0,391.2180889
23875,2,G32_64_H14,33,24.19583333,21.8,25.7,0,391.2180889
23876,2,G32_64_H14,34,24.26666667,22.2,26.8,0,391.2180889
23877,2,G32_64_H14,35,23.45,21.3,26.6,0,391.2180889
23878,2,G32_64_H15,-2,29.43636364,13.3,33.8,0,368.5459387
23879,2,G32_64_H15,-1,33.00833333,29.6,35.2,0,368.5459387
23880,2,G32_64_H15,0,34.34166667,29.7,35.5,0,368.5459387
23881,2,G32_64_H15,1,33.91666667,32.1,35.5,0,368.5459387
23882,2,G32_64_H15,2,32.84166667,31.1,34.5,0,368.5459387
23883,2,G32_64_H15,3,31.59166667,30.3,32.9,0,368.5459387
23884,2,G32_64_H15,4,30.675,29.1,32.4,0,368.5459387
23885,2,G32_64_H15,5,30.0375,28.8,31.8,0,368.5459387
23886,2,G32_64_H15,6,29.3625,28,30.8,0,368.5459387
23887,2,G32_64_H15,7,28.90833333,27.3,29.9,0,368.5459387
23888,2,G32_64_H15,8,28.58333333,27.4,29.5,0,368.5459387
23889,2,G32_64_H15,9,28.3,26.9,29,0,368.5459387
23890,2,G32_64_H15,10,27.5625,26.3,28.6,0,368.5459387
23891,2,G32_64_H15,11,26.94166667,25.7,28.4,0,368.5459387
23892,2,G32_64_H15,12,26.46666667,25.2,27.9,0,368.5459387
23893,2,G32_64_H15,13,25.91666667,24.7,27.3,0,368.5459387
23894,2,G32_64_H15,14,25.95,24.8,27.4,0,368.5459387
23895,2,G32_64_H15,15,25.68333333,24.7,27.2,0,368.5459387
23896,2,G32_64_H15,16,26.07916667,24.2,28,0,368.5459387
23897,2,G32_64_H15,17,26.4375,24.6,28.4,0,368.5459387
23898,2,G32_64_H15,18,27.3625,26,29.3,0,368.5459387
23899,2,G32_64_H15,19,26.475,24.7,28.4,0,368.5459387
23900,2,G32_64_H15,20,25.45833333,24.2,26.7,0,368.5459387
23901,2,G32_64_H15,21,25.25833333,24.4,26.9,0,368.5459387
23902,2,G32_64_H15,22,25.82916667,24.1,27.1,0,368.5459387
23903,2,G32_64_H15,23,25.79166667,24,26.8,0,368.5459387
23904,2,G32_64_H15,24,25.67083333,23.9,27.2,0,368.5459387
23905,2,G32_64_H15,25,25.95416667,24.2,28,0,368.5459387
23906,2,G32_64_H15,26,26.31666667,24.6,28.4,0,368.5459387
23907,2,G32_64_H15,27,26.8625,25.4,28.7,0,368.5459387
23908,2,G32_64_H15,28,26.54166667,24.7,28.7,0,368.5459387
23909,2,G32_64_H15,29,25.925,24.8,27.5,0,368.5459387
23910,2,G32_64_H15,30,25.37083333,24.3,27.4,0,368.5459387
23911,2,G32_64_H15,31,25.41666667,23.8,26.9,0,368.5459387
23912,2,G32_64_H15,32,24.6625,23.3,26.3,0,368.5459387
23913,2,G32_64_H15,33,23.69583333,22,25.8,0,368.5459387
23914,2,G32_64_H15,34,23.975,21.9,26.1,0,368.5459387
23915,2,G32_64_H15,35,23.625,21.7,25.1,0,368.5459387
23916,2,G32_64_H16,-2,31.22727273,14.2,33.8,0,377.9493786
23917,2,G32_64_H16,-1,32.94583333,28.2,34.3,0,377.9493786
23918,2,G32_64_H16,0,33.5375,28.9,35.5,0,377.9493786
23919,2,G32_64_H16,1,33.525,31.7,34.8,0,377.9493786
23920,2,G32_64_H16,2,32.52916667,30.9,33.7,0,377.9493786
23921,2,G32_64_H16,3,31.6125,29.9,33,0,377.9493786
23922,2,G32_64_H16,4,30.55,29.1,31.9,0,377.9493786
23923,2,G32_64_H16,5,30.15,28.4,31.4,0,377.9493786
23924,2,G32_64_H16,6,29.24166667,27.3,30.9,0,377.9493786
23925,2,G32_64_H16,7,28.525,26.9,29.8,0,377.9493786
23926,2,G32_64_H16,8,27.82083333,26.6,29.6,0,377.9493786
23927,2,G32_64_H16,9,27.8375,26.3,29.3,0,377.9493786
23928,2,G32_64_H16,10,27.44583333,25.6,29.3,0,377.9493786
23929,2,G32_64_H16,11,26.35,25,28.1,0,377.9493786
23930,2,G32_64_H16,12,25.82916667,24.3,27.6,0,377.9493786
23931,2,G32_64_H16,13,25.88333333,24.8,27.8,0,377.9493786
23932,2,G32_64_H16,14,25.55416667,24.6,27.3,0,377.9493786
23933,2,G32_64_H16,15,26.04166667,24.4,28.1,0,377.9493786
23934,2,G32_64_H16,16,26.35416667,24.4,28.3,0,377.9493786
23935,2,G32_64_H16,17,26.8375,25.1,28.9,0,377.9493786
23936,2,G32_64_H16,18,26.2,24.6,28.1,0,377.9493786
23937,2,G32_64_H16,19,25.475,24,26.8,0,377.9493786
23938,2,G32_64_H16,20,25.32083333,23.8,27.1,0,377.9493786
23939,2,G32_64_H16,21,26.11666667,23.9,26.7,0,377.9493786
23940,2,G32_64_H16,22,25.87083333,23.5,26.5,0,377.9493786
23941,2,G32_64_H16,23,25.57083333,23.2,26.5,0,377.9493786
23942,2,G32_64_H16,24,25.97083333,23.5,27.9,0,377.9493786
23943,2,G32_64_H16,25,26.1,23.8,27.9,0,377.9493786
23944,2,G32_64_H16,26,26.7375,24.9,28.5,0,377.9493786
23945,2,G32_64_H16,27,26.5125,24.3,29,0,377.9493786
23946,2,G32_64_H16,28,26.025,25,27.3,0,377.9493786
23947,2,G32_64_H16,29,25.275,24.1,26.8,0,377.9493786
23948,2,G32_64_H16,30,24.90416667,23.5,26.5,0,377.9493786
23949,2,G32_64_H16,31,24.72916667,23.1,25.7,0,377.9493786
23950,2,G32_64_H16,32,23.875,22.5,26.1,0,377.9493786
23951,2,G32_64_H16,33,24.20416667,22.3,26.8,0,377.9493786
23952,2,G32_64_H16,34,23.89583333,21.5,25.5,0,377.9493786
23953,2,G32_64_H17,-2,31.32727273,14.4,33.7,0,361.3277971
23954,2,G32_64_H17,-1,33.25416667,29.2,35.5,0,361.3277971
23955,2,G32_64_H17,0,34.59166667,29.8,35.5,0,361.3277971
23956,2,G32_64_H17,1,34.35416667,32.5,35.5,0,361.3277971
23957,2,G32_64_H17,2,33.2,31.5,34.8,0,361.3277971
23958,2,G32_64_H17,3,32.20416667,30.4,33.7,0,361.3277971
23959,2,G32_64_H17,4,31.1875,29.5,32.6,0,361.3277971
23960,2,G32_64_H17,5,30.30416667,28.9,31.9,0,361.3277971
23961,2,G32_64_H17,6,29.79583333,27.9,31.2,0,361.3277971
23962,2,G32_64_H17,7,28.94166667,27.9,30.4,0,361.3277971
23963,2,G32_64_H17,8,28.74166667,27.4,29.8,0,361.3277971
23964,2,G32_64_H17,9,28.15416667,27,29.8,0,361.3277971
23965,2,G32_64_H17,10,27.60833333,26.3,29.1,0,361.3277971
23966,2,G32_64_H17,11,26.80833333,25.2,28.6,0,361.3277971
23967,2,G32_64_H17,12,26.47083333,25.1,27.8,0,361.3277971
23968,2,G32_64_H17,13,26.4875,24.9,28,0,361.3277971
23969,2,G32_64_H17,14,26.55416667,25.1,27.8,0,361.3277971
23970,2,G32_64_H17,15,26.5125,24.5,28.1,0,361.3277971
23971,2,G32_64_H17,16,26.77083333,24.8,28.3,0,361.3277971
23972,2,G32_64_H17,17,27.05416667,25.4,28.8,0,361.3277971
23973,2,G32_64_H17,18,26.28333333,25,27.9,0,361.3277971
23974,2,G32_64_H17,19,25.60416667,24.7,27,0,361.3277971
23975,2,G32_64_H17,20,25.45833333,24.3,26.9,0,361.3277971
23976,2,G32_64_H17,21,25.87083333,23.8,26.8,0,361.3277971
23977,2,G32_64_H17,22,25.60416667,23.8,27.2,0,361.3277971
23978,2,G32_64_H17,23,25.22916667,23.5,26.8,0,361.3277971
23979,2,G32_64_H17,24,25.55,23.7,27.6,0,361.3277971
23980,2,G32_64_H17,25,25.9375,24.1,27.8,0,361.3277971
23981,2,G32_64_H17,26,26.52916667,24.9,28.3,0,361.3277971
23982,2,G32_64_H17,27,26.12916667,24.3,28.3,0,361.3277971
23983,2,G32_64_H17,28,25.60416667,24.8,27.1,0,361.3277971
23984,2,G32_64_H17,29,25.04583333,24,26.8,0,361.3277971
23985,2,G32_64_H17,30,25.0375,23.8,26.7,0,361.3277971
23986,2,G32_64_H17,31,24.32083333,23.2,26,0,361.3277971
23987,2,G32_64_H17,32,24.19583333,22.4,25.5,0,361.3277971
23988,2,G32_64_H17,33,24.58333333,22.4,26.1,0,361.3277971
23989,2,G32_64_H17,34,23.97916667,22.4,25.8,0,361.3277971
23990,2,G32_64_H18,-2,31.1,13,34.1,0,376.0495189
23991,2,G32_64_H18,-1,33.24583333,31.1,35.5,0,376.0495189
23992,2,G32_64_H18,0,34.50833333,31.7,35.5,0,376.0495189
23993,2,G32_64_H18,1,34.19166667,32.4,35.5,0,376.0495189
23994,2,G32_64_H18,2,33.10416667,31.4,35,0,376.0495189
23995,2,G32_64_H18,3,31.79583333,30.3,33.4,0,376.0495189
23996,2,G32_64_H18,4,31.1625,29.6,32.3,0,376.0495189
23997,2,G32_64_H18,5,30.32083333,29,31.6,0,376.0495189
23998,2,G32_64_H18,6,29.71666667,28.2,30.9,0,376.0495189
23999,2,G32_64_H18,7,29.18333333,27.7,30.1,0,376.0495189
24000,2,G32_64_H18,8,28.69583333,27.2,29.9,0,376.0495189
24001,2,G32_64_H18,9,28.25,26.9,29.5,0,376.0495189
24002,2,G32_64_H18,10,27.6,26.3,29.2,0,376.0495189
24003,2,G32_64_H18,11,26.95833333,25.5,28.5,0,376.0495189
24004,2,G32_64_H18,12,26.3125,25.1,28,0,376.0495189
24005,2,G32_64_H18,13,26.5,25.1,27.9,0,376.0495189
24006,2,G32_64_H18,14,26.39583333,25.1,27.8,0,376.0495189
24007,2,G32_64_H18,15,26.49583333,24.9,28.3,0,376.0495189
24008,2,G32_64_H18,16,26.4625,24.9,28.3,0,376.0495189
24009,2,G32_64_H18,17,26.9375,25.8,29,0,376.0495189
24010,2,G32_64_H18,18,26.4375,25.2,28.3,0,376.0495189
24011,2,G32_64_H18,19,26.16666667,24.8,27.3,0,376.0495189
24012,2,G32_64_H18,20,26.15833333,24.8,27.4,0,376.0495189
24013,2,G32_64_H18,21,25.10833333,23.9,27,0,376.0495189
24014,2,G32_64_H18,22,25.25,23.8,27.1,0,376.0495189
24015,2,G32_64_H18,23,25.525,23.9,27.1,0,376.0495189
24016,2,G32_64_H18,24,26.07083333,23.5,27.8,0,376.0495189
24017,2,G32_64_H18,25,26.6125,24.1,27.8,0,376.0495189
24018,2,G32_64_H18,26,26.66666667,24.8,28.5,0,376.0495189
24019,2,G32_64_H18,27,26.625,24.8,28.4,0,376.0495189
24020,2,G32_64_H18,28,25.9625,24.5,27.5,0,376.0495189
24021,2,G32_64_H18,29,25.62083333,24.3,27,0,376.0495189
24022,2,G32_64_H18,30,25.7125,24.1,27.3,0,376.0495189
24023,2,G32_64_H18,31,24.76666667,23.5,26.3,0,376.0495189
24024,2,G32_64_H18,32,24.48333333,22.4,26.1,0,376.0495189
24025,2,G32_64_H18,33,24.62916667,22.5,25.7,0,376.0495189
24026,2,G32_64_H18,34,23.62916667,22.2,25.3,0,376.0495189
24027,2,G32_64_H18,35,23.875,21.7,26.2,0,376.0495189
24028,2,G32_64_H19,-2,32.41111111,12.6,34.2,0,385.9860102
24029,2,G32_64_H19,-1,34.19166667,32.2,35.5,0,385.9860102
24030,2,G32_64_H19,0,34.79166667,32,35.5,0,385.9860102
24031,2,G32_64_H19,1,34.14166667,32.4,35.5,0,385.9860102
24032,2,G32_64_H19,2,33.25833333,31.2,34.8,0,385.9860102
24033,2,G32_64_H19,3,31.825,30.2,33.6,0,385.9860102
24034,2,G32_64_H19,4,31.36666667,29.5,32.6,0,385.9860102
24035,2,G32_64_H19,5,30.10416667,28.3,31.6,0,385.9860102
24036,2,G32_64_H19,6,28.95833333,28,30.4,0,385.9860102
24037,2,G32_64_H19,7,28.56666667,27.7,29.9,0,385.9860102
24038,2,G32_64_H19,8,28.39583333,26.8,29.8,0,385.9860102
24039,2,G32_64_H19,9,28.21666667,26.8,29.4,0,385.9860102
24040,2,G32_64_H19,10,27.825,25.5,29.1,0,385.9860102
24041,2,G32_64_H19,11,27.25833333,25.6,28.5,0,385.9860102
24042,2,G32_64_H19,12,26.60416667,25.3,28.5,0,385.9860102
24043,2,G32_64_H19,13,26.60416667,25.2,28,0,385.9860102
24044,2,G32_64_H19,14,26.425,24.8,28.4,0,385.9860102
24045,2,G32_64_H19,15,26.5,24.9,28.4,0,385.9860102
24046,2,G32_64_H19,16,26.80416667,25.5,28.9,0,385.9860102
24047,2,G32_64_H19,17,26.15416667,25,28.2,0,385.9860102
24048,2,G32_64_H19,18,26.225,24.4,27.1,0,385.9860102
24049,2,G32_64_H19,19,25.8125,24.5,27.3,0,385.9860102
24050,2,G32_64_H19,20,25.925,24.3,27.2,0,385.9860102
24051,2,G32_64_H19,21,25.69583333,23.8,26.8,0,385.9860102
24052,2,G32_64_H19,22,26.07916667,24,27.3,0,385.9860102
24053,2,G32_64_H19,23,26.61666667,24.1,28.2,0,385.9860102
24054,2,G32_64_H19,24,26.5875,24.9,28.3,0,385.9860102
24055,2,G32_64_H19,25,26.7875,25,28.9,0,385.9860102
24056,2,G32_64_H19,26,26.60833333,24.5,28.7,0,385.9860102
24057,2,G32_64_H19,27,26.05416667,24.8,27.5,0,385.9860102
24058,2,G32_64_H19,28,25.14166667,24.3,26.9,0,385.9860102
24059,2,G32_64_H19,29,25.00416667,23.5,26.7,0,385.9860102
24060,2,G32_64_H19,30,24.73333333,23.1,25.9,0,385.9860102
24061,2,G32_64_H19,31,24.44583333,22.4,25.5,0,385.9860102
24062,2,G32_64_H19,32,24.25416667,22.5,25.9,0,385.9860102
24063,2,G32_64_H19,33,23.89166667,22.1,25.2,0,385.9860102
24064,2,G32_64_H19,34,24.17083333,21.8,25.9,0,385.9860102
24065,2,G32_64_H2,-2,28.66363636,10.5,34.3,1,416.4961016
24066,2,G32_64_H2,-1,33.00833333,30.3,35.5,1,416.4961016
24067,2,G32_64_H2,0,34.69166667,31.6,35.5,1,416.4961016
24068,2,G32_64_H2,1,34.37083333,32.7,35.5,1,416.4961016
24069,2,G32_64_H2,2,33.25833333,31.4,35.2,1,416.4961016
24070,2,G32_64_H2,3,32.1625,30.7,34,1,416.4961016
24071,2,G32_64_H2,4,31.25416667,29.5,32.9,1,416.4961016
24072,2,G32_64_H2,5,30.14583333,28.6,31.6,1,416.4961016
24073,2,G32_64_H2,6,29.25833333,28,30.9,1,416.4961016
24074,2,G32_64_H2,7,28.60833333,27.5,29.9,1,416.4961016
24075,2,G32_64_H2,8,28.59583333,27,29.6,1,416.4961016
24076,2,G32_64_H2,9,27.75,26.8,29.3,1,416.4961016
24077,2,G32_64_H2,10,27.45833333,26.3,28.9,1,416.4961016
24078,2,G32_64_H2,11,27.16666667,25.6,29.1,1,416.4961016
24079,2,G32_64_H2,12,26.3375,24.7,27.9,1,416.4961016
24080,2,G32_64_H2,13,26.07083333,24.3,27.7,1,416.4961016
24081,2,G32_64_H2,14,26.19166667,24.6,28,1,416.4961016
24082,2,G32_64_H2,15,26.15833333,24.5,27.3,1,416.4961016
24083,2,G32_64_H2,16,26.4625,24.3,28.3,1,416.4961016
24084,2,G32_64_H2,17,26.9125,24.4,28.4,1,416.4961016
24085,2,G32_64_H2,18,27.50833333,25.6,29.8,1,416.4961016
24086,2,G32_64_H2,19,26.54583333,24.6,28.6,1,416.4961016
24087,2,G32_64_H2,20,25.75833333,24.1,27.2,1,416.4961016
24088,2,G32_64_H2,21,26.22083333,24.1,27.1,1,416.4961016
24089,2,G32_64_H2,22,25.47916667,23.7,27.3,1,416.4961016
24090,2,G32_64_H2,23,25.12083333,23.6,27.3,1,416.4961016
24091,2,G32_64_H2,24,25.375,23.8,27.3,1,416.4961016
24092,2,G32_64_H2,25,26.02916667,24.3,28,1,416.4961016
24093,2,G32_64_H2,26,26.5875,24.4,28.3,1,416.4961016
24094,2,G32_64_H2,27,26.89583333,24.5,28.6,1,416.4961016
24095,2,G32_64_H2,28,26.65833333,24.3,28.3,1,416.4961016
24096,2,G32_64_H2,29,25.925,24.7,28,1,416.4961016
24097,2,G32_64_H2,30,25.07916667,23.9,26.6,1,416.4961016
24098,2,G32_64_H2,31,25.1375,22.9,26.5,1,416.4961016
24099,2,G32_64_H2,32,24.2875,22.5,25.8,1,416.4961016
24100,2,G32_64_H2,33,24.36666667,21.5,25.5,1,416.4961016
24101,2,G32_64_H2,34,24.2375,21.5,26,1,416.4961016
24102,2,G32_64_H20,-2,30.66666667,11.3,34.5,1,392.6191857
24103,2,G32_64_H20,-1,33.99166667,31.8,35.5,1,392.6191857
24104,2,G32_64_H20,0,34.3,31.3,35.5,1,392.6191857
24105,2,G32_64_H20,1,34.19166667,32.5,35.5,1,392.6191857
24106,2,G32_64_H20,2,33.10416667,31.1,34.7,1,392.6191857
24107,2,G32_64_H20,3,32.025,30.3,33.4,1,392.6191857
24108,2,G32_64_H20,4,30.75,29.6,32.5,1,392.6191857
24109,2,G32_64_H20,5,29.82916667,28.2,31.8,1,392.6191857
24110,2,G32_64_H20,6,29.01666667,27.7,30.6,1,392.6191857
24111,2,G32_64_H20,7,28.5375,27.3,30.1,1,392.6191857
24112,2,G32_64_H20,8,28.35416667,27.2,29.5,1,392.6191857
24113,2,G32_64_H20,9,27.91666667,26.5,29.1,1,392.6191857
24114,2,G32_64_H20,10,27.15833333,25.8,28.9,1,392.6191857
24115,2,G32_64_H20,11,26.59583333,25.4,28.1,1,392.6191857
24116,2,G32_64_H20,12,26.54583333,25.3,27.9,1,392.6191857
24117,2,G32_64_H20,13,26.20416667,25.1,27.6,1,392.6191857
24118,2,G32_64_H20,14,26.57083333,24.8,28.1,1,392.6191857
24119,2,G32_64_H20,15,26.7875,25,28.4,1,392.6191857
24120,2,G32_64_H20,16,27.02083333,25.4,29.1,1,392.6191857
24121,2,G32_64_H20,17,26.67916667,25,28.4,1,392.6191857
24122,2,G32_64_H20,18,25.82916667,24.9,27.2,1,392.6191857
24123,2,G32_64_H20,19,26.00416667,24.6,27.5,1,392.6191857
24124,2,G32_64_H20,20,26.1875,24.4,27.4,1,392.6191857
24125,2,G32_64_H20,21,25.72083333,24,27,1,392.6191857
24126,2,G32_64_H20,22,25.5625,23.8,27.2,1,392.6191857
24127,2,G32_64_H20,23,26.275,24.2,28.3,1,392.6191857
24128,2,G32_64_H20,24,26.69583333,24.4,28.3,1,392.6191857
24129,2,G32_64_H20,25,27.1625,25.3,29.3,1,392.6191857
24130,2,G32_64_H20,26,27.03333333,24.8,29,1,392.6191857
24131,2,G32_64_H20,27,26.59166667,25.5,28.1,1,392.6191857
24132,2,G32_64_H20,28,25.8625,24.7,27.1,1,392.6191857
24133,2,G32_64_H20,29,25.55,23.8,27,1,392.6191857
24134,2,G32_64_H20,30,24.63333333,23.2,26.1,1,392.6191857
24135,2,G32_64_H20,31,24.6125,22.7,25.9,1,392.6191857
24136,2,G32_64_H20,32,24.65,22.7,26.3,1,392.6191857
24137,2,G32_64_H20,33,24.33333333,22.7,25.7,1,392.6191857
24138,2,G32_64_H20,34,24.46666667,22.2,27.1,1,392.6191857
24139,2,G32_64_H3,19,26.2,24.2,28.5,0,307.9266017
24140,2,G32_64_H3,20,25.2875,23.6,26.6,0,307.9266017
24141,2,G32_64_H3,21,25.03333333,23.9,27,0,307.9266017
24142,2,G32_64_H3,22,25.75833333,23.6,27,0,307.9266017
24143,2,G32_64_H3,23,26.02083333,23.3,27.9,0,307.9266017
24144,2,G32_64_H3,24,26.20833333,23.8,27.6,0,307.9266017
24145,2,G32_64_H3,25,26.2625,24.1,28.2,0,307.9266017
24146,2,G32_64_H3,26,26.90833333,25,28.4,0,307.9266017
24147,2,G32_64_H3,27,26.60833333,24.6,29.2,0,307.9266017
24148,2,G32_64_H3,28,26.3375,24.1,28.8,0,307.9266017
24149,2,G32_64_H3,29,25.84166667,24.6,27.6,0,307.9266017
24150,2,G32_64_H3,30,25.46666667,24.1,26.5,0,307.9266017
24151,2,G32_64_H3,31,25.49583333,23.3,26.9,0,307.9266017
24152,2,G32_64_H3,32,24.54166667,23,26.1,0,307.9266017
24153,2,G32_64_H3,33,24.01666667,22.3,25.9,0,307.9266017
24154,2,G32_64_H3,34,24.20416667,22.8,25.8,0,307.9266017
24155,2,G32_64_H4,19,25.56923077,24.4,28.3,0,371.7773083
24156,2,G32_64_H4,20,25.32916667,23.4,26.6,0,371.7773083
24157,2,G32_64_H4,21,25.45,23.8,26.7,0,371.7773083
24158,2,G32_64_H4,22,25.07916667,23.9,26.9,0,371.7773083
24159,2,G32_64_H4,23,25.53333333,23.6,27.4,0,371.7773083
24160,2,G32_64_H4,24,25.6375,23.8,27.2,0,371.7773083
24161,2,G32_64_H4,25,25.95833333,23.8,28.3,0,371.7773083
24162,2,G32_64_H4,26,26.30833333,24.4,28.2,0,371.7773083
24163,2,G32_64_H4,27,26.68333333,25,28.9,0,371.7773083
24164,2,G32_64_H4,28,26.47083333,24.5,28.7,0,371.7773083
24165,2,G32_64_H4,29,26.2375,25,27.8,0,371.7773083
24166,2,G32_64_H4,30,25.64583333,24,27.3,0,371.7773083
24167,2,G32_64_H4,31,25.24166667,23.4,26.4,0,371.7773083
24168,2,G32_64_H4,32,24.74166667,23.2,25.8,0,371.7773083
24169,2,G32_64_H4,33,24.70416667,22.5,26.1,0,371.7773083
24170,2,G32_64_H4,34,24.6625,23,26.5,0,371.7773083
24171,2,G32_64_H5,-2,32.79090909,15.6,34.1,1,400.7823036
24172,2,G32_64_H5,-1,33.25,27.8,35.5,1,400.7823036
24173,2,G32_64_H5,0,34.05416667,31.5,35.5,1,400.7823036
24174,2,G32_64_H5,1,33.88333333,32.1,35.5,1,400.7823036
24175,2,G32_64_H5,2,32.7625,31.4,34.5,1,400.7823036
24176,2,G32_64_H5,3,32.00833333,30.3,33.7,1,400.7823036
24177,2,G32_64_H5,4,30.7625,29.4,32.3,1,400.7823036
24178,2,G32_64_H5,5,30,28.8,31.3,1,400.7823036
24179,2,G32_64_H5,6,29.25833333,28.1,30.5,1,400.7823036
24180,2,G32_64_H5,7,28.9125,27.5,30.3,1,400.7823036
24181,2,G32_64_H5,8,28.31666667,27.2,30.1,1,400.7823036
24182,2,G32_64_H5,9,27.95416667,26.7,29.5,1,400.7823036
24183,2,G32_64_H5,10,27.35416667,25.8,29.3,1,400.7823036
24184,2,G32_64_H5,11,26.84583333,25.1,28.4,1,400.7823036
24185,2,G32_64_H5,12,26.40416667,24.7,28,1,400.7823036
24186,2,G32_64_H5,13,26.33333333,24.5,28,1,400.7823036
24187,2,G32_64_H5,14,25.89583333,24.6,27.2,1,400.7823036
24188,2,G32_64_H5,15,26.29166667,24.4,28.1,1,400.7823036
24189,2,G32_64_H5,16,26.65416667,24.6,28.2,1,400.7823036
24190,2,G32_64_H5,17,27.04583333,25.2,29.2,1,400.7823036
24191,2,G32_64_H5,18,25.77916667,24.5,28.1,1,400.7823036
24192,2,G32_64_H5,19,25.59583333,23.8,27.1,1,400.7823036
24193,2,G32_64_H5,20,26.04166667,23.8,27,1,400.7823036
24194,2,G32_64_H5,21,25.35416667,23.7,26.7,1,400.7823036
24195,2,G32_64_H5,22,24.52083333,23.3,26.8,1,400.7823036
24196,2,G32_64_H5,23,24.975,23.5,26.8,1,400.7823036
24197,2,G32_64_H5,24,25.69166667,23.2,28,1,400.7823036
24198,2,G32_64_H5,25,26.1125,23.7,28,1,400.7823036
24199,2,G32_64_H5,26,26.04166667,24.1,28.4,1,400.7823036
24200,2,G32_64_H5,27,26.075,23.6,28.2,1,400.7823036
24201,2,G32_64_H5,28,25.375,24.5,27.3,1,400.7823036
24202,2,G32_64_H5,29,24.68333333,23.9,26.5,1,400.7823036
24203,2,G32_64_H5,30,24.95,23.3,26.3,1,400.7823036
24204,2,G32_64_H5,31,24.07083333,22.8,25.9,1,400.7823036
24205,2,G32_64_H5,32,23.94166667,22.1,25.4,1,400.7823036
24206,2,G32_64_H5,33,24.65416667,22,26.1,1,400.7823036
24207,2,G32_64_H5,34,23.3,21.5,25.4,1,400.7823036
24208,2,G32_64_H6,-2,32.11818182,14.9,34,0,371.7733882
24209,2,G32_64_H6,-1,33.15,28.3,35.5,0,371.7733882
24210,2,G32_64_H6,0,33.96666667,31.3,35.5,0,371.7733882
24211,2,G32_64_H6,1,33.96666667,32.2,35.5,0,371.7733882
24212,2,G32_64_H6,2,32.775,31.4,34.3,0,371.7733882
24213,2,G32_64_H6,3,31.85416667,30.3,33.7,0,371.7733882
24214,2,G32_64_H6,4,30.69583333,29.4,32.8,0,371.7733882
24215,2,G32_64_H6,5,29.96666667,28.6,31.4,0,371.7733882
24216,2,G32_64_H6,6,29.30416667,28,30.8,0,371.7733882
24217,2,G32_64_H6,7,28.91666667,27.8,30,0,371.7733882
24218,2,G32_64_H6,8,28.25416667,27.1,29.5,0,371.7733882
24219,2,G32_64_H6,9,27.9875,26.6,29.6,0,371.7733882
24220,2,G32_64_H6,10,27.67083333,26.3,28.9,0,371.7733882
24221,2,G32_64_H6,11,27.025,25.7,28.3,0,371.7733882
24222,2,G32_64_H6,12,26.25416667,24.9,28.1,0,371.7733882
24223,2,G32_64_H6,13,26.29583333,24.9,27.7,0,371.7733882
24224,2,G32_64_H6,14,26.025,24.6,27.3,0,371.7733882
24225,2,G32_64_H6,15,26.30833333,24,27.9,0,371.7733882
24226,2,G32_64_H6,16,26.70833333,24.4,28.1,0,371.7733882
24227,2,G32_64_H6,17,27.10833333,25.1,29.2,0,371.7733882
24228,2,G32_64_H6,18,25.85416667,24.4,28.2,0,371.7733882
24229,2,G32_64_H6,19,25.35833333,23.8,26.8,0,371.7733882
24230,2,G32_64_H6,20,25.77083333,24,27.2,0,371.7733882
24231,2,G32_64_H6,21,25.30833333,24.1,27.3,0,371.7733882
24232,2,G32_64_H6,22,25.57916667,23.9,26.6,0,371.7733882
24233,2,G32_64_H6,23,25.2875,24.1,27.2,0,371.7733882
24234,2,G32_64_H6,24,26.3625,24,28,0,371.7733882
24235,2,G32_64_H6,25,26.4625,24.5,28.3,0,371.7733882
24236,2,G32_64_H6,26,26.85833333,25.2,28.9,0,371.7733882
24237,2,G32_64_H6,27,26.38333333,24.7,28.3,0,371.7733882
24238,2,G32_64_H6,28,26.225,25,27.4,0,371.7733882
24239,2,G32_64_H6,29,25.1625,24.6,26.9,0,371.7733882
24240,2,G32_64_H6,30,25.75,24,26.9,0,371.7733882
24241,2,G32_64_H6,31,24.77083333,23.5,26.3,0,371.7733882
24242,2,G32_64_H6,32,24.125,22.8,25.8,0,371.7733882
24243,2,G32_64_H6,33,24.78333333,22.9,29.1,0,371.7733882
24244,2,G32_64_H6,34,23.7125,21.7,25.4,0,371.7733882
24245,2,G32_64_H7,17,26.38461538,24.8,28.3,0,339.5486169
24246,2,G32_64_H7,18,26.42916667,24.3,27.2,0,339.5486169
24247,2,G32_64_H7,19,25.93333333,24.5,27.5,0,339.5486169
24248,2,G32_64_H7,20,26.0375,24.1,27.3,0,339.5486169
24249,2,G32_64_H7,21,25.84166667,23.9,27.1,0,339.5486169
24250,2,G32_64_H7,22,25.9875,23.7,27.4,0,339.5486169
24251,2,G32_64_H7,23,26.22916667,24,28,0,339.5486169
24252,2,G32_64_H7,24,26.72916667,24.9,28.3,0,339.5486169
24253,2,G32_64_H7,25,27.11666667,25,28.9,0,339.5486169
24254,2,G32_64_H7,26,26.85833333,24.7,28.6,0,339.5486169
24255,2,G32_64_H7,27,26.20833333,24.8,27.7,0,339.5486169
24256,2,G32_64_H7,28,25.13333333,24.3,26.8,0,339.5486169
24257,2,G32_64_H7,29,25.67083333,23.7,26.7,0,339.5486169
24258,2,G32_64_H7,30,24.90416667,23.5,26.5,0,339.5486169
24259,2,G32_64_H7,31,24.7875,23,26.2,0,339.5486169
24260,2,G32_64_H7,32,25.32083333,22.9,26.3,0,339.5486169
24261,2,G32_64_H7,33,24.09166667,22.3,25.7,0,339.5486169
24262,2,G32_64_H7,34,24.1625,22.1,26.4,0,339.5486169
24263,2,G32_64_H8,17,26.62307692,25.1,28.3,0,372.4849733
24264,2,G32_64_H8,18,25.9125,24.6,27.4,0,372.4849733
24265,2,G32_64_H8,19,25.77916667,24.7,27.6,0,372.4849733
24266,2,G32_64_H8,20,26.46666667,24.1,27.3,0,372.4849733
24267,2,G32_64_H8,21,26.25833333,24.3,27.4,0,372.4849733
24268,2,G32_64_H8,22,25.65416667,24.2,27.5,0,372.4849733
24269,2,G32_64_H8,23,26.30416667,23.9,28.2,0,372.4849733
24270,2,G32_64_H8,24,26.77083333,24.9,28.6,0,372.4849733
24271,2,G32_64_H8,25,26.6625,25,28.7,0,372.4849733
24272,2,G32_64_H8,26,26.3375,24.5,28.4,0,372.4849733
24273,2,G32_64_H8,27,25.95833333,24.7,27.3,0,372.4849733
24274,2,G32_64_H8,28,25.3625,24.1,26.4,0,372.4849733
24275,2,G32_64_H8,29,24.97916667,23.6,26.5,0,372.4849733
24276,2,G32_64_H8,30,25.02916667,23.4,26.1,0,372.4849733
24277,2,G32_64_H8,31,24.59166667,22.7,26,0,372.4849733
24278,2,G32_64_H8,32,24.425,22.7,26.3,0,372.4849733
24279,2,G32_64_H8,33,24.44583333,21.9,25.7,0,372.4849733
24280,2,G32_64_H8,34,24.20833333,22,26.3,0,372.4849733
24281,2,G32_64_H9,-2,32.8875,11.4,34.4,0,375.2326637
24282,2,G32_64_H9,-1,33.76666667,29.8,35.5,0,375.2326637
24283,2,G32_64_H9,0,34.22916667,30.1,35.5,0,375.2326637
24284,2,G32_64_H9,1,34.15,32.5,35.5,0,375.2326637
24285,2,G32_64_H9,2,32.87083333,31.5,34.4,0,375.2326637
24286,2,G32_64_H9,3,31.80416667,30.5,33.4,0,375.2326637
24287,2,G32_64_H9,4,31.21666667,29.8,32.5,0,375.2326637
24288,2,G32_64_H9,5,30.1875,28.4,31.7,0,375.2326637
24289,2,G32_64_H9,6,29.27083333,27.8,30.4,0,375.2326637
24290,2,G32_64_H9,7,28.80833333,27.3,29.9,0,375.2326637
24291,2,G32_64_H9,8,27.97916667,26.9,29.7,0,375.2326637
24292,2,G32_64_H9,9,28.425,26.8,29.3,0,375.2326637
24293,2,G32_64_H9,10,27.4875,26.1,29,0,375.2326637
24294,2,G32_64_H9,11,27.15,26,28.6,0,375.2326637
24295,2,G32_64_H9,12,26.92083333,24.8,28.4,0,375.2326637
24296,2,G32_64_H9,13,26.72916667,25,27.8,0,375.2326637
24297,2,G32_64_H9,14,27.03333333,24.4,28.4,0,375.2326637
24298,2,G32_64_H9,15,27.0375,24.6,28.4,0,375.2326637
24299,2,G32_64_H9,16,27.02916667,25.3,29.3,0,375.2326637
24300,2,G32_64_H9,17,26.43333333,24.9,28.4,0,375.2326637
24301,2,G32_64_H9,18,25.575,24.2,27,0,375.2326637
24302,2,G32_64_H9,19,25.87083333,24.3,27.5,0,375.2326637
24303,2,G32_64_H9,20,25.64166667,23.9,27.2,0,375.2326637
24304,2,G32_64_H9,21,25.51666667,23.7,27,0,375.2326637
24305,2,G32_64_H9,22,24.9375,23.6,26.9,0,375.2326637
24306,2,G32_64_H9,23,25.64583333,23.6,27.8,0,375.2326637
24307,2,G32_64_H9,24,26.05,24.2,28,0,375.2326637
24308,2,G32_64_H9,25,26.5125,24.3,28.6,0,375.2326637
24309,2,G32_64_H9,26,26.1375,24.1,28.3,0,375.2326637
24310,2,G32_64_H9,27,25.59583333,24.4,27.5,0,375.2326637
24311,2,G32_64_H9,28,24.79583333,23.9,26.5,0,375.2326637
24312,2,G32_64_H9,29,25.10416667,23.3,26.2,0,375.2326637
24313,2,G32_64_H9,30,24.27916667,23,26,0,375.2326637
24314,2,G32_64_H9,31,23.84583333,22.4,25.6,0,375.2326637
24315,2,G32_64_H9,32,24.6375,22.4,26.1,0,375.2326637
24316,2,G32_64_H9,33,24.02916667,21.6,25.6,0,375.2326637
24317,2,G32_64_H9,34,23.84583333,21.4,26.8,0,375.2326637
24318,2,G32_64_H9,35,24.0125,21.5,27.4,0,375.2326637
24319,2,GTF_73_H1,-1,34.35714286,33.3,35.1,1,401.4746544
24320,2,GTF_73_H1,0,34.40416667,32.4,35.5,1,401.4746544
24321,2,GTF_73_H1,1,34.35416667,33,35.3,1,401.4746544
24322,2,GTF_73_H1,2,33.49166667,32.4,34.6,1,401.4746544
24323,2,GTF_73_H1,3,32.5375,31.5,34.1,1,401.4746544
24324,2,GTF_73_H1,4,31.64583333,30.5,32.9,1,401.4746544
24325,2,GTF_73_H1,5,31.0625,29.8,32.3,1,401.4746544
24326,2,GTF_73_H1,6,30.39166667,29.2,31.6,1,401.4746544
24327,2,GTF_73_H1,7,29.55,28.6,30.8,1,401.4746544
24328,2,GTF_73_H1,8,29.41666667,28.5,30.6,1,401.4746544
24329,2,GTF_73_H1,9,29.225,28.4,30.5,1,401.4746544
24330,2,GTF_73_H1,10,29.49583333,28.2,31.9,1,401.4746544
24331,2,GTF_73_H1,11,28.46666667,27.3,32,1,401.4746544
24332,2,GTF_73_H1,12,27.6,26.9,29.4,1,401.4746544
24333,2,GTF_73_H1,13,28.24166667,27,29.2,1,401.4746544
24334,2,GTF_73_H1,14,27.875,26.6,29,1,401.4746544
24335,2,GTF_73_H1,15,27.80833333,26.4,28.7,1,401.4746544
24336,2,GTF_73_H1,16,27.76666667,25.8,28.4,1,401.4746544
24337,2,GTF_73_H1,17,27.84166667,25.7,29.5,1,401.4746544
24338,2,GTF_73_H1,18,27.47916667,25.9,29,1,401.4746544
24339,2,GTF_73_H1,19,27.35,25.5,29.9,1,401.4746544
24340,2,GTF_73_H1,20,27.16666667,25.5,29.7,1,401.4746544
24341,2,GTF_73_H1,21,26.54583333,25.4,28.3,1,401.4746544
24342,2,GTF_73_H1,22,25.55833333,24.5,27.2,1,401.4746544
24343,2,GTF_73_H1,23,25.37083333,24.2,27.4,1,401.4746544
24344,2,GTF_73_H1,24,25.19583333,24.2,26.7,1,401.4746544
24345,2,GTF_73_H1,25,25.30416667,23.8,26.9,1,401.4746544
24346,2,GTF_73_H1,26,25.6625,23.6,28,1,401.4746544
24347,2,GTF_73_H1,27,25.4125,23.6,28.4,1,401.4746544
24348,2,GTF_73_H1,28,25.90416667,23.4,28.8,1,401.4746544
24349,2,GTF_73_H1,29,26.16666667,24.2,28.5,1,401.4746544
24350,2,GTF_73_H1,30,25.88333333,23.9,28.2,1,401.4746544
24351,2,GTF_73_H1,31,25.825,23.8,27.8,1,401.4746544
24352,2,GTF_73_H1,32,25.56666667,23.8,27.7,1,401.4746544
24353,2,GTF_73_H1,33,25.55416667,23.8,28.3,1,401.4746544
24354,2,GTF_73_H1,34,26.675,24,30.9,1,401.4746544
24355,2,GTF_73_H1,35,27.7875,23.8,32.6,1,401.4746544
24356,2,GTF_73_H2,-2,30.7375,12.3,33.5,0,392.4355207
24357,2,GTF_73_H2,-1,33.14166667,31.9,35.3,0,392.4355207
24358,2,GTF_73_H2,0,34.0875,30,35.5,0,392.4355207
24359,2,GTF_73_H2,1,33.84583333,32.8,34.9,0,392.4355207
24360,2,GTF_73_H2,2,33.27083333,31.9,34.5,0,392.4355207
24361,2,GTF_73_H2,3,32.27083333,31,33.6,0,392.4355207
24362,2,GTF_73_H2,4,30.7125,30,32.8,0,392.4355207
24363,2,GTF_73_H2,5,30.70833333,29.4,32,0,392.4355207
24364,2,GTF_73_H2,6,29.9625,28.6,31.4,0,392.4355207
24365,2,GTF_73_H2,7,29.30416667,28.2,30.3,0,392.4355207
24366,2,GTF_73_H2,8,29.34166667,28.1,30.2,0,392.4355207
24367,2,GTF_73_H2,9,28.90833333,28.1,30,0,392.4355207
24368,2,GTF_73_H2,10,28.99166667,28,30.8,0,392.4355207
24369,2,GTF_73_H2,11,28.47083333,27.2,30.5,0,392.4355207
24370,2,GTF_73_H2,12,27.87083333,27,29.1,0,392.4355207
24371,2,GTF_73_H2,13,27.8125,27,29,0,392.4355207
24372,2,GTF_73_H2,14,27.59166667,26.5,28.8,0,392.4355207
24373,2,GTF_73_H2,15,27.39583333,26.2,28.6,0,392.4355207
24374,2,GTF_73_H2,16,27.4375,26.1,28.1,0,392.4355207
24375,2,GTF_73_H2,17,27.42083333,25.8,28.9,0,392.4355207
24376,2,GTF_73_H2,18,27.2125,25.9,28.4,0,392.4355207
24377,2,GTF_73_H2,19,27.0875,25.5,29.3,0,392.4355207
24378,2,GTF_73_H2,20,26.675,25.5,28.7,0,392.4355207
24379,2,GTF_73_H2,21,26.19166667,25.4,27.8,0,392.4355207
24380,2,GTF_73_H2,22,25.4875,24.6,26.9,0,392.4355207
24381,2,GTF_73_H2,23,25.22083333,24.3,26.6,0,392.4355207
24382,2,GTF_73_H2,24,24.93333333,24.3,26.3,0,392.4355207
24383,2,GTF_73_H2,25,25.02916667,24,26.4,0,392.4355207
24384,2,GTF_73_H2,26,25.49166667,24,27.1,0,392.4355207
24385,2,GTF_73_H2,27,25.325,23.8,27.7,0,392.4355207
24386,2,GTF_73_H2,28,25.74166667,23.8,27.6,0,392.4355207
24387,2,GTF_73_H2,29,26.03333333,24.1,28,0,392.4355207
24388,2,GTF_73_H2,30,25.57083333,24.1,27.5,0,392.4355207
24389,2,GTF_73_H2,31,25.53333333,23.7,28.1,0,392.4355207
24390,2,GTF_73_H2,32,25.36666667,23.7,27.4,0,392.4355207
24391,2,GTF_73_H2,33,25.19583333,23.5,30.5,0,392.4355207
24392,2,GTF_73_H2,34,26.27083333,23.6,30.4,0,392.4355207
24393,2,GTF_73_H2,35,27.4625,23.3,32.1,0,392.4355207
24394,2,GTF_73_H3,-1,34.35714286,33.3,35.1,0,378.7083502
24395,2,GTF_73_H3,0,34.40416667,32.4,35.5,0,378.7083502
24396,2,GTF_73_H3,1,34.35416667,33,35.3,0,378.7083502
24397,2,GTF_73_H3,2,33.49166667,32.4,34.6,0,378.7083502
24398,2,GTF_73_H3,3,32.5375,31.5,34.1,0,378.7083502
24399,2,GTF_73_H3,4,31.64583333,30.5,32.9,0,378.7083502
24400,2,GTF_73_H3,5,31.0625,29.8,32.3,0,378.7083502
24401,2,GTF_73_H3,6,30.39166667,29.2,31.6,0,378.7083502
24402,2,GTF_73_H3,7,29.55,28.6,30.8,0,378.7083502
24403,2,GTF_73_H3,8,29.41666667,28.5,30.6,0,378.7083502
24404,2,GTF_73_H3,9,29.225,28.4,30.5,0,378.7083502
24405,2,GTF_73_H3,10,29.49583333,28.2,31.9,0,378.7083502
24406,2,GTF_73_H3,11,28.46666667,27.3,32,0,378.7083502
24407,2,GTF_73_H3,12,27.6,26.9,29.4,0,378.7083502
24408,2,GTF_73_H3,13,28.24166667,27,29.2,0,378.7083502
24409,2,GTF_73_H3,14,27.875,26.6,29,0,378.7083502
24410,2,GTF_73_H3,15,27.80833333,26.4,28.7,0,378.7083502
24411,2,GTF_73_H3,16,27.76666667,25.8,28.4,0,378.7083502
24412,2,GTF_73_H3,17,27.84166667,25.7,29.5,0,378.7083502
24413,2,GTF_73_H3,18,27.47916667,25.9,29,0,378.7083502
24414,2,GTF_73_H3,19,27.35,25.5,29.9,0,378.7083502
24415,2,GTF_73_H3,20,27.16666667,25.5,29.7,0,378.7083502
24416,2,GTF_73_H3,21,26.54583333,25.4,28.3,0,378.7083502
24417,2,GTF_73_H3,22,25.55833333,24.5,27.2,0,378.7083502
24418,2,GTF_73_H3,23,25.37083333,24.2,27.4,0,378.7083502
24419,2,GTF_73_H3,24,25.19583333,24.2,26.7,0,378.7083502
24420,2,GTF_73_H3,25,25.30416667,23.8,26.9,0,378.7083502
24421,2,GTF_73_H3,26,25.6625,23.6,28,0,378.7083502
24422,2,GTF_73_H3,27,25.4125,23.6,28.4,0,378.7083502
24423,2,GTF_73_H3,28,25.90416667,23.4,28.8,0,378.7083502
24424,2,GTF_73_H3,29,26.16666667,24.2,28.5,0,378.7083502
24425,2,GTF_73_H3,30,25.88333333,23.9,28.2,0,378.7083502
24426,2,GTF_73_H3,31,25.825,23.8,27.8,0,378.7083502
24427,2,GTF_73_H3,32,25.56666667,23.8,27.7,0,378.7083502
24428,2,GTF_73_H3,33,25.55416667,23.8,28.3,0,378.7083502
24429,2,GTF_73_H3,34,26.675,24,30.9,0,378.7083502
24430,2,GTF_73_H3,35,27.7875,23.8,32.6,0,378.7083502
