,Harveststatus_month,ID_NUM,日龄,鸡舍温度-平均_mean,鸡舍温度-最低_mean,鸡舍温度-最高_mean,eef_high_flg,eef
26178,3,G06_66_H1,0,34.59166666666667,33.81666666666667,35.166666666666664,0,339.7318672460235
26179,3,G06_66_H1,1,33.93333333333333,33.25416666666667,34.545833333333334,0,339.7318672460235
26180,3,G06_66_H1,2,33.325,32.59583333333333,33.94583333333333,0,339.7318672460235
26181,3,G06_66_H1,3,32.50833333333333,31.8,33.1,0,339.7318672460235
26182,3,G06_66_H1,4,31.84583333333333,31.125,32.425000000000004,0,339.7318672460235
26183,3,G06_66_H1,5,31.241666666666664,30.566666666666663,31.77916666666667,0,339.7318672460235
26184,3,G06_66_H1,6,30.575,30.03333333333333,31.10833333333333,0,339.7318672460235
26185,3,G06_66_H1,7,30.066666666666663,29.45833333333333,30.67083333333333,0,339.7318672460235
26186,3,G06_66_H1,8,29.58333333333333,29.241666666666664,30.0875,0,339.7318672460235
26187,3,G06_66_H1,9,29.35,28.83333333333333,30.20833333333333,0,339.7318672460235
26188,3,G06_66_H1,10,29.308333333333334,28.525,29.79583333333333,0,339.7318672460235
26189,3,G06_66_H1,11,28.829166666666666,28.129166666666663,29.55,0,339.7318672460235
26190,3,G06_66_H1,12,28.6625,27.945833333333336,29.241666666666664,0,339.7318672460235
26191,3,G06_66_H1,13,27.95833333333333,27.2125,28.85,0,339.7318672460235
26192,3,G06_66_H1,14,27.3375,26.525,28.383333333333336,0,339.7318672460235
26193,3,G06_66_H1,15,27.004166666666663,26.004166666666663,27.916666666666668,0,339.7318672460235
26194,3,G06_66_H1,16,26.7,25.85,27.5625,0,339.7318672460235
26195,3,G06_66_H1,17,26.066666666666663,25.370833333333334,27.004166666666663,0,339.7318672460235
26196,3,G06_66_H1,18,25.525,24.8875,26.445833333333336,0,339.7318672460235
26197,3,G06_66_H1,19,25.53333333333333,24.475,26.22083333333333,0,339.7318672460235
26198,3,G06_66_H1,20,25.354166666666668,24.23333333333333,25.89583333333333,0,339.7318672460235
26199,3,G06_66_H1,21,25.2625,24.2625,25.641666666666666,0,339.7318672460235
26200,3,G06_66_H1,22,25.23333333333333,24.09583333333333,25.65416666666667,0,339.7318672460235
26201,3,G06_66_H1,23,24.291666666666668,23.375,24.7,0,339.7318672460235
26202,3,G06_66_H1,24,24.35833333333333,23.84583333333333,24.995833333333334,0,339.7318672460235
26203,3,G06_66_H1,25,24.1625,23.8,24.995833333333334,0,339.7318672460235
26204,3,G06_66_H1,26,23.791666666666668,23.433333333333334,24.508333333333336,0,339.7318672460235
26205,3,G06_66_H1,27,23.4875,22.84166666666667,23.95,0,339.7318672460235
26206,3,G06_66_H1,28,24.116666666666664,23.42083333333333,24.54583333333333,0,339.7318672460235
26207,3,G06_66_H1,29,23.379166666666663,22.75,23.979166666666668,0,339.7318672460235
26208,3,G06_66_H1,30,24.04583333333333,23.541666666666668,24.90416666666667,0,339.7318672460235
26209,3,G06_66_H1,31,24.308333333333334,23.90416666666667,25.21666666666667,0,339.7318672460235
26210,3,G06_66_H1,32,24.616666666666664,23.77083333333333,25.079166666666666,0,339.7318672460235
26211,3,G06_66_H1,33,24.695833333333336,23.97083333333333,25.17083333333333,0,339.7318672460235
26212,3,G06_66_H1,34,25.0,24.45833333333333,25.566666666666663,0,339.7318672460235
26213,3,G06_66_H1,35,25.495833333333334,25.03333333333333,26.1875,0,339.7318672460235
26214,3,G06_66_H10,-2,33.0125,29.825,33.8625,0,304.8612732382188
26215,3,G06_66_H10,-1,33.62083333333333,32.63333333333333,34.291666666666664,0,304.8612732382188
26216,3,G06_66_H10,0,34.612500000000004,34.050000000000004,35.166666666666664,0,304.8612732382188
26217,3,G06_66_H10,1,34.4,33.71666666666666,34.958333333333336,0,304.8612732382188
26218,3,G06_66_H10,2,33.87083333333333,33.09583333333334,34.50416666666667,0,304.8612732382188
26219,3,G06_66_H10,3,33.108333333333334,32.475,33.704166666666666,0,304.8612732382188
26220,3,G06_66_H10,4,32.266666666666666,31.75,33.112500000000004,0,304.8612732382188
26221,3,G06_66_H10,5,31.666666666666668,30.85833333333333,32.36666666666667,0,304.8612732382188
26222,3,G06_66_H10,6,30.825,30.070833333333336,31.72083333333333,0,304.8612732382188
26223,3,G06_66_H10,7,30.320833333333336,29.604166666666668,31.17083333333333,0,304.8612732382188
26224,3,G06_66_H10,8,30.175,29.4,30.9125,0,304.8612732382188
26225,3,G06_66_H10,9,29.9125,29.195833333333336,30.570833333333336,0,304.8612732382188
26226,3,G06_66_H10,10,29.558333333333334,28.9,30.23333333333333,0,304.8612732382188
26227,3,G06_66_H10,11,29.21666666666667,28.695833333333336,29.929166666666664,0,304.8612732382188
26228,3,G06_66_H10,12,28.64583333333333,28.0,29.541666666666668,0,304.8612732382188
26229,3,G06_66_H10,13,28.441666666666663,27.575,29.1125,0,304.8612732382188
26230,3,G06_66_H10,14,28.195833333333336,27.2375,28.875,0,304.8612732382188
26231,3,G06_66_H10,15,27.7375,27.02083333333333,28.5125,0,304.8612732382188
26232,3,G06_66_H10,16,27.229166666666668,26.4125,27.933333333333334,0,304.8612732382188
26233,3,G06_66_H10,17,26.383333333333336,25.820833333333336,27.64583333333333,0,304.8612732382188
26234,3,G06_66_H10,18,26.40833333333333,25.370833333333334,27.291666666666668,0,304.8612732382188
26235,3,G06_66_H10,19,26.25,24.97083333333333,26.791666666666668,0,304.8612732382188
26236,3,G06_66_H10,20,25.995833333333334,24.65416666666667,26.4375,0,304.8612732382188
26237,3,G06_66_H10,21,25.8375,24.308333333333334,26.2625,0,304.8612732382188
26238,3,G06_66_H10,22,24.570833333333336,23.3875,25.266666666666666,0,304.8612732382188
26239,3,G06_66_H10,23,24.758333333333336,23.85,25.308333333333334,0,304.8612732382188
26240,3,G06_66_H10,24,24.40416666666667,23.83333333333333,25.175,0,304.8612732382188
26241,3,G06_66_H10,25,23.8125,23.433333333333334,24.5375,0,304.8612732382188
26242,3,G06_66_H10,26,23.40416666666667,22.89583333333333,24.28333333333333,0,304.8612732382188
26243,3,G06_66_H10,27,23.75,23.179166666666664,24.291666666666668,0,304.8612732382188
26244,3,G06_66_H10,28,23.191666666666663,22.354166666666668,23.6625,0,304.8612732382188
26245,3,G06_66_H10,29,23.4125,22.641666666666666,24.15416666666667,0,304.8612732382188
26246,3,G06_66_H10,30,23.7125,23.229166666666668,24.6625,0,304.8612732382188
26247,3,G06_66_H10,31,23.84583333333333,23.4125,24.891666666666666,0,304.8612732382188
26248,3,G06_66_H10,32,24.2625,23.5875,24.758333333333336,0,304.8612732382188
26249,3,G06_66_H10,33,24.59583333333333,23.9125,25.058333333333334,0,304.8612732382188
26250,3,G06_66_H10,34,25.27083333333333,24.67083333333333,25.73333333333333,0,304.8612732382188
26251,3,G06_66_H11,-2,31.6,12.2,31.6,0,289.8772165102448
26252,3,G06_66_H11,-1,32.050000000000004,31.695833333333336,32.416666666666664,0,289.8772165102448
26253,3,G06_66_H11,0,34.0,33.1375,34.454166666666666,0,289.8772165102448
26254,3,G06_66_H11,1,33.40416666666667,33.0125,33.95,0,289.8772165102448
26255,3,G06_66_H11,2,32.625,32.208333333333336,33.170833333333334,0,289.8772165102448
26256,3,G06_66_H11,3,32.1,31.7375,32.608333333333334,0,289.8772165102448
26257,3,G06_66_H11,4,31.75,31.254166666666663,32.108333333333334,0,289.8772165102448
26258,3,G06_66_H11,5,30.9375,30.48333333333333,31.579166666666666,0,289.8772165102448
26259,3,G06_66_H11,6,30.4375,29.85833333333333,30.9375,0,289.8772165102448
26260,3,G06_66_H11,7,29.929166666666664,29.354166666666668,30.53333333333333,0,289.8772165102448
26261,3,G06_66_H11,8,29.4875,28.991666666666664,30.09166666666667,0,289.8772165102448
26262,3,G06_66_H11,9,29.22083333333333,28.629166666666663,29.85,0,289.8772165102448
26263,3,G06_66_H11,10,28.941666666666663,28.491666666666664,29.575,0,289.8772165102448
26264,3,G06_66_H11,11,28.375,27.77916666666667,29.058333333333334,0,289.8772165102448
26265,3,G06_66_H11,12,28.116666666666664,27.3375,28.683333333333334,0,289.8772165102448
26266,3,G06_66_H11,13,27.854166666666668,27.28333333333333,28.52083333333333,0,289.8772165102448
26267,3,G06_66_H11,14,27.45,26.98333333333333,28.1625,0,289.8772165102448
26268,3,G06_66_H11,15,27.08333333333333,26.6,28.08333333333333,0,289.8772165102448
26269,3,G06_66_H11,16,26.816666666666663,26.0,27.75,0,289.8772165102448
26270,3,G06_66_H11,17,26.3875,25.633333333333336,27.33333333333333,0,289.8772165102448
26271,3,G06_66_H11,18,26.02916666666667,24.975,26.829166666666666,0,289.8772165102448
26272,3,G06_66_H11,19,26.291666666666668,25.066666666666663,26.72083333333333,0,289.8772165102448
26273,3,G06_66_H11,20,26.125,25.0875,26.6625,0,289.8772165102448
26274,3,G06_66_H11,21,25.52916666666667,24.229166666666668,25.9,0,289.8772165102448
26275,3,G06_66_H11,22,25.52916666666667,24.4375,26.004166666666663,0,289.8772165102448
26276,3,G06_66_H11,23,25.191666666666663,24.45833333333333,25.575,0,289.8772165102448
26277,3,G06_66_H11,24,24.625,24.14583333333333,25.195833333333336,0,289.8772165102448
26278,3,G06_66_H11,25,24.1125,23.65416666666667,24.7125,0,289.8772165102448
26279,3,G06_66_H11,26,23.97083333333333,23.71666666666667,24.8125,0,289.8772165102448
26280,3,G06_66_H11,27,23.4,22.825,24.09583333333333,0,289.8772165102448
26281,3,G06_66_H11,28,24.195833333333336,23.3125,24.616666666666664,0,289.8772165102448
26282,3,G06_66_H11,29,24.3875,23.78333333333333,24.954166666666666,0,289.8772165102448
26283,3,G06_66_H11,30,24.27916666666667,23.84166666666667,25.016666666666666,0,289.8772165102448
26284,3,G06_66_H11,31,24.4125,24.066666666666663,25.225,0,289.8772165102448
26285,3,G06_66_H11,32,25.004166666666663,24.433333333333334,25.579166666666666,0,289.8772165102448
26286,3,G06_66_H11,33,26.054166666666664,25.495833333333334,26.5375,0,289.8772165102448
26287,3,G06_66_H11,34,24.304166666666664,23.745833333333334,25.1375,0,289.8772165102448
26288,3,G06_66_H11,35,21.125,20.45,22.058333333333334,0,289.8772165102448
26289,3,G06_66_H12,-2,31.8,12.8,31.8,0,280.4307637564329
26290,3,G06_66_H12,-1,33.395833333333336,32.59583333333333,33.94166666666667,0,280.4307637564329
26291,3,G06_66_H12,0,34.6625,33.608333333333334,35.266666666666666,0,280.4307637564329
26292,3,G06_66_H12,1,33.80416666666667,33.15833333333333,34.45,0,280.4307637564329
26293,3,G06_66_H12,2,33.020833333333336,32.329166666666666,33.604166666666664,0,280.4307637564329
26294,3,G06_66_H12,3,32.4625,31.8125,32.9375,0,280.4307637564329
26295,3,G06_66_H12,4,31.73333333333333,31.291666666666668,32.175000000000004,0,280.4307637564329
26296,3,G06_66_H12,5,31.02083333333333,30.59166666666667,31.616666666666664,0,280.4307637564329
26297,3,G06_66_H12,6,30.479166666666668,29.8875,31.02083333333333,0,280.4307637564329
26298,3,G06_66_H12,7,30.025,29.433333333333334,30.641666666666666,0,280.4307637564329
26299,3,G06_66_H12,8,29.575,29.0375,30.2375,0,280.4307637564329
26300,3,G06_66_H12,9,29.391666666666666,28.79583333333333,29.95,0,280.4307637564329
26301,3,G06_66_H12,10,29.058333333333334,28.6875,29.641666666666666,0,280.4307637564329
26302,3,G06_66_H12,11,28.516666666666666,28.025,29.191666666666663,0,280.4307637564329
26303,3,G06_66_H12,12,28.245833333333334,27.704166666666666,28.92083333333333,0,280.4307637564329
26304,3,G06_66_H12,13,28.97083333333333,28.495833333333334,29.429166666666664,0,280.4307637564329
26305,3,G06_66_H12,14,28.391666666666666,27.8875,29.041666666666668,0,280.4307637564329
26306,3,G06_66_H12,15,27.058333333333334,26.7125,27.9125,0,280.4307637564329
26307,3,G06_66_H12,16,26.64583333333333,26.1375,27.570833333333336,0,280.4307637564329
26308,3,G06_66_H12,17,26.625,25.766666666666666,27.308333333333334,0,280.4307637564329
26309,3,G06_66_H12,18,26.229166666666668,25.15833333333333,26.704166666666666,0,280.4307637564329
26310,3,G06_66_H12,19,26.116666666666664,25.03333333333333,26.65,0,280.4307637564329
26311,3,G06_66_H12,20,26.02916666666667,24.991666666666664,26.52916666666667,0,280.4307637564329
26312,3,G06_66_H12,21,25.09166666666667,24.14583333333333,25.77083333333333,0,280.4307637564329
26313,3,G06_66_H12,22,24.95833333333333,24.2375,25.64583333333333,0,280.4307637564329
26314,3,G06_66_H12,23,24.77083333333333,24.229166666666668,25.35833333333333,0,280.4307637564329
26315,3,G06_66_H12,24,24.29583333333333,23.97083333333333,25.09166666666667,0,280.4307637564329
26316,3,G06_66_H12,25,23.65,23.35,24.52083333333333,0,280.4307637564329
26317,3,G06_66_H12,26,23.791666666666668,23.291666666666668,24.433333333333334,0,280.4307637564329
26318,3,G06_66_H12,27,23.416666666666668,22.5875,23.804166666666664,0,280.4307637564329
26319,3,G06_66_H12,28,23.5875,22.941666666666663,24.191666666666663,0,280.4307637564329
26320,3,G06_66_H12,29,24.125,23.65416666666667,24.916666666666668,0,280.4307637564329
26321,3,G06_66_H12,30,24.308333333333334,23.870833333333334,25.10833333333333,0,280.4307637564329
26322,3,G06_66_H12,31,24.891666666666666,24.325,25.441666666666663,0,280.4307637564329
26323,3,G06_66_H12,32,25.566666666666663,24.8875,25.8875,0,280.4307637564329
26324,3,G06_66_H12,33,26.245833333333334,25.641666666666666,26.633333333333336,0,280.4307637564329
26325,3,G06_66_H13,-2,32.8,13.5,33.8,-1,250.79440396325825
26326,3,G06_66_H13,-1,32.72083333333333,32.19166666666667,33.954166666666666,-1,250.79440396325825
26327,3,G06_66_H13,0,34.7125,33.612500000000004,35.44166666666667,-1,250.79440396325825
26328,3,G06_66_H13,1,33.9625,33.2125,34.75,-1,250.79440396325825
26329,3,G06_66_H13,2,33.17916666666667,32.479166666666664,33.987500000000004,-1,250.79440396325825
26330,3,G06_66_H13,3,32.53333333333333,31.98333333333333,33.19583333333333,-1,250.79440396325825
26331,3,G06_66_H13,4,32.30416666666667,31.766666666666666,32.62916666666667,-1,250.79440396325825
26332,3,G06_66_H13,5,31.35833333333333,30.875,31.89583333333333,-1,250.79440396325825
26333,3,G06_66_H13,6,30.633333333333336,29.95833333333333,31.3,-1,250.79440396325825
26334,3,G06_66_H13,7,30.2125,29.48333333333333,30.941666666666663,-1,250.79440396325825
26335,3,G06_66_H13,8,29.516666666666666,29.14583333333333,30.4125,-1,250.79440396325825
26336,3,G06_66_H13,9,29.39583333333333,28.83333333333333,30.09166666666667,-1,250.79440396325825
26337,3,G06_66_H13,10,29.129166666666663,28.65416666666667,29.691666666666663,-1,250.79440396325825
26338,3,G06_66_H13,11,28.77083333333333,28.025,29.558333333333334,-1,250.79440396325825
26339,3,G06_66_H13,12,28.225,27.6875,29.008333333333336,-1,250.79440396325825
26340,3,G06_66_H13,13,28.075,27.525,28.816666666666663,-1,250.79440396325825
26341,3,G06_66_H13,14,27.725,27.05,28.379166666666663,-1,250.79440396325825
26342,3,G06_66_H13,15,27.641666666666666,26.558333333333334,27.9875,-1,250.79440396325825
26343,3,G06_66_H13,16,27.03333333333333,26.016666666666666,27.71666666666667,-1,250.79440396325825
26344,3,G06_66_H13,17,26.6375,25.554166666666664,27.254166666666663,-1,250.79440396325825
26345,3,G06_66_H13,18,25.82083333333333,24.975,26.683333333333334,-1,250.79440396325825
26346,3,G06_66_H13,19,25.379166666666663,24.941666666666663,26.633333333333336,-1,250.79440396325825
26347,3,G06_66_H13,20,25.179166666666664,24.754166666666663,26.39583333333333,-1,250.79440396325825
26348,3,G06_66_H13,21,24.491666666666664,24.0125,25.704166666666666,-1,250.79440396325825
26349,3,G06_66_H13,22,25.008333333333336,24.383333333333336,25.933333333333334,-1,250.79440396325825
26350,3,G06_66_H13,23,24.879166666666663,24.34583333333333,25.566666666666663,-1,250.79440396325825
26351,3,G06_66_H13,24,24.2125,23.85,25.1125,-1,250.79440396325825
26352,3,G06_66_H13,25,23.85833333333333,23.445833333333336,24.6375,-1,250.79440396325825
26353,3,G06_66_H13,26,24.09583333333333,23.53333333333333,24.54583333333333,-1,250.79440396325825
26354,3,G06_66_H13,27,23.316666666666663,22.67083333333333,23.8125,-1,250.79440396325825
26355,3,G06_66_H13,28,23.29583333333333,22.7375,24.008333333333336,-1,250.79440396325825
26356,3,G06_66_H13,29,24.22083333333333,23.916666666666668,25.166666666666668,-1,250.79440396325825
26357,3,G06_66_H13,30,24.35,23.891666666666666,25.09583333333333,-1,250.79440396325825
26358,3,G06_66_H13,31,24.5875,23.97083333333333,25.17083333333333,-1,250.79440396325825
26359,3,G06_66_H13,32,25.041666666666668,24.34583333333333,25.491666666666664,-1,250.79440396325825
26360,3,G06_66_H13,33,26.025,25.47083333333333,26.491666666666664,-1,250.79440396325825
26361,3,G06_66_H13,34,24.39583333333333,23.916666666666668,25.22083333333333,-1,250.79440396325825
26362,3,G06_66_H14,-2,33.0,13.6,33.0,0,268.9469600358015
26363,3,G06_66_H14,-1,32.9375,32.3125,33.604166666666664,0,268.9469600358015
26364,3,G06_66_H14,0,34.40416666666667,33.69583333333333,35.204166666666666,0,268.9469600358015
26365,3,G06_66_H14,1,33.925000000000004,33.27916666666667,34.541666666666664,0,268.9469600358015
26366,3,G06_66_H14,2,33.0875,32.4625,33.825,0,268.9469600358015
26367,3,G06_66_H14,3,32.675000000000004,31.9,33.27916666666667,0,268.9469600358015
26368,3,G06_66_H14,4,31.85,31.433333333333334,32.44583333333333,0,268.9469600358015
26369,3,G06_66_H14,5,31.0625,30.73333333333333,31.59583333333333,0,268.9469600358015
26370,3,G06_66_H14,6,30.291666666666668,29.875,30.96666666666667,0,268.9469600358015
26371,3,G06_66_H14,7,29.883333333333336,29.391666666666666,30.604166666666668,0,268.9469600358015
26372,3,G06_66_H14,8,29.558333333333334,29.05,30.09166666666667,0,268.9469600358015
26373,3,G06_66_H14,9,29.1875,28.741666666666664,29.854166666666668,0,268.9469600358015
26374,3,G06_66_H14,10,28.933333333333334,28.46666666666667,29.5875,0,268.9469600358015
26375,3,G06_66_H14,11,28.5125,27.879166666666663,29.10833333333333,0,268.9469600358015
26376,3,G06_66_H14,12,28.266666666666666,27.46666666666667,28.975,0,268.9469600358015
26377,3,G06_66_H14,13,27.9625,27.27083333333333,28.691666666666663,0,268.9469600358015
26378,3,G06_66_H14,14,27.679166666666664,26.90833333333333,28.275,0,268.9469600358015
26379,3,G06_66_H14,15,27.508333333333336,26.729166666666668,28.016666666666666,0,268.9469600358015
26380,3,G06_66_H14,16,27.008333333333336,26.2375,27.59583333333333,0,268.9469600358015
26381,3,G06_66_H14,17,26.60833333333333,25.816666666666663,27.3,0,268.9469600358015
26382,3,G06_66_H14,18,25.77916666666667,25.195833333333336,26.7,0,268.9469600358015
26383,3,G06_66_H14,19,25.40833333333333,25.0625,26.6125,0,268.9469600358015
26384,3,G06_66_H14,20,25.354166666666668,24.89583333333333,26.35833333333333,0,268.9469600358015
26385,3,G06_66_H14,21,24.416666666666668,24.15,25.67083333333333,0,268.9469600358015
26386,3,G06_66_H14,22,24.883333333333336,24.504166666666663,25.83333333333333,0,268.9469600358015
26387,3,G06_66_H14,23,24.954166666666666,24.6125,25.7625,0,268.9469600358015
26388,3,G06_66_H14,24,24.570833333333336,24.2,25.2875,0,268.9469600358015
26389,3,G06_66_H14,25,24.3625,23.7625,24.8625,0,268.9469600358015
26390,3,G06_66_H14,26,24.3875,23.879166666666663,24.866666666666664,0,268.9469600358015
26391,3,G06_66_H14,27,23.491666666666664,22.991666666666664,24.241666666666664,0,268.9469600358015
26392,3,G06_66_H14,28,24.4375,24.070833333333336,25.3375,0,268.9469600358015
26393,3,G06_66_H14,29,24.98333333333333,24.541666666666668,25.6875,0,268.9469600358015
26394,3,G06_66_H14,30,25.241666666666664,24.46666666666667,25.72083333333333,0,268.9469600358015
26395,3,G06_66_H14,31,25.0125,24.479166666666668,25.558333333333334,0,268.9469600358015
26396,3,G06_66_H14,32,25.416666666666668,24.933333333333334,26.02083333333333,0,268.9469600358015
26397,3,G06_66_H14,33,26.34166666666667,25.975,26.92083333333333,0,268.9469600358015
26398,3,G06_66_H14,34,25.104166666666668,24.566666666666663,25.85,0,268.9469600358015
26399,3,G06_66_H15,3,32.45454545454545,31.672727272727272,32.85454545454545,0,343.839016030237
26400,3,G06_66_H15,4,31.67083333333333,31.2125,32.329166666666666,0,343.839016030237
26401,3,G06_66_H15,5,30.97083333333333,30.475,31.6875,0,343.839016030237
26402,3,G06_66_H15,6,30.21666666666667,29.7625,31.0375,0,343.839016030237
26403,3,G06_66_H15,7,30.0625,29.375,30.633333333333336,0,343.839016030237
26404,3,G06_66_H15,8,29.741666666666664,29.141666666666666,30.35,0,343.839016030237
26405,3,G06_66_H15,9,29.46666666666667,28.9125,30.09583333333333,0,343.839016030237
26406,3,G06_66_H15,10,29.229166666666668,28.616666666666664,29.85,0,343.839016030237
26407,3,G06_66_H15,11,28.775,28.1,29.25,0,343.839016030237
26408,3,G06_66_H15,12,28.275,27.6,28.791666666666668,0,343.839016030237
26409,3,G06_66_H15,13,27.9625,27.3625,28.65,0,343.839016030237
26410,3,G06_66_H15,14,27.516666666666666,26.9375,28.2625,0,343.839016030237
26411,3,G06_66_H15,15,27.25,26.5375,27.854166666666668,0,343.839016030237
26412,3,G06_66_H15,16,26.816666666666663,25.9,27.479166666666668,0,343.839016030237
26413,3,G06_66_H15,17,26.070833333333336,25.325,27.2375,0,343.839016030237
26414,3,G06_66_H15,18,25.52083333333333,24.90416666666667,26.95833333333333,0,343.839016030237
26415,3,G06_66_H15,19,25.4125,24.804166666666664,26.65833333333333,0,343.839016030237
26416,3,G06_66_H15,20,25.3875,24.95,26.6125,0,343.839016030237
26417,3,G06_66_H15,21,24.254166666666663,23.870833333333334,25.72083333333333,0,343.839016030237
26418,3,G06_66_H15,22,24.70833333333333,24.21666666666667,26.0125,0,343.839016030237
26419,3,G06_66_H15,23,25.20833333333333,24.491666666666664,25.70833333333333,0,343.839016030237
26420,3,G06_66_H15,24,25.02083333333333,24.3625,25.454166666666666,0,343.839016030237
26421,3,G06_66_H15,25,24.354166666666668,23.775,24.816666666666663,0,343.839016030237
26422,3,G06_66_H15,26,24.42083333333333,24.041666666666668,25.04583333333333,0,343.839016030237
26423,3,G06_66_H15,27,23.5375,23.175,24.35833333333333,0,343.839016030237
26424,3,G06_66_H15,28,23.554166666666664,23.104166666666668,24.541666666666668,0,343.839016030237
26425,3,G06_66_H15,29,24.508333333333336,24.075,25.325,0,343.839016030237
26426,3,G06_66_H15,30,24.8125,24.0875,25.3625,0,343.839016030237
26427,3,G06_66_H15,31,24.666666666666668,24.058333333333334,25.225,0,343.839016030237
26428,3,G06_66_H15,32,24.9875,24.48333333333333,25.7,0,343.839016030237
26429,3,G06_66_H15,33,26.079166666666666,25.5875,26.6125,0,343.839016030237
26430,3,G06_66_H15,34,24.791666666666668,24.1125,25.4875,0,343.839016030237
26431,3,G06_66_H15,35,22.133333333333336,21.22083333333333,22.791666666666668,0,343.839016030237
26432,3,G06_66_H16,-2,31.4,13.4,31.4,0,321.832227425152
26433,3,G06_66_H16,-1,32.44166666666667,31.95833333333333,33.025,0,321.832227425152
26434,3,G06_66_H16,0,33.75416666666667,32.9125,34.19166666666667,0,321.832227425152
26435,3,G06_66_H16,1,33.9,33.1,34.38333333333333,0,321.832227425152
26436,3,G06_66_H16,2,32.987500000000004,32.4125,33.604166666666664,0,321.832227425152
26437,3,G06_66_H16,3,32.42916666666667,31.766666666666666,33.12916666666667,0,321.832227425152
26438,3,G06_66_H16,4,32.0125,31.1375,32.72083333333333,0,321.832227425152
26439,3,G06_66_H16,5,31.33333333333333,30.541666666666668,32.1,0,321.832227425152
26440,3,G06_66_H16,6,30.758333333333336,29.77083333333333,31.633333333333336,0,321.832227425152
26441,3,G06_66_H16,7,30.60833333333333,29.245833333333334,31.35,0,321.832227425152
26442,3,G06_66_H16,8,30.15833333333333,29.104166666666668,30.941666666666663,0,321.832227425152
26443,3,G06_66_H16,9,29.52083333333333,28.7625,30.808333333333334,0,321.832227425152
26444,3,G06_66_H16,10,29.6625,28.54583333333333,30.4375,0,321.832227425152
26445,3,G06_66_H16,11,28.85,28.21666666666667,29.570833333333336,0,321.832227425152
26446,3,G06_66_H16,12,28.429166666666664,27.604166666666668,29.21666666666667,0,321.832227425152
26447,3,G06_66_H16,13,28.15833333333333,27.304166666666664,28.92083333333333,0,321.832227425152
26448,3,G06_66_H16,14,27.65416666666667,26.808333333333334,28.4125,0,321.832227425152
26449,3,G06_66_H16,15,27.166666666666668,26.379166666666663,28.1375,0,321.832227425152
26450,3,G06_66_H16,16,27.0125,25.72083333333333,27.704166666666666,0,321.832227425152
26451,3,G06_66_H16,17,26.791666666666668,25.275,27.329166666666666,0,321.832227425152
26452,3,G06_66_H16,18,26.454166666666666,24.8625,27.004166666666663,0,321.832227425152
26453,3,G06_66_H16,19,25.995833333333334,24.683333333333334,26.695833333333336,0,321.832227425152
26454,3,G06_66_H16,20,25.679166666666664,24.78333333333333,26.40833333333333,0,321.832227425152
26455,3,G06_66_H16,21,24.916666666666668,23.77083333333333,25.870833333333334,0,321.832227425152
26456,3,G06_66_H16,22,24.791666666666668,24.09166666666667,25.75,0,321.832227425152
26457,3,G06_66_H16,23,24.60833333333333,24.20833333333333,25.329166666666666,0,321.832227425152
26458,3,G06_66_H16,24,24.2125,23.883333333333336,25.104166666666668,0,321.832227425152
26459,3,G06_66_H16,25,23.866666666666664,23.445833333333336,24.683333333333334,0,321.832227425152
26460,3,G06_66_H16,26,24.195833333333336,23.5625,24.704166666666666,0,321.832227425152
26461,3,G06_66_H16,27,23.64583333333333,22.8375,24.175,0,321.832227425152
26462,3,G06_66_H16,28,24.258333333333336,23.479166666666668,24.945833333333336,0,321.832227425152
26463,3,G06_66_H16,29,25.041666666666668,24.641666666666666,25.92083333333333,0,321.832227425152
26464,3,G06_66_H16,30,25.066666666666663,24.679166666666664,25.9,0,321.832227425152
26465,3,G06_66_H16,31,25.20833333333333,24.675,25.85833333333333,0,321.832227425152
26466,3,G06_66_H16,32,25.875,25.2125,26.320833333333336,0,321.832227425152
26467,3,G06_66_H16,33,26.54583333333333,26.02083333333333,27.04583333333333,0,321.832227425152
26468,3,G06_66_H16,34,24.95,24.320833333333336,25.683333333333334,0,321.832227425152
26469,3,G06_66_H16,35,22.775,21.72083333333333,23.441666666666663,0,321.832227425152
26470,3,G06_66_H17,5,30.675,30.291666666666668,31.85833333333333,0,331.7796938805949
26471,3,G06_66_H17,6,30.683333333333334,29.883333333333336,31.325,0,331.7796938805949
26472,3,G06_66_H17,7,30.254166666666663,29.40833333333333,31.183333333333334,0,331.7796938805949
26473,3,G06_66_H17,8,29.90416666666667,29.258333333333336,30.65833333333333,0,331.7796938805949
26474,3,G06_66_H17,9,29.60833333333333,29.008333333333336,30.27916666666667,0,331.7796938805949
26475,3,G06_66_H17,10,29.53333333333333,28.725,30.05,0,331.7796938805949
26476,3,G06_66_H17,11,28.866666666666664,28.141666666666666,29.495833333333334,0,331.7796938805949
26477,3,G06_66_H17,12,28.416666666666668,27.55,29.120833333333334,0,331.7796938805949
26478,3,G06_66_H17,13,28.2875,27.29583333333333,28.866666666666664,0,331.7796938805949
26479,3,G06_66_H17,14,28.075,26.95,28.47083333333333,0,331.7796938805949
26480,3,G06_66_H17,15,27.5375,26.45,28.0125,0,331.7796938805949
26481,3,G06_66_H17,16,26.875,25.77083333333333,27.60833333333333,0,331.7796938805949
26482,3,G06_66_H17,17,26.425,25.370833333333334,27.2125,0,331.7796938805949
26483,3,G06_66_H17,18,25.95,24.9125,27.004166666666663,0,331.7796938805949
26484,3,G06_66_H17,19,25.516666666666666,24.8,26.679166666666664,0,331.7796938805949
26485,3,G06_66_H17,20,25.366666666666664,24.8875,26.53333333333333,0,331.7796938805949
26486,3,G06_66_H17,21,24.3625,23.879166666666663,25.7,0,331.7796938805949
26487,3,G06_66_H17,22,24.84583333333333,24.016666666666666,25.8625,0,331.7796938805949
26488,3,G06_66_H17,23,24.775,24.21666666666667,25.35833333333333,0,331.7796938805949
26489,3,G06_66_H17,24,24.73333333333333,23.92083333333333,25.041666666666668,0,331.7796938805949
26490,3,G06_66_H17,25,24.008333333333336,23.42083333333333,24.570833333333336,0,331.7796938805949
26491,3,G06_66_H17,26,23.9,23.5375,24.625,0,331.7796938805949
26492,3,G06_66_H17,27,23.125,22.766666666666666,23.945833333333336,0,331.7796938805949
26493,3,G06_66_H17,28,23.641666666666666,22.929166666666664,24.2625,0,331.7796938805949
26494,3,G06_66_H17,29,24.554166666666664,23.7375,24.98333333333333,0,331.7796938805949
26495,3,G06_66_H17,30,24.4125,23.77083333333333,25.104166666666668,0,331.7796938805949
26496,3,G06_66_H17,31,24.120833333333334,23.65833333333333,24.975,0,331.7796938805949
26497,3,G06_66_H17,32,24.575,24.191666666666663,25.3,0,331.7796938805949
26498,3,G06_66_H17,33,25.425,24.979166666666668,26.05,0,331.7796938805949
26499,3,G06_66_H17,34,24.05,23.445833333333336,24.808333333333334,0,331.7796938805949
26500,3,G06_66_H17,35,21.85,20.9,22.52916666666667,0,331.7796938805949
26501,3,G06_66_H18,-1,32.9,30.92105263157895,33.51052631578948,0,294.3882287151342
26502,3,G06_66_H18,0,34.025,33.0125,34.583333333333336,0,294.3882287151342
26503,3,G06_66_H18,1,33.395833333333336,32.90833333333333,33.92916666666667,0,294.3882287151342
26504,3,G06_66_H18,2,33.0875,32.520833333333336,33.57083333333333,0,294.3882287151342
26505,3,G06_66_H18,3,32.55416666666667,31.9,33.125,0,294.3882287151342
26506,3,G06_66_H18,4,31.75,31.2375,32.37916666666667,0,294.3882287151342
26507,3,G06_66_H18,5,31.09583333333333,30.5875,31.695833333333336,0,294.3882287151342
26508,3,G06_66_H18,6,30.754166666666663,29.71666666666667,31.191666666666663,0,294.3882287151342
26509,3,G06_66_H18,7,30.4375,29.433333333333334,30.8375,0,294.3882287151342
26510,3,G06_66_H18,8,30.129166666666663,29.054166666666664,30.59583333333333,0,294.3882287151342
26511,3,G06_66_H18,9,29.704166666666666,28.9,30.4,0,294.3882287151342
26512,3,G06_66_H18,10,29.1125,28.258333333333336,29.8375,0,294.3882287151342
26513,3,G06_66_H18,11,28.7,27.766666666666666,29.52083333333333,0,294.3882287151342
26514,3,G06_66_H18,12,28.40416666666667,27.6375,29.258333333333336,0,294.3882287151342
26515,3,G06_66_H18,13,27.741666666666664,27.0375,28.6875,0,294.3882287151342
26516,3,G06_66_H18,14,27.320833333333336,26.75,28.34583333333333,0,294.3882287151342
26517,3,G06_66_H18,15,27.179166666666664,26.2375,28.191666666666663,0,294.3882287151342
26518,3,G06_66_H18,16,26.666666666666668,25.8125,27.679166666666664,0,294.3882287151342
26519,3,G06_66_H18,17,25.929166666666664,25.245833333333334,27.258333333333336,0,294.3882287151342
26520,3,G06_66_H18,18,25.683333333333334,25.179166666666664,26.97083333333333,0,294.3882287151342
26521,3,G06_66_H18,19,25.35833333333333,24.85833333333333,26.65416666666667,0,294.3882287151342
26522,3,G06_66_H18,20,24.40833333333333,24.041666666666668,26.02916666666667,0,294.3882287151342
26523,3,G06_66_H18,21,24.925,24.225,25.891666666666666,0,294.3882287151342
26524,3,G06_66_H18,22,24.995833333333334,24.29583333333333,25.504166666666663,0,294.3882287151342
26525,3,G06_66_H18,23,24.95,24.22083333333333,25.45833333333333,0,294.3882287151342
26526,3,G06_66_H18,24,24.14583333333333,23.6,24.9125,0,294.3882287151342
26527,3,G06_66_H18,25,23.979166666666668,23.604166666666668,24.775,0,294.3882287151342
26528,3,G06_66_H18,26,23.17083333333333,22.77916666666667,24.0875,0,294.3882287151342
26529,3,G06_66_H18,27,23.52916666666667,22.666666666666668,24.15,0,294.3882287151342
26530,3,G06_66_H18,28,24.683333333333334,23.829166666666666,25.175,0,294.3882287151342
26531,3,G06_66_H18,29,25.1125,24.229166666666668,25.8625,0,294.3882287151342
26532,3,G06_66_H18,30,24.96666666666667,24.3625,25.73333333333333,0,294.3882287151342
26533,3,G06_66_H18,31,25.379166666666663,24.9125,26.041666666666668,0,294.3882287151342
26534,3,G06_66_H18,32,26.183333333333334,25.6125,26.7,0,294.3882287151342
26535,3,G06_66_H18,33,24.6125,23.816666666666663,25.258333333333336,0,294.3882287151342
26536,3,G06_66_H19,-1,32.95263157894737,30.90526315789474,33.805263157894736,-1,212.45511237429545
26537,3,G06_66_H19,0,33.74166666666667,32.9,34.78333333333333,-1,212.45511237429545
26538,3,G06_66_H19,1,33.5875,33.0625,34.112500000000004,-1,212.45511237429545
26539,3,G06_66_H19,2,33.36666666666667,32.65,33.92916666666667,-1,212.45511237429545
26540,3,G06_66_H19,3,32.65416666666667,31.979166666666668,33.40416666666667,-1,212.45511237429545
26541,3,G06_66_H19,4,31.96666666666667,31.45833333333333,32.5,-1,212.45511237429545
26542,3,G06_66_H19,5,31.491666666666664,30.70833333333333,32.0125,-1,212.45511237429545
26543,3,G06_66_H19,6,30.59583333333333,29.741666666666664,31.754166666666663,-1,212.45511237429545
26544,3,G06_66_H19,7,30.21666666666667,29.4625,30.9875,-1,212.45511237429545
26545,3,G06_66_H19,8,30.05,29.179166666666664,30.679166666666664,-1,212.45511237429545
26546,3,G06_66_H19,9,29.70833333333333,28.954166666666666,30.445833333333336,-1,212.45511237429545
26547,3,G06_66_H19,10,29.104166666666668,28.433333333333334,29.8375,-1,212.45511237429545
26548,3,G06_66_H19,11,28.558333333333334,27.975,29.320833333333336,-1,212.45511237429545
26549,3,G06_66_H19,12,28.479166666666668,27.73333333333333,29.054166666666664,-1,212.45511237429545
26550,3,G06_66_H19,13,28.30416666666667,27.2375,28.820833333333336,-1,212.45511237429545
26551,3,G06_66_H19,14,28.23333333333333,27.054166666666664,28.60833333333333,-1,212.45511237429545
26552,3,G06_66_H19,15,27.6125,26.725,28.008333333333336,-1,212.45511237429545
26553,3,G06_66_H19,16,27.35833333333333,26.34166666666667,27.72083333333333,-1,212.45511237429545
26554,3,G06_66_H19,17,26.6,25.741666666666664,27.15,-1,212.45511237429545
26555,3,G06_66_H19,18,26.35833333333333,25.53333333333333,26.98333333333333,-1,212.45511237429545
26556,3,G06_66_H19,19,26.2,25.15416666666667,26.8,-1,212.45511237429545
26557,3,G06_66_H19,20,25.20833333333333,24.25,26.041666666666668,-1,212.45511237429545
26558,3,G06_66_H19,21,25.304166666666664,24.4625,26.1875,-1,212.45511237429545
26559,3,G06_66_H19,22,25.166666666666668,24.383333333333336,25.754166666666663,-1,212.45511237429545
26560,3,G06_66_H19,23,25.058333333333334,24.27083333333333,25.508333333333336,-1,212.45511237429545
26561,3,G06_66_H19,24,24.320833333333336,23.683333333333334,24.933333333333334,-1,212.45511237429545
26562,3,G06_66_H19,25,24.116666666666664,23.7625,24.925,-1,212.45511237429545
26563,3,G06_66_H19,26,23.175,22.704166666666666,24.0875,-1,212.45511237429545
26564,3,G06_66_H19,27,23.575,22.695833333333336,24.35833333333333,-1,212.45511237429545
26565,3,G06_66_H19,28,24.320833333333336,23.383333333333336,25.1125,-1,212.45511237429545
26566,3,G06_66_H19,29,24.53333333333333,23.745833333333334,25.291666666666668,-1,212.45511237429545
26567,3,G06_66_H19,30,24.825,24.254166666666663,25.916666666666668,-1,212.45511237429545
26568,3,G06_66_H19,31,25.120833333333334,24.766666666666666,26.1375,-1,212.45511237429545
26569,3,G06_66_H19,32,25.75,25.266666666666666,26.2625,-1,212.45511237429545
26570,3,G06_66_H19,33,24.229166666666668,23.375,24.866666666666664,-1,212.45511237429545
26571,3,G06_66_H2,-2,33.1,30.04,33.79,-1,185.55755885487687
26572,3,G06_66_H2,-1,33.391666666666666,32.7875,34.270833333333336,-1,185.55755885487687
26573,3,G06_66_H2,0,34.795833333333334,33.8125,35.30833333333333,-1,185.55755885487687
26574,3,G06_66_H2,1,33.954166666666666,33.21666666666666,34.61666666666667,-1,185.55755885487687
26575,3,G06_66_H2,2,33.237500000000004,32.50833333333333,33.9625,-1,185.55755885487687
26576,3,G06_66_H2,3,32.55833333333333,31.758333333333336,33.18333333333333,-1,185.55755885487687
26577,3,G06_66_H2,4,31.84583333333333,31.125,32.45,-1,185.55755885487687
26578,3,G06_66_H2,5,31.08333333333333,30.7,31.6125,-1,185.55755885487687
26579,3,G06_66_H2,6,30.5,30.079166666666666,30.995833333333334,-1,185.55755885487687
26580,3,G06_66_H2,7,29.883333333333336,29.45,30.625,-1,185.55755885487687
26581,3,G06_66_H2,8,29.53333333333333,29.08333333333333,30.2875,-1,185.55755885487687
26582,3,G06_66_H2,9,29.370833333333334,28.816666666666663,30.17083333333333,-1,185.55755885487687
26583,3,G06_66_H2,10,28.854166666666668,28.354166666666668,29.7875,-1,185.55755885487687
26584,3,G06_66_H2,11,28.77916666666667,27.866666666666664,29.45833333333333,-1,185.55755885487687
26585,3,G06_66_H2,12,28.479166666666668,27.8375,29.1,-1,185.55755885487687
26586,3,G06_66_H2,13,27.925,26.929166666666664,28.558333333333334,-1,185.55755885487687
26587,3,G06_66_H2,14,27.05,26.34583333333333,28.22083333333333,-1,185.55755885487687
26588,3,G06_66_H2,15,26.725,26.125,27.85833333333333,-1,185.55755885487687
26589,3,G06_66_H2,16,26.4625,25.9875,27.495833333333334,-1,185.55755885487687
26590,3,G06_66_H2,17,25.816666666666663,25.366666666666664,27.008333333333336,-1,185.55755885487687
26591,3,G06_66_H2,18,25.575,24.84583333333333,26.5625,-1,185.55755885487687
26592,3,G06_66_H2,19,25.4375,24.541666666666668,26.29583333333333,-1,185.55755885487687
26593,3,G06_66_H2,20,25.08333333333333,23.96666666666667,25.829166666666666,-1,185.55755885487687
26594,3,G06_66_H2,21,24.995833333333334,23.7375,25.60833333333333,-1,185.55755885487687
26595,3,G06_66_H2,22,25.025,23.758333333333336,25.616666666666664,-1,185.55755885487687
26596,3,G06_66_H2,23,24.183333333333334,23.0625,24.78333333333333,-1,185.55755885487687
26597,3,G06_66_H2,24,24.21666666666667,23.641666666666666,24.941666666666663,-1,185.55755885487687
26598,3,G06_66_H2,25,23.975,23.58333333333333,24.741666666666664,-1,185.55755885487687
26599,3,G06_66_H2,26,23.541666666666668,23.225,24.320833333333336,-1,185.55755885487687
26600,3,G06_66_H2,27,23.1875,22.65,23.78333333333333,-1,185.55755885487687
26601,3,G06_66_H2,28,23.791666666666668,23.05,24.204166666666666,-1,185.55755885487687
26602,3,G06_66_H2,29,23.383333333333336,22.6,23.97083333333333,-1,185.55755885487687
26603,3,G06_66_H2,30,23.941666666666663,23.370833333333334,24.78333333333333,-1,185.55755885487687
26604,3,G06_66_H2,31,24.15416666666667,23.7375,25.075000000000003,-1,185.55755885487687
26605,3,G06_66_H2,32,24.29583333333333,23.729166666666668,25.02083333333333,-1,185.55755885487687
26606,3,G06_66_H2,33,24.416666666666668,23.679166666666664,24.916666666666668,-1,185.55755885487687
26607,3,G06_66_H20,-1,32.742105263157896,30.86315789473684,33.36842105263158,0,298.7713454370133
26608,3,G06_66_H20,0,33.99166666666667,32.987500000000004,34.833333333333336,0,298.7713454370133
26609,3,G06_66_H20,1,33.95,33.1,34.604166666666664,0,298.7713454370133
26610,3,G06_66_H20,2,33.44583333333333,32.5875,34.225,0,298.7713454370133
26611,3,G06_66_H20,3,32.82083333333333,32.016666666666666,33.59583333333333,0,298.7713454370133
26612,3,G06_66_H20,4,32.145833333333336,31.39583333333333,32.891666666666666,0,298.7713454370133
26613,3,G06_66_H20,5,31.4875,30.73333333333333,32.166666666666664,0,298.7713454370133
26614,3,G06_66_H20,6,30.616666666666664,29.866666666666664,31.875,0,298.7713454370133
26615,3,G06_66_H20,7,30.225,29.45,31.1375,0,298.7713454370133
26616,3,G06_66_H20,8,29.870833333333334,29.10833333333333,30.84166666666667,0,298.7713454370133
26617,3,G06_66_H20,9,29.4375,28.925,30.525,0,298.7713454370133
26618,3,G06_66_H20,10,29.02083333333333,28.2375,29.916666666666668,0,298.7713454370133
26619,3,G06_66_H20,11,28.65,27.9,29.425,0,298.7713454370133
26620,3,G06_66_H20,12,28.52916666666667,27.633333333333336,29.22083333333333,0,298.7713454370133
26621,3,G06_66_H20,13,28.383333333333336,27.383333333333336,28.8875,0,298.7713454370133
26622,3,G06_66_H20,14,28.058333333333334,27.104166666666668,28.616666666666664,0,298.7713454370133
26623,3,G06_66_H20,15,27.316666666666663,26.629166666666663,28.066666666666663,0,298.7713454370133
26624,3,G06_66_H20,16,26.77916666666667,26.245833333333334,27.71666666666667,0,298.7713454370133
26625,3,G06_66_H20,17,26.3125,25.6125,27.1375,0,298.7713454370133
26626,3,G06_66_H20,18,25.8875,25.525,27.016666666666666,0,298.7713454370133
26627,3,G06_66_H20,19,25.84166666666667,25.291666666666668,26.8625,0,298.7713454370133
26628,3,G06_66_H20,20,25.14583333333333,24.5,26.104166666666668,0,298.7713454370133
26629,3,G06_66_H20,21,25.554166666666664,24.8125,26.275,0,298.7713454370133
26630,3,G06_66_H20,22,25.370833333333334,24.641666666666666,25.84166666666667,0,298.7713454370133
26631,3,G06_66_H20,23,25.079166666666666,24.48333333333333,25.70833333333333,0,298.7713454370133
26632,3,G06_66_H20,24,24.39583333333333,24.058333333333334,25.195833333333336,0,298.7713454370133
26633,3,G06_66_H20,25,24.3625,24.129166666666663,25.10833333333333,0,298.7713454370133
26634,3,G06_66_H20,26,23.85833333333333,23.22083333333333,24.4875,0,298.7713454370133
26635,3,G06_66_H20,27,24.304166666666664,23.445833333333336,24.825,0,298.7713454370133
26636,3,G06_66_H20,28,24.554166666666664,23.925,25.23333333333333,0,298.7713454370133
26637,3,G06_66_H20,29,24.6375,24.179166666666664,25.379166666666663,0,298.7713454370133
26638,3,G06_66_H20,30,24.70833333333333,24.2375,25.525,0,298.7713454370133
26639,3,G06_66_H20,31,25.229166666666668,24.741666666666664,25.8,0,298.7713454370133
26640,3,G06_66_H20,32,25.883333333333336,25.416666666666668,26.479166666666668,0,298.7713454370133
26641,3,G06_66_H20,33,24.4125,23.933333333333334,25.25,0,298.7713454370133
26642,3,G06_66_H20,34,22.025,21.4125,22.954166666666666,0,298.7713454370133
26643,3,G06_66_H3,-2,33.1,30.82,33.78,0,304.45042472293545
26644,3,G06_66_H3,-1,33.44583333333333,32.733333333333334,34.19166666666667,0,304.45042472293545
26645,3,G06_66_H3,0,34.68333333333333,33.95,35.2875,0,304.45042472293545
26646,3,G06_66_H3,1,33.8,33.2,34.25833333333333,0,304.45042472293545
26647,3,G06_66_H3,2,33.020833333333336,32.420833333333334,33.59583333333333,0,304.45042472293545
26648,3,G06_66_H3,3,32.2125,31.5625,32.82083333333333,0,304.45042472293545
26649,3,G06_66_H3,4,31.304166666666664,30.9375,32.12083333333333,0,304.45042472293545
26650,3,G06_66_H3,5,30.9875,30.554166666666664,31.558333333333334,0,304.45042472293545
26651,3,G06_66_H3,6,30.42083333333333,29.9875,30.991666666666664,0,304.45042472293545
26652,3,G06_66_H3,7,29.85833333333333,29.425,30.5375,0,304.45042472293545
26653,3,G06_66_H3,8,29.52083333333333,29.15416666666667,30.04583333333333,0,304.45042472293545
26654,3,G06_66_H3,9,29.4125,28.929166666666664,29.9125,0,304.45042472293545
26655,3,G06_66_H3,10,29.070833333333336,28.504166666666663,29.70833333333333,0,304.45042472293545
26656,3,G06_66_H3,11,28.570833333333336,28.116666666666664,29.21666666666667,0,304.45042472293545
26657,3,G06_66_H3,12,28.195833333333336,27.816666666666663,29.0125,0,304.45042472293545
26658,3,G06_66_H3,13,27.85,26.995833333333334,28.370833333333334,0,304.45042472293545
26659,3,G06_66_H3,14,27.308333333333334,26.3875,28.008333333333336,0,304.45042472293545
26660,3,G06_66_H3,15,26.73333333333333,25.96666666666667,27.73333333333333,0,304.45042472293545
26661,3,G06_66_H3,16,26.55,25.8125,27.254166666666663,0,304.45042472293545
26662,3,G06_66_H3,17,26.0,25.329166666666666,26.59166666666667,0,304.45042472293545
26663,3,G06_66_H3,18,25.075,24.625,26.0,0,304.45042472293545
26664,3,G06_66_H3,19,24.816666666666663,24.34583333333333,25.90416666666667,0,304.45042472293545
26665,3,G06_66_H3,20,24.391666666666666,23.866666666666664,25.4875,0,304.45042472293545
26666,3,G06_66_H3,21,24.3375,23.616666666666664,25.48333333333333,0,304.45042472293545
26667,3,G06_66_H3,22,24.316666666666663,23.47083333333333,25.4,0,304.45042472293545
26668,3,G06_66_H3,23,23.504166666666663,22.808333333333334,24.47083333333333,0,304.45042472293545
26669,3,G06_66_H3,24,23.92083333333333,23.383333333333336,24.77916666666667,0,304.45042472293545
26670,3,G06_66_H3,25,23.8375,23.391666666666666,24.625,0,304.45042472293545
26671,3,G06_66_H3,26,23.5375,23.03333333333333,24.204166666666666,0,304.45042472293545
26672,3,G06_66_H3,27,23.129166666666663,22.383333333333336,23.641666666666666,0,304.45042472293545
26673,3,G06_66_H3,28,23.445833333333336,22.7125,23.883333333333336,0,304.45042472293545
26674,3,G06_66_H3,29,22.90833333333333,22.291666666666668,23.70833333333333,0,304.45042472293545
26675,3,G06_66_H3,30,23.3625,22.92083333333333,24.34166666666667,0,304.45042472293545
26676,3,G06_66_H3,31,23.729166666666668,23.195833333333336,24.5875,0,304.45042472293545
26677,3,G06_66_H3,32,23.85,23.15833333333333,24.3625,0,304.45042472293545
26678,3,G06_66_H3,33,24.433333333333334,23.729166666666668,24.9625,0,304.45042472293545
26679,3,G06_66_H3,34,24.758333333333336,24.241666666666664,25.325,0,304.45042472293545
26680,3,G06_66_H3,35,25.47083333333333,24.995833333333334,26.04583333333333,0,304.45042472293545
26681,3,G06_66_H4,-2,32.34,29.880000000000003,32.83,0,334.0114478119302
26682,3,G06_66_H4,-1,33.221739130434784,32.48695652173913,33.93478260869565,0,334.0114478119302
26683,3,G06_66_H4,0,34.69583333333333,33.74583333333333,35.34583333333333,0,334.0114478119302
26684,3,G06_66_H4,1,34.358333333333334,33.604166666666664,35.05416666666667,0,334.0114478119302
26685,3,G06_66_H4,2,33.93333333333333,33.00416666666667,34.4375,0,334.0114478119302
26686,3,G06_66_H4,3,33.016666666666666,32.43333333333333,33.800000000000004,0,334.0114478119302
26687,3,G06_66_H4,4,32.5,31.71666666666667,33.1375,0,334.0114478119302
26688,3,G06_66_H4,5,31.475,30.829166666666666,32.329166666666666,0,334.0114478119302
26689,3,G06_66_H4,6,30.875,30.120833333333334,31.7625,0,334.0114478119302
26690,3,G06_66_H4,7,30.45833333333333,29.625,31.2375,0,334.0114478119302
26691,3,G06_66_H4,8,30.20833333333333,29.45,31.1375,0,334.0114478119302
26692,3,G06_66_H4,9,30.129166666666663,29.141666666666666,30.8625,0,334.0114478119302
26693,3,G06_66_H4,10,29.77083333333333,28.78333333333333,30.58333333333333,0,334.0114478119302
26694,3,G06_66_H4,11,29.48333333333333,28.52083333333333,30.1625,0,334.0114478119302
26695,3,G06_66_H4,12,28.725,27.991666666666664,29.4125,0,334.0114478119302
26696,3,G06_66_H4,13,28.291666666666668,27.516666666666666,28.991666666666664,0,334.0114478119302
26697,3,G06_66_H4,14,27.891666666666666,27.191666666666663,28.7875,0,334.0114478119302
26698,3,G06_66_H4,15,27.691666666666663,26.97083333333333,28.40833333333333,0,334.0114478119302
26699,3,G06_66_H4,16,27.45833333333333,26.579166666666666,27.97083333333333,0,334.0114478119302
26700,3,G06_66_H4,17,27.116666666666664,26.02916666666667,27.60833333333333,0,334.0114478119302
26701,3,G06_66_H4,18,27.0375,25.541666666666668,27.433333333333334,0,334.0114478119302
26702,3,G06_66_H4,19,26.245833333333334,25.195833333333336,26.758333333333336,0,334.0114478119302
26703,3,G06_66_H4,20,25.816666666666663,24.85833333333333,26.429166666666664,0,334.0114478119302
26704,3,G06_66_H4,21,25.54583333333333,24.625,26.379166666666663,0,334.0114478119302
26705,3,G06_66_H4,22,24.85833333333333,24.229166666666668,25.59166666666667,0,334.0114478119302
26706,3,G06_66_H4,23,24.95,24.40416666666667,25.6625,0,334.0114478119302
26707,3,G06_66_H4,24,24.616666666666664,24.25,25.383333333333336,0,334.0114478119302
26708,3,G06_66_H4,25,24.354166666666668,23.97083333333333,25.104166666666668,0,334.0114478119302
26709,3,G06_66_H4,26,24.10833333333333,23.5,24.620833333333334,0,334.0114478119302
26710,3,G06_66_H4,27,24.104166666666668,23.454166666666666,24.525,0,334.0114478119302
26711,3,G06_66_H4,28,23.245833333333334,22.679166666666664,23.879166666666663,0,334.0114478119302
26712,3,G06_66_H4,29,23.804166666666664,23.33333333333333,24.59166666666667,0,334.0114478119302
26713,3,G06_66_H4,30,24.016666666666666,23.59166666666667,24.70833333333333,0,334.0114478119302
26714,3,G06_66_H4,31,24.39583333333333,23.666666666666668,24.820833333333336,0,334.0114478119302
26715,3,G06_66_H4,32,24.516666666666666,23.945833333333336,25.079166666666666,0,334.0114478119302
26716,3,G06_66_H4,33,24.745833333333334,24.27916666666667,25.40833333333333,0,334.0114478119302
26717,3,G06_66_H4,34,25.60833333333333,25.20833333333333,26.254166666666663,0,334.0114478119302
26718,3,G06_66_H4,35,23.9,23.5125,24.825,0,334.0114478119302
26719,3,G06_66_H5,-2,30.15555555555555,27.666666666666668,30.577777777777776,0,281.4093167967825
26720,3,G06_66_H5,-1,32.53333333333333,31.575,33.225,0,281.4093167967825
26721,3,G06_66_H5,0,34.483333333333334,33.791666666666664,35.291666666666664,0,281.4093167967825
26722,3,G06_66_H5,1,34.2,33.641666666666666,35.11666666666667,0,281.4093167967825
26723,3,G06_66_H5,2,33.75833333333333,33.104166666666664,34.3875,0,281.4093167967825
26724,3,G06_66_H5,3,33.1625,32.40416666666667,33.825,0,281.4093167967825
26725,3,G06_66_H5,4,32.6,31.683333333333334,33.2125,0,281.4093167967825
26726,3,G06_66_H5,5,31.52916666666667,30.9,32.270833333333336,0,281.4093167967825
26727,3,G06_66_H5,6,30.916666666666668,30.35,31.6375,0,281.4093167967825
26728,3,G06_66_H5,7,30.64583333333333,29.90416666666667,31.2875,0,281.4093167967825
26729,3,G06_66_H5,8,30.21666666666667,29.59583333333333,31.09166666666667,0,281.4093167967825
26730,3,G06_66_H5,9,29.78333333333333,29.1125,30.65416666666667,0,281.4093167967825
26731,3,G06_66_H5,10,29.55,28.775,30.425,0,281.4093167967825
26732,3,G06_66_H5,11,29.254166666666663,28.60833333333333,30.054166666666664,0,281.4093167967825
26733,3,G06_66_H5,12,28.7375,27.933333333333334,29.558333333333334,0,281.4093167967825
26734,3,G06_66_H5,13,28.366666666666664,27.42083333333333,29.1625,0,281.4093167967825
26735,3,G06_66_H5,14,27.991666666666664,27.20833333333333,28.8375,0,281.4093167967825
26736,3,G06_66_H5,15,27.64583333333333,27.041666666666668,28.35833333333333,0,281.4093167967825
26737,3,G06_66_H5,16,27.0125,26.575,27.95833333333333,0,281.4093167967825
26738,3,G06_66_H5,17,26.58333333333333,25.975,27.729166666666668,0,281.4093167967825
26739,3,G06_66_H5,18,26.2,25.729166666666668,27.325,0,281.4093167967825
26740,3,G06_66_H5,19,25.85,25.275,26.90416666666667,0,281.4093167967825
26741,3,G06_66_H5,20,25.245833333333334,24.8375,26.5,0,281.4093167967825
26742,3,G06_66_H5,21,25.0375,24.479166666666668,26.375,0,281.4093167967825
26743,3,G06_66_H5,22,24.616666666666664,23.879166666666663,25.441666666666663,0,281.4093167967825
26744,3,G06_66_H5,23,24.95,24.14583333333333,25.629166666666663,0,281.4093167967825
26745,3,G06_66_H5,24,24.383333333333336,23.929166666666664,25.258333333333336,0,281.4093167967825
26746,3,G06_66_H5,25,24.229166666666668,23.65833333333333,24.9125,0,281.4093167967825
26747,3,G06_66_H5,26,23.65833333333333,23.3375,24.47083333333333,0,281.4093167967825
26748,3,G06_66_H5,27,23.633333333333336,23.27916666666667,24.429166666666664,0,281.4093167967825
26749,3,G06_66_H5,28,23.241666666666664,22.5375,23.79583333333333,0,281.4093167967825
26750,3,G06_66_H5,29,24.008333333333336,23.23333333333333,24.5125,0,281.4093167967825
26751,3,G06_66_H5,30,23.8625,23.39583333333333,24.679166666666664,0,281.4093167967825
26752,3,G06_66_H5,31,23.90833333333333,23.5125,24.78333333333333,0,281.4093167967825
26753,3,G06_66_H5,32,24.604166666666668,24.15833333333333,25.325,0,281.4093167967825
26754,3,G06_66_H5,33,25.27916666666667,24.683333333333334,25.71666666666667,0,281.4093167967825
26755,3,G06_66_H5,34,26.025,25.47083333333333,26.45,0,281.4093167967825
26756,3,G06_66_H6,-2,32.518181818181816,30.55454545454546,32.9,0,332.86872436609667
26757,3,G06_66_H6,-1,32.97727272727273,32.14090909090909,33.47272727272727,0,332.86872436609667
26758,3,G06_66_H6,0,34.5,33.6375,35.108333333333334,0,332.86872436609667
26759,3,G06_66_H6,1,33.954166666666666,33.479166666666664,34.420833333333334,0,332.86872436609667
26760,3,G06_66_H6,2,33.7875,33.34583333333333,34.34166666666667,0,332.86872436609667
26761,3,G06_66_H6,3,33.18333333333333,32.65,33.6875,0,332.86872436609667
26762,3,G06_66_H6,4,32.275,31.75,33.1,0,332.86872436609667
26763,3,G06_66_H6,5,31.65,30.883333333333336,32.420833333333334,0,332.86872436609667
26764,3,G06_66_H6,6,30.85833333333333,30.2875,31.633333333333336,0,332.86872436609667
26765,3,G06_66_H6,7,30.566666666666663,29.916666666666668,31.258333333333336,0,332.86872436609667
26766,3,G06_66_H6,8,30.129166666666663,29.570833333333336,31.02916666666667,0,332.86872436609667
26767,3,G06_66_H6,9,29.741666666666664,29.15833333333333,30.704166666666666,0,332.86872436609667
26768,3,G06_66_H6,10,29.516666666666666,28.8375,30.29583333333333,0,332.86872436609667
26769,3,G06_66_H6,11,29.39583333333333,28.7,30.041666666666668,0,332.86872436609667
26770,3,G06_66_H6,12,28.804166666666664,27.925,29.48333333333333,0,332.86872436609667
26771,3,G06_66_H6,13,28.47083333333333,27.525,29.058333333333334,0,332.86872436609667
26772,3,G06_66_H6,14,27.891666666666666,27.183333333333334,28.741666666666664,0,332.86872436609667
26773,3,G06_66_H6,15,27.695833333333336,26.9875,28.329166666666666,0,332.86872436609667
26774,3,G06_66_H6,16,27.070833333333336,26.541666666666668,27.78333333333333,0,332.86872436609667
26775,3,G06_66_H6,17,26.204166666666666,25.9125,27.245833333333334,0,332.86872436609667
26776,3,G06_66_H6,18,25.916666666666668,25.53333333333333,26.870833333333334,0,332.86872436609667
26777,3,G06_66_H6,19,25.73333333333333,25.29583333333333,26.7125,0,332.86872436609667
26778,3,G06_66_H6,20,25.3375,24.83333333333333,26.320833333333336,0,332.86872436609667
26779,3,G06_66_H6,21,25.1375,24.479166666666668,25.979166666666668,0,332.86872436609667
26780,3,G06_66_H6,22,24.379166666666663,23.8,25.141666666666666,0,332.86872436609667
26781,3,G06_66_H6,23,24.6125,24.22083333333333,25.3375,0,332.86872436609667
26782,3,G06_66_H6,24,24.620833333333334,24.1375,25.17083333333333,0,332.86872436609667
26783,3,G06_66_H6,25,24.4625,23.758333333333336,24.820833333333336,0,332.86872436609667
26784,3,G06_66_H6,26,24.1125,23.47083333333333,24.566666666666663,0,332.86872436609667
26785,3,G06_66_H6,27,23.9375,23.53333333333333,24.70833333333333,0,332.86872436609667
26786,3,G06_66_H6,28,22.98333333333333,22.65833333333333,23.791666666666668,0,332.86872436609667
26787,3,G06_66_H6,29,23.64583333333333,23.183333333333334,24.379166666666663,0,332.86872436609667
26788,3,G06_66_H6,30,24.075,23.383333333333336,24.45,0,332.86872436609667
26789,3,G06_66_H6,31,24.166666666666668,23.53333333333333,24.59583333333333,0,332.86872436609667
26790,3,G06_66_H6,32,24.116666666666664,23.7375,24.804166666666664,0,332.86872436609667
26791,3,G06_66_H6,33,24.58333333333333,24.195833333333336,25.2625,0,332.86872436609667
26792,3,G06_66_H6,34,25.7625,25.316666666666663,26.3875,0,332.86872436609667
26793,3,G06_66_H6,35,23.9,23.34166666666667,24.7125,0,332.86872436609667
26794,3,G06_66_H7,-2,33.188235294117646,31.50588235294118,34.04117647058824,0,334.70142320211926
26795,3,G06_66_H7,-1,33.69375,32.89375,34.41875,0,334.70142320211926
26796,3,G06_66_H7,0,34.75,33.69583333333333,35.458333333333336,0,334.70142320211926
26797,3,G06_66_H7,1,34.375,33.6375,35.15416666666667,0,334.70142320211926
26798,3,G06_66_H7,2,33.71666666666667,33.07083333333333,34.49583333333333,0,334.70142320211926
26799,3,G06_66_H7,3,33.07083333333333,32.4,33.766666666666666,0,334.70142320211926
26800,3,G06_66_H7,4,32.45,31.7625,33.09166666666667,0,334.70142320211926
26801,3,G06_66_H7,5,31.479166666666668,30.96666666666667,32.2,0,334.70142320211926
26802,3,G06_66_H7,6,30.8875,30.320833333333336,31.48333333333333,0,334.70142320211926
26803,3,G06_66_H7,7,30.45833333333333,29.9875,31.1625,0,334.70142320211926
26804,3,G06_66_H7,8,30.2375,29.729166666666668,30.77916666666667,0,334.70142320211926
26805,3,G06_66_H7,9,29.71666666666667,29.33333333333333,30.366666666666664,0,334.70142320211926
26806,3,G06_66_H7,10,29.441666666666663,29.0375,30.09583333333333,0,334.70142320211926
26807,3,G06_66_H7,11,29.275,28.90416666666667,29.8625,0,334.70142320211926
26808,3,G06_66_H7,12,28.625,28.2,29.23333333333333,0,334.70142320211926
26809,3,G06_66_H7,13,28.25,27.7,28.925,0,334.70142320211926
26810,3,G06_66_H7,14,28.17083333333333,27.4375,28.754166666666663,0,334.70142320211926
26811,3,G06_66_H7,15,27.775,27.34166666666667,28.47083333333333,0,334.70142320211926
26812,3,G06_66_H7,16,27.391666666666666,26.8,28.05,0,334.70142320211926
26813,3,G06_66_H7,17,27.183333333333334,26.3125,27.7625,0,334.70142320211926
26814,3,G06_66_H7,18,26.9875,25.96666666666667,27.4125,0,334.70142320211926
26815,3,G06_66_H7,19,26.5625,25.6625,26.933333333333334,0,334.70142320211926
26816,3,G06_66_H7,20,26.25,25.445833333333336,26.73333333333333,0,334.70142320211926
26817,3,G06_66_H7,21,25.8875,24.979166666666668,26.508333333333336,0,334.70142320211926
26818,3,G06_66_H7,22,25.1,24.479166666666668,25.791666666666668,0,334.70142320211926
26819,3,G06_66_H7,23,25.004166666666663,24.54583333333333,25.683333333333334,0,334.70142320211926
26820,3,G06_66_H7,24,25.308333333333334,24.6125,25.7625,0,334.70142320211926
26821,3,G06_66_H7,25,24.754166666666663,24.241666666666664,25.3,0,334.70142320211926
26822,3,G06_66_H7,26,24.191666666666663,23.84166666666667,24.85833333333333,0,334.70142320211926
26823,3,G06_66_H7,27,24.03333333333333,23.7625,24.75,0,334.70142320211926
26824,3,G06_66_H7,28,23.4375,22.8875,24.058333333333334,0,334.70142320211926
26825,3,G06_66_H7,29,24.25,23.541666666666668,24.72083333333333,0,334.70142320211926
26826,3,G06_66_H7,30,24.104166666666668,23.6,24.691666666666663,0,334.70142320211926
26827,3,G06_66_H7,31,24.075,23.754166666666663,24.85833333333333,0,334.70142320211926
26828,3,G06_66_H7,32,24.1875,23.829166666666666,24.891666666666666,0,334.70142320211926
26829,3,G06_66_H7,33,24.820833333333336,24.166666666666668,25.35833333333333,0,334.70142320211926
26830,3,G06_66_H7,34,25.8625,25.254166666666663,26.20833333333333,0,334.70142320211926
26831,3,G06_66_H7,35,24.191666666666663,23.5625,24.870833333333334,0,334.70142320211926
26832,3,G06_66_H8,-2,32.8,29.975,33.3125,0,302.66280006932425
26833,3,G06_66_H8,-1,33.19166666666667,32.34583333333333,33.80416666666667,0,302.66280006932425
26834,3,G06_66_H8,0,34.5125,33.604166666666664,35.2875,0,302.66280006932425
26835,3,G06_66_H8,1,34.233333333333334,33.62083333333333,34.86666666666667,0,302.66280006932425
26836,3,G06_66_H8,2,33.425000000000004,33.00416666666667,34.25416666666667,0,302.66280006932425
26837,3,G06_66_H8,3,33.07083333333333,32.24166666666667,33.75833333333333,0,302.66280006932425
26838,3,G06_66_H8,4,32.25416666666667,31.625,33.0375,0,302.66280006932425
26839,3,G06_66_H8,5,31.554166666666664,30.633333333333336,32.525,0,302.66280006932425
26840,3,G06_66_H8,6,31.075,30.1375,31.77916666666667,0,302.66280006932425
26841,3,G06_66_H8,7,30.65,29.729166666666668,31.3,0,302.66280006932425
26842,3,G06_66_H8,8,30.204166666666666,29.429166666666664,30.95,0,302.66280006932425
26843,3,G06_66_H8,9,29.633333333333336,29.129166666666663,30.42083333333333,0,302.66280006932425
26844,3,G06_66_H8,10,29.304166666666664,28.77916666666667,30.166666666666668,0,302.66280006932425
26845,3,G06_66_H8,11,29.35,28.78333333333333,29.879166666666663,0,302.66280006932425
26846,3,G06_66_H8,12,28.633333333333336,28.0375,29.23333333333333,0,302.66280006932425
26847,3,G06_66_H8,13,28.195833333333336,27.691666666666663,28.825,0,302.66280006932425
26848,3,G06_66_H8,14,27.98333333333333,27.416666666666668,28.73333333333333,0,302.66280006932425
26849,3,G06_66_H8,15,27.854166666666668,27.266666666666666,28.46666666666667,0,302.66280006932425
26850,3,G06_66_H8,16,27.27083333333333,26.925,28.2375,0,302.66280006932425
26851,3,G06_66_H8,17,26.754166666666663,26.33333333333333,27.64583333333333,0,302.66280006932425
26852,3,G06_66_H8,18,26.745833333333334,26.02083333333333,27.45,0,302.66280006932425
26853,3,G06_66_H8,19,26.429166666666664,25.55,27.1125,0,302.66280006932425
26854,3,G06_66_H8,20,26.22083333333333,25.28333333333333,26.58333333333333,0,302.66280006932425
26855,3,G06_66_H8,21,26.204166666666666,25.05,26.6,0,302.66280006932425
26856,3,G06_66_H8,22,25.129166666666663,24.204166666666666,25.6125,0,302.66280006932425
26857,3,G06_66_H8,23,25.320833333333336,24.525,25.791666666666668,0,302.66280006932425
26858,3,G06_66_H8,24,25.125,24.6625,25.758333333333336,0,302.66280006932425
26859,3,G06_66_H8,25,24.73333333333333,24.3625,25.433333333333334,0,302.66280006932425
26860,3,G06_66_H8,26,23.925,23.641666666666666,24.8,0,302.66280006932425
26861,3,G06_66_H8,27,24.09166666666667,23.6625,24.6875,0,302.66280006932425
26862,3,G06_66_H8,28,23.425,22.7375,23.98333333333333,0,302.66280006932425
26863,3,G06_66_H8,29,23.9375,23.2125,24.5,0,302.66280006932425
26864,3,G06_66_H8,30,24.10833333333333,23.7,24.791666666666668,0,302.66280006932425
26865,3,G06_66_H8,31,24.166666666666668,23.691666666666663,24.9125,0,302.66280006932425
26866,3,G06_66_H8,32,24.34166666666667,23.820833333333336,24.9875,0,302.66280006932425
26867,3,G06_66_H8,33,25.016666666666666,24.3625,25.47083333333333,0,302.66280006932425
26868,3,G06_66_H8,34,25.75,25.14583333333333,26.125,0,302.66280006932425
26869,3,G06_66_H8,35,23.929166666666664,23.275,24.704166666666666,0,302.66280006932425
26870,3,G06_66_H9,-2,33.0375,30.025,33.4625,-1,195.15721836558163
26871,3,G06_66_H9,-1,33.40416666666667,32.75416666666666,33.854166666666664,-1,195.15721836558163
26872,3,G06_66_H9,0,34.6375,33.7625,35.1625,-1,195.15721836558163
26873,3,G06_66_H9,1,34.21666666666667,33.7125,34.94583333333333,-1,195.15721836558163
26874,3,G06_66_H9,2,33.74583333333333,33.13333333333333,34.329166666666666,-1,195.15721836558163
26875,3,G06_66_H9,3,33.170833333333334,32.44166666666667,33.65416666666666,-1,195.15721836558163
26876,3,G06_66_H9,4,32.3375,31.695833333333336,33.0875,-1,195.15721836558163
26877,3,G06_66_H9,5,31.7,30.891666666666666,32.24166666666667,-1,195.15721836558163
26878,3,G06_66_H9,6,30.875,30.2125,31.475,-1,195.15721836558163
26879,3,G06_66_H9,7,30.34583333333333,29.8,30.83333333333333,-1,195.15721836558163
26880,3,G06_66_H9,8,30.075,29.558333333333334,30.7375,-1,195.15721836558163
26881,3,G06_66_H9,9,29.808333333333334,29.258333333333336,30.570833333333336,-1,195.15721836558163
26882,3,G06_66_H9,10,29.46666666666667,28.929166666666664,30.2625,-1,195.15721836558163
26883,3,G06_66_H9,11,29.4125,28.820833333333336,29.995833333333334,-1,195.15721836558163
26884,3,G06_66_H9,12,28.9625,27.8625,29.441666666666663,-1,195.15721836558163
26885,3,G06_66_H9,13,28.29583333333333,27.679166666666664,28.929166666666664,-1,195.15721836558163
26886,3,G06_66_H9,14,27.866666666666664,27.329166666666666,28.791666666666668,-1,195.15721836558163
26887,3,G06_66_H9,15,27.695833333333336,27.075,28.508333333333336,-1,195.15721836558163
26888,3,G06_66_H9,16,27.266666666666666,26.570833333333336,28.079166666666666,-1,195.15721836558163
26889,3,G06_66_H9,17,26.79583333333333,25.945833333333336,27.633333333333336,-1,195.15721836558163
26890,3,G06_66_H9,18,26.4625,25.6375,27.3,-1,195.15721836558163
26891,3,G06_66_H9,19,25.766666666666666,25.254166666666663,26.9875,-1,195.15721836558163
26892,3,G06_66_H9,20,25.141666666666666,24.820833333333336,26.5,-1,195.15721836558163
26893,3,G06_66_H9,21,25.008333333333336,24.40416666666667,26.22083333333333,-1,195.15721836558163
26894,3,G06_66_H9,22,24.02083333333333,23.52083333333333,25.29583333333333,-1,195.15721836558163
26895,3,G06_66_H9,23,24.945833333333336,24.1125,25.45,-1,195.15721836558163
26896,3,G06_66_H9,24,24.6875,24.08333333333333,25.33333333333333,-1,195.15721836558163
26897,3,G06_66_H9,25,24.329166666666666,23.870833333333334,25.025,-1,195.15721836558163
26898,3,G06_66_H9,26,23.78333333333333,23.354166666666668,24.59166666666667,-1,195.15721836558163
26899,3,G06_66_H9,27,23.791666666666668,23.3625,24.52916666666667,-1,195.15721836558163
26900,3,G06_66_H9,28,23.22083333333333,22.45,23.745833333333334,-1,195.15721836558163
26901,3,G06_66_H9,29,23.64583333333333,22.89583333333333,24.1875,-1,195.15721836558163
26902,3,G06_66_H9,30,23.816666666666663,23.3,24.525,-1,195.15721836558163
26903,3,G06_66_H9,31,23.92083333333333,23.45,24.7625,-1,195.15721836558163
26904,3,G06_66_H9,32,24.77916666666667,24.15833333333333,25.34166666666667,-1,195.15721836558163
26905,3,G06_66_H9,33,25.27083333333333,24.620833333333334,25.7375,-1,195.15721836558163
26906,3,G06_66_H9,34,25.683333333333334,25.125,26.1125,-1,195.15721836558163
26907,3,G09_67_H10,-2,30.463636363636365,28.29090909090909,31.027272727272727,1,428.2486056286607
26908,3,G09_67_H10,-1,32.2125,31.675,32.78333333333333,1,428.2486056286607
26909,3,G09_67_H10,0,33.5375,33.03333333333333,34.25416666666667,1,428.2486056286607
26910,3,G09_67_H10,1,33.541666666666664,33.12083333333333,34.05416666666667,1,428.2486056286607
26911,3,G09_67_H10,2,32.68333333333333,32.329166666666666,33.1875,1,428.2486056286607
26912,3,G09_67_H10,3,31.92083333333333,31.454166666666666,32.40416666666667,1,428.2486056286607
26913,3,G09_67_H10,4,31.34166666666667,30.7625,31.741666666666664,1,428.2486056286607
26914,3,G09_67_H10,5,30.616666666666664,29.9875,31.075,1,428.2486056286607
26915,3,G09_67_H10,6,29.8875,29.28333333333333,30.28333333333333,1,428.2486056286607
26916,3,G09_67_H10,7,29.15833333333333,28.65833333333333,29.8125,1,428.2486056286607
26917,3,G09_67_H10,8,28.77916666666667,28.25,29.258333333333336,1,428.2486056286607
26918,3,G09_67_H10,9,28.60833333333333,28.20833333333333,29.15,1,428.2486056286607
26919,3,G09_67_H10,10,28.9,28.45833333333333,29.366666666666664,1,428.2486056286607
26920,3,G09_67_H10,11,28.09583333333333,27.7,28.77916666666667,1,428.2486056286607
26921,3,G09_67_H10,12,27.65,27.23333333333333,28.454166666666666,1,428.2486056286607
26922,3,G09_67_H10,13,27.4625,27.058333333333334,28.254166666666663,1,428.2486056286607
26923,3,G09_67_H10,14,27.227272727272727,26.786363636363635,27.95,1,428.2486056286607
26924,3,G09_67_H10,17,26.96666666666667,26.3125,27.3125,1,428.2486056286607
26925,3,G09_67_H10,18,26.7125,26.079166666666666,27.041666666666668,1,428.2486056286607
26926,3,G09_67_H10,19,26.829166666666666,26.21666666666667,27.120833333333334,1,428.2486056286607
26927,3,G09_67_H10,20,26.541666666666668,26.016666666666666,26.883333333333336,1,428.2486056286607
26928,3,G09_67_H10,21,26.066666666666663,25.683333333333334,26.40833333333333,1,428.2486056286607
26929,3,G09_67_H10,22,25.45833333333333,25.04583333333333,26.02083333333333,1,428.2486056286607
26930,3,G09_67_H10,23,25.141666666666666,24.729166666666668,25.7375,1,428.2486056286607
26931,3,G09_67_H10,24,24.90833333333333,24.566666666666663,25.65833333333333,1,428.2486056286607
26932,3,G09_67_H10,25,24.854166666666668,24.495833333333334,25.725,1,428.2486056286607
26933,3,G09_67_H10,26,25.1625,24.9,26.0,1,428.2486056286607
26934,3,G09_67_H10,27,24.541666666666668,24.2375,25.3875,1,428.2486056286607
26935,3,G09_67_H10,28,24.65833333333333,24.304166666666664,25.47083333333333,1,428.2486056286607
26936,3,G09_67_H10,29,25.425,24.991666666666664,26.1375,1,428.2486056286607
26937,3,G09_67_H10,30,25.854166666666668,25.3875,26.4375,1,428.2486056286607
26938,3,G09_67_H10,31,26.04583333333333,25.54583333333333,26.6,1,428.2486056286607
26939,3,G09_67_H10,32,25.320833333333336,24.84583333333333,25.879166666666663,1,428.2486056286607
26940,3,G09_67_H10,33,26.016666666666666,25.570833333333336,26.55,1,428.2486056286607
26941,3,G09_67_H10,34,26.675,26.116666666666664,27.3125,1,428.2486056286607
26942,3,G09_67_H10,35,27.429166666666664,26.870833333333334,28.0125,1,428.2486056286607
26943,3,G09_67_H11,-2,30.88181818181818,28.454545454545453,31.563636363636363,1,428.3397425672287
26944,3,G09_67_H11,-1,32.50416666666667,31.65416666666667,32.99583333333333,1,428.3397425672287
26945,3,G09_67_H11,0,33.916666666666664,33.1625,34.479166666666664,1,428.3397425672287
26946,3,G09_67_H11,1,33.675000000000004,33.09166666666667,34.325,1,428.3397425672287
26947,3,G09_67_H11,2,33.05833333333333,32.300000000000004,33.541666666666664,1,428.3397425672287
26948,3,G09_67_H11,3,32.170833333333334,31.5,32.75,1,428.3397425672287
26949,3,G09_67_H11,4,31.39583333333333,30.816666666666663,32.09583333333334,1,428.3397425672287
26950,3,G09_67_H11,5,30.491666666666664,30.004166666666663,31.4125,1,428.3397425672287
26951,3,G09_67_H11,6,29.95833333333333,29.254166666666663,30.808333333333334,1,428.3397425672287
26952,3,G09_67_H11,7,29.3,28.5875,30.191666666666663,1,428.3397425672287
26953,3,G09_67_H11,8,28.8875,28.183333333333334,29.729166666666668,1,428.3397425672287
26954,3,G09_67_H11,9,28.558333333333334,28.129166666666663,29.47083333333333,1,428.3397425672287
26955,3,G09_67_H11,10,29.008333333333336,28.45833333333333,29.6125,1,428.3397425672287
26956,3,G09_67_H11,11,28.179166666666664,27.691666666666663,29.0,1,428.3397425672287
26957,3,G09_67_H11,12,28.225,27.275,28.6625,1,428.3397425672287
26958,3,G09_67_H11,13,27.7875,27.02916666666667,28.5,1,428.3397425672287
26959,3,G09_67_H11,14,27.40833333333333,26.820833333333336,28.275,1,428.3397425672287
26960,3,G09_67_H11,15,27.2625,26.629166666666663,28.008333333333336,1,428.3397425672287
26961,3,G09_67_H11,16,26.65833333333333,26.229166666666668,27.629166666666663,1,428.3397425672287
26962,3,G09_67_H11,17,26.78333333333333,26.2875,27.46666666666667,1,428.3397425672287
26963,3,G09_67_H11,18,26.616666666666664,26.02083333333333,27.15416666666667,1,428.3397425672287
26964,3,G09_67_H11,19,26.65833333333333,26.15,27.04583333333333,1,428.3397425672287
26965,3,G09_67_H11,20,26.45833333333333,25.9625,26.77916666666667,1,428.3397425672287
26966,3,G09_67_H11,21,26.1875,25.679166666666664,26.391666666666666,1,428.3397425672287
26967,3,G09_67_H11,22,25.616666666666664,24.995833333333334,25.954166666666666,1,428.3397425672287
26968,3,G09_67_H11,23,25.329166666666666,24.65,25.8,1,428.3397425672287
26969,3,G09_67_H11,24,25.1625,24.516666666666666,25.60833333333333,1,428.3397425672287
26970,3,G09_67_H11,25,25.195833333333336,24.541666666666668,25.92083333333333,1,428.3397425672287
26971,3,G09_67_H11,26,25.35833333333333,24.954166666666666,26.1,1,428.3397425672287
26972,3,G09_67_H11,27,24.65,24.354166666666668,25.5125,1,428.3397425672287
26973,3,G09_67_H11,28,24.77916666666667,24.4125,25.579166666666666,1,428.3397425672287
26974,3,G09_67_H11,29,25.45833333333333,24.975,26.120833333333334,1,428.3397425672287
26975,3,G09_67_H11,30,25.8625,25.258333333333336,26.35833333333333,1,428.3397425672287
26976,3,G09_67_H11,31,26.0125,25.52083333333333,26.5875,1,428.3397425672287
26977,3,G09_67_H11,32,25.320833333333336,24.758333333333336,25.79583333333333,1,428.3397425672287
26978,3,G09_67_H11,33,25.96666666666667,25.4875,26.4625,1,428.3397425672287
26979,3,G09_67_H11,34,26.754166666666663,26.183333333333334,27.379166666666663,1,428.3397425672287
26980,3,G09_67_H11,35,27.329166666666666,26.754166666666663,27.891666666666666,1,428.3397425672287
26981,3,G09_67_H12,-2,30.981818181818184,29.2,31.80909090909091,0,378.11170130920016
26982,3,G09_67_H12,-1,32.329166666666666,31.604166666666668,32.81666666666667,0,378.11170130920016
26983,3,G09_67_H12,0,33.99583333333333,33.358333333333334,34.5375,0,378.11170130920016
26984,3,G09_67_H12,1,33.93333333333333,33.24166666666667,34.4125,0,378.11170130920016
26985,3,G09_67_H12,2,33.104166666666664,32.545833333333334,33.5625,0,378.11170130920016
26986,3,G09_67_H12,3,32.229166666666664,31.704166666666666,32.583333333333336,0,378.11170130920016
26987,3,G09_67_H12,4,31.566666666666663,30.9,31.90416666666667,0,378.11170130920016
26988,3,G09_67_H12,5,30.754166666666663,30.2,31.23333333333333,0,378.11170130920016
26989,3,G09_67_H12,6,30.004166666666663,29.425,30.4625,0,378.11170130920016
26990,3,G09_67_H12,7,29.3125,28.975,29.879166666666663,0,378.11170130920016
26991,3,G09_67_H12,8,29.02916666666667,28.620833333333334,29.5125,0,378.11170130920016
26992,3,G09_67_H12,9,29.054166666666664,28.741666666666664,29.52916666666667,0,378.11170130920016
26993,3,G09_67_H12,10,28.5375,28.0875,29.054166666666664,0,378.11170130920016
26994,3,G09_67_H12,11,27.929166666666664,27.666666666666668,28.675,0,378.11170130920016
26995,3,G09_67_H12,12,27.7125,27.354166666666668,28.325,0,378.11170130920016
26996,3,G09_67_H12,13,27.433333333333334,27.054166666666664,28.070833333333336,0,378.11170130920016
26997,3,G09_67_H12,14,27.22083333333333,26.825,27.78333333333333,0,378.11170130920016
26998,3,G09_67_H12,15,27.1125,26.508333333333336,27.508333333333336,0,378.11170130920016
26999,3,G09_67_H12,16,27.195833333333336,26.579166666666666,27.53333333333333,0,378.11170130920016
27000,3,G09_67_H12,17,27.1125,26.3875,27.329166666666666,0,378.11170130920016
27001,3,G09_67_H12,18,27.2625,26.629166666666663,27.525,0,378.11170130920016
27002,3,G09_67_H12,19,26.9625,26.42083333333333,27.28333333333333,0,378.11170130920016
27003,3,G09_67_H12,20,26.40416666666667,26.0,26.816666666666663,0,378.11170130920016
27004,3,G09_67_H12,21,25.745833333333334,25.3375,26.266666666666666,0,378.11170130920016
27005,3,G09_67_H12,22,25.4125,25.09166666666667,26.104166666666668,0,378.11170130920016
27006,3,G09_67_H12,23,25.40416666666667,25.125,26.15416666666667,0,378.11170130920016
27007,3,G09_67_H12,24,24.9375,24.65,25.8125,0,378.11170130920016
27008,3,G09_67_H12,25,25.3,25.0375,26.02916666666667,0,378.11170130920016
27009,3,G09_67_H12,26,24.875,24.541666666666668,25.58333333333333,0,378.11170130920016
27010,3,G09_67_H12,27,25.09166666666667,24.4625,25.641666666666666,0,378.11170130920016
27011,3,G09_67_H12,28,25.829166666666666,25.28333333333333,26.325,0,378.11170130920016
27012,3,G09_67_H12,29,26.0375,25.46666666666667,26.575,0,378.11170130920016
27013,3,G09_67_H12,30,26.054166666666664,25.5375,26.625,0,378.11170130920016
27014,3,G09_67_H12,31,25.35833333333333,24.8875,25.916666666666668,0,378.11170130920016
27015,3,G09_67_H12,32,26.14583333333333,25.620833333333334,26.629166666666663,0,378.11170130920016
27016,3,G09_67_H12,33,27.0125,26.425,27.6375,0,378.11170130920016
27017,3,G09_67_H13,-2,31.39090909090909,29.44545454545454,32.43636363636364,1,396.0205347043969
27018,3,G09_67_H13,-1,32.56666666666667,31.841666666666665,33.1375,1,396.0205347043969
27019,3,G09_67_H13,0,33.97083333333334,33.275,34.641666666666666,1,396.0205347043969
27020,3,G09_67_H13,1,33.94583333333333,33.2875,34.550000000000004,1,396.0205347043969
27021,3,G09_67_H13,2,33.050000000000004,32.5875,33.725,1,396.0205347043969
27022,3,G09_67_H13,3,32.50833333333333,31.820833333333336,33.166666666666664,1,396.0205347043969
27023,3,G09_67_H13,4,31.8,31.258333333333336,32.65,1,396.0205347043969
27024,3,G09_67_H13,5,30.9875,30.44375,31.80625,1,396.0205347043969
27025,3,G09_67_H13,10,28.12,27.82,28.76,1,396.0205347043969
27026,3,G09_67_H13,11,28.566666666666663,27.620833333333334,29.308333333333334,1,396.0205347043969
27027,3,G09_67_H13,12,28.27916666666667,27.229166666666668,29.05,1,396.0205347043969
27028,3,G09_67_H13,13,28.2,27.02083333333333,28.77916666666667,1,396.0205347043969
27029,3,G09_67_H13,14,27.4625,26.9625,28.479166666666668,1,396.0205347043969
27030,3,G09_67_H13,15,27.0125,26.616666666666664,28.079166666666666,1,396.0205347043969
27031,3,G09_67_H13,16,27.041666666666668,26.59166666666667,27.941666666666663,1,396.0205347043969
27032,3,G09_67_H13,17,26.8375,26.3875,27.754166666666663,1,396.0205347043969
27033,3,G09_67_H13,18,27.0,26.558333333333334,27.77916666666667,1,396.0205347043969
27034,3,G09_67_H13,19,26.866666666666664,26.3375,27.45833333333333,1,396.0205347043969
27035,3,G09_67_H13,20,26.4625,25.79583333333333,26.9,1,396.0205347043969
27036,3,G09_67_H13,21,25.954166666666666,25.191666666666663,26.383333333333336,1,396.0205347043969
27037,3,G09_67_H13,22,25.825,25.03333333333333,26.1875,1,396.0205347043969
27038,3,G09_67_H13,23,25.745833333333334,24.875,26.04583333333333,1,396.0205347043969
27039,3,G09_67_H13,24,25.60833333333333,24.604166666666668,26.09583333333333,1,396.0205347043969
27040,3,G09_67_H13,25,25.5625,24.808333333333334,26.120833333333334,1,396.0205347043969
27041,3,G09_67_H13,26,24.854166666666668,24.3625,25.6125,1,396.0205347043969
27042,3,G09_67_H13,27,24.995833333333334,24.34583333333333,25.7125,1,396.0205347043969
27043,3,G09_67_H13,28,25.6125,24.925,26.191666666666663,1,396.0205347043969
27044,3,G09_67_H13,29,25.9125,25.40833333333333,26.666666666666668,1,396.0205347043969
27045,3,G09_67_H13,30,26.15,25.65,26.77916666666667,1,396.0205347043969
27046,3,G09_67_H13,31,25.34166666666667,24.85,25.9625,1,396.0205347043969
27047,3,G09_67_H13,32,26.025,25.516666666666666,26.5875,1,396.0205347043969
27048,3,G09_67_H13,33,26.89583333333333,26.28333333333333,27.5375,1,396.0205347043969
27049,3,G09_67_H13,34,27.604166666666668,27.02916666666667,28.183333333333334,1,396.0205347043969
27050,3,G09_67_H13,35,23.058333333333334,22.695833333333336,23.625,1,396.0205347043969
27051,3,G09_67_H14,8,28.69090909090909,28.44545454545454,29.472727272727276,1,409.511724293809
27052,3,G09_67_H14,9,28.89583333333333,28.5375,29.7,1,409.511724293809
27053,3,G09_67_H14,10,28.508333333333336,27.870833333333334,29.366666666666664,1,409.511724293809
27054,3,G09_67_H14,11,28.4,27.47083333333333,28.98333333333333,1,409.511724293809
27055,3,G09_67_H14,12,28.241666666666664,27.245833333333334,28.7,1,409.511724293809
27056,3,G09_67_H14,13,27.883333333333336,27.058333333333334,28.375,1,409.511724293809
27057,3,G09_67_H14,14,27.6,26.804166666666664,28.0375,1,409.511724293809
27058,3,G09_67_H14,15,27.266666666666666,26.445833333333336,27.6625,1,409.511724293809
27059,3,G09_67_H14,16,27.141666666666666,26.429166666666664,27.691666666666663,1,409.511724293809
27060,3,G09_67_H14,17,26.808333333333334,26.304166666666664,27.366666666666664,1,409.511724293809
27061,3,G09_67_H14,18,26.775,26.4625,27.4625,1,409.511724293809
27062,3,G09_67_H14,19,26.59583333333333,26.27916666666667,27.25,1,409.511724293809
27063,3,G09_67_H14,20,26.14583333333333,25.97083333333333,26.90416666666667,1,409.511724293809
27064,3,G09_67_H14,21,25.5,25.3375,26.35,1,409.511724293809
27065,3,G09_67_H14,22,25.09583333333333,24.79583333333333,25.979166666666668,1,409.511724293809
27066,3,G09_67_H14,23,24.916666666666668,24.55,25.7625,1,409.511724293809
27067,3,G09_67_H14,24,25.058333333333334,24.320833333333336,25.78333333333333,1,409.511724293809
27068,3,G09_67_H14,25,25.425,24.69583333333333,25.975,1,409.511724293809
27069,3,G09_67_H14,26,25.09166666666667,24.20833333333333,25.579166666666666,1,409.511724293809
27070,3,G09_67_H14,27,25.29583333333333,24.52916666666667,25.875,1,409.511724293809
27071,3,G09_67_H14,28,25.925,25.354166666666668,26.5125,1,409.511724293809
27072,3,G09_67_H14,29,26.59166666666667,25.891666666666666,27.041666666666668,1,409.511724293809
27073,3,G09_67_H14,30,26.5,25.95833333333333,27.0625,1,409.511724293809
27074,3,G09_67_H14,31,25.825,25.258333333333336,26.3,1,409.511724293809
27075,3,G09_67_H14,32,26.183333333333334,25.691666666666663,26.616666666666664,1,409.511724293809
27076,3,G09_67_H14,33,26.854166666666668,26.39583333333333,27.53333333333333,1,409.511724293809
27077,3,G09_67_H14,34,27.64583333333333,27.058333333333334,28.22083333333333,1,409.511724293809
27078,3,G09_67_H14,35,22.8875,22.491666666666664,23.429166666666664,1,409.511724293809
27079,3,G09_67_H15,1,33.72,32.82,34.1,1,397.6999391844505
27080,3,G09_67_H15,2,33.19583333333333,32.55,33.69583333333333,1,397.6999391844505
27081,3,G09_67_H15,3,32.300000000000004,31.741666666666664,32.80833333333333,1,397.6999391844505
27082,3,G09_67_H15,4,31.504166666666663,30.945833333333336,32.1,1,397.6999391844505
27083,3,G09_67_H15,5,30.808333333333334,30.104166666666668,31.4125,1,397.6999391844505
27084,3,G09_67_H15,6,30.15,29.304166666666664,30.67083333333333,1,397.6999391844505
27085,3,G09_67_H15,7,29.445833333333336,28.72083333333333,29.98333333333333,1,397.6999391844505
27086,3,G09_67_H15,8,29.25,28.45,29.64583333333333,1,397.6999391844505
27087,3,G09_67_H15,9,29.33333333333333,28.75,29.78333333333333,1,397.6999391844505
27088,3,G09_67_H15,10,28.77916666666667,27.90833333333333,29.254166666666663,1,397.6999391844505
27089,3,G09_67_H15,11,28.695833333333336,27.27916666666667,28.929166666666664,1,397.6999391844505
27090,3,G09_67_H15,12,28.14583333333333,27.1625,28.554166666666664,1,397.6999391844505
27091,3,G09_67_H15,13,27.6625,27.0625,28.275,1,397.6999391844505
27092,3,G09_67_H15,14,27.379166666666663,26.8875,28.075,1,397.6999391844505
27093,3,G09_67_H15,15,27.008333333333336,26.53333333333333,27.8,1,397.6999391844505
27094,3,G09_67_H15,16,26.916666666666668,26.53333333333333,27.70833333333333,1,397.6999391844505
27095,3,G09_67_H15,17,26.52916666666667,26.275,27.379166666666663,1,397.6999391844505
27096,3,G09_67_H15,18,26.97083333333333,26.55,27.5375,1,397.6999391844505
27097,3,G09_67_H15,19,26.70833333333333,26.258333333333336,27.20833333333333,1,397.6999391844505
27098,3,G09_67_H15,20,26.1125,25.808333333333334,26.808333333333334,1,397.6999391844505
27099,3,G09_67_H15,21,25.40416666666667,25.15,26.241666666666664,1,397.6999391844505
27100,3,G09_67_H15,22,24.98333333333333,24.7,25.8875,1,397.6999391844505
27101,3,G09_67_H15,23,24.729166666666668,24.45,25.64583333333333,1,397.6999391844505
27102,3,G09_67_H15,24,24.825,24.27083333333333,25.70833333333333,1,397.6999391844505
27103,3,G09_67_H15,25,25.204166666666666,24.566666666666663,25.791666666666668,1,397.6999391844505
27104,3,G09_67_H15,26,24.83333333333333,24.079166666666666,25.34166666666667,1,397.6999391844505
27105,3,G09_67_H15,27,25.070833333333336,24.27916666666667,25.575,1,397.6999391844505
27106,3,G09_67_H15,28,25.679166666666664,24.98333333333333,26.1625,1,397.6999391844505
27107,3,G09_67_H15,29,26.175,25.541666666666668,26.75,1,397.6999391844505
27108,3,G09_67_H15,30,26.23333333333333,25.6875,26.85,1,397.6999391844505
27109,3,G09_67_H15,31,25.55,24.95833333333333,26.129166666666663,1,397.6999391844505
27110,3,G09_67_H15,32,25.9625,25.5125,26.491666666666664,1,397.6999391844505
27111,3,G09_67_H15,33,26.883333333333336,26.308333333333334,27.59166666666667,1,397.6999391844505
27112,3,G09_67_H15,34,27.604166666666668,27.04583333333333,28.2625,1,397.6999391844505
27113,3,G09_67_H15,35,22.725,22.40416666666667,23.416666666666668,1,397.6999391844505
27114,3,G09_67_H16,-2,31.83714285714285,30.594285714285714,32.32857142857143,1,388.8298550086026
27115,3,G09_67_H16,-1,33.975,33.4875,34.4875,1,388.8298550086026
27116,3,G09_67_H16,0,33.96875,33.0375,34.4375,1,388.8298550086026
27117,3,G09_67_H16,1,33.729166666666664,33.1375,34.362500000000004,1,388.8298550086026
27118,3,G09_67_H16,2,32.93333333333333,32.40416666666667,33.59166666666667,1,388.8298550086026
27119,3,G09_67_H16,3,32.2125,31.5625,32.72083333333333,1,388.8298550086026
27120,3,G09_67_H16,4,31.495833333333334,30.95,31.98333333333333,1,388.8298550086026
27121,3,G09_67_H16,9,28.73333333333333,28.4,29.35,1,388.8298550086026
27122,3,G09_67_H16,10,28.8375,28.025,29.354166666666668,1,388.8298550086026
27123,3,G09_67_H16,11,28.52083333333333,27.27916666666667,28.933333333333334,1,388.8298550086026
27124,3,G09_67_H16,12,28.1875,27.14583333333333,28.558333333333334,1,388.8298550086026
27125,3,G09_67_H16,13,27.825,26.97083333333333,28.304166666666664,1,388.8298550086026
27126,3,G09_67_H16,14,27.554166666666664,26.8625,28.15416666666667,1,388.8298550086026
27127,3,G09_67_H16,15,27.183333333333334,26.604166666666668,27.816666666666663,1,388.8298550086026
27128,3,G09_67_H16,16,27.09583333333333,26.629166666666663,27.820833333333336,1,388.8298550086026
27129,3,G09_67_H16,17,26.8875,26.52083333333333,27.629166666666663,1,388.8298550086026
27130,3,G09_67_H16,18,27.025,26.791666666666668,27.8125,1,388.8298550086026
27131,3,G09_67_H16,19,26.629166666666663,26.4125,27.4125,1,388.8298550086026
27132,3,G09_67_H16,20,26.15,25.89583333333333,26.808333333333334,1,388.8298550086026
27133,3,G09_67_H16,21,25.504166666666663,25.22083333333333,26.3125,1,388.8298550086026
27134,3,G09_67_H16,22,25.308333333333334,24.89583333333333,26.0625,1,388.8298550086026
27135,3,G09_67_H16,23,25.391666666666666,24.7875,25.97083333333333,1,388.8298550086026
27136,3,G09_67_H16,24,25.36666666666667,24.4625,25.8375,1,388.8298550086026
27137,3,G09_67_H16,25,25.445833333333336,24.77083333333333,25.95833333333333,1,388.8298550086026
27138,3,G09_67_H16,26,24.7375,24.229166666666668,25.445833333333336,1,388.8298550086026
27139,3,G09_67_H16,27,25.204166666666666,24.45,25.633333333333336,1,388.8298550086026
27140,3,G09_67_H16,28,25.829166666666666,25.1375,26.429166666666664,1,388.8298550086026
27141,3,G09_67_H16,29,26.133333333333336,25.625,26.8875,1,388.8298550086026
27142,3,G09_67_H16,30,26.09583333333333,25.629166666666663,26.791666666666668,1,388.8298550086026
27143,3,G09_67_H16,31,25.59583333333333,24.975,26.20833333333333,1,388.8298550086026
27144,3,G09_67_H16,32,26.008333333333336,25.47083333333333,26.5,1,388.8298550086026
27145,3,G09_67_H16,33,26.808333333333334,26.254166666666663,27.5375,1,388.8298550086026
27146,3,G09_67_H16,34,27.65,27.02916666666667,28.22083333333333,1,388.8298550086026
27147,3,G09_67_H16,35,22.8125,22.35833333333333,23.42083333333333,1,388.8298550086026
27148,3,G09_67_H17,-2,32.02571428571429,30.908571428571427,32.53142857142857,0,384.6753571440925
27149,3,G09_67_H17,-1,34.1125,33.575,34.4,0,384.6753571440925
27150,3,G09_67_H17,0,34.21875,33.475,34.91875,0,384.6753571440925
27151,3,G09_67_H17,1,34.362500000000004,33.75833333333333,34.920833333333334,0,384.6753571440925
27152,3,G09_67_H17,2,33.65833333333333,32.97083333333334,34.21666666666666,0,384.6753571440925
27153,3,G09_67_H17,3,32.86666666666667,32.15,33.300000000000004,0,384.6753571440925
27154,3,G09_67_H17,4,32.03333333333333,31.45,32.6375,0,384.6753571440925
27155,3,G09_67_H17,5,31.245833333333334,30.6875,31.90416666666667,0,384.6753571440925
27156,3,G09_67_H17,6,30.370833333333334,29.79583333333333,31.15,0,384.6753571440925
27157,3,G09_67_H17,7,29.804166666666664,29.2875,30.558333333333334,0,384.6753571440925
27158,3,G09_67_H17,8,29.77916666666667,29.0625,30.241666666666664,0,384.6753571440925
27159,3,G09_67_H17,9,29.5625,29.1875,30.22083333333333,0,384.6753571440925
27160,3,G09_67_H17,10,28.77916666666667,28.2625,29.554166666666664,0,384.6753571440925
27161,3,G09_67_H17,11,28.14583333333333,27.829166666666666,29.15416666666667,0,384.6753571440925
27162,3,G09_67_H17,12,27.929166666666664,27.570833333333336,28.866666666666664,0,384.6753571440925
27163,3,G09_67_H17,13,27.925,27.445833333333336,28.566666666666663,0,384.6753571440925
27164,3,G09_67_H17,14,27.79583333333333,27.195833333333336,28.383333333333336,0,384.6753571440925
27165,3,G09_67_H17,15,27.5875,26.65,27.97083333333333,0,384.6753571440925
27166,3,G09_67_H17,16,27.7625,26.754166666666663,27.9625,0,384.6753571440925
27167,3,G09_67_H17,17,27.58333333333333,26.65416666666667,27.820833333333336,0,384.6753571440925
27168,3,G09_67_H17,18,27.329166666666666,26.629166666666663,27.633333333333336,0,384.6753571440925
27169,3,G09_67_H17,19,26.90416666666667,26.304166666666664,27.325,0,384.6753571440925
27170,3,G09_67_H17,20,26.441666666666663,26.004166666666663,26.925,0,384.6753571440925
27171,3,G09_67_H17,21,25.870833333333334,25.433333333333334,26.46666666666667,0,384.6753571440925
27172,3,G09_67_H17,22,25.4875,25.1375,26.225,0,384.6753571440925
27173,3,G09_67_H17,23,25.391666666666666,25.104166666666668,26.15833333333333,0,384.6753571440925
27174,3,G09_67_H17,24,25.004166666666663,24.6375,25.941666666666663,0,384.6753571440925
27175,3,G09_67_H17,25,25.125,24.820833333333336,25.95833333333333,0,384.6753571440925
27176,3,G09_67_H17,26,24.991666666666664,24.504166666666663,25.65833333333333,0,384.6753571440925
27177,3,G09_67_H17,27,25.633333333333336,24.866666666666664,26.054166666666664,0,384.6753571440925
27178,3,G09_67_H17,28,25.9125,25.29583333333333,26.4,0,384.6753571440925
27179,3,G09_67_H17,29,26.4,25.691666666666663,26.8375,0,384.6753571440925
27180,3,G09_67_H17,30,26.325,25.79583333333333,26.9125,0,384.6753571440925
27181,3,G09_67_H17,31,25.604166666666668,25.133333333333336,26.20833333333333,0,384.6753571440925
27182,3,G09_67_H17,32,26.004166666666663,25.516666666666666,26.52083333333333,0,384.6753571440925
27183,3,G09_67_H17,33,26.916666666666668,26.254166666666663,27.47083333333333,0,384.6753571440925
27184,3,G09_67_H17,34,27.579166666666666,27.0125,28.183333333333334,0,384.6753571440925
27185,3,G09_67_H17,35,22.79583333333333,22.379166666666663,23.45,0,384.6753571440925
27186,3,G09_67_H18,-2,31.063636363636363,28.89090909090909,31.71818181818181,1,401.1834751948625
27187,3,G09_67_H18,-1,32.35,31.6,32.800000000000004,1,401.1834751948625
27188,3,G09_67_H18,0,34.291666666666664,33.5375,34.7625,1,401.1834751948625
27189,3,G09_67_H18,1,34.19583333333333,33.62916666666667,35.0375,1,401.1834751948625
27190,3,G09_67_H18,2,33.612500000000004,32.90833333333334,34.28333333333333,1,401.1834751948625
27191,3,G09_67_H18,3,32.74166666666667,32.104166666666664,33.34583333333333,1,401.1834751948625
27192,3,G09_67_H18,4,32.09583333333333,31.316666666666663,32.645833333333336,1,401.1834751948625
27193,3,G09_67_H18,5,31.27083333333333,30.5625,31.870833333333334,1,401.1834751948625
27194,3,G09_67_H18,6,30.633333333333336,29.754166666666663,31.104166666666668,1,401.1834751948625
27195,3,G09_67_H18,7,30.15416666666667,29.229166666666668,30.566666666666663,1,401.1834751948625
27196,3,G09_67_H18,8,29.641666666666666,28.991666666666664,30.17083333333333,1,401.1834751948625
27197,3,G09_67_H18,9,29.59166666666667,29.1375,30.116666666666664,1,401.1834751948625
27198,3,G09_67_H18,10,28.995833333333334,28.1875,29.58333333333333,1,401.1834751948625
27199,3,G09_67_H18,11,28.225,27.691666666666663,29.4125,1,401.1834751948625
27200,3,G09_67_H18,12,27.53333333333333,27.34166666666667,29.09583333333333,1,401.1834751948625
27201,3,G09_67_H18,13,27.45833333333333,27.129166666666663,28.78333333333333,1,401.1834751948625
27202,3,G09_67_H18,14,27.60833333333333,26.8875,28.508333333333336,1,401.1834751948625
27203,3,G09_67_H18,15,27.64583333333333,26.433333333333334,28.0125,1,401.1834751948625
27204,3,G09_67_H18,16,27.5875,26.6125,27.995833333333334,1,401.1834751948625
27205,3,G09_67_H18,17,27.34583333333333,26.55,27.7125,1,401.1834751948625
27206,3,G09_67_H18,18,27.3375,26.64583333333333,27.65416666666667,1,401.1834751948625
27207,3,G09_67_H18,19,26.995833333333334,26.329166666666666,27.34583333333333,1,401.1834751948625
27208,3,G09_67_H18,20,26.516666666666666,25.98333333333333,26.95,1,401.1834751948625
27209,3,G09_67_H18,21,25.891666666666666,25.325,26.516666666666666,1,401.1834751948625
27210,3,G09_67_H18,22,25.3625,24.90416666666667,26.15,1,401.1834751948625
27211,3,G09_67_H18,23,25.1,24.7875,25.9625,1,401.1834751948625
27212,3,G09_67_H18,24,24.766666666666666,24.370833333333334,25.825,1,401.1834751948625
27213,3,G09_67_H18,25,25.02916666666667,24.65416666666667,25.933333333333334,1,401.1834751948625
27214,3,G09_67_H18,26,24.541666666666668,24.20833333333333,25.516666666666666,1,401.1834751948625
27215,3,G09_67_H18,27,25.183333333333334,24.579166666666666,25.9375,1,401.1834751948625
27216,3,G09_67_H18,28,25.729166666666668,25.041666666666668,26.304166666666664,1,401.1834751948625
27217,3,G09_67_H18,29,26.2625,25.5,26.71666666666667,1,401.1834751948625
27218,3,G09_67_H18,30,26.175,25.566666666666663,26.7125,1,401.1834751948625
27219,3,G09_67_H18,31,25.33333333333333,24.9,26.0,1,401.1834751948625
27220,3,G09_67_H18,32,25.945833333333336,25.391666666666666,26.566666666666663,1,401.1834751948625
27221,3,G09_67_H18,33,26.8,26.254166666666663,27.425,1,401.1834751948625
27222,3,G09_67_H18,34,27.6125,26.991666666666664,28.166666666666668,1,401.1834751948625
27223,3,G09_67_H18,35,22.7,22.2625,23.304166666666664,1,401.1834751948625
27224,3,G09_67_H19,-2,30.99090909090909,28.981818181818184,31.672727272727272,1,395.3707984291089
27225,3,G09_67_H19,-1,32.28333333333333,31.05,32.775,1,395.3707984291089
27226,3,G09_67_H19,0,34.03333333333333,33.300000000000004,34.895833333333336,1,395.3707984291089
27227,3,G09_67_H19,1,34.275,33.608333333333334,35.00416666666667,1,395.3707984291089
27228,3,G09_67_H19,2,33.42916666666667,32.88333333333333,34.237500000000004,1,395.3707984291089
27229,3,G09_67_H19,3,32.775,32.112500000000004,33.38333333333333,1,395.3707984291089
27230,3,G09_67_H19,4,32.175000000000004,31.4,32.74166666666667,1,395.3707984291089
27231,3,G09_67_H19,5,31.2375,30.641666666666666,32.045833333333334,1,395.3707984291089
27232,3,G09_67_H19,6,30.579166666666666,29.745833333333334,31.291666666666668,1,395.3707984291089
27233,3,G09_67_H19,7,29.89583333333333,29.308333333333334,30.704166666666666,1,395.3707984291089
27234,3,G09_67_H19,8,29.5,28.975,30.241666666666664,1,395.3707984291089
27235,3,G09_67_H19,9,29.5,28.95,30.125,1,395.3707984291089
27236,3,G09_67_H19,10,28.942857142857143,28.428571428571427,29.65714285714285,1,395.3707984291089
27237,3,G09_67_H19,11,28.950000000000003,27.4,29.225,1,395.3707984291089
27238,3,G09_67_H19,12,28.02916666666667,27.47083333333333,29.079166666666666,1,395.3707984291089
27239,3,G09_67_H19,13,27.7875,27.29583333333333,28.8125,1,395.3707984291089
27240,3,G09_67_H19,14,27.758333333333336,26.97083333333333,28.5875,1,395.3707984291089
27241,3,G09_67_H19,15,27.204166666666666,26.620833333333334,28.025,1,395.3707984291089
27242,3,G09_67_H19,16,27.479166666666668,26.65416666666667,28.025,1,395.3707984291089
27243,3,G09_67_H19,17,27.433333333333334,26.47083333333333,27.775,1,395.3707984291089
27244,3,G09_67_H19,18,27.258333333333336,26.525,27.625,1,395.3707984291089
27245,3,G09_67_H19,19,27.02083333333333,26.320833333333336,27.370833333333334,1,395.3707984291089
27246,3,G09_67_H19,20,26.579166666666666,25.9375,26.92083333333333,1,395.3707984291089
27247,3,G09_67_H19,21,26.041666666666668,25.3,26.5375,1,395.3707984291089
27248,3,G09_67_H19,22,25.441666666666663,24.791666666666668,26.14583333333333,1,395.3707984291089
27249,3,G09_67_H19,23,25.0625,24.5375,25.870833333333334,1,395.3707984291089
27250,3,G09_67_H19,24,24.84583333333333,24.254166666666663,25.8125,1,395.3707984291089
27251,3,G09_67_H19,25,25.04583333333333,24.6,25.879166666666663,1,395.3707984291089
27252,3,G09_67_H19,26,24.558333333333334,24.1875,25.525,1,395.3707984291089
27253,3,G09_67_H19,27,25.03333333333333,24.5625,25.92083333333333,1,395.3707984291089
27254,3,G09_67_H19,28,25.991666666666664,25.3625,26.883333333333336,1,395.3707984291089
27255,3,G09_67_H19,29,26.433333333333334,25.8875,27.0625,1,395.3707984291089
27256,3,G09_67_H19,30,26.21666666666667,25.75,26.9625,1,395.3707984291089
27257,3,G09_67_H19,31,25.454166666666666,24.866666666666664,25.98333333333333,1,395.3707984291089
27258,3,G09_67_H19,32,26.191666666666663,25.65,26.729166666666668,1,395.3707984291089
27259,3,G09_67_H19,33,27.15416666666667,26.58333333333333,27.85,1,395.3707984291089
27260,3,G09_67_H19,34,27.825,27.27083333333333,28.4375,1,395.3707984291089
27261,3,G09_67_H2,-2,30.95,29.9,31.517647058823528,1,391.1183506760802
27262,3,G09_67_H2,-1,33.454166666666666,32.74166666666667,34.05833333333333,1,391.1183506760802
27263,3,G09_67_H2,0,34.333333333333336,33.61666666666667,34.86666666666667,1,391.1183506760802
27264,3,G09_67_H2,1,33.87777777777777,33.166666666666664,34.388888888888886,1,391.1183506760802
27265,3,G09_67_H2,2,33.0375,32.395833333333336,33.704166666666666,1,391.1183506760802
27266,3,G09_67_H2,3,32.31666666666667,31.79583333333333,32.92916666666667,1,391.1183506760802
27267,3,G09_67_H2,4,31.579166666666666,31.14583333333333,32.1125,1,391.1183506760802
27268,3,G09_67_H2,5,30.695833333333336,30.179166666666664,31.28333333333333,1,391.1183506760802
27269,3,G09_67_H2,6,29.85,29.28333333333333,30.491666666666664,1,391.1183506760802
27270,3,G09_67_H2,7,29.23333333333333,28.70833333333333,29.929166666666664,1,391.1183506760802
27271,3,G09_67_H2,8,29.02083333333333,28.39583333333333,29.525,1,391.1183506760802
27272,3,G09_67_H2,9,28.9125,28.27083333333333,29.40833333333333,1,391.1183506760802
27273,3,G09_67_H2,10,28.575,27.979166666666668,29.03333333333333,1,391.1183506760802
27274,3,G09_67_H2,11,28.5375,28.075,29.125,1,391.1183506760802
27275,3,G09_67_H2,12,27.9875,27.34583333333333,28.666666666666668,1,391.1183506760802
27276,3,G09_67_H2,13,27.254166666666663,26.629166666666663,28.245833333333334,1,391.1183506760802
27277,3,G09_67_H2,14,26.741666666666664,26.241666666666664,27.766666666666666,1,391.1183506760802
27278,3,G09_67_H2,15,26.48333333333333,26.0625,27.39583333333333,1,391.1183506760802
27279,3,G09_67_H2,16,26.366666666666664,25.929166666666664,27.2125,1,391.1183506760802
27280,3,G09_67_H2,17,26.120833333333334,25.59166666666667,26.879166666666663,1,391.1183506760802
27281,3,G09_67_H2,18,26.325,25.7,26.8875,1,391.1183506760802
27282,3,G09_67_H2,19,26.2625,25.495833333333334,26.6375,1,391.1183506760802
27283,3,G09_67_H2,20,26.245833333333334,25.475,26.616666666666664,1,391.1183506760802
27284,3,G09_67_H2,21,25.77083333333333,25.23333333333333,26.25,1,391.1183506760802
27285,3,G09_67_H2,22,25.375,24.98333333333333,25.9625,1,391.1183506760802
27286,3,G09_67_H2,23,24.579166666666666,24.25,25.35,1,391.1183506760802
27287,3,G09_67_H2,24,24.425,24.08333333333333,25.34583333333333,1,391.1183506760802
27288,3,G09_67_H2,25,24.316666666666663,24.079166666666666,25.4375,1,391.1183506760802
27289,3,G09_67_H2,26,24.141666666666666,23.84166666666667,25.541666666666668,1,391.1183506760802
27290,3,G09_67_H2,27,24.1375,23.85,25.525,1,391.1183506760802
27291,3,G09_67_H2,28,23.4125,23.08333333333333,24.820833333333336,1,391.1183506760802
27292,3,G09_67_H2,29,23.9,23.46666666666667,24.954166666666666,1,391.1183506760802
27293,3,G09_67_H2,30,24.766666666666666,24.125,25.59166666666667,1,391.1183506760802
27294,3,G09_67_H2,31,25.21666666666667,24.4625,25.77916666666667,1,391.1183506760802
27295,3,G09_67_H2,32,25.2375,24.53333333333333,25.775,1,391.1183506760802
27296,3,G09_67_H2,33,24.67083333333333,23.883333333333336,25.15,1,391.1183506760802
27297,3,G09_67_H2,34,25.195833333333336,24.575,25.77083333333333,1,391.1183506760802
27298,3,G09_67_H2,35,25.825,25.1875,26.633333333333336,1,391.1183506760802
27299,3,G09_67_H20,-2,31.227272727272727,29.2,32.018181818181816,1,399.2074863363398
27300,3,G09_67_H20,-1,32.35,31.570833333333336,32.9125,1,399.2074863363398
27301,3,G09_67_H20,0,34.266666666666666,33.6625,34.80416666666667,1,399.2074863363398
27302,3,G09_67_H20,1,34.49583333333333,33.858333333333334,34.925000000000004,1,399.2074863363398
27303,3,G09_67_H20,2,33.55416666666667,33.016666666666666,34.170833333333334,1,399.2074863363398
27304,3,G09_67_H20,3,32.8125,32.22083333333333,33.3375,1,399.2074863363398
27305,3,G09_67_H20,4,32.18333333333333,31.425,32.579166666666666,1,399.2074863363398
27306,3,G09_67_H20,5,31.320833333333336,30.575,31.925,1,399.2074863363398
27307,3,G09_67_H20,6,30.55,29.8375,31.104166666666668,1,399.2074863363398
27308,3,G09_67_H20,7,30.079166666666666,29.25,30.55,1,399.2074863363398
27309,3,G09_67_H20,8,29.691666666666663,29.004166666666663,30.183333333333334,1,399.2074863363398
27310,3,G09_67_H20,9,29.629166666666663,28.925,30.016666666666666,1,399.2074863363398
27311,3,G09_67_H20,10,29.1,28.241666666666664,29.554166666666664,1,399.2074863363398
27312,3,G09_67_H20,11,28.416666666666668,27.84583333333333,29.229166666666668,1,399.2074863363398
27313,3,G09_67_H20,12,28.504166666666663,27.641666666666666,28.933333333333334,1,399.2074863363398
27314,3,G09_67_H20,13,27.70833333333333,27.39583333333333,28.6875,1,399.2074863363398
27315,3,G09_67_H20,14,27.65833333333333,27.20833333333333,28.45,1,399.2074863363398
27316,3,G09_67_H20,15,27.258333333333336,26.729166666666668,27.954166666666666,1,399.2074863363398
27317,3,G09_67_H20,16,27.129166666666663,26.804166666666664,27.945833333333336,1,399.2074863363398
27318,3,G09_67_H20,17,27.08333333333333,26.604166666666668,27.741666666666664,1,399.2074863363398
27319,3,G09_67_H20,18,27.15416666666667,26.6375,27.620833333333334,1,399.2074863363398
27320,3,G09_67_H20,19,26.95833333333333,26.391666666666666,27.316666666666663,1,399.2074863363398
27321,3,G09_67_H20,20,26.6375,26.04583333333333,26.8875,1,399.2074863363398
27322,3,G09_67_H20,21,26.1875,25.4375,26.45,1,399.2074863363398
27323,3,G09_67_H20,22,25.558333333333334,25.025,26.0875,1,399.2074863363398
27324,3,G09_67_H20,23,25.3125,24.929166666666664,26.008333333333336,1,399.2074863363398
27325,3,G09_67_H20,24,24.995833333333334,24.566666666666663,25.83333333333333,1,399.2074863363398
27326,3,G09_67_H20,25,25.17083333333333,24.8125,25.933333333333334,1,399.2074863363398
27327,3,G09_67_H20,26,24.95,24.59583333333333,25.729166666666668,1,399.2074863363398
27328,3,G09_67_H20,27,25.2625,24.73333333333333,25.89583333333333,1,399.2074863363398
27329,3,G09_67_H20,28,26.0125,25.316666666666663,26.35,1,399.2074863363398
27330,3,G09_67_H20,29,26.52916666666667,25.9125,26.9875,1,399.2074863363398
27331,3,G09_67_H20,30,26.48333333333333,25.925,27.004166666666663,1,399.2074863363398
27332,3,G09_67_H20,31,25.620833333333334,25.225,26.275,1,399.2074863363398
27333,3,G09_67_H20,32,26.1875,25.729166666666668,26.804166666666664,1,399.2074863363398
27334,3,G09_67_H20,33,27.27083333333333,26.729166666666668,27.916666666666668,1,399.2074863363398
27335,3,G09_67_H20,34,27.829166666666666,27.25,28.429166666666664,1,399.2074863363398
27336,3,G09_67_H20,35,23.133333333333336,22.71666666666667,23.725,1,399.2074863363398
27337,3,G09_67_H21,-2,29.453333333333333,27.473333333333336,29.973333333333336,1,418.2391592063335
27338,3,G09_67_H21,-1,31.191666666666663,30.666666666666668,32.083333333333336,1,418.2391592063335
27339,3,G09_67_H21,0,33.875,33.10833333333333,34.1875,1,418.2391592063335
27340,3,G09_67_H21,1,33.9125,33.37916666666667,34.3875,1,418.2391592063335
27341,3,G09_67_H21,2,33.00416666666667,32.545833333333334,33.53333333333333,1,418.2391592063335
27342,3,G09_67_H21,3,32.4,31.71666666666667,32.9375,1,418.2391592063335
27343,3,G09_67_H21,4,31.554166666666664,30.945833333333336,32.0875,1,418.2391592063335
27344,3,G09_67_H21,5,30.7125,30.14583333333333,31.3375,1,418.2391592063335
27345,3,G09_67_H21,6,29.991666666666664,29.416666666666668,30.643478260869564,1,418.2391592063335
27346,3,G09_67_H21,7,29.541666666666668,29.133333333333336,30.325,1,418.2391592063335
27347,3,G09_67_H21,8,29.4875,28.5625,29.97083333333333,1,418.2391592063335
27348,3,G09_67_H21,9,29.45833333333333,28.254166666666663,29.79583333333333,1,418.2391592063335
27349,3,G09_67_H21,10,28.933333333333334,27.925,29.39583333333333,1,418.2391592063335
27350,3,G09_67_H21,11,28.67083333333333,27.7125,29.0125,1,418.2391592063335
27351,3,G09_67_H21,12,28.23333333333333,27.47083333333333,28.620833333333334,1,418.2391592063335
27352,3,G09_67_H21,13,27.825,27.116666666666664,28.2875,1,418.2391592063335
27353,3,G09_67_H21,14,27.77083333333333,27.120833333333334,28.241666666666664,1,418.2391592063335
27354,3,G09_67_H21,15,27.379166666666663,26.85833333333333,28.0,1,418.2391592063335
27355,3,G09_67_H21,16,27.316666666666663,26.879166666666663,27.90416666666667,1,418.2391592063335
27356,3,G09_67_H21,17,26.9,26.58333333333333,27.508333333333336,1,418.2391592063335
27357,3,G09_67_H21,18,26.3125,26.075,27.0625,1,418.2391592063335
27358,3,G09_67_H21,19,25.683333333333334,25.45833333333333,26.5875,1,418.2391592063335
27359,3,G09_67_H21,20,25.5,25.15833333333333,26.375,1,418.2391592063335
27360,3,G09_67_H21,21,25.5,25.02083333333333,26.229166666666668,1,418.2391592063335
27361,3,G09_67_H21,22,25.508333333333336,24.65,26.1875,1,418.2391592063335
27362,3,G09_67_H21,23,25.7125,24.95833333333333,26.21666666666667,1,418.2391592063335
27363,3,G09_67_H21,24,25.579166666666666,24.65833333333333,25.9875,1,418.2391592063335
27364,3,G09_67_H21,25,25.67083333333333,25.054166666666664,26.191666666666663,1,418.2391592063335
27365,3,G09_67_H21,26,25.9,25.579166666666666,26.725,1,418.2391592063335
27366,3,G09_67_H21,27,26.27916666666667,25.758333333333336,26.883333333333336,1,418.2391592063335
27367,3,G09_67_H21,28,26.70833333333333,26.17083333333333,27.266666666666666,1,418.2391592063335
27368,3,G09_67_H21,29,25.954166666666666,25.375,26.5125,1,418.2391592063335
27369,3,G09_67_H21,30,26.42083333333333,25.98333333333333,27.02916666666667,1,418.2391592063335
27370,3,G09_67_H21,31,27.45,26.808333333333334,28.004166666666663,1,418.2391592063335
27371,3,G09_67_H21,32,27.875,27.35,28.52916666666667,1,418.2391592063335
27372,3,G09_67_H21,33,23.29583333333333,22.995833333333334,24.1625,1,418.2391592063335
27373,3,G09_67_H22,-2,29.48,27.56,29.86,1,440.5819029116663
27374,3,G09_67_H22,-1,31.691304347826087,30.65217391304348,32.28695652173913,1,440.5819029116663
27375,3,G09_67_H22,0,33.25,32.6625,33.80416666666667,1,440.5819029116663
27376,3,G09_67_H22,1,33.52916666666667,33.1625,34.12916666666667,1,440.5819029116663
27377,3,G09_67_H22,2,32.71666666666667,32.25416666666667,33.38333333333333,1,440.5819029116663
27378,3,G09_67_H22,3,32.104166666666664,31.60833333333333,32.770833333333336,1,440.5819029116663
27379,3,G09_67_H22,4,31.5375,31.008333333333336,32.145833333333336,1,440.5819029116663
27380,3,G09_67_H22,5,30.891666666666666,30.304166666666664,31.354166666666668,1,440.5819029116663
27381,3,G09_67_H22,6,30.1875,29.691666666666663,30.59583333333333,1,440.5819029116663
27382,3,G09_67_H22,7,29.72083333333333,29.325,30.183333333333334,1,440.5819029116663
27383,3,G09_67_H22,8,29.4125,28.8,29.875,1,440.5819029116663
27384,3,G09_67_H22,9,29.225,28.54583333333333,29.67083333333333,1,440.5819029116663
27385,3,G09_67_H22,10,28.695833333333336,28.08333333333333,29.28333333333333,1,440.5819029116663
27386,3,G09_67_H22,11,28.29583333333333,27.9,28.9,1,440.5819029116663
27387,3,G09_67_H22,12,27.891666666666666,27.55,28.54583333333333,1,440.5819029116663
27388,3,G09_67_H22,13,27.616666666666664,27.1125,28.245833333333334,1,440.5819029116663
27389,3,G09_67_H22,14,27.47083333333333,27.141666666666666,28.2125,1,440.5819029116663
27390,3,G09_67_H22,15,27.275,26.991666666666664,27.929166666666664,1,440.5819029116663
27391,3,G09_67_H22,16,27.35,26.979166666666668,27.9375,1,440.5819029116663
27392,3,G09_67_H22,17,27.129166666666663,26.79583333333333,27.683333333333334,1,440.5819029116663
27393,3,G09_67_H22,18,26.6625,26.229166666666668,27.09166666666667,1,440.5819029116663
27394,3,G09_67_H22,19,26.316666666666663,25.641666666666666,26.758333333333336,1,440.5819029116663
27395,3,G09_67_H22,20,26.120833333333334,25.15833333333333,26.40833333333333,1,440.5819029116663
27396,3,G09_67_H22,21,25.92083333333333,25.016666666666666,26.2,1,440.5819029116663
27397,3,G09_67_H22,22,25.754166666666663,24.60833333333333,26.10833333333333,1,440.5819029116663
27398,3,G09_67_H22,23,25.875,25.016666666666666,26.254166666666663,1,440.5819029116663
27399,3,G09_67_H22,24,25.42083333333333,24.7,25.979166666666668,1,440.5819029116663
27400,3,G09_67_H22,25,25.65833333333333,25.075,26.14583333333333,1,440.5819029116663
27401,3,G09_67_H22,26,26.5125,25.933333333333334,27.0,1,440.5819029116663
27402,3,G09_67_H22,27,26.83333333333333,26.4,27.475,1,440.5819029116663
27403,3,G09_67_H22,28,26.945833333333336,26.316666666666663,27.40416666666667,1,440.5819029116663
27404,3,G09_67_H22,29,26.241666666666664,25.65,26.79583333333333,1,440.5819029116663
27405,3,G09_67_H22,30,26.5375,26.08333333333333,27.133333333333336,1,440.5819029116663
27406,3,G09_67_H22,31,27.27083333333333,26.7625,27.954166666666666,1,440.5819029116663
27407,3,G09_67_H22,32,28.008333333333336,27.40833333333333,28.570833333333336,1,440.5819029116663
27408,3,G09_67_H22,33,23.60833333333333,23.195833333333336,24.275,1,440.5819029116663
27409,3,G09_67_H23,-2,29.066666666666663,27.506666666666668,29.5,0,277.87469144794363
27410,3,G09_67_H23,-1,31.25,30.516666666666666,31.75,0,277.87469144794363
27411,3,G09_67_H23,0,33.233333333333334,32.65416666666667,33.708333333333336,0,277.87469144794363
27412,3,G09_67_H23,1,33.737500000000004,33.30833333333333,34.28333333333333,0,277.87469144794363
27413,3,G09_67_H23,2,32.916666666666664,32.50833333333333,33.4625,0,277.87469144794363
27414,3,G09_67_H23,3,32.34166666666667,31.7375,32.766666666666666,0,277.87469144794363
27415,3,G09_67_H23,4,31.45,31.0,31.9875,0,277.87469144794363
27416,3,G09_67_H23,5,30.629166666666663,30.066666666666663,31.225,0,277.87469144794363
27417,3,G09_67_H23,6,30.004166666666663,29.5375,30.575,0,277.87469144794363
27418,3,G09_67_H23,7,29.60833333333333,29.291666666666668,30.204166666666666,0,277.87469144794363
27419,3,G09_67_H23,8,29.20833333333333,28.725,29.85,0,277.87469144794363
27420,3,G09_67_H23,9,28.9875,28.370833333333334,29.679166666666664,0,277.87469144794363
27421,3,G09_67_H23,10,28.754166666666663,27.8875,29.329166666666666,0,277.87469144794363
27422,3,G09_67_H23,11,28.704166666666666,27.629166666666663,29.070833333333336,0,277.87469144794363
27423,3,G09_67_H23,12,28.329166666666666,27.46666666666667,28.683333333333334,0,277.87469144794363
27424,3,G09_67_H23,13,27.954166666666666,27.116666666666664,28.39583333333333,0,277.87469144794363
27425,3,G09_67_H23,14,27.83333333333333,27.10833333333333,28.366666666666664,0,277.87469144794363
27426,3,G09_67_H23,15,27.67083333333333,26.9625,28.15,0,277.87469144794363
27427,3,G09_67_H23,16,27.5875,27.070833333333336,28.17083333333333,0,277.87469144794363
27428,3,G09_67_H23,17,27.2125,26.85,27.83333333333333,0,277.87469144794363
27429,3,G09_67_H23,18,26.5125,26.3,27.2875,0,277.87469144794363
27430,3,G09_67_H23,19,25.95833333333333,25.754166666666663,26.875,0,277.87469144794363
27431,3,G09_67_H23,20,25.491666666666664,25.304166666666664,26.579166666666666,0,277.87469144794363
27432,3,G09_67_H23,21,25.45833333333333,25.225,26.479166666666668,0,277.87469144794363
27433,3,G09_67_H23,22,25.14583333333333,24.745833333333334,26.275,0,277.87469144794363
27434,3,G09_67_H23,23,25.7625,25.20833333333333,26.48333333333333,0,277.87469144794363
27435,3,G09_67_H23,24,25.42083333333333,24.77083333333333,26.041666666666668,0,277.87469144794363
27436,3,G09_67_H23,25,25.98333333333333,25.275,26.42083333333333,0,277.87469144794363
27437,3,G09_67_H23,26,26.4,25.883333333333336,26.975,0,277.87469144794363
27438,3,G09_67_H23,27,26.766666666666666,26.245833333333334,27.504166666666663,0,277.87469144794363
27439,3,G09_67_H23,28,26.991666666666664,26.39583333333333,27.54583333333333,0,277.87469144794363
27440,3,G09_67_H23,29,26.34583333333333,25.7875,26.9125,0,277.87469144794363
27441,3,G09_67_H23,30,26.620833333333334,26.183333333333334,27.370833333333334,0,277.87469144794363
27442,3,G09_67_H23,31,27.6,27.0625,28.320833333333336,0,277.87469144794363
27443,3,G09_67_H23,32,28.245833333333334,27.5625,28.808333333333334,0,277.87469144794363
27444,3,G09_67_H23,33,23.925,23.39583333333333,24.6875,0,277.87469144794363
27445,3,G09_67_H23,34,23.4125,22.979166666666668,24.0875,0,277.87469144794363
27446,3,G09_67_H23,35,23.025,22.441666666666663,23.754166666666663,0,277.87469144794363
27447,3,G09_67_H3,-2,29.55555555555556,27.444444444444443,30.200000000000003,1,398.11351716802295
27448,3,G09_67_H3,-1,31.9375,31.22083333333333,32.37916666666667,1,398.11351716802295
27449,3,G09_67_H3,0,33.737500000000004,33.016666666666666,34.375,1,398.11351716802295
27450,3,G09_67_H3,1,33.858333333333334,33.15,34.483333333333334,1,398.11351716802295
27451,3,G09_67_H3,2,33.083333333333336,32.19166666666667,33.65416666666667,1,398.11351716802295
27452,3,G09_67_H3,3,32.25416666666667,31.64583333333333,32.7875,1,398.11351716802295
27453,3,G09_67_H3,4,31.53333333333333,31.008333333333336,31.98333333333333,1,398.11351716802295
27454,3,G09_67_H3,5,30.775,30.1625,31.2875,1,398.11351716802295
27455,3,G09_67_H3,6,30.079166666666666,29.35833333333333,30.508333333333336,1,398.11351716802295
27456,3,G09_67_H3,7,29.4875,28.791666666666668,29.954166666666666,1,398.11351716802295
27457,3,G09_67_H3,8,29.129166666666663,28.47083333333333,29.53333333333333,1,398.11351716802295
27458,3,G09_67_H3,9,28.745833333333334,28.3,29.3875,1,398.11351716802295
27459,3,G09_67_H3,10,28.4,27.9875,29.075,1,398.11351716802295
27460,3,G09_67_H3,11,28.554166666666664,28.15,29.2125,1,398.11351716802295
27461,3,G09_67_H3,12,27.77083333333333,27.266666666666666,28.641666666666666,1,398.11351716802295
27462,3,G09_67_H3,13,27.77916666666667,26.495833333333334,28.15416666666667,1,398.11351716802295
27463,3,G09_67_H3,14,26.991666666666664,26.1875,27.7375,1,398.11351716802295
27464,3,G09_67_H3,15,26.883333333333336,25.945833333333336,27.508333333333336,1,398.11351716802295
27465,3,G09_67_H3,16,26.9,25.829166666666666,27.28333333333333,1,398.11351716802295
27466,3,G09_67_H3,17,26.620833333333334,25.620833333333334,26.9,1,398.11351716802295
27467,3,G09_67_H3,18,26.53333333333333,25.6625,26.879166666666663,1,398.11351716802295
27468,3,G09_67_H3,19,26.275,25.495833333333334,26.695833333333336,1,398.11351716802295
27469,3,G09_67_H3,20,26.070833333333336,25.55,26.666666666666668,1,398.11351716802295
27470,3,G09_67_H3,21,25.58333333333333,25.179166666666664,26.3125,1,398.11351716802295
27471,3,G09_67_H3,22,25.454166666666666,25.175,26.15416666666667,1,398.11351716802295
27472,3,G09_67_H3,23,24.95,24.604166666666668,25.808333333333334,1,398.11351716802295
27473,3,G09_67_H3,24,24.40416666666667,24.0375,25.3875,1,398.11351716802295
27474,3,G09_67_H3,25,24.445833333333336,23.729166666666668,25.245833333333334,1,398.11351716802295
27475,3,G09_67_H3,26,24.883333333333336,23.6,25.308333333333334,1,398.11351716802295
27476,3,G09_67_H3,27,25.070833333333336,23.98333333333333,25.495833333333334,1,398.11351716802295
27477,3,G09_67_H3,28,24.183333333333334,23.3875,24.90416666666667,1,398.11351716802295
27478,3,G09_67_H3,29,24.383333333333336,23.691666666666663,24.945833333333336,1,398.11351716802295
27479,3,G09_67_H3,30,25.058333333333334,24.27083333333333,25.579166666666666,1,398.11351716802295
27480,3,G09_67_H3,31,25.133333333333336,24.65416666666667,25.829166666666666,1,398.11351716802295
27481,3,G09_67_H3,32,25.616666666666664,24.98333333333333,26.15,1,398.11351716802295
27482,3,G09_67_H3,33,25.0125,24.425,25.479166666666668,1,398.11351716802295
27483,3,G09_67_H3,34,25.28333333333333,24.791666666666668,25.85,1,398.11351716802295
27484,3,G09_67_H3,35,26.1875,25.629166666666663,26.8375,1,398.11351716802295
27485,3,G09_67_H4,-2,28.084615384615383,26.59230769230769,28.45384615384615,0,376.94614195449407
27486,3,G09_67_H4,-1,31.454166666666666,30.9375,31.683333333333334,0,376.94614195449407
27487,3,G09_67_H4,0,33.108333333333334,32.604166666666664,33.50416666666667,0,376.94614195449407
27488,3,G09_67_H4,1,33.604166666666664,33.125,34.0375,0,376.94614195449407
27489,3,G09_67_H4,2,32.6875,32.17916666666667,33.175,0,376.94614195449407
27490,3,G09_67_H4,3,31.879166666666663,31.433333333333334,32.362500000000004,0,376.94614195449407
27491,3,G09_67_H4,4,31.40833333333333,30.995833333333334,31.816666666666663,0,376.94614195449407
27492,3,G09_67_H4,5,30.725,30.25,31.09166666666667,0,376.94614195449407
27493,3,G09_67_H4,6,29.8125,29.325,30.225,0,376.94614195449407
27494,3,G09_67_H4,7,29.375,28.59166666666667,29.725,0,376.94614195449407
27495,3,G09_67_H4,8,28.975,28.2375,29.370833333333334,0,376.94614195449407
27496,3,G09_67_H4,9,28.641666666666666,28.1,29.04583333333333,0,376.94614195449407
27497,3,G09_67_H4,10,28.554166666666664,28.004166666666663,28.83333333333333,0,376.94614195449407
27498,3,G09_67_H4,11,28.6625,28.17083333333333,29.03333333333333,0,376.94614195449407
27499,3,G09_67_H4,12,27.854166666666668,27.4125,28.4625,0,376.94614195449407
27500,3,G09_67_H4,13,27.441666666666663,26.72083333333333,27.9375,0,376.94614195449407
27501,3,G09_67_H4,14,26.891666666666666,26.320833333333336,27.454166666666666,0,376.94614195449407
27502,3,G09_67_H4,15,26.429166666666664,26.141666666666666,27.2,0,376.94614195449407
27503,3,G09_67_H4,16,26.079166666666666,25.929166666666664,26.9875,0,376.94614195449407
27504,3,G09_67_H4,17,25.84166666666667,25.6125,26.679166666666664,0,376.94614195449407
27505,3,G09_67_H4,18,25.941666666666663,25.758333333333336,26.775,0,376.94614195449407
27506,3,G09_67_H4,19,26.08333333333333,25.775,26.729166666666668,0,376.94614195449407
27507,3,G09_67_H4,20,26.2125,25.8,26.67083333333333,0,376.94614195449407
27508,3,G09_67_H4,21,26.23333333333333,25.78333333333333,26.6,0,376.94614195449407
27509,3,G09_67_H4,22,26.179166666666664,25.70833333333333,26.59583333333333,0,376.94614195449407
27510,3,G09_67_H4,23,25.766666666666666,25.15,26.04583333333333,0,376.94614195449407
27511,3,G09_67_H4,24,25.558333333333334,24.9125,25.808333333333334,0,376.94614195449407
27512,3,G09_67_H4,25,25.366666666666664,24.7125,25.7,0,376.94614195449407
27513,3,G09_67_H4,26,24.525,23.84166666666667,24.979166666666668,0,376.94614195449407
27514,3,G09_67_H4,27,24.9,24.3875,25.42083333333333,0,376.94614195449407
27515,3,G09_67_H4,28,24.229166666666668,23.84166666666667,24.96666666666667,0,376.94614195449407
27516,3,G09_67_H4,29,24.666666666666668,24.09583333333333,25.191666666666663,0,376.94614195449407
27517,3,G09_67_H4,30,25.675,25.1125,26.14583333333333,0,376.94614195449407
27518,3,G09_67_H4,31,26.04583333333333,25.620833333333334,26.620833333333334,0,376.94614195449407
27519,3,G09_67_H4,32,26.058333333333334,25.60833333333333,26.6375,0,376.94614195449407
27520,3,G09_67_H4,33,25.391666666666666,24.995833333333334,26.0625,0,376.94614195449407
27521,3,G09_67_H4,34,25.879166666666663,25.441666666666663,26.47083333333333,0,376.94614195449407
27522,3,G09_67_H4,35,26.829166666666666,26.266666666666666,27.475,0,376.94614195449407
27523,3,G09_67_H5,0,33.65,32.99230769230769,34.15769230769231,1,399.2001676064919
27524,3,G09_67_H5,1,33.55555555555556,32.96666666666667,34.05555555555556,1,399.2001676064919
27525,3,G09_67_H5,2,32.579166666666666,32.18333333333333,33.09166666666667,1,399.2001676064919
27526,3,G09_67_H5,3,31.891666666666666,31.5,32.55833333333334,1,399.2001676064919
27527,3,G09_67_H5,4,31.354166666666668,30.89583333333333,31.7875,1,399.2001676064919
27528,3,G09_67_H5,5,30.566666666666663,30.1375,31.0875,1,399.2001676064919
27529,3,G09_67_H5,6,29.816666666666663,29.325,30.2875,1,399.2001676064919
27530,3,G09_67_H5,7,29.1625,28.6,29.695833333333336,1,399.2001676064919
27531,3,G09_67_H5,8,28.6875,28.29583333333333,29.325,1,399.2001676064919
27532,3,G09_67_H5,9,28.541666666666668,28.04583333333333,29.075,1,399.2001676064919
27533,3,G09_67_H5,10,28.40416666666667,27.975,28.875,1,399.2001676064919
27534,3,G09_67_H5,11,28.666666666666668,28.15833333333333,29.016666666666666,1,399.2001676064919
27535,3,G09_67_H5,12,28.054166666666664,27.391666666666666,28.5,1,399.2001676064919
27536,3,G09_67_H5,13,27.5625,26.7375,27.933333333333334,1,399.2001676064919
27537,3,G09_67_H5,14,27.308333333333334,26.27916666666667,27.4875,1,399.2001676064919
27538,3,G09_67_H5,15,26.96666666666667,26.125,27.23333333333333,1,399.2001676064919
27539,3,G09_67_H5,16,26.6625,25.975,27.02916666666667,1,399.2001676064919
27540,3,G09_67_H5,17,26.308333333333334,25.666666666666668,26.758333333333336,1,399.2001676064919
27541,3,G09_67_H5,18,26.241666666666664,25.75,26.829166666666666,1,399.2001676064919
27542,3,G09_67_H5,19,26.1,25.8125,26.75,1,399.2001676064919
27543,3,G09_67_H5,20,26.2125,25.941666666666663,26.758333333333336,1,399.2001676064919
27544,3,G09_67_H5,21,26.245833333333334,25.941666666666663,26.71666666666667,1,399.2001676064919
27545,3,G09_67_H5,22,26.0125,25.729166666666668,26.45833333333333,1,399.2001676064919
27546,3,G09_67_H5,23,25.354166666666668,25.008333333333336,25.90416666666667,1,399.2001676064919
27547,3,G09_67_H5,24,25.120833333333334,24.816666666666663,25.75,1,399.2001676064919
27548,3,G09_67_H5,25,24.70833333333333,24.46666666666667,25.475,1,399.2001676064919
27549,3,G09_67_H5,26,24.1875,23.95833333333333,25.041666666666668,1,399.2001676064919
27550,3,G09_67_H5,27,24.695833333333336,24.366666666666664,25.46666666666667,1,399.2001676064919
27551,3,G09_67_H5,28,24.166666666666668,23.73333333333333,24.83333333333333,1,399.2001676064919
27552,3,G09_67_H5,29,24.2625,23.729166666666668,24.829166666666666,1,399.2001676064919
27553,3,G09_67_H5,30,25.054166666666664,24.6,25.64583333333333,1,399.2001676064919
27554,3,G09_67_H5,31,25.6,25.204166666666666,26.204166666666666,1,399.2001676064919
27555,3,G09_67_H5,32,25.758333333333336,25.28333333333333,26.245833333333334,1,399.2001676064919
27556,3,G09_67_H5,33,24.883333333333336,24.495833333333334,25.5,1,399.2001676064919
27557,3,G09_67_H5,34,25.566666666666663,25.02083333333333,26.09166666666667,1,399.2001676064919
27558,3,G09_67_H5,35,26.6,26.066666666666663,27.23333333333333,1,399.2001676064919
27559,3,G09_67_H6,-2,28.23076923076923,26.53076923076923,28.59230769230769,1,419.3464777295648
27560,3,G09_67_H6,-1,31.8,31.10833333333333,32.06666666666667,1,419.3464777295648
27561,3,G09_67_H6,0,33.59583333333333,32.983333333333334,34.083333333333336,1,419.3464777295648
27562,3,G09_67_H6,1,33.833333333333336,33.25833333333333,34.354166666666664,1,419.3464777295648
27563,3,G09_67_H6,2,33.00833333333333,32.42916666666667,33.4625,1,419.3464777295648
27564,3,G09_67_H6,3,32.229166666666664,31.754166666666663,32.65416666666667,1,419.3464777295648
27565,3,G09_67_H6,4,31.516666666666666,31.041666666666668,31.8375,1,419.3464777295648
27566,3,G09_67_H6,5,30.73333333333333,30.204166666666666,31.10833333333333,1,419.3464777295648
27567,3,G09_67_H6,6,29.95833333333333,29.329166666666666,30.325,1,419.3464777295648
27568,3,G09_67_H6,7,29.2875,28.59583333333333,29.816666666666663,1,419.3464777295648
27569,3,G09_67_H6,8,28.8875,28.204166666666666,29.391666666666666,1,419.3464777295648
27570,3,G09_67_H6,9,28.67083333333333,28.03333333333333,29.120833333333334,1,419.3464777295648
27571,3,G09_67_H6,10,28.704166666666666,28.2,29.075,1,419.3464777295648
27572,3,G09_67_H6,11,28.745833333333334,28.329166666666666,29.15,1,419.3464777295648
27573,3,G09_67_H6,12,28.025,27.491666666666664,28.54583333333333,1,419.3464777295648
27574,3,G09_67_H6,13,27.375,26.745833333333334,28.02083333333333,1,419.3464777295648
27575,3,G09_67_H6,14,26.9125,26.3875,27.5375,1,419.3464777295648
27576,3,G09_67_H6,15,26.5,26.22083333333333,27.2625,1,419.3464777295648
27577,3,G09_67_H6,16,26.33333333333333,26.104166666666668,27.09166666666667,1,419.3464777295648
27578,3,G09_67_H6,17,26.0375,25.7875,26.7625,1,419.3464777295648
27579,3,G09_67_H6,18,26.225,25.870833333333334,26.79583333333333,1,419.3464777295648
27580,3,G09_67_H6,19,26.2125,25.7,26.67083333333333,1,419.3464777295648
27581,3,G09_67_H6,20,26.304166666666664,25.71666666666667,26.620833333333334,1,419.3464777295648
27582,3,G09_67_H6,21,26.2375,25.64583333333333,26.52916666666667,1,419.3464777295648
27583,3,G09_67_H6,22,26.0625,25.53333333333333,26.34583333333333,1,419.3464777295648
27584,3,G09_67_H6,23,25.475,24.8125,25.766666666666666,1,419.3464777295648
27585,3,G09_67_H6,24,25.15,24.42083333333333,25.454166666666666,1,419.3464777295648
27586,3,G09_67_H6,25,24.84583333333333,24.09166666666667,25.116666666666664,1,419.3464777295648
27587,3,G09_67_H6,26,24.59583333333333,23.84166666666667,24.933333333333334,1,419.3464777295648
27588,3,G09_67_H6,27,24.754166666666663,24.116666666666664,25.27916666666667,1,419.3464777295648
27589,3,G09_67_H6,28,24.058333333333334,23.570833333333336,24.691666666666663,1,419.3464777295648
27590,3,G09_67_H6,29,24.041666666666668,23.558333333333334,24.691666666666663,1,419.3464777295648
27591,3,G09_67_H6,30,25.02916666666667,24.491666666666664,25.570833333333336,1,419.3464777295648
27592,3,G09_67_H6,31,25.691666666666663,25.1,26.23333333333333,1,419.3464777295648
27593,3,G09_67_H6,32,25.704166666666666,25.195833333333336,26.354166666666668,1,419.3464777295648
27594,3,G09_67_H6,33,24.90416666666667,24.416666666666668,25.60833333333333,1,419.3464777295648
27595,3,G09_67_H6,34,25.45,24.96666666666667,26.104166666666668,1,419.3464777295648
27596,3,G09_67_H6,35,26.579166666666666,26.0,27.22083333333333,1,419.3464777295648
27597,3,G09_67_H7,-2,29.49090909090909,27.58181818181818,29.9,1,406.6531645432915
27598,3,G09_67_H7,-1,32.108333333333334,31.65416666666667,32.475,1,406.6531645432915
27599,3,G09_67_H7,0,33.86666666666667,33.420833333333334,34.32083333333333,1,406.6531645432915
27600,3,G09_67_H7,1,33.958333333333336,33.625,34.4125,1,406.6531645432915
27601,3,G09_67_H7,2,33.22083333333333,32.854166666666664,33.63333333333333,1,406.6531645432915
27602,3,G09_67_H7,3,32.44166666666667,31.9875,32.8125,1,406.6531645432915
27603,3,G09_67_H7,4,31.504166666666663,30.933333333333334,32.025,1,406.6531645432915
27604,3,G09_67_H7,5,30.691666666666663,30.1625,31.2375,1,406.6531645432915
27605,3,G09_67_H7,6,30.0,29.391666666666666,30.54583333333333,1,406.6531645432915
27606,3,G09_67_H7,7,29.291666666666668,28.825,29.97083333333333,1,406.6531645432915
27607,3,G09_67_H7,8,29.0,28.47083333333333,29.55,1,406.6531645432915
27608,3,G09_67_H7,9,28.84166666666667,28.429166666666664,29.391666666666666,1,406.6531645432915
27609,3,G09_67_H7,10,28.875,28.504166666666663,29.370833333333334,1,406.6531645432915
27610,3,G09_67_H7,11,28.3375,27.83333333333333,28.89583333333333,1,406.6531645432915
27611,3,G09_67_H7,12,27.945833333333336,27.1875,28.441666666666663,1,406.6531645432915
27612,3,G09_67_H7,13,27.558333333333334,26.9625,28.120833333333334,1,406.6531645432915
27613,3,G09_67_H7,14,27.183333333333334,26.6125,27.8,1,406.6531645432915
27614,3,G09_67_H7,15,27.079166666666666,26.35,27.54583333333333,1,406.6531645432915
27615,3,G09_67_H7,16,26.9125,25.979166666666668,27.2,1,406.6531645432915
27616,3,G09_67_H7,17,26.9375,26.0625,27.2,1,406.6531645432915
27617,3,G09_67_H7,18,26.8125,26.0875,27.04583333333333,1,406.6531645432915
27618,3,G09_67_H7,19,26.72083333333333,26.241666666666664,27.166666666666668,1,406.6531645432915
27619,3,G09_67_H7,20,26.52083333333333,26.120833333333334,26.9625,1,406.6531645432915
27620,3,G09_67_H7,21,26.0875,25.854166666666668,26.616666666666664,1,406.6531645432915
27621,3,G09_67_H7,22,25.52916666666667,25.2625,26.245833333333334,1,406.6531645432915
27622,3,G09_67_H7,23,25.191666666666663,24.96666666666667,25.975,1,406.6531645432915
27623,3,G09_67_H7,24,25.09583333333333,24.8375,25.90833333333333,1,406.6531645432915
27624,3,G09_67_H7,25,24.90416666666667,24.554166666666664,25.71666666666667,1,406.6531645432915
27625,3,G09_67_H7,26,25.39583333333333,24.929166666666664,26.004166666666663,1,406.6531645432915
27626,3,G09_67_H7,27,25.125,24.475,25.479166666666668,1,406.6531645432915
27627,3,G09_67_H7,28,25.041666666666668,24.4,25.5,1,406.6531645432915
27628,3,G09_67_H7,29,25.575,25.079166666666666,26.29583333333333,1,406.6531645432915
27629,3,G09_67_H7,30,26.191666666666663,25.675,26.745833333333334,1,406.6531645432915
27630,3,G09_67_H7,31,26.320833333333336,25.741666666666664,26.7625,1,406.6531645432915
27631,3,G09_67_H7,32,25.433333333333334,24.90416666666667,25.9875,1,406.6531645432915
27632,3,G09_67_H7,33,25.775,25.2875,26.416666666666668,1,406.6531645432915
27633,3,G09_67_H7,34,26.8875,26.3375,27.48333333333333,1,406.6531645432915
27634,3,G09_67_H7,35,27.4375,26.754166666666663,28.133333333333336,1,406.6531645432915
27635,3,G09_67_H8,-2,30.55454545454546,28.44545454545454,31.00909090909091,1,415.4702508902663
27636,3,G09_67_H8,-1,32.38333333333333,31.729166666666668,32.670833333333334,1,415.4702508902663
27637,3,G09_67_H8,0,33.72083333333333,33.225,34.24583333333333,1,415.4702508902663
27638,3,G09_67_H8,1,33.6625,33.112500000000004,34.1125,1,415.4702508902663
27639,3,G09_67_H8,2,32.829166666666666,32.329166666666666,33.3125,1,415.4702508902663
27640,3,G09_67_H8,3,32.050000000000004,31.5375,32.420833333333334,1,415.4702508902663
27641,3,G09_67_H8,4,31.27083333333333,30.83333333333333,31.6375,1,415.4702508902663
27642,3,G09_67_H8,5,30.64583333333333,29.995833333333334,30.95833333333333,1,415.4702508902663
27643,3,G09_67_H8,6,29.829166666666666,29.241666666666664,30.241666666666664,1,415.4702508902663
27644,3,G09_67_H8,7,29.191666666666663,28.6625,29.616666666666664,1,415.4702508902663
27645,3,G09_67_H8,8,28.71666666666667,28.308333333333334,29.266666666666666,1,415.4702508902663
27646,3,G09_67_H8,9,28.73333333333333,28.433333333333334,29.2375,1,415.4702508902663
27647,3,G09_67_H8,10,28.758333333333336,28.504166666666663,29.21666666666667,1,415.4702508902663
27648,3,G09_67_H8,11,28.054166666666664,27.79583333333333,28.754166666666663,1,415.4702508902663
27649,3,G09_67_H8,12,27.65416666666667,27.3875,28.454166666666666,1,415.4702508902663
27650,3,G09_67_H8,13,27.425,27.125,28.183333333333334,1,415.4702508902663
27651,3,G09_67_H8,14,27.15,26.83333333333333,27.866666666666664,1,415.4702508902663
27652,3,G09_67_H8,15,26.954166666666666,26.641666666666666,27.60833333333333,1,415.4702508902663
27653,3,G09_67_H8,16,26.78333333333333,26.291666666666668,27.28333333333333,1,415.4702508902663
27654,3,G09_67_H8,17,26.96666666666667,26.366666666666664,27.3125,1,415.4702508902663
27655,3,G09_67_H8,18,26.83333333333333,26.1875,27.0875,1,415.4702508902663
27656,3,G09_67_H8,19,26.97083333333333,26.320833333333336,27.20833333333333,1,415.4702508902663
27657,3,G09_67_H8,20,26.60833333333333,25.9875,26.929166666666664,1,415.4702508902663
27658,3,G09_67_H8,21,26.175,25.620833333333334,26.516666666666666,1,415.4702508902663
27659,3,G09_67_H8,22,25.570833333333336,25.0,26.104166666666668,1,415.4702508902663
27660,3,G09_67_H8,23,25.129166666666663,24.741666666666664,25.816666666666663,1,415.4702508902663
27661,3,G09_67_H8,24,24.945833333333336,24.59583333333333,25.71666666666667,1,415.4702508902663
27662,3,G09_67_H8,25,24.78333333333333,24.48333333333333,25.816666666666663,1,415.4702508902663
27663,3,G09_67_H8,26,25.02083333333333,24.741666666666664,26.0625,1,415.4702508902663
27664,3,G09_67_H8,27,24.629166666666663,24.2625,25.541666666666668,1,415.4702508902663
27665,3,G09_67_H8,28,24.97083333333333,24.304166666666664,25.59583333333333,1,415.4702508902663
27666,3,G09_67_H8,29,25.8375,25.025,26.225,1,415.4702508902663
27667,3,G09_67_H8,30,26.025,25.416666666666668,26.525,1,415.4702508902663
27668,3,G09_67_H8,31,25.979166666666668,25.541666666666668,26.60833333333333,1,415.4702508902663
27669,3,G09_67_H8,32,25.391666666666666,24.90416666666667,25.945833333333336,1,415.4702508902663
27670,3,G09_67_H8,33,25.8875,25.391666666666666,26.42083333333333,1,415.4702508902663
27671,3,G09_67_H8,34,26.566666666666663,26.0125,27.1875,1,415.4702508902663
27672,3,G09_67_H8,35,27.129166666666663,26.53333333333333,27.791666666666668,1,415.4702508902663
27673,3,G09_67_H9,-2,30.327272727272728,28.272727272727277,31.063636363636363,1,426.809722621001
27674,3,G09_67_H9,-1,32.275,31.7375,32.77916666666667,1,426.809722621001
27675,3,G09_67_H9,0,33.6875,33.13333333333333,34.28333333333333,1,426.809722621001
27676,3,G09_67_H9,1,33.49166666666667,33.083333333333336,34.12083333333333,1,426.809722621001
27677,3,G09_67_H9,2,32.708333333333336,32.25833333333333,33.354166666666664,1,426.809722621001
27678,3,G09_67_H9,3,31.85833333333333,31.454166666666666,32.295833333333334,1,426.809722621001
27679,3,G09_67_H9,4,31.316666666666663,30.683333333333334,31.7875,1,426.809722621001
27680,3,G09_67_H9,5,30.6875,29.916666666666668,31.0875,1,426.809722621001
27681,3,G09_67_H9,6,29.891666666666666,29.195833333333336,30.3375,1,426.809722621001
27682,3,G09_67_H9,7,29.291666666666668,28.60833333333333,29.72083333333333,1,426.809722621001
27683,3,G09_67_H9,8,28.84166666666667,28.15416666666667,29.3125,1,426.809722621001
27684,3,G09_67_H9,9,28.75,28.179166666666664,29.183333333333334,1,426.809722621001
27685,3,G09_67_H9,10,28.95,28.5,29.375,1,426.809722621001
27686,3,G09_67_H9,11,28.14583333333333,27.695833333333336,28.70833333333333,1,426.809722621001
27687,3,G09_67_H9,12,27.633333333333336,27.075,28.441666666666663,1,426.809722621001
27688,3,G09_67_H9,13,27.104166666666668,26.82083333333333,28.229166666666668,1,426.809722621001
27689,3,G09_67_H9,14,27.04583333333333,26.666666666666668,27.954166666666666,1,426.809722621001
27690,3,G09_67_H9,15,26.95833333333333,26.48333333333333,27.666666666666668,1,426.809722621001
27691,3,G09_67_H9,16,26.683333333333334,26.183333333333334,27.308333333333334,1,426.809722621001
27692,3,G09_67_H9,17,26.745833333333334,26.20833333333333,27.3375,1,426.809722621001
27693,3,G09_67_H9,18,26.629166666666663,26.03333333333333,27.04583333333333,1,426.809722621001
27694,3,G09_67_H9,19,26.77916666666667,26.22083333333333,27.10833333333333,1,426.809722621001
27695,3,G09_67_H9,20,26.55,25.96666666666667,26.8375,1,426.809722621001
27696,3,G09_67_H9,21,26.15,25.616666666666664,26.429166666666664,1,426.809722621001
27697,3,G09_67_H9,22,25.60833333333333,24.9875,25.9875,1,426.809722621001
27698,3,G09_67_H9,23,25.34583333333333,24.683333333333334,25.72083333333333,1,426.809722621001
27699,3,G09_67_H9,24,25.129166666666663,24.620833333333334,25.629166666666663,1,426.809722621001
27700,3,G09_67_H9,25,24.9,24.58333333333333,25.704166666666666,1,426.809722621001
27701,3,G09_67_H9,26,25.09166666666667,24.85833333333333,25.96666666666667,1,426.809722621001
27702,3,G09_67_H9,27,24.5625,24.275,25.425,1,426.809722621001
27703,3,G09_67_H9,28,24.725,24.258333333333336,25.45217391304348,1,426.809722621001
27704,3,G09_67_H9,29,25.6375,25.0375,26.2375,1,426.809722621001
27705,3,G09_67_H9,30,25.98333333333333,25.475,26.616666666666664,1,426.809722621001
27706,3,G09_67_H9,31,26.02083333333333,25.620833333333334,26.754166666666663,1,426.809722621001
27707,3,G09_67_H9,32,25.2125,24.78333333333333,25.8875,1,426.809722621001
27708,3,G09_67_H9,33,25.85833333333333,25.375,26.35833333333333,1,426.809722621001
27709,3,G09_67_H9,34,26.5375,25.98333333333333,27.1875,1,426.809722621001
27710,3,G12_68_H1,-2,32.079487179487174,30.525641025641026,33.01538461538461,-1,251.942734314866
27711,3,G12_68_H1,-1,34.540625,33.48125,35.259375,-1,251.942734314866
27712,3,G12_68_H1,0,34.454166666666666,33.48229166666667,35.30520833333333,-1,251.942734314866
27713,3,G12_68_H1,1,34.10104166666667,33.469791666666666,34.96041666666667,-1,251.942734314866
27714,3,G12_68_H1,2,33.438541666666666,32.43333333333333,34.35625,-1,251.942734314866
27715,3,G12_68_H1,3,32.893750000000004,32.072916666666664,33.68958333333333,-1,251.942734314866
27716,3,G12_68_H1,4,32.37083333333333,31.50625,32.925000000000004,-1,251.942734314866
27717,3,G12_68_H1,5,31.82708333333333,30.9625,32.384375,-1,251.942734314866
27718,3,G12_68_H1,6,30.969791666666666,30.334375,31.704166666666666,-1,251.942734314866
27719,3,G12_68_H1,7,30.671875,29.87395833333333,31.071875,-1,251.942734314866
27720,3,G12_68_H1,8,30.04479166666667,29.478125,30.632291666666664,-1,251.942734314866
27721,3,G12_68_H1,9,29.48645833333333,28.954166666666666,30.041666666666668,-1,251.942734314866
27722,3,G12_68_H1,10,28.902083333333334,28.5375,29.7125,-1,251.942734314866
27723,3,G12_68_H1,11,28.573958333333334,27.985416666666666,29.104166666666668,-1,251.942734314866
27724,3,G12_68_H1,12,28.084375,27.36145833333333,28.65625,-1,251.942734314866
27725,3,G12_68_H1,13,27.667708333333334,26.941666666666663,28.20208333333333,-1,251.942734314866
27726,3,G12_68_H1,14,27.385416666666668,26.4125,27.828125,-1,251.942734314866
27727,3,G12_68_H1,15,27.040625,26.001041666666666,27.478125,-1,251.942734314866
27728,3,G12_68_H1,16,26.822916666666668,25.773958333333336,27.24895833333333,-1,251.942734314866
27729,3,G12_68_H1,17,26.547916666666666,25.516666666666666,26.84375,-1,251.942734314866
27730,3,G12_68_H1,18,26.008333333333336,24.891666666666666,26.5125,-1,251.942734314866
27731,3,G12_68_H1,19,26.041666666666668,24.99791666666667,26.69375,-1,251.942734314866
27732,3,G12_68_H1,20,26.109375,25.338541666666668,26.81770833333333,-1,251.942734314866
27733,3,G12_68_H1,21,25.816666666666663,25.3,26.64583333333333,-1,251.942734314866
27734,3,G12_68_H1,22,25.6625,25.340625,26.52083333333333,-1,251.942734314866
27735,3,G12_68_H1,23,26.16979166666667,25.917708333333334,26.884375,-1,251.942734314866
27736,3,G12_68_H1,24,27.08125,26.878125,27.6375,-1,251.942734314866
27737,3,G12_68_H1,25,26.278125,25.790625,26.740625,-1,251.942734314866
27738,3,G12_68_H1,26,24.969791666666666,23.88958333333333,25.515625,-1,251.942734314866
27739,3,G12_68_H1,27,24.68541666666667,23.65625,25.54895833333333,-1,251.942734314866
27740,3,G12_68_H1,28,24.7125,23.883333333333336,25.429166666666664,-1,251.942734314866
27741,3,G12_68_H1,29,24.805208333333336,24.17083333333333,25.621875,-1,251.942734314866
27742,3,G12_68_H1,30,24.64270833333333,24.05625,25.60625,-1,251.942734314866
27743,3,G12_68_H1,31,24.745833333333334,24.291666666666668,25.740625,-1,251.942734314866
27744,3,G12_68_H1,32,25.05625,24.792708333333334,25.92708333333333,-1,251.942734314866
27745,3,G12_68_H1,33,25.45208333333333,25.254166666666663,26.15625,-1,251.942734314866
27746,3,G12_68_H1,34,25.59375,25.351041666666664,26.304166666666664,-1,251.942734314866
27747,3,G12_68_H1,35,25.228125,25.03645833333333,25.86875,-1,251.942734314866
27748,3,G12_68_H10,-2,31.666,30.826,32.274,0,333.3550494841552
27749,3,G12_68_H10,-1,34.121875,33.46875,34.666666666666664,0,333.3550494841552
27750,3,G12_68_H10,0,34.371875,33.817708333333336,34.973958333333336,0,333.3550494841552
27751,3,G12_68_H10,1,34.1625,33.490625,34.82083333333333,0,333.3550494841552
27752,3,G12_68_H10,2,33.583333333333336,32.94895833333333,34.24583333333333,0,333.3550494841552
27753,3,G12_68_H10,3,32.946875,32.27291666666667,33.715625,0,333.3550494841552
27754,3,G12_68_H10,4,32.588541666666664,31.729166666666668,33.22604166666667,0,333.3550494841552
27755,3,G12_68_H10,5,31.66145833333333,31.125,32.43958333333333,0,333.3550494841552
27756,3,G12_68_H10,6,30.852083333333336,30.355208333333334,31.726041666666664,0,333.3550494841552
27757,3,G12_68_H10,7,30.344791666666666,29.771875,31.309375,0,333.3550494841552
27758,3,G12_68_H10,8,29.86875,29.328125,30.74375,0,333.3550494841552
27759,3,G12_68_H10,9,29.53645833333333,29.042708333333334,30.133333333333336,0,333.3550494841552
27760,3,G12_68_H10,10,29.088541666666668,28.51458333333333,29.691666666666663,0,333.3550494841552
27761,3,G12_68_H10,11,28.55208333333333,28.01770833333333,29.141666666666666,0,333.3550494841552
27762,3,G12_68_H10,12,28.269791666666663,27.67083333333333,28.85625,0,333.3550494841552
27763,3,G12_68_H10,13,27.859375,27.29375,28.586458333333336,0,333.3550494841552
27764,3,G12_68_H10,14,27.516666666666666,26.866666666666664,28.31875,0,333.3550494841552
27765,3,G12_68_H10,15,26.98333333333333,26.384375,27.95625,0,333.3550494841552
27766,3,G12_68_H10,16,26.640625,26.02083333333333,27.53125,0,333.3550494841552
27767,3,G12_68_H10,17,26.305208333333336,25.33125,27.316666666666663,0,333.3550494841552
27768,3,G12_68_H10,18,26.566666666666663,25.344791666666666,27.422916666666666,0,333.3550494841552
27769,3,G12_68_H10,19,26.92708333333333,25.74895833333333,27.469791666666666,0,333.3550494841552
27770,3,G12_68_H10,20,26.897916666666664,25.87291666666667,27.24895833333333,0,333.3550494841552
27771,3,G12_68_H10,21,26.7125,25.804166666666664,26.960416666666664,0,333.3550494841552
27772,3,G12_68_H10,22,26.91979166666667,26.120833333333334,27.2,0,333.3550494841552
27773,3,G12_68_H10,23,27.376041666666666,26.82604166666667,27.66145833333333,0,333.3550494841552
27774,3,G12_68_H10,24,26.153125,25.69375,26.978125,0,333.3550494841552
27775,3,G12_68_H10,25,24.760416666666668,23.96770833333333,26.615625,0,333.3550494841552
27776,3,G12_68_H10,26,24.678125,23.92708333333333,26.4875,0,333.3550494841552
27777,3,G12_68_H10,27,24.63958333333333,24.0875,26.113541666666663,0,333.3550494841552
27778,3,G12_68_H10,28,24.672916666666666,24.176041666666663,26.135416666666668,0,333.3550494841552
27779,3,G12_68_H10,29,24.782291666666666,24.136458333333334,26.226041666666664,0,333.3550494841552
27780,3,G12_68_H10,30,25.32058823529412,24.791176470588237,26.194117647058825,0,333.3550494841552
27781,3,G12_68_H10,31,25.273958333333336,24.667708333333334,26.063541666666666,0,333.3550494841552
27782,3,G12_68_H10,32,25.621875,25.10625,26.102083333333336,0,333.3550494841552
27783,3,G12_68_H10,33,25.48333333333333,24.99375,25.995833333333334,0,333.3550494841552
27784,3,G12_68_H10,34,24.70625,24.448958333333334,25.301041666666663,0,333.3550494841552
27785,3,G12_68_H10,35,23.797916666666666,23.407291666666666,24.59375,0,333.3550494841552
27786,3,G12_68_H2,-1,34.7375,34.1375,35.4125,0,287.0536147753932
27787,3,G12_68_H2,0,34.598958333333336,33.73854166666667,35.38854166666667,0,287.0536147753932
27788,3,G12_68_H2,1,34.313541666666666,33.565625000000004,35.02291666666667,0,287.0536147753932
27789,3,G12_68_H2,2,33.63854166666667,32.76979166666667,34.202083333333334,0,287.0536147753932
27790,3,G12_68_H2,3,32.95104166666667,32.29479166666667,33.65833333333333,0,287.0536147753932
27791,3,G12_68_H2,4,32.27916666666667,31.617708333333336,33.02291666666667,0,287.0536147753932
27792,3,G12_68_H2,5,31.698958333333334,31.09166666666667,32.25208333333333,0,287.0536147753932
27793,3,G12_68_H2,6,30.871875,30.459375,31.448958333333334,0,287.0536147753932
27794,3,G12_68_H2,7,30.28645833333333,29.8125,30.76875,0,287.0536147753932
27795,3,G12_68_H2,8,30.015625,29.477083333333336,30.58125,0,287.0536147753932
27796,3,G12_68_H2,9,29.391666666666666,28.971875,29.946875,0,287.0536147753932
27797,3,G12_68_H2,10,29.14375,28.671875,29.565625,0,287.0536147753932
27798,3,G12_68_H2,11,28.578125,28.071875,28.964583333333334,0,287.0536147753932
27799,3,G12_68_H2,12,28.086458333333336,27.46875,28.4625,0,287.0536147753932
27800,3,G12_68_H2,13,27.74375,26.915625,28.165625,0,287.0536147753932
27801,3,G12_68_H2,14,27.523958333333336,26.40520833333333,27.876041666666666,0,287.0536147753932
27802,3,G12_68_H2,15,27.078125,26.066666666666663,27.355208333333334,0,287.0536147753932
27803,3,G12_68_H2,16,26.83020833333333,25.91145833333333,27.054166666666664,0,287.0536147753932
27804,3,G12_68_H2,17,26.46530612244898,25.693877551020407,26.8265306122449,0,287.0536147753932
27805,3,G12_68_H2,22,24.72,24.58,25.8,0,287.0536147753932
27806,3,G12_68_H2,23,26.06145833333333,25.876041666666666,26.75208333333333,0,287.0536147753932
27807,3,G12_68_H2,24,27.073958333333334,26.766666666666666,27.538541666666664,0,287.0536147753932
27808,3,G12_68_H2,25,26.105208333333334,25.557291666666668,26.4875,0,287.0536147753932
27809,3,G12_68_H2,26,24.384375,23.726041666666664,25.440625,0,287.0536147753932
27810,3,G12_68_H2,27,24.14583333333333,23.61458333333333,25.384375,0,287.0536147753932
27811,3,G12_68_H2,28,24.086458333333336,23.778125,25.26354166666667,0,287.0536147753932
27812,3,G12_68_H2,29,24.744791666666668,24.39375,25.91145833333333,0,287.0536147753932
27813,3,G12_68_H2,30,24.82604166666667,24.45520833333333,26.088541666666668,0,287.0536147753932
27814,3,G12_68_H2,31,24.73125,24.42395833333333,25.90520833333333,0,287.0536147753932
27815,3,G12_68_H2,32,24.870833333333334,24.59375,25.846875,0,287.0536147753932
27816,3,G12_68_H2,33,25.441666666666663,25.09375,26.071875,0,287.0536147753932
27817,3,G12_68_H2,34,25.596875,25.2125,26.147916666666664,0,287.0536147753932
27818,3,G12_68_H2,35,25.129166666666663,24.740625,25.538541666666664,0,287.0536147753932
27819,3,G12_68_H3,4,31.849230769230765,31.40153846153846,32.37692307692308,-1,251.8912597937975
27820,3,G12_68_H3,5,31.43645833333333,30.99375,31.86145833333333,-1,251.8912597937975
27821,3,G12_68_H3,6,30.782291666666666,30.29583333333333,31.2875,-1,251.8912597937975
27822,3,G12_68_H3,7,30.234375,29.823958333333334,30.68125,-1,251.8912597937975
27823,3,G12_68_H3,8,29.839583333333334,29.366666666666664,30.30625,-1,251.8912597937975
27824,3,G12_68_H3,9,29.386458333333334,28.87708333333333,29.76770833333333,-1,251.8912597937975
27825,3,G12_68_H3,10,29.022916666666664,28.52916666666667,29.32604166666667,-1,251.8912597937975
27826,3,G12_68_H3,11,28.527083333333334,27.90833333333333,28.84270833333333,-1,251.8912597937975
27827,3,G12_68_H3,12,28.021875,27.384375,28.40625,-1,251.8912597937975
27828,3,G12_68_H3,13,27.729268292682928,27.0,28.107317073170734,-1,251.8912597937975
27829,3,G12_68_H3,15,27.126315789473683,25.77368421052632,27.431578947368426,-1,251.8912597937975
27830,3,G12_68_H3,16,26.539583333333336,25.73229166666667,27.119791666666668,-1,251.8912597937975
27831,3,G12_68_H3,17,26.119791666666668,25.55,26.813541666666666,-1,251.8912597937975
27832,3,G12_68_H3,18,25.3875,24.878125,26.414583333333336,-1,251.8912597937975
27833,3,G12_68_H3,19,25.682291666666668,25.163541666666664,26.696875,-1,251.8912597937975
27834,3,G12_68_H3,20,25.68125,25.29583333333333,26.773958333333336,-1,251.8912597937975
27835,3,G12_68_H3,21,25.67708333333333,25.403125,26.667708333333334,-1,251.8912597937975
27836,3,G12_68_H3,22,25.6875,25.37291666666667,26.54583333333333,-1,251.8912597937975
27837,3,G12_68_H3,23,26.26770833333333,25.926041666666663,26.839583333333334,-1,251.8912597937975
27838,3,G12_68_H3,24,27.325,26.83125,27.588541666666668,-1,251.8912597937975
27839,3,G12_68_H3,25,26.225,25.634375,26.65625,-1,251.8912597937975
27840,3,G12_68_H3,26,24.52916666666667,23.5875,25.535416666666663,-1,251.8912597937975
27841,3,G12_68_H3,27,24.432291666666668,23.70833333333333,25.610416666666666,-1,251.8912597937975
27842,3,G12_68_H3,28,24.245833333333334,23.778125,25.3375,-1,251.8912597937975
27843,3,G12_68_H3,29,24.457291666666663,24.075,25.507291666666664,-1,251.8912597937975
27844,3,G12_68_H3,30,24.180208333333336,23.81458333333333,25.36145833333333,-1,251.8912597937975
27845,3,G12_68_H3,31,24.234375,23.93958333333333,25.32604166666667,-1,251.8912597937975
27846,3,G12_68_H3,32,24.386458333333334,24.159375,25.339583333333334,-1,251.8912597937975
27847,3,G12_68_H3,33,25.276041666666668,25.042708333333334,26.008333333333336,-1,251.8912597937975
27848,3,G12_68_H3,34,25.56145833333333,25.347916666666663,26.245833333333334,-1,251.8912597937975
27849,3,G12_68_H3,35,25.182291666666668,24.985416666666666,25.81145833333333,-1,251.8912597937975
27850,3,G12_68_H4,2,33.72884615384616,32.32884615384615,34.29615384615385,0,328.64795497253454
27851,3,G12_68_H4,3,33.788888888888884,32.01746031746032,33.8936507936508,0,328.64795497253454
27852,3,G12_68_H4,4,32.42604166666667,31.34895833333333,33.2125,0,328.64795497253454
27853,3,G12_68_H4,5,32.020833333333336,30.878125,32.416666666666664,0,328.64795497253454
27854,3,G12_68_H4,6,31.385416666666668,30.301041666666663,31.742708333333336,0,328.64795497253454
27855,3,G12_68_H4,7,30.390625,29.81458333333333,31.042708333333334,0,328.64795497253454
27856,3,G12_68_H4,8,29.930208333333336,29.409375,30.54375,0,328.64795497253454
27857,3,G12_68_H4,9,29.334375,28.876041666666666,30.015625,0,328.64795497253454
27858,3,G12_68_H4,10,28.95520833333333,28.602083333333336,29.51458333333333,0,328.64795497253454
27859,3,G12_68_H4,11,28.38854166666667,28.096875,29.032291666666666,0,328.64795497253454
27860,3,G12_68_H4,12,27.852083333333336,27.44270833333333,28.509375,0,328.64795497253454
27861,3,G12_68_H4,13,27.3625,26.58125,28.3,0,328.64795497253454
27862,3,G12_68_H4,14,26.916666666666668,26.151041666666668,27.813541666666666,0,328.64795497253454
27863,3,G12_68_H4,15,26.586458333333336,25.815625,27.43958333333333,0,328.64795497253454
27864,3,G12_68_H4,16,26.41351351351351,25.73783783783784,27.21081081081081,0,328.64795497253454
27865,3,G12_68_H4,19,26.305,24.7925,26.60375,0,328.64795497253454
27866,3,G12_68_H4,20,26.32708333333333,25.03125,26.620833333333334,0,328.64795497253454
27867,3,G12_68_H4,21,26.152083333333334,25.09270833333333,26.61145833333333,0,328.64795497253454
27868,3,G12_68_H4,22,25.846875,25.101041666666664,26.4,0,328.64795497253454
27869,3,G12_68_H4,23,26.307291666666668,25.75,26.813541666666666,0,328.64795497253454
27870,3,G12_68_H4,24,27.20104166666667,26.725,27.526041666666668,0,328.64795497253454
27871,3,G12_68_H4,25,25.95208333333333,25.41875,26.55,0,328.64795497253454
27872,3,G12_68_H4,26,24.125,23.572916666666668,25.751041666666666,0,328.64795497253454
27873,3,G12_68_H4,27,24.204166666666666,23.71770833333333,25.714583333333334,0,328.64795497253454
27874,3,G12_68_H4,28,24.180208333333336,23.876041666666666,25.410416666666663,0,328.64795497253454
27875,3,G12_68_H4,29,24.303125,24.01458333333333,25.49895833333333,0,328.64795497253454
27876,3,G12_68_H4,30,24.115625,23.73958333333333,25.34895833333333,0,328.64795497253454
27877,3,G12_68_H4,31,24.37708333333333,23.829166666666666,25.353125,0,328.64795497253454
27878,3,G12_68_H4,32,24.69270833333333,24.133333333333336,25.34270833333333,0,328.64795497253454
27879,3,G12_68_H4,33,25.48645833333333,24.9125,25.91979166666667,0,328.64795497253454
27880,3,G12_68_H4,34,25.73645833333333,25.22395833333333,26.125,0,328.64795497253454
27881,3,G12_68_H4,35,25.059375,24.65,25.43958333333333,0,328.64795497253454
27882,3,G12_68_H5,-2,31.72820512820513,30.889743589743592,32.43076923076923,-1,229.14612879921447
27883,3,G12_68_H5,-1,34.58020833333334,33.780208333333334,34.979166666666664,-1,229.14612879921447
27884,3,G12_68_H5,0,34.55625,33.885416666666664,35.2625,-1,229.14612879921447
27885,3,G12_68_H5,1,34.219791666666666,33.672916666666666,34.735416666666666,-1,229.14612879921447
27886,3,G12_68_H5,2,33.30416666666667,32.74166666666667,34.08958333333333,-1,229.14612879921447
27887,3,G12_68_H5,3,32.82678571428571,32.31428571428572,33.510714285714286,-1,229.14612879921447
27888,3,G12_68_H5,4,32.06458333333333,31.63958333333333,32.958333333333336,-1,229.14612879921447
27889,3,G12_68_H5,5,31.757291666666664,31.054166666666664,32.297916666666666,-1,229.14612879921447
27890,3,G12_68_H5,6,31.103125,30.417708333333334,31.61875,-1,229.14612879921447
27891,3,G12_68_H5,7,30.371875,29.903125,31.058333333333334,-1,229.14612879921447
27892,3,G12_68_H5,8,29.628125,29.363541666666663,30.56041666666667,-1,229.14612879921447
27893,3,G12_68_H5,9,29.440625,28.932291666666668,29.977083333333336,-1,229.14612879921447
27894,3,G12_68_H5,10,29.105208333333334,28.602083333333336,29.527083333333334,-1,229.14612879921447
27895,3,G12_68_H5,11,28.49791666666667,28.001041666666666,28.92708333333333,-1,229.14612879921447
27896,3,G12_68_H5,12,28.0875,27.382291666666664,28.51458333333333,-1,229.14612879921447
27897,3,G12_68_H5,13,27.776041666666668,26.91145833333333,28.135416666666668,-1,229.14612879921447
27898,3,G12_68_H5,14,27.590625,26.64583333333333,27.940625,-1,229.14612879921447
27899,3,G12_68_H5,15,27.316666666666663,26.396875,27.641666666666666,-1,229.14612879921447
27900,3,G12_68_H5,16,26.95104166666667,26.04479166666667,27.386458333333334,-1,229.14612879921447
27901,3,G12_68_H5,17,26.633333333333336,25.805208333333336,27.055208333333336,-1,229.14612879921447
27902,3,G12_68_H5,18,26.1625,25.27916666666667,26.771875,-1,229.14612879921447
27903,3,G12_68_H5,19,26.182291666666668,25.390625,26.948958333333334,-1,229.14612879921447
27904,3,G12_68_H5,20,26.128125,25.573958333333334,26.92395833333333,-1,229.14612879921447
27905,3,G12_68_H5,21,26.001041666666666,25.59270833333333,26.789583333333336,-1,229.14612879921447
27906,3,G12_68_H5,22,26.004166666666663,25.76770833333333,26.859375,-1,229.14612879921447
27907,3,G12_68_H5,23,26.63020833333333,26.277083333333334,27.20833333333333,-1,229.14612879921447
27908,3,G12_68_H5,24,27.589583333333334,27.09166666666667,27.79375,-1,229.14612879921447
27909,3,G12_68_H5,25,26.619791666666668,25.98125,26.947916666666668,-1,229.14612879921447
27910,3,G12_68_H5,26,25.6875,24.38020833333333,26.14375,-1,229.14612879921447
27911,3,G12_68_H5,27,26.19375,24.776041666666668,26.478125,-1,229.14612879921447
27912,3,G12_68_H5,28,26.29375,24.90625,26.58125,-1,229.14612879921447
27913,3,G12_68_H5,31,25.79423076923077,25.057692307692307,26.180769230769236,-1,229.14612879921447
27914,3,G12_68_H5,32,25.45104166666667,24.734375,25.928125,-1,229.14612879921447
27915,3,G12_68_H5,33,25.507291666666664,25.041666666666668,26.008333333333336,-1,229.14612879921447
27916,3,G12_68_H5,34,25.588541666666668,25.120833333333334,26.03020833333333,-1,229.14612879921447
27917,3,G12_68_H5,35,25.16875,24.829166666666666,25.633333333333336,-1,229.14612879921447
27918,3,G12_68_H6,2,33.76705882352941,32.86352941176471,34.24588235294118,-1,221.7496408255901
27919,3,G12_68_H6,3,32.95520833333333,32.378125000000004,33.48020833333333,-1,221.7496408255901
27920,3,G12_68_H6,4,32.56875,31.853125,33.061458333333334,-1,221.7496408255901
27921,3,G12_68_H6,5,31.722916666666663,31.121875,32.30416666666667,-1,221.7496408255901
27922,3,G12_68_H6,6,30.945833333333336,30.35833333333333,31.59895833333333,-1,221.7496408255901
27923,3,G12_68_H6,7,30.441666666666663,29.796875,30.98958333333333,-1,221.7496408255901
27924,3,G12_68_H6,8,29.92083333333333,29.301041666666663,30.551041666666663,-1,221.7496408255901
27925,3,G12_68_H6,9,29.49375,28.9,30.035416666666663,-1,221.7496408255901
27926,3,G12_68_H6,10,29.047916666666666,28.41145833333333,29.476041666666664,-1,221.7496408255901
27927,3,G12_68_H6,11,28.721875,27.933333333333334,29.116666666666664,-1,221.7496408255901
27928,3,G12_68_H6,12,28.353125,27.385416666666668,28.777083333333334,-1,221.7496408255901
27929,3,G12_68_H6,13,27.971875,26.871875,28.416666666666668,-1,221.7496408255901
27930,3,G12_68_H6,14,27.610416666666666,26.526041666666668,28.004166666666663,-1,221.7496408255901
27931,3,G12_68_H6,15,27.253125,26.228125,27.73645833333333,-1,221.7496408255901
27932,3,G12_68_H6,16,27.0,25.96,27.55,-1,221.7496408255901
27933,3,G12_68_H6,19,26.10384615384616,25.77692307692308,27.00576923076923,-1,221.7496408255901
27934,3,G12_68_H6,20,25.921875,25.5375,26.820833333333336,-1,221.7496408255901
27935,3,G12_68_H6,21,25.902083333333334,25.605208333333334,26.790625,-1,221.7496408255901
27936,3,G12_68_H6,22,26.40416666666667,26.15833333333333,27.14270833333333,-1,221.7496408255901
27937,3,G12_68_H6,23,27.2875,27.00625,27.782291666666666,-1,221.7496408255901
27938,3,G12_68_H6,24,26.584375,26.008333333333336,26.91145833333333,-1,221.7496408255901
27939,3,G12_68_H6,25,25.429166666666664,24.409375,25.929166666666664,-1,221.7496408255901
27940,3,G12_68_H6,26,25.51458333333333,24.56458333333333,26.15,-1,221.7496408255901
27941,3,G12_68_H6,27,25.725,24.73125,26.275,-1,221.7496408255901
27942,3,G12_68_H6,29,25.17,24.6425,26.005000000000003,-1,221.7496408255901
27943,3,G12_68_H6,30,25.19375,24.711458333333336,26.14583333333333,-1,221.7496408255901
27944,3,G12_68_H6,31,25.153125,24.846875,26.1,-1,221.7496408255901
27945,3,G12_68_H6,32,25.351041666666664,25.182291666666668,26.148958333333336,-1,221.7496408255901
27946,3,G12_68_H6,33,25.519791666666663,25.352083333333336,26.24791666666667,-1,221.7496408255901
27947,3,G12_68_H6,34,25.228125,25.065625,25.980208333333334,-1,221.7496408255901
27948,3,G12_68_H7,-2,32.312,31.032,32.892,0,330.550083854246
27949,3,G12_68_H7,-1,34.151041666666664,33.471875000000004,34.96041666666667,0,330.550083854246
27950,3,G12_68_H7,0,34.521875,33.858333333333334,35.280208333333334,0,330.550083854246
27951,3,G12_68_H7,1,34.24375,33.380208333333336,35.040625,0,330.550083854246
27952,3,G12_68_H7,2,33.608333333333334,32.91041666666667,34.248958333333334,0,330.550083854246
27953,3,G12_68_H7,3,32.67916666666667,32.208333333333336,33.51145833333333,0,330.550083854246
27954,3,G12_68_H7,4,32.359375,31.63020833333333,32.884375,0,330.550083854246
27955,3,G12_68_H7,5,31.66145833333333,30.96770833333333,32.27916666666667,0,330.550083854246
27956,3,G12_68_H7,6,31.102083333333336,30.309375,31.652083333333334,0,330.550083854246
27957,3,G12_68_H7,7,30.45104166666667,29.7,31.105208333333334,0,330.550083854246
27958,3,G12_68_H7,8,30.14583333333333,29.213541666666668,30.680208333333336,0,330.550083854246
27959,3,G12_68_H7,9,29.586458333333336,28.81875,30.151041666666668,0,330.550083854246
27960,3,G12_68_H7,10,29.269791666666663,28.34583333333333,29.7375,0,330.550083854246
27961,3,G12_68_H7,11,28.676041666666663,27.78125,29.334375,0,330.550083854246
27962,3,G12_68_H7,12,28.334375,27.17083333333333,29.06041666666667,0,330.550083854246
27963,3,G12_68_H7,13,27.85729166666667,26.87395833333333,28.588541666666668,0,330.550083854246
27964,3,G12_68_H7,14,27.476041666666664,26.51354166666667,28.180208333333336,0,330.550083854246
27965,3,G12_68_H7,15,27.136458333333334,26.167708333333334,27.9375,0,330.550083854246
27966,3,G12_68_H7,16,26.75625,25.972916666666663,27.56875,0,330.550083854246
27967,3,G12_68_H7,18,26.027272727272727,25.454545454545453,27.2025974025974,0,330.550083854246
27968,3,G12_68_H7,19,26.211458333333336,25.721875,27.21666666666667,0,330.550083854246
27969,3,G12_68_H7,20,25.926041666666663,25.6125,27.008333333333336,0,330.550083854246
27970,3,G12_68_H7,21,25.855208333333334,25.55,26.73229166666667,0,330.550083854246
27971,3,G12_68_H7,22,26.257291666666664,25.907291666666666,26.95625,0,330.550083854246
27972,3,G12_68_H7,23,27.054166666666664,26.79895833333333,27.555208333333336,0,330.550083854246
27973,3,G12_68_H7,24,26.088541666666668,25.680208333333336,26.76875,0,330.550083854246
27974,3,G12_68_H7,25,24.66979166666667,23.869791666666668,25.87708333333333,0,330.550083854246
27975,3,G12_68_H7,26,24.653125,23.971875,25.90416666666667,0,330.550083854246
27976,3,G12_68_H7,27,24.4875,24.0125,25.8,0,330.550083854246
27977,3,G12_68_H7,28,24.20526315789473,23.626315789473683,25.757894736842104,0,330.550083854246
27978,3,G12_68_H7,29,24.23645833333333,23.86875,25.584375,0,330.550083854246
27979,3,G12_68_H7,30,24.275,23.85,25.401041666666668,0,330.550083854246
27980,3,G12_68_H7,31,24.532291666666666,24.06770833333333,25.4125,0,330.550083854246
27981,3,G12_68_H7,32,25.104166666666668,24.601041666666664,25.69375,0,330.550083854246
27982,3,G12_68_H7,33,25.558333333333334,24.988541666666663,26.008333333333336,0,330.550083854246
27983,3,G12_68_H7,34,25.254166666666663,24.636458333333334,25.542708333333334,0,330.550083854246
27984,3,G12_68_H8,-2,31.866,30.94,32.648,0,316.166364828166
27985,3,G12_68_H8,-1,34.155208333333334,33.276041666666664,34.989583333333336,0,316.166364828166
27986,3,G12_68_H8,0,34.35104166666667,33.661458333333336,35.389583333333334,0,316.166364828166
27987,3,G12_68_H8,1,33.996875,33.16354166666667,35.219791666666666,0,316.166364828166
27988,3,G12_68_H8,2,33.46875,32.684375,34.422916666666666,0,316.166364828166
27989,3,G12_68_H8,3,32.655208333333334,32.01354166666667,33.859375,0,316.166364828166
27990,3,G12_68_H8,4,32.06041666666667,31.49791666666667,33.282291666666666,0,316.166364828166
27991,3,G12_68_H8,5,31.60729166666667,30.805208333333336,32.484375,0,316.166364828166
27992,3,G12_68_H8,6,31.20625,30.075,32.02291666666667,0,316.166364828166
27993,3,G12_68_H8,7,30.34166666666667,29.479166666666668,31.478125,0,316.166364828166
27994,3,G12_68_H8,8,30.0875,29.204166666666666,30.64270833333333,0,316.166364828166
27995,3,G12_68_H8,9,29.64270833333333,28.876041666666666,30.24895833333333,0,316.166364828166
27996,3,G12_68_H8,10,28.985416666666666,28.446875,29.722916666666663,0,316.166364828166
27997,3,G12_68_H8,11,28.754166666666663,27.851041666666664,29.353125,0,316.166364828166
27998,3,G12_68_H8,12,28.269791666666663,27.390625,28.829166666666666,0,316.166364828166
27999,3,G12_68_H8,13,28.011458333333334,27.075,28.62395833333333,0,316.166364828166
28000,3,G12_68_H8,14,27.680208333333336,26.772916666666664,28.31770833333333,0,316.166364828166
28001,3,G12_68_H8,15,27.284375,26.551041666666663,27.948958333333334,0,316.166364828166
28002,3,G12_68_H8,16,26.984615384615385,26.46923076923077,27.73076923076923,0,316.166364828166
28003,3,G12_68_H8,19,26.448913043478264,25.96195652173913,27.35326086956522,0,316.166364828166
28004,3,G12_68_H8,20,26.226041666666664,25.84270833333333,27.144791666666663,0,316.166364828166
28005,3,G12_68_H8,21,26.253125,25.93645833333333,27.126041666666666,0,316.166364828166
28006,3,G12_68_H8,22,26.566666666666663,26.308333333333334,27.235416666666666,0,316.166364828166
28007,3,G12_68_H8,23,27.359375,27.084375,27.821875,0,316.166364828166
28008,3,G12_68_H8,24,26.663541666666664,26.04895833333333,27.0375,0,316.166364828166
28009,3,G12_68_H8,25,25.82708333333333,24.480208333333334,26.31770833333333,0,316.166364828166
28010,3,G12_68_H8,26,26.272916666666664,24.847916666666663,26.635416666666668,0,316.166364828166
28011,3,G12_68_H8,27,26.3125,24.98125,26.56875,0,316.166364828166
28012,3,G12_68_H8,30,25.27368421052632,24.431578947368426,25.86842105263158,0,316.166364828166
28013,3,G12_68_H8,31,25.46875,24.84375,26.116666666666664,0,316.166364828166
28014,3,G12_68_H8,32,25.53333333333333,25.13958333333333,26.245833333333334,0,316.166364828166
28015,3,G12_68_H8,33,25.54375,25.25,26.246875,0,316.166364828166
28016,3,G12_68_H8,34,25.1,24.922916666666666,25.796875,0,316.166364828166
28017,3,G12_68_H8,35,24.089583333333334,23.941666666666663,24.922916666666666,0,316.166364828166
28018,3,G12_68_H9,13,28.0025974025974,27.185714285714287,28.457142857142856,0,294.3435386257929
28019,3,G12_68_H9,14,27.834375,26.808333333333334,28.23958333333333,0,294.3435386257929
28020,3,G12_68_H9,15,27.339583333333334,26.484375,27.823958333333334,0,294.3435386257929
28021,3,G12_68_H9,16,27.117708333333336,26.20520833333333,27.4625,0,294.3435386257929
28022,3,G12_68_H9,17,26.773958333333336,25.50208333333333,27.02916666666667,0,294.3435386257929
28023,3,G12_68_H9,18,26.93636363636364,25.602272727272727,27.24318181818182,0,294.3435386257929
28024,3,G12_68_H9,21,25.3,24.875,26.25,0,294.3435386257929
28025,3,G12_68_H9,22,26.31041666666667,26.05625,27.039583333333336,0,294.3435386257929
28026,3,G12_68_H9,23,27.105208333333334,26.87291666666667,27.659375,0,294.3435386257929
28027,3,G12_68_H9,24,26.121875,25.81770833333333,26.852083333333336,0,294.3435386257929
28028,3,G12_68_H9,25,24.933333333333334,24.039583333333336,26.00208333333333,0,294.3435386257929
28029,3,G12_68_H9,26,25.253125,24.26875,26.01354166666667,0,294.3435386257929
28030,3,G12_68_H9,27,25.4,24.27916666666667,25.79895833333333,0,294.3435386257929
28031,3,G12_68_H9,28,26.09375,24.76458333333333,26.3375,0,294.3435386257929
28032,3,G12_68_H9,29,25.8,24.1,26.2,0,294.3435386257929
28033,3,G12_68_H9,30,26.12941176470588,25.125,26.433823529411764,0,294.3435386257929
28034,3,G12_68_H9,31,25.694791666666664,24.83125,26.13854166666667,0,294.3435386257929
28035,3,G12_68_H9,32,25.68958333333333,25.18541666666667,26.25520833333333,0,294.3435386257929
28036,3,G12_68_H9,33,25.72083333333333,25.23958333333333,26.191666666666663,0,294.3435386257929
28037,3,G12_68_H9,34,25.332291666666663,24.721875,25.59270833333333,0,294.3435386257929
28038,3,G13_68_H2,35,24.450000000000003,24.3,24.6,0,310.83349697124623
28039,3,G13_68_H5,-1,33.0,30.7,33.66428571428572,0,278.91010031665763
28040,3,G13_68_H5,0,33.87916666666667,33.112500000000004,34.63333333333333,0,278.91010031665763
28041,3,G13_68_H5,1,33.541666666666664,32.95,34.204166666666666,0,278.91010031665763
28042,3,G13_68_H5,2,33.15416666666667,32.32083333333333,33.829166666666666,0,278.91010031665763
28043,3,G13_68_H5,3,32.295833333333334,31.5,32.791666666666664,0,278.91010031665763
28044,3,G13_68_H5,4,31.887500000000003,31.383333333333336,32.458333333333336,0,278.91010031665763
28045,3,G13_68_H5,5,30.84166666666667,30.425,31.741666666666664,0,278.91010031665763
28046,3,G13_68_H5,6,30.2125,29.65,31.058333333333334,0,278.91010031665763
28047,3,G13_68_H5,7,29.7625,29.2125,30.479166666666668,0,278.91010031665763
28048,3,G13_68_H5,8,29.383333333333336,28.90833333333333,29.929166666666664,0,278.91010031665763
28049,3,G13_68_H5,9,28.97083333333333,28.558333333333334,29.441666666666663,0,278.91010031665763
28050,3,G13_68_H5,10,28.5625,28.175,29.0625,0,278.91010031665763
28051,3,G13_68_H5,11,28.209090909090907,27.766666666666666,28.645454545454545,0,278.91010031665763
28052,3,G13_68_H5,12,27.797916666666666,27.352083333333336,28.2125,0,278.91010031665763
28053,3,G13_68_H5,13,27.3375,26.96375,27.753750000000004,0,278.91010031665763
28054,3,G13_68_H5,14,27.075000000000003,26.72222222222222,27.45138888888889,0,278.91010031665763
28055,3,G13_68_H5,15,26.606944444444444,26.2375,27.043750000000003,0,278.91010031665763
28056,3,G13_68_H5,16,26.25277777777778,25.82986111111111,26.72083333333333,0,278.91010031665763
28057,3,G13_68_H5,17,25.84930555555556,25.475694444444443,26.272916666666667,0,278.91010031665763
28058,3,G13_68_H5,18,25.54236111111111,25.140972222222224,25.950694444444444,0,278.91010031665763
28059,3,G13_68_H5,19,25.103472222222223,24.70208333333333,25.58263888888889,0,278.91010031665763
28060,3,G13_68_H5,20,25.077777777777776,24.67708333333333,25.540972222222223,0,278.91010031665763
28061,3,G13_68_H5,21,25.230555555555554,24.86388888888889,25.603472222222223,0,278.91010031665763
28062,3,G13_68_H5,22,25.609722222222224,25.26875,25.928472222222226,0,278.91010031665763
28063,3,G13_68_H5,23,26.203472222222224,25.92083333333333,26.51458333333333,0,278.91010031665763
28064,3,G13_68_H5,24,26.561805555555555,26.31458333333333,26.808333333333334,0,278.91010031665763
28065,3,G13_68_H5,25,27.55,27.39583333333333,27.71527777777778,0,278.91010031665763
28066,3,G13_68_H5,26,26.26875,26.043750000000003,26.522222222222226,0,278.91010031665763
28067,3,G13_68_H5,27,24.808333333333334,24.359722222222224,25.279861111111117,0,278.91010031665763
28068,3,G13_68_H5,28,24.759722222222223,24.313888888888886,25.310416666666665,0,278.91010031665763
28069,3,G13_68_H5,29,24.773611111111112,24.36875,25.273611111111112,0,278.91010031665763
28070,3,G13_68_H5,30,24.976388888888888,24.547222222222224,25.42569444444445,0,278.91010031665763
28071,3,G13_68_H5,31,24.727777777777774,24.324305555555554,25.12777777777778,0,278.91010031665763
28072,3,G13_68_H5,32,25.035416666666663,24.668750000000003,25.38888888888889,0,278.91010031665763
28073,3,G13_68_H5,33,24.68958333333333,24.41111111111111,25.046527777777776,0,278.91010031665763
28074,3,G13_68_H5,34,24.98819444444445,24.760416666666668,25.23333333333333,0,278.91010031665763
28075,3,G13_68_H5,35,24.885416666666668,24.697222222222223,25.088194444444444,0,278.91010031665763
28076,3,G13_68_H9,15,26.37575757575757,26.05454545454545,26.645454545454545,0,340.5077276914842
28077,3,G13_68_H9,16,26.156944444444445,25.88958333333333,26.44097222222222,0,340.5077276914842
28078,3,G13_68_H9,17,25.92013888888889,25.663888888888888,26.211111111111112,0,340.5077276914842
28079,3,G13_68_H9,18,25.45208333333333,25.150694444444444,25.79513888888889,0,340.5077276914842
28080,3,G13_68_H9,19,25.320833333333333,25.01805555555556,25.650694444444444,0,340.5077276914842
28081,3,G13_68_H9,20,25.49513888888889,25.265972222222224,25.760416666666668,0,340.5077276914842
28082,3,G13_68_H9,21,25.853472222222223,25.648611111111112,26.075694444444444,0,340.5077276914842
28083,3,G13_68_H9,22,26.322222222222223,26.124305555555555,26.53611111111111,0,340.5077276914842
28084,3,G13_68_H9,23,27.00555555555556,26.844444444444445,27.172916666666666,0,340.5077276914842
28085,3,G13_68_H9,24,27.59652777777778,27.469444444444445,27.741666666666667,0,340.5077276914842
28086,3,G13_68_H9,25,26.41736111111111,26.23263888888889,26.61805555555556,0,340.5077276914842
28087,3,G13_68_H9,26,24.87986111111111,24.55555555555556,25.250694444444445,0,340.5077276914842
28088,3,G13_68_H9,27,24.523611111111112,24.172222222222224,24.91180555555556,0,340.5077276914842
28089,3,G13_68_H9,28,24.634722222222223,24.32638888888889,24.93402777777778,0,340.5077276914842
28090,3,G13_68_H9,29,24.790277777777774,24.51944444444445,25.063888888888886,0,340.5077276914842
28091,3,G13_68_H9,30,24.585416666666667,24.30138888888889,24.888194444444444,0,340.5077276914842
28092,3,G13_68_H9,31,25.119444444444444,24.84652777777778,25.37708333333333,0,340.5077276914842
28093,3,G13_68_H9,32,24.929861111111112,24.70694444444445,25.154166666666665,0,340.5077276914842
28094,3,G13_68_H9,33,25.553472222222226,25.373611111111117,25.73819444444445,0,340.5077276914842
28095,3,G13_68_H9,34,25.601388888888888,25.390972222222224,25.785416666666663,0,340.5077276914842
28096,3,G14_66_H1,-1,34.35,32.945454545454545,34.67727272727273,-1,243.65870718519787
28097,3,G14_66_H1,0,33.956250000000004,33.12916666666667,34.68125,-1,243.65870718519787
28098,3,G14_66_H1,1,33.927083333333336,32.93541666666667,34.83541666666667,-1,243.65870718519787
28099,3,G14_66_H1,2,33.322916666666664,32.43541666666667,34.19583333333333,-1,243.65870718519787
28100,3,G14_66_H1,3,32.78125,31.7875,33.610416666666666,-1,243.65870718519787
28101,3,G14_66_H1,4,31.741666666666664,30.729166666666668,32.708333333333336,-1,243.65870718519787
28102,3,G14_66_H1,5,31.135416666666668,30.183333333333334,32.10625,-1,243.65870718519787
28103,3,G14_66_H1,6,30.29583333333333,29.616666666666664,31.325,-1,243.65870718519787
28104,3,G14_66_H1,7,30.06875,29.320833333333336,30.71666666666667,-1,243.65870718519787
28105,3,G14_66_H1,8,29.60833333333333,28.99791666666667,30.37291666666667,-1,243.65870718519787
28106,3,G14_66_H1,9,29.24791666666667,28.635416666666668,30.03333333333333,-1,243.65870718519787
28107,3,G14_66_H1,10,28.87291666666667,28.125,29.722916666666663,-1,243.65870718519787
28108,3,G14_66_H1,11,28.64375,27.85625,29.370833333333334,-1,243.65870718519787
28109,3,G14_66_H1,12,28.383333333333336,27.50625,29.01875,-1,243.65870718519787
28110,3,G14_66_H1,13,27.725,27.285416666666663,28.347916666666663,-1,243.65870718519787
28111,3,G14_66_H1,14,27.016666666666666,26.45833333333333,27.71666666666667,-1,243.65870718519787
28112,3,G14_66_H1,15,26.8375,26.129166666666663,27.34166666666667,-1,243.65870718519787
28113,3,G14_66_H1,16,26.43125,25.85833333333333,26.93125,-1,243.65870718519787
28114,3,G14_66_H1,17,25.775,25.27083333333333,26.433333333333334,-1,243.65870718519787
28115,3,G14_66_H1,18,25.2875,24.9625,26.025,-1,243.65870718519787
28116,3,G14_66_H1,19,25.28333333333333,24.910416666666663,25.860416666666666,-1,243.65870718519787
28117,3,G14_66_H1,20,24.90625,24.24791666666667,25.370833333333334,-1,243.65870718519787
28118,3,G14_66_H1,21,25.29375,24.641666666666666,25.727083333333336,-1,243.65870718519787
28119,3,G14_66_H1,22,25.227083333333336,24.777083333333334,25.78085106382979,-1,243.65870718519787
28120,3,G14_66_H1,23,25.4625,25.15416666666667,26.102083333333336,-1,243.65870718519787
28121,3,G14_66_H1,24,25.916666666666668,25.6,26.429166666666664,-1,243.65870718519787
28122,3,G14_66_H1,25,26.504166666666663,26.08125,26.84375,-1,243.65870718519787
28123,3,G14_66_H1,26,27.152083333333334,26.89375,27.49791666666667,-1,243.65870718519787
28124,3,G14_66_H1,27,26.10833333333333,25.64583333333333,26.5125,-1,243.65870718519787
28125,3,G14_66_H1,28,25.035416666666663,24.410416666666663,25.7,-1,243.65870718519787
28126,3,G14_66_H1,29,24.7125,23.977083333333336,25.714583333333334,-1,243.65870718519787
28127,3,G14_66_H1,30,24.83333333333333,24.147916666666664,25.79375,-1,243.65870718519787
28128,3,G14_66_H1,31,24.866666666666664,24.08125,25.52916666666667,-1,243.65870718519787
28129,3,G14_66_H1,32,24.75,23.829166666666666,25.258333333333336,-1,243.65870718519787
28130,3,G14_66_H1,33,24.525,23.820833333333336,25.085416666666664,-1,243.65870718519787
28131,3,G14_66_H1,34,23.991666666666664,23.50208333333333,24.695833333333336,-1,243.65870718519787
28132,3,G14_66_H2,-1,35.06818181818182,33.71363636363637,35.42272727272727,-1,175.2610421548629
28133,3,G14_66_H2,0,34.12083333333333,33.10208333333333,35.010416666666664,-1,175.2610421548629
28134,3,G14_66_H2,1,33.91875,32.86666666666667,34.893750000000004,-1,175.2610421548629
28135,3,G14_66_H2,2,33.33541666666667,32.25208333333333,34.389583333333334,-1,175.2610421548629
28136,3,G14_66_H2,3,32.725,31.691666666666663,33.725,-1,175.2610421548629
28137,3,G14_66_H2,4,31.508333333333336,30.66875,32.65,-1,175.2610421548629
28138,3,G14_66_H2,5,30.98125,30.20208333333333,31.85625,-1,175.2610421548629
28139,3,G14_66_H2,6,30.58333333333333,29.785416666666663,31.40416666666667,-1,175.2610421548629
28140,3,G14_66_H2,7,30.260416666666668,29.4375,31.08125,-1,175.2610421548629
28141,3,G14_66_H2,8,29.635416666666668,29.09166666666667,30.57708333333333,-1,175.2610421548629
28142,3,G14_66_H2,9,29.554166666666664,28.77916666666667,30.35625,-1,175.2610421548629
28143,3,G14_66_H2,10,29.47083333333333,28.04375,30.277083333333334,-1,175.2610421548629
28144,3,G14_66_H2,11,28.4375,27.929166666666664,29.70625,-1,175.2610421548629
28145,3,G14_66_H2,12,27.91875,27.51458333333333,29.23125,-1,175.2610421548629
28146,3,G14_66_H2,13,27.691666666666663,27.166666666666668,28.35625,-1,175.2610421548629
28147,3,G14_66_H2,14,27.10625,26.55,27.8875,-1,175.2610421548629
28148,3,G14_66_H2,15,26.714583333333334,26.116666666666664,27.45833333333333,-1,175.2610421548629
28149,3,G14_66_H2,16,26.585416666666664,25.89375,27.11458333333333,-1,175.2610421548629
28150,3,G14_66_H2,17,26.272916666666664,25.516666666666666,26.766666666666666,-1,175.2610421548629
28151,3,G14_66_H2,18,25.816666666666663,25.225,26.39583333333333,-1,175.2610421548629
28152,3,G14_66_H2,19,25.50625,25.06458333333333,26.125,-1,175.2610421548629
28153,3,G14_66_H2,20,24.84166666666667,24.4625,25.65625,-1,175.2610421548629
28154,3,G14_66_H2,21,25.11458333333333,24.791666666666668,25.89583333333333,-1,175.2610421548629
28155,3,G14_66_H2,22,25.29375,24.81875,25.86458333333333,-1,175.2610421548629
28156,3,G14_66_H2,23,26.016666666666666,25.4125,26.3375,-1,175.2610421548629
28157,3,G14_66_H2,24,26.245833333333334,25.7625,26.572916666666668,-1,175.2610421548629
28158,3,G14_66_H2,25,26.5375,26.2125,26.93958333333333,-1,175.2610421548629
28159,3,G14_66_H2,26,27.30208333333333,27.025,27.72083333333333,-1,175.2610421548629
28160,3,G14_66_H2,27,26.227083333333336,25.735416666666666,26.710416666666664,-1,175.2610421548629
28161,3,G14_66_H2,28,25.70208333333333,24.808333333333334,26.3625,-1,175.2610421548629
28162,3,G14_66_H2,29,25.50625,24.625,26.1625,-1,175.2610421548629
28163,3,G14_66_H2,30,25.183333333333334,24.68541666666667,25.80208333333333,-1,175.2610421548629
28164,3,G14_66_H2,31,24.81458333333333,24.29375,25.508333333333336,-1,175.2610421548629
28165,3,G14_66_H2,32,24.508333333333336,23.96666666666667,25.30208333333333,-1,175.2610421548629
28166,3,G14_66_H2,33,24.4375,23.641666666666666,25.13125,-1,175.2610421548629
28167,3,G14_66_H3,-1,34.917857142857144,33.61071428571429,35.28928571428572,-1,259.61874471957395
28168,3,G14_66_H3,0,34.71875,33.87083333333333,35.4936170212766,-1,259.61874471957395
28169,3,G14_66_H3,1,34.114583333333336,33.21458333333333,35.25416666666667,-1,259.61874471957395
28170,3,G14_66_H3,2,33.764583333333334,32.65208333333333,34.625,-1,259.61874471957395
28171,3,G14_66_H3,3,32.72708333333333,31.433333333333334,33.874468085106386,-1,259.61874471957395
28172,3,G14_66_H3,4,32.516666666666666,31.15833333333333,33.30416666666667,-1,259.61874471957395
28173,3,G14_66_H3,5,31.791666666666668,30.73125,32.625,-1,259.61874471957395
28174,3,G14_66_H3,6,30.9625,30.04583333333333,32.12708333333333,-1,259.61874471957395
28175,3,G14_66_H3,7,30.72083333333333,29.59166666666667,31.48958333333333,-1,259.61874471957395
28176,3,G14_66_H3,8,30.479166666666668,29.35625,31.13958333333333,-1,259.61874471957395
28177,3,G14_66_H3,9,29.70208333333333,28.7625,30.74375,-1,259.61874471957395
28178,3,G14_66_H3,10,29.77083333333333,28.27916666666667,30.325,-1,259.61874471957395
28179,3,G14_66_H3,11,28.73958333333333,28.00208333333333,29.625531914893617,-1,259.61874471957395
28180,3,G14_66_H3,12,28.289583333333336,27.447916666666668,29.07708333333333,-1,259.61874471957395
28181,3,G14_66_H3,13,27.86458333333333,26.933333333333334,28.695833333333336,-1,259.61874471957395
28182,3,G14_66_H3,14,27.397916666666664,26.508333333333336,28.185106382978724,-1,259.61874471957395
28183,3,G14_66_H3,15,26.95208333333333,26.147916666666664,27.758333333333336,-1,259.61874471957395
28184,3,G14_66_H3,16,26.51875,25.820833333333336,27.40833333333333,-1,259.61874471957395
28185,3,G14_66_H3,17,26.09375,25.54583333333333,27.010416666666668,-1,259.61874471957395
28186,3,G14_66_H3,18,25.86875,25.30208333333333,26.49791666666667,-1,259.61874471957395
28187,3,G14_66_H3,19,25.495833333333334,24.722916666666663,26.10625,-1,259.61874471957395
28188,3,G14_66_H3,20,25.597916666666663,24.979166666666668,26.26875,-1,259.61874471957395
28189,3,G14_66_H3,21,25.48125,25.0375,26.19148936170213,-1,259.61874471957395
28190,3,G14_66_H3,22,25.84583333333333,25.43125,26.575,-1,259.61874471957395
28191,3,G14_66_H3,23,26.26875,25.7875,26.885416666666668,-1,259.61874471957395
28192,3,G14_66_H3,24,26.71666666666667,26.21666666666667,27.035416666666663,-1,259.61874471957395
28193,3,G14_66_H3,25,27.2125,26.88125,27.52083333333333,-1,259.61874471957395
28194,3,G14_66_H3,26,26.25,25.78125,26.73958333333333,-1,259.61874471957395
28195,3,G14_66_H3,27,25.61458333333333,24.854166666666668,26.23958333333333,-1,259.61874471957395
28196,3,G14_66_H3,28,25.485416666666666,24.647916666666664,26.16875,-1,259.61874471957395
28197,3,G14_66_H3,29,25.28333333333333,24.62708333333333,26.097916666666663,-1,259.61874471957395
28198,3,G14_66_H3,30,25.022916666666664,24.425,25.7875,-1,259.61874471957395
28199,3,G14_66_H3,31,24.83333333333333,24.19375,25.566666666666663,-1,259.61874471957395
28200,3,G14_66_H3,32,24.77083333333333,23.97083333333333,25.30208333333333,-1,259.61874471957395
28201,3,G14_66_H3,33,24.67708333333333,23.85833333333333,25.241666666666664,-1,259.61874471957395
28202,3,G14_66_H4,1,34.61489361702128,33.9936170212766,35.297872340425535,-1,259.29230407791533
28203,3,G14_66_H4,2,34.018750000000004,33.09791666666667,34.9,-1,259.29230407791533
28204,3,G14_66_H4,3,33.34791666666667,32.43125,34.416666666666664,-1,259.29230407791533
28205,3,G14_66_H4,4,32.583333333333336,31.36458333333333,33.577083333333334,-1,259.29230407791533
28206,3,G14_66_H4,5,31.89583333333333,31.00208333333333,32.77708333333333,-1,259.29230407791533
28207,3,G14_66_H4,6,31.289583333333336,30.45833333333333,31.925,-1,259.29230407791533
28208,3,G14_66_H4,7,30.76458333333333,29.86458333333333,31.63125,-1,259.29230407791533
28209,3,G14_66_H4,8,30.266666666666666,29.50208333333333,31.07708333333333,-1,259.29230407791533
28210,3,G14_66_H4,9,29.839583333333334,29.18541666666667,30.6375,-1,259.29230407791533
28211,3,G14_66_H4,10,29.5375,28.572916666666668,30.32708333333333,-1,259.29230407791533
28212,3,G14_66_H4,11,28.99791666666667,28.23958333333333,29.6625,-1,259.29230407791533
28213,3,G14_66_H4,12,28.51875,27.88958333333333,29.15,-1,259.29230407791533
28214,3,G14_66_H4,13,27.822916666666668,27.39583333333333,28.375,-1,259.29230407791533
28215,3,G14_66_H4,14,27.30625,26.79583333333333,27.95208333333333,-1,259.29230407791533
28216,3,G14_66_H4,15,27.085416666666664,26.477083333333336,27.50625,-1,259.29230407791533
28217,3,G14_66_H4,16,26.610416666666666,26.135416666666668,27.08333333333333,-1,259.29230407791533
28218,3,G14_66_H4,17,26.11458333333333,25.714583333333334,26.6875,-1,259.29230407791533
28219,3,G14_66_H4,18,25.825,25.541666666666668,26.416666666666668,-1,259.29230407791533
28220,3,G14_66_H4,19,25.604166666666668,25.3,26.10625,-1,259.29230407791533
28221,3,G14_66_H4,20,25.10625,24.597916666666663,25.61875,-1,259.29230407791533
28222,3,G14_66_H4,21,25.60625,25.06458333333333,25.979166666666668,-1,259.29230407791533
28223,3,G14_66_H4,22,25.70208333333333,25.2375,26.0125,-1,259.29230407791533
28224,3,G14_66_H4,23,26.11458333333333,25.79583333333333,26.55,-1,259.29230407791533
28225,3,G14_66_H4,24,26.135416666666668,25.85625,26.535416666666663,-1,259.29230407791533
28226,3,G14_66_H4,25,26.7625,26.479166666666668,27.10833333333333,-1,259.29230407791533
28227,3,G14_66_H4,26,27.714583333333334,27.37708333333333,28.008333333333336,-1,259.29230407791533
28228,3,G14_66_H4,27,26.504166666666663,26.04583333333333,26.83125,-1,259.29230407791533
28229,3,G14_66_H4,28,25.13958333333333,24.527083333333334,25.547916666666666,-1,259.29230407791533
28230,3,G14_66_H4,29,24.902083333333334,24.44375,25.589583333333334,-1,259.29230407791533
28231,3,G14_66_H4,30,25.05,24.652083333333334,25.75,-1,259.29230407791533
28232,3,G14_66_H4,31,24.86875,24.51458333333333,25.491666666666664,-1,259.29230407791533
28233,3,G14_66_H4,32,24.652083333333334,24.13125,25.058333333333334,-1,259.29230407791533
28234,3,G14_66_H4,33,24.62708333333333,24.0375,25.058333333333334,-1,259.29230407791533
28235,3,G14_66_H4,34,24.445833333333336,23.92083333333333,24.785416666666663,-1,259.29230407791533
28236,3,G14_66_H5,-1,33.94761904761905,32.44761904761905,34.55714285714286,-1,257.0216129973733
28237,3,G14_66_H5,0,34.425000000000004,33.643750000000004,35.15625,-1,257.0216129973733
28238,3,G14_66_H5,1,34.670833333333334,33.81875,35.47708333333333,-1,257.0216129973733
28239,3,G14_66_H5,2,34.141666666666666,33.202083333333334,35.1625,-1,257.0216129973733
28240,3,G14_66_H5,3,33.35625,32.391666666666666,34.295833333333334,-1,257.0216129973733
28241,3,G14_66_H5,4,32.3375,31.416666666666668,33.43333333333333,-1,257.0216129973733
28242,3,G14_66_H5,5,31.8125,30.86458333333333,32.80416666666667,-1,257.0216129973733
28243,3,G14_66_H5,6,31.11875,30.34375,31.977083333333336,-1,257.0216129973733
28244,3,G14_66_H5,7,30.7125,30.070833333333336,31.52916666666667,-1,257.0216129973733
28245,3,G14_66_H5,8,30.28125,29.7125,31.197916666666668,-1,257.0216129973733
28246,3,G14_66_H5,9,30.15416666666667,29.37708333333333,30.88125,-1,257.0216129973733
28247,3,G14_66_H5,10,29.48125,28.66875,30.683333333333334,-1,257.0216129973733
28248,3,G14_66_H5,11,29.272916666666664,28.3625,30.0875,-1,257.0216129973733
28249,3,G14_66_H5,12,28.620833333333334,28.0,29.48958333333333,-1,257.0216129973733
28250,3,G14_66_H5,13,28.054166666666664,27.50625,28.741666666666664,-1,257.0216129973733
28251,3,G14_66_H5,14,27.48958333333333,26.98125,28.191666666666663,-1,257.0216129973733
28252,3,G14_66_H5,15,27.104166666666668,26.68541666666667,27.81041666666667,-1,257.0216129973733
28253,3,G14_66_H5,16,26.883333333333336,26.24791666666667,27.56041666666667,-1,257.0216129973733
28254,3,G14_66_H5,17,26.5625,25.87708333333333,27.110416666666666,-1,257.0216129973733
28255,3,G14_66_H5,18,26.129166666666663,25.616666666666664,26.74791666666667,-1,257.0216129973733
28256,3,G14_66_H5,19,25.89583333333333,25.31041666666667,26.504166666666663,-1,257.0216129973733
28257,3,G14_66_H5,20,25.28125,24.65416666666667,25.985416666666666,-1,257.0216129973733
28258,3,G14_66_H5,21,25.40625,24.870833333333334,26.16875,-1,257.0216129973733
28259,3,G14_66_H5,22,25.460416666666664,25.03333333333333,26.047916666666666,-1,257.0216129973733
28260,3,G14_66_H5,23,26.17708333333333,25.61458333333333,26.602083333333336,-1,257.0216129973733
28261,3,G14_66_H5,24,26.491666666666664,25.910416666666663,26.822916666666668,-1,257.0216129973733
28262,3,G14_66_H5,25,26.735416666666666,26.422916666666666,27.09375,-1,257.0216129973733
28263,3,G14_66_H5,26,27.54375,27.308333333333334,27.89375,-1,257.0216129973733
28264,3,G14_66_H5,27,26.535416666666663,26.14583333333333,27.054166666666664,-1,257.0216129973733
28265,3,G14_66_H5,28,25.70208333333333,25.135416666666668,26.3,-1,257.0216129973733
28266,3,G14_66_H5,29,25.508333333333336,24.93541666666667,25.972916666666663,-1,257.0216129973733
28267,3,G14_66_H5,30,25.45,24.83333333333333,25.84375,-1,257.0216129973733
28268,3,G14_66_H5,31,25.116666666666664,24.633333333333336,25.58333333333333,-1,257.0216129973733
28269,3,G14_66_H5,32,24.7625,24.45625,25.375,-1,257.0216129973733
28270,3,G14_66_H5,33,24.72083333333333,24.39583333333333,25.23125,-1,257.0216129973733
28271,3,G14_66_H5,34,24.62291666666667,24.23125,25.0,-1,257.0216129973733
28272,3,G14_66_H6,-1,34.5304347826087,33.01304347826088,34.869565217391305,-1,250.1576663027072
28273,3,G14_66_H6,0,34.34583333333334,33.44375,35.125,-1,250.1576663027072
28274,3,G14_66_H6,1,34.62708333333334,33.81458333333333,35.39791666666667,-1,250.1576663027072
28275,3,G14_66_H6,2,33.94166666666667,33.02708333333333,34.74791666666667,-1,250.1576663027072
28276,3,G14_66_H6,3,33.44583333333333,32.395833333333336,34.27291666666667,-1,250.1576663027072
28277,3,G14_66_H6,4,32.74791666666667,31.79375,33.516666666666666,-1,250.1576663027072
28278,3,G14_66_H6,5,32.045833333333334,31.195833333333336,32.87708333333333,-1,250.1576663027072
28279,3,G14_66_H6,6,31.360416666666666,30.485416666666666,32.197916666666664,-1,250.1576663027072
28280,3,G14_66_H6,7,30.785416666666663,29.954166666666666,31.62708333333333,-1,250.1576663027072
28281,3,G14_66_H6,8,30.17083333333333,29.4875,30.891666666666666,-1,250.1576663027072
28282,3,G14_66_H6,9,29.65833333333333,29.05,30.410416666666663,-1,250.1576663027072
28283,3,G14_66_H6,10,29.33333333333333,28.575,30.23125,-1,250.1576663027072
28284,3,G14_66_H6,11,28.63125,28.172916666666666,29.83125,-1,250.1576663027072
28285,3,G14_66_H6,12,28.52916666666667,27.960416666666664,29.35625,-1,250.1576663027072
28286,3,G14_66_H6,13,27.979166666666668,27.491666666666664,28.39583333333333,-1,250.1576663027072
28287,3,G14_66_H6,14,27.460416666666664,26.83333333333333,28.00625,-1,250.1576663027072
28288,3,G14_66_H6,15,26.95833333333333,26.43541666666667,27.62708333333333,-1,250.1576663027072
28289,3,G14_66_H6,16,26.51458333333333,26.125,27.13125,-1,250.1576663027072
28290,3,G14_66_H6,17,26.29375,25.77083333333333,26.89583333333333,-1,250.1576663027072
28291,3,G14_66_H6,18,26.1375,25.65416666666667,26.620833333333334,-1,250.1576663027072
28292,3,G14_66_H6,19,26.10625,25.61458333333333,26.4875,-1,250.1576663027072
28293,3,G14_66_H6,20,25.204166666666666,24.76458333333333,25.760416666666668,-1,250.1576663027072
28294,3,G14_66_H6,21,25.602083333333336,25.172916666666666,26.2125,-1,250.1576663027072
28295,3,G14_66_H6,22,25.7625,25.391666666666666,26.25957446808511,-1,250.1576663027072
28296,3,G14_66_H6,23,26.422916666666666,25.92708333333333,26.73125,-1,250.1576663027072
28297,3,G14_66_H6,24,26.54375,26.1125,26.797916666666666,-1,250.1576663027072
28298,3,G14_66_H6,25,26.87291666666667,26.55625,27.19375,-1,250.1576663027072
28299,3,G14_66_H6,26,27.70833333333333,27.379166666666663,28.066666666666663,-1,250.1576663027072
28300,3,G14_66_H6,27,26.70625,26.26875,27.02083333333333,-1,250.1576663027072
28301,3,G14_66_H6,28,25.789583333333336,25.20208333333333,26.275,-1,250.1576663027072
28302,3,G14_66_H6,29,25.55625,24.985416666666666,26.15416666666667,-1,250.1576663027072
28303,3,G14_66_H6,30,25.23333333333333,24.83125,25.914583333333336,-1,250.1576663027072
28304,3,G14_66_H6,31,25.21666666666667,24.72083333333333,25.745833333333334,-1,250.1576663027072
28305,3,G14_66_H6,32,24.941666666666663,24.39375,25.464583333333334,-1,250.1576663027072
28306,3,G14_66_H6,33,25.1375,24.58333333333333,25.525,-1,250.1576663027072
28307,3,G14_66_H6,34,24.735416666666666,24.33125,25.172916666666666,-1,250.1576663027072
28308,3,G14_66_H7,-1,34.62500000000001,33.12916666666667,34.9625,0,274.18912119845504
28309,3,G14_66_H7,0,34.50833333333333,33.829166666666666,35.03125,0,274.18912119845504
28310,3,G14_66_H7,1,35.081250000000004,34.541666666666664,35.5,0,274.18912119845504
28311,3,G14_66_H7,2,34.75,34.09791666666667,35.4375,0,274.18912119845504
28312,3,G14_66_H7,3,34.24166666666667,33.5875,34.90416666666667,0,274.18912119845504
28313,3,G14_66_H7,4,33.329166666666666,32.57083333333333,34.083333333333336,0,274.18912119845504
28314,3,G14_66_H7,5,32.80625,32.25833333333333,33.489583333333336,0,274.18912119845504
28315,3,G14_66_H7,6,32.21666666666667,31.58125,32.895833333333336,0,274.18912119845504
28316,3,G14_66_H7,7,31.710416666666664,31.14375,32.35,0,274.18912119845504
28317,3,G14_66_H7,8,31.2625,30.58333333333333,31.86458333333333,0,274.18912119845504
28318,3,G14_66_H7,9,30.71875,29.975,31.347916666666663,0,274.18912119845504
28319,3,G14_66_H7,10,30.38958333333333,29.547916666666666,31.070833333333336,0,274.18912119845504
28320,3,G14_66_H7,11,29.98958333333333,29.26458333333333,30.62708333333333,0,274.18912119845504
28321,3,G14_66_H7,12,29.472916666666663,28.835416666666664,29.92708333333333,0,274.18912119845504
28322,3,G14_66_H7,13,28.754166666666663,28.22083333333333,29.29583333333333,0,274.18912119845504
28323,3,G14_66_H7,14,28.34375,27.73125,29.047916666666666,0,274.18912119845504
28324,3,G14_66_H7,15,28.041666666666668,27.375,28.48333333333333,0,274.18912119845504
28325,3,G14_66_H7,16,27.53333333333333,27.04375,28.0625,0,274.18912119845504
28326,3,G14_66_H7,17,27.0375,26.65,27.57708333333333,0,274.18912119845504
28327,3,G14_66_H7,18,26.61875,26.339583333333334,27.175,0,274.18912119845504
28328,3,G14_66_H7,19,26.37291666666667,26.1,26.86458333333333,0,274.18912119845504
28329,3,G14_66_H7,20,25.883333333333336,25.422916666666666,26.329166666666666,0,274.18912119845504
28330,3,G14_66_H7,21,26.31458333333333,25.6625,26.691666666666663,0,274.18912119845504
28331,3,G14_66_H7,22,26.227083333333336,25.8125,26.633333333333336,0,274.18912119845504
28332,3,G14_66_H7,23,26.56875,26.23125,27.04375,0,274.18912119845504
28333,3,G14_66_H7,24,26.51458333333333,26.21666666666667,27.00208333333333,0,274.18912119845504
28334,3,G14_66_H7,25,26.916666666666668,26.59166666666667,27.272916666666664,0,274.18912119845504
28335,3,G14_66_H7,26,27.825,27.495833333333334,28.18125,0,274.18912119845504
28336,3,G14_66_H7,27,26.633333333333336,26.15416666666667,27.047916666666666,0,274.18912119845504
28337,3,G14_66_H7,28,25.789583333333336,25.039583333333336,26.28125,0,274.18912119845504
28338,3,G14_66_H7,29,25.56875,24.8875,26.360416666666666,0,274.18912119845504
28339,3,G14_66_H7,30,25.57708333333333,25.0375,26.45625,0,274.18912119845504
28340,3,G14_66_H7,31,25.360416666666666,24.93541666666667,26.12708333333333,0,274.18912119845504
28341,3,G14_66_H7,32,25.227083333333336,24.704166666666666,25.735416666666666,0,274.18912119845504
28342,3,G14_66_H7,33,25.160416666666663,24.525,25.55,0,274.18912119845504
28343,3,G14_66_H7,34,24.96875,24.43958333333333,25.31875,0,274.18912119845504
28344,3,G14_66_H8,-1,34.64117647058824,32.84117647058824,34.97058823529412,-1,152.83373492169025
28345,3,G14_66_H8,0,34.74583333333333,33.91875,35.447916666666664,-1,152.83373492169025
28346,3,G14_66_H8,1,34.37083333333333,33.41041666666667,35.28333333333333,-1,152.83373492169025
28347,3,G14_66_H8,2,33.61666666666667,32.43541666666667,34.33541666666667,-1,152.83373492169025
28348,3,G14_66_H8,3,32.86666666666667,31.777083333333334,33.53333333333333,-1,152.83373492169025
28349,3,G14_66_H8,4,32.041666666666664,31.04583333333333,32.764583333333334,-1,152.83373492169025
28350,3,G14_66_H8,5,31.20625,30.104166666666668,32.072916666666664,-1,152.83373492169025
28351,3,G14_66_H8,6,30.575,29.80625,31.697916666666668,-1,152.83373492169025
28352,3,G14_66_H8,7,30.59583333333333,29.54583333333333,31.1375,-1,152.83373492169025
28353,3,G14_66_H8,8,30.15,29.227083333333336,30.67083333333333,-1,152.83373492169025
28354,3,G14_66_H8,9,29.55208333333333,28.766666666666666,30.097916666666663,-1,152.83373492169025
28355,3,G14_66_H8,10,29.1375,28.33333333333333,29.84166666666667,-1,152.83373492169025
28356,3,G14_66_H8,11,28.695833333333336,27.87708333333333,29.17708333333333,-1,152.83373492169025
28357,3,G14_66_H8,12,28.3875,27.53125,28.722916666666663,-1,152.83373492169025
28358,3,G14_66_H8,13,27.86458333333333,27.2625,28.516666666666666,-1,152.83373492169025
28359,3,G14_66_H8,14,27.2,26.5125,27.960416666666664,-1,152.83373492169025
28360,3,G14_66_H8,15,26.839583333333334,25.977083333333336,27.61458333333333,-1,152.83373492169025
28361,3,G14_66_H8,16,26.30625,25.51875,27.09166666666667,-1,152.83373492169025
28362,3,G14_66_H8,17,25.914583333333336,25.227083333333336,26.62291666666667,-1,152.83373492169025
28363,3,G14_66_H8,18,25.304166666666664,24.81875,26.152083333333334,-1,152.83373492169025
28364,3,G14_66_H8,19,25.06875,24.504166666666663,25.76875,-1,152.83373492169025
28365,3,G14_66_H8,20,25.022916666666664,24.35833333333333,25.4625,-1,152.83373492169025
28366,3,G14_66_H8,21,24.4875,23.741666666666664,25.05208333333333,-1,152.83373492169025
28367,3,G14_66_H8,22,24.72083333333333,24.172916666666666,25.5,-1,152.83373492169025
28368,3,G14_66_H8,23,24.945833333333336,24.558333333333334,25.64375,-1,152.83373492169025
28369,3,G14_66_H8,24,25.847916666666663,25.41875,26.43541666666667,-1,152.83373492169025
28370,3,G14_66_H8,25,26.11458333333333,25.604166666666668,26.495833333333334,-1,152.83373492169025
28371,3,G14_66_H8,26,26.46666666666667,25.947916666666668,26.82708333333333,-1,152.83373492169025
28372,3,G14_66_H8,27,27.110416666666666,26.822916666666668,27.46875,-1,152.83373492169025
28373,3,G14_66_H8,28,26.45357142857143,26.057142857142857,26.814285714285717,-1,152.83373492169025
28374,3,G14_66_H8,29,25.5,24.741666666666664,26.277083333333334,-1,152.83373492169025
28375,3,G14_66_H8,30,25.21666666666667,24.56458333333333,26.02916666666667,-1,152.83373492169025
28376,3,G14_66_H8,31,25.1125,24.445833333333336,25.8625,-1,152.83373492169025
28377,3,G14_66_H8,32,25.0,24.22083333333333,25.68125,-1,152.83373492169025
28378,3,G14_66_H8,33,24.6875,23.822916666666668,25.447916666666668,-1,152.83373492169025
28379,3,G14_66_H8,34,24.30625,23.620833333333334,25.135416666666668,-1,152.83373492169025
28380,3,G14_66_H9,-1,34.31764705882353,32.38235294117647,34.66470588235294,0,319.0764013564731
28381,3,G14_66_H9,0,34.50833333333333,33.60208333333333,35.253191489361704,0,319.0764013564731
28382,3,G14_66_H9,1,34.362500000000004,33.40833333333333,35.208333333333336,0,319.0764013564731
28383,3,G14_66_H9,2,33.43958333333333,32.56666666666667,34.291666666666664,0,319.0764013564731
28384,3,G14_66_H9,3,32.63333333333333,31.852083333333336,33.5375,0,319.0764013564731
28385,3,G14_66_H9,4,31.922916666666666,31.089583333333334,32.77291666666667,0,319.0764013564731
28386,3,G14_66_H9,5,30.98125,30.1375,32.016666666666666,0,319.0764013564731
28387,3,G14_66_H9,6,30.56041666666667,29.78333333333333,31.6625,0,319.0764013564731
28388,3,G14_66_H9,7,30.391666666666666,29.53125,31.054166666666664,0,319.0764013564731
28389,3,G14_66_H9,8,30.085416666666664,29.2,30.604166666666668,0,319.0764013564731
28390,3,G14_66_H9,9,29.34583333333333,28.722916666666663,30.26875,0,319.0764013564731
28391,3,G14_66_H9,10,28.99791666666667,28.4375,29.78333333333333,0,319.0764013564731
28392,3,G14_66_H9,11,28.59583333333333,27.84166666666667,29.266666666666666,0,319.0764013564731
28393,3,G14_66_H9,12,28.2,27.43125,28.85833333333333,0,319.0764013564731
28394,3,G14_66_H9,13,27.90625,27.24375,28.675,0,319.0764013564731
28395,3,G14_66_H9,14,27.26458333333333,26.68958333333333,27.90625,0,319.0764013564731
28396,3,G14_66_H9,15,26.93125,26.104166666666668,27.45208333333333,0,319.0764013564731
28397,3,G14_66_H9,16,26.43958333333333,25.68958333333333,26.99791666666667,0,319.0764013564731
28398,3,G14_66_H9,17,25.89583333333333,25.402083333333334,26.554166666666664,0,319.0764013564731
28399,3,G14_66_H9,18,25.322916666666668,24.92083333333333,26.14583333333333,0,319.0764013564731
28400,3,G14_66_H9,19,25.04583333333333,24.59583333333333,25.760416666666668,0,319.0764013564731
28401,3,G14_66_H9,20,24.804166666666664,24.56875,25.49375,0,319.0764013564731
28402,3,G14_66_H9,21,24.433333333333334,23.852083333333336,25.05,0,319.0764013564731
28403,3,G14_66_H9,22,25.06041666666667,24.31875,25.433333333333334,0,319.0764013564731
28404,3,G14_66_H9,23,25.4,24.7875,25.71914893617021,0,319.0764013564731
28405,3,G14_66_H9,24,26.11458333333333,25.679166666666664,26.57708333333333,0,319.0764013564731
28406,3,G14_66_H9,25,26.104166666666668,25.84375,26.629166666666663,0,319.0764013564731
28407,3,G14_66_H9,26,26.522916666666664,26.24375,26.995833333333334,0,319.0764013564731
28408,3,G14_66_H9,27,27.383333333333336,27.10625,27.766666666666666,0,319.0764013564731
28409,3,G14_66_H9,28,26.10625,25.65833333333333,26.5625,0,319.0764013564731
28410,3,G14_66_H9,29,24.741666666666664,24.297916666666666,25.48333333333333,0,319.0764013564731
28411,3,G14_66_H9,30,24.539583333333336,23.954166666666666,25.45208333333333,0,319.0764013564731
28412,3,G14_66_H9,31,24.479166666666668,23.870833333333334,25.075,0,319.0764013564731
28413,3,G14_66_H9,32,24.45833333333333,23.7125,24.95625,0,319.0764013564731
28414,3,G14_66_H9,33,24.120833333333334,23.48958333333333,24.68541666666667,0,319.0764013564731
28415,3,G14_66_H9,34,24.160416666666663,23.666666666666668,24.725,0,319.0764013564731
28416,3,G14_66_H9,35,24.016666666666666,23.725,24.610416666666666,0,319.0764013564731
28417,3,G15_65_H1,25,24.13529411764706,23.811764705882357,25.688235294117646,-1,190.9828575085961
28418,3,G15_65_H1,26,23.866666666666664,23.475,25.67083333333333,-1,190.9828575085961
28419,3,G15_65_H1,27,24.54583333333333,23.9875,26.133333333333336,-1,190.9828575085961
28420,3,G15_65_H1,28,25.28333333333333,24.870833333333334,26.75,-1,190.9828575085961
28421,3,G15_65_H1,29,26.08333333333333,25.72083333333333,27.329166666666666,-1,190.9828575085961
28422,3,G15_65_H1,30,26.27916666666667,25.891666666666666,27.40833333333333,-1,190.9828575085961
28423,3,G15_65_H1,31,26.325,25.8375,27.3875,-1,190.9828575085961
28424,3,G15_65_H1,32,26.5,26.17083333333333,27.42083333333333,-1,190.9828575085961
28425,3,G15_65_H1,33,24.97083333333333,24.495833333333334,26.34583333333333,-1,190.9828575085961
28426,3,G15_65_H1,34,23.9875,23.125,25.541666666666668,-1,190.9828575085961
28427,3,G15_65_H10,24,24.416666666666668,24.075,25.725,0,355.8298113036789
28428,3,G15_65_H10,25,24.025,23.64583333333333,25.675,0,355.8298113036789
28429,3,G15_65_H10,26,24.491666666666664,24.0,26.33333333333333,0,355.8298113036789
28430,3,G15_65_H10,27,24.991666666666664,24.641666666666666,26.475,0,355.8298113036789
28431,3,G15_65_H10,28,25.741666666666664,25.275,27.09166666666667,0,355.8298113036789
28432,3,G15_65_H10,29,25.804166666666664,25.4375,27.15416666666667,0,355.8298113036789
28433,3,G15_65_H10,30,25.933333333333334,25.475,27.041666666666668,0,355.8298113036789
28434,3,G15_65_H10,31,26.8375,26.416666666666668,27.679166666666664,0,355.8298113036789
28435,3,G15_65_H10,32,25.5,24.65833333333333,26.3,0,355.8298113036789
28436,3,G15_65_H10,33,23.67083333333333,22.5,24.641666666666666,0,355.8298113036789
28437,3,G15_65_H10,34,22.90416666666667,22.416666666666668,24.5875,0,355.8298113036789
28438,3,G15_65_H11,24,25.475,23.991666666666664,26.175,0,301.9935063106836
28439,3,G15_65_H11,25,25.15833333333333,23.758333333333336,25.979166666666668,0,301.9935063106836
28440,3,G15_65_H11,26,25.625,24.116666666666664,26.291666666666668,0,301.9935063106836
28441,3,G15_65_H11,27,26.02916666666667,24.991666666666664,26.9125,0,301.9935063106836
28442,3,G15_65_H11,28,26.433333333333334,25.34166666666667,27.179166666666664,0,301.9935063106836
28443,3,G15_65_H11,29,26.479166666666668,25.508333333333336,27.183333333333334,0,301.9935063106836
28444,3,G15_65_H11,30,26.5125,25.445833333333336,27.116666666666664,0,301.9935063106836
28445,3,G15_65_H11,31,27.058333333333334,26.245833333333334,27.679166666666664,0,301.9935063106836
28446,3,G15_65_H11,32,25.491666666666664,24.75,26.4,0,301.9935063106836
28447,3,G15_65_H11,33,23.933333333333334,22.73333333333333,24.975,0,301.9935063106836
28448,3,G15_65_H11,34,23.35833333333333,22.77083333333333,24.85,0,301.9935063106836
28449,3,G15_65_H12,24,25.525,24.2,26.058333333333334,0,319.79214356065893
28450,3,G15_65_H12,25,25.0625,23.875,25.89583333333333,0,319.79214356065893
28451,3,G15_65_H12,26,25.766666666666666,24.21666666666667,26.416666666666668,0,319.79214356065893
28452,3,G15_65_H12,27,25.9875,24.879166666666663,26.7875,0,319.79214356065893
28453,3,G15_65_H12,28,26.304166666666664,25.308333333333334,27.0625,0,319.79214356065893
28454,3,G15_65_H12,29,26.2125,25.34583333333333,26.97083333333333,0,319.79214356065893
28455,3,G15_65_H12,30,26.558333333333334,25.616666666666664,27.120833333333334,0,319.79214356065893
28456,3,G15_65_H12,31,27.058333333333334,26.46666666666667,27.683333333333334,0,319.79214356065893
28457,3,G15_65_H12,32,25.104166666666668,24.5375,26.15,0,319.79214356065893
28458,3,G15_65_H12,33,23.09166666666667,22.525,24.491666666666664,0,319.79214356065893
28459,3,G15_65_H12,34,23.808333333333334,22.445833333333336,24.445833333333336,0,319.79214356065893
28460,3,G15_65_H14,24,24.706666666666667,24.32,25.90666666666667,0,278.92224853361483
28461,3,G15_65_H14,25,24.85833333333333,24.258333333333336,26.2625,0,278.92224853361483
28462,3,G15_65_H14,26,25.0,24.5375,26.73333333333333,0,278.92224853361483
28463,3,G15_65_H14,27,25.75,25.070833333333336,26.925,0,278.92224853361483
28464,3,G15_65_H14,28,26.2375,25.495833333333334,27.29583333333333,0,278.92224853361483
28465,3,G15_65_H14,29,25.995833333333334,25.454166666666666,26.975,0,278.92224853361483
28466,3,G15_65_H14,30,26.195833333333336,25.46666666666667,26.90833333333333,0,278.92224853361483
28467,3,G15_65_H14,31,27.02083333333333,26.4875,27.6625,0,278.92224853361483
28468,3,G15_65_H14,32,25.445833333333336,24.79583333333333,26.33333333333333,0,278.92224853361483
28469,3,G15_65_H14,33,23.941666666666663,22.95833333333333,24.729166666666668,0,278.92224853361483
28470,3,G15_65_H14,34,23.916666666666668,22.816666666666663,24.65833333333333,0,278.92224853361483
28471,3,G15_65_H14,35,23.241666666666664,22.73333333333333,24.445833333333336,0,278.92224853361483
28472,3,G15_65_H15,8,28.866666666666667,27.71333333333333,29.673333333333336,0,302.02627295655464
28473,3,G15_65_H15,9,28.5875,27.620833333333334,29.55,0,302.02627295655464
28474,3,G15_65_H15,10,28.691666666666663,27.291666666666668,29.48333333333333,0,302.02627295655464
28475,3,G15_65_H15,11,28.245833333333334,27.15416666666667,29.21666666666667,0,302.02627295655464
28476,3,G15_65_H15,12,28.02916666666667,26.829166666666666,28.90416666666667,0,302.02627295655464
28477,3,G15_65_H15,13,27.6875,26.40833333333333,28.47083333333333,0,302.02627295655464
28478,3,G15_65_H15,14,26.9875,25.9375,28.0375,0,302.02627295655464
28479,3,G15_65_H15,15,26.78333333333333,25.745833333333334,27.816666666666663,0,302.02627295655464
28480,3,G15_65_H15,16,26.27916666666667,25.6875,27.391666666666666,0,302.02627295655464
28481,3,G15_65_H15,17,25.683333333333334,25.28333333333333,26.92083333333333,0,302.02627295655464
28482,3,G15_65_H15,18,24.79583333333333,24.55,26.454166666666666,0,302.02627295655464
28483,3,G15_65_H15,19,24.725,24.35,26.33333333333333,0,302.02627295655464
28484,3,G15_65_H15,20,24.491666666666664,24.016666666666666,26.204166666666666,0,302.02627295655464
28485,3,G15_65_H15,21,24.129166666666663,23.7875,25.9,0,302.02627295655464
28486,3,G15_65_H15,22,24.2375,23.675,25.7,0,302.02627295655464
28487,3,G15_65_H15,23,24.633333333333336,23.945833333333336,25.85833333333333,0,302.02627295655464
28488,3,G15_65_H15,24,24.42083333333333,23.758333333333336,25.825,0,302.02627295655464
28489,3,G15_65_H15,25,25.25,24.195833333333336,26.6375,0,302.02627295655464
28490,3,G15_65_H15,26,25.73333333333333,25.041666666666668,26.929166666666664,0,302.02627295655464
28491,3,G15_65_H15,27,25.791666666666668,25.3625,27.070833333333336,0,302.02627295655464
28492,3,G15_65_H15,28,25.84166666666667,25.52083333333333,27.04583333333333,0,302.02627295655464
28493,3,G15_65_H15,29,26.195833333333336,25.67083333333333,27.09583333333333,0,302.02627295655464
28494,3,G15_65_H15,30,26.979166666666668,26.47083333333333,27.629166666666663,0,302.02627295655464
28495,3,G15_65_H15,31,25.508333333333336,24.79583333333333,26.266666666666666,0,302.02627295655464
28496,3,G15_65_H15,32,23.316666666666663,22.77916666666667,24.65416666666667,0,302.02627295655464
28497,3,G15_65_H15,33,23.070833333333336,22.7,24.58333333333333,0,302.02627295655464
28498,3,G15_65_H15,34,23.679166666666664,22.9625,24.579166666666666,0,302.02627295655464
28499,3,G15_65_H2,25,24.288235294117644,23.805882352941172,25.552941176470583,0,315.0503480602714
28500,3,G15_65_H2,26,24.59583333333333,23.495833333333334,25.40833333333333,0,315.0503480602714
28501,3,G15_65_H2,27,25.27916666666667,23.916666666666668,25.89583333333333,0,315.0503480602714
28502,3,G15_65_H2,28,25.745833333333334,24.34583333333333,26.2375,0,315.0503480602714
28503,3,G15_65_H2,29,26.133333333333336,24.816666666666663,26.59166666666667,0,315.0503480602714
28504,3,G15_65_H2,30,26.204166666666666,25.02083333333333,26.67083333333333,0,315.0503480602714
28505,3,G15_65_H2,31,26.375,25.275,26.766666666666666,0,315.0503480602714
28506,3,G15_65_H2,32,26.75,26.10833333333333,27.46666666666667,0,315.0503480602714
28507,3,G15_65_H2,33,25.116666666666664,24.275,25.97083333333333,0,315.0503480602714
28508,3,G15_65_H2,34,23.4375,22.141666666666666,24.191666666666663,0,315.0503480602714
28509,3,G15_65_H3,25,25.194117647058825,23.77058823529412,25.564705882352943,0,287.375259259766
28510,3,G15_65_H3,26,24.625,23.4875,25.441666666666663,0,287.375259259766
28511,3,G15_65_H3,27,24.77083333333333,23.79583333333333,25.90833333333333,0,287.375259259766
28512,3,G15_65_H3,28,25.04583333333333,24.40416666666667,26.27916666666667,0,287.375259259766
28513,3,G15_65_H3,29,25.29583333333333,24.73333333333333,26.5625,0,287.375259259766
28514,3,G15_65_H3,30,25.245833333333334,24.945833333333336,26.575,0,287.375259259766
28515,3,G15_65_H3,31,25.629166666666663,25.191666666666663,26.745833333333334,0,287.375259259766
28516,3,G15_65_H3,32,26.725,26.120833333333334,27.58333333333333,0,287.375259259766
28517,3,G15_65_H3,33,24.866666666666664,24.15,25.875,0,287.375259259766
28518,3,G15_65_H3,34,23.65,22.14583333333333,24.5,0,287.375259259766
28519,3,G15_65_H4,25,25.2375,24.06875,25.775,0,297.5130612210766
28520,3,G15_65_H4,26,24.729166666666668,23.604166666666668,25.525,0,297.5130612210766
28521,3,G15_65_H4,27,24.77916666666667,23.866666666666664,25.883333333333336,0,297.5130612210766
28522,3,G15_65_H4,28,25.6875,24.77083333333333,26.575,0,297.5130612210766
28523,3,G15_65_H4,29,25.916666666666668,25.225,26.883333333333336,0,297.5130612210766
28524,3,G15_65_H4,30,25.90416666666667,25.504166666666663,27.041666666666668,0,297.5130612210766
28525,3,G15_65_H4,31,26.008333333333336,25.5375,26.954166666666666,0,297.5130612210766
28526,3,G15_65_H4,32,27.0375,26.3875,27.7875,0,297.5130612210766
28527,3,G15_65_H4,33,25.15,24.29583333333333,25.98333333333333,0,297.5130612210766
28528,3,G15_65_H4,34,22.90833333333333,22.183333333333334,24.391666666666666,0,297.5130612210766
28529,3,G15_65_H4,35,23.0,22.179166666666664,24.325,0,297.5130612210766
28530,3,G15_65_H5,7,29.122222222222224,28.75555555555556,29.811111111111117,0,289.0618272244827
28531,3,G15_65_H5,8,28.875,28.425,29.616666666666664,0,289.0618272244827
28532,3,G15_65_H5,9,28.77083333333333,28.183333333333334,29.254166666666663,0,289.0618272244827
28533,3,G15_65_H5,10,28.1,27.15416666666667,28.870833333333334,0,289.0618272244827
28534,3,G15_65_H5,11,27.829166666666666,27.1375,28.6125,0,289.0618272244827
28535,3,G15_65_H5,12,27.816666666666663,26.804166666666664,28.39583333333333,0,289.0618272244827
28536,3,G15_65_H5,13,27.641666666666666,26.5625,28.175,0,289.0618272244827
28537,3,G15_65_H5,14,27.166666666666668,26.29583333333333,27.679166666666664,0,289.0618272244827
28538,3,G15_65_H5,15,26.8,25.854166666666668,27.3,0,289.0618272244827
28539,3,G15_65_H5,16,26.579166666666666,25.27916666666667,27.166666666666668,0,289.0618272244827
28540,3,G15_65_H5,17,26.204166666666666,24.916666666666668,26.78333333333333,0,289.0618272244827
28541,3,G15_65_H5,18,26.125,25.008333333333336,26.47083333333333,0,289.0618272244827
28542,3,G15_65_H5,19,25.85833333333333,24.704166666666666,26.329166666666666,0,289.0618272244827
28543,3,G15_65_H5,20,25.46666666666667,24.05,25.89583333333333,0,289.0618272244827
28544,3,G15_65_H5,21,25.29583333333333,23.933333333333334,25.891666666666666,0,289.0618272244827
28545,3,G15_65_H5,22,24.941666666666663,23.52083333333333,25.329166666666666,0,289.0618272244827
28546,3,G15_65_H5,23,24.975,23.5375,25.34166666666667,0,289.0618272244827
28547,3,G15_65_H5,24,24.829166666666666,23.541666666666668,25.45833333333333,0,289.0618272244827
28548,3,G15_65_H5,25,25.025,24.0,25.875,0,289.0618272244827
28549,3,G15_65_H5,26,24.35,23.791666666666668,25.95833333333333,0,289.0618272244827
28550,3,G15_65_H5,27,24.875,24.275,26.34583333333333,0,289.0618272244827
28551,3,G15_65_H5,28,25.129166666666663,24.7375,26.616666666666664,0,289.0618272244827
28552,3,G15_65_H5,29,25.8875,25.454166666666666,27.2375,0,289.0618272244827
28553,3,G15_65_H5,30,26.0375,25.6875,27.275,0,289.0618272244827
28554,3,G15_65_H5,31,26.258333333333336,25.77083333333333,27.254166666666663,0,289.0618272244827
28555,3,G15_65_H5,32,27.0875,26.666666666666668,27.829166666666666,0,289.0618272244827
28556,3,G15_65_H5,33,25.495833333333334,24.6625,26.254166666666663,0,289.0618272244827
28557,3,G15_65_H5,34,23.77916666666667,22.695833333333336,24.6125,0,289.0618272244827
28558,3,G15_65_H6,24,25.0,24.11818181818182,25.88181818181818,0,298.89608251947766
28559,3,G15_65_H6,25,25.125,23.933333333333334,25.941666666666663,0,298.89608251947766
28560,3,G15_65_H6,26,25.575,24.266666666666666,26.2625,0,298.89608251947766
28561,3,G15_65_H6,27,25.77916666666667,24.758333333333336,26.65,0,298.89608251947766
28562,3,G15_65_H6,28,26.166666666666668,25.3,27.0125,0,298.89608251947766
28563,3,G15_65_H6,29,26.366666666666664,25.558333333333334,27.075,0,298.89608251947766
28564,3,G15_65_H6,30,26.558333333333334,25.491666666666664,26.98333333333333,0,298.89608251947766
28565,3,G15_65_H6,31,27.070833333333336,26.42083333333333,27.554166666666664,0,298.89608251947766
28566,3,G15_65_H6,32,25.2625,24.55,26.070833333333336,0,298.89608251947766
28567,3,G15_65_H6,33,23.2125,22.441666666666663,24.40416666666667,0,298.89608251947766
28568,3,G15_65_H6,34,23.791666666666668,22.42083333333333,24.42083333333333,0,298.89608251947766
28569,3,G15_65_H7,25,24.510526315789477,23.76315789473684,25.847368421052632,0,298.8248847926267
28570,3,G15_65_H7,26,25.09166666666667,24.15833333333333,26.179166666666664,0,298.8248847926267
28571,3,G15_65_H7,27,25.266666666666666,24.59583333333333,26.445833333333336,0,298.8248847926267
28572,3,G15_65_H7,28,25.541666666666668,25.0625,26.8625,0,298.8248847926267
28573,3,G15_65_H7,29,26.025,25.3375,26.933333333333334,0,298.8248847926267
28574,3,G15_65_H7,30,26.370833333333334,25.429166666666664,26.8875,0,298.8248847926267
28575,3,G15_65_H7,31,26.870833333333334,26.1625,27.45,0,298.8248847926267
28576,3,G15_65_H7,32,25.066666666666663,24.425,26.004166666666663,0,298.8248847926267
28577,3,G15_65_H7,33,23.195833333333336,22.6375,24.5,0,298.8248847926267
28578,3,G15_65_H7,34,24.079166666666666,22.916666666666668,24.629166666666663,0,298.8248847926267
28579,3,G15_65_H9,25,24.63157894736842,23.37368421052632,25.478947368421053,0,298.2158905117756
28580,3,G15_65_H9,26,25.3125,23.933333333333334,26.2375,0,298.2158905117756
28581,3,G15_65_H9,27,25.85,24.745833333333334,26.5,0,298.2158905117756
28582,3,G15_65_H9,28,26.129166666666663,25.3375,27.016666666666666,0,298.2158905117756
28583,3,G15_65_H9,29,26.225,25.59583333333333,27.09166666666667,0,298.2158905117756
28584,3,G15_65_H9,30,26.23333333333333,25.625,27.04583333333333,0,298.2158905117756
28585,3,G15_65_H9,31,26.808333333333334,26.354166666666668,27.6125,0,298.2158905117756
28586,3,G15_65_H9,32,25.1625,24.5375,26.116666666666664,0,298.2158905117756
28587,3,G15_65_H9,33,23.75,22.42083333333333,24.5625,0,298.2158905117756
28588,3,G15_65_H9,34,23.89583333333333,22.7125,24.941666666666663,0,298.2158905117756
28589,3,G16_53_H1,-2,31.46923076923077,28.83076923076923,31.91538461538461,-1,216.81597199994764
28590,3,G16_53_H1,-1,33.108333333333334,32.391666666666666,33.52916666666667,-1,216.81597199994764
28591,3,G16_53_H1,0,34.15833333333333,33.391666666666666,34.68333333333333,-1,216.81597199994764
28592,3,G16_53_H1,1,34.36666666666667,33.920833333333334,34.97083333333333,-1,216.81597199994764
28593,3,G16_53_H1,2,33.641666666666666,32.979166666666664,34.19166666666667,-1,216.81597199994764
28594,3,G16_53_H1,3,32.69583333333333,32.12083333333333,33.525,-1,216.81597199994764
28595,3,G16_53_H1,4,32.15416666666667,31.433333333333334,32.541666666666664,-1,216.81597199994764
28596,3,G16_53_H1,5,31.054166666666664,30.58333333333333,31.85833333333333,-1,216.81597199994764
28597,3,G16_53_H1,6,30.745833333333334,29.8625,31.441666666666663,-1,216.81597199994764
28598,3,G16_53_H1,7,30.15416666666667,29.1375,30.90833333333333,-1,216.81597199994764
28599,3,G16_53_H1,8,29.1375,28.616666666666664,30.541666666666668,-1,216.81597199994764
28600,3,G16_53_H1,9,29.008333333333336,28.320833333333336,30.2625,-1,216.81597199994764
28601,3,G16_53_H1,10,28.20833333333333,27.9875,29.979166666666668,-1,216.81597199994764
28602,3,G16_53_H1,11,28.370833333333334,27.829166666666666,29.516666666666666,-1,216.81597199994764
28603,3,G16_53_H1,12,28.2875,27.541666666666668,29.179166666666664,-1,216.81597199994764
28604,3,G16_53_H1,13,27.85833333333333,27.141666666666666,28.45,-1,216.81597199994764
28605,3,G16_53_H1,14,27.3375,26.704166666666666,28.08333333333333,-1,216.81597199994764
28606,3,G16_53_H1,15,27.166666666666668,26.479166666666668,27.6875,-1,216.81597199994764
28607,3,G16_53_H1,16,27.058333333333334,26.454166666666666,27.52083333333333,-1,216.81597199994764
28608,3,G16_53_H1,17,26.64583333333333,26.129166666666663,27.15,-1,216.81597199994764
28609,3,G16_53_H1,18,25.98333333333333,25.579166666666666,26.65416666666667,-1,216.81597199994764
28610,3,G16_53_H1,19,25.75,25.27916666666667,26.5,-1,216.81597199994764
28611,3,G16_53_H1,20,25.7625,25.29583333333333,26.34166666666667,-1,216.81597199994764
28612,3,G16_53_H1,21,25.6,24.9,25.945833333333336,-1,216.81597199994764
28613,3,G16_53_H1,22,25.25,24.7125,25.758333333333336,-1,216.81597199994764
28614,3,G16_53_H1,23,24.875,24.554166666666664,25.5125,-1,216.81597199994764
28615,3,G16_53_H1,24,24.429166666666664,24.058333333333334,25.23333333333333,-1,216.81597199994764
28616,3,G16_53_H1,25,24.9,24.4,25.52083333333333,-1,216.81597199994764
28617,3,G16_53_H1,26,25.5125,24.8375,25.8375,-1,216.81597199994764
28618,3,G16_53_H1,27,25.54583333333333,25.0125,26.15,-1,216.81597199994764
28619,3,G16_53_H1,28,25.6625,25.2875,26.4125,-1,216.81597199994764
28620,3,G16_53_H1,29,25.820833333333336,25.3625,26.475,-1,216.81597199994764
28621,3,G16_53_H1,30,26.704166666666666,26.320833333333336,27.27083333333333,-1,216.81597199994764
28622,3,G16_53_H1,31,25.229166666666668,24.725,25.866666666666664,-1,216.81597199994764
28623,3,G16_53_H1,32,22.9875,22.704166666666666,23.775,-1,216.81597199994764
28624,3,G16_53_H1,33,22.7125,22.29583333333333,23.291666666666668,-1,216.81597199994764
28625,3,G16_53_H1,34,22.6125,22.09166666666667,22.9,-1,216.81597199994764
28626,3,G16_53_H10,0,33.59090909090909,32.554545454545455,34.27272727272727,-1,218.939011962827
28627,3,G16_53_H10,1,33.57083333333333,33.104166666666664,34.05416666666667,-1,218.939011962827
28628,3,G16_53_H10,2,32.95,32.4,33.53333333333333,-1,218.939011962827
28629,3,G16_53_H10,3,32.15833333333333,31.679166666666664,32.84583333333333,-1,218.939011962827
28630,3,G16_53_H10,4,31.525,31.1375,32.25,-1,218.939011962827
28631,3,G16_53_H10,5,30.9875,30.52916666666667,31.4875,-1,218.939011962827
28632,3,G16_53_H10,6,30.445833333333336,29.7,30.929166666666664,-1,218.939011962827
28633,3,G16_53_H10,7,29.79583333333333,29.291666666666668,30.375,-1,218.939011962827
28634,3,G16_53_H10,8,29.35833333333333,28.875,29.97083333333333,-1,218.939011962827
28635,3,G16_53_H10,9,29.175,28.579166666666666,29.54583333333333,-1,218.939011962827
28636,3,G16_53_H10,10,28.95,28.20833333333333,29.491666666666664,-1,218.939011962827
28637,3,G16_53_H10,11,28.541666666666668,28.0375,28.854166666666668,-1,218.939011962827
28638,3,G16_53_H10,12,28.129166666666663,27.5625,28.60833333333333,-1,218.939011962827
28639,3,G16_53_H10,13,27.75,27.291666666666668,28.075,-1,218.939011962827
28640,3,G16_53_H10,14,27.5,27.15416666666667,27.875,-1,218.939011962827
28641,3,G16_53_H10,15,27.120833333333334,26.791666666666668,27.5375,-1,218.939011962827
28642,3,G16_53_H10,16,26.65,26.316666666666663,27.1875,-1,218.939011962827
28643,3,G16_53_H10,17,26.42083333333333,26.0875,26.95833333333333,-1,218.939011962827
28644,3,G16_53_H10,18,26.3,25.995833333333334,26.89583333333333,-1,218.939011962827
28645,3,G16_53_H10,19,26.0125,25.73333333333333,26.60833333333333,-1,218.939011962827
28646,3,G16_53_H10,20,25.78333333333333,25.5,26.379166666666663,-1,218.939011962827
28647,3,G16_53_H10,21,25.97083333333333,25.508333333333336,26.4125,-1,218.939011962827
28648,3,G16_53_H10,22,25.704166666666666,25.104166666666668,26.08333333333333,-1,218.939011962827
28649,3,G16_53_H10,23,25.816666666666663,25.304166666666664,26.28333333333333,-1,218.939011962827
28650,3,G16_53_H10,24,25.933333333333334,25.683333333333334,26.479166666666668,-1,218.939011962827
28651,3,G16_53_H10,25,26.183333333333334,25.929166666666664,26.758333333333336,-1,218.939011962827
28652,3,G16_53_H10,26,26.691666666666663,26.3875,27.09583333333333,-1,218.939011962827
28653,3,G16_53_H10,27,26.95833333333333,26.575,27.275,-1,218.939011962827
28654,3,G16_53_H10,28,27.6625,27.33333333333333,27.954166666666666,-1,218.939011962827
28655,3,G16_53_H10,29,26.5,26.17083333333333,26.95833333333333,-1,218.939011962827
28656,3,G16_53_H10,30,24.933333333333334,24.354166666666668,25.27916666666667,-1,218.939011962827
28657,3,G16_53_H10,31,24.495833333333334,24.02916666666667,24.916666666666668,-1,218.939011962827
28658,3,G16_53_H10,32,24.275,23.98333333333333,24.758333333333336,-1,218.939011962827
28659,3,G16_53_H10,33,23.9375,23.70833333333333,24.525,-1,218.939011962827
28660,3,G16_53_H11,-1,33.525,33.05,34.3375,-1,216.6704786274017
28661,3,G16_53_H11,0,34.31666666666667,33.53333333333333,35.06666666666667,-1,216.6704786274017
28662,3,G16_53_H11,1,34.2125,33.53333333333333,35.375,-1,216.6704786274017
28663,3,G16_53_H11,2,33.34166666666667,32.708333333333336,34.675000000000004,-1,216.6704786274017
28664,3,G16_53_H11,3,32.86666666666667,32.13333333333333,34.1,-1,216.6704786274017
28665,3,G16_53_H11,4,32.49583333333333,31.558333333333334,33.31666666666667,-1,216.6704786274017
28666,3,G16_53_H11,5,31.679166666666664,30.7125,32.6,-1,216.6704786274017
28667,3,G16_53_H11,6,30.84583333333333,30.20833333333333,31.725,-1,216.6704786274017
28668,3,G16_53_H11,7,30.258333333333336,29.579166666666666,31.316666666666663,-1,216.6704786274017
28669,3,G16_53_H11,8,29.995833333333334,29.204166666666666,30.95833333333333,-1,216.6704786274017
28670,3,G16_53_H11,9,29.558333333333334,28.77916666666667,30.55,-1,216.6704786274017
28671,3,G16_53_H11,10,29.204166666666666,28.304166666666664,29.979166666666668,-1,216.6704786274017
28672,3,G16_53_H11,11,29.04583333333333,27.77083333333333,29.704166666666666,-1,216.6704786274017
28673,3,G16_53_H11,12,28.054166666666664,27.46666666666667,29.016666666666666,-1,216.6704786274017
28674,3,G16_53_H11,13,27.64583333333333,27.241666666666664,28.39583333333333,-1,216.6704786274017
28675,3,G16_53_H11,14,27.425,26.883333333333336,28.195833333333336,-1,216.6704786274017
28676,3,G16_53_H11,15,27.10833333333333,26.3625,27.89583333333333,-1,216.6704786274017
28677,3,G16_53_H11,16,26.829166666666666,26.195833333333336,27.4375,-1,216.6704786274017
28678,3,G16_53_H11,17,26.475,25.945833333333336,27.14583333333333,-1,216.6704786274017
28679,3,G16_53_H11,18,26.05,25.625,26.741666666666664,-1,216.6704786274017
28680,3,G16_53_H11,19,25.8625,25.39583333333333,26.379166666666663,-1,216.6704786274017
28681,3,G16_53_H11,20,25.8125,25.225,26.1875,-1,216.6704786274017
28682,3,G16_53_H11,21,25.7375,25.0,26.175,-1,216.6704786274017
28683,3,G16_53_H11,22,25.58333333333333,25.166666666666668,26.179166666666664,-1,216.6704786274017
28684,3,G16_53_H11,23,25.695833333333336,25.35833333333333,26.320833333333336,-1,216.6704786274017
28685,3,G16_53_H11,24,25.8375,25.445833333333336,26.4125,-1,216.6704786274017
28686,3,G16_53_H11,25,26.4125,25.7875,26.78333333333333,-1,216.6704786274017
28687,3,G16_53_H11,26,26.445833333333336,25.945833333333336,26.90416666666667,-1,216.6704786274017
28688,3,G16_53_H11,27,27.20833333333333,26.866666666666664,27.6875,-1,216.6704786274017
28689,3,G16_53_H11,28,26.15833333333333,25.616666666666664,26.64583333333333,-1,216.6704786274017
28690,3,G16_53_H11,29,24.5875,23.995833333333334,25.15,-1,216.6704786274017
28691,3,G16_53_H11,30,24.325,23.95,25.03333333333333,-1,216.6704786274017
28692,3,G16_53_H11,31,24.229166666666668,23.929166666666664,24.991666666666664,-1,216.6704786274017
28693,3,G16_53_H11,32,24.02916666666667,23.558333333333334,24.525,-1,216.6704786274017
28694,3,G16_53_H11,33,23.379166666666663,22.8,23.816666666666663,-1,216.6704786274017
28695,3,G16_53_H11,34,22.34166666666667,22.04583333333333,22.90416666666667,-1,216.6704786274017
28696,3,G16_53_H12,0,34.5,33.23636363636364,34.93636363636364,0,279.5542318403689
28697,3,G16_53_H12,1,34.40416666666667,33.8125,35.045833333333334,0,279.5542318403689
28698,3,G16_53_H12,2,33.8125,33.06666666666667,34.266666666666666,0,279.5542318403689
28699,3,G16_53_H12,3,32.87916666666667,32.37916666666667,33.458333333333336,0,279.5542318403689
28700,3,G16_53_H12,4,32.291666666666664,31.79583333333333,32.93333333333333,0,279.5542318403689
28701,3,G16_53_H12,5,31.6875,31.15,32.229166666666664,0,279.5542318403689
28702,3,G16_53_H12,6,30.991666666666664,30.35,31.52083333333333,0,279.5542318403689
28703,3,G16_53_H12,7,30.425,29.875,31.058333333333334,0,279.5542318403689
28704,3,G16_53_H12,8,29.941666666666663,29.33333333333333,30.479166666666668,0,279.5542318403689
28705,3,G16_53_H12,9,29.48333333333333,28.9875,30.075,0,279.5542318403689
28706,3,G16_53_H12,10,28.90416666666667,28.6,29.366666666666664,0,279.5542318403689
28707,3,G16_53_H12,11,28.566666666666663,28.2125,28.995833333333334,0,279.5542318403689
28708,3,G16_53_H12,12,28.02083333333333,27.6125,28.629166666666663,0,279.5542318403689
28709,3,G16_53_H12,13,27.666666666666668,27.375,28.15,0,279.5542318403689
28710,3,G16_53_H12,14,27.554166666666664,27.266666666666666,27.95833333333333,0,279.5542318403689
28711,3,G16_53_H12,15,27.025,26.7875,27.516666666666666,0,279.5542318403689
28712,3,G16_53_H12,16,26.6,26.22083333333333,27.004166666666663,0,279.5542318403689
28713,3,G16_53_H12,17,26.504166666666663,26.133333333333336,26.829166666666666,0,279.5542318403689
28714,3,G16_53_H12,18,26.354166666666668,26.041666666666668,26.758333333333336,0,279.5542318403689
28715,3,G16_53_H12,19,25.975,25.79583333333333,26.516666666666666,0,279.5542318403689
28716,3,G16_53_H12,20,25.791666666666668,25.5625,26.291666666666668,0,279.5542318403689
28717,3,G16_53_H12,21,25.929166666666664,25.52083333333333,26.2625,0,279.5542318403689
28718,3,G16_53_H12,22,25.65,25.179166666666664,25.945833333333336,0,279.5542318403689
28719,3,G16_53_H12,23,25.729166666666668,25.40833333333333,26.179166666666664,0,279.5542318403689
28720,3,G16_53_H12,24,26.1875,25.96666666666667,26.72083333333333,0,279.5542318403689
28721,3,G16_53_H12,25,26.45,26.1375,26.866666666666664,0,279.5542318403689
28722,3,G16_53_H12,26,26.870833333333334,26.4625,27.1875,0,279.5542318403689
28723,3,G16_53_H12,27,27.0625,26.675,27.33333333333333,0,279.5542318403689
28724,3,G16_53_H12,28,27.65,27.425,28.0,0,279.5542318403689
28725,3,G16_53_H12,29,26.495833333333334,26.229166666666668,26.97083333333333,0,279.5542318403689
28726,3,G16_53_H12,30,24.70833333333333,24.308333333333334,25.2,0,279.5542318403689
28727,3,G16_53_H12,31,24.825,24.22083333333333,25.09583333333333,0,279.5542318403689
28728,3,G16_53_H12,32,24.60833333333333,24.25,25.02083333333333,0,279.5542318403689
28729,3,G16_53_H12,33,24.3,24.05,24.854166666666668,0,279.5542318403689
28730,3,G16_53_H13,-1,33.55,32.825,34.8125,-1,236.069024277962
28731,3,G16_53_H13,0,34.391666666666666,33.4125,35.1375,-1,236.069024277962
28732,3,G16_53_H13,1,34.19583333333333,33.47083333333333,35.27916666666667,-1,236.069024277962
28733,3,G16_53_H13,2,33.59583333333333,32.625,34.6,-1,236.069024277962
28734,3,G16_53_H13,3,33.19583333333333,32.0125,34.075,-1,236.069024277962
28735,3,G16_53_H13,4,32.28333333333333,31.445833333333336,33.2125,-1,236.069024277962
28736,3,G16_53_H13,5,31.604166666666668,30.566666666666663,32.625,-1,236.069024277962
28737,3,G16_53_H13,6,31.0625,30.133333333333336,31.9625,-1,236.069024277962
28738,3,G16_53_H13,7,30.52916666666667,29.516666666666666,31.47083333333333,-1,236.069024277962
28739,3,G16_53_H13,8,29.84166666666667,29.175,31.133333333333336,-1,236.069024277962
28740,3,G16_53_H13,9,29.45,28.77916666666667,30.45,-1,236.069024277962
28741,3,G16_53_H13,10,28.89583333333333,28.29583333333333,30.041666666666668,-1,236.069024277962
28742,3,G16_53_H13,11,28.5,27.820833333333336,29.6125,-1,236.069024277962
28743,3,G16_53_H13,12,28.1375,27.454166666666666,28.8875,-1,236.069024277962
28744,3,G16_53_H13,13,27.679166666666664,27.2625,28.254166666666663,-1,236.069024277962
28745,3,G16_53_H13,14,27.525,26.929166666666664,28.104166666666668,-1,236.069024277962
28746,3,G16_53_H13,15,27.0,26.516666666666666,27.870833333333334,-1,236.069024277962
28747,3,G16_53_H13,16,26.616666666666664,26.266666666666666,27.35833333333333,-1,236.069024277962
28748,3,G16_53_H13,17,26.53333333333333,26.05,27.1875,-1,236.069024277962
28749,3,G16_53_H13,18,26.3375,25.758333333333336,26.695833333333336,-1,236.069024277962
28750,3,G16_53_H13,19,26.15833333333333,25.625,26.53333333333333,-1,236.069024277962
28751,3,G16_53_H13,20,25.883333333333336,25.45,26.354166666666668,-1,236.069024277962
28752,3,G16_53_H13,21,25.5375,25.1375,26.2375,-1,236.069024277962
28753,3,G16_53_H13,22,25.616666666666664,25.291666666666668,26.308333333333334,-1,236.069024277962
28754,3,G16_53_H13,23,25.941666666666663,25.445833333333336,26.4125,-1,236.069024277962
28755,3,G16_53_H13,24,26.1375,25.53333333333333,26.475,-1,236.069024277962
28756,3,G16_53_H13,25,26.258333333333336,25.804166666666664,26.745833333333334,-1,236.069024277962
28757,3,G16_53_H13,26,26.308333333333334,25.9625,26.8625,-1,236.069024277962
28758,3,G16_53_H13,27,27.104166666666668,26.77916666666667,27.65,-1,236.069024277962
28759,3,G16_53_H13,28,25.745833333333334,25.34166666666667,26.39583333333333,-1,236.069024277962
28760,3,G16_53_H13,29,24.2125,23.75,24.9875,-1,236.069024277962
28761,3,G16_53_H13,30,24.15833333333333,23.854166666666668,24.9375,-1,236.069024277962
28762,3,G16_53_H13,31,24.241666666666664,23.8625,24.8375,-1,236.069024277962
28763,3,G16_53_H13,32,24.133333333333336,23.575,24.52916666666667,-1,236.069024277962
28764,3,G16_53_H13,33,23.625,23.05,24.0375,-1,236.069024277962
28765,3,G16_53_H13,34,22.5875,22.27916666666667,23.10833333333333,-1,236.069024277962
28766,3,G16_53_H14,0,34.21818181818182,33.38181818181818,34.96363636363637,0,260.2642408182684
28767,3,G16_53_H14,1,34.479166666666664,33.93333333333333,35.02916666666667,0,260.2642408182684
28768,3,G16_53_H14,2,33.479166666666664,33.15,34.25416666666667,0,260.2642408182684
28769,3,G16_53_H14,3,32.925000000000004,32.40416666666667,33.550000000000004,0,260.2642408182684
28770,3,G16_53_H14,4,32.300000000000004,31.84583333333333,32.90833333333333,0,260.2642408182684
28771,3,G16_53_H14,5,31.5625,31.195833333333336,32.24583333333333,0,260.2642408182684
28772,3,G16_53_H14,6,31.016666666666666,30.366666666666664,31.64583333333333,0,260.2642408182684
28773,3,G16_53_H14,7,30.35,29.84583333333333,31.129166666666663,0,260.2642408182684
28774,3,G16_53_H14,8,30.079166666666666,29.33333333333333,30.53333333333333,0,260.2642408182684
28775,3,G16_53_H14,9,29.7,28.9875,30.058333333333334,0,260.2642408182684
28776,3,G16_53_H14,10,29.166666666666668,28.554166666666664,29.53333333333333,0,260.2642408182684
28777,3,G16_53_H14,11,28.675,28.20833333333333,29.058333333333334,0,260.2642408182684
28778,3,G16_53_H14,12,28.21666666666667,27.704166666666666,28.725,0,260.2642408182684
28779,3,G16_53_H14,13,27.766666666666666,27.3375,28.133333333333336,0,260.2642408182684
28780,3,G16_53_H14,14,27.52083333333333,27.21666666666667,27.96666666666667,0,260.2642408182684
28781,3,G16_53_H14,15,27.0625,26.8,27.54583333333333,0,260.2642408182684
28782,3,G16_53_H14,16,26.4375,26.183333333333334,27.004166666666663,0,260.2642408182684
28783,3,G16_53_H14,17,26.5625,26.129166666666663,26.85833333333333,0,260.2642408182684
28784,3,G16_53_H14,18,26.42083333333333,25.995833333333334,26.775,0,260.2642408182684
28785,3,G16_53_H14,19,26.03333333333333,25.73333333333333,26.52916666666667,0,260.2642408182684
28786,3,G16_53_H14,20,25.77083333333333,25.5375,26.366666666666664,0,260.2642408182684
28787,3,G16_53_H14,21,25.791666666666668,25.45,26.329166666666666,0,260.2642408182684
28788,3,G16_53_H14,22,25.7,25.1,26.066666666666663,0,260.2642408182684
28789,3,G16_53_H14,23,25.83333333333333,25.316666666666663,26.25,0,260.2642408182684
28790,3,G16_53_H14,24,26.03333333333333,25.73333333333333,26.516666666666666,0,260.2642408182684
28791,3,G16_53_H14,25,26.1875,25.995833333333334,26.725,0,260.2642408182684
28792,3,G16_53_H14,26,26.725,26.416666666666668,27.17083333333333,0,260.2642408182684
28793,3,G16_53_H14,27,27.041666666666668,26.625,27.325,0,260.2642408182684
28794,3,G16_53_H14,28,27.691666666666663,27.39583333333333,28.004166666666663,0,260.2642408182684
28795,3,G16_53_H14,29,26.4125,26.10833333333333,26.854166666666668,0,260.2642408182684
28796,3,G16_53_H14,30,24.5875,24.325,25.22083333333333,0,260.2642408182684
28797,3,G16_53_H14,31,24.58333333333333,24.2875,25.104166666666668,0,260.2642408182684
28798,3,G16_53_H14,32,24.945833333333336,24.5,25.266666666666666,0,260.2642408182684
28799,3,G16_53_H14,33,24.70833333333333,24.291666666666668,25.0875,0,260.2642408182684
28800,3,G16_53_H15,-1,33.825,32.724999999999994,34.6875,-1,256.01280965026257
28801,3,G16_53_H15,0,34.12083333333333,33.15833333333333,35.09583333333333,-1,256.01280965026257
28802,3,G16_53_H15,1,34.166666666666664,33.4375,35.24166666666667,-1,256.01280965026257
28803,3,G16_53_H15,2,33.6375,32.6,34.50833333333333,-1,256.01280965026257
28804,3,G16_53_H15,3,32.90833333333333,32.025,33.87916666666667,-1,256.01280965026257
28805,3,G16_53_H15,4,32.30416666666667,31.433333333333334,33.204166666666666,-1,256.01280965026257
28806,3,G16_53_H15,5,31.59583333333333,30.6,32.295833333333334,-1,256.01280965026257
28807,3,G16_53_H15,6,31.0625,29.991666666666664,31.745833333333334,-1,256.01280965026257
28808,3,G16_53_H15,7,30.1125,29.320833333333336,31.175,-1,256.01280965026257
28809,3,G16_53_H15,8,29.366666666666664,28.9875,30.92083333333333,-1,256.01280965026257
28810,3,G16_53_H15,9,29.004166666666663,28.5875,30.45,-1,256.01280965026257
28811,3,G16_53_H15,10,28.8625,28.15,29.9,-1,256.01280965026257
28812,3,G16_53_H15,11,28.745833333333334,27.683333333333334,29.48333333333333,-1,256.01280965026257
28813,3,G16_53_H15,12,27.98333333333333,27.375,28.829166666666666,-1,256.01280965026257
28814,3,G16_53_H15,13,27.65416666666667,27.225,28.266666666666666,-1,256.01280965026257
28815,3,G16_53_H15,14,27.5125,26.8625,28.129166666666663,-1,256.01280965026257
28816,3,G16_53_H15,15,26.820833333333336,26.383333333333336,27.820833333333336,-1,256.01280965026257
28817,3,G16_53_H15,16,26.679166666666664,26.20833333333333,27.4625,-1,256.01280965026257
28818,3,G16_53_H15,17,26.71666666666667,26.004166666666663,27.1875,-1,256.01280965026257
28819,3,G16_53_H15,18,26.320833333333336,25.78333333333333,26.775,-1,256.01280965026257
28820,3,G16_53_H15,19,25.95833333333333,25.52916666666667,26.495833333333334,-1,256.01280965026257
28821,3,G16_53_H15,20,25.59166666666667,25.25,26.2125,-1,256.01280965026257
28822,3,G16_53_H15,21,25.40416666666667,24.92083333333333,26.125,-1,256.01280965026257
28823,3,G16_53_H15,22,25.766666666666666,25.1,26.2125,-1,256.01280965026257
28824,3,G16_53_H15,23,25.875,25.27083333333333,26.28333333333333,-1,256.01280965026257
28825,3,G16_53_H15,24,25.72083333333333,25.39583333333333,26.35833333333333,-1,256.01280965026257
28826,3,G16_53_H15,25,26.0625,25.679166666666664,26.71666666666667,-1,256.01280965026257
28827,3,G16_53_H15,26,26.391666666666666,25.90833333333333,26.79583333333333,-1,256.01280965026257
28828,3,G16_53_H15,27,27.320833333333336,26.854166666666668,27.70833333333333,-1,256.01280965026257
28829,3,G16_53_H15,28,25.891666666666666,25.48333333333333,26.45833333333333,-1,256.01280965026257
28830,3,G16_53_H15,29,24.2375,23.84583333333333,25.016666666666666,-1,256.01280965026257
28831,3,G16_53_H15,30,24.22083333333333,23.791666666666668,24.92083333333333,-1,256.01280965026257
28832,3,G16_53_H15,31,24.35833333333333,23.7625,24.7875,-1,256.01280965026257
28833,3,G16_53_H15,32,24.09166666666667,23.504166666666663,24.554166666666664,-1,256.01280965026257
28834,3,G16_53_H15,33,23.23333333333333,22.866666666666664,23.85833333333333,-1,256.01280965026257
28835,3,G16_53_H15,34,22.5625,22.22083333333333,23.120833333333334,-1,256.01280965026257
28836,3,G16_53_H16,0,34.26363636363636,32.86363636363637,34.90909090909091,-1,228.65842952350263
28837,3,G16_53_H16,1,34.395833333333336,33.795833333333334,35.141666666666666,-1,228.65842952350263
28838,3,G16_53_H16,2,33.59583333333333,33.025,34.354166666666664,-1,228.65842952350263
28839,3,G16_53_H16,3,32.87916666666667,32.31666666666667,33.5625,-1,228.65842952350263
28840,3,G16_53_H16,4,32.34166666666667,31.804166666666664,32.920833333333334,-1,228.65842952350263
28841,3,G16_53_H16,5,31.575,31.175,32.2125,-1,228.65842952350263
28842,3,G16_53_H16,6,30.9125,30.308333333333334,31.504166666666663,-1,228.65842952350263
28843,3,G16_53_H16,7,30.27916666666667,29.820833333333336,31.008333333333336,-1,228.65842952350263
28844,3,G16_53_H16,8,29.879166666666663,29.316666666666663,30.5,-1,228.65842952350263
28845,3,G16_53_H16,9,29.308333333333334,28.95833333333333,30.03333333333333,-1,228.65842952350263
28846,3,G16_53_H16,10,28.816666666666663,28.54583333333333,29.40833333333333,-1,228.65842952350263
28847,3,G16_53_H16,11,28.570833333333336,28.183333333333334,29.09166666666667,-1,228.65842952350263
28848,3,G16_53_H16,12,28.179166666666664,27.65833333333333,28.59166666666667,-1,228.65842952350263
28849,3,G16_53_H16,13,27.625,27.34166666666667,28.054166666666664,-1,228.65842952350263
28850,3,G16_53_H16,14,27.67083333333333,27.27083333333333,27.98333333333333,-1,228.65842952350263
28851,3,G16_53_H16,15,27.22083333333333,26.695833333333336,27.675,-1,228.65842952350263
28852,3,G16_53_H16,16,26.725,26.3125,27.05,-1,228.65842952350263
28853,3,G16_53_H16,17,26.59166666666667,26.166666666666668,26.9625,-1,228.65842952350263
28854,3,G16_53_H16,18,26.3625,26.070833333333336,26.891666666666666,-1,228.65842952350263
28855,3,G16_53_H16,19,26.09166666666667,25.791666666666668,26.625,-1,228.65842952350263
28856,3,G16_53_H16,20,26.09166666666667,25.625,26.445833333333336,-1,228.65842952350263
28857,3,G16_53_H16,21,26.15416666666667,25.641666666666666,26.42083333333333,-1,228.65842952350263
28858,3,G16_53_H16,22,25.729166666666668,25.35,26.204166666666666,-1,228.65842952350263
28859,3,G16_53_H16,23,25.8,25.52916666666667,26.454166666666666,-1,228.65842952350263
28860,3,G16_53_H16,24,26.25,25.995833333333334,26.75,-1,228.65842952350263
28861,3,G16_53_H16,25,26.6125,26.2,26.9375,-1,228.65842952350263
28862,3,G16_53_H16,26,26.954166666666666,26.5375,27.2875,-1,228.65842952350263
28863,3,G16_53_H16,27,27.09583333333333,26.77083333333333,27.445833333333336,-1,228.65842952350263
28864,3,G16_53_H16,28,27.754166666666663,27.516666666666666,28.104166666666668,-1,228.65842952350263
28865,3,G16_53_H16,29,26.48333333333333,26.2,27.03333333333333,-1,228.65842952350263
28866,3,G16_53_H16,30,24.6625,24.379166666666663,25.329166666666666,-1,228.65842952350263
28867,3,G16_53_H16,31,24.84583333333333,24.35,25.245833333333334,-1,228.65842952350263
28868,3,G16_53_H16,32,24.90833333333333,24.40416666666667,25.17083333333333,-1,228.65842952350263
28869,3,G16_53_H16,33,24.6125,24.175,24.98333333333333,-1,228.65842952350263
28870,3,G16_53_H17,-1,33.7,32.975,34.2375,-1,258.54671877249086
28871,3,G16_53_H17,0,34.15416666666667,33.608333333333334,34.9625,-1,258.54671877249086
28872,3,G16_53_H17,1,34.454166666666666,33.5625,35.17916666666667,-1,258.54671877249086
28873,3,G16_53_H17,2,33.300000000000004,32.8125,34.608333333333334,-1,258.54671877249086
28874,3,G16_53_H17,3,32.88333333333333,32.09166666666667,34.141666666666666,-1,258.54671877249086
28875,3,G16_53_H17,4,32.666666666666664,31.508333333333336,33.46666666666667,-1,258.54671877249086
28876,3,G16_53_H17,5,31.820833333333336,30.54583333333333,32.77916666666667,-1,258.54671877249086
28877,3,G16_53_H17,6,31.066666666666663,30.120833333333334,32.25416666666667,-1,258.54671877249086
28878,3,G16_53_H17,7,30.5625,29.475,31.808333333333334,-1,258.54671877249086
28879,3,G16_53_H17,8,30.225,29.2375,31.225,-1,258.54671877249086
28880,3,G16_53_H17,9,29.616666666666664,28.741666666666664,30.6875,-1,258.54671877249086
28881,3,G16_53_H17,10,29.17083333333333,28.28333333333333,30.02916666666667,-1,258.54671877249086
28882,3,G16_53_H17,11,28.84166666666667,27.866666666666664,29.6375,-1,258.54671877249086
28883,3,G16_53_H17,12,28.275,27.4625,29.0125,-1,258.54671877249086
28884,3,G16_53_H17,13,27.754166666666663,27.254166666666663,28.291666666666668,-1,258.54671877249086
28885,3,G16_53_H17,14,27.454166666666666,26.875,28.14583333333333,-1,258.54671877249086
28886,3,G16_53_H17,15,27.070833333333336,26.441666666666663,27.816666666666663,-1,258.54671877249086
28887,3,G16_53_H17,16,26.9,26.383333333333336,27.4,-1,258.54671877249086
28888,3,G16_53_H17,17,26.629166666666663,26.191666666666663,27.225,-1,258.54671877249086
28889,3,G16_53_H17,18,26.433333333333334,25.891666666666666,26.829166666666666,-1,258.54671877249086
28890,3,G16_53_H17,19,26.27083333333333,25.704166666666666,26.604166666666668,-1,258.54671877249086
28891,3,G16_53_H17,20,25.84166666666667,25.4625,26.433333333333334,-1,258.54671877249086
28892,3,G16_53_H17,21,25.5125,25.0875,26.245833333333334,-1,258.54671877249086
28893,3,G16_53_H17,22,25.766666666666666,25.304166666666664,26.45,-1,258.54671877249086
28894,3,G16_53_H17,23,25.995833333333334,25.445833333333336,26.491666666666664,-1,258.54671877249086
28895,3,G16_53_H17,24,26.079166666666666,25.52083333333333,26.516666666666666,-1,258.54671877249086
28896,3,G16_53_H17,25,26.304166666666664,25.78333333333333,26.866666666666664,-1,258.54671877249086
28897,3,G16_53_H17,26,26.3625,25.90833333333333,26.97083333333333,-1,258.54671877249086
28898,3,G16_53_H17,27,27.275,26.945833333333336,27.816666666666663,-1,258.54671877249086
28899,3,G16_53_H17,28,26.225,25.766666666666666,26.804166666666664,-1,258.54671877249086
28900,3,G16_53_H17,29,24.55,24.09583333333333,25.245833333333334,-1,258.54671877249086
28901,3,G16_53_H17,30,24.258333333333336,23.90416666666667,25.08333333333333,-1,258.54671877249086
28902,3,G16_53_H17,31,24.2375,23.83333333333333,24.854166666666668,-1,258.54671877249086
28903,3,G16_53_H17,32,24.258333333333336,23.6875,24.745833333333334,-1,258.54671877249086
28904,3,G16_53_H17,33,23.416666666666668,22.89583333333333,23.92083333333333,-1,258.54671877249086
28905,3,G16_53_H17,34,22.695833333333336,22.425,23.28333333333333,-1,258.54671877249086
28906,3,G16_53_H18,0,34.32727272727273,33.25454545454546,34.809090909090905,0,307.55581920420155
28907,3,G16_53_H18,1,34.362500000000004,33.85,34.925000000000004,0,307.55581920420155
28908,3,G16_53_H18,2,33.516666666666666,33.07083333333333,34.12083333333333,0,307.55581920420155
28909,3,G16_53_H18,3,33.045833333333334,32.37083333333333,33.37916666666667,0,307.55581920420155
28910,3,G16_53_H18,4,32.295833333333334,31.766666666666666,32.833333333333336,0,307.55581920420155
28911,3,G16_53_H18,5,31.508333333333336,31.133333333333336,32.125,0,307.55581920420155
28912,3,G16_53_H18,6,30.825,30.229166666666668,31.391666666666666,0,307.55581920420155
28913,3,G16_53_H18,7,30.35833333333333,29.7125,30.9875,0,307.55581920420155
28914,3,G16_53_H18,8,29.9625,29.27083333333333,30.47083333333333,0,307.55581920420155
28915,3,G16_53_H18,9,29.429166666666664,28.875,30.0,0,307.55581920420155
28916,3,G16_53_H18,10,28.97083333333333,28.441666666666663,29.504166666666663,0,307.55581920420155
28917,3,G16_53_H18,11,28.42083333333333,28.066666666666663,28.933333333333334,0,307.55581920420155
28918,3,G16_53_H18,12,28.0875,27.6125,28.6125,0,307.55581920420155
28919,3,G16_53_H18,13,27.666666666666668,27.34166666666667,28.058333333333334,0,307.55581920420155
28920,3,G16_53_H18,14,27.4375,27.166666666666668,27.90833333333333,0,307.55581920420155
28921,3,G16_53_H18,15,26.98333333333333,26.72083333333333,27.48333333333333,0,307.55581920420155
28922,3,G16_53_H18,16,26.55,26.1625,26.9875,0,307.55581920420155
28923,3,G16_53_H18,17,26.579166666666666,26.141666666666666,26.866666666666664,0,307.55581920420155
28924,3,G16_53_H18,18,26.3875,26.02916666666667,26.729166666666668,0,307.55581920420155
28925,3,G16_53_H18,19,25.9625,25.741666666666664,26.46666666666667,0,307.55581920420155
28926,3,G16_53_H18,20,25.679166666666664,25.4875,26.2875,0,307.55581920420155
28927,3,G16_53_H18,21,25.8875,25.5,26.2625,0,307.55581920420155
28928,3,G16_53_H18,22,25.79583333333333,25.166666666666668,26.058333333333334,0,307.55581920420155
28929,3,G16_53_H18,23,25.775,25.325,26.20833333333333,0,307.55581920420155
28930,3,G16_53_H18,24,25.9625,25.71666666666667,26.5125,0,307.55581920420155
28931,3,G16_53_H18,25,26.204166666666666,25.954166666666666,26.71666666666667,0,307.55581920420155
28932,3,G16_53_H18,26,26.725,26.34583333333333,27.15833333333333,0,307.55581920420155
28933,3,G16_53_H18,27,27.08333333333333,26.60833333333333,27.33333333333333,0,307.55581920420155
28934,3,G16_53_H18,28,27.725,27.425,28.04583333333333,0,307.55581920420155
28935,3,G16_53_H18,29,26.495833333333334,26.104166666666668,26.891666666666666,0,307.55581920420155
28936,3,G16_53_H18,30,24.8,24.23333333333333,25.21666666666667,0,307.55581920420155
28937,3,G16_53_H18,31,24.445833333333336,24.08333333333333,25.016666666666666,0,307.55581920420155
28938,3,G16_53_H18,32,24.454166666666666,24.2125,25.070833333333336,0,307.55581920420155
28939,3,G16_53_H18,33,24.59583333333333,24.22083333333333,25.008333333333336,0,307.55581920420155
28940,3,G16_53_H19,-1,33.29090909090909,31.11818181818182,34.18181818181818,-1,253.3946732693072
28941,3,G16_53_H19,0,34.0375,33.15833333333333,34.979166666666664,-1,253.3946732693072
28942,3,G16_53_H19,1,34.041666666666664,33.21666666666666,34.920833333333334,-1,253.3946732693072
28943,3,G16_53_H19,2,33.24583333333333,32.5125,34.454166666666666,-1,253.3946732693072
28944,3,G16_53_H19,3,32.5,31.95,33.8125,-1,253.3946732693072
28945,3,G16_53_H19,4,32.229166666666664,31.4375,33.00416666666667,-1,253.3946732693072
28946,3,G16_53_H19,5,31.08333333333333,30.370833333333334,32.2125,-1,253.3946732693072
28947,3,G16_53_H19,6,30.65833333333333,29.933333333333334,31.691666666666663,-1,253.3946732693072
28948,3,G16_53_H19,7,30.133333333333336,29.254166666666663,31.429166666666664,-1,253.3946732693072
28949,3,G16_53_H19,8,29.829166666666666,28.9875,30.96666666666667,-1,253.3946732693072
28950,3,G16_53_H19,9,29.47083333333333,28.6,30.3875,-1,253.3946732693072
28951,3,G16_53_H19,10,29.1375,28.195833333333336,29.925,-1,253.3946732693072
28952,3,G16_53_H19,11,28.766666666666666,27.59583333333333,29.641666666666666,-1,253.3946732693072
28953,3,G16_53_H19,12,28.25,27.320833333333336,28.9625,-1,253.3946732693072
28954,3,G16_53_H19,13,27.79583333333333,27.14583333333333,28.291666666666668,-1,253.3946732693072
28955,3,G16_53_H19,14,27.3875,26.78333333333333,28.066666666666663,-1,253.3946732693072
28956,3,G16_53_H19,15,27.0625,26.316666666666663,27.85,-1,253.3946732693072
28957,3,G16_53_H19,16,26.7,26.183333333333334,27.48333333333333,-1,253.3946732693072
28958,3,G16_53_H19,17,26.425,25.9625,27.17083333333333,-1,253.3946732693072
28959,3,G16_53_H19,18,26.3125,25.6,26.7625,-1,253.3946732693072
28960,3,G16_53_H19,19,25.954166666666666,25.416666666666668,26.475,-1,253.3946732693072
28961,3,G16_53_H19,20,25.525,25.204166666666666,26.120833333333334,-1,253.3946732693072
28962,3,G16_53_H19,21,25.10833333333333,24.791666666666668,25.85,-1,253.3946732693072
28963,3,G16_53_H19,22,25.441666666666663,24.995833333333334,26.10833333333333,-1,253.3946732693072
28964,3,G16_53_H19,23,25.84583333333333,25.241666666666664,26.1625,-1,253.3946732693072
28965,3,G16_53_H19,24,25.83333333333333,25.40416666666667,26.25,-1,253.3946732693072
28966,3,G16_53_H19,25,26.004166666666663,25.675,26.620833333333334,-1,253.3946732693072
28967,3,G16_53_H19,26,26.504166666666663,26.116666666666664,27.070833333333336,-1,253.3946732693072
28968,3,G16_53_H19,27,27.308333333333334,26.929166666666664,27.725,-1,253.3946732693072
28969,3,G16_53_H19,28,25.92083333333333,25.48333333333333,26.495833333333334,-1,253.3946732693072
28970,3,G16_53_H19,29,24.329166666666666,23.7375,24.9875,-1,253.3946732693072
28971,3,G16_53_H19,30,24.133333333333336,23.683333333333334,24.7625,-1,253.3946732693072
28972,3,G16_53_H19,31,23.97083333333333,23.6875,24.6625,-1,253.3946732693072
28973,3,G16_53_H19,32,23.675,23.241666666666664,24.225,-1,253.3946732693072
28974,3,G16_53_H19,33,23.20833333333333,22.7125,23.64583333333333,-1,253.3946732693072
28975,3,G16_53_H19,34,22.52083333333333,22.179166666666664,23.008333333333336,-1,253.3946732693072
28976,3,G16_53_H2,-2,27.66923076923077,25.892307692307693,27.930769230769236,0,304.20989920307204
28977,3,G16_53_H2,-1,32.84166666666667,32.27916666666666,33.358333333333334,0,304.20989920307204
28978,3,G16_53_H2,0,33.641666666666666,32.94583333333333,34.27916666666667,0,304.20989920307204
28979,3,G16_53_H2,1,33.90833333333333,33.391666666666666,34.4625,0,304.20989920307204
28980,3,G16_53_H2,2,33.170833333333334,32.541666666666664,33.770833333333336,0,304.20989920307204
28981,3,G16_53_H2,3,32.37916666666667,31.991666666666664,32.954166666666666,0,304.20989920307204
28982,3,G16_53_H2,4,31.566666666666663,31.316666666666663,32.2625,0,304.20989920307204
28983,3,G16_53_H2,5,30.954166666666666,30.6,31.59166666666667,0,304.20989920307204
28984,3,G16_53_H2,6,30.15833333333333,29.870833333333334,30.941666666666663,0,304.20989920307204
28985,3,G16_53_H2,7,29.5625,29.15416666666667,30.329166666666666,0,304.20989920307204
28986,3,G16_53_H2,8,29.179166666666664,28.7,29.71666666666667,0,304.20989920307204
28987,3,G16_53_H2,9,29.008333333333336,28.4125,29.5125,0,304.20989920307204
28988,3,G16_53_H2,10,28.6875,28.066666666666663,29.21666666666667,0,304.20989920307204
28989,3,G16_53_H2,11,28.3,27.929166666666664,28.791666666666668,0,304.20989920307204
28990,3,G16_53_H2,12,28.058333333333334,27.683333333333334,28.52083333333333,0,304.20989920307204
28991,3,G16_53_H2,13,27.695833333333336,27.3125,28.066666666666663,0,304.20989920307204
28992,3,G16_53_H2,14,27.2375,26.820833333333336,27.6375,0,304.20989920307204
28993,3,G16_53_H2,15,26.85833333333333,26.554166666666664,27.3375,0,304.20989920307204
28994,3,G16_53_H2,16,26.775,26.495833333333334,27.2625,0,304.20989920307204
28995,3,G16_53_H2,17,26.504166666666663,26.291666666666668,26.97083333333333,0,304.20989920307204
28996,3,G16_53_H2,18,26.1125,25.825,26.525,0,304.20989920307204
28997,3,G16_53_H2,19,26.10833333333333,25.65833333333333,26.445833333333336,0,304.20989920307204
28998,3,G16_53_H2,20,26.004166666666663,25.604166666666668,26.34166666666667,0,304.20989920307204
28999,3,G16_53_H2,21,25.6375,25.34583333333333,26.1125,0,304.20989920307204
29000,3,G16_53_H2,22,25.40416666666667,25.175,26.008333333333336,0,304.20989920307204
29001,3,G16_53_H2,23,25.566666666666663,25.29583333333333,26.04583333333333,0,304.20989920307204
29002,3,G16_53_H2,24,25.34166666666667,24.891666666666666,25.72083333333333,0,304.20989920307204
29003,3,G16_53_H2,25,25.77083333333333,25.191666666666663,26.070833333333336,0,304.20989920307204
29004,3,G16_53_H2,26,26.1,25.745833333333334,26.575,0,304.20989920307204
29005,3,G16_53_H2,27,26.379166666666663,26.120833333333334,26.933333333333334,0,304.20989920307204
29006,3,G16_53_H2,28,26.558333333333334,26.266666666666666,27.025,0,304.20989920307204
29007,3,G16_53_H2,29,26.85,26.48333333333333,27.195833333333336,0,304.20989920307204
29008,3,G16_53_H2,30,27.475,27.191666666666663,27.804166666666664,0,304.20989920307204
29009,3,G16_53_H2,31,26.225,25.883333333333336,26.691666666666663,0,304.20989920307204
29010,3,G16_53_H2,32,24.254166666666663,23.96666666666667,24.9125,0,304.20989920307204
29011,3,G16_53_H2,33,24.229166666666668,23.83333333333333,24.65833333333333,0,304.20989920307204
29012,3,G16_53_H2,34,24.183333333333334,23.71666666666667,24.5625,0,304.20989920307204
29013,3,G16_53_H20,-1,30.763636363636365,29.1,30.91818181818181,-1,220.9311417328464
29014,3,G16_53_H20,0,33.675000000000004,32.791666666666664,34.516666666666666,-1,220.9311417328464
29015,3,G16_53_H20,1,33.82083333333333,33.15833333333333,34.645833333333336,-1,220.9311417328464
29016,3,G16_53_H20,2,33.30416666666667,32.71666666666667,34.03333333333333,-1,220.9311417328464
29017,3,G16_53_H20,3,32.7875,32.1375,33.391666666666666,-1,220.9311417328464
29018,3,G16_53_H20,4,32.05833333333333,31.558333333333334,32.775,-1,220.9311417328464
29019,3,G16_53_H20,5,31.079166666666666,30.6125,32.020833333333336,-1,220.9311417328464
29020,3,G16_53_H20,6,30.8375,30.183333333333334,31.383333333333336,-1,220.9311417328464
29021,3,G16_53_H20,7,30.15833333333333,29.64583333333333,30.729166666666668,-1,220.9311417328464
29022,3,G16_53_H20,8,29.766666666666666,29.23333333333333,30.366666666666664,-1,220.9311417328464
29023,3,G16_53_H20,9,29.3,28.8375,29.8375,-1,220.9311417328464
29024,3,G16_53_H20,10,28.820833333333336,28.354166666666668,29.3625,-1,220.9311417328464
29025,3,G16_53_H20,11,28.33333333333333,27.945833333333336,28.995833333333334,-1,220.9311417328464
29026,3,G16_53_H20,12,27.8,27.52083333333333,28.4,-1,220.9311417328464
29027,3,G16_53_H20,13,27.70833333333333,27.4375,28.129166666666663,-1,220.9311417328464
29028,3,G16_53_H20,14,27.3875,26.929166666666664,27.7125,-1,220.9311417328464
29029,3,G16_53_H20,15,26.820833333333336,26.445833333333336,27.27916666666667,-1,220.9311417328464
29030,3,G16_53_H20,16,26.6,26.35,27.125,-1,220.9311417328464
29031,3,G16_53_H20,17,26.416666666666668,26.166666666666668,26.95,-1,220.9311417328464
29032,3,G16_53_H20,18,26.2375,25.98333333333333,26.725,-1,220.9311417328464
29033,3,G16_53_H20,19,26.27083333333333,25.77916666666667,26.604166666666668,-1,220.9311417328464
29034,3,G16_53_H20,20,26.225,25.679166666666664,26.541666666666668,-1,220.9311417328464
29035,3,G16_53_H20,21,25.77916666666667,25.275,26.225,-1,220.9311417328464
29036,3,G16_53_H20,22,25.9625,25.5625,26.54583333333333,-1,220.9311417328464
29037,3,G16_53_H20,23,26.179166666666664,25.96666666666667,26.791666666666668,-1,220.9311417328464
29038,3,G16_53_H20,24,26.59583333333333,26.3625,27.166666666666668,-1,220.9311417328464
29039,3,G16_53_H20,25,27.141666666666666,26.7375,27.504166666666663,-1,220.9311417328464
29040,3,G16_53_H20,26,27.3875,26.9625,27.629166666666663,-1,220.9311417328464
29041,3,G16_53_H20,27,27.941666666666663,27.65416666666667,28.2625,-1,220.9311417328464
29042,3,G16_53_H20,28,26.579166666666666,26.29583333333333,27.066666666666663,-1,220.9311417328464
29043,3,G16_53_H20,29,24.975,24.516666666666666,25.491666666666664,-1,220.9311417328464
29044,3,G16_53_H20,30,25.204166666666666,24.525,25.491666666666664,-1,220.9311417328464
29045,3,G16_53_H20,31,25.204166666666666,24.729166666666668,25.5375,-1,220.9311417328464
29046,3,G16_53_H20,32,24.78333333333333,24.52916666666667,25.34166666666667,-1,220.9311417328464
29047,3,G16_53_H20,33,24.22083333333333,24.016666666666666,24.79583333333333,-1,220.9311417328464
29048,3,G16_53_H20,34,23.53333333333333,23.2875,23.9875,-1,220.9311417328464
29049,3,G16_53_H3,-2,31.13076923076923,28.73076923076923,31.62307692307693,-1,173.8834198379884
29050,3,G16_53_H3,-1,32.895833333333336,32.42083333333333,33.854166666666664,-1,173.8834198379884
29051,3,G16_53_H3,0,34.28333333333334,33.37083333333333,34.95,-1,173.8834198379884
29052,3,G16_53_H3,1,34.62916666666667,33.80416666666667,35.37916666666667,-1,173.8834198379884
29053,3,G16_53_H3,2,34.2125,32.854166666666664,34.80833333333333,-1,173.8834198379884
29054,3,G16_53_H3,3,33.31666666666667,32.1875,34.041666666666664,-1,173.8834198379884
29055,3,G16_53_H3,4,32.37083333333333,31.508333333333336,33.25833333333333,-1,173.8834198379884
29056,3,G16_53_H3,5,31.604166666666668,30.75,32.375,-1,173.8834198379884
29057,3,G16_53_H3,6,30.820833333333336,30.129166666666663,31.67083333333333,-1,173.8834198379884
29058,3,G16_53_H3,7,29.870833333333334,29.42083333333333,30.916666666666668,-1,173.8834198379884
29059,3,G16_53_H3,8,29.558333333333334,28.70833333333333,30.4625,-1,173.8834198379884
29060,3,G16_53_H3,9,29.33333333333333,28.46666666666667,30.1,-1,173.8834198379884
29061,3,G16_53_H3,10,28.64583333333333,28.15,29.804166666666664,-1,173.8834198379884
29062,3,G16_53_H3,11,28.554166666666664,27.991666666666664,29.416666666666668,-1,173.8834198379884
29063,3,G16_53_H3,12,28.1625,27.745833333333334,28.95833333333333,-1,173.8834198379884
29064,3,G16_53_H3,13,27.82083333333333,27.245833333333334,28.516666666666666,-1,173.8834198379884
29065,3,G16_53_H3,14,27.34583333333333,26.8125,28.09583333333333,-1,173.8834198379884
29066,3,G16_53_H3,15,27.02083333333333,26.59583333333333,27.666666666666668,-1,173.8834198379884
29067,3,G16_53_H3,16,26.854166666666668,26.516666666666666,27.42083333333333,-1,173.8834198379884
29068,3,G16_53_H3,17,26.570833333333336,26.116666666666664,27.04583333333333,-1,173.8834198379884
29069,3,G16_53_H3,18,26.291666666666668,25.6875,26.691666666666663,-1,173.8834198379884
29070,3,G16_53_H3,19,26.02916666666667,25.479166666666668,26.479166666666668,-1,173.8834198379884
29071,3,G16_53_H3,20,25.8,25.3625,26.4,-1,173.8834198379884
29072,3,G16_53_H3,21,25.60833333333333,25.2875,26.195833333333336,-1,173.8834198379884
29073,3,G16_53_H3,22,25.508333333333336,25.20833333333333,26.133333333333336,-1,173.8834198379884
29074,3,G16_53_H3,23,25.53333333333333,25.075,26.0,-1,173.8834198379884
29075,3,G16_53_H3,24,25.35,24.6375,25.6375,-1,173.8834198379884
29076,3,G16_53_H3,25,25.554166666666664,24.929166666666664,25.929166666666664,-1,173.8834198379884
29077,3,G16_53_H3,26,25.65,25.245833333333334,26.179166666666664,-1,173.8834198379884
29078,3,G16_53_H3,27,25.8625,25.5625,26.55,-1,173.8834198379884
29079,3,G16_53_H3,28,26.02916666666667,25.6375,26.59166666666667,-1,173.8834198379884
29080,3,G16_53_H3,29,26.33333333333333,25.829166666666666,26.725,-1,173.8834198379884
29081,3,G16_53_H3,30,26.77083333333333,26.383333333333336,27.2,-1,173.8834198379884
29082,3,G16_53_H3,31,25.225,24.8125,25.804166666666664,-1,173.8834198379884
29083,3,G16_53_H3,32,23.258333333333336,22.945833333333336,23.9,-1,173.8834198379884
29084,3,G16_53_H3,33,23.041666666666668,22.54583333333333,23.48333333333333,-1,173.8834198379884
29085,3,G16_53_H3,34,22.85,22.308333333333334,23.225,-1,173.8834198379884
29086,3,G16_53_H4,-2,27.22307692307692,25.284615384615385,27.392307692307693,-1,239.7538655205358
29087,3,G16_53_H4,-1,32.829166666666666,32.170833333333334,33.38333333333333,-1,239.7538655205358
29088,3,G16_53_H4,0,33.81666666666667,32.96666666666667,34.391666666666666,-1,239.7538655205358
29089,3,G16_53_H4,1,33.862500000000004,33.25,34.583333333333336,-1,239.7538655205358
29090,3,G16_53_H4,2,33.104166666666664,32.4375,33.8375,-1,239.7538655205358
29091,3,G16_53_H4,3,32.4625,31.820833333333336,33.166666666666664,-1,239.7538655205358
29092,3,G16_53_H4,4,31.5,31.125,32.487500000000004,-1,239.7538655205358
29093,3,G16_53_H4,5,30.97083333333333,30.454166666666666,31.73333333333333,-1,239.7538655205358
29094,3,G16_53_H4,6,30.35,29.7625,31.02916666666667,-1,239.7538655205358
29095,3,G16_53_H4,7,29.616666666666664,29.02083333333333,30.441666666666663,-1,239.7538655205358
29096,3,G16_53_H4,8,29.316666666666663,28.5375,29.89583333333333,-1,239.7538655205358
29097,3,G16_53_H4,9,29.058333333333334,28.29583333333333,29.6625,-1,239.7538655205358
29098,3,G16_53_H4,10,28.704166666666666,27.995833333333334,29.316666666666663,-1,239.7538655205358
29099,3,G16_53_H4,11,28.125,27.883333333333336,28.875,-1,239.7538655205358
29100,3,G16_53_H4,12,28.008333333333336,27.679166666666664,28.5625,-1,239.7538655205358
29101,3,G16_53_H4,13,27.52916666666667,27.241666666666664,28.09583333333333,-1,239.7538655205358
29102,3,G16_53_H4,14,27.22083333333333,26.78333333333333,27.71666666666667,-1,239.7538655205358
29103,3,G16_53_H4,15,27.03333333333333,26.6,27.40416666666667,-1,239.7538655205358
29104,3,G16_53_H4,16,27.03333333333333,26.5125,27.3125,-1,239.7538655205358
29105,3,G16_53_H4,17,26.5375,26.21666666666667,27.0125,-1,239.7538655205358
29106,3,G16_53_H4,18,25.98333333333333,25.7375,26.54583333333333,-1,239.7538655205358
29107,3,G16_53_H4,19,25.9375,25.641666666666666,26.425,-1,239.7538655205358
29108,3,G16_53_H4,20,25.95833333333333,25.579166666666666,26.379166666666663,-1,239.7538655205358
29109,3,G16_53_H4,21,25.820833333333336,25.3625,26.1375,-1,239.7538655205358
29110,3,G16_53_H4,22,25.579166666666666,25.21666666666667,26.0625,-1,239.7538655205358
29111,3,G16_53_H4,23,25.5375,25.304166666666664,26.0625,-1,239.7538655205358
29112,3,G16_53_H4,24,25.254166666666663,25.025,25.875,-1,239.7538655205358
29113,3,G16_53_H4,25,25.695833333333336,25.33333333333333,26.166666666666668,-1,239.7538655205358
29114,3,G16_53_H4,26,26.383333333333336,25.879166666666663,26.675,-1,239.7538655205358
29115,3,G16_53_H4,27,26.40416666666667,26.0625,26.816666666666663,-1,239.7538655205358
29116,3,G16_53_H4,28,26.58333333333333,26.34583333333333,27.10833333333333,-1,239.7538655205358
29117,3,G16_53_H4,29,26.73333333333333,26.425,27.09166666666667,-1,239.7538655205358
29118,3,G16_53_H4,30,27.3125,27.041666666666668,27.620833333333334,-1,239.7538655205358
29119,3,G16_53_H4,31,25.77916666666667,25.495833333333334,26.2875,-1,239.7538655205358
29120,3,G16_53_H4,32,23.72083333333333,23.47083333333333,24.316666666666663,-1,239.7538655205358
29121,3,G16_53_H4,33,23.191666666666663,22.96666666666667,23.766666666666666,-1,239.7538655205358
29122,3,G16_53_H4,34,23.59166666666667,23.2,23.945833333333336,-1,239.7538655205358
29123,3,G16_53_H5,-2,32.2,29.753846153846155,32.8,-1,251.1010426632409
29124,3,G16_53_H5,-1,33.395833333333336,32.13333333333333,34.175000000000004,-1,251.1010426632409
29125,3,G16_53_H5,0,34.416666666666664,33.15416666666667,35.03333333333333,-1,251.1010426632409
29126,3,G16_53_H5,1,34.575,33.612500000000004,35.425000000000004,-1,251.1010426632409
29127,3,G16_53_H5,2,33.8875,32.62916666666667,34.65833333333333,-1,251.1010426632409
29128,3,G16_53_H5,3,33.112500000000004,32.05416666666667,33.94166666666667,-1,251.1010426632409
29129,3,G16_53_H5,4,32.37083333333333,31.3375,33.21666666666667,-1,251.1010426632409
29130,3,G16_53_H5,5,31.5625,30.570833333333336,32.479166666666664,-1,251.1010426632409
29131,3,G16_53_H5,6,30.829166666666666,29.85,31.6875,-1,251.1010426632409
29132,3,G16_53_H5,7,30.354166666666668,29.195833333333336,30.991666666666664,-1,251.1010426632409
29133,3,G16_53_H5,8,29.84166666666667,28.575,30.64583333333333,-1,251.1010426632409
29134,3,G16_53_H5,9,29.441666666666663,28.325,30.47083333333333,-1,251.1010426632409
29135,3,G16_53_H5,10,29.225,28.0125,30.175,-1,251.1010426632409
29136,3,G16_53_H5,11,28.729166666666668,27.879166666666663,29.7,-1,251.1010426632409
29137,3,G16_53_H5,12,28.2,27.54583333333333,29.441666666666663,-1,251.1010426632409
29138,3,G16_53_H5,13,27.883333333333336,27.03333333333333,29.025,-1,251.1010426632409
29139,3,G16_53_H5,14,27.45833333333333,26.641666666666666,28.441666666666663,-1,251.1010426632409
29140,3,G16_53_H5,15,27.0875,26.34166666666667,27.941666666666663,-1,251.1010426632409
29141,3,G16_53_H5,16,26.9375,26.27916666666667,27.541666666666668,-1,251.1010426632409
29142,3,G16_53_H5,17,26.516666666666666,25.96666666666667,27.329166666666666,-1,251.1010426632409
29143,3,G16_53_H5,18,26.320833333333336,25.391666666666666,26.96666666666667,-1,251.1010426632409
29144,3,G16_53_H5,19,25.829166666666666,25.23333333333333,26.67083333333333,-1,251.1010426632409
29145,3,G16_53_H5,20,25.58333333333333,25.2,26.3,-1,251.1010426632409
29146,3,G16_53_H5,21,25.441666666666663,24.891666666666666,26.004166666666663,-1,251.1010426632409
29147,3,G16_53_H5,22,25.35,24.75,25.75,-1,251.1010426632409
29148,3,G16_53_H5,23,24.95,24.5375,25.47083333333333,-1,251.1010426632409
29149,3,G16_53_H5,24,24.6125,24.2,25.370833333333334,-1,251.1010426632409
29150,3,G16_53_H5,25,24.816666666666663,24.541666666666668,25.59583333333333,-1,251.1010426632409
29151,3,G16_53_H5,26,25.379166666666663,24.90416666666667,25.85,-1,251.1010426632409
29152,3,G16_53_H5,27,25.71666666666667,25.075,26.125,-1,251.1010426632409
29153,3,G16_53_H5,28,25.85833333333333,25.3875,26.40416666666667,-1,251.1010426632409
29154,3,G16_53_H5,29,26.0875,25.73333333333333,26.695833333333336,-1,251.1010426632409
29155,3,G16_53_H5,30,26.854166666666668,26.508333333333336,27.35,-1,251.1010426632409
29156,3,G16_53_H5,31,25.245833333333334,24.75,25.825,-1,251.1010426632409
29157,3,G16_53_H5,32,22.979166666666668,22.604166666666668,23.758333333333336,-1,251.1010426632409
29158,3,G16_53_H5,33,22.825,22.308333333333334,23.429166666666664,-1,251.1010426632409
29159,3,G16_53_H5,34,22.766666666666666,22.204166666666666,23.1375,-1,251.1010426632409
29160,3,G16_53_H6,8,29.23333333333333,28.633333333333336,29.7,0,316.527851281851
29161,3,G16_53_H6,9,29.116666666666664,28.58333333333333,29.58333333333333,0,316.527851281851
29162,3,G16_53_H6,10,28.77083333333333,28.35,29.175,0,316.527851281851
29163,3,G16_53_H6,11,28.4625,27.979166666666668,28.85,0,316.527851281851
29164,3,G16_53_H6,12,28.125,27.541666666666668,28.508333333333336,0,316.527851281851
29165,3,G16_53_H6,13,27.558333333333334,27.22083333333333,27.92083333333333,0,316.527851281851
29166,3,G16_53_H6,14,27.5375,27.116666666666664,27.79583333333333,0,316.527851281851
29167,3,G16_53_H6,15,27.079166666666666,26.7,27.39583333333333,0,316.527851281851
29168,3,G16_53_H6,16,26.53333333333333,26.183333333333334,26.945833333333336,0,316.527851281851
29169,3,G16_53_H6,17,26.2375,26.03333333333333,26.7625,0,316.527851281851
29170,3,G16_53_H6,18,26.175,25.925,26.64583333333333,0,316.527851281851
29171,3,G16_53_H6,19,26.125,25.67083333333333,26.445833333333336,0,316.527851281851
29172,3,G16_53_H6,20,25.975,25.508333333333336,26.441666666666663,0,316.527851281851
29173,3,G16_53_H6,21,25.96666666666667,25.6375,26.454166666666666,0,316.527851281851
29174,3,G16_53_H6,22,25.566666666666663,25.34583333333333,26.15833333333333,0,316.527851281851
29175,3,G16_53_H6,23,25.8375,25.53333333333333,26.354166666666668,0,316.527851281851
29176,3,G16_53_H6,24,26.45,25.979166666666668,26.741666666666664,0,316.527851281851
29177,3,G16_53_H6,25,26.704166666666666,26.28333333333333,26.991666666666664,0,316.527851281851
29178,3,G16_53_H6,26,26.879166666666663,26.6375,27.316666666666663,0,316.527851281851
29179,3,G16_53_H6,27,27.120833333333334,26.879166666666663,27.52083333333333,0,316.527851281851
29180,3,G16_53_H6,28,27.875,27.59166666666667,28.15416666666667,0,316.527851281851
29181,3,G16_53_H6,29,26.554166666666664,26.25,26.979166666666668,0,316.527851281851
29182,3,G16_53_H6,30,24.6125,24.175,25.0875,0,316.527851281851
29183,3,G16_53_H6,31,24.566666666666663,24.008333333333336,24.85,0,316.527851281851
29184,3,G16_53_H6,32,24.366666666666664,24.008333333333336,24.820833333333336,0,316.527851281851
29185,3,G16_53_H6,33,24.1,23.89583333333333,24.65833333333333,0,316.527851281851
29186,3,G16_53_H7,-2,31.753846153846155,29.46923076923077,32.42307692307692,0,310.9965024784591
29187,3,G16_53_H7,-1,33.0125,32.31666666666667,34.041666666666664,0,310.9965024784591
29188,3,G16_53_H7,0,34.24166666666667,33.25,34.94583333333333,0,310.9965024784591
29189,3,G16_53_H7,1,34.791666666666664,33.72083333333333,35.458333333333336,0,310.9965024784591
29190,3,G16_53_H7,2,34.09166666666667,32.88333333333333,34.94166666666667,0,310.9965024784591
29191,3,G16_53_H7,3,32.854166666666664,32.15833333333333,34.2125,0,310.9965024784591
29192,3,G16_53_H7,4,32.46666666666667,31.4625,33.4375,0,310.9965024784591
29193,3,G16_53_H7,5,31.90833333333333,30.67083333333333,32.65833333333334,0,310.9965024784591
29194,3,G16_53_H7,6,31.23333333333333,29.991666666666664,32.083333333333336,0,310.9965024784591
29195,3,G16_53_H7,7,30.5625,29.279166666666665,31.391666666666666,0,310.9965024784591
29196,3,G16_53_H7,8,29.9375,28.558333333333334,30.820833333333336,0,310.9965024784591
29197,3,G16_53_H7,9,29.29583333333333,28.245833333333334,30.58333333333333,0,310.9965024784591
29198,3,G16_53_H7,10,28.7125,27.925,30.28333333333333,0,310.9965024784591
29199,3,G16_53_H7,11,28.59166666666667,27.79583333333333,29.854166666666668,0,310.9965024784591
29200,3,G16_53_H7,12,28.71666666666667,27.45833333333333,29.4875,0,310.9965024784591
29201,3,G16_53_H7,13,27.79583333333333,27.058333333333334,28.84583333333333,0,310.9965024784591
29202,3,G16_53_H7,14,27.71666666666667,26.6125,28.491666666666664,0,310.9965024784591
29203,3,G16_53_H7,15,27.1,26.4,28.02083333333333,0,310.9965024784591
29204,3,G16_53_H7,16,26.870833333333334,26.29583333333333,27.541666666666668,0,310.9965024784591
29205,3,G16_53_H7,17,26.766666666666666,26.08333333333333,27.21666666666667,0,310.9965024784591
29206,3,G16_53_H7,18,26.1125,25.491666666666664,26.825,0,310.9965024784591
29207,3,G16_53_H7,19,25.829166666666666,25.320833333333336,26.558333333333334,0,310.9965024784591
29208,3,G16_53_H7,20,25.729166666666668,25.28333333333333,26.258333333333336,0,310.9965024784591
29209,3,G16_53_H7,21,25.433333333333334,24.9625,25.891666666666666,0,310.9965024784591
29210,3,G16_53_H7,22,25.354166666666668,24.85833333333333,25.78333333333333,0,310.9965024784591
29211,3,G16_53_H7,23,25.09166666666667,24.725,25.6,0,310.9965024784591
29212,3,G16_53_H7,24,24.695833333333336,24.354166666666668,25.40416666666667,0,310.9965024784591
29213,3,G16_53_H7,25,25.075,24.775,25.7125,0,310.9965024784591
29214,3,G16_53_H7,26,25.566666666666663,25.1125,26.0375,0,310.9965024784591
29215,3,G16_53_H7,27,25.97083333333333,25.383333333333336,26.35,0,310.9965024784591
29216,3,G16_53_H7,28,26.041666666666668,25.58333333333333,26.52916666666667,0,310.9965024784591
29217,3,G16_53_H7,29,26.20833333333333,25.820833333333336,26.75,0,310.9965024784591
29218,3,G16_53_H7,30,26.875,26.54583333333333,27.4,0,310.9965024784591
29219,3,G16_53_H7,31,25.441666666666663,24.95833333333333,26.05,0,310.9965024784591
29220,3,G16_53_H7,32,23.75,23.09583333333333,24.25,0,310.9965024784591
29221,3,G16_53_H7,33,23.64583333333333,23.02916666666667,24.070833333333336,0,310.9965024784591
29222,3,G16_53_H7,34,23.46666666666667,23.08333333333333,24.066666666666663,0,310.9965024784591
29223,3,G16_53_H8,0,33.47272727272727,32.49090909090909,34.27272727272727,0,261.94080167753765
29224,3,G16_53_H8,1,33.62083333333333,33.06666666666667,34.275,0,261.94080167753765
29225,3,G16_53_H8,2,32.95,32.354166666666664,33.5625,0,261.94080167753765
29226,3,G16_53_H8,3,32.15,31.72083333333333,32.829166666666666,0,261.94080167753765
29227,3,G16_53_H8,4,31.65833333333333,31.1375,32.17916666666667,0,261.94080167753765
29228,3,G16_53_H8,5,30.98333333333333,30.53333333333333,31.4625,0,261.94080167753765
29229,3,G16_53_H8,6,30.2375,29.60833333333333,30.8625,0,261.94080167753765
29230,3,G16_53_H8,7,29.8875,29.320833333333336,30.40416666666667,0,261.94080167753765
29231,3,G16_53_H8,8,29.445833333333336,28.933333333333334,29.9375,0,261.94080167753765
29232,3,G16_53_H8,9,29.05,28.65416666666667,29.4875,0,261.94080167753765
29233,3,G16_53_H8,10,28.854166666666668,28.491666666666664,29.2125,0,261.94080167753765
29234,3,G16_53_H8,11,28.445833333333336,28.175,28.9375,0,261.94080167753765
29235,3,G16_53_H8,12,28.09166666666667,27.679166666666664,28.491666666666664,0,261.94080167753765
29236,3,G16_53_H8,13,27.775,27.370833333333334,28.116666666666664,0,261.94080167753765
29237,3,G16_53_H8,14,27.504166666666663,27.133333333333336,27.90416666666667,0,261.94080167753765
29238,3,G16_53_H8,15,27.075,26.84583333333333,27.53333333333333,0,261.94080167753765
29239,3,G16_53_H8,16,26.633333333333336,26.34166666666667,27.125,0,261.94080167753765
29240,3,G16_53_H8,17,26.58333333333333,26.14583333333333,26.9125,0,261.94080167753765
29241,3,G16_53_H8,18,26.5,26.029166666666665,26.8375,0,261.94080167753765
29242,3,G16_53_H8,19,26.041666666666668,25.75,26.5375,0,261.94080167753765
29243,3,G16_53_H8,20,25.679166666666664,25.454166666666666,26.2875,0,261.94080167753765
29244,3,G16_53_H8,21,25.808333333333334,25.5,26.308333333333334,0,261.94080167753765
29245,3,G16_53_H8,22,25.84166666666667,25.245833333333334,26.141666666666666,0,261.94080167753765
29246,3,G16_53_H8,23,25.96666666666667,25.4625,26.416666666666668,0,261.94080167753765
29247,3,G16_53_H8,24,26.175,25.933333333333334,26.71666666666667,0,261.94080167753765
29248,3,G16_53_H8,25,26.47083333333333,26.22083333333333,26.97083333333333,0,261.94080167753765
29249,3,G16_53_H8,26,26.916666666666668,26.55,27.308333333333334,0,261.94080167753765
29250,3,G16_53_H8,27,27.2,26.8,27.479166666666668,0,261.94080167753765
29251,3,G16_53_H8,28,27.825,27.53333333333333,28.10833333333333,0,261.94080167753765
29252,3,G16_53_H8,29,26.491666666666664,26.2,26.98333333333333,0,261.94080167753765
29253,3,G16_53_H8,30,24.575,24.33333333333333,25.225,0,261.94080167753765
29254,3,G16_53_H8,31,24.59583333333333,24.125,25.058333333333334,0,261.94080167753765
29255,3,G16_53_H8,32,24.679166666666664,24.204166666666666,24.954166666666666,0,261.94080167753765
29256,3,G16_53_H8,33,24.325,23.925,24.691666666666663,0,261.94080167753765
29257,3,G16_53_H9,0,34.0,32.88181818181818,35.24545454545454,0,328.6730490553886
29258,3,G16_53_H9,1,33.95,33.475,35.19583333333333,0,328.6730490553886
29259,3,G16_53_H9,2,33.425000000000004,32.78333333333333,34.59583333333333,0,328.6730490553886
29260,3,G16_53_H9,3,33.05833333333333,32.05416666666667,33.979166666666664,0,328.6730490553886
29261,3,G16_53_H9,4,32.4125,31.4625,33.4375,0,328.6730490553886
29262,3,G16_53_H9,5,31.704166666666666,30.83333333333333,32.74583333333333,0,328.6730490553886
29263,3,G16_53_H9,6,31.0875,29.933333333333334,32.12916666666667,0,328.6730490553886
29264,3,G16_53_H9,7,30.52083333333333,29.504166666666663,31.54583333333333,0,328.6730490553886
29265,3,G16_53_H9,8,29.979166666666668,29.10833333333333,30.90833333333333,0,328.6730490553886
29266,3,G16_53_H9,9,29.379166666666663,28.7875,30.616666666666664,0,328.6730490553886
29267,3,G16_53_H9,10,29.1625,28.266666666666666,30.304166666666664,0,328.6730490553886
29268,3,G16_53_H9,11,28.79583333333333,27.879166666666663,29.625,0,328.6730490553886
29269,3,G16_53_H9,12,28.1375,27.320833333333336,29.379166666666663,0,328.6730490553886
29270,3,G16_53_H9,13,27.77916666666667,27.025,28.5,0,328.6730490553886
29271,3,G16_53_H9,14,27.441666666666663,26.891666666666666,27.95833333333333,0,328.6730490553886
29272,3,G16_53_H9,15,27.070833333333336,26.59166666666667,27.754166666666663,0,328.6730490553886
29273,3,G16_53_H9,16,26.5625,26.02916666666667,27.45,0,328.6730490553886
29274,3,G16_53_H9,17,26.48333333333333,25.916666666666668,27.1375,0,328.6730490553886
29275,3,G16_53_H9,18,26.27083333333333,25.725,26.77083333333333,0,328.6730490553886
29276,3,G16_53_H9,19,25.820833333333336,25.375,26.40833333333333,0,328.6730490553886
29277,3,G16_53_H9,20,25.541666666666668,25.1375,26.195833333333336,0,328.6730490553886
29278,3,G16_53_H9,21,25.45833333333333,25.15,26.0625,0,328.6730490553886
29279,3,G16_53_H9,22,25.53333333333333,25.0125,26.129166666666663,0,328.6730490553886
29280,3,G16_53_H9,23,25.7,25.070833333333336,26.104166666666668,0,328.6730490553886
29281,3,G16_53_H9,24,25.754166666666663,25.3,26.191666666666663,0,328.6730490553886
29282,3,G16_53_H9,25,25.641666666666666,25.354166666666668,26.229166666666668,0,328.6730490553886
29283,3,G16_53_H9,26,26.02916666666667,25.7,26.6375,0,328.6730490553886
29284,3,G16_53_H9,27,26.35833333333333,25.9375,26.775,0,328.6730490553886
29285,3,G16_53_H9,28,27.28333333333333,26.829166666666666,27.65416666666667,0,328.6730490553886
29286,3,G16_53_H9,29,25.691666666666663,25.33333333333333,26.229166666666668,0,328.6730490553886
29287,3,G16_53_H9,30,23.89583333333333,23.52916666666667,24.65,0,328.6730490553886
29288,3,G16_53_H9,31,24.1,23.508333333333336,24.454166666666666,0,328.6730490553886
29289,3,G16_53_H9,32,24.133333333333336,23.504166666666663,24.445833333333336,0,328.6730490553886
29290,3,G16_53_H9,33,23.48333333333333,23.025,24.15833333333333,0,328.6730490553886
29291,3,G27_25_H6,0,35.08461538461539,34.6,35.284615384615385,0,311.71701060977034
29292,3,G27_25_H6,1,34.520833333333336,34.12916666666667,34.96666666666666,0,311.71701060977034
29293,3,G27_25_H6,2,34.104166666666664,33.02916666666666,34.833333333333336,0,311.71701060977034
29294,3,G27_25_H6,3,32.9,32.19583333333333,33.641666666666666,0,311.71701060977034
29295,3,G27_25_H6,4,32.0125,31.433333333333334,32.6,0,311.71701060977034
29296,3,G27_25_H6,5,31.17083333333333,30.6375,31.6375,0,311.71701060977034
29297,3,G27_25_H6,6,30.225,29.85833333333333,30.73333333333333,0,311.71701060977034
29298,3,G27_25_H6,7,29.666666666666668,29.2625,30.1125,0,311.71701060977034
29299,3,G27_25_H6,8,29.166666666666668,28.675,29.741666666666664,0,311.71701060977034
29300,3,G27_25_H6,9,28.79583333333333,28.4,29.375,0,311.71701060977034
29301,3,G27_25_H6,10,28.52916666666667,28.15,28.9875,0,311.71701060977034
29302,3,G27_25_H6,11,28.08333333333333,27.77916666666667,28.575,0,311.71701060977034
29303,3,G27_25_H6,12,27.941666666666663,27.441666666666663,28.3125,0,311.71701060977034
29304,3,G27_25_H6,13,27.191666666666663,26.679166666666664,27.90833333333333,0,311.71701060977034
29305,3,G27_25_H6,14,26.83333333333333,26.225,27.42083333333333,0,311.71701060977034
29306,3,G27_25_H6,15,26.7875,25.8125,27.64583333333333,0,311.71701060977034
29307,3,G27_25_H6,16,26.375,25.78333333333333,27.245833333333334,0,311.71701060977034
29308,3,G27_25_H6,17,25.9625,25.433333333333334,26.679166666666664,0,311.71701060977034
29309,3,G27_25_H6,18,25.5125,24.9625,26.1375,0,311.71701060977034
29310,3,G27_25_H6,19,24.991666666666664,24.34166666666667,25.445833333333336,0,311.71701060977034
29311,3,G27_25_H6,20,24.23333333333333,23.8375,24.916666666666668,0,311.71701060977034
29312,3,G27_25_H6,21,23.98333333333333,23.625,24.75,0,311.71701060977034
29313,3,G27_25_H6,22,23.98333333333333,23.60833333333333,24.72083333333333,0,311.71701060977034
29314,3,G27_25_H6,23,24.7375,24.175,25.2125,0,311.71701060977034
29315,3,G27_25_H6,24,24.625,24.1125,25.09166666666667,0,311.71701060977034
29316,3,G27_25_H6,25,23.45,22.975,24.0875,0,311.71701060977034
29317,3,G27_25_H6,26,23.320833333333336,22.8875,24.0875,0,311.71701060977034
29318,3,G27_25_H6,27,22.945833333333336,22.491666666666664,23.691666666666663,0,311.71701060977034
29319,3,G27_25_H6,28,22.829166666666666,22.39583333333333,23.479166666666668,0,311.71701060977034
29320,3,G27_25_H6,29,22.95833333333333,22.3375,23.416666666666668,0,311.71701060977034
29321,3,G27_25_H6,30,22.85833333333333,22.2375,23.308333333333334,0,311.71701060977034
29322,3,G27_25_H6,31,22.133333333333336,21.7,22.7625,0,311.71701060977034
29323,3,G27_25_H6,32,22.754166666666663,22.2625,23.4625,0,311.71701060977034
29324,3,G27_25_H6,33,23.21666666666667,22.766666666666666,23.866666666666664,0,311.71701060977034
29325,3,G27_25_H6,34,24.125,23.525,24.8,0,311.71701060977034
29326,3,G27_25_H6,35,23.65,23.0625,24.266666666666666,0,311.71701060977034
29327,3,G27_25_H8,0,34.96923076923077,34.19230769230769,35.5,0,263.2691481800439
29328,3,G27_25_H8,1,34.52916666666667,33.85,35.358333333333334,0,263.2691481800439
29329,3,G27_25_H8,2,33.7625,32.987500000000004,34.65,0,263.2691481800439
29330,3,G27_25_H8,3,33.09166666666667,32.0125,33.987500000000004,0,263.2691481800439
29331,3,G27_25_H8,4,32.12083333333333,31.2125,33.050000000000004,0,263.2691481800439
29332,3,G27_25_H8,5,31.254166666666663,30.39583333333333,32.125,0,263.2691481800439
29333,3,G27_25_H8,6,30.21666666666667,29.6625,31.0375,0,263.2691481800439
29334,3,G27_25_H8,7,29.625,29.09166666666667,30.27916666666667,0,263.2691481800439
29335,3,G27_25_H8,8,29.2625,28.6375,29.979166666666668,0,263.2691481800439
29336,3,G27_25_H8,9,28.933333333333334,28.175,29.75,0,263.2691481800439
29337,3,G27_25_H8,10,28.491666666666664,27.89583333333333,29.3,0,263.2691481800439
29338,3,G27_25_H8,11,27.9375,27.46666666666667,28.8375,0,263.2691481800439
29339,3,G27_25_H8,12,27.691666666666663,27.2,28.34166666666667,0,263.2691481800439
29340,3,G27_25_H8,13,27.1125,26.52916666666667,27.9625,0,263.2691481800439
29341,3,G27_25_H8,14,26.59166666666667,26.075,27.379166666666663,0,263.2691481800439
29342,3,G27_25_H8,15,26.70833333333333,25.8125,27.579166666666666,0,263.2691481800439
29343,3,G27_25_H8,16,26.3625,25.65833333333333,27.21666666666667,0,263.2691481800439
29344,3,G27_25_H8,17,25.8625,25.3125,26.766666666666666,0,263.2691481800439
29345,3,G27_25_H8,18,25.329166666666666,24.7125,25.883333333333336,0,263.2691481800439
29346,3,G27_25_H8,19,24.725,24.0875,25.329166666666666,0,263.2691481800439
29347,3,G27_25_H8,20,24.075,23.666666666666668,24.8375,0,263.2691481800439
29348,3,G27_25_H8,21,23.90833333333333,23.525,24.683333333333334,0,263.2691481800439
29349,3,G27_25_H8,22,23.875,23.441666666666663,24.54583333333333,0,263.2691481800439
29350,3,G27_25_H8,23,24.52083333333333,24.075,25.02083333333333,0,263.2691481800439
29351,3,G27_25_H8,24,24.4375,23.941666666666663,24.883333333333336,0,263.2691481800439
29352,3,G27_25_H8,25,23.34583333333333,22.77083333333333,23.791666666666668,0,263.2691481800439
29353,3,G27_25_H8,26,23.316666666666663,22.9,24.070833333333336,0,263.2691481800439
29354,3,G27_25_H8,27,22.8125,22.4,23.675,0,263.2691481800439
29355,3,G27_25_H8,28,22.654166666666665,22.054166666666664,23.320833333333336,0,263.2691481800439
29356,3,G27_25_H8,29,23.058333333333334,22.1875,23.4875,0,263.2691481800439
29357,3,G27_25_H8,30,23.058333333333334,22.383333333333336,23.60833333333333,0,263.2691481800439
29358,3,G27_25_H8,31,22.78333333333333,22.15416666666667,23.65833333333333,0,263.2691481800439
29359,3,G27_25_H8,32,22.916666666666668,22.308333333333334,23.775,0,263.2691481800439
29360,3,G27_25_H8,33,22.95833333333333,22.508333333333336,23.641666666666666,0,263.2691481800439
29361,3,G27_25_H8,34,23.6875,23.02916666666667,24.0625,0,263.2691481800439
29362,3,G27_25_H8,35,23.4125,22.9,23.9625,0,263.2691481800439
29363,3,G28_25_H1,0,11.1,10.5,11.6,-1,192.7721358081144
29364,3,G28_25_H1,23,24.7,23.8,25.0,-1,192.7721358081144
29365,3,G28_25_H3,23,24.022222222222226,23.72222222222222,24.88888888888889,-1,187.8330905418251
29366,3,G28_25_H3,24,24.229166666666668,23.65416666666667,24.825,-1,187.8330905418251
29367,3,G28_25_H3,25,23.45833333333333,22.729166666666668,24.366666666666664,-1,187.8330905418251
29368,3,G28_25_H3,26,23.2375,22.6375,24.370833333333334,-1,187.8330905418251
29369,3,G28_25_H3,27,23.17083333333333,22.2125,23.96666666666667,-1,187.8330905418251
29370,3,G28_25_H3,28,22.758333333333336,22.266666666666666,24.02916666666667,-1,187.8330905418251
29371,3,G28_25_H3,29,23.17083333333333,22.2875,23.808333333333334,-1,187.8330905418251
29372,3,G28_25_H3,30,22.875,22.25,23.77083333333333,-1,187.8330905418251
29373,3,G28_25_H3,31,22.891666666666666,22.133333333333336,24.179166666666664,-1,187.8330905418251
29374,3,G28_25_H3,32,23.2875,22.1125,24.3625,-1,187.8330905418251
29375,3,G28_25_H3,33,23.34166666666667,22.60833333333333,24.42083333333333,-1,187.8330905418251
29376,3,G28_25_H3,34,24.3,22.96666666666667,24.870833333333334,-1,187.8330905418251
29377,3,G28_25_H3,35,23.495833333333334,22.95,24.5375,-1,187.8330905418251
29378,3,G28_25_H4,23,24.266666666666666,23.83333333333333,25.1,0,280.06192416227265
29379,3,G28_25_H4,24,24.35833333333333,23.6875,24.9875,0,280.06192416227265
29380,3,G28_25_H4,25,23.425,22.766666666666666,24.454166666666666,0,280.06192416227265
29381,3,G28_25_H4,26,23.6875,22.72083333333333,24.4125,0,280.06192416227265
29382,3,G28_25_H4,27,22.92083333333333,22.325,23.879166666666663,0,280.06192416227265
29383,3,G28_25_H4,28,23.004166666666663,22.254166666666663,23.83333333333333,0,280.06192416227265
29384,3,G28_25_H4,29,22.879166666666663,22.2625,23.866666666666664,0,280.06192416227265
29385,3,G28_25_H4,30,22.854166666666668,22.27916666666667,23.866666666666664,0,280.06192416227265
29386,3,G28_25_H4,31,23.33333333333333,22.225,23.95833333333333,0,280.06192416227265
29387,3,G28_25_H4,32,22.870833333333334,22.14583333333333,23.9875,0,280.06192416227265
29388,3,G28_25_H4,33,23.204166666666666,22.633333333333336,24.14583333333333,0,280.06192416227265
29389,3,G28_25_H4,34,24.366666666666664,23.454166666666666,25.070833333333336,0,280.06192416227265
29390,3,G28_25_H4,35,24.02916666666667,23.525,24.84583333333333,0,280.06192416227265
29391,3,G28_25_H5,-2,27.32857142857143,25.357142857142858,27.714285714285715,0,265.8411484302881
29392,3,G28_25_H5,-1,34.59166666666667,33.795833333333334,35.44166666666667,0,265.8411484302881
29393,3,G28_25_H5,0,34.27,33.489999999999995,35.17,0,265.8411484302881
29394,3,G28_25_H5,21,24.744444444444444,24.45555555555556,25.62222222222222,0,265.8411484302881
29395,3,G28_25_H5,22,24.8625,24.379166666666663,25.604166666666668,0,265.8411484302881
29396,3,G28_25_H5,23,24.47083333333333,23.6,25.20833333333333,0,265.8411484302881
29397,3,G28_25_H5,24,23.954166666666666,23.366666666666664,25.09166666666667,0,265.8411484302881
29398,3,G28_25_H5,25,24.0625,22.933333333333334,24.75,0,265.8411484302881
29399,3,G28_25_H5,26,23.433333333333334,22.826666666666664,24.69333333333333,0,265.8411484302881
29400,3,G28_25_H6,-2,27.32857142857143,25.357142857142858,27.714285714285715,0,284.77062654740314
29401,3,G28_25_H6,-1,34.59166666666667,33.795833333333334,35.44166666666667,0,284.77062654740314
29402,3,G28_25_H6,0,34.27,33.489999999999995,35.17,0,284.77062654740314
29403,3,G28_25_H6,21,24.744444444444444,24.45555555555556,25.62222222222222,0,284.77062654740314
29404,3,G28_25_H6,22,24.8625,24.379166666666663,25.604166666666668,0,284.77062654740314
29405,3,G28_25_H6,23,24.47083333333333,23.6,25.20833333333333,0,284.77062654740314
29406,3,G28_25_H6,24,23.954166666666666,23.366666666666664,25.09166666666667,0,284.77062654740314
29407,3,G28_25_H6,25,24.0625,22.933333333333334,24.75,0,284.77062654740314
29408,3,G28_25_H6,26,23.558333333333334,22.820833333333336,24.695833333333336,0,284.77062654740314
29409,3,G28_25_H6,27,23.34166666666667,22.741666666666664,24.625,0,284.77062654740314
29410,3,G28_25_H6,28,23.1,22.629166666666663,24.579166666666666,0,284.77062654740314
29411,3,G28_25_H6,29,23.8875,22.625,24.7625,0,284.77062654740314
29412,3,G28_25_H6,30,23.604166666666668,22.554166666666664,24.704166666666666,0,284.77062654740314
29413,3,G28_25_H6,31,23.46666666666667,22.979166666666668,24.5875,0,284.77062654740314
29414,3,G28_25_H6,32,24.6875,23.691666666666663,25.3625,0,284.77062654740314
29415,3,G28_25_H6,33,24.3125,23.77083333333333,25.191666666666663,0,284.77062654740314
29416,3,G28_25_H7,-2,27.32857142857143,25.357142857142858,27.714285714285715,0,287.5018730425251
29417,3,G28_25_H7,-1,34.59166666666667,33.795833333333334,35.44166666666667,0,287.5018730425251
29418,3,G28_25_H7,0,34.27,33.489999999999995,35.17,0,287.5018730425251
29419,3,G28_25_H7,21,24.744444444444444,24.45555555555556,25.62222222222222,0,287.5018730425251
29420,3,G28_25_H7,22,24.8625,24.379166666666663,25.604166666666668,0,287.5018730425251
29421,3,G28_25_H7,23,24.47083333333333,23.6,25.20833333333333,0,287.5018730425251
29422,3,G28_25_H7,24,23.954166666666666,23.366666666666664,25.09166666666667,0,287.5018730425251
29423,3,G28_25_H7,25,24.0625,22.933333333333334,24.75,0,287.5018730425251
29424,3,G28_25_H7,26,23.558333333333334,22.820833333333336,24.695833333333336,0,287.5018730425251
29425,3,G28_25_H7,27,23.34166666666667,22.741666666666664,24.625,0,287.5018730425251
29426,3,G28_25_H7,28,23.1,22.629166666666663,24.579166666666666,0,287.5018730425251
29427,3,G28_25_H7,29,23.8875,22.625,24.7625,0,287.5018730425251
29428,3,G28_25_H7,30,23.604166666666668,22.554166666666664,24.704166666666666,0,287.5018730425251
29429,3,G28_25_H7,31,23.46666666666667,22.979166666666668,24.5875,0,287.5018730425251
29430,3,G28_25_H7,32,24.6875,23.691666666666663,25.3625,0,287.5018730425251
29431,3,G28_25_H7,33,24.3125,23.77083333333333,25.191666666666663,0,287.5018730425251
29432,3,G28_25_H7,34,24.45,23.95833333333333,25.0375,0,287.5018730425251
29433,3,G28_25_H7,35,23.629166666666663,23.1375,24.429166666666664,0,287.5018730425251
29434,3,G28_25_H8,0,11.1,10.5,11.6,-1,222.16403858344412
29435,3,G28_25_H8,21,24.75,24.4,25.45,-1,222.16403858344412
29436,3,G28_25_H9,-2,27.550000000000004,25.585714285714285,27.92142857142857,0,279.1325338880996
29437,3,G28_25_H9,-1,34.800000000000004,33.84583333333333,35.5,0,279.1325338880996
29438,3,G28_25_H9,0,34.59166666666667,33.520833333333336,35.458333333333336,0,279.1325338880996
29439,3,G28_25_H9,1,34.49583333333333,33.43333333333333,35.1875,0,279.1325338880996
29440,3,G28_25_H9,2,33.4,32.65,34.454166666666666,0,279.1325338880996
29441,3,G28_25_H9,3,32.52916666666667,32.016666666666666,33.85,0,279.1325338880996
29442,3,G28_25_H9,4,32.21666666666667,31.175,32.77916666666667,0,279.1325338880996
29443,3,G28_25_H9,5,31.39583333333333,30.53333333333333,32.0125,0,279.1325338880996
29444,3,G28_25_H9,6,30.35,29.804166666666664,31.35833333333333,0,279.1325338880996
29445,3,G28_25_H9,7,29.8625,29.204166666666666,30.7875,0,279.1325338880996
29446,3,G28_25_H9,8,29.3125,28.620833333333334,30.27916666666667,0,279.1325338880996
29447,3,G28_25_H9,9,28.775,28.23333333333333,30.195833333333336,0,279.1325338880996
29448,3,G28_25_H9,10,28.570833333333336,27.84583333333333,29.59583333333333,0,279.1325338880996
29449,3,G28_25_H9,11,28.29583333333333,27.4125,29.0875,0,279.1325338880996
29450,3,G28_25_H9,12,27.8875,27.03333333333333,28.704166666666666,0,279.1325338880996
29451,3,G28_25_H9,13,28.03333333333333,26.754166666666663,28.504166666666663,0,279.1325338880996
29452,3,G28_25_H9,14,27.516666666666666,26.29583333333333,28.2875,0,279.1325338880996
29453,3,G28_25_H9,15,26.95833333333333,26.079166666666666,27.975,0,279.1325338880996
29454,3,G28_25_H9,16,26.945833333333336,25.870833333333334,27.579166666666666,0,279.1325338880996
29455,3,G28_25_H9,17,26.141666666666666,25.416666666666668,27.0625,0,279.1325338880996
29456,3,G28_25_H9,18,25.89583333333333,25.041666666666668,26.620833333333334,0,279.1325338880996
29457,3,G28_25_H9,19,25.4375,24.59166666666667,26.245833333333334,0,279.1325338880996
29458,3,G28_25_H9,20,25.09166666666667,24.40416666666667,25.9375,0,279.1325338880996
29459,3,G28_25_H9,21,24.929166666666664,24.34166666666667,25.65,0,279.1325338880996
29460,3,G28_25_H9,22,25.066666666666663,24.40416666666667,25.64583333333333,0,279.1325338880996
29461,3,G28_25_H9,23,24.120833333333334,23.65,25.245833333333334,0,279.1325338880996
29462,3,G28_25_H9,24,24.4,23.475,25.09583333333333,0,279.1325338880996
29463,3,G28_25_H9,25,23.60833333333333,22.9875,24.745833333333334,0,279.1325338880996
29464,3,G28_25_H9,26,23.67083333333333,22.829166666666666,24.54583333333333,0,279.1325338880996
29465,3,G28_25_H9,27,23.675,22.90416666666667,24.554166666666664,0,279.1325338880996
29466,3,G28_25_H9,28,23.429166666666664,22.925,24.641666666666666,0,279.1325338880996
29467,3,G28_25_H9,29,23.979166666666668,22.775,24.72083333333333,0,279.1325338880996
29468,3,G28_25_H9,30,23.375,22.558333333333334,24.7625,0,279.1325338880996
29469,3,G28_25_H9,31,24.05,23.15416666666667,24.804166666666664,0,279.1325338880996
29470,3,G28_25_H9,32,24.383333333333336,23.67083333333333,25.2875,0,279.1325338880996
29471,3,G28_25_H9,33,24.4,23.75,25.1125,0,279.1325338880996
29472,3,G28_25_H9,34,24.58333333333333,23.991666666666664,25.0375,0,279.1325338880996
29473,3,G28_25_H9,35,25.17083333333333,24.65416666666667,25.77083333333333,0,279.1325338880996
29474,3,G30_66_H10,-2,23.2125,21.1375,23.35,0,304.147737883032
29475,3,G30_66_H10,-1,30.96666666666667,30.45,31.1625,0,304.147737883032
29476,3,G30_66_H10,0,34.104166666666664,33.516666666666666,34.604166666666664,0,304.147737883032
29477,3,G30_66_H10,1,34.09583333333333,33.612500000000004,34.583333333333336,0,304.147737883032
29478,3,G30_66_H10,2,33.300000000000004,32.891666666666666,33.92916666666667,0,304.147737883032
29479,3,G30_66_H10,3,32.62916666666667,32.083333333333336,33.045833333333334,0,304.147737883032
29480,3,G30_66_H10,4,31.7875,31.245833333333334,32.34583333333333,0,304.147737883032
29481,3,G30_66_H10,5,31.075,30.46666666666667,31.65833333333333,0,304.147737883032
29482,3,G30_66_H10,6,30.23333333333333,29.620833333333334,30.9125,0,304.147737883032
29483,3,G30_66_H10,7,29.666666666666668,29.0625,30.27083333333333,0,304.147737883032
29484,3,G30_66_H10,8,29.15,28.54583333333333,29.75,0,304.147737883032
29485,3,G30_66_H10,9,28.225,28.0375,29.25,0,304.147737883032
29486,3,G30_66_H10,10,28.04583333333333,27.766666666666666,28.816666666666663,0,304.147737883032
29487,3,G30_66_H10,11,27.7,27.29583333333333,28.541666666666668,0,304.147737883032
29488,3,G30_66_H10,12,27.53333333333333,27.05,28.141666666666666,0,304.147737883032
29489,3,G30_66_H10,13,27.429166666666664,26.77916666666667,27.916666666666668,0,304.147737883032
29490,3,G30_66_H10,14,27.20833333333333,26.504166666666663,27.59166666666667,0,304.147737883032
29491,3,G30_66_H10,15,26.791666666666668,25.95833333333333,27.2,0,304.147737883032
29492,3,G30_66_H10,16,26.65,25.6375,26.9875,0,304.147737883032
29493,3,G30_66_H10,17,26.5,25.758333333333336,26.78333333333333,0,304.147737883032
29494,3,G30_66_H10,18,26.666666666666668,25.866666666666664,26.92083333333333,0,304.147737883032
29495,3,G30_66_H10,19,26.9,26.3125,27.22083333333333,0,304.147737883032
29496,3,G30_66_H10,20,27.379166666666663,27.004166666666663,27.916666666666668,0,304.147737883032
29497,3,G30_66_H10,21,28.275,28.05,28.77916666666667,0,304.147737883032
29498,3,G30_66_H10,22,27.23333333333333,26.866666666666664,27.85,0,304.147737883032
29499,3,G30_66_H10,23,26.10833333333333,25.2625,26.566666666666663,0,304.147737883032
29500,3,G30_66_H10,24,26.0875,25.141666666666666,26.429166666666664,0,304.147737883032
29501,3,G30_66_H10,25,26.15,25.72083333333333,26.891666666666666,0,304.147737883032
29502,3,G30_66_H10,26,25.5625,25.354166666666668,26.620833333333334,0,304.147737883032
29503,3,G30_66_H10,27,25.579166666666666,25.245833333333334,26.5625,0,304.147737883032
29504,3,G30_66_H10,28,26.3,25.925,27.21666666666667,0,304.147737883032
29505,3,G30_66_H10,29,26.995833333333334,26.566666666666663,27.625,0,304.147737883032
29506,3,G30_66_H10,30,27.9375,27.34166666666667,28.33333333333333,0,304.147737883032
29507,3,G30_66_H10,31,27.59583333333333,26.954166666666666,27.8875,0,304.147737883032
29508,3,G30_66_H10,32,27.441666666666663,26.9375,27.729166666666668,0,304.147737883032
29509,3,G30_66_H10,33,26.90833333333333,26.3375,27.258333333333336,0,304.147737883032
29510,3,G30_66_H11,-2,29.1,25.74285714285714,29.757142857142856,0,279.337521527462
29511,3,G30_66_H11,-1,32.708333333333336,31.8,33.49166666666667,0,279.337521527462
29512,3,G30_66_H11,0,33.833333333333336,32.90833333333334,34.55416666666667,0,279.337521527462
29513,3,G30_66_H11,1,33.891666666666666,33.295833333333334,34.25833333333333,0,279.337521527462
29514,3,G30_66_H11,2,33.1,32.75416666666667,33.5875,0,279.337521527462
29515,3,G30_66_H11,3,32.391666666666666,31.79583333333333,32.954166666666666,0,279.337521527462
29516,3,G30_66_H11,4,31.55,30.916666666666668,32.270833333333336,0,279.337521527462
29517,3,G30_66_H11,5,31.054166666666664,29.975,31.791666666666668,0,279.337521527462
29518,3,G30_66_H11,6,30.21666666666667,29.245833333333334,31.10833333333333,0,279.337521527462
29519,3,G30_66_H11,7,29.59166666666667,28.40833333333333,30.6125,0,279.337521527462
29520,3,G30_66_H11,8,29.4125,27.875,29.9875,0,279.337521527462
29521,3,G30_66_H11,9,28.2,27.65,29.4,0,279.337521527462
29522,3,G30_66_H11,10,28.016666666666666,27.27083333333333,29.15,0,279.337521527462
29523,3,G30_66_H11,11,27.70833333333333,26.98333333333333,28.725,0,279.337521527462
29524,3,G30_66_H11,12,27.72083333333333,26.64583333333333,28.45833333333333,0,279.337521527462
29525,3,G30_66_H11,13,27.316666666666663,26.504166666666663,28.004166666666663,0,279.337521527462
29526,3,G30_66_H11,14,27.1625,25.9375,27.78333333333333,0,279.337521527462
29527,3,G30_66_H11,15,26.7875,25.5,27.40833333333333,0,279.337521527462
29528,3,G30_66_H11,16,26.525,25.6125,27.1625,0,279.337521527462
29529,3,G30_66_H11,17,26.47083333333333,25.52083333333333,27.004166666666663,0,279.337521527462
29530,3,G30_66_H11,18,26.28333333333333,25.6875,27.0125,0,279.337521527462
29531,3,G30_66_H11,19,26.5375,26.03333333333333,27.241666666666664,0,279.337521527462
29532,3,G30_66_H11,20,27.245833333333334,26.866666666666664,27.9875,0,279.337521527462
29533,3,G30_66_H11,21,25.9875,25.566666666666663,26.9875,0,279.337521527462
29534,3,G30_66_H11,22,24.9875,24.479166666666668,26.454166666666666,0,279.337521527462
29535,3,G30_66_H11,23,24.925,24.429166666666664,26.475,0,279.337521527462
29536,3,G30_66_H11,24,24.9875,24.429166666666664,26.1875,0,279.337521527462
29537,3,G30_66_H11,25,25.15833333333333,24.09166666666667,25.95,0,279.337521527462
29538,3,G30_66_H11,26,25.166666666666668,23.95833333333333,25.758333333333336,0,279.337521527462
29539,3,G30_66_H11,27,25.916666666666668,24.6625,26.254166666666663,0,279.337521527462
29540,3,G30_66_H11,28,26.04583333333333,24.97083333333333,26.383333333333336,0,279.337521527462
29541,3,G30_66_H11,29,26.3375,25.425,26.695833333333336,0,279.337521527462
29542,3,G30_66_H11,30,26.02083333333333,25.191666666666663,26.391666666666666,0,279.337521527462
29543,3,G30_66_H11,31,26.066666666666663,25.40833333333333,26.504166666666663,0,279.337521527462
29544,3,G30_66_H11,32,24.95,24.391666666666666,25.52916666666667,0,279.337521527462
29545,3,G30_66_H11,33,23.525,23.070833333333336,24.308333333333334,0,279.337521527462
29546,3,G30_66_H11,34,23.35833333333333,22.9875,24.291666666666668,0,279.337521527462
29547,3,G30_66_H12,-2,26.071428571428573,24.25714285714286,26.27142857142857,0,316.41222087701044
29548,3,G30_66_H12,-1,32.083333333333336,31.475,32.391666666666666,0,316.41222087701044
29549,3,G30_66_H12,0,33.520833333333336,32.7875,34.125,0,316.41222087701044
29550,3,G30_66_H12,1,33.99166666666667,33.65,34.38333333333333,0,316.41222087701044
29551,3,G30_66_H12,2,33.1625,32.85,33.545833333333334,0,316.41222087701044
29552,3,G30_66_H12,3,32.375,32.13333333333333,32.858333333333334,0,316.41222087701044
29553,3,G30_66_H12,4,31.995833333333334,31.73333333333333,32.25,0,316.41222087701044
29554,3,G30_66_H12,5,30.775,30.454166666666666,31.3125,0,316.41222087701044
29555,3,G30_66_H12,6,29.991666666666664,29.570833333333336,30.475,0,316.41222087701044
29556,3,G30_66_H12,7,29.433333333333334,28.8125,29.925,0,316.41222087701044
29557,3,G30_66_H12,8,28.691666666666663,28.33333333333333,29.4625,0,316.41222087701044
29558,3,G30_66_H12,9,28.683333333333334,28.14583333333333,29.20833333333333,0,316.41222087701044
29559,3,G30_66_H12,10,28.2375,27.85833333333333,28.945833333333336,0,316.41222087701044
29560,3,G30_66_H12,11,28.2625,27.633333333333336,28.683333333333334,0,316.41222087701044
29561,3,G30_66_H12,12,27.97083333333333,27.40833333333333,28.445833333333336,0,316.41222087701044
29562,3,G30_66_H12,13,27.745833333333334,26.870833333333334,28.1875,0,316.41222087701044
29563,3,G30_66_H12,14,27.4125,26.08333333333333,27.729166666666668,0,316.41222087701044
29564,3,G30_66_H12,15,26.775,25.95833333333333,27.454166666666666,0,316.41222087701044
29565,3,G30_66_H12,16,26.308333333333334,25.84166666666667,27.20833333333333,0,316.41222087701044
29566,3,G30_66_H12,17,26.254166666666663,25.70833333333333,27.058333333333334,0,316.41222087701044
29567,3,G30_66_H12,18,26.2625,25.9125,27.1125,0,316.41222087701044
29568,3,G30_66_H12,19,26.78333333333333,26.491666666666664,27.4625,0,316.41222087701044
29569,3,G30_66_H12,20,27.629166666666663,27.383333333333336,28.21666666666667,0,316.41222087701044
29570,3,G30_66_H12,21,26.495833333333334,26.179166666666664,27.34583333333333,0,316.41222087701044
29571,3,G30_66_H12,22,25.620833333333334,25.0625,26.9125,0,316.41222087701044
29572,3,G30_66_H12,23,26.08333333333333,25.03333333333333,27.025,0,316.41222087701044
29573,3,G30_66_H12,24,26.3125,25.041666666666668,26.691666666666663,0,316.41222087701044
29574,3,G30_66_H12,25,26.0875,24.8375,26.45,0,316.41222087701044
29575,3,G30_66_H12,26,25.879166666666663,24.65,26.254166666666663,0,316.41222087701044
29576,3,G30_66_H12,27,26.29583333333333,25.320833333333336,26.8,0,316.41222087701044
29577,3,G30_66_H12,28,26.42083333333333,25.72083333333333,26.85833333333333,0,316.41222087701044
29578,3,G30_66_H12,29,26.883333333333336,26.48333333333333,27.5125,0,316.41222087701044
29579,3,G30_66_H12,30,26.616666666666664,26.34583333333333,27.304166666666664,0,316.41222087701044
29580,3,G30_66_H12,31,26.729166666666668,26.570833333333336,27.429166666666664,0,316.41222087701044
29581,3,G30_66_H12,32,26.0625,25.95,26.84583333333333,0,316.41222087701044
29582,3,G30_66_H12,33,24.8,24.65833333333333,25.65416666666667,0,316.41222087701044
29583,3,G30_66_H12,34,24.53333333333333,24.21666666666667,25.258333333333336,0,316.41222087701044
29584,3,G30_66_H12,35,23.40416666666667,22.84166666666667,24.166666666666668,0,316.41222087701044
29585,3,G30_66_H13,-2,27.1375,24.55,27.825,0,300.2970026450215
29586,3,G30_66_H13,-1,32.391666666666666,31.72083333333333,33.020833333333336,0,300.2970026450215
29587,3,G30_66_H13,0,33.525,32.775,34.24583333333333,0,300.2970026450215
29588,3,G30_66_H13,1,33.6,33.0625,34.30833333333333,0,300.2970026450215
29589,3,G30_66_H13,2,32.829166666666666,32.25833333333333,33.525,0,300.2970026450215
29590,3,G30_66_H13,3,32.1,31.325,32.72083333333333,0,300.2970026450215
29591,3,G30_66_H13,4,31.320833333333336,30.58333333333333,31.954166666666666,0,300.2970026450215
29592,3,G30_66_H13,5,30.433333333333334,29.925,31.22083333333333,0,300.2970026450215
29593,3,G30_66_H13,6,29.77083333333333,28.979166666666668,30.45,0,300.2970026450215
29594,3,G30_66_H13,7,28.90833333333333,28.3375,29.741666666666664,0,300.2970026450215
29595,3,G30_66_H13,8,28.4875,27.916666666666668,29.375,0,300.2970026450215
29596,3,G30_66_H13,9,28.3125,27.6625,28.9875,0,300.2970026450215
29597,3,G30_66_H13,10,27.77916666666667,27.21666666666667,28.666666666666668,0,300.2970026450215
29598,3,G30_66_H13,11,27.441666666666663,26.85833333333333,28.375,0,300.2970026450215
29599,3,G30_66_H13,12,27.354166666666668,26.5875,28.0875,0,300.2970026450215
29600,3,G30_66_H13,13,27.004166666666663,26.2,27.71666666666667,0,300.2970026450215
29601,3,G30_66_H13,14,26.683333333333334,25.9125,27.47083333333333,0,300.2970026450215
29602,3,G30_66_H13,15,26.391666666666666,25.6125,27.366666666666664,0,300.2970026450215
29603,3,G30_66_H13,16,26.65,25.6375,27.291666666666668,0,300.2970026450215
29604,3,G30_66_H13,17,26.570833333333336,25.59166666666667,27.1125,0,300.2970026450215
29605,3,G30_66_H13,18,26.9125,25.95833333333333,27.34583333333333,0,300.2970026450215
29606,3,G30_66_H13,19,27.516666666666666,27.08333333333333,28.15,0,300.2970026450215
29607,3,G30_66_H13,20,26.21666666666667,25.741666666666664,27.129166666666663,0,300.2970026450215
29608,3,G30_66_H13,21,25.375,24.60833333333333,26.4625,0,300.2970026450215
29609,3,G30_66_H13,22,25.195833333333336,24.620833333333334,26.541666666666668,0,300.2970026450215
29610,3,G30_66_H13,23,24.95,24.508333333333336,26.3625,0,300.2970026450215
29611,3,G30_66_H13,24,24.620833333333334,24.34583333333333,25.96666666666667,0,300.2970026450215
29612,3,G30_66_H13,25,24.579166666666666,24.08333333333333,25.820833333333336,0,300.2970026450215
29613,3,G30_66_H13,26,25.3875,24.71666666666667,26.2625,0,300.2970026450215
29614,3,G30_66_H13,27,25.641666666666666,24.89583333333333,26.391666666666666,0,300.2970026450215
29615,3,G30_66_H13,28,26.325,25.508333333333336,26.9,0,300.2970026450215
29616,3,G30_66_H13,29,26.204166666666666,25.308333333333334,26.67083333333333,0,300.2970026450215
29617,3,G30_66_H13,30,26.129166666666663,25.416666666666668,26.491666666666664,0,300.2970026450215
29618,3,G30_66_H13,31,25.125,24.241666666666664,25.454166666666666,0,300.2970026450215
29619,3,G30_66_H13,32,24.4375,23.3625,24.891666666666666,0,300.2970026450215
29620,3,G30_66_H13,33,24.2875,23.195833333333336,24.725,0,300.2970026450215
29621,3,G30_66_H13,34,23.46666666666667,22.34166666666667,24.09166666666667,0,300.2970026450215
29622,3,G30_66_H14,-2,18.0,16.45714285714286,18.342857142857145,0,356.39003054212395
29623,3,G30_66_H14,-1,28.72083333333333,28.0,28.945833333333336,0,356.39003054212395
29624,3,G30_66_H14,0,33.90833333333333,33.37083333333333,34.24166666666667,0,356.39003054212395
29625,3,G30_66_H14,1,33.9,33.541666666666664,34.3125,0,356.39003054212395
29626,3,G30_66_H14,2,33.24583333333333,32.88333333333333,33.71666666666667,0,356.39003054212395
29627,3,G30_66_H14,3,32.44583333333333,31.9875,32.88333333333333,0,356.39003054212395
29628,3,G30_66_H14,4,31.70833333333333,31.03333333333333,32.17916666666667,0,356.39003054212395
29629,3,G30_66_H14,5,30.77083333333333,30.15416666666667,31.329166666666666,0,356.39003054212395
29630,3,G30_66_H14,6,29.933333333333334,29.316666666666663,30.516666666666666,0,356.39003054212395
29631,3,G30_66_H14,7,29.34583333333333,28.445833333333336,29.84166666666667,0,356.39003054212395
29632,3,G30_66_H14,8,28.6125,27.916666666666668,29.47083333333333,0,356.39003054212395
29633,3,G30_66_H14,9,28.166666666666668,27.7375,29.0875,0,356.39003054212395
29634,3,G30_66_H14,10,27.454166666666666,27.2125,28.7375,0,356.39003054212395
29635,3,G30_66_H14,11,27.629166666666663,26.941666666666663,28.35833333333333,0,356.39003054212395
29636,3,G30_66_H14,12,27.60833333333333,26.616666666666664,28.125,0,356.39003054212395
29637,3,G30_66_H14,13,27.4,26.495833333333334,27.866666666666664,0,356.39003054212395
29638,3,G30_66_H14,14,27.20833333333333,26.058333333333334,27.65833333333333,0,356.39003054212395
29639,3,G30_66_H14,15,26.995833333333334,25.7125,27.375,0,356.39003054212395
29640,3,G30_66_H14,16,26.85,25.85833333333333,27.125,0,356.39003054212395
29641,3,G30_66_H14,17,26.683333333333334,25.870833333333334,27.02916666666667,0,356.39003054212395
29642,3,G30_66_H14,18,26.59166666666667,25.991666666666664,27.15,0,356.39003054212395
29643,3,G30_66_H14,19,27.17083333333333,26.72083333333333,27.7125,0,356.39003054212395
29644,3,G30_66_H14,20,27.941666666666663,27.67083333333333,28.52916666666667,0,356.39003054212395
29645,3,G30_66_H14,21,26.85833333333333,26.5625,27.683333333333334,0,356.39003054212395
29646,3,G30_66_H14,22,25.6,25.320833333333336,26.808333333333334,0,356.39003054212395
29647,3,G30_66_H14,23,25.375,25.09166666666667,26.691666666666663,0,356.39003054212395
29648,3,G30_66_H14,24,25.379166666666663,25.129166666666663,26.495833333333334,0,356.39003054212395
29649,3,G30_66_H14,25,25.433333333333334,24.954166666666666,26.3375,0,356.39003054212395
29650,3,G30_66_H14,26,25.40833333333333,24.75,26.1,0,356.39003054212395
29651,3,G30_66_H14,27,26.22083333333333,25.508333333333336,26.79583333333333,0,356.39003054212395
29652,3,G30_66_H14,28,26.820833333333336,26.02916666666667,27.15,0,356.39003054212395
29653,3,G30_66_H14,29,27.46666666666667,26.70833333333333,27.729166666666668,0,356.39003054212395
29654,3,G30_66_H14,30,27.120833333333334,26.40833333333333,27.3625,0,356.39003054212395
29655,3,G30_66_H14,31,27.175,26.604166666666668,27.429166666666664,0,356.39003054212395
29656,3,G30_66_H14,32,26.60833333333333,26.058333333333334,27.0,0,356.39003054212395
29657,3,G30_66_H14,33,25.55,25.133333333333336,26.17083333333333,0,356.39003054212395
29658,3,G30_66_H14,34,24.98333333333333,24.64583333333333,25.741666666666664,0,356.39003054212395
29659,3,G30_66_H14,35,23.391666666666666,23.15416666666667,24.4625,0,356.39003054212395
29660,3,G30_66_H17,-2,20.8,18.725,21.25,0,282.9280157494871
29661,3,G30_66_H17,-1,30.891666666666666,30.241666666666664,31.179166666666664,0,282.9280157494871
29662,3,G30_66_H17,0,34.075,33.47083333333333,34.645833333333336,0,282.9280157494871
29663,3,G30_66_H17,1,33.862500000000004,33.49166666666667,34.24583333333333,0,282.9280157494871
29664,3,G30_66_H17,2,32.95,32.579166666666666,33.50833333333333,0,282.9280157494871
29665,3,G30_66_H17,3,32.145833333333336,31.73333333333333,32.800000000000004,0,282.9280157494871
29666,3,G30_66_H17,4,31.4125,30.95,32.020833333333336,0,282.9280157494871
29667,3,G30_66_H17,5,30.683333333333334,30.175,31.445833333333336,0,282.9280157494871
29668,3,G30_66_H17,6,30.03333333333333,29.329166666666666,30.791666666666668,0,282.9280157494871
29669,3,G30_66_H17,7,29.370833333333334,28.65416666666667,30.03333333333333,0,282.9280157494871
29670,3,G30_66_H17,8,28.67083333333333,28.27083333333333,29.59166666666667,0,282.9280157494871
29671,3,G30_66_H17,9,28.4375,27.92083333333333,29.325,0,282.9280157494871
29672,3,G30_66_H17,10,28.375,27.59583333333333,28.9875,0,282.9280157494871
29673,3,G30_66_H17,11,28.1375,27.35,28.7375,0,282.9280157494871
29674,3,G30_66_H17,12,27.97083333333333,27.116666666666664,28.383333333333336,0,282.9280157494871
29675,3,G30_66_H17,13,27.71666666666667,26.6875,27.933333333333334,0,282.9280157494871
29676,3,G30_66_H17,14,27.329166666666666,26.008333333333336,27.816666666666663,0,282.9280157494871
29677,3,G30_66_H17,15,26.933333333333334,26.129166666666663,27.65833333333333,0,282.9280157494871
29678,3,G30_66_H17,16,26.8125,25.916666666666668,27.39583333333333,0,282.9280157494871
29679,3,G30_66_H17,17,26.525,25.83333333333333,27.21666666666667,0,282.9280157494871
29680,3,G30_66_H17,18,26.883333333333336,26.34166666666667,27.4875,0,282.9280157494871
29681,3,G30_66_H17,19,27.475,27.10833333333333,28.22083333333333,0,282.9280157494871
29682,3,G30_66_H17,20,26.29583333333333,25.954166666666666,27.3875,0,282.9280157494871
29683,3,G30_66_H17,21,25.84166666666667,24.975,27.1125,0,282.9280157494871
29684,3,G30_66_H17,22,26.241666666666664,24.75,27.183333333333334,0,282.9280157494871
29685,3,G30_66_H17,23,26.320833333333336,24.695833333333336,26.95833333333333,0,282.9280157494871
29686,3,G30_66_H17,24,26.304166666666664,24.391666666666666,26.633333333333336,0,282.9280157494871
29687,3,G30_66_H17,25,25.35833333333333,24.254166666666663,26.454166666666666,0,282.9280157494871
29688,3,G30_66_H17,26,25.65833333333333,24.9125,26.8625,0,282.9280157494871
29689,3,G30_66_H17,27,25.479166666666668,25.066666666666663,26.7625,0,282.9280157494871
29690,3,G30_66_H17,28,26.304166666666664,25.554166666666664,27.066666666666663,0,282.9280157494871
29691,3,G30_66_H17,29,26.479166666666668,25.383333333333336,26.808333333333334,0,282.9280157494871
29692,3,G30_66_H17,30,26.308333333333334,25.55,26.666666666666668,0,282.9280157494871
29693,3,G30_66_H17,31,25.3625,24.4125,25.65,0,282.9280157494871
29694,3,G30_66_H17,32,24.579166666666666,23.34166666666667,25.0,0,282.9280157494871
29695,3,G30_66_H17,33,24.204166666666666,23.0875,24.704166666666666,0,282.9280157494871
29696,3,G30_66_H17,34,22.979166666666668,22.15,24.254166666666663,0,282.9280157494871
29697,3,G30_66_H18,27,27.085,26.525,27.58,0,309.5457537618757
29698,3,G30_66_H18,28,27.854166666666668,27.1,28.166666666666668,0,309.5457537618757
29699,3,G30_66_H18,29,27.475,26.70833333333333,27.7625,0,309.5457537618757
29700,3,G30_66_H18,30,27.42083333333333,26.84166666666667,27.75,0,309.5457537618757
29701,3,G30_66_H18,31,26.683333333333334,26.175,27.23333333333333,0,309.5457537618757
29702,3,G30_66_H18,32,25.304166666666664,24.9125,26.041666666666668,0,309.5457537618757
29703,3,G30_66_H18,33,24.4625,24.17083333333333,25.266666666666666,0,309.5457537618757
29704,3,G30_66_H18,34,23.17083333333333,22.90416666666667,24.3,0,309.5457537618757
29705,3,G30_66_H18,35,23.39583333333333,23.066666666666663,24.433333333333334,0,309.5457537618757
29706,3,G30_66_H19,-2,26.3625,23.4125,26.7125,0,317.1397989737076
29707,3,G30_66_H19,-1,33.333333333333336,32.49583333333333,33.987500000000004,0,317.1397989737076
29708,3,G30_66_H19,0,34.329166666666666,33.49166666666667,35.020833333333336,0,317.1397989737076
29709,3,G30_66_H19,1,34.041666666666664,33.5375,34.575,0,317.1397989737076
29710,3,G30_66_H19,2,33.2125,32.52916666666667,33.90416666666667,0,317.1397989737076
29711,3,G30_66_H19,3,32.375,31.575,33.2125,0,317.1397989737076
29712,3,G30_66_H19,4,31.933333333333334,30.67083333333333,32.67916666666667,0,317.1397989737076
29713,3,G30_66_H19,5,30.8,30.02916666666667,31.679166666666664,0,317.1397989737076
29714,3,G30_66_H19,6,29.96666666666667,29.15,30.90416666666667,0,317.1397989737076
29715,3,G30_66_H19,7,29.2375,28.383333333333336,30.245833333333334,0,317.1397989737076
29716,3,G30_66_H19,8,28.75,27.925,29.84166666666667,0,317.1397989737076
29717,3,G30_66_H19,9,28.504166666666663,27.679166666666664,29.429166666666664,0,317.1397989737076
29718,3,G30_66_H19,10,28.191666666666663,27.34166666666667,29.1625,0,317.1397989737076
29719,3,G30_66_H19,11,27.879166666666663,27.016666666666666,28.816666666666663,0,317.1397989737076
29720,3,G30_66_H19,12,28.1125,26.791666666666668,28.5375,0,317.1397989737076
29721,3,G30_66_H19,13,27.48333333333333,26.441666666666663,28.15,0,317.1397989737076
29722,3,G30_66_H19,14,26.85833333333333,26.22083333333333,27.7625,0,317.1397989737076
29723,3,G30_66_H19,15,26.67083333333333,25.92083333333333,27.620833333333334,0,317.1397989737076
29724,3,G30_66_H19,16,26.491666666666664,25.691666666666663,27.3375,0,317.1397989737076
29725,3,G30_66_H19,17,26.45,25.825,27.241666666666664,0,317.1397989737076
29726,3,G30_66_H19,18,26.679166666666664,26.2,27.433333333333334,0,317.1397989737076
29727,3,G30_66_H19,19,27.570833333333336,27.20833333333333,28.29583333333333,0,317.1397989737076
29728,3,G30_66_H19,20,26.204166666666666,25.8375,27.17083333333333,0,317.1397989737076
29729,3,G30_66_H19,21,25.52916666666667,24.67083333333333,26.666666666666668,0,317.1397989737076
29730,3,G30_66_H19,22,25.92083333333333,24.6125,26.666666666666668,0,317.1397989737076
29731,3,G30_66_H19,23,26.10833333333333,24.616666666666664,26.479166666666668,0,317.1397989737076
29732,3,G30_66_H19,24,25.370833333333334,24.304166666666664,26.22083333333333,0,317.1397989737076
29733,3,G30_66_H19,25,24.679166666666664,24.054166666666664,25.954166666666666,0,317.1397989737076
29734,3,G30_66_H19,26,25.366666666666664,24.71666666666667,26.558333333333334,0,317.1397989737076
29735,3,G30_66_H19,27,25.55,25.120833333333334,26.53333333333333,0,317.1397989737076
29736,3,G30_66_H19,28,26.304166666666664,25.758333333333336,27.0875,0,317.1397989737076
29737,3,G30_66_H19,29,26.40416666666667,25.54583333333333,26.84583333333333,0,317.1397989737076
29738,3,G30_66_H19,30,26.354166666666668,25.675,26.7125,0,317.1397989737076
29739,3,G30_66_H19,31,25.229166666666668,24.3875,25.5125,0,317.1397989737076
29740,3,G30_66_H19,32,24.416666666666668,23.433333333333334,24.879166666666663,0,317.1397989737076
29741,3,G30_66_H19,33,24.15833333333333,23.245833333333334,24.666666666666668,0,317.1397989737076
29742,3,G30_66_H19,34,23.254166666666663,22.266666666666666,24.225,0,317.1397989737076
29743,3,G30_66_H19,35,23.354166666666668,22.65416666666667,24.329166666666666,0,317.1397989737076
29744,3,G30_66_H2,-2,25.19333333333333,23.87333333333333,25.38,0,308.28695861222525
29745,3,G30_66_H2,-1,32.94166666666667,32.49166666666667,33.2,0,308.28695861222525
29746,3,G30_66_H2,0,33.811764705882354,33.2235294117647,34.41764705882353,0,308.28695861222525
29747,3,G30_66_H2,1,33.725,33.229166666666664,34.104166666666664,0,308.28695861222525
29748,3,G30_66_H2,2,32.75416666666667,32.295833333333334,33.354166666666664,0,308.28695861222525
29749,3,G30_66_H2,3,32.34166666666667,31.67083333333333,32.77916666666667,0,308.28695861222525
29750,3,G30_66_H2,4,31.504166666666663,30.9875,32.1625,0,308.28695861222525
29751,3,G30_66_H2,5,30.875,30.3625,31.4625,0,308.28695861222525
29752,3,G30_66_H2,6,30.09166666666667,29.475,30.704166666666666,0,308.28695861222525
29753,3,G30_66_H2,7,29.35833333333333,28.683333333333334,29.975,0,308.28695861222525
29754,3,G30_66_H2,8,28.758333333333336,28.175,29.5,0,308.28695861222525
29755,3,G30_66_H2,9,28.566666666666663,27.9375,29.125,0,308.28695861222525
29756,3,G30_66_H2,10,27.775,27.2,28.65416666666667,0,308.28695861222525
29757,3,G30_66_H2,11,27.55,26.72083333333333,28.27916666666667,0,308.28695861222525
29758,3,G30_66_H2,12,27.3625,26.6,28.058333333333334,0,308.28695861222525
29759,3,G30_66_H2,13,26.933333333333334,26.204166666666666,27.79583333333333,0,308.28695861222525
29760,3,G30_66_H2,14,26.629166666666663,25.95833333333333,27.370833333333334,0,308.28695861222525
29761,3,G30_66_H2,15,26.433333333333334,25.666666666666668,26.891666666666666,0,308.28695861222525
29762,3,G30_66_H2,16,26.23333333333333,25.429166666666664,26.5625,0,308.28695861222525
29763,3,G30_66_H2,17,25.820833333333336,24.9375,26.129166666666663,0,308.28695861222525
29764,3,G30_66_H2,18,25.6625,24.67083333333333,25.925,0,308.28695861222525
29765,3,G30_66_H2,19,25.541666666666668,24.766666666666666,25.8625,0,308.28695861222525
29766,3,G30_66_H2,20,25.604166666666668,24.92083333333333,26.03333333333333,0,308.28695861222525
29767,3,G30_66_H2,21,25.75,25.183333333333334,26.245833333333334,0,308.28695861222525
29768,3,G30_66_H2,22,26.15833333333333,25.7625,26.77083333333333,0,308.28695861222525
29769,3,G30_66_H2,23,27.20833333333333,26.975,27.78333333333333,0,308.28695861222525
29770,3,G30_66_H2,24,25.77083333333333,25.391666666666666,26.495833333333334,0,308.28695861222525
29771,3,G30_66_H2,25,24.275,23.575,24.854166666666668,0,308.28695861222525
29772,3,G30_66_H2,26,24.741666666666664,23.6875,25.0625,0,308.28695861222525
29773,3,G30_66_H2,27,24.570833333333336,23.7625,25.016666666666666,0,308.28695861222525
29774,3,G30_66_H2,28,23.8625,23.516666666666666,24.745833333333334,0,308.28695861222525
29775,3,G30_66_H2,29,23.7125,23.35833333333333,24.65416666666667,0,308.28695861222525
29776,3,G30_66_H2,30,24.6375,23.9875,25.266666666666666,0,308.28695861222525
29777,3,G30_66_H2,31,25.054166666666664,24.4125,25.495833333333334,0,308.28695861222525
29778,3,G30_66_H2,32,25.741666666666664,25.05,26.104166666666668,0,308.28695861222525
29779,3,G30_66_H2,33,25.3,24.641666666666666,25.6375,0,308.28695861222525
29780,3,G30_66_H2,34,25.370833333333334,24.991666666666664,25.85,0,308.28695861222525
29781,3,G30_66_H2,35,24.379166666666663,24.104166666666668,25.03333333333333,0,308.28695861222525
29782,3,G30_66_H20,-2,15.6875,14.3125,15.8375,0,354.7641124881376
29783,3,G30_66_H20,-1,28.679166666666664,28.04583333333333,28.808333333333334,0,354.7641124881376
29784,3,G30_66_H20,0,33.75833333333333,33.34583333333333,34.06666666666667,0,354.7641124881376
29785,3,G30_66_H20,1,34.075,33.729166666666664,34.4625,0,354.7641124881376
29786,3,G30_66_H20,2,33.295833333333334,32.920833333333334,33.829166666666666,0,354.7641124881376
29787,3,G30_66_H20,3,32.425000000000004,32.03333333333333,33.03333333333333,0,354.7641124881376
29788,3,G30_66_H20,4,31.70833333333333,31.0625,32.229166666666664,0,354.7641124881376
29789,3,G30_66_H20,5,30.90833333333333,30.25,31.4625,0,354.7641124881376
29790,3,G30_66_H20,6,30.066666666666663,29.454166666666666,30.7,0,354.7641124881376
29791,3,G30_66_H20,7,29.54583333333333,28.808333333333334,29.9875,0,354.7641124881376
29792,3,G30_66_H20,8,29.23333333333333,28.354166666666668,29.6125,0,354.7641124881376
29793,3,G30_66_H20,9,28.825,28.09166666666667,29.25,0,354.7641124881376
29794,3,G30_66_H20,10,28.4875,27.820833333333336,28.90833333333333,0,354.7641124881376
29795,3,G30_66_H20,11,28.266666666666666,27.45833333333333,28.60833333333333,0,354.7641124881376
29796,3,G30_66_H20,12,27.820833333333336,27.21666666666667,28.383333333333336,0,354.7641124881376
29797,3,G30_66_H20,13,27.45833333333333,26.725,27.991666666666664,0,354.7641124881376
29798,3,G30_66_H20,14,26.866666666666664,26.3875,27.604166666666668,0,354.7641124881376
29799,3,G30_66_H20,15,26.825,26.416666666666668,27.5375,0,354.7641124881376
29800,3,G30_66_H20,16,26.620833333333334,26.304166666666664,27.48333333333333,0,354.7641124881376
29801,3,G30_66_H20,17,26.78333333333333,26.504166666666663,27.508333333333336,0,354.7641124881376
29802,3,G30_66_H20,18,27.241666666666664,26.995833333333334,27.991666666666664,0,354.7641124881376
29803,3,G30_66_H20,19,28.28333333333333,28.05,28.8625,0,354.7641124881376
29804,3,G30_66_H20,20,27.2625,26.92083333333333,28.1,0,354.7641124881376
29805,3,G30_66_H20,21,26.429166666666664,25.77916666666667,27.204166666666666,0,354.7641124881376
29806,3,G30_66_H20,22,26.695833333333336,25.7125,27.183333333333334,0,354.7641124881376
29807,3,G30_66_H20,23,26.941666666666663,25.95,27.27083333333333,0,354.7641124881376
29808,3,G30_66_H20,24,26.745833333333334,25.666666666666668,27.10833333333333,0,354.7641124881376
29809,3,G30_66_H20,25,26.183333333333334,25.429166666666664,26.85833333333333,0,354.7641124881376
29810,3,G30_66_H20,26,26.7375,26.183333333333334,27.491666666666664,0,354.7641124881376
29811,3,G30_66_H20,27,26.995833333333334,26.666666666666668,27.804166666666664,0,354.7641124881376
29812,3,G30_66_H20,28,27.554166666666664,27.34583333333333,28.383333333333336,0,354.7641124881376
29813,3,G30_66_H20,29,27.166666666666668,26.90416666666667,27.9375,0,354.7641124881376
29814,3,G30_66_H20,30,27.2875,26.95833333333333,27.84166666666667,0,354.7641124881376
29815,3,G30_66_H20,31,26.741666666666664,26.3875,27.425,0,354.7641124881376
29816,3,G30_66_H20,32,25.95833333333333,25.454166666666666,26.625,0,354.7641124881376
29817,3,G30_66_H20,33,25.3625,24.7,25.883333333333336,0,354.7641124881376
29818,3,G30_66_H20,34,24.070833333333336,23.125,24.53333333333333,0,354.7641124881376
29819,3,G30_66_H3,-2,32.875,31.3,33.6,0,300.08954260896206
29820,3,G30_66_H3,-1,33.40416666666667,32.275,34.55416666666667,0,300.08954260896206
29821,3,G30_66_H3,0,33.96666666666667,33.21666666666667,34.69166666666667,0,300.08954260896206
29822,3,G30_66_H3,1,34.0,33.420833333333334,34.44166666666667,0,300.08954260896206
29823,3,G30_66_H3,2,33.38333333333333,32.75,33.854166666666664,0,300.08954260896206
29824,3,G30_66_H3,3,32.45,31.9875,33.02916666666667,0,300.08954260896206
29825,3,G30_66_H3,4,31.6375,30.925,32.24166666666667,0,300.08954260896206
29826,3,G30_66_H3,5,30.691666666666663,30.15,31.28333333333333,0,300.08954260896206
29827,3,G30_66_H3,6,30.008333333333336,29.329166666666666,30.754166666666663,0,300.08954260896206
29828,3,G30_66_H3,7,29.354166666666668,28.77083333333333,30.133333333333336,0,300.08954260896206
29829,3,G30_66_H3,8,28.916666666666668,28.23333333333333,29.695833333333336,0,300.08954260896206
29830,3,G30_66_H3,9,28.70833333333333,27.72083333333333,29.34583333333333,0,300.08954260896206
29831,3,G30_66_H3,10,28.195833333333336,27.6,28.9625,0,300.08954260896206
29832,3,G30_66_H3,11,27.866666666666664,27.254166666666663,28.666666666666668,0,300.08954260896206
29833,3,G30_66_H3,12,27.4125,26.954166666666666,28.370833333333334,0,300.08954260896206
29834,3,G30_66_H3,13,27.35,26.7625,28.075,0,300.08954260896206
29835,3,G30_66_H3,14,26.96666666666667,26.2875,27.73333333333333,0,300.08954260896206
29836,3,G30_66_H3,15,26.604166666666668,25.516666666666666,27.3125,0,300.08954260896206
29837,3,G30_66_H3,16,26.1625,25.2375,26.883333333333336,0,300.08954260896206
29838,3,G30_66_H3,17,26.308333333333334,25.425,26.77916666666667,0,300.08954260896206
29839,3,G30_66_H3,18,26.3875,25.479166666666668,26.78333333333333,0,300.08954260896206
29840,3,G30_66_H3,19,26.6875,25.84583333333333,26.9875,0,300.08954260896206
29841,3,G30_66_H3,20,27.02916666666667,26.29583333333333,27.3,0,300.08954260896206
29842,3,G30_66_H3,21,27.691666666666663,27.183333333333334,28.179166666666664,0,300.08954260896206
29843,3,G30_66_H3,22,26.133333333333336,25.558333333333334,26.891666666666666,0,300.08954260896206
29844,3,G30_66_H3,23,25.08333333333333,24.225,26.141666666666666,0,300.08954260896206
29845,3,G30_66_H3,24,24.79583333333333,24.27083333333333,26.1875,0,300.08954260896206
29846,3,G30_66_H3,25,24.6125,24.291666666666668,25.854166666666668,0,300.08954260896206
29847,3,G30_66_H3,26,24.575,23.9625,25.704166666666666,0,300.08954260896206
29848,3,G30_66_H3,27,24.575,23.725,25.52916666666667,0,300.08954260896206
29849,3,G30_66_H3,28,25.504166666666663,24.445833333333336,26.1125,0,300.08954260896206
29850,3,G30_66_H3,29,25.7375,24.825,26.1625,0,300.08954260896206
29851,3,G30_66_H3,30,26.179166666666664,25.3625,26.5375,0,300.08954260896206
29852,3,G30_66_H3,31,25.866666666666664,25.1625,26.325,0,300.08954260896206
29853,3,G30_66_H3,32,25.9875,25.491666666666664,26.566666666666663,0,300.08954260896206
29854,3,G30_66_H3,33,24.92083333333333,24.5625,25.5875,0,300.08954260896206
29855,3,G30_66_H3,34,23.42083333333333,23.1375,24.275,0,300.08954260896206
29856,3,G30_66_H3,35,23.104166666666668,22.820833333333336,24.0625,0,300.08954260896206
29857,3,G30_66_H4,11,27.822727272727278,27.16818181818182,28.536363636363635,1,384.86628977867935
29858,3,G30_66_H4,12,27.575,26.9125,28.2625,1,384.86628977867935
29859,3,G30_66_H4,13,27.229166666666668,26.59583333333333,27.9875,1,384.86628977867935
29860,3,G30_66_H4,14,26.816666666666663,26.370833333333334,27.60833333333333,1,384.86628977867935
29861,3,G30_66_H4,15,26.387500000000003,26.02916666666667,27.275,1,384.86628977867935
29862,3,G30_66_H4,16,26.125,25.71666666666667,26.92083333333333,1,384.86628977867935
29863,3,G30_66_H4,17,25.65833333333333,25.2125,26.4875,1,384.86628977867935
29864,3,G30_66_H4,18,25.554166666666664,24.954166666666666,26.291666666666668,1,384.86628977867935
29865,3,G30_66_H4,19,25.5375,25.1,26.23333333333333,1,384.86628977867935
29866,3,G30_66_H4,20,26.079166666666666,25.5,26.5625,1,384.86628977867935
29867,3,G30_66_H4,21,26.6375,26.1,27.0875,1,384.86628977867935
29868,3,G30_66_H4,22,27.4875,26.85,27.8125,1,384.86628977867935
29869,3,G30_66_H4,23,28.666666666666668,28.120833333333334,28.925,1,384.86628977867935
29870,3,G30_66_H4,24,27.48333333333333,26.745833333333334,27.854166666666668,1,384.86628977867935
29871,3,G30_66_H4,25,25.679166666666664,24.65,26.1125,1,384.86628977867935
29872,3,G30_66_H4,26,25.45833333333333,24.6625,26.02916666666667,1,384.86628977867935
29873,3,G30_66_H4,27,25.52916666666667,24.98333333333333,26.14583333333333,1,384.86628977867935
29874,3,G30_66_H4,28,25.59583333333333,25.15,26.308333333333334,1,384.86628977867935
29875,3,G30_66_H4,29,25.275,24.9375,26.09166666666667,1,384.86628977867935
29876,3,G30_66_H4,30,26.025,25.675,26.875,1,384.86628977867935
29877,3,G30_66_H4,31,26.71666666666667,26.454166666666666,27.4875,1,384.86628977867935
29878,3,G30_66_H4,32,27.4125,27.179166666666664,27.995833333333334,1,384.86628977867935
29879,3,G30_66_H4,33,27.14583333333333,26.8375,27.8125,1,384.86628977867935
29880,3,G30_66_H4,34,26.866666666666664,26.6375,27.195833333333336,1,384.86628977867935
29881,3,G30_66_H4,35,26.1125,25.929166666666664,26.558333333333334,1,384.86628977867935
29882,3,G30_66_H5,-2,29.944444444444443,26.9,30.77777777777778,0,305.6805854072774
29883,3,G30_66_H5,-1,33.7875,32.88333333333333,34.5625,0,305.6805854072774
29884,3,G30_66_H5,0,34.12916666666667,33.458333333333336,35.0625,0,305.6805854072774
29885,3,G30_66_H5,1,33.75,32.88333333333333,34.69583333333333,0,305.6805854072774
29886,3,G30_66_H5,2,33.270833333333336,32.82083333333333,33.93333333333333,0,305.6805854072774
29887,3,G30_66_H5,3,32.63333333333333,32.0125,33.11666666666667,0,305.6805854072774
29888,3,G30_66_H5,4,31.53333333333333,31.058333333333334,32.22083333333333,0,305.6805854072774
29889,3,G30_66_H5,5,30.90416666666667,30.17083333333333,31.504166666666663,0,305.6805854072774
29890,3,G30_66_H5,6,30.008333333333336,29.40833333333333,30.804166666666664,0,305.6805854072774
29891,3,G30_66_H5,7,29.479166666666668,28.829166666666666,30.241666666666664,0,305.6805854072774
29892,3,G30_66_H5,8,28.79583333333333,28.3125,29.695833333333336,0,305.6805854072774
29893,3,G30_66_H5,9,28.40833333333333,27.8875,29.304166666666664,0,305.6805854072774
29894,3,G30_66_H5,10,28.308333333333334,27.479166666666668,29.03333333333333,0,305.6805854072774
29895,3,G30_66_H5,11,27.84583333333333,27.04583333333333,28.75,0,305.6805854072774
29896,3,G30_66_H5,12,27.266666666666666,26.725,28.48333333333333,0,305.6805854072774
29897,3,G30_66_H5,13,27.1625,26.45,28.104166666666668,0,305.6805854072774
29898,3,G30_66_H5,14,26.825,26.245833333333334,27.541666666666668,0,305.6805854072774
29899,3,G30_66_H5,15,26.429166666666664,25.65833333333333,27.15833333333333,0,305.6805854072774
29900,3,G30_66_H5,16,26.54583333333333,25.266666666666666,26.991666666666664,0,305.6805854072774
29901,3,G30_66_H5,17,26.4375,25.329166666666666,26.84166666666667,0,305.6805854072774
29902,3,G30_66_H5,18,26.425,25.35833333333333,26.79583333333333,0,305.6805854072774
29903,3,G30_66_H5,19,26.45,25.566666666666663,26.870833333333334,0,305.6805854072774
29904,3,G30_66_H5,20,26.73333333333333,25.975,27.183333333333334,0,305.6805854072774
29905,3,G30_66_H5,21,27.3625,26.96666666666667,27.90416666666667,0,305.6805854072774
29906,3,G30_66_H5,22,25.89583333333333,25.508333333333336,26.8375,0,305.6805854072774
29907,3,G30_66_H5,23,24.758333333333336,24.09166666666667,26.354166666666668,0,305.6805854072774
29908,3,G30_66_H5,24,24.59583333333333,23.97083333333333,26.441666666666663,0,305.6805854072774
29909,3,G30_66_H5,25,25.02916666666667,24.1,26.14583333333333,0,305.6805854072774
29910,3,G30_66_H5,26,25.1375,23.75,25.933333333333334,0,305.6805854072774
29911,3,G30_66_H5,27,25.070833333333336,23.5875,25.7375,0,305.6805854072774
29912,3,G30_66_H5,28,25.629166666666663,24.28333333333333,26.21666666666667,0,305.6805854072774
29913,3,G30_66_H5,29,25.758333333333336,24.625,26.225,0,305.6805854072774
29914,3,G30_66_H5,30,26.1625,25.241666666666664,26.5,0,305.6805854072774
29915,3,G30_66_H5,31,25.741666666666664,24.825,26.22083333333333,0,305.6805854072774
29916,3,G30_66_H5,32,25.4875,24.90416666666667,25.97083333333333,0,305.6805854072774
29917,3,G30_66_H5,33,23.879166666666663,23.59583333333333,24.804166666666664,0,305.6805854072774
29918,3,G30_66_H5,34,23.02916666666667,22.45833333333333,24.066666666666663,0,305.6805854072774
29919,3,G30_66_H6,-2,24.7,22.35,24.7625,0,283.8136561127639
29920,3,G30_66_H6,-1,32.541666666666664,31.9875,32.833333333333336,0,283.8136561127639
29921,3,G30_66_H6,0,33.86666666666667,33.40416666666667,34.541666666666664,0,283.8136561127639
29922,3,G30_66_H6,1,34.05416666666667,33.47083333333333,34.725,0,283.8136561127639
29923,3,G30_66_H6,2,33.329166666666666,32.833333333333336,33.983333333333334,0,283.8136561127639
29924,3,G30_66_H6,3,32.7,32.27916666666667,33.2125,0,283.8136561127639
29925,3,G30_66_H6,4,32.0875,31.4875,32.516666666666666,0,283.8136561127639
29926,3,G30_66_H6,5,31.375,30.558333333333334,31.8875,0,283.8136561127639
29927,3,G30_66_H6,6,30.191666666666663,29.745833333333334,30.995833333333334,0,283.8136561127639
29928,3,G30_66_H6,7,29.620833333333334,29.175,30.52916666666667,0,283.8136561127639
29929,3,G30_66_H6,8,29.166666666666668,28.570833333333336,29.95833333333333,0,283.8136561127639
29930,3,G30_66_H6,9,28.754166666666663,28.05,29.575,0,283.8136561127639
29931,3,G30_66_H6,10,28.258333333333336,27.725,29.17083333333333,0,283.8136561127639
29932,3,G30_66_H6,11,27.879166666666663,27.40833333333333,28.77916666666667,0,283.8136561127639
29933,3,G30_66_H6,12,27.6375,27.125,28.35833333333333,0,283.8136561127639
29934,3,G30_66_H6,13,27.42083333333333,26.866666666666664,28.1375,0,283.8136561127639
29935,3,G30_66_H6,14,27.2375,26.65416666666667,27.825,0,283.8136561127639
29936,3,G30_66_H6,15,26.925,26.183333333333334,27.39583333333333,0,283.8136561127639
29937,3,G30_66_H6,16,26.829166666666666,25.90833333333333,27.22083333333333,0,283.8136561127639
29938,3,G30_66_H6,17,26.65,25.825,26.916666666666668,0,283.8136561127639
29939,3,G30_66_H6,18,26.804166666666664,26.058333333333334,27.1125,0,283.8136561127639
29940,3,G30_66_H6,19,27.1625,26.46666666666667,27.42083333333333,0,283.8136561127639
29941,3,G30_66_H6,20,27.78333333333333,27.17083333333333,28.0625,0,283.8136561127639
29942,3,G30_66_H6,21,28.4375,28.133333333333336,28.83333333333333,0,283.8136561127639
29943,3,G30_66_H6,22,27.329166666666666,26.916666666666668,27.933333333333334,0,283.8136561127639
29944,3,G30_66_H6,23,25.9,25.425,26.683333333333334,0,283.8136561127639
29945,3,G30_66_H6,24,25.8125,25.495833333333334,26.7625,0,283.8136561127639
29946,3,G30_66_H6,25,26.17083333333333,25.991666666666664,27.116666666666664,0,283.8136561127639
29947,3,G30_66_H6,26,25.875,25.6375,26.808333333333334,0,283.8136561127639
29948,3,G30_66_H6,27,26.008333333333336,25.570833333333336,26.7625,0,283.8136561127639
29949,3,G30_66_H6,28,26.791666666666668,26.204166666666666,27.34583333333333,0,283.8136561127639
29950,3,G30_66_H6,29,27.616666666666664,27.054166666666664,27.941666666666663,0,283.8136561127639
29951,3,G30_66_H6,30,28.27083333333333,27.683333333333334,28.58333333333333,0,283.8136561127639
29952,3,G30_66_H6,31,27.89583333333333,27.375,28.183333333333334,0,283.8136561127639
29953,3,G30_66_H6,32,27.383333333333336,27.129166666666663,27.7,0,283.8136561127639
29954,3,G30_66_H6,33,26.77083333333333,26.475,27.25,0,283.8136561127639
29955,3,G30_66_H6,34,25.83333333333333,25.575,26.425,0,283.8136561127639
29956,3,G30_66_H6,35,25.3875,25.15833333333333,25.98333333333333,0,283.8136561127639
29957,3,G30_66_H7,-2,32.228571428571435,29.52857142857143,32.857142857142854,0,317.8794767631692
29958,3,G30_66_H7,-1,32.800000000000004,32.25,33.85,0,317.8794767631692
29959,3,G30_66_H7,0,33.8375,33.0875,34.85,0,317.8794767631692
29960,3,G30_66_H7,1,33.85,33.35,34.545833333333334,0,317.8794767631692
29961,3,G30_66_H7,2,33.166666666666664,32.791666666666664,33.7125,0,317.8794767631692
29962,3,G30_66_H7,3,32.21666666666667,31.8125,32.9625,0,317.8794767631692
29963,3,G30_66_H7,4,31.40416666666667,30.90416666666667,32.12083333333333,0,317.8794767631692
29964,3,G30_66_H7,5,30.816666666666663,30.05,31.58333333333333,0,317.8794767631692
29965,3,G30_66_H7,6,29.8,29.291666666666668,30.85833333333333,0,317.8794767631692
29966,3,G30_66_H7,7,29.2125,28.42083333333333,30.375,0,317.8794767631692
29967,3,G30_66_H7,8,28.96666666666667,27.9,29.79583333333333,0,317.8794767631692
29968,3,G30_66_H7,9,28.3625,27.60833333333333,29.2875,0,317.8794767631692
29969,3,G30_66_H7,10,28.1375,27.21666666666667,29.079166666666666,0,317.8794767631692
29970,3,G30_66_H7,11,28.0125,27.016666666666666,28.60833333333333,0,317.8794767631692
29971,3,G30_66_H7,12,27.825000000000003,26.67083333333333,28.445833333333336,0,317.8794767631692
29972,3,G30_66_H7,13,27.42083333333333,26.491666666666664,28.0625,0,317.8794767631692
29973,3,G30_66_H7,14,26.85833333333333,25.95,27.65416666666667,0,317.8794767631692
29974,3,G30_66_H7,15,26.4875,25.6375,27.325,0,317.8794767631692
29975,3,G30_66_H7,16,26.17083333333333,25.620833333333334,27.09166666666667,0,317.8794767631692
29976,3,G30_66_H7,17,25.991666666666664,25.5125,26.933333333333334,0,317.8794767631692
29977,3,G30_66_H7,18,26.0,25.683333333333334,27.02916666666667,0,317.8794767631692
29978,3,G30_66_H7,19,26.45,26.10833333333333,27.258333333333336,0,317.8794767631692
29979,3,G30_66_H7,20,27.454166666666666,27.08333333333333,28.129166666666663,0,317.8794767631692
29980,3,G30_66_H7,21,26.02083333333333,25.6,26.995833333333334,0,317.8794767631692
29981,3,G30_66_H7,22,25.64583333333333,24.329166666666666,26.366666666666664,0,317.8794767631692
29982,3,G30_66_H7,23,25.929166666666664,24.304166666666664,26.325,0,317.8794767631692
29983,3,G30_66_H7,24,25.60833333333333,24.27916666666667,26.15416666666667,0,317.8794767631692
29984,3,G30_66_H7,25,25.316666666666663,24.21666666666667,26.008333333333336,0,317.8794767631692
29985,3,G30_66_H7,26,24.945833333333336,23.83333333333333,25.825,0,317.8794767631692
29986,3,G30_66_H7,27,25.2,24.46666666666667,26.29583333333333,0,317.8794767631692
29987,3,G30_66_H7,28,25.204166666666666,24.775,26.3375,0,317.8794767631692
29988,3,G30_66_H7,29,25.854166666666668,25.445833333333336,26.791666666666668,0,317.8794767631692
29989,3,G30_66_H7,30,25.866666666666664,25.229166666666668,26.516666666666666,0,317.8794767631692
29990,3,G30_66_H7,31,25.9875,25.45833333333333,26.441666666666663,0,317.8794767631692
29991,3,G30_66_H7,32,25.058333333333334,24.2625,25.429166666666664,0,317.8794767631692
29992,3,G30_66_H7,33,23.991666666666664,23.14583333333333,24.75,0,317.8794767631692
29993,3,G30_66_H7,34,23.40416666666667,22.9875,24.47083333333333,0,317.8794767631692
29994,3,G30_66_H8,-2,23.0625,21.0875,23.1625,0,286.9810430401581
29995,3,G30_66_H8,-1,32.15,31.495833333333334,32.5625,0,286.9810430401581
29996,3,G30_66_H8,0,33.87083333333333,33.0625,34.420833333333334,0,286.9810430401581
29997,3,G30_66_H8,1,34.13333333333333,33.604166666666664,34.645833333333336,0,286.9810430401581
29998,3,G30_66_H8,2,33.487500000000004,32.954166666666666,33.94166666666667,0,286.9810430401581
29999,3,G30_66_H8,3,32.520833333333336,32.204166666666666,32.983333333333334,0,286.9810430401581
30000,3,G30_66_H8,4,31.71666666666667,31.3,32.28333333333333,0,286.9810430401581
30001,3,G30_66_H8,5,30.979166666666668,30.4875,31.445833333333336,0,286.9810430401581
30002,3,G30_66_H8,6,30.1125,29.666666666666668,30.741666666666664,0,286.9810430401581
30003,3,G30_66_H8,7,29.454166666666666,29.10833333333333,30.258333333333336,0,286.9810430401581
30004,3,G30_66_H8,8,29.1375,28.504166666666663,29.754166666666663,0,286.9810430401581
30005,3,G30_66_H8,9,28.7125,28.075,29.2125,0,286.9810430401581
30006,3,G30_66_H8,10,28.479166666666668,27.775,28.9125,0,286.9810430401581
30007,3,G30_66_H8,11,28.10833333333333,27.52083333333333,28.579166666666666,0,286.9810430401581
30008,3,G30_66_H8,12,27.95833333333333,27.304166666666664,28.3375,0,286.9810430401581
30009,3,G30_66_H8,13,27.7125,27.104166666666668,28.129166666666663,0,286.9810430401581
30010,3,G30_66_H8,14,27.541666666666668,26.979166666666668,27.954166666666666,0,286.9810430401581
30011,3,G30_66_H8,15,27.183333333333334,26.575,27.570833333333336,0,286.9810430401581
30012,3,G30_66_H8,16,26.695833333333336,26.1875,27.2375,0,286.9810430401581
30013,3,G30_66_H8,17,26.34583333333333,26.025,27.03333333333333,0,286.9810430401581
30014,3,G30_66_H8,18,26.3875,26.1,27.02083333333333,0,286.9810430401581
30015,3,G30_66_H8,19,26.79583333333333,26.504166666666663,27.4625,0,286.9810430401581
30016,3,G30_66_H8,20,27.491666666666664,27.20833333333333,28.116666666666664,0,286.9810430401581
30017,3,G30_66_H8,21,28.55,28.304166666666664,29.025,0,286.9810430401581
30018,3,G30_66_H8,22,27.229166666666668,26.96666666666667,28.0,0,286.9810430401581
30019,3,G30_66_H8,23,25.666666666666668,25.27083333333333,26.4875,0,286.9810430401581
30020,3,G30_66_H8,24,25.97083333333333,25.225,26.4875,0,286.9810430401581
30021,3,G30_66_H8,25,26.354166666666668,25.475,26.695833333333336,0,286.9810430401581
30022,3,G30_66_H8,26,26.25,25.3625,26.52916666666667,0,286.9810430401581
30023,3,G30_66_H8,27,25.97083333333333,25.0125,26.245833333333334,0,286.9810430401581
30024,3,G30_66_H8,28,26.5875,25.8,26.96666666666667,0,286.9810430401581
30025,3,G30_66_H8,29,26.9875,26.425,27.429166666666664,0,286.9810430401581
30026,3,G30_66_H8,30,27.4625,27.15416666666667,28.079166666666666,0,286.9810430401581
30027,3,G30_66_H8,31,27.070833333333336,26.79583333333333,27.666666666666668,0,286.9810430401581
30028,3,G30_66_H8,32,27.079166666666666,26.816666666666663,27.53333333333333,0,286.9810430401581
30029,3,G30_66_H8,33,26.370833333333334,26.125,26.96666666666667,0,286.9810430401581
30030,3,G30_66_H9,-2,30.17142857142857,26.957142857142856,31.0,0,277.9128744732337
30031,3,G30_66_H9,-1,33.19166666666667,32.25833333333333,33.8875,0,277.9128744732337
30032,3,G30_66_H9,0,34.1375,33.2625,34.8375,0,277.9128744732337
30033,3,G30_66_H9,1,33.99583333333333,33.479166666666664,34.6375,0,277.9128744732337
30034,3,G30_66_H9,2,33.22083333333333,32.82083333333333,33.862500000000004,0,277.9128744732337
30035,3,G30_66_H9,3,32.391666666666666,31.78333333333333,33.075,0,277.9128744732337
30036,3,G30_66_H9,4,31.625,30.77916666666667,32.49166666666667,0,277.9128744732337
30037,3,G30_66_H9,5,30.995833333333334,29.9625,31.8875,0,277.9128744732337
30038,3,G30_66_H9,6,30.03333333333333,29.304166666666664,31.116666666666664,0,277.9128744732337
30039,3,G30_66_H9,7,29.616666666666664,28.45,30.604166666666668,0,277.9128744732337
30040,3,G30_66_H9,8,28.829166666666666,27.8875,29.995833333333334,0,277.9128744732337
30041,3,G30_66_H9,9,28.53333333333333,27.64583333333333,29.4625,0,277.9128744732337
30042,3,G30_66_H9,10,28.058333333333334,27.266666666666666,29.316666666666663,0,277.9128744732337
30043,3,G30_66_H9,11,27.79583333333333,26.991666666666664,28.95833333333333,0,277.9128744732337
30044,3,G30_66_H9,12,27.42083333333333,26.84583333333333,28.6125,0,277.9128744732337
30045,3,G30_66_H9,13,27.566666666666663,26.625,28.2625,0,277.9128744732337
30046,3,G30_66_H9,14,26.891666666666666,26.04583333333333,27.77916666666667,0,277.9128744732337
30047,3,G30_66_H9,15,26.570833333333336,25.6375,27.479166666666668,0,277.9128744732337
30048,3,G30_66_H9,16,26.579166666666666,25.67083333333333,27.241666666666664,0,277.9128744732337
30049,3,G30_66_H9,17,26.5625,25.491666666666664,27.0,0,277.9128744732337
30050,3,G30_66_H9,18,26.641666666666666,25.683333333333334,27.02083333333333,0,277.9128744732337
30051,3,G30_66_H9,19,26.85833333333333,26.058333333333334,27.21666666666667,0,277.9128744732337
30052,3,G30_66_H9,20,27.441666666666663,26.941666666666663,28.0,0,277.9128744732337
30053,3,G30_66_H9,21,25.941666666666663,25.6625,26.925,0,277.9128744732337
30054,3,G30_66_H9,22,25.183333333333334,24.65,26.366666666666664,0,277.9128744732337
30055,3,G30_66_H9,23,25.6625,24.55,26.454166666666666,0,277.9128744732337
30056,3,G30_66_H9,24,25.745833333333334,24.683333333333334,26.225,0,277.9128744732337
30057,3,G30_66_H9,25,25.02083333333333,24.3,26.03333333333333,0,277.9128744732337
30058,3,G30_66_H9,26,24.441666666666663,24.016666666666666,25.7875,0,277.9128744732337
30059,3,G30_66_H9,27,25.179166666666664,24.65833333333333,26.291666666666668,0,277.9128744732337
30060,3,G30_66_H9,28,25.683333333333334,25.05,26.33333333333333,0,277.9128744732337
30061,3,G30_66_H9,29,26.28333333333333,25.516666666666666,26.6375,0,277.9128744732337
30062,3,G30_66_H9,30,25.995833333333334,25.254166666666663,26.375,0,277.9128744732337
30063,3,G30_66_H9,31,25.95833333333333,25.425,26.441666666666663,0,277.9128744732337
30064,3,G30_66_H9,32,24.775,24.354166666666668,25.475,0,277.9128744732337
30065,3,G30_66_H9,33,23.42083333333333,22.941666666666663,24.308333333333334,0,277.9128744732337
30066,3,G30_66_H9,34,23.10833333333333,22.70833333333333,24.141666666666666,0,277.9128744732337
30067,3,G31_65_H10,-1,29.80625,28.21875,31.05333333333333,0,370.7929232912698
30068,3,G31_65_H10,0,34.425000000000004,33.74166666666667,35.15,0,370.7929232912698
30069,3,G31_65_H10,1,34.333333333333336,33.81666666666667,34.94166666666667,0,370.7929232912698
30070,3,G31_65_H10,2,33.725,33.237500000000004,34.40416666666667,0,370.7929232912698
30071,3,G31_65_H10,3,32.85,32.395833333333336,33.57083333333333,0,370.7929232912698
30072,3,G31_65_H10,4,32.15,31.46666666666667,32.69166666666667,0,370.7929232912698
30073,3,G31_65_H10,5,31.479166666666668,30.916666666666668,32.09166666666667,0,370.7929232912698
30074,3,G31_65_H10,6,30.758333333333336,30.0875,31.52916666666667,0,370.7929232912698
30075,3,G31_65_H10,7,30.08333333333333,29.379166666666663,30.83333333333333,0,370.7929232912698
30076,3,G31_65_H10,8,29.925,29.120833333333334,30.46666666666667,0,370.7929232912698
30077,3,G31_65_H10,9,29.65833333333333,29.0,30.29583333333333,0,370.7929232912698
30078,3,G31_65_H10,10,29.070833333333336,28.558333333333334,29.691666666666663,0,370.7929232912698
30079,3,G31_65_H10,11,28.8375,28.308333333333334,29.116666666666664,0,370.7929232912698
30080,3,G31_65_H10,12,28.620833333333334,28.1,28.9,0,370.7929232912698
30081,3,G31_65_H10,13,28.40833333333333,28.125,28.804166666666664,0,370.7929232912698
30082,3,G31_65_H10,14,27.766666666666666,27.42083333333333,28.258333333333336,0,370.7929232912698
30083,3,G31_65_H10,15,27.4125,26.65833333333333,27.8375,0,370.7929232912698
30084,3,G31_65_H10,16,26.9875,26.7125,27.725,0,370.7929232912698
30085,3,G31_65_H10,17,27.191666666666663,26.804166666666664,27.65,0,370.7929232912698
30086,3,G31_65_H10,18,27.291666666666668,26.79583333333333,27.725,0,370.7929232912698
30087,3,G31_65_H10,19,26.90416666666667,26.60833333333333,27.604166666666668,0,370.7929232912698
30088,3,G31_65_H10,20,27.204166666666666,26.5875,27.558333333333334,0,370.7929232912698
30089,3,G31_65_H10,21,26.5625,26.1,27.2,0,370.7929232912698
30090,3,G31_65_H10,22,26.52083333333333,26.17083333333333,27.2375,0,370.7929232912698
30091,3,G31_65_H10,23,26.9625,26.275,27.34583333333333,0,370.7929232912698
30092,3,G31_65_H10,24,26.67083333333333,26.366666666666664,27.34166666666667,0,370.7929232912698
30093,3,G31_65_H10,25,26.016666666666666,25.666666666666668,26.758333333333336,0,370.7929232912698
30094,3,G31_65_H10,26,25.71666666666667,25.004166666666663,26.1375,0,370.7929232912698
30095,3,G31_65_H10,27,24.8,24.35,25.666666666666668,0,370.7929232912698
30096,3,G31_65_H10,28,24.17083333333333,23.6125,25.070833333333336,0,370.7929232912698
30097,3,G31_65_H10,29,24.34583333333333,23.52916666666667,24.8875,0,370.7929232912698
30098,3,G31_65_H10,30,23.64583333333333,23.21666666666667,24.48333333333333,0,370.7929232912698
30099,3,G31_65_H10,31,23.75,23.254166666666663,24.454166666666666,0,370.7929232912698
30100,3,G31_65_H10,32,24.558333333333334,24.066666666666663,25.166666666666668,0,370.7929232912698
30101,3,G31_65_H10,33,24.995833333333334,24.59583333333333,25.558333333333334,0,370.7929232912698
30102,3,G31_65_H10,34,25.35,24.929166666666664,25.84583333333333,0,370.7929232912698
30103,3,G31_65_H11,-1,31.1625,29.20625,32.946666666666665,0,381.2066078461697
30104,3,G31_65_H11,0,34.87083333333333,34.166666666666664,35.458333333333336,0,381.2066078461697
30105,3,G31_65_H11,1,34.670833333333334,33.90833333333333,35.24583333333333,0,381.2066078461697
30106,3,G31_65_H11,2,33.8875,33.083333333333336,34.545833333333334,0,381.2066078461697
30107,3,G31_65_H11,3,32.92916666666667,32.275,33.5375,0,381.2066078461697
30108,3,G31_65_H11,4,32.050000000000004,31.416666666666668,32.8125,0,381.2066078461697
30109,3,G31_65_H11,5,31.491666666666664,30.77083333333333,32.170833333333334,0,381.2066078461697
30110,3,G31_65_H11,6,30.954166666666666,30.10833333333333,31.604166666666668,0,381.2066078461697
30111,3,G31_65_H11,7,30.175,29.475,31.116666666666664,0,381.2066078461697
30112,3,G31_65_H11,8,30.08333333333333,29.15,30.92083333333333,0,381.2066078461697
30113,3,G31_65_H11,9,30.066666666666663,29.14583333333333,30.8375,0,381.2066078461697
30114,3,G31_65_H11,10,29.416666666666668,28.875,30.275,0,381.2066078461697
30115,3,G31_65_H11,11,29.34166666666667,28.516666666666666,29.883333333333336,0,381.2066078461697
30116,3,G31_65_H11,12,28.825,28.39583333333333,29.441666666666663,0,381.2066078461697
30117,3,G31_65_H11,13,28.89583333333333,28.46666666666667,29.34166666666667,0,381.2066078461697
30118,3,G31_65_H11,14,28.02083333333333,27.454166666666666,28.72083333333333,0,381.2066078461697
30119,3,G31_65_H11,15,27.479166666666668,26.866666666666664,28.48333333333333,0,381.2066078461697
30120,3,G31_65_H11,16,27.766666666666666,26.691666666666663,28.23333333333333,0,381.2066078461697
30121,3,G31_65_H11,17,27.104166666666668,26.579166666666666,27.954166666666666,0,381.2066078461697
30122,3,G31_65_H11,18,27.15416666666667,26.516666666666666,27.879166666666663,0,381.2066078461697
30123,3,G31_65_H11,19,26.96666666666667,26.22083333333333,27.641666666666666,0,381.2066078461697
30124,3,G31_65_H11,20,26.758333333333336,26.229166666666668,27.620833333333334,0,381.2066078461697
30125,3,G31_65_H11,21,26.804166666666664,26.15833333333333,27.425,0,381.2066078461697
30126,3,G31_65_H11,22,26.829166666666666,26.391666666666666,27.55,0,381.2066078461697
30127,3,G31_65_H11,23,27.14583333333333,26.479166666666668,27.629166666666663,0,381.2066078461697
30128,3,G31_65_H11,24,26.9125,26.504166666666663,27.65416666666667,0,381.2066078461697
30129,3,G31_65_H11,25,26.225,25.71666666666667,26.85,0,381.2066078461697
30130,3,G31_65_H11,26,25.558333333333334,24.866666666666664,26.23333333333333,0,381.2066078461697
30131,3,G31_65_H11,27,24.77916666666667,24.195833333333336,25.725,0,381.2066078461697
30132,3,G31_65_H11,28,24.525,23.558333333333334,25.1625,0,381.2066078461697
30133,3,G31_65_H11,29,24.191666666666663,23.620833333333334,25.1125,0,381.2066078461697
30134,3,G31_65_H11,30,23.791666666666668,23.066666666666663,24.633333333333336,0,381.2066078461697
30135,3,G31_65_H11,31,23.72083333333333,23.09583333333333,24.429166666666664,0,381.2066078461697
30136,3,G31_65_H11,32,24.229166666666668,23.59166666666667,24.9875,0,381.2066078461697
30137,3,G31_65_H11,33,24.7,24.291666666666668,25.375,0,381.2066078461697
30138,3,G31_65_H11,34,25.0625,24.52083333333333,25.70833333333333,0,381.2066078461697
30139,3,G31_65_H12,-1,28.94375,27.33125,30.506666666666668,0,358.8210829978375
30140,3,G31_65_H12,0,34.55833333333333,34.1125,35.13333333333333,0,358.8210829978375
30141,3,G31_65_H12,1,34.59583333333333,33.96666666666667,35.108333333333334,0,358.8210829978375
30142,3,G31_65_H12,2,33.90416666666667,33.27916666666667,34.6,0,358.8210829978375
30143,3,G31_65_H12,3,33.2125,32.579166666666666,33.770833333333336,0,358.8210829978375
30144,3,G31_65_H12,4,32.233333333333334,31.745833333333334,32.92916666666667,0,358.8210829978375
30145,3,G31_65_H12,5,31.8125,31.166666666666668,32.362500000000004,0,358.8210829978375
30146,3,G31_65_H12,6,31.066666666666663,30.366666666666664,31.504166666666663,0,358.8210829978375
30147,3,G31_65_H12,7,30.291666666666668,29.60833333333333,30.879166666666663,0,358.8210829978375
30148,3,G31_65_H12,8,29.925,29.370833333333334,30.541666666666668,0,358.8210829978375
30149,3,G31_65_H12,9,29.7625,29.17083333333333,30.28333333333333,0,358.8210829978375
30150,3,G31_65_H12,10,29.39583333333333,28.995833333333334,29.941666666666663,0,358.8210829978375
30151,3,G31_65_H12,11,29.120833333333334,28.65833333333333,29.45833333333333,0,358.8210829978375
30152,3,G31_65_H12,12,28.704166666666666,28.383333333333336,29.120833333333334,0,358.8210829978375
30153,3,G31_65_H12,13,28.6,28.383333333333336,29.09166666666667,0,358.8210829978375
30154,3,G31_65_H12,14,27.84166666666667,27.6,28.495833333333334,0,358.8210829978375
30155,3,G31_65_H12,15,27.666666666666668,26.85833333333333,28.15833333333333,0,358.8210829978375
30156,3,G31_65_H12,16,27.40416666666667,27.025,28.1,0,358.8210829978375
30157,3,G31_65_H12,17,27.433333333333334,26.991666666666664,28.03333333333333,0,358.8210829978375
30158,3,G31_65_H12,18,27.554166666666664,27.02083333333333,28.14583333333333,0,358.8210829978375
30159,3,G31_65_H12,19,27.35833333333333,27.0375,28.125,0,358.8210829978375
30160,3,G31_65_H12,20,27.65416666666667,27.004166666666663,28.075,0,358.8210829978375
30161,3,G31_65_H12,21,27.27916666666667,26.89583333333333,27.95,0,358.8210829978375
30162,3,G31_65_H12,22,27.254166666666663,26.8375,27.8625,0,358.8210829978375
30163,3,G31_65_H12,23,27.5125,26.9125,27.96666666666667,0,358.8210829978375
30164,3,G31_65_H12,24,27.25,27.03333333333333,27.92083333333333,0,358.8210829978375
30165,3,G31_65_H12,25,26.7875,26.266666666666666,27.370833333333334,0,358.8210829978375
30166,3,G31_65_H12,26,26.65,25.95833333333333,27.070833333333336,0,358.8210829978375
30167,3,G31_65_H12,27,25.71666666666667,25.40416666666667,26.58333333333333,0,358.8210829978375
30168,3,G31_65_H12,28,25.191666666666663,24.5625,26.02083333333333,0,358.8210829978375
30169,3,G31_65_H12,29,25.383333333333336,24.52916666666667,25.78333333333333,0,358.8210829978375
30170,3,G31_65_H12,30,24.541666666666668,23.933333333333334,25.10833333333333,0,358.8210829978375
30171,3,G31_65_H12,31,24.5125,23.879166666666663,25.058333333333334,0,358.8210829978375
30172,3,G31_65_H12,32,25.09166666666667,24.6125,25.570833333333336,0,358.8210829978375
30173,3,G31_65_H12,33,25.52083333333333,25.09583333333333,26.04583333333333,0,358.8210829978375
30174,3,G31_65_H12,34,25.954166666666666,25.479166666666668,26.379166666666663,0,358.8210829978375
30175,3,G31_65_H12,35,25.758333333333336,25.325,26.3125,0,358.8210829978375
30176,3,G31_65_H13,4,31.26,30.45,32.53,0,366.9507529409868
30177,3,G31_65_H13,5,31.179166666666664,29.975,32.09583333333333,0,366.9507529409868
30178,3,G31_65_H13,6,30.575,29.241666666666664,31.666666666666668,0,366.9507529409868
30179,3,G31_65_H13,7,29.78333333333333,28.870833333333334,31.1,0,366.9507529409868
30180,3,G31_65_H13,8,29.945833333333336,28.71666666666667,30.975,0,366.9507529409868
30181,3,G31_65_H13,9,29.84583333333333,28.570833333333336,30.579166666666666,0,366.9507529409868
30182,3,G31_65_H13,10,29.39583333333333,28.40833333333333,30.1375,0,366.9507529409868
30183,3,G31_65_H13,11,28.8125,28.2375,29.53333333333333,0,366.9507529409868
30184,3,G31_65_H13,12,28.9375,28.329166666666666,29.27083333333333,0,366.9507529409868
30185,3,G31_65_H13,13,27.979166666666668,27.5125,28.7125,0,366.9507529409868
30186,3,G31_65_H13,14,27.7375,26.83333333333333,28.65416666666667,0,366.9507529409868
30187,3,G31_65_H13,15,27.433333333333334,26.7,28.445833333333336,0,366.9507529409868
30188,3,G31_65_H13,16,27.05,26.6125,27.9875,0,366.9507529409868
30189,3,G31_65_H13,17,27.191666666666663,26.425,27.891666666666666,0,366.9507529409868
30190,3,G31_65_H13,18,26.52083333333333,26.120833333333334,27.516666666666666,0,366.9507529409868
30191,3,G31_65_H13,19,26.695833333333336,25.945833333333336,27.445833333333336,0,366.9507529409868
30192,3,G31_65_H13,20,26.46666666666667,25.816666666666663,27.191666666666663,0,366.9507529409868
30193,3,G31_65_H13,21,26.4375,25.95,27.141666666666666,0,366.9507529409868
30194,3,G31_65_H13,22,26.77916666666667,26.0,27.15,0,366.9507529409868
30195,3,G31_65_H13,23,26.33333333333333,26.070833333333336,27.17083333333333,0,366.9507529409868
30196,3,G31_65_H13,24,25.929166666666664,25.291666666666668,26.5375,0,366.9507529409868
30197,3,G31_65_H13,25,25.416666666666668,24.71666666666667,26.075,0,366.9507529409868
30198,3,G31_65_H13,26,24.875,24.33333333333333,25.83333333333333,0,366.9507529409868
30199,3,G31_65_H13,27,23.97083333333333,23.625,25.17083333333333,0,366.9507529409868
30200,3,G31_65_H13,28,24.3625,23.604166666666668,25.02083333333333,0,366.9507529409868
30201,3,G31_65_H13,29,24.070833333333336,23.291666666666668,24.758333333333336,0,366.9507529409868
30202,3,G31_65_H13,30,23.804166666666664,23.379166666666663,24.58333333333333,0,366.9507529409868
30203,3,G31_65_H13,31,24.695833333333336,24.054166666666664,25.14583333333333,0,366.9507529409868
30204,3,G31_65_H13,32,25.0375,24.495833333333334,25.53333333333333,0,366.9507529409868
30205,3,G31_65_H13,33,25.191666666666663,24.775,25.808333333333334,0,366.9507529409868
30206,3,G31_65_H13,34,25.1875,24.72083333333333,25.7875,0,366.9507529409868
30207,3,G31_65_H14,-1,30.3,28.77058823529412,31.35,0,383.49025762102445
30208,3,G31_65_H14,0,34.88333333333333,34.12083333333333,35.454166666666666,0,383.49025762102445
30209,3,G31_65_H14,1,34.725,34.1,35.35,0,383.49025762102445
30210,3,G31_65_H14,2,34.09166666666667,33.3375,34.666666666666664,0,383.49025762102445
30211,3,G31_65_H14,3,33.079166666666666,32.52916666666666,33.8875,0,383.49025762102445
30212,3,G31_65_H14,4,32.300000000000004,31.70833333333333,33.0125,0,383.49025762102445
30213,3,G31_65_H14,5,31.5625,30.816666666666663,32.15,0,383.49025762102445
30214,3,G31_65_H14,6,30.704166666666666,30.14583333333333,31.6125,0,383.49025762102445
30215,3,G31_65_H14,7,30.291666666666668,29.7125,31.125,0,383.49025762102445
30216,3,G31_65_H14,8,30.075,29.554166666666664,30.92083333333333,0,383.49025762102445
30217,3,G31_65_H14,9,29.65416666666667,29.2625,30.28333333333333,0,383.49025762102445
30218,3,G31_65_H14,10,29.5125,28.979166666666668,29.85,0,383.49025762102445
30219,3,G31_65_H14,11,29.008333333333336,28.71666666666667,29.525,0,383.49025762102445
30220,3,G31_65_H14,12,29.104166666666668,28.64583333333333,29.40833333333333,0,383.49025762102445
30221,3,G31_65_H14,13,28.329166666666666,27.90416666666667,28.745833333333334,0,383.49025762102445
30222,3,G31_65_H14,14,27.6125,27.325,28.329166666666666,0,383.49025762102445
30223,3,G31_65_H14,15,28.016666666666666,27.416666666666668,28.40833333333333,0,383.49025762102445
30224,3,G31_65_H14,16,27.579166666666666,27.3375,28.416666666666668,0,383.49025762102445
30225,3,G31_65_H14,17,27.78333333333333,27.14583333333333,28.291666666666668,0,383.49025762102445
30226,3,G31_65_H14,18,27.52083333333333,26.954166666666666,28.15,0,383.49025762102445
30227,3,G31_65_H14,19,27.27916666666667,26.96666666666667,28.1,0,383.49025762102445
30228,3,G31_65_H14,20,27.629166666666663,26.9125,27.975,0,383.49025762102445
30229,3,G31_65_H14,21,27.08333333333333,26.816666666666663,27.866666666666664,0,383.49025762102445
30230,3,G31_65_H14,22,27.40833333333333,26.8625,27.954166666666666,0,383.49025762102445
30231,3,G31_65_H14,23,27.64583333333333,26.995833333333334,27.954166666666666,0,383.49025762102445
30232,3,G31_65_H14,24,26.70833333333333,26.329166666666666,27.35,0,383.49025762102445
30233,3,G31_65_H14,25,26.375,26.025,27.166666666666668,0,383.49025762102445
30234,3,G31_65_H14,26,26.316666666666663,25.5375,26.77916666666667,0,383.49025762102445
30235,3,G31_65_H14,27,25.23333333333333,24.6125,26.004166666666663,0,383.49025762102445
30236,3,G31_65_H14,28,25.025,24.6125,25.891666666666666,0,383.49025762102445
30237,3,G31_65_H14,29,24.491666666666664,23.9625,25.329166666666666,0,383.49025762102445
30238,3,G31_65_H14,30,24.641666666666666,24.05,25.29583333333333,0,383.49025762102445
30239,3,G31_65_H14,31,25.27083333333333,24.825,25.695833333333336,0,383.49025762102445
30240,3,G31_65_H14,32,25.745833333333334,25.27083333333333,26.082608695652173,0,383.49025762102445
30241,3,G31_65_H14,33,26.125,25.7125,26.60833333333333,0,383.49025762102445
30242,3,G31_65_H16,-1,28.84705882352941,27.123529411764707,30.3625,0,360.8005573134681
30243,3,G31_65_H16,0,34.579166666666666,33.862500000000004,35.025,0,360.8005573134681
30244,3,G31_65_H16,1,34.358333333333334,33.925000000000004,34.94583333333333,0,360.8005573134681
30245,3,G31_65_H16,2,33.74583333333333,33.24583333333333,34.25,0,360.8005573134681
30246,3,G31_65_H16,3,32.96666666666666,32.425000000000004,33.516666666666666,0,360.8005573134681
30247,3,G31_65_H16,4,32.06666666666667,31.616666666666664,32.65,0,360.8005573134681
30248,3,G31_65_H16,5,31.2125,30.73333333333333,31.829166666666666,0,360.8005573134681
30249,3,G31_65_H16,6,30.745833333333334,30.0625,31.195833333333336,0,360.8005573134681
30250,3,G31_65_H16,7,30.183333333333334,29.575,30.84583333333333,0,360.8005573134681
30251,3,G31_65_H16,8,30.058333333333334,29.425,30.72083333333333,0,360.8005573134681
30252,3,G31_65_H16,9,29.7125,29.02916666666667,30.27083333333333,0,360.8005573134681
30253,3,G31_65_H16,10,29.1625,28.675,29.77083333333333,0,360.8005573134681
30254,3,G31_65_H16,11,28.85,28.516666666666666,29.39583333333333,0,360.8005573134681
30255,3,G31_65_H16,12,28.8625,28.5125,29.20833333333333,0,360.8005573134681
30256,3,G31_65_H16,13,28.183333333333334,27.675,28.59166666666667,0,360.8005573134681
30257,3,G31_65_H16,14,27.291666666666668,26.916666666666668,28.05416666666667,0,360.8005573134681
30258,3,G31_65_H16,15,27.2125,26.816666666666663,27.83333333333333,0,360.8005573134681
30259,3,G31_65_H16,16,27.291666666666668,26.6375,27.620833333333334,0,360.8005573134681
30260,3,G31_65_H16,17,26.916666666666668,26.604166666666668,27.620833333333334,0,360.8005573134681
30261,3,G31_65_H16,18,26.72083333333333,26.35833333333333,27.429166666666664,0,360.8005573134681
30262,3,G31_65_H16,19,26.90416666666667,26.22083333333333,27.275,0,360.8005573134681
30263,3,G31_65_H16,20,26.4375,26.133333333333336,27.27083333333333,0,360.8005573134681
30264,3,G31_65_H16,21,26.808333333333334,26.383333333333336,27.425,0,360.8005573134681
30265,3,G31_65_H16,22,27.1375,26.46666666666667,27.508333333333336,0,360.8005573134681
30266,3,G31_65_H16,23,26.745833333333334,26.504166666666663,27.491666666666664,0,360.8005573134681
30267,3,G31_65_H16,24,26.3,25.84583333333333,26.870833333333334,0,360.8005573134681
30268,3,G31_65_H16,25,26.141666666666666,25.379166666666663,26.616666666666664,0,360.8005573134681
30269,3,G31_65_H16,26,25.1,24.7125,26.066666666666663,0,360.8005573134681
30270,3,G31_65_H16,27,24.6375,24.14583333333333,25.52916666666667,0,360.8005573134681
30271,3,G31_65_H16,28,24.9,24.09583333333333,25.42083333333333,0,360.8005573134681
30272,3,G31_65_H16,29,24.0875,23.675,24.97083333333333,0,360.8005573134681
30273,3,G31_65_H16,30,24.116666666666664,23.725,24.816666666666663,0,360.8005573134681
30274,3,G31_65_H16,31,24.8,24.35833333333333,25.20833333333333,0,360.8005573134681
30275,3,G31_65_H16,32,25.116666666666664,24.725,25.65416666666667,0,360.8005573134681
30276,3,G31_65_H16,33,25.4625,25.0125,25.866666666666664,0,360.8005573134681
30277,3,G31_65_H16,34,25.54583333333333,25.1375,25.9375,0,360.8005573134681
30278,3,G31_65_H18,-1,29.3,27.61176470588235,30.78125,0,333.8661773699547
30279,3,G31_65_H18,0,34.49583333333333,33.645833333333336,35.1875,0,333.8661773699547
30280,3,G31_65_H18,1,34.625,33.925000000000004,35.19583333333333,0,333.8661773699547
30281,3,G31_65_H18,2,33.81666666666667,33.275,34.5125,0,333.8661773699547
30282,3,G31_65_H18,3,33.03333333333333,32.4625,33.78333333333333,0,333.8661773699547
30283,3,G31_65_H18,4,32.25,31.633333333333336,32.97083333333333,0,333.8661773699547
30284,3,G31_65_H18,5,31.67083333333333,31.03333333333333,32.2875,0,333.8661773699547
30285,3,G31_65_H18,6,30.7625,30.1875,31.575,0,333.8661773699547
30286,3,G31_65_H18,7,30.504166666666663,29.516666666666666,31.166666666666668,0,333.8661773699547
30287,3,G31_65_H18,8,30.46666666666667,29.316666666666663,31.025,0,333.8661773699547
30288,3,G31_65_H18,9,29.704166666666666,28.9875,30.391666666666666,0,333.8661773699547
30289,3,G31_65_H18,10,29.45,28.71666666666667,29.83333333333333,0,333.8661773699547
30290,3,G31_65_H18,11,28.9875,28.516666666666666,29.433333333333334,0,333.8661773699547
30291,3,G31_65_H18,12,28.6375,28.47083333333333,29.1,0,333.8661773699547
30292,3,G31_65_H18,13,27.979166666666668,27.54583333333333,28.42083333333333,0,333.8661773699547
30293,3,G31_65_H18,14,27.525,26.816666666666663,28.02083333333333,0,333.8661773699547
30294,3,G31_65_H18,15,27.008333333333336,26.71666666666667,27.90416666666667,0,333.8661773699547
30295,3,G31_65_H18,16,27.166666666666668,26.516666666666666,27.65,0,333.8661773699547
30296,3,G31_65_H18,17,26.84166666666667,26.316666666666663,27.425,0,333.8661773699547
30297,3,G31_65_H18,18,26.6625,26.29583333333333,27.383333333333336,0,333.8661773699547
30298,3,G31_65_H18,19,26.954166666666666,26.183333333333334,27.34166666666667,0,333.8661773699547
30299,3,G31_65_H18,20,26.52083333333333,26.075,27.175,0,333.8661773699547
30300,3,G31_65_H18,21,26.479166666666668,26.14583333333333,27.204166666666666,0,333.8661773699547
30301,3,G31_65_H18,22,27.02083333333333,26.2375,27.34166666666667,0,333.8661773699547
30302,3,G31_65_H18,23,26.77083333333333,26.33333333333333,27.383333333333336,0,333.8661773699547
30303,3,G31_65_H18,24,25.820833333333336,25.59583333333333,26.579166666666666,0,333.8661773699547
30304,3,G31_65_H18,25,25.78333333333333,25.02083333333333,26.141666666666666,0,333.8661773699547
30305,3,G31_65_H18,26,25.0,24.495833333333334,25.725,0,333.8661773699547
30306,3,G31_65_H18,27,24.104166666666668,23.754166666666663,25.175,0,333.8661773699547
30307,3,G31_65_H18,28,24.525,23.64583333333333,24.975,0,333.8661773699547
30308,3,G31_65_H18,29,23.791666666666668,23.325,24.570833333333336,0,333.8661773699547
30309,3,G31_65_H18,30,23.73333333333333,23.3625,24.491666666666664,0,333.8661773699547
30310,3,G31_65_H18,31,24.491666666666664,24.120833333333334,25.04583333333333,0,333.8661773699547
30311,3,G31_65_H18,32,24.95,24.495833333333334,25.516666666666666,0,333.8661773699547
30312,3,G31_65_H18,33,25.308333333333334,24.85,25.825,0,333.8661773699547
30313,3,G31_65_H18,34,25.29583333333333,24.8875,25.77916666666667,0,333.8661773699547
30314,3,G31_65_H20,-1,29.37058823529412,27.74705882352941,30.93125,0,343.16910489345804
30315,3,G31_65_H20,0,34.5125,33.74166666666667,34.9,0,343.16910489345804
30316,3,G31_65_H20,1,34.55,33.84583333333333,35.0625,0,343.16910489345804
30317,3,G31_65_H20,2,33.766666666666666,33.09166666666667,34.44166666666667,0,343.16910489345804
30318,3,G31_65_H20,3,32.925000000000004,32.2625,33.65416666666667,0,343.16910489345804
30319,3,G31_65_H20,4,32.31666666666667,31.5875,32.81666666666667,0,343.16910489345804
30320,3,G31_65_H20,5,31.55,30.95833333333333,32.108333333333334,0,343.16910489345804
30321,3,G31_65_H20,6,30.745833333333334,30.116666666666664,31.45833333333333,0,343.16910489345804
30322,3,G31_65_H20,7,30.1625,29.54583333333333,30.89583333333333,0,343.16910489345804
30323,3,G31_65_H20,8,30.1875,29.3625,30.804166666666664,0,343.16910489345804
30324,3,G31_65_H20,9,29.566666666666663,29.02916666666667,30.27916666666667,0,343.16910489345804
30325,3,G31_65_H20,10,29.34583333333333,28.704166666666666,29.73333333333333,0,343.16910489345804
30326,3,G31_65_H20,11,28.8625,28.40833333333333,29.23333333333333,0,343.16910489345804
30327,3,G31_65_H20,12,28.5875,28.2875,28.95833333333333,0,343.16910489345804
30328,3,G31_65_H20,13,27.9875,27.491666666666664,28.383333333333336,0,343.16910489345804
30329,3,G31_65_H20,14,27.1875,26.7375,28.0625,0,343.16910489345804
30330,3,G31_65_H20,15,27.366666666666664,26.6125,27.883333333333336,0,343.16910489345804
30331,3,G31_65_H20,16,26.945833333333336,26.479166666666668,27.620833333333334,0,343.16910489345804
30332,3,G31_65_H20,17,26.725,26.379166666666663,27.4125,0,343.16910489345804
30333,3,G31_65_H20,18,26.79583333333333,26.104166666666668,27.23333333333333,0,343.16910489345804
30334,3,G31_65_H20,19,26.34166666666667,26.02083333333333,27.15,0,343.16910489345804
30335,3,G31_65_H20,20,26.6375,26.0,27.133333333333336,0,343.16910489345804
30336,3,G31_65_H20,21,26.58333333333333,26.2125,27.245833333333334,0,343.16910489345804
30337,3,G31_65_H20,22,26.6625,26.2375,27.266666666666666,0,343.16910489345804
30338,3,G31_65_H20,23,26.979166666666668,26.3875,27.40833333333333,0,343.16910489345804
30339,3,G31_65_H20,24,25.9,25.65833333333333,26.745833333333334,0,343.16910489345804
30340,3,G31_65_H20,25,25.75,25.125,26.308333333333334,0,343.16910489345804
30341,3,G31_65_H20,26,25.1625,24.491666666666664,25.941666666666663,0,343.16910489345804
30342,3,G31_65_H20,27,24.1875,23.8,25.17083333333333,0,343.16910489345804
30343,3,G31_65_H20,28,24.59166666666667,23.79583333333333,25.016666666666666,0,343.16910489345804
30344,3,G31_65_H20,29,23.883333333333336,23.370833333333334,24.620833333333334,0,343.16910489345804
30345,3,G31_65_H20,30,23.825,23.40416666666667,24.5125,0,343.16910489345804
30346,3,G31_65_H20,31,24.59583333333333,24.15,25.09583333333333,0,343.16910489345804
30347,3,G31_65_H20,32,25.0,24.554166666666664,25.504166666666663,0,343.16910489345804
30348,3,G31_65_H20,33,25.266666666666666,24.875,25.7875,0,343.16910489345804
30349,3,G31_65_H20,34,25.27083333333333,24.875,25.77083333333333,0,343.16910489345804
30350,3,G31_65_H22,-1,29.83529411764706,28.11176470588235,31.225,0,309.9898757392431
30351,3,G31_65_H22,0,35.050000000000004,34.30416666666667,35.43333333333333,0,309.9898757392431
30352,3,G31_65_H22,1,34.916666666666664,33.958333333333336,35.454166666666666,0,309.9898757392431
30353,3,G31_65_H22,2,34.125,33.6,34.90416666666666,0,309.9898757392431
30354,3,G31_65_H22,3,33.5125,32.68333333333333,34.06666666666666,0,309.9898757392431
30355,3,G31_65_H22,4,32.74166666666667,31.95833333333333,33.3375,0,309.9898757392431
30356,3,G31_65_H22,5,32.18333333333333,31.291666666666668,32.737500000000004,0,309.9898757392431
30357,3,G31_65_H22,6,31.383333333333336,30.633333333333336,32.075,0,309.9898757392431
30358,3,G31_65_H22,7,30.89583333333333,30.166666666666668,31.73333333333333,0,309.9898757392431
30359,3,G31_65_H22,8,30.97083333333333,30.0875,31.620833333333334,0,309.9898757392431
30360,3,G31_65_H22,9,30.479166666666668,29.75,31.09166666666667,0,309.9898757392431
30361,3,G31_65_H22,10,30.03333333333333,29.445833333333336,30.5625,0,309.9898757392431
30362,3,G31_65_H22,11,29.616666666666664,29.2125,30.116666666666664,0,309.9898757392431
30363,3,G31_65_H22,12,29.27083333333333,29.104166666666668,29.758333333333336,0,309.9898757392431
30364,3,G31_65_H22,13,28.558333333333334,28.1,29.0,0,309.9898757392431
30365,3,G31_65_H22,14,27.85,27.23333333333333,28.475,0,309.9898757392431
30366,3,G31_65_H22,15,27.4,27.008333333333336,28.27083333333333,0,309.9898757392431
30367,3,G31_65_H22,16,27.59166666666667,26.97083333333333,27.995833333333334,0,309.9898757392431
30368,3,G31_65_H22,17,27.25,26.825,27.866666666666664,0,309.9898757392431
30369,3,G31_65_H22,18,26.96666666666667,26.6375,27.683333333333334,0,309.9898757392431
30370,3,G31_65_H22,19,27.27916666666667,26.5625,27.691666666666663,0,309.9898757392431
30371,3,G31_65_H22,20,26.804166666666664,26.466666666666665,27.6375,0,309.9898757392431
30372,3,G31_65_H22,21,27.195833333333336,26.691666666666663,27.816666666666663,0,309.9898757392431
30373,3,G31_65_H22,22,27.366666666666664,26.791666666666668,27.870833333333334,0,309.9898757392431
30374,3,G31_65_H22,23,27.14583333333333,26.804166666666664,27.883333333333336,0,309.9898757392431
30375,3,G31_65_H22,24,26.7875,26.08333333333333,27.25,0,309.9898757392431
30376,3,G31_65_H22,25,25.883333333333336,25.479166666666668,26.695833333333336,0,309.9898757392431
30377,3,G31_65_H22,26,25.22083333333333,24.75,26.079166666666666,0,309.9898757392431
30378,3,G31_65_H22,27,25.120833333333334,24.15416666666667,25.641666666666666,0,309.9898757392431
30379,3,G31_65_H22,28,24.5125,24.058333333333334,25.39583333333333,0,309.9898757392431
30380,3,G31_65_H22,29,23.90416666666667,23.604166666666668,24.916666666666668,0,309.9898757392431
30381,3,G31_65_H22,30,24.02916666666667,23.6875,24.866666666666664,0,309.9898757392431
30382,3,G31_65_H22,31,24.816666666666663,24.291666666666668,25.266666666666666,0,309.9898757392431
30383,3,G31_65_H22,32,25.10833333333333,24.72083333333333,25.616666666666664,0,309.9898757392431
30384,3,G31_65_H22,33,25.429166666666664,25.0375,25.92083333333333,0,309.9898757392431
30385,3,G31_65_H22,34,25.5625,25.15833333333333,26.004166666666663,0,309.9898757392431
30386,3,G31_65_H24,-1,30.75625,29.04375,31.1,-1,229.65266353032047
30387,3,G31_65_H24,0,34.59583333333333,33.791666666666664,35.09583333333333,-1,229.65266353032047
30388,3,G31_65_H24,1,34.50833333333333,33.9125,35.083333333333336,-1,229.65266353032047
30389,3,G31_65_H24,2,33.858333333333334,33.1625,34.45,-1,229.65266353032047
30390,3,G31_65_H24,3,33.266666666666666,32.31666666666667,33.7625,-1,229.65266353032047
30391,3,G31_65_H24,4,32.425000000000004,31.491666666666664,32.979166666666664,-1,229.65266353032047
30392,3,G31_65_H24,5,31.804166666666664,30.77916666666667,32.30833333333333,-1,229.65266353032047
30393,3,G31_65_H24,6,30.84583333333333,30.104166666666668,31.5125,-1,229.65266353032047
30394,3,G31_65_H24,7,30.104166666666668,29.72083333333333,31.03333333333333,-1,229.65266353032047
30395,3,G31_65_H24,8,30.09166666666667,29.525,30.804166666666664,-1,229.65266353032047
30396,3,G31_65_H24,9,29.866666666666664,29.33333333333333,30.275,-1,229.65266353032047
30397,3,G31_65_H24,10,29.433333333333334,29.10833333333333,29.883333333333336,-1,229.65266353032047
30398,3,G31_65_H24,11,29.22083333333333,29.066666666666663,29.72083333333333,-1,229.65266353032047
30399,3,G31_65_H24,12,28.254166666666663,27.745833333333334,28.90416666666667,-1,229.65266353032047
30400,3,G31_65_H24,13,28.070833333333336,27.1,28.416666666666668,-1,229.65266353032047
30401,3,G31_65_H24,14,27.566666666666663,27.120833333333334,28.3375,-1,229.65266353032047
30402,3,G31_65_H24,15,27.366666666666664,26.991666666666664,28.1,-1,229.65266353032047
30403,3,G31_65_H24,16,27.616666666666664,26.933333333333334,27.96666666666667,-1,229.65266353032047
30404,3,G31_65_H24,17,27.058333333333334,26.745833333333334,27.825,-1,229.65266353032047
30405,3,G31_65_H24,18,27.05,26.541666666666668,27.70833333333333,-1,229.65266353032047
30406,3,G31_65_H24,19,27.004166666666663,26.4125,27.5375,-1,229.65266353032047
30407,3,G31_65_H24,20,26.758333333333336,26.48333333333333,27.570833333333336,-1,229.65266353032047
30408,3,G31_65_H24,21,26.941666666666663,26.4875,27.558333333333334,-1,229.65266353032047
30409,3,G31_65_H24,22,27.1,26.4,27.425,-1,229.65266353032047
30410,3,G31_65_H24,23,26.48333333333333,25.691666666666663,26.816666666666663,-1,229.65266353032047
30411,3,G31_65_H24,24,25.666666666666668,25.225,26.516666666666666,-1,229.65266353032047
30412,3,G31_65_H24,25,25.29583333333333,24.741666666666664,26.104166666666668,-1,229.65266353032047
30413,3,G31_65_H24,26,25.28333333333333,24.308333333333334,25.804166666666664,-1,229.65266353032047
30414,3,G31_65_H24,27,24.64583333333333,24.2,25.52083333333333,-1,229.65266353032047
30415,3,G31_65_H24,28,24.766666666666666,24.0125,25.35833333333333,-1,229.65266353032047
30416,3,G31_65_H24,29,24.65,24.016666666666666,25.15833333333333,-1,229.65266353032047
30417,3,G31_65_H24,30,25.245833333333334,24.816666666666663,25.65416666666667,-1,229.65266353032047
30418,3,G31_65_H24,31,25.454166666666666,25.166666666666668,25.95,-1,229.65266353032047
30419,3,G31_65_H24,32,25.60833333333333,25.23333333333333,26.02916666666667,-1,229.65266353032047
30420,3,G31_65_H24,33,25.575,25.133333333333336,25.97083333333333,-1,229.65266353032047
30421,3,G31_65_H24,34,26.09583333333333,25.675,26.4625,-1,229.65266353032047
30422,3,G31_65_H24,35,27.1,26.6875,27.53333333333333,-1,229.65266353032047
30423,3,G31_65_H26,-1,30.4,28.625,30.5,-1,225.27011292978443
30424,3,G31_65_H26,0,34.38333333333333,33.733333333333334,34.770833333333336,-1,225.27011292978443
30425,3,G31_65_H26,1,34.3875,33.62083333333333,34.895833333333336,-1,225.27011292978443
30426,3,G31_65_H26,2,33.354166666666664,32.925,34.166666666666664,-1,225.27011292978443
30427,3,G31_65_H26,3,32.85,32.15416666666667,33.4125,-1,225.27011292978443
30428,3,G31_65_H26,4,32.05833333333333,31.3125,32.65416666666666,-1,225.27011292978443
30429,3,G31_65_H26,5,31.241666666666664,30.6,32.0,-1,225.27011292978443
30430,3,G31_65_H26,6,30.379166666666663,29.8875,31.35,-1,225.27011292978443
30431,3,G31_65_H26,7,30.1375,29.445833333333336,30.745833333333334,-1,225.27011292978443
30432,3,G31_65_H26,8,29.79583333333333,29.29583333333333,30.46666666666667,-1,225.27011292978443
30433,3,G31_65_H26,9,29.67083333333333,29.025,30.166666666666668,-1,225.27011292978443
30434,3,G31_65_H26,10,29.47083333333333,28.891666666666666,29.741666666666664,-1,225.27011292978443
30435,3,G31_65_H26,11,29.0375,28.77083333333333,29.558333333333334,-1,225.27011292978443
30436,3,G31_65_H26,12,27.65,27.22083333333333,28.575,-1,225.27011292978443
30437,3,G31_65_H26,13,27.39565217391305,26.713043478260868,28.343478260869563,-1,225.27011292978443
30438,3,G31_65_H26,14,27.416666666666668,26.666666666666668,28.116666666666664,-1,225.27011292978443
30439,3,G31_65_H26,15,27.27083333333333,26.566666666666663,27.7125,-1,225.27011292978443
30440,3,G31_65_H26,16,26.891666666666666,26.445833333333336,27.52916666666667,-1,225.27011292978443
30441,3,G31_65_H26,17,26.7125,26.383333333333336,27.46666666666667,-1,225.27011292978443
30442,3,G31_65_H26,18,26.916666666666668,26.183333333333334,27.33333333333333,-1,225.27011292978443
30443,3,G31_65_H26,19,26.366666666666664,26.079166666666666,27.1625,-1,225.27011292978443
30444,3,G31_65_H26,20,27.004166666666663,26.304166666666664,27.45833333333333,-1,225.27011292978443
30445,3,G31_65_H26,21,26.70833333333333,26.3375,27.4125,-1,225.27011292978443
30446,3,G31_65_H26,22,26.8875,26.3125,27.33333333333333,-1,225.27011292978443
30447,3,G31_65_H26,23,26.15416666666667,25.691666666666663,26.816666666666663,-1,225.27011292978443
30448,3,G31_65_H26,24,25.570833333333336,25.141666666666666,26.366666666666664,-1,225.27011292978443
30449,3,G31_65_H26,25,25.33333333333333,24.4875,25.883333333333336,-1,225.27011292978443
30450,3,G31_65_H26,26,24.229166666666668,23.85,25.35,-1,225.27011292978443
30451,3,G31_65_H26,27,24.34166666666667,23.6875,25.104166666666668,-1,225.27011292978443
30452,3,G31_65_H26,28,24.33333333333333,23.6,24.995833333333334,-1,225.27011292978443
30453,3,G31_65_H26,29,24.025,23.641666666666666,24.7875,-1,225.27011292978443
30454,3,G31_65_H26,30,24.6375,24.2875,25.20833333333333,-1,225.27011292978443
30455,3,G31_65_H26,31,25.116666666666664,24.6875,25.575,-1,225.27011292978443
30456,3,G31_65_H26,32,25.254166666666663,24.745833333333334,25.71666666666667,-1,225.27011292978443
30457,3,G31_65_H26,33,25.258333333333336,24.7875,25.704166666666666,-1,225.27011292978443
30458,3,G31_65_H26,34,25.7625,25.370833333333334,26.1625,-1,225.27011292978443
30459,3,G31_65_H26,35,26.729166666666668,26.33333333333333,27.241666666666664,-1,225.27011292978443
30460,3,G31_65_H3,2,33.22,32.3,33.760000000000005,1,400.6889724800739
30461,3,G31_65_H3,3,32.375,31.85,33.145833333333336,1,400.6889724800739
30462,3,G31_65_H3,4,31.704166666666666,31.054166666666664,32.3125,1,400.6889724800739
30463,3,G31_65_H3,5,30.954166666666666,30.366666666666664,31.65416666666667,1,400.6889724800739
30464,3,G31_65_H3,6,30.291666666666668,29.78333333333333,31.03333333333333,1,400.6889724800739
30465,3,G31_65_H3,7,30.004166666666663,29.366666666666664,30.65833333333333,1,400.6889724800739
30466,3,G31_65_H3,8,29.70833333333333,28.9625,30.354166666666668,1,400.6889724800739
30467,3,G31_65_H3,9,29.45833333333333,28.683333333333334,30.166666666666668,1,400.6889724800739
30468,3,G31_65_H3,10,29.09583333333333,28.325,29.78333333333333,1,400.6889724800739
30469,3,G31_65_H3,11,28.7875,28.14583333333333,29.33333333333333,1,400.6889724800739
30470,3,G31_65_H3,12,28.175,27.77083333333333,28.85833333333333,1,400.6889724800739
30471,3,G31_65_H3,13,28.3375,27.816666666666663,28.7875,1,400.6889724800739
30472,3,G31_65_H3,14,28.4125,27.879166666666663,28.8,1,400.6889724800739
30473,3,G31_65_H3,15,27.445833333333336,27.02083333333333,28.23333333333333,1,400.6889724800739
30474,3,G31_65_H3,16,26.641666666666666,26.15833333333333,27.7375,1,400.6889724800739
30475,3,G31_65_H3,17,26.97083333333333,25.9625,27.46666666666667,1,400.6889724800739
30476,3,G31_65_H3,18,26.375,25.77083333333333,27.2625,1,400.6889724800739
30477,3,G31_65_H3,19,26.1875,25.666666666666668,27.079166666666666,1,400.6889724800739
30478,3,G31_65_H3,20,26.28333333333333,25.291666666666668,26.808333333333334,1,400.6889724800739
30479,3,G31_65_H3,21,25.8375,25.316666666666663,26.916666666666668,1,400.6889724800739
30480,3,G31_65_H3,22,26.304166666666664,25.45,26.89583333333333,1,400.6889724800739
30481,3,G31_65_H3,23,26.77083333333333,24.370833333333334,26.86818181818182,1,400.6889724800739
30482,3,G31_65_H3,24,26.25,25.729166666666668,27.008333333333336,1,400.6889724800739
30483,3,G31_65_H3,25,26.3375,25.808333333333334,27.08333333333333,1,400.6889724800739
30484,3,G31_65_H3,26,25.9625,25.05,26.45,1,400.6889724800739
30485,3,G31_65_H3,27,24.70833333333333,24.35833333333333,25.6875,1,400.6889724800739
30486,3,G31_65_H3,28,24.14583333333333,23.59583333333333,25.09166666666667,1,400.6889724800739
30487,3,G31_65_H3,29,23.7625,22.7375,24.429166666666664,1,400.6889724800739
30488,3,G31_65_H3,30,23.766666666666666,22.97083333333333,24.441666666666663,1,400.6889724800739
30489,3,G31_65_H3,31,23.133333333333336,22.558333333333334,24.02083333333333,1,400.6889724800739
30490,3,G31_65_H3,32,23.329166666666666,22.579166666666666,24.09166666666667,1,400.6889724800739
30491,3,G31_65_H3,33,23.8875,23.39583333333333,24.558333333333334,1,400.6889724800739
30492,3,G31_65_H3,34,24.48333333333333,23.90833333333333,25.1375,1,400.6889724800739
30493,3,G31_65_H3,35,24.5375,23.95833333333333,25.28333333333333,1,400.6889724800739
30494,3,G31_65_H4,-1,28.54375,26.8875,29.546666666666667,1,392.4262282752115
30495,3,G31_65_H4,0,33.625,32.770833333333336,34.09583333333333,1,392.4262282752115
30496,3,G31_65_H4,1,34.74166666666667,34.045833333333334,35.104166666666664,1,392.4262282752115
30497,3,G31_65_H4,2,33.958333333333336,33.40833333333333,34.416666666666664,1,392.4262282752115
30498,3,G31_65_H4,3,33.104166666666664,32.6,33.68333333333333,1,392.4262282752115
30499,3,G31_65_H4,4,32.32083333333333,31.7625,32.99583333333333,1,392.4262282752115
30500,3,G31_65_H4,5,31.7625,31.075,32.37083333333333,1,392.4262282752115
30501,3,G31_65_H4,6,30.97083333333333,30.275,31.55,1,392.4262282752115
30502,3,G31_65_H4,7,30.40833333333333,29.729166666666668,31.09166666666667,1,392.4262282752115
30503,3,G31_65_H4,8,30.3,29.454166666666666,30.820833333333336,1,392.4262282752115
30504,3,G31_65_H4,9,29.704166666666666,29.1125,30.64583333333333,1,392.4262282752115
30505,3,G31_65_H4,10,29.504166666666663,28.804166666666664,30.204166666666666,1,392.4262282752115
30506,3,G31_65_H4,11,29.04583333333333,28.5,29.570833333333336,1,392.4262282752115
30507,3,G31_65_H4,12,28.47083333333333,28.15,28.929166666666664,1,392.4262282752115
30508,3,G31_65_H4,13,28.52916666666667,28.0375,28.8375,1,392.4262282752115
30509,3,G31_65_H4,14,28.4125,28.141666666666666,28.9125,1,392.4262282752115
30510,3,G31_65_H4,15,27.72083333333333,27.4125,28.3625,1,392.4262282752115
30511,3,G31_65_H4,16,27.425,26.7875,27.883333333333336,1,392.4262282752115
30512,3,G31_65_H4,17,27.04583333333333,26.729166666666668,27.891666666666666,1,392.4262282752115
30513,3,G31_65_H4,18,27.27916666666667,26.641666666666666,27.883333333333336,1,392.4262282752115
30514,3,G31_65_H4,19,27.15416666666667,26.6625,27.79583333333333,1,392.4262282752115
30515,3,G31_65_H4,20,26.96666666666667,26.579166666666666,27.808333333333334,1,392.4262282752115
30516,3,G31_65_H4,21,27.579166666666666,26.77916666666667,27.9875,1,392.4262282752115
30517,3,G31_65_H4,22,27.2625,26.90833333333333,28.0,1,392.4262282752115
30518,3,G31_65_H4,23,27.40416666666667,27.025,28.0125,1,392.4262282752115
30519,3,G31_65_H4,24,27.575,26.9125,27.9,1,392.4262282752115
30520,3,G31_65_H4,25,27.35,27.0,27.8,1,392.4262282752115
30521,3,G31_65_H4,26,26.64583333333333,26.28333333333333,27.316666666666663,1,392.4262282752115
30522,3,G31_65_H4,27,26.45,25.83333333333333,26.95833333333333,1,392.4262282752115
30523,3,G31_65_H4,28,25.775,25.116666666666664,26.241666666666664,1,392.4262282752115
30524,3,G31_65_H4,29,24.79583333333333,24.21666666666667,25.45833333333333,1,392.4262282752115
30525,3,G31_65_H4,30,24.8875,24.45,25.558333333333334,1,392.4262282752115
30526,3,G31_65_H4,31,24.370833333333334,23.9,24.954166666666666,1,392.4262282752115
30527,3,G31_65_H4,32,24.23333333333333,23.8,24.816666666666663,1,392.4262282752115
30528,3,G31_65_H4,33,25.17083333333333,24.6,25.6375,1,392.4262282752115
30529,3,G31_65_H4,34,25.675,25.20833333333333,26.179166666666664,1,392.4262282752115
30530,3,G31_65_H5,-1,32.0375,29.94375,32.8,0,371.9646700713932
30531,3,G31_65_H5,0,33.84583333333333,32.87083333333333,34.545833333333334,0,371.9646700713932
30532,3,G31_65_H5,1,34.112500000000004,33.35,34.925,0,371.9646700713932
30533,3,G31_65_H5,2,33.737500000000004,32.53333333333333,34.24583333333333,0,371.9646700713932
30534,3,G31_65_H5,3,32.579166666666666,31.77916666666667,33.358333333333334,0,371.9646700713932
30535,3,G31_65_H5,4,31.683333333333334,30.96666666666667,32.641666666666666,0,371.9646700713932
30536,3,G31_65_H5,5,31.10833333333333,30.304166666666664,31.95,0,371.9646700713932
30537,3,G31_65_H5,6,30.67083333333333,29.6875,31.35833333333333,0,371.9646700713932
30538,3,G31_65_H5,7,30.02916666666667,29.316666666666663,30.97083333333333,0,371.9646700713932
30539,3,G31_65_H5,8,29.758333333333336,28.8625,30.691666666666663,0,371.9646700713932
30540,3,G31_65_H5,9,29.554166666666664,28.4625,30.4375,0,371.9646700713932
30541,3,G31_65_H5,10,28.8625,28.2875,30.058333333333334,0,371.9646700713932
30542,3,G31_65_H5,11,28.866666666666664,28.141666666666666,29.479166666666668,0,371.9646700713932
30543,3,G31_65_H5,12,28.366666666666664,27.6625,29.0125,0,371.9646700713932
30544,3,G31_65_H5,13,28.0875,27.666666666666668,28.8875,0,371.9646700713932
30545,3,G31_65_H5,14,28.39583333333333,27.816666666666663,28.791666666666668,0,371.9646700713932
30546,3,G31_65_H5,15,27.45833333333333,26.90416666666667,28.14583333333333,0,371.9646700713932
30547,3,G31_65_H5,16,26.725,26.025,27.85833333333333,0,371.9646700713932
30548,3,G31_65_H5,17,26.933333333333334,25.89583333333333,27.570833333333336,0,371.9646700713932
30549,3,G31_65_H5,18,26.2125,25.754166666666663,27.28333333333333,0,371.9646700713932
30550,3,G31_65_H5,19,26.55,25.616666666666664,27.041666666666668,0,371.9646700713932
30551,3,G31_65_H5,20,25.8375,25.27083333333333,26.79583333333333,0,371.9646700713932
30552,3,G31_65_H5,21,26.1125,25.3,26.804166666666664,0,371.9646700713932
30553,3,G31_65_H5,22,25.9375,25.35833333333333,26.70833333333333,0,371.9646700713932
30554,3,G31_65_H5,23,26.070833333333336,25.5375,26.820833333333336,0,371.9646700713932
30555,3,G31_65_H5,24,26.47083333333333,25.65416666666667,26.879166666666663,0,371.9646700713932
30556,3,G31_65_H5,25,26.129166666666663,25.79583333333333,26.9125,0,371.9646700713932
30557,3,G31_65_H5,26,25.625,25.008333333333336,26.266666666666666,0,371.9646700713932
30558,3,G31_65_H5,27,24.875,24.2,25.4875,0,371.9646700713932
30559,3,G31_65_H5,28,24.308333333333334,23.7125,25.025,0,371.9646700713932
30560,3,G31_65_H5,29,23.879166666666663,22.89583333333333,24.575,0,371.9646700713932
30561,3,G31_65_H5,30,23.5875,23.0875,24.525,0,371.9646700713932
30562,3,G31_65_H5,31,23.641666666666666,22.7375,24.2375,0,371.9646700713932
30563,3,G31_65_H5,32,23.475,22.804166666666664,24.125,0,371.9646700713932
30564,3,G31_65_H5,33,24.42083333333333,23.75,24.891666666666666,0,371.9646700713932
30565,3,G31_65_H5,34,24.679166666666664,24.2375,25.35833333333333,0,371.9646700713932
30566,3,G31_65_H6,-1,31.7625,30.3625,32.48,0,384.56562170103183
30567,3,G31_65_H6,0,34.80833333333333,34.020833333333336,35.34583333333333,0,384.56562170103183
30568,3,G31_65_H6,1,34.550000000000004,33.99166666666667,35.2,0,384.56562170103183
30569,3,G31_65_H6,2,33.920833333333334,33.38333333333333,34.5375,0,384.56562170103183
30570,3,G31_65_H6,3,33.045833333333334,32.53333333333333,33.7,0,384.56562170103183
30571,3,G31_65_H6,4,32.40833333333333,31.675,32.96666666666667,0,384.56562170103183
30572,3,G31_65_H6,5,31.6,30.95833333333333,32.333333333333336,0,384.56562170103183
30573,3,G31_65_H6,6,30.866666666666664,30.275,31.679166666666664,0,384.56562170103183
30574,3,G31_65_H6,7,30.46666666666667,29.67083333333333,31.120833333333334,0,384.56562170103183
30575,3,G31_65_H6,8,30.179166666666664,29.429166666666664,30.8375,0,384.56562170103183
30576,3,G31_65_H6,9,30.008333333333336,29.1375,30.42083333333333,0,384.56562170103183
30577,3,G31_65_H6,10,29.129166666666663,28.775,29.73333333333333,0,384.56562170103183
30578,3,G31_65_H6,11,28.808333333333334,28.34166666666667,29.195833333333336,0,384.56562170103183
30579,3,G31_65_H6,12,28.53333333333333,28.25,29.0,0,384.56562170103183
30580,3,G31_65_H6,13,28.729166666666668,28.40416666666667,29.09583333333333,0,384.56562170103183
30581,3,G31_65_H6,14,27.875,27.6,28.5875,0,384.56562170103183
30582,3,G31_65_H6,15,27.629166666666663,26.89583333333333,28.1,0,384.56562170103183
30583,3,G31_65_H6,16,27.21666666666667,26.9,27.975,0,384.56562170103183
30584,3,G31_65_H6,17,27.308333333333334,26.808333333333334,27.929166666666664,0,384.56562170103183
30585,3,G31_65_H6,18,27.354166666666668,26.71666666666667,27.90416666666667,0,384.56562170103183
30586,3,G31_65_H6,19,27.02916666666667,26.741666666666664,27.954166666666666,0,384.56562170103183
30587,3,G31_65_H6,20,27.454166666666666,26.729166666666668,27.9,0,384.56562170103183
30588,3,G31_65_H6,21,26.925,26.504166666666663,27.7375,0,384.56562170103183
30589,3,G31_65_H6,22,26.854166666666668,26.425,27.491666666666664,0,384.56562170103183
30590,3,G31_65_H6,23,27.1,26.35833333333333,27.48333333333333,0,384.56562170103183
30591,3,G31_65_H6,24,26.775,26.445833333333336,27.479166666666668,0,384.56562170103183
30592,3,G31_65_H6,25,26.229166666666668,25.72083333333333,26.90416666666667,0,384.56562170103183
30593,3,G31_65_H6,26,26.2125,25.320833333333336,26.675,0,384.56562170103183
30594,3,G31_65_H6,27,25.20833333333333,24.804166666666664,26.175,0,384.56562170103183
30595,3,G31_65_H6,28,24.6,23.8125,25.40416666666667,0,384.56562170103183
30596,3,G31_65_H6,29,24.641666666666666,23.8375,25.29583333333333,0,384.56562170103183
30597,3,G31_65_H6,30,24.3,23.52916666666667,25.070833333333336,0,384.56562170103183
30598,3,G31_65_H6,31,24.329166666666666,23.541666666666668,24.954166666666666,0,384.56562170103183
30599,3,G31_65_H6,32,24.816666666666663,24.304166666666664,25.45,0,384.56562170103183
30600,3,G31_65_H6,33,25.29583333333333,24.925,25.89583333333333,0,384.56562170103183
30601,3,G31_65_H6,34,25.6,25.09166666666667,26.079166666666666,0,384.56562170103183
30602,3,G31_65_H7,-1,31.4,29.4625,33.28666666666667,0,350.81184210363534
30603,3,G31_65_H7,0,34.19166666666667,33.604166666666664,35.083333333333336,0,350.81184210363534
30604,3,G31_65_H7,1,33.9125,33.358333333333334,34.85,0,350.81184210363534
30605,3,G31_65_H7,2,33.31666666666667,32.65,34.0625,0,350.81184210363534
30606,3,G31_65_H7,3,32.47083333333333,31.84166666666667,33.2125,0,350.81184210363534
30607,3,G31_65_H7,4,31.791666666666668,31.025,32.425000000000004,0,350.81184210363534
30608,3,G31_65_H7,5,31.0375,30.366666666666664,31.825,0,350.81184210363534
30609,3,G31_65_H7,6,30.5125,29.804166666666664,31.22083333333333,0,350.81184210363534
30610,3,G31_65_H7,7,30.058333333333334,29.0875,30.5625,0,350.81184210363534
30611,3,G31_65_H7,8,29.258333333333336,28.695833333333336,30.104166666666668,0,350.81184210363534
30612,3,G31_65_H7,9,29.1,28.391666666666666,29.8875,0,350.81184210363534
30613,3,G31_65_H7,10,29.05,28.366666666666664,29.495833333333334,0,350.81184210363534
30614,3,G31_65_H7,11,28.258333333333336,27.945833333333336,28.97083333333333,0,350.81184210363534
30615,3,G31_65_H7,12,28.3125,27.95,28.875,0,350.81184210363534
30616,3,G31_65_H7,13,28.64583333333333,28.175,28.954166666666666,0,350.81184210363534
30617,3,G31_65_H7,14,27.8375,27.258333333333336,28.34166666666667,0,350.81184210363534
30618,3,G31_65_H7,15,27.025,26.45,27.96666666666667,0,350.81184210363534
30619,3,G31_65_H7,16,27.016666666666666,26.2625,27.679166666666664,0,350.81184210363534
30620,3,G31_65_H7,17,26.945833333333336,26.21666666666667,27.504166666666663,0,350.81184210363534
30621,3,G31_65_H7,18,26.475,26.066666666666663,27.42083333333333,0,350.81184210363534
30622,3,G31_65_H7,19,26.508333333333336,25.766666666666666,27.141666666666666,0,350.81184210363534
30623,3,G31_65_H7,20,26.558333333333334,25.766666666666666,27.21666666666667,0,350.81184210363534
30624,3,G31_65_H7,21,26.175,25.775,27.016666666666666,0,350.81184210363534
30625,3,G31_65_H7,22,26.695833333333336,26.02083333333333,27.1,0,350.81184210363534
30626,3,G31_65_H7,23,26.5875,26.02916666666667,27.14583333333333,0,350.81184210363534
30627,3,G31_65_H7,24,26.42083333333333,26.0,27.1,0,350.81184210363534
30628,3,G31_65_H7,25,25.870833333333334,25.2125,26.47083333333333,0,350.81184210363534
30629,3,G31_65_H7,26,25.225,24.620833333333334,25.825,0,350.81184210363534
30630,3,G31_65_H7,27,24.3875,23.979166666666668,25.3125,0,350.81184210363534
30631,3,G31_65_H7,28,24.308333333333334,23.35833333333333,25.03333333333333,0,350.81184210363534
30632,3,G31_65_H7,29,24.08333333333333,23.375,24.7,0,350.81184210363534
30633,3,G31_65_H7,30,23.695833333333336,23.066666666666663,24.5375,0,350.81184210363534
30634,3,G31_65_H7,31,23.675,23.104166666666668,24.370833333333334,0,350.81184210363534
30635,3,G31_65_H7,32,24.320833333333336,23.90833333333333,25.02083333333333,0,350.81184210363534
30636,3,G31_65_H7,33,24.79583333333333,24.291666666666668,25.5,0,350.81184210363534
30637,3,G31_65_H7,34,25.041666666666668,24.4875,25.67083333333333,0,350.81184210363534
30638,3,G31_65_H8,-1,28.1625,26.54375,29.226666666666667,0,371.6901114324273
30639,3,G31_65_H8,0,34.291666666666664,33.65833333333333,34.8125,0,371.6901114324273
30640,3,G31_65_H8,1,34.458333333333336,34.0,35.0875,0,371.6901114324273
30641,3,G31_65_H8,2,33.925000000000004,33.3875,34.47083333333333,0,371.6901114324273
30642,3,G31_65_H8,3,33.09583333333333,32.583333333333336,33.641666666666666,0,371.6901114324273
30643,3,G31_65_H8,4,32.2375,31.775,32.8125,0,371.6901114324273
30644,3,G31_65_H8,5,31.620833333333334,31.070833333333336,32.237500000000004,0,371.6901114324273
30645,3,G31_65_H8,6,30.8625,30.316666666666663,31.579166666666666,0,371.6901114324273
30646,3,G31_65_H8,7,30.42083333333333,29.729166666666668,31.004166666666663,0,371.6901114324273
30647,3,G31_65_H8,8,29.995833333333334,29.40833333333333,30.7,0,371.6901114324273
30648,3,G31_65_H8,9,29.625,29.079166666666666,30.266666666666666,0,371.6901114324273
30649,3,G31_65_H8,10,29.308333333333334,28.75,29.741666666666664,0,371.6901114324273
30650,3,G31_65_H8,11,28.916666666666668,28.366666666666664,29.245833333333334,0,371.6901114324273
30651,3,G31_65_H8,12,28.55,28.25,29.1125,0,371.6901114324273
30652,3,G31_65_H8,13,28.78333333333333,28.304166666666664,29.104166666666668,0,371.6901114324273
30653,3,G31_65_H8,14,28.241666666666664,27.683333333333334,28.620833333333334,0,371.6901114324273
30654,3,G31_65_H8,15,27.5625,27.275,28.2875,0,371.6901114324273
30655,3,G31_65_H8,16,27.745833333333334,27.10833333333333,28.133333333333336,0,371.6901114324273
30656,3,G31_65_H8,17,27.225,26.90416666666667,28.0,0,371.6901114324273
30657,3,G31_65_H8,18,27.28333333333333,26.78333333333333,27.96666666666667,0,371.6901114324273
30658,3,G31_65_H8,19,27.275,26.8625,28.058333333333334,0,371.6901114324273
30659,3,G31_65_H8,20,27.6125,26.916666666666668,28.058333333333334,0,371.6901114324273
30660,3,G31_65_H8,21,27.15416666666667,26.791666666666668,27.879166666666663,0,371.6901114324273
30661,3,G31_65_H8,22,27.070833333333336,26.6625,27.641666666666666,0,371.6901114324273
30662,3,G31_65_H8,23,27.2125,26.64583333333333,27.616666666666664,0,371.6901114324273
30663,3,G31_65_H8,24,27.279166666666665,26.754166666666663,27.6125,0,371.6901114324273
30664,3,G31_65_H8,25,26.604166666666668,26.2125,27.0875,0,371.6901114324273
30665,3,G31_65_H8,26,26.0125,25.679166666666664,26.73333333333333,0,371.6901114324273
30666,3,G31_65_H8,27,25.72083333333333,25.1625,26.316666666666663,0,371.6901114324273
30667,3,G31_65_H8,28,25.133333333333336,24.370833333333334,25.77083333333333,0,371.6901114324273
30668,3,G31_65_H8,29,25.054166666666664,24.416666666666668,25.554166666666664,0,371.6901114324273
30669,3,G31_65_H8,30,24.620833333333334,23.97083333333333,25.204166666666666,0,371.6901114324273
30670,3,G31_65_H8,31,24.416666666666668,23.883333333333336,25.054166666666664,0,371.6901114324273
30671,3,G31_65_H8,32,25.02916666666667,24.55,25.541666666666668,0,371.6901114324273
30672,3,G31_65_H8,33,25.4625,25.004166666666663,26.1125,0,371.6901114324273
30673,3,G31_65_H8,34,25.85833333333333,25.34583333333333,26.34583333333333,0,371.6901114324273
30674,3,G32_64_H1,-2,30.4,27.727272727272727,31.09090909090909,1,400.3346739088718
30675,3,G32_64_H1,-1,33.454166666666666,32.05833333333333,34.2,1,400.3346739088718
30676,3,G32_64_H1,0,34.550000000000004,33.454166666666666,35.5,1,400.3346739088718
30677,3,G32_64_H1,1,34.35,33.15,35.420833333333334,1,400.3346739088718
30678,3,G32_64_H1,2,33.17916666666667,32.2875,34.4375,1,400.3346739088718
30679,3,G32_64_H1,3,32.06666666666667,31.254166666666663,32.9375,1,400.3346739088718
30680,3,G32_64_H1,4,31.03333333333333,30.325,31.875,1,400.3346739088718
30681,3,G32_64_H1,5,30.016666666666666,29.27916666666667,30.883333333333336,1,400.3346739088718
30682,3,G32_64_H1,6,29.15833333333333,28.491666666666664,30.004166666666663,1,400.3346739088718
30683,3,G32_64_H1,7,28.604166666666668,27.975,29.625,1,400.3346739088718
30684,3,G32_64_H1,8,28.09583333333333,27.625,29.15416666666667,1,400.3346739088718
30685,3,G32_64_H1,9,27.604166666666668,27.225,28.854166666666668,1,400.3346739088718
30686,3,G32_64_H1,10,27.175,26.6875,28.3625,1,400.3346739088718
30687,3,G32_64_H1,11,26.70833333333333,26.08333333333333,27.8875,1,400.3346739088718
30688,3,G32_64_H1,12,26.10833333333333,25.316666666666663,27.316666666666663,1,400.3346739088718
30689,3,G32_64_H1,13,25.975,24.90833333333333,26.9125,1,400.3346739088718
30690,3,G32_64_H1,14,26.3,24.883333333333336,26.758333333333336,1,400.3346739088718
30691,3,G32_64_H1,15,26.02083333333333,24.758333333333336,26.579166666666666,1,400.3346739088718
30692,3,G32_64_H1,16,26.254166666666663,25.058333333333334,26.73333333333333,1,400.3346739088718
30693,3,G32_64_H1,17,26.40416666666667,25.516666666666666,26.879166666666663,1,400.3346739088718
30694,3,G32_64_H1,18,26.745833333333334,26.20833333333333,27.308333333333334,1,400.3346739088718
30695,3,G32_64_H1,19,25.60833333333333,25.0125,26.6,1,400.3346739088718
30696,3,G32_64_H1,20,25.008333333333336,24.1375,26.5625,1,400.3346739088718
30697,3,G32_64_H1,21,25.941666666666663,24.179166666666664,26.725,1,400.3346739088718
30698,3,G32_64_H1,22,24.65416666666667,24.08333333333333,26.34166666666667,1,400.3346739088718
30699,3,G32_64_H1,23,24.758333333333336,24.133333333333336,26.40416666666667,1,400.3346739088718
30700,3,G32_64_H1,24,25.025,24.225,26.316666666666663,1,400.3346739088718
30701,3,G32_64_H1,25,25.40416666666667,24.6,26.566666666666663,1,400.3346739088718
30702,3,G32_64_H1,26,25.766666666666666,24.8,26.3875,1,400.3346739088718
30703,3,G32_64_H1,27,25.916666666666668,25.383333333333336,26.64583333333333,1,400.3346739088718
30704,3,G32_64_H1,28,25.72083333333333,25.141666666666666,26.4625,1,400.3346739088718
30705,3,G32_64_H1,29,25.2,24.775,25.729166666666668,1,400.3346739088718
30706,3,G32_64_H1,30,24.1875,23.875,24.96666666666667,1,400.3346739088718
30707,3,G32_64_H1,31,24.258333333333336,23.71666666666667,25.15,1,400.3346739088718
30708,3,G32_64_H1,32,23.65,22.7875,24.27083333333333,1,400.3346739088718
30709,3,G32_64_H1,33,23.516666666666666,22.42083333333333,24.1875,1,400.3346739088718
30710,3,G32_64_H1,34,23.4875,22.9375,24.52083333333333,1,400.3346739088718
30711,3,G32_64_H10,-2,33.25,30.95,34.95,0,368.6213008035852
30712,3,G32_64_H10,-1,34.145833333333336,32.87083333333333,35.17916666666667,0,368.6213008035852
30713,3,G32_64_H10,0,34.49583333333333,33.34583333333333,35.425000000000004,0,368.6213008035852
30714,3,G32_64_H10,1,33.612500000000004,32.6,34.84166666666666,0,368.6213008035852
30715,3,G32_64_H10,2,33.28333333333333,32.19166666666667,34.11666666666667,0,368.6213008035852
30716,3,G32_64_H10,3,31.916666666666668,31.17083333333333,32.833333333333336,0,368.6213008035852
30717,3,G32_64_H10,4,31.1625,30.325,32.050000000000004,0,368.6213008035852
30718,3,G32_64_H10,5,30.166666666666668,29.3,30.9375,0,368.6213008035852
30719,3,G32_64_H10,6,29.495833333333334,28.433333333333334,30.058333333333334,0,368.6213008035852
30720,3,G32_64_H10,7,28.77916666666667,27.95,29.59583333333333,0,368.6213008035852
30721,3,G32_64_H10,8,28.183333333333334,27.59166666666667,29.258333333333336,0,368.6213008035852
30722,3,G32_64_H10,9,27.95,27.254166666666663,28.8625,0,368.6213008035852
30723,3,G32_64_H10,10,27.554166666666664,26.675,28.59583333333333,0,368.6213008035852
30724,3,G32_64_H10,11,26.933333333333334,26.129166666666663,28.1125,0,368.6213008035852
30725,3,G32_64_H10,12,26.745833333333334,25.98333333333333,28.05,0,368.6213008035852
30726,3,G32_64_H10,13,26.179166666666664,25.85,27.5,0,368.6213008035852
30727,3,G32_64_H10,14,26.454166666666666,26.008333333333336,27.48333333333333,0,368.6213008035852
30728,3,G32_64_H10,15,26.7125,26.1125,27.445833333333336,0,368.6213008035852
30729,3,G32_64_H10,16,27.15,26.475,27.745833333333334,0,368.6213008035852
30730,3,G32_64_H10,17,26.6625,25.67083333333333,27.329166666666666,0,368.6213008035852
30731,3,G32_64_H10,18,26.14583333333333,25.025,26.92083333333333,0,368.6213008035852
30732,3,G32_64_H10,19,25.48333333333333,24.929166666666664,27.05,0,368.6213008035852
30733,3,G32_64_H10,20,26.53333333333333,25.2125,27.0375,0,368.6213008035852
30734,3,G32_64_H10,21,26.041666666666668,24.7125,26.816666666666663,0,368.6213008035852
30735,3,G32_64_H10,22,25.391666666666666,24.7875,26.65416666666667,0,368.6213008035852
30736,3,G32_64_H10,23,26.2625,24.929166666666664,26.78333333333333,0,368.6213008035852
30737,3,G32_64_H10,24,26.325,25.4125,27.008333333333336,0,368.6213008035852
30738,3,G32_64_H10,25,26.691666666666663,25.8125,27.129166666666663,0,368.6213008035852
30739,3,G32_64_H10,26,25.98333333333333,25.541666666666668,26.84583333333333,0,368.6213008035852
30740,3,G32_64_H10,27,25.525,25.15,26.15416666666667,0,368.6213008035852
30741,3,G32_64_H10,28,25.3125,24.445833333333336,25.6375,0,368.6213008035852
30742,3,G32_64_H10,29,24.816666666666663,24.254166666666663,25.820833333333336,0,368.6213008035852
30743,3,G32_64_H10,30,24.45,23.641666666666666,25.429166666666664,0,368.6213008035852
30744,3,G32_64_H10,31,24.84166666666667,23.2125,25.370833333333334,0,368.6213008035852
30745,3,G32_64_H10,32,24.625,23.77083333333333,25.40416666666667,0,368.6213008035852
30746,3,G32_64_H10,33,23.78333333333333,23.116666666666664,24.875,0,368.6213008035852
30747,3,G32_64_H10,34,24.266666666666666,23.21666666666667,24.77083333333333,0,368.6213008035852
30748,3,G32_64_H11,15,26.95384615384615,26.63076923076923,28.04615384615385,0,374.4873173322263
30749,3,G32_64_H11,16,27.0625,26.21666666666667,27.6375,0,374.4873173322263
30750,3,G32_64_H11,17,26.433333333333334,25.870833333333334,27.566666666666663,0,374.4873173322263
30751,3,G32_64_H11,18,26.066666666666663,25.525,27.2,0,374.4873173322263
30752,3,G32_64_H11,19,26.354166666666668,25.225,27.05,0,374.4873173322263
30753,3,G32_64_H11,20,26.5125,25.291666666666668,26.995833333333334,0,374.4873173322263
30754,3,G32_64_H11,21,26.7875,25.60833333333333,27.225,0,374.4873173322263
30755,3,G32_64_H11,22,26.504166666666663,26.02083333333333,27.329166666666666,0,374.4873173322263
30756,3,G32_64_H11,23,26.79583333333333,26.23333333333333,27.5625,0,374.4873173322263
30757,3,G32_64_H11,24,26.525,26.08333333333333,27.48333333333333,0,374.4873173322263
30758,3,G32_64_H11,25,26.2875,25.825,26.90416666666667,0,374.4873173322263
30759,3,G32_64_H11,26,26.129166666666663,25.59166666666667,26.808333333333334,0,374.4873173322263
30760,3,G32_64_H11,27,26.14583333333333,25.666666666666668,27.079166666666666,0,374.4873173322263
30761,3,G32_64_H11,28,25.566666666666663,24.995833333333334,26.575,0,374.4873173322263
30762,3,G32_64_H11,29,25.60833333333333,24.33333333333333,26.03333333333333,0,374.4873173322263
30763,3,G32_64_H11,30,25.016666666666666,24.46666666666667,26.0625,0,374.4873173322263
30764,3,G32_64_H11,31,25.183333333333334,24.066666666666663,25.7625,0,374.4873173322263
30765,3,G32_64_H11,32,25.0625,24.28333333333333,25.77083333333333,0,374.4873173322263
30766,3,G32_64_H12,14,27.95,26.98333333333333,28.366666666666664,1,387.4090084948263
30767,3,G32_64_H12,15,27.4625,26.391666666666666,28.079166666666666,1,387.4090084948263
30768,3,G32_64_H12,16,26.8125,25.9,27.804166666666664,1,387.4090084948263
30769,3,G32_64_H12,17,26.6375,25.633333333333336,27.691666666666663,1,387.4090084948263
30770,3,G32_64_H12,18,26.504166666666663,25.195833333333336,27.204166666666666,1,387.4090084948263
30771,3,G32_64_H12,19,25.979166666666668,24.7375,26.90416666666667,1,387.4090084948263
30772,3,G32_64_H12,20,25.791666666666668,24.84583333333333,26.7875,1,387.4090084948263
30773,3,G32_64_H12,21,26.1875,25.3625,27.204166666666666,1,387.4090084948263
30774,3,G32_64_H12,22,26.429166666666664,25.8,27.316666666666663,1,387.4090084948263
30775,3,G32_64_H12,23,27.15416666666667,26.1625,27.59583333333333,1,387.4090084948263
30776,3,G32_64_H12,24,26.320833333333336,25.83333333333333,27.40416666666667,1,387.4090084948263
30777,3,G32_64_H12,25,26.53333333333333,25.60833333333333,26.95833333333333,1,387.4090084948263
30778,3,G32_64_H12,26,25.92083333333333,25.225,26.866666666666664,1,387.4090084948263
30779,3,G32_64_H12,27,25.891666666666666,25.27083333333333,27.15,1,387.4090084948263
30780,3,G32_64_H12,28,26.441666666666663,24.875,27.03333333333333,1,387.4090084948263
30781,3,G32_64_H12,29,24.729166666666668,24.175,26.495833333333334,1,387.4090084948263
30782,3,G32_64_H12,30,25.479166666666668,24.34166666666667,26.34166666666667,1,387.4090084948263
30783,3,G32_64_H12,31,25.304166666666664,24.10833333333333,26.204166666666666,1,387.4090084948263
30784,3,G32_64_H12,32,25.21666666666667,24.33333333333333,26.179166666666664,1,387.4090084948263
30785,3,G32_64_H12,33,25.52916666666667,24.5875,25.933333333333334,1,387.4090084948263
30786,3,G32_64_H13,14,28.008333333333336,27.166666666666668,28.5,0,377.4825560811165
30787,3,G32_64_H13,15,27.34166666666667,26.366666666666664,27.854166666666668,0,377.4825560811165
30788,3,G32_64_H13,16,26.4375,25.78333333333333,27.525,0,377.4825560811165
30789,3,G32_64_H13,17,26.475,25.666666666666668,27.4,0,377.4825560811165
30790,3,G32_64_H13,18,26.29583333333333,25.258333333333336,27.075,0,377.4825560811165
30791,3,G32_64_H13,19,26.4125,25.379166666666663,27.054166666666664,0,377.4825560811165
30792,3,G32_64_H13,20,25.866666666666664,25.141666666666666,26.85833333333333,0,377.4825560811165
30793,3,G32_64_H13,21,26.354166666666668,25.816666666666663,27.475,0,377.4825560811165
30794,3,G32_64_H13,22,27.3875,26.5375,28.08333333333333,0,377.4825560811165
30795,3,G32_64_H13,23,27.575,26.804166666666664,28.125,0,377.4825560811165
30796,3,G32_64_H13,24,26.85833333333333,26.40833333333333,27.73333333333333,0,377.4825560811165
30797,3,G32_64_H13,25,26.191666666666663,25.620833333333334,26.92083333333333,0,377.4825560811165
30798,3,G32_64_H13,26,25.77916666666667,25.02083333333333,26.42083333333333,0,377.4825560811165
30799,3,G32_64_H13,27,26.195833333333336,25.008333333333336,26.629166666666663,0,377.4825560811165
30800,3,G32_64_H13,28,25.754166666666663,24.445833333333336,26.195833333333336,0,377.4825560811165
30801,3,G32_64_H13,29,24.54583333333333,23.766666666666666,25.704166666666666,0,377.4825560811165
30802,3,G32_64_H13,30,24.804166666666664,24.08333333333333,25.916666666666668,0,377.4825560811165
30803,3,G32_64_H13,31,24.21666666666667,23.60833333333333,25.47083333333333,0,377.4825560811165
30804,3,G32_64_H13,32,24.28333333333333,23.883333333333336,25.433333333333334,0,377.4825560811165
30805,3,G32_64_H13,33,24.804166666666664,24.27083333333333,25.616666666666664,0,377.4825560811165
30806,3,G32_64_H13,34,24.379166666666663,23.77083333333333,25.0125,0,377.4825560811165
30807,3,G32_64_H14,-2,29.3,26.963636363636365,29.91818181818182,1,391.21808894119545
30808,3,G32_64_H14,-1,33.02916666666667,32.204166666666666,33.95,1,391.21808894119545
30809,3,G32_64_H14,0,33.975,32.87083333333333,35.229166666666664,1,391.21808894119545
30810,3,G32_64_H14,1,33.99166666666667,32.71666666666666,35.325,1,391.21808894119545
30811,3,G32_64_H14,2,32.775,31.804166666666664,34.22083333333333,1,391.21808894119545
30812,3,G32_64_H14,3,31.6,30.829166666666666,32.86666666666667,1,391.21808894119545
30813,3,G32_64_H14,4,30.7875,29.8875,31.820833333333336,1,391.21808894119545
30814,3,G32_64_H14,5,30.175,29.0375,30.95,1,391.21808894119545
30815,3,G32_64_H14,6,29.379166666666663,28.379166666666663,30.03333333333333,1,391.21808894119545
30816,3,G32_64_H14,7,28.929166666666664,27.8125,29.52083333333333,1,391.21808894119545
30817,3,G32_64_H14,8,28.52083333333333,27.39583333333333,29.175,1,391.21808894119545
30818,3,G32_64_H14,9,28.254166666666663,27.141666666666666,28.89583333333333,1,391.21808894119545
30819,3,G32_64_H14,10,27.45833333333333,26.72083333333333,28.375,1,391.21808894119545
30820,3,G32_64_H14,11,26.89583333333333,26.25,28.33333333333333,1,391.21808894119545
30821,3,G32_64_H14,12,26.741666666666664,25.60833333333333,27.5125,1,391.21808894119545
30822,3,G32_64_H14,13,25.954166666666666,25.179166666666664,27.25,1,391.21808894119545
30823,3,G32_64_H14,14,26.125,25.25,26.941666666666663,1,391.21808894119545
30824,3,G32_64_H14,15,26.195833333333336,24.97083333333333,26.9125,1,391.21808894119545
30825,3,G32_64_H14,16,26.21666666666667,25.45833333333333,26.97083333333333,1,391.21808894119545
30826,3,G32_64_H14,17,26.479166666666668,25.804166666666664,27.0625,1,391.21808894119545
30827,3,G32_64_H14,18,27.0125,26.2875,27.39583333333333,1,391.21808894119545
30828,3,G32_64_H14,19,26.29583333333333,25.3125,26.73333333333333,1,391.21808894119545
30829,3,G32_64_H14,20,25.454166666666666,24.7,26.679166666666664,1,391.21808894119545
30830,3,G32_64_H14,21,25.65,24.754166666666663,26.766666666666666,1,391.21808894119545
30831,3,G32_64_H14,22,25.741666666666664,24.60833333333333,26.383333333333336,1,391.21808894119545
30832,3,G32_64_H14,23,25.554166666666664,24.65416666666667,26.433333333333334,1,391.21808894119545
30833,3,G32_64_H14,24,25.40833333333333,24.6125,26.40833333333333,1,391.21808894119545
30834,3,G32_64_H14,25,26.016666666666666,25.33333333333333,26.9,1,391.21808894119545
30835,3,G32_64_H14,26,26.204166666666666,25.67083333333333,27.166666666666668,1,391.21808894119545
30836,3,G32_64_H14,27,26.60833333333333,26.23333333333333,27.5,1,391.21808894119545
30837,3,G32_64_H14,28,26.60833333333333,25.820833333333336,27.125,1,391.21808894119545
30838,3,G32_64_H14,29,26.175,25.491666666666664,26.65,1,391.21808894119545
30839,3,G32_64_H14,30,25.35833333333333,24.7375,25.9875,1,391.21808894119545
30840,3,G32_64_H14,31,24.9625,24.366666666666664,25.84583333333333,1,391.21808894119545
30841,3,G32_64_H14,32,24.27916666666667,23.625,24.9875,1,391.21808894119545
30842,3,G32_64_H14,33,24.195833333333336,23.008333333333336,24.741666666666664,1,391.21808894119545
30843,3,G32_64_H14,34,24.266666666666666,23.541666666666668,25.0375,1,391.21808894119545
30844,3,G32_64_H14,35,23.45,23.0,24.47083333333333,1,391.21808894119545
30845,3,G32_64_H15,-2,29.43636363636364,27.19090909090909,30.018181818181816,0,368.5459386855821
30846,3,G32_64_H15,-1,33.00833333333333,32.1,34.083333333333336,0,368.5459386855821
30847,3,G32_64_H15,0,34.34166666666667,33.1375,35.25833333333333,0,368.5459386855821
30848,3,G32_64_H15,1,33.916666666666664,32.708333333333336,35.266666666666666,0,368.5459386855821
30849,3,G32_64_H15,2,32.84166666666667,31.8625,33.975,0,368.5459386855821
30850,3,G32_64_H15,3,31.59166666666667,30.9125,32.55416666666667,0,368.5459386855821
30851,3,G32_64_H15,4,30.675,29.929166666666664,31.67083333333333,0,368.5459386855821
30852,3,G32_64_H15,5,30.0375,29.116666666666664,30.79583333333333,0,368.5459386855821
30853,3,G32_64_H15,6,29.3625,28.4,30.175,0,368.5459386855821
30854,3,G32_64_H15,7,28.90833333333333,27.89583333333333,29.512500000000003,0,368.5459386855821
30855,3,G32_64_H15,8,28.58333333333333,27.5875,29.09166666666667,0,368.5459386855821
30856,3,G32_64_H15,9,28.3,27.325,28.829166666666666,0,368.5459386855821
30857,3,G32_64_H15,10,27.5625,26.75,28.35,0,368.5459386855821
30858,3,G32_64_H15,11,26.941666666666663,26.325,27.95,0,368.5459386855821
30859,3,G32_64_H15,12,26.46666666666667,25.691666666666663,27.52083333333333,0,368.5459386855821
30860,3,G32_64_H15,13,25.916666666666668,25.20833333333333,26.991666666666664,0,368.5459386855821
30861,3,G32_64_H15,14,25.95,25.416666666666668,26.954166666666666,0,368.5459386855821
30862,3,G32_64_H15,15,25.683333333333334,25.245833333333334,26.84583333333333,0,368.5459386855821
30863,3,G32_64_H15,16,26.079166666666666,25.445833333333336,26.9625,0,368.5459386855821
30864,3,G32_64_H15,17,26.4375,26.0125,27.10833333333333,0,368.5459386855821
30865,3,G32_64_H15,18,27.3625,26.8875,27.89583333333333,0,368.5459386855821
30866,3,G32_64_H15,19,26.475,25.70833333333333,26.945833333333336,0,368.5459386855821
30867,3,G32_64_H15,20,25.45833333333333,24.52916666666667,26.229166666666668,0,368.5459386855821
30868,3,G32_64_H15,21,25.258333333333336,24.804166666666664,26.3875,0,368.5459386855821
30869,3,G32_64_H15,22,25.829166666666666,24.72083333333333,26.375,0,368.5459386855821
30870,3,G32_64_H15,23,25.791666666666668,24.55,26.3125,0,368.5459386855821
30871,3,G32_64_H15,24,25.67083333333333,24.741666666666664,26.416666666666668,0,368.5459386855821
30872,3,G32_64_H15,25,25.954166666666666,25.441666666666663,26.879166666666663,0,368.5459386855821
30873,3,G32_64_H15,26,26.316666666666663,25.8625,27.304166666666664,0,368.5459386855821
30874,3,G32_64_H15,27,26.8625,26.40416666666667,27.65833333333333,0,368.5459386855821
30875,3,G32_64_H15,28,26.541666666666668,25.991666666666664,27.2875,0,368.5459386855821
30876,3,G32_64_H15,29,25.925,25.5,26.71666666666667,0,368.5459386855821
30877,3,G32_64_H15,30,25.370833333333334,24.79583333333333,26.195833333333336,0,368.5459386855821
30878,3,G32_64_H15,31,25.416666666666668,24.525,26.2625,0,368.5459386855821
30879,3,G32_64_H15,32,24.6625,24.0,25.46666666666667,0,368.5459386855821
30880,3,G32_64_H15,33,23.695833333333336,23.02916666666667,24.991666666666664,0,368.5459386855821
30881,3,G32_64_H15,34,23.975,23.35,24.9875,0,368.5459386855821
30882,3,G32_64_H15,35,23.625,22.854166666666668,24.383333333333336,0,368.5459386855821
30883,3,G32_64_H16,-2,31.227272727272727,28.990909090909096,31.80909090909091,0,377.9493786084928
30884,3,G32_64_H16,-1,32.94583333333333,31.933333333333334,33.5,0,377.9493786084928
30885,3,G32_64_H16,0,33.5375,32.2625,34.458333333333336,0,377.9493786084928
30886,3,G32_64_H16,1,33.525,32.55416666666667,34.24583333333333,0,377.9493786084928
30887,3,G32_64_H16,2,32.52916666666667,31.454166666666666,33.354166666666664,0,377.9493786084928
30888,3,G32_64_H16,3,31.6125,30.53333333333333,32.46666666666667,0,377.9493786084928
30889,3,G32_64_H16,4,30.55,29.59583333333333,31.558333333333334,0,377.9493786084928
30890,3,G32_64_H16,5,30.15,28.8,30.85833333333333,0,377.9493786084928
30891,3,G32_64_H16,6,29.241666666666664,28.02916666666667,30.25,0,377.9493786084928
30892,3,G32_64_H16,7,28.525,27.33333333333333,29.541666666666668,0,377.9493786084928
30893,3,G32_64_H16,8,27.820833333333336,27.004166666666663,29.35833333333333,0,377.9493786084928
30894,3,G32_64_H16,9,27.8375,26.866666666666664,28.97083333333333,0,377.9493786084928
30895,3,G32_64_H16,10,27.445833333333336,26.5125,28.89583333333333,0,377.9493786084928
30896,3,G32_64_H16,11,26.35,25.566666666666663,27.683333333333334,0,377.9493786084928
30897,3,G32_64_H16,12,25.829166666666666,25.20833333333333,27.175,0,377.9493786084928
30898,3,G32_64_H16,13,25.883333333333336,25.3875,27.025,0,377.9493786084928
30899,3,G32_64_H16,14,25.554166666666664,24.979166666666668,26.7125,0,377.9493786084928
30900,3,G32_64_H16,15,26.041666666666668,25.48333333333333,26.929166666666664,0,377.9493786084928
30901,3,G32_64_H16,16,26.354166666666668,25.754166666666663,27.070833333333336,0,377.9493786084928
30902,3,G32_64_H16,17,26.8375,26.079166666666666,27.3125,0,377.9493786084928
30903,3,G32_64_H16,18,26.2,25.10833333333333,26.65416666666667,0,377.9493786084928
30904,3,G32_64_H16,19,25.475,24.4125,26.42083333333333,0,377.9493786084928
30905,3,G32_64_H16,20,25.320833333333336,24.59166666666667,26.59166666666667,0,377.9493786084928
30906,3,G32_64_H16,21,26.116666666666664,24.5625,26.479166666666668,0,377.9493786084928
30907,3,G32_64_H16,22,25.870833333333334,24.275,26.291666666666668,0,377.9493786084928
30908,3,G32_64_H16,23,25.570833333333336,24.23333333333333,26.129166666666663,0,377.9493786084928
30909,3,G32_64_H16,24,25.97083333333333,24.89583333333333,26.58333333333333,0,377.9493786084928
30910,3,G32_64_H16,25,26.1,25.40833333333333,26.84166666666667,0,377.9493786084928
30911,3,G32_64_H16,26,26.7375,26.2125,27.34583333333333,0,377.9493786084928
30912,3,G32_64_H16,27,26.5125,25.695833333333336,26.945833333333336,0,377.9493786084928
30913,3,G32_64_H16,28,26.025,25.4875,26.4875,0,377.9493786084928
30914,3,G32_64_H16,29,25.275,24.77916666666667,25.925,0,377.9493786084928
30915,3,G32_64_H16,30,24.90416666666667,24.433333333333334,25.820833333333336,0,377.9493786084928
30916,3,G32_64_H16,31,24.729166666666668,23.883333333333336,25.195833333333336,0,377.9493786084928
30917,3,G32_64_H16,32,23.875,23.291666666666668,24.929166666666664,0,377.9493786084928
30918,3,G32_64_H16,33,24.204166666666666,23.52083333333333,25.066666666666663,0,377.9493786084928
30919,3,G32_64_H16,34,23.89583333333333,22.9375,24.47083333333333,0,377.9493786084928
30920,3,G32_64_H17,-2,31.327272727272728,28.827272727272724,31.827272727272728,0,361.3277970699696
30921,3,G32_64_H17,-1,33.25416666666667,32.28333333333333,34.145833333333336,0,361.3277970699696
30922,3,G32_64_H17,0,34.59166666666667,33.420833333333334,35.5,0,361.3277970699696
30923,3,G32_64_H17,1,34.354166666666664,33.3375,35.34583333333333,0,361.3277970699696
30924,3,G32_64_H17,2,33.2,32.17916666666667,34.333333333333336,0,361.3277970699696
30925,3,G32_64_H17,3,32.204166666666666,31.120833333333334,33.225,0,361.3277970699696
30926,3,G32_64_H17,4,31.1875,30.15416666666667,32.175000000000004,0,361.3277970699696
30927,3,G32_64_H17,5,30.304166666666664,29.35833333333333,31.5,0,361.3277970699696
30928,3,G32_64_H17,6,29.79583333333333,28.666666666666668,30.616666666666664,0,361.3277970699696
30929,3,G32_64_H17,7,28.941666666666663,28.1625,29.925,0,361.3277970699696
30930,3,G32_64_H17,8,28.741666666666664,27.8125,29.52083333333333,0,361.3277970699696
30931,3,G32_64_H17,9,28.15416666666667,27.3875,29.29583333333333,0,361.3277970699696
30932,3,G32_64_H17,10,27.60833333333333,26.875,28.745833333333334,0,361.3277970699696
30933,3,G32_64_H17,11,26.808333333333334,25.9875,28.0375,0,361.3277970699696
30934,3,G32_64_H17,12,26.47083333333333,25.5125,27.39583333333333,0,361.3277970699696
30935,3,G32_64_H17,13,26.4875,25.6375,27.275,0,361.3277970699696
30936,3,G32_64_H17,14,26.554166666666664,25.691666666666663,27.3875,0,361.3277970699696
30937,3,G32_64_H17,15,26.5125,25.616666666666664,27.204166666666666,0,361.3277970699696
30938,3,G32_64_H17,16,26.77083333333333,25.89583333333333,27.21666666666667,0,361.3277970699696
30939,3,G32_64_H17,17,27.054166666666664,26.34583333333333,27.46666666666667,0,361.3277970699696
30940,3,G32_64_H17,18,26.28333333333333,25.4,26.77916666666667,0,361.3277970699696
30941,3,G32_64_H17,19,25.604166666666668,24.9125,26.5875,0,361.3277970699696
30942,3,G32_64_H17,20,25.45833333333333,24.84166666666667,26.629166666666663,0,361.3277970699696
30943,3,G32_64_H17,21,25.870833333333334,24.475,26.45833333333333,0,361.3277970699696
30944,3,G32_64_H17,22,25.604166666666668,24.516666666666666,26.4,0,361.3277970699696
30945,3,G32_64_H17,23,25.229166666666668,24.495833333333334,26.29583333333333,0,361.3277970699696
30946,3,G32_64_H17,24,25.55,24.95833333333333,26.6375,0,361.3277970699696
30947,3,G32_64_H17,25,25.9375,25.391666666666666,26.84583333333333,0,361.3277970699696
30948,3,G32_64_H17,26,26.52916666666667,26.0125,27.191666666666663,0,361.3277970699696
30949,3,G32_64_H17,27,26.129166666666663,25.633333333333336,26.95,0,361.3277970699696
30950,3,G32_64_H17,28,25.604166666666668,25.3125,26.3875,0,361.3277970699696
30951,3,G32_64_H17,29,25.04583333333333,24.625,25.891666666666666,0,361.3277970699696
30952,3,G32_64_H17,30,25.0375,24.516666666666666,25.9625,0,361.3277970699696
30953,3,G32_64_H17,31,24.320833333333336,23.8125,25.308333333333334,0,361.3277970699696
30954,3,G32_64_H17,32,24.195833333333336,23.0375,25.125,0,361.3277970699696
30955,3,G32_64_H17,33,24.58333333333333,23.679166666666664,25.425,0,361.3277970699696
30956,3,G32_64_H17,34,23.979166666666668,23.3375,25.0625,0,361.3277970699696
30957,3,G32_64_H18,-2,31.1,28.74545454545455,31.963636363636365,0,376.04951887177816
30958,3,G32_64_H18,-1,33.24583333333333,32.25833333333333,34.09166666666667,0,376.04951887177816
30959,3,G32_64_H18,0,34.50833333333333,33.55416666666667,35.4625,0,376.04951887177816
30960,3,G32_64_H18,1,34.19166666666667,33.11666666666667,35.354166666666664,0,376.04951887177816
30961,3,G32_64_H18,2,33.104166666666664,32.06666666666667,34.22083333333333,0,376.04951887177816
30962,3,G32_64_H18,3,31.79583333333333,31.08333333333333,32.9125,0,376.04951887177816
30963,3,G32_64_H18,4,31.1625,30.075,31.979166666666668,0,376.04951887177816
30964,3,G32_64_H18,5,30.320833333333336,29.391666666666666,31.116666666666664,0,376.04951887177816
30965,3,G32_64_H18,6,29.71666666666667,28.7875,30.4,0,376.04951887177816
30966,3,G32_64_H18,7,29.183333333333334,28.04583333333333,29.829166666666666,0,376.04951887177816
30967,3,G32_64_H18,8,28.695833333333336,27.5875,29.425,0,376.04951887177816
30968,3,G32_64_H18,9,28.25,27.22083333333333,29.183333333333334,0,376.04951887177816
30969,3,G32_64_H18,10,27.6,26.883333333333336,28.775,0,376.04951887177816
30970,3,G32_64_H18,11,26.95833333333333,26.129166666666663,28.0625,0,376.04951887177816
30971,3,G32_64_H18,12,26.3125,25.58333333333333,27.441666666666663,0,376.04951887177816
30972,3,G32_64_H18,13,26.5,25.691666666666663,27.275,0,376.04951887177816
30973,3,G32_64_H18,14,26.39583333333333,25.804166666666664,27.40416666666667,0,376.04951887177816
30974,3,G32_64_H18,15,26.495833333333334,25.85,27.3375,0,376.04951887177816
30975,3,G32_64_H18,16,26.4625,26.058333333333334,27.33333333333333,0,376.04951887177816
30976,3,G32_64_H18,17,26.9375,26.575,27.8625,0,376.04951887177816
30977,3,G32_64_H18,18,26.4375,25.941666666666663,27.40833333333333,0,376.04951887177816
30978,3,G32_64_H18,19,26.166666666666668,25.245833333333334,26.9875,0,376.04951887177816
30979,3,G32_64_H18,20,26.15833333333333,25.1125,26.883333333333336,0,376.04951887177816
30980,3,G32_64_H18,21,25.10833333333333,24.79583333333333,26.5125,0,376.04951887177816
30981,3,G32_64_H18,22,25.25,24.554166666666664,26.429166666666664,0,376.04951887177816
30982,3,G32_64_H18,23,25.525,24.7125,26.42083333333333,0,376.04951887177816
30983,3,G32_64_H18,24,26.070833333333336,24.77916666666667,26.59583333333333,0,376.04951887177816
30984,3,G32_64_H18,25,26.6125,25.554166666666664,27.016666666666666,0,376.04951887177816
30985,3,G32_64_H18,26,26.666666666666668,26.21666666666667,27.52083333333333,0,376.04951887177816
30986,3,G32_64_H18,27,26.625,25.870833333333334,27.1625,0,376.04951887177816
30987,3,G32_64_H18,28,25.9625,25.454166666666666,26.683333333333334,0,376.04951887177816
30988,3,G32_64_H18,29,25.620833333333334,24.77916666666667,26.179166666666664,0,376.04951887177816
30989,3,G32_64_H18,30,25.7125,24.729166666666668,26.3,0,376.04951887177816
30990,3,G32_64_H18,31,24.766666666666666,24.229166666666668,25.5625,0,376.04951887177816
30991,3,G32_64_H18,32,24.48333333333333,23.558333333333334,25.17083333333333,0,376.04951887177816
30992,3,G32_64_H18,33,24.629166666666663,23.65,25.17083333333333,0,376.04951887177816
30993,3,G32_64_H18,34,23.629166666666663,23.23333333333333,24.691666666666663,0,376.04951887177816
30994,3,G32_64_H18,35,23.875,23.22083333333333,24.633333333333336,0,376.04951887177816
30995,3,G32_64_H19,-2,32.41111111111111,29.23333333333333,32.97777777777778,1,385.98601022941233
30996,3,G32_64_H19,-1,34.19166666666667,33.09583333333333,34.80833333333333,1,385.98601022941233
30997,3,G32_64_H19,0,34.791666666666664,33.34583333333333,35.479166666666664,1,385.98601022941233
30998,3,G32_64_H19,1,34.141666666666666,32.958333333333336,35.15833333333333,1,385.98601022941233
30999,3,G32_64_H19,2,33.25833333333333,31.979166666666668,34.19583333333333,1,385.98601022941233
31000,3,G32_64_H19,3,31.825,30.883333333333336,33.12083333333333,1,385.98601022941233
31001,3,G32_64_H19,4,31.366666666666664,30.10833333333333,32.05833333333333,1,385.98601022941233
31002,3,G32_64_H19,5,30.104166666666668,29.141666666666666,31.025,1,385.98601022941233
31003,3,G32_64_H19,6,28.95833333333333,28.320833333333336,29.95833333333333,1,385.98601022941233
31004,3,G32_64_H19,7,28.566666666666663,27.9125,29.45,1,385.98601022941233
31005,3,G32_64_H19,8,28.39583333333333,27.445833333333336,29.34166666666667,1,385.98601022941233
31006,3,G32_64_H19,9,28.21666666666667,27.166666666666668,29.1375,1,385.98601022941233
31007,3,G32_64_H19,10,27.825,26.433333333333334,28.52916666666667,1,385.98601022941233
31008,3,G32_64_H19,11,27.258333333333336,26.02916666666667,27.90833333333333,1,385.98601022941233
31009,3,G32_64_H19,12,26.604166666666668,25.975,27.8375,1,385.98601022941233
31010,3,G32_64_H19,13,26.604166666666668,25.754166666666663,27.575,1,385.98601022941233
31011,3,G32_64_H19,14,26.425,25.8625,27.48333333333333,1,385.98601022941233
31012,3,G32_64_H19,15,26.5,26.15833333333333,27.370833333333334,1,385.98601022941233
31013,3,G32_64_H19,16,26.804166666666664,26.4125,27.508333333333336,1,385.98601022941233
31014,3,G32_64_H19,17,26.15416666666667,25.4875,27.133333333333336,1,385.98601022941233
31015,3,G32_64_H19,18,26.225,24.85833333333333,26.84166666666667,1,385.98601022941233
31016,3,G32_64_H19,19,25.8125,25.0,26.941666666666663,1,385.98601022941233
31017,3,G32_64_H19,20,25.925,24.879166666666663,26.89583333333333,1,385.98601022941233
31018,3,G32_64_H19,21,25.695833333333336,24.575,26.604166666666668,1,385.98601022941233
31019,3,G32_64_H19,22,26.079166666666666,25.02083333333333,26.67083333333333,1,385.98601022941233
31020,3,G32_64_H19,23,26.616666666666664,25.475,27.05652173913043,1,385.98601022941233
31021,3,G32_64_H19,24,26.5875,25.96666666666667,27.383333333333336,1,385.98601022941233
31022,3,G32_64_H19,25,26.7875,26.320833333333336,27.67083333333333,1,385.98601022941233
31023,3,G32_64_H19,26,26.60833333333333,25.84166666666667,27.3,1,385.98601022941233
31024,3,G32_64_H19,27,26.054166666666664,25.454166666666666,26.566666666666663,1,385.98601022941233
31025,3,G32_64_H19,28,25.141666666666666,24.754166666666663,25.9875,1,385.98601022941233
31026,3,G32_64_H19,29,25.004166666666663,24.4875,25.95833333333333,1,385.98601022941233
31027,3,G32_64_H19,30,24.73333333333333,23.641666666666666,25.2375,1,385.98601022941233
31028,3,G32_64_H19,31,24.445833333333336,23.166666666666668,25.20833333333333,1,385.98601022941233
31029,3,G32_64_H19,32,24.254166666666663,23.7375,25.34166666666667,1,385.98601022941233
31030,3,G32_64_H19,33,23.891666666666666,23.15833333333333,24.75,1,385.98601022941233
31031,3,G32_64_H19,34,24.17083333333333,23.291666666666668,24.7125,1,385.98601022941233
31032,3,G32_64_H2,-2,28.663636363636364,25.83636363636364,29.38181818181818,1,416.4961015847635
31033,3,G32_64_H2,-1,33.00833333333333,32.0875,34.3375,1,416.4961015847635
31034,3,G32_64_H2,0,34.69166666666667,33.6,35.5,1,416.4961015847635
31035,3,G32_64_H2,1,34.37083333333333,33.25833333333333,35.40833333333333,1,416.4961015847635
31036,3,G32_64_H2,2,33.25833333333333,32.3125,34.50416666666667,1,416.4961015847635
31037,3,G32_64_H2,3,32.1625,31.216666666666665,33.170833333333334,1,416.4961015847635
31038,3,G32_64_H2,4,31.254166666666663,30.254166666666663,32.09583333333333,1,416.4961015847635
31039,3,G32_64_H2,5,30.14583333333333,29.2625,31.10833333333333,1,416.4961015847635
31040,3,G32_64_H2,6,29.258333333333336,28.425,30.20833333333333,1,416.4961015847635
31041,3,G32_64_H2,7,28.60833333333333,27.95,29.52916666666667,1,416.4961015847635
31042,3,G32_64_H2,8,28.59583333333333,27.45,29.20833333333333,1,416.4961015847635
31043,3,G32_64_H2,9,27.75,27.3375,28.875,1,416.4961015847635
31044,3,G32_64_H2,10,27.45833333333333,26.70833333333333,28.52083333333333,1,416.4961015847635
31045,3,G32_64_H2,11,27.166666666666668,26.1,28.258333333333336,1,416.4961015847635
31046,3,G32_64_H2,12,26.3375,25.479166666666668,27.4875,1,416.4961015847635
31047,3,G32_64_H2,13,26.070833333333336,25.120833333333334,27.02916666666667,1,416.4961015847635
31048,3,G32_64_H2,14,26.191666666666663,25.23333333333333,26.975,1,416.4961015847635
31049,3,G32_64_H2,15,26.15833333333333,25.058333333333334,26.808333333333334,1,416.4961015847635
31050,3,G32_64_H2,16,26.4625,25.42083333333333,27.0375,1,416.4961015847635
31051,3,G32_64_H2,17,26.9125,26.004166666666663,27.3,1,416.4961015847635
31052,3,G32_64_H2,18,27.508333333333336,26.85,28.004166666666663,1,416.4961015847635
31053,3,G32_64_H2,19,26.54583333333333,25.575,27.3625,1,416.4961015847635
31054,3,G32_64_H2,20,25.758333333333336,24.741666666666664,26.92083333333333,1,416.4961015847635
31055,3,G32_64_H2,21,26.22083333333333,24.6875,26.96666666666667,1,416.4961015847635
31056,3,G32_64_H2,22,25.479166666666668,24.433333333333334,26.579166666666666,1,416.4961015847635
31057,3,G32_64_H2,23,25.120833333333334,24.604166666666668,26.691666666666663,1,416.4961015847635
31058,3,G32_64_H2,24,25.375,24.6625,26.516666666666666,1,416.4961015847635
31059,3,G32_64_H2,25,26.02916666666667,25.325,26.9,1,416.4961015847635
31060,3,G32_64_H2,26,26.5875,25.558333333333334,27.09583333333333,1,416.4961015847635
31061,3,G32_64_H2,27,26.89583333333333,25.9,27.29583333333333,1,416.4961015847635
31062,3,G32_64_H2,28,26.65833333333333,25.71666666666667,27.10833333333333,1,416.4961015847635
31063,3,G32_64_H2,29,25.925,25.383333333333336,26.504166666666663,1,416.4961015847635
31064,3,G32_64_H2,30,25.079166666666666,24.4375,25.604166666666668,1,416.4961015847635
31065,3,G32_64_H2,31,25.1375,24.0375,25.633333333333336,1,416.4961015847635
31066,3,G32_64_H2,32,24.2875,23.129166666666663,24.8625,1,416.4961015847635
31067,3,G32_64_H2,33,24.366666666666664,22.8,24.866666666666664,1,416.4961015847635
31068,3,G32_64_H2,34,24.2375,22.975,24.891666666666666,1,416.4961015847635
31069,3,G32_64_H20,-2,30.666666666666668,27.433333333333334,31.766666666666666,1,392.61918565592015
31070,3,G32_64_H20,-1,33.99166666666667,32.80833333333333,34.97083333333333,1,392.61918565592015
31071,3,G32_64_H20,0,34.300000000000004,33.44166666666667,35.49583333333333,1,392.61918565592015
31072,3,G32_64_H20,1,34.19166666666667,33.104166666666664,35.1875,1,392.61918565592015
31073,3,G32_64_H20,2,33.104166666666664,32.045833333333334,34.075,1,392.61918565592015
31074,3,G32_64_H20,3,32.025,30.879166666666663,32.94166666666667,1,392.61918565592015
31075,3,G32_64_H20,4,30.75,29.9875,32.13333333333333,1,392.61918565592015
31076,3,G32_64_H20,5,29.829166666666666,29.054166666666664,31.1375,1,392.61918565592015
31077,3,G32_64_H20,6,29.016666666666666,28.21666666666667,30.354166666666668,1,392.61918565592015
31078,3,G32_64_H20,7,28.5375,27.758333333333336,29.741666666666664,1,392.61918565592015
31079,3,G32_64_H20,8,28.354166666666668,27.40416666666667,29.21666666666667,1,392.61918565592015
31080,3,G32_64_H20,9,27.916666666666668,27.05,28.883333333333336,1,392.61918565592015
31081,3,G32_64_H20,10,27.15833333333333,26.5125,28.27916666666667,1,392.61918565592015
31082,3,G32_64_H20,11,26.59583333333333,26.05,27.7375,1,392.61918565592015
31083,3,G32_64_H20,12,26.54583333333333,25.995833333333334,27.5,1,392.61918565592015
31084,3,G32_64_H20,13,26.204166666666666,25.558333333333334,27.2375,1,392.61918565592015
31085,3,G32_64_H20,14,26.570833333333336,25.84166666666667,27.254166666666663,1,392.61918565592015
31086,3,G32_64_H20,15,26.7875,26.09583333333333,27.325,1,392.61918565592015
31087,3,G32_64_H20,16,27.02083333333333,26.33333333333333,27.5,1,392.61918565592015
31088,3,G32_64_H20,17,26.679166666666664,25.5875,27.175,1,392.61918565592015
31089,3,G32_64_H20,18,25.829166666666666,25.2125,26.933333333333334,1,392.61918565592015
31090,3,G32_64_H20,19,26.004166666666663,25.141666666666666,26.975,1,392.61918565592015
31091,3,G32_64_H20,20,26.1875,25.075,26.820833333333336,1,392.61918565592015
31092,3,G32_64_H20,21,25.72083333333333,24.7625,26.641666666666666,1,392.61918565592015
31093,3,G32_64_H20,22,25.5625,24.73333333333333,26.554166666666664,1,392.61918565592015
31094,3,G32_64_H20,23,26.275,25.48333333333333,26.98333333333333,1,392.61918565592015
31095,3,G32_64_H20,24,26.695833333333336,26.025,27.325,1,392.61918565592015
31096,3,G32_64_H20,25,27.1625,26.695833333333336,27.8375,1,392.61918565592015
31097,3,G32_64_H20,26,27.03333333333333,26.416666666666668,27.59166666666667,1,392.61918565592015
31098,3,G32_64_H20,27,26.59166666666667,26.025,26.945833333333336,1,392.61918565592015
31099,3,G32_64_H20,28,25.8625,25.204166666666666,26.191666666666663,1,392.61918565592015
31100,3,G32_64_H20,29,25.55,24.85833333333333,26.204166666666666,1,392.61918565592015
31101,3,G32_64_H20,30,24.633333333333336,24.2375,25.47083333333333,1,392.61918565592015
31102,3,G32_64_H20,31,24.6125,23.675,25.258333333333336,1,392.61918565592015
31103,3,G32_64_H20,32,24.65,23.925,25.479166666666668,1,392.61918565592015
31104,3,G32_64_H20,33,24.33333333333333,23.59166666666667,25.20833333333333,1,392.61918565592015
31105,3,G32_64_H20,34,24.46666666666667,23.758333333333336,25.266666666666666,1,392.61918565592015
31106,3,G32_64_H3,19,26.200000000000003,25.253846153846155,26.9,0,307.92660165670543
31107,3,G32_64_H3,20,25.2875,24.070833333333336,26.241666666666664,0,307.92660165670543
31108,3,G32_64_H3,21,25.03333333333333,24.383333333333336,26.55,0,307.92660165670543
31109,3,G32_64_H3,22,25.758333333333336,24.454166666666666,26.475,0,307.92660165670543
31110,3,G32_64_H3,23,26.02083333333333,24.383333333333336,26.508333333333336,0,307.92660165670543
31111,3,G32_64_H3,24,26.20833333333333,24.89583333333333,26.629166666666663,0,307.92660165670543
31112,3,G32_64_H3,25,26.2625,25.29583333333333,26.945833333333336,0,307.92660165670543
31113,3,G32_64_H3,26,26.90833333333333,26.025,27.4625,0,307.92660165670543
31114,3,G32_64_H3,27,26.60833333333333,26.2625,27.6125,0,307.92660165670543
31115,3,G32_64_H3,28,26.3375,25.7625,27.04583333333333,0,307.92660165670543
31116,3,G32_64_H3,29,25.84166666666667,25.308333333333334,26.34166666666667,0,307.92660165670543
31117,3,G32_64_H3,30,25.46666666666667,24.704166666666666,25.8875,0,307.92660165670543
31118,3,G32_64_H3,31,25.495833333333334,24.4625,26.0625,0,307.92660165670543
31119,3,G32_64_H3,32,24.541666666666668,23.7375,25.27083333333333,0,307.92660165670543
31120,3,G32_64_H3,33,24.016666666666666,23.241666666666664,25.20833333333333,0,307.92660165670543
31121,3,G32_64_H3,34,24.204166666666666,23.741666666666664,25.254166666666663,0,307.92660165670543
31122,3,G32_64_H4,19,25.569230769230767,25.3,26.684615384615384,0,371.7773083422517
31123,3,G32_64_H4,20,25.329166666666666,24.254166666666663,26.104166666666668,0,371.7773083422517
31124,3,G32_64_H4,21,25.45,24.375,26.42083333333333,0,371.7773083422517
31125,3,G32_64_H4,22,25.079166666666666,24.4625,26.3375,0,371.7773083422517
31126,3,G32_64_H4,23,25.53333333333333,24.77083333333333,26.525,0,371.7773083422517
31127,3,G32_64_H4,24,25.6375,24.75,26.39583333333333,0,371.7773083422517
31128,3,G32_64_H4,25,25.95833333333333,25.29583333333333,26.8875,0,371.7773083422517
31129,3,G32_64_H4,26,26.308333333333334,25.633333333333336,27.0875,0,371.7773083422517
31130,3,G32_64_H4,27,26.683333333333334,26.141666666666666,27.4375,0,371.7773083422517
31131,3,G32_64_H4,28,26.47083333333333,26.0,27.241666666666664,0,371.7773083422517
31132,3,G32_64_H4,29,26.2375,25.620833333333334,26.72083333333333,0,371.7773083422517
31133,3,G32_64_H4,30,25.64583333333333,24.78333333333333,26.129166666666663,0,371.7773083422517
31134,3,G32_64_H4,31,25.241666666666664,24.475,25.96666666666667,0,371.7773083422517
31135,3,G32_64_H4,32,24.741666666666664,23.65,25.375,0,371.7773083422517
31136,3,G32_64_H4,33,24.704166666666666,23.604166666666668,25.40833333333333,0,371.7773083422517
31137,3,G32_64_H4,34,24.6625,24.058333333333334,25.79583333333333,0,371.7773083422517
31138,3,G32_64_H5,-2,32.79090909090909,30.67272727272728,33.74545454545454,1,400.782303643565
31139,3,G32_64_H5,-1,33.25,31.84583333333333,34.333333333333336,1,400.782303643565
31140,3,G32_64_H5,0,34.05416666666667,32.8375,35.45,1,400.782303643565
31141,3,G32_64_H5,1,33.88333333333333,32.69166666666667,35.108333333333334,1,400.782303643565
31142,3,G32_64_H5,2,32.7625,31.820833333333336,33.78333333333333,1,400.782303643565
31143,3,G32_64_H5,3,32.00833333333333,31.008333333333336,32.7625,1,400.782303643565
31144,3,G32_64_H5,4,30.7625,29.933333333333334,31.70833333333333,1,400.782303643565
31145,3,G32_64_H5,5,30.0,29.09583333333333,30.991666666666664,1,400.782303643565
31146,3,G32_64_H5,6,29.258333333333336,28.45,30.2125,1,400.782303643565
31147,3,G32_64_H5,7,28.9125,27.933333333333334,29.77916666666667,1,400.782303643565
31148,3,G32_64_H5,8,28.316666666666663,27.45833333333333,29.558333333333334,1,400.782303643565
31149,3,G32_64_H5,9,27.954166666666666,27.129166666666663,29.15,1,400.782303643565
31150,3,G32_64_H5,10,27.354166666666668,26.6,28.67083333333333,1,400.782303643565
31151,3,G32_64_H5,11,26.84583333333333,25.879166666666663,28.04583333333333,1,400.782303643565
31152,3,G32_64_H5,12,26.40416666666667,25.579166666666666,27.491666666666664,1,400.782303643565
31153,3,G32_64_H5,13,26.33333333333333,25.40416666666667,27.3,1,400.782303643565
31154,3,G32_64_H5,14,25.89583333333333,25.20833333333333,26.8625,1,400.782303643565
31155,3,G32_64_H5,15,26.291666666666668,25.46666666666667,26.8375,1,400.782303643565
31156,3,G32_64_H5,16,26.65416666666667,25.8625,26.979166666666668,1,400.782303643565
31157,3,G32_64_H5,17,27.04583333333333,26.3125,27.46666666666667,1,400.782303643565
31158,3,G32_64_H5,18,25.77916666666667,25.179166666666664,26.7625,1,400.782303643565
31159,3,G32_64_H5,19,25.59583333333333,24.29583333333333,26.29583333333333,1,400.782303643565
31160,3,G32_64_H5,20,26.041666666666668,24.23333333333333,26.441666666666663,1,400.782303643565
31161,3,G32_64_H5,21,25.354166666666668,24.245833333333334,26.366666666666664,1,400.782303643565
31162,3,G32_64_H5,22,24.52083333333333,24.23333333333333,26.3375,1,400.782303643565
31163,3,G32_64_H5,23,24.975,24.33333333333333,26.20833333333333,1,400.782303643565
31164,3,G32_64_H5,24,25.691666666666663,24.77916666666667,26.566666666666663,1,400.782303643565
31165,3,G32_64_H5,25,26.1125,25.041666666666668,26.53333333333333,1,400.782303643565
31166,3,G32_64_H5,26,26.041666666666668,25.641666666666666,26.825,1,400.782303643565
31167,3,G32_64_H5,27,26.075,25.304166666666664,26.570833333333336,1,400.782303643565
31168,3,G32_64_H5,28,25.375,25.129166666666663,26.041666666666668,1,400.782303643565
31169,3,G32_64_H5,29,24.683333333333334,24.429166666666664,25.4625,1,400.782303643565
31170,3,G32_64_H5,30,24.95,24.14583333333333,25.5875,1,400.782303643565
31171,3,G32_64_H5,31,24.070833333333336,23.45833333333333,24.883333333333336,1,400.782303643565
31172,3,G32_64_H5,32,23.941666666666663,22.975,24.8125,1,400.782303643565
31173,3,G32_64_H5,33,24.65416666666667,23.454166666666666,25.0,1,400.782303643565
31174,3,G32_64_H5,34,23.3,22.8625,24.5125,1,400.782303643565
31175,3,G32_64_H6,-2,32.11818181818182,29.9,32.72727272727273,0,371.7733881835738
31176,3,G32_64_H6,-1,33.15,31.84583333333333,34.1625,0,371.7733881835738
31177,3,G32_64_H6,0,33.96666666666667,32.87083333333333,35.391666666666666,0,371.7733881835738
31178,3,G32_64_H6,1,33.96666666666667,32.75416666666667,34.90833333333333,0,371.7733881835738
31179,3,G32_64_H6,2,32.775,31.825,33.795833333333334,0,371.7733881835738
31180,3,G32_64_H6,3,31.854166666666668,30.979166666666668,32.87083333333333,0,371.7733881835738
31181,3,G32_64_H6,4,30.695833333333336,29.941666666666663,31.78333333333333,0,371.7733881835738
31182,3,G32_64_H6,5,29.96666666666667,29.0875,30.816666666666663,0,371.7733881835738
31183,3,G32_64_H6,6,29.304166666666664,28.479166666666668,30.204166666666666,0,371.7733881835738
31184,3,G32_64_H6,7,28.916666666666668,28.016666666666666,29.620833333333334,0,371.7733881835738
31185,3,G32_64_H6,8,28.254166666666663,27.554166666666664,29.25,0,371.7733881835738
31186,3,G32_64_H6,9,27.9875,27.104166666666668,29.0875,0,371.7733881835738
31187,3,G32_64_H6,10,27.67083333333333,26.829166666666666,28.5625,0,371.7733881835738
31188,3,G32_64_H6,11,27.025,26.004166666666663,27.9375,0,371.7733881835738
31189,3,G32_64_H6,12,26.254166666666663,25.741666666666664,27.4,0,371.7733881835738
31190,3,G32_64_H6,13,26.29583333333333,25.558333333333334,27.27916666666667,0,371.7733881835738
31191,3,G32_64_H6,14,26.025,25.27083333333333,27.070833333333336,0,371.7733881835738
31192,3,G32_64_H6,15,26.308333333333334,25.3375,27.008333333333336,0,371.7733881835738
31193,3,G32_64_H6,16,26.70833333333333,25.766666666666666,27.15416666666667,0,371.7733881835738
31194,3,G32_64_H6,17,27.10833333333333,26.308333333333334,27.52083333333333,0,371.7733881835738
31195,3,G32_64_H6,18,25.854166666666668,25.141666666666666,26.804166666666664,0,371.7733881835738
31196,3,G32_64_H6,19,25.35833333333333,24.254166666666663,26.445833333333336,0,371.7733881835738
31197,3,G32_64_H6,20,25.77083333333333,24.416666666666668,26.5875,0,371.7733881835738
31198,3,G32_64_H6,21,25.308333333333334,24.46666666666667,26.416666666666668,0,371.7733881835738
31199,3,G32_64_H6,22,25.579166666666666,24.616666666666664,26.391666666666666,0,371.7733881835738
31200,3,G32_64_H6,23,25.2875,24.73333333333333,26.554166666666664,0,371.7733881835738
31201,3,G32_64_H6,24,26.3625,25.266666666666666,26.891666666666666,0,371.7733881835738
31202,3,G32_64_H6,25,26.4625,25.629166666666663,27.2375,0,371.7733881835738
31203,3,G32_64_H6,26,26.85833333333333,26.258333333333336,27.566666666666663,0,371.7733881835738
31204,3,G32_64_H6,27,26.383333333333336,25.875,27.1625,0,371.7733881835738
31205,3,G32_64_H6,28,26.225,25.570833333333336,26.666666666666668,0,371.7733881835738
31206,3,G32_64_H6,29,25.1625,24.891666666666666,26.166666666666668,0,371.7733881835738
31207,3,G32_64_H6,30,25.75,24.7875,26.3375,0,371.7733881835738
31208,3,G32_64_H6,31,24.77083333333333,24.02916666666667,25.5625,0,371.7733881835738
31209,3,G32_64_H6,32,24.125,23.575,25.2875,0,371.7733881835738
31210,3,G32_64_H6,33,24.78333333333333,23.67083333333333,25.45833333333333,0,371.7733881835738
31211,3,G32_64_H6,34,23.7125,23.075,24.46666666666667,0,371.7733881835738
31212,3,G32_64_H7,17,26.384615384615383,25.638461538461534,27.26153846153846,0,339.5486168907487
31213,3,G32_64_H7,18,26.429166666666664,24.72083333333333,26.945833333333336,0,339.5486168907487
31214,3,G32_64_H7,19,25.933333333333334,24.92083333333333,27.09583333333333,0,339.5486168907487
31215,3,G32_64_H7,20,26.0375,24.8125,27.02916666666667,0,339.5486168907487
31216,3,G32_64_H7,21,25.84166666666667,24.78333333333333,26.8625,0,339.5486168907487
31217,3,G32_64_H7,22,25.9875,24.816666666666663,26.89583333333333,0,339.5486168907487
31218,3,G32_64_H7,23,26.229166666666668,25.316666666666663,27.15416666666667,0,339.5486168907487
31219,3,G32_64_H7,24,26.729166666666668,26.0,27.48333333333333,0,339.5486168907487
31220,3,G32_64_H7,25,27.116666666666664,26.245833333333334,27.60833333333333,0,339.5486168907487
31221,3,G32_64_H7,26,26.85833333333333,26.041666666666668,27.34166666666667,0,339.5486168907487
31222,3,G32_64_H7,27,26.20833333333333,25.53333333333333,26.691666666666663,0,339.5486168907487
31223,3,G32_64_H7,28,25.133333333333336,24.79583333333333,26.10833333333333,0,339.5486168907487
31224,3,G32_64_H7,29,25.67083333333333,24.6125,26.33333333333333,0,339.5486168907487
31225,3,G32_64_H7,30,24.90416666666667,24.05,25.929166666666664,0,339.5486168907487
31226,3,G32_64_H7,31,24.7875,23.7625,25.866666666666664,0,339.5486168907487
31227,3,G32_64_H7,32,25.320833333333336,23.975,25.8625,0,339.5486168907487
31228,3,G32_64_H7,33,24.09166666666667,23.45833333333333,25.308333333333334,0,339.5486168907487
31229,3,G32_64_H7,34,24.1625,23.554166666666664,25.2375,0,339.5486168907487
31230,3,G32_64_H8,17,26.62307692307693,25.67692307692308,27.138461538461534,0,372.4849732857257
31231,3,G32_64_H8,18,25.9125,24.9625,26.854166666666668,0,372.4849732857257
31232,3,G32_64_H8,19,25.77916666666667,25.08333333333333,26.95833333333333,0,372.4849732857257
31233,3,G32_64_H8,20,26.46666666666667,25.079166666666666,26.916666666666668,0,372.4849732857257
31234,3,G32_64_H8,21,26.258333333333336,24.954166666666666,26.7875,0,372.4849732857257
31235,3,G32_64_H8,22,25.65416666666667,25.025,26.729166666666668,0,372.4849732857257
31236,3,G32_64_H8,23,26.304166666666664,25.3375,26.95,0,372.4849732857257
31237,3,G32_64_H8,24,26.77083333333333,25.84583333333333,27.35833333333333,0,372.4849732857257
31238,3,G32_64_H8,25,26.6625,26.29583333333333,27.53333333333333,0,372.4849732857257
31239,3,G32_64_H8,26,26.3375,25.85833333333333,27.02916666666667,0,372.4849732857257
31240,3,G32_64_H8,27,25.95833333333333,25.375,26.3875,0,372.4849732857257
31241,3,G32_64_H8,28,25.3625,24.695833333333336,25.77083333333333,0,372.4849732857257
31242,3,G32_64_H8,29,24.979166666666668,24.4375,25.929166666666664,0,372.4849732857257
31243,3,G32_64_H8,30,25.02916666666667,23.95833333333333,25.54583333333333,0,372.4849732857257
31244,3,G32_64_H8,31,24.59166666666667,23.5625,25.58333333333333,0,372.4849732857257
31245,3,G32_64_H8,32,24.425,23.870833333333334,25.6375,0,372.4849732857257
31246,3,G32_64_H8,33,24.445833333333336,23.27083333333333,25.08333333333333,0,372.4849732857257
31247,3,G32_64_H8,34,24.20833333333333,23.42083333333333,24.916666666666668,0,372.4849732857257
31248,3,G32_64_H9,-2,32.8875,29.3125,33.8625,0,375.23266374438487
31249,3,G32_64_H9,-1,33.766666666666666,32.65833333333333,34.68333333333333,0,375.23266374438487
31250,3,G32_64_H9,0,34.229166666666664,33.050000000000004,35.17916666666667,0,375.23266374438487
31251,3,G32_64_H9,1,34.15,33.19583333333333,34.94166666666667,0,375.23266374438487
31252,3,G32_64_H9,2,32.87083333333333,32.25416666666667,33.825,0,375.23266374438487
31253,3,G32_64_H9,3,31.804166666666664,31.1,32.7875,0,375.23266374438487
31254,3,G32_64_H9,4,31.21666666666667,30.258333333333336,32.00416666666667,0,375.23266374438487
31255,3,G32_64_H9,5,30.1875,29.229166666666668,30.85,0,375.23266374438487
31256,3,G32_64_H9,6,29.27083333333333,28.258333333333336,30.02916666666667,0,375.23266374438487
31257,3,G32_64_H9,7,28.808333333333334,27.729166666666668,29.54583333333333,0,375.23266374438487
31258,3,G32_64_H9,8,27.979166666666668,27.366666666666664,29.27083333333333,0,375.23266374438487
31259,3,G32_64_H9,9,28.425,27.15416666666667,28.975,0,375.23266374438487
31260,3,G32_64_H9,10,27.4875,26.8125,28.454166666666666,0,375.23266374438487
31261,3,G32_64_H9,11,27.15,26.441666666666663,27.92083333333333,0,375.23266374438487
31262,3,G32_64_H9,12,26.92083333333333,26.008333333333336,27.92083333333333,0,375.23266374438487
31263,3,G32_64_H9,13,26.729166666666668,25.741666666666664,27.575,0,375.23266374438487
31264,3,G32_64_H9,14,27.03333333333333,25.85,27.504166666666663,0,375.23266374438487
31265,3,G32_64_H9,15,27.0375,26.0375,27.416666666666668,0,375.23266374438487
31266,3,G32_64_H9,16,27.02916666666667,26.316666666666663,27.579166666666666,0,375.23266374438487
31267,3,G32_64_H9,17,26.433333333333334,25.620833333333334,27.21666666666667,0,375.23266374438487
31268,3,G32_64_H9,18,25.575,24.683333333333334,26.875,0,375.23266374438487
31269,3,G32_64_H9,19,25.870833333333334,24.754166666666663,26.941666666666663,0,375.23266374438487
31270,3,G32_64_H9,20,25.641666666666666,24.8,26.925,0,375.23266374438487
31271,3,G32_64_H9,21,25.516666666666666,24.71666666666667,26.73333333333333,0,375.23266374438487
31272,3,G32_64_H9,22,24.9375,24.6,26.54583333333333,0,375.23266374438487
31273,3,G32_64_H9,23,25.64583333333333,25.03333333333333,26.804166666666664,0,375.23266374438487
31274,3,G32_64_H9,24,26.05,25.2875,26.83333333333333,0,375.23266374438487
31275,3,G32_64_H9,25,26.5125,25.72083333333333,26.991666666666664,0,375.23266374438487
31276,3,G32_64_H9,26,26.1375,25.570833333333336,26.804166666666664,0,375.23266374438487
31277,3,G32_64_H9,27,25.59583333333333,25.17083333333333,26.245833333333334,0,375.23266374438487
31278,3,G32_64_H9,28,24.79583333333333,24.445833333333336,25.53333333333333,0,375.23266374438487
31279,3,G32_64_H9,29,25.104166666666668,24.27083333333333,25.579166666666666,0,375.23266374438487
31280,3,G32_64_H9,30,24.27916666666667,23.60833333333333,25.20833333333333,0,375.23266374438487
31281,3,G32_64_H9,31,23.84583333333333,23.21666666666667,25.058333333333334,0,375.23266374438487
31282,3,G32_64_H9,32,24.6375,23.65833333333333,25.225,0,375.23266374438487
31283,3,G32_64_H9,33,24.02916666666667,23.129166666666663,24.70833333333333,0,375.23266374438487
31284,3,G32_64_H9,34,23.84583333333333,23.229166666666668,24.73333333333333,0,375.23266374438487
31285,3,G32_64_H9,35,24.0125,23.525,24.641666666666666,0,375.23266374438487
31286,3,GTF_73_H1,-1,34.357142857142854,33.785714285714285,34.871428571428574,1,401.4746543778802
31287,3,GTF_73_H1,0,34.40416666666667,33.7375,35.045833333333334,1,401.4746543778802
31288,3,GTF_73_H1,1,34.354166666666664,33.50833333333333,35.045833333333334,1,401.4746543778802
31289,3,GTF_73_H1,2,33.49166666666667,32.7875,34.25,1,401.4746543778802
31290,3,GTF_73_H1,3,32.5375,31.9375,33.27916666666667,1,401.4746543778802
31291,3,GTF_73_H1,4,31.64583333333333,31.054166666666664,32.45,1,401.4746543778802
31292,3,GTF_73_H1,5,31.0625,30.308333333333334,31.84166666666667,1,401.4746543778802
31293,3,GTF_73_H1,6,30.391666666666666,29.695833333333336,31.10833333333333,1,401.4746543778802
31294,3,GTF_73_H1,7,29.55,29.03333333333333,30.35,1,401.4746543778802
31295,3,GTF_73_H1,8,29.416666666666668,28.92083333333333,30.21666666666667,1,401.4746543778802
31296,3,GTF_73_H1,9,29.225,28.9375,29.96666666666667,1,401.4746543778802
31297,3,GTF_73_H1,10,29.495833333333334,29.1125,30.129166666666663,1,401.4746543778802
31298,3,GTF_73_H1,11,28.46666666666667,28.15833333333333,29.641666666666666,1,401.4746543778802
31299,3,GTF_73_H1,12,27.6,27.275,29.15,1,401.4746543778802
31300,3,GTF_73_H1,13,28.241666666666664,27.175,29.008333333333336,1,401.4746543778802
31301,3,GTF_73_H1,14,27.875,26.9875,28.6625,1,401.4746543778802
31302,3,GTF_73_H1,15,27.808333333333334,26.854166666666668,28.45833333333333,1,401.4746543778802
31303,3,GTF_73_H1,16,27.766666666666666,26.570833333333336,28.1625,1,401.4746543778802
31304,3,GTF_73_H1,17,27.84166666666667,26.7,28.2625,1,401.4746543778802
31305,3,GTF_73_H1,18,27.479166666666668,26.6,27.9875,1,401.4746543778802
31306,3,GTF_73_H1,19,27.35,26.60833333333333,27.95833333333333,1,401.4746543778802
31307,3,GTF_73_H1,20,27.166666666666668,26.558333333333334,27.78333333333333,1,401.4746543778802
31308,3,GTF_73_H1,21,26.54583333333333,26.1875,27.2375,1,401.4746543778802
31309,3,GTF_73_H1,22,25.558333333333334,25.195833333333336,26.4625,1,401.4746543778802
31310,3,GTF_73_H1,23,25.370833333333334,24.891666666666666,26.54583333333333,1,401.4746543778802
31311,3,GTF_73_H1,24,25.195833333333336,24.729166666666668,26.316666666666663,1,401.4746543778802
31312,3,GTF_73_H1,25,25.304166666666664,24.508333333333336,26.40833333333333,1,401.4746543778802
31313,3,GTF_73_H1,26,25.6625,25.04583333333333,26.633333333333336,1,401.4746543778802
31314,3,GTF_73_H1,27,25.4125,24.729166666666668,26.416666666666668,1,401.4746543778802
31315,3,GTF_73_H1,28,25.90416666666667,25.09583333333333,26.754166666666663,1,401.4746543778802
31316,3,GTF_73_H1,29,26.166666666666668,25.504166666666663,26.729166666666668,1,401.4746543778802
31317,3,GTF_73_H1,30,25.883333333333336,25.320833333333336,26.46666666666667,1,401.4746543778802
31318,3,GTF_73_H1,31,25.825,25.46666666666667,26.54583333333333,1,401.4746543778802
31319,3,GTF_73_H1,32,25.566666666666663,25.195833333333336,26.14583333333333,1,401.4746543778802
31320,3,GTF_73_H1,33,25.554166666666664,25.133333333333336,26.15416666666667,1,401.4746543778802
31321,3,GTF_73_H1,34,26.675,26.116666666666664,27.15416666666667,1,401.4746543778802
31322,3,GTF_73_H1,35,27.7875,27.183333333333334,28.258333333333336,1,401.4746543778802
31323,3,GTF_73_H2,-2,30.7375,27.387500000000003,31.262500000000003,1,392.4355207109775
31324,3,GTF_73_H2,-1,33.141666666666666,32.645833333333336,33.800000000000004,1,392.4355207109775
31325,3,GTF_73_H2,0,34.0875,33.3375,34.579166666666666,1,392.4355207109775
31326,3,GTF_73_H2,1,33.84583333333333,33.233333333333334,34.550000000000004,1,392.4355207109775
31327,3,GTF_73_H2,2,33.270833333333336,32.333333333333336,34.020833333333336,1,392.4355207109775
31328,3,GTF_73_H2,3,32.270833333333336,31.445833333333336,33.11666666666667,1,392.4355207109775
31329,3,GTF_73_H2,4,30.7125,30.558333333333334,32.15833333333333,1,392.4355207109775
31330,3,GTF_73_H2,5,30.70833333333333,29.825,31.475,1,392.4355207109775
31331,3,GTF_73_H2,6,29.9625,29.09583333333333,30.808333333333334,1,392.4355207109775
31332,3,GTF_73_H2,7,29.304166666666664,28.54583333333333,30.0625,1,392.4355207109775
31333,3,GTF_73_H2,8,29.34166666666667,28.4,29.78333333333333,1,392.4355207109775
31334,3,GTF_73_H2,9,28.90833333333333,28.42083333333333,29.5625,1,392.4355207109775
31335,3,GTF_73_H2,10,28.991666666666664,28.54583333333333,29.554166666666664,1,392.4355207109775
31336,3,GTF_73_H2,11,28.47083333333333,27.90416666666667,29.191666666666663,1,392.4355207109775
31337,3,GTF_73_H2,12,27.870833333333334,27.375,28.741666666666664,1,392.4355207109775
31338,3,GTF_73_H2,13,27.8125,27.23333333333333,28.625,1,392.4355207109775
31339,3,GTF_73_H2,14,27.59166666666667,26.933333333333334,28.354166666666668,1,392.4355207109775
31340,3,GTF_73_H2,15,27.39583333333333,26.7,28.03333333333333,1,392.4355207109775
31341,3,GTF_73_H2,16,27.4375,26.558333333333334,27.85,1,392.4355207109775
31342,3,GTF_73_H2,17,27.42083333333333,26.64583333333333,27.8375,1,392.4355207109775
31343,3,GTF_73_H2,18,27.2125,26.504166666666663,27.60833333333333,1,392.4355207109775
31344,3,GTF_73_H2,19,27.0875,26.47083333333333,27.504166666666663,1,392.4355207109775
31345,3,GTF_73_H2,20,26.675,26.2875,27.21666666666667,1,392.4355207109775
31346,3,GTF_73_H2,21,26.191666666666663,25.95833333333333,26.754166666666663,1,392.4355207109775
31347,3,GTF_73_H2,22,25.4875,25.229166666666668,26.1,1,392.4355207109775
31348,3,GTF_73_H2,23,25.22083333333333,24.90833333333333,26.0375,1,392.4355207109775
31349,3,GTF_73_H2,24,24.933333333333334,24.675,25.741666666666664,1,392.4355207109775
31350,3,GTF_73_H2,25,25.02916666666667,24.479166666666668,25.825,1,392.4355207109775
31351,3,GTF_73_H2,26,25.491666666666664,24.891666666666666,26.058333333333334,1,392.4355207109775
31352,3,GTF_73_H2,27,25.325,24.60833333333333,26.041666666666668,1,392.4355207109775
31353,3,GTF_73_H2,28,25.741666666666664,24.933333333333334,26.254166666666663,1,392.4355207109775
31354,3,GTF_73_H2,29,26.03333333333333,25.366666666666664,26.47083333333333,1,392.4355207109775
31355,3,GTF_73_H2,30,25.570833333333336,25.129166666666663,26.0,1,392.4355207109775
31356,3,GTF_73_H2,31,25.53333333333333,25.054166666666664,26.09166666666667,1,392.4355207109775
31357,3,GTF_73_H2,32,25.366666666666664,24.98333333333333,25.766666666666666,1,392.4355207109775
31358,3,GTF_73_H2,33,25.195833333333336,24.8375,25.84166666666667,1,392.4355207109775
31359,3,GTF_73_H2,34,26.27083333333333,25.775,26.729166666666668,1,392.4355207109775
31360,3,GTF_73_H2,35,27.4625,26.854166666666668,27.9375,1,392.4355207109775
31361,3,GTF_73_H3,-1,34.357142857142854,33.785714285714285,34.871428571428574,0,378.7083502004537
31362,3,GTF_73_H3,0,34.40416666666667,33.7375,35.045833333333334,0,378.7083502004537
31363,3,GTF_73_H3,1,34.354166666666664,33.50833333333333,35.045833333333334,0,378.7083502004537
31364,3,GTF_73_H3,2,33.49166666666667,32.7875,34.25,0,378.7083502004537
31365,3,GTF_73_H3,3,32.5375,31.9375,33.27916666666667,0,378.7083502004537
31366,3,GTF_73_H3,4,31.64583333333333,31.054166666666664,32.45,0,378.7083502004537
31367,3,GTF_73_H3,5,31.0625,30.308333333333334,31.84166666666667,0,378.7083502004537
31368,3,GTF_73_H3,6,30.391666666666666,29.695833333333336,31.10833333333333,0,378.7083502004537
31369,3,GTF_73_H3,7,29.55,29.03333333333333,30.35,0,378.7083502004537
31370,3,GTF_73_H3,8,29.416666666666668,28.92083333333333,30.21666666666667,0,378.7083502004537
31371,3,GTF_73_H3,9,29.225,28.9375,29.96666666666667,0,378.7083502004537
31372,3,GTF_73_H3,10,29.495833333333334,29.1125,30.129166666666663,0,378.7083502004537
31373,3,GTF_73_H3,11,28.46666666666667,28.15833333333333,29.641666666666666,0,378.7083502004537
31374,3,GTF_73_H3,12,27.6,27.275,29.15,0,378.7083502004537
31375,3,GTF_73_H3,13,28.241666666666664,27.175,29.008333333333336,0,378.7083502004537
31376,3,GTF_73_H3,14,27.875,26.9875,28.6625,0,378.7083502004537
31377,3,GTF_73_H3,15,27.808333333333334,26.854166666666668,28.45833333333333,0,378.7083502004537
31378,3,GTF_73_H3,16,27.766666666666666,26.570833333333336,28.1625,0,378.7083502004537
31379,3,GTF_73_H3,17,27.84166666666667,26.7,28.2625,0,378.7083502004537
31380,3,GTF_73_H3,18,27.479166666666668,26.6,27.9875,0,378.7083502004537
31381,3,GTF_73_H3,19,27.35,26.60833333333333,27.95833333333333,0,378.7083502004537
31382,3,GTF_73_H3,20,27.166666666666668,26.558333333333334,27.78333333333333,0,378.7083502004537
31383,3,GTF_73_H3,21,26.54583333333333,26.1875,27.2375,0,378.7083502004537
31384,3,GTF_73_H3,22,25.558333333333334,25.195833333333336,26.4625,0,378.7083502004537
31385,3,GTF_73_H3,23,25.370833333333334,24.891666666666666,26.54583333333333,0,378.7083502004537
31386,3,GTF_73_H3,24,25.195833333333336,24.729166666666668,26.316666666666663,0,378.7083502004537
31387,3,GTF_73_H3,25,25.304166666666664,24.508333333333336,26.40833333333333,0,378.7083502004537
31388,3,GTF_73_H3,26,25.6625,25.04583333333333,26.633333333333336,0,378.7083502004537
31389,3,GTF_73_H3,27,25.4125,24.729166666666668,26.416666666666668,0,378.7083502004537
31390,3,GTF_73_H3,28,25.90416666666667,25.09583333333333,26.754166666666663,0,378.7083502004537
31391,3,GTF_73_H3,29,26.166666666666668,25.504166666666663,26.729166666666668,0,378.7083502004537
31392,3,GTF_73_H3,30,25.883333333333336,25.320833333333336,26.46666666666667,0,378.7083502004537
31393,3,GTF_73_H3,31,25.825,25.46666666666667,26.54583333333333,0,378.7083502004537
31394,3,GTF_73_H3,32,25.566666666666663,25.195833333333336,26.14583333333333,0,378.7083502004537
31395,3,GTF_73_H3,33,25.554166666666664,25.133333333333336,26.15416666666667,0,378.7083502004537
31396,3,GTF_73_H3,34,26.675,26.116666666666664,27.15416666666667,0,378.7083502004537
31397,3,GTF_73_H3,35,27.7875,27.183333333333334,28.258333333333336,0,378.7083502004537
