Bin,Count,Count (%),Non-event,Event,Event rate,WoE,IV,JS,feature,MORTALITY_RATE,Age_interval
"(-inf, -16.20)",37,0.05131761442441054,28,9,0.24324324324324326,-0.49625263942253617,0.014806537278214082,0.0018320565247649393,water_per_diff,0.0010337063934985028,13 - 15日龄
"[-16.20, -5.44)",153,0.21220527045769763,127,26,0.16993464052287582,-0.04514202382441157,0.0004390235332727972,5.48732825339706e-05,water_per_diff,0.0009622604188513992,13 - 15日龄
"[-5.44, 0.68)",124,0.17198335644937587,109,15,0.12096774193548387,0.352065108865413,0.018886254048110885,0.002348664381965491,water_per_diff,0.0008978206137859121,13 - 15日龄
"[0.68, 3.09)",41,0.056865464632454926,40,1,0.024390243902439025,2.0576468818524156,0.11905630340650414,0.012711065949659966,water_per_diff,0.0007783619142297366,13 - 15日龄
"[3.09, 11.93)",189,0.2621359223300971,156,33,0.1746031746031746,-0.07788412647846377,0.0016320267670038178,0.00020395180019729727,water_per_diff,0.0009880007067177656,13 - 15日龄
"[11.93, inf)",177,0.24549237170596394,143,34,0.192090395480226,-0.19474846661777478,0.009929834399883174,0.001239271509614382,water_per_diff,0.000968038069468291,13 - 15日龄
Special,0,0.0,0,0,0.0,0.0,0.0,0.0,water_per_diff,,13 - 15日龄
Missing,0,0.0,0,0,0.0,0.0,0.0,0.0,water_per_diff,,13 - 15日龄
,721,1.0,603,118,0.1636615811373093,,0.16474997943298889,0.018389883448736048,water_per_diff,,13 - 15日龄
"(-inf, 4.18)",300,0.4160887656033287,242,58,0.19333333333333333,-0.20273785665125343,0.018286695955079767,0.002281930274880304,water_per_shift_diff,0.0009834127126499203,13 - 15日龄
"[4.18, 5.72)",50,0.06934812760055478,43,7,0.14,0.1840573943767283,0.002206495171084537,0.00027542323323181397,water_per_shift_diff,0.000854269402986548,13 - 15日龄
"[5.72, 6.66)",41,0.056865464632454926,40,1,0.024390243902439025,2.0576468818524156,0.11905630340650414,0.012711065949659966,water_per_shift_diff,0.0008341008385480245,13 - 15日龄
"[6.66, 12.18)",190,0.2635228848821082,163,27,0.14210526315789473,0.16668076254091257,0.006917506981804463,0.0008636887951050717,water_per_shift_diff,0.0009602746642307301,13 - 15日龄
"[12.18, 13.39)",38,0.052704576976421634,32,6,0.15789473684210525,0.042743861310150955,9.491427167838528e-05,1.1863380855051792e-05,water_per_shift_diff,0.0009008722263220316,13 - 15日龄
"[13.39, inf)",102,0.14147018030513175,83,19,0.18627450980392157,-0.1568309436313633,0.0036654279346060143,0.0004577095129853128,water_per_shift_diff,0.0009624480193458608,13 - 15日龄
Special,0,0.0,0,0,0.0,0.0,0.0,0.0,water_per_shift_diff,,13 - 15日龄
Missing,0,0.0,0,0,0.0,0.0,0.0,0.0,water_per_shift_diff,,13 - 15日龄
,721,1.0,603,118,0.1636615811373093,,0.1502273437207573,0.01660168114671752,water_per_shift_diff,,13 - 15日龄
"(-inf, -17.70)",41,0.056865464632454926,30,11,0.2682926829268293,-0.6279304633977358,0.027295569093644726,0.0033569734760309933,water_per_diff_前1天,0.0010469204059165096,13 - 15日龄
"[-17.70, -13.60)",38,0.052704576976421634,37,1,0.02631578947368421,1.9796853403827037,0.10469623543103851,0.011296988359605265,water_per_diff_前1天,0.0008452813766922264,13 - 15日龄
"[-13.60, -11.21)",39,0.05409153952843273,36,3,0.07692307692307693,0.8536740775264797,0.029262038326546412,0.0035505826829115746,water_per_diff_前1天,0.0007765675626898103,13 - 15日龄
"[-11.21, 2.16)",362,0.5020804438280166,307,55,0.15193370165745856,0.0882819900932057,0.0037978352822793187,0.0004745753076995374,water_per_diff_前1天,0.0009401690427861431,13 - 15日龄
"[2.16, 4.19)",45,0.06241331484049931,38,7,0.15555555555555556,0.0604434384095518,0.00022341153416128586,2.7922191433210424e-05,water_per_diff_前1天,0.00104143268532398,13 - 15日龄
"[4.19, inf)",196,0.27184466019417475,155,41,0.20918367346938777,-0.3013795220465818,0.027247582220615307,0.0033931159953595816,water_per_diff_前1天,0.0009910929534294856,13 - 15日龄
Special,0,0.0,0,0,0.0,0.0,0.0,0.0,water_per_diff_前1天,,13 - 15日龄
Missing,0,0.0,0,0,0.0,0.0,0.0,0.0,water_per_diff_前1天,,13 - 15日龄
,721,1.0,603,118,0.1636615811373093,,0.19252267188828556,0.02210015801304016,water_per_diff_前1天,,13 - 15日龄
"(-inf, -16.23)",56,0.07766990291262135,43,13,0.23214285714285715,-0.434981814029495,0.016903121620591308,0.002096388783828552,water_per_diff_前2天,0.0009657949771488339,13 - 15日龄
"[-16.23, -12.55)",50,0.06934812760055478,42,8,0.16,0.02699550434201181,5.008020031404497e-05,6.259834961233558e-06,water_per_diff_前2天,0.000970524165828646,13 - 15日龄
"[-12.55, -10.53)",42,0.05825242718446602,40,2,0.047619047619047616,1.3644997012924702,0.06738696278974816,0.007825263955526391,water_per_diff_前2天,0.0008562296234371381,13 - 15日龄
"[-10.53, -4.27)",195,0.27045769764216365,168,27,0.13846153846153847,0.196894541137409,0.00980404979691712,0.0012235304803176854,water_per_diff_前2天,0.0009022119299892072,13 - 15日龄
"[-4.27, 8.34)",339,0.47018030513176146,281,58,0.1710914454277286,-0.0533209134741941,0.0013608620579185565,0.00017008760857341668,water_per_diff_前2天,0.0009783995435850472,13 - 15日龄
"[8.34, inf)",37,0.05131761442441054,27,10,0.2702702702702703,-0.6379807992512373,0.025499864983985706,0.003134502814751963,water_per_diff_前2天,0.0010673297788735432,13 - 15日龄
Special,0,0.0,0,0,0.0,0.0,0.0,0.0,water_per_diff_前2天,,13 - 15日龄
Missing,2,0.0027739251040221915,2,0,0.0,0.0,0.0,0.0,water_per_diff_前2天,0.0005590512322259499,13 - 15日龄
,721,1.0,603,118,0.1636615811373093,,0.1210049414494749,0.014456033477959242,water_per_diff_前2天,,13 - 15日龄
"(-inf, -11.61)",105,0.14563106796116504,83,22,0.20952380952380953,-0.30343441782323866,0.014806255427414962,0.00184371420414642,water_per_diff_前3天,0.0009678083827554372,13 - 15日龄
"[-11.61, 0.73)",389,0.5395284327323162,323,66,0.16966580976863754,-0.04323499106528961,0.0010232414896414468,0.0001278952251104271,water_per_diff_前3天,0.0009717646010302262,13 - 15日龄
"[0.73, 2.23)",41,0.056865464632454926,36,5,0.12195121951219512,0.3428484537604892,0.005941087549353274,0.0007390199706429597,water_per_diff_前3天,0.0009627467149518781,13 - 15日龄
"[2.23, 3.94)",51,0.07073509015256588,50,1,0.0196078431372549,2.2807904331666253,0.16979153560563867,0.017563344108329864,water_per_diff_前3天,0.0007546614570448646,13 - 15日龄
"[3.94, 8.25)",91,0.1262135922330097,75,16,0.17582417582417584,-0.08633318096499143,0.0009682361976847839,0.00012099195189358043,water_per_diff_前3天,0.0009492787579221736,13 - 15日龄
"[8.25, inf)",37,0.05131761442441054,29,8,0.21621621621621623,-0.34337828395488246,0.006765836834257318,0.0008415989945020127,water_per_diff_前3天,0.0010389741066683298,13 - 15日龄
Special,0,0.0,0,0,0.0,0.0,0.0,0.0,water_per_diff_前3天,,13 - 15日龄
Missing,7,0.009708737864077669,7,0,0.0,0.0,0.0,0.0,water_per_diff_前3天,0.0006239112245837428,13 - 15日龄
,721,1.0,603,118,0.1636615811373093,,0.19929619310399044,0.021236564454625264,water_per_diff_前3天,,13 - 15日龄
"(-inf, -3.61)",226,0.31345353675450766,181,45,0.19911504424778761,-0.23939803076601462,0.01943674879466039,0.0024238083634481322,water_per_diff_前5天,0.0010142082029592978,13 - 15日龄
"[-3.61, 0.35)",161,0.22330097087378642,140,21,0.13043478260869565,0.26588741262436066,0.014412791276557308,0.0017963106791671606,water_per_diff_前5天,0.0009355979349073875,13 - 15日龄
"[0.35, 1.38)",47,0.0651872399445215,45,2,0.0425531914893617,1.4822827369488536,0.08549467847820354,0.009804731887327679,water_per_diff_前5天,0.0007038966187156404,13 - 15日龄
"[1.38, 2.60)",44,0.06102635228848821,39,5,0.11363636363636363,0.4228911614340256,0.009432052635070387,0.0011702989789504105,water_per_diff_前5天,0.0009360518964466069,13 - 15日龄
"[2.60, 6.05)",95,0.1317614424410541,78,17,0.17894736842105263,-0.1077370896281451,0.0015853041689949674,0.00019806723780428507,water_per_diff_前5天,0.0009520797755455568,13 - 15日龄
"[6.05, inf)",117,0.1622746185852982,94,23,0.19658119658119658,-0.22343200592066625,0.008720109627592131,0.0010877520347451607,water_per_diff_前5天,0.000995140283472387,13 - 15日龄
Special,0,0.0,0,0,0.0,0.0,0.0,0.0,water_per_diff_前5天,,13 - 15日龄
Missing,31,0.04299583911234397,26,5,0.16129032258064516,0.017426053325861002,1.2980026790772604e-05,1.6224828199364353e-06,water_per_diff_前5天,0.0008322486886081451,13 - 15日龄
,721,1.0,603,118,0.1636615811373093,,0.1390946650078695,0.016482591664262764,water_per_diff_前5天,,13 - 15日龄
"(-inf, -3.62)",57,0.07905686546463246,46,11,0.19298245614035087,-0.200486448570796,0.0033952577582119004,0.00042369785478999725,water_per_diff_前7天,0.0010013405140345737,13 - 15日龄
"[-3.62, -1.29)",59,0.08183079056865465,55,4,0.06779661016949153,0.9898062518510597,0.05672808127510219,0.006815020097878641,water_per_diff_前7天,0.0007946368216036695,13 - 15日龄
"[-1.29, -0.48)",37,0.05131761442441054,32,5,0.13513513513513514,0.2250654181041054,0.002407099856328869,0.00030025403245232014,water_per_diff_前7天,0.0008524040561717892,13 - 15日龄
"[-0.48, 2.63)",295,0.4091539528432732,247,48,0.16271186440677965,0.006954753458565666,1.9743938480341908e-05,2.4679873361889643e-06,water_per_diff_前7天,0.0009830080281827062,13 - 15日龄
"[2.63, inf)",208,0.2884882108183079,165,43,0.20673076923076922,-0.2864872140545023,0.026005859341400782,0.0032396610213305914,water_per_diff_前7天,0.0010030200051027688,13 - 15日龄
Special,0,0.0,0,0,0.0,0.0,0.0,0.0,water_per_diff_前7天,,13 - 15日龄
Missing,65,0.09015256588072122,58,7,0.1076923076923077,0.48330028922958546,0.017816238843202103,0.002205605375089525,water_per_diff_前7天,0.0008103997826755169,13 - 15日龄
,721,1.0,603,118,0.1636615811373093,,0.1063722810127262,0.012986706368877263,water_per_diff_前7天,,13 - 15日龄
"(-inf, -8.46)",56,0.07766990291262135,51,5,0.08928571428571429,0.6911551480287046,0.029169672956266695,0.003575325319546966,water_per_shift_diff_前1天,0.0008684838454693125,13 - 15日龄
"[-8.46, -0.97)",243,0.33703190013869627,204,39,0.16049382716049382,0.02332577545304937,0.0001819406551485844,2.274206632208505e-05,water_per_shift_diff_前1天,0.0009543492804640831,13 - 15日龄
"[-0.97, 1.85)",99,0.13730929264909847,81,18,0.18181818181818182,-0.12715517548524646,0.0023160062319599714,0.00028930590421093194,water_per_shift_diff_前1天,0.0009377056584837162,13 - 15日龄
"[1.85, 3.07)",37,0.05131761442441054,25,12,0.32432432432432434,-0.8972633971813203,0.05404715012956601,0.006538013725666899,water_per_shift_diff_前1天,0.0011860704755243083,13 - 15日龄
"[3.07, 15.15)",224,0.3106796116504854,185,39,0.17410714285714285,-0.0744383933128423,0.0017648701340580322,0.00022055784713150787,water_per_shift_diff_前1天,0.000987514471687333,13 - 15日龄
"[15.15, inf)",60,0.08321775312066575,55,5,0.08333333333333333,0.76666270053685,0.037442067689315475,0.004568902677613446,water_per_shift_diff_前1天,0.0007868277449395117,13 - 15日龄
Special,0,0.0,0,0,0.0,0.0,0.0,0.0,water_per_shift_diff_前1天,,13 - 15日龄
Missing,2,0.0027739251040221915,2,0,0.0,0.0,0.0,0.0,water_per_shift_diff_前1天,0.0005590512322259499,13 - 15日龄
,721,1.0,603,118,0.1636615811373093,,0.12492170779631477,0.015214847540491835,water_per_shift_diff_前1天,,13 - 15日龄
"(-inf, -4.67)",188,0.260748959778086,157,31,0.16489361702127658,-0.00897397139835876,2.1062107872023823e-05,2.632754649797321e-06,water_per_shift_diff_前2天,0.00092495420448529,13 - 15日龄
"[-4.67, -3.64)",37,0.05131761442441054,31,6,0.16216216216216217,0.010995162995570462,6.181051238480216e-06,7.726275129085638e-07,water_per_shift_diff_前2天,0.0010430725182421297,13 - 15日龄
"[-3.64, 0.78)",216,0.29958391123439665,184,32,0.14814814814814814,0.11796728254773847,0.00400552259374506,0.0005004002033024355,water_per_shift_diff_前2天,0.0009276193234217365,13 - 15日龄
"[0.78, 1.83)",38,0.052704576976421634,37,1,0.02631578947368421,1.9796853403827037,0.10469623543103851,0.011296988359605265,water_per_shift_diff_前2天,0.0007436516192900447,13 - 15日龄
"[1.83, 10.40)",198,0.27461858529819694,159,39,0.19696969696969696,-0.2258900161709354,0.015095525576816458,0.0018829390879073794,water_per_shift_diff_前2天,0.0010118965747300055,13 - 15日龄
"[10.40, inf)",37,0.05131761442441054,28,9,0.24324324324324326,-0.49625263942253617,0.014806537278214082,0.0018320565247649393,water_per_shift_diff_前2天,0.0011069712898159135,13 - 15日龄
Special,0,0.0,0,0,0.0,0.0,0.0,0.0,water_per_shift_diff_前2天,,13 - 15日龄
Missing,7,0.009708737864077669,7,0,0.0,0.0,0.0,0.0,water_per_shift_diff_前2天,0.0006239112245837428,13 - 15日龄
,721,1.0,603,118,0.1636615811373093,,0.1386310640389246,0.015515789557742726,water_per_shift_diff_前2天,,13 - 15日龄
"(-inf, -4.13)",178,0.24687933425797504,149,29,0.16292134831460675,0.005417903697464421,7.233617945008344e-06,9.042011372386769e-07,water_per_shift_diff_前3天,0.0009487576279322146,13 - 15日龄
"[-4.13, -1.60)",93,0.1289875173370319,78,15,0.16129032258064516,0.017426053325861002,3.894008037231781e-05,4.867448459830665e-06,water_per_shift_diff_前3天,0.0009348688004051054,13 - 15日龄
"[-1.60, -0.56)",43,0.059639389736477116,41,2,0.046511627906976744,1.389192313882842,0.07091022969927877,0.00821341731742319,water_per_shift_diff_前3天,0.0008240137494527162,13 - 15日龄
"[-0.56, 0.12)",37,0.05131761442441054,34,3,0.08108108108108109,0.7965156636865309,0.02466093272481417,0.0030036282343019662,water_per_shift_diff_前3天,0.0008611465988303055,13 - 15日龄
"[0.12, 11.30)",312,0.43273231622746183,258,54,0.17307692307692307,-0.06725703390417759,0.0020020012621784927,0.000250203001406807,water_per_shift_diff_前3天,0.0009571098947813462,13 - 15日龄
"[11.30, inf)",41,0.056865464632454926,29,12,0.2926829268292683,-0.7488433920630468,0.04013953814723644,0.004903399815892273,water_per_shift_diff_前3天,0.0012284329465117659,13 - 15日龄
Special,0,0.0,0,0,0.0,0.0,0.0,0.0,water_per_shift_diff_前3天,,13 - 15日龄
Missing,17,0.023578363384188627,14,3,0.17647058823529413,-0.09078753131437178,0.00020032102786008392,2.5031532435413045e-05,water_per_shift_diff_前3天,0.0008641022076803941,13 - 15日龄
,721,1.0,603,118,0.1636615811373093,,0.1379591965596853,0.01640145155105672,water_per_shift_diff_前3天,,13 - 15日龄
"(-inf, 2.84)",457,0.6338418862690708,376,81,0.1772428884026258,-0.09609258354406491,0.006043431308987397,0.0007551384032496253,water_per_shift_diff_前5天,0.0009732433937441346,13 - 15日龄
"[2.84, 5.13)",75,0.10402219140083217,65,10,0.13333333333333333,0.2405696046400707,0.0055447923041531885,0.00069143251650853,water_per_shift_diff_前5天,0.0009257438741827721,13 - 15日龄
"[5.13, 6.56)",38,0.052704576976421634,36,2,0.05263157894736842,1.2591391856346439,0.05383114656520486,0.006316881751272863,water_per_shift_diff_前5天,0.0007842779405765659,13 - 15日龄
"[6.56, inf)",103,0.14285714285714285,84,19,0.18446601941747573,-0.14485475258464753,0.003145298827097282,0.0003928189766918026,water_per_shift_diff_前5天,0.0010062327046765564,13 - 15日龄
Special,0,0.0,0,0,0.0,0.0,0.0,0.0,water_per_shift_diff_前5天,,13 - 15日龄
Missing,48,0.06657420249653259,42,6,0.125,0.3146775767937926,0.0059172864174901535,0.0007366240540181311,water_per_shift_diff_前5天,0.0008154769848698751,13 - 15日龄
,721,1.0,603,118,0.1636615811373093,,0.07448195542293287,0.008892895701740951,water_per_shift_diff_前5天,,13 - 15日龄
"(-inf, -1.68)",43,0.059639389736477116,30,13,0.3023255813953488,-0.7949845480609019,0.04803157337765716,0.00585067559755665,water_per_shift_diff_前7天,0.0011231360722486722,13 - 15日龄
"[-1.68, 0.16)",232,0.3217753120665742,193,39,0.16810344827586207,-0.03210402948628155,0.0003352347571226808,4.190254517071881e-05,water_per_shift_diff_前7天,0.000991285856686534,13 - 15日龄
"[0.16, 1.03)",72,0.09986130374479889,68,4,0.05555555555555555,1.2019807717946955,0.09480164279326292,0.01118469647920169,water_per_shift_diff_前7天,0.0008449777855334348,13 - 15日龄
"[1.03, 2.43)",45,0.06241331484049931,38,7,0.15555555555555556,0.0604434384095518,0.00022341153416128586,2.7922191433210424e-05,water_per_shift_diff_前7天,0.0009491047408645067,13 - 15日龄
"[2.43, inf)",244,0.33841886269070737,199,45,0.18442622950819673,-0.1445902373073482,0.007423168576379992,0.0009270886281972281,water_per_shift_diff_前7天,0.0009557359506815578,13 - 15日龄
Special,0,0.0,0,0,0.0,0.0,0.0,0.0,water_per_shift_diff_前7天,,13 - 15日龄
Missing,85,0.11789181692094314,75,10,0.11764705882352941,0.38367044828074404,0.01520576024048822,0.0018891471756239953,water_per_shift_diff_前7天,0.0008443481338887905,13 - 15日龄
,721,1.0,603,118,0.1636615811373093,,0.16602079127907224,0.019921432617183495,water_per_shift_diff_前7天,,13 - 15日龄
"(-inf, 13.61)",506,0.6828609986504723,420,86,0.16996047430830039,-0.09825404360613055,0.0068167977839839605,0.0008517571363169385,water_per_diff,0.0010164512774406408,16 - 18日龄
"[13.61, 16.02)",55,0.07422402159244265,48,7,0.12727272727272726,0.24112940322254084,0.003967825904061944,0.0004947801430330474,water_per_diff,0.0009451529875973127,16 - 18日龄
"[16.02, 18.67)",54,0.0728744939271255,51,3,0.05555555555555555,1.1490518854261793,0.06404577474492677,0.007592465516935461,water_per_diff,0.0008498388865183574,16 - 18日龄
"[18.67, 25.29)",83,0.11201079622132254,71,12,0.14457831325301204,0.09361176862327825,0.0009503208511273509,0.00011874675134119009,water_per_diff,0.0009654451951161349,16 - 18日龄
"[25.29, inf)",43,0.058029689608636977,35,8,0.18604651162790697,-0.2082549388204591,0.002700132999879056,0.0003369080221910727,water_per_diff,0.0010948139361844698,16 - 18日龄
Special,0,0.0,0,0,0.0,0.0,0.0,0.0,water_per_diff,,16 - 18日龄
Missing,0,0.0,0,0,0.0,0.0,0.0,0.0,water_per_diff,,16 - 18日龄
,741,1.0,625,116,0.15654520917678813,,0.0784808522839791,0.00939465756981771,water_per_diff,,16 - 18日龄
"(-inf, -16.82)",38,0.05128205128205128,30,8,0.21052631578947367,-0.36240561864771736,0.007598021246131453,0.0009445891128215724,water_per_shift_diff,0.0010014834131375659,16 - 18日龄
"[-16.82, -1.05)",406,0.5479082321187584,341,65,0.16009852216748768,-0.026666251242157157,0.0003931892769360828,4.9147203457604316e-05,water_per_shift_diff,0.0010051770660303785,16 - 18日龄
"[-1.05, 1.56)",104,0.14035087719298245,88,16,0.15384615384615385,0.020586633608388416,5.90623419385491e-05,7.382662374364347e-06,water_per_shift_diff,0.0010588703951588485,16 - 18日龄
"[1.56, 2.38)",38,0.05128205128205128,36,2,0.05263157894736842,1.2062102992661277,0.048680983940037094,0.005741134527144581,water_per_shift_diff,0.0007592442951411948,16 - 18日龄
"[2.38, 4.72)",58,0.07827260458839407,49,9,0.15517241379310345,0.010434262144370487,8.491330572659951e-06,1.0614115065853537e-06,water_per_shift_diff,0.0009255649938319587,16 - 18日龄
"[4.72, inf)",97,0.13090418353576247,81,16,0.16494845360824742,-0.06230102619737932,0.0005190319975616168,6.486850912656734e-05,water_per_shift_diff,0.001037043077976069,16 - 18日龄
Special,0,0.0,0,0,0.0,0.0,0.0,0.0,water_per_shift_diff,,16 - 18日龄
Missing,0,0.0,0,0,0.0,0.0,0.0,0.0,water_per_shift_diff,,16 - 18日龄
,741,1.0,625,116,0.15654520917678813,,0.05725878013317746,0.006808183426431275,water_per_shift_diff,,16 - 18日龄
"(-inf, -0.31)",93,0.12550607287449392,76,17,0.1827956989247312,-0.18664146239992174,0.004657026282502873,0.0005812848184289952,water_per_diff_前1天,0.00106387307412037,16 - 18日龄
"[-0.31, 4.00)",49,0.06612685560053981,48,1,0.02040816326530612,2.187039552277854,0.14911084837116456,0.01563397601102728,water_per_diff_前1天,0.0008113773750486122,16 - 18日龄
"[4.00, 11.03)",195,0.2631578947368421,172,23,0.11794871794871795,0.3278388022542662,0.025218717243752325,0.0031382980830788852,water_per_diff_前1天,0.0009121535355603417,16 - 18日龄
"[11.03, 24.47)",334,0.4507422402159244,273,61,0.18263473053892215,-0.18556352761838824,0.016526671694233556,0.0020628751153517755,water_per_diff_前1天,0.0010475396963742082,16 - 18日龄
"[24.47, inf)",70,0.09446693657219973,56,14,0.2,-0.2978670975101463,0.009260585348798206,0.0011533126692157177,water_per_diff_前1天,0.0010423160818792943,16 - 18日龄
Special,0,0.0,0,0,0.0,0.0,0.0,0.0,water_per_diff_前1天,,16 - 18日龄
Missing,0,0.0,0,0,0.0,0.0,0.0,0.0,water_per_diff_前1天,,16 - 18日龄
,741,1.0,625,116,0.15654520917678813,,0.2047738489404515,0.022569746697102655,water_per_diff_前1天,,16 - 18日龄
"(-inf, -3.83)",92,0.1241565452091768,75,17,0.18478260869565216,-0.19988668914994245,0.005307336229153643,0.0006623147877852821,water_per_diff_前2天,0.0010206613236206088,16 - 18日龄
"[-3.83, 13.73)",380,0.5128205128205128,320,60,0.15789473684210525,-0.010185025058365271,5.338357961626033e-05,6.672918609887694e-06,water_per_diff_前2天,0.0009893153161817814,16 - 18日龄
"[13.73, 15.80)",54,0.0728744939271255,51,3,0.05555555555555555,1.1490518854261793,0.06404577474492677,0.007592465516935461,water_per_diff_前2天,0.0009085053807226889,16 - 18日龄
"[15.80, 18.36)",57,0.07692307692307693,51,6,0.10526315789473684,0.4559047048662339,0.013620546079176045,0.0016879749230654748,water_per_diff_前2天,0.0009428277787657227,16 - 18日龄
"[18.36, 24.79)",106,0.14304993252361672,86,20,0.18867924528301888,-0.22554643593052015,0.007852126955705283,0.0009794406933027276,water_per_diff_前2天,0.0010695347306062086,16 - 18日龄
"[24.79, inf)",43,0.058029689608636977,33,10,0.23255813953488372,-0.4902389901576023,0.016377363229816734,0.0020269134046281114,water_per_diff_前2天,0.0010617439788619186,16 - 18日龄
Special,0,0.0,0,0,0.0,0.0,0.0,0.0,water_per_diff_前2天,,16 - 18日龄
Missing,9,0.012145748987854251,9,0,0.0,0.0,0.0,0.0,water_per_diff_前2天,0.0008601336243571333,16 - 18日龄
,741,1.0,625,116,0.15654520917678813,,0.10725653081839474,0.012955782244326943,water_per_diff_前2天,,16 - 18日龄
"(-inf, -15.51)",47,0.06342780026990553,38,9,0.19148936170212766,-0.24379987623987054,0.0040924751639161705,0.0005102962211828562,water_per_diff_前3天,0.0010287141095163786,16 - 18日龄
"[-15.51, -0.40)",240,0.32388663967611336,199,41,0.17083333333333334,-0.10442870060985232,0.003660045906891504,0.00045729796573996603,water_per_diff_前3天,0.0009866146447395628,16 - 18日龄
"[-0.40, 2.34)",50,0.06747638326585695,49,1,0.02,2.2076588394805894,0.15404891129561799,0.016104216870564736,water_per_diff_前3天,0.000849963959861228,16 - 18日龄
"[2.34, 16.31)",286,0.38596491228070173,244,42,0.14685314685314685,0.07533714837979666,0.0021343793485807255,0.0002667343423741709,water_per_diff_前3天,0.0010223178101167172,16 - 18日龄
"[16.31, 20.21)",49,0.06612685560053981,41,8,0.16326530612244897,-0.050030933605564876,0.00016837996965183216,2.1045301319996433e-05,water_per_diff_前3天,0.0009920911386755468,16 - 18日龄
"[20.21, inf)",57,0.07692307692307693,42,15,0.2631578947368421,-0.6545420414488785,0.04065383189854209,0.004992914475602793,water_per_diff_前3天,0.0010761605337887526,16 - 18日龄
Special,0,0.0,0,0,0.0,0.0,0.0,0.0,water_per_diff_前3天,,16 - 18日龄
Missing,12,0.016194331983805668,12,0,0.0,0.0,0.0,0.0,water_per_diff_前3天,0.0007863521027592583,16 - 18日龄
,741,1.0,625,116,0.15654520917678813,,0.20475802358320033,0.02235250517678452,water_per_diff_前3天,,16 - 18日龄
"(-inf, -12.73)",97,0.13090418353576247,83,14,0.14432989690721648,0.09562181955130256,0.0011580132078074967,0.0001446965286171606,water_per_diff_前5天,0.0009833500284227577,16 - 18日龄
"[-12.73, -7.79)",116,0.15654520917678813,102,14,0.1206896551724138,0.3017540250389754,0.012827667657518941,0.00159740253212819,water_per_diff_前5天,0.00095598651823825,16 - 18日龄
"[-7.79, -6.49)",43,0.058029689608636977,41,2,0.046511627906976744,1.3362634275143257,0.06461985623262381,0.007525521556621453,water_per_diff_前5天,0.0008587776650086465,16 - 18日龄
"[-6.49, -3.86)",84,0.11336032388663968,71,13,0.15476190476190477,0.013569060949741862,2.0774700212708367e-05,2.596817604757064e-06,water_per_diff_前5天,0.0010077046573675763,16 - 18日龄
"[-3.86, 4.12)",253,0.34143049932523617,207,46,0.18181818181818182,-0.1800840618537627,0.011768803931905224,0.0014691158681616884,water_per_diff_前5天,0.0010384702636002134,16 - 18日龄
"[4.12, inf)",129,0.17408906882591094,103,26,0.20155038759689922,-0.30752900842188313,0.018248135092840574,0.0022720706308461264,water_per_diff_前5天,0.0010362287272747412,16 - 18日龄
Special,0,0.0,0,0,0.0,0.0,0.0,0.0,water_per_diff_前5天,,16 - 18日龄
Missing,19,0.02564102564102564,18,1,0.05263157894736842,1.2062102992661277,0.024340491970018547,0.0028705672635722904,water_per_diff_前5天,0.0007972373067995158,16 - 18日龄
,741,1.0,625,116,0.15654520917678813,,0.1329837427929273,0.015881971197551664,water_per_diff_前5天,,16 - 18日龄
"(-inf, -2.24)",330,0.44534412955465585,280,50,0.15151515151515152,0.038605139111066666,0.0006549561531946507,8.186443557846399e-05,water_per_diff_前7天,0.0010045163204376467,16 - 18日龄
"[-2.24, -0.80)",65,0.08771929824561403,62,3,0.046153846153846156,1.3443606377469448,0.09859262773655872,0.011472537191448029,water_per_diff_前7天,0.0008330045281709108,16 - 18日龄
"[-0.80, 7.24)",263,0.3549257759784076,216,47,0.17870722433460076,-0.15903065265593064,0.009473839845806376,0.0011829836373569817,water_per_diff_前7天,0.0010145073443096064,16 - 18日龄
"[7.24, inf)",49,0.06612685560053981,35,14,0.2857142857142857,-0.7678707267558817,0.04967329253082877,0.006060976477847544,water_per_diff_前7天,0.0012467261560281755,16 - 18日龄
Special,0,0.0,0,0,0.0,0.0,0.0,0.0,water_per_diff_前7天,,16 - 18日龄
Missing,34,0.04588394062078273,32,2,0.058823529411764705,1.0884272636097443,0.03696148859320264,0.004404833968076741,water_per_diff_前7天,0.0007608034632658647,16 - 18日龄
,741,1.0,625,116,0.15654520917678813,,0.19535620485959115,0.02320319571030776,water_per_diff_前7天,,16 - 18日龄
"(-inf, 0.39)",270,0.3643724696356275,223,47,0.17407407407407408,-0.12713728887997666,0.0061499375462355545,0.000768224867004657,water_per_shift_diff_前1天,0.0010596851883108644,16 - 18日龄
"[0.39, 2.24)",93,0.12550607287449392,77,16,0.17204301075268819,-0.11294475901613432,0.0016637931397135357,0.00020786367017246177,water_per_shift_diff_前1天,0.0009680860087747451,16 - 18日龄
"[2.24, 4.14)",77,0.1039136302294197,67,10,0.12987012987012986,0.21794606776688363,0.004575364346775125,0.0005707912871892968,water_per_shift_diff_前1天,0.0009799384155839662,16 - 18日龄
"[4.14, 4.98)",46,0.0620782726045884,45,1,0.021739130434782608,2.122501031140283,0.13452265155985654,0.014233626156226663,water_per_shift_diff_前1天,0.0008506836260261413,16 - 18日龄
"[4.98, 6.44)",60,0.08097165991902834,53,7,0.11666666666666667,0.34022030586677166,0.008320146238645326,0.0010350312153301032,water_per_shift_diff_前1天,0.0009126684339983322,16 - 18日龄
"[6.44, inf)",186,0.25101214574898784,151,35,0.1881720430107527,-0.2222296833045263,0.013361368131371442,0.0016667426838753736,water_per_shift_diff_前1天,0.0010009300962855506,16 - 18日龄
Special,0,0.0,0,0,0.0,0.0,0.0,0.0,water_per_shift_diff_前1天,,16 - 18日龄
Missing,9,0.012145748987854251,9,0,0.0,0.0,0.0,0.0,water_per_shift_diff_前1天,0.0008601336243571333,16 - 18日龄
,741,1.0,625,116,0.15654520917678813,,0.16859326096259752,0.018482279879798558,water_per_shift_diff_前1天,,16 - 18日龄
"(-inf, -1.19)",103,0.13900134952766532,81,22,0.21359223300970873,-0.380754757315914,0.022866292597979163,0.0028411450249544237,water_per_shift_diff_前2天,0.001032387802034402,16 - 18日龄
"[-1.19, 2.19)",101,0.13630229419703105,85,16,0.15841584158415842,-0.014098924379501554,2.7225509146623338e-05,3.4031604567451345e-06,water_per_shift_diff_前2天,0.0010070701396091089,16 - 18日龄
"[2.19, 3.67)",53,0.07152496626180836,49,4,0.07547169811320754,0.8213644783606993,0.03607206205655815,0.004386386426874573,water_per_shift_diff_前2天,0.0009146593549173565,16 - 18日龄
"[3.67, 4.84)",41,0.0553306342780027,39,2,0.04878048780487805,1.286253006939664,0.0580854116513167,0.0067982159320852465,water_per_shift_diff_前2天,0.0008134129862981196,16 - 18日龄
"[4.84, 12.27)",297,0.4008097165991903,250,47,0.15824915824915825,-0.012848142477849045,6.645590936818308e-05,8.306931535091494e-06,water_per_shift_diff_前2天,0.0010290871063249618,16 - 18日龄
"[12.27, inf)",134,0.18083670715249664,109,25,0.1865671641791045,-0.21168940126909397,0.008704084209423016,0.0010859835518936892,water_per_shift_diff_前2天,0.001003403054140658,16 - 18日龄
Special,0,0.0,0,0,0.0,0.0,0.0,0.0,water_per_shift_diff_前2天,,16 - 18日龄
Missing,12,0.016194331983805668,12,0,0.0,0.0,0.0,0.0,water_per_shift_diff_前2天,0.0007863521027592583,16 - 18日龄
,741,1.0,625,116,0.15654520917678813,,0.12582153193379184,0.015123441027799767,water_per_shift_diff_前2天,,16 - 18日龄
"(-inf, -6.78)",59,0.0796221322537112,45,14,0.23728813559322035,-0.5165562984749756,0.025150948049885033,0.0031093749515805572,water_per_shift_diff_前3天,0.0010211256596251326,16 - 18日龄
"[-6.78, 3.34)",211,0.28475033738191635,177,34,0.16113744075829384,-0.03437225067236915,0.00034040380665876954,4.254838131743715e-05,water_per_shift_diff_前3天,0.0010196722854289707,16 - 18日龄
"[3.34, 4.83)",39,0.05263157894736842,37,2,0.05128205128205128,1.233609273454242,0.05176054358410766,0.0060886920933609315,water_per_shift_diff_前3天,0.0008544848764173513,16 - 18日龄
"[4.83, 7.66)",102,0.13765182186234817,89,13,0.12745098039215685,0.23952555364056627,0.007265057826973863,0.0009059675281522976,water_per_shift_diff_前3天,0.0010093215430097824,16 - 18日龄
"[7.66, inf)",315,0.4251012145748988,263,52,0.16507936507936508,-0.06325114503369966,0.0017378797366500633,0.00021719876209300767,water_per_shift_diff_前3天,0.0010005981179554467,16 - 18日龄
Special,0,0.0,0,0,0.0,0.0,0.0,0.0,water_per_shift_diff_前3天,,16 - 18日龄
Missing,15,0.020242914979757085,14,1,0.06666666666666667,0.9548958709852216,0.013157806553299815,0.0015849549162757458,water_per_shift_diff_前3天,0.0008364420105828866,16 - 18日龄
,741,1.0,625,116,0.15654520917678813,,0.09941263955757519,0.01194873663277998,water_per_shift_diff_前3天,,16 - 18日龄
"(-inf, -5.58)",155,0.20917678812415655,124,31,0.2,-0.2978670975101463,0.020505581843767433,0.0025537637675491012,water_per_shift_diff_前5天,0.001045225741522742,16 - 18日龄
"[-5.58, -1.94)",149,0.20107962213225372,120,29,0.19463087248322147,-0.26396554583446474,0.01531000165839896,0.001908213412024462,water_per_shift_diff_前5天,0.0010317404651447282,16 - 18日龄
"[-1.94, 1.19)",168,0.22672064777327935,143,25,0.1488095238095238,0.059807346761669544,0.0007944065507791452,9.928602187047946e-05,water_per_shift_diff_前5天,0.0010087488304307893,16 - 18日龄
"[1.19, 2.02)",40,0.05398110661268556,38,2,0.05,1.2602775205364034,0.05489595048074431,0.006441127833909862,water_per_shift_diff_前5天,0.0008468227004299649,16 - 18日龄
"[2.02, 9.47)",167,0.2253711201079622,146,21,0.12574850299401197,0.2549227253548767,0.013400144914861165,0.0016704972982661045,water_per_shift_diff_前5天,0.0009680456995617348,16 - 18日龄
"[9.47, inf)",38,0.05128205128205128,31,7,0.18421052631578946,-0.19608440320020382,0.0021068931047304685,0.00026294053020119515,water_per_shift_diff_前5天,0.0010679880541108265,16 - 18日龄
Special,0,0.0,0,0,0.0,0.0,0.0,0.0,water_per_shift_diff_前5天,,16 - 18日龄
Missing,24,0.032388663967611336,23,1,0.041666666666666664,1.4513327572991128,0.04089755618154604,0.00470602339844507,water_per_shift_diff_前5天,0.0007532834320915543,16 - 18日龄
,741,1.0,625,116,0.15654520917678813,,0.14791053473482751,0.017641852262266274,water_per_shift_diff_前5天,,16 - 18日龄
"(-inf, -15.34)",38,0.05128205128205128,29,9,0.23684210526315788,-0.5140902059797823,0.01603252352717639,0.0019822841716197505,water_per_shift_diff_前7天,0.0010534637335489446,16 - 18日龄
"[-15.34, -5.18)",177,0.2388663967611336,156,21,0.11864406779661017,0.3211721108960772,0.022021331907095158,0.002740896265958505,water_per_shift_diff_前7天,0.0009731089983610984,16 - 18日龄
"[-5.18, -3.35)",48,0.06477732793522267,46,2,0.041666666666666664,1.4513327572991128,0.08179511236309207,0.00941204679689014,water_per_shift_diff_前7天,0.0008056314530837041,16 - 18日龄
"[-3.35, -0.55)",118,0.1592442645074224,101,17,0.1440677966101695,0.09774571415500666,0.0014709044709394793,0.00018378989927511765,water_per_shift_diff_前7天,0.0009893734175541356,16 - 18日龄
"[-0.55, 5.59)",188,0.25371120107962214,150,38,0.20212765957446807,-0.3111123242601668,0.02724914840071807,0.0033924728695097356,water_per_shift_diff_前7天,0.0010656095938630925,16 - 18日龄
"[5.59, inf)",122,0.16464237516869096,97,25,0.20491803278688525,-0.3283263049948548,0.01980373698955171,0.0024644079253623528,water_per_shift_diff_前7天,0.0010789113492922647,16 - 18日龄
Special,0,0.0,0,0,0.0,0.0,0.0,0.0,water_per_shift_diff_前7天,,16 - 18日龄
Missing,50,0.06747638326585695,46,4,0.08,0.7581855767391674,0.029658128215617644,0.003620946156337586,water_per_shift_diff_前7天,0.0007951587032256261,16 - 18日龄
,741,1.0,625,116,0.15654520917678813,,0.19803088587419052,0.023796844084953188,water_per_shift_diff_前7天,,16 - 18日龄
"(-inf, -19.73)",42,0.05269761606022585,41,1,0.023809523809523808,1.860462022814869,0.0934831412044401,0.010246691645639922,water_per_diff,0.0007442955530072572,19 - 21日龄
"[-19.73, -3.21)",166,0.20828105395232122,144,22,0.13253012048192772,0.025660802328245635,0.00013586996878633755,1.6983280138522768e-05,water_per_diff,0.0009944704941588541,19 - 21日龄
"[-3.21, 4.36)",209,0.26223337515683814,176,33,0.15789473684210525,-0.17913361031776742,0.008976902016811209,0.001120614850616316,water_per_diff,0.0009687503736240195,19 - 21日龄
"[4.36, 6.96)",77,0.09661229611041405,58,19,0.24675324675324675,-0.7371060125094602,0.0676264950196485,0.00826699329423956,water_per_diff,0.0011062998045204453,19 - 21日龄
"[6.96, 21.53)",261,0.32747804265997493,232,29,0.1111111111111111,0.22633149779039674,0.01543611717580852,0.0019254067825697392,water_per_diff,0.0009297885530329893,19 - 21日龄
"[21.53, inf)",42,0.05269761606022585,38,4,0.09523809523809523,0.3981817547170563,0.007213204931443746,0.0008957409577584636,water_per_diff,0.0009836587508560619,19 - 21日龄
Special,0,0.0,0,0,0.0,0.0,0.0,0.0,water_per_diff,,19 - 21日龄
Missing,0,0.0,0,0,0.0,0.0,0.0,0.0,water_per_diff,,19 - 21日龄
,797,1.0,689,108,0.1355081555834379,,0.1928717303169384,0.022472430810962528,water_per_diff,,19 - 21日龄
"(-inf, -6.08)",91,0.11417816813048934,71,20,0.21978021978021978,-0.5861624404021146,0.0481457941694582,0.005933520189615023,water_per_shift_diff,0.0009247304053357801,19 - 21日龄
"[-6.08, 2.20)",298,0.3739021329987453,259,39,0.13087248322147652,0.040156371680452274,0.0005941537012871333,7.426422299467231e-05,water_per_shift_diff,0.0009874427796888175,19 - 21日龄
"[2.20, 5.67)",149,0.18695106649937265,133,16,0.10738255033557047,0.26465036209253356,0.011878893315447276,0.001480543473142304,water_per_shift_diff,0.0009334826538385484,19 - 21日龄
"[5.67, 6.51)",46,0.05771643663739021,45,1,0.021739130434782608,1.9535524458808806,0.10950205950342895,0.011856915352796479,water_per_shift_diff,0.0008444101316496,19 - 21日龄
"[6.51, 10.14)",106,0.1329987452948557,93,13,0.12264150943396226,0.11454009180228009,0.001673185504879308,0.00020903393365561632,water_per_shift_diff,0.000952379150973051,19 - 21日龄
"[10.14, inf)",107,0.1342534504391468,88,19,0.17757009345794392,-0.32021220857767285,0.015435698437995391,0.00192126104091234,water_per_shift_diff,0.0010345095463172103,19 - 21日龄
Special,0,0.0,0,0,0.0,0.0,0.0,0.0,water_per_shift_diff,,19 - 21日龄
Missing,0,0.0,0,0,0.0,0.0,0.0,0.0,water_per_shift_diff,,19 - 21日龄
,797,1.0,689,108,0.1355081555834379,,0.1872297846324963,0.021475538213116433,water_per_shift_diff,,19 - 21日龄
"(-inf, -21.56)",40,0.050188205771643665,39,1,0.025,1.8104516022402073,0.085714951818151,0.00945548759068628,water_per_diff_前1天,0.0007610306569972975,19 - 21日龄
"[-21.56, -5.92)",153,0.191969887076537,133,20,0.13071895424836602,0.04150681077832363,0.000325753608215626,4.071627829269932e-05,water_per_diff_前1天,0.0010029628578096053,19 - 21日龄
"[-5.92, -3.18)",56,0.07026348808030113,46,10,0.17857142857142858,-0.32705374039438984,0.008447525789362155,0.0010512595914776122,water_per_diff_前1天,0.0010515250302501375,19 - 21日龄
"[-3.18, -1.87)",41,0.05144291091593475,31,10,0.24390243902439024,-0.7217079323983382,0.034353188955476455,0.004203315785683098,water_per_diff_前1天,0.001105211127151722,19 - 21日龄
"[-1.87, -0.40)",41,0.05144291091593475,32,9,0.21951219512195122,-0.5845987184259318,0.021565385718421523,0.002657931471950878,water_per_diff_前1天,0.0010933254474683196,19 - 21日龄
"[-0.40, inf)",466,0.5846925972396487,408,58,0.12446351931330472,0.09771411996830315,0.0053865414195288465,0.000673049935659838,water_per_diff_前1天,0.0009336158012694054,19 - 21日龄
Special,0,0.0,0,0,0.0,0.0,0.0,0.0,water_per_diff_前1天,,19 - 21日龄
Missing,0,0.0,0,0,0.0,0.0,0.0,0.0,water_per_diff_前1天,,19 - 21日龄
,797,1.0,689,108,0.1355081555834379,,0.15579334730915562,0.018081760653750403,water_per_diff_前1天,,19 - 21日龄
"(-inf, -7.05)",142,0.178168130489335,120,22,0.15492957746478872,-0.15666075446570882,0.004627483985319944,0.0005778447103071873,water_per_diff_前2天,0.0010365271847754317,19 - 21日龄
"[-7.05, -0.40)",109,0.13676286072772897,93,16,0.14678899082568808,-0.09309927297596432,0.001226109868253033,0.0001532084071111518,water_per_diff_前2天,0.0008843646888999817,19 - 21日龄
"[-0.40, 1.62)",64,0.08030112923462986,62,2,0.03125,1.5808771605957073,0.11298049696350014,0.01281422238071474,water_per_diff_前2天,0.0008788279572618187,19 - 21日龄
"[1.62, 4.84)",78,0.09786700125470514,70,8,0.10256410256410256,0.31594365648008416,0.008695541155609481,0.0010824442944015987,water_per_diff_前2天,0.0009286710311920577,19 - 21日龄
"[4.84, 14.51)",230,0.28858218318695106,201,29,0.12608695652173912,0.0828990341831628,0.0019239723705090834,0.00024042770528607746,water_per_diff_前2天,0.0009687569779914309,19 - 21日龄
"[14.51, inf)",144,0.1806775407779172,115,29,0.2013888888888889,-0.47547374551266297,0.04831286606758648,0.005982856399112127,water_per_diff_前2天,0.0010135982187065738,19 - 21日龄
Special,0,0.0,0,0,0.0,0.0,0.0,0.0,water_per_diff_前2天,,19 - 21日龄
Missing,30,0.037641154328732745,28,2,0.06666666666666667,0.7859472857258194,0.017385223247657625,0.0021188925373756863,water_per_diff_前2天,0.0008982906237337301,19 - 21日龄
,797,1.0,689,108,0.1355081555834379,,0.1951516936584358,0.02296989643430857,water_per_diff_前2天,,19 - 21日龄
"(-inf, 16.13)",557,0.698870765370138,478,79,0.14183123877917414,-0.05294716386500453,0.0019972946429214064,0.00024963267184758067,water_per_diff_前3天,0.0009760215766201409,19 - 21日龄
"[16.13, 18.65)",51,0.06398996235884567,50,1,0.0196078431372549,2.0589129615387067,0.13034912328399786,0.013914322478283645,water_per_diff_前3天,0.0008016986361591412,19 - 21日龄
"[18.65, inf)",139,0.17440401505646172,115,24,0.17266187050359713,-0.2862317458741346,0.015832525211228524,0.001972337284738203,water_per_diff_前3天,0.0010037675023308202,19 - 21日龄
Special,0,0.0,0,0,0.0,0.0,0.0,0.0,water_per_diff_前3天,,19 - 21日龄
Missing,50,0.06273525721455459,46,4,0.08,0.5892369914797653,0.017515887560517675,0.0021583512077900466,water_per_diff_前3天,0.0008786115344843019,19 - 21日龄
,797,1.0,689,108,0.1355081555834379,,0.16569483069866545,0.018294643642659474,water_per_diff_前3天,,19 - 21日龄
"(-inf, 9.08)",323,0.40526976160602257,272,51,0.15789473684210525,-0.17913361031776742,0.01387339402598093,0.0017318593145888017,water_per_diff_前5天,0.0009589801541737554,19 - 21日龄
"[9.08, 13.20)",118,0.1480552070263488,103,15,0.1271186440677966,0.07356874323798679,0.0007800588401705579,9.748537159922103e-05,water_per_diff_前5天,0.0009826054611267465,19 - 21日龄
"[13.20, 15.38)",54,0.06775407779171895,52,2,0.037037037037037035,1.4049864941320431,0.08001844812841476,0.00925311634098055,water_per_diff_前5天,0.0008864075618644352,19 - 21日龄
"[15.38, 21.34)",139,0.17440401505646172,125,14,0.10071942446043165,0.33614636379760365,0.017409935038380425,0.002166053456115662,water_per_diff_前5天,0.0009290586487893022,19 - 21日龄
"[21.34, inf)",88,0.11041405269761606,70,18,0.20454545454545456,-0.49498655973624484,0.03220884967804784,0.003985501419248541,water_per_diff_前5天,0.0011022033677351012,19 - 21日龄
Special,0,0.0,0,0,0.0,0.0,0.0,0.0,water_per_diff_前5天,,19 - 21日龄
Missing,75,0.09410288582183186,67,8,0.10666666666666667,0.27214103382169097,0.006305046797675049,0.0007857077553354141,water_per_diff_前5天,0.0009105042276743106,19 - 21日龄
,797,1.0,689,108,0.1355081555834379,,0.15059573250866956,0.018019723657868192,water_per_diff_前5天,,19 - 21日龄
"(-inf, -10.64)",114,0.14303638644918445,96,18,0.15789473684210525,-0.17913361031776742,0.004896492009169741,0.0006112444639725196,water_per_diff_前7天,0.0009338503120389789,19 - 21日龄
"[-10.64, -6.18)",101,0.12672521957340024,90,11,0.10891089108910891,0.24880435364245534,0.00715865883390445,0.0008925314182396116,water_per_diff_前7天,0.000915897244179991,19 - 21日龄
"[-6.18, -4.96)",42,0.05269761606022585,40,2,0.047619047619047616,1.1426222296645518,0.04517543675311929,0.0053584896874709605,water_per_diff_前7天,0.0008929448273722833,19 - 21日龄
"[-4.96, -3.61)",40,0.050188205771643665,37,3,0.075,0.6591955800866758,0.01708848403466105,0.002098206668944275,water_per_diff_前7天,0.0008118313337235474,19 - 21日龄
"[-3.61, 0.50)",127,0.15934755332496864,111,16,0.12598425196850394,0.08383143518311398,0.0010860278384739299,0.0001357137422711139,water_per_diff_前7天,0.0009301403117581552,19 - 21日龄
"[0.50, inf)",292,0.36637390213299875,242,50,0.17123287671232876,-0.27619532316089845,0.030859107627260542,0.003845174341628531,water_per_diff_前7天,0.0010572461432568007,19 - 21日龄
Special,0,0.0,0,0,0.0,0.0,0.0,0.0,water_per_diff_前7天,,19 - 21日龄
Missing,81,0.10163111668757842,73,8,0.09876543209876543,0.3579078555791162,0.01140887804969177,0.001418546432669563,water_per_diff_前7天,0.0008913545853365655,19 - 21日龄
,797,1.0,689,108,0.1355081555834379,,0.11767308514628078,0.014359906755196574,water_per_diff_前7天,,19 - 21日龄
"(-inf, -16.18)",48,0.060225846925972396,38,10,0.20833333333333334,-0.518108977157099,0.019398102595813538,0.0023980010199152486,water_per_shift_diff_前1天,0.0009671435250328542,19 - 21日龄
"[-16.18, -8.88)",152,0.19071518193224593,124,28,0.18421052631578946,-0.36503298845960597,0.028942840293389165,0.003597901419762326,water_per_shift_diff_前1天,0.0009927193536447988,19 - 21日龄
"[-8.88, -0.91)",222,0.27854454203262236,195,27,0.12162162162162163,0.12405264866997867,0.0040960780221219436,0.0005116816989807708,water_per_shift_diff_前1天,0.0009689580896393927,19 - 21日龄
"[-0.91, 0.92)",59,0.0740276035131744,58,1,0.01694915254237288,2.2073329666569803,0.16537495684987186,0.01728904441314655,water_per_shift_diff_前1天,0.0008500597755104034,19 - 21日龄
"[0.92, 10.42)",233,0.29234629861982436,202,31,0.13304721030042918,0.021170449026619576,0.00013001794341188386,1.6251939430835752e-05,water_per_shift_diff_前1天,0.0009574422570085026,19 - 21日龄
"[10.42, inf)",53,0.06649937264742785,44,9,0.16981132075471697,-0.2661449873073971,0.005182552365323044,0.0006459138304880114,water_per_shift_diff_前1天,0.0010447866030961397,19 - 21日龄
Special,0,0.0,0,0,0.0,0.0,0.0,0.0,water_per_shift_diff_前1天,,19 - 21日龄
Missing,30,0.037641154328732745,28,2,0.06666666666666667,0.7859472857258194,0.017385223247657625,0.0021188925373756863,water_per_shift_diff_前1天,0.0008982906237337301,19 - 21日龄
,797,1.0,689,108,0.1355081555834379,,0.24050977131758908,0.026577686859099434,water_per_shift_diff_前1天,,19 - 21日龄
"(-inf, -16.82)",41,0.05144291091593475,32,9,0.21951219512195122,-0.5845987184259318,0.021565385718421523,0.002657931471950878,water_per_shift_diff_前2天,0.0012007994909906245,19 - 21日龄
"[-16.82, -9.72)",153,0.191969887076537,130,23,0.1503267973856209,-0.12106980936300626,0.0029400250701358886,0.0003672788471485401,water_per_shift_diff_前2天,0.0010094073747388649,19 - 21日龄
"[-9.72, -7.56)",68,0.08531994981179424,60,8,0.11764705882352941,0.16179297665282566,0.0021047089367297695,0.0002628020395542283,water_per_shift_diff_前2天,0.0008250988908127662,19 - 21日龄
"[-7.56, -4.64)",79,0.09912170639899624,75,4,0.05063291139240506,1.0780837085269808,0.07742406249486893,0.009234972706186399,water_per_shift_diff_前2天,0.0008558631095610316,19 - 21日龄
"[-4.64, inf)",406,0.5094102885821832,346,60,0.1477832512315271,-0.10101583105381562,0.005392072259121585,0.0006737226067844698,water_per_shift_diff_前2天,0.0009770007727814463,19 - 21日龄
Special,0,0.0,0,0,0.0,0.0,0.0,0.0,water_per_shift_diff_前2天,,19 - 21日龄
Missing,50,0.06273525721455459,46,4,0.08,0.5892369914797653,0.017515887560517675,0.0021583512077900466,water_per_shift_diff_前2天,0.0008786115344843019,19 - 21日龄
,797,1.0,689,108,0.1355081555834379,,0.12694214203979537,0.015355058879414562,water_per_shift_diff_前2天,,19 - 21日龄
"(-inf, -16.50)",42,0.05269761606022585,32,10,0.23809523809523808,-0.6899592340837581,0.03184056348228276,0.003902957565808423,water_per_shift_diff_前3天,0.0012627901911256667,19 - 21日龄
"[-16.50, -9.47)",133,0.1668757841907152,116,17,0.12781954887218044,0.06726680316070954,0.0007367419848408635,9.207538939198833e-05,water_per_shift_diff_前3天,0.001009383790700036,19 - 21日龄
"[-9.47, -7.62)",54,0.06775407779171895,50,4,0.07407407407407407,0.6726186004188166,0.02389941917308164,0.0029323562361626213,water_per_shift_diff_前3天,0.000828932919471174,19 - 21日龄
"[-7.62, -4.38)",84,0.1053952321204517,81,3,0.03571428571428571,1.4427268221148901,0.12953364912311968,0.014919045657407847,water_per_shift_diff_前3天,0.0008387300829051059,19 - 21日龄
"[-4.38, -2.81)",41,0.05144291091593475,39,2,0.04878048780487805,1.117304421680262,0.04255282388649497,0.00505862080692687,water_per_shift_diff_前3天,0.0008455143958476219,19 - 21日龄
"[-2.81, inf)",377,0.4730238393977415,311,66,0.17506631299734748,-0.3029718737366305,0.04839439460347243,0.0060262684510185086,water_per_shift_diff_前3天,0.0009889992418577282,19 - 21日龄
Special,0,0.0,0,0,0.0,0.0,0.0,0.0,water_per_shift_diff_前3天,,19 - 21日龄
Missing,66,0.08281053952321205,60,6,0.09090909090909091,0.4494750491046069,0.014170677648758368,0.0017565729276737743,water_per_shift_diff_前3天,0.0008782601053600394,19 - 21日龄
,797,1.0,689,108,0.1355081555834379,,0.2911282699020507,0.034687897034390035,water_per_shift_diff_前3天,,19 - 21日龄
"(-inf, -0.03)",122,0.15307402760351319,108,14,0.11475409836065574,0.18996385361952206,0.005151683285010427,0.0006429938990224916,water_per_shift_diff_前5天,0.0009997931930936157,19 - 21日龄
"[-0.03, 1.03)",40,0.050188205771643665,38,2,0.05,1.0913289352770013,0.039979609170094965,0.004763340039049076,water_per_shift_diff_前5天,0.00091349841444236,19 - 21日龄
"[1.03, 2.40)",41,0.05144291091593475,40,1,0.024390243902439025,1.8357694102244972,0.08957800796276341,0.009849841525249344,water_per_shift_diff_前5天,0.0007857070537928829,19 - 21日龄
"[2.40, 3.91)",47,0.05897114178168131,40,7,0.14893617021276595,-0.11014073883081599,0.0007445142131900805,9.301726511660503e-05,water_per_shift_diff_前5天,0.000979939323852183,19 - 21日龄
"[3.91, inf)",467,0.5859473023839398,391,76,0.16274089935760172,-0.21513582419040445,0.029304637880905482,0.0036560318811874465,water_per_shift_diff_前5天,0.0009850497026131135,19 - 21日龄
Special,0,0.0,0,0,0.0,0.0,0.0,0.0,water_per_shift_diff_前5天,,19 - 21日龄
Missing,80,0.10037641154328733,72,8,0.1,0.34411453344678056,0.010469753584415301,0.0013023000325938696,water_per_shift_diff_前5天,0.0008897606685966687,19 - 21日龄
,797,1.0,689,108,0.1355081555834379,,0.17522820609637965,0.020307524642218834,water_per_shift_diff_前5天,,19 - 21日龄
"(-inf, -9.91)",42,0.05269761606022585,31,11,0.2619047619047619,-0.8170181122026634,0.046454921689102126,0.0056505622235561,water_per_shift_diff_前7天,0.0009986631793778976,19 - 21日龄
"[-9.91, -4.12)",136,0.17063989962358847,114,22,0.16176470588235295,-0.2079540488532594,0.007953518559323431,0.000992402283334009,water_per_shift_diff_前7天,0.0009500925623150603,19 - 21日龄
"[-4.12, 2.50)",230,0.28858218318695106,196,34,0.14782608695652175,-0.10135590927508309,0.0030756012893503404,0.0003842856846356128,water_per_shift_diff_前7天,0.0010086140172152816,19 - 21日龄
"[2.50, 15.10)",247,0.3099121706398996,217,30,0.1214574898785425,0.12558992798886526,0.004668356458866867,0.0005831613533391414,water_per_shift_diff_前7天,0.0009543210530811197,19 - 21日龄
"[15.10, inf)",55,0.06900878293601004,52,3,0.05454545454545454,0.999521386023879,0.047671093358581225,0.005722601301397281,water_per_shift_diff_前7天,0.0009601498820523563,19 - 21日龄
Special,0,0.0,0,0,0.0,0.0,0.0,0.0,water_per_shift_diff_前7天,,19 - 21日龄
Missing,87,0.10915934755332497,79,8,0.09195402298850575,0.43689626689774674,0.017731370290157433,0.0021989600383384156,water_per_shift_diff_前7天,0.0008772609031906081,19 - 21日龄
,797,1.0,689,108,0.1355081555834379,,0.1275548616453814,0.015531972884600561,water_per_shift_diff_前7天,,19 - 21日龄
"(-inf, -7.56)",145,0.16402714932126697,128,17,0.11724137931034483,-0.13395589490198434,0.003103282150232615,0.00038762049823151245,water_per_diff,0.0009488852862198483,22 - 24日龄
"[-7.56, 6.20)",267,0.3020361990950226,239,28,0.10486891385767791,-0.00851377300907874,2.196680563387787e-05,2.7458424113337935e-06,water_per_diff,0.0009463713563919625,22 - 24日龄
"[6.20, 9.50)",110,0.1244343891402715,99,11,0.1,0.04445176257083405,0.00024158566614583576,3.0195722246029915e-05,water_per_diff,0.0009381652257615137,22 - 24日龄
"[9.50, 15.73)",158,0.17873303167420815,151,7,0.04430379746835443,0.9185968729942258,0.1052432846914223,0.012711551201579685,water_per_diff,0.0008743379073365881,22 - 24日龄
"[15.73, 25.34)",147,0.166289592760181,129,18,0.12244897959183673,-0.18333216829987808,0.006008415924189025,0.0007500019478170828,water_per_diff,0.0009631654492430898,22 - 24日龄
"[25.34, inf)",57,0.06447963800904978,46,11,0.19298245614035087,-0.7220266910746609,0.0443933846071377,0.005431692002986098,water_per_diff,0.0011238479918544984,22 - 24日龄
Special,0,0.0,0,0,0.0,0.0,0.0,0.0,water_per_diff,,22 - 24日龄
Missing,0,0.0,0,0,0.0,0.0,0.0,0.0,water_per_diff,,22 - 24日龄
,884,1.0,792,92,0.10407239819004525,,0.15901191984476137,0.019313807215271744,water_per_diff,,22 - 24日龄
"(-inf, -11.17)",103,0.1165158371040724,89,14,0.13592233009708737,-0.3031937746485043,0.012067165492982307,0.0015026445502860607,water_per_shift_diff,0.0011871687721397505,22 - 24日龄
"[-11.17, -6.73)",130,0.14705882352941177,123,7,0.05384615384615385,0.7135013915517185,0.05652077887621486,0.0069189472584002855,water_per_shift_diff,0.0008952200270855739,22 - 24日龄
"[-6.73, -5.96)",48,0.05429864253393665,47,1,0.020833333333333332,1.697374786944673,0.08227832328020128,0.009204476522352121,water_per_shift_diff,0.0008724110405014042,22 - 24日龄
"[-5.96, -4.02)",64,0.07239819004524888,59,5,0.078125,0.3153267167062337,0.006352926275317725,0.0007908420675534185,water_per_shift_diff,0.0008691790233624204,22 - 24日龄
"[-4.02, 2.89)",259,0.29298642533936653,231,28,0.10810810810810811,-0.04255961441879608,0.0005397052553108177,6.745806581581488e-05,water_per_shift_diff,0.0009453641884079248,22 - 24日龄
"[2.89, inf)",280,0.3167420814479638,243,37,0.13214285714285715,-0.2706292840690614,0.025806053273383835,0.003215948604814535,water_per_shift_diff,0.0009151722862053083,22 - 24日龄
Special,0,0.0,0,0,0.0,0.0,0.0,0.0,water_per_shift_diff,,22 - 24日龄
Missing,0,0.0,0,0,0.0,0.0,0.0,0.0,water_per_shift_diff,,22 - 24日龄
,884,1.0,792,92,0.10407239819004525,,0.1835649524534108,0.021700317069222236,water_per_shift_diff,,22 - 24日龄
"(-inf, -7.88)",115,0.13009049773755657,101,14,0.12173913043478261,-0.17670962753938468,0.004355655619520416,0.0005437496661123984,water_per_diff_前1天,0.0009295318603299104,22 - 24日龄
"[-7.88, -3.05)",45,0.05090497737556561,43,2,0.044444444444444446,0.9152801203682315,0.029795844937327703,0.003599687415361992,water_per_diff_前1天,0.0008351911735968511,22 - 24日龄
"[-3.05, -0.90)",48,0.05429864253393665,47,1,0.020833333333333332,1.697374786944673,0.08227832328020128,0.009204476522352121,water_per_diff_前1天,0.0008017179014080542,22 - 24日龄
"[-0.90, 23.63)",588,0.665158371040724,525,63,0.10714285714285714,-0.03250927856529451,0.0007120774125797436,8.900575718957804e-05,water_per_diff_前1天,0.0009272670890896981,22 - 24日龄
"[23.63, inf)",88,0.09954751131221719,76,12,0.13636363636363635,-0.3069461242670546,0.010582024925324464,0.0013175847709707925,water_per_diff_前1天,0.001239346193452192,22 - 24日龄
Special,0,0.0,0,0,0.0,0.0,0.0,0.0,water_per_diff_前1天,,22 - 24日龄
Missing,0,0.0,0,0,0.0,0.0,0.0,0.0,water_per_diff_前1天,,22 - 24日龄
,884,1.0,792,92,0.10407239819004525,,0.1277239261749536,0.014754504131986883,water_per_diff_前1天,,22 - 24日龄
"(-inf, 6.15)",409,0.4626696832579186,361,48,0.11735941320293398,-0.13509586734039525,0.008907012333981936,0.0011125306420959845,water_per_diff_前2天,0.0009287219211627795,22 - 24日龄
"[6.15, 20.43)",343,0.38800904977375567,307,36,0.10495626822157435,-0.009444005634298591,3.4735857350570684e-05,4.3419660330957935e-06,water_per_diff_前2天,0.0009011094107567843,22 - 24日龄
"[20.43, 27.40)",74,0.083710407239819,71,3,0.04054054054054054,1.01129477360782,0.057681997682176384,0.0069178970313740935,water_per_diff_前2天,0.0008418695981769878,22 - 24日龄
"[27.40, inf)",45,0.05090497737556561,41,4,0.08888888888888889,0.17450489081903164,0.0014465436162535016,0.0001805888732684443,water_per_diff_前2天,0.0016088144508993934,22 - 24日龄
Special,0,0.0,0,0,0.0,0.0,0.0,0.0,water_per_diff_前2天,,22 - 24日龄
Missing,13,0.014705882352941176,12,1,0.07692307692307693,0.33213383502261484,0.0014221804529953863,0.00017695992856278002,water_per_diff_前2天,0.0010488419403997232,22 - 24日龄
,884,1.0,792,92,0.10407239819004525,,0.06949246994275778,0.008392318441334397,water_per_diff_前2天,,22 - 24日龄
"(-inf, -13.55)",66,0.0746606334841629,64,2,0.030303030303030304,1.312963088034341,0.07755535148907286,0.009053069433422314,water_per_diff_前3天,0.0008089761058619712,22 - 24日龄
"[-13.55, -4.71)",113,0.12782805429864252,105,8,0.07079646017699115,0.4217459937123018,0.019239729950314168,0.0023872994900393622,water_per_diff_前3天,0.0008484325582188947,22 - 24日龄
"[-4.71, 10.22)",411,0.4649321266968326,364,47,0.11435523114355231,-0.1057665488387034,0.005423032313095589,0.0006775632517387782,water_per_diff_前3天,0.0009333287166755181,22 - 24日龄
"[10.22, 12.16)",45,0.05090497737556561,35,10,0.2222222222222222,-0.9000098462700175,0.05805399480496654,0.007021337196923747,water_per_diff_前3天,0.0009544449270716978,22 - 24日龄
"[12.16, 19.33)",124,0.14027149321266968,108,16,0.12903225806451613,-0.24323030988094696,0.009133153928335963,0.0011388383394467533,water_per_diff_前3天,0.000995135476722379,22 - 24日龄
"[19.33, inf)",85,0.09615384615384616,80,5,0.058823529411764705,0.6198159074743956,0.02892202027630854,0.0035584718458514537,water_per_diff_前3天,0.0011478072579037364,22 - 24日龄
Special,0,0.0,0,0,0.0,0.0,0.0,0.0,water_per_diff_前3天,,22 - 24日龄
Missing,40,0.04524886877828054,36,4,0.1,0.04445176257083405,8.784933314394066e-05,1.098026263491995e-05,water_per_diff_前3天,0.0010120974263259474,22 - 24日龄
,884,1.0,792,92,0.10407239819004525,,0.19841513209523762,0.023847559820057325,water_per_diff_前3天,,22 - 24日龄
"(-inf, -13.75)",56,0.06334841628959276,54,2,0.03571428571428571,1.1430640512389436,0.053086966806551714,0.006296670518288297,water_per_diff_前5天,0.0008455671958896214,22 - 24日龄
"[-13.75, -2.02)",159,0.17986425339366516,143,16,0.10062893081761007,0.03748309325474075,0.00024898189963897666,3.112091562889078e-05,water_per_diff_前5天,0.0009119481900655447,22 - 24日龄
"[-2.02, 6.26)",218,0.24660633484162897,195,23,0.10550458715596331,-0.015267472130788384,5.783133382874382e-05,7.228846519837374e-06,water_per_diff_前5天,0.000900330173082222,22 - 24日龄
"[6.26, 7.77)",45,0.05090497737556561,40,5,0.1111111111111111,-0.07333127308554976,0.0002817956256032315,3.5216562878614835e-05,water_per_diff_前5天,0.0008532106712899089,22 - 24日龄
"[7.77, 10.65)",70,0.07918552036199095,55,15,0.21428571428571427,-0.8534898306351246,0.07988582351959198,0.009693268268755117,water_per_diff_前5天,0.001032711421844337,22 - 24日龄
"[10.65, inf)",246,0.27828054298642535,223,23,0.09349593495934959,0.11890474076558366,0.0037533062110348342,0.00046888708874927906,water_per_diff_前5天,0.0010346925644267586,22 - 24日龄
Special,0,0.0,0,0,0.0,0.0,0.0,0.0,water_per_diff_前5天,,22 - 24日龄
Missing,90,0.10180995475113122,82,8,0.08888888888888889,0.17450489081903164,0.002893087232507003,0.0003611777465368886,water_per_diff_前5天,0.0009268398435291456,22 - 24日龄
,884,1.0,792,92,0.10407239819004525,,0.1402077926287565,0.016893569947356926,water_per_diff_前5天,,22 - 24日龄
"(-inf, -0.41)",79,0.08936651583710407,69,10,0.12658227848101267,-0.22125140316217196,0.004773375134098237,0.0005954578464251216,water_per_diff_前7天,0.0009495876443278253,22 - 24日龄
"[-0.41, 3.02)",45,0.05090497737556561,44,1,0.022222222222222223,1.6314168191528755,0.07290147621818405,0.008219985010589032,water_per_diff_前7天,0.0008239649031666867,22 - 24日龄
"[3.02, 7.40)",90,0.10180995475113122,89,1,0.011111111111111112,2.335863554966754,0.23709989641707999,0.024328422949257224,water_per_diff_前7天,0.0007609035710455511,22 - 24日龄
"[7.40, 12.84)",161,0.18212669683257918,142,19,0.11801242236024845,-0.14138473633056536,0.003849738099470819,0.0004808168558711112,water_per_diff_前7天,0.0009656104405355373,22 - 24日龄
"[12.84, 27.70)",338,0.38235294117647056,295,43,0.12721893491124261,-0.22699757411912835,0.02154582815392913,0.0026874610256009436,water_per_diff_前7天,0.0009149612344052391,22 - 24日龄
"[27.70, inf)",45,0.05090497737556561,39,6,0.13333333333333333,-0.28097063786379417,0.00448849668524177,0.0005592238078245253,water_per_diff_前7天,0.0016890699113446558,22 - 24日龄
Special,0,0.0,0,0,0.0,0.0,0.0,0.0,water_per_diff_前7天,,22 - 24日龄
Missing,126,0.1425339366515837,114,12,0.09523809523809523,0.0985189838411098,0.0013304605854695336,0.00016624034832043435,water_per_diff_前7天,0.0009202559469977738,22 - 24日龄
,884,1.0,792,92,0.10407239819004525,,0.3459892712934735,0.03703760784388839,water_per_diff_前7天,,22 - 24日龄
"(-inf, -12.44)",49,0.05542986425339366,42,7,0.14285714285714285,-0.36101334553733055,0.008323759613838324,0.0010348563034700432,water_per_shift_diff_前1天,0.0012454074316343307,22 - 24日龄
"[-12.44, -6.18)",126,0.1425339366515837,113,13,0.10317460317460317,0.009665646485418566,1.3265325106250681e-05,1.6581591835676166e-06,water_per_shift_diff_前1天,0.0009472209483648636,22 - 24日龄
"[-6.18, -4.38)",51,0.057692307692307696,50,1,0.0196078431372549,1.7592501906627604,0.09194148998193612,0.010207715391101728,water_per_shift_diff_前1天,0.0007544733148108686,22 - 24日龄
"[-4.38, -2.68)",68,0.07692307692307693,61,7,0.10294117647058823,0.012190900352612388,1.1377102876284926e-05,1.422129053132087e-06,water_per_shift_diff_前1天,0.001041000946253306,22 - 24日龄
"[-2.68, 12.08)",487,0.5509049773755657,436,51,0.10472279260780287,-0.0069562041406769914,2.673113141454751e-05,3.341384689863427e-06,water_per_shift_diff_前1天,0.0009090752586415803,22 - 24日龄
"[12.08, inf)",90,0.10180995475113122,78,12,0.13333333333333333,-0.28097063786379417,0.00897699337048354,0.0011184476156490507,water_per_shift_diff_前1天,0.0010140237355293323,22 - 24日龄
Special,0,0.0,0,0,0.0,0.0,0.0,0.0,water_per_shift_diff_前1天,,22 - 24日龄
Missing,13,0.014705882352941176,12,1,0.07692307692307693,0.33213383502261484,0.0014221804529953863,0.00017695992856278002,water_per_shift_diff_前1天,0.0010488419403997232,22 - 24日龄
,884,1.0,792,92,0.10407239819004525,,0.11071579697865044,0.012544400911710165,water_per_shift_diff_前1天,,22 - 24日龄
"(-inf, -2.17)",212,0.2398190045248869,188,24,0.11320754716981132,-0.09438468228338204,0.002217646246008312,0.00027710293160698035,water_per_shift_diff_前2天,0.0010146564492195438,22 - 24日龄
"[-2.17, -0.84)",45,0.05090497737556561,33,12,0.26666666666666666,-1.1411719030869056,0.1012996798030043,0.012017214661838634,water_per_shift_diff_前2天,0.000995913446274651,22 - 24日龄
"[-0.84, 5.06)",236,0.2669683257918552,209,27,0.11440677966101695,-0.1062754288049037,0.0031446231953141785,0.0003928930202626354,water_per_shift_diff_前2天,0.0009594184254693568,22 - 24日龄
"[5.06, 8.42)",155,0.1753393665158371,142,13,0.08387096774193549,0.23810488537433816,0.009045266835696215,0.0011279950080165194,water_per_shift_diff_前2天,0.0008311845165390612,22 - 24日龄
"[8.42, 12.59)",102,0.11538461538461539,95,7,0.06862745098039216,0.4551939277798418,0.019965961149324415,0.0024744191646204738,water_per_shift_diff_前2天,0.0009307847435064627,22 - 24日龄
"[12.59, inf)",93,0.10520361990950226,88,5,0.053763440860215055,0.7151260872787208,0.04059290592041046,0.004968682383113229,water_per_shift_diff_前2天,0.0009218823666337507,22 - 24日龄
Special,0,0.0,0,0,0.0,0.0,0.0,0.0,water_per_shift_diff_前2天,,22 - 24日龄
Missing,41,0.04638009049773756,37,4,0.0975609756097561,0.07185073675894849,0.0002327181306970772,2.908351058754778e-05,water_per_shift_diff_前2天,0.0010098296268316268,22 - 24日龄
,884,1.0,792,92,0.10407239819004525,,0.17649880128045498,0.02128739068004602,water_per_shift_diff_前2天,,22 - 24日龄
"(-inf, -6.50)",88,0.09954751131221719,74,14,0.1590909090909091,-0.4877650511764744,0.028651109176483735,0.003546302953909163,water_per_shift_diff_前3天,0.0009578402546368057,22 - 24日龄
"[-6.50, 0.94)",254,0.2873303167420814,227,27,0.1062992125984252,-0.02365966328831215,0.00016235495778650844,2.0293896387581353e-05,water_per_shift_diff_前3天,0.0009126705147006737,22 - 24日龄
"[0.94, 5.06)",171,0.19343891402714933,155,16,0.0935672514619883,0.11806357991407967,0.0025730808753782262,0.00032144843640708864,water_per_shift_diff_前3天,0.0009605706417673374,22 - 24日龄
"[5.06, 6.13)",47,0.053167420814479636,46,1,0.02127659574468085,1.6758685817237096,0.07911983861892787,0.008874118932036757,water_per_shift_diff_前3天,0.0007970442540262808,22 - 24日龄
"[6.13, 6.89)",45,0.05090497737556561,42,3,0.06666666666666667,0.4862845148498729,0.009930711436328109,0.001229250791727852,water_per_shift_diff_前3天,0.0008677364977675378,22 - 24日龄
"[6.89, inf)",213,0.2409502262443439,190,23,0.107981220657277,-0.04124295853404902,0.0004165955407479723,5.207075217109102e-05,water_per_shift_diff_前3天,0.00100838698815727,22 - 24日龄
Special,0,0.0,0,0,0.0,0.0,0.0,0.0,water_per_shift_diff_前3天,,22 - 24日龄
Missing,66,0.0746606334841629,58,8,0.12121212121212122,-0.17177134589880216,0.002357424048896603,0.00029431626509454504,water_per_shift_diff_前3天,0.0009938826625064,22 - 24日龄
,884,1.0,792,92,0.10407239819004525,,0.12321111465454901,0.014337802027734079,water_per_shift_diff_前3天,,22 - 24日龄
"(-inf, -10.87)",156,0.17647058823529413,134,22,0.14102564102564102,-0.34597546817279,0.024197010674798774,0.0030096308427178566,water_per_shift_diff_前5天,0.0010659442929219205,22 - 24日龄
"[-10.87, -9.52)",47,0.053167420814479636,46,1,0.02127659574468085,1.6758685817237096,0.07911983861892787,0.008874118932036757,water_per_shift_diff_前5天,0.0007306348457064318,22 - 24日龄
"[-9.52, -7.01)",82,0.09276018099547512,76,6,0.07317073170731707,0.3862010562928906,0.011872671910629042,0.0014749291841370336,water_per_shift_diff_前5天,0.0007956643421363842,22 - 24日龄
"[-7.01, -2.72)",123,0.13914027149321267,113,10,0.08130081300813008,0.2720299109529094,0.009243879824322078,0.0011519353497961363,water_per_shift_diff_前5天,0.0009322015133908528,22 - 24日龄
"[-2.72, 4.55)",255,0.28846153846153844,228,27,0.10588235294117647,-0.019264051815273575,0.00010786853783256113,1.348335874120591e-05,water_per_shift_diff_前5天,0.0009702613433267737,22 - 24日龄
"[4.55, inf)",113,0.12782805429864252,97,16,0.1415929203539823,-0.35065055850178384,0.018036867222012053,0.002243128232584218,water_per_shift_diff_前5天,0.0009654745197225274,22 - 24日龄
Special,0,0.0,0,0,0.0,0.0,0.0,0.0,water_per_shift_diff_前5天,,22 - 24日龄
Missing,108,0.12217194570135746,98,10,0.09259259259259259,0.1296095709111409,0.0019495510776049952,0.00024352345592181792,water_per_shift_diff_前5天,0.0009278709861358037,22 - 24日龄
,884,1.0,792,92,0.10407239819004525,,0.14452768786612735,0.017010749355935027,water_per_shift_diff_前5天,,22 - 24日龄
"(-inf, 0.19)",251,0.2839366515837104,230,21,0.08366533864541832,0.24078405643438705,0.0149630847542669,0.0018658803485224855,water_per_shift_diff_前7天,0.0009611512591502985,22 - 24日龄
"[0.19, 3.88)",170,0.19230769230769232,151,19,0.11176470588235295,-0.07993195711690149,0.001268134365765512,0.00015847460992703122,water_per_shift_diff_前7天,0.0009628186389665076,22 - 24日龄
"[3.88, 6.09)",91,0.10294117647058823,80,11,0.12087912087912088,-0.1686414528898743,0.003129161785066842,0.0003906823751295479,water_per_shift_diff_前7天,0.0010578617801462495,22 - 24日龄
"[6.09, 7.06)",45,0.05090497737556561,34,11,0.24444444444444444,-1.0243075629475946,0.07849875701991889,0.00940469089014674,water_per_shift_diff_前7天,0.0010978217367282044,22 - 24日龄
"[7.06, 9.19)",76,0.08597285067873303,67,9,0.11842105263157894,-0.1453047727106389,0.0019224006490592867,0.00024008890528888754,water_per_shift_diff_前7天,0.0009258084643546039,22 - 24日龄
"[9.19, inf)",113,0.12782805429864252,106,7,0.061946902654867256,0.5647561302913684,0.03261547261015148,0.0040236029601445795,water_per_shift_diff_前7天,0.000786979137486977,22 - 24日龄
Special,0,0.0,0,0,0.0,0.0,0.0,0.0,water_per_shift_diff_前7天,,22 - 24日龄
Missing,138,0.15610859728506787,124,14,0.10144927536231885,0.028451421224392703,0.00012495134485899297,1.561839132642592e-05,water_per_shift_diff_前7天,0.0009229863679842943,22 - 24日龄
,884,1.0,792,92,0.10407239819004525,,0.13252196252908788,0.016099038480485696,water_per_shift_diff_前7天,,22 - 24日龄
"(-inf, -11.52)",255,0.27419354838709675,223,32,0.12549019607843137,-0.07773935856289205,0.0017070013026861844,0.00021332144935195217,water_per_diff,0.0011318793337427725,25 - 27日龄
"[-11.52, -6.42)",97,0.1043010752688172,85,12,0.12371134020618557,-0.06143062052096848,0.0004029520303703094,5.036108534977289e-05,water_per_diff,0.0009650385812970969,25 - 27日龄
"[-6.42, -1.68)",113,0.12150537634408602,102,11,0.09734513274336283,0.2079023132626161,0.004848552646460225,0.0006049799197538897,water_per_diff,0.0010658062694085444,25 - 27日龄
"[-1.68, 0.83)",53,0.05698924731182796,51,2,0.03773584905660377,1.219503224941096,0.05337856196956354,0.006287352251465156,water_per_diff,0.0008598322862586339,25 - 27日龄
"[0.83, 22.38)",360,0.3870967741935484,316,44,0.12222222222222222,-0.047622647554633524,0.0008940322038662214,0.00011174346631373424,water_per_diff,0.0009552133414056247,25 - 27日龄
"[22.38, inf)",52,0.05591397849462366,44,8,0.15384615384615385,-0.3144271349848591,0.006226071172917017,0.0007750687392051227,water_per_diff,0.0009454801368534231,25 - 27日龄
Special,0,0.0,0,0,0.0,0.0,0.0,0.0,water_per_diff,,25 - 27日龄
Missing,0,0.0,0,0,0.0,0.0,0.0,0.0,water_per_diff,,25 - 27日龄
,930,1.0,821,109,0.11720430107526882,,0.0674571713258635,0.008042826911439628,water_per_diff,,25 - 27日龄
"(-inf, -9.98)",246,0.2645161290322581,219,27,0.10975609756097561,0.07405963658888748,0.0014102026030848851,0.0001762350514237952,water_per_shift_diff,0.0010676891184632617,25 - 27日龄
"[-9.98, -6.06)",132,0.14193548387096774,118,14,0.10606060606060606,0.1124520676271219,0.0017190317079630144,0.0002147658164923026,water_per_shift_diff,0.0009061321527486962,25 - 27日龄
"[-6.06, -4.36)",48,0.05161290322580645,47,1,0.020833333333333332,1.830972374486774,0.08802023885664274,0.00968448560595149,water_per_shift_diff,0.0008677384026897084,25 - 27日龄
"[-4.36, 0.23)",173,0.1860215053763441,154,19,0.10982658959537572,0.07333839602390446,0.000972775157621319,0.00012156965155515898,water_per_shift_diff,0.0009708876082313434,25 - 27日龄
"[0.23, inf)",331,0.35591397849462364,283,48,0.14501510574018128,-0.2449293404879378,0.02343126064563506,0.0029216083749712685,water_per_shift_diff,0.0010556223422041773,25 - 27日龄
Special,0,0.0,0,0,0.0,0.0,0.0,0.0,water_per_shift_diff,,25 - 27日龄
Missing,0,0.0,0,0,0.0,0.0,0.0,0.0,water_per_shift_diff,,25 - 27日龄
,930,1.0,821,109,0.11720430107526882,,0.11555350897094702,0.013118664500394015,water_per_shift_diff,,25 - 27日龄
"(-inf, -15.10)",130,0.13978494623655913,110,20,0.15384615384615385,-0.3144271349848591,0.015565177932292543,0.0019376718480128077,water_per_diff_前1天,0.0012352958318476632,25 - 27日龄
"[-15.10, -7.05)",114,0.12258064516129032,98,16,0.14035087719298245,-0.20679647079249364,0.005670848253134802,0.0007075956398971128,water_per_diff_前1天,0.001002161618475336,25 - 27日龄
"[-7.05, 4.78)",275,0.2956989247311828,245,30,0.10909090909090909,0.0808856016592876,0.0018755112186192747,0.00023437501439453265,water_per_diff_前1天,0.001053936395752109,25 - 27日龄
"[4.78, 15.19)",245,0.26344086021505375,221,24,0.09795918367346938,0.2009336439465228,0.009845836121819449,0.0012286632741706736,water_per_diff_前1天,0.0009048129285427845,25 - 27日龄
"[15.19, 18.84)",65,0.06989247311827956,63,2,0.03076923076923077,1.4308123186083028,0.08354093089349955,0.009634092636576524,water_per_diff_前1天,0.0008594644604041399,25 - 27日龄
"[18.84, inf)",101,0.1086021505376344,84,17,0.16831683168316833,-0.42157177243618693,0.022616925873192615,0.002806364896501082,water_per_diff_前1天,0.0009809427052478773,25 - 27日龄
Special,0,0.0,0,0,0.0,0.0,0.0,0.0,water_per_diff_前1天,,25 - 27日龄
Missing,0,0.0,0,0,0.0,0.0,0.0,0.0,water_per_diff_前1天,,25 - 27日龄
,930,1.0,821,109,0.11720430107526882,,0.13911523029255823,0.01654876330955273,water_per_diff_前1天,,25 - 27日龄
"(-inf, -6.64)",173,0.1860215053763441,147,26,0.15028901734104047,-0.28683917846603024,0.017061817061031853,0.002125445671080065,water_per_diff_前2天,0.0012175417487855613,25 - 27日龄
"[-6.64, -2.81)",60,0.06451612903225806,59,1,0.016666666666666666,2.0583622166824354,0.12903722284960675,0.013775325165209386,water_per_diff_前2天,0.000864082908519905,25 - 27日龄
"[-2.81, 6.62)",250,0.26881720430107525,230,20,0.08,0.4231718081459199,0.04090375510355691,0.0050751576543096345,water_per_diff_前2天,0.0009992861534848783,25 - 27日龄
"[6.62, 20.55)",341,0.36666666666666664,296,45,0.13196480938416422,-0.13547826266954366,0.007086611176302521,0.0008851495691224558,water_per_diff_前2天,0.0009540702494194641,25 - 27日龄
"[20.55, inf)",95,0.10215053763440861,79,16,0.16842105263157894,-0.422316096996044,0.021354360188482385,0.002649633944826193,water_per_diff_前2天,0.0009667499213646759,25 - 27日龄
Special,0,0.0,0,0,0.0,0.0,0.0,0.0,water_per_diff_前2天,,25 - 27日龄
Missing,11,0.011827956989247311,10,1,0.09090909090909091,0.28340986577076155,0.0008519175976079146,0.00010613473421657352,water_per_diff_前2天,0.0010733208294094454,25 - 27日龄
,930,1.0,821,109,0.11720430107526882,,0.21629568397658835,0.024616846738764308,water_per_diff_前2天,,25 - 27日龄
"(-inf, -5.46)",147,0.15806451612903225,122,25,0.17006802721088435,-0.4340300073582286,0.03505162492795673,0.004347382686638555,water_per_diff_前3天,0.001258845054416194,25 - 27日龄
"[-5.46, 1.66)",153,0.16451612903225807,137,16,0.10457516339869281,0.12821697636505913,0.0025746841123267744,0.00032161524321865347,water_per_diff_前3天,0.0010313927404007666,25 - 27日龄
"[1.66, 4.18)",70,0.07526881720430108,69,1,0.014285714285714285,2.2149312773739753,0.1658308793081343,0.017317835535042875,water_per_diff_前3天,0.0008137578826166571,25 - 27日龄
"[4.18, 17.89)",362,0.38924731182795697,322,40,0.11049723756906077,0.06649686420718792,0.0016778589478017275,0.0002096937352874936,water_per_diff_前3天,0.0009404857505046274,25 - 27日龄
"[17.89, inf)",176,0.18924731182795698,151,25,0.14204545454545456,-0.22077121527656085,0.010030906159578247,0.0012513230756778099,water_per_diff_前3天,0.0010140139733546853,25 - 27日龄
Special,0,0.0,0,0,0.0,0.0,0.0,0.0,water_per_diff_前3天,,25 - 27日龄
Missing,22,0.023655913978494623,20,2,0.09090909090909091,0.28340986577076155,0.0017038351952158293,0.00021226946843314705,water_per_diff_前3天,0.00102492259412445,25 - 27日龄
,930,1.0,821,109,0.11720430107526882,,0.2168697886510136,0.023660119744298536,water_per_diff_前3天,,25 - 27日龄
"(-inf, -5.45)",119,0.12795698924731183,101,18,0.15126050420168066,-0.2944264682781894,0.012400332542999668,0.0015444670403635674,water_per_diff_前5天,0.0011540076284286816,25 - 27日龄
"[-5.45, 4.57)",251,0.2698924731182796,223,28,0.11155378486055777,0.05579203406163069,0.0008223322746626964,0.00010277820455499923,water_per_diff_前5天,0.0009769611430229717,25 - 27日龄
"[4.57, 12.10)",212,0.22795698924731184,195,17,0.08018867924528301,0.4206109872842463,0.03430163467242262,0.004256374907278097,water_per_diff_前5天,0.0009808501490400645,25 - 27日龄
"[12.10, 13.99)",47,0.05053763440860215,45,2,0.0425531914893617,1.0943400819870899,0.0399024649680282,0.004752929987595252,water_per_diff_前5天,0.0008248546581259384,25 - 27日龄
"[13.99, 16.95)",59,0.06344086021505377,57,2,0.03389830508474576,1.3307288600513205,0.06797217109694584,0.007920339584623,water_per_diff_前5天,0.0008831445996022356,25 - 27日龄
"[16.95, inf)",195,0.20967741935483872,164,31,0.15897435897435896,-0.3532960038842321,0.029905544026897834,0.0037188721123539506,water_per_diff_前5天,0.0010529765297194109,25 - 27日龄
Special,0,0.0,0,0,0.0,0.0,0.0,0.0,water_per_diff_前5天,,25 - 27日龄
Missing,47,0.05053763440860215,36,11,0.23404255319148937,-0.8335515615655449,0.047569509380094084,0.005779810920135912,water_per_diff_前5天,0.0011616691967126086,25 - 27日龄
,930,1.0,821,109,0.11720430107526882,,0.23287398896205097,0.028075572756904775,water_per_diff_前5天,,25 - 27日龄
"(-inf, -1.19)",299,0.32150537634408605,262,37,0.12374581939799331,-0.0617486361064119,0.0012551349224772183,0.00015686694455803712,water_per_diff_前7天,0.0010874066061167336,25 - 27日龄
"[-1.19, 4.94)",204,0.21935483870967742,189,15,0.07352941176470588,0.5145215867341477,0.047640781187399,0.005890267170902828,water_per_diff_前7天,0.000889236571634144,25 - 27日龄
"[4.94, 7.96)",89,0.0956989247311828,86,3,0.033707865168539325,1.3365597803621139,0.1032189949835462,0.012020354041698381,water_per_diff_前7天,0.000910925402313927,25 - 27日龄
"[7.96, 12.94)",110,0.11827956989247312,94,16,0.14545454545454545,-0.24846916719306167,0.008024180549430087,0.00100045035981902,water_per_diff_前7天,0.0009740023102297781,25 - 27日龄
"[12.94, inf)",132,0.14193548387096774,112,20,0.15151515151515152,-0.29640862948218083,0.013951135305779998,0.0017375358681995696,water_per_diff_前7天,0.0010542037627356711,25 - 27日龄
Special,0,0.0,0,0,0.0,0.0,0.0,0.0,water_per_diff_前7天,,25 - 27日龄
Missing,96,0.1032258064516129,78,18,0.1875,-0.5528381584298574,0.03877138287728978,0.004785633638658445,water_per_diff_前7天,0.0011185480695094687,25 - 27日龄
,930,1.0,821,109,0.11720430107526882,,0.21286160982592225,0.02559110802383628,water_per_diff_前7天,,25 - 27日龄
"(-inf, -18.12)",50,0.053763440860215055,40,10,0.2,-0.6328808661033938,0.027227830621619053,0.0033477915568691542,water_per_shift_diff_前1天,0.001019856738007578,25 - 27日龄
"[-18.12, -5.00)",316,0.33978494623655914,273,43,0.1360759493670886,-0.17090354773188698,0.010591593108885423,0.001322340240652628,water_per_shift_diff_前1天,0.0010213489061772136,25 - 27日龄
"[-5.00, -1.65)",136,0.14623655913978495,124,12,0.08823529411764706,0.3161996885937519,0.012946347137720922,0.0016115852234193893,water_per_shift_diff_前1天,0.0008834271598709168,25 - 27日龄
"[-1.65, -0.18)",61,0.06559139784946237,60,1,0.01639344262295082,2.075169334998816,0.1326184606695597,0.014124867940468688,water_per_shift_diff_前1天,0.0008694638193214624,25 - 27日龄
"[-0.18, 1.08)",55,0.05913978494623656,51,4,0.07272727272727272,0.5263560443811506,0.013381085954330891,0.0016535907733587546,water_per_shift_diff_前1天,0.0012093060242937947,25 - 27日龄
"[1.08, inf)",301,0.32365591397849464,263,38,0.12624584717607973,-0.08460735477190551,0.0023929333764786055,0.0002990274873914513,water_per_shift_diff_前1天,0.0010499871219083272,25 - 27日龄
Special,0,0.0,0,0,0.0,0.0,0.0,0.0,water_per_shift_diff_前1天,,25 - 27日龄
Missing,11,0.011827956989247311,10,1,0.09090909090909091,0.28340986577076155,0.0008519175976079146,0.00010613473421657352,water_per_shift_diff_前1天,0.0010733208294094454,25 - 27日龄
,930,1.0,821,109,0.11720430107526882,,0.2000101684662025,0.02246533795637664,water_per_shift_diff_前1天,,25 - 27日龄
"(-inf, -13.45)",74,0.07956989247311828,65,9,0.12162162162162163,-0.042012534663866674,0.00014271933464242008,1.7838604929415968e-05,water_per_shift_diff_前2天,0.0011159712407743919,25 - 27日龄
"[-13.45, -9.80)",70,0.07526881720430108,67,3,0.04285714285714286,1.0869051034995718,0.058785109912256564,0.007006537972691462,water_per_shift_diff_前2天,0.0010792276595369386,25 - 27日龄
"[-9.80, -2.65)",280,0.3010752688172043,249,31,0.11071428571428571,0.0642904647562772,0.0012141255957504008,0.00015173956788243435,water_per_shift_diff_前2天,0.00100022520524309,25 - 27日龄
"[-2.65, 1.10)",142,0.15268817204301074,126,16,0.11267605633802817,0.044517957488412474,0.0002974861555953286,3.718269906355528e-05,water_per_shift_diff_前2天,0.0009189105618318458,25 - 27日龄
"[1.10, 5.42)",159,0.17096774193548386,140,19,0.11949685534591195,-0.02197178378042053,8.323296384541844e-05,1.0403911207175552e-05,water_per_shift_diff_前2天,0.0010382008029139454,25 - 27日龄
"[5.42, inf)",183,0.1967741935483871,154,29,0.15846994535519127,-0.3495184547961294,0.027429830571726332,0.0034113820527219424,water_per_shift_diff_前2天,0.001010866514537531,25 - 27日龄
Special,0,0.0,0,0,0.0,0.0,0.0,0.0,water_per_shift_diff_前2天,,25 - 27日龄
Missing,22,0.023655913978494623,20,2,0.09090909090909091,0.28340986577076155,0.0017038351952158293,0.00021226946843314705,water_per_shift_diff_前2天,0.00102492259412445,25 - 27日龄
,930,1.0,821,109,0.11720430107526882,,0.0896563397290323,0.010847354276929132,water_per_shift_diff_前2天,,25 - 27日龄
"(-inf, -7.09)",218,0.23440860215053763,186,32,0.14678899082568808,-0.25916445630980967,0.017370497032554166,0.002165255845673439,water_per_shift_diff_前3天,0.001048773063820832,25 - 27日龄
"[-7.09, -4.26)",116,0.12473118279569892,104,12,0.10344827586206896,0.14030902213008778,0.0023267506491417914,0.000290605493542909,water_per_shift_diff_前3天,0.0011709784407544328,25 - 27日龄
"[-4.26, -2.66)",74,0.07956989247311828,72,2,0.02702702702702703,1.5643437112328256,0.10848614993922062,0.012327801239061844,water_per_shift_diff_前3天,0.000874169279478496,25 - 27日龄
"[-2.66, 6.80)",343,0.3688172043010753,304,39,0.11370262390670553,0.0342908280532912,0.00042801746511331716,5.34995619964505e-05,water_per_shift_diff_前3天,0.000989634748191044,25 - 27日龄
"[6.80, inf)",147,0.15806451612903225,129,18,0.12244897959183673,-0.049734580757776925,0.0003984813150591285,4.980503139794109e-05,water_per_shift_diff_前3天,0.000933103824764268,25 - 27日龄
Special,0,0.0,0,0,0.0,0.0,0.0,0.0,water_per_shift_diff_前3天,,25 - 27日龄
Missing,32,0.034408602150537634,26,6,0.1875,-0.5528381584298574,0.012923794292429939,0.001595211212886154,water_per_shift_diff_前3天,0.00111004461049255,25 - 27日龄
,930,1.0,821,109,0.11720430107526882,,0.14193369069351894,0.01648217838455874,water_per_shift_diff_前3天,,25 - 27日龄
"(-inf, 5.16)",503,0.5408602150537635,443,60,0.11928429423459244,-0.01995001940024954,0.00021691346284395904,2.7113733217241746e-05,water_per_shift_diff_前5天,0.0010384070952517005,25 - 27日龄
"[5.16, 6.42)",71,0.07634408602150537,69,2,0.028169014084507043,1.52178409681403,0.09997394881124695,0.011415252305681281,water_per_shift_diff_前5天,0.0008438974128926732,25 - 27日龄
"[6.42, 8.06)",63,0.06774193548387097,59,4,0.06349206349206349,0.6720678555625446,0.023634162203794058,0.002899897528598784,water_per_shift_diff_前5天,0.000837833749186908,25 - 27日龄
"[8.06, 11.35)",100,0.10752688172043011,89,11,0.11,0.07156586971048506,0.0005358103532950952,6.696200487421133e-05,water_per_shift_diff_前5天,0.000930277278319613,25 - 27日龄
"[11.35, inf)",119,0.12795698924731183,103,16,0.13445378151260504,-0.15703496123342986,0.0033499060330835924,0.00041830853074677904,water_per_shift_diff_前5天,0.0010930171356361503,25 - 27日龄
Special,0,0.0,0,0,0.0,0.0,0.0,0.0,water_per_shift_diff_前5天,,25 - 27日龄
Missing,74,0.07956989247311828,58,16,0.21621621621621623,-0.7313209389166462,0.055685289563835005,0.006809578449888274,water_per_shift_diff_前5天,0.0011239349152578095,25 - 27日龄
,930,1.0,821,109,0.11720430107526882,,0.18339603042809866,0.02163711255300657,water_per_shift_diff_前5天,,25 - 27日龄
"(-inf, -13.67)",92,0.0989247311827957,78,14,0.15217391304347827,-0.3015237301489513,0.010081227867175436,0.0012554013778713624,water_per_shift_diff_前7天,0.0011099182575725467,25 - 27日龄
"[-13.67, -10.37)",77,0.08279569892473118,68,9,0.11688311688311688,0.003107900616603043,7.987765444005939e-07,9.984702786103175e-08,water_per_shift_diff_前7天,0.0009380855389936545,25 - 27日龄
"[-10.37, -7.38)",91,0.0978494623655914,88,3,0.03296703296703297,1.3595492985868125,0.10830634993826486,0.012583378723479042,water_per_shift_diff_前7天,0.00086242335534391,25 - 27日龄
"[-7.38, 10.70)",490,0.5268817204301075,437,53,0.10816326530612246,0.09046605432018406,0.00416498277776215,0.0005204453851248864,water_per_shift_diff_前7天,0.0010091594591801628,25 - 27日龄
"[10.70, inf)",58,0.06236559139784946,47,11,0.1896551724137931,-0.5669228983115961,0.02475762033994926,0.0030539138585906657,water_per_shift_diff_前7天,0.0010233789123160171,25 - 27日龄
Special,0,0.0,0,0,0.0,0.0,0.0,0.0,water_per_shift_diff_前7天,,25 - 27日龄
Missing,122,0.13118279569892474,103,19,0.1557377049180328,-0.3288852181600892,0.01606774211127524,0.0019994644835844236,water_per_shift_diff_前7天,0.001103420153109927,25 - 27日龄
,930,1.0,821,109,0.11720430107526882,,0.16337872181097135,0.01941270367567824,water_per_shift_diff_前7天,,25 - 27日龄
"(-inf, -33.22)",119,0.12579281183932348,71,48,0.40336134453781514,-0.7906351443800125,0.0934134773765395,0.011381752343175646,water_per_diff,0.0017783097786025883,28 - 30日龄
"[-33.22, -21.53)",149,0.15750528541226216,102,47,0.31543624161073824,-0.4072887989392243,0.02884734263553414,0.0035811992030459483,water_per_diff,0.0015589578717012677,28 - 30日龄
"[-21.53, -10.00)",200,0.21141649048625794,151,49,0.245,-0.05665447180913907,0.0006887588840467006,8.608334813730223e-05,water_per_diff,0.0012250059344990295,28 - 30日龄
"[-10.00, 1.53)",221,0.23361522198731502,177,44,0.19909502262443438,0.20984608814213135,0.009711034814103141,0.001211657009106748,water_per_diff,0.0010644307506378493,28 - 30日龄
"[1.53, 5.34)",56,0.05919661733615222,52,4,0.07142857142857142,1.3828353469480998,0.07440371360563913,0.00862375496908877,water_per_diff,0.0009037736736941161,28 - 30日龄
"[5.34, inf)",201,0.2124735729386892,171,30,0.14925373134328357,0.5583521643270677,0.05642299943382753,0.006962663598155644,water_per_diff,0.0010158159932435015,28 - 30日龄
Special,0,0.0,0,0,0.0,0.0,0.0,0.0,water_per_diff,,28 - 30日龄
Missing,0,0.0,0,0,0.0,0.0,0.0,0.0,water_per_diff,,28 - 30日龄
,946,1.0,724,222,0.2346723044397463,,0.2634873267496901,0.03184711047071006,water_per_diff,,28 - 30日龄
"(-inf, -13.03)",137,0.14482029598308668,89,48,0.35036496350364965,-0.5646786516891881,0.05267776431877263,0.00649860787511446,water_per_shift_diff,0.0014189500317328743,28 - 30日龄
"[-13.03, -3.05)",282,0.29809725158562367,215,67,0.2375886524822695,-0.016168601776740177,7.826372618525744e-05,9.782859212077418e-06,water_per_shift_diff,0.001265836672043707,28 - 30日龄
"[-3.05, 1.25)",113,0.11945031712473574,89,24,0.21238938053097345,0.12846852887075721,0.0019039124220431027,0.00023782552893457593,water_per_shift_diff,0.0011179322754671557,28 - 30日龄
"[1.25, 3.43)",60,0.06342494714587738,52,8,0.13333333333333333,0.6896881663881544,0.024681986542884032,0.0030255182753985725,water_per_shift_diff,0.0014146579357546965,28 - 30日龄
"[3.43, inf)",354,0.37420718816067655,279,75,0.211864406779661,0.13160965777161837,0.006254259158700538,0.0007812186608397581,water_per_shift_diff,0.001176176244519724,28 - 30日龄
Special,0,0.0,0,0,0.0,0.0,0.0,0.0,water_per_shift_diff,,28 - 30日龄
Missing,0,0.0,0,0,0.0,0.0,0.0,0.0,water_per_shift_diff,,28 - 30日龄
,946,1.0,724,222,0.2346723044397463,,0.08559618616858555,0.010552953199499445,water_per_shift_diff,,28 - 30日龄
"(-inf, -36.38)",78,0.0824524312896406,43,35,0.44871794871794873,-0.976261956309288,0.09593276428468528,0.011536981419667611,water_per_diff_前1天,0.001669336087778119,28 - 30日龄
"[-36.38, -29.12)",58,0.0613107822410148,39,19,0.3275862068965517,-0.46299134355023086,0.014685243824467904,0.0018194336751467845,water_per_diff_前1天,0.00171866196401355,28 - 30日龄
"[-29.12, -19.40)",134,0.1416490486257928,96,38,0.2835820895522388,-0.25535197877198634,0.009850071352759426,0.00122792462938235,water_per_diff_前1天,0.0013916997131048015,28 - 30日龄
"[-19.40, 1.73)",396,0.4186046511627907,314,82,0.20707070707070707,0.1605597281305633,0.010329174685618099,0.001289761744851868,water_per_diff_前1天,0.0012115116418336084,28 - 30日龄
"[1.73, 4.41)",51,0.05391120507399577,47,4,0.0784313725490196,1.2817392300767312,0.06011242792990891,0.0070385554169827575,water_per_diff_前1天,0.0008638166370912411,28 - 30日龄
"[4.41, inf)",229,0.24207188160676532,185,44,0.19213973799126638,0.2540521806466267,0.014563963917164514,0.0018156154283858836,water_per_diff_前1天,0.0010425444573078473,28 - 30日龄
Special,0,0.0,0,0,0.0,0.0,0.0,0.0,water_per_diff_前1天,,28 - 30日龄
Missing,0,0.0,0,0,0.0,0.0,0.0,0.0,water_per_diff_前1天,,28 - 30日龄
,946,1.0,724,222,0.2346723044397463,,0.20547364599460413,0.024728272314417255,water_per_diff_前1天,,28 - 30日龄
"(-inf, -37.91)",48,0.0507399577167019,30,18,0.375,-0.6712883867474463,0.02661297098423877,0.003265534399195788,water_per_diff_前2天,0.001454780415406627,28 - 30日龄
"[-37.91, -28.93)",51,0.05391120507399577,27,24,0.47058823529411764,-1.0643309748570535,0.0753709070966041,0.009000428208633433,water_per_diff_前2天,0.001883304221436106,28 - 30日龄
"[-28.93, -11.80)",238,0.25158562367864695,174,64,0.2689075630252101,-0.18194179465857974,0.00872534563503766,0.0010891663486364937,water_per_diff_前2天,0.0014465597860227328,28 - 30日龄
"[-11.80, -7.30)",99,0.10465116279069768,76,23,0.23232323232323232,0.013125113843744707,1.7965289468068905e-05,2.2456450645968475e-06,water_per_diff_前2天,0.0011495706393185282,28 - 30日龄
"[-7.30, 11.57)",366,0.386892177589852,287,79,0.21584699453551912,0.10792035277916256,0.0043764923312340324,0.0005467962160011636,water_per_diff_前2天,0.0011390357359394843,28 - 30日龄
"[11.57, inf)",143,0.1511627906976744,129,14,0.0979020979020979,1.0386410642329766,0.11956184964933635,0.014307722923384104,water_per_diff_前2天,0.000959691875172251,28 - 30日龄
Special,0,0.0,0,0,0.0,0.0,0.0,0.0,water_per_diff_前2天,,28 - 30日龄
Missing,1,0.0010570824524312897,1,0,0.0,0.0,0.0,0.0,water_per_diff_前2天,0.0008445945945945,28 - 30日龄
,946,1.0,724,222,0.2346723044397463,,0.23466553098591897,0.02821189374091558,water_per_diff_前2天,,28 - 30日龄
"(-inf, -16.96)",143,0.1511627906976744,87,56,0.3916083916083916,-0.7415575825940025,0.09794975037622981,0.011970674034182296,water_per_diff_前3天,0.0017440153323575707,28 - 30日龄
"[-16.96, -6.91)",177,0.18710359408033828,130,47,0.2655367231638418,-0.1647271617679129,0.005296587850384339,0.000661325937558124,water_per_diff_前3天,0.0012475899926320379,28 - 30日龄
"[-6.91, 7.96)",337,0.3562367864693446,258,79,0.2344213649851632,0.001397721941159169,6.956955558006339e-07,8.696193741605969e-08,water_per_diff_前3天,0.0012457543427976472,28 - 30日龄
"[7.96, 11.55)",77,0.08139534883720931,72,5,0.06493506493506493,1.4851141960685184,0.11424239659667984,0.013097523193043352,water_per_diff_前3天,0.0009440050089160233,28 - 30日龄
"[11.55, 16.69)",82,0.08668076109936575,69,13,0.15853658536585366,0.4870431366222858,0.017896550475904764,0.0022152170443320834,water_per_diff_前3天,0.0010173960229350782,28 - 30日龄
"[16.69, inf)",127,0.13424947145877378,106,21,0.16535433070866143,0.43680264587520723,0.022632599390577397,0.0028067965736531288,water_per_diff_前3天,0.0010199834903964857,28 - 30日龄
Special,0,0.0,0,0,0.0,0.0,0.0,0.0,water_per_diff_前3天,,28 - 30日龄
Missing,3,0.003171247357293869,2,1,0.3333333333333333,-0.4889668299534916,0.0008518161887597535,0.00010542881720607871,water_per_diff_前3天,0.0010815707011358332,28 - 30日龄
,946,1.0,724,222,0.2346723044397463,,0.2588703965740917,0.030857052561912478,water_per_diff_前3天,,28 - 30日龄
"(-inf, -15.43)",56,0.05919661733615222,42,14,0.25,-0.08350172184532711,0.0004218518126176248,5.271616224103914e-05,water_per_diff_前5天,0.0014513635010162216,28 - 30日龄
"[-15.43, -10.99)",49,0.05179704016913319,30,19,0.3877551020408163,-0.7253556080177219,0.03202381286704093,0.003917466683453424,water_per_diff_前5天,0.0019510166272743408,28 - 30日龄
"[-10.99, -3.35)",104,0.10993657505285412,72,32,0.3076923076923077,-0.3711837942971081,0.016590664838923058,0.002062009212144328,water_per_diff_前5天,0.001495423864451552,28 - 30日龄
"[-3.35, 9.57)",362,0.38266384778012685,274,88,0.2430939226519337,-0.046322718603573065,0.0008311851105762876,0.0001038888504839965,water_per_diff_前5天,0.0012352818829518806,28 - 30日龄
"[9.57, 19.76)",246,0.26004228329809725,200,46,0.18699186991869918,0.287561959545505,0.01985209486285478,0.0024729970161828686,water_per_diff_前5天,0.001090182147998858,28 - 30日龄
"[19.76, inf)",108,0.11416490486257928,93,15,0.1388888888888889,0.6424352815376089,0.039114974771832164,0.004806987979083374,water_per_diff_前5天,0.0009664877186558296,28 - 30日龄
Special,0,0.0,0,0,0.0,0.0,0.0,0.0,water_per_diff_前5天,,28 - 30日龄
Missing,21,0.022198731501057084,13,8,0.38095238095238093,-0.6966061947317361,0.01259480365518407,0.0015432712080875283,water_per_diff_前5天,0.0012760253975876096,28 - 30日龄
,946,1.0,724,222,0.2346723044397463,,0.12142938791902891,0.01495933711167656,water_per_diff_前5天,,28 - 30日龄
"(-inf, -11.87)",48,0.0507399577167019,41,7,0.14583333333333334,0.5855479071355576,0.014696258631880196,0.0018112301134808207,water_per_diff_前7天,0.0013876036293005668,28 - 30日龄
"[-11.87, -3.87)",71,0.07505285412262157,41,30,0.4225352112676056,-0.8697393254712844,0.06827914743415378,0.008275665141958053,water_per_diff_前7天,0.0019188218272004015,28 - 30日龄
"[-3.87, 11.96)",438,0.4630021141649049,336,102,0.2328767123287671,0.01002433616549614,4.640203391524198e-05,5.800229954002704e-06,water_per_diff_前7天,0.001229102337298988,28 - 30日龄
"[11.96, 28.68)",301,0.3181818181818182,238,63,0.20930232558139536,0.1470219367665051,0.006607974162568024,0.0008252536445840369,water_per_diff_前7天,0.0011219979340804326,28 - 30日龄
"[28.68, inf)",49,0.05179704016913319,41,8,0.16326530612244897,0.4520165145110351,0.009308736891092566,0.00115378622031451,water_per_diff_前7天,0.001045340961365198,28 - 30日龄
Special,0,0.0,0,0,0.0,0.0,0.0,0.0,water_per_diff_前7天,,28 - 30日龄
Missing,39,0.0412262156448203,27,12,0.3076923076923077,-0.3711837942971081,0.006221499314596146,0.0007732534545541229,water_per_diff_前7天,0.0012513609424888307,28 - 30日龄
,946,1.0,724,222,0.2346723044397463,,0.10516001846820597,0.012844988804845546,water_per_diff_前7天,,28 - 30日龄
"(-inf, -17.02)",105,0.1109936575052854,73,32,0.3047619047619048,-0.3573904721647725,0.015480516569677616,0.001924831484672273,water_per_shift_diff_前1天,0.0014287870717256694,28 - 30日龄
"[-17.02, -12.25)",76,0.080338266384778,55,21,0.27631578947368424,-0.21930326300438918,0.00408512499026393,0.0005096197985580428,water_per_shift_diff_前1天,0.0012549804237544065,28 - 30日龄
"[-12.25, 3.39)",465,0.4915433403805497,361,104,0.22365591397849463,0.06237304867807136,0.0018805671313892633,0.0002350327938701966,water_per_shift_diff_前1天,0.0012399051271479913,28 - 30日龄
"[3.39, 6.49)",85,0.08985200845665962,77,8,0.09411764705882353,1.082249869660411,0.07610116486798796,0.009073993470584083,water_per_shift_diff_前1天,0.0010146098892127588,28 - 30日龄
"[6.49, 13.68)",129,0.13636363636363635,102,27,0.20930232558139536,0.1470219367665051,0.002831988926814864,0.0003536801333931432,water_per_shift_diff_前1天,0.001167720990979059,28 - 30日龄
"[13.68, inf)",85,0.08985200845665962,55,30,0.35294117647058826,-0.5759782069431215,0.03407964230270448,0.004202029853699486,water_per_shift_diff_前1天,0.0014029979743818588,28 - 30日龄
Special,0,0.0,0,0,0.0,0.0,0.0,0.0,water_per_shift_diff_前1天,,28 - 30日龄
Missing,1,0.0010570824524312897,1,0,0.0,0.0,0.0,0.0,water_per_shift_diff_前1天,0.0008445945945945,28 - 30日龄
,946,1.0,724,222,0.2346723044397463,,0.1344590047888381,0.016299187534777222,water_per_shift_diff_前1天,,28 - 30日龄
"(-inf, -13.26)",204,0.2156448202959831,141,63,0.3088235294117647,-0.37648884652680126,0.03351970654645441,0.004165391479048101,water_per_shift_diff_前2天,0.0014340427884472293,28 - 30日龄
"[-13.26, -3.92)",310,0.3276955602536998,241,69,0.22258064516129034,0.06857641837995865,0.0015129409908375255,0.0001890805755572801,water_per_shift_diff_前2天,0.0011687198520055626,28 - 30日龄
"[-3.92, -2.01)",67,0.0708245243128964,61,6,0.08955223880597014,1.1370003844318195,0.06506725359616168,0.007721792227103608,water_per_shift_diff_前2天,0.0009561082589183209,28 - 30日龄
"[-2.01, 0.22)",60,0.06342494714587738,51,9,0.15,0.5524870448746695,0.016520162869367264,0.002039150975776123,water_per_shift_diff_前2天,0.001028864895740235,28 - 30日龄
"[0.22, 13.57)",253,0.26744186046511625,196,57,0.22529644268774704,0.052949380882530095,0.0007392514726768049,9.239564084380977e-05,water_per_shift_diff_前2天,0.00125732784946021,28 - 30日龄
"[13.57, inf)",49,0.05179704016913319,32,17,0.3469387755102041,-0.5495914517699264,0.017794497007433033,0.002196734217913246,water_per_shift_diff_前2天,0.001570339216796743,28 - 30日龄
Special,0,0.0,0,0,0.0,0.0,0.0,0.0,water_per_shift_diff_前2天,,28 - 30日龄
Missing,3,0.003171247357293869,2,1,0.3333333333333333,-0.4889668299534916,0.0008518161887597535,0.00010542881720607871,water_per_shift_diff_前2天,0.0010815707011358332,28 - 30日龄
,946,1.0,724,222,0.2346723044397463,,0.13600562867169047,0.016509973933448246,water_per_shift_diff_前2天,,28 - 30日龄
"(-inf, -17.48)",81,0.08562367864693446,49,32,0.3950617283950617,-0.7560296152025368,0.05780949163082463,0.007058861225559727,water_per_shift_diff_前3天,0.0014830473288588704,28 - 30日龄
"[-17.48, -8.36)",184,0.1945031712473573,140,44,0.2391304347826087,-0.02466122182239383,0.00011906517927291768,1.4882770271791362e-05,water_per_shift_diff_前3天,0.0012628184533981979,28 - 30日龄
"[-8.36, -7.39)",48,0.0507399577167019,43,5,0.10416666666666667,0.969648192746025,0.03575067934779843,0.004301602233118057,water_per_shift_diff_前3天,0.0009275557657768083,28 - 30日龄
"[-7.39, -1.57)",198,0.20930232558139536,157,41,0.20707070707070707,0.1605597281305633,0.005164587342809049,0.000644880872425934,water_per_shift_diff_前3天,0.0011474913763525384,28 - 30日龄
"[-1.57, 13.11)",376,0.3974630021141649,292,84,0.22340425531914893,0.06382299291153126,0.0015915245357959852,0.00019890680887411916,water_per_shift_diff_前3天,0.00127700888711063,28 - 30日龄
"[13.11, inf)",48,0.0507399577167019,35,13,0.2708333333333333,-0.1917153064855599,0.0019585668536240683,0.0002444466138930793,water_per_shift_diff_前3天,0.001304643611005175,28 - 30日龄
Special,0,0.0,0,0,0.0,0.0,0.0,0.0,water_per_shift_diff_前3天,,28 - 30日龄
Missing,11,0.011627906976744186,8,3,0.2727272727272727,-0.2012847575017106,0.0004959233236939269,6.188597799828828e-05,water_per_shift_diff_前3天,0.0010858796797282,28 - 30日龄
,946,1.0,724,222,0.2346723044397463,,0.10288983821381902,0.012525466502140996,water_per_shift_diff_前3天,,28 - 30日龄
"(-inf, -14.16)",60,0.06342494714587738,35,25,0.4166666666666667,-0.845641773892224,0.05434945699757773,0.006598227562694448,water_per_shift_diff_前5天,0.0014422127809796818,28 - 30日龄
"[-14.16, -7.57)",144,0.1522198731501057,109,35,0.24305555555555555,-0.04611418977370674,0.0003276492255336548,4.0952524660136866e-05,water_per_shift_diff_前5天,0.0012806765093128182,28 - 30日龄
"[-7.57, -5.21)",108,0.11416490486257928,83,25,0.23148148148148148,0.01785077241496036,3.6206210537535734e-05,4.525716229025756e-06,water_per_shift_diff_前5天,0.0013344063830285492,28 - 30日龄
"[-5.21, -4.02)",51,0.05391120507399577,48,3,0.058823529411764705,1.5904747117263442,0.08395293573171012,0.00951139504886403,water_per_shift_diff_前5天,0.0011537820683663492,28 - 30日龄
"[-4.02, 3.50)",305,0.3224101479915433,243,62,0.20327868852459016,0.1838130477820199,0.01035898279583855,0.0012930529995262233,water_per_shift_diff_前5天,0.001188209539524921,28 - 30日龄
"[3.50, inf)",248,0.26215644820295986,186,62,0.25,-0.08350172184532711,0.00186820088444948,0.00023345728992460284,water_per_shift_diff_前5天,0.0012287869771238327,28 - 30日龄
Special,0,0.0,0,0,0.0,0.0,0.0,0.0,water_per_shift_diff_前5天,,28 - 30日龄
Missing,30,0.03171247357293869,20,10,0.3333333333333333,-0.4889668299534916,0.008518161887597533,0.0010542881720607888,water_per_shift_diff_前5天,0.0012627423587125534,28 - 30日龄
,946,1.0,724,222,0.2346723044397463,,0.1594115937332446,0.018735899313959255,water_per_shift_diff_前5天,,28 - 30日龄
"(-inf, -9.35)",91,0.09619450317124736,61,30,0.32967032967032966,-0.4724375280022811,0.024038089841238952,0.002977125468739102,water_per_shift_diff_前7天,0.0013994578244643505,28 - 30日龄
"[-9.35, -5.63)",91,0.09619450317124736,70,21,0.23076923076923078,0.021858793812499,4.5695552243539894e-05,5.711830316239091e-06,water_per_shift_diff_前7天,0.001259936361144667,28 - 30日龄
"[-5.63, -4.23)",52,0.05496828752642706,47,5,0.09615384615384616,1.058595678762521,0.04487874517873563,0.005361754104109753,water_per_shift_diff_前7天,0.0009467942555075442,28 - 30日龄
"[-4.23, 2.88)",283,0.29915433403805497,227,56,0.1978798586572438,0.2174843162328166,0.013328234749970417,0.0016627536628894997,water_per_shift_diff_前7天,0.0012596953546421717,28 - 30日龄
"[2.88, 14.95)",327,0.3456659619450317,254,73,0.22324159021406728,0.06476081535670852,0.0014247314910987548,0.0001780603217064608,water_per_shift_diff_前7天,0.0011645119872614072,28 - 30日龄
"[14.95, inf)",50,0.052854122621564484,30,20,0.4,-0.7766489024052725,0.03778678523225095,0.004608106368384313,water_per_shift_diff_前7天,0.0016487729946519742,28 - 30日龄
Special,0,0.0,0,0,0.0,0.0,0.0,0.0,water_per_shift_diff_前7天,,28 - 30日龄
Missing,52,0.05496828752642706,35,17,0.3269230769230769,-0.45997929308023944,0.012987071524551572,0.0016092221014857092,water_per_shift_diff_前7天,0.0013070823574837594,28 - 30日龄
,946,1.0,724,222,0.2346723044397463,,0.13448935357008981,0.016402733857631076,water_per_shift_diff_前7天,,28 - 30日龄
"(-inf, -42.91)",67,0.07001044932079414,22,45,0.6716417910447762,-1.2978845173932068,0.12377238890098456,0.01446958031965048,water_per_diff,0.0021696653527165624,31 - 33日龄
"[-42.91, -22.15)",162,0.16927899686520376,59,103,0.6358024691358025,-1.139456025305119,0.23267730775703283,0.02760677049889517,water_per_diff,0.002355837133682831,31 - 33日龄
"[-22.15, -5.72)",236,0.24660397074190177,139,97,0.4110169491525424,-0.22250152635389375,0.012552305460587316,0.0015658095788178266,water_per_diff,0.0016213343296025313,31 - 33日龄
"[-5.72, 3.46)",139,0.1452455590386625,99,40,0.28776978417266186,0.3239759150394511,0.01445571112157397,0.0017991026457834496,water_per_diff,0.0012400890283112195,31 - 33日龄
"[3.46, 22.60)",248,0.25914315569487983,203,45,0.1814516129032258,0.924279008290265,0.1843230077073477,0.022253747124354815,water_per_diff,0.0010183155976848234,31 - 33日龄
"[22.60, inf)",105,0.109717868338558,92,13,0.12380952380952381,1.374574738606301,0.15386475383854353,0.01784892446879759,water_per_diff,0.0009705402834675048,31 - 33日龄
Special,0,0.0,0,0,0.0,0.0,0.0,0.0,water_per_diff,,31 - 33日龄
Missing,0,0.0,0,0,0.0,0.0,0.0,0.0,water_per_diff,,31 - 33日龄
,957,1.0,614,343,0.35841170323928945,,0.7216454747860699,0.08554393463629933,water_per_diff,,31 - 33日龄
"(-inf, -18.55)",84,0.0877742946708464,28,56,0.6666666666666666,-1.2754116615411477,0.15006838003907674,0.017582304981075207,water_per_shift_diff,0.002141627850772188,31 - 33日龄
"[-18.55, 2.03)",432,0.45141065830721006,281,151,0.34953703703703703,0.038810351537618915,0.0006761340338245781,8.4511450344096e-05,water_per_shift_diff,0.0015119479524312973,31 - 33日龄
"[2.03, 3.82)",52,0.054336468129571575,36,16,0.3076923076923077,0.22866573523512623,0.0027404882941921655,0.00034181665594627255,water_per_shift_diff,0.0013966869506416078,31 - 33日龄
"[3.82, 5.52)",57,0.05956112852664577,47,10,0.17543859649122806,0.9652980277348104,0.04574809173142299,0.005506344442099399,water_per_shift_diff,0.0011224052545817159,31 - 33日龄
"[5.52, 12.55)",191,0.19958202716823406,134,57,0.29842931937172773,0.27252405113515876,0.014187679588255958,0.0017679921753860888,water_per_shift_diff,0.0013317968566003357,31 - 33日龄
"[12.55, inf)",141,0.14733542319749215,88,53,0.375886524822695,-0.07521958005511786,0.0008421941376148732,0.0001052494558771459,water_per_shift_diff,0.0015066183938272312,31 - 33日龄
Special,0,0.0,0,0,0.0,0.0,0.0,0.0,water_per_shift_diff,,31 - 33日龄
Missing,0,0.0,0,0,0.0,0.0,0.0,0.0,water_per_shift_diff,,31 - 33日龄
,957,1.0,614,343,0.35841170323928945,,0.2142629678243873,0.025388219160728212,water_per_shift_diff,,31 - 33日龄
"(-inf, -22.27)",213,0.2225705329153605,86,127,0.596244131455399,-0.972104271186286,0.2237757241959295,0.026920127567240888,water_per_diff_前1天,0.0021870925370371937,31 - 33日龄
"[-22.27, -12.07)",153,0.15987460815047022,78,75,0.49019607843137253,-0.5430437678279212,0.0497553325419871,0.006144105688131014,water_per_diff_前1天,0.0018106927475305295,31 - 33日龄
"[-12.07, -8.77)",59,0.06165099268547544,33,26,0.4406779661016949,-0.3438534575362044,0.0075839702863964705,0.0009433534495389643,water_per_diff_前1天,0.0017533916223152661,31 - 33日龄
"[-8.77, -4.02)",88,0.09195402298850575,59,29,0.32954545454545453,0.12797713293804303,0.001477252875909927,0.00018453069871644367,water_per_diff_前1天,0.0013857605370865365,31 - 33日龄
"[-4.02, 21.82)",339,0.3542319749216301,267,72,0.21238938053097345,0.7283180584029916,0.1638285077099217,0.020037620533335333,water_per_diff_前1天,0.0010665058942992112,31 - 33日龄
"[21.82, inf)",105,0.109717868338558,91,14,0.13333333333333333,1.2895376959203888,0.1384862160313361,0.016202976973290928,water_per_diff_前1天,0.00101562130563112,31 - 33日龄
Special,0,0.0,0,0,0.0,0.0,0.0,0.0,water_per_diff_前1天,,31 - 33日龄
Missing,0,0.0,0,0,0.0,0.0,0.0,0.0,water_per_diff_前1天,,31 - 33日龄
,957,1.0,614,343,0.35841170323928945,,0.5849070036414807,0.07043271491025357,water_per_diff_前1天,,31 - 33日龄
"(-inf, -26.39)",168,0.1755485893416928,68,100,0.5952380952380952,-0.9679269617931874,0.17499732669792978,0.021058846800171255,water_per_diff_前2天,0.002254479257619653,31 - 33日龄
"[-26.39, -8.66)",281,0.2936259143155695,153,128,0.4555160142348754,-0.40385682350838426,0.050075085859936926,0.006217191797584003,water_per_diff_前2天,0.0016791501635029025,31 - 33日龄
"[-8.66, -5.54)",55,0.05747126436781609,35,20,0.36363636363636365,-0.022648693045779877,2.9574223357752966e-05,3.6966989087678552e-06,water_per_diff_前2天,0.001639707721812231,31 - 33日龄
"[-5.54, 1.04)",128,0.13375130616509928,98,30,0.234375,0.6015056160272141,0.043395961718870134,0.00534417020452474,water_per_diff_前2天,0.001107164042139157,31 - 33日龄
"[1.04, 4.42)",50,0.0522466039707419,45,5,0.1,1.614960096355017,0.0948185752814778,0.010711894635517543,water_per_diff_前2天,0.0009154909094253159,31 - 33日龄
"[4.42, inf)",275,0.28735632183908044,215,60,0.21818181818181817,0.6940289849243597,0.12161869160137838,0.014904391702510345,water_per_diff_前2天,0.0011207283280394234,31 - 33日龄
Special,0,0.0,0,0,0.0,0.0,0.0,0.0,water_per_diff_前2天,,31 - 33日龄
Missing,0,0.0,0,0,0.0,0.0,0.0,0.0,water_per_diff_前2天,,31 - 33日龄
,957,1.0,614,343,0.35841170323928945,,0.48493521538295076,0.05824019183921665,water_per_diff_前2天,,31 - 33日龄
"(-inf, -43.48)",49,0.051201671891327065,15,34,0.6938775510204082,-1.4005748044951538,0.10461649105665315,0.012103166265844246,water_per_diff_前3天,0.0019590354886511105,31 - 33日龄
"[-43.48, -26.06)",142,0.148380355276907,58,84,0.5915492957746479,-0.9526382692780968,0.14331053668658733,0.017265753839261714,water_per_diff_前3天,0.0025145435765478496,31 - 33日龄
"[-26.06, -21.03)",73,0.07628004179728318,40,33,0.4520547945205479,-0.3898925883337463,0.012111363201106206,0.0015044035110655992,water_per_diff_前3天,0.0016012122704339288,31 - 33日龄
"[-21.03, -6.71)",258,0.26959247648902823,169,89,0.3449612403100775,0.05899786420973108,0.000930342100457344,0.00011627589941700994,water_per_diff_前3天,0.0014605648558438985,31 - 33日龄
"[-6.71, 9.20)",270,0.28213166144200624,195,75,0.2777777777777778,0.3732469640462337,0.03692557761038963,0.0045890896166438724,water_per_diff_前3天,0.0011608676911208035,31 - 33日龄
"[9.20, inf)",165,0.1724137931034483,137,28,0.1696969696969697,1.0055119346717183,0.14227429056363444,0.01707102014201407,water_per_diff_前3天,0.0010682608305108538,31 - 33日龄
Special,0,0.0,0,0,0.0,0.0,0.0,0.0,water_per_diff_前3天,,31 - 33日龄
Missing,0,0.0,0,0,0.0,0.0,0.0,0.0,water_per_diff_前3天,,31 - 33日龄
,957,1.0,614,343,0.35841170323928945,,0.4401686012188281,0.05264970927424651,water_per_diff_前3天,,31 - 33日龄
"(-inf, -36.68)",50,0.0522466039707419,18,32,0.64,-1.1576286258847643,0.07406334272785309,0.008773308314512519,water_per_diff_前5天,0.002281722960311824,31 - 33日龄
"[-36.68, -27.67)",56,0.05851619644723093,23,33,0.5892857142857143,-0.9432778265185331,0.05541816577009624,0.00668135781312966,water_per_diff_前5天,0.0024869712129905303,31 - 33日龄
"[-27.67, -9.02)",284,0.296760710553814,162,122,0.4295774647887324,-0.2986891904820751,0.027432058206020345,0.0034163172118024075,water_per_diff_前5天,0.001700205292790069,31 - 33日龄
"[-9.02, 2.77)",260,0.2716823406478579,178,82,0.3153846153846154,0.1927998220466296,0.009801022282937565,0.001223233797963354,water_per_diff_前5天,0.0013383543742398803,31 - 33日龄
"[2.77, 11.42)",156,0.16300940438871472,111,45,0.28846153846153844,0.32060323056081186,0.015897567623985333,0.0019787287536226234,water_per_diff_前5天,0.0012172739093693655,31 - 33日龄
"[11.42, inf)",150,0.15673981191222572,121,29,0.19333333333333333,0.8462302346290647,0.09521807898312905,0.011559370945977018,water_per_diff_前5天,0.001080783283135392,31 - 33日龄
Special,0,0.0,0,0,0.0,0.0,0.0,0.0,water_per_diff_前5天,,31 - 33日龄
Missing,1,0.0010449320794148381,1,0,0.0,0.0,0.0,0.0,water_per_diff_前5天,0.0002702702702702,31 - 33日龄
,957,1.0,614,343,0.35841170323928945,,0.2778302355940216,0.033632316837007584,water_per_diff_前5天,,31 - 33日龄
"(-inf, -17.35)",85,0.08881922675026123,40,45,0.5294117647058824,-0.700047516637586,0.046237267245462135,0.005664459039063359,water_per_diff_前7天,0.002114938788624788,31 - 33日龄
"[-17.35, -9.12)",104,0.10867293625914315,56,48,0.46153846153846156,-0.4281138011539444,0.020864759380462124,0.0025883583664755346,water_per_diff_前7天,0.0017761009729963203,31 - 33日龄
"[-9.12, -1.93)",148,0.15464994775339602,94,54,0.36486486486486486,-0.027953745275472897,0.00012131757144653101,1.51642027053445e-05,water_per_diff_前7天,0.001638665900064077,31 - 33日龄
"[-1.93, 8.96)",287,0.2998955067920585,183,104,0.3623693379790941,-0.01716922728115433,8.861715489223593e-05,1.1077008307417433e-05,water_per_diff_前7天,0.0014432127090428363,31 - 33日龄
"[8.96, 19.80)",235,0.24555903866248693,166,69,0.2936170212765957,0.29561680277808133,0.02045435489730488,0.002547524999494708,water_per_diff_前7天,0.001286615215692815,31 - 33日龄
"[19.80, inf)",88,0.09195402298850575,70,18,0.20454545454545456,0.7758590031719916,0.04773734799813235,0.005821866961140976,water_per_diff_前7天,0.001127580287336833,31 - 33日龄
Special,0,0.0,0,0,0.0,0.0,0.0,0.0,water_per_diff_前7天,,31 - 33日龄
Missing,10,0.01044932079414838,5,5,0.5,-0.5822644809812025,0.0037462529877661617,0.00046177666208836125,water_per_diff_前7天,0.00136789290970548,31 - 33日龄
,957,1.0,614,343,0.35841170323928945,,0.13924991723546642,0.017110227239275702,water_per_diff_前7天,,31 - 33日龄
"(-inf, -17.94)",70,0.07314524555903866,33,37,0.5285714285714286,-0.6966748321589468,0.03770807690230783,0.004620442325804629,water_per_shift_diff_前1天,0.0019016127927737128,31 - 33日龄
"[-17.94, -4.27)",228,0.23824451410658307,139,89,0.39035087719298245,-0.13642691758265058,0.004514483189302532,0.000563873175663818,water_per_shift_diff_前1天,0.0016138808010464894,31 - 33日龄
"[-4.27, 7.74)",344,0.3594566353187043,233,111,0.3226744186046512,0.15924377127216383,0.008895941012036966,0.0011108191745354615,water_per_shift_diff_前1天,0.0013905333133496364,31 - 33日龄
"[7.74, 9.16)",49,0.051201671891327065,41,8,0.16326530612244897,1.0518660440432694,0.04570529325001642,0.005463538903989963,water_per_shift_diff_前1天,0.0011156542808451143,31 - 33日龄
"[9.16, 14.08)",135,0.14106583072100312,89,46,0.34074074074074073,0.07773049226184237,0.0008426259666754639,0.00010530173732746029,water_per_shift_diff_前1天,0.0014826222064844674,31 - 33日龄
"[14.08, inf)",131,0.13688610240334378,79,52,0.3969465648854962,-0.16406034709560846,0.0037633808644689246,0.0004698957420560066,water_per_shift_diff_前1天,0.0015437193392226053,31 - 33日龄
Special,0,0.0,0,0,0.0,0.0,0.0,0.0,water_per_shift_diff_前1天,,31 - 33日龄
Missing,0,0.0,0,0,0.0,0.0,0.0,0.0,water_per_shift_diff_前1天,,31 - 33日龄
,957,1.0,614,343,0.35841170323928945,,0.10142980118480814,0.012333871059377338,water_per_shift_diff_前1天,,31 - 33日龄
"(-inf, -11.76)",114,0.11912225705329153,59,55,0.4824561403508772,-0.512060222307954,0.03290429810017731,0.004068682330838588,water_per_shift_diff_前2天,0.0016531370194866589,31 - 33日龄
"[-11.76, -3.62)",188,0.19644723092998956,119,69,0.3670212765957447,-0.037247492466932486,0.0002739592493484314,3.4242926699606675e-05,water_per_shift_diff_前2天,0.0015847833140801325,31 - 33日龄
"[-3.62, -1.76)",51,0.05329153605015674,42,9,0.17647058823529413,0.9581805599659463,0.040401531668728716,0.004865453093270741,water_per_shift_diff_前2天,0.0010241547115996464,31 - 33日龄
"[-1.76, 0.02)",48,0.050156739811912224,34,14,0.2916666666666667,0.3050387140197002,0.004440834831503979,0.0005529621631924892,water_per_shift_diff_前2天,0.0012169836869557105,31 - 33日龄
"[0.02, 18.57)",483,0.5047021943573667,320,163,0.33747412008281574,0.09230631400580724,0.004241842465637574,0.0005300421465383176,water_per_shift_diff_前2天,0.0014724979173881601,31 - 33日龄
"[18.57, inf)",73,0.07628004179728318,40,33,0.4520547945205479,-0.3898925883337463,0.012111363201106206,0.0015044035110655992,water_per_shift_diff_前2天,0.0017562874570894247,31 - 33日龄
Special,0,0.0,0,0,0.0,0.0,0.0,0.0,water_per_shift_diff_前2天,,31 - 33日龄
Missing,0,0.0,0,0,0.0,0.0,0.0,0.0,water_per_shift_diff_前2天,,31 - 33日龄
,957,1.0,614,343,0.35841170323928945,,0.09437382951650222,0.011555786171605341,water_per_shift_diff_前2天,,31 - 33日龄
"(-inf, -18.55)",73,0.07628004179728318,34,39,0.5342465753424658,-0.7194656024946875,0.041965012018142,0.0051353384589919605,water_per_shift_diff_前3天,0.0017027112792621453,31 - 33日龄
"[-18.55, -6.41)",217,0.22675026123301986,134,83,0.3824884792626728,-0.10326528882688901,0.0024516692345487937,0.00030632256066058343,water_per_shift_diff_前3天,0.0014896180001971655,31 - 33日龄
"[-6.41, -3.92)",85,0.08881922675026123,56,29,0.3411764705882353,0.07579137976747263,0.0005045513073664863,6.305382238610451e-05,water_per_shift_diff_前3天,0.0015609123619041633,31 - 33日龄
"[-3.92, -1.98)",58,0.06060606060606061,43,15,0.25862068965517243,0.4708854336101498,0.012384661193942227,0.001533936809253499,water_per_shift_diff_前3天,0.0013324479797802984,31 - 33日龄
"[-1.98, 0.22)",57,0.05956112852664577,45,12,0.21052631578947367,0.739491359001117,0.02832583163057336,0.0034621956122244998,water_per_shift_diff_前3天,0.0012996350297109157,31 - 33日龄
"[0.22, inf)",467,0.48798328108672934,302,165,0.3533190578158458,0.022217062493086415,0.00024010234581943503,3.001217598221778e-05,water_per_shift_diff_前3天,0.0015093912404463693,31 - 33日龄
Special,0,0.0,0,0,0.0,0.0,0.0,0.0,water_per_shift_diff_前3天,,31 - 33日龄
Missing,0,0.0,0,0,0.0,0.0,0.0,0.0,water_per_shift_diff_前3天,,31 - 33日龄
,957,1.0,614,343,0.35841170323928945,,0.0858718277303923,0.010530859439498864,water_per_shift_diff_前3天,,31 - 33日龄
"(-inf, -18.58)",103,0.10762800417972831,45,58,0.5631067961165048,-0.836045001757302,0.0800983846328956,0.009730526135357128,water_per_shift_diff_前5天,0.002100748918231285,31 - 33日龄
"[-18.58, -11.42)",159,0.16614420062695925,97,62,0.389937106918239,-0.13468788752291133,0.0030678616368667237,0.00038319310504434604,water_per_shift_diff_前5天,0.0017038518892901766,31 - 33日龄
"[-11.42, -4.53)",219,0.22884012539184953,147,72,0.3287671232876712,0.13150198678147862,0.0038794590928544126,0.00048458327904620044,water_per_shift_diff_前5天,0.0013672363326008238,31 - 33日龄
"[-4.53, -3.21)",52,0.054336468129571575,43,9,0.17307692307692307,0.9817110573761405,0.04299256931168814,0.005168157943362317,water_per_shift_diff_前5天,0.0013162766122361983,31 - 33日龄
"[-3.21, 13.87)",373,0.3897596656217346,259,114,0.30563002680965146,0.23836513232383982,0.021324761674217076,0.0026593025151097176,water_per_shift_diff_前5天,0.0013176156328103632,31 - 33日龄
"[13.87, inf)",48,0.050156739811912224,21,27,0.5625,-0.8335789092621088,0.03710697084705876,0.004508578846783308,water_per_shift_diff_前5天,0.0017938456705437575,31 - 33日龄
Special,0,0.0,0,0,0.0,0.0,0.0,0.0,water_per_shift_diff_前5天,,31 - 33日龄
Missing,3,0.003134796238244514,2,1,0.3333333333333333,0.11088269957874275,3.7908255238171964e-05,4.736105891005549e-06,water_per_shift_diff_前5天,0.0012445053749401,31 - 33日龄
,957,1.0,614,343,0.35841170323928945,,0.18850791545081888,0.02293907793059402,water_per_shift_diff_前5天,,31 - 33日龄
"(-inf, -17.69)",48,0.050156739811912224,21,27,0.5625,-0.8335789092621088,0.03710697084705876,0.004508578846783308,water_per_shift_diff_前7天,0.001936817121369154,31 - 33日龄
"[-17.69, -13.21)",59,0.06165099268547544,32,27,0.4576271186440678,-0.4123654441858051,0.01096889496932071,0.0013614790944088103,water_per_shift_diff_前7天,0.0018721092260518153,31 - 33日龄
"[-13.21, -8.27)",121,0.12643678160919541,76,45,0.371900826446281,-0.058193630465191104,0.0004316124765511652,5.3943948070937385e-05,water_per_shift_diff_前7天,0.0016081849037235777,31 - 33日龄
"[-8.27, -5.21)",125,0.13061650992685475,84,41,0.328,0.13498025115780332,0.0023316879883006274,0.000291239936463069,water_per_shift_diff_前7天,0.001348553214587884,31 - 33日龄
"[-5.21, -4.04)",50,0.0522466039707419,41,9,0.18,0.9340830083868858,0.03786415438884173,0.004568124803058591,water_per_shift_diff_前7天,0.001203441361056534,31 - 33日龄
"[-4.04, inf)",535,0.5590386624869383,350,185,0.34579439252336447,0.05531284842393214,0.001696664802891716,0.00021205606822076884,water_per_shift_diff_前7天,0.0014575862164725535,31 - 33日龄
Special,0,0.0,0,0,0.0,0.0,0.0,0.0,water_per_shift_diff_前7天,,31 - 33日龄
Missing,19,0.019853709508881923,10,9,0.47368421052631576,-0.4769039653233762,0.0047463495660905256,0.0005877344818579328,water_per_shift_diff_前7天,0.0015740833577658738,31 - 33日龄
,957,1.0,614,343,0.35841170323928945,,0.09514633503905523,0.011583157178863417,water_per_shift_diff_前7天,,31 - 33日龄
"(-inf, -59.35)",50,0.07656967840735068,4,46,0.92,-2.537364860252576,0.3456247729014057,0.03440348891686686,water_per_diff,0.004138611877691942,34 - 35日龄
"[-59.35, -40.29)",79,0.12098009188361408,11,68,0.8607594936708861,-1.916630257261108,0.35742427890387607,0.038891619602625785,water_per_diff,0.003110262936009586,34 - 35日龄
"[-40.29, -26.75)",63,0.09647779479326186,20,43,0.6825396825396826,-0.8604856670229426,0.06865310327331839,0.008326310722537492,water_per_diff,0.0021831748495748813,34 - 35日龄
"[-26.75, -3.82)",189,0.2894333843797856,97,92,0.48677248677248675,-0.042095423429028514,0.0005133202101074619,6.416028909940995e-05,water_per_diff,0.001842885602822915,34 - 35日龄
"[-3.82, 18.14)",173,0.2649310872894334,124,49,0.2832369942196532,0.8334434426110391,0.17086993202061185,0.02076126157199539,water_per_diff,0.0013073705474640751,34 - 35日龄
"[18.14, inf)",99,0.15160796324655437,86,13,0.13131313131313133,1.7943801139086,0.3762121485132075,0.04158547860043835,water_per_diff,0.0010078297078063888,34 - 35日龄
Special,0,0.0,0,0,0.0,0.0,0.0,0.0,water_per_diff,,34 - 35日龄
Missing,0,0.0,0,0,0.0,0.0,0.0,0.0,water_per_diff,,34 - 35日龄
,653,1.0,342,311,0.4762633996937213,,1.3192975558225268,0.14403231970356328,water_per_diff,,34 - 35日龄
"(-inf, -30.78)",41,0.06278713629402756,7,34,0.8292682926829268,-1.6754682004442183,0.14887694818072542,0.016698912092146714,water_per_shift_diff,0.0035466738836011295,34 - 35日龄
"[-30.78, -16.15)",106,0.16232771822358347,38,68,0.6415094339622641,-0.6769393703330919,0.07279698123267622,0.008929763629150139,water_per_shift_diff,0.0023035026473963898,34 - 35日龄
"[-16.15, -2.58)",161,0.24655436447166923,82,79,0.4906832298136646,-0.05774643008613923,0.0008230720371052401,0.00010286971193094758,water_per_shift_diff,0.0019488860301624398,34 - 35日龄
"[-2.58, 9.40)",198,0.30321592649310875,129,69,0.3484848484848485,0.5306880748810416,0.08243073358069321,0.010184607819490578,water_per_shift_diff,0.0016584289425337234,34 - 35日龄
"[9.40, 12.58)",39,0.05972434915773354,30,9,0.23076923076923078,1.1089549794425648,0.06518480783997026,0.0077546794992085916,water_per_shift_diff,0.0013286309150233205,34 - 35日龄
"[12.58, inf)",108,0.16539050535987748,56,52,0.48148148148148145,-0.020909852729649,7.234562912046487e-05,9.043038898365785e-06,water_per_shift_diff,0.0016749621208779371,34 - 35日龄
Special,0,0.0,0,0,0.0,0.0,0.0,0.0,water_per_shift_diff,,34 - 35日龄
Missing,0,0.0,0,0,0.0,0.0,0.0,0.0,water_per_shift_diff,,34 - 35日龄
,653,1.0,342,311,0.4762633996937213,,0.3701848885002908,0.043679875790825336,water_per_shift_diff,,34 - 35日龄
"(-inf, -57.01)",33,0.05053598774885146,3,30,0.9090909090909091,-2.397602917877416,0.21024841968976388,0.02137625183988413,water_per_diff_前1天,0.003596034961138624,34 - 35日龄
"[-57.01, -44.76)",42,0.06431852986217458,7,35,0.8333333333333334,-1.7044557373174716,0.15693325657236606,0.017541050890178243,water_per_diff_前1天,0.0027550579011861643,34 - 35日龄
"[-44.76, -19.96)",135,0.20673813169984687,40,95,0.7037037037037037,-0.9600152623699757,0.18096976373627813,0.021790692595881234,water_per_diff_前1天,0.0027468742246752977,34 - 35日龄
"[-19.96, -4.79)",135,0.20673813169984687,72,63,0.4666666666666667,0.03851356774115153,0.0003063357055058584,3.8289596769009154e-05,water_per_diff_前1天,0.0018397037879795016,34 - 35日龄
"[-4.79, 11.09)",154,0.23583460949464014,100,54,0.35064935064935066,0.5211683145404458,0.06189614852367301,0.007650628153194797,water_per_diff_前1天,0.001511405666157978,34 - 35日龄
"[11.09, inf)",154,0.23583460949464014,120,34,0.22077922077922077,1.1661133932825134,0.2816775286306607,0.033341221483541954,water_per_diff_前1天,0.0011565643909487032,34 - 35日龄
Special,0,0.0,0,0,0.0,0.0,0.0,0.0,water_per_diff_前1天,,34 - 35日龄
Missing,0,0.0,0,0,0.0,0.0,0.0,0.0,water_per_diff_前1天,,34 - 35日龄
,653,1.0,342,311,0.4762633996937213,,0.8920314528582477,0.10173813455944936,water_per_diff_前1天,,34 - 35日龄
"(-inf, -48.11)",34,0.05206738131699847,4,30,0.8823529411764706,-2.109920845425636,0.17885190521386896,0.018957349952955005,water_per_diff_前2天,0.0032014729889856355,34 - 35日龄
"[-48.11, -17.80)",160,0.2450229709035222,42,118,0.7375,-1.1280328310656678,0.28946924739198515,0.034379541188741876,water_per_diff_前2天,0.0028048251176414837,34 - 35日龄
"[-17.80, 3.51)",210,0.3215926493108729,116,94,0.44761904761904764,0.11527758395298954,0.00425725681885771,0.0005318626399237816,water_per_diff_前2天,0.0018758585336428942,34 - 35日龄
"[3.51, 7.33)",45,0.06891271056661562,38,7,0.15555555555555556,1.5966581857877014,0.141468821034423,0.0160161594760259,water_per_diff_前2天,0.001062810289104731,34 - 35日龄
"[7.33, 29.53)",170,0.26033690658499237,124,46,0.27058823529411763,0.8966223442325709,0.19247176024819065,0.023284125162723206,water_per_diff_前2天,0.0012249013240080194,34 - 35日龄
"[29.53, inf)",34,0.05206738131699847,18,16,0.47058823529411764,0.022765210773012412,2.6968433814704133e-05,3.3709814343476805e-06,water_per_diff_前2天,0.0016713213372349207,34 - 35日龄
Special,0,0.0,0,0,0.0,0.0,0.0,0.0,water_per_diff_前2天,,34 - 35日龄
Missing,0,0.0,0,0,0.0,0.0,0.0,0.0,water_per_diff_前2天,,34 - 35日龄
,653,1.0,342,311,0.4762633996937213,,0.8065459591411401,0.09317240940180412,water_per_diff_前2天,,34 - 35日龄
"(-inf, -42.15)",36,0.055130168453292494,13,23,0.6388888888888888,-0.6655626833509839,0.023922511220650342,0.0029363151444035803,water_per_diff_前3天,0.0026005006886621585,34 - 35日龄
"[-42.15, -25.97)",63,0.09647779479326186,13,50,0.7936507936507936,-1.4420914728499803,0.17703116113839712,0.02039096334905984,water_per_diff_前3天,0.00320825923581097,34 - 35日龄
"[-25.97, -18.03)",71,0.10872894333843798,23,48,0.676056338028169,-0.8307246198621121,0.07234728713057997,0.008792027629079192,water_per_diff_前3天,0.0026772219765677408,34 - 35日龄
"[-18.03, -8.02)",107,0.1638591117917305,47,60,0.5607476635514018,-0.339214785395413,0.018826130367886305,0.0023420482062075816,water_per_diff_前3天,0.002162580372438389,34 - 35日龄
"[-8.02, -4.77)",44,0.06738131699846861,21,23,0.5227272727272727,-0.18598960308909768,0.0023344438814985177,0.0002913856207150691,water_per_diff_前3天,0.002027737305944336,34 - 35日龄
"[-4.77, inf)",332,0.5084226646248086,225,107,0.32228915662650603,0.6482537428591428,0.20345008734680672,0.024995117823695,water_per_diff_前3天,0.0013795161077515769,34 - 35日龄
Special,0,0.0,0,0,0.0,0.0,0.0,0.0,water_per_diff_前3天,,34 - 35日龄
Missing,0,0.0,0,0,0.0,0.0,0.0,0.0,water_per_diff_前3天,,34 - 35日龄
,653,1.0,342,311,0.4762633996937213,,0.497911621085819,0.05974785777316026,water_per_diff_前3天,,34 - 35日龄
"(-inf, -25.75)",127,0.19448698315467075,38,89,0.7007874015748031,-0.9460680348891248,0.16562105648291225,0.019963535384574856,water_per_diff_前5天,0.0029988873244019628,34 - 35日龄
"[-25.75, -13.95)",123,0.1883614088820827,57,66,0.5365853658536586,-0.24162129907524654,0.011006329271916367,0.0013724542367418418,water_per_diff_前5天,0.0021801503884526204,34 - 35日龄
"[-13.95, -7.94)",78,0.11944869831546708,37,41,0.5256410256410257,-0.1976719789434545,0.004674084983760998,0.0005833112473916631,water_per_diff_前5天,0.0018553029523237358,34 - 35日龄
"[-7.94, -4.24)",51,0.0781010719754977,39,12,0.23529411764705882,1.083637171458275,0.08176029315876589,0.009747622497268486,water_per_diff_前5天,0.0013085962079257315,34 - 35日龄
"[-4.24, 14.49)",188,0.2879019908116386,121,67,0.35638297872340424,0.496080101322404,0.06864115803728606,0.008493232652784958,water_per_diff_前5天,0.0014497156223190974,34 - 35日龄
"[14.49, inf)",86,0.13169984686064318,50,36,0.4186046511627907,0.233486242088665,0.0071080691589392574,0.0008864958892383758,water_per_diff_前5天,0.0015281540024423802,34 - 35日龄
Special,0,0.0,0,0,0.0,0.0,0.0,0.0,water_per_diff_前5天,,34 - 35日龄
Missing,0,0.0,0,0,0.0,0.0,0.0,0.0,water_per_diff_前5天,,34 - 35日龄
,653,1.0,342,311,0.4762633996937213,,0.3388109910935808,0.04104665190800018,water_per_diff_前5天,,34 - 35日龄
"(-inf, -38.99)",34,0.05206738131699847,12,22,0.6470588235294118,-0.7011536284536867,0.024997410344825968,0.0030622034107278765,water_per_diff_前7天,0.0020700216309247,34 - 35日龄
"[-38.99, -26.06)",68,0.10413476263399694,29,39,0.5735294117647058,-0.39128364102654345,0.015888701280472737,0.001973514037787961,water_per_diff_前7天,0.0026192455128782573,34 - 35日龄
"[-26.06, -18.52)",74,0.11332312404287902,37,37,0.5,-0.09501782488337104,0.0010246652483144995,0.00012803499509995075,water_per_diff_前7天,0.002113232522546919,34 - 35日龄
"[-18.52, -6.66)",168,0.2572741194486983,85,83,0.49404761904761907,-0.07120717618965265,0.001306154460672161,0.00016323482254287057,water_per_diff_前7天,0.0020730812936677993,34 - 35日龄
"[-6.66, 9.42)",211,0.3231240428790199,113,98,0.46445497630331756,0.04740251515839747,0.0007251075775437921,9.062996212752398e-05,water_per_diff_前7天,0.0017580654880159023,34 - 35日龄
"[9.42, inf)",98,0.15007656967840735,66,32,0.32653061224489793,0.6289010143433281,0.056656790201742795,0.006967647101223662,water_per_diff_前7天,0.0014320295282351154,34 - 35日龄
Special,0,0.0,0,0,0.0,0.0,0.0,0.0,water_per_diff_前7天,,34 - 35日龄
Missing,0,0.0,0,0,0.0,0.0,0.0,0.0,water_per_diff_前7天,,34 - 35日龄
,653,1.0,342,311,0.4762633996937213,,0.10059882911357196,0.012385264329509845,water_per_diff_前7天,,34 - 35日龄
"(-inf, -31.12)",35,0.05359877488514548,7,28,0.8,-1.4813121860032616,0.10304647208813424,0.011818868916993252,water_per_shift_diff_前1天,0.00330264142850224,34 - 35日龄
"[-31.12, -18.48)",71,0.10872894333843798,18,53,0.7464788732394366,-1.1749379805393285,0.1383917472424052,0.016367912183197626,water_per_shift_diff_前1天,0.0024990009239624815,34 - 35日龄
"[-18.48, -7.16)",131,0.2006125574272588,67,64,0.48854961832061067,-0.04920828885207684,0.0004862442562525416,6.07744003837409e-05,water_per_shift_diff_前1天,0.0018580451280565823,34 - 35日龄
"[-7.16, 9.35)",291,0.445635528330781,173,118,0.4054982817869416,0.28758914514874323,0.036358955593305445,0.004529271646986438,water_per_shift_diff_前1天,0.0018114821638813689,34 - 35日龄
"[9.35, 13.26)",57,0.08728943338437979,45,12,0.21052631578947367,1.2267380150989484,0.11407895401876325,0.013428016275407932,water_per_shift_diff_前1天,0.0013361675031272632,34 - 35日龄
"[13.26, inf)",68,0.10413476263399694,32,36,0.5294117647058824,-0.21280086053975455,0.00472170541052087,0.0005891020527602001,water_per_shift_diff_前1天,0.0018339517842376617,34 - 35日龄
Special,0,0.0,0,0,0.0,0.0,0.0,0.0,water_per_shift_diff_前1天,,34 - 35日龄
Missing,0,0.0,0,0,0.0,0.0,0.0,0.0,water_per_shift_diff_前1天,,34 - 35日龄
,653,1.0,342,311,0.4762633996937213,,0.39708407860938155,0.04679394547572919,water_per_shift_diff_前1天,,34 - 35日龄
"(-inf, -18.74)",66,0.10107197549770292,17,49,0.7424242424242424,-1.1536247789377818,0.12441689550022841,0.014743303805721784,water_per_shift_diff_前2天,0.002697616963540356,34 - 35日龄
"[-18.74, -4.82)",167,0.2557427258805513,78,89,0.5329341317365269,-0.226945367925919,0.013186310654013482,0.0016447606742634076,water_per_shift_diff_前2天,0.0020729206340711465,34 - 35日龄
"[-4.82, -0.85)",87,0.1332312404287902,46,41,0.47126436781609193,0.020051504901416245,5.354005558378199e-05,6.692394833231847e-06,water_per_shift_diff_前2天,0.0018396961764715562,34 - 35日龄
"[-0.85, 1.21)",38,0.05819295558958652,28,10,0.2631578947368421,0.9346015922977873,0.04646559128326563,0.0056056306485984565,water_per_shift_diff_前2天,0.00133666399072395,34 - 35日龄
"[1.21, 16.37)",249,0.38131699846860645,150,99,0.39759036144578314,0.32049761907829477,0.038545773333047026,0.004797705266678845,water_per_shift_diff_前2天,0.0018149606135365987,34 - 35日龄
"[16.37, inf)",46,0.07044410413476264,23,23,0.5,-0.09501782488337104,0.0006369540732765801,7.958932127833567e-05,water_per_shift_diff_前2天,0.001683577148163624,34 - 35日龄
Special,0,0.0,0,0,0.0,0.0,0.0,0.0,water_per_shift_diff_前2天,,34 - 35日龄
Missing,0,0.0,0,0,0.0,0.0,0.0,0.0,water_per_shift_diff_前2天,,34 - 35日龄
,653,1.0,342,311,0.4762633996937213,,0.22330506489941493,0.02687768211137406,water_per_shift_diff_前2天,,34 - 35日龄
"(-inf, -18.85)",38,0.05819295558958652,10,28,0.7368421052631579,-1.1246372420645292,0.06836938387007811,0.008122471646784287,water_per_shift_diff_前3天,0.0025882154987826394,34 - 35日龄
"[-18.85, -4.60)",160,0.2450229709035222,77,83,0.51875,-0.17005301082628538,0.007097133516273484,0.0008860742999285635,water_per_shift_diff_前3天,0.0020986868031193846,34 - 35日龄
"[-4.60, 7.49)",222,0.33996937212863704,130,92,0.4144144144144144,0.2507280485231711,0.021135628166626726,0.0026350549817214484,water_per_shift_diff_前3天,0.0017552637024222835,34 - 35日龄
"[7.49, 8.95)",36,0.055130168453292494,27,9,0.25,1.0035944637847387,0.050188215273039474,0.006022830481022239,water_per_shift_diff_前3天,0.0014383097351369804,34 - 35日龄
"[8.95, 14.61)",101,0.1546707503828484,51,50,0.49504950495049505,-0.07521519758719131,0.0008761741017518491,0.00010949595333985826,water_per_shift_diff_前3天,0.0019726513951705544,34 - 35日龄
"[14.61, inf)",96,0.14701378254211334,47,49,0.5104166666666666,-0.13669052128393888,0.0027514940116668924,0.00034366924231245613,water_per_shift_diff_前3天,0.0019750983885674406,34 - 35日龄
Special,0,0.0,0,0,0.0,0.0,0.0,0.0,water_per_shift_diff_前3天,,34 - 35日龄
Missing,0,0.0,0,0,0.0,0.0,0.0,0.0,water_per_shift_diff_前3天,,34 - 35日龄
,653,1.0,342,311,0.4762633996937213,,0.15041802893943657,0.018119596605108854,water_per_shift_diff_前3天,,34 - 35日龄
"(-inf, -9.87)",101,0.1546707503828484,38,63,0.6237623762376238,-0.6005663915485179,0.0549285445646376,0.006764708149584988,water_per_shift_diff_前5天,0.002268272511170122,34 - 35日龄
"[-9.87, 4.38)",282,0.4318529862174579,144,138,0.48936170212765956,-0.05245821046457493,0.0011896091051367566,0.00014868409026752571,water_per_shift_diff_前5天,0.0020134276129888185,34 - 35日龄
"[4.38, 10.21)",120,0.18376722817764166,65,55,0.4583333333333333,0.07203625977979539,0.0009515705326207848,0.00011892060495994955,water_per_shift_diff_前5天,0.0019100985236421284,34 - 35日龄
"[10.21, 13.05)",55,0.08422664624808576,39,16,0.2909090909090909,0.7959550990064941,0.0498173510660408,0.006067822791105886,water_per_shift_diff_前5天,0.0015072952462075982,34 - 35日龄
"[13.05, 17.56)",54,0.08269525267993874,34,20,0.37037037037037035,0.4356104261787994,0.015292767448446216,0.0018966238203988166,water_per_shift_diff_前5天,0.0015450509364361333,34 - 35日龄
"[17.56, inf)",41,0.06278713629402756,22,19,0.4634146341463415,0.0515856493085044,0.00016684025650256156,2.0852719999928625e-05,water_per_shift_diff_前5天,0.0017563191130040658,34 - 35日龄
Special,0,0.0,0,0,0.0,0.0,0.0,0.0,water_per_shift_diff_前5天,,34 - 35日龄
Missing,0,0.0,0,0,0.0,0.0,0.0,0.0,water_per_shift_diff_前5天,,34 - 35日龄
,653,1.0,342,311,0.4762633996937213,,0.12234668297338472,0.015017612176317096,water_per_shift_diff_前5天,,34 - 35日龄
"(-inf, -21.90)",46,0.07044410413476264,14,32,0.6956521739130435,-0.921696398067839,0.057106666509346,0.0068959261305761126,water_per_shift_diff_前7天,0.002585605545270589,34 - 35日龄
"[-21.90, -15.86)",57,0.08728943338437979,28,29,0.5087719298245614,-0.13010914469464122,0.001480153297987211,0.00018488876942335296,water_per_shift_diff_前7天,0.0021741540998656316,34 - 35日龄
"[-15.86, -4.48)",228,0.34915773353751917,120,108,0.47368421052631576,0.010342690774455307,3.73403401345473e-05,4.667521713021391e-06,water_per_shift_diff_前7天,0.0019467022433953532,34 - 35日龄
"[-4.48, -1.51)",66,0.10107197549770292,35,31,0.4696969696969697,0.026343032120896295,7.009155610287157e-05,8.761191186187033e-06,water_per_shift_diff_前7天,0.0022468394463289196,34 - 35日龄
"[-1.51, inf)",255,0.3905053598774885,144,111,0.43529411764705883,0.16526527338029548,0.01060002345762937,0.0013234971013657507,water_per_shift_diff_前7天,0.0016811357219621169,34 - 35日龄
Special,0,0.0,0,0,0.0,0.0,0.0,0.0,water_per_shift_diff_前7天,,34 - 35日龄
Missing,1,0.0015313935681470138,1,0,0.0,0.0,0.0,0.0,water_per_shift_diff_前7天,0.0007432432432432,34 - 35日龄
,653,1.0,342,311,0.4762633996937213,,0.0692942751612,0.008417740714264425,water_per_shift_diff_前7天,,34 - 35日龄
"(-inf, -11.15)",127,0.17162162162162162,119,8,0.06299212598425197,0.21623835969545357,0.007326254050456022,0.0009140017062446732,water_per_diff,0.0006698736999990213,10 - 12日龄
"[-11.15, -7.92)",74,0.1,70,4,0.05405405405405406,0.3787572891932287,0.012239004130515055,0.0015207959645986077,water_per_diff,0.0007298691697463324,10 - 12日龄
"[-7.92, -3.94)",136,0.1837837837837838,133,3,0.022058823529411766,1.3082932478174043,0.18590527463784337,0.021710866621561343,water_per_diff,0.0006463547577282332,10 - 12日龄
"[-3.94, 0.91)",184,0.24864864864864866,172,12,0.06521739130434782,0.17914423528921297,0.007399345774448495,0.0009236834078658693,water_per_diff,0.0007442063828456848,10 - 12日龄
"[0.91, inf)",219,0.2959459459459459,189,30,0.136986301369863,-0.6428939583387527,0.16046339917232186,0.019719484245118123,water_per_diff,0.0008499138777148005,10 - 12日龄
Special,0,0.0,0,0,0.0,0.0,0.0,0.0,water_per_diff,,10 - 12日龄
Missing,0,0.0,0,0,0.0,0.0,0.0,0.0,water_per_diff,,10 - 12日龄
,740,1.0,683,57,0.07702702702702703,,0.3733332777655848,0.044788831945388616,water_per_diff,,10 - 12日龄
"(-inf, -2.07)",260,0.35135135135135137,241,19,0.07307692307692308,0.056914362587974665,0.0011110661315368404,0.0001388645246075031,water_per_shift_diff,0.0007402995296236973,10 - 12日龄
"[-2.07, -0.27)",78,0.10540540540540541,75,3,0.038461538461538464,0.7354322331319607,0.04205060622516106,0.005140983403048208,water_per_shift_diff,0.0006628256780425256,10 - 12日龄
"[-0.27, 0.55)",65,0.08783783783783784,64,1,0.015384615384615385,1.6754394916234316,0.1276021189454028,0.014312651717756374,water_per_shift_diff,0.0006621070820410108,10 - 12日龄
"[0.55, inf)",337,0.4554054054054054,303,34,0.10089020771513353,-0.2960713108430322,0.04525751639636495,0.00563661722267704,water_per_shift_diff,0.0007799358998609713,10 - 12日龄
Special,0,0.0,0,0,0.0,0.0,0.0,0.0,water_per_shift_diff,,10 - 12日龄
Missing,0,0.0,0,0,0.0,0.0,0.0,0.0,water_per_shift_diff,,10 - 12日龄
,740,1.0,683,57,0.07702702702702703,,0.21602130769846567,0.025229116868089124,water_per_shift_diff,,10 - 12日龄
"(-inf, -13.81)",92,0.12432432432432433,89,3,0.03260869565217391,0.9065804893277902,0.07041944465149207,0.00851285548551272,water_per_diff_前1天,0.0006071956155959978,10 - 12日龄
"[-13.81, -10.64)",47,0.06351351351351352,44,3,0.06382978723404255,0.2021337535139116,0.002383175178209794,0.00029739078574548064,water_per_diff_前1天,0.0006913902998805234,10 - 12日龄
"[-10.64, 4.13)",481,0.65,450,31,0.06444906444906445,0.1918167865429794,0.022058610191182274,0.0027531068611220955,water_per_diff_前1天,0.0007314608889054602,10 - 12日龄
"[4.13, 5.68)",39,0.052702702702702706,27,12,0.3076923076923077,-1.672513375519911,0.28599115205969655,0.032089815398903425,water_per_diff_前1天,0.0010258700065774846,10 - 12日龄
"[5.68, 8.15)",39,0.052702702702702706,33,6,0.15384615384615385,-0.7786954994978146,0.04434429946280996,0.005407103817033866,water_per_diff_前1天,0.0009002588830613564,10 - 12日龄
"[8.15, inf)",42,0.05675675675675676,40,2,0.047619047619047616,0.512288681817751,0.012027223939313776,0.0014871760343007911,water_per_diff_前1天,0.0008272520044436619,10 - 12日龄
Special,0,0.0,0,0,0.0,0.0,0.0,0.0,water_per_diff_前1天,,10 - 12日龄
Missing,0,0.0,0,0,0.0,0.0,0.0,0.0,water_per_diff_前1天,,10 - 12日龄
,740,1.0,683,57,0.07702702702702703,,0.43722390548270446,0.050547448382618376,water_per_diff_前1天,,10 - 12日龄
"(-inf, -4.05)",242,0.327027027027027,210,32,0.1322314049586777,-0.6020719638184977,0.15288801814260275,0.0188274860828097,water_per_diff_前2天,0.0008492892887289658,10 - 12日龄
"[-4.05, -0.87)",101,0.13648648648648648,94,7,0.06930693069306931,0.11394104147845052,0.0016887308554382411,0.0002109772432339241,water_per_diff_前2天,0.0006861481531781633,10 - 12日龄
"[-0.87, 2.49)",174,0.23513513513513515,166,8,0.04597701149425287,0.5491026549404676,0.05638982852873005,0.006961488700142002,water_per_diff_前2天,0.0006805671778308253,10 - 12日龄
"[2.49, 6.95)",115,0.1554054054054054,111,4,0.034782608695652174,0.8397922484562037,0.07754882055945268,0.009418431697692624,water_per_diff_前2天,0.0006981680385092356,10 - 12日龄
"[6.95, inf)",103,0.13918918918918918,97,6,0.05825242718446602,0.299507917539088,0.01100911433044194,0.0013710186445019083,water_per_diff_前2天,0.000706330585325929,10 - 12日龄
Special,0,0.0,0,0,0.0,0.0,0.0,0.0,water_per_diff_前2天,,10 - 12日龄
Missing,5,0.006756756756756757,5,0,0.0,0.0,0.0,0.0,water_per_diff_前2天,0.00075292083443814,10 - 12日龄
,740,1.0,683,57,0.07702702702702703,,0.29952451241666567,0.03678940236838016,water_per_diff_前2天,,10 - 12日龄
"(-inf, -4.04)",138,0.1864864864864865,117,21,0.15217391304347827,-0.7657920946619068,0.15095138923827983,0.018420971950830187,water_per_diff_前3天,0.0009141638713547537,10 - 12日龄
"[-4.04, -0.29)",117,0.1581081081081081,109,8,0.06837606837606838,0.12846274881306785,0.0024715162431221383,0.00030872727512146637,water_per_diff_前3天,0.0006793749052720504,10 - 12日龄
"[-0.29, 2.41)",227,0.30675675675675673,219,8,0.03524229074889868,0.8261865964004249,0.14895594051359026,0.01810737317680517,water_per_diff_前3天,0.0006626354675456149,10 - 12日龄
"[2.41, 4.44)",69,0.09324324324324325,68,1,0.014492753623188406,1.736064113439867,0.14238659973320736,0.015853719368316595,water_per_diff_前3天,0.0007201103639988464,10 - 12日龄
"[4.44, 8.96)",93,0.12567567567567567,84,9,0.0967741935483871,-0.2498513702291456,0.008721790145164747,0.001087396840264274,water_per_diff_前3天,0.0007486007497525376,10 - 12日龄
"[8.96, inf)",74,0.1,65,9,0.12162162162162163,-0.5062808991768222,0.031757158968169316,0.003927785001638947,water_per_diff_前3天,0.0008112653271645932,10 - 12日龄
Special,0,0.0,0,0,0.0,0.0,0.0,0.0,water_per_diff_前3天,,10 - 12日龄
Missing,22,0.02972972972972973,21,1,0.045454545454545456,0.5610788459871832,0.007407837631640909,0.0009140215913196444,water_per_diff_前3天,0.0006660359466165682,10 - 12日龄
,740,1.0,683,57,0.07702702702702703,,0.4926522324731746,0.05861999520429628,water_per_diff_前3天,,10 - 12日龄
"(-inf, -1.36)",156,0.21081081081081082,142,14,0.08974358974358974,-0.16667386375023785,0.0062848946080334145,0.0007847037357468986,water_per_diff_前5天,0.0006972490570877423,10 - 12日龄
"[-1.36, -0.01)",215,0.2905405405405405,202,13,0.06046511627906977,0.2598747482034285,0.017589323714161813,0.002192499338257964,water_per_diff_前5天,0.0007281268259825809,10 - 12日龄
"[-0.01, 0.03)",65,0.08783783783783784,64,1,0.015384615384615385,1.6754394916234316,0.1276021189454028,0.014312651717756374,water_per_diff_前5天,0.0006510669050447861,10 - 12日龄
"[0.03, 1.09)",106,0.14324324324324325,98,8,0.07547169811320754,0.02208234525449626,6.920053738790543e-05,8.649891426447203e-06,water_per_diff_前5天,0.0007741391945398188,10 - 12日龄
"[1.09, 5.12)",88,0.11891891891891893,75,13,0.14772727272727273,-0.7309048356614662,0.08643718022617938,0.01057039005554039,water_per_diff_前5天,0.0009176703195487579,10 - 12日龄
"[5.12, inf)",45,0.060810810810810814,38,7,0.15555555555555556,-0.7917675810651674,0.053183124617539046,0.006479509875740197,water_per_diff_前5天,0.000859990414982691,10 - 12日龄
Special,0,0.0,0,0,0.0,0.0,0.0,0.0,water_per_diff_前5天,,10 - 12日龄
Missing,65,0.08783783783783784,64,1,0.015384615384615385,1.6754394916234316,0.1276021189454028,0.014312651717756374,water_per_diff_前5天,0.0006292747452262292,10 - 12日龄
,740,1.0,683,57,0.07702702702702703,,0.4187679615941071,0.04866105633222465,water_per_diff_前5天,,10 - 12日龄
"(-inf, -1.27)",134,0.1810810810810811,119,15,0.11194029850746269,-0.4123702997269203,0.03667067318215814,0.0045516295676403876,water_per_diff_前7天,0.0007738337254100134,10 - 12日龄
"[-1.27, -0.04)",120,0.16216216216216217,111,9,0.075,0.028862032239874935,0.00013344547540976363,1.6680105479820444e-05,water_per_diff_前7天,0.0007486900675094558,10 - 12日龄
"[-0.04, -0.00)",76,0.10270270270270271,71,5,0.06578947368421052,0.1697983728709751,0.0027564812528436573,0.000344146828145295,water_per_diff_前7天,0.0007494546790210619,10 - 12日龄
"[-0.00, 0.07)",99,0.13378378378378378,97,2,0.020202020202020204,1.3981202062071976,0.14950487833450374,0.017300784762321813,water_per_diff_前7天,0.0006815722285987444,10 - 12日龄
"[0.07, 2.08)",153,0.20675675675675675,138,15,0.09803921568627451,-0.2642401076812453,0.01614721471767183,0.002012550157958832,water_per_diff_前7天,0.0007709936580594301,10 - 12日龄
"[2.08, inf)",37,0.05,31,6,0.16216216216216217,-0.8412158564791488,0.050367937156838904,0.006116682916082524,water_per_diff_前7天,0.0008639746943690027,10 - 12日龄
Special,0,0.0,0,0,0.0,0.0,0.0,0.0,water_per_diff_前7天,,10 - 12日龄
Missing,121,0.1635135135135135,116,5,0.04132231404958678,0.6607086869360246,0.05425716452530042,0.0066614162922118865,water_per_diff_前7天,0.0006789571260958058,10 - 12日龄
,740,1.0,683,57,0.07702702702702703,,0.3098377946447265,0.03700389062984056,water_per_diff_前7天,,10 - 12日龄
"(-inf, -3.95)",269,0.3635135135135135,259,10,0.03717472118959108,0.770799376969252,0.15706638559238337,0.019161260566304843,water_per_shift_diff_前1天,0.0006488348537834758,10 - 12日龄
"[-3.95, 0.32)",178,0.24054054054054055,167,11,0.06179775280898876,0.23665494788214492,0.012194133863799608,0.0015207196879345273,water_per_shift_diff_前1天,0.0006986001274359236,10 - 12日龄
"[0.32, 1.91)",47,0.06351351351351352,42,5,0.10638297872340426,-0.35521188588697195,0.009315746718311837,0.00115838472961263,water_per_shift_diff_前1天,0.0008412471644532787,10 - 12日龄
"[1.91, 5.12)",88,0.11891891891891893,78,10,0.11363636363636363,-0.4293198580406936,0.026290065540803317,0.0032612506546901843,water_per_shift_diff_前1天,0.0007922764864086057,10 - 12日龄
"[5.12, 10.60)",104,0.14054054054054055,92,12,0.11538461538461539,-0.44656166447519974,0.03386119117235082,0.004197826549576039,water_per_shift_diff_前1天,0.0009042750868021308,10 - 12日龄
"[10.60, inf)",49,0.06621621621621622,40,9,0.1836734693877551,-0.9917887149585232,0.0985139595886211,0.011833128453866755,water_per_shift_diff_前1天,0.0008999608181850653,10 - 12日龄
Special,0,0.0,0,0,0.0,0.0,0.0,0.0,water_per_shift_diff_前1天,,10 - 12日龄
Missing,5,0.006756756756756757,5,0,0.0,0.0,0.0,0.0,water_per_shift_diff_前1天,0.00075292083443814,10 - 12日龄
,740,1.0,683,57,0.07702702702702703,,0.33724148247627006,0.04113257064198497,water_per_shift_diff_前1天,,10 - 12日龄
"(-inf, -13.94)",70,0.0945945945945946,57,13,0.18571428571428572,-1.0053416813632265,0.1453873177178846,0.01744477694966998,water_per_shift_diff_前2天,0.0008657188352463358,10 - 12日龄
"[-13.94, -1.23)",268,0.3621621621621622,247,21,0.07835820895522388,-0.018577692831685866,0.0001259795768812782,1.5747220658817156e-05,water_per_shift_diff_前2天,0.0007535757441885089,10 - 12日龄
"[-1.23, 4.79)",221,0.29864864864864865,212,9,0.04072398190045249,0.6759181055995533,0.1030779017478243,0.012644932472028511,water_per_shift_diff_前2天,0.0007008905524460168,10 - 12日龄
"[4.79, 6.85)",58,0.07837837837837838,57,1,0.017241379310344827,1.5596076760983104,0.10279605704626812,0.01168751577271831,water_per_shift_diff_前2天,0.000684747194093769,10 - 12日龄
"[6.85, 9.35)",44,0.05945945945945946,40,4,0.09090909090909091,-0.18085849874219395,0.0020998186902846504,0.0002621201878188141,water_per_shift_diff_前2天,0.0007089941886319023,10 - 12日龄
"[9.35, inf)",57,0.07702702702702703,49,8,0.14035087719298245,-0.6710648353054491,0.04604079461356899,0.0056494868784138525,water_per_shift_diff_前2天,0.0008251638033710685,10 - 12日龄
Special,0,0.0,0,0,0.0,0.0,0.0,0.0,water_per_shift_diff_前2天,,10 - 12日龄
Missing,22,0.02972972972972973,21,1,0.045454545454545456,0.5610788459871832,0.007407837631640909,0.0009140215913196444,water_per_shift_diff_前2天,0.0006660359466165682,10 - 12日龄
,740,1.0,683,57,0.07702702702702703,,0.4069357070243529,0.04861860107262793,water_per_shift_diff_前2天,,10 - 12日龄
"(-inf, -17.40)",39,0.052702702702702706,30,9,0.23076923076923078,-1.279470787410304,0.14582240075362868,0.017078097153988,water_per_shift_diff_前3天,0.0010465232244788126,10 - 12日龄
"[-17.40, -2.01)",176,0.23783783783783785,155,21,0.11931818181818182,-0.4845409125404161,0.06855337253789043,0.008486315529554544,water_per_shift_diff_前3天,0.0008513120574574131,10 - 12日龄
"[-2.01, -0.03)",102,0.13783783783783785,97,5,0.049019607843137254,0.48182947433304246,0.02616391843877764,0.0032392160452527977,water_per_shift_diff_前3天,0.0007432706730906157,10 - 12日龄
"[-0.03, 0.08)",66,0.0891891891891892,65,1,0.015151515151515152,1.690943678159397,0.13125868319328296,0.014695337024382154,water_per_shift_diff_前3天,0.0006061520337440834,10 - 12日龄
"[0.08, 7.86)",253,0.3418918918918919,241,12,0.04743083003952569,0.516446691966415,0.07350520459751622,0.009087383237693918,water_per_shift_diff_前3天,0.0006656137083268707,10 - 12日龄
"[7.86, inf)",62,0.08378378378378379,54,8,0.12903225806451613,-0.5739010868518013,0.03517320369958126,0.004337289751421686,water_per_shift_diff_前3天,0.0007841604179164646,10 - 12日龄
Special,0,0.0,0,0,0.0,0.0,0.0,0.0,water_per_shift_diff_前3天,,10 - 12日龄
Missing,42,0.05675675675675676,41,1,0.023809523809523808,1.230128474968068,0.05226252851447907,0.0061497602666393284,water_per_shift_diff_前3天,0.0006326298644819405,10 - 12日龄
,740,1.0,683,57,0.07702702702702703,,0.5327393117351562,0.06307339900893243,water_per_shift_diff_前3天,,10 - 12日龄
"(-inf, -2.54)",66,0.0891891891891892,56,10,0.15151515151515152,-0.7606769939951363,0.07108327307683607,0.008677197774600551,water_per_shift_diff_前5天,0.0007998473474957984,10 - 12日龄
"[-2.54, -1.13)",57,0.07702702702702703,52,5,0.08771929824561403,-0.14163778558891282,0.0016408168631835715,0.00020493083771437126,water_per_shift_diff_前5天,0.0006682928737547105,10 - 12日龄
"[-1.13, 0.02)",201,0.2716216216216216,191,10,0.04975124378109453,0.46624474331634413,0.04858737056932543,0.0060190013057182905,water_per_shift_diff_前5天,0.0007036580295687502,10 - 12日龄
"[0.02, 0.08)",61,0.08243243243243244,60,1,0.01639344262295082,1.6109009704858606,0.1132525739441525,0.012800493817622995,water_per_shift_diff_前5天,0.0006639482529426427,10 - 12日龄
"[0.08, 3.04)",158,0.21351351351351353,148,10,0.06329113924050633,0.2111835890338294,0.008711845161653445,0.001086961525631482,water_per_shift_diff_前5天,0.0007948272912891659,10 - 12日龄
"[3.04, inf)",108,0.14594594594594595,89,19,0.17592592592592593,-0.9392462011705405,0.19069127363930932,0.02299714910854249,water_per_shift_diff_前5天,0.0008636394093837741,10 - 12日龄
Special,0,0.0,0,0,0.0,0.0,0.0,0.0,water_per_shift_diff_前5天,,10 - 12日龄
Missing,89,0.12027027027027028,87,2,0.02247191011235955,1.2893173463583985,0.11899301907132431,0.013922560850824772,water_per_shift_diff_前5天,0.0006559454474898236,10 - 12日龄
,740,1.0,683,57,0.07702702702702703,,0.5529601723257846,0.06570829522065495,water_per_shift_diff_前5天,,10 - 12日龄
"(-inf, -1.66)",104,0.14054054054054055,89,15,0.14423076923076922,-0.70285742310631,0.09337490925755403,0.011437395274300068,water_per_shift_diff_前7天,0.0008153784670965731,10 - 12日龄
"[-1.66, -0.05)",103,0.13918918918918918,95,8,0.07766990291262135,-0.009008241815534834,1.1338107137273873e-05,1.4172586001656175e-06,water_per_shift_diff_前7天,0.0007619898566696155,10 - 12日龄
"[-0.05, 0.08)",182,0.24594594594594596,168,14,0.07692307692307693,0.0014630580517605019,5.261311737342304e-07,6.576639086478561e-08,water_per_shift_diff_前7天,0.000771742941670805,10 - 12日龄
"[0.08, 0.58)",69,0.09324324324324325,68,1,0.014492753623188406,1.736064113439867,0.14238659973320736,0.015853719368316595,water_per_shift_diff_前7天,0.0006570041113601391,10 - 12日龄
"[0.58, 2.56)",84,0.11351351351351352,76,8,0.09523809523809523,-0.23215179312974454,0.006750297444783615,0.000841897461462824,water_per_shift_diff_前7天,0.0006853324073525036,10 - 12日龄
"[2.56, inf)",46,0.062162162162162166,41,5,0.10869565217391304,-0.3793094374660324,0.01050308426673815,0.0013050712085605357,water_per_shift_diff_前7天,0.0008803935992242522,10 - 12日龄
Special,0,0.0,0,0,0.0,0.0,0.0,0.0,water_per_shift_diff_前7天,,10 - 12日龄
Missing,152,0.20540540540540542,146,6,0.039473684210526314,0.7084035607440415,0.07686154068949762,0.009411706655283923,water_per_shift_diff_前7天,0.0006770578717790479,10 - 12日龄
,740,1.0,683,57,0.07702702702702703,,0.32988829563009175,0.03885127299291498,water_per_shift_diff_前7天,,10 - 12日龄
