Bin,Count,Count (%),Non-event,Event,Event rate,WoE,IV,JS,feature,MORTALITY_RATE,Age_interval
"[-inf, -16.20)",37,0.0513176144244105,28,9,0.2432432432432432,-0.4962526394225363,0.014806537278214,0.0018320565247649,water_per_diff,0.0010337063934985,13 - 15日龄
"[-16.20, -5.44)",153,0.2122052704576976,127,26,0.1699346405228758,-0.0451420238244114,0.0004390235332727,5.48732825339706e-05,water_per_diff,0.0009622604188513,13 - 15日龄
"[-5.44, 0.68)",124,0.1719833564493758,109,15,0.1209677419354838,0.3520651088654131,0.0188862540481108,0.0023486643819654,water_per_diff,0.0008978206137859,13 - 15日龄
"[0.68, 3.09)",41,0.0568654646324549,40,1,0.024390243902439,2.057646881852416,0.1190563034065041,0.0127110659496599,water_per_diff,0.0007783619142297,13 - 15日龄
"[3.09, inf)",366,0.507628294036061,299,67,0.1830601092896175,-0.1354816182618003,0.0097468927099271,0.0014432233098115,water_per_diff,0.0009783466444413,13 - 15日龄
,721,1.0,603,118,0.1636615811373093,,0.162935010976029,0.0183898834487356,water_per_diff,0.0009525526312095,13 - 15日龄
"[-inf, 4.18)",300,0.4160887656033287,242,58,0.1933333333333333,-0.2027378566512536,0.0182866959550797,0.0022819302748803,water_per_shift_diff,0.0009834127126499,13 - 15日龄
"[4.18, 6.66)",91,0.1262135922330097,83,8,0.0879120879120879,0.7081664938552416,0.0494643656640603,0.0129864891828917,water_per_shift_diff,0.0008451824673603,13 - 15日龄
"[6.66, 12.18)",190,0.2635228848821082,163,27,0.1421052631578947,0.1666807625409125,0.0069175069818044,0.000863688795105,water_per_shift_diff,0.0009602746642307,13 - 15日龄
"[12.18, 13.39)",38,0.0527045769764216,32,6,0.1578947368421052,0.0427438613101507,9.491427167838516e-05,1.1863380855051792e-05,water_per_shift_diff,0.000900872226322,13 - 15日龄
"[13.39, inf)",102,0.1414701803051317,83,19,0.1862745098039215,-0.156830943631363,0.003665427934606,0.0004577095129853,water_per_shift_diff,0.0009624480193458,13 - 15日龄
,721,1.0,603,118,0.1636615811373093,,0.078428910807229,0.0166016811467173,water_per_shift_diff,0.0009525526312095,13 - 15日龄
"[-inf, -17.70)",41,0.0568654646324549,30,11,0.2682926829268293,-0.6279304633977358,0.0272955690936447,0.0033569734760309,water_per_diff_前1天,0.0010469204059165,13 - 15日龄
"[-17.70, -13.60)",38,0.0527045769764216,37,1,0.0263157894736842,1.979685340382704,0.1046962354310385,0.0112969883596052,water_per_diff_前1天,0.0008452813766922,13 - 15日龄
"[-13.60, -11.21)",39,0.0540915395284327,36,3,0.0769230769230769,0.8536740775264796,0.0292620383265464,0.0035505826829115,water_per_diff_前1天,0.0007765675626898,13 - 15日龄
"[-11.21, 2.16)",362,0.5020804438280166,307,55,0.1519337016574585,0.0882819900932056,0.0037978352822793,0.0004745753076995,water_per_diff_前1天,0.000940169042786,13 - 15日龄
"[2.16, 4.19)",45,0.0624133148404993,38,7,0.1555555555555555,0.0604434384095517,0.0002234115341612,2.7922191433210424e-05,water_per_diff_前1天,0.0010414326853239,13 - 15日龄
"[4.19, inf)",196,0.2718446601941747,155,41,0.2091836734693877,-0.3013795220465818,0.0272475822206153,0.0033931159953595,water_per_diff_前1天,0.0009910929534294,13 - 15日龄
,721,1.0,603,118,0.1636615811373093,,0.1925226718882855,0.0221001580130398,water_per_diff_前1天,0.0009525526312095,13 - 15日龄
"[-inf, -12.55)",106,0.1474269819193324,85,21,0.1981132075471698,-0.2297814913026493,0.0083951020046414,0.0021026486187897,water_per_diff_前2天,0.000968025726526,13 - 15日龄
"[-12.55, -10.53)",42,0.0584144645340751,40,2,0.0476190476190476,1.3678219634844482,0.0678529804497911,0.0078252639555263,water_per_diff_前2天,0.0008562296234371,13 - 15日龄
"[-10.53, -4.27)",195,0.2712100139082058,168,27,0.1384615384615384,0.2002168033293869,0.0101551064832031,0.0012235304803176,water_per_diff_前2天,0.0009022119299892,13 - 15日龄
"[-4.27, 8.34)",339,0.4714881780250348,281,58,0.1710914454277286,-0.0499986512822164,0.0011985350289033,0.0001700876085734,water_per_diff_前2天,0.000978399543585,13 - 15日龄
"[8.34, inf)",37,0.0514603616133518,27,10,0.2702702702702703,-0.6346585370592593,0.0252725078069791,0.0031345028147519,water_per_diff_前2天,0.0010673297788735,13 - 15日龄
,719,1.0,601,118,0.1641168289290681,,0.1128742317735183,0.0144560334779589,water_per_diff_前2天,0.0009536472109007,13 - 15日龄
"[-inf, 2.23)",535,0.7492997198879552,442,93,0.1738317757009345,-0.0608456536752428,0.0028308352125098,0.0027106293998997,water_per_diff_前3天,0.0009702970566412,13 - 15日龄
"[2.23, 3.94)",51,0.0714285714285714,50,1,0.0196078431372549,2.292466962828461,0.1728933678028972,0.0175633441083298,water_per_diff_前3天,0.0007546614570448,13 - 15日龄
"[3.94, 8.25)",91,0.1274509803921568,75,16,0.1758241758241758,-0.0746566513031556,0.0007282229381464,0.0001209919518935,water_per_diff_前3天,0.0009492787579221,13 - 15日龄
"[8.25, inf)",37,0.0518207282913165,29,8,0.2162162162162162,-0.3317017542930469,0.0063484040677744,0.000841598994502,water_per_diff_前3天,0.0010389741066683,13 - 15日龄
,714,1.0,596,118,0.165266106442577,,0.182800830021328,0.021236564454625,water_per_diff_前3天,0.0009557746057843,13 - 15日龄
"[-inf, -3.61)",226,0.3275362318840579,181,45,0.1991150442477876,-0.238619906300253,0.0201725882045826,0.0024238083634481,water_per_diff_前5天,0.0010142082029592,13 - 15日龄
"[-3.61, 0.35)",161,0.2333333333333333,140,21,0.1304347826086956,0.2666655370901222,0.0151448978366086,0.0017963106791671,water_per_diff_前5天,0.0009355979349073,13 - 15日龄
"[0.35, 1.38)",47,0.0681159420289855,45,2,0.0425531914893617,1.4830608614146157,0.0894144606098196,0.0098047318873276,water_per_diff_前5天,0.0007038966187156,13 - 15日龄
"[1.38, 6.05)",139,0.2014492753623188,117,22,0.158273381294964,0.0406770336436813,0.0003287801832827,0.0013683662167546,water_per_diff_前5天,0.0009470062023055,13 - 15日龄
"[6.05, inf)",117,0.1695652173913043,94,23,0.1965811965811965,-0.2226538814549047,0.0090460289255386,0.0010877520347451,water_per_diff_前5天,0.0009951402834723,13 - 15日龄
,690,1.0,577,113,0.1637681159420289,,0.1341067557598324,0.0164809691814425,water_per_diff_前5天,0.0009579575909495,13 - 15日龄
"[-inf, -3.62)",57,0.086890243902439,46,11,0.1929824561403508,-0.1605094696601854,0.0023587555753021,0.0004236978547899,water_per_diff_前7天,0.0010013405140345,13 - 15日龄
"[-3.62, -1.29)",59,0.0899390243902439,55,4,0.0677966101694915,1.0297832307616706,0.0668137727207134,0.0068150200978786,water_per_diff_前7天,0.0007946368216036,13 - 15日龄
"[-1.29, -0.48)",37,0.0564024390243902,32,5,0.1351351351351351,0.2650423970147163,0.00362327568115,0.0003002540324523,water_per_diff_前7天,0.0008524040561717,13 - 15日龄
"[-0.48, inf)",503,0.7667682926829268,412,91,0.1809145129224652,-0.0810917505182334,0.0051782367510031,0.0032421290086666,water_per_diff_前7天,0.0009912833585989,13 - 15日龄
,656,1.0,545,111,0.1692073170731707,,0.0779740407281687,0.0107811009937874,water_per_diff_前7天,0.0009666378982137,13 - 15日龄
"[-inf, -8.46)",56,0.0778859527121001,51,5,0.0892857142857142,0.6944774102206824,0.0295053503623186,0.0035753253195469,water_per_shift_diff_前1天,0.0008684838454693,13 - 15日龄
"[-8.46, 1.85)",342,0.4756606397774687,285,57,0.1666666666666666,-0.0184723976354424,0.0001633181042531,0.0003120479705329,water_per_shift_diff_前1天,0.0009495313898907,13 - 15日龄
"[1.85, 3.07)",37,0.0514603616133518,25,12,0.3243243243243243,-0.8939411349893425,0.0537236966260269,0.0065380137256668,water_per_shift_diff_前1天,0.0011860704755243,13 - 15日龄
"[3.07, 15.15)",224,0.3115438108484005,185,39,0.1741071428571428,-0.0711161311208644,0.001613495233558,0.0002205578471315,water_per_shift_diff_前1天,0.0009875144716873,13 - 15日龄
"[15.15, inf)",60,0.0834492350486787,55,5,0.0833333333333333,0.7699849627288279,0.0378380325884819,0.0045689026776134,water_per_shift_diff_前1天,0.0007868277449395,13 - 15日龄
,719,1.0,601,118,0.1641168289290681,,0.1228438929146387,0.0152148475404915,water_per_shift_diff_前1天,0.0009536472109007,13 - 15日龄
"[-inf, -4.67)",188,0.2633053221288515,157,31,0.1648936170212765,0.0027025582634765,1.921395648586935e-06,2.632754649797321e-06,water_per_shift_diff_前2天,0.0009249542044852,13 - 15日龄
"[-4.67, -3.64)",37,0.0518207282913165,31,6,0.1621621621621621,0.0226716926574061,2.6434404474850715e-05,7.726275129085638e-07,water_per_shift_diff_前2天,0.0010430725182421,13 - 15日龄
"[-3.64, 0.78)",216,0.3025210084033613,184,32,0.1481481481481481,0.129643812209574,0.0048666201830462,0.0005004002033024,water_per_shift_diff_前2天,0.0009276193234217,13 - 15日龄
"[0.78, 1.83)",38,0.0532212885154061,37,1,0.0263157894736842,1.99136187004454,0.1067488660287213,0.0112969883596052,water_per_shift_diff_前2天,0.00074365161929,13 - 15日龄
"[1.83, 10.40)",198,0.2773109243697479,159,39,0.1969696969696969,-0.2142134865091,0.0136518150172589,0.0018829390879073,water_per_shift_diff_前2天,0.00101189657473,13 - 15日龄
"[10.40, inf)",37,0.0518207282913165,28,9,0.2432432432432432,-0.4845761097607005,0.0141938742194722,0.0018320565247649,water_per_shift_diff_前2天,0.0011069712898159,13 - 15日龄
,714,1.0,596,118,0.165266106442577,,0.1394895312486221,0.0155157895577425,water_per_shift_diff_前2天,0.0009557746057843,13 - 15日龄
"[-inf, -1.60)",271,0.3849431818181818,227,44,0.1623616236162361,0.0072663282748048,2.0275131673995568e-05,5.771649597069342e-06,water_per_shift_diff_前3天,0.0009439913513269,13 - 15日龄
"[-1.60, -0.56)",43,0.0610795454545454,41,2,0.0465116279069767,1.386930830856026,0.0724230360779178,0.0082134173174231,water_per_shift_diff_前3天,0.0008240137494527,13 - 15日龄
"[-0.56, 0.12)",37,0.0525568181818181,34,3,0.081081081081081,0.794254180659715,0.0251286145885254,0.0030036282343019,water_per_shift_diff_前3天,0.0008611465988303,13 - 15日龄
"[0.12, 11.30)",312,0.4431818181818182,258,54,0.173076923076923,-0.0695185169309935,0.0021922425948859,0.0002502030014068,water_per_shift_diff_前3天,0.0009571098947813,13 - 15日龄
"[11.30, inf)",41,0.0582386363636363,29,12,0.2926829268292683,-0.7511048750898628,0.0413947663498997,0.0049033998158922,water_per_shift_diff_前3天,0.0012284329465117,13 - 15日龄
,704,1.0,589,115,0.1633522727272727,,0.1411589347429029,0.016376420018621,water_per_shift_diff_前3天,0.0009546885079141,13 - 15日龄
"[-inf, 2.84)",457,0.6790490341753344,376,81,0.1772428884026258,-0.0760820455101459,0.0040310212869759,0.0007551384032496,water_per_shift_diff_前5天,0.0009732433937441,13 - 15日龄
"[2.84, 5.13)",75,0.1114413075780089,65,10,0.1333333333333333,0.2605801426739896,0.0069259109731595,0.0006914325165085,water_per_shift_diff_前5天,0.0009257438741826,13 - 15日龄
"[5.13, 6.56)",38,0.0564635958395245,36,2,0.0526315789473684,1.2791497236685632,0.0592425148948866,0.0063168817512728,water_per_shift_diff_前5天,0.0007842779405765,13 - 15日龄
"[6.56, inf)",103,0.1530460624071322,84,19,0.1844660194174757,-0.1248442145507287,0.0024856778775617,0.0003928189766918,water_per_shift_diff_前5天,0.0010062327046765,13 - 15日龄
,673,1.0,561,112,0.1664190193164933,,0.072685125032584,0.0081562716477227,water_per_shift_diff_前5天,0.0009623292003392,13 - 15日龄
"[-inf, -1.68)",43,0.0676100628930817,30,13,0.3023255813953488,-0.7507170323814232,0.0477097103912436,0.0058506755975566,water_per_shift_diff_前7天,0.0011231360722486,13 - 15日龄
"[-1.68, 0.16)",232,0.3647798742138364,193,39,0.168103448275862,0.0121634861931974,5.375277989418062e-05,4.190254517071881e-05,water_per_shift_diff_前7天,0.0009912858566865,13 - 15日龄
"[0.16, 1.03)",72,0.1132075471698113,68,4,0.0555555555555555,1.2462482874741745,0.1143443294063005,0.0111846964792016,water_per_shift_diff_前7天,0.0008449777855334,13 - 15日龄
"[1.03, inf)",289,0.4544025157232704,237,52,0.1799307958477508,-0.0701486340283379,0.0022880972799647,0.0009550108196304,water_per_shift_diff_前7天,0.0009547034093605,13 - 15日龄
,636,1.0,528,108,0.1698113207547169,,0.164395889857403,0.0180322854415593,water_per_shift_diff_前7天,0.0009670139240904,13 - 15日龄
"[-inf, 13.61)",506,0.6828609986504723,420,86,0.1699604743083003,-0.0982540436061306,0.0068167977839839,0.0008517571363169,water_per_diff,0.0010164512774406,16 - 18日龄
"[13.61, 16.02)",55,0.0742240215924426,48,7,0.1272727272727272,0.2411294032225407,0.0039678259040619,0.000494780143033,water_per_diff,0.0009451529875973,16 - 18日龄
"[16.02, 18.67)",54,0.0728744939271255,51,3,0.0555555555555555,1.1490518854261793,0.0640457747449267,0.0075924655169354,water_per_diff,0.0008498388865183,16 - 18日龄
"[18.67, 25.29)",83,0.1120107962213225,71,12,0.144578313253012,0.0936117686232783,0.0009503208511273,0.0001187467513411,water_per_diff,0.0009654451951161,16 - 18日龄
"[25.29, inf)",43,0.0580296896086369,35,8,0.1860465116279069,-0.208254938820459,0.002700132999879,0.000336908022191,water_per_diff,0.0010948139361844,16 - 18日龄
,741,1.0,625,116,0.1565452091767881,,0.078480852283979,0.0093946575698173,water_per_diff,0.0009978515668358,16 - 18日龄
"[-inf, -1.05)",444,0.5991902834008097,371,73,0.1644144144144144,-0.0584188371709928,0.0020861568198027,0.0009937363162791,water_per_shift_diff,0.0010048609425845,16 - 18日龄
"[-1.05, 1.56)",104,0.1403508771929824,88,16,0.1538461538461538,0.0205866336083885,5.906234193854938e-05,7.382662374364347e-06,water_per_shift_diff,0.0010588703951588,16 - 18日龄
"[1.56, 2.38)",38,0.0512820512820512,36,2,0.0526315789473684,1.2062102992661277,0.048680983940037,0.0057411345271445,water_per_shift_diff,0.0007592442951411,16 - 18日龄
"[2.38, 4.72)",58,0.078272604588394,49,9,0.1551724137931034,0.0104342621443702,8.491330572659882e-06,1.0614115065853537e-06,water_per_shift_diff,0.0009255649938319,16 - 18日龄
"[4.72, inf)",97,0.1309041835357624,81,16,0.1649484536082474,-0.0623010261973793,0.0005190319975616,6.486850912656734e-05,water_per_shift_diff,0.001037043077976,16 - 18日龄
,741,1.0,625,116,0.1565452091767881,,0.0513537264299126,0.0068081834264311,water_per_shift_diff,0.0009978515668357,16 - 18日龄
"[-inf, -0.31)",93,0.1255060728744939,76,17,0.1827956989247312,-0.1866414623999217,0.0046570262825028,0.0005812848184289,water_per_diff_前1天,0.0010638730741203,16 - 18日龄
"[-0.31, 4.00)",49,0.0661268556005398,48,1,0.0204081632653061,2.187039552277854,0.1491108483711645,0.0156339760110272,water_per_diff_前1天,0.0008113773750485,16 - 18日龄
"[4.00, 11.03)",195,0.2631578947368421,172,23,0.1179487179487179,0.3278388022542663,0.0252187172437523,0.0031382980830788,water_per_diff_前1天,0.0009121535355603,16 - 18日龄
"[11.03, inf)",404,0.5452091767881242,329,75,0.1856435643564356,-0.2055918214009754,0.0247022118099847,0.0032161877845674,water_per_diff_前1天,0.0010466346146547,16 - 18日龄
,741,1.0,625,116,0.1565452091767881,,0.2036888037074045,0.0225697466971022,water_per_diff_前1天,0.0009978515668358,16 - 18日龄
"[-inf, -3.83)",92,0.1256830601092896,75,17,0.1847826086956521,-0.1853820029470606,0.0045971914076101,0.0006623147877852,water_per_diff_前2天,0.0010206613236206,16 - 18日龄
"[-3.83, 13.73)",380,0.5191256830601093,320,60,0.1578947368421052,0.0043196611445161,9.672326790228389e-06,6.672918609887694e-06,water_per_diff_前2天,0.0009893153161817,16 - 18日龄
"[13.73, 15.80)",54,0.0737704918032786,51,3,0.0555555555555555,1.163556571629061,0.0662414371555505,0.0075924655169354,water_per_diff_前2天,0.0009085053807226,16 - 18日龄
"[15.80, 18.36)",57,0.0778688524590164,51,6,0.1052631578947368,0.4704093910691156,0.0146147118250872,0.0016879749230654,water_per_diff_前2天,0.0009428277787657,16 - 18日龄
"[18.36, inf)",149,0.203551912568306,119,30,0.2013422818791946,-0.2917306609777811,0.0190905252285617,0.0030063540979308,water_per_diff_前2天,0.0010672863928544,16 - 18日龄
,732,1.0,616,116,0.1584699453551912,,0.1045535379435999,0.0129557822443266,water_per_diff_前2天,0.0009995448202269,16 - 18日龄
"[-inf, -7.79)",213,0.2950138504155125,185,28,0.1314553990610328,0.2245546522068726,0.0137650505951322,0.0017420990607452,water_per_diff_前5天,0.0009684478350827,16 - 18日龄
"[-7.79, -6.49)",43,0.0595567867036011,41,2,0.0465116279069767,1.3568282234481142,0.0680503633019389,0.0075255215566214,water_per_diff_前5天,0.0008587776650086,16 - 18日龄
"[-6.49, -3.86)",84,0.1163434903047091,71,13,0.1547619047619047,0.0341338568835305,0.0001339829064692,2.596817604757064e-06,water_per_diff_前5天,0.0010077046573675,16 - 18日龄
"[-3.86, inf)",382,0.5290858725761773,310,72,0.1884816753926701,-0.2036904842331116,0.0235015136453474,0.0037411864990077,water_per_diff_前5天,0.0010377133049981,16 - 18日龄
,722,1.0,607,115,0.1592797783933518,,0.1054509104488879,0.013011403933979,water_per_diff_前5天,0.0010031308894683,16 - 18日龄
"[-inf, -2.24)",330,0.4667609618104668,280,50,0.1515151515151515,0.0737706471378736,0.0024771363125791,8.186443557846399e-05,water_per_diff_前7天,0.0010045163204376,16 - 18日龄
"[-2.24, -0.80)",65,0.0919377652050919,62,3,0.0461538461538461,1.379526145773752,0.1079304426643793,0.011472537191448,water_per_diff_前7天,0.0008330045281709,16 - 18日龄
"[-0.80, 7.24)",263,0.371994342291372,216,47,0.1787072243346007,-0.1238651446291235,0.0059493820391521,0.0011829836373569,water_per_diff_前7天,0.0010145073443096,16 - 18日龄
"[7.24, inf)",49,0.0693069306930693,35,14,0.2857142857142857,-0.7327052187290749,0.0467356720682786,0.0060609764778475,water_per_diff_前7天,0.0012467261560281,16 - 18日龄
,707,1.0,593,114,0.1612446958981612,,0.1630926330843892,0.0187983617422308,water_per_diff_前7天,0.0010092513341928,16 - 18日龄
"[-inf, 0.39)",270,0.3688524590163934,223,47,0.174074074074074,-0.1126326026770949,0.004861158568296,0.0007682248670046,water_per_shift_diff_前1天,0.0010596851883108,16 - 18日龄
"[0.39, 4.14)",170,0.2322404371584699,144,26,0.1529411764705882,0.0420599891273634,0.0004049663082124,0.0007786549573616,water_per_shift_diff_前1天,0.0009734544518588,16 - 18日龄
"[4.14, 4.98)",46,0.0628415300546448,45,1,0.0217391304347826,2.1370057173431647,0.1376899675695243,0.0142336261562266,water_per_shift_diff_前1天,0.0008506836260261,16 - 18日龄
"[4.98, 6.44)",60,0.081967213114754,53,7,0.1166666666666666,0.3547249920696534,0.0091143512852648,0.0010350312153301,water_per_shift_diff_前1天,0.0009126684339983,16 - 18日龄
"[6.44, inf)",186,0.2540983606557377,151,35,0.1881720430107527,-0.2077249971016443,0.0117560441149665,0.0016667426838753,water_per_shift_diff_前1天,0.0010009300962855,16 - 18日龄
,732,1.0,616,116,0.1584699453551912,,0.1638264878462641,0.0184822798797982,water_per_shift_diff_前1天,0.0009995448202269,16 - 18日龄
"[-inf, 2.19)",204,0.279835390946502,166,38,0.1862745098039215,-0.1903731161996891,0.0108106913879499,0.0028445481854111,water_per_shift_diff_前2天,0.0010198530770101,16 - 18日龄
"[2.19, 3.67)",53,0.0727023319615912,49,4,0.0754716981132075,0.8407511921608893,0.0382138135380547,0.0043863864268745,water_per_shift_diff_前2天,0.0009146593549173,16 - 18日龄
"[3.67, 4.84)",41,0.0562414266117969,39,2,0.048780487804878,1.3056397207398545,0.0605557714884406,0.0067982159320852,water_per_shift_diff_前2天,0.0008134129862981,16 - 18日龄
"[4.84, inf)",431,0.5912208504801097,359,72,0.1670533642691415,-0.0581184753576232,0.00203677842987,0.0010942904834286,water_per_shift_diff_前2天,0.001021101809358,16 - 18日龄
,729,1.0,613,116,0.1591220850480109,,0.1116170548443153,0.0151234410277995,water_per_shift_diff_前2天,0.0010013330394955,16 - 18日龄
"[-inf, 3.34)",270,0.371900826446281,222,48,0.1777777777777777,-0.1386884598439567,0.0074964601222137,0.0031519233328979,water_per_shift_diff_前3天,0.0010199898746051,16 - 18日龄
"[3.34, 4.83)",39,0.0537190082644628,37,2,0.0512820512820512,1.247605901275934,0.0538531089243564,0.0060886920933609,water_per_shift_diff_前3天,0.0008544848764173,16 - 18日龄
"[4.83, inf)",417,0.5743801652892562,352,65,0.1558752997601918,0.0190790748941148,0.0002077206616949,0.0011231662902452,water_per_shift_diff_前3天,0.0010027319053787,16 - 18日龄
,726,1.0,611,115,0.1584022038567493,,0.0615572897082652,0.010363781716504,water_per_shift_diff_前3天,0.0010011864750228,16 - 18日龄
"[-inf, 1.19)",472,0.6582984658298466,387,85,0.1800847457627118,-0.1395518804061054,0.0134351189210846,0.0045612632014439,water_per_shift_diff_前5天,0.0010279854295655,16 - 18日龄
"[1.19, 2.02)",40,0.0557880055788005,38,2,0.05,1.2891136622208694,0.0589532551580423,0.0064411278339098,water_per_shift_diff_前5天,0.0008468227004299,16 - 18日龄
"[2.02, 9.47)",167,0.2329149232914923,146,21,0.1257485029940119,0.2837588670393424,0.0170017590709113,0.0016704972982661,water_per_shift_diff_前5天,0.0009680456995617,16 - 18日龄
"[9.47, inf)",38,0.0529986052998605,31,7,0.1842105263157894,-0.1672482615157381,0.0015678769568642,0.0002629405302011,water_per_shift_diff_前5天,0.0010679880541108,16 - 18日龄
,717,1.0,602,115,0.1603905160390516,,0.0909580101069026,0.0129358288638209,water_per_shift_diff_前5天,0.0010060379479151,16 - 18日龄
"[-inf, -15.34)",38,0.0549927641099855,29,9,0.2368421052631578,-0.4727323536276461,0.0143099804183794,0.0019822841716197,water_per_shift_diff_前7天,0.0010534637335489,16 - 18日龄
"[-15.34, -5.18)",177,0.256150506512301,156,21,0.1186440677966101,0.3625299632482134,0.029702098672862,0.0027408962659585,water_per_shift_diff_前7天,0.000973108998361,16 - 18日龄
"[-5.18, -3.35)",48,0.0694645441389291,46,2,0.0416666666666666,1.4926906096512491,0.0919350835021448,0.0094120467968901,water_per_shift_diff_前7天,0.0008056314530837,16 - 18日龄
"[-3.35, -0.55)",118,0.170767004341534,101,17,0.1440677966101695,0.1391035665071427,0.0031511093510824,0.0001837898992751,water_per_shift_diff_前7天,0.0009893734175541,16 - 18日龄
"[-0.55, inf)",310,0.4486251808972503,247,63,0.2032258064516129,-0.2765499960414562,0.0375838131494163,0.005856880794872,water_per_shift_diff_前7天,0.0010708444782577,16 - 18日龄
,691,1.0,579,112,0.1620839363241678,,0.1766820850938851,0.0201758979286153,water_per_shift_diff_前7天,0.0010125181995138,16 - 18日龄
"[-inf, -19.73)",42,0.0526976160602258,41,1,0.0238095238095238,1.8604620228148687,0.0934831412044401,0.0102466916456399,water_per_diff,0.0007442955530072,19 - 21日龄
"[-19.73, 4.36)",375,0.4705144291091593,320,55,0.1466666666666666,-0.0921222333281376,0.0041287379474995,0.0011375981307548,water_per_diff,0.0009801358136474,19 - 21日龄
"[4.36, 6.96)",77,0.096612296110414,58,19,0.2467532467532467,-0.7371060125094601,0.0676264950196485,0.0082669932942395,water_per_diff,0.0011062998045204,19 - 21日龄
"[6.96, 21.53)",261,0.3274780426599749,232,29,0.1111111111111111,0.226331497790397,0.0154361171758085,0.0019254067825697,water_per_diff,0.0009297885530329,19 - 21日龄
"[21.53, inf)",42,0.0526976160602258,38,4,0.0952380952380952,0.3981817547170563,0.0072132049314437,0.0008957409577584,water_per_diff,0.000983658750856,19 - 21日龄
,797,1.0,689,108,0.1355081555834379,,0.1878876962788404,0.0224724308109623,water_per_diff,0.0009635946150184,19 - 21日龄
"[-inf, -6.08)",91,0.1141781681304893,71,20,0.2197802197802197,-0.5861624404021144,0.0481457941694581,0.005933520189615,water_per_shift_diff,0.0009247304053356,19 - 21日龄
"[-6.08, 2.20)",298,0.3739021329987453,259,39,0.1308724832214765,0.0401563716804524,0.0005941537012871,7.426422299467231e-05,water_per_shift_diff,0.0009874427796888,19 - 21日龄
"[2.20, 5.67)",149,0.1869510664993726,133,16,0.1073825503355704,0.2646503620925336,0.0118788933154472,0.0014805434731423,water_per_shift_diff,0.0009334826538385,19 - 21日龄
"[5.67, 6.51)",46,0.0577164366373902,45,1,0.0217391304347826,1.9535524458808808,0.1095020595034289,0.0118569153527964,water_per_shift_diff,0.0008444101316496,19 - 21日龄
"[6.51, 10.14)",106,0.1329987452948557,93,13,0.1226415094339622,0.1145400918022805,0.0016731855048793,0.0002090339336556,water_per_shift_diff,0.000952379150973,19 - 21日龄
"[10.14, inf)",107,0.1342534504391468,88,19,0.1775700934579439,-0.3202122085776729,0.0154356984379953,0.0019212610409123,water_per_shift_diff,0.0010345095463172,19 - 21日龄
,797,1.0,689,108,0.1355081555834379,,0.1872297846324962,0.0214755382131162,water_per_shift_diff,0.0009635946150184,19 - 21日龄
"[-inf, -21.56)",40,0.0501882057716436,39,1,0.025,1.8104516022402075,0.0857149518181509,0.0094554875906862,water_per_diff_前1天,0.0007610306569972,19 - 21日龄
"[-21.56, -5.92)",153,0.191969887076537,133,20,0.130718954248366,0.0415068107783239,0.0003257536082156,4.071627829269932e-05,water_per_diff_前1天,0.0010029628578096,19 - 21日龄
"[-5.92, -3.18)",56,0.0702634880803011,46,10,0.1785714285714285,-0.3270537403943895,0.0084475257893621,0.0010512595914776,water_per_diff_前1天,0.0010515250302501,19 - 21日龄
"[-3.18, -0.40)",82,0.1028858218318695,63,19,0.2317073170731707,-0.6544142966643465,0.0552908493674238,0.0068612472576338,water_per_diff_前1天,0.00109926828731,19 - 21日龄
"[-0.40, inf)",466,0.5846925972396487,408,58,0.1244635193133047,0.0977141199683035,0.0053865414195288,0.0006730499356598,water_per_diff_前1天,0.0009336158012694,19 - 21日龄
,797,1.0,689,108,0.1355081555834379,,0.1551656220026815,0.0180817606537501,water_per_diff_前1天,0.0009635946150184,19 - 21日龄
"[-inf, -7.05)",142,0.1851368970013037,120,22,0.1549295774647887,-0.133865456315889,0.003481044463899,0.0005778447103071,water_per_diff_前2天,0.0010365271847754,19 - 21日龄
"[-7.05, 1.62)",173,0.2255541069100391,155,18,0.1040462427745664,0.3227386132834628,0.0208753374732488,0.0129674307878258,water_per_diff_前2天,0.000882316418236,19 - 21日龄
"[1.62, 4.84)",78,0.1016949152542373,70,8,0.1025641025641025,0.3387389546299039,0.0103073024187331,0.0010824442944015,water_per_diff_前2天,0.000928671031192,19 - 21日龄
"[4.84, 14.51)",230,0.2998696219035202,201,29,0.1260869565217391,0.1056943323329825,0.0032236575256983,0.000240427705286,water_per_diff_前2天,0.0009687569779914,19 - 21日龄
"[14.51, inf)",144,0.1877444589308996,115,29,0.2013888888888889,-0.452678447362843,0.0450895282183267,0.0059828563991121,water_per_diff_前2天,0.0010135982187065,19 - 21日龄
,767,1.0,661,106,0.1382007822685788,,0.0829768700999061,0.0208510038969325,water_per_diff_前2天,0.0009661488780413,19 - 21日龄
"[-inf, 16.13)",557,0.7456492637215528,478,79,0.1418312387791741,-0.0215909450718121,0.0003503136649556,0.0002496326718475,water_per_diff_前3天,0.0009760215766201,19 - 21日龄
"[16.13, 18.65)",51,0.0682730923694779,50,1,0.0196078431372549,2.0902691803319,0.1424416296024115,0.0139143224782836,water_per_diff_前3天,0.0008016986361591,19 - 21日龄
"[18.65, inf)",139,0.1860776439089692,115,24,0.1726618705035971,-0.2548755270809423,0.0132331593196708,0.0019723372847382,water_per_diff_前3天,0.0010037675023308,19 - 21日龄
,747,1.0,643,104,0.1392235609103079,,0.1560251025870381,0.0161362924348693,water_per_diff_前3天,0.0009692829068882,19 - 21日龄
"[-inf, 13.20)",441,0.610803324099723,375,66,0.1496598639455782,-0.0904986228071028,0.0051680242477625,0.001829344686188,water_per_diff_前5天,0.0009653016648776,19 - 21日龄
"[13.20, 15.38)",54,0.074792243767313,52,2,0.037037037037037,1.430326631270394,0.0909706133971973,0.0092531163409805,water_per_diff_前5天,0.0008864075618644,19 - 21日龄
"[15.38, 21.34)",139,0.1925207756232687,125,14,0.1007194244604316,0.3614865009359543,0.0220378908609186,0.0021660534561156,water_per_diff_前5天,0.0009290586487893,19 - 21日龄
"[21.34, inf)",88,0.1218836565096952,70,18,0.2045454545454545,-0.4696464225978937,0.031682257061427,0.0039855014192485,water_per_diff_前5天,0.0011022033677351,19 - 21日龄
,722,1.0,622,100,0.1385041551246537,,0.1498587855673056,0.0172340159025326,water_per_diff_前5天,0.0009691095444517,19 - 21日龄
"[-inf, -4.96)",257,0.3589385474860335,226,31,0.1206225680933852,0.1684710172417111,0.0095831565651778,0.006862265569683,water_per_diff_前7天,0.0009201098832071,19 - 21日龄
"[-4.96, -3.61)",40,0.0558659217877094,37,3,0.075,0.6942288464306863,0.0208719451881433,0.0020982066689442,water_per_diff_前7天,0.0008118313337234,19 - 21日龄
"[-3.61, 0.50)",127,0.1773743016759776,111,16,0.1259842519685039,0.1188647015271243,0.0024004494918789,0.0001357137422711,water_per_diff_前7天,0.0009301403117581,19 - 21日龄
"[0.50, inf)",292,0.4078212290502793,242,50,0.1712328767123287,-0.2411620568168881,0.0258387918018094,0.0038451743416285,water_per_diff_前7天,0.0010572461432568,19 - 21日龄
,716,1.0,616,100,0.1396648044692737,,0.0586943430470096,0.0129413603225268,water_per_diff_前7天,0.0009717670206109,19 - 21日龄
"[-inf, -0.91)",422,0.5501955671447197,357,65,0.1540284360189573,-0.1269662338556172,0.0092833616310668,0.0065075841386582,water_per_shift_diff_前1天,0.000977310253212,19 - 21日龄
"[-0.91, 0.92)",59,0.0769230769230769,58,1,0.0169491525423728,2.2301282648068,0.1746455311990824,0.0172890444131465,water_per_shift_diff_前1天,0.0008500597755104,19 - 21日龄
"[0.92, 10.42)",233,0.3037809647979139,202,31,0.1330472103004291,0.0439657471764394,0.0005779187216267,1.6251939430835752e-05,water_per_shift_diff_前1天,0.0009574422570085,19 - 21日龄
"[10.42, inf)",53,0.0691003911342894,44,9,0.1698113207547169,-0.2433496891575773,0.0044629970394697,0.000645913830488,water_per_shift_diff_前1天,0.0010447866030961,19 - 21日龄
,767,1.0,661,106,0.1382007822685788,,0.1889698085912457,0.0244587943217235,water_per_shift_diff_前1天,0.0009661488780413,19 - 21日龄
"[-inf, -16.82)",41,0.0548862115127175,32,9,0.2195121951219512,-0.5532424996327395,0.0203436910305794,0.0026579314719508,water_per_shift_diff_前2天,0.0012007994909906,19 - 21日龄
"[-16.82, -9.72)",153,0.2048192771084337,130,23,0.1503267973856209,-0.089713590569814,0.0017024546362168,0.0003672788471485,water_per_shift_diff_前2天,0.0010094073747388,19 - 21日龄
"[-9.72, -7.56)",68,0.0910307898259705,60,8,0.1176470588235294,0.1931491954460179,0.003165622655354,0.0002628020395542,water_per_shift_diff_前2天,0.0008250988908127,19 - 21日龄
"[-7.56, -4.64)",79,0.1057563587684069,75,4,0.050632911392405,1.109439927320173,0.0867351348850021,0.0092349727061863,water_per_shift_diff_前2天,0.000855863109561,19 - 21日龄
"[-4.64, inf)",406,0.5435073627844712,346,60,0.1477832512315271,-0.0696596122606231,0.0027042163151779,0.0006737226067844,water_per_shift_diff_前2天,0.0009770007727814,19 - 21日龄
,747,1.0,643,104,0.1392235609103079,,0.1146511195223303,0.0131967076716242,water_per_shift_diff_前2天,0.0009692829068881,19 - 21日龄
"[-inf, -16.50)",42,0.0574555403556771,32,10,0.238095238095238,-0.6560076336104885,0.0309404766249779,0.0039029575658084,water_per_shift_diff_前3天,0.0012627901911256,19 - 21日龄
"[-16.50, -9.47)",133,0.1819425444596443,116,17,0.1278195488721804,0.1012184036339792,0.0017969350936609,9.207538939198831e-05,water_per_shift_diff_前3天,0.0010093837907,19 - 21日龄
"[-9.47, -2.81)",179,0.2448700410396717,170,9,0.0502793296089385,1.119415416297873,0.203772758610662,0.0229100227004972,water_per_shift_diff_前3天,0.0008373284628224,19 - 21日龄
"[-2.81, inf)",377,0.5157318741450069,311,66,0.1750663129973474,-0.2690202732633609,0.0410587380497339,0.0060262684510185,water_per_shift_diff_前3天,0.0009889992418577,19 - 21日龄
,731,1.0,629,102,0.1395348837209302,,0.277568908379035,0.032931324106716,water_per_shift_diff_前3天,0.0009712992355895,19 - 21日龄
"[-inf, -0.03)",122,0.1701534170153417,108,14,0.1147540983606557,0.2233750595916646,0.0078271779390142,0.0006429938990224,water_per_shift_diff_前5天,0.0009997931930936,19 - 21日龄
"[-0.03, 1.03)",40,0.0557880055788005,38,2,0.05,1.124740141249144,0.0467760648694538,0.004763340039049,water_per_shift_diff_前5天,0.0009134984144423,19 - 21日龄
"[1.03, 2.40)",41,0.0571827057182705,40,1,0.024390243902439,1.86918061619664,0.1024868399447849,0.0098498415252493,water_per_shift_diff_前5天,0.0007857070537927,19 - 21日龄
"[2.40, inf)",514,0.7168758716875872,431,83,0.1614785992217899,-0.1724313556101464,0.0226675968452819,0.003749049146304,water_per_shift_diff_前5天,0.0009845824111699,19 - 21日龄
,717,1.0,617,100,0.1394700139470014,,0.179757679598535,0.0190052246096247,water_per_shift_diff_前5天,0.0009718327122482,19 - 21日龄
"[-inf, -9.91)",42,0.0591549295774647,31,11,0.2619047619047619,-0.7721968394924899,0.0456988621404571,0.0056505622235561,water_per_shift_diff_前7天,0.0009986631793778,19 - 21日龄
"[-9.91, -4.12)",136,0.1915492957746478,114,22,0.1617647058823529,-0.1631327761430859,0.0054021017673612,0.000992402283334,water_per_shift_diff_前7天,0.000950092562315,19 - 21日龄
"[-4.12, 2.50)",230,0.323943661971831,196,34,0.1478260869565217,-0.0565346365649098,0.0010565489456392,0.0003842856846356,water_per_shift_diff_前7天,0.0010086140172152,19 - 21日龄
"[2.50, inf)",302,0.4253521126760563,269,33,0.1092715231788079,0.2899150469560932,0.0321758175064385,0.0063057626547362,water_per_shift_diff_前7天,0.0009553825947811,19 - 21日龄
,710,1.0,610,100,0.1408450704225352,,0.0843333303598962,0.013333012846262,water_per_shift_diff_前7天,0.0009741735346367,19 - 21日龄
"[-inf, 9.50)",522,0.5904977375565611,466,56,0.10727969348659,-0.033938871374889,0.000689360035612,0.0004205620628888,water_per_diff,0.000945340408989,22 - 24日龄
"[9.50, 15.73)",158,0.1787330316742081,151,7,0.0443037974683544,0.9185968729942257,0.1052432846914223,0.0127115512015796,water_per_diff,0.0008743379073365,22 - 24日龄
"[15.73, 25.34)",147,0.166289592760181,129,18,0.1224489795918367,-0.1833321682998782,0.006008415924189,0.000750001947817,water_per_diff,0.0009631654492429,22 - 24日龄
"[25.34, inf)",57,0.0644796380090497,46,11,0.1929824561403508,-0.7220266910746611,0.0443933846071377,0.005431692002986,water_per_diff,0.0011238479918544,22 - 24日龄
,884,1.0,792,92,0.1040723981900452,,0.1563344452583611,0.0193138072152714,water_per_diff,0.000947124139622,22 - 24日龄
"[-inf, -11.17)",103,0.1165158371040724,89,14,0.1359223300970873,-0.3031937746485043,0.0120671654929823,0.001502644550286,water_per_shift_diff,0.0011871687721397,22 - 24日龄
"[-11.17, -4.02)",242,0.2737556561085973,229,13,0.0537190082644628,0.7159998313273174,0.1058513145456997,0.0169142658483057,water_per_shift_diff,0.0008838090535552,22 - 24日龄
"[-4.02, 2.89)",259,0.2929864253393665,231,28,0.1081081081081081,-0.0425596144187958,0.0005397052553108,6.745806581581488e-05,water_per_shift_diff,0.0009453641884079,22 - 24日龄
"[2.89, inf)",280,0.3167420814479638,243,37,0.1321428571428571,-0.2706292840690615,0.0258060532733838,0.0032159486048145,water_per_shift_diff,0.0009151722862052,22 - 24日龄
,884,1.0,792,92,0.1040723981900452,,0.1442642385673766,0.021700317069222,water_per_shift_diff,0.000947124139622,22 - 24日龄
"[-inf, -7.88)",115,0.1300904977375565,101,14,0.1217391304347826,-0.1767096275393848,0.0043556556195204,0.0005437496661123,water_per_diff_前1天,0.0009295318603299,22 - 24日龄
"[-7.88, -3.05)",45,0.0509049773755656,43,2,0.0444444444444444,0.9152801203682316,0.0297958449373277,0.0035996874153619,water_per_diff_前1天,0.0008351911735968,22 - 24日龄
"[-3.05, -0.90)",48,0.0542986425339366,47,1,0.0208333333333333,1.6973747869446731,0.0822783232802012,0.0092044765223521,water_per_diff_前1天,0.000801717901408,22 - 24日龄
"[-0.90, 23.63)",588,0.665158371040724,525,63,0.1071428571428571,-0.0325092785652946,0.0007120774125797,8.900575718957804e-05,water_per_diff_前1天,0.0009272670890896,22 - 24日龄
"[23.63, inf)",88,0.0995475113122171,76,12,0.1363636363636363,-0.3069461242670548,0.0105820249253244,0.0013175847709707,water_per_diff_前1天,0.0012393461934521,22 - 24日龄
,884,1.0,792,92,0.1040723981900452,,0.1277239261749536,0.0147545041319865,water_per_diff_前1天,0.000947124139622,22 - 24日龄
"[-inf, 20.43)",752,0.8633754305396096,668,84,0.1117021276595744,-0.0749630384734553,0.0049975358982303,0.0011168726081289,water_per_diff_前2天,0.0009161273851663,22 - 24日龄
"[20.43, 27.40)",74,0.0849598163030998,71,3,0.0405405405405405,1.0156331752064185,0.058966248450629,0.006917897031374,water_per_diff_前2天,0.0008418695981769,22 - 24日龄
"[27.40, inf)",45,0.0516647531572904,41,4,0.0888888888888888,0.1788432924176297,0.0015394935427891,0.0001805888732684,water_per_diff_前2天,0.0016088144508993,22 - 24日龄
,871,1.0,780,91,0.1044776119402985,,0.0655032778916485,0.0082153585127713,water_per_diff_前2天,0.0009456059634909,22 - 24日龄
"[-inf, -13.55)",66,0.0781990521327014,64,2,0.0303030303030303,1.3150313410984,0.0814383286033761,0.0090530694334223,water_per_diff_前3天,0.0008089761058619,22 - 24日龄
"[-13.55, -4.71)",113,0.1338862559241706,105,8,0.0707964601769911,0.423814246776361,0.02033452194129,0.0023872994900393,water_per_diff_前3天,0.0008484325582188,22 - 24日龄
"[-4.71, 12.16)",456,0.5402843601895735,399,57,0.125,-0.2047944126460131,0.0245649863653677,0.0076989004486624,water_per_diff_前3天,0.0009354125532277,22 - 24日龄
"[12.16, 19.33)",124,0.1469194312796208,108,16,0.1290322580645161,-0.2411620568168881,0.009395924291567,0.0011388383394467,water_per_diff_前3天,0.0009951354767223,22 - 24日龄
"[19.33, inf)",85,0.1007109004739336,80,5,0.0588235294117647,0.6218841605384546,0.0304735203727056,0.0035584718458514,water_per_diff_前3天,0.0011478072579037,22 - 24日龄
,844,1.0,756,88,0.1042654028436018,,0.1662072815743066,0.023836579557422,water_per_diff_前3天,0.0009440448369346,22 - 24日龄
"[-inf, -13.75)",56,0.070528967254408,54,2,0.0357142857142857,1.1613886948122816,0.0606788593734921,0.0062966705182882,water_per_diff_前5天,0.0008455671958896,22 - 24日龄
"[-13.75, 6.26)",377,0.4748110831234257,338,39,0.1034482758620689,0.0250360781613248,0.0002946902560236,3.834976214872816e-05,water_per_diff_前5天,0.0009052300794491,22 - 24日龄
"[6.26, 7.77)",45,0.0566750629722921,40,5,0.1111111111111111,-0.0550066295122114,0.0001752390946901,3.5216562878614835e-05,water_per_diff_前5天,0.0008532106712898,22 - 24日龄
"[7.77, inf)",316,0.3979848866498741,278,38,0.120253164556962,-0.1444132172277963,0.0087848952398129,0.0101621553575043,water_per_diff_前5天,0.001034253703728,22 - 24日龄
,794,1.0,710,84,0.105793450881612,,0.0699336839640188,0.0165323922008198,water_per_diff_前5天,0.0009494233671388,22 - 24日龄
"[-inf, -12.44)",49,0.0562571756601607,42,7,0.1428571428571428,-0.3566749439387324,0.0082309602447399,0.00103485630347,water_per_shift_diff_前1天,0.0012454074316343,22 - 24日龄
"[-12.44, -6.18)",126,0.1446613088404133,113,13,0.1031746031746031,0.0140040480840166,2.8213283685748065e-05,1.6581591835676166e-06,water_per_shift_diff_前1天,0.0009472209483648,22 - 24日龄
"[-6.18, -4.38)",51,0.0585533869115958,50,1,0.0196078431372549,1.7635885922613586,0.09367045636553,0.0102077153911017,water_per_shift_diff_前1天,0.0007544733148108,22 - 24日龄
"[-4.38, -2.68)",68,0.0780711825487944,61,7,0.1029411764705882,0.0165293019512105,2.119141275796211e-05,1.422129053132087e-06,water_per_shift_diff_前1天,0.0010410009462533,22 - 24日龄
"[-2.68, 12.08)",487,0.5591274397244547,436,51,0.1047227926078028,-0.0026178025420788,3.835608120261998e-06,3.341384689863427e-06,water_per_shift_diff_前1天,0.0009090752586415,22 - 24日龄
"[12.08, inf)",90,0.1033295063145809,78,12,0.1333333333333333,-0.276632236265196,0.0088157525842754,0.001118447615649,water_per_shift_diff_前1天,0.0010140237355293,22 - 24日龄
,871,1.0,780,91,0.1044776119402985,,0.1107704094991094,0.0123674409831472,water_per_shift_diff_前1天,0.000945605963491,22 - 24日龄
"[-inf, -0.84)",257,0.3048635824436536,221,36,0.1400778210116731,-0.3347371717091755,0.0389552650760888,0.0122943175934455,water_per_shift_diff_前2天,0.0010113746004548,22 - 24日龄
"[-0.84, 5.06)",236,0.2799525504151838,209,27,0.1144067796610169,-0.1028835488103364,0.0030861967606712,0.0003928930202626,water_per_shift_diff_前2天,0.0009594184254693,22 - 24日龄
"[5.06, 8.42)",155,0.1838671411625148,142,13,0.0838709677419354,0.2414967653689057,0.0097449251648711,0.0011279950080165,water_per_shift_diff_前2天,0.0008311845165389,22 - 24日龄
"[8.42, inf)",195,0.2313167259786477,183,12,0.0615384615384615,0.5751985682826025,0.0609828223206299,0.0074431015477336,water_per_shift_diff_前2天,0.0009265389945363,22 - 24日龄
,843,1.0,755,88,0.1043890865954922,,0.1127692093222612,0.0212583071694582,water_per_shift_diff_前2天,0.0009440744065548,22 - 24日龄
"[-inf, -6.50)",88,0.1075794621026894,74,14,0.1590909090909091,-0.5026844661822908,0.0331013840129119,0.0035463029539091,water_per_shift_diff_前3天,0.0009578402546368,22 - 24日龄
"[-6.50, 0.94)",254,0.3105134474327628,227,27,0.1062992125984252,-0.0385790782941284,0.0004692861801056,2.029389638758136e-05,water_per_shift_diff_前3天,0.0009126705147006,22 - 24日龄
"[0.94, 5.06)",171,0.2090464547677261,155,16,0.0935672514619883,0.1031441649082636,0.0021346171406342,0.000321448436407,water_per_shift_diff_前3天,0.0009605706417673,22 - 24日龄
"[5.06, 6.13)",47,0.0574572127139364,46,1,0.0212765957446808,1.660949166717893,0.0843189777446964,0.0088741189320367,water_per_shift_diff_前3天,0.0007970442540262,22 - 24日龄
"[6.13, 6.89)",45,0.0550122249388753,42,3,0.0666666666666666,0.4713650998440567,0.0101373770986314,0.0012292507917278,water_per_shift_diff_前3天,0.0008677364977675,22 - 24日龄
"[6.89, inf)",213,0.2603911980440098,190,23,0.107981220657277,-0.0561623735398656,0.0008398486506383,5.207075217109102e-05,water_per_shift_diff_前3天,0.0010083869881572,22 - 24日龄
,818,1.0,734,84,0.1026894865525672,,0.1310014908276181,0.0140434857626392,water_per_shift_diff_前3天,0.0009433514470665,22 - 24日龄
"[-inf, -10.87)",156,0.2010309278350515,134,22,0.141025641025641,-0.328955366649956,0.0247404401711852,0.0030096308427178,water_per_shift_diff_前5天,0.0010659442929219,22 - 24日龄
"[-10.87, -9.52)",47,0.0605670103092783,46,1,0.0212765957446808,1.6928886832465435,0.0915637760426101,0.0088741189320367,water_per_shift_diff_前5天,0.0007306348457064,22 - 24日龄
"[-9.52, -7.01)",82,0.1056701030927835,76,6,0.073170731707317,0.4032211578157248,0.0146527966957707,0.001474929184137,water_per_shift_diff_前5天,0.0007956643421363,22 - 24日龄
"[-7.01, -2.72)",123,0.1585051546391752,113,10,0.08130081300813,0.2890500124757434,0.0118143376857134,0.0011519353497961,water_per_shift_diff_前5天,0.0009322015133908,22 - 24日龄
"[-2.72, inf)",368,0.4742268041237113,325,43,0.1168478260869565,-0.1131276466063763,0.0063453898918878,0.0022566115913254,water_per_shift_diff_前5天,0.000968791476296,22 - 24日龄
,776,1.0,694,82,0.1056701030927835,,0.1491167404871674,0.016767225900013,water_per_shift_diff_前5天,0.0009498037022206,22 - 24日龄
"[-inf, 3.88)",421,0.564343163538874,381,40,0.0950118764845605,0.1063405741657107,0.0061187056914786,0.0020243549584494,water_per_shift_diff_前7天,0.0009618245479121,22 - 24日龄
"[3.88, 6.09)",91,0.1219839142091152,80,11,0.1208791208791208,-0.1634479849715428,0.0034757478763332,0.0003906823751295,water_per_shift_diff_前7天,0.0010578617801462,22 - 24日龄
"[6.09, 7.06)",45,0.0603217158176943,34,11,0.2444444444444444,-1.0191140950292632,0.0918501418366616,0.0094046908901467,water_per_shift_diff_前7天,0.0010978217367282,22 - 24日龄
"[7.06, 9.19)",76,0.1018766756032171,67,9,0.1184210526315789,-0.1401113047923073,0.0021136090428134,0.0002400889052888,water_per_shift_diff_前7天,0.0009258084643545,22 - 24日龄
"[9.19, inf)",113,0.1514745308310991,106,7,0.0619469026548672,0.5699495982096998,0.0392917809912721,0.0040236029601445,water_per_shift_diff_前7天,0.0007869791374869,22 - 24日龄
,746,1.0,668,78,0.1045576407506702,,0.1428499854385591,0.0160834200891588,water_per_shift_diff_前7天,0.0009515893038123,22 - 24日龄
"[-inf, -11.52)",255,0.2741935483870967,223,32,0.1254901960784313,-0.0777393585628924,0.0017070013026861,0.0002133214493519,water_per_diff,0.0011318793337427,25 - 27日龄
"[-11.52, -6.42)",97,0.1043010752688172,85,12,0.1237113402061855,-0.0614306205209684,0.0004029520303703,5.036108534977289e-05,water_per_diff,0.000965038581297,25 - 27日龄
"[-6.42, -1.68)",113,0.121505376344086,102,11,0.0973451327433628,0.2079023132626158,0.0048485526464602,0.0006049799197538,water_per_diff,0.0010658062694085,25 - 27日龄
"[-1.68, 0.83)",53,0.0569892473118279,51,2,0.0377358490566037,1.219503224941096,0.0533785619695635,0.0062873522514651,water_per_diff,0.0008598322862586,25 - 27日龄
"[0.83, inf)",412,0.443010752688172,360,52,0.1262135922330097,-0.0843149143545561,0.0032524118534336,0.0008868122055188,water_per_diff,0.0009539848786951,25 - 27日龄
,930,1.0,821,109,0.1172043010752688,,0.0635894798025139,0.0080428269114393,water_per_diff,0.0010121365184166,25 - 27日龄
"[-inf, -9.98)",246,0.2645161290322581,219,27,0.1097560975609756,0.0740596365888871,0.0014102026030848,0.0001762350514237,water_per_shift_diff,0.0010676891184632,25 - 27日龄
"[-9.98, -6.06)",132,0.1419354838709677,118,14,0.106060606060606,0.1124520676271215,0.001719031707963,0.0002147658164923,water_per_shift_diff,0.0009061321527486,25 - 27日龄
"[-6.06, -4.36)",48,0.0516129032258064,47,1,0.0208333333333333,1.830972374486774,0.0880202388566427,0.0096844856059514,water_per_shift_diff,0.0008677384026897,25 - 27日龄
"[-4.36, 0.23)",173,0.1860215053763441,154,19,0.1098265895953757,0.073338396023904,0.0009727751576213,0.0001215696515551,water_per_shift_diff,0.0009708876082313,25 - 27日龄
"[0.23, inf)",331,0.3559139784946236,283,48,0.1450151057401812,-0.2449293404879378,0.023431260645635,0.0029216083749712,water_per_shift_diff,0.0010556223422041,25 - 27日龄
,930,1.0,821,109,0.1172043010752688,,0.115553508970947,0.0131186645003937,water_per_shift_diff,0.0010121365184166,25 - 27日龄
"[-inf, -15.10)",130,0.1397849462365591,110,20,0.1538461538461538,-0.3144271349848593,0.0155651779322925,0.0019376718480128,water_per_diff_前1天,0.0012352958318476,25 - 27日龄
"[-15.10, -7.05)",114,0.1225806451612903,98,16,0.1403508771929824,-0.2067964707924939,0.0056708482531348,0.0007075956398971,water_per_diff_前1天,0.0010021616184753,25 - 27日龄
"[-7.05, 4.78)",275,0.2956989247311828,245,30,0.109090909090909,0.080885601659287,0.0018755112186192,0.0002343750143945,water_per_diff_前1天,0.0010539363957521,25 - 27日龄
"[4.78, 15.19)",245,0.2634408602150537,221,24,0.0979591836734693,0.2009336439465226,0.0098458361218194,0.0012286632741706,water_per_diff_前1天,0.0009048129285427,25 - 27日龄
"[15.19, 18.84)",65,0.0698924731182795,63,2,0.0307692307692307,1.4308123186083026,0.0835409308934995,0.0096340926365765,water_per_diff_前1天,0.0008594644604041,25 - 27日龄
"[18.84, inf)",101,0.1086021505376344,84,17,0.1683168316831683,-0.421571772436187,0.0226169258731926,0.002806364896501,water_per_diff_前1天,0.0009809427052478,25 - 27日龄
,930,1.0,821,109,0.1172043010752688,,0.1391152302925582,0.0165487633095525,water_per_diff_前1天,0.0010121365184166,25 - 27日龄
"[-inf, -5.46)",147,0.1618942731277533,122,25,0.1700680272108843,-0.4278868927413972,0.0348022860361496,0.0043473826866385,water_per_diff_前3天,0.0012588450544161,25 - 27日龄
"[-5.46, 1.66)",153,0.1685022026431718,137,16,0.1045751633986928,0.1343600909818907,0.0028892114725707,0.0003216152432186,water_per_diff_前3天,0.0010313927404007,25 - 27日龄
"[1.66, 4.18)",70,0.0770925110132158,69,1,0.0142857142857142,2.2210743919908063,0.1705708010790657,0.0173178355350428,water_per_diff_前3天,0.0008137578826166,25 - 27日龄
"[4.18, 17.89)",362,0.3986784140969163,322,40,0.1104972375690607,0.072639978824019,0.0020459578433638,0.0002096937352874,water_per_diff_前3天,0.0009404857505046,25 - 27日龄
"[17.89, inf)",176,0.1938325991189427,151,25,0.1420454545454545,-0.2146281006597294,0.0096862740890689,0.0012513230756778,water_per_diff_前3天,0.0010140139733546,25 - 27日龄
,908,1.0,801,107,0.1178414096916299,,0.219994530520219,0.023447850275865,water_per_diff_前3天,0.0010118267236307,25 - 27日龄
"[-inf, -5.45)",119,0.1347678369195923,101,18,0.1512605042016806,-0.3559674801667418,0.0195821444958488,0.0015444670403635,water_per_diff_前5天,0.0011540076284286,25 - 27日龄
"[-5.45, 12.10)",463,0.5243488108720272,418,45,0.0971922246220302,0.1481027036426,0.0108559878570209,0.0043591531118329,water_per_diff_前5天,0.0009787418542013,25 - 27日龄
"[12.10, 13.99)",47,0.0532276330690826,45,2,0.0425531914893617,1.032799070098538,0.0381275101921207,0.0047529299875952,water_per_diff_前5天,0.0008248546581259,25 - 27日龄
"[13.99, 16.95)",59,0.0668176670441676,57,2,0.0338983050847457,1.2691878481627683,0.0662557961552278,0.007920339584623,water_per_diff_前5天,0.0008831445996022,25 - 27日龄
"[16.95, inf)",195,0.2208380520951302,164,31,0.1589743589743589,-0.4148370157727843,0.0445573672342456,0.0037188721123539,water_per_diff_前5天,0.0010529765297194,25 - 27日龄
,883,1.0,785,98,0.1109852774631936,,0.179378805934464,0.0222957618367685,water_per_diff_前5天,0.0010041772478844,25 - 27日龄
"[-inf, -1.19)",299,0.3585131894484412,262,37,0.1237458193979933,-0.1424099470840366,0.0076857098029912,0.000156866944558,water_per_diff_前7天,0.0010874066061167,25 - 27日龄
"[-1.19, 7.96)",293,0.3513189448441247,275,18,0.0614334470989761,0.6265628015694974,0.1079686332670672,0.017910621212601,water_per_diff_前7天,0.0008958246464822,25 - 27日龄
"[7.96, 12.94)",110,0.13189448441247,94,16,0.1454545454545454,-0.3291304781706864,0.0162294383361346,0.001000450359819,water_per_diff_前7天,0.0009740023102297,25 - 27日龄
"[12.94, inf)",132,0.158273381294964,112,20,0.1515151515151515,-0.3770699404598056,0.0260329002124794,0.0017375358681995,water_per_diff_前7天,0.0010542037627356,25 - 27日龄
,834,1.0,743,91,0.1091127098321343,,0.1579166816186725,0.0208054743851776,water_per_diff_前7天,0.00099988770678,25 - 27日龄
"[-inf, -5.00)",366,0.3982589771490751,313,53,0.1448087431693989,-0.2402255500031618,0.0251750276690759,0.0046701317975217,water_per_shift_diff_前1天,0.0010211450580665,25 - 27日龄
"[-5.00, -0.18)",197,0.2143634385201305,184,13,0.065989847715736,0.6338495731562558,0.0675113333787129,0.0157364531638879,water_per_shift_diff_前1天,0.0008791034858936,25 - 27日龄
"[-0.18, 1.08)",55,0.059847660500544,51,4,0.0727272727272727,0.5293944446132418,0.0136839409805496,0.0016535907733587,water_per_shift_diff_前1天,0.0012093060242937,25 - 27日龄
"[1.08, inf)",301,0.3275299238302502,263,38,0.1262458471760797,-0.0815689545398144,0.0022481099723605,0.0002990274873914,water_per_shift_diff_前1天,0.0010499871219083,25 - 27日龄
,919,1.0,811,108,0.117519042437432,,0.108618412000699,0.0223592032221596,water_per_shift_diff_前1天,0.0010114041708421,25 - 27日龄
"[-inf, -13.45)",74,0.0814977973568281,65,9,0.1216216216216216,-0.0358694200470352,0.0001063020837498,1.7838604929415968e-05,water_per_shift_diff_前2天,0.0011159712407743,25 - 27日龄
"[-13.45, -9.80)",70,0.0770925110132158,67,3,0.0428571428571428,1.0930482181164032,0.0607822909160602,0.0070065379726914,water_per_shift_diff_前2天,0.0010792276595369,25 - 27日龄
"[-9.80, -2.65)",280,0.3083700440528634,249,31,0.1107142857142857,0.0704335793731083,0.0014890924408049,0.0001517395678824,water_per_shift_diff_前2天,0.001000225205243,25 - 27日龄
"[-2.65, 1.10)",142,0.1563876651982378,126,16,0.1126760563380281,0.0506610721052438,0.000393669992207,3.718269906355528e-05,water_per_shift_diff_前2天,0.0009189105618318,25 - 27日龄
"[1.10, inf)",342,0.3766519823788546,294,48,0.1403508771929824,-0.2006533561756622,0.0163646721932616,0.003421785963929,water_per_shift_diff_前2天,0.0010235745608879,25 - 27日龄
,908,1.0,801,107,0.1178414096916299,,0.0791360276260838,0.0106350848084958,water_per_shift_diff_前2天,0.0010118267236307,25 - 27日龄
"[-inf, -7.09)",218,0.242761692650334,186,32,0.146788990825688,-0.2836023555112213,0.021757220459443,0.0021652558456734,water_per_shift_diff_前3天,0.0010487730638208,25 - 27日龄
"[-7.09, -4.26)",116,0.1291759465478842,104,12,0.1034482758620689,0.1158711229286761,0.001658435074463,0.0002906054935429,water_per_shift_diff_前3天,0.0011709784407544,25 - 27日龄
"[-4.26, -2.66)",74,0.0824053452115812,72,2,0.027027027027027,1.5399058120314135,0.1095620841533249,0.0123278012390618,water_per_shift_diff_前3天,0.0008741692794784,25 - 27日龄
"[-2.66, 6.80)",343,0.3819599109131403,304,39,0.1137026239067055,0.0098529288518793,3.694021075321453e-05,5.34995619964505e-05,water_per_shift_diff_前3天,0.000989634748191,25 - 27日龄
"[6.80, inf)",147,0.1636971046770601,129,18,0.1224489795918367,-0.0741724799591887,0.0009266464797978,4.980503139794109e-05,water_per_shift_diff_前3天,0.0009331038247642,25 - 27日龄
,898,1.0,795,103,0.1146993318485523,,0.1339413263777821,0.0148869671716724,water_per_shift_diff_前3天,0.0010086475886321,25 - 27日龄
"[-inf, 5.16)",503,0.5876168224299065,443,60,0.1192842942345924,-0.105433330308166,0.0068066078459632,2.7113733217241743e-05,water_per_shift_diff_前5天,0.0010384070952517,25 - 27日龄
"[5.16, 8.06)",134,0.1565420560747663,128,6,0.044776119402985,0.9556122565603612,0.0986600063636918,0.0143151498342799,water_per_shift_diff_前5天,0.0008410465859264,25 - 27日龄
"[8.06, 11.35)",100,0.116822429906542,89,11,0.11,-0.0139174411974318,2.2751492818417703e-05,6.696200487421133e-05,water_per_shift_diff_前5天,0.0009302772783195,25 - 27日龄
"[11.35, inf)",119,0.139018691588785,103,16,0.134453781512605,-0.2425182721413467,0.0089851962042813,0.0004183085307467,water_per_shift_diff_前5天,0.0010930171356361,25 - 27日龄
,856,1.0,763,93,0.1086448598130841,,0.1144745619067548,0.014827534103118,water_per_shift_diff_前5天,0.0010024717037364,25 - 27日龄
"[-inf, -13.67)",92,0.1138613861386138,78,14,0.1521739130434782,-0.3590084016436259,0.0168448386534118,0.0012554013778713,water_per_shift_diff_前7天,0.0011099182575725,25 - 27日龄
"[-13.67, -10.37)",77,0.0952970297029703,68,9,0.1168831168831168,-0.0543767708780718,0.0002877879238672,9.984702786103177e-08,water_per_shift_diff_前7天,0.0009380855389936,25 - 27日龄
"[-10.37, -7.38)",91,0.1126237623762376,88,3,0.0329670329670329,1.3020646270921377,0.1161823683041359,0.012583378723479,water_per_shift_diff_前7天,0.0008624233553439,25 - 27日龄
"[-7.38, inf)",548,0.6782178217821783,484,64,0.1167883211678832,-0.0534580753609992,0.0019788256927191,0.0035743592437154,water_per_shift_diff_前7天,0.0010106644377966,25 - 27日龄
,808,1.0,718,90,0.1113861386138613,,0.1352938205741341,0.0174132391920935,water_per_shift_diff_前7天,0.0009983535933762,25 - 27日龄
"[-inf, -33.22)",119,0.1257928118393234,71,48,0.4033613445378151,-0.7906351443800125,0.0934134773765394,0.0113817523431756,water_per_diff,0.0017783097786025,28 - 30日龄
"[-33.22, -21.53)",149,0.1575052854122621,102,47,0.3154362416107382,-0.4072887989392244,0.0288473426355341,0.0035811992030459,water_per_diff,0.0015589578717012,28 - 30日龄
"[-21.53, -10.00)",200,0.2114164904862579,151,49,0.245,-0.0566544718091391,0.0006887588840466,8.608334813730223e-05,water_per_diff,0.001225005934499,28 - 30日龄
"[-10.00, 1.53)",221,0.233615221987315,177,44,0.1990950226244343,0.2098460881421309,0.0097110348141031,0.0012116570091067,water_per_diff,0.0010644307506378,28 - 30日龄
"[1.53, 5.34)",56,0.0591966173361522,52,4,0.0714285714285714,1.3828353469480996,0.0744037136056391,0.0086237549690887,water_per_diff,0.0009037736736941,28 - 30日龄
"[5.34, inf)",201,0.2124735729386892,171,30,0.1492537313432835,0.5583521643270676,0.0564229994338275,0.0069626635981556,water_per_diff,0.0010158159932435,28 - 30日龄
,946,1.0,724,222,0.2346723044397463,,0.2634873267496901,0.0318471104707098,water_per_diff,0.0012462307713496,28 - 30日龄
"[-inf, -13.03)",137,0.1448202959830866,89,48,0.3503649635036496,-0.564678651689188,0.0526777643187726,0.0064986078751144,water_per_shift_diff,0.0014189500317328,28 - 30日龄
"[-13.03, -3.05)",282,0.2980972515856236,215,67,0.2375886524822695,-0.0161686017767402,7.826372618525712e-05,9.782859212077418e-06,water_per_shift_diff,0.0012658366720437,28 - 30日龄
"[-3.05, 1.25)",113,0.1194503171247357,89,24,0.2123893805309734,0.1284685288707573,0.0019039124220431,0.0002378255289345,water_per_shift_diff,0.0011179322754671,28 - 30日龄
"[1.25, 3.43)",60,0.0634249471458773,52,8,0.1333333333333333,0.6896881663881544,0.024681986542884,0.0030255182753985,water_per_shift_diff,0.0014146579357546,28 - 30日龄
"[3.43, inf)",354,0.3742071881606765,279,75,0.211864406779661,0.1316096577716182,0.0062542591587005,0.0007812186608397,water_per_shift_diff,0.0011761762445197,28 - 30日龄
,946,1.0,724,222,0.2346723044397463,,0.0855961861685855,0.0105529531994991,water_per_shift_diff,0.0012462307713496,28 - 30日龄
"[-inf, -36.38)",78,0.0824524312896406,43,35,0.4487179487179487,-0.976261956309288,0.0959327642846852,0.0115369814196676,water_per_diff_前1天,0.0016693360877781,28 - 30日龄
"[-36.38, -29.12)",58,0.0613107822410148,39,19,0.3275862068965517,-0.4629913435502309,0.0146852438244679,0.0018194336751467,water_per_diff_前1天,0.0017186619640135,28 - 30日龄
"[-29.12, -19.40)",134,0.1416490486257928,96,38,0.2835820895522388,-0.2553519787719865,0.0098500713527594,0.0012279246293823,water_per_diff_前1天,0.0013916997131048,28 - 30日龄
"[-19.40, 1.73)",396,0.4186046511627907,314,82,0.207070707070707,0.1605597281305633,0.010329174685618,0.0012897617448518,water_per_diff_前1天,0.0012115116418336,28 - 30日龄
"[1.73, 4.41)",51,0.0539112050739957,47,4,0.0784313725490196,1.281739230076731,0.0601124279299089,0.0070385554169827,water_per_diff_前1天,0.0008638166370912,28 - 30日龄
"[4.41, inf)",229,0.2420718816067653,185,44,0.1921397379912663,0.2540521806466266,0.0145639639171645,0.0018156154283858,water_per_diff_前1天,0.0010425444573078,28 - 30日龄
,946,1.0,724,222,0.2346723044397463,,0.2054736459946041,0.0247282723144168,water_per_diff_前1天,0.0012462307713496,28 - 30日龄
"[-inf, -37.91)",48,0.0507936507936507,30,18,0.375,-0.6699062165204946,0.0265197818135846,0.0032655343991957,water_per_diff_前2天,0.0014547804154066,28 - 30日龄
"[-37.91, -28.93)",51,0.0539682539682539,27,24,0.4705882352941176,-1.062948804630102,0.0752182007089373,0.0090004282086334,water_per_diff_前2天,0.0018833042214361,28 - 30日龄
"[-28.93, -11.80)",238,0.2518518518518518,174,64,0.2689075630252101,-0.180559624431628,0.0085990415881983,0.0010891663486364,water_per_diff_前2天,0.0014465597860227,28 - 30日龄
"[-11.80, 11.57)",465,0.492063492063492,363,102,0.2193548387096774,0.0886981806940943,0.003779893312073,0.0005490418610656,water_per_diff_前2天,0.0011412786508523,28 - 30日龄
"[11.57, inf)",143,0.1513227513227513,129,14,0.0979020979020979,1.0400232344599285,0.1199772607208455,0.0143077229233841,water_per_diff_前2天,0.0009596918751722,28 - 30日龄
,945,1.0,723,222,0.2349206349206349,,0.234094178143639,0.0282118937409152,water_per_diff_前2天,0.0012466557831768,28 - 30日龄
"[-inf, -16.96)",143,0.1516436903499469,87,56,0.3916083916083916,-0.743306009455639,0.098781689440511,0.0119706740341822,water_per_diff_前3天,0.0017440153323575,28 - 30日龄
"[-16.96, 7.96)",514,0.545068928950159,388,126,0.245136186770428,-0.0591390047032779,0.001936188820458,0.0006614128994955,water_per_diff_前3天,0.0012463864634604,28 - 30日龄
"[7.96, 11.55)",77,0.0816542948038176,72,5,0.0649350649350649,1.4833657692068816,0.1143653607549608,0.0130975231930433,water_per_diff_前3天,0.000944005008916,28 - 30日龄
"[11.55, inf)",209,0.2216330858960763,175,34,0.1626794258373205,0.4545630119322791,0.0402452442910423,0.0050220136179851,water_per_diff_前3天,0.0010189683117751,28 - 30日龄
,943,1.0,722,221,0.2343584305408271,,0.2553284833069723,0.0307516237447061,water_per_diff_前3天,0.0012467546103852,28 - 30日龄
"[-inf, -15.43)",56,0.0605405405405405,42,14,0.25,-0.1020841261132796,0.0006481148430236,5.271616224103914e-05,water_per_diff_前5天,0.0014513635010162,28 - 30日龄
"[-15.43, -10.99)",49,0.0529729729729729,30,19,0.3877551020408163,-0.7439380122856745,0.0346607816363233,0.0039174666834534,water_per_diff_前5天,0.0019510166272743,28 - 30日龄
"[-10.99, -3.35)",104,0.1124324324324324,72,32,0.3076923076923077,-0.3897661985650605,0.0188128012557133,0.0020620092121443,water_per_diff_前5天,0.0014954238644515,28 - 30日龄
"[-3.35, 9.57)",362,0.3913513513513513,274,88,0.2430939226519337,-0.0649051228715257,0.0016772936835761,0.0001038888504839,water_per_diff_前5天,0.0012352818829518,28 - 30日龄
"[9.57, 19.76)",246,0.2659459459459459,200,46,0.1869918699186991,0.2689795552775522,0.0178442869130723,0.0024729970161828,water_per_diff_前5天,0.0010901821479988,28 - 30日龄
"[19.76, inf)",108,0.1167567567567567,93,15,0.1388888888888889,0.6238528772696567,0.0378730038470222,0.0048069879790833,water_per_diff_前5天,0.0009664877186558,28 - 30日龄
,925,1.0,711,214,0.2313513513513513,,0.111516282178731,0.0134160659035887,water_per_diff_前5天,0.0012455543528079,28 - 30日龄
"[-inf, -11.87)",48,0.0529217199558985,41,7,0.1458333333333333,0.5679840376059393,0.0144780244879945,0.0018112301134808,water_per_diff_前7天,0.0013876036293005,28 - 30日龄
"[-11.87, -3.87)",71,0.0782800441014333,41,30,0.4225352112676056,-0.8873031950009027,0.0745632936975548,0.008275665141958,water_per_diff_前7天,0.0019188218272003,28 - 30日龄
"[-3.87, 11.96)",438,0.4829106945975744,336,102,0.2328767123287671,-0.007539533364122,2.750639349894908e-05,5.800229954002704e-06,water_per_diff_前7天,0.0012291023372989,28 - 30日龄
"[11.96, 28.68)",301,0.3318632855567806,238,63,0.2093023255813953,0.1294580672368869,0.0053677735195782,0.000825253644584,water_per_diff_前7天,0.0011219979340804,28 - 30日龄
"[28.68, inf)",49,0.0540242557883131,41,8,0.1632653061224489,0.4344526449814165,0.0090054609884103,0.0011537862203145,water_per_diff_前7天,0.0010453409613651,28 - 30日龄
,907,1.0,697,210,0.2315325248070562,,0.1034420590870369,0.0120717353502913,water_per_diff_前7天,0.0012460101796468,28 - 30日龄
"[-inf, -17.02)",105,0.1111111111111111,73,32,0.3047619047619048,-0.3560083019378205,0.0153709987939958,0.0019248314846722,water_per_shift_diff_前1天,0.0014287870717256,28 - 30日龄
"[-17.02, 3.39)",541,0.5724867724867725,416,125,0.2310536044362292,0.0216396826724768,0.0002665423887174,0.0007446525924281,water_per_shift_diff_前1天,0.0012420229137321,28 - 30日龄
"[3.39, 6.49)",85,0.0899470899470899,77,8,0.0941176470588235,1.083632039887363,0.0763577584085708,0.009073993470584,water_per_shift_diff_前1天,0.0010146098892127,28 - 30日龄
"[6.49, 13.68)",129,0.1365079365079365,102,27,0.2093023255813953,0.1484041069934566,0.0028875308470746,0.0003536801333931,water_per_shift_diff_前1天,0.001167720990979,28 - 30日龄
"[13.68, inf)",85,0.0899470899470899,55,30,0.3529411764705882,-0.5745960367161699,0.033937487870044,0.0042020298536994,water_per_shift_diff_前1天,0.0014029979743818,28 - 30日龄
,945,1.0,723,222,0.2349206349206349,,0.1288203183084028,0.0162991875347768,water_per_shift_diff_前1天,0.0012466557831768,28 - 30日龄
"[-inf, -13.26)",204,0.2163308589607635,141,63,0.3088235294117647,-0.3782372733884377,0.0339570132067119,0.0041653914790481,water_per_shift_diff_前2天,0.0014340427884472,28 - 30日龄
"[-13.26, -3.92)",310,0.3287380699893955,241,69,0.2225806451612903,0.0668279915183221,0.0014420023238464,0.0001890805755572,water_per_shift_diff_前2天,0.0011687198520055,28 - 30日龄
"[-3.92, -2.01)",67,0.0710498409331919,61,6,0.0895522388059701,1.1352519575701827,0.0650933189594615,0.0077217922271036,water_per_shift_diff_前2天,0.0009561082589183,28 - 30日龄
"[-2.01, 0.22)",60,0.0636267232237539,51,9,0.15,0.5507386180130331,0.0164743198491884,0.0020391509757761,water_per_shift_diff_前2天,0.0010288648957402,28 - 30日龄
"[0.22, 13.57)",253,0.2682926829268293,196,57,0.225296442687747,0.0512009540208935,0.0006937520374097,9.239564084380977e-05,water_per_shift_diff_前2天,0.0012573278494602,28 - 30日龄
"[13.57, inf)",49,0.0519618239660657,32,17,0.3469387755102041,-0.5513398786315631,0.0179746433902896,0.0021967342179132,water_per_shift_diff_前2天,0.0015703392167967,28 - 30日龄
,943,1.0,722,221,0.2343584305408271,,0.1356350497669077,0.016404545116242,water_per_shift_diff_前2天,0.0012467546103853,28 - 30日龄
"[-inf, -17.48)",81,0.0866310160427807,49,32,0.3950617283950617,-0.7585240418332447,0.0589243983161829,0.0070588612255597,water_per_shift_diff_前3天,0.0014830473288588,28 - 30日龄
"[-17.48, -8.36)",184,0.1967914438502673,140,44,0.2391304347826087,-0.0271556484531016,0.0001461657055586,1.4882770271791362e-05,water_per_shift_diff_前3天,0.0012628184533981,28 - 30日龄
"[-8.36, -7.39)",48,0.0513368983957219,43,5,0.1041666666666666,0.9671537661153172,0.036002120690895,0.004301602233118,water_per_shift_diff_前3天,0.0009275557657768,28 - 30日龄
"[-7.39, -1.57)",198,0.2117647058823529,157,41,0.207070707070707,0.1580653014998555,0.0050674362301967,0.0006448808724259,water_per_shift_diff_前3天,0.0011474913763525,28 - 30日龄
"[-1.57, inf)",424,0.453475935828877,327,97,0.2287735849056603,0.0306407552497257,0.000422276677219,0.0004433534227671,water_per_shift_diff_前3天,0.0012801373464194,28 - 30日龄
,935,1.0,716,219,0.2342245989304812,,0.1005623976200525,0.0124635805241424,water_per_shift_diff_前3天,0.0012481172547804,28 - 30日龄
"[-inf, -14.16)",60,0.0655021834061135,35,25,0.4166666666666667,-0.863719844864817,0.058913138003349,0.0065982275626944,water_per_shift_diff_前5天,0.0014422127809796,28 - 30日龄
"[-14.16, -7.57)",144,0.1572052401746725,109,35,0.2430555555555555,-0.0641922607462999,0.0006589203437455,4.095252466013687e-05,water_per_shift_diff_前5天,0.0012806765093128,28 - 30日龄
"[-7.57, -5.21)",108,0.1179039301310043,83,25,0.2314814814814814,-0.0002272985576326,6.0918352710290914e-09,4.525716229025756e-06,water_per_shift_diff_前5天,0.0013344063830285,28 - 30日龄
"[-5.21, -4.02)",51,0.0556768558951965,48,3,0.0588235294117647,1.572396640753751,0.084957966009851,0.009511395048864,water_per_shift_diff_前5天,0.0011537820683663,28 - 30日龄
"[-4.02, 3.50)",305,0.3329694323144105,243,62,0.2032786885245901,0.1657349768094269,0.0087371542502182,0.0012930529995262,water_per_shift_diff_前5天,0.0011882095395249,28 - 30日龄
"[3.50, inf)",248,0.2707423580786026,186,62,0.25,-0.1015797928179202,0.0028694549107549,0.0002334572899246,water_per_shift_diff_前5天,0.0012287869771238,28 - 30日龄
,916,1.0,704,212,0.2314410480349345,,0.156136639609754,0.0176816111418983,water_per_shift_diff_前5天,0.0012456899988377,28 - 30日龄
"[-inf, -9.35)",91,0.1017897091722595,61,30,0.3296703296703296,-0.5025548093640944,0.0290513647807556,0.0029771254687391,water_per_shift_diff_前7天,0.0013994578244643,28 - 30日龄
"[-9.35, -5.63)",91,0.1017897091722595,70,21,0.2307692307692307,-0.0082584875493142,6.95783934559376e-06,5.711830316239091e-06,water_per_shift_diff_前7天,0.0012599363611446,28 - 30日龄
"[-5.63, -4.23)",52,0.058165548098434,47,5,0.0961538461538461,1.028478397400708,0.0450726134016098,0.0053617541041097,water_per_shift_diff_前7天,0.0009467942555074,28 - 30日龄
"[-4.23, 2.88)",283,0.3165548098434004,227,56,0.1978798586572438,0.1873670348710029,0.0105473134925791,0.0016627536628894,water_per_shift_diff_前7天,0.0012596953546421,28 - 30日龄
"[2.88, 14.95)",327,0.3657718120805369,254,73,0.2232415902140672,0.0346435339948951,0.0004348683901939,0.0001780603217064,water_per_shift_diff_前7天,0.0011645119872614,28 - 30日龄
"[14.95, inf)",50,0.0559284116331096,30,20,0.4,-0.806766183767086,0.0435811956681147,0.0046081063683843,water_per_shift_diff_前7天,0.0016487729946519,28 - 30日龄
,894,1.0,689,205,0.2293064876957494,,0.1286943135725989,0.0147935117561451,water_per_shift_diff_前7天,0.0012426913054894,28 - 30日龄
"[-inf, -42.91)",67,0.0700104493207941,22,45,0.6716417910447762,-1.2978845173932063,0.1237723889009845,0.0144695803196504,water_per_diff,0.0021696653527165,31 - 33日龄
"[-42.91, -22.15)",162,0.1692789968652037,59,103,0.6358024691358025,-1.1394560253051187,0.2326773077570328,0.0276067704988951,water_per_diff,0.0023558371336828,31 - 33日龄
"[-22.15, -5.72)",236,0.2466039707419017,139,97,0.4110169491525424,-0.2225015263538936,0.0125523054605873,0.0015658095788178,water_per_diff,0.0016213343296025,31 - 33日龄
"[-5.72, 3.46)",139,0.1452455590386625,99,40,0.2877697841726618,0.323975915039451,0.0144557111215739,0.0017991026457834,water_per_diff,0.0012400890283112,31 - 33日龄
"[3.46, 22.60)",248,0.2591431556948798,203,45,0.1814516129032258,0.924279008290265,0.1843230077073477,0.0222537471243548,water_per_diff,0.0010183155976848,31 - 33日龄
"[22.60, inf)",105,0.109717868338558,92,13,0.1238095238095238,1.374574738606301,0.1538647538385435,0.0178489244687975,water_per_diff,0.0009705402834675,31 - 33日龄
,957,1.0,614,343,0.3584117032392894,,0.7216454747860699,0.085543934636299,water_per_diff,0.001501013029258,31 - 33日龄
"[-inf, -18.55)",84,0.0877742946708464,28,56,0.6666666666666666,-1.2754116615411475,0.1500683800390767,0.0175823049810752,water_per_shift_diff,0.0021416278507721,31 - 33日龄
"[-18.55, 2.03)",432,0.45141065830721,281,151,0.349537037037037,0.0388103515376189,0.0006761340338245,8.4511450344096e-05,water_per_shift_diff,0.0015119479524312,31 - 33日龄
"[2.03, 3.82)",52,0.0543364681295715,36,16,0.3076923076923077,0.2286657352351262,0.0027404882941921,0.0003418166559462,water_per_shift_diff,0.0013966869506416,31 - 33日龄
"[3.82, 5.52)",57,0.0595611285266457,47,10,0.175438596491228,0.9652980277348104,0.0457480917314229,0.0055063444420993,water_per_shift_diff,0.0011224052545817,31 - 33日龄
"[5.52, 12.55)",191,0.199582027168234,134,57,0.2984293193717277,0.2725240511351586,0.0141876795882559,0.001767992175386,water_per_shift_diff,0.0013317968566003,31 - 33日龄
"[12.55, inf)",141,0.1473354231974921,88,53,0.375886524822695,-0.0752195800551177,0.0008421941376148,0.0001052494558771,water_per_shift_diff,0.0015066183938272,31 - 33日龄
,957,1.0,614,343,0.3584117032392894,,0.2142629678243873,0.0253882191607279,water_per_shift_diff,0.001501013029258,31 - 33日龄
"[-inf, -22.27)",213,0.2225705329153605,86,127,0.596244131455399,-0.9721042711862862,0.2237757241959295,0.0269201275672408,water_per_diff_前1天,0.0021870925370371,31 - 33日龄
"[-22.27, -12.07)",153,0.1598746081504702,78,75,0.4901960784313725,-0.5430437678279212,0.0497553325419871,0.006144105688131,water_per_diff_前1天,0.0018106927475304,31 - 33日龄
"[-12.07, -8.77)",59,0.0616509926854754,33,26,0.4406779661016949,-0.3438534575362044,0.0075839702863964,0.0009433534495389,water_per_diff_前1天,0.0017533916223152,31 - 33日龄
"[-8.77, -4.02)",88,0.0919540229885057,59,29,0.3295454545454545,0.1279771329380429,0.0014772528759099,0.0001845306987164,water_per_diff_前1天,0.0013857605370865,31 - 33日龄
"[-4.02, 21.82)",339,0.3542319749216301,267,72,0.2123893805309734,0.7283180584029916,0.1638285077099216,0.0200376205333353,water_per_diff_前1天,0.0010665058942992,31 - 33日龄
"[21.82, inf)",105,0.109717868338558,91,14,0.1333333333333333,1.289537695920389,0.1384862160313361,0.0162029769732909,water_per_diff_前1天,0.0010156213056311,31 - 33日龄
,957,1.0,614,343,0.3584117032392894,,0.5849070036414807,0.0704327149102533,water_per_diff_前1天,0.001501013029258,31 - 33日龄
"[-inf, -26.39)",168,0.1755485893416928,68,100,0.5952380952380952,-0.9679269617931872,0.1749973266979297,0.0210588468001712,water_per_diff_前2天,0.0022544792576196,31 - 33日龄
"[-26.39, -8.66)",281,0.2936259143155695,153,128,0.4555160142348754,-0.4038568235083843,0.0500750858599369,0.006217191797584,water_per_diff_前2天,0.0016791501635029,31 - 33日龄
"[-8.66, -5.54)",55,0.057471264367816,35,20,0.3636363636363636,-0.0226486930457798,2.957422335775277e-05,3.6966989087678552e-06,water_per_diff_前2天,0.0016397077218122,31 - 33日龄
"[-5.54, 1.04)",128,0.1337513061650992,98,30,0.234375,0.601505616027214,0.0433959617188701,0.0053441702045247,water_per_diff_前2天,0.0011071640421391,31 - 33日龄
"[1.04, 4.42)",50,0.0522466039707419,45,5,0.1,1.6149600963550168,0.0948185752814777,0.0107118946355175,water_per_diff_前2天,0.0009154909094253,31 - 33日龄
"[4.42, inf)",275,0.2873563218390804,215,60,0.2181818181818181,0.6940289849243596,0.1216186916013783,0.0149043917025103,water_per_diff_前2天,0.0011207283280394,31 - 33日龄
,957,1.0,614,343,0.3584117032392894,,0.4849352153829507,0.0582401918392164,water_per_diff_前2天,0.001501013029258,31 - 33日龄
"[-inf, -43.48)",49,0.051201671891327,15,34,0.6938775510204082,-1.4005748044951538,0.1046164910566531,0.0121031662658442,water_per_diff_前3天,0.0019590354886511,31 - 33日龄
"[-43.48, -26.06)",142,0.148380355276907,58,84,0.5915492957746479,-0.9526382692780968,0.1433105366865873,0.0172657538392617,water_per_diff_前3天,0.0025145435765478,31 - 33日龄
"[-26.06, -21.03)",73,0.0762800417972831,40,33,0.4520547945205479,-0.3898925883337464,0.0121113632011062,0.0015044035110655,water_per_diff_前3天,0.0016012122704339,31 - 33日龄
"[-21.03, -6.71)",258,0.2695924764890282,169,89,0.3449612403100775,0.0589978642097312,0.0009303421004573,0.000116275899417,water_per_diff_前3天,0.0014605648558438,31 - 33日龄
"[-6.71, 9.20)",270,0.2821316614420062,195,75,0.2777777777777778,0.3732469640462337,0.0369255776103896,0.0045890896166438,water_per_diff_前3天,0.0011608676911208,31 - 33日龄
"[9.20, inf)",165,0.1724137931034483,137,28,0.1696969696969697,1.0055119346717185,0.1422742905636344,0.017071020142014,water_per_diff_前3天,0.0010682608305108,31 - 33日龄
,957,1.0,614,343,0.3584117032392894,,0.4401686012188281,0.0526497092742462,water_per_diff_前3天,0.001501013029258,31 - 33日龄
"[-inf, -36.68)",50,0.0523012552301255,18,32,0.64,-1.1559986336738333,0.0739037740778928,0.0087733083145125,water_per_diff_前5天,0.0022817229603118,31 - 33日龄
"[-36.68, -27.67)",56,0.0585774058577405,23,33,0.5892857142857143,-0.941647834307602,0.0552648603643877,0.0066813578131296,water_per_diff_前5天,0.0024869712129905,31 - 33日龄
"[-27.67, -9.02)",284,0.2970711297071129,162,122,0.4295774647887324,-0.2970591982711439,0.0271544989311819,0.0034163172118024,water_per_diff_前5天,0.00170020529279,31 - 33日龄
"[-9.02, 2.77)",260,0.2719665271966527,178,82,0.3153846153846154,0.1944298142575606,0.0099758337869511,0.0012232337979633,water_per_diff_前5天,0.0013383543742398,31 - 33日龄
"[2.77, 11.42)",156,0.1631799163179916,111,45,0.2884615384615384,0.322233222771743,0.0160734239220677,0.0019787287536226,water_per_diff_前5天,0.0012172739093693,31 - 33日龄
"[11.42, inf)",150,0.1569037656903765,121,29,0.1933333333333333,0.8478602268399957,0.0956740579095579,0.011559370945977,water_per_diff_前5天,0.0010807832831353,31 - 33日龄
,956,1.0,613,343,0.3587866108786611,,0.2780464489920393,0.0336323168370074,water_per_diff_前5天,0.0015023004170812,31 - 33日龄
"[-inf, -17.35)",85,0.0897571277719113,40,45,0.5294117647058824,-0.7065554078832618,0.0476604475202295,0.0056644590390633,water_per_diff_前7天,0.0021149387886247,31 - 33日龄
"[-17.35, -9.12)",104,0.1098204857444561,56,48,0.4615384615384615,-0.4346216923996199,0.0217562106785091,0.0025883583664755,water_per_diff_前7天,0.0017761009729963,31 - 33日龄
"[-9.12, -1.93)",148,0.1562829989440338,94,54,0.3648648648648648,-0.0344616365211487,0.0001865035468201,1.51642027053445e-05,water_per_diff_前7天,0.001638665900064,31 - 33日龄
"[-1.93, 8.96)",287,0.3030623020063357,183,104,0.3623693379790941,-0.0236771185268299,0.0001704680757899,1.1077008307417433e-05,water_per_diff_前7天,0.0014432127090428,31 - 33日龄
"[8.96, 19.80)",235,0.2481520591341077,166,69,0.2936170212765957,0.2891089115324056,0.0197854530987699,0.0025475249994947,water_per_diff_前7天,0.0012866152156928,31 - 33日龄
"[19.80, inf)",88,0.0929250263991552,70,18,0.2045454545454545,0.7693511119263159,0.0474598013002223,0.0058218669611409,water_per_diff_前7天,0.0011275802873368,31 - 33日龄
,947,1.0,609,338,0.3569165786694825,,0.1370188842203411,0.0166484505771871,water_per_diff_前7天,0.001502418732738,31 - 33日龄
"[-inf, -17.94)",70,0.0731452455590386,33,37,0.5285714285714286,-0.6966748321589468,0.0377080769023078,0.0046204423258046,water_per_shift_diff_前1天,0.0019016127927737,31 - 33日龄
"[-17.94, -4.27)",228,0.238244514106583,139,89,0.3903508771929824,-0.1364269175826506,0.0045144831893025,0.0005638731756638,water_per_shift_diff_前1天,0.0016138808010464,31 - 33日龄
"[-4.27, 7.74)",344,0.3594566353187043,233,111,0.3226744186046512,0.1592437712721639,0.0088959410120369,0.0011108191745354,water_per_shift_diff_前1天,0.0013905333133496,31 - 33日龄
"[7.74, 9.16)",49,0.051201671891327,41,8,0.1632653061224489,1.0518660440432694,0.0457052932500164,0.0054635389039899,water_per_shift_diff_前1天,0.0011156542808451,31 - 33日龄
"[9.16, 14.08)",135,0.1410658307210031,89,46,0.3407407407407407,0.0777304922618423,0.0008426259666754,0.0001053017373274,water_per_shift_diff_前1天,0.0014826222064844,31 - 33日龄
"[14.08, inf)",131,0.1368861024033437,79,52,0.3969465648854962,-0.1640603470956084,0.0037633808644689,0.000469895742056,water_per_shift_diff_前1天,0.0015437193392226,31 - 33日龄
,957,1.0,614,343,0.3584117032392894,,0.1014298011848081,0.012333871059377,water_per_shift_diff_前1天,0.001501013029258,31 - 33日龄
"[-inf, -11.76)",114,0.1191222570532915,59,55,0.4824561403508772,-0.512060222307954,0.0329042981001773,0.0040686823308385,water_per_shift_diff_前2天,0.0016531370194866,31 - 33日龄
"[-11.76, -3.62)",188,0.1964472309299895,119,69,0.3670212765957447,-0.0372474924669324,0.0002739592493484,3.4242926699606675e-05,water_per_shift_diff_前2天,0.0015847833140801,31 - 33日龄
"[-3.62, -1.76)",51,0.0532915360501567,42,9,0.1764705882352941,0.9581805599659464,0.0404015316687287,0.0048654530932707,water_per_shift_diff_前2天,0.0010241547115996,31 - 33日龄
"[-1.76, 0.02)",48,0.0501567398119122,34,14,0.2916666666666667,0.3050387140197002,0.0044408348315039,0.0005529621631924,water_per_shift_diff_前2天,0.0012169836869557,31 - 33日龄
"[0.02, 18.57)",483,0.5047021943573667,320,163,0.3374741200828157,0.0923063140058073,0.0042418424656375,0.0005300421465383,water_per_shift_diff_前2天,0.0014724979173881,31 - 33日龄
"[18.57, inf)",73,0.0762800417972831,40,33,0.4520547945205479,-0.3898925883337464,0.0121113632011062,0.0015044035110655,water_per_shift_diff_前2天,0.0017562874570894,31 - 33日龄
,957,1.0,614,343,0.3584117032392894,,0.0943738295165022,0.011555786171605,water_per_shift_diff_前2天,0.001501013029258,31 - 33日龄
"[-inf, -18.55)",73,0.0762800417972831,34,39,0.5342465753424658,-0.7194656024946876,0.041965012018142,0.0051353384589919,water_per_shift_diff_前3天,0.0017027112792621,31 - 33日龄
"[-18.55, -6.41)",217,0.2267502612330198,134,83,0.3824884792626728,-0.103265288826889,0.0024516692345487,0.0003063225606605,water_per_shift_diff_前3天,0.0014896180001971,31 - 33日龄
"[-6.41, -3.92)",85,0.0888192267502612,56,29,0.3411764705882353,0.0757913797674727,0.0005045513073664,6.305382238610451e-05,water_per_shift_diff_前3天,0.0015609123619041,31 - 33日龄
"[-3.92, -1.98)",58,0.0606060606060606,43,15,0.2586206896551724,0.4708854336101499,0.0123846611939422,0.0015339368092534,water_per_shift_diff_前3天,0.0013324479797802,31 - 33日龄
"[-1.98, 0.22)",57,0.0595611285266457,45,12,0.2105263157894736,0.7394913590011168,0.0283258316305733,0.0034621956122244,water_per_shift_diff_前3天,0.0012996350297109,31 - 33日龄
"[0.22, inf)",467,0.4879832810867293,302,165,0.3533190578158458,0.0222170624930863,0.0002401023458194,3.001217598221778e-05,water_per_shift_diff_前3天,0.0015093912404463,31 - 33日龄
,957,1.0,614,343,0.3584117032392894,,0.0858718277303923,0.0105308594394985,water_per_shift_diff_前3天,0.001501013029258,31 - 33日龄
"[-inf, -18.58)",103,0.1079664570230607,45,58,0.5631067961165048,-0.8357020662258203,0.0802785696572274,0.0097305261353571,water_per_shift_diff_前5天,0.0021007489182312,31 - 33日龄
"[-18.58, -11.42)",159,0.1666666666666666,97,62,0.389937106918239,-0.1343449519914296,0.0030616969623089,0.0003831931050443,water_per_shift_diff_前5天,0.0017038518892901,31 - 33日龄
"[-11.42, -4.53)",219,0.2295597484276729,147,72,0.3287671232876712,0.1318449223129602,0.0039118075505651,0.0004845832790462,water_per_shift_diff_前5天,0.0013672363326008,31 - 33日龄
"[-4.53, 13.87)",425,0.4454926624737945,302,123,0.2894117647058823,0.3163211165527312,0.042328487904717,0.007827460458472,water_per_shift_diff_前5天,0.0013174517997047,31 - 33日龄
"[13.87, inf)",48,0.050314465408805,21,27,0.5625,-0.8332359737306269,0.0371903569286373,0.0045085788467833,water_per_shift_diff_前5天,0.0017938456705437,31 - 33日龄
,954,1.0,612,342,0.3584905660377358,,0.166770919003456,0.0229343418247028,water_per_shift_diff_前5天,0.0015018196571018,31 - 33日龄
"[-inf, -17.69)",48,0.0511727078891258,21,27,0.5625,-0.8437476332390207,0.0388715474844522,0.0045085788467833,water_per_shift_diff_前7天,0.0019368171213691,31 - 33日龄
"[-17.69, -13.21)",59,0.0628997867803838,32,27,0.4576271186440678,-0.422534168162717,0.0117710375197013,0.0013614790944088,water_per_shift_diff_前7天,0.0018721092260518,31 - 33日龄
"[-13.21, -8.27)",121,0.1289978678038379,76,45,0.371900826446281,-0.0683623544421031,0.0006086111976941,5.3943948070937385e-05,water_per_shift_diff_前7天,0.0016081849037235,31 - 33日龄
"[-8.27, -5.21)",125,0.1332622601279317,84,41,0.328,0.1248115271808911,0.0020367190163356,0.000291239936463,water_per_shift_diff_前7天,0.0013485532145878,31 - 33日龄
"[-5.21, -4.04)",50,0.0533049040511727,41,9,0.18,0.923914284409974,0.0378201419709797,0.0045681248030585,water_per_shift_diff_前7天,0.0012034413610565,31 - 33日龄
"[-4.04, inf)",535,0.570362473347548,350,185,0.3457943925233644,0.0451441244470199,0.0011546956524696,0.0002120560682207,water_per_shift_diff_前7天,0.0014575862164725,31 - 33日龄
,938,1.0,604,334,0.3560767590618336,,0.0922627528416327,0.0109954226970052,water_per_shift_diff_前7天,0.001499532926655,31 - 33日龄
"[-inf, -59.35)",50,0.0765696784073506,4,46,0.92,-2.537364860252576,0.3456247729014057,0.0344034889168668,water_per_diff,0.0041386118776919,34 - 35日龄
"[-59.35, -40.29)",79,0.120980091883614,11,68,0.8607594936708861,-1.9166302572611071,0.357424278903876,0.0388916196026257,water_per_diff,0.0031102629360095,34 - 35日龄
"[-40.29, -26.75)",63,0.0964777947932618,20,43,0.6825396825396826,-0.8604856670229426,0.0686531032733184,0.0083263107225374,water_per_diff,0.0021831748495748,34 - 35日龄
"[-26.75, -3.82)",189,0.2894333843797856,97,92,0.4867724867724867,-0.0420954234290284,0.0005133202101074,6.416028909940995e-05,water_per_diff,0.0018428856028229,34 - 35日龄
"[-3.82, 18.14)",173,0.2649310872894334,124,49,0.2832369942196532,0.8334434426110391,0.1708699320206118,0.0207612615719953,water_per_diff,0.001307370547464,34 - 35日龄
"[18.14, inf)",99,0.1516079632465543,86,13,0.1313131313131313,1.7943801139086,0.3762121485132075,0.0415854786004383,water_per_diff,0.0010078297078063,34 - 35日龄
,653,1.0,342,311,0.4762633996937213,,1.3192975558225268,0.1440323197035629,water_per_diff,0.0019363506984229,34 - 35日龄
"[-inf, -30.78)",41,0.0627871362940275,7,34,0.8292682926829268,-1.6754682004442192,0.1488769481807254,0.0166989120921467,water_per_shift_diff,0.0035466738836011,34 - 35日龄
"[-30.78, -16.15)",106,0.1623277182235834,38,68,0.6415094339622641,-0.676939370333092,0.0727969812326762,0.0089297636291501,water_per_shift_diff,0.0023035026473963,34 - 35日龄
"[-16.15, -2.58)",161,0.2465543644716692,82,79,0.4906832298136646,-0.0577464300861395,0.0008230720371052,0.0001028697119309,water_per_shift_diff,0.0019488860301624,34 - 35日龄
"[-2.58, 9.40)",198,0.3032159264931087,129,69,0.3484848484848485,0.5306880748810417,0.0824307335806932,0.0101846078194905,water_per_shift_diff,0.0016584289425337,34 - 35日龄
"[9.40, 12.58)",39,0.0597243491577335,30,9,0.2307692307692307,1.108954979442565,0.0651848078399702,0.0077546794992085,water_per_shift_diff,0.0013286309150233,34 - 35日龄
"[12.58, inf)",108,0.1653905053598774,56,52,0.4814814814814814,-0.0209098527296491,7.234562912046484e-05,9.043038898365783e-06,water_per_shift_diff,0.0016749621208779,34 - 35日龄
,653,1.0,342,311,0.4762633996937213,,0.3701848885002908,0.043679875790825,water_per_shift_diff,0.0019363506984229,34 - 35日龄
"[-inf, -57.01)",33,0.0505359877488514,3,30,0.9090909090909092,-2.3976029178774168,0.2102484196897638,0.0213762518398841,water_per_diff_前1天,0.0035960349611386,34 - 35日龄
"[-57.01, -19.96)",177,0.2710566615620214,47,130,0.7344632768361582,-1.1124046736288948,0.3121179808118229,0.0393317434860594,water_per_diff_前1天,0.0027488161140167,34 - 35日龄
"[-19.96, -4.79)",135,0.2067381316998468,72,63,0.4666666666666667,0.0385135677411515,0.0003063357055058,3.8289596769009154e-05,water_per_diff_前1天,0.0018397037879795,34 - 35日龄
"[-4.79, 11.09)",154,0.2358346094946401,100,54,0.3506493506493506,0.5211683145404458,0.061896148523673,0.0076506281531947,water_per_diff_前1天,0.0015114056661579,34 - 35日龄
"[11.09, inf)",154,0.2358346094946401,120,34,0.2207792207792207,1.1661133932825134,0.2816775286306606,0.0333412214835419,water_per_diff_前1天,0.0011565643909487,34 - 35日龄
,653,1.0,342,311,0.4762633996937213,,0.8662464133614264,0.1017381345594491,water_per_diff_前1天,0.0019363506984229,34 - 35日龄
"[-inf, -48.11)",34,0.0520673813169984,4,30,0.8823529411764706,-2.109920845425636,0.1788519052138689,0.018957349952955,water_per_diff_前2天,0.0032014729889856,34 - 35日龄
"[-48.11, -17.80)",160,0.2450229709035222,42,118,0.7375,-1.1280328310656675,0.2894692473919852,0.0343795411887418,water_per_diff_前2天,0.0028048251176414,34 - 35日龄
"[-17.80, 3.51)",210,0.3215926493108729,116,94,0.4476190476190476,0.1152775839529898,0.0042572568188577,0.0005318626399237,water_per_diff_前2天,0.0018758585336428,34 - 35日龄
"[3.51, 7.33)",45,0.0689127105666156,38,7,0.1555555555555555,1.5966581857877014,0.141468821034423,0.0160161594760259,water_per_diff_前2天,0.0010628102891047,34 - 35日龄
"[7.33, 29.53)",170,0.2603369065849923,124,46,0.2705882352941176,0.8966223442325709,0.1924717602481906,0.0232841251627232,water_per_diff_前2天,0.001224901324008,34 - 35日龄
"[29.53, inf)",34,0.0520673813169984,18,16,0.4705882352941176,0.0227652107730124,2.6968433814704123e-05,3.3709814343476805e-06,water_per_diff_前2天,0.0016713213372349,34 - 35日龄
,653,1.0,342,311,0.4762633996937213,,0.8065459591411402,0.0931724094018039,water_per_diff_前2天,0.0019363506984229,34 - 35日龄
"[-inf, -42.15)",36,0.0551301684532924,13,23,0.6388888888888888,-0.665562683350984,0.0239225112206503,0.0029363151444035,water_per_diff_前3天,0.0026005006886621,34 - 35日龄
"[-42.15, -25.97)",63,0.0964777947932618,13,50,0.7936507936507936,-1.4420914728499803,0.1770311611383971,0.0203909633490598,water_per_diff_前3天,0.0032082592358109,34 - 35日龄
"[-25.97, -18.03)",71,0.1087289433384379,23,48,0.676056338028169,-0.8307246198621123,0.0723472871305799,0.0087920276290791,water_per_diff_前3天,0.0026772219765677,34 - 35日龄
"[-18.03, -8.02)",107,0.1638591117917305,47,60,0.5607476635514018,-0.339214785395413,0.0188261303678863,0.0023420482062075,water_per_diff_前3天,0.0021625803724383,34 - 35日龄
"[-8.02, -4.77)",44,0.0673813169984686,21,23,0.5227272727272727,-0.1859896030890976,0.0023344438814985,0.000291385620715,water_per_diff_前3天,0.0020277373059443,34 - 35日龄
"[-4.77, inf)",332,0.5084226646248086,225,107,0.322289156626506,0.6482537428591431,0.2034500873468067,0.024995117823695,water_per_diff_前3天,0.0013795161077515,34 - 35日龄
,653,1.0,342,311,0.4762633996937213,,0.497911621085819,0.0597478577731599,water_per_diff_前3天,0.0019363506984229,34 - 35日龄
"[-inf, -25.75)",127,0.1944869831546707,38,89,0.7007874015748031,-0.9460680348891252,0.1656210564829122,0.0199635353845748,water_per_diff_前5天,0.0029988873244019,34 - 35日龄
"[-25.75, -13.95)",123,0.1883614088820827,57,66,0.5365853658536586,-0.2416212990752464,0.0110063292719163,0.0013724542367418,water_per_diff_前5天,0.0021801503884526,34 - 35日龄
"[-13.95, -7.94)",78,0.119448698315467,37,41,0.5256410256410257,-0.1976719789434543,0.004674084983761,0.0005833112473916,water_per_diff_前5天,0.0018553029523236,34 - 35日龄
"[-7.94, -4.24)",51,0.0781010719754977,39,12,0.2352941176470588,1.0836371714582749,0.0817602931587658,0.0097476224972684,water_per_diff_前5天,0.0013085962079257,34 - 35日龄
"[-4.24, 14.49)",188,0.2879019908116386,121,67,0.3563829787234042,0.496080101322404,0.068641158037286,0.0084932326527849,water_per_diff_前5天,0.0014497156223189,34 - 35日龄
"[14.49, inf)",86,0.1316998468606431,50,36,0.4186046511627907,0.233486242088665,0.0071080691589392,0.0008864958892383,water_per_diff_前5天,0.0015281540024423,34 - 35日龄
,653,1.0,342,311,0.4762633996937213,,0.3388109910935807,0.0410466519079998,water_per_diff_前5天,0.0019363506984229,34 - 35日龄
"[-inf, -38.99)",34,0.0520673813169984,12,22,0.6470588235294118,-0.7011536284536867,0.0249974103448259,0.0030622034107278,water_per_diff_前7天,0.0020700216309247,34 - 35日龄
"[-38.99, -26.06)",68,0.1041347626339969,29,39,0.5735294117647058,-0.3912836410265434,0.0158887012804727,0.0019735140377879,water_per_diff_前7天,0.0026192455128782,34 - 35日龄
"[-26.06, -18.52)",74,0.113323124042879,37,37,0.5,-0.0950178248833711,0.0010246652483145,0.0001280349950999,water_per_diff_前7天,0.0021132325225469,34 - 35日龄
"[-18.52, -6.66)",168,0.2572741194486983,85,83,0.494047619047619,-0.0712071761896524,0.0013061544606721,0.0001632348225428,water_per_diff_前7天,0.0020730812936677,34 - 35日龄
"[-6.66, 9.42)",211,0.3231240428790199,113,98,0.4644549763033175,0.0474025151583975,0.0007251075775437,9.062996212752398e-05,water_per_diff_前7天,0.0017580654880159,34 - 35日龄
"[9.42, inf)",98,0.1500765696784073,66,32,0.3265306122448979,0.628901014343328,0.0566567902017428,0.0069676471012236,water_per_diff_前7天,0.0014320295282351,34 - 35日龄
,653,1.0,342,311,0.4762633996937213,,0.1005988291135719,0.0123852643295095,water_per_diff_前7天,0.0019363506984229,34 - 35日龄
"[-inf, -31.12)",35,0.0535987748851454,7,28,0.8,-1.4813121860032616,0.1030464720881342,0.0118188689169932,water_per_shift_diff_前1天,0.0033026414285022,34 - 35日龄
"[-31.12, -18.48)",71,0.1087289433384379,18,53,0.7464788732394366,-1.174937980539328,0.1383917472424052,0.0163679121831976,water_per_shift_diff_前1天,0.0024990009239624,34 - 35日龄
"[-18.48, -7.16)",131,0.2006125574272588,67,64,0.4885496183206106,-0.0492082888520768,0.0004862442562525,6.07744003837409e-05,water_per_shift_diff_前1天,0.0018580451280565,34 - 35日龄
"[-7.16, 9.35)",291,0.445635528330781,173,118,0.4054982817869416,0.2875891451487433,0.0363589555933054,0.0045292716469864,water_per_shift_diff_前1天,0.0018114821638813,34 - 35日龄
"[9.35, 13.26)",57,0.0872894333843797,45,12,0.2105263157894736,1.2267380150989484,0.1140789540187632,0.0134280162754079,water_per_shift_diff_前1天,0.0013361675031272,34 - 35日龄
"[13.26, inf)",68,0.1041347626339969,32,36,0.5294117647058824,-0.2128008605397545,0.0047217054105208,0.0005891020527602,water_per_shift_diff_前1天,0.0018339517842376,34 - 35日龄
,653,1.0,342,311,0.4762633996937213,,0.3970840786093815,0.046793945475729,water_per_shift_diff_前1天,0.0019363506984229,34 - 35日龄
"[-inf, -18.74)",66,0.1010719754977029,17,49,0.7424242424242424,-1.1536247789377816,0.1244168955002284,0.0147433038057217,water_per_shift_diff_前2天,0.0026976169635403,34 - 35日龄
"[-18.74, -4.82)",167,0.2557427258805513,78,89,0.5329341317365269,-0.2269453679259192,0.0131863106540134,0.0016447606742634,water_per_shift_diff_前2天,0.0020729206340711,34 - 35日龄
"[-4.82, -0.85)",87,0.1332312404287902,46,41,0.4712643678160919,0.0200515049014161,5.354005558378175e-05,6.692394833231847e-06,water_per_shift_diff_前2天,0.0018396961764715,34 - 35日龄
"[-0.85, 1.21)",38,0.0581929555895865,28,10,0.2631578947368421,0.9346015922977872,0.0464655912832656,0.0056056306485984,water_per_shift_diff_前2天,0.0013366639907239,34 - 35日龄
"[1.21, 16.37)",249,0.3813169984686064,150,99,0.3975903614457831,0.3204976190782949,0.038545773333047,0.0047977052666788,water_per_shift_diff_前2天,0.0018149606135365,34 - 35日龄
"[16.37, inf)",46,0.0704441041347626,23,23,0.5,-0.095017824883371,0.0006369540732765,7.958932127833567e-05,water_per_shift_diff_前2天,0.0016835771481635,34 - 35日龄
,653,1.0,342,311,0.4762633996937213,,0.2233050648994149,0.0268776821113738,water_per_shift_diff_前2天,0.0019363506984229,34 - 35日龄
"[-inf, -18.85)",38,0.0581929555895865,10,28,0.7368421052631579,-1.1246372420645294,0.0683693838700781,0.0081224716467842,water_per_shift_diff_前3天,0.0025882154987826,34 - 35日龄
"[-18.85, -4.60)",160,0.2450229709035222,77,83,0.51875,-0.1700530108262851,0.0070971335162734,0.0008860742999285,water_per_shift_diff_前3天,0.0020986868031193,34 - 35日龄
"[-4.60, 7.49)",222,0.339969372128637,130,92,0.4144144144144144,0.2507280485231711,0.0211356281666267,0.0026350549817214,water_per_shift_diff_前3天,0.0017552637024222,34 - 35日龄
"[7.49, 8.95)",36,0.0551301684532924,27,9,0.25,1.0035944637847387,0.0501882152730394,0.0060228304810222,water_per_shift_diff_前3天,0.0014383097351369,34 - 35日龄
"[8.95, inf)",197,0.3016845329249617,98,99,0.5025380710659898,-0.105170196347389,0.003342126545704,0.0004531651956522,water_per_shift_diff_前3天,0.0019738438386532,34 - 35日龄
,653,1.0,342,311,0.4762633996937213,,0.1501324873717218,0.0181195966051085,water_per_shift_diff_前3天,0.0019363506984229,34 - 35日龄
"[-inf, -9.87)",101,0.1546707503828484,38,63,0.6237623762376238,-0.6005663915485181,0.0549285445646376,0.0067647081495849,water_per_shift_diff_前5天,0.0022682725111701,34 - 35日龄
"[-9.87, 4.38)",282,0.4318529862174579,144,138,0.4893617021276595,-0.0524582104645751,0.0011896091051367,0.0001486840902675,water_per_shift_diff_前5天,0.0020134276129888,34 - 35日龄
"[4.38, 10.21)",120,0.1837672281776416,65,55,0.4583333333333333,0.072036259779795,0.0009515705326207,0.0001189206049599,water_per_shift_diff_前5天,0.0019100985236421,34 - 35日龄
"[10.21, 13.05)",55,0.0842266462480857,39,16,0.2909090909090909,0.7959550990064942,0.0498173510660408,0.0060678227911058,water_per_shift_diff_前5天,0.0015072952462075,34 - 35日龄
"[13.05, 17.56)",54,0.0826952526799387,34,20,0.3703703703703703,0.4356104261787994,0.0152927674484462,0.0018966238203988,water_per_shift_diff_前5天,0.0015450509364361,34 - 35日龄
"[17.56, inf)",41,0.0627871362940275,22,19,0.4634146341463415,0.0515856493085043,0.0001668402565025,2.0852719999928625e-05,water_per_shift_diff_前5天,0.001756319113004,34 - 35日龄
,653,1.0,342,311,0.4762633996937213,,0.1223466829733847,0.0150176121763168,water_per_shift_diff_前5天,0.0019363506984229,34 - 35日龄
"[-inf, -21.90)",46,0.0705521472392638,14,32,0.6956521739130435,-0.9187681382887506,0.0568149423475273,0.0068959261305761,water_per_shift_diff_前7天,0.0025856055452705,34 - 35日龄
"[-21.90, -15.86)",57,0.0874233128834355,28,29,0.5087719298245614,-0.1271808849155528,0.0014163055990539,0.0001848887694233,water_per_shift_diff_前7天,0.0021741540998656,34 - 35日龄
"[-15.86, -4.48)",228,0.3496932515337423,120,108,0.4736842105263157,0.0132709505535435,6.156762003510972e-05,4.667521713021391e-06,water_per_shift_diff_前7天,0.0019467022433953,34 - 35日龄
"[-4.48, -1.51)",66,0.1012269938650306,35,31,0.4696969696969697,0.0292712918999848,8.666760008481993e-05,8.761191186187033e-06,water_per_shift_diff_前7天,0.0022468394463289,34 - 35日龄
"[-1.51, inf)",255,0.3911042944785276,144,111,0.4352941176470588,0.1681935331593838,0.0109955188107043,0.0013234971013657,water_per_shift_diff_前7天,0.0016811357219621,34 - 35日龄
,652,1.0,341,311,0.4769938650306748,,0.0693750019774056,0.0084177407142643,water_per_shift_diff_前7天,0.0019381806178327,34 - 35日龄
"[-inf, -11.15)",127,0.1716216216216216,119,8,0.0629921259842519,0.2162383596954535,0.007326254050456,0.0009140017062446,water_per_diff,0.000669873699999,10 - 12日龄
"[-11.15, -7.92)",74,0.1,70,4,0.054054054054054,0.3787572891932285,0.012239004130515,0.0015207959645986,water_per_diff,0.0007298691697463,10 - 12日龄
"[-7.92, -3.94)",136,0.1837837837837838,133,3,0.0220588235294117,1.3082932478174043,0.1859052746378434,0.0217108666215613,water_per_diff,0.0006463547577282,10 - 12日龄
"[-3.94, 0.91)",184,0.2486486486486486,172,12,0.0652173913043478,0.1791442352892129,0.0073993457744485,0.0009236834078658,water_per_diff,0.0007442063828456,10 - 12日龄
"[0.91, inf)",219,0.2959459459459459,189,30,0.136986301369863,-0.642893958338753,0.1604633991723218,0.0197194842451181,water_per_diff,0.0008499138777148,10 - 12日龄
,740,1.0,683,57,0.077027027027027,,0.3733332777655848,0.0447888319453883,water_per_diff,0.0007433157286152,10 - 12日龄
"[-inf, -2.07)",260,0.3513513513513513,241,19,0.073076923076923,0.0569143625879746,0.0011110661315368,0.0001388645246075,water_per_shift_diff,0.0007402995296236,10 - 12日龄
"[-2.07, 0.55)",143,0.1932432432432432,139,4,0.0279720279720279,1.0647359802745613,0.1419702672319038,0.0194536351208045,water_per_shift_diff,0.0006624990434963,10 - 12日龄
"[0.55, inf)",337,0.4554054054054054,303,34,0.1008902077151335,-0.296071310843032,0.0452575163963649,0.005636617222677,water_per_shift_diff,0.0007799358998609,10 - 12日龄
,740,1.0,683,57,0.077027027027027,,0.1883388497598056,0.025229116868089,water_per_shift_diff,0.0007433157286151,10 - 12日龄
"[-inf, -13.81)",92,0.1243243243243243,89,3,0.0326086956521739,0.9065804893277902,0.070419444651492,0.0085128554855127,water_per_diff_前1天,0.0006071956155959,10 - 12日龄
"[-13.81, -10.64)",47,0.0635135135135135,44,3,0.0638297872340425,0.2021337535139117,0.0023831751782097,0.0002973907857454,water_per_diff_前1天,0.0006913902998805,10 - 12日龄
"[-10.64, 4.13)",481,0.65,450,31,0.0644490644490644,0.1918167865429792,0.0220586101911822,0.002753106861122,water_per_diff_前1天,0.0007314608889054,10 - 12日龄
"[4.13, 5.68)",39,0.0527027027027027,27,12,0.3076923076923077,-1.672513375519911,0.2859911520596965,0.0320898153989034,water_per_diff_前1天,0.0010258700065774,10 - 12日龄
"[5.68, 8.15)",39,0.0527027027027027,33,6,0.1538461538461538,-0.7786954994978146,0.0443442994628099,0.0054071038170338,water_per_diff_前1天,0.0009002588830612,10 - 12日龄
"[8.15, inf)",42,0.0567567567567567,40,2,0.0476190476190476,0.5122886818177512,0.0120272239393137,0.0014871760343007,water_per_diff_前1天,0.0008272520044436,10 - 12日龄
,740,1.0,683,57,0.077027027027027,,0.4372239054827044,0.0505474483826179,water_per_diff_前1天,0.0007433157286151,10 - 12日龄
"[-inf, -4.05)",242,0.3292517006802721,210,32,0.1322314049586777,-0.5947243921881034,0.1496736903798968,0.0188274860828097,water_per_diff_前2天,0.0008492892887289,10 - 12日龄
"[-4.05, inf)",493,0.6707482993197279,468,25,0.050709939148073,0.4534964509436006,0.1141309962706996,0.0179619162855704,water_per_diff_前2天,0.0006911988379932,10 - 12日龄
,735,1.0,678,57,0.0775510204081632,,0.2638046866505965,0.0367894023683801,water_per_diff_前2天,0.0007432503877592,10 - 12日龄
"(-inf, -4.04)",138,0.1864864864864865,117,21,0.1521739130434782,-0.7657920946619068,0.1509513892382798,0.0184209719508301,water_per_diff_前3天,0.0009141638713547,10 - 12日龄
"[-4.04, -0.29)",117,0.1581081081081081,109,8,0.0683760683760683,0.1284627488130678,0.0024715162431221,0.0003087272751214,water_per_diff_前3天,0.000679374905272,10 - 12日龄
"[-0.29, 2.41)",227,0.3067567567567567,219,8,0.0352422907488986,0.8261865964004249,0.1489559405135902,0.0181073731768051,water_per_diff_前3天,0.0006626354675456,10 - 12日龄
"[2.41, 4.44)",69,0.0932432432432432,68,1,0.0144927536231884,1.736064113439867,0.1423865997332073,0.0158537193683165,water_per_diff_前3天,0.0007201103639988,10 - 12日龄
"[4.44, 8.96)",93,0.1256756756756756,84,9,0.0967741935483871,-0.2498513702291456,0.0087217901451647,0.0010873968402642,water_per_diff_前3天,0.0007486007497525,10 - 12日龄
"[8.96, inf)",74,0.1,65,9,0.1216216216216216,-0.5062808991768222,0.0317571589681693,0.0039277850016389,water_per_diff_前3天,0.0008112653271645,10 - 12日龄
,718,1.0,662,56,0.0779944289693593,,0.4852443948415335,0.0577059736129762,water_per_diff_前3天,0.000745683632799,10 - 12日龄
"[-inf, -1.36)",156,0.2311111111111111,142,14,0.0897435897435897,-0.0859838539634448,0.0017710729208948,0.0007847037357468,water_per_diff_前5天,0.0006972490570877,10 - 12日龄
"[-1.36, -0.01)",215,0.3185185185185185,202,13,0.0604651162790697,0.3405647579902212,0.0320777733336623,0.0021924993382579,water_per_diff_前5天,0.0007281268259825,10 - 12日龄
"[-0.01, 0.03)",65,0.0962962962962963,64,1,0.0153846153846153,1.7561295014102252,0.1502112846665508,0.0143126517177563,water_per_diff_前5天,0.0006510669050447,10 - 12日龄
"[0.03, 1.09)",106,0.157037037037037,98,8,0.0754716981132075,0.1027723550412891,0.0015891409618662,8.649891426447203e-06,water_per_diff_前5天,0.0007741391945398,10 - 12日龄
"[1.09, 5.12)",88,0.1303703703703703,75,13,0.1477272727272727,-0.6502148258746733,0.0721606402936726,0.0105703900555403,water_per_diff_前5天,0.0009176703195487,10 - 12日龄
"[5.12, inf)",45,0.0666666666666666,38,7,0.1555555555555555,-0.7110775712783745,0.0452321152973925,0.0064795098757401,water_per_diff_前5天,0.0008599904149826,10 - 12日龄
,675,1.0,619,56,0.0829629629629629,,0.3030420274740395,0.0343484046144678,water_per_diff_前5天,0.0007542974529415,10 - 12日龄
"[-inf, -0.00)",330,0.5331179321486268,301,29,0.0878787878787878,-0.0493011503839229,0.0013226566935857,0.0049124565012653,water_per_diff_前7天,0.0007590760088232,10 - 12日龄
"[-0.00, 0.07)",99,0.159935379644588,97,2,0.0202020202020202,1.4924482127971126,0.197919973953219,0.0173007847623218,water_per_diff_前7天,0.0006815722285987,10 - 12日龄
"[0.07, 2.08)",153,0.2471728594507269,138,15,0.0980392156862745,-0.1699121010913301,0.007658838093555,0.0020125501579588,water_per_diff_前7天,0.0007709936580594,10 - 12日龄
"[2.08, inf)",37,0.0597738287560581,31,6,0.1621621621621621,-0.7468878498892336,0.045344229117546,0.0061166829160825,water_per_diff_前7天,0.000863974694369,10 - 12日龄
,619,1.0,567,52,0.0840064620355412,,0.2522456978579059,0.0303424743376284,water_per_diff_前7天,0.0007558963278153,10 - 12日龄
"[-inf, -3.95)",269,0.3659863945578231,259,10,0.037174721189591,0.7781469485996466,0.160739716676266,0.0191612605663048,water_per_shift_diff_前1天,0.0006488348537834,10 - 12日龄
"[-3.95, 0.32)",178,0.2421768707482993,167,11,0.0617977528089887,0.2440025195125392,0.0130127100531838,0.0015207196879345,water_per_shift_diff_前1天,0.0006986001274359,10 - 12日龄
"[0.32, 1.91)",47,0.0639455782312925,42,5,0.1063829787234042,-0.3478643142565774,0.0089652967189243,0.0011583847296126,water_per_shift_diff_前1天,0.0008412471644532,10 - 12日龄
"[1.91, 5.12)",88,0.1197278911564625,78,10,0.1136363636363636,-0.4219722864102994,0.0254847414087263,0.0032612506546901,water_per_shift_diff_前1天,0.0007922764864086,10 - 12日龄
"[5.12, inf)",153,0.2081632653061224,132,21,0.1372549019607843,-0.6378165352428975,0.1108083687217516,0.0160309550034427,water_per_shift_diff_前1天,0.0009028933929312,10 - 12日龄
,735,1.0,678,57,0.0775510204081632,,0.3190108335788523,0.0411325706419847,water_per_shift_diff_前1天,0.0007432503877592,10 - 12日龄
"[-inf, -13.94)",70,0.0974930362116991,57,13,0.1857142857142857,-0.9918119548288457,0.1448443548619812,0.0174447769496699,water_per_shift_diff_前2天,0.0008657188352463,10 - 12日龄
"[-13.94, -1.23)",268,0.3732590529247911,247,21,0.0783582089552238,-0.0050479662973048,9.531658416361036e-06,1.5747220658817156e-05,water_per_shift_diff_前2天,0.0007535757441885,10 - 12日龄
"[-1.23, 9.35)",323,0.4498607242339832,309,14,0.0433436532507739,0.6243700820806278,0.1353430615990485,0.0245945684325656,water_per_shift_diff_前2天,0.0006990956459684,10 - 12日龄
"[9.35, inf)",57,0.0793871866295264,49,8,0.1403508771929824,-0.6575351087710684,0.0452640698528206,0.0056494868784138,water_per_shift_diff_前2天,0.0008251638033709,10 - 12日龄
,718,1.0,662,56,0.0779944289693593,,0.3254610179722667,0.0477045794813081,water_per_shift_diff_前2天,0.000745683632799,10 - 12日龄
"[-inf, -17.40)",39,0.0558739255014326,30,9,0.2307692307692307,-1.235263808628876,0.1408019327926439,0.017078097153988,water_per_shift_diff_前3天,0.0010465232244788,10 - 12日龄
"[-17.40, -2.01)",176,0.2521489971346705,155,21,0.1193181818181818,-0.4403339337589883,0.0588140729280891,0.0084863155295545,water_per_shift_diff_前3天,0.0008513120574574,10 - 12日龄
"[-2.01, -0.03)",102,0.1461318051575931,97,5,0.0490196078431372,0.5260364531144703,0.032511487506129,0.0032392160452527,water_per_shift_diff_前3天,0.0007432706730905,10 - 12日龄
"[-0.03, 0.08)",66,0.0945558739255014,65,1,0.0151515151515151,1.7351506569408253,0.144692414038401,0.0146953370243821,water_per_shift_diff_前3天,0.000606152033744,10 - 12日龄
"[0.08, 7.86)",253,0.3624641833810888,241,12,0.0474308300395256,0.5606536707478427,0.0903233773078411,0.0090873832376939,water_per_shift_diff_前3天,0.0006656137083268,10 - 12日龄
"[7.86, inf)",62,0.0888252148997134,54,8,0.1290322580645161,-0.5296941080703735,0.0311168768425853,0.0043372897514216,water_per_shift_diff_前3天,0.0007841604179164,10 - 12日龄
,698,1.0,642,56,0.0802292263610315,,0.4982601614156896,0.0569236387422927,water_per_shift_diff_前3天,0.0007499759095516,10 - 12日龄
"[-inf, -2.54)",66,0.1013824884792626,56,10,0.1515151515151515,-0.6601408840917752,0.0579989550391797,0.0086771977746005,water_per_shift_diff_前5天,0.0007998473474957,10 - 12日龄
"[-2.54, -1.13)",57,0.0875576036866359,52,5,0.087719298245614,-0.0411016756855519,0.0001504637303925,0.0002049308377143,water_per_shift_diff_前5天,0.0006682928737547,10 - 12日龄
"[-1.13, 0.02)",201,0.3087557603686636,191,10,0.0497512437810945,0.5667808532197054,0.078585081692604,0.0060190013057182,water_per_shift_diff_前5天,0.0007036580295687,10 - 12日龄
"[0.02, 0.08)",61,0.0937019969278033,60,1,0.0163934426229508,1.7114370803892218,0.1411752857038576,0.0128004938176229,water_per_shift_diff_前5天,0.0006639482529426,10 - 12日龄
"[0.08, 3.04)",158,0.2427035330261136,148,10,0.0632911392405063,0.3117196989371905,0.0207305962075373,0.0010869615256314,water_per_shift_diff_前5天,0.0007948272912891,10 - 12日龄
"[3.04, inf)",108,0.1658986175115207,89,19,0.1759259259259259,-0.8387100912671794,0.1644925923354697,0.0229971491085424,water_per_shift_diff_前5天,0.0008636394093837,10 - 12日龄
,651,1.0,596,55,0.0844854070660522,,0.4631329747090411,0.0517857343698296,water_per_shift_diff_前5天,0.0007552603599825,10 - 12日龄
"(-inf, -1.66)",104,0.1405405405405405,89,15,0.1442307692307692,-0.70285742310631,0.093374909257554,0.0114373952743,water_per_shift_diff_前7天,0.0008153784670965,10 - 12日龄
"[-1.66, -0.05)",103,0.1391891891891891,95,8,0.0776699029126213,-0.0090082418155348,1.1338107137273873e-05,1.4172586001656175e-06,water_per_shift_diff_前7天,0.0007619898566696,10 - 12日龄
"[-0.05, 0.08)",182,0.2459459459459459,168,14,0.0769230769230769,0.0014630580517605,5.261311737342304e-07,6.576639086478561e-08,water_per_shift_diff_前7天,0.0007717429416708,10 - 12日龄
"[0.08, 0.58)",69,0.0932432432432432,68,1,0.0144927536231884,1.736064113439867,0.1423865997332073,0.0158537193683165,water_per_shift_diff_前7天,0.0006570041113601,10 - 12日龄
"[0.58, 2.56)",84,0.1135135135135135,76,8,0.0952380952380952,-0.2321517931297445,0.0067502974447836,0.0008418974614628,water_per_shift_diff_前7天,0.0006853324073525,10 - 12日龄
"[2.56, inf)",46,0.0621621621621621,41,5,0.108695652173913,-0.3793094374660324,0.0105030842667381,0.0013050712085605,water_per_shift_diff_前7天,0.0008803935992242,10 - 12日龄
,588,1.0,537,51,0.086734693877551,,0.253026754940594,0.0294395663376308,water_per_shift_diff_前7天,0.0007604436099742,10 - 12日龄
"[-inf, -15.51)",47,0.0644718792866941,38,9,0.1914893617021276,-0.2244131624396803,0.0034999465200203,0.000436577590531,water_per_diff_前3天,0.0010287141095163,16 - 18日龄
"[-15.51, -0.40)",240,0.3292181069958848,199,41,0.1708333333333333,-0.0850419868096621,0.0024505123329723,0.0003062217705745,water_per_diff_前3天,0.0009866146447395,16 - 18日龄
"[-0.40, 2.34)",50,0.0685871056241426,49,1,0.02,2.22704555328078,0.1588196546195482,0.0165568007451386,water_per_diff_前3天,0.0008499639598612,16 - 18日龄
"[2.34, 20.21)",335,0.4595336076817558,285,50,0.1492537313432835,0.0756914300106578,0.002565342103922,0.0003205912362713,water_per_diff_前3天,0.0010178965954879,16 - 18日龄
"[20.21, inf)",57,0.0781893004115226,42,15,0.2631578947368421,-0.6351553276486885,0.0386141711400303,0.0047472389458591,water_per_diff_前3天,0.0010761605337887,16 - 18日龄
,729,1.0,613,116,0.1591220850480109,,0.2059496267164932,0.0223674302883747,water_per_diff_前3天,0.0010013330394955,16 - 18日龄
"[-inf, -0.41)",79,0.104221635883905,69,10,0.1265822784810126,-0.2055992416633002,0.0047760885784616,0.0005959617778879,water_per_diff_前7天,0.0009495876443278,22 - 24日龄
"[-0.41, 3.02)",45,0.0593667546174142,44,1,0.0222222222222222,1.6470689806517471,0.0863010701145329,0.0097128780979066,water_per_diff_前7天,0.0008239649031666,22 - 24日龄
"[3.02, 7.40)",90,0.1187335092348284,89,1,0.0111111111111111,2.351515716465625,0.2792858452336202,0.0285908127701711,water_per_diff_前7天,0.0007609035710455,22 - 24日龄
"[7.40, 27.70)",499,0.658311345646438,437,62,0.1242484969939879,-0.1843218432160153,0.024046116567045,0.0030015168077014,water_per_diff_前7天,0.0009313029622348,22 - 24日龄
"[27.70, inf)",45,0.0593667546174142,39,6,0.1333333333333333,-0.2653184763649224,0.0046372034585904,0.0005779562334361,water_per_diff_前7天,0.0016890699113446,22 - 24日龄
,758,1.0,678,80,0.1055408970976253,,0.3990463239522503,0.0424791256871032,water_per_diff_前7天,0.0009515903563379,22 - 24日龄
"[-inf, -6.64)",173,0.1882480957562568,147,26,0.15028901734104047,-0.28380077823393884,0.016881331399264978,0.002103113200939472,water_per_diff_前2天,0.0012175417487855,25 - 27日龄
"[-6.64,  6.62)",310,0.3373231773667029,289,21,0.06774193548387097,0.6057674233978159,0.09807722326351129,0.012075578829655341,water_per_diff_前2天,0.0009731177834915936,25 - 27日龄
"[6.62, inf)",436,0.47442872687704024,375,61,0.13990825688073394,-0.20008466519409354,0.02049321289966904,0.0025573871126329077,water_per_diff_前2天,0.0009568330219762,25 - 27日龄
,919,1.0,811,108,0.117519042437432,,0.1354517675624453,0.016736079143227722,water_per_diff_前2天,0.0010114041708421204,25 - 27日龄
