Bin,Count,Count (%),Non-event,Event,Event rate,WoE,IV,JS,feature,MORTALITY_RATE,Age_interval
"[-inf, -16.20)",37,0.05131761442441054,28,9,0.24324324324324326,-0.49625263942253633,0.014806537278214084,0.0018320565247649,water_per_diff,0.0010337063934985,13 - 15日龄
"[-16.20, -5.44)",153,0.21220527045769763,127,26,0.16993464052287582,-0.0451420238244114,0.0004390235332727975,5.48732825339706e-05,water_per_diff,0.0009622604188513,13 - 15日龄
"[-5.44, 0.68)",124,0.17198335644937587,109,15,0.12096774193548387,0.3520651088654131,0.01888625404811089,0.0023486643819654,water_per_diff,0.0008978206137859,13 - 15日龄
"[0.68, 3.09)",41,0.056865464632454926,40,1,0.024390243902439025,2.0576468818524156,0.11905630340650414,0.0127110659496599,water_per_diff,0.0007783619142297001,13 - 15日龄
"[3.09, inf)",366,0.507628294036061,299,67,0.1830601092896175,-0.13548161826180036,0.009746892709927147,0.0014432233098115,water_per_diff,0.0009783466444413024,13 - 15日龄
,721,1.0,603,118,0.1636615811373093,,0.16293501097602905,0.01838988344873567,water_per_diff,0.0009525526312095414,13 - 15日龄
"[-inf, 4.18)",300,0.4160887656033287,242,58,0.19333333333333333,-0.20273785665125366,0.018286695955079774,0.0022819302748803,water_per_shift_diff,0.0009834127126499,13 - 15日龄
"[4.18, 6.66)",91,0.1262135922330097,83,8,0.08791208791208792,0.7081664938552416,0.049464365664060365,0.0129864891828917,water_per_shift_diff,0.0008451824673603626,13 - 15日龄
"[6.66, 12.18)",190,0.2635228848821082,163,27,0.14210526315789473,0.16668076254091255,0.006917506981804461,0.000863688795105,water_per_shift_diff,0.0009602746642307,13 - 15日龄
"[12.18, 13.39)",38,0.052704576976421634,32,6,0.15789473684210525,0.04274386131015078,9.491427167838516e-05,1.1863380855051792e-05,water_per_shift_diff,0.000900872226322,13 - 15日龄
"[13.39, inf)",102,0.14147018030513175,83,19,0.18627450980392157,-0.15683094363136307,0.003665427934606017,0.0004577095129853,water_per_shift_diff,0.0009624480193458,13 - 15日龄
,721,1.0,603,118,0.1636615811373093,,0.07842891080722901,0.016601681146717354,water_per_shift_diff,0.000952552631209575,13 - 15日龄
"[-inf, -17.70)",41,0.056865464632454926,30,11,0.2682926829268293,-0.6279304633977358,0.027295569093644726,0.0033569734760309,water_per_diff_前1天,0.0010469204059165,13 - 15日龄
"[-17.70, -13.60)",38,0.052704576976421634,37,1,0.02631578947368421,1.9796853403827037,0.10469623543103851,0.0112969883596052,water_per_diff_前1天,0.0008452813766922001,13 - 15日龄
"[-13.60, -11.21)",39,0.05409153952843273,36,3,0.07692307692307693,0.8536740775264796,0.029262038326546416,0.0035505826829115,water_per_diff_前1天,0.0007765675626898,13 - 15日龄
"[-11.21, 2.16)",362,0.5020804438280166,307,55,0.15193370165745856,0.08828199009320564,0.0037978352822793195,0.0004745753076995,water_per_diff_前1天,0.0009401690427860999,13 - 15日龄
"[2.16, 4.19)",45,0.06241331484049931,38,7,0.15555555555555556,0.06044343840955174,0.00022341153416128567,2.7922191433210424e-05,water_per_diff_前1天,0.0010414326853239,13 - 15日龄
"[4.19, inf)",196,0.27184466019417475,155,41,0.20918367346938777,-0.30137952204658186,0.027247582220615307,0.0033931159953595,water_per_diff_前1天,0.0009910929534294,13 - 15日龄
,721,1.0,603,118,0.1636615811373093,,0.19252267188828553,0.022100158013039807,water_per_diff_前1天,0.0009525526312095539,13 - 15日龄
"[-inf, -12.55)",106,0.1474269819193324,85,21,0.19811320754716982,-0.2297814913026493,0.008395102004641474,0.002102648618789734,water_per_diff_前2天,0.0009680257265260641,13 - 15日龄
"[-12.55, -10.53)",42,0.0584144645340751,40,2,0.047619047619047616,1.3678219634844482,0.06785298044979114,0.0078252639555263,water_per_diff_前2天,0.0008562296234371,13 - 15日龄
"[-10.53, -4.27)",195,0.2712100139082058,168,27,0.13846153846153847,0.20021680332938693,0.010155106483203198,0.0012235304803176,water_per_diff_前2天,0.0009022119299892,13 - 15日龄
"[-4.27, 8.34)",339,0.4714881780250348,281,58,0.1710914454277286,-0.04999865128221649,0.0011985350289033562,0.0001700876085734,water_per_diff_前2天,0.000978399543585,13 - 15日龄
"[8.34, inf)",37,0.05146036161335188,27,10,0.2702702702702703,-0.6346585370592593,0.02527250780697916,0.0031345028147519,water_per_diff_前2天,0.0010673297788735,13 - 15日龄
,719,1.0,601,118,0.16411682892906815,,0.11287423177351832,0.014456033477958933,water_per_diff_前2天,0.0009536472109007644,13 - 15日龄
"[-inf, 2.23)",535,0.7492997198879552,442,93,0.17383177570093458,-0.060845653675242826,0.002830835212509877,0.0027106293998997,water_per_diff_前3天,0.0009702970566412871,13 - 15日龄
"[2.23, 3.94)",51,0.07142857142857142,50,1,0.0196078431372549,2.292466962828461,0.17289336780289724,0.0175633441083298,water_per_diff_前3天,0.0007546614570448,13 - 15日龄
"[3.94, 8.25)",91,0.12745098039215685,75,16,0.17582417582417584,-0.07465665130315569,0.000728222938146467,0.0001209919518935,water_per_diff_前3天,0.0009492787579221001,13 - 15日龄
"[8.25, inf)",37,0.05182072829131653,29,8,0.21621621621621623,-0.3317017542930469,0.006348404067774444,0.000841598994502,water_per_diff_前3天,0.0010389741066683,13 - 15日龄
,714,1.0,596,118,0.16526610644257703,,0.18280083002132805,0.021236564454625,water_per_diff_前3天,0.0009557746057843299,13 - 15日龄
"[-inf, -3.61)",226,0.32753623188405795,181,45,0.19911504424778761,-0.23861990630025304,0.02017258820458267,0.0024238083634481,water_per_diff_前5天,0.0010142082029592,13 - 15日龄
"[-3.61, 0.35)",161,0.23333333333333334,140,21,0.13043478260869565,0.26666553709012225,0.01514489783660868,0.0017963106791671,water_per_diff_前5天,0.0009355979349073,13 - 15日龄
"[0.35, 1.38)",47,0.06811594202898551,45,2,0.0425531914893617,1.4830608614146155,0.08941446060981968,0.0098047318873276,water_per_diff_前5天,0.0007038966187156,13 - 15日龄
"[1.38, 6.05)",139,0.20144927536231885,117,22,0.15827338129496402,0.04067703364368138,0.0003287801832827736,0.0013683662167546001,water_per_diff_前5天,0.0009470062023055605,13 - 15日龄
"[6.05, inf)",117,0.16956521739130434,94,23,0.19658119658119658,-0.22265388145490478,0.009046028925538607,0.0010877520347451,water_per_diff_前5天,0.0009951402834723,13 - 15日龄
,690,1.0,577,113,0.16376811594202897,,0.1341067557598324,0.0164809691814425,water_per_diff_前5天,0.0009579575909495937,13 - 15日龄
"[-inf, -3.62)",57,0.08689024390243902,46,11,0.19298245614035087,-0.16050946966018545,0.002358755575302171,0.0004236978547899,water_per_diff_前7天,0.0010013405140345,13 - 15日龄
"[-3.62, -1.29)",59,0.0899390243902439,55,4,0.06779661016949153,1.0297832307616706,0.06681377272071341,0.0068150200978786,water_per_diff_前7天,0.0007946368216036,13 - 15日龄
"[-1.29, -0.48)",37,0.056402439024390245,32,5,0.13513513513513514,0.2650423970147163,0.0036232756811500205,0.0003002540324523,water_per_diff_前7天,0.0008524040561717,13 - 15日龄
"[-0.48, inf)",503,0.7667682926829268,412,91,0.18091451292246521,-0.08109175051823343,0.005178236751003146,0.0032421290086666887,water_per_diff_前7天,0.0009912833585989226,13 - 15日龄
,656,1.0,545,111,0.16920731707317074,,0.07797404072816876,0.010781100993787488,water_per_diff_前7天,0.0009666378982137039,13 - 15日龄
"[-inf, -8.46)",56,0.07788595271210014,51,5,0.08928571428571429,0.6944774102206824,0.029505350362318678,0.0035753253195469,water_per_shift_diff_前1天,0.0008684838454693,13 - 15日龄
"[-8.46, 1.85)",342,0.4756606397774687,285,57,0.16666666666666666,-0.01847239763544243,0.0001633181042531143,0.00031204797053298506,water_per_shift_diff_前1天,0.0009495313898907552,13 - 15日龄
"[1.85, 3.07)",37,0.05146036161335188,25,12,0.32432432432432434,-0.8939411349893425,0.05372369662602693,0.0065380137256668,water_per_shift_diff_前1天,0.0011860704755243,13 - 15日龄
"[3.07, 15.15)",224,0.31154381084840055,185,39,0.17410714285714285,-0.07111613112086443,0.0016134952335580654,0.0002205578471315,water_per_shift_diff_前1天,0.0009875144716873,13 - 15日龄
"[15.15, inf)",60,0.08344923504867872,55,5,0.08333333333333333,0.7699849627288279,0.037838032588481986,0.0045689026776134,water_per_shift_diff_前1天,0.0007868277449395,13 - 15日龄
,719,1.0,601,118,0.16411682892906815,,0.12284389291463879,0.015214847540491586,water_per_shift_diff_前1天,0.0009536472109007557,13 - 15日龄
"[-inf, -4.67)",188,0.26330532212885155,157,31,0.16489361702127658,0.0027025582634765954,1.921395648586935e-06,2.632754649797321e-06,water_per_shift_diff_前2天,0.0009249542044852,13 - 15日龄
"[-4.67, -3.64)",37,0.05182072829131653,31,6,0.16216216216216217,0.02267169265740615,2.6434404474850715e-05,7.726275129085638e-07,water_per_shift_diff_前2天,0.0010430725182421,13 - 15日龄
"[-3.64, 0.78)",216,0.3025210084033613,184,32,0.14814814814814814,0.12964381220957405,0.004866620183046233,0.0005004002033024,water_per_shift_diff_前2天,0.0009276193234217,13 - 15日龄
"[0.78, 1.83)",38,0.05322128851540616,37,1,0.02631578947368421,1.9913618700445395,0.10674886602872134,0.0112969883596052,water_per_shift_diff_前2天,0.00074365161929,13 - 15日龄
"[1.83, 10.40)",198,0.2773109243697479,159,39,0.19696969696969696,-0.2142134865091,0.013651815017258939,0.0018829390879073,water_per_shift_diff_前2天,0.00101189657473,13 - 15日龄
"[10.40, inf)",37,0.05182072829131653,28,9,0.24324324324324326,-0.48457610976070054,0.014193874219472232,0.0018320565247649,water_per_shift_diff_前2天,0.0011069712898159,13 - 15日龄
,714,1.0,596,118,0.16526610644257703,,0.13948953124862218,0.015515789557742507,water_per_shift_diff_前2天,0.0009557746057843288,13 - 15日龄
"[-inf, -1.60)",271,0.3849431818181818,227,44,0.16236162361623616,0.007266328274804807,2.0275131673995568e-05,5.771649597069342e-06,water_per_shift_diff_前3天,0.000943991351326959,13 - 15日龄
"[-1.60, -0.56)",43,0.061079545454545456,41,2,0.046511627906976744,1.386930830856026,0.07242303607791784,0.0082134173174231,water_per_shift_diff_前3天,0.0008240137494527,13 - 15日龄
"[-0.56, 0.12)",37,0.052556818181818184,34,3,0.08108108108108109,0.794254180659715,0.02512861458852542,0.0030036282343019,water_per_shift_diff_前3天,0.0008611465988303,13 - 15日龄
"[0.12, 11.30)",312,0.4431818181818182,258,54,0.17307692307692307,-0.06951851693099356,0.0021922425948859847,0.0002502030014068,water_per_shift_diff_前3天,0.0009571098947813,13 - 15日龄
"[11.30, inf)",41,0.05823863636363636,29,12,0.2926829268292683,-0.7511048750898628,0.04139476634989972,0.0049033998158922,water_per_shift_diff_前3天,0.0012284329465117,13 - 15日龄
,704,1.0,589,115,0.16335227272727273,,0.14115893474290295,0.01637642001862107,water_per_shift_diff_前3天,0.000954688507914117,13 - 15日龄
"[-inf, 2.84)",457,0.6790490341753344,376,81,0.1772428884026258,-0.07608204551014594,0.004031021286975992,0.0007551384032496,water_per_shift_diff_前5天,0.0009732433937441,13 - 15日龄
"[2.84, 5.13)",75,0.11144130757800892,65,10,0.13333333333333333,0.2605801426739896,0.006925910973159577,0.0006914325165085,water_per_shift_diff_前5天,0.0009257438741826999,13 - 15日龄
"[5.13, 6.56)",38,0.05646359583952452,36,2,0.05263157894736842,1.2791497236685632,0.059242514894886675,0.0063168817512728,water_per_shift_diff_前5天,0.0007842779405765,13 - 15日龄
"[6.56, inf)",103,0.15304606240713226,84,19,0.18446601941747573,-0.12484421455072871,0.00248567787756178,0.0003928189766918,water_per_shift_diff_前5天,0.0010062327046765,13 - 15日龄
,673,1.0,561,112,0.1664190193164933,,0.07268512503258402,0.0081562716477227,water_per_shift_diff_前5天,0.0009623292003392908,13 - 15日龄
"[-inf, -1.68)",43,0.06761006289308176,30,13,0.3023255813953488,-0.7507170323814232,0.047709710391243644,0.0058506755975566,water_per_shift_diff_前7天,0.0011231360722486,13 - 15日龄
"[-1.68, 0.16)",232,0.36477987421383645,193,39,0.16810344827586207,0.012163486193197402,5.375277989418062e-05,4.190254517071881e-05,water_per_shift_diff_前7天,0.0009912858566865,13 - 15日龄
"[0.16, 1.03)",72,0.11320754716981132,68,4,0.05555555555555555,1.2462482874741743,0.1143443294063005,0.0111846964792016,water_per_shift_diff_前7天,0.0008449777855334,13 - 15日龄
"[1.03, inf)",289,0.45440251572327045,237,52,0.17993079584775087,-0.0701486340283379,0.0022880972799647244,0.0009550108196304105,water_per_shift_diff_前7天,0.0009547034093605138,13 - 15日龄
,636,1.0,528,108,0.16981132075471697,,0.16439588985740305,0.01803228544155933,water_per_shift_diff_前7天,0.0009670139240904891,13 - 15日龄
"[-inf, 13.61)",506,0.6828609986504723,420,86,0.16996047430830039,-0.09825404360613064,0.0068167977839839605,0.0008517571363169,water_per_diff,0.0010164512774406,16 - 18日龄
"[13.61, 16.02)",55,0.07422402159244265,48,7,0.12727272727272726,0.2411294032225407,0.003967825904061944,0.000494780143033,water_per_diff,0.0009451529875973,16 - 18日龄
"[16.02, 18.67)",54,0.0728744939271255,51,3,0.05555555555555555,1.1490518854261793,0.06404577474492677,0.0075924655169354,water_per_diff,0.0008498388865183,16 - 18日龄
"[18.67, 25.29)",83,0.11201079622132254,71,12,0.14457831325301204,0.09361176862327833,0.0009503208511273504,0.0001187467513411,water_per_diff,0.0009654451951161,16 - 18日龄
"[25.29, inf)",43,0.058029689608636977,35,8,0.18604651162790697,-0.20825493882045903,0.0027001329998790546,0.000336908022191,water_per_diff,0.0010948139361844,16 - 18日龄
,741,1.0,625,116,0.15654520917678813,,0.07848085228397908,0.009394657569817399,water_per_diff,0.0009978515668358286,16 - 18日龄
"[-inf, -1.05)",444,0.5991902834008097,371,73,0.16441441441441443,-0.05841883717099284,0.002086156819802763,0.0009937363162791043,water_per_shift_diff,0.00100486094258452,16 - 18日龄
"[-1.05, 1.56)",104,0.14035087719298245,88,16,0.15384615384615385,0.02058663360838853,5.906234193854938e-05,7.382662374364347e-06,water_per_shift_diff,0.0010588703951588,16 - 18日龄
"[1.56, 2.38)",38,0.05128205128205128,36,2,0.05263157894736842,1.2062102992661277,0.048680983940037094,0.0057411345271445,water_per_shift_diff,0.0007592442951411,16 - 18日龄
"[2.38, 4.72)",58,0.07827260458839407,49,9,0.15517241379310345,0.010434262144370257,8.491330572659882e-06,1.0614115065853537e-06,water_per_shift_diff,0.0009255649938319,16 - 18日龄
"[4.72, inf)",97,0.13090418353576247,81,16,0.16494845360824742,-0.06230102619737934,0.0005190319975616158,6.486850912656734e-05,water_per_shift_diff,0.001037043077976,16 - 18日龄
,741,1.0,625,116,0.15654520917678813,,0.05135372642991268,0.006808183426431121,water_per_shift_diff,0.0009978515668357976,16 - 18日龄
"[-inf, -0.31)",93,0.12550607287449392,76,17,0.1827956989247312,-0.18664146239992177,0.004657026282502873,0.0005812848184289,water_per_diff_前1天,0.0010638730741203,16 - 18日龄
"[-0.31, 4.00)",49,0.06612685560053981,48,1,0.02040816326530612,2.187039552277854,0.14911084837116456,0.0156339760110272,water_per_diff_前1天,0.0008113773750485999,16 - 18日龄
"[4.00, 11.03)",195,0.2631578947368421,172,23,0.11794871794871795,0.32783880225426637,0.025218717243752322,0.0031382980830788,water_per_diff_前1天,0.0009121535355603,16 - 18日龄
"[11.03, inf)",404,0.5452091767881242,329,75,0.18564356435643564,-0.20559182140097546,0.024702211809984796,0.0032161877845674003,water_per_diff_前1天,0.0010466346146547692,16 - 18日龄
,741,1.0,625,116,0.15654520917678813,,0.20368880370740455,0.022569746697102298,water_per_diff_前1天,0.000997851566835836,16 - 18日龄
"[-inf, -3.83)",92,0.12568306010928962,75,17,0.18478260869565216,-0.18538200294706064,0.004597191407610156,0.0006623147877852,water_per_diff_前2天,0.0010206613236206,16 - 18日龄
"[-3.83, 13.73)",380,0.5191256830601093,320,60,0.15789473684210525,0.004319661144516158,9.672326790228387e-06,6.672918609887694e-06,water_per_diff_前2天,0.0009893153161817,16 - 18日龄
"[13.73, 15.80)",54,0.07377049180327869,51,3,0.05555555555555555,1.163556571629061,0.06624143715555056,0.0075924655169354,water_per_diff_前2天,0.0009085053807226001,16 - 18日龄
"[15.80, 18.36)",57,0.0778688524590164,51,6,0.10526315789473684,0.47040939106911567,0.014614711825087282,0.0016879749230654,water_per_diff_前2天,0.0009428277787657,16 - 18日龄
"[18.36, inf)",149,0.20355191256830601,119,30,0.20134228187919462,-0.29173066097778116,0.019090525228561705,0.0030063540979308,water_per_diff_前2天,0.0010672863928544891,16 - 18日龄
,732,1.0,616,116,0.15846994535519127,,0.10455353794359994,0.012955782244326688,water_per_diff_前2天,0.000999544820226947,16 - 18日龄
"[-inf, -15.51)",47,0.0644718792866941,38,9,0.19148936170212766,-0.22441316243968035,0.0034999465200203283,0.0005102962211828,water_per_diff_前3天,0.0010287141095163,16 - 18日龄
"[-15.51, -0.40)",240,0.3292181069958848,199,41,0.17083333333333334,-0.08504198680966218,0.0024505123329723495,0.0004572979657399,water_per_diff_前3天,0.0009866146447395,16 - 18日龄
"[-0.40, 2.34)",50,0.06858710562414266,49,1,0.02,2.22704555328078,0.1588196546195482,0.0161042168705647,water_per_diff_前3天,0.0008499639598612,16 - 18日龄
"[2.34, 16.31)",286,0.39231824417009603,244,42,0.14685314685314685,0.09472386217998681,0.0034075440099061442,0.0002667343423741,water_per_diff_前3天,0.0010223178101167,16 - 18日龄
"[16.31, 20.21)",49,0.06721536351165981,41,8,0.16326530612244897,-0.03064421980537492,6.378107289187562e-05,2.1045301319996436e-05,water_per_diff_前3天,0.0009920911386755,16 - 18日龄
"[20.21, inf)",57,0.07818930041152264,42,15,0.2631578947368421,-0.6351553276486885,0.038614171140030386,0.0049929144756027,water_per_diff_前3天,0.0010761605337887,16 - 18日龄
,729,1.0,613,116,0.15912208504801098,,0.20685560969536926,0.0223525051767842,water_per_diff_前3天,0.001001333039495525,16 - 18日龄
"[-inf, -7.79)",213,0.2950138504155125,185,28,0.13145539906103287,0.22455465220687268,0.01376505059513227,0.0017420990607452,water_per_diff_前5天,0.0009684478350827844,16 - 18日龄
"[-7.79, -6.49)",43,0.05955678670360111,41,2,0.046511627906976744,1.3568282234481142,0.06805036330193893,0.0075255215566214,water_per_diff_前5天,0.0008587776650086001,16 - 18日龄
"[-6.49, -3.86)",84,0.11634349030470914,71,13,0.15476190476190477,0.03413385688353057,0.00013398290646926973,2.596817604757064e-06,water_per_diff_前5天,0.0010077046573675,16 - 18日龄
"[-3.86, inf)",382,0.5290858725761773,310,72,0.18848167539267016,-0.2036904842331116,0.023501513645347482,0.0037411864990077,water_per_diff_前5天,0.0010377133049981333,16 - 18日龄
,722,1.0,607,115,0.1592797783933518,,0.10545091044888795,0.013011403933979057,water_per_diff_前5天,0.0010031308894683656,16 - 18日龄
"[-inf, -2.24)",330,0.4667609618104668,280,50,0.15151515151515152,0.07377064713787362,0.0024771363125791128,8.186443557846399e-05,water_per_diff_前7天,0.0010045163204376,16 - 18日龄
"[-2.24, -0.80)",65,0.09193776520509193,62,3,0.046153846153846156,1.379526145773752,0.10793044266437937,0.011472537191448,water_per_diff_前7天,0.0008330045281709,16 - 18日龄
"[-0.80, 7.24)",263,0.371994342291372,216,47,0.17870722433460076,-0.12386514462912356,0.005949382039152159,0.0011829836373569,water_per_diff_前7天,0.0010145073443096,16 - 18日龄
"[7.24, inf)",49,0.06930693069306931,35,14,0.2857142857142857,-0.7327052187290749,0.04673567206827862,0.0060609764778475,water_per_diff_前7天,0.0012467261560281,16 - 18日龄
,707,1.0,593,114,0.16124469589816123,,0.16309263308438926,0.018798361742230867,water_per_diff_前7天,0.0010092513341928122,16 - 18日龄
"[-inf, 0.39)",270,0.36885245901639346,223,47,0.17407407407407408,-0.11263260267709496,0.004861158568296024,0.0007682248670046,water_per_shift_diff_前1天,0.0010596851883108,16 - 18日龄
"[0.39, 4.14)",170,0.23224043715846995,144,26,0.15294117647058825,0.04205998912736343,0.0004049663082124106,0.0007786549573616,water_per_shift_diff_前1天,0.0009734544518588671,16 - 18日龄
"[4.14, 4.98)",46,0.06284153005464481,45,1,0.021739130434782608,2.1370057173431647,0.1376899675695243,0.0142336261562266,water_per_shift_diff_前1天,0.0008506836260261,16 - 18日龄
"[4.98, 6.44)",60,0.08196721311475409,53,7,0.11666666666666667,0.3547249920696534,0.009114351285264829,0.0010350312153301,water_per_shift_diff_前1天,0.0009126684339983,16 - 18日龄
"[6.44, inf)",186,0.2540983606557377,151,35,0.1881720430107527,-0.20772499710164438,0.011756044114966547,0.0016667426838753,water_per_shift_diff_前1天,0.0010009300962855,16 - 18日龄
,732,1.0,616,116,0.15846994535519127,,0.16382648784626413,0.0184822798797982,water_per_shift_diff_前1天,0.0009995448202269467,16 - 18日龄
"[-inf, 2.19)",204,0.27983539094650206,166,38,0.18627450980392157,-0.19037311619968914,0.010810691387949939,0.002844548185411145,water_per_shift_diff_前2天,0.0010198530770101093,16 - 18日龄
"[2.19, 3.67)",53,0.07270233196159122,49,4,0.07547169811320754,0.8407511921608893,0.03821381353805471,0.0043863864268745,water_per_shift_diff_前2天,0.0009146593549173,16 - 18日龄
"[3.67, 4.84)",41,0.056241426611796985,39,2,0.04878048780487805,1.3056397207398545,0.06055577148844069,0.0067982159320852,water_per_shift_diff_前2天,0.0008134129862981,16 - 18日龄
"[4.84, inf)",431,0.5912208504801097,359,72,0.16705336426914152,-0.05811847535762328,0.002036778429870021,0.0010942904834286915,water_per_shift_diff_前2天,0.0010211018093580874,16 - 18日龄
,729,1.0,613,116,0.15912208504801098,,0.11161705484431536,0.015123441027799535,water_per_shift_diff_前2天,0.001001333039495524,16 - 18日龄
"[-inf, 3.34)",270,0.371900826446281,222,48,0.17777777777777778,-0.13868845984395672,0.007496460122213727,0.003151923332897937,water_per_shift_diff_前3天,0.0010199898746051067,16 - 18日龄
"[3.34, 4.83)",39,0.05371900826446281,37,2,0.05128205128205128,1.247605901275934,0.053853108924356484,0.0060886920933609,water_per_shift_diff_前3天,0.0008544848764173001,16 - 18日龄
"[4.83, inf)",417,0.5743801652892562,352,65,0.15587529976019185,0.019079074894114832,0.0002077206616949823,0.0011231662902452,water_per_shift_diff_前3天,0.001002731905378754,16 - 18日龄
,726,1.0,611,115,0.1584022038567493,,0.0615572897082652,0.010363781716504037,water_per_shift_diff_前3天,0.0010011864750228566,16 - 18日龄
"[-inf, 1.19)",472,0.6582984658298466,387,85,0.18008474576271186,-0.13955188040610547,0.013435118921084675,0.004561263201443979,water_per_shift_diff_前5天,0.0010279854295655432,16 - 18日龄
"[1.19, 2.02)",40,0.05578800557880056,38,2,0.05,1.2891136622208694,0.05895325515804236,0.0064411278339098,water_per_shift_diff_前5天,0.0008468227004299001,16 - 18日龄
"[2.02, 9.47)",167,0.23291492329149233,146,21,0.12574850299401197,0.28375886703934244,0.017001759070911348,0.0016704972982661,water_per_shift_diff_前5天,0.0009680456995617001,16 - 18日龄
"[9.47, inf)",38,0.05299860529986053,31,7,0.18421052631578946,-0.1672482615157381,0.0015678769568642798,0.0002629405302011,water_per_shift_diff_前5天,0.0010679880541108,16 - 18日龄
,717,1.0,602,115,0.1603905160390516,,0.09095801010690266,0.012935828863820978,water_per_shift_diff_前5天,0.001006037947915128,16 - 18日龄
"[-inf, -15.34)",38,0.05499276410998553,29,9,0.23684210526315788,-0.47273235362764615,0.014309980418379435,0.0019822841716197,water_per_shift_diff_前7天,0.0010534637335489,16 - 18日龄
"[-15.34, -5.18)",177,0.25615050651230103,156,21,0.11864406779661017,0.3625299632482134,0.02970209867286205,0.0027408962659585,water_per_shift_diff_前7天,0.000973108998361,16 - 18日龄
"[-5.18, -3.35)",48,0.0694645441389291,46,2,0.041666666666666664,1.4926906096512491,0.09193508350214484,0.0094120467968901,water_per_shift_diff_前7天,0.0008056314530837,16 - 18日龄
"[-3.35, -0.55)",118,0.170767004341534,101,17,0.1440677966101695,0.13910356650714278,0.00315110935108242,0.0001837898992751,water_per_shift_diff_前7天,0.0009893734175541,16 - 18日龄
"[-0.55, inf)",310,0.44862518089725034,247,63,0.2032258064516129,-0.2765499960414562,0.03758381314941638,0.005856880794872,water_per_shift_diff_前7天,0.0010708444782577175,16 - 18日龄
,691,1.0,579,112,0.16208393632416787,,0.17668208509388514,0.020175897928615398,water_per_shift_diff_前7天,0.001012518199513819,16 - 18日龄
"[-inf, -19.73)",42,0.05269761606022585,41,1,0.023809523809523808,1.8604620228148692,0.0934831412044401,0.0102466916456399,water_per_diff,0.0007442955530072,19 - 21日龄
"[-19.73, 4.36)",375,0.47051442910915936,320,55,0.14666666666666667,-0.09212223332813767,0.004128737947499588,0.0011375981307548228,water_per_diff,0.0009801358136474047,19 - 21日龄
"[4.36, 6.96)",77,0.09661229611041405,58,19,0.24675324675324675,-0.7371060125094601,0.0676264950196485,0.0082669932942395,water_per_diff,0.0011062998045204,19 - 21日龄
"[6.96, 21.53)",261,0.32747804265997493,232,29,0.1111111111111111,0.22633149779039702,0.01543611717580853,0.0019254067825697,water_per_diff,0.0009297885530329,19 - 21日龄
"[21.53, inf)",42,0.05269761606022585,38,4,0.09523809523809523,0.39818175471705636,0.007213204931443747,0.0008957409577584,water_per_diff,0.000983658750856,19 - 21日龄
,797,1.0,689,108,0.1355081555834379,,0.18788769627884047,0.02247243081096232,water_per_diff,0.0009635946150184302,19 - 21日龄
"[-inf, -6.08)",91,0.11417816813048934,71,20,0.21978021978021978,-0.5861624404021144,0.048145794169458196,0.005933520189615,water_per_shift_diff,0.0009247304053356999,19 - 21日龄
"[-6.08, 2.20)",298,0.3739021329987453,259,39,0.13087248322147652,0.04015637168045243,0.0005941537012871332,7.426422299467231e-05,water_per_shift_diff,0.0009874427796888,19 - 21日龄
"[2.20, 5.67)",149,0.18695106649937265,133,16,0.10738255033557047,0.2646503620925336,0.01187889331544727,0.0014805434731423,water_per_shift_diff,0.0009334826538385,19 - 21日龄
"[5.67, 6.51)",46,0.05771643663739021,45,1,0.021739130434782608,1.9535524458808808,0.10950205950342894,0.0118569153527964,water_per_shift_diff,0.0008444101316496,19 - 21日龄
"[6.51, 10.14)",106,0.1329987452948557,93,13,0.12264150943396226,0.11454009180228056,0.001673185504879309,0.0002090339336556,water_per_shift_diff,0.000952379150973,19 - 21日龄
"[10.14, inf)",107,0.1342534504391468,88,19,0.17757009345794392,-0.32021220857767296,0.015435698437995393,0.0019212610409123,water_per_shift_diff,0.0010345095463172,19 - 21日龄
,797,1.0,689,108,0.1355081555834379,,0.18722978463249623,0.021475538213116277,water_per_shift_diff,0.0009635946150184538,19 - 21日龄
"[-inf, -21.56)",40,0.050188205771643665,39,1,0.025,1.8104516022402075,0.08571495181815099,0.0094554875906862,water_per_diff_前1天,0.0007610306569972,19 - 21日龄
"[-21.56, -5.92)",153,0.191969887076537,133,20,0.13071895424836602,0.04150681077832395,0.0003257536082156265,4.071627829269932e-05,water_per_diff_前1天,0.0010029628578096,19 - 21日龄
"[-5.92, -3.18)",56,0.07026348808030113,46,10,0.17857142857142858,-0.32705374039438956,0.008447525789362155,0.0010512595914776,water_per_diff_前1天,0.0010515250302501,19 - 21日龄
"[-3.18, -0.40)",82,0.1028858218318695,63,19,0.23170731707317074,-0.6544142966643465,0.055290849367423886,0.006861247257633801,water_per_diff_前1天,0.00109926828731,19 - 21日龄
"[-0.40, inf)",466,0.5846925972396487,408,58,0.12446351931330472,0.0977141199683035,0.00538654141952885,0.0006730499356598,water_per_diff_前1天,0.0009336158012694,19 - 21日龄
,797,1.0,689,108,0.1355081555834379,,0.1551656220026815,0.0180817606537501,water_per_diff_前1天,0.0009635946150184727,19 - 21日龄
"[-inf, -7.05)",142,0.18513689700130379,120,22,0.15492957746478872,-0.13386545631588906,0.0034810444638990377,0.0005778447103071,water_per_diff_前2天,0.0010365271847754,19 - 21日龄
"[-7.05, 1.62)",173,0.2255541069100391,155,18,0.10404624277456648,0.3227386132834628,0.020875337473248844,0.0129674307878258,water_per_diff_前2天,0.0008823164182360944,19 - 21日龄
"[1.62, 4.84)",78,0.1016949152542373,70,8,0.10256410256410256,0.3387389546299039,0.010307302418733124,0.0010824442944015,water_per_diff_前2天,0.0009286710311920001,19 - 21日龄
"[4.84, 14.51)",230,0.29986962190352023,201,29,0.12608695652173912,0.1056943323329825,0.003223657525698391,0.000240427705286,water_per_diff_前2天,0.0009687569779914,19 - 21日龄
"[14.51, inf)",144,0.1877444589308996,115,29,0.2013888888888889,-0.452678447362843,0.045089528218326735,0.0059828563991121,water_per_diff_前2天,0.0010135982187065,19 - 21日龄
,767,1.0,661,106,0.13820078226857888,,0.08297687009990613,0.0208510038969325,water_per_diff_前2天,0.0009661488780413105,19 - 21日龄
"[-inf, 16.13)",557,0.7456492637215528,478,79,0.14183123877917414,-0.0215909450718121,0.0003503136649556767,0.0002496326718475,water_per_diff_前3天,0.0009760215766201001,19 - 21日龄
"[16.13, 18.65)",51,0.06827309236947791,50,1,0.0196078431372549,2.0902691803318993,0.14244162960241155,0.0139143224782836,water_per_diff_前3天,0.0008016986361591,19 - 21日龄
"[18.65, inf)",139,0.18607764390896922,115,24,0.17266187050359713,-0.2548755270809423,0.01323315931967089,0.0019723372847382,water_per_diff_前3天,0.0010037675023308,19 - 21日龄
,747,1.0,643,104,0.1392235609103079,,0.1560251025870381,0.0161362924348693,water_per_diff_前3天,0.0009692829068882076,19 - 21日龄
"[-inf, 13.20)",441,0.610803324099723,375,66,0.14965986394557823,-0.09049862280710286,0.0051680242477625355,0.001829344686188021,water_per_diff_前5天,0.0009653016648776774,19 - 21日龄
"[13.20, 15.38)",54,0.07479224376731301,52,2,0.037037037037037035,1.430326631270394,0.09097061339719739,0.0092531163409805,water_per_diff_前5天,0.0008864075618644,19 - 21日龄
"[15.38, 21.34)",139,0.1925207756232687,125,14,0.10071942446043165,0.36148650093595436,0.022037890860918626,0.0021660534561156,water_per_diff_前5天,0.0009290586487893,19 - 21日龄
"[21.34, inf)",88,0.12188365650969529,70,18,0.20454545454545456,-0.46964642259789374,0.03168225706142704,0.0039855014192485,water_per_diff_前5天,0.0011022033677351,19 - 21日龄
,722,1.0,622,100,0.13850415512465375,,0.1498587855673056,0.01723401590253262,water_per_diff_前5天,0.0009691095444517103,19 - 21日龄
"[-inf, -4.96)",257,0.35893854748603354,226,31,0.12062256809338522,0.16847101724171115,0.009583156565177853,0.006862265569683,water_per_diff_前7天,0.0009201098832071474,19 - 21日龄
"[-4.96, -3.61)",40,0.055865921787709494,37,3,0.075,0.6942288464306863,0.02087194518814336,0.0020982066689442,water_per_diff_前7天,0.0008118313337234998,19 - 21日龄
"[-3.61, 0.50)",127,0.17737430167597765,111,16,0.12598425196850394,0.11886470152712435,0.0024004494918789384,0.0001357137422711,water_per_diff_前7天,0.0009301403117581,19 - 21日龄
"[0.50, inf)",292,0.40782122905027934,242,50,0.17123287671232876,-0.2411620568168881,0.02583879180180944,0.0038451743416285,water_per_diff_前7天,0.0010572461432568,19 - 21日龄
,716,1.0,616,100,0.13966480446927373,,0.0586943430470096,0.0129413603225268,water_per_diff_前7天,0.0009717670206109513,19 - 21日龄
"[-inf, -0.91)",422,0.5501955671447197,357,65,0.15402843601895735,-0.12696623385561723,0.009283361631066812,0.0065075841386582,water_per_shift_diff_前1天,0.0009773102532120697,19 - 21日龄
"[-0.91, 0.92)",59,0.07692307692307693,58,1,0.01694915254237288,2.2301282648068,0.17464553119908247,0.0172890444131465,water_per_shift_diff_前1天,0.0008500597755104,19 - 21日龄
"[0.92, 10.42)",233,0.30378096479791394,202,31,0.13304721030042918,0.04396574717643941,0.0005779187216267618,1.6251939430835752e-05,water_per_shift_diff_前1天,0.0009574422570085001,19 - 21日龄
"[10.42, inf)",53,0.06910039113428944,44,9,0.16981132075471697,-0.24334968915757732,0.00446299703946974,0.000645913830488,water_per_shift_diff_前1天,0.0010447866030961,19 - 21日龄
,767,1.0,661,106,0.13820078226857888,,0.18896980859124576,0.024458794321723536,water_per_shift_diff_前1天,0.0009661488780413048,19 - 21日龄
"[-inf, -16.82)",41,0.05488621151271754,32,9,0.21951219512195122,-0.5532424996327395,0.02034369103057941,0.0026579314719508,water_per_shift_diff_前2天,0.0012007994909906,19 - 21日龄
"[-16.82, -9.72)",153,0.20481927710843373,130,23,0.1503267973856209,-0.08971359056981403,0.001702454636216862,0.0003672788471485,water_per_shift_diff_前2天,0.0010094073747388,19 - 21日龄
"[-9.72, -7.56)",68,0.09103078982597054,60,8,0.11764705882352941,0.19314919544601794,0.003165622655354044,0.0002628020395542,water_per_shift_diff_前2天,0.0008250988908127,19 - 21日龄
"[-7.56, -4.64)",79,0.10575635876840696,75,4,0.05063291139240506,1.109439927320173,0.08673513488500215,0.0092349727061863,water_per_shift_diff_前2天,0.000855863109561,19 - 21日龄
"[-4.64, inf)",406,0.5435073627844712,346,60,0.1477832512315271,-0.0696596122606231,0.002704216315177915,0.0006737226067844,water_per_shift_diff_前2天,0.0009770007727814,19 - 21日龄
,747,1.0,643,104,0.1392235609103079,,0.11465111952233038,0.013196707671624201,water_per_shift_diff_前2天,0.0009692829068881955,19 - 21日龄
"[-inf, -16.50)",42,0.057455540355677154,32,10,0.23809523809523808,-0.6560076336104885,0.030940476624977994,0.0039029575658084,water_per_shift_diff_前3天,0.0012627901911256,19 - 21日龄
"[-16.50, -9.47)",133,0.18194254445964433,116,17,0.12781954887218044,0.10121840363397923,0.0017969350936609995,9.207538939198831e-05,water_per_shift_diff_前3天,0.0010093837907,19 - 21日龄
"[-9.47, -2.81)",179,0.2448700410396717,170,9,0.05027932960893855,1.119415416297873,0.20377275861066207,0.0229100227004972,water_per_shift_diff_前3天,0.0008373284628224548,19 - 21日龄
"[-2.81, inf)",377,0.5157318741450069,311,66,0.17506631299734748,-0.2690202732633609,0.04105873804973395,0.0060262684510185,water_per_shift_diff_前3天,0.0009889992418577,19 - 21日龄
,731,1.0,629,102,0.13953488372093023,,0.27756890837903503,0.03293132410671609,water_per_shift_diff_前3天,0.0009712992355895316,19 - 21日龄
"[-inf, -0.03)",122,0.1701534170153417,108,14,0.11475409836065574,0.22337505959166465,0.007827177939014246,0.0006429938990224,water_per_shift_diff_前5天,0.0009997931930936,19 - 21日龄
"[-0.03, 1.03)",40,0.05578800557880056,38,2,0.05,1.124740141249144,0.04677606486945386,0.004763340039049,water_per_shift_diff_前5天,0.0009134984144423,19 - 21日龄
"[1.03, 2.40)",41,0.05718270571827057,40,1,0.024390243902439025,1.8691806161966398,0.10248683994478495,0.0098498415252493,water_per_shift_diff_前5天,0.0007857070537927999,19 - 21日龄
"[2.40, inf)",514,0.7168758716875872,431,83,0.1614785992217899,-0.17243135561014644,0.02266759684528196,0.0037490491463040053,water_per_shift_diff_前5天,0.0009845824111699734,19 - 21日龄
,717,1.0,617,100,0.1394700139470014,,0.17975767959853503,0.019005224609624706,water_per_shift_diff_前5天,0.000971832712248232,19 - 21日龄
"[-inf, -9.91)",42,0.059154929577464786,31,11,0.2619047619047619,-0.7721968394924899,0.04569886214045719,0.0056505622235561,water_per_shift_diff_前7天,0.0009986631793778,19 - 21日龄
"[-9.91, -4.12)",136,0.19154929577464788,114,22,0.16176470588235295,-0.16313277614308594,0.005402101767361205,0.000992402283334,water_per_shift_diff_前7天,0.0009500925623150002,19 - 21日龄
"[-4.12, 2.50)",230,0.323943661971831,196,34,0.14782608695652175,-0.056534636564909806,0.0010565489456392993,0.0003842856846356,water_per_shift_diff_前7天,0.0010086140172152,19 - 21日龄
"[2.50, inf)",302,0.4253521126760563,269,33,0.10927152317880795,0.2899150469560932,0.03217581750643854,0.006305762654736299,water_per_shift_diff_前7天,0.000955382594781153,19 - 21日龄
,710,1.0,610,100,0.14084507042253522,,0.08433333035989624,0.013333012846262,water_per_shift_diff_前7天,0.0009741735346367772,19 - 21日龄
"[-inf, 9.50)",522,0.5904977375565611,466,56,0.10727969348659004,-0.03393887137488903,0.0006893600356120439,0.0004205620628888637,water_per_diff,0.0009453404089890294,22 - 24日龄
"[9.50, 15.73)",158,0.17873303167420815,151,7,0.04430379746835443,0.9185968729942255,0.1052432846914223,0.0127115512015796,water_per_diff,0.0008743379073365001,22 - 24日龄
"[15.73, 25.34)",147,0.166289592760181,129,18,0.12244897959183673,-0.18333216829987825,0.00600841592418903,0.000750001947817,water_per_diff,0.0009631654492429999,22 - 24日龄
"[25.34, inf)",57,0.06447963800904978,46,11,0.19298245614035087,-0.7220266910746611,0.04439338460713771,0.005431692002986,water_per_diff,0.0011238479918544,22 - 24日龄
,884,1.0,792,92,0.10407239819004525,,0.1563344452583611,0.019313807215271463,water_per_diff,0.000947124139622016,22 - 24日龄
"[-inf, -11.17)",103,0.1165158371040724,89,14,0.13592233009708737,-0.3031937746485043,0.012067165492982304,0.001502644550286,water_per_shift_diff,0.0011871687721397,22 - 24日龄
"[-11.17, -4.02)",242,0.2737556561085973,229,13,0.05371900826446281,0.7159998313273174,0.10585131454569971,0.0169142658483057,water_per_shift_diff,0.0008838090535552719,22 - 24日龄
"[-4.02, 2.89)",259,0.29298642533936653,231,28,0.10810810810810811,-0.04255961441879589,0.0005397052553108174,6.745806581581488e-05,water_per_shift_diff,0.0009453641884079,22 - 24日龄
"[2.89, inf)",280,0.3167420814479638,243,37,0.13214285714285715,-0.2706292840690615,0.025806053273383832,0.0032159486048145,water_per_shift_diff,0.0009151722862052999,22 - 24日龄
,884,1.0,792,92,0.10407239819004525,,0.14426423856737666,0.021700317069222017,water_per_shift_diff,0.0009471241396220533,22 - 24日龄
"[-inf, -7.88)",115,0.13009049773755657,101,14,0.12173913043478261,-0.17670962753938488,0.004355655619520415,0.0005437496661123,water_per_diff_前1天,0.0009295318603299,22 - 24日龄
"[-7.88, -3.05)",45,0.05090497737556561,43,2,0.044444444444444446,0.9152801203682317,0.029795844937327703,0.0035996874153619,water_per_diff_前1天,0.0008351911735968,22 - 24日龄
"[-3.05, -0.90)",48,0.05429864253393665,47,1,0.020833333333333332,1.6973747869446731,0.08227832328020128,0.0092044765223521,water_per_diff_前1天,0.000801717901408,22 - 24日龄
"[-0.90, 23.63)",588,0.665158371040724,525,63,0.10714285714285714,-0.032509278565294626,0.0007120774125797431,8.900575718957804e-05,water_per_diff_前1天,0.0009272670890896,22 - 24日龄
"[23.63, inf)",88,0.09954751131221719,76,12,0.13636363636363635,-0.30694612426705487,0.010582024925324465,0.0013175847709707,water_per_diff_前1天,0.0012393461934521,22 - 24日龄
,884,1.0,792,92,0.10407239819004525,,0.1277239261749536,0.01475450413198658,water_per_diff_前1天,0.0009471241396220002,22 - 24日龄
"[-inf, 20.43)",752,0.8633754305396096,668,84,0.11170212765957446,-0.07496303847345535,0.004997535898230364,0.0011168726081289956,water_per_diff_前2天,0.0009161273851663463,22 - 24日龄
"[20.43, 27.40)",74,0.08495981630309989,71,3,0.04054054054054054,1.0156331752064183,0.05896624845062904,0.006917897031374,water_per_diff_前2天,0.0008418695981769,22 - 24日龄
"[27.40, inf)",45,0.05166475315729047,41,4,0.08888888888888889,0.17884329241762978,0.0015394935427891204,0.0001805888732684,water_per_diff_前2天,0.0016088144508993002,22 - 24日龄
,871,1.0,780,91,0.1044776119402985,,0.06550327789164853,0.008215358512771396,water_per_diff_前2天,0.000945605963490989,22 - 24日龄
"[-inf, -13.55)",66,0.07819905213270142,64,2,0.030303030303030304,1.3150313410984,0.08143832860337613,0.0090530694334223,water_per_diff_前3天,0.0008089761058619,22 - 24日龄
"[-13.55, -4.71)",113,0.1338862559241706,105,8,0.07079646017699115,0.423814246776361,0.020334521941290047,0.0023872994900393,water_per_diff_前3天,0.0008484325582188,22 - 24日龄
"[-4.71, 12.16)",456,0.5402843601895735,399,57,0.125,-0.20479441264601314,0.02456498636536773,0.0076989004486624005,water_per_diff_前3天,0.0009354125532277466,22 - 24日龄
"[12.16, 19.33)",124,0.14691943127962084,108,16,0.12903225806451613,-0.2411620568168881,0.009395924291567073,0.0011388383394467,water_per_diff_前3天,0.0009951354767223,22 - 24日龄
"[19.33, inf)",85,0.10071090047393365,80,5,0.058823529411764705,0.6218841605384546,0.03047352037270566,0.0035584718458514,water_per_diff_前3天,0.0011478072579037,22 - 24日龄
,844,1.0,756,88,0.10426540284360189,,0.16620728157430661,0.023836579557422098,water_per_diff_前3天,0.0009440448369346468,22 - 24日龄
"[-inf, -13.75)",56,0.07052896725440806,54,2,0.03571428571428571,1.1613886948122816,0.06067885937349211,0.0062966705182882,water_per_diff_前5天,0.0008455671958896,22 - 24日龄
"[-13.75, 6.26)",377,0.4748110831234257,338,39,0.10344827586206896,0.025036078161324832,0.0002946902560236414,3.8349762148728156e-05,water_per_diff_前5天,0.000905230079449162,22 - 24日龄
"[6.26, 7.77)",45,0.05667506297229219,40,5,0.1111111111111111,-0.05500662951221148,0.00017523909469014363,3.5216562878614835e-05,water_per_diff_前5天,0.0008532106712898999,22 - 24日龄
"[7.77, inf)",316,0.3979848866498741,278,38,0.12025316455696203,-0.1444132172277963,0.008784895239812964,0.0101621553575043,water_per_diff_前5天,0.001034253703728067,22 - 24日龄
,794,1.0,710,84,0.10579345088161209,,0.06993368396401886,0.016532392200819843,water_per_diff_前5天,0.0009494233671388744,22 - 24日龄
"[-inf, -0.41)",79,0.10422163588390501,69,10,0.12658227848101267,-0.2055992416633002,0.004776088578461618,0.0005954578464251,water_per_diff_前7天,0.0009495876443278,22 - 24日龄
"[-0.41, 3.02)",45,0.059366754617414245,44,1,0.022222222222222223,1.6470689806517471,0.08630107011453292,0.008219985010589,water_per_diff_前7天,0.0008239649031666,22 - 24日龄
"[3.02, 7.40)",90,0.11873350923482849,89,1,0.011111111111111112,2.3515157164656255,0.2792858452336202,0.0243284229492572,water_per_diff_前7天,0.0007609035710455,22 - 24日龄
"[7.40, 12.84)",161,0.21240105540897097,142,19,0.11801242236024845,-0.12573257483169353,0.003528115392585498,0.0004808168558711,water_per_diff_前7天,0.0009656104405355,22 - 24日龄
"[12.84, 27.70)",338,0.44591029023746703,295,43,0.12721893491124261,-0.21134541262025658,0.0216410844707394,0.0026874610256009,water_per_diff_前7天,0.0009149612344052,22 - 24日龄
"[27.70, inf)",45,0.059366754617414245,39,6,0.13333333333333333,-0.26531847636492245,0.0046372034585904585,0.0005592238078245,water_per_diff_前7天,0.0016890699113446,22 - 24日龄
,758,1.0,678,80,0.10554089709762533,,0.4001694072485302,0.0368713674955678,water_per_diff_前7天,0.000951590356337953,22 - 24日龄
"[-inf, -12.44)",49,0.05625717566016074,42,7,0.14285714285714285,-0.35667494393873245,0.00823096024473998,0.00103485630347,water_per_shift_diff_前1天,0.0012454074316343,22 - 24日龄
"[-12.44, -6.18)",126,0.1446613088404133,113,13,0.10317460317460317,0.014004048084016622,2.8213283685748062e-05,1.6581591835676166e-06,water_per_shift_diff_前1天,0.0009472209483648,22 - 24日龄
"[-6.18, -4.38)",51,0.05855338691159587,50,1,0.0196078431372549,1.7635885922613586,0.09367045636553002,0.0102077153911017,water_per_shift_diff_前1天,0.0007544733148108,22 - 24日龄
"[-4.38, -2.68)",68,0.07807118254879448,61,7,0.10294117647058823,0.016529301951210506,2.119141275796211e-05,1.422129053132087e-06,water_per_shift_diff_前1天,0.0010410009462533,22 - 24日龄
"[-2.68, 12.08)",487,0.5591274397244547,436,51,0.10472279260780287,-0.002617802542078823,3.835608120261998e-06,3.341384689863427e-06,water_per_shift_diff_前1天,0.0009090752586415,22 - 24日龄
"[12.08, inf)",90,0.10332950631458095,78,12,0.13333333333333333,-0.276632236265196,0.008815752584275477,0.001118447615649,water_per_shift_diff_前1天,0.0010140237355293,22 - 24日龄
,871,1.0,780,91,0.1044776119402985,,0.11077040949910943,0.012367440983147264,water_per_shift_diff_前1天,0.0009456059634910083,22 - 24日龄
"[-inf, -0.84)",257,0.30486358244365364,221,36,0.14007782101167315,-0.3347371717091755,0.03895526507608889,0.0122943175934455,water_per_shift_diff_前2天,0.0010113746004548289,22 - 24日龄
"[-0.84, 5.06)",236,0.27995255041518385,209,27,0.11440677966101695,-0.10288354881033643,0.0030861967606712923,0.0003928930202626,water_per_shift_diff_前2天,0.0009594184254693,22 - 24日龄
"[5.06, 8.42)",155,0.18386714116251482,142,13,0.08387096774193549,0.2414967653689057,0.009744925164871103,0.0011279950080165,water_per_shift_diff_前2天,0.0008311845165389999,22 - 24日龄
"[8.42, inf)",195,0.2313167259786477,183,12,0.06153846153846154,0.5751985682826025,0.06098282232062994,0.0074431015477336,water_per_shift_diff_前2天,0.0009265389945363431,22 - 24日龄
,843,1.0,755,88,0.10438908659549229,,0.11276920932226123,0.0212583071694582,water_per_shift_diff_前2天,0.0009440744065548965,22 - 24日龄
"[-inf, -6.50)",88,0.10757946210268948,74,14,0.1590909090909091,-0.5026844661822908,0.03310138401291197,0.0035463029539091,water_per_shift_diff_前3天,0.0009578402546368,22 - 24日龄
"[-6.50, 0.94)",254,0.3105134474327628,227,27,0.1062992125984252,-0.038579078294128405,0.0004692861801056884,2.0293896387581356e-05,water_per_shift_diff_前3天,0.0009126705147006,22 - 24日龄
"[0.94, 5.06)",171,0.20904645476772615,155,16,0.0935672514619883,0.1031441649082636,0.0021346171406342366,0.000321448436407,water_per_shift_diff_前3天,0.0009605706417673,22 - 24日龄
"[5.06, 6.13)",47,0.05745721271393643,46,1,0.02127659574468085,1.660949166717893,0.08431897774469646,0.0088741189320367,water_per_shift_diff_前3天,0.0007970442540262,22 - 24日龄
"[6.13, 6.89)",45,0.0550122249388753,42,3,0.06666666666666667,0.4713650998440567,0.010137377098631427,0.0012292507917278,water_per_shift_diff_前3天,0.0008677364977675,22 - 24日龄
"[6.89, inf)",213,0.2603911980440098,190,23,0.107981220657277,-0.05616237353986567,0.0008398486506383202,5.207075217109102e-05,water_per_shift_diff_前3天,0.0010083869881572,22 - 24日龄
,818,1.0,734,84,0.10268948655256724,,0.1310014908276181,0.014043485762639273,water_per_shift_diff_前3天,0.0009433514470665668,22 - 24日龄
"[-inf, -10.87)",156,0.20103092783505155,134,22,0.14102564102564102,-0.328955366649956,0.02474044017118528,0.0030096308427178,water_per_shift_diff_前5天,0.0010659442929219,22 - 24日龄
"[-10.87, -9.52)",47,0.06056701030927835,46,1,0.02127659574468085,1.6928886832465435,0.09156377604261019,0.0088741189320367,water_per_shift_diff_前5天,0.0007306348457064,22 - 24日龄
"[-9.52, -7.01)",82,0.1056701030927835,76,6,0.07317073170731707,0.4032211578157248,0.014652796695770702,0.001474929184137,water_per_shift_diff_前5天,0.0007956643421363002,22 - 24日龄
"[-7.01, -2.72)",123,0.15850515463917525,113,10,0.08130081300813008,0.28905001247574347,0.01181433768571342,0.0011519353497961,water_per_shift_diff_前5天,0.0009322015133908,22 - 24日龄
"[-2.72, inf)",368,0.4742268041237113,325,43,0.11684782608695653,-0.11312764660637634,0.006345389891887844,0.002256611591325406,water_per_shift_diff_前5天,0.0009687914762960625,22 - 24日龄
,776,1.0,694,82,0.1056701030927835,,0.14911674048716744,0.016767225900013005,water_per_shift_diff_前5天,0.0009498037022206355,22 - 24日龄
"[-inf, 3.88)",421,0.564343163538874,381,40,0.09501187648456057,0.10634057416571076,0.006118705691478606,0.0020243549584494,water_per_shift_diff_前7天,0.0009618245479121264,22 - 24日龄
"[3.88, 6.09)",91,0.12198391420911528,80,11,0.12087912087912088,-0.16344798497154286,0.003475747876333285,0.0003906823751295,water_per_shift_diff_前7天,0.0010578617801462,22 - 24日龄
"[6.09, 7.06)",45,0.06032171581769437,34,11,0.24444444444444444,-1.0191140950292632,0.09185014183666168,0.0094046908901467,water_per_shift_diff_前7天,0.0010978217367282,22 - 24日龄
"[7.06, 9.19)",76,0.10187667560321716,67,9,0.11842105263157894,-0.14011130479230732,0.002113609042813481,0.0002400889052888,water_per_shift_diff_前7天,0.0009258084643545999,22 - 24日龄
"[9.19, inf)",113,0.15147453083109919,106,7,0.061946902654867256,0.5699495982096998,0.039291780991272104,0.0040236029601445,water_per_shift_diff_前7天,0.0007869791374869,22 - 24日龄
,746,1.0,668,78,0.10455764075067024,,0.14284998543855915,0.016083420089158897,water_per_shift_diff_前7天,0.0009515893038123965,22 - 24日龄
"[-inf, -11.52)",255,0.27419354838709675,223,32,0.12549019607843137,-0.0777393585628924,0.0017070013026861826,0.0002133214493519,water_per_diff,0.0011318793337427,25 - 27日龄
"[-11.52, -6.42)",97,0.1043010752688172,85,12,0.12371134020618557,-0.061430620520968496,0.00040295203037030896,5.036108534977289e-05,water_per_diff,0.000965038581297,25 - 27日龄
"[-6.42, -1.68)",113,0.12150537634408602,102,11,0.09734513274336283,0.20790231326261582,0.004848552646460225,0.0006049799197538,water_per_diff,0.0010658062694085,25 - 27日龄
"[-1.68, 0.83)",53,0.05698924731182796,51,2,0.03773584905660377,1.219503224941096,0.05337856196956355,0.0062873522514651,water_per_diff,0.0008598322862586,25 - 27日龄
"[0.83, inf)",412,0.443010752688172,360,52,0.1262135922330097,-0.08431491435455618,0.003252411853433695,0.0008868122055188,water_per_diff,0.0009539848786951281,25 - 27日龄
,930,1.0,821,109,0.11720430107526882,,0.06358947980251396,0.008042826911439373,water_per_diff,0.00101213651841662,25 - 27日龄
"[-inf, -9.98)",246,0.2645161290322581,219,27,0.10975609756097561,0.07405963658888712,0.0014102026030848862,0.0001762350514237,water_per_shift_diff,0.0010676891184632,25 - 27日龄
"[-9.98, -6.06)",132,0.14193548387096774,118,14,0.10606060606060606,0.11245206762712155,0.001719031707963014,0.0002147658164923,water_per_shift_diff,0.0009061321527486,25 - 27日龄
"[-6.06, -4.36)",48,0.05161290322580645,47,1,0.020833333333333332,1.830972374486774,0.08802023885664274,0.0096844856059514,water_per_shift_diff,0.0008677384026897,25 - 27日龄
"[-4.36, 0.23)",173,0.1860215053763441,154,19,0.10982658959537572,0.07333839602390406,0.0009727751576213173,0.0001215696515551,water_per_shift_diff,0.0009708876082313,25 - 27日龄
"[0.23, inf)",331,0.35591397849462364,283,48,0.14501510574018128,-0.24492934048793788,0.023431260645635065,0.0029216083749712,water_per_shift_diff,0.0010556223422041,25 - 27日龄
,930,1.0,821,109,0.11720430107526882,,0.11555350897094703,0.0131186645003937,water_per_shift_diff,0.0010121365184166022,25 - 27日龄
"[-inf, -15.10)",130,0.13978494623655913,110,20,0.15384615384615385,-0.31442713498485936,0.015565177932292541,0.0019376718480128,water_per_diff_前1天,0.0012352958318476,25 - 27日龄
"[-15.10, -7.05)",114,0.12258064516129032,98,16,0.14035087719298245,-0.20679647079249394,0.005670848253134802,0.0007075956398971,water_per_diff_前1天,0.0010021616184753,25 - 27日龄
"[-7.05, 4.78)",275,0.2956989247311828,245,30,0.10909090909090909,0.08088560165928704,0.001875511218619276,0.0002343750143945,water_per_diff_前1天,0.0010539363957521,25 - 27日龄
"[4.78, 15.19)",245,0.26344086021505375,221,24,0.09795918367346938,0.2009336439465226,0.009845836121819452,0.0012286632741706,water_per_diff_前1天,0.0009048129285427,25 - 27日龄
"[15.19, 18.84)",65,0.06989247311827956,63,2,0.03076923076923077,1.4308123186083026,0.08354093089349954,0.0096340926365765,water_per_diff_前1天,0.0008594644604041,25 - 27日龄
"[18.84, inf)",101,0.1086021505376344,84,17,0.16831683168316833,-0.42157177243618704,0.02261692587319262,0.002806364896501,water_per_diff_前1天,0.0009809427052478,25 - 27日龄
,930,1.0,821,109,0.11720430107526882,,0.13911523029255823,0.0165487633095525,water_per_diff_前1天,0.0010121365184166187,25 - 27日龄
"[-inf, -6.64)",173,0.1882480957562568,147,26,0.15028901734104047,-0.28380077823393884,0.016881331399264978,0.00212544567108,water_per_diff_前2天,0.0012175417487855,25 - 27日龄
"[-6.64, -2.81)",60,0.06528835690968444,59,1,0.016666666666666666,2.0614006169145265,0.13087921668107141,0.0137753251652093,water_per_diff_前2天,0.0008640829085199,25 - 27日龄
"[-2.81, 6.62)",250,0.2720348204570185,230,20,0.08,0.42621020837801127,0.04194560894435834,0.0050751576543096,water_per_diff_前2天,0.0009992861534848,25 - 27日龄
"[6.62, inf)",436,0.47442872687704024,375,61,0.13990825688073394,-0.20008466519409354,0.02049321289966904,0.0035347835139484998,water_per_diff_前2天,0.000956833021976267,25 - 27日龄
,919,1.0,811,108,0.117519042437432,,0.21019936992436378,0.0245107120045474,water_per_diff_前2天,0.0010114041708421523,25 - 27日龄
"[-inf, -5.46)",147,0.1618942731277533,122,25,0.17006802721088435,-0.42788689274139724,0.03480228603614967,0.0043473826866385,water_per_diff_前3天,0.0012588450544161,25 - 27日龄
"[-5.46, 1.66)",153,0.1685022026431718,137,16,0.10457516339869281,0.13436009098189072,0.0028892114725707907,0.0003216152432186,water_per_diff_前3天,0.0010313927404007,25 - 27日龄
"[1.66, 4.18)",70,0.07709251101321586,69,1,0.014285714285714285,2.2210743919908063,0.17057080107906575,0.0173178355350428,water_per_diff_前3天,0.0008137578826166,25 - 27日龄
"[4.18, 17.89)",362,0.3986784140969163,322,40,0.11049723756906077,0.07263997882401903,0.002045957843363808,0.0002096937352874,water_per_diff_前3天,0.0009404857505046,25 - 27日龄
"[17.89, inf)",176,0.19383259911894274,151,25,0.14204545454545456,-0.21462810065972948,0.009686274089068966,0.0012513230756778,water_per_diff_前3天,0.0010140139733546,25 - 27日龄
,908,1.0,801,107,0.11784140969162996,,0.219994530520219,0.023447850275865097,water_per_diff_前3天,0.0010118267236307386,25 - 27日龄
"[-inf, -5.45)",119,0.1347678369195923,101,18,0.15126050420168066,-0.35596748016674185,0.019582144495848847,0.0015444670403635,water_per_diff_前5天,0.0011540076284286,25 - 27日龄
"[-5.45, 12.10)",463,0.5243488108720272,418,45,0.09719222462203024,0.14810270364260006,0.010855987857020948,0.004359153111832901,water_per_diff_前5天,0.0009787418542013561,25 - 27日龄
"[12.10, 13.99)",47,0.053227633069082674,45,2,0.0425531914893617,1.032799070098538,0.03812751019212074,0.0047529299875952,water_per_diff_前5天,0.0008248546581259,25 - 27日龄
"[13.99, 16.95)",59,0.06681766704416761,57,2,0.03389830508474576,1.2691878481627685,0.06625579615522785,0.007920339584623,water_per_diff_前5天,0.0008831445996022,25 - 27日龄
"[16.95, inf)",195,0.22083805209513024,164,31,0.15897435897435896,-0.41483701577278437,0.044557367234245644,0.0037188721123539,water_per_diff_前5天,0.0010529765297194,25 - 27日龄
,883,1.0,785,98,0.11098527746319366,,0.17937880593446404,0.0222957618367685,water_per_diff_前5天,0.001004177247884441,25 - 27日龄
"[-inf, -1.19)",299,0.35851318944844124,262,37,0.12374581939799331,-0.14240994708403668,0.007685709802991282,0.000156866944558,water_per_diff_前7天,0.0010874066061167,25 - 27日龄
"[-1.19, 7.96)",293,0.3513189448441247,275,18,0.06143344709897611,0.6265628015694974,0.1079686332670672,0.017910621212601098,water_per_diff_前7天,0.0008958246464822304,25 - 27日龄
"[7.96, 12.94)",110,0.13189448441247004,94,16,0.14545454545454545,-0.32913047817068647,0.0162294383361346,0.001000450359819,water_per_diff_前7天,0.0009740023102297,25 - 27日龄
"[12.94, inf)",132,0.15827338129496402,112,20,0.15151515151515152,-0.3770699404598056,0.026032900212479438,0.0017375358681995,water_per_diff_前7天,0.0010542037627356,25 - 27日龄
,834,1.0,743,91,0.1091127098321343,,0.15791668161867253,0.0208054743851776,water_per_diff_前7天,0.0009998877067800395,25 - 27日龄
"[-inf, -5.00)",366,0.3982589771490751,313,53,0.1448087431693989,-0.24022555000316187,0.025175027669075936,0.0046701317975217,water_per_shift_diff_前1天,0.0010211450580665852,25 - 27日龄
"[-5.00, -0.18)",197,0.21436343852013057,184,13,0.06598984771573604,0.6338495731562558,0.06751133337871297,0.0157364531638879,water_per_shift_diff_前1天,0.0008791034858936437,25 - 27日龄
"[-0.18, 1.08)",55,0.05984766050054407,51,4,0.07272727272727272,0.5293944446132418,0.01368394098054961,0.0016535907733587,water_per_shift_diff_前1天,0.0012093060242937,25 - 27日龄
"[1.08, inf)",301,0.32752992383025026,263,38,0.12624584717607973,-0.08156895453981443,0.0022481099723605062,0.0002990274873914,water_per_shift_diff_前1天,0.0010499871219083,25 - 27日龄
,919,1.0,811,108,0.117519042437432,,0.10861841200069902,0.022359203222159698,water_per_shift_diff_前1天,0.0010114041708421868,25 - 27日龄
"[-inf, -13.45)",74,0.08149779735682819,65,9,0.12162162162162163,-0.03586942004703524,0.00010630208374983287,1.7838604929415968e-05,water_per_shift_diff_前2天,0.0011159712407743,25 - 27日龄
"[-13.45, -9.80)",70,0.07709251101321586,67,3,0.04285714285714286,1.0930482181164032,0.060782290916060265,0.0070065379726914,water_per_shift_diff_前2天,0.0010792276595369,25 - 27日龄
"[-9.80, -2.65)",280,0.30837004405286345,249,31,0.11071428571428571,0.07043357937310836,0.0014890924408049796,0.0001517395678824,water_per_shift_diff_前2天,0.001000225205243,25 - 27日龄
"[-2.65, 1.10)",142,0.15638766519823788,126,16,0.11267605633802817,0.05066107210524386,0.0003936699922070827,3.718269906355528e-05,water_per_shift_diff_前2天,0.0009189105618318,25 - 27日龄
"[1.10, inf)",342,0.3766519823788546,294,48,0.14035087719298245,-0.20065335617566227,0.01636467219326168,0.0034217859639290756,water_per_shift_diff_前2天,0.0010235745608879318,25 - 27日龄
,908,1.0,801,107,0.11784140969162996,,0.07913602762608385,0.010635084808495846,water_per_shift_diff_前2天,0.0010118267236307373,25 - 27日龄
"[-inf, -7.09)",218,0.24276169265033407,186,32,0.14678899082568808,-0.2836023555112213,0.02175722045944302,0.0021652558456734,water_per_shift_diff_前3天,0.0010487730638208,25 - 27日龄
"[-7.09, -4.26)",116,0.1291759465478842,104,12,0.10344827586206896,0.11587112292867613,0.0016584350744630687,0.0002906054935429,water_per_shift_diff_前3天,0.0011709784407544,25 - 27日龄
"[-4.26, -2.66)",74,0.08240534521158129,72,2,0.02702702702702703,1.5399058120314137,0.10956208415332497,0.0123278012390618,water_per_shift_diff_前3天,0.0008741692794784,25 - 27日龄
"[-2.66, 6.80)",343,0.3819599109131403,304,39,0.11370262390670553,0.009852928851879314,3.694021075321453e-05,5.34995619964505e-05,water_per_shift_diff_前3天,0.000989634748191,25 - 27日龄
"[6.80, inf)",147,0.16369710467706014,129,18,0.12244897959183673,-0.07417247995918877,0.0009266464797978897,4.980503139794109e-05,water_per_shift_diff_前3天,0.0009331038247642,25 - 27日龄
,898,1.0,795,103,0.11469933184855234,,0.13394132637778217,0.014886967171672491,water_per_shift_diff_前3天,0.0010086475886321791,25 - 27日龄
"[-inf, 5.16)",503,0.5876168224299065,443,60,0.11928429423459244,-0.10543333030816601,0.006806607845963277,2.7113733217241743e-05,water_per_shift_diff_前5天,0.0010384070952517,25 - 27日龄
"[5.16, 8.06)",134,0.15654205607476634,128,6,0.04477611940298507,0.9556122565603612,0.0986600063636918,0.0143151498342799,water_per_shift_diff_前5天,0.0008410465859264873,25 - 27日龄
"[8.06, 11.35)",100,0.11682242990654206,89,11,0.11,-0.013917441197431865,2.2751492818417703e-05,6.696200487421133e-05,water_per_shift_diff_前5天,0.0009302772783195999,25 - 27日龄
"[11.35, inf)",119,0.13901869158878505,103,16,0.13445378151260504,-0.24251827214134675,0.00898519620428136,0.0004183085307467,water_per_shift_diff_前5天,0.0010930171356361,25 - 27日龄
,856,1.0,763,93,0.10864485981308411,,0.11447456190675484,0.01482753410311805,water_per_shift_diff_前5天,0.0010024717037364606,25 - 27日龄
"[-inf, -13.67)",92,0.11386138613861387,78,14,0.15217391304347827,-0.35900840164362596,0.016844838653411853,0.0012554013778713,water_per_shift_diff_前7天,0.0011099182575725,25 - 27日龄
"[-13.67, -10.37)",77,0.0952970297029703,68,9,0.11688311688311688,-0.05437677087807189,0.00028778792386723316,9.984702786103177e-08,water_per_shift_diff_前7天,0.0009380855389936,25 - 27日龄
"[-10.37, -7.38)",91,0.11262376237623763,88,3,0.03296703296703297,1.3020646270921377,0.11618236830413595,0.012583378723479,water_per_shift_diff_前7天,0.0008624233553439,25 - 27日龄
"[-7.38, inf)",548,0.6782178217821783,484,64,0.11678832116788321,-0.0534580753609992,0.0019788256927191277,0.0035743592437154003,water_per_shift_diff_前7天,0.0010106644377966734,25 - 27日龄
,808,1.0,718,90,0.11138613861386139,,0.13529382057413417,0.01741323919209356,water_per_shift_diff_前7天,0.0009983535933762984,25 - 27日龄
"[-inf, -33.22)",119,0.12579281183932348,71,48,0.40336134453781514,-0.7906351443800125,0.09341347737653949,0.0113817523431756,water_per_diff,0.0017783097786025,28 - 30日龄
"[-33.22, -21.53)",149,0.15750528541226216,102,47,0.31543624161073824,-0.4072887989392244,0.028847342635534134,0.0035811992030459,water_per_diff,0.0015589578717012,28 - 30日龄
"[-21.53, -10.00)",200,0.21141649048625794,151,49,0.245,-0.056654471809139156,0.0006887588840466994,8.608334813730223e-05,water_per_diff,0.001225005934499,28 - 30日龄
"[-10.00, 1.53)",221,0.23361522198731502,177,44,0.19909502262443438,0.2098460881421309,0.009711034814103138,0.0012116570091067,water_per_diff,0.0010644307506378,28 - 30日龄
"[1.53, 5.34)",56,0.05919661733615222,52,4,0.07142857142857142,1.3828353469480996,0.07440371360563913,0.0086237549690887,water_per_diff,0.0009037736736941,28 - 30日龄
"[5.34, inf)",201,0.2124735729386892,171,30,0.14925373134328357,0.5583521643270676,0.05642299943382753,0.0069626635981556,water_per_diff,0.0010158159932435,28 - 30日龄
,946,1.0,724,222,0.2346723044397463,,0.2634873267496901,0.0318471104707098,water_per_diff,0.001246230771349623,28 - 30日龄
"[-inf, -13.03)",137,0.14482029598308668,89,48,0.35036496350364965,-0.564678651689188,0.052677764318772614,0.0064986078751144,water_per_shift_diff,0.0014189500317328,28 - 30日龄
"[-13.03, -3.05)",282,0.29809725158562367,215,67,0.2375886524822695,-0.01616860177674025,7.826372618525712e-05,9.782859212077418e-06,water_per_shift_diff,0.0012658366720437,28 - 30日龄
"[-3.05, 1.25)",113,0.11945031712473574,89,24,0.21238938053097345,0.12846852887075738,0.0019039124220431042,0.0002378255289345,water_per_shift_diff,0.0011179322754671,28 - 30日龄
"[1.25, 3.43)",60,0.06342494714587738,52,8,0.13333333333333333,0.6896881663881544,0.02468198654288403,0.0030255182753985,water_per_shift_diff,0.0014146579357546,28 - 30日龄
"[3.43, inf)",354,0.37420718816067655,279,75,0.211864406779661,0.1316096577716182,0.006254259158700536,0.0007812186608397,water_per_shift_diff,0.0011761762445197,28 - 30日龄
,946,1.0,724,222,0.2346723044397463,,0.08559618616858554,0.010552953199499178,water_per_shift_diff,0.001246230771349629,28 - 30日龄
"[-inf, -36.38)",78,0.0824524312896406,43,35,0.44871794871794873,-0.9762619563092881,0.09593276428468528,0.0115369814196676,water_per_diff_前1天,0.0016693360877781,28 - 30日龄
"[-36.38, -29.12)",58,0.0613107822410148,39,19,0.3275862068965517,-0.46299134355023097,0.014685243824467904,0.0018194336751467,water_per_diff_前1天,0.0017186619640135,28 - 30日龄
"[-29.12, -19.40)",134,0.1416490486257928,96,38,0.2835820895522388,-0.2553519787719865,0.009850071352759423,0.0012279246293823,water_per_diff_前1天,0.0013916997131048,28 - 30日龄
"[-19.40, 1.73)",396,0.4186046511627907,314,82,0.20707070707070707,0.16055972813056338,0.010329174685618095,0.0012897617448518,water_per_diff_前1天,0.0012115116418336,28 - 30日龄
"[1.73, 4.41)",51,0.05391120507399577,47,4,0.0784313725490196,1.281739230076731,0.06011242792990891,0.0070385554169827,water_per_diff_前1天,0.0008638166370912,28 - 30日龄
"[4.41, inf)",229,0.24207188160676532,185,44,0.19213973799126638,0.25405218064662666,0.01456396391716451,0.0018156154283858,water_per_diff_前1天,0.0010425444573078,28 - 30日龄
,946,1.0,724,222,0.2346723044397463,,0.2054736459946041,0.024728272314416898,water_per_diff_前1天,0.0012462307713496416,28 - 30日龄
"[-inf, -37.91)",48,0.050793650793650794,30,18,0.375,-0.6699062165204946,0.026519781813584685,0.0032655343991957,water_per_diff_前2天,0.0014547804154066,28 - 30日龄
"[-37.91, -28.93)",51,0.05396825396825397,27,24,0.47058823529411764,-1.0629488046301019,0.07521820070893734,0.0090004282086334,water_per_diff_前2天,0.0018833042214361,28 - 30日龄
"[-28.93, -11.80)",238,0.2518518518518518,174,64,0.2689075630252101,-0.18055962443162804,0.008599041588198351,0.0010891663486364,water_per_diff_前2天,0.0014465597860227,28 - 30日龄
"[-11.80, 11.57)",465,0.49206349206349204,363,102,0.21935483870967742,0.08869818069409435,0.0037798933120730994,0.0005490418610656969,water_per_diff_前2天,0.0011412786508523697,28 - 30日龄
"[11.57, inf)",143,0.15132275132275133,129,14,0.0979020979020979,1.0400232344599283,0.11997726072084554,0.0143077229233841,water_per_diff_前2天,0.0009596918751722002,28 - 30日龄
,945,1.0,723,222,0.23492063492063492,,0.23409417814363903,0.028211893740915296,water_per_diff_前2天,0.0012466557831768644,28 - 30日龄
"[-inf, -16.96)",143,0.15164369034994699,87,56,0.3916083916083916,-0.743306009455639,0.09878168944051104,0.0119706740341822,water_per_diff_前3天,0.0017440153323575,28 - 30日龄
"[-16.96, 7.96)",514,0.545068928950159,388,126,0.245136186770428,-0.05913900470327796,0.001936188820458029,0.000661412899495516,water_per_diff_前3天,0.0012463864634604186,28 - 30日龄
"[7.96, 11.55)",77,0.0816542948038176,72,5,0.06493506493506493,1.4833657692068816,0.11436536075496082,0.0130975231930433,water_per_diff_前3天,0.000944005008916,28 - 30日龄
"[11.55, inf)",209,0.22163308589607636,175,34,0.16267942583732056,0.45456301193227916,0.04024524429104239,0.0050220136179851,water_per_diff_前3天,0.001018968311775181,28 - 30日龄
,943,1.0,722,221,0.23435843054082714,,0.2553284833069723,0.030751623744706115,water_per_diff_前3天,0.0012467546103852839,28 - 30日龄
"[-inf, -15.43)",56,0.06054054054054054,42,14,0.25,-0.10208412611327962,0.0006481148430236997,5.271616224103914e-05,water_per_diff_前5天,0.0014513635010162,28 - 30日龄
"[-15.43, -10.99)",49,0.05297297297297297,30,19,0.3877551020408163,-0.7439380122856745,0.03466078163632337,0.0039174666834534,water_per_diff_前5天,0.0019510166272743,28 - 30日龄
"[-10.99, -3.35)",104,0.11243243243243244,72,32,0.3076923076923077,-0.38976619856506056,0.01881280125571332,0.0020620092121443,water_per_diff_前5天,0.0014954238644515,28 - 30日龄
"[-3.35, 9.57)",362,0.39135135135135135,274,88,0.2430939226519337,-0.06490512287152574,0.0016772936835761094,0.0001038888504839,water_per_diff_前5天,0.0012352818829518,28 - 30日龄
"[9.57, 19.76)",246,0.26594594594594595,200,46,0.18699186991869918,0.2689795552775522,0.017844286913072358,0.0024729970161828,water_per_diff_前5天,0.0010901821479988002,28 - 30日龄
"[19.76, inf)",108,0.11675675675675676,93,15,0.1388888888888889,0.6238528772696567,0.03787300384702223,0.0048069879790833,water_per_diff_前5天,0.0009664877186558,28 - 30日龄
,925,1.0,711,214,0.23135135135135135,,0.11151628217873108,0.01341606590358874,water_per_diff_前5天,0.0012455543528079858,28 - 30日龄
"[-inf, -11.87)",48,0.05292171995589857,41,7,0.14583333333333334,0.5679840376059393,0.014478024487994531,0.0018112301134808,water_per_diff_前7天,0.0013876036293005,28 - 30日龄
"[-11.87, -3.87)",71,0.0782800441014333,41,30,0.4225352112676056,-0.8873031950009027,0.07456329369755485,0.008275665141958,water_per_diff_前7天,0.0019188218272003998,28 - 30日龄
"[-3.87, 11.96)",438,0.4829106945975744,336,102,0.2328767123287671,-0.0075395333641220435,2.7506393498949076e-05,5.800229954002704e-06,water_per_diff_前7天,0.0012291023372989,28 - 30日龄
"[11.96, 28.68)",301,0.3318632855567806,238,63,0.20930232558139536,0.12945806723688696,0.005367773519578245,0.000825253644584,water_per_diff_前7天,0.0011219979340804,28 - 30日龄
"[28.68, inf)",49,0.05402425578831312,41,8,0.16326530612244897,0.43445264498141656,0.009005460988410314,0.0011537862203145,water_per_diff_前7天,0.0010453409613651,28 - 30日龄
,907,1.0,697,210,0.23153252480705622,,0.1034420590870369,0.012071735350291303,water_per_diff_前7天,0.0012460101796468147,28 - 30日龄
"[-inf, -17.02)",105,0.1111111111111111,73,32,0.3047619047619048,-0.35600830193782057,0.01537099879399584,0.0019248314846722,water_per_shift_diff_前1天,0.0014287870717256,28 - 30日龄
"[-17.02, 3.39)",541,0.5724867724867725,416,125,0.23105360443622922,0.021639682672476807,0.00026654238871747106,0.0007446525924281,water_per_shift_diff_前1天,0.0012420229137321773,28 - 30日龄
"[3.39, 6.49)",85,0.08994708994708994,77,8,0.09411764705882353,1.0836320398873627,0.07635775840857083,0.009073993470584,water_per_shift_diff_前1天,0.0010146098892127,28 - 30日龄
"[6.49, 13.68)",129,0.1365079365079365,102,27,0.20930232558139536,0.14840410699345666,0.0028875308470746575,0.0003536801333931,water_per_shift_diff_前1天,0.001167720990979,28 - 30日龄
"[13.68, inf)",85,0.08994708994708994,55,30,0.35294117647058826,-0.5745960367161699,0.03393748787004406,0.0042020298536994,water_per_shift_diff_前1天,0.0014029979743818,28 - 30日龄
,945,1.0,723,222,0.23492063492063492,,0.12882031830840285,0.0162991875347768,water_per_shift_diff_前1天,0.001246655783176846,28 - 30日龄
"[-inf, -13.26)",204,0.2163308589607635,141,63,0.3088235294117647,-0.37823727338843777,0.03395701320671194,0.0041653914790481,water_per_shift_diff_前2天,0.0014340427884472,28 - 30日龄
"[-13.26, -3.92)",310,0.32873806998939553,241,69,0.22258064516129034,0.0668279915183221,0.0014420023238464216,0.0001890805755572,water_per_shift_diff_前2天,0.0011687198520055,28 - 30日龄
"[-3.92, -2.01)",67,0.07104984093319194,61,6,0.08955223880597014,1.1352519575701827,0.06509331895946154,0.0077217922271036,water_per_shift_diff_前2天,0.0009561082589183,28 - 30日龄
"[-2.01, 0.22)",60,0.06362672322375397,51,9,0.15,0.5507386180130331,0.01647431984918845,0.0020391509757761,water_per_shift_diff_前2天,0.0010288648957402,28 - 30日龄
"[0.22, 13.57)",253,0.2682926829268293,196,57,0.22529644268774704,0.05120095402089358,0.0006937520374097331,9.239564084380977e-05,water_per_shift_diff_前2天,0.0012573278494602,28 - 30日龄
"[13.57, inf)",49,0.051961823966065745,32,17,0.3469387755102041,-0.5513398786315631,0.017974643390289615,0.0021967342179132,water_per_shift_diff_前2天,0.0015703392167967,28 - 30日龄
,943,1.0,722,221,0.23435843054082714,,0.1356350497669077,0.01640454511624201,water_per_shift_diff_前2天,0.0012467546103853032,28 - 30日龄
"[-inf, -17.48)",81,0.08663101604278074,49,32,0.3950617283950617,-0.7585240418332447,0.058924398316182965,0.0070588612255597,water_per_shift_diff_前3天,0.0014830473288588,28 - 30日龄
"[-17.48, -8.36)",184,0.19679144385026737,140,44,0.2391304347826087,-0.027155648453101675,0.0001461657055586453,1.4882770271791362e-05,water_per_shift_diff_前3天,0.0012628184533981,28 - 30日龄
"[-8.36, -7.39)",48,0.051336898395721926,43,5,0.10416666666666667,0.9671537661153173,0.03600212069089505,0.004301602233118,water_per_shift_diff_前3天,0.0009275557657768,28 - 30日龄
"[-7.39, -1.57)",198,0.21176470588235294,157,41,0.20707070707070707,0.15806530149985554,0.005067436230196769,0.0006448808724259,water_per_shift_diff_前3天,0.0011474913763525,28 - 30日龄
"[-1.57, inf)",424,0.453475935828877,327,97,0.22877358490566038,0.030640755249725756,0.0004222766772190601,0.00044335342276710004,water_per_shift_diff_前3天,0.0012801373464194114,28 - 30日龄
,935,1.0,716,219,0.23422459893048128,,0.1005623976200525,0.01246358052414249,water_per_shift_diff_前3天,0.0012481172547804547,28 - 30日龄
"[-inf, -14.16)",60,0.06550218340611354,35,25,0.4166666666666667,-0.863719844864817,0.05891313800334904,0.0065982275626944,water_per_shift_diff_前5天,0.0014422127809796,28 - 30日龄
"[-14.16, -7.57)",144,0.1572052401746725,109,35,0.24305555555555555,-0.06419226074629997,0.0006589203437455214,4.095252466013687e-05,water_per_shift_diff_前5天,0.0012806765093128,28 - 30日龄
"[-7.57, -5.21)",108,0.11790393013100436,83,25,0.23148148148148148,-0.0002272985576326776,6.091835271029091e-09,4.525716229025756e-06,water_per_shift_diff_前5天,0.0013344063830285,28 - 30日龄
"[-5.21, -4.02)",51,0.055676855895196505,48,3,0.058823529411764705,1.572396640753751,0.08495796600985105,0.009511395048864,water_per_shift_diff_前5天,0.0011537820683663,28 - 30日龄
"[-4.02, 3.50)",305,0.3329694323144105,243,62,0.20327868852459016,0.1657349768094269,0.008737154250218232,0.0012930529995262,water_per_shift_diff_前5天,0.0011882095395249,28 - 30日龄
"[3.50, inf)",248,0.27074235807860264,186,62,0.25,-0.10157979281792022,0.0028694549107549264,0.0002334572899246,water_per_shift_diff_前5天,0.0012287869771238,28 - 30日龄
,916,1.0,704,212,0.2314410480349345,,0.15613663960975405,0.017681611141898364,water_per_shift_diff_前5天,0.001245689998837746,28 - 30日龄
"[-inf, -9.35)",91,0.1017897091722595,61,30,0.32967032967032966,-0.5025548093640944,0.029051364780755633,0.0029771254687391,water_per_shift_diff_前7天,0.0013994578244643002,28 - 30日龄
"[-9.35, -5.63)",91,0.1017897091722595,70,21,0.23076923076923078,-0.008258487549314276,6.95783934559376e-06,5.711830316239091e-06,water_per_shift_diff_前7天,0.0012599363611446,28 - 30日龄
"[-5.63, -4.23)",52,0.058165548098434,47,5,0.09615384615384616,1.028478397400708,0.04507261340160984,0.0053617541041097,water_per_shift_diff_前7天,0.0009467942555074999,28 - 30日龄
"[-4.23, 2.88)",283,0.31655480984340045,227,56,0.1978798586572438,0.18736703487100292,0.010547313492579162,0.0016627536628894,water_per_shift_diff_前7天,0.0012596953546421,28 - 30日龄
"[2.88, 14.95)",327,0.36577181208053694,254,73,0.22324159021406728,0.034643533994895184,0.00043486839019398426,0.0001780603217064,water_per_shift_diff_前7天,0.0011645119872614,28 - 30日龄
"[14.95, inf)",50,0.05592841163310962,30,20,0.4,-0.806766183767086,0.04358119566811474,0.0046081063683843,water_per_shift_diff_前7天,0.0016487729946519,28 - 30日龄
,894,1.0,689,205,0.22930648769574943,,0.12869431357259895,0.014793511756145138,water_per_shift_diff_前7天,0.0012426913054894712,28 - 30日龄
"[-inf, -42.91)",67,0.07001044932079414,22,45,0.6716417910447762,-1.2978845173932063,0.12377238890098456,0.0144695803196504,water_per_diff,0.0021696653527165,31 - 33日龄
"[-42.91, -22.15)",162,0.16927899686520376,59,103,0.6358024691358025,-1.1394560253051187,0.23267730775703283,0.0276067704988951,water_per_diff,0.0023558371336828,31 - 33日龄
"[-22.15, -5.72)",236,0.24660397074190177,139,97,0.4110169491525424,-0.22250152635389364,0.01255230546058732,0.0015658095788178,water_per_diff,0.0016213343296025,31 - 33日龄
"[-5.72, 3.46)",139,0.1452455590386625,99,40,0.28776978417266186,0.32397591503945106,0.01445571112157397,0.0017991026457834,water_per_diff,0.0012400890283112,31 - 33日龄
"[3.46, 22.60)",248,0.25914315569487983,203,45,0.1814516129032258,0.924279008290265,0.1843230077073477,0.0222537471243548,water_per_diff,0.0010183155976848,31 - 33日龄
"[22.60, inf)",105,0.109717868338558,92,13,0.12380952380952381,1.374574738606301,0.1538647538385435,0.0178489244687975,water_per_diff,0.0009705402834675,31 - 33日龄
,957,1.0,614,343,0.35841170323928945,,0.7216454747860699,0.08554393463629902,water_per_diff,0.001501013029258081,31 - 33日龄
"[-inf, -18.55)",84,0.0877742946708464,28,56,0.6666666666666666,-1.2754116615411477,0.15006838003907674,0.0175823049810752,water_per_shift_diff,0.0021416278507721,31 - 33日龄
"[-18.55, 2.03)",432,0.45141065830721006,281,151,0.34953703703703703,0.038810351537618935,0.0006761340338245784,8.4511450344096e-05,water_per_shift_diff,0.0015119479524312,31 - 33日龄
"[2.03, 3.82)",52,0.054336468129571575,36,16,0.3076923076923077,0.22866573523512626,0.0027404882941921664,0.0003418166559462,water_per_shift_diff,0.0013966869506416,31 - 33日龄
"[3.82, 5.52)",57,0.05956112852664577,47,10,0.17543859649122806,0.9652980277348104,0.04574809173142299,0.0055063444420993,water_per_shift_diff,0.0011224052545817,31 - 33日龄
"[5.52, 12.55)",191,0.19958202716823406,134,57,0.29842931937172773,0.27252405113515865,0.014187679588255953,0.001767992175386,water_per_shift_diff,0.0013317968566003,31 - 33日龄
"[12.55, inf)",141,0.14733542319749215,88,53,0.375886524822695,-0.07521958005511778,0.0008421941376148733,0.0001052494558771,water_per_shift_diff,0.0015066183938272,31 - 33日龄
,957,1.0,614,343,0.35841170323928945,,0.2142629678243873,0.0253882191607279,water_per_shift_diff,0.0015010130292580435,31 - 33日龄
"[-inf, -22.27)",213,0.2225705329153605,86,127,0.596244131455399,-0.9721042711862862,0.22377572419592953,0.0269201275672408,water_per_diff_前1天,0.0021870925370371,31 - 33日龄
"[-22.27, -12.07)",153,0.15987460815047022,78,75,0.49019607843137253,-0.5430437678279212,0.0497553325419871,0.006144105688131,water_per_diff_前1天,0.0018106927475304998,31 - 33日龄
"[-12.07, -8.77)",59,0.06165099268547544,33,26,0.4406779661016949,-0.3438534575362044,0.0075839702863964705,0.0009433534495389,water_per_diff_前1天,0.0017533916223152,31 - 33日龄
"[-8.77, -4.02)",88,0.09195402298850575,59,29,0.32954545454545453,0.1279771329380429,0.001477252875909927,0.0001845306987164,water_per_diff_前1天,0.0013857605370865,31 - 33日龄
"[-4.02, 21.82)",339,0.3542319749216301,267,72,0.21238938053097345,0.7283180584029916,0.16382850770992166,0.0200376205333353,water_per_diff_前1天,0.0010665058942992,31 - 33日龄
"[21.82, inf)",105,0.109717868338558,91,14,0.13333333333333333,1.289537695920389,0.1384862160313361,0.0162029769732909,water_per_diff_前1天,0.0010156213056311,31 - 33日龄
,957,1.0,614,343,0.35841170323928945,,0.5849070036414807,0.0704327149102533,water_per_diff_前1天,0.0015010130292580687,31 - 33日龄
"[-inf, -26.39)",168,0.1755485893416928,68,100,0.5952380952380952,-0.9679269617931873,0.17499732669792975,0.0210588468001712,water_per_diff_前2天,0.0022544792576196,31 - 33日龄
"[-26.39, -8.66)",281,0.2936259143155695,153,128,0.4555160142348754,-0.4038568235083843,0.05007508585993694,0.006217191797584,water_per_diff_前2天,0.0016791501635029,31 - 33日龄
"[-8.66, -5.54)",55,0.05747126436781609,35,20,0.36363636363636365,-0.022648693045779815,2.9574223357752766e-05,3.6966989087678552e-06,water_per_diff_前2天,0.0016397077218122,31 - 33日龄
"[-5.54, 1.04)",128,0.13375130616509928,98,30,0.234375,0.601505616027214,0.043395961718870134,0.0053441702045247,water_per_diff_前2天,0.0011071640421391,31 - 33日龄
"[1.04, 4.42)",50,0.0522466039707419,45,5,0.1,1.6149600963550168,0.09481857528147779,0.0107118946355175,water_per_diff_前2天,0.0009154909094253,31 - 33日龄
"[4.42, inf)",275,0.28735632183908044,215,60,0.21818181818181817,0.6940289849243596,0.12161869160137838,0.0149043917025103,water_per_diff_前2天,0.0011207283280394,31 - 33日龄
,957,1.0,614,343,0.35841170323928945,,0.48493521538295076,0.05824019183921647,water_per_diff_前2天,0.001501013029258081,31 - 33日龄
"[-inf, -43.48)",49,0.051201671891327065,15,34,0.6938775510204082,-1.4005748044951538,0.10461649105665315,0.0121031662658442,water_per_diff_前3天,0.0019590354886511,31 - 33日龄
"[-43.48, -26.06)",142,0.148380355276907,58,84,0.5915492957746479,-0.9526382692780968,0.14331053668658733,0.0172657538392617,water_per_diff_前3天,0.0025145435765478,31 - 33日龄
"[-26.06, -21.03)",73,0.07628004179728318,40,33,0.4520547945205479,-0.38989258833374646,0.012111363201106206,0.0015044035110655,water_per_diff_前3天,0.0016012122704339,31 - 33日龄
"[-21.03, -6.71)",258,0.26959247648902823,169,89,0.3449612403100775,0.05899786420973126,0.0009303421004573452,0.000116275899417,water_per_diff_前3天,0.0014605648558438,31 - 33日龄
"[-6.71, 9.20)",270,0.28213166144200624,195,75,0.2777777777777778,0.3732469640462337,0.03692557761038963,0.0045890896166438,water_per_diff_前3天,0.0011608676911208,31 - 33日龄
"[9.20, inf)",165,0.1724137931034483,137,28,0.1696969696969697,1.0055119346717185,0.14227429056363444,0.017071020142014,water_per_diff_前3天,0.0010682608305108,31 - 33日龄
,957,1.0,614,343,0.35841170323928945,,0.4401686012188281,0.0526497092742462,water_per_diff_前3天,0.0015010130292580615,31 - 33日龄
"[-inf, -36.68)",50,0.05230125523012552,18,32,0.64,-1.1559986336738333,0.07390377407789281,0.0087733083145125,water_per_diff_前5天,0.0022817229603118,31 - 33日龄
"[-36.68, -27.67)",56,0.058577405857740586,23,33,0.5892857142857143,-0.941647834307602,0.055264860364387776,0.0066813578131296,water_per_diff_前5天,0.0024869712129905,31 - 33日龄
"[-27.67, -9.02)",284,0.29707112970711297,162,122,0.4295774647887324,-0.29705919827114396,0.027154498931181957,0.0034163172118024,water_per_diff_前5天,0.00170020529279,31 - 33日龄
"[-9.02, 2.77)",260,0.2719665271966527,178,82,0.3153846153846154,0.1944298142575606,0.009975833786951162,0.0012232337979633,water_per_diff_前5天,0.0013383543742398,31 - 33日龄
"[2.77, 11.42)",156,0.16317991631799164,111,45,0.28846153846153844,0.32223322277174304,0.01607342392206774,0.0019787287536226,water_per_diff_前5天,0.0012172739093693,31 - 33日龄
"[11.42, inf)",150,0.15690376569037656,121,29,0.19333333333333333,0.8478602268399957,0.09567405790955792,0.011559370945977,water_per_diff_前5天,0.0010807832831353,31 - 33日龄
,956,1.0,613,343,0.3587866108786611,,0.27804644899203934,0.0336323168370074,water_per_diff_前5天,0.0015023004170812467,31 - 33日龄
"[-inf, -17.35)",85,0.0897571277719113,40,45,0.5294117647058824,-0.7065554078832618,0.04766044752022955,0.0056644590390633,water_per_diff_前7天,0.0021149387886247,31 - 33日龄
"[-17.35, -9.12)",104,0.10982048574445617,56,48,0.46153846153846156,-0.4346216923996199,0.021756210678509167,0.0025883583664755,water_per_diff_前7天,0.0017761009729963,31 - 33日龄
"[-9.12, -1.93)",148,0.1562829989440338,94,54,0.36486486486486486,-0.03446163652114873,0.00018650354682018112,1.51642027053445e-05,water_per_diff_前7天,0.001638665900064,31 - 33日龄
"[-1.93, 8.96)",287,0.30306230200633577,183,104,0.3623693379790941,-0.02367711852682991,0.00017046807578998408,1.1077008307417433e-05,water_per_diff_前7天,0.0014432127090428,31 - 33日龄
"[8.96, 19.80)",235,0.2481520591341077,166,69,0.2936170212765957,0.28910891153240564,0.019785453098769924,0.0025475249994947,water_per_diff_前7天,0.0012866152156928,31 - 33日龄
"[19.80, inf)",88,0.09292502639915523,70,18,0.20454545454545456,0.7693511119263159,0.0474598013002223,0.0058218669611409,water_per_diff_前7天,0.0011275802873368,31 - 33日龄
,947,1.0,609,338,0.35691657866948256,,0.1370188842203411,0.01664845057718716,water_per_diff_前7天,0.0015024187327380325,31 - 33日龄
"[-inf, -17.94)",70,0.07314524555903866,33,37,0.5285714285714286,-0.6966748321589468,0.03770807690230783,0.0046204423258046,water_per_shift_diff_前1天,0.0019016127927737,31 - 33日龄
"[-17.94, -4.27)",228,0.23824451410658307,139,89,0.39035087719298245,-0.1364269175826506,0.0045144831893025325,0.0005638731756638,water_per_shift_diff_前1天,0.0016138808010464,31 - 33日龄
"[-4.27, 7.74)",344,0.3594566353187043,233,111,0.3226744186046512,0.1592437712721639,0.008895941012036964,0.0011108191745354,water_per_shift_diff_前1天,0.0013905333133496,31 - 33日龄
"[7.74, 9.16)",49,0.051201671891327065,41,8,0.16326530612244897,1.0518660440432694,0.04570529325001643,0.0054635389039899,water_per_shift_diff_前1天,0.0011156542808451,31 - 33日龄
"[9.16, 14.08)",135,0.14106583072100312,89,46,0.34074074074074073,0.07773049226184232,0.0008426259666754643,0.0001053017373274,water_per_shift_diff_前1天,0.0014826222064844,31 - 33日龄
"[14.08, inf)",131,0.13688610240334378,79,52,0.3969465648854962,-0.16406034709560843,0.0037633808644689255,0.000469895742056,water_per_shift_diff_前1天,0.0015437193392226,31 - 33日龄
,957,1.0,614,343,0.35841170323928945,,0.10142980118480814,0.012333871059377098,water_per_shift_diff_前1天,0.0015010130292580615,31 - 33日龄
"[-inf, -11.76)",114,0.11912225705329153,59,55,0.4824561403508772,-0.512060222307954,0.03290429810017731,0.0040686823308385,water_per_shift_diff_前2天,0.0016531370194866,31 - 33日龄
"[-11.76, -3.62)",188,0.19644723092998956,119,69,0.3670212765957447,-0.03724749246693248,0.00027395924934843117,3.4242926699606675e-05,water_per_shift_diff_前2天,0.0015847833140801,31 - 33日龄
"[-3.62, -1.76)",51,0.05329153605015674,42,9,0.17647058823529413,0.9581805599659463,0.040401531668728716,0.0048654530932707,water_per_shift_diff_前2天,0.0010241547115996,31 - 33日龄
"[-1.76, 0.02)",48,0.050156739811912224,34,14,0.2916666666666667,0.3050387140197002,0.004440834831503978,0.0005529621631924,water_per_shift_diff_前2天,0.0012169836869557,31 - 33日龄
"[0.02, 18.57)",483,0.5047021943573667,320,163,0.33747412008281574,0.09230631400580731,0.004241842465637569,0.0005300421465383,water_per_shift_diff_前2天,0.0014724979173881,31 - 33日龄
"[18.57, inf)",73,0.07628004179728318,40,33,0.4520547945205479,-0.38989258833374646,0.012111363201106206,0.0015044035110655,water_per_shift_diff_前2天,0.0017562874570894,31 - 33日龄
,957,1.0,614,343,0.35841170323928945,,0.09437382951650221,0.011555786171605008,water_per_shift_diff_前2天,0.0015010130292580596,31 - 33日龄
"[-inf, -18.55)",73,0.07628004179728318,34,39,0.5342465753424658,-0.7194656024946876,0.041965012018142005,0.0051353384589919,water_per_shift_diff_前3天,0.0017027112792621,31 - 33日龄
"[-18.55, -6.41)",217,0.22675026123301986,134,83,0.3824884792626728,-0.10326528882688901,0.0024516692345487932,0.0003063225606605,water_per_shift_diff_前3天,0.0014896180001971,31 - 33日龄
"[-6.41, -3.92)",85,0.08881922675026123,56,29,0.3411764705882353,0.07579137976747279,0.0005045513073664871,6.305382238610451e-05,water_per_shift_diff_前3天,0.0015609123619041,31 - 33日龄
"[-3.92, -1.98)",58,0.06060606060606061,43,15,0.25862068965517243,0.47088543361014995,0.012384661193942229,0.0015339368092534,water_per_shift_diff_前3天,0.0013324479797802,31 - 33日龄
"[-1.98, 0.22)",57,0.05956112852664577,45,12,0.21052631578947367,0.7394913590011168,0.028325831630573357,0.0034621956122244,water_per_shift_diff_前3天,0.0012996350297109,31 - 33日龄
"[0.22, inf)",467,0.48798328108672934,302,165,0.3533190578158458,0.022217062493086356,0.00024010234581943384,3.001217598221778e-05,water_per_shift_diff_前3天,0.0015093912404463,31 - 33日龄
,957,1.0,614,343,0.35841170323928945,,0.0858718277303923,0.010530859439498521,water_per_shift_diff_前3天,0.0015010130292580435,31 - 33日龄
"[-inf, -18.58)",103,0.10796645702306079,45,58,0.5631067961165048,-0.8357020662258203,0.08027856965722749,0.0097305261353571,water_per_shift_diff_前5天,0.0021007489182312,31 - 33日龄
"[-18.58, -11.42)",159,0.16666666666666666,97,62,0.389937106918239,-0.13434495199142968,0.003061696962308984,0.0003831931050443,water_per_shift_diff_前5天,0.0017038518892901,31 - 33日龄
"[-11.42, -4.53)",219,0.22955974842767296,147,72,0.3287671232876712,0.13184492231296022,0.003911807550565128,0.0004845832790462,water_per_shift_diff_前5天,0.0013672363326008,31 - 33日龄
"[-4.53, 13.87)",425,0.44549266247379454,302,123,0.28941176470588237,0.3163211165527312,0.04232848790471705,0.007827460458472,water_per_shift_diff_前5天,0.001317451799704751,31 - 33日龄
"[13.87, inf)",48,0.050314465408805034,21,27,0.5625,-0.8332359737306269,0.03719035692863736,0.0045085788467833,water_per_shift_diff_前5天,0.0017938456705437,31 - 33日龄
,954,1.0,612,342,0.3584905660377358,,0.16677091900345603,0.022934341824702897,water_per_shift_diff_前5天,0.001501819657101815,31 - 33日龄
"[-inf, -17.69)",48,0.0511727078891258,21,27,0.5625,-0.8437476332390207,0.03887154748445225,0.0045085788467833,water_per_shift_diff_前7天,0.0019368171213691,31 - 33日龄
"[-17.69, -13.21)",59,0.0628997867803838,32,27,0.4576271186440678,-0.42253416816271705,0.01177103751970134,0.0013614790944088,water_per_shift_diff_前7天,0.0018721092260518,31 - 33日龄
"[-13.21, -8.27)",121,0.12899786780383796,76,45,0.371900826446281,-0.06836235444210319,0.000608611197694102,5.3943948070937385e-05,water_per_shift_diff_前7天,0.0016081849037235,31 - 33日龄
"[-8.27, -5.21)",125,0.13326226012793177,84,41,0.328,0.12481152718089118,0.0020367190163356743,0.000291239936463,water_per_shift_diff_前7天,0.0013485532145878,31 - 33日龄
"[-5.21, -4.04)",50,0.053304904051172705,41,9,0.18,0.9239142844099739,0.037820141970979715,0.0045681248030585,water_per_shift_diff_前7天,0.0012034413610565,31 - 33日龄
"[-4.04, inf)",535,0.570362473347548,350,185,0.34579439252336447,0.04514412444701995,0.001154695652469677,0.0002120560682207,water_per_shift_diff_前7天,0.0014575862164725,31 - 33日龄
,938,1.0,604,334,0.35607675906183367,,0.09226275284163275,0.010995422697005238,water_per_shift_diff_前7天,0.001499532926655015,31 - 33日龄
"[-inf, -59.35)",50,0.07656967840735068,4,46,0.92,-2.5373648602525756,0.3456247729014057,0.0344034889168668,water_per_diff,0.0041386118776919,34 - 35日龄
"[-59.35, -40.29)",79,0.12098009188361408,11,68,0.8607594936708861,-1.9166302572611071,0.357424278903876,0.0388916196026257,water_per_diff,0.0031102629360095,34 - 35日龄
"[-40.29, -26.75)",63,0.09647779479326186,20,43,0.6825396825396826,-0.8604856670229426,0.0686531032733184,0.0083263107225374,water_per_diff,0.0021831748495748,34 - 35日龄
"[-26.75, -3.82)",189,0.2894333843797856,97,92,0.48677248677248675,-0.04209542342902846,0.0005133202101074613,6.416028909940995e-05,water_per_diff,0.0018428856028229,34 - 35日龄
"[-3.82, 18.14)",173,0.2649310872894334,124,49,0.2832369942196532,0.8334434426110391,0.17086993202061182,0.0207612615719953,water_per_diff,0.001307370547464,34 - 35日龄
"[18.14, inf)",99,0.15160796324655437,86,13,0.13131313131313133,1.7943801139086,0.3762121485132075,0.0415854786004383,water_per_diff,0.0010078297078063,34 - 35日龄
,653,1.0,342,311,0.4762633996937213,,1.3192975558225268,0.1440323197035629,water_per_diff,0.0019363506984229426,34 - 35日龄
"[-inf, -30.78)",41,0.06278713629402756,7,34,0.8292682926829268,-1.6754682004442192,0.14887694818072542,0.0166989120921467,water_per_shift_diff,0.0035466738836011005,34 - 35日龄
"[-30.78, -16.15)",106,0.16232771822358347,38,68,0.6415094339622641,-0.676939370333092,0.07279698123267622,0.0089297636291501,water_per_shift_diff,0.0023035026473963,34 - 35日龄
"[-16.15, -2.58)",161,0.24655436447166923,82,79,0.4906832298136646,-0.0577464300861395,0.0008230720371052412,0.0001028697119309,water_per_shift_diff,0.0019488860301624,34 - 35日龄
"[-2.58, 9.40)",198,0.30321592649310875,129,69,0.3484848484848485,0.5306880748810417,0.08243073358069321,0.0101846078194905,water_per_shift_diff,0.0016584289425337,34 - 35日龄
"[9.40, 12.58)",39,0.05972434915773354,30,9,0.23076923076923078,1.108954979442565,0.06518480783997026,0.0077546794992085,water_per_shift_diff,0.0013286309150233,34 - 35日龄
"[12.58, inf)",108,0.16539050535987748,56,52,0.48148148148148145,-0.02090985272964911,7.234562912046484e-05,9.043038898365783e-06,water_per_shift_diff,0.0016749621208779,34 - 35日龄
,653,1.0,342,311,0.4762633996937213,,0.3701848885002908,0.043679875790825065,water_per_shift_diff,0.0019363506984229613,34 - 35日龄
"[-inf, -57.01)",33,0.05053598774885146,3,30,0.9090909090909091,-2.3976029178774168,0.21024841968976388,0.0213762518398841,water_per_diff_前1天,0.0035960349611386,34 - 35日龄
"[-57.01, -19.96)",177,0.27105666156202146,47,130,0.7344632768361582,-1.1124046736288948,0.31211798081182296,0.0393317434860594,water_per_diff_前1天,0.00274881611401677,34 - 35日龄
"[-19.96, -4.79)",135,0.20673813169984687,72,63,0.4666666666666667,0.03851356774115155,0.0003063357055058588,3.8289596769009154e-05,water_per_diff_前1天,0.0018397037879795,34 - 35日龄
"[-4.79, 11.09)",154,0.23583460949464014,100,54,0.35064935064935066,0.5211683145404458,0.06189614852367301,0.0076506281531947,water_per_diff_前1天,0.0015114056661579,34 - 35日龄
"[11.09, inf)",154,0.23583460949464014,120,34,0.22077922077922077,1.1661133932825134,0.28167752863066065,0.0333412214835419,water_per_diff_前1天,0.0011565643909487,34 - 35日龄
,653,1.0,342,311,0.4762633996937213,,0.8662464133614264,0.1017381345594491,water_per_diff_前1天,0.0019363506984229571,34 - 35日龄
"[-inf, -48.11)",34,0.05206738131699847,4,30,0.8823529411764706,-2.109920845425636,0.17885190521386898,0.018957349952955,water_per_diff_前2天,0.0032014729889856,34 - 35日龄
"[-48.11, -17.80)",160,0.2450229709035222,42,118,0.7375,-1.1280328310656675,0.2894692473919852,0.0343795411887418,water_per_diff_前2天,0.0028048251176414,34 - 35日龄
"[-17.80, 3.51)",210,0.3215926493108729,116,94,0.44761904761904764,0.1152775839529898,0.004257256818857713,0.0005318626399237,water_per_diff_前2天,0.0018758585336428,34 - 35日龄
"[3.51, 7.33)",45,0.06891271056661562,38,7,0.15555555555555556,1.5966581857877014,0.141468821034423,0.0160161594760259,water_per_diff_前2天,0.0010628102891047,34 - 35日龄
"[7.33, 29.53)",170,0.26033690658499237,124,46,0.27058823529411763,0.8966223442325709,0.19247176024819068,0.0232841251627232,water_per_diff_前2天,0.001224901324008,34 - 35日龄
"[29.53, inf)",34,0.05206738131699847,18,16,0.47058823529411764,0.022765210773012426,2.6968433814704123e-05,3.3709814343476805e-06,water_per_diff_前2天,0.0016713213372349,34 - 35日龄
,653,1.0,342,311,0.4762633996937213,,0.8065459591411402,0.09317240940180395,water_per_diff_前2天,0.0019363506984229409,34 - 35日龄
"[-inf, -42.15)",36,0.055130168453292494,13,23,0.6388888888888888,-0.665562683350984,0.023922511220650342,0.0029363151444035,water_per_diff_前3天,0.0026005006886621,34 - 35日龄
"[-42.15, -25.97)",63,0.09647779479326186,13,50,0.7936507936507936,-1.4420914728499803,0.17703116113839712,0.0203909633490598,water_per_diff_前3天,0.0032082592358109,34 - 35日龄
"[-25.97, -18.03)",71,0.10872894333843798,23,48,0.676056338028169,-0.8307246198621123,0.07234728713057997,0.0087920276290791,water_per_diff_前3天,0.0026772219765677,34 - 35日龄
"[-18.03, -8.02)",107,0.1638591117917305,47,60,0.5607476635514018,-0.33921478539541305,0.018826130367886305,0.0023420482062075,water_per_diff_前3天,0.0021625803724383,34 - 35日龄
"[-8.02, -4.77)",44,0.06738131699846861,21,23,0.5227272727272727,-0.18598960308909765,0.0023344438814985177,0.000291385620715,water_per_diff_前3天,0.0020277373059443,34 - 35日龄
"[-4.77, inf)",332,0.5084226646248086,225,107,0.32228915662650603,0.6482537428591431,0.20345008734680672,0.024995117823695,water_per_diff_前3天,0.0013795161077515,34 - 35日龄
,653,1.0,342,311,0.4762633996937213,,0.497911621085819,0.0597478577731599,water_per_diff_前3天,0.0019363506984229318,34 - 35日龄
"[-inf, -25.75)",127,0.19448698315467075,38,89,0.7007874015748031,-0.9460680348891252,0.16562105648291225,0.0199635353845748,water_per_diff_前5天,0.0029988873244019,34 - 35日龄
"[-25.75, -13.95)",123,0.1883614088820827,57,66,0.5365853658536586,-0.2416212990752464,0.011006329271916368,0.0013724542367418,water_per_diff_前5天,0.0021801503884526,34 - 35日龄
"[-13.95, -7.94)",78,0.11944869831546708,37,41,0.5256410256410257,-0.19767197894345437,0.004674084983761001,0.0005833112473916,water_per_diff_前5天,0.0018553029523236998,34 - 35日龄
"[-7.94, -4.24)",51,0.0781010719754977,39,12,0.23529411764705882,1.0836371714582749,0.08176029315876586,0.0097476224972684,water_per_diff_前5天,0.0013085962079257003,34 - 35日龄
"[-4.24, 14.49)",188,0.2879019908116386,121,67,0.35638297872340424,0.49608010132240404,0.06864115803728606,0.0084932326527849,water_per_diff_前5天,0.0014497156223189998,34 - 35日龄
"[14.49, inf)",86,0.13169984686064318,50,36,0.4186046511627907,0.23348624208866503,0.0071080691589392574,0.0008864958892383,water_per_diff_前5天,0.0015281540024423,34 - 35日龄
,653,1.0,342,311,0.4762633996937213,,0.33881099109358076,0.0410466519079998,water_per_diff_前5天,0.0019363506984229405,34 - 35日龄
"[-inf, -38.99)",34,0.05206738131699847,12,22,0.6470588235294118,-0.7011536284536867,0.02499741034482597,0.0030622034107278,water_per_diff_前7天,0.0020700216309247,34 - 35日龄
"[-38.99, -26.06)",68,0.10413476263399694,29,39,0.5735294117647058,-0.39128364102654345,0.015888701280472737,0.0019735140377879,water_per_diff_前7天,0.0026192455128782,34 - 35日龄
"[-26.06, -18.52)",74,0.11332312404287902,37,37,0.5,-0.09501782488337117,0.0010246652483145,0.0001280349950999,water_per_diff_前7天,0.0021132325225469,34 - 35日龄
"[-18.52, -6.66)",168,0.2572741194486983,85,83,0.49404761904761907,-0.07120717618965247,0.0013061544606721579,0.0001632348225428,water_per_diff_前7天,0.0020730812936677,34 - 35日龄
"[-6.66, 9.42)",211,0.3231240428790199,113,98,0.46445497630331756,0.04740251515839758,0.0007251075775437922,9.062996212752398e-05,water_per_diff_前7天,0.0017580654880159,34 - 35日龄
"[9.42, inf)",98,0.15007656967840735,66,32,0.32653061224489793,0.628901014343328,0.05665679020174281,0.0069676471012236,water_per_diff_前7天,0.0014320295282351002,34 - 35日龄
,653,1.0,342,311,0.4762633996937213,,0.10059882911357196,0.012385264329509524,water_per_diff_前7天,0.0019363506984229654,34 - 35日龄
"[-inf, -31.12)",35,0.05359877488514548,7,28,0.8,-1.4813121860032616,0.10304647208813424,0.0118188689169932,water_per_shift_diff_前1天,0.0033026414285022,34 - 35日龄
"[-31.12, -18.48)",71,0.10872894333843798,18,53,0.7464788732394366,-1.174937980539328,0.1383917472424052,0.0163679121831976,water_per_shift_diff_前1天,0.0024990009239624,34 - 35日龄
"[-18.48, -7.16)",131,0.2006125574272588,67,64,0.48854961832061067,-0.04920828885207685,0.00048624425625254147,6.07744003837409e-05,water_per_shift_diff_前1天,0.0018580451280565,34 - 35日龄
"[-7.16, 9.35)",291,0.445635528330781,173,118,0.4054982817869416,0.28758914514874334,0.036358955593305445,0.0045292716469864,water_per_shift_diff_前1天,0.0018114821638813,34 - 35日龄
"[9.35, 13.26)",57,0.08728943338437979,45,12,0.21052631578947367,1.2267380150989484,0.11407895401876325,0.0134280162754079,water_per_shift_diff_前1天,0.0013361675031272,34 - 35日龄
"[13.26, inf)",68,0.10413476263399694,32,36,0.5294117647058824,-0.21280086053975453,0.0047217054105208696,0.0005891020527602,water_per_shift_diff_前1天,0.0018339517842376,34 - 35日龄
,653,1.0,342,311,0.4762633996937213,,0.39708407860938155,0.04679394547572904,water_per_shift_diff_前1天,0.0019363506984229318,34 - 35日龄
"[-inf, -18.74)",66,0.10107197549770292,17,49,0.7424242424242424,-1.1536247789377816,0.12441689550022841,0.0147433038057217,water_per_shift_diff_前2天,0.0026976169635403,34 - 35日龄
"[-18.74, -4.82)",167,0.2557427258805513,78,89,0.5329341317365269,-0.2269453679259192,0.013186310654013478,0.0016447606742634,water_per_shift_diff_前2天,0.0020729206340711,34 - 35日龄
"[-4.82, -0.85)",87,0.1332312404287902,46,41,0.47126436781609193,0.020051504901416137,5.354005558378175e-05,6.692394833231847e-06,water_per_shift_diff_前2天,0.0018396961764715002,34 - 35日龄
"[-0.85, 1.21)",38,0.05819295558958652,28,10,0.2631578947368421,0.9346015922977873,0.04646559128326563,0.0056056306485984,water_per_shift_diff_前2天,0.0013366639907239,34 - 35日龄
"[1.21, 16.37)",249,0.38131699846860645,150,99,0.39759036144578314,0.3204976190782949,0.038545773333047026,0.0047977052666788,water_per_shift_diff_前2天,0.0018149606135365,34 - 35日龄
"[16.37, inf)",46,0.07044410413476264,23,23,0.5,-0.09501782488337104,0.0006369540732765796,7.958932127833567e-05,water_per_shift_diff_前2天,0.0016835771481635998,34 - 35日龄
,653,1.0,342,311,0.4762633996937213,,0.22330506489941493,0.02687768211137387,water_per_shift_diff_前2天,0.0019363506984229344,34 - 35日龄
"[-inf, -18.85)",38,0.05819295558958652,10,28,0.7368421052631579,-1.1246372420645294,0.06836938387007811,0.0081224716467842,water_per_shift_diff_前3天,0.0025882154987826,34 - 35日龄
"[-18.85, -4.60)",160,0.2450229709035222,77,83,0.51875,-0.1700530108262851,0.007097133516273479,0.0008860742999285,water_per_shift_diff_前3天,0.0020986868031193,34 - 35日龄
"[-4.60, 7.49)",222,0.33996937212863704,130,92,0.4144144144144144,0.2507280485231711,0.021135628166626726,0.0026350549817214,water_per_shift_diff_前3天,0.0017552637024222002,34 - 35日龄
"[7.49, 8.95)",36,0.055130168453292494,27,9,0.25,1.0035944637847387,0.050188215273039474,0.0060228304810222,water_per_shift_diff_前3天,0.0014383097351369,34 - 35日龄
"[8.95, inf)",197,0.3016845329249617,98,99,0.5025380710659898,-0.10517019634738906,0.003342126545704058,0.0004531651956522,water_per_shift_diff_前3天,0.001973843838653253,34 - 35日龄
,653,1.0,342,311,0.4762633996937213,,0.15013248737172186,0.0181195966051085,water_per_shift_diff_前3天,0.001936350698422932,34 - 35日龄
"[-inf, -9.87)",101,0.1546707503828484,38,63,0.6237623762376238,-0.6005663915485181,0.0549285445646376,0.0067647081495849,water_per_shift_diff_前5天,0.0022682725111701,34 - 35日龄
"[-9.87, 4.38)",282,0.4318529862174579,144,138,0.48936170212765956,-0.05245821046457515,0.001189609105136754,0.0001486840902675,water_per_shift_diff_前5天,0.0020134276129888,34 - 35日龄
"[4.38, 10.21)",120,0.18376722817764166,65,55,0.4583333333333333,0.07203625977979508,0.000951570532620785,0.0001189206049599,water_per_shift_diff_前5天,0.0019100985236421,34 - 35日龄
"[10.21, 13.05)",55,0.08422664624808576,39,16,0.2909090909090909,0.7959550990064942,0.0498173510660408,0.0060678227911058,water_per_shift_diff_前5天,0.0015072952462075,34 - 35日龄
"[13.05, 17.56)",54,0.08269525267993874,34,20,0.37037037037037035,0.43561042617879947,0.015292767448446223,0.0018966238203988,water_per_shift_diff_前5天,0.0015450509364361,34 - 35日龄
"[17.56, inf)",41,0.06278713629402756,22,19,0.4634146341463415,0.05158564930850432,0.00016684025650256167,2.0852719999928625e-05,water_per_shift_diff_前5天,0.001756319113004,34 - 35日龄
,653,1.0,342,311,0.4762633996937213,,0.12234668297338472,0.015017612176316829,water_per_shift_diff_前5天,0.0019363506984229702,34 - 35日龄
"[-inf, -21.90)",46,0.0705521472392638,14,32,0.6956521739130435,-0.9187681382887506,0.05681494234752738,0.0068959261305761,water_per_shift_diff_前7天,0.0025856055452705,34 - 35日龄
"[-21.90, -15.86)",57,0.08742331288343558,28,29,0.5087719298245614,-0.1271808849155528,0.0014163055990539257,0.0001848887694233,water_per_shift_diff_前7天,0.0021741540998656,34 - 35日龄
"[-15.86, -4.48)",228,0.3496932515337423,120,108,0.47368421052631576,0.01327095055354356,6.156762003510972e-05,4.667521713021391e-06,water_per_shift_diff_前7天,0.0019467022433953,34 - 35日龄
"[-4.48, -1.51)",66,0.10122699386503067,35,31,0.4696969696969697,0.029271291899984807,8.666760008481993e-05,8.761191186187033e-06,water_per_shift_diff_前7天,0.0022468394463289,34 - 35日龄
"[-1.51, inf)",255,0.3911042944785276,144,111,0.43529411764705883,0.16819353315938385,0.010995518810704366,0.0013234971013657,water_per_shift_diff_前7天,0.0016811357219621,34 - 35日龄
,652,1.0,341,311,0.47699386503067487,,0.0693750019774056,0.008417740714264309,water_per_shift_diff_前7天,0.001938180617832751,34 - 35日龄
"[-inf, -11.15)",127,0.17162162162162162,119,8,0.06299212598425197,0.21623835969545357,0.007326254050456021,0.0009140017062446,water_per_diff,0.000669873699999,10 - 12日龄
"[-11.15, -7.92)",74,0.1,70,4,0.05405405405405406,0.3787572891932285,0.012239004130515053,0.0015207959645986,water_per_diff,0.0007298691697463,10 - 12日龄
"[-7.92, -3.94)",136,0.1837837837837838,133,3,0.022058823529411766,1.3082932478174043,0.1859052746378434,0.0217108666215613,water_per_diff,0.0006463547577282,10 - 12日龄
"[-3.94, 0.91)",184,0.24864864864864866,172,12,0.06521739130434782,0.17914423528921297,0.007399345774448501,0.0009236834078658,water_per_diff,0.0007442063828456,10 - 12日龄
"[0.91, inf)",219,0.2959459459459459,189,30,0.136986301369863,-0.642893958338753,0.16046339917232186,0.0197194842451181,water_per_diff,0.0008499138777148001,10 - 12日龄
,740,1.0,683,57,0.07702702702702703,,0.37333327776558484,0.044788831945388394,water_per_diff,0.0007433157286152243,10 - 12日龄
"[-inf, -2.07)",260,0.35135135135135137,241,19,0.07307692307692308,0.05691436258797462,0.00111106613153684,0.0001388645246075,water_per_shift_diff,0.0007402995296236,10 - 12日龄
"[-2.07, 0.55)",143,0.19324324324324324,139,4,0.027972027972027972,1.0647359802745613,0.14197026723190384,0.0194536351208045,water_per_shift_diff,0.0006624990434963636,10 - 12日龄
"[0.55, inf)",337,0.4554054054054054,303,34,0.10089020771513353,-0.29607131084303207,0.045257516396364945,0.005636617222677,water_per_shift_diff,0.0007799358998609,10 - 12日龄
,740,1.0,683,57,0.07702702702702703,,0.1883388497598056,0.025229116868089,water_per_shift_diff,0.0007433157286151883,10 - 12日龄
"[-inf, -13.81)",92,0.12432432432432433,89,3,0.03260869565217391,0.9065804893277902,0.07041944465149207,0.0085128554855127,water_per_diff_前1天,0.0006071956155959,10 - 12日龄
"[-13.81, -10.64)",47,0.06351351351351352,44,3,0.06382978723404255,0.2021337535139117,0.0023831751782097945,0.0002973907857454,water_per_diff_前1天,0.0006913902998805,10 - 12日龄
"[-10.64, 4.13)",481,0.65,450,31,0.06444906444906445,0.1918167865429792,0.02205861019118228,0.002753106861122,water_per_diff_前1天,0.0007314608889054,10 - 12日龄
"[4.13, 5.68)",39,0.052702702702702706,27,12,0.3076923076923077,-1.672513375519911,0.28599115205969655,0.0320898153989034,water_per_diff_前1天,0.0010258700065774,10 - 12日龄
"[5.68, 8.15)",39,0.052702702702702706,33,6,0.15384615384615385,-0.7786954994978146,0.04434429946280996,0.0054071038170338,water_per_diff_前1天,0.0009002588830612999,10 - 12日龄
"[8.15, inf)",42,0.05675675675675676,40,2,0.047619047619047616,0.5122886818177512,0.012027223939313778,0.0014871760343007,water_per_diff_前1天,0.0008272520044436,10 - 12日龄
,740,1.0,683,57,0.07702702702702703,,0.4372239054827044,0.050547448382617995,water_per_diff_前1天,0.0007433157286151949,10 - 12日龄
"[-inf, -4.05)",242,0.3292517006802721,210,32,0.1322314049586777,-0.5947243921881034,0.14967369037989683,0.0188274860828097,water_per_diff_前2天,0.0008492892887289001,10 - 12日龄
"[-4.05, inf)",493,0.6707482993197279,468,25,0.05070993914807302,0.4534964509436006,0.11413099627069966,0.017961916285570402,water_per_diff_前2天,0.0006911988379932515,10 - 12日龄
,735,1.0,678,57,0.07755102040816327,,0.2638046866505965,0.0367894023683801,water_per_diff_前2天,0.0007432503877592745,10 - 12日龄
"(-inf, -4.04)",138,0.1864864864864865,117,21,0.1521739130434782,-0.7657920946619068,0.1509513892382798,0.0184209719508301,water_per_diff_前3天,0.0009141638713547,10 - 12日龄
"[-4.04, -0.29)",117,0.1581081081081081,109,8,0.0683760683760683,0.1284627488130678,0.0024715162431221,0.0003087272751214,water_per_diff_前3天,0.000679374905272,10 - 12日龄
"[-0.29, 2.41)",227,0.3067567567567567,219,8,0.0352422907488986,0.8261865964004249,0.1489559405135902,0.0181073731768051,water_per_diff_前3天,0.0006626354675456,10 - 12日龄
"[2.41, 4.44)",69,0.0932432432432432,68,1,0.0144927536231884,1.736064113439867,0.1423865997332073,0.0158537193683165,water_per_diff_前3天,0.0007201103639988,10 - 12日龄
"[4.44, 8.96)",93,0.1256756756756756,84,9,0.0967741935483871,-0.2498513702291456,0.0087217901451647,0.0010873968402642,water_per_diff_前3天,0.0007486007497525,10 - 12日龄
"[8.96, inf)",74,0.1,65,9,0.1216216216216216,-0.5062808991768222,0.0317571589681693,0.0039277850016389,water_per_diff_前3天,0.0008112653271645,10 - 12日龄
,718,1.0,662,56,0.07799442896935933,,0.4852443948415335,0.05770597361297621,water_per_diff_前3天,0.0007456836327990201,10 - 12日龄
"[-inf, -1.36)",156,0.2311111111111111,142,14,0.08974358974358974,-0.0859838539634448,0.0017710729208948654,0.0007847037357468,water_per_diff_前5天,0.0006972490570877,10 - 12日龄
"[-1.36, -0.01)",215,0.31851851851851853,202,13,0.06046511627906977,0.3405647579902212,0.032077773333662365,0.0021924993382579,water_per_diff_前5天,0.0007281268259825,10 - 12日龄
"[-0.01, 0.03)",65,0.0962962962962963,64,1,0.015384615384615385,1.7561295014102252,0.15021128466655084,0.0143126517177563,water_per_diff_前5天,0.0006510669050447,10 - 12日龄
"[0.03, 1.09)",106,0.15703703703703703,98,8,0.07547169811320754,0.10277235504128918,0.0015891409618662322,8.649891426447203e-06,water_per_diff_前5天,0.0007741391945398001,10 - 12日龄
"[1.09, 5.12)",88,0.13037037037037036,75,13,0.14772727272727273,-0.6502148258746733,0.07216064029367264,0.0105703900555403,water_per_diff_前5天,0.0009176703195487,10 - 12日龄
"[5.12, inf)",45,0.06666666666666667,38,7,0.15555555555555556,-0.7110775712783745,0.04523211529739256,0.0064795098757401,water_per_diff_前5天,0.0008599904149826,10 - 12日龄
,675,1.0,619,56,0.08296296296296296,,0.3030420274740395,0.03434840461446785,water_per_diff_前5天,0.0007542974529415491,10 - 12日龄
"[-inf, -0.00)",330,0.5331179321486268,301,29,0.08787878787878788,-0.049301150383922965,0.001322656693585777,0.00491245650126532,water_per_diff_前7天,0.0007590760088232243,10 - 12日龄
"[-0.00, 0.07)",99,0.15993537964458804,97,2,0.020202020202020204,1.4924482127971126,0.19791997395321903,0.0173007847623218,water_per_diff_前7天,0.0006815722285987,10 - 12日龄
"[0.07, 2.08)",153,0.24717285945072698,138,15,0.09803921568627451,-0.16991210109133012,0.007658838093555069,0.0020125501579588,water_per_diff_前7天,0.0007709936580594,10 - 12日龄
"[2.08, inf)",37,0.05977382875605816,31,6,0.16216216216216217,-0.7468878498892336,0.04534422911754607,0.0061166829160825,water_per_diff_前7天,0.0008639746943690001,10 - 12日龄
,619,1.0,567,52,0.0840064620355412,,0.25224569785790596,0.03034247433762842,water_per_diff_前7天,0.0007558963278153093,10 - 12日龄
"[-inf, -3.95)",269,0.3659863945578231,259,10,0.03717472118959108,0.7781469485996466,0.16073971667626608,0.0191612605663048,water_per_shift_diff_前1天,0.0006488348537834,10 - 12日龄
"[-3.95, 0.32)",178,0.24217687074829933,167,11,0.06179775280898876,0.24400251951253923,0.01301271005318386,0.0015207196879345,water_per_shift_diff_前1天,0.0006986001274359,10 - 12日龄
"[0.32, 1.91)",47,0.06394557823129252,42,5,0.10638297872340426,-0.34786431425657743,0.008965296718924367,0.0011583847296126,water_per_shift_diff_前1天,0.0008412471644532001,10 - 12日龄
"[1.91, 5.12)",88,0.11972789115646258,78,10,0.11363636363636363,-0.4219722864102994,0.025484741408726353,0.0032612506546901,water_per_shift_diff_前1天,0.0007922764864086,10 - 12日龄
"[5.12, inf)",153,0.20816326530612245,132,21,0.13725490196078433,-0.6378165352428975,0.11080836872175162,0.0160309550034427,water_per_shift_diff_前1天,0.0009028933929312641,10 - 12日龄
,735,1.0,678,57,0.07755102040816327,,0.3190108335788523,0.04113257064198471,water_per_shift_diff_前1天,0.0007432503877592727,10 - 12日龄
"[-inf, -13.94)",70,0.09749303621169916,57,13,0.18571428571428572,-0.9918119548288455,0.14484435486198127,0.0174447769496699,water_per_shift_diff_前2天,0.0008657188352463,10 - 12日龄
"[-13.94, -1.23)",268,0.3732590529247911,247,21,0.07835820895522388,-0.005047966297304809,9.531658416361035e-06,1.5747220658817156e-05,water_per_shift_diff_前2天,0.0007535757441885,10 - 12日龄
"[-1.23, 9.35)",323,0.44986072423398327,309,14,0.043343653250773995,0.6243700820806278,0.1353430615990485,0.0245945684325656,water_per_shift_diff_前2天,0.000699095645968434,10 - 12日龄
"[9.35, inf)",57,0.07938718662952646,49,8,0.14035087719298245,-0.6575351087710684,0.04526406985282063,0.0056494868784138,water_per_shift_diff_前2天,0.0008251638033709999,10 - 12日龄
,718,1.0,662,56,0.07799442896935933,,0.32546101797226673,0.04770457948130812,water_per_shift_diff_前2天,0.0007456836327990392,10 - 12日龄
"[-inf, -17.40)",39,0.055873925501432664,30,9,0.23076923076923078,-1.2352638086288759,0.1408019327926439,0.017078097153988,water_per_shift_diff_前3天,0.0010465232244788,10 - 12日龄
"[-17.40, -2.01)",176,0.2521489971346705,155,21,0.11931818181818182,-0.4403339337589883,0.05881407292808917,0.0084863155295545,water_per_shift_diff_前3天,0.0008513120574574,10 - 12日龄
"[-2.01, -0.03)",102,0.14613180515759314,97,5,0.049019607843137254,0.5260364531144703,0.03251148750612908,0.0032392160452527,water_per_shift_diff_前3天,0.0007432706730905999,10 - 12日龄
"[-0.03, 0.08)",66,0.09455587392550144,65,1,0.015151515151515152,1.7351506569408253,0.14469241403840102,0.0146953370243821,water_per_shift_diff_前3天,0.000606152033744,10 - 12日龄
"[0.08, 7.86)",253,0.3624641833810888,241,12,0.04743083003952569,0.5606536707478427,0.09032337730784114,0.0090873832376939,water_per_shift_diff_前3天,0.0006656137083268,10 - 12日龄
"[7.86, inf)",62,0.08882521489971347,54,8,0.12903225806451613,-0.5296941080703735,0.03111687684258536,0.0043372897514216,water_per_shift_diff_前3天,0.0007841604179164,10 - 12日龄
,698,1.0,642,56,0.08022922636103152,,0.49826016141568963,0.056923638742292795,water_per_shift_diff_前3天,0.0007499759095516018,10 - 12日龄
"[-inf, -2.54)",66,0.10138248847926268,56,10,0.15151515151515152,-0.6601408840917752,0.05799895503917976,0.0086771977746005,water_per_shift_diff_前5天,0.0007998473474957,10 - 12日龄
"[-2.54, -1.13)",57,0.08755760368663594,52,5,0.08771929824561403,-0.04110167568555192,0.0001504637303925026,0.0002049308377143,water_per_shift_diff_前5天,0.0006682928737547,10 - 12日龄
"[-1.13, 0.02)",201,0.3087557603686636,191,10,0.04975124378109453,0.5667808532197054,0.07858508169260406,0.0060190013057182,water_per_shift_diff_前5天,0.0007036580295687,10 - 12日龄
"[0.02, 0.08)",61,0.09370199692780339,60,1,0.01639344262295082,1.7114370803892218,0.14117528570385768,0.0128004938176229,water_per_shift_diff_前5天,0.0006639482529426,10 - 12日龄
"[0.08, 3.04)",158,0.24270353302611367,148,10,0.06329113924050633,0.31171969893719054,0.02073059620753738,0.0010869615256314,water_per_shift_diff_前5天,0.0007948272912891,10 - 12日龄
"[3.04, inf)",108,0.16589861751152074,89,19,0.17592592592592593,-0.8387100912671794,0.1644925923354697,0.0229971491085424,water_per_shift_diff_前5天,0.0008636394093837,10 - 12日龄
,651,1.0,596,55,0.08448540706605223,,0.4631329747090411,0.051785734369829695,water_per_shift_diff_前5天,0.0007552603599825789,10 - 12日龄
"(-inf, -1.66)",104,0.1405405405405405,89,15,0.1442307692307692,-0.70285742310631,0.093374909257554,0.0114373952743,water_per_shift_diff_前7天,0.0008153784670965,10 - 12日龄
"[-1.66, -0.05)",103,0.1391891891891891,95,8,0.0776699029126213,-0.0090082418155348,1.1338107137273873e-05,1.4172586001656175e-06,water_per_shift_diff_前7天,0.0007619898566696,10 - 12日龄
"[-0.05, 0.08)",182,0.2459459459459459,168,14,0.0769230769230769,0.0014630580517605,5.261311737342304e-07,6.576639086478561e-08,water_per_shift_diff_前7天,0.0007717429416708,10 - 12日龄
"[0.08, 0.58)",69,0.0932432432432432,68,1,0.0144927536231884,1.736064113439867,0.1423865997332073,0.0158537193683165,water_per_shift_diff_前7天,0.0006570041113601,10 - 12日龄
"[0.58, 2.56)",84,0.1135135135135135,76,8,0.0952380952380952,-0.2321517931297445,0.0067502974447836,0.0008418974614628,water_per_shift_diff_前7天,0.0006853324073525,10 - 12日龄
"[2.56, inf)",46,0.0621621621621621,41,5,0.108695652173913,-0.3793094374660324,0.0105030842667381,0.0013050712085605,water_per_shift_diff_前7天,0.0008803935992242,10 - 12日龄
,588,1.0,537,51,0.08673469387755102,,0.253026754940594,0.029439566337630833,water_per_shift_diff_前7天,0.0007604436099742526,10 - 12日龄
