Bin,Count,Count (%),Non-event,Event,Event rate,WoE,IV,JS,feature,MORTALITY_RATE,Age_interval
"[-inf, -77.62)",207,0.23793103448275862,31,176,0.8502415458937198,-1.3453791308529826,0.33741380998567383,0.039480099804051,water_per_diff,0.0102428161861773,34 - 35日龄
"[-77.62, -49.55)",110,0.12643678160919541,23,87,0.7909090909090909,-0.9392962430254113,0.09590495704687763,0.0116733051413937,water_per_diff,0.0059253414553862,34 - 35日龄
"[-49.55, -29.65)",143,0.16436781609195403,51,92,0.6433566433566433,-0.19884528462469167,0.006356054500873252,0.0008367976257101,water_per_diff,0.0044476684461203,34 - 35日龄
"[-29.65, -2.95)",226,0.2597701149425287,107,119,0.5265486725663717,0.2848230010503996,0.02152014770052918,0.0025677599004393,water_per_diff,0.0037457851626642,34 - 35日龄
"[-2.95, 5.40)",52,0.059770114942528735,45,7,0.1346153846153846,2.251870000415029,0.2583292397096832,0.0266189357179948,water_per_diff,0.0023775400736951,34 - 35日龄
"[5.40, inf)",132,0.15172413793103448,94,38,0.2878787878787879,1.296826282243641,0.252347534723101,0.0291616604393412,water_per_diff,0.0025463999690044,34 - 35日龄
,870,1.0,351,519,0.596551724137931,,0.9718717436667381,0.1103385586289301,water_per_diff,0.005418817729803703,34 - 35日龄
"[-inf, -24.29)",139,0.15977011494252874,37,102,0.7338129496402878,-0.6229372409400238,0.05676122316290618,0.007090433200546,water_per_shift_diff,0.0079019245669499,34 - 35日龄
"[-24.29, -18.89)",49,0.05632183908045977,16,33,0.673469387755102,-0.3328011795266761,0.005990344502456348,0.0007688376090335,water_per_shift_diff,0.0062137115052943,34 - 35日龄
"[-18.89, -5.48)",204,0.23448275862068965,87,117,0.5735294117647058,0.09485184355685053,0.002127500468099904,0.0002342767517828,water_per_shift_diff,0.0055479017542934,34 - 35日龄
"[-5.48, -3.25)",52,0.059770114942528735,32,20,0.38461538461538464,0.8611212889457586,0.045322919478132585,0.0054088172738825,water_per_shift_diff,0.0033415196049776,34 - 35日龄
"[-3.25, 17.84)",364,0.41839080459770117,162,202,0.554945054945055,0.1704462975312022,0.012328115191229689,0.0014341664244726,water_per_shift_diff,0.0045648620954963,34 - 35日龄
"[17.84, inf)",62,0.07126436781609195,17,45,0.7258064516129032,-0.5823314860140808,0.02228708024137022,0.0027931118768337,water_per_shift_diff,0.005554697843038899,34 - 35日龄
,870,1.0,351,519,0.596551724137931,,0.14481718304419494,0.0177296431365511,water_per_shift_diff,0.00541881772980369,34 - 35日龄
"[-inf, -118.31)",54,0.06192660550458716,16,38,0.7037037037037037,-0.4795616112540127,0.013375907217016843,0.0016561486136092,water_per_diff_前1天,0.0128442924053489,34 - 35日龄
"[-118.31, -81.24)",99,0.11353211009174312,6,93,0.9393939393939394,-2.355404197692609,0.3820314493138138,0.0390864733492566,water_per_diff_前1天,0.0099656438786505,34 - 35日龄
"[-81.24, -55.00)",112,0.12844036697247707,21,91,0.8125,-1.080901242560835,0.12521927640380096,0.0149323365849729,water_per_diff_前1天,0.0070027327474561,34 - 35日龄
"[-55.00, -27.46)",191,0.2190366972477064,59,132,0.6910994764397905,-0.4198286524480595,0.03660756806703755,0.0045426336355203,water_per_diff_前1天,0.004787318188947,34 - 35日龄
"[-27.46, -2.02)",229,0.2626146788990826,113,116,0.5065502183406113,0.35923345383856764,0.034704312059521784,0.004314862725011,water_per_diff_前1天,0.0037179322397852,34 - 35日龄
"[-2.02, inf)",187,0.21444954128440366,138,49,0.2620320855614973,1.42086921327917,0.42131970946192515,0.0486387127704688,water_per_diff_前1天,0.0025887196060921,34 - 35日龄
,872,1.0,353,519,0.5951834862385321,,1.0132582225231161,0.11317116767883881,water_per_diff_前1天,0.005406389248772057,34 - 35日龄
"[-inf, -47.68)",252,0.2889908256880734,40,212,0.8412698412698413,-1.2822709943254842,0.37847945924088533,0.0443138069923368,water_per_diff_前2天,0.0088787799235042,34 - 35日龄
"[-47.68, -25.10)",186,0.21330275229357798,56,130,0.6989247311827957,-0.4567469334878414,0.041948309305138015,0.0051984298723473,water_per_diff_前2天,0.0052855235950571,34 - 35日龄
"[-25.10, -5.89)",182,0.20871559633027523,87,95,0.521978021978022,0.29746705328663464,0.01886375643443821,0.0023493141358418,water_per_diff_前2天,0.0039988390324737,34 - 35日龄
"[-5.89, 3.31)",90,0.10321100917431193,52,38,0.4222222222222222,0.6990933850876333,0.05179656677517526,0.0063458637607489,water_per_diff_前2天,0.0038951570929876,34 - 35日龄
"[3.31, 23.88)",118,0.1353211009174312,82,36,0.3050847457627119,1.208636135040735,0.19692363627462892,0.0232187327392157,water_per_diff_前2天,0.0027740031847625,34 - 35日龄
"[23.88, inf)",44,0.05045871559633028,36,8,0.18181818181818182,1.8895132230088658,0.16357278770418493,0.0178618003344933,water_per_diff_前2天,0.0020028699419199,34 - 35日龄
,872,1.0,353,519,0.5951834862385321,,0.8515845157344507,0.09928794783498382,water_per_diff_前2天,0.005406389248772048,34 - 35日龄
"[-inf, -39.60)",235,0.2694954128440367,39,196,0.8340425531914893,-1.2291171868682789,0.32838046005688454,0.0386443883719402,water_per_diff_前3天,0.0084547877358697,34 - 35日龄
"[-39.60, -13.16)",277,0.3176605504587156,96,181,0.6534296028880866,-0.24871301356539754,0.019099397882458517,0.0023812902998523,water_per_diff_前3天,0.0053464827862697,34 - 35日龄
"[-13.16, -5.08)",95,0.10894495412844037,44,51,0.5368421052631579,0.23779982742652722,0.006273158590842083,0.0007823024313989,water_per_diff_前3天,0.0043224005802963,34 - 35日龄
"[-5.08, 7.64)",134,0.1536697247706422,73,61,0.4552238805970149,0.5650214032076717,0.05043671927414488,0.0062220421430113,water_per_diff_前3天,0.0038404169282089,34 - 35日龄
"[7.64, 24.19)",87,0.09977064220183486,64,23,0.26436781609195403,1.4088246936631141,0.19299084280001955,0.022307934638812,water_per_diff_前3天,0.0026260915893996,34 - 35日龄
"[24.19, inf)",44,0.05045871559633028,37,7,0.1590909090909091,2.050443589821503,0.18726370796363345,0.0200130345712567,water_per_diff_前3天,0.002109242804937,34 - 35日龄
,872,1.0,353,519,0.5951834862385321,,0.784444286567983,0.0903509924562714,water_per_diff_前3天,0.005406389248772042,34 - 35日龄
"[-inf, -37.67)",164,0.18807339449541285,29,135,0.823170731707317,-1.1525431222193634,0.20510960802174655,0.0243076712677965,water_per_diff_前5天,0.0080788020319511,34 - 35日龄
"[-37.67, -26.70)",120,0.13761467889908258,35,85,0.7083333333333334,-0.501867368768311,0.032433857037213645,0.0040122132085857,water_per_diff_前5天,0.0071150725218873,34 - 35日龄
"[-26.70, -16.50)",137,0.15711009174311927,46,91,0.6642335766423357,-0.2967822837951631,0.013362792136906885,0.0016642457258454,water_per_diff_前5天,0.0050717208224983,34 - 35日龄
"[-16.50, -10.17)",96,0.11009174311926606,42,54,0.5625,0.13412139795168582,0.0020029591925844123,0.0002501824097246,water_per_diff_前5天,0.0046934033857676,34 - 35日龄
"[-10.17, 20.97)",309,0.3543577981651376,167,142,0.459546925566343,0.5476025810480863,0.10923835622855248,0.0134867020116767,water_per_diff_前5天,0.0040551894435723,34 - 35日龄
"[20.97, inf)",46,0.052752293577981654,34,12,0.2608695652173913,1.4268897010607529,0.10444246612424576,0.0120495248584452,water_per_diff_前5天,0.00298246028876,34 - 35日龄
,872,1.0,353,519,0.5951834862385321,,0.4665900387412497,0.0557705394820741,water_per_diff_前5天,0.005406389248772034,34 - 35日龄
"[-inf, -45.24)",44,0.05045871559633028,16,28,0.6363636363636364,-0.1741799617028307,0.0015021496967390568,0.0001875317111123,water_per_diff_前7天,0.0063568751123181,34 - 35日龄
"[-45.24, -28.80)",156,0.17889908256880735,45,111,0.7115384615384616,-0.5174318853094225,0.04470305108799085,0.0055263676017393,water_per_diff_前7天,0.007100786222487199,34 - 35日龄
"[-28.80, -22.72)",78,0.08944954128440367,16,62,0.7948717948717948,-0.9691098365727184,0.07184468825061632,0.0086448710916961,water_per_diff_前7天,0.0065848910142821,34 - 35日龄
"[-22.72, -18.23)",52,0.05963302752293578,18,34,0.6538461538461539,-0.2505529404874049,0.0036378021674744803,0.0004535395674,water_per_diff_前7天,0.0050960297499177,34 - 35日龄
"[-18.23, 6.84)",400,0.45871559633027525,180,220,0.55,0.1847651307704408,0.01589403494922218,0.0019839331783411,water_per_diff_前7天,0.0049231020730513,34 - 35日龄
"[6.84, inf)",142,0.1628440366972477,78,64,0.4507042253521127,0.5832615695625117,0.05695497158663879,0.007020141987632,water_per_diff_前7天,0.0040781013658379,34 - 35日龄
,872,1.0,353,519,0.5951834862385321,,0.19453669773868168,0.023816385137920802,water_per_diff_前7天,0.005406389248772047,34 - 35日龄
"[-inf, -24.52)",151,0.1731651376146789,38,113,0.7483443708609272,-0.7043658327533631,0.0775349508978209,0.0094963589096002,water_per_shift_diff_前1天,0.0089144544874963,34 - 35日龄
"[-24.52, -9.13)",216,0.24770642201834864,76,140,0.6481481481481481,-0.22547325609038146,0.012277485045645888,0.0015314430117226,water_per_shift_diff_前1天,0.0056022843224428,34 - 35日龄
"[-9.13, 3.96)",273,0.3130733944954128,122,151,0.5531135531135531,0.17217703415092414,0.009412047558343871,0.0011750548688489,water_per_shift_diff_前1天,0.0046395567387749,34 - 35日龄
"[3.96, 7.13)",63,0.07224770642201835,34,29,0.4603174603174603,0.5445005208622791,0.02201992477944961,0.0027189842554539,water_per_shift_diff_前1天,0.003540805693191,34 - 35日龄
"[7.13, 13.70)",86,0.09862385321100918,57,29,0.3372093023255814,1.0611912640806678,0.11205797919787233,0.013384912125586,water_per_shift_diff_前1天,0.0032729208488308,34 - 35日龄
"[13.70, inf)",83,0.09518348623853211,26,57,0.6867469879518072,-0.39951890358047626,0.014451477148950731,0.0017945157657999,water_per_shift_diff_前1天,0.0046633065338987,34 - 35日龄
,872,1.0,353,519,0.5951834862385321,,0.24775386462808335,0.0301012689370115,water_per_shift_diff_前1天,0.005406389248772027,34 - 35日龄
"[-inf, -38.17)",53,0.06077981651376147,10,43,0.8113207547169812,-1.0731791964669248,0.05851297708880181,0.0069821749729345,water_per_shift_diff_前2天,0.0111638439758459,34 - 35日龄
"[-38.17, -13.27)",226,0.2591743119266055,73,153,0.6769911504424779,-0.3545426540114525,0.03119933554925652,0.0038796185675603,water_per_shift_diff_前2天,0.0067028117675695,34 - 35日龄
"[-13.27, 0.33)",277,0.3176605504587156,115,162,0.5848375451263538,0.042771619363457844,0.0005834180833116687,7.292170200723282e-05,water_per_shift_diff_前2天,0.00461326445487,34 - 35日龄
"[0.33, 5.68)",99,0.11353211009174312,44,55,0.5555555555555556,0.16229227491838216,0.0030304621138700235,0.0003783925886387,water_per_shift_diff_前2天,0.0049471305891895,34 - 35日龄
"[5.68, 9.47)",74,0.08486238532110092,47,27,0.36486486486486486,0.9397465619383213,0.07623351402253914,0.0091933319103735,water_per_shift_diff_前2天,0.0033810619160056996,34 - 35日龄
"[9.47, inf)",143,0.16399082568807338,64,79,0.5524475524475524,0.17487105712524223,0.005086529791003707,0.0006350073277034,water_per_shift_diff_前2天,0.0041259683260525,34 - 35日龄
,872,1.0,353,519,0.5951834862385321,,0.17464623664878287,0.021141447069217632,water_per_shift_diff_前2天,0.005406389248772041,34 - 35日龄
"[-inf, -12.89)",225,0.2580275229357798,71,154,0.6844444444444444,-0.38883689913972175,0.03716943465388302,0.0046171290320944,water_per_shift_diff_前3天,0.0075816956508843,34 - 35日龄
"[-12.89, -9.86)",49,0.05619266055045872,8,41,0.8367346938775511,-1.2486946987918799,0.07034544524079862,0.0082630299219078,water_per_shift_diff_前3天,0.0062310764047639996,34 - 35日龄
"[-9.86, 4.65)",327,0.375,127,200,0.6116207951070336,-0.06869445385685352,0.0017574159569616462,0.000219633811479,water_per_shift_diff_前3天,0.0048423890234158,34 - 35日龄
"[4.65, 13.23)",146,0.16743119266055045,78,68,0.4657534246575342,0.5226369477460768,0.04700700096044285,0.0058099006523284,water_per_shift_diff_前3天,0.0042262798175237,34 - 35日龄
"[13.23, inf)",125,0.143348623853211,69,56,0.448,0.5941906400947021,0.05203185707445298,0.0064099602005522,water_per_shift_diff_前3天,0.0040213527650511,34 - 35日龄
,872,1.0,353,519,0.5951834862385321,,0.20831115388653912,0.0253196536183618,water_per_shift_diff_前3天,0.005406389248772038,34 - 35日龄
"[-inf, -21.80)",69,0.07912844036697247,12,57,0.8260869565217391,-1.1727087918139578,0.08892915251421242,0.010519979997889,water_per_shift_diff_前5天,0.0076462198427231,34 - 35日龄
"[-21.80, -9.30)",161,0.18463302752293578,53,108,0.6708074534161491,-0.3264034873395059,0.018915357082881844,0.002353979252281,water_per_shift_diff_前5天,0.0058589842939314,34 - 35日龄
"[-9.30, 8.15)",429,0.4919724770642202,179,250,0.5827505827505828,0.051360714211100424,0.0013038731150874568,0.0001629662275982,water_per_shift_diff_前5天,0.0054806105064209,34 - 35日龄
"[8.15, 13.91)",111,0.12729357798165136,54,57,0.5135135135135135,0.3313686049623162,0.014297864285901248,0.0017791006922167,water_per_shift_diff_前5天,0.0042735636125749,34 - 35日龄
"[13.91, 20.07)",57,0.06536697247706422,35,22,0.38596491228070173,0.8497414343636899,0.04823211545382006,0.0058539319763274,water_per_shift_diff_前5天,0.0039547283369546,34 - 35日龄
"[20.07, inf)",45,0.051605504587155966,20,25,0.5555555555555556,0.16229227491838216,0.0013774827790318288,0.0001719966311994,water_per_shift_diff_前5天,0.0042781955778124,34 - 35日龄
,872,1.0,353,519,0.5951834862385321,,0.17305584523093484,0.020841954777511697,water_per_shift_diff_前5天,0.005406389248772018,34 - 35日龄
"[-inf, -19.14)",91,0.1044776119402985,23,68,0.7472527472527473,-0.7005063039207707,0.04631630270271428,0.0056373421770804,water_per_shift_diff_前7天,0.006391857949056701,34 - 35日龄
"[-19.14, -8.71)",203,0.2330654420206659,70,133,0.6551724137931034,-0.25834670084620837,0.015102037064243169,0.0018527322716109,water_per_shift_diff_前7天,0.0057153552791874,34 - 35日龄
"[-8.71, -0.32)",272,0.31228473019517794,120,152,0.5588235294117647,0.14711840726195585,0.00684204302534083,0.0008761901023847,water_per_shift_diff_前7天,0.0055447562859258,34 - 35日龄
"[-0.32, 1.54)",51,0.05855338691159587,31,20,0.39215686274509803,0.8217621162573416,0.040437811161273804,0.004935499123786,water_per_shift_diff_前7天,0.0043738696302361,34 - 35日龄
"[1.54, 12.60)",187,0.21469575200918484,89,98,0.5240641711229946,0.2871760763877543,0.018073557521685477,0.0022796071021868,water_per_shift_diff_前7天,0.0045866105564888,34 - 35日龄
"[12.60, inf)",67,0.07692307692307693,20,47,0.7014925373134329,-0.4709081428298813,0.016046838668954413,0.0019693761267407,water_per_shift_diff_前7天,0.0056784985576635,34 - 35日龄
,871,1.0,353,518,0.5947187141216992,,0.14281859014421194,0.0175507469037895,water_per_shift_diff_前7天,0.005409038844293824,34 - 35日龄
"[-inf, -71.09)",149,0.12153344208809136,19,130,0.87248322147651,-2.0800235799943874,0.4188006187934022,0.0445754913229096,water_per_diff,0.009439325071434,31 - 33日龄
"[-71.09, -44.48)",166,0.13539967373572595,47,119,0.7168674698795181,-1.0859040001067162,0.15149998533078157,0.018058661869926,water_per_diff,0.0058897882692627,31 - 33日龄
"[-44.48, -22.05)",288,0.23491027732463296,146,142,0.4930555555555556,-0.12914854459816974,0.0039325699842565915,0.0004912299040511,water_per_diff,0.0039957163158879,31 - 33日龄
"[-22.05, -0.79)",334,0.2724306688417618,213,121,0.36227544910179643,0.40857351140743864,0.044158518775386846,0.0054817393173183,water_per_diff,0.0029871173960177,31 - 33日龄
"[-0.79, 9.15)",125,0.10195758564437195,94,31,0.248,0.9523794690796124,0.08318226849077658,0.0100218213342334,water_per_diff,0.0026713937411599,31 - 33日龄
"[9.15, inf)",164,0.13376835236541598,142,22,0.13414634146341464,1.7078564955376996,0.30039140877694137,0.033562057546906,water_per_diff,0.0017203864092198997,31 - 33日龄
,1226,1.0,661,565,0.46084828711256115,,1.0019653701515452,0.11219100129534439,water_per_diff,0.004199588406479569,31 - 33日龄
"[-inf, -36.57)",62,0.05057096247960848,15,47,0.7580645161290323,-1.2990255093130938,0.07858188667318601,0.0091855631628695,water_per_shift_diff,0.007638020215177,31 - 33日龄
"[-36.57, -21.59)",120,0.09787928221859707,46,74,0.6166666666666667,-0.63235180542032,0.03881497004392758,0.0047726156560466,water_per_shift_diff,0.0062548672554618,31 - 33日龄
"[-21.59, 0.44)",578,0.47145187601957583,292,286,0.49480968858131485,-0.1361661172568162,0.008774513750692938,0.0010959676592469,water_per_shift_diff,0.0041820453379756,31 - 33日龄
"[0.44, 5.65)",146,0.11908646003262642,90,56,0.3835616438356164,0.31752987088987045,0.011762034551806643,0.0014641086766302,water_per_shift_diff,0.0039009616622657,31 - 33日龄
"[5.65, 7.57)",65,0.05301794453507341,52,13,0.2,1.2293662524146454,0.06842632184794623,0.0080523407126015,water_per_shift_diff,0.0021085953801792,31 - 33日龄
"[7.57, inf)",255,0.20799347471451876,166,89,0.34901960784313724,0.466423309919158,0.04366306170078503,0.0054089410775988,water_per_shift_diff,0.003140128449393,31 - 33日龄
,1226,1.0,661,565,0.46084828711256115,,0.2500227885683444,0.029979536944993498,water_per_shift_diff,0.004199588406479561,31 - 33日龄
"[-inf, -70.29)",91,0.07422512234910278,9,82,0.9010989010989011,-2.366422778633279,0.31122484735686284,0.0317900719012944,water_per_diff_前1天,0.0101252785347883,31 - 33日龄
"[-70.29, -37.85)",211,0.17210440456769985,59,152,0.7203791469194313,-1.1032711856458024,0.19833268871434334,0.0236060955313311,water_per_diff_前1天,0.006359345829467001,31 - 33日龄
"[-37.85, -20.54)",269,0.21941272430668843,130,139,0.516728624535316,-0.22386759138035464,0.011046967832457007,0.001377994656425,water_per_diff_前1天,0.0042086868670094,31 - 33日龄
"[-20.54, -4.85)",286,0.233278955954323,172,114,0.3986013986013986,0.25436791971371225,0.014865741677724774,0.0018532241803211,water_per_diff_前1天,0.0031750296613687,31 - 33日龄
"[-4.85, 21.53)",306,0.2495921696574225,235,71,0.23202614379084968,1.039977528397598,0.23904738314905918,0.0286031982233975,water_per_diff_前1天,0.0024370038015872,31 - 33日龄
"[21.53, inf)",63,0.05138662316476346,56,7,0.1111111111111111,1.9225134329745905,0.13905682022396373,0.0151191650788062,water_per_diff_前1天,0.0015802326348889,31 - 33日龄
,1226,1.0,661,565,0.46084828711256115,,0.9135744489544108,0.1023497495715753,water_per_diff_前1天,0.004199588406479554,31 - 33日龄
"[-inf, -52.21)",124,0.10114192495921696,18,106,0.8548387096774194,-1.9299954449211478,0.3095310328116345,0.0336210171927295,water_per_diff_前2天,0.0084320634761228,31 - 33日龄
"[-52.21, -37.15)",131,0.1068515497553018,41,90,0.6870229007633588,-0.9431657123312026,0.09173682808410677,0.0110601226109834,water_per_diff_前2天,0.0065091921004564,31 - 33日龄
"[-37.15, -22.12)",230,0.18760195758564438,103,127,0.5521739130434783,-0.366386206934201,0.0252638871138381,0.0031404400830451,water_per_diff_前2天,0.0049259081896578,31 - 33日龄
"[-22.12, -9.64)",268,0.21859706362153344,151,117,0.43656716417910446,0.0981777933119229,0.0020972847122020027,0.0002620553508165,water_per_diff_前2天,0.0035075294839627,31 - 33日龄
"[-9.64, 13.42)",355,0.2895595432300163,246,109,0.30704225352112674,0.6570555449979736,0.11777262993241493,0.0144623482894846,water_per_diff_前2天,0.0027179061884494,31 - 33日龄
"[13.42, inf)",118,0.09624796084828711,102,16,0.13559322033898305,1.6954559823392445,0.21361569569568986,0.0239027416721729,water_per_diff_前2天,0.0018015412535768,31 - 33日龄
,1226,1.0,661,565,0.46084828711256115,,0.7600173583498862,0.086448725199232,water_per_diff_前2天,0.004199588406479538,31 - 33日龄
"[-inf, -55.05)",67,0.05464926590538336,13,54,0.8059701492537313,-1.580962797807983,0.12000780355604544,0.0136111238476523,water_per_diff_前3天,0.0080916245538091,31 - 33日龄
"[-55.05, -33.68)",193,0.15742251223491027,60,133,0.689119170984456,-0.9529326747048985,0.1378194812334106,0.0166038343263562,water_per_diff_前3天,0.0063070514209825,31 - 33日龄
"[-33.68, -27.03)",129,0.10522022838499184,51,78,0.6046511627906976,-0.5818113026705112,0.03543072163826713,0.0043674127433417,water_per_diff_前3天,0.0055397494117788,31 - 33日龄
"[-27.03, -18.99)",146,0.11908646003262642,73,73,0.5,-0.15692810870524546,0.002944726241565772,0.0003677135462216,water_per_diff_前3天,0.0043560988638102,31 - 33日龄
"[-18.99, -9.65)",200,0.1631321370309951,113,87,0.435,0.10455159135251138,0.0017743241963563302,0.0002216895630545,water_per_diff_前3天,0.0035884084135005003,31 - 33日龄
"[-9.65, inf)",491,0.400489396411093,351,140,0.285132382892057,0.7622156921513161,0.21587930552342377,0.0263500882758724,water_per_diff_前3天,0.0026904191976644,31 - 33日龄
,1226,1.0,661,565,0.46084828711256115,,0.5138563623890691,0.0615218623024987,water_per_diff_前3天,0.004199588406479533,31 - 33日龄
"[-inf, -40.21)",80,0.0653061224489796,22,58,0.725,-1.128100145541731,0.07846384903031373,0.0092813573331625,water_per_diff_前5天,0.0068005950254066,31 - 33日龄
"[-40.21, -30.42)",117,0.09551020408163265,41,76,0.6495726495726496,-0.7758608619356506,0.056424125515818935,0.0068438021381503,water_per_diff_前5天,0.0060529427971444,31 - 33日龄
"[-30.42, -22.65)",132,0.10775510204081633,57,75,0.5681818181818182,-0.4331364340553877,0.020247284461226922,0.0024886038516584,water_per_diff_前5天,0.0049417932189908,31 - 33日龄
"[-22.65, -8.08)",333,0.27183673469387754,174,159,0.4774774774774775,-0.06854849135932982,0.0012803058586683964,0.0001517093032789,water_per_diff_前5天,0.0043429393423644,31 - 33日龄
"[-8.08, 7.14)",337,0.27510204081632655,208,129,0.3827893175074184,0.31902608698601853,0.027420716798352472,0.0034480827897746,water_per_diff_前5天,0.0034409098674419002,31 - 33日龄
"[7.14, inf)",226,0.18448979591836734,159,67,0.29646017699115046,0.705511994475638,0.0858962991739754,0.0105633116335005,water_per_diff_前5天,0.002771694641575,31 - 33日龄
,1225,1.0,661,564,0.46040816326530615,,0.26973258083835583,0.0327768670495252,water_per_diff_前5天,0.004193262881254224,31 - 33日龄
"[-inf, -10.44)",391,0.3202293202293202,179,212,0.5421994884910486,-0.33501752495374887,0.03610470905947415,0.004238004952563,water_per_diff_前7天,0.0049161678022674,31 - 33日龄
"[-10.44, -4.51)",165,0.13513513513513514,92,73,0.44242424242424244,0.06551207977815772,0.0005782039243441784,9.278938103834782e-05,water_per_diff_前7天,0.0045318659445956,31 - 33日龄
"[-4.51, 0.48)",151,0.12366912366912367,90,61,0.40397350993377484,0.2231187500344625,0.006075248221302537,0.0008157876171684,water_per_diff_前7天,0.0037042777364233,31 - 33日龄
"[0.48, 4.10)",92,0.07534807534807535,63,29,0.31521739130434784,0.6100218402825672,0.02655084792736233,0.0033493822662043,water_per_diff_前7天,0.0032941082431603,31 - 33日龄
"[4.10, 20.57)",357,0.29238329238329236,206,151,0.42296918767507,0.14477927585216543,0.006081621353537175,0.0008518742543293,water_per_diff_前7天,0.0036759914004228,31 - 33日龄
"[20.57, inf)",65,0.05323505323505324,31,34,0.5230769230769231,-0.2581903762535065,0.003567067171386514,0.0004127207952977,water_per_diff_前7天,0.0038869756991628006,31 - 33日龄
,1221,1.0,661,560,0.45864045864045866,,0.07895769765740689,0.009760559266601047,water_per_diff_前7天,0.0041747467145880545,31 - 33日龄
"[-inf, -21.79)",139,0.1133768352365416,46,93,0.6690647482014388,-0.8608862053694063,0.08179300664084357,0.0099196569515783,water_per_shift_diff_前1天,0.0067441823006008,31 - 33日龄
"[-21.79, -10.13)",235,0.19168026101141925,111,124,0.5276595744680851,-0.2676794729979481,0.013796640048565467,0.0017194496263847,water_per_shift_diff_前1天,0.0049567828694307,31 - 33日龄
"[-10.13, -0.34)",310,0.2528548123980424,162,148,0.4774193548387097,-0.06654404723697628,0.0011221785428312595,0.0001402464426958,water_per_shift_diff_前1天,0.0040069456489519,31 - 33日龄
"[-0.34, 4.39)",169,0.13784665579119088,99,70,0.41420118343195267,0.18969649937998556,0.004909206127769831,0.0006127323317126,water_per_shift_diff_前1天,0.003551487353363,31 - 33日龄
"[4.39, inf)",373,0.30424143556280586,243,130,0.3485254691689008,0.4685988841797207,0.06444936389190781,0.0083555513044242,water_per_shift_diff_前1天,0.0032280309875356,31 - 33日龄
,1226,1.0,661,565,0.46084828711256115,,0.16607039525191794,0.0207476366567956,water_per_shift_diff_前1天,0.00419958840647956,31 - 33日龄
"[-inf, -22.52)",91,0.07422512234910278,27,64,0.7032967032967034,-1.0199743260605882,0.07387381828447874,0.0088536713107754,water_per_shift_diff_前2天,0.0070257828489942,31 - 33日龄
"[-22.52, -9.50)",244,0.19902120717781402,103,141,0.5778688524590164,-0.47095901085377795,0.04414440746508335,0.005467613320035,water_per_shift_diff_前2天,0.0052836338721398,31 - 33日龄
"[-9.50, -0.46)",298,0.24306688417618272,156,142,0.47651006711409394,-0.06289915905696916,0.0009637020554107562,0.0001204429030489,water_per_shift_diff_前2天,0.0040728536962748,31 - 33日龄
"[-0.46, 14.88)",455,0.37112561174551384,281,174,0.3824175824175824,0.3223712614139712,0.037765426634685045,0.0047003427846862,water_per_shift_diff_前2天,0.0035778388563208,31 - 33日龄
"[14.88, 19.52)",69,0.05628058727569331,54,15,0.21739130434782608,1.124005736756819,0.06198411671376618,0.0073642901134591,water_per_shift_diff_前2天,0.0022751831857753,31 - 33日龄
"[19.52, inf)",69,0.05628058727569331,40,29,0.42028985507246375,0.16465551542221696,0.0015126800996442143,0.0001888717029699,water_per_shift_diff_前2天,0.0032105472659277,31 - 33日龄
,1226,1.0,661,565,0.46084828711256115,,0.2202441512530683,0.0266952321349745,water_per_shift_diff_前2天,0.004199588406479564,31 - 33日龄
"[-inf, -21.31)",105,0.08564437194127243,34,71,0.6761904761904762,-0.8932474611303994,0.06630263309813719,0.0080228397628926,water_per_shift_diff_前3天,0.0059924817310035,31 - 33日龄
"[-21.31, -9.21)",251,0.20473083197389885,116,135,0.5378486055776892,-0.3086126960373102,0.019580356479466796,0.002437877722903,water_per_shift_diff_前3天,0.0047307337144359,31 - 33日龄
"[-9.21, 7.41)",608,0.49592169657422513,347,261,0.4292763157894737,0.12787626391892046,0.008058158047120546,0.0010065840158473,water_per_shift_diff_前3天,0.0040981880962174,31 - 33日龄
"[7.41, 13.86)",141,0.11500815660685156,88,53,0.375886524822695,0.35011679222083925,0.013768801165698166,0.0017123630272704,water_per_shift_diff_前3天,0.0033167290637302,31 - 33日龄
"[13.86, inf)",121,0.09869494290375204,76,45,0.371900826446281,0.367142741810766,0.012971626466183063,0.0016124075017731,water_per_shift_diff_前3天,0.0030802767089176,31 - 33日龄
,1226,1.0,661,565,0.46084828711256115,,0.12068157525660575,0.0147920720306864,water_per_shift_diff_前3天,0.004199588406479564,31 - 33日龄
"[-inf, -24.40)",63,0.051470588235294115,21,42,0.6666666666666666,-0.8536213922719412,0.036560868729016725,0.0043916140474336,water_per_shift_diff_前5天,0.0061245595361964,31 - 33日龄
"[-24.40, -15.55)",141,0.11519607843137254,56,85,0.6028368794326241,-0.5777737774671632,0.03828143490810749,0.0046536862486312,water_per_shift_diff_前5天,0.0049936578421216,31 - 33日龄
"[-15.55, -5.78)",354,0.28921568627450983,182,172,0.4858757062146893,-0.10396200144865356,0.003136099371108912,0.0003649135347608,water_per_shift_diff_前5天,0.0044270550886427,31 - 33日龄
"[-5.78, -4.35)",62,0.05065359477124183,43,19,0.3064516129032258,0.656286924815126,0.020545173962955684,0.0025458577343252,water_per_shift_diff_前5天,0.0032712733424005,31 - 33日龄
"[-4.35, 0.19)",209,0.1707516339869281,129,80,0.3827751196172249,0.31731155797579463,0.01683748272934871,0.0021392114259791,water_per_shift_diff_前5天,0.0040004545783026,31 - 33日龄
"[0.19, inf)",395,0.3227124183006536,230,165,0.4177215189873418,0.17165962331061876,0.0094215068028134,0.0012231730302017,water_per_shift_diff_前5天,0.003615791845091,31 - 33日龄
,1224,1.0,661,563,0.4599673202614379,,0.12478256650335091,0.015318456021331599,water_per_shift_diff_前5天,0.0041865050986961225,31 - 33日龄
"[-inf, -14.67)",120,0.09917355371900827,49,71,0.5916666666666667,-0.5565149772728444,0.03071736810643219,0.0033609312973932,water_per_shift_diff_前7天,0.0052921309331692,31 - 33日龄
"[-14.67, -6.27)",263,0.21735537190082643,130,133,0.5057034220532319,-0.20847007610832702,0.009503513385801314,0.0008689321956924,water_per_shift_diff_前7天,0.0046082879462211,31 - 33日龄
"[-6.27, -3.00)",126,0.10413223140495868,66,60,0.47619047619047616,-0.09034521853783074,0.0008529404823805843,4.887050774875028e-05,water_per_shift_diff_前7天,0.0042712906739023,31 - 33日龄
"[-3.00, -0.50)",129,0.10661157024793388,72,57,0.4418604651162791,0.04795945283934934,0.00024462837728791856,7.706005747022378e-05,water_per_shift_diff_前7天,0.0041945842926627,31 - 33日龄
"[-0.50, 0.98)",69,0.05702479338842975,51,18,0.2608695652173913,0.8557984764860054,0.03797087062407836,0.0048512035894575,water_per_shift_diff_前7天,0.0028705743749959,31 - 33日龄
"[0.98, inf)",503,0.41570247933884297,293,210,0.41749502982107356,0.14740967995744303,0.008955744632716195,0.0015740913030295,water_per_shift_diff_前7天,0.0037202493657264,31 - 33日龄
,1210,1.0,661,549,0.4537190082644628,,0.08824506560869658,0.010781088950791575,water_per_shift_diff_前7天,0.004128656614327875,31 - 33日龄
"[-inf, -19.00)",40,0.06993006993006994,39,1,0.025,-0.09763846956391606,0.000698665256271314,8.729848311820275e-05,water_per_diff,0.0009246927767566999,10 - 12日龄
"[-19.00, -6.84)",243,0.42482517482517484,239,4,0.01646090534979424,0.3289690751180576,0.03942920936119832,0.0049065464899195,water_per_diff,0.0008408202953725,10 - 12日龄
"[-6.84, -1.09)",146,0.25524475524475526,143,3,0.02054794520547945,0.10303222589823514,0.0025804135287572304,0.0003224090962578,water_per_diff,0.0008884530311837,10 - 12日龄
"[-1.09, inf)",143,0.25,138,5,0.03496503496503497,-0.44338434297045815,0.06107440860237081,0.0075723749904728,water_per_diff,0.0009953013103557,10 - 12日龄
,572,1.0,559,13,0.022727272727272728,,0.10378269674859766,0.012888629059768304,water_per_diff,0.0008974637636004735,10 - 12日龄
"[-inf, 3.29)",391,0.6835664335664335,380,11,0.028132992327365727,-0.21892413577150152,0.036422083411001144,0.0045436903378168,water_per_shift_diff,0.0009109477119157,10 - 12日龄
"[3.29, 10.61)",136,0.23776223776223776,135,1,0.007352941176470588,1.144074662744867,0.1882913577326078,0.0223313293843383,water_per_shift_diff,0.000885215986304,10 - 12日龄
"[10.61, inf)",45,0.07867132867132867,44,1,0.022222222222222223,0.02298951822469878,4.1126150670301884e-05,5.140655628912429e-06,water_per_shift_diff,0.0008173187396239,10 - 12日龄
,572,1.0,559,13,0.022727272727272728,,0.22475456729427926,0.026880160377784013,water_per_shift_diff,0.0008974637636004514,10 - 12日龄
"[-inf, -7.60)",268,0.46853146853146854,265,3,0.011194029850746268,0.71991742162455,0.17514985570829836,0.0214328577157756,water_per_diff_前1天,0.0008209655848699,10 - 12日龄
"[-7.60, -6.52)",34,0.05944055944055944,31,3,0.08823529411764706,-1.425825199876526,0.24996577743810294,0.0288418085455046,water_per_diff_前1天,0.0012621451392124,10 - 12日龄
"[-6.52, inf)",270,0.47202797202797203,263,7,0.025925925925925925,-0.13495623257111122,0.009174126722186452,0.001145896371259,water_per_diff_前1天,0.0009274724492633,10 - 12日龄
,572,1.0,559,13,0.022727272727272728,,0.43428975986858775,0.051420562632539205,water_per_diff_前1天,0.0008974637636004297,10 - 12日龄
"(-inf, -20.40)",29,0.0506993006993006,27,2,0.0689655172413793,-1.1585104302491789,0.1222756983626146,0.0144832475390857,water_per_diff_前2天,0.0010706196432027,10 - 12日龄
"[-20.40, -7.68)",175,0.3059440559440559,170,5,0.0285714285714285,-0.2348395910774008,0.0189047971350323,0.0023576844014079,water_per_diff_前2天,0.0009082869794485,10 - 12日龄
"[-7.68, -0.64)",180,0.3146853146853147,179,1,0.0055555555555555,1.4261856901471923,0.3469789872272239,0.0400339530670663,water_per_diff_前2天,0.0008789051270631,10 - 12日龄
"[-0.64, inf)",188,0.3286713286713286,183,5,0.026595744680851,-0.1611518752862419,0.009225152073631,0.0011518978328082,water_per_diff_前2天,0.0008784476534666,10 - 12日龄
,572,1.0,559,13,0.022727272727272728,,0.4973846347985018,0.0580267828403681,water_per_diff_前2天,0.0008974637636004277,10 - 12日龄
"[-inf, -16.12)",29,0.050788091068301226,28,1,0.034482758620689655,-0.42720509474457036,0.011425115574916826,0.0014280051963789,water_per_diff_前3天,0.0010829288528804,10 - 12日龄
"[-16.12, -1.60)",262,0.45884413309982486,255,7,0.026717557251908396,-0.16405620881666136,0.013366035209628736,0.0017039843406225,water_per_diff_前3天,0.0009217529544899,10 - 12日龄
"[-1.60, 2.51)",154,0.26970227670753066,151,3,0.01948051948051948,0.15925794322704032,0.006344850509045304,0.0007738615305045,water_per_diff_前3天,0.0008835305785998001,10 - 12日龄
"[2.51, inf)",126,0.22066549912434325,124,2,0.015873015873015872,0.3677247801253172,0.02514357470942339,0.0030922254738339,water_per_diff_前3天,0.0008202994509361,10 - 12日龄
,571,1.0,558,13,0.02276707530647986,,0.05627957600301425,0.0069980765413398,water_per_diff_前3天,0.0008972428208970284,10 - 12日龄
"[-inf, -5.24)",128,0.22495606326889278,122,6,0.046875,-0.7435573612838441,0.18002564779285105,0.0222584910073791,water_per_diff_前5天,0.0011469058996316,10 - 12日龄
"[-5.24, -2.71)",86,0.15114235500878734,83,3,0.03488372093023256,-0.4355906176605576,0.03549569366381689,0.0044995372611941,water_per_diff_前5天,0.001014456569762,10 - 12日龄
"[-2.71, 3.11)",292,0.5131810193321616,289,3,0.010273972602739725,0.8119954626552768,0.23467882145640193,0.0281014272860979,water_per_diff_前5天,0.0007448664329633,10 - 12日龄
"[3.11, inf)",63,0.11072056239015818,62,1,0.015873015873015872,0.37131544825604584,0.01284295269286268,0.0015461127369169,water_per_diff_前5天,0.0009228513790312,10 - 12日龄
,569,1.0,556,13,0.022847100175746926,,0.46304311560593253,0.056405568291588,water_per_diff_前5天,0.0008957607301522425,10 - 12日龄
"[-inf, -2.13)",149,0.2670250896057348,142,7,0.04697986577181208,-0.7259195286557598,0.20174108001738755,0.0261005587896702,water_per_diff_前7天,0.0010625619549997,10 - 12日龄
"[-2.13, 1.23)",289,0.517921146953405,288,1,0.0034602076124567475,1.9271240429342387,0.8701298254547113,0.0908718763591321,water_per_diff_前7天,0.0008083079839718,10 - 12日龄
"[1.23, inf)",120,0.21505376344086022,115,5,0.041666666666666664,-0.6003422212725577,0.10422313792028877,0.0137677678193467,water_per_diff_前7天,0.0009099926802536,10 - 12日龄
,558,1.0,545,13,0.023297491039426525,,1.1760940433923874,0.130740202968149,water_per_diff_前7天,0.0008980678499878808,10 - 12日龄
"[-inf, -1.35)",326,0.5699300699300699,323,3,0.009202453987730062,0.9178399188609845,0.3185347840054222,0.0384755643045622,water_per_shift_diff_前1天,0.0008131779585226,10 - 12日龄
"[-1.35, -0.19)",34,0.05944055944055944,32,2,0.058823529411764705,-0.9886113934537812,0.09550092172898782,0.0114740590219302,water_per_shift_diff_前1天,0.0011099962020652,10 - 12日龄
"[-0.19, 4.03)",96,0.16783216783216784,91,5,0.052083333333333336,-0.8597785216108127,0.19072010139488513,0.0231318311219996,water_per_shift_diff_前1天,0.0010206711238122,10 - 12日龄
"[4.03, inf)",116,0.20279720279720279,113,3,0.02586206896551724,-0.13242458564933168,0.003790328032896795,0.0004734451187288,water_per_shift_diff_前1天,0.0009700772374561,10 - 12日龄
,572,1.0,559,13,0.022727272727272728,,0.6085461351621919,0.07355489956722079,water_per_shift_diff_前1天,0.0008974637636004601,10 - 12日龄
"[-inf, -14.23)",41,0.07180385288966724,38,3,0.07317073170731707,-1.2204357338614982,0.1985269045983689,0.0234299523364679,water_per_shift_diff_前2天,0.0010198317385664,10 - 12日龄
"[-14.23, inf)",530,0.9281961471103327,520,10,0.018867924528301886,0.19183411366165307,0.031205438946891453,0.012336609769040954,water_per_shift_diff_前2天,0.0008877595272660243,10 - 12日龄
,571,1.0,558,13,0.02276707530647986,,0.22973234354526034,0.03576656210550885,water_per_shift_diff_前2天,0.0008972428208970495,10 - 12日龄
"[-inf, -9.81)",57,0.1,55,2,0.03508771929824561,-0.4434298777932217,0.024434266156538525,0.0030731668883883,water_per_shift_diff_前3天,0.0010570996602696,10 - 12日龄
"[-9.81, -4.79)",79,0.13859649122807016,77,2,0.02531645569620253,-0.10695764117200889,0.0016691359553151516,0.0002223547945475,water_per_shift_diff_前3天,0.0009584071225098,10 - 12日龄
"[-4.79, -1.15)",110,0.19298245614035087,109,1,0.00909090909090909,0.9337319997633964,0.11089759975093508,0.0132531810503376,water_per_shift_diff_前3天,0.0008810739400534,10 - 12日龄
"[-1.15, 5.74)",259,0.4543859649122807,255,4,0.015444015444015444,0.39735330157278814,0.05964963938815365,0.0072614726992724,water_per_shift_diff_前3天,0.0008152248646328,10 - 12日龄
"[5.74, inf)",65,0.11403508771929824,61,4,0.06153846153846154,-1.0330363794123267,0.20472409949684975,0.0246365734491457,water_per_shift_diff_前3天,0.0010367680347965,10 - 12日龄
,570,1.0,557,13,0.02280701754385965,,0.4013747407477921,0.0484467488816915,water_per_shift_diff_前3天,0.0008972283138968124,10 - 12日龄
"[-inf, -2.46)",158,0.28063943161634103,154,4,0.02531645569620253,-0.09431067947124129,0.0026116803545882194,0.0046480184993937,water_per_shift_diff_前5天,0.0009650902096759745,10 - 12日龄
"[-2.46, -0.87)",70,0.12433392539964476,66,4,0.05714285714285714,-0.9416085398584451,0.17673267978881585,0.021873767106542,water_per_shift_diff_前5天,0.0011191779103973,10 - 12日龄
"[-0.87, 0.69)",221,0.3925399644760213,217,4,0.01809954751131222,0.24863407165558904,0.021594651538198704,0.0023333312168486,water_per_shift_diff_前5天,0.0007835239655779999,10 - 12日龄
"[0.69, inf)",114,0.2024866785079929,113,1,0.008771929824561403,0.9824188979473605,0.12627174366624114,0.0145615845489636,water_per_shift_diff_前5天,0.0008909335106545999,10 - 12日龄
,563,1.0,550,13,0.023090586145648313,,0.32721075534784394,0.0434167013717479,water_per_shift_diff_前5天,0.000897960787680244,10 - 12日龄
"[-inf, -1.35)",106,0.1930783242258652,102,4,0.03773584905660377,-0.4805063514448848,0.056408466630584936,0.0080872122450834,water_per_shift_diff_前7天,0.0011343917769027,10 - 12日龄
"[-1.35, -0.23)",112,0.2040072859744991,111,1,0.008928571428571428,0.9903453977030688,0.12890976976416235,0.013902882249575,water_per_shift_diff_前7天,0.0008715788211503,10 - 12日龄
"[-0.23, -0.02)",58,0.10564663023679417,57,1,0.017241379310344827,0.3238664642252848,0.009528218307431599,0.000879451429855,water_per_shift_diff_前7天,0.0007743522948195,10 - 12日龄
"[-0.02, 1.89)",142,0.2586520947176685,139,3,0.02112676056338028,0.1166768408533168,0.0033321887671943213,0.0001669145625917,water_per_shift_diff_前7天,0.0008302324992915,10 - 12日龄
"[1.89, inf)",131,0.23861566484517305,127,4,0.030534351145038167,-0.2612920782705647,0.018486939521726243,0.003040419083867,water_per_shift_diff_前7天,0.0008550067793465,10 - 12日龄
,549,1.0,536,13,0.023679417122040074,,0.21666558299109945,0.026076879570972097,water_per_shift_diff_前7天,0.0008974019898248367,10 - 12日龄
"[-inf, -18.01)",34,0.05112781954887218,32,2,0.058823529411764705,0.0500104205746612,0.0001251042415876451,1.5636400761680105e-05,water_per_diff,0.0010588567311317,13 - 15日龄
"[-18.01, -8.86)",143,0.21503759398496242,136,7,0.04895104895104895,0.24416643501561877,0.011528809158023273,0.0014375320114135,water_per_diff,0.0012117715390433,13 - 15日龄
"[-8.86, -6.29)",64,0.0962406015037594,62,2,0.03125,0.7114089028200262,0.0359819856257471,0.0044052383525483,water_per_diff,0.0012802967433719,13 - 15日龄
"[-6.29, 6.42)",311,0.46766917293233085,290,21,0.06752411575562701,-0.09721981640802316,0.004613229249505164,0.0005764266654087,water_per_diff,0.0013897913908773,13 - 15日龄
"[6.42, inf)",113,0.1699248120300752,104,9,0.07964601769911504,-0.2754119798599667,0.014554291618616128,0.001813558334331,water_per_diff,0.0015196170019071,13 - 15日龄
,665,1.0,624,41,0.061654135338345864,,0.06680341989347931,0.008248391764463181,water_per_diff,0.001346113224504983,13 - 15日龄
"[-inf, -7.73)",45,0.06766917293233082,40,5,0.1111111111111111,-0.6431367599852839,0.03720459680965526,0.0045720466096202,water_per_shift_diff,0.0012683065896279,13 - 15日龄
"[-7.73, -3.17)",102,0.15338345864661654,100,2,0.0196078431372549,1.1894447037630262,0.13259444555707284,0.0156615401252133,water_per_shift_diff,0.0011812865660755,13 - 15日龄
"[-3.17, 9.57)",455,0.6842105263157895,427,28,0.06153846153846154,0.002001201388300706,2.7377286034444443e-06,3.422160182880736e-07,water_per_shift_diff,0.0013917419983873998,13 - 15日龄
"[9.57, inf)",63,0.09473684210526316,57,6,0.09523809523809523,-0.4712865030586247,0.0259185471311556,0.0032101641612321,water_per_shift_diff,0.0013390104564539,13 - 15日龄
,665,1.0,624,41,0.061654135338345864,,0.19572032722648716,0.023444093112083886,water_per_shift_diff,0.0013461132245049913,13 - 15日龄
"[-inf, -12.44)",121,0.18195488721804512,119,2,0.01652892561983471,1.363398010886464,0.19349977241747776,0.0224725647128288,water_per_diff_前1天,0.0010567713857411,13 - 15日龄
"[-12.44, -10.50)",44,0.06616541353383458,40,4,0.09090909090909091,-0.41999320867107437,0.014052305605942767,0.0017437408612517,water_per_diff_前1天,0.0013355462282378,13 - 15日龄
"[-10.50, -9.30)",41,0.061654135338345864,35,6,0.14634146341463414,-0.9589897094037612,0.08655047056806146,0.0104224122739522,water_per_diff_前1天,0.0016124494257863,13 - 15日龄
"[-9.30, -5.34)",98,0.14736842105263157,90,8,0.08163265306122448,-0.3022101730146909,0.015379832913740139,0.0019151964468501,water_per_diff_前1天,0.0014389521027528998,13 - 15日龄
"[-5.34, 3.84)",240,0.3609022556390977,225,15,0.0625,-0.014528100562909744,7.666094340184544e-05,9.582533652722871e-06,water_per_diff_前1天,0.0013747240492365,13 - 15日龄
"[3.84, inf)",121,0.18195488721804512,115,6,0.049586776859504134,0.23059435747007526,0.008751841819240274,0.0010915628599012,water_per_diff_前1天,0.0014171108945032,13 - 15日龄
,665,1.0,624,41,0.061654135338345864,,0.31831088426786425,0.03765505968843672,water_per_diff_前1天,0.0013461132245049714,13 - 15日龄
"[-inf, -4.07)",385,0.5806938159879337,365,20,0.05194805194805195,0.18479705399362892,0.01829709675060439,0.0024875148702761,water_per_diff_前2天,0.0012763481284952826,13 - 15日龄
"[-4.07, -2.12)",53,0.07993966817496229,52,1,0.018867924528301886,1.2318756925465557,0.072940643704231,0.0085230321989301,water_per_diff_前2天,0.0012266729824257003,13 - 15日龄
"[-2.12, 9.01)",180,0.27149321266968324,165,15,0.08333333333333333,-0.321472753236501,0.03233384095567504,0.0040986113321636,water_per_diff_前2天,0.00145389962873,13 - 15日龄
"[9.01, inf)",45,0.06787330316742081,40,5,0.1111111111111111,-0.6399264843550359,0.03688698658936172,0.0045720466096202,water_per_diff_前2天,0.0016666865541220999,13 - 15日龄
,663,1.0,622,41,0.06184012066365008,,0.16045856799987218,0.01968120501099,water_per_diff_前2天,0.0013470746993154456,13 - 15日龄
"[-inf, -19.87)",34,0.05128205128205128,33,1,0.029411764705882353,0.7771395354316085,0.02227625285861916,0.0026897791654217,water_per_diff_前3天,0.0010490954123271,13 - 15日龄
"[-19.87, -12.52)",111,0.167420814479638,108,3,0.02702702702702703,0.8641509124212384,0.08681494148000993,0.0104314448206498,water_per_diff_前3天,0.0011959557886544,13 - 15日龄
"[-12.52, -9.30)",78,0.11764705882352941,77,1,0.01282051282051282,1.624437395818812,0.16147552342564067,0.0181202847175116,water_per_diff_前3天,0.0011081852352992,13 - 15日龄
"[-9.30, -7.87)",53,0.07993966817496229,50,3,0.05660377358490566,0.09404269072516477,0.0006785293346965075,7.896836897534117e-05,water_per_diff_前3天,0.0013251674857546,13 - 15日龄
"[-7.87, 0.07)",244,0.3680241327300151,225,19,0.0778688524590164,-0.24770660299689207,0.025186386227391628,0.0032170298576714,water_per_diff_前3天,0.0014048424603302,13 - 15日龄
"[0.07, inf)",143,0.21568627450980393,129,14,0.0979020979020979,-0.4986129512884581,0.06684799939044932,0.0083639184780153,water_per_diff_前3天,0.0015750790466257,13 - 15日龄
,663,1.0,622,41,0.06184012066365008,,0.36327963271680724,0.04290142540824514,water_per_diff_前3天,0.0013470746993154376,13 - 15日龄
"[-inf, -19.36)",34,0.05128205128205128,31,3,0.08823529411764706,-0.383993110217835,0.008959136561038812,0.0011299363176442,water_per_diff_前5天,0.0012452765031996,13 - 15日龄
"[-19.36, -15.89)",34,0.05128205128205128,33,1,0.029411764705882353,0.7771395354316085,0.02227625285861916,0.0026897791654217,water_per_diff_前5天,0.0012825366899293,13 - 15日龄
"[-15.89, -1.40)",322,0.4856711915535445,308,14,0.043478260869565216,0.3716744273234442,0.057131352643239784,0.0170435656884049,water_per_diff_前5天,0.0013841018463805108,13 - 15日龄
"[-1.40, inf)",273,0.4117647058823529,250,23,0.08424908424908426,-0.33340132410177503,0.05302626345215278,0.0067146391848521,water_per_diff_前5天,0.0013241175184807,13 - 15日龄
,663,1.0,622,41,0.06184012066365008,,0.14139300551505052,0.0275779203563229,water_per_diff_前5天,0.0013470746993154421,13 - 15日龄
"[-inf, -6.69)",77,0.11649016641452345,75,2,0.025974025974025976,0.9081935216415358,0.0655599965465074,0.0077874538861442,water_per_diff_前7天,0.001193086011192,13 - 15日龄
"[-6.69, -5.24)",55,0.0832072617246596,44,11,0.2,-1.3298530502149388,0.2624131746608235,0.0307787187790829,water_per_diff_前7天,0.0021144258534305,13 - 15日龄
"[-5.24, 3.50)",420,0.6354009077155824,394,26,0.06190476190476191,0.002106959941622449,2.8181210863557642e-06,1.4788290113506306e-06,water_per_diff_前7天,0.0012984395020817,13 - 15日龄
"[3.50, inf)",109,0.1649016641452345,107,2,0.01834862385321101,1.2635342425671314,0.15642573805502605,0.0181028872294214,water_per_diff_前7天,0.0012558564636541,13 - 15日龄
,661,1.0,620,41,0.06202723146747353,,0.48440172738344334,0.05667053872365985,water_per_diff_前7天,0.0013470408323949658,13 - 15日龄
"[-inf, -8.37)",44,0.06636500754147813,39,5,0.11363636363636363,-0.6652442923393256,0.03941589387988083,0.0048770871488832,water_per_shift_diff_前1天,0.0016319536245251,13 - 15日龄
"[-8.37, -3.61)",100,0.15082956259426847,91,9,0.09,-0.4057330968542409,0.029703697428706287,0.0037402837056999,water_per_shift_diff_前1天,0.0013529918426437,13 - 15日龄
"[-3.61, -2.57)",45,0.06787330316742081,41,4,0.08888888888888889,-0.3920903204504546,0.012407532295644143,0.0015639101070866,water_per_shift_diff_前1天,0.0012851556074968,13 - 15日龄
"[-2.57, 3.28)",224,0.3378582202111614,209,15,0.06696428571428571,-0.08508397517227077,0.0025389736140733316,0.0003411217703652,water_per_shift_diff_前1天,0.0013647076663501,13 - 15日龄
"[3.28, inf)",250,0.3770739064856712,242,8,0.032,0.6901281584419788,0.13384730106085904,0.0171614081785268,water_per_shift_diff_前1天,0.0012899154492114833,13 - 15日龄
,663,1.0,622,41,0.06184012066365008,,0.21791339827916362,0.0276838109105617,water_per_shift_diff_前1天,0.0013470746993154204,13 - 15日龄
"[-inf, -8.26)",56,0.08446455505279035,46,10,0.17857142857142858,-1.1933117225398222,0.20280029038850247,0.0240363002989087,water_per_shift_diff_前2天,0.0015379877321871998,13 - 15日龄
"[-8.26, -6.46)",34,0.05128205128205128,33,1,0.029411764705882353,0.7771395354316085,0.02227625285861916,0.0026897791654217,water_per_shift_diff_前2天,0.0014861445492758,13 - 15日龄
"[-6.46, -3.67)",84,0.12669683257918551,82,2,0.023809523809523808,0.994204040669436,0.08257094181389166,0.0098364013463572,water_per_shift_diff_前2天,0.0012998761966177,13 - 15日龄
"[-3.67, -1.89)",88,0.13273001508295626,86,2,0.022727272727272728,1.0418320896586908,0.09322644610623215,0.0110667803453631,water_per_shift_diff_前2天,0.0012554617117783,13 - 15日龄
"[-1.89, 3.88)",239,0.36048265460030166,224,15,0.06276150627615062,-0.0157721752820418,9.029635288126795e-05,1.632300071032519e-05,water_per_shift_diff_前2天,0.0013669498399599,13 - 15日龄
"[3.88, inf)",162,0.24434389140271492,151,11,0.06790123456790123,-0.09998346201831801,0.0025523187896606186,0.0003391699241539,water_per_shift_diff_前2天,0.0012968089818857,13 - 15日龄
,663,1.0,622,41,0.06184012066365008,,0.4035165463097873,0.047984754080914925,water_per_shift_diff_前2天,0.0013470746993154404,13 - 15日龄
"[-inf, -4.43)",136,0.20512820512820512,133,3,0.022058823529411766,1.0723688135187726,0.1508347162611496,0.0178633382054818,water_per_shift_diff_前3天,0.0011202230340168,13 - 15日龄
"[-4.43, -0.21)",157,0.2368024132730015,148,9,0.05732484076433121,0.08061967039302417,0.0014858146453110102,0.0001709091284501,water_per_shift_diff_前3天,0.0013556487133624,13 - 15日龄
"[-0.21, 0.30)",39,0.058823529411764705,33,6,0.15384615384615385,-1.0146199337964465,0.09465064789043001,0.0114023369623768,water_per_shift_diff_前3天,0.0015247205494669,13 - 15日龄
"[0.30, 3.29)",112,0.1689291101055807,100,12,0.10714285714285714,-0.5991044898347805,0.07902860574873348,0.0098222767652004,water_per_shift_diff_前3天,0.00158299896072,13 - 15日龄
"[3.29, 8.98)",135,0.20361990950226244,127,8,0.05925925925925926,0.04537751874388365,0.00041103469648800606,4.429177251382994e-05,water_per_shift_diff_前3天,0.0013678012390447,13 - 15日龄
"[8.98, inf)",84,0.12669683257918551,81,3,0.03571428571428571,0.5764688399694575,0.03289005419792804,0.004003778899521,water_per_shift_diff_前3天,0.0012679784847748,13 - 15日龄
,663,1.0,622,41,0.06184012066365008,,0.35930087344004014,0.043306931733543934,water_per_shift_diff_前3天,0.0013470746993154577,13 - 15日龄
"[-inf, -15.99)",34,0.0513595166163142,31,3,0.08823529411764706,-0.38238409941213436,0.00889090714630154,0.0011299363176442,water_per_shift_diff_前5天,0.0012948162713444,13 - 15日龄
"[-15.99, 0.02)",355,0.5362537764350453,329,26,0.07323943661971831,-0.17979780248528113,0.01876292216344181,0.0024635118023117,water_per_shift_diff_前5天,0.001414863786318,13 - 15日龄
"[0.02, 1.10)",34,0.0513595166163142,32,2,0.058823529411764705,0.0548297070106103,0.00015074347004213182,1.5636400761680105e-05,water_per_shift_diff_前5天,0.0013357109201046,13 - 15日龄
"[1.10, 2.73)",55,0.08308157099697885,54,1,0.01818181818181818,1.2712250313351035,0.07953581850346883,0.0092292580686945,water_per_shift_diff_前5天,0.0011147568478488,13 - 15日龄
"[2.73, inf)",184,0.27794561933534745,175,9,0.04891304347826087,0.24980238135812355,0.015560526956285448,0.001861399772435,water_per_shift_diff_前5天,0.001296461398323,13 - 15日龄
,662,1.0,621,41,0.061933534743202415,,0.12290091823953976,0.01469974236184708,water_per_shift_diff_前5天,0.001346790170053281,13 - 15日龄
"[-inf, -2.61)",85,0.12878787878787878,80,5,0.058823529411764705,0.03174869831458027,0.0001280189448168558,3.909100190419316e-05,water_per_shift_diff_前7天,0.0012921577702461,13 - 15日龄
"[-2.61, -1.44)",45,0.06818181818181818,39,6,0.13333333333333333,-0.8690378470236096,0.07569039312786277,0.0086567515350977,water_per_shift_diff_前7天,0.0015349728121415,13 - 15日龄
"[-1.44, -0.88)",39,0.05909090909090909,31,8,0.20512820512820512,-1.3862943611198906,0.20794415416798362,0.0230968751981315,water_per_shift_diff_前7天,0.0017310143005324,13 - 15日龄
"[-0.88, 0.07)",152,0.23030303030303031,144,8,0.05263157894736842,0.14953173397096384,0.004823604321643995,0.000746796660731,water_per_shift_diff_前7天,0.0013064359053543,13 - 15日龄
"[0.07, 1.25)",114,0.17272727272727273,109,5,0.043859649122807015,0.3410699458698424,0.01732855370145167,0.0023557070023009,water_per_shift_diff_前7天,0.0011083289844718,13 - 15日龄
"[1.25, inf)",225,0.3409090909090909,217,8,0.035555555555555556,0.5596157879354225,0.08394236819031337,0.0108746074416301,water_per_shift_diff_前7天,0.0013973502859557,13 - 15日龄
,660,1.0,620,40,0.06060606060606061,,0.38985709245407224,0.0457698288397954,water_per_shift_diff_前7天,0.001342042910487456,13 - 15日龄
"[-inf, -26.37)",38,0.05013192612137203,34,4,0.10526315789473684,-0.36939045570376905,0.008005909718934452,0.0009950876626434,water_per_diff,0.0016067610264118,16 - 18日龄
"[-26.37, -7.33)",265,0.3496042216358839,245,20,0.07547169811320754,-0.0039306822093039435,5.410504329947644e-06,6.763126058403749e-07,water_per_diff,0.0015680852733874,16 - 18日龄
"[-7.33, -0.98)",190,0.25065963060686014,180,10,0.05263157894736842,0.3809151386961248,0.03098266138004369,0.0038495873161989,water_per_diff,0.0015915667928841,16 - 18日龄
"[-0.98, 1.44)",75,0.09894459102902374,74,1,0.013333333333333334,1.7946084740041297,0.1579607578915465,0.0174600550635766,water_per_diff,0.0014086421424308,16 - 18日龄
"[1.44, 9.83)",141,0.18601583113456466,127,14,0.09929078014184398,-0.30432686235670725,0.019612124798371273,0.0024420989116085,water_per_diff,0.0015548760852724,16 - 18日龄
"[9.83, inf)",49,0.06464379947229551,41,8,0.16326530612244897,-0.875326094175568,0.07165682243532503,0.00868167331348,water_per_diff,0.00184899375507,16 - 18日龄
,758,1.0,701,57,0.07519788918205805,,0.2882236867285509,0.03342917858011324,water_per_diff,0.0015758358704530831,16 - 18日龄
"[-inf, -18.70)",38,0.05013192612137203,33,5,0.13157894736842105,-0.62238697016766,0.025296104300930492,0.0031119458313903,water_per_shift_diff,0.0016716940489616,16 - 18日龄
"[-18.70, -11.25)",144,0.18997361477572558,130,14,0.09722222222222222,-0.28097949835971603,0.016905040770246942,0.0021062061490941,water_per_shift_diff,0.0016220813952208,16 - 18日龄
"[-11.25, -1.88)",304,0.40105540897097625,285,19,0.0625,0.19859358190217027,0.01454275397666868,0.0018148628460771,water_per_shift_diff,0.0015227652892679,16 - 18日龄
"[-1.88, -0.38)",64,0.08443271767810026,63,1,0.015625,1.6336781071914928,0.11816026553003015,0.0133195791944198,water_per_shift_diff,0.0013603795579588,16 - 18日龄
"[-0.38, 5.80)",156,0.20580474934036938,146,10,0.0641025641025641,0.17156490951425085,0.00563338492085735,0.0007033107592773,water_per_shift_diff,0.0016592413453383,16 - 18日龄
"[5.80, inf)",52,0.06860158311345646,44,8,0.15384615384615385,-0.8047085269616148,0.06243202526668683,0.0076000292110984,water_per_shift_diff,0.0017029404906065,16 - 18日龄
,758,1.0,701,57,0.07519788918205805,,0.24296957476542047,0.028655933991357,water_per_shift_diff,0.001575835870453105,16 - 18日龄
"[-inf, -7.33)",160,0.21108179419525067,145,15,0.09375,-0.24077307788167557,0.013558060545931125,0.0016906757333846,water_per_diff_前1天,0.0015708671970836,16 - 18日龄
"[-7.33, -0.93)",209,0.2757255936675462,195,14,0.06698564593301436,0.12448560974844827,0.004053251702648627,0.0005063295708328,water_per_diff_前1天,0.0015998582202691,16 - 18日龄
"[-0.93, 1.46)",94,0.12401055408970976,92,2,0.02127659574468085,1.3191847772890553,0.1268440552179731,0.0147973860631735,water_per_diff_前1天,0.0014671695763255,16 - 18日龄
"[1.46, 10.16)",214,0.28232189973614774,199,15,0.07009345794392523,0.07579800442224245,0.001570707201782335,0.0011377098582457182,water_per_diff_前1天,0.001544650132183798,16 - 18日龄
"[10.16, inf)",81,0.10686015831134564,70,11,0.13580246913580246,-0.6588566499490514,0.06135609766650199,0.0075337350100314,water_per_diff_前1天,0.0017321654539739998,16 - 18日龄
,758,1.0,701,57,0.07519788918205805,,0.2073821723348372,0.025665836235668017,water_per_diff_前1天,0.0015758358704530892,16 - 18日龄
"[-inf, -2.84)",276,0.3655629139072848,253,23,0.08333333333333333,-0.12640377870029038,0.006164541527152415,0.0005936976189134,water_per_diff_前2天,0.0016153763682981,16 - 18日龄
"[-2.84, -1.27)",65,0.08609271523178808,64,1,0.015384615384615385,1.6345840318610108,0.12047248446553792,0.0136877024881227,water_per_diff_前2天,0.0014886353968536,16 - 18日龄
"[-1.27, 2.98)",149,0.19735099337748344,139,10,0.06711409395973154,0.10758978863798495,0.002182359804275497,0.0003494721053985,water_per_diff_前2天,0.0015626898002942,16 - 18日龄
"[2.98, 10.82)",185,0.24503311258278146,172,13,0.07027027027027027,0.05824606785325522,0.0008109571576748444,0.0001579601677223,water_per_diff_前2天,0.0014722132199145,16 - 18日龄
"[10.82, inf)",80,0.10596026490066225,71,9,0.1125,-0.45884375179356507,0.027136298932201697,0.0031163557930068,water_per_diff_前2天,0.0017410089943586,16 - 18日龄
,755,1.0,699,56,0.07417218543046358,,0.1567666418868424,0.0179051881731637,water_per_diff_前2天,0.0015722995018840609,16 - 18日龄
"[-inf, -11.73)",113,0.1502659574468085,109,4,0.035398230088495575,0.7656012955812002,0.06404808542921374,0.0082677896288668,water_per_diff_前3天,0.0013521379367141,16 - 18日龄
"[-11.73, -6.77)",132,0.17553191489361702,121,11,0.08333333333333333,-0.14155695272968238,0.0037369410763646426,0.0002839423394803,water_per_diff_前3天,0.0016640407798287,16 - 18日龄
"[-6.77, -5.04)",38,0.05053191489361702,31,7,0.18421052631578946,-1.05137517009822,0.08705007929807615,0.0096185110305502,water_per_diff_前3天,0.0019726856965816,16 - 18日龄
"[-5.04, -3.20)",59,0.07845744680851063,50,9,0.15254237288135594,-0.8246537974361264,0.0757859743933083,0.0083796583563918,water_per_diff_前3天,0.001752751712024,16 - 18日龄
"[-3.20, inf)",410,0.5452127659574468,386,24,0.05853658536585366,0.2383313135888324,0.027989241522810064,0.0063963383161936,water_per_diff_前3天,0.0015346448437541485,16 - 18日龄
,752,1.0,697,55,0.07313829787234043,,0.2586103217197729,0.0329462396714827,water_per_diff_前3天,0.001569180536176595,16 - 18日龄
"[-inf, -15.69)",104,0.1392235609103079,96,8,0.07692307692307693,-0.08727339716668227,0.001100942207746738,1.0444703046140372e-05,water_per_diff_前5天,0.0015845622937223998,16 - 18日龄
"[-15.69, -8.95)",180,0.24096385542168675,174,6,0.03333333333333333,0.7951157830317914,0.10933868823268994,0.0149954480461335,water_per_diff_前5天,0.0014679511931998655,16 - 18日龄
"[-8.95, 7.97)",404,0.5408299866131191,371,33,0.08168316831683169,-0.15248554581372767,0.013427782145904612,0.0005574985074299,water_per_diff_前5天,0.0015818519192821,16 - 18日龄
"[7.97, inf)",59,0.07898259705488621,53,6,0.1016949152542373,-0.39364760263061593,0.014501454558329746,0.0012212051357013,water_per_diff_前5天,0.0017173681321796,16 - 18日龄
,747,1.0,694,53,0.07095046854082998,,0.13836886714467103,0.01678459639231084,water_per_diff_前5天,0.0015654867316086615,16 - 18日龄
"[-inf, -19.07)",45,0.060240963855421686,42,3,0.06666666666666667,0.06687728266057584,0.0002618217797597444,0.0001178999767159,water_per_diff_前7天,0.0014104002289570003,16 - 18日龄
"[-19.07, -12.96)",112,0.1499330655957162,109,3,0.026785714285714284,1.0205555466063514,0.10252168845387605,0.0132849116485818,water_per_diff_前7天,0.0014480379294539,16 - 18日龄
"[-12.96, -9.82)",74,0.09906291834002677,73,1,0.013513513513513514,1.7182793941937085,0.14832083836020402,0.017076009432193,water_per_diff_前7天,0.0013037123581765,16 - 18日龄
"[-9.82, 2.50)",408,0.5461847389558233,375,33,0.08088235294117647,-0.141761582450752,0.011666366975108094,0.0004345700371314,water_per_diff_前7天,0.0016423215553545,16 - 18日龄
"[2.50, 7.80)",69,0.09236947791164658,62,7,0.10144927536231885,-0.39095581096490434,0.016708785135034245,0.0014035427508287,water_per_diff_前7天,0.0014630329596367,16 - 18日龄
"[7.80, inf)",39,0.05220883534136546,33,6,0.15384615384615385,-0.8674319547162574,0.0569530795127987,0.0057000219083238,water_per_diff_前7天,0.0019558755591065,16 - 18日龄
,747,1.0,694,53,0.07095046854082998,,0.33643258021678085,0.038016955753774596,water_per_diff_前7天,0.001565486731608681,16 - 18日龄
"[-inf, -10.24)",38,0.05033112582781457,33,5,0.13157894736842105,-0.637229402466281,0.026811690830317925,0.0031119458313903,water_per_shift_diff_前1天,0.0016412230946792,16 - 18日龄
"[-10.24, -5.09)",109,0.14437086092715232,100,9,0.08256880733944955,-0.11635344284678902,0.0020539604794382587,0.0001933130501755,water_per_shift_diff_前1天,0.0016695961434839,16 - 18日龄
"[-5.09, -1.37)",170,0.2251655629139073,163,7,0.041176470588235294,0.623541000252788,0.06746107030631916,0.008609560433671,water_per_shift_diff_前1天,0.0014365726803455,16 - 18日龄
"[-1.37, -0.39)",57,0.07549668874172186,56,1,0.017543859649122806,1.5010526392364885,0.09345149401745663,0.0107977693300058,water_per_shift_diff_前1天,0.0013461445351394,16 - 18日龄
"[-0.39, 4.65)",248,0.32847682119205296,229,19,0.07661290322580645,-0.035016027110861846,0.00040880657034702357,1.6787062424430737e-05,water_per_shift_diff_前1天,0.0016120591215322,16 - 18日龄
"[4.65, inf)",133,0.176158940397351,118,15,0.11278195488721804,-0.4616646281352062,0.04572536693440104,0.005252723797393,water_per_shift_diff_前1天,0.0016691384239341,16 - 18日龄
,755,1.0,699,56,0.07417218543046358,,0.23591238913828005,0.027982099505060032,water_per_shift_diff_前1天,0.001572299501884048,16 - 18日龄
"[-inf, -4.50)",106,0.14095744680851063,95,11,0.10377358490566038,-0.3834706067258828,0.02442768283877934,0.0025257768444939,water_per_shift_diff_前2天,0.0016722699107453,16 - 18日龄
"[-4.50, -2.45)",51,0.0678191489361702,48,3,0.058823529411764705,0.2331364967117282,0.0033387749235617263,0.0005195702750306,water_per_shift_diff_前2天,0.0014271773675027,16 - 18日龄
"[-2.45, 0.06)",100,0.13297872340425532,99,1,0.01,2.055667624606537,0.25460570970736496,0.0274349138137878,water_per_shift_diff_前2天,0.0014068528795427,16 - 18日龄
"[0.06, 10.00)",431,0.5731382978723404,401,30,0.06960556844547564,0.05331182011636099,0.0015923316560123493,0.000476007553856,water_per_shift_diff_前2天,0.0015786903565743,16 - 18日龄
"[10.00, inf)",64,0.0851063829787234,54,10,0.15625,-0.8530532719578243,0.08901038444844914,0.009847780157779,water_per_shift_diff_前2天,0.0017011918013336,16 - 18日龄
,752,1.0,697,55,0.07313829787234043,,0.3729748835741675,0.0408040486449473,water_per_shift_diff_前2天,0.0015691805361765733,16 - 18日龄
"[-inf, -2.26)",187,0.24966622162883845,167,20,0.10695187165775401,-0.4527962079195338,0.06222142642442304,0.0054181981171865,water_per_shift_diff_前3天,0.0016326696370671,16 - 18日龄
"[-2.26, 5.76)",353,0.4712950600801068,328,25,0.0708215297450425,-0.0009199632663549353,3.990298270895649e-07,0.0002369060583159,water_per_shift_diff_前3天,0.0015826075907239,16 - 18日龄
"[5.76, 9.89)",140,0.18691588785046728,139,1,0.007142857142857143,2.359416186348394,0.42668795757780675,0.0443805748316035,water_per_shift_diff_前3天,0.001410291831682,16 - 18日龄
"[9.89, inf)",69,0.09212283044058744,62,7,0.10144927536231885,-0.3938335107925196,0.016932876494169812,0.0014035427508287,water_per_shift_diff_前3天,0.0016118978009586,16 - 18日龄
,749,1.0,696,53,0.07076101468624833,,0.5058426595262268,0.0514392217579346,water_per_shift_diff_前3天,0.0015655961366604911,16 - 18日龄
"[-inf, -9.73)",44,0.058902275769745646,39,5,0.11363636363636363,-0.5180563132591366,0.01976056243550021,0.0018105267917368,water_per_shift_diff_前5天,0.0016106639359288,16 - 18日龄
"[-9.73, -0.53)",329,0.4404283801874163,308,21,0.06382978723404255,0.11339729829546877,0.005395173509245563,0.0015599830453903,water_per_shift_diff_前5天,0.0015539141770779998,16 - 18日龄
"[-0.53, 0.03)",38,0.050870147255689425,37,1,0.02631578947368421,1.0387378656895419,0.03578056864304957,0.0046203653386557,water_per_shift_diff_前5天,0.0014429683793135,16 - 18日龄
"[0.03, 2.15)",103,0.13788487282463185,101,2,0.019417475728155338,1.3497932893266316,0.14550406155674228,0.0177886348940552,water_per_shift_diff_前5天,0.0014892041723245,16 - 18日龄
"[2.15, inf)",233,0.3119143239625167,209,24,0.10300429184549356,-0.40789962533781726,0.06186917540535269,0.0052769057913393,water_per_shift_diff_前5天,0.0016269990682782,16 - 18日龄
,747,1.0,694,53,0.07095046854082998,,0.2683095415498903,0.0310564158611773,water_per_shift_diff_前5天,0.001565486731608683,16 - 18日龄
"[-inf, -10.25)",100,0.13386880856760375,96,4,0.04,0.605873783393263,0.0380833067045083,0.0054787565356708,water_per_shift_diff_前7天,0.0013850365008669,16 - 18日龄
"[-10.25, 2.60)",454,0.607764390896921,420,34,0.07488986784140969,-0.058285860293430095,0.0021170656666854065,1.471524904677734e-06,water_per_shift_diff_前7天,0.0016171778605845,16 - 18日龄
"[2.60, 4.39)",44,0.058902275769745646,36,8,0.18181818181818182,-1.0681026501784086,0.10581714037437118,0.010735848913592,water_per_shift_diff_前7天,0.0018950702843342,16 - 18日龄
"[4.39, 7.35)",50,0.06693440428380187,45,5,0.1,-0.3749554696184634,0.011060482968191857,0.0009144571062405,water_per_shift_diff_前7天,0.0016798381435927,16 - 18日龄
"[7.35, inf)",99,0.13253012048192772,97,2,0.020202020202020204,1.309383750988755,0.1336011423375781,0.0164442112415521,water_per_shift_diff_前7天,0.0013064766669624,16 - 18日龄
,747,1.0,694,53,0.07095046854082998,,0.29067913805133483,0.03357474532196008,water_per_shift_diff_前7天,0.0015654867316086615,16 - 18日龄
"[-inf, -30.03)",52,0.05902383654937571,42,10,0.19230769230769232,-1.6371338428233577,0.3381156502231564,0.0380984533013757,water_per_diff,0.002308048383536,19 - 21日龄
"[-30.03, -25.55)",60,0.0681044267877412,55,5,0.08333333333333333,-0.6743230953143097,0.04240444581960075,0.0052023587780964,water_per_diff,0.0013506505889278,19 - 21日龄
"[-25.55, -13.64)",260,0.29511918274687854,251,9,0.03461538461538462,0.25600999368288413,0.01723728899545821,0.0021487962188896,water_per_diff,0.0012481896507037,19 - 21日龄
"[-13.64, -9.80)",102,0.11577752553916004,100,2,0.0196078431372549,0.8398046373154657,0.056672363612006574,0.0068829459618071,water_per_diff,0.0011138809991114,19 - 21日龄
"[-9.80, 2.40)",284,0.322360953461975,280,4,0.014084507042253521,1.1762768739366787,0.2705171737611851,0.0319908082629724,water_per_diff,0.0011947802970609,19 - 21日龄
"[2.40, inf)",123,0.13961407491486946,114,9,0.07317073170731707,-0.5332444970544042,0.05085942398362855,0.0062831606483529,water_per_diff,0.0014103454184809,19 - 21日龄
,881,1.0,842,39,0.04426787741203178,,0.7758063463950357,0.0906065231714941,water_per_diff,0.0013075968367880944,19 - 21日龄
"[-inf, -5.10)",140,0.15891032917139614,129,11,0.07857142857142857,-0.6103012365493786,0.0786340377562708,0.0096794951905882,water_per_shift_diff,0.0015132481260964,19 - 21日龄
"[-5.10, 0.54)",230,0.26106696935300794,218,12,0.05217391304347826,-0.17262995511159177,0.008421742739776182,0.0010514126141621,water_per_shift_diff,0.0013702222925427,19 - 21日龄
"[0.54, 3.53)",123,0.13961407491486946,118,5,0.04065040650406504,0.08902834391888413,0.001062766027657062,0.0001328018982717,water_per_shift_diff,0.0013219542735635,19 - 21日龄
"[3.53, 5.53)",78,0.08853575482406356,77,1,0.01282051282051282,1.2715870537410037,0.08368048063628446,0.009807805520139,water_per_shift_diff,0.0011165052720096,19 - 21日龄
"[5.53, 13.95)",248,0.2814982973893303,242,6,0.024193548387096774,0.624959888815951,0.08347262538360317,0.0102675226983064,water_per_shift_diff,0.0011706395622734,19 - 21日龄
"[13.95, inf)",62,0.07037457434733257,58,4,0.06451612903225806,-0.39806971868615165,0.013407184020551915,0.0016649198518601,water_per_shift_diff,0.0013706540316633,19 - 21日龄
,881,1.0,842,39,0.04426787741203178,,0.2686788365641436,0.032603957773327495,water_per_shift_diff,0.0013075968367880864,19 - 21日龄
"[-inf, -32.24)",45,0.0510783200908059,35,10,0.2222222222222222,-1.8194553996173122,0.3908964566751975,0.0430717854539109,water_per_diff_前1天,0.0021826366434484,19 - 21日龄
"[-32.24, -26.68)",66,0.07491486946651532,61,5,0.07575757575757576,-0.5707824163734692,0.03182601267981673,0.0039251126831234,water_per_diff_前1天,0.0015435387082679,19 - 21日龄
"[-26.68, -21.48)",102,0.11577752553916004,97,5,0.049019607843137254,-0.1069453020433978,0.0013906341425339802,0.0001737464761157,water_per_diff_前1天,0.0012498864459246,19 - 21日龄
"[-21.48, -10.81)",313,0.35527809307604996,306,7,0.022364217252396165,0.7054565847843871,0.12975692100912656,0.0158914341277376,water_per_diff_前1天,0.0011727947770427,19 - 21日龄
"[-10.81, 5.51)",305,0.34619750283768447,300,5,0.01639344262295082,1.0221261941094206,0.23313615914122546,0.0279362121143408,water_per_diff_前1天,0.0012300850562598,19 - 21日龄
"[5.51, inf)",50,0.056753688989784334,43,7,0.14,-1.2569284014744313,0.1614126033564065,0.0189451794292134,water_per_diff_前1天,0.0016430296930309,19 - 21日龄
,881,1.0,842,39,0.04426787741203178,,0.9484187870043067,0.10994347028444179,water_per_diff_前1天,0.0013075968367881018,19 - 21日龄
"[-inf, -29.07)",58,0.06598407281001138,49,9,0.15517241379310345,-1.3752445249333056,0.237141523850679,0.0275703940045025,water_per_diff_前2天,0.0018995169522087,19 - 21日龄
"[-29.07, -15.19)",240,0.27303754266211605,227,13,0.05416666666666667,-0.2098395856878469,0.013239878620780817,0.0016876029321698,water_per_diff_前2天,0.0012238443940348,19 - 21日龄
"[-15.19, -13.52)",46,0.05233219567690557,45,1,0.021739130434782608,0.736822244062607,0.0205797421647523,0.0024966189281091,water_per_diff_前2天,0.0012595688703674,19 - 21日龄
"[-13.52, -4.94)",229,0.2605233219567691,227,2,0.008733624454148471,1.6619625912137446,0.36389675417509737,0.040716173673055,water_per_diff_前2天,0.0012227431100227998,19 - 21日龄
"[-4.94, 8.49)",261,0.29692832764505117,253,8,0.03065134099616858,0.38410770133997146,0.036898258123226196,0.0045221659061475,water_per_diff_前2天,0.0012771508108019,19 - 21日龄
"[8.49, inf)",45,0.051194539249146756,39,6,0.13333333333333333,-1.1980380688061214,0.12869035299538284,0.0152308432496313,water_per_diff_前2天,0.0016662495399946,19 - 21日龄
,879,1.0,840,39,0.04436860068259386,,0.8004465099299185,0.09222379869361519,water_per_diff_前2天,0.0013084875642180103,19 - 21日龄
"[-inf, -25.58)",45,0.05142857142857143,40,5,0.1111111111111111,-0.9856254252752192,0.07920312275245596,0.0096225250501134,water_per_diff_前3天,0.0016340185698697,19 - 21日龄
"[-25.58, -13.69)",149,0.1702857142857143,141,8,0.053691275167785234,-0.1957486182567229,0.007138544568373315,0.0009537642250865,water_per_diff_前3天,0.001270047154468,19 - 21日龄
"[-13.69, -0.58)",383,0.4377142857142857,365,18,0.04699738903394256,-0.05554137126872848,0.0013849569022658676,0.0002197552736436,water_per_diff_前3天,0.0013163079593341,19 - 21日龄
"[-0.58, 3.44)",108,0.12342857142857143,106,2,0.018518518518518517,0.9052249465970666,0.06835553363151693,0.0081049283312197,water_per_diff_前3天,0.0012845076909777,19 - 21日龄
"[3.44, 7.07)",86,0.09828571428571428,84,2,0.023255813953488372,0.6726026513283131,0.03308964092536542,0.0039598717880148,water_per_diff_前3天,0.0011774057266649,19 - 21日龄
"[7.07, inf)",104,0.11885714285714286,100,4,0.038461538461538464,0.1538088579131456,0.002622921267320236,0.0002967290953479,water_per_diff_前3天,0.0013404581033765,19 - 21日龄
,875,1.0,836,39,0.044571428571428574,,0.19179472004729775,0.023157573763425896,water_per_diff_前3天,0.0013100630582340087,19 - 21日龄
"[-inf, -3.17)",306,0.35172413793103446,290,16,0.05228758169934641,-0.1889540803540843,0.013698214580325187,0.0014377738093521,water_per_diff_前5天,0.0013849732445497,19 - 21日龄
"[-3.17, 7.76)",389,0.4471264367816092,375,14,0.03598971722365039,0.2016224152603294,0.016593545183052165,0.0023243545564125,water_per_diff_前5天,0.0012471812557919,19 - 21日龄
"[7.76, 10.47)",70,0.08045977011494253,69,1,0.014285714285714285,1.1478602235024367,0.06498829074106027,0.0077467370332628,water_per_diff_前5天,0.0011548208302705,19 - 21日龄
"[10.47, 13.04)",45,0.05172413793103448,43,2,0.044444444444444446,-0.0181933459612057,1.7263422913593472e-05,1.1099187593022317e-07,water_per_diff_前5天,0.001258260083669,19 - 21日龄
"[13.04, inf)",60,0.06896551724137931,55,5,0.08333333333333333,-0.6883510082964523,0.04506852818742586,0.0052023587780964,water_per_diff_前5天,0.0015255037328537,19 - 21日龄
,870,1.0,832,38,0.04367816091954023,,0.1403658421147771,0.016711335168999728,water_per_diff_前5天,0.001307982422058068,19 - 21日龄
"[-inf, -16.74)",71,0.08217592592592593,68,3,0.04225352112676056,-0.014598799421152636,1.763140026709243e-05,2.3344534703058752e-05,water_per_diff_前7天,0.0013787718552807,19 - 21日龄
"[-16.74, -10.35)",139,0.16087962962962962,134,5,0.03597122302158273,0.15290767158766125,0.003508750918074351,0.000834459094194,water_per_diff_前7天,0.0013427281254971,19 - 21日龄
"[-10.35, -4.54)",186,0.2152777777777778,184,2,0.010752688172043012,1.3862943611198906,0.23104906018664842,0.0279018009432411,water_per_diff_前7天,0.0012138754345141,19 - 21日龄
"[-4.54, 3.53)",282,0.3263888888888889,270,12,0.0425531914893617,-0.02197890671877523,0.00015926743999112434,6.696223465702238e-05,water_per_diff_前7天,0.0012600435696854,19 - 21日龄
"[3.53, inf)",186,0.2152777777777778,172,14,0.07526881720430108,-0.6270570687309552,0.11359729505995565,0.0107599092603727,water_per_diff_前7天,0.0013780574780686,19 - 21日龄
,864,1.0,828,36,0.041666666666666664,,0.3483320050049366,0.039586476067167885,water_per_diff_前7天,0.0012985692356026523,19 - 21日龄
"[-inf, -16.44)",61,0.06939704209328783,56,5,0.08196721311475409,-0.6539264674066639,0.040241628763487004,0.0049725600513406,water_per_shift_diff_前1天,0.001623483274158,19 - 21日龄
"[-16.44, -12.54)",100,0.11376564277588168,99,1,0.01,1.525279604426877,0.1406553627891818,0.0159846322317759,water_per_shift_diff_前1天,0.0012701640448138,19 - 21日龄
"[-12.54, -7.07)",142,0.161547212741752,137,5,0.035211267605633804,0.24070276768631174,0.008398146015429013,0.0010254301271072,water_per_shift_diff_前1天,0.0014298104011134,19 - 21日龄
"[-7.07, inf)",576,0.6552901023890785,548,28,0.04861111111111111,-0.09576946893490118,0.006279390087673007,0.0008230956103092,water_per_shift_diff_前1天,0.0012518725829592,19 - 21日龄
,879,1.0,840,39,0.04436860068259386,,0.19557452765577082,0.022805718020532897,water_per_shift_diff_前1天,0.0013084875642179977,19 - 21日龄
"[-inf, -14.16)",124,0.1417142857142857,112,12,0.0967741935483871,-0.831474745447961,0.14444463741311653,0.0177925526327109,water_per_shift_diff_前2天,0.0014342755477054,19 - 21日龄
"[-14.16, -10.80)",103,0.11771428571428572,97,6,0.05825242718446602,-0.2821154576797275,0.010668886005370633,0.0013924613317869,water_per_shift_diff_前2天,0.0013878125250116,19 - 21日龄
"[-10.80, -6.56)",137,0.15657142857142858,136,1,0.0072992700729927005,1.8475879187809967,0.25319049261174986,0.0274816080174454,water_per_shift_diff_前2天,0.0012147853279153,19 - 21日龄
"[-6.56, -0.61)",240,0.2742857142857143,231,9,0.0375,0.18012616623051902,0.008204127004426477,0.0009410544317197,water_per_shift_diff_前2天,0.0012388893953302,19 - 21日龄
"[-0.61, inf)",271,0.3097142857142857,260,11,0.04059040590405904,0.09771939126210194,0.0028293186526629948,0.000302589717251,water_per_shift_diff_前2天,0.0013348755467138,19 - 21日龄
,875,1.0,836,39,0.044571428571428574,,0.4193374616873265,0.0479102661309139,water_per_shift_diff_前2天,0.0013100630582339983,19 - 21日龄
"[-inf, -14.84)",100,0.1145475372279496,94,6,0.06,-0.3111364431871516,0.012799008823230923,0.0016846791733841,water_per_shift_diff_前3天,0.0014010192073551,19 - 21日龄
"[-14.84, 0.35)",578,0.6620847651775487,549,29,0.050173010380622836,-0.1218691447060437,0.010397432102295741,0.0015031482885723,water_per_shift_diff_前3天,0.0012870459382976,19 - 21日龄
"[0.35, 1.55)",45,0.05154639175257732,44,1,0.022222222222222223,0.7215178776891609,0.019565232986590415,0.0023198901290512,water_per_shift_diff_前3天,0.0014309268046227,19 - 21日龄
"[1.55, 6.90)",105,0.12027491408934708,103,2,0.01904761904761905,0.8789100514405901,0.06347413487160875,0.0074862713119474,water_per_shift_diff_前3天,0.0012656093711200997,19 - 21日龄
"[6.90, inf)",45,0.05154639175257732,44,1,0.022222222222222223,0.7215178776891609,0.019565232986590415,0.0023198901290512,water_per_shift_diff_前3天,0.0013907557821234,19 - 21日龄
,873,1.0,834,39,0.044673539518900345,,0.12580104177031623,0.0153138790320062,water_per_shift_diff_前3天,0.001310285422042048,19 - 21日龄
"[-inf, -6.12)",80,0.0922722029988466,73,7,0.0875,-0.7659584960533415,0.07754363283066881,0.0082585334758404,water_per_shift_diff_前5天,0.0015533162549666,19 - 21日龄
"[-6.12, 5.67)",547,0.6309111880046137,523,24,0.043875685557586835,-0.028980154429441927,0.0005369491328672247,6.697442162954207e-06,water_per_shift_diff_前5天,0.0012861474080698,19 - 21日龄
"[5.67, 11.31)",191,0.22029988465974626,189,2,0.010471204188481676,1.438092046353278,0.24973444751553345,0.0293414785373422,water_per_shift_diff_前5天,0.0012527357896916,19 - 21日龄
"[11.31, inf)",49,0.05651672433679354,45,4,0.08163265306122448,-0.69013965949599,0.03719248246388354,0.0039329663273106,water_per_shift_diff_前5天,0.0013035772838075,19 - 21日龄
,867,1.0,830,37,0.04267589388696655,,0.365007511942953,0.04153967578265615,water_per_shift_diff_前5天,0.0013044241699529085,19 - 21日龄
"[-inf, -1.82)",272,0.31554524361948955,259,13,0.04779411764705882,-0.17057792929627663,0.009935891822198046,0.0002583469022489,water_per_shift_diff_前7天,0.0013060391471546,19 - 21日龄
"[-1.82, -0.91)",47,0.054524361948955914,41,6,0.1276595744680851,-1.240644036058025,0.1511746939083315,0.0143387392522134,water_per_shift_diff_前7天,0.0015902618035043001,19 - 21日龄
"[-0.91, 3.16)",207,0.24013921113689096,195,12,0.057971014492753624,-0.3743637247585312,0.04008129842897524,0.0026937193195509,water_per_shift_diff_前7天,0.0014062646224065,19 - 21日龄
"[3.16, 4.49)",62,0.07192575406032482,61,1,0.016129032258064516,0.9484172306390336,0.042858170242731246,0.0058176297519728,water_per_shift_diff_前7天,0.0012121542813782,19 - 21日龄
"[4.49, inf)",274,0.31786542923433875,271,3,0.010948905109489052,1.3410498986773136,0.3245021071112767,0.0404257362697637,water_per_shift_diff_前7天,0.0011712253931579,19 - 21日龄
,862,1.0,827,35,0.04060324825986079,,0.5685521615135127,0.0635341714957497,water_per_shift_diff_前7天,0.0012959989011596424,19 - 21日龄
"[-inf, -26.47)",61,0.06314699792960662,51,10,0.16393442622950818,-1.6516706760573732,0.3814277071453654,0.042904897595745,water_per_diff,0.0020331976707325,22 - 24日龄
"[-26.47, -21.03)",51,0.052795031055900624,47,4,0.0784313725490196,-0.8170579751974854,0.052130229566842774,0.0063408639091755,water_per_diff,0.0014223489212562,22 - 24日龄
"[-21.03, -8.94)",198,0.20496894409937888,189,9,0.045454545454545456,-0.2363887780642304,0.01279698648167262,0.002265174551312244,water_per_diff,0.001300306437598988,22 - 24日龄
"[-8.94, 3.31)",306,0.3167701863354037,300,6,0.0196078431372549,0.6311117896404926,0.09517518288455981,0.0117033079381266,water_per_diff,0.0010531632430894,22 - 24日龄
"[3.31, inf)",350,0.36231884057971014,344,6,0.017142857142857144,0.76797097235769,0.15210939559909561,0.0185597874447024,water_per_diff,0.001088741502792,22 - 24日龄
,966,1.0,931,35,0.036231884057971016,,0.6936395016775362,0.08177403143906176,water_per_diff,0.0011980879978321995,22 - 24日龄
"[-inf, -14.31)",49,0.050724637681159424,46,3,0.061224489795918366,-0.5508821079666681,0.019999801556684623,0.0024688359290031,water_per_shift_diff,0.0013757058460759,22 - 24日龄
"[-14.31, -0.62)",331,0.34265010351966874,317,14,0.04229607250755287,-0.1610667715256314,0.009584424428055833,0.0011967597102633,water_per_shift_diff,0.001247840657323,22 - 24日龄
"[-0.62, 4.49)",212,0.2194616977225673,211,1,0.0047169811320754715,2.070946917688413,0.41018540453463304,0.043713333091933,water_per_shift_diff,0.0010445191291853,22 - 24日龄
"[4.49, inf)",374,0.38716356107660455,357,17,0.045454545454545456,-0.2363887780642304,0.024172085576492735,0.0030144952536322,water_per_shift_diff,0.0012178345093236,22 - 24日龄
,966,1.0,931,35,0.036231884057971016,,0.46394171609586626,0.0503934239848316,water_per_shift_diff,0.001198087997832238,22 - 24日龄
"[-inf, -27.30)",51,0.052795031055900624,37,14,0.27450980392156865,-2.3090506327586877,0.8318534717800902,0.0856925480010263,water_per_diff_前1天,0.0024570574392969,22 - 24日龄
"[-27.30, -13.16)",200,0.2070393374741201,193,7,0.035,0.03586882406191884,0.00026198496629543244,3.274636536514694e-05,water_per_diff_前1天,0.0012252441987927,22 - 24日龄
"[-13.16, -7.20)",138,0.14285714285714285,136,2,0.014492753623188406,0.9385964893884533,0.0834756061453963,0.0100675492350447,water_per_diff_前1天,0.0010342009794312,22 - 24日龄
"[-7.20, -2.13)",139,0.14389233954451347,137,2,0.014388489208633094,0.9459225294805262,0.08514318793820419,0.0102630523713639,water_per_diff_前1天,0.0009849284412231,22 - 24日龄
"[-2.13, 19.03)",382,0.39544513457556935,374,8,0.020942408376963352,0.5639030399470426,0.09763820627224842,0.0120455973276826,water_per_diff_前1天,0.0011651980483154,22 - 24日龄
"[19.03, inf)",56,0.057971014492753624,54,2,0.03571428571428571,0.014925650216675792,1.282547816685355e-05,1.6031698897883044e-06,water_per_diff_前1天,0.0011118534606292,22 - 24日龄
,966,1.0,931,35,0.036231884057971016,,1.0983852825804015,0.11810309647037243,water_per_diff_前1天,0.0011980879978322116,22 - 24日龄
"[-inf, -28.18)",49,0.050724637681159424,33,16,0.32653061224489793,-2.5569923765609546,1.0782762696432124,0.10700806631649,water_per_diff_前2天,0.0027714350781446,22 - 24日龄
"[-28.18, -21.71)",88,0.09109730848861283,86,2,0.022727272727272728,0.48028889990590906,0.01692102676360238,0.0020950302844864,water_per_diff_前2天,0.0011782901118423,22 - 24日龄
"[-21.71, inf)",829,0.8581780538302277,812,17,0.020506634499396863,0.5853757803178085,0.2262279331453786,0.0278815329056244,water_per_diff_前2天,0.0011071931932867,22 - 24日龄
,966,1.0,931,35,0.036231884057971016,,1.3214252295521933,0.1369846295066008,water_per_diff_前2天,0.001198087997832176,22 - 24日龄
"[-inf, -30.85)",49,0.050724637681159424,34,15,0.30612244897959184,-2.462600892273702,0.9654665152308284,0.0972047025420962,water_per_diff_前3天,0.0025578414096794006,22 - 24日龄
"[-30.85, -23.09)",107,0.11076604554865424,105,2,0.018691588785046728,0.6799019538099246,0.03782913126461234,0.0046396168974475,water_per_diff_前3天,0.0011992691471986,22 - 24日龄
"[-23.09, -7.67)",412,0.42650103519668736,408,4,0.009708737864077669,1.3440615974966177,0.4354124358807518,0.0583271844448106,water_per_diff_前3天,0.000997520357026459,22 - 24日龄
"[-7.67, 11.17)",349,0.3612836438923395,340,9,0.025787965616045846,0.3508098244863344,0.03790705514857706,0.0047142328864199,water_per_diff_前3天,0.0011972407276549,22 - 24日龄
"[11.17, inf)",49,0.050724637681159424,44,5,0.10204081632653061,-1.1061594943034925,0.1057445703469504,0.0125828819760683,water_per_diff_前3天,0.0015281954496926002,22 - 24日龄
,966,1.0,931,35,0.036231884057971016,,1.58235970787172,0.1774686187468425,water_per_diff_前3天,0.0011980879978322353,22 - 24日龄
"[-inf, -29.43)",60,0.062370062370062374,51,9,0.15,-1.5420044486883349,0.31168023345656026,0.0356310749777324,water_per_diff_前5天,0.0016897720710438,22 - 24日龄
"[-29.43, -13.05)",328,0.340956340956341,317,11,0.03353658536585366,0.08440099700246873,0.0023360177317989506,0.0002623258234554,water_per_diff_前5天,0.0011498964634808,22 - 24日龄
"[-13.05, -3.04)",295,0.30665280665280664,286,9,0.030508474576271188,0.18216172940719177,0.009359334348028624,0.0011113297135456,water_per_diff_前5天,0.001227560352379,22 - 24日龄
"[-3.04, inf)",279,0.29002079002079,273,6,0.021505376344086023,0.5411068218804632,0.06659391400119247,0.0080763618560322,water_per_diff_前5天,0.0011246094988622,22 - 24日龄
,962,1.0,927,35,0.036382536382536385,,0.38996949953758026,0.0450810923707656,water_per_diff_前5天,0.0012000506428468704,22 - 24日龄
"[-inf, -14.91)",49,0.051255230125523014,45,4,0.08163265306122448,-0.8497438461154639,0.055595153449899584,0.0068830676323822,water_per_diff_前7天,0.0014436034330792,22 - 24日龄
"[-14.91, -3.17)",295,0.30857740585774057,283,12,0.04067796610169491,-0.10957172691065578,0.0038988295568953652,0.0005846939173464,water_per_diff_前7天,0.0011540285618632,22 - 24日龄
"[-3.17, 2.32)",245,0.25627615062761505,242,3,0.012244897959183673,1.1202134627226836,0.19832660870973648,0.02299297454824,water_per_diff_前7天,0.0010835424367886,22 - 24日龄
"[2.32, 6.46)",148,0.15481171548117154,144,4,0.02702702702702703,0.3134069636902168,0.013183801543785758,0.0015218629817082,water_per_diff_前7天,0.0011673842970368,22 - 24日龄
"[6.46, 12.13)",139,0.14539748953974896,132,7,0.050359712230215826,-0.33322020123483564,0.01888609609604606,0.0024911986513334,water_per_diff_前7天,0.001321319523416,22 - 24日龄
"[12.13, inf)",80,0.08368200836820083,75,5,0.0625,-0.562061773663683,0.034524036353469595,0.0044010394990929,water_per_diff_前7天,0.0014352206565483,22 - 24日龄
,956,1.0,921,35,0.036610878661087864,,0.32441452570983287,0.0388748372301031,water_per_diff_前7天,0.0012007289050458853,22 - 24日龄
"(-inf, -11.93)",49,0.0507246376811594,46,3,0.0612244897959183,-0.5508821079666686,0.0199998015566846,0.0024688359290031,water_per_shift_diff_前1天,0.0013591983147066,22 - 24日龄
"[-11.93, -3.29)",167,0.1728778467908902,158,9,0.0538922155688622,-0.4155407600969063,0.0363319203779679,0.0045090946605035,water_per_shift_diff_前1天,0.001193759415461,22 - 24日龄
"[-3.29, 6.04)",406,0.4202898550724637,391,15,0.0369458128078817,-0.0202538569044978,0.0001740395867196,2.1754576502310864e-05,water_per_shift_diff_前1天,0.0012627164392032,22 - 24日龄
"[6.04, 8.56)",121,0.1252587991718426,119,2,0.0165289256198347,0.8050650967639306,0.0568993376660221,0.0069263596761996,water_per_shift_diff_前1天,0.0010461817631811,22 - 24日龄
"[8.56, 12.71)",113,0.1169772256728778,112,1,0.0088495575221238,1.4375876555074405,0.1318689428360209,0.0151963737520173,water_per_shift_diff_前1天,0.001137399267002,22 - 24日龄
"[12.71, inf)",110,0.113871635610766,105,5,0.0454545454545454,-0.2363887780642306,0.0071094369342625,0.0008866162510683,water_per_shift_diff_前1天,0.001123795284279,22 - 24日龄
,966,1.0,931,35,0.036231884057971016,,0.2523834789576776,0.030009034845294113,water_per_shift_diff_前1天,0.0011980879978322346,22 - 24日龄
"[-inf, -5.10)",103,0.10662525879917184,92,11,0.10679611650485436,-1.1570179115369836,0.24929945548261964,0.0295328351562017,water_per_shift_diff_前2天,0.0017162803620682,22 - 24日龄
"[-5.10, -2.96)",60,0.062111801242236024,56,4,0.06666666666666667,-0.6418538861723948,0.0347469772965507,0.0042703178969428,water_per_shift_diff_前2天,0.0011579245577206,22 - 24日龄
"[-2.96, 3.20)",276,0.2857142857142857,265,11,0.03985507246376811,-0.09907666259980158,0.002937181404677251,0.0003669975830184,water_per_shift_diff_前2天,0.0011943772635557,22 - 24日龄
"[3.20, 5.59)",125,0.12939958592132506,122,3,0.024,0.4244975402774935,0.019241456712900354,0.0023872845176516,water_per_shift_diff_前2天,0.0011141836192121,22 - 24日龄
"[5.59, 8.54)",166,0.17184265010351968,165,1,0.006024096385542169,1.8250342581129273,0.27130477048639,0.0298730994049353,water_per_shift_diff_前2天,0.0009955077870403,22 - 24日龄
"[8.54, inf)",236,0.2443064182194617,231,5,0.0211864406779661,0.5520685823000399,0.05811248234737261,0.0071731960730795,water_per_shift_diff_前2天,0.0011734122260936,22 - 24日龄
,966,1.0,931,35,0.036231884057971016,,0.6356423237305107,0.07360373063182929,water_per_shift_diff_前2天,0.0011980879978322212,22 - 24日龄
"[-inf, -5.06)",155,0.1607883817427386,146,9,0.05806451612903226,-0.49237863295230766,0.04923029173390594,0.0061391032633086,water_per_shift_diff_前3天,0.0014293261500415,22 - 24日龄
"[-5.06, 0.50)",241,0.25,229,12,0.04979253112033195,-0.32994532355818545,0.031792055934423954,0.0040035107904501,water_per_shift_diff_前3天,0.0012621139148363,22 - 24日龄
"[0.50, 6.77)",293,0.3039419087136929,286,7,0.023890784982935155,0.43132098444011435,0.04652138066835247,0.0173079692869485,water_per_shift_diff_前3天,0.0010785753469759792,22 - 24日龄
"[6.77, 10.64)",139,0.1441908713692946,137,2,0.014388489208633094,0.9480730679437549,0.08563710904354326,0.0102630523713639,water_per_shift_diff_前3天,0.0011303987142968,22 - 24日龄
"[10.64, inf)",136,0.14107883817427386,131,5,0.03676470588235294,-0.013001266557373627,2.3991265368058187e-05,4.0686520097967145e-06,water_per_shift_diff_前3天,0.0011551466528836,22 - 24日龄
,964,1.0,929,35,0.03630705394190872,,0.2132048286455937,0.037717704364080895,water_per_shift_diff_前3天,0.0011991316903271446,22 - 24日龄
"[-inf, -15.30)",97,0.10125260960334029,93,4,0.041237113402061855,-0.12597604098007326,0.0017041179355608118,0.0002419926202135,water_per_shift_diff_前5天,0.0012710614876594,22 - 24日龄
"[-15.30, -6.34)",306,0.31941544885177453,293,13,0.042483660130718956,-0.1570579214579079,0.008478842749499808,0.0011732453569946,water_per_shift_diff_前5天,0.0012206855068164,22 - 24日龄
"[-6.34, -5.09)",50,0.05219206680584551,44,6,0.12,-1.2798510083232322,0.15839171432522153,0.0187205843301863,water_per_shift_diff_前5天,0.0016091887132882,22 - 24日龄
"[-5.09, -3.81)",56,0.05845511482254697,53,3,0.05357142857142857,-0.40060154812942633,0.011334153071979436,0.0014623404795763,water_per_shift_diff_前5天,0.001255676844524,22 - 24日龄
"[-3.81, 0.50)",208,0.21711899791231734,203,5,0.02403846153846154,0.43148689359424847,0.03325808280605723,0.0039448714927395,water_per_shift_diff_前5天,0.0011358353524276,22 - 24日龄
"[0.50, inf)",241,0.25156576200417535,237,4,0.016597510373443983,0.8094846070018022,0.11533996737437847,0.0136792695671057,water_per_shift_diff_前5天,0.0011034184381899,22 - 24日龄
,958,1.0,923,35,0.03653444676409186,,0.32850687826269725,0.0392223038468159,water_per_shift_diff_前5天,0.0012001854543374122,22 - 24日龄
"[-inf, -5.09)",181,0.18992654774396642,171,10,0.055248618784530384,-0.4578471342309115,0.04946847356985078,0.0057079285498048,water_per_shift_diff_前7天,0.0013197453158820991,22 - 24日龄
"[-5.09, -3.52)",78,0.08184679958027283,76,2,0.02564102564102564,0.34066056198686023,0.008133289996869929,0.0010861109954736,water_per_shift_diff_前7天,0.0012445752965695,22 - 24日龄
"[-3.52, 0.26)",255,0.2675760755508919,253,2,0.00784313725490196,1.5433167104280494,0.33409057893283384,0.0380490281730122,water_per_shift_diff_前7天,0.0010471548170301,22 - 24日龄
"[0.26, 4.30)",256,0.26862539349422876,247,9,0.03515625,0.015238161552232192,6.193581633276233e-05,3.188905274481612e-05,water_per_shift_diff_前7天,0.0011665998249645,22 - 24日龄
"[4.30, inf)",183,0.19202518363064008,172,11,0.060109289617486336,-0.5473263937244431,0.07463860217819408,0.0085033608657819,water_per_shift_diff_前7天,0.0013156187056524,22 - 24日龄
,953,1.0,919,34,0.035676810073452254,,0.46639288049408134,0.053378317636817316,water_per_shift_diff_前7天,0.0011987230136149608,22 - 24日龄
"[-inf, -32.95)",56,0.053691275167785234,50,6,0.10714285714285714,-0.11262122153501244,0.0007125977524550403,8.902767460998288e-05,water_per_diff,0.0016712586169547,25 - 27日龄
"[-32.95, -21.09)",127,0.12176414189837009,107,20,0.15748031496062992,-0.5557881968271884,0.046926137616539534,0.0057914168694177,water_per_diff,0.002156059632012,25 - 27日龄
"[-21.09, -17.83)",53,0.05081495685522531,42,11,0.20754716981132076,-0.8931104122501059,0.05744924137573992,0.0069516175952749,water_per_diff,0.0023198143972785,25 - 27日龄
"[-17.83, 7.83)",546,0.5234899328859061,488,58,0.10622710622710622,-0.1030123624283757,0.005790398712103517,0.0007234799822204,water_per_diff,0.0016461880938805,25 - 27日龄
"[7.83, 13.73)",114,0.10930009587727708,111,3,0.02631578947368421,1.378033154909121,0.12144802509841059,0.0140834225249912,water_per_diff,0.0011944666085165,25 - 27日龄
"[13.73, inf)",147,0.14093959731543623,144,3,0.02040816326530612,1.6383162531727873,0.2017803898875231,0.0227331916036723,water_per_diff,0.0011281354371222,25 - 27日龄
,1043,1.0,942,101,0.09683604985618409,,0.4341067904427717,0.050372156250186484,water_per_diff,0.0016214611896043579,25 - 27日龄
"[-inf, -6.44)",353,0.33844678811121764,307,46,0.13031161473087818,-0.33467840663700155,0.043355314811555835,0.0053942623825645,water_per_shift_diff,0.0018279965019743,25 - 27日龄
"[-6.44, 0.58)",255,0.24448705656759348,229,26,0.10196078431372549,-0.05725929220234598,0.0008202940370372453,0.0001025227494369,water_per_shift_diff,0.001715049343802,25 - 27日龄
"[0.58, 1.80)",53,0.05081495685522531,51,2,0.03773584905660377,1.005793694429277,0.03453709192260461,0.00414389867963,water_per_shift_diff,0.001309579113014,25 - 27日龄
"[1.80, 3.63)",61,0.058485139022051776,60,1,0.01639344262295082,1.861459804486997,0.1001340236632029,0.0109742820901932,water_per_shift_diff,0.0011431301168407,25 - 27日龄
"[3.63, 8.31)",138,0.13231064237775647,128,10,0.07246376811594203,0.3165604131904678,0.011671963270397519,0.0014529338258768,water_per_shift_diff,0.0014282703252095,25 - 27日龄
"[8.31, inf)",183,0.17545541706615533,167,16,0.08743169398907104,0.11252033244187017,0.0021228689404590695,0.0002652187203192,water_per_shift_diff,0.0014881078573495,25 - 27日龄
,1043,1.0,942,101,0.09683604985618409,,0.19264155664525717,0.022333118448020602,water_per_shift_diff,0.0016214611896043453,25 - 27日龄
"[-inf, -21.02)",138,0.13231064237775647,115,23,0.16666666666666666,-0.6234468453010032,0.06586222953186169,0.0081019852494056,water_per_diff_前1天,0.0020462074574964,25 - 27日龄
"[-21.02, -15.49)",89,0.08533077660594439,77,12,0.1348314606741573,-0.37398598566942004,0.013863998775052495,0.0017229704952397,water_per_diff_前1天,0.0019846425836583,25 - 27日龄
"[-15.49, 0.72)",362,0.34707574304889743,326,36,0.09944751381215469,-0.029506314824505966,0.0003057874168817441,3.822204057970114e-05,water_per_diff_前1天,0.0016195683348034,25 - 27日龄
"[0.72, 7.84)",175,0.16778523489932887,161,14,0.08,0.2094622776341006,0.006765440911160063,0.0008441375079872,water_per_diff_前1天,0.0014878669184872,25 - 27日龄
"[7.84, 13.41)",120,0.11505273250239693,116,4,0.03333333333333333,1.1344110722513705,0.09476676128580325,0.0112489158010308,water_per_diff_前1天,0.0013437679478395,25 - 27日龄
"[13.41, inf)",159,0.15244487056567593,147,12,0.07547169811320754,0.2726411792556324,0.010152905111335746,0.001265196971109,water_per_diff_前1天,0.0014104503144804,25 - 27日龄
,1043,1.0,942,101,0.09683604985618409,,0.19171712303209495,0.023221428065352,water_per_diff_前1天,0.0016214611896043206,25 - 27日龄
"[-inf, -24.66)",77,0.0738255033557047,65,12,0.15584415584415584,-0.5434041376274668,0.027066828616347825,0.0033423309647335,water_per_diff_前2天,0.0019247730072735,25 - 27日龄
"[-24.66, -12.07)",175,0.16778523489932887,150,25,0.14285714285714285,-0.44112528850704863,0.03894654751276207,0.0048292263001672,water_per_diff_前2天,0.0018902820261165998,25 - 27日龄
"[-12.07, -2.10)",229,0.2195589645254075,207,22,0.09606986899563319,0.008791582171949636,1.6910087421609694e-05,2.113754120355556e-06,water_per_diff_前2天,0.0014857426994708,25 - 27日龄
"[-2.10, 2.37)",119,0.11409395973154363,112,7,0.058823529411764705,0.5397039645046775,0.026763398967155076,0.0033054047737619,water_per_diff_前2天,0.0015201082375329,25 - 27日龄
"[2.37, 4.62)",58,0.05560882070949185,57,1,0.017241379310344827,1.8101665100994466,0.09160992775145399,0.0101061460119387,water_per_diff_前2天,0.0012753685156628,25 - 27日龄
"[4.62, inf)",385,0.3691275167785235,351,34,0.08831168831168831,0.10154094111460059,0.0036532198338827997,0.000456456399315,water_per_diff_前2天,0.0016027995123979,25 - 27日龄
,1043,1.0,942,101,0.09683604985618409,,0.18805683276902338,0.022041678204036654,water_per_diff_前2天,0.00162146118960434,25 - 27日龄
"[-inf, -15.47)",199,0.19079578139980824,168,31,0.15577889447236182,-0.5429079828169909,0.06981076981546601,0.0086207310210059,water_per_diff_前3天,0.0019767396432836,25 - 27日龄
"[-15.47, 13.71)",713,0.6836049856184084,649,64,0.08976157082748948,0.0836648756093144,0.004626357555870202,0.000578126088751,water_per_diff_前3天,0.001552211866752,25 - 27日龄
"[13.71, 17.44)",61,0.058485139022051776,56,5,0.08196721311475409,0.18302902056594522,0.0018198635035566223,0.0002271659441516,water_per_diff_前3天,0.0017969611286677,25 - 27日龄
"[17.44, inf)",70,0.06711409395973154,69,1,0.014285714285714285,2.001221746862156,0.12677222959721482,0.0136394046245161,water_per_diff_前3天,0.0011638734557289,25 - 27日龄
,1043,1.0,942,101,0.09683604985618409,,0.20302922047210764,0.0230654276784246,water_per_diff_前3天,0.0016214611896043767,25 - 27日龄
"[-inf, -26.79)",73,0.06999041227229147,56,17,0.2328767123287671,-1.0407464110561704,0.11330486352735715,0.0135566355505162,water_per_diff_前5天,0.0022433317939373,25 - 27日龄
"[-26.79, -5.84)",473,0.4534995206136146,429,44,0.09302325581395349,0.04438252727465233,0.0008774624645647672,0.0001096738067008,water_per_diff_前5天,0.0015742708346806,25 - 27日龄
"[-5.84, -2.91)",85,0.08149568552253116,82,3,0.03529411764705882,1.0752222008610397,0.06165954392274529,0.0073563844431845,water_per_diff_前5天,0.0012156695897382,25 - 27日龄
"[-2.91, -1.37)",54,0.05177372962607862,51,3,0.05555555555555555,0.6003285863211125,0.014670323970450346,0.0018067403292805,water_per_diff_前5天,0.0015731124865717,25 - 27日龄
"[-1.37, 10.75)",264,0.25311601150527324,240,24,0.09090909090909091,0.06970033525894206,0.001195591296615517,0.0001494186676213,water_per_diff_前5天,0.0016860173245836,25 - 27日龄
"[10.75, inf)",94,0.09012464046021093,84,10,0.10638297872340426,-0.10465305188583578,0.0010295690290843412,0.0001286374310434,water_per_diff_前5天,0.0015893843819498,25 - 27日龄
,1043,1.0,942,101,0.09683604985618409,,0.19273735421081742,0.023107490228346697,water_per_diff_前5天,0.001621461189604331,25 - 27日龄
"[-inf, -32.52)",53,0.05091258405379443,40,13,0.24528301886792453,-1.1068292617703908,0.0953640547849357,0.0113786437948614,water_per_diff_前7天,0.0021650978012739,25 - 27日龄
"[-32.52, -26.78)",75,0.07204610951008646,67,8,0.10666666666666667,-0.10550828071165995,0.000836820469516325,0.0001086932809939,water_per_diff_前7天,0.0015944405576769,25 - 27日龄
"[-26.78, -23.16)",71,0.06820365033621517,70,1,0.014084507042253521,2.017735883626569,0.13027934449790254,0.0139404767190451,water_per_diff_前7天,0.0011340289470335,25 - 27日龄
"[-23.16, -9.79)",439,0.4217098943323727,405,34,0.0774487471526196,0.24676718406758757,0.023249762602533915,0.0028461216835645,water_per_diff_前7天,0.0014857819262115,25 - 27日龄
"[-9.79, 0.63)",283,0.27185398655139287,253,30,0.10600706713780919,-0.0985672513574251,0.0027481305492216544,0.0003579648210209,water_per_diff_前7天,0.001753915943899,25 - 27日龄
"[0.63, inf)",120,0.11527377521613832,105,15,0.125,-0.2848492093674769,0.010486075276378045,0.0013245051304141,water_per_diff_前7天,0.0018790528488952,25 - 27日龄
,1041,1.0,940,101,0.09702209414024976,,0.2629641881804882,0.0299564054298999,water_per_diff_前7天,0.0016224323728437579,25 - 27日龄
"[-inf, -10.50)",186,0.17833173537871524,162,24,0.12903225806451613,-0.3233422528506652,0.021227173186450305,0.0026418978534786,water_per_shift_diff_前1天,0.0018708454072037,25 - 27日龄
"[-10.50, -1.32)",310,0.2972195589645254,278,32,0.1032258064516129,-0.07099954684419318,0.0015417487942244563,0.0001926781310586,water_per_shift_diff_前1天,0.0017970946251353,25 - 27日龄
"[-1.32, 1.87)",134,0.12847555129434324,122,12,0.08955223880597014,0.0862296372101526,0.000922639535430571,0.0001152942243079,water_per_shift_diff_前1天,0.001417163587051,25 - 27日龄
"[1.87, 4.02)",73,0.06999041227229147,71,2,0.0273972602739726,1.3366479387462664,0.0742769507909389,0.0086498352817576,water_per_shift_diff_前1天,0.0012423672645435,25 - 27日龄
"[4.02, 6.07)",81,0.07766059443911794,76,5,0.06172839506172839,0.488410670117127,0.015225936469355264,0.0018845478080755,water_per_shift_diff_前1天,0.0014083908490805,25 - 27日龄
"[6.07, inf)",259,0.2483221476510067,233,26,0.10038610038610038,-0.03994284219088515,0.0004026106836208917,5.032299021204712e-05,water_per_shift_diff_前1天,0.0015113322450714,25 - 27日龄
,1043,1.0,942,101,0.09683604985618409,,0.11359705946002038,0.013534576288890245,water_per_shift_diff_前1天,0.0016214611896043659,25 - 27日龄
"[-inf, 1.87)",553,0.5302013422818792,497,56,0.10126582278481013,-0.049646422373624266,0.0013332346299700475,0.000166637215683,water_per_shift_diff_前2天,0.0016468033308202,25 - 27日龄
"[1.87, 3.99)",77,0.0738255033557047,75,2,0.025974025974025976,1.3914561752412615,0.08323113969958608,0.0096382558352517,water_per_shift_diff_前2天,0.0012665987031224,25 - 27日龄
"[3.99, 5.00)",54,0.05177372962607862,50,4,0.07407407407407407,0.2928438865731519,0.003945953023762175,0.0004914891755359,water_per_shift_diff_前2天,0.0015329610434689,25 - 27日龄
"[5.00, 8.47)",149,0.14285714285714285,133,16,0.10738255033557047,-0.11512435175313106,0.0019832336142122497,0.0002477673913011,water_per_shift_diff_前2天,0.0015919231036528,25 - 27日龄
"[8.47, inf)",210,0.20134228187919462,187,23,0.10952380952380952,-0.13727035680966668,0.004009525988249813,0.00050079761836,water_per_shift_diff_前2天,0.0017285582851511998,25 - 27日龄
,1043,1.0,942,101,0.09683604985618409,,0.09450308695578037,0.011044947236131699,water_per_shift_diff_前2天,0.0016214611896043483,25 - 27日龄
"[-inf, -3.95)",271,0.2598274209012464,242,29,0.1070110701107011,-0.11124286156489123,0.0033627049027834914,0.0010086946779031586,water_per_shift_diff_前3天,0.0015910740302435098,25 - 27日龄
"[-3.95, -2.44)",69,0.06615532118887824,67,2,0.028985507246376812,1.2786606810959171,0.06562506680321376,0.0076863336676964,water_per_shift_diff_前3天,0.0013162598357167,25 - 27日龄
"[-2.44, 4.49)",300,0.28763183125599234,275,25,0.08333333333333333,0.165010515063267,0.00732767259614369,0.0009149213137021,water_per_shift_diff_前3天,0.0016255636930445,25 - 27日龄
"[4.49, inf)",403,0.38638542665388304,358,45,0.11166253101736973,-0.15901426110472297,0.01041576669824718,0.001300600859594,water_per_shift_diff_前3天,0.0016910965806043,25 - 27日龄
,1043,1.0,942,101,0.09683604985618409,,0.08673121100038811,0.010910550518895657,water_per_shift_diff_前3天,0.0016214611896043396,25 - 27日龄
"[-inf, -7.00)",65,0.062320230105465,52,13,0.2,-0.846590396615213,0.06223385291382144,0.007554937637377,water_per_shift_diff_前5天,0.0023848043169451,25 - 27日龄
"[-7.00, -3.67)",86,0.08245445829338446,73,13,0.1511627906976744,-0.5073746740482492,0.025986806947900176,0.0032139507528018,water_per_shift_diff_前5天,0.0018836818937363,25 - 27日龄
"[-3.67, 2.91)",311,0.2981783317353787,280,31,0.09967845659163987,-0.03208235905100025,0.0003109030191190247,3.8861210780003104e-05,water_per_shift_diff_前5天,0.0016028080092226,25 - 27日龄
"[2.91, 9.84)",393,0.37679769894535,359,34,0.08651399491094147,0.12407710613701378,0.005517754893377324,0.0006892772720363,water_per_shift_diff_前5天,0.0015651559483326,25 - 27日龄
"[9.84, 13.51)",99,0.09491850431447747,92,7,0.0707070707070707,0.3429936702586234,0.009726481704796681,0.0012098853178512,water_per_shift_diff_前5天,0.0015027704006723,25 - 27日龄
"[13.51, inf)",89,0.08533077660594439,86,3,0.033707865168539325,1.1228502498502946,0.06915875705916132,0.0082175322116965,water_per_shift_diff_前5天,0.0012564185288213,25 - 27日龄
,1043,1.0,942,101,0.09683604985618409,,0.17293455653817597,0.0209244444025428,water_per_shift_diff_前5天,0.0016214611896043596,25 - 27日龄
"[-inf, -16.44)",73,0.07025986525505294,64,9,0.1232876712328767,-0.26697092614151274,0.005573988176950243,0.000715485099006,water_per_shift_diff_前7天,0.0015228080942364,25 - 27日龄
"[-16.44, -3.13)",413,0.397497593840231,367,46,0.11138014527845036,-0.15190898059949007,0.009750665108251172,0.0012841022253367,water_per_shift_diff_前7天,0.0017505649568122,25 - 27日龄
"[-3.13, 0.91)",190,0.18286814244465832,171,19,0.1,-0.0314048548287459,0.000182651892700279,2.9374183443504724e-05,water_per_shift_diff_前7天,0.00167338255263,25 - 27日龄
"[0.91, 2.90)",83,0.07988450433108758,75,8,0.0963855421686747,0.0094171396915093,7.057536765576241e-06,2.644869343225713e-07,water_per_shift_diff_前7天,0.0015924588574098997,25 - 27日龄
"[2.90, 6.28)",105,0.10105871029836382,104,1,0.009523809523809525,2.4157614669764076,0.24392719070590804,0.0245900519183847,water_per_shift_diff_前7天,0.0011350454391796,25 - 27日龄
"[6.28, inf)",175,0.16843118383060635,157,18,0.10285714285714286,-0.06275538471282187,0.0006802949196739219,9.673828941087316e-05,water_per_shift_diff_前7天,0.0016197673436039997,25 - 27日龄
,1039,1.0,938,101,0.09720885466794996,,0.2601218483402492,0.0267160162025161,water_per_shift_diff_前7天,0.001623584354621728,25 - 27日龄
"[-inf, -47.51)",82,0.07334525939177101,35,47,0.573170731707317,-1.5292553612716568,0.2234123292095704,0.0254883976831865,water_per_diff,0.0044604950595742,28 - 30日龄
"[-47.51, -38.39)",73,0.06529516994633273,39,34,0.4657534246575342,-1.0972546995375267,0.09862782811928646,0.0117450028898302,water_per_diff,0.0044216325014072,28 - 30日龄
"[-38.39, -24.20)",201,0.17978533094812166,137,64,0.31840796019900497,-0.47335797858255885,0.045333323034089774,0.005614346191125,water_per_diff,0.0028978117400836004,28 - 30日龄
"[-24.20, -11.74)",262,0.23434704830053668,208,54,0.20610687022900764,0.11409821208603177,0.0029550345261476403,0.0003691790824139,water_per_diff,0.0024433673575423,28 - 30日龄
"[-11.74, 7.60)",322,0.2880143112701252,278,44,0.13664596273291926,0.6089756587213643,0.08916194805282926,0.0109761569131977,water_per_diff,0.0018810334597776,28 - 30日龄
"[7.60, inf)",178,0.1592128801431127,169,9,0.05056179775280899,1.6982183165358424,0.27075684640908804,0.0302864748777756,water_per_diff,0.0014255116005525,28 - 30日龄
,1118,1.0,866,252,0.22540250447227192,,0.7302473093510116,0.0844795576375289,water_per_diff,0.002478171747645285,28 - 30日龄
"[-inf, -22.53)",80,0.07155635062611806,47,33,0.4125,-0.8808157808074336,0.06754083395666811,0.0081798503524951,water_per_shift_diff,0.0034713458837061,28 - 30日龄
"[-22.53, -11.92)",160,0.14311270125223613,109,51,0.31875,-0.4749335715461939,0.036339495480398595,0.0045002209782663,water_per_shift_diff,0.002933494202376,28 - 30日龄
"[-11.92, 6.39)",591,0.5286225402504472,468,123,0.20812182741116753,0.10182811949421756,0.005327694693651607,0.0006656742634766,water_per_shift_diff,0.0024660857315405,28 - 30日龄
"[6.39, 14.30)",174,0.1556350626118068,147,27,0.15517241379310345,0.4601398997233954,0.02880618474843757,0.003569339486626,water_per_shift_diff,0.0020795804045919,28 - 30日龄
"[14.30, 19.50)",57,0.050983899821109124,51,6,0.10526315789473684,0.9056103424452591,0.031770559687675975,0.0038409432655355,water_per_shift_diff,0.001547483354099,28 - 30日龄
"[19.50, inf)",56,0.05008944543828265,44,12,0.21428571428571427,0.06482716307924906,0.00020675109747038636,2.58393626964092e-05,water_per_shift_diff,0.0020717689619238,28 - 30日龄
,1118,1.0,866,252,0.22540250447227192,,0.16999151966430226,0.02078186770909591,water_per_shift_diff,0.002478171747645304,28 - 30日龄
"[-inf, -38.17)",119,0.10644007155635063,61,58,0.48739495798319327,-1.1840249674241197,0.1891123861969606,0.0223482871061041,water_per_diff_前1天,0.004167064532132,28 - 30日龄
"[-38.17, -22.64)",222,0.19856887298747763,153,69,0.3108108108108108,-0.43812440425583576,0.042557283631251185,0.0052775177868113,water_per_diff_前1天,0.0030647372669281,28 - 30日龄
"[-22.64, -9.41)",273,0.2441860465116279,212,61,0.22344322344322345,0.01125658944768939,3.084534114941085e-05,3.855647287330272e-06,water_per_diff_前1天,0.0023568325041006,28 - 30日龄
"[-9.41, 7.24)",313,0.27996422182468694,260,53,0.16932907348242812,0.35593389641239404,0.03200325761301731,0.0039794230922132,water_per_diff_前1天,0.0020972441015311,28 - 30日龄
"[7.24, 13.01)",66,0.059033989266547404,64,2,0.030303030303030304,2.231280081748715,0.1471897249571763,0.0153350383418587,water_per_diff_前1天,0.0014651272872684,28 - 30日龄
"[13.01, inf)",125,0.11180679785330948,116,9,0.072,1.3219097927191334,0.1298576841907364,0.0151448267598428,water_per_diff_前1天,0.0015823406634185,28 - 30日龄
,1118,1.0,866,252,0.22540250447227192,,0.5407511819302913,0.062088948734117425,water_per_diff_前1天,0.0024781717476453228,28 - 30日龄
"[-inf, -30.34)",166,0.1486123545210385,98,68,0.40963855421686746,-0.8729721959361859,0.13771342619660762,0.0165029313374981,water_per_diff_前2天,0.0037064956509951998,28 - 30日龄
"[-30.34, -22.65)",117,0.10474485228290063,79,38,0.3247863247863248,-0.5065702766900155,0.03048053811924916,0.003703520192774,water_per_diff_前2天,0.0031497775802202,28 - 30日龄
"[-22.65, -15.27)",149,0.13339301700984782,111,38,0.2550335570469799,-0.166487927844703,0.0038656669940663048,0.0004589591561979,water_per_diff_前2天,0.0024229496408717,28 - 30日龄
"[-15.27, 4.92)",440,0.39391226499552373,359,81,0.18409090909090908,0.2504412643851888,0.023000648495723912,0.0029534917933302,water_per_diff_前2天,0.0022629028491183,28 - 30日龄
"[4.92, 18.18)",175,0.1566696508504924,153,22,0.12571428571428572,0.7009634986034683,0.06240324918099296,0.0077161839808276,water_per_diff_前2天,0.0018282379671148003,28 - 30日龄
"[18.18, inf)",70,0.06266786034019696,66,4,0.05714285714285714,1.5649284114758837,0.09432796319183785,0.0107518445864435,water_per_diff_前2天,0.0015079203657479,28 - 30日龄
,1117,1.0,866,251,0.22470904207699194,,0.35179149217847777,0.0420869310470713,water_per_diff_前2天,0.002476271329364678,28 - 30日龄
"[-inf, -34.34)",56,0.05017921146953405,33,23,0.4107142857142857,-0.8814106451628582,0.047502537680185815,0.0056266732426434,water_per_diff_前3天,0.0039062201652836,28 - 30日龄
"[-34.34, -13.21)",319,0.28584229390681004,219,100,0.31347962382445144,-0.45852244687177945,0.06745468791162207,0.0080386379178593,water_per_diff_前3天,0.0028121037456074,28 - 30日龄
"[-13.21, 4.92)",416,0.3727598566308244,330,86,0.20673076923076922,0.10232136750682953,0.0037922709139713673,0.0005483093809385,water_per_diff_前3天,0.0024639342691539006,28 - 30日龄
"[4.92, 8.00)",66,0.05913978494623656,56,10,0.15151515151515152,0.48034260704091486,0.011847711416159288,0.0015099362465395,water_per_diff_前3天,0.0022439477462455,28 - 30日龄
"[8.00, 12.28)",84,0.07526881720430108,79,5,0.05952380952380952,1.5175859493327324,0.10808856969381402,0.0124290065268743,water_per_diff_前3天,0.0015238601692432001,28 - 30日龄
"[12.28, inf)",175,0.15681003584229392,149,26,0.14857142857142858,0.5034257772237883,0.034260856358500215,0.0043557929053947,water_per_diff_前3天,0.0019688781310119,28 - 30日龄
,1116,1.0,866,250,0.22401433691756273,,0.2729466339742528,0.0325083562202497,water_per_diff_前3天,0.0024744306079465756,28 - 30日龄
"[-inf, -12.16)",278,0.24932735426008967,198,80,0.28776978417266186,-0.340191616077074,0.031517980030921766,0.0036278616097778,water_per_diff_前5天,0.0026966243037944,28 - 30日龄
"[-12.16, -1.93)",259,0.23228699551569507,202,57,0.22007722007722008,0.018784417468927114,8.153730279508693e-05,2.71677551581639e-05,water_per_diff_前5天,0.0022882605288372,28 - 30日龄
"[-1.93, 1.69)",102,0.09147982062780269,88,14,0.13725490196078433,0.5918474727652203,0.026864979842816886,0.0034247244084534,water_per_diff_前5天,0.0021925166991193,28 - 30日龄
"[1.69, 4.74)",87,0.07802690582959641,71,16,0.1839080459770115,0.24365914270380665,0.004319860979978356,0.0005893636277421,water_per_diff_前5天,0.0023333857560601,28 - 30日龄
"[4.74, inf)",389,0.3488789237668161,307,82,0.21079691516709512,0.07369648822521653,0.0018561341326096587,0.001019156913553811,water_per_diff_前5天,0.0025271006865311145,28 - 30日龄
,1115,1.0,866,249,0.22331838565022422,,0.06464049228912175,0.008688274314685275,water_per_diff_前5天,0.002468165439077739,28 - 30日龄
"[-inf, -18.72)",161,0.14439461883408072,118,43,0.2670807453416149,-0.23694750332562534,0.00863249573873375,0.0009646755570866,water_per_diff_前7天,0.0024786775204519,28 - 30日龄
"[-18.72, -13.06)",124,0.11121076233183856,91,33,0.2661290322580645,-0.23208006704735776,0.00637043284849936,0.0007103701866337,water_per_diff_前7天,0.0026567334721059,28 - 30日龄
"[-13.06, -5.95)",194,0.17399103139013453,153,41,0.211340206185567,0.07043384259040017,0.0008463140606385219,0.0001439291102227,water_per_diff_前7天,0.0023737421954937,28 - 30日龄
"[-5.95, -4.10)",61,0.054708520179372194,55,6,0.09836065573770492,0.9691417039066884,0.03819775796721735,0.0046825619784087,water_per_diff_前7天,0.0021501403593123,28 - 30日龄
"[-4.10, -1.78)",72,0.06457399103139014,57,15,0.20833333333333334,0.08856905463461252,0.0004941176842494175,7.909644632170232e-05,water_per_diff_前7天,0.0024345416343988,28 - 30日龄
"[-1.78, inf)",503,0.45112107623318387,392,111,0.220675944333996,0.01529962638040081,0.0001051506084186818,4.152511743350752e-05,water_per_diff_前7天,0.0024981130968534,28 - 30日龄
,1115,1.0,866,249,0.22331838565022422,,0.054646268907757076,0.006622158396106911,water_per_diff_前7天,0.002468165439077748,28 - 30日龄
"[-inf, -23.02)",61,0.05461056401074306,36,25,0.4098360655737705,-0.873788855842742,0.050706976379012114,0.0060761923442929,water_per_shift_diff_前1天,0.0031394481749063,28 - 30日龄
"[-23.02, -12.64)",151,0.135183527305282,103,48,0.31788079470198677,-0.4749039921089064,0.03433433120171261,0.0041726994467116,water_per_shift_diff_前1天,0.0031797033389492,28 - 30日龄
"[-12.64, -4.65)",263,0.23545210384959714,204,59,0.22433460076045628,0.0021505805078456453,1.088320417466481e-06,1.1019178338873316e-06,water_per_shift_diff_前1天,0.0024478713415872,28 - 30日龄
"[-4.65, 6.39)",376,0.3366159355416294,303,73,0.19414893617021275,0.18484139493032667,0.010914491244862316,0.0014187919143471,water_per_shift_diff_前1天,0.0023743782449762,28 - 30日龄
"[6.39, 10.70)",93,0.08325872873769025,83,10,0.10752688172043011,0.8778235453719009,0.04916015392385262,0.0059972089302897,water_per_shift_diff_前1天,0.0017920149487154998,28 - 30日龄
"[10.70, inf)",173,0.1548791405550582,137,36,0.20809248554913296,0.0980300179413634,0.0014481307454234675,0.0001955308206784,water_per_shift_diff_前1天,0.0022609234616802,28 - 30日龄
,1117,1.0,866,251,0.22470904207699194,,0.1465651718152806,0.017861525374153586,water_per_shift_diff_前1天,0.00247627132936465,28 - 30日龄
"[-inf, -14.65)",208,0.1863799283154122,143,65,0.3125,-0.4539666303359185,0.04306916668406359,0.0051316494682612,water_per_shift_diff_前2天,0.0029867551017007,28 - 30日龄
"[-14.65, -3.61)",382,0.34229390681003585,285,97,0.25392670157068065,-0.164645788934921,0.009697751041561719,0.0010921272621781,water_per_shift_diff_前2天,0.0026559625487380003,28 - 30日龄
"[-3.61, 0.58)",170,0.15232974910394265,139,31,0.18235294117647058,0.2580627379453568,0.009421375892471598,0.0012430972836129,water_per_shift_diff_前2天,0.0023471868838803,28 - 30日龄
"[0.58, 2.36)",65,0.05824372759856631,62,3,0.046153846153846156,1.7860981056767933,0.10643989727224937,0.0118374231676702,water_per_shift_diff_前2天,0.0016997002098585,28 - 30日龄
"[2.36, 11.35)",189,0.1693548387096774,162,27,0.14285714285714285,0.5493354785278662,0.04343429432535803,0.0054967978972171,water_per_shift_diff_前2天,0.0019362627659552,28 - 30日龄
"[11.35, inf)",102,0.0913978494623656,75,27,0.2647058823529412,-0.22077274316820733,0.004723414994711946,0.0005452880705947,water_per_shift_diff_前2天,0.0024528025199094,28 - 30日龄
,1116,1.0,866,250,0.22401433691756273,,0.21678590021041624,0.0253463831495342,water_per_shift_diff_前2天,0.0024744306079466016,28 - 30日龄
"[-inf, -13.13)",185,0.16591928251121077,127,58,0.31351351351351353,-0.4626879361855557,0.03992092644356765,0.0046653024675722,water_per_shift_diff_前3天,0.0030852498550249,28 - 30日龄
"[-13.13, -6.57)",198,0.17757847533632287,146,52,0.26262626262626265,-0.21406910897081838,0.008615022341786365,0.0009522077522588,water_per_shift_diff_前3天,0.0027904371223458,28 - 30日龄
"[-6.57, -1.32)",209,0.18744394618834082,160,49,0.23444976076555024,-0.06307849497452724,0.0007588117642112267,6.187137841819155e-05,water_per_shift_diff_前3天,0.002671187472756,28 - 30日龄
"[-1.32, 1.73)",129,0.11569506726457399,107,22,0.17054263565891473,0.3353543690058628,0.011805536302825643,0.0015661937004635,water_per_shift_diff_前3天,0.0020679309450546,28 - 30日龄
"[1.73, 3.84)",75,0.06726457399103139,69,6,0.08,1.1959150232714768,0.06646930240086744,0.0079571039521627,water_per_shift_diff_前3天,0.0015746562170333,28 - 30日龄
"[3.84, inf)",319,0.2860986547085202,257,62,0.19435736677115986,0.17550968775240075,0.008384231120961814,0.0011872735523163,water_per_shift_diff_前3天,0.0021491730444265,28 - 30日龄
,1115,1.0,866,249,0.22331838565022422,,0.13595383037422015,0.01638995280319169,water_per_shift_diff_前3天,0.0024681654390777343,28 - 30日龄
"[-inf, -6.40)",242,0.21704035874439462,180,62,0.256198347107438,-0.18060954625260855,0.0074309612322414,0.0008038410124359,water_per_shift_diff_前5天,0.0025197174468883,28 - 30日龄
"[-6.40, -0.38)",261,0.23408071748878923,196,65,0.24904214559386972,-0.14270462276284748,0.004954166810441197,0.0005161497520081,water_per_shift_diff_前5天,0.0027235584900097,28 - 30日龄
"[-0.38, 1.23)",84,0.07533632286995516,80,4,0.047619047619047616,1.7493002614562636,0.1334969675585681,0.0149564731753835,water_per_shift_diff_前5天,0.0016049074968278998,28 - 30日龄
"[1.23, 4.67)",145,0.13004484304932734,118,27,0.18620689655172415,0.22841574636360806,0.00635565114120059,0.000872799990621,water_per_shift_diff_前5天,0.0023998290183235,28 - 30日龄
"[4.67, 14.54)",302,0.27085201793721975,234,68,0.2251655629139073,-0.01061860191613275,3.0629540758111176e-05,6.220852242823382e-08,water_per_shift_diff_前5天,0.0024459689074332,28 - 30日龄
"[14.54, inf)",81,0.0726457399103139,58,23,0.2839506172839506,-0.32148321748045783,0.008164028394979395,0.0009362097939301,water_per_shift_diff_前5天,0.0025915312234183,28 - 30日龄
,1115,1.0,866,249,0.22331838565022422,,0.1604324046781888,0.018085535932901027,water_per_shift_diff_前5天,0.002468165439077722,28 - 30日龄
"[-inf, 5.67)",715,0.6412556053811659,539,176,0.24615384615384617,-0.12720043622688212,0.010738955552048323,0.0010941813878591,water_per_shift_diff_前7天,0.0025323704486582,28 - 30日龄
"[5.67, 7.26)",91,0.08161434977578476,72,19,0.2087912087912088,0.08579512775188719,0.0005864660410987206,9.460559604175024e-05,water_per_shift_diff_前7天,0.0024631137567207,28 - 30日龄
"[7.26, 8.54)",62,0.05560538116591928,55,7,0.11290322580645161,0.8149910240794301,0.02884900566143693,0.0035919332427947,water_per_shift_diff_前7天,0.0021439109190284,28 - 30日龄
"[8.54, 10.40)",80,0.07174887892376682,65,15,0.1875,0.2199050566956995,0.0032582832769542827,0.0004492472721195,water_per_shift_diff_前7天,0.0025878764271361,28 - 30日龄
"[10.40, inf)",167,0.14977578475336323,135,32,0.19161676646706588,0.19310686354097537,0.005286317628399872,0.000739695352839,water_per_shift_diff_前7天,0.0022590637770588,28 - 30日龄
,1115,1.0,866,249,0.22331838565022422,,0.04871902815993813,0.00596966285165405,water_per_shift_diff_前7天,0.0024681654390777265,28 - 30日龄
