Bin,Count,Count (%),Non-event,Event,Event rate,WoE,IV,JS,feature,MORTALITY_RATE,Age_interval
"(-inf, -77.62)",207,0.23738532110091742,31,176,0.8502415458937198,-1.3510609643204143,0.3395148424260401,0.03948009980405104,water_per_diff,0.010242816186177332,34 - 35日龄
"[-77.62, -49.55)",110,0.12614678899082568,23,87,0.7909090909090909,-0.9449780764928422,0.09683592006897455,0.011673305141393777,water_per_diff,0.005925341455386252,34 - 35日龄
"[-49.55, -29.65)",143,0.16399082568807338,51,92,0.6433566433566433,-0.2045271180921226,0.006706045065851095,0.0008367976257101029,water_per_diff,0.004447668446120325,34 - 35日龄
"[-29.65, -2.95)",226,0.2591743119266055,107,119,0.5265486725663717,0.2791411675829686,0.020608729102748455,0.002567759900439382,water_per_diff,0.0037457851626642585,34 - 35日龄
"[-2.95, 5.40)",52,0.05963302752293578,45,7,0.1346153846153846,2.2461881669475985,0.25604585893843385,0.026618935717994886,water_per_diff,0.002377540073695144,34 - 35日龄
"[5.40, inf)",132,0.15137614678899083,94,38,0.2878787878787879,1.29114444877621,0.2492828409510122,0.02916166043934126,water_per_diff,0.00254639996900447,34 - 35日龄
Special,0,0.0,0,0,0.0,0.0,0.0,0.0,water_per_diff,,34 - 35日龄
Missing,2,0.0022935779816513763,2,0,0.0,0.0,0.0,0.0,water_per_diff,0.0,34 - 35日龄
,872,1.0,353,519,0.5951834862385321,,0.9689942365530603,0.11033855862893045,water_per_diff,,34 - 35日龄
"(-inf, -24.29)",139,0.15940366972477063,37,102,0.7338129496402878,-0.6286190744074547,0.057654381695396266,0.00709043320054609,water_per_shift_diff,0.007901924566949986,34 - 35日龄
"[-24.29, -18.89)",49,0.05619266055045872,16,33,0.673469387755102,-0.33848301299410705,0.006180035033952238,0.0007688376090335697,water_per_shift_diff,0.00621371150529431,34 - 35日龄
"[-18.89, -5.48)",204,0.23394495412844038,87,117,0.5735294117647058,0.08917001008941955,0.001874834907314914,0.00023427675178287668,water_per_shift_diff,0.005547901754293448,34 - 35日龄
"[-5.48, -3.25)",52,0.05963302752293578,32,20,0.38461538461538464,0.8554394554783273,0.044582007897662604,0.005408817273882569,water_per_shift_diff,0.003341519604977675,34 - 35日龄
"[-3.25, 17.84)",364,0.41743119266055045,162,202,0.554945054945055,0.16476446406377102,0.011486306391254076,0.001434166424472659,water_per_shift_diff,0.004564862095496364,34 - 35日龄
"[17.84, inf)",62,0.07110091743119266,17,45,0.7258064516129032,-0.5880133194815118,0.022665891926500828,0.002793111876833775,water_per_shift_diff,0.005554697843038929,34 - 35日龄
Special,0,0.0,0,0,0.0,0.0,0.0,0.0,water_per_shift_diff,,34 - 35日龄
Missing,2,0.0022935779816513763,2,0,0.0,0.0,0.0,0.0,water_per_shift_diff,0.0,34 - 35日龄
,872,1.0,353,519,0.5951834862385321,,0.14444345785208093,0.017729643136551537,water_per_shift_diff,,34 - 35日龄
"(-inf, -118.31)",54,0.06192660550458716,16,38,0.7037037037037037,-0.4795616112540127,0.01337590721701684,0.0016561486136092507,water_per_diff_前1天,0.012844292405348935,34 - 35日龄
"[-118.31, -81.24)",99,0.11353211009174312,6,93,0.9393939393939394,-2.35540419769261,0.3820314493138138,0.039086473349256676,water_per_diff_前1天,0.009965643878650569,34 - 35日龄
"[-81.24, -55.00)",112,0.12844036697247707,21,91,0.8125,-1.0809012425608349,0.12521927640380096,0.014932336584972939,water_per_diff_前1天,0.007002732747456177,34 - 35日龄
"[-55.00, -27.46)",191,0.2190366972477064,59,132,0.6910994764397905,-0.4198286524480594,0.03660756806703755,0.0045426336355203975,water_per_diff_前1天,0.0047873181889470096,34 - 35日龄
"[-27.46, -2.02)",229,0.2626146788990826,113,116,0.5065502183406113,0.359233453838568,0.034704312059521784,0.004314862725011023,water_per_diff_前1天,0.0037179322397852227,34 - 35日龄
"[-2.02, inf)",187,0.21444954128440366,138,49,0.2620320855614973,1.42086921327917,0.42131970946192515,0.04863871277046883,water_per_diff_前1天,0.0025887196060921194,34 - 35日龄
Special,0,0.0,0,0,0.0,0.0,0.0,0.0,water_per_diff_前1天,,34 - 35日龄
Missing,0,0.0,0,0,0.0,0.0,0.0,0.0,water_per_diff_前1天,,34 - 35日龄
,872,1.0,353,519,0.5951834862385321,,1.013258222523116,0.11317116767883911,water_per_diff_前1天,,34 - 35日龄
"(-inf, -47.68)",252,0.2889908256880734,40,212,0.8412698412698413,-1.2822709943254844,0.37847945924088533,0.04431380699233683,water_per_diff_前2天,0.008878779923504202,34 - 35日龄
"[-47.68, -25.10)",186,0.21330275229357798,56,130,0.6989247311827957,-0.45674693348784173,0.041948309305138,0.005198429872347348,water_per_diff_前2天,0.00528552359505714,34 - 35日龄
"[-25.10, -5.89)",182,0.20871559633027523,87,95,0.521978021978022,0.29746705328663475,0.01886375643443822,0.0023493141358418533,water_per_diff_前2天,0.003998839032473788,34 - 35日龄
"[-5.89, 3.31)",90,0.10321100917431193,52,38,0.4222222222222222,0.6990933850876333,0.051796566775175266,0.006345863760748954,water_per_diff_前2天,0.0038951570929876807,34 - 35日龄
"[3.31, 23.88)",118,0.1353211009174312,82,36,0.3050847457627119,1.208636135040735,0.19692363627462892,0.023218732739215712,water_per_diff_前2天,0.00277400318476252,34 - 35日龄
"[23.88, inf)",44,0.05045871559633028,36,8,0.18181818181818182,1.889513223008866,0.16357278770418493,0.017861800334493354,water_per_diff_前2天,0.0020028699419199205,34 - 35日龄
Special,0,0.0,0,0,0.0,0.0,0.0,0.0,water_per_diff_前2天,,34 - 35日龄
Missing,0,0.0,0,0,0.0,0.0,0.0,0.0,water_per_diff_前2天,,34 - 35日龄
,872,1.0,353,519,0.5951834862385321,,0.8515845157344507,0.09928794783498404,water_per_diff_前2天,,34 - 35日龄
"(-inf, -39.60)",235,0.2694954128440367,39,196,0.8340425531914893,-1.2291171868682786,0.3283804600568846,0.03864438837194022,water_per_diff_前3天,0.008454787735869738,34 - 35日龄
"[-39.60, -13.16)",277,0.3176605504587156,96,181,0.6534296028880866,-0.24871301356539716,0.019099397882458517,0.0023812902998523386,water_per_diff_前3天,0.005346482786269736,34 - 35日龄
"[-13.16, -5.08)",95,0.10894495412844037,44,51,0.5368421052631579,0.23779982742652736,0.006273158590842079,0.0007823024313989412,water_per_diff_前3天,0.004322400580296377,34 - 35日龄
"[-5.08, 7.64)",134,0.1536697247706422,73,61,0.4552238805970149,0.565021403207672,0.05043671927414488,0.006222042143011364,water_per_diff_前3天,0.0038404169282089447,34 - 35日龄
"[7.64, 24.19)",87,0.09977064220183486,64,23,0.26436781609195403,1.408824693663114,0.19299084280001955,0.022307934638812043,water_per_diff_前3天,0.002626091589399692,34 - 35日龄
"[24.19, inf)",44,0.05045871559633028,37,7,0.1590909090909091,2.050443589821503,0.18726370796363345,0.020013034571256715,water_per_diff_前3天,0.002109242804937025,34 - 35日龄
Special,0,0.0,0,0,0.0,0.0,0.0,0.0,water_per_diff_前3天,,34 - 35日龄
Missing,0,0.0,0,0,0.0,0.0,0.0,0.0,water_per_diff_前3天,,34 - 35日龄
,872,1.0,353,519,0.5951834862385321,,0.784444286567983,0.09035099245627162,water_per_diff_前3天,,34 - 35日龄
"(-inf, -37.67)",164,0.18807339449541285,29,135,0.823170731707317,-1.1525431222193636,0.20510960802174655,0.024307671267796507,water_per_diff_前5天,0.00807880203195111,34 - 35日龄
"[-37.67, -26.70)",120,0.13761467889908258,35,85,0.7083333333333334,-0.5018673687683111,0.03243385703721364,0.004012213208585719,water_per_diff_前5天,0.007115072521887342,34 - 35日龄
"[-26.70, -16.50)",137,0.15711009174311927,46,91,0.6642335766423357,-0.2967822837951632,0.01336279213690689,0.00166424572584546,water_per_diff_前5天,0.005071720822498382,34 - 35日龄
"[-16.50, -10.17)",96,0.11009174311926606,42,54,0.5625,0.1341213979516857,0.002002959192584412,0.00025018240972469585,water_per_diff_前5天,0.004693403385767619,34 - 35日龄
"[-10.17, 20.97)",309,0.3543577981651376,167,142,0.459546925566343,0.5476025810480862,0.1092383562285525,0.013486702011676753,water_per_diff_前5天,0.004055189443572386,34 - 35日龄
"[20.97, inf)",46,0.052752293577981654,34,12,0.2608695652173913,1.426889701060753,0.10444246612424576,0.012049524858445237,water_per_diff_前5天,0.002982460288760039,34 - 35日龄
Special,0,0.0,0,0,0.0,0.0,0.0,0.0,water_per_diff_前5天,,34 - 35日龄
Missing,0,0.0,0,0,0.0,0.0,0.0,0.0,water_per_diff_前5天,,34 - 35日龄
,872,1.0,353,519,0.5951834862385321,,0.46659003874124977,0.055770539482074374,water_per_diff_前5天,,34 - 35日龄
"(-inf, -45.24)",44,0.05045871559633028,16,28,0.6363636363636364,-0.17417996170283084,0.0015021496967390572,0.00018753171111236203,water_per_diff_前7天,0.006356875112318114,34 - 35日龄
"[-45.24, -28.80)",156,0.17889908256880735,45,111,0.7115384615384616,-0.5174318853094229,0.04470305108799085,0.0055263676017393674,water_per_diff_前7天,0.007100786222487235,34 - 35日龄
"[-28.80, -22.72)",78,0.08944954128440367,16,62,0.7948717948717948,-0.9691098365727184,0.07184468825061632,0.008644871091696102,water_per_diff_前7天,0.0065848910142821855,34 - 35日龄
"[-22.72, -18.23)",52,0.05963302752293578,18,34,0.6538461538461539,-0.250552940487405,0.0036378021674744803,0.0004535395674000872,water_per_diff_前7天,0.005096029749917758,34 - 35日龄
"[-18.23, 6.84)",400,0.45871559633027525,180,220,0.55,0.18476513077044068,0.015894034949222185,0.0019839331783411615,water_per_diff_前7天,0.004923102073051317,34 - 35日龄
"[6.84, inf)",142,0.1628440366972477,78,64,0.4507042253521127,0.5832615695625119,0.056954971586638786,0.007020141987632053,water_per_diff_前7天,0.004078101365837998,34 - 35日龄
Special,0,0.0,0,0,0.0,0.0,0.0,0.0,water_per_diff_前7天,,34 - 35日龄
Missing,0,0.0,0,0,0.0,0.0,0.0,0.0,water_per_diff_前7天,,34 - 35日龄
,872,1.0,353,519,0.5951834862385321,,0.19453669773868168,0.023816385137921132,water_per_diff_前7天,,34 - 35日龄
"(-inf, -24.52)",151,0.1731651376146789,38,113,0.7483443708609272,-0.7043658327533633,0.0775349508978209,0.009496358909600246,water_per_shift_diff_前1天,0.008914454487496346,34 - 35日龄
"[-24.52, -9.13)",216,0.24770642201834864,76,140,0.6481481481481481,-0.2254732560903812,0.012277485045645888,0.0015314430117226406,water_per_shift_diff_前1天,0.0056022843224428675,34 - 35日龄
"[-9.13, 3.96)",273,0.3130733944954128,122,151,0.5531135531135531,0.17217703415092403,0.009412047558343867,0.0011750548688489668,water_per_shift_diff_前1天,0.004639556738774952,34 - 35日龄
"[3.96, 7.13)",63,0.07224770642201835,34,29,0.4603174603174603,0.5445005208622794,0.022019924779449616,0.002718984255453919,water_per_shift_diff_前1天,0.003540805693191086,34 - 35日龄
"[7.13, 13.70)",86,0.09862385321100918,57,29,0.3372093023255814,1.0611912640806682,0.11205797919787235,0.013384912125586023,water_per_shift_diff_前1天,0.003272920848830879,34 - 35日龄
"[13.70, inf)",83,0.09518348623853211,26,57,0.6867469879518072,-0.399518903580476,0.014451477148950733,0.0017945157657999911,water_per_shift_diff_前1天,0.004663306533898775,34 - 35日龄
Special,0,0.0,0,0,0.0,0.0,0.0,0.0,water_per_shift_diff_前1天,,34 - 35日龄
Missing,0,0.0,0,0,0.0,0.0,0.0,0.0,water_per_shift_diff_前1天,,34 - 35日龄
,872,1.0,353,519,0.5951834862385321,,0.24775386462808338,0.030101268937011788,water_per_shift_diff_前1天,,34 - 35日龄
"(-inf, -38.17)",53,0.06077981651376147,10,43,0.8113207547169812,-1.073179196466925,0.05851297708880181,0.006982174972934588,water_per_shift_diff_前2天,0.011163843975845932,34 - 35日龄
"[-38.17, -13.27)",226,0.2591743119266055,73,153,0.6769911504424779,-0.35454265401145274,0.031199335549256538,0.0038796185675603508,water_per_shift_diff_前2天,0.006702811767569542,34 - 35日龄
"[-13.27, 0.33)",277,0.3176605504587156,115,162,0.5848375451263538,0.04277161936345797,0.0005834180833116677,7.292170200723282e-05,water_per_shift_diff_前2天,0.0046132644548700545,34 - 35日龄
"[0.33, 5.68)",99,0.11353211009174312,44,55,0.5555555555555556,0.16229227491838194,0.0030304621138700217,0.0003783925886387913,water_per_shift_diff_前2天,0.004947130589189534,34 - 35日龄
"[5.68, 9.47)",74,0.08486238532110092,47,27,0.36486486486486486,0.9397465619383216,0.07623351402253914,0.009193331910373503,water_per_shift_diff_前2天,0.0033810619160057416,34 - 35日龄
"[9.47, inf)",143,0.16399082568807338,64,79,0.5524475524475524,0.17487105712524242,0.005086529791003708,0.0006350073277034797,water_per_shift_diff_前2天,0.004125968326052566,34 - 35日龄
Special,0,0.0,0,0,0.0,0.0,0.0,0.0,water_per_shift_diff_前2天,,34 - 35日龄
Missing,0,0.0,0,0,0.0,0.0,0.0,0.0,water_per_shift_diff_前2天,,34 - 35日龄
,872,1.0,353,519,0.5951834862385321,,0.17464623664878287,0.021141447069217945,water_per_shift_diff_前2天,,34 - 35日龄
"(-inf, -12.89)",225,0.2580275229357798,71,154,0.6844444444444444,-0.3888368991397216,0.03716943465388302,0.004617129032094446,water_per_shift_diff_前3天,0.007581695650884357,34 - 35日龄
"[-12.89, -9.86)",49,0.05619266055045872,8,41,0.8367346938775511,-1.2486946987918803,0.07034544524079862,0.008263029921907855,water_per_shift_diff_前3天,0.006231076404764051,34 - 35日龄
"[-9.86, 4.65)",327,0.375,127,200,0.6116207951070336,-0.06869445385685347,0.0017574159569616434,0.000219633811479031,water_per_shift_diff_前3天,0.004842389023415843,34 - 35日龄
"[4.65, 13.23)",146,0.16743119266055045,78,68,0.4657534246575342,0.5226369477460768,0.04700700096044284,0.005809900652328455,water_per_shift_diff_前3天,0.004226279817523766,34 - 35日龄
"[13.23, inf)",125,0.143348623853211,69,56,0.448,0.5941906400947021,0.05203185707445298,0.006409960200552279,water_per_shift_diff_前3天,0.004021352765051142,34 - 35日龄
Special,0,0.0,0,0,0.0,0.0,0.0,0.0,water_per_shift_diff_前3天,,34 - 35日龄
Missing,0,0.0,0,0,0.0,0.0,0.0,0.0,water_per_shift_diff_前3天,,34 - 35日龄
,872,1.0,353,519,0.5951834862385321,,0.20831115388653912,0.025319653618362067,water_per_shift_diff_前3天,,34 - 35日龄
"(-inf, -21.80)",69,0.07912844036697247,12,57,0.8260869565217391,-1.172708791813958,0.08892915251421242,0.01051997999788906,water_per_shift_diff_前5天,0.007646219842723128,34 - 35日龄
"[-21.80, -9.30)",161,0.18463302752293578,53,108,0.6708074534161491,-0.326403487339506,0.018915357082881844,0.0023539792522810545,water_per_shift_diff_前5天,0.005858984293931442,34 - 35日龄
"[-9.30, 8.15)",429,0.4919724770642202,179,250,0.5827505827505828,0.051360714211100444,0.0013038731150874564,0.00016296622759823416,water_per_shift_diff_前5天,0.0054806105064209845,34 - 35日龄
"[8.15, 13.91)",111,0.12729357798165136,54,57,0.5135135135135135,0.33136860496231624,0.014297864285901242,0.0017791006922167184,water_per_shift_diff_前5天,0.004273563612574987,34 - 35日龄
"[13.91, 20.07)",57,0.06536697247706422,35,22,0.38596491228070173,0.84974143436369,0.04823211545382005,0.0058539319763274075,water_per_shift_diff_前5天,0.003954728336954684,34 - 35日龄
"[20.07, inf)",45,0.051605504587155966,20,25,0.5555555555555556,0.16229227491838194,0.001377482779031828,0.00017199663119945663,water_per_shift_diff_前5天,0.0042781955778124605,34 - 35日龄
Special,0,0.0,0,0,0.0,0.0,0.0,0.0,water_per_shift_diff_前5天,,34 - 35日龄
Missing,0,0.0,0,0,0.0,0.0,0.0,0.0,water_per_shift_diff_前5天,,34 - 35日龄
,872,1.0,353,519,0.5951834862385321,,0.17305584523093484,0.020841954777511933,water_per_shift_diff_前5天,,34 - 35日龄
"(-inf, -19.14)",91,0.10435779816513761,23,68,0.7472527472527473,-0.6985776630143654,0.04601208829135537,0.005637342177080441,water_per_shift_diff_前7天,0.006391857949056775,34 - 35日龄
"[-19.14, -8.71)",203,0.23279816513761467,70,133,0.6551724137931034,-0.25641805993980266,0.014862441819912814,0.001852732271610957,water_per_shift_diff_前7天,0.00571535527918741,34 - 35日龄
"[-8.71, -0.32)",272,0.3119266055045872,120,152,0.5588235294117647,0.14904704816836153,0.007016007813041805,0.0008761901023847385,water_per_shift_diff_前7天,0.005544756285925883,34 - 35日龄
"[-0.32, 1.54)",51,0.058486238532110095,31,20,0.39215686274509803,0.8236907571637471,0.04059399393271803,0.004935499123786099,water_per_shift_diff_前7天,0.004373869630236106,34 - 35日龄
"[1.54, 12.60)",187,0.21444954128440366,89,98,0.5240641711229946,0.2891047172941599,0.018300323712851438,0.0022796071021868626,water_per_shift_diff_前7天,0.004586610556488847,34 - 35日龄
"[12.60, inf)",67,0.0768348623853211,20,47,0.7014925373134329,-0.46897950192347576,0.01589912878026881,0.001969376126740783,water_per_shift_diff_前7天,0.005678498557663575,34 - 35日龄
Special,0,0.0,0,0,0.0,0.0,0.0,0.0,water_per_shift_diff_前7天,,34 - 35日龄
Missing,1,0.0011467889908256881,0,1,0.0,0.0,0.0,0.0,water_per_shift_diff_前7天,0.0030985915492957,34 - 35日龄
,872,1.0,353,519,0.5951834862385321,,0.14268398435014829,0.017550746903789882,water_per_shift_diff_前7天,,34 - 35日龄
"(-inf, -71.09)",149,0.12153344208809136,19,130,0.87248322147651,-2.0800235799943865,0.4188006187934022,0.044575491322909604,water_per_diff,0.009439325071434052,31 - 33日龄
"[-71.09, -44.48)",166,0.13539967373572595,47,119,0.7168674698795181,-1.0859040001067162,0.15149998533078157,0.018058661869926048,water_per_diff,0.0058897882692627405,31 - 33日龄
"[-44.48, -22.05)",288,0.23491027732463296,146,142,0.4930555555555556,-0.12914854459816966,0.003932569984256592,0.0004912299040511015,water_per_diff,0.0039957163158879675,31 - 33日龄
"[-22.05, -0.79)",334,0.2724306688417618,213,121,0.36227544910179643,0.4085735114074386,0.044158518775386846,0.0054817393173183515,water_per_diff,0.0029871173960177144,31 - 33日龄
"[-0.79, 9.15)",125,0.10195758564437195,94,31,0.248,0.9523794690796122,0.08318226849077658,0.010021821334233433,water_per_diff,0.0026713937411599635,31 - 33日龄
"[9.15, inf)",164,0.13376835236541598,142,22,0.13414634146341464,1.7078564955376994,0.30039140877694137,0.03356205754690602,water_per_diff,0.0017203864092199465,31 - 33日龄
Special,0,0.0,0,0,0.0,0.0,0.0,0.0,water_per_diff,,31 - 33日龄
Missing,0,0.0,0,0,0.0,0.0,0.0,0.0,water_per_diff,,31 - 33日龄
,1226,1.0,661,565,0.46084828711256115,,1.0019653701515452,0.11219100129534457,water_per_diff,,31 - 33日龄
"(-inf, -36.57)",62,0.05057096247960848,15,47,0.7580645161290323,-1.2990255093130942,0.07858188667318601,0.009185563162869503,water_per_shift_diff,0.007638020215177058,31 - 33日龄
"[-36.57, -21.59)",120,0.09787928221859707,46,74,0.6166666666666667,-0.6323518054203203,0.03881497004392759,0.0047726156560466,water_per_shift_diff,0.006254867255461855,31 - 33日龄
"[-21.59, 0.44)",578,0.47145187601957583,292,286,0.49480968858131485,-0.13616611725681588,0.008774513750692938,0.001095967659246912,water_per_shift_diff,0.004182045337975629,31 - 33日龄
"[0.44, 5.65)",146,0.11908646003262642,90,56,0.3835616438356164,0.31752987088987056,0.011762034551806645,0.001464108676630221,water_per_shift_diff,0.0039009616622657983,31 - 33日龄
"[5.65, 7.57)",65,0.05301794453507341,52,13,0.2,1.2293662524146454,0.06842632184794623,0.008052340712601552,water_per_shift_diff,0.0021085953801792986,31 - 33日龄
"[7.57, inf)",255,0.20799347471451876,166,89,0.34901960784313724,0.46642330991915815,0.04366306170078503,0.005408941077598827,water_per_shift_diff,0.003140128449393065,31 - 33日龄
Special,0,0.0,0,0,0.0,0.0,0.0,0.0,water_per_shift_diff,,31 - 33日龄
Missing,0,0.0,0,0,0.0,0.0,0.0,0.0,water_per_shift_diff,,31 - 33日龄
,1226,1.0,661,565,0.46084828711256115,,0.2500227885683444,0.029979536944993616,water_per_shift_diff,,31 - 33日龄
"(-inf, -70.29)",91,0.07422512234910278,9,82,0.9010989010989011,-2.36642277863328,0.31122484735686284,0.03179007190129444,water_per_diff_前1天,0.010125278534788394,31 - 33日龄
"[-70.29, -37.85)",211,0.17210440456769985,59,152,0.7203791469194313,-1.1032711856458024,0.1983326887143433,0.023606095531331108,water_per_diff_前1天,0.006359345829467053,31 - 33日龄
"[-37.85, -20.54)",269,0.21941272430668843,130,139,0.516728624535316,-0.2238675913803547,0.011046967832457014,0.0013779946564250502,water_per_diff_前1天,0.00420868686700947,31 - 33日龄
"[-20.54, -4.85)",286,0.233278955954323,172,114,0.3986013986013986,0.2543679197137124,0.014865741677724769,0.0018532241803211717,water_per_diff_前1天,0.0031750296613687126,31 - 33日龄
"[-4.85, 21.53)",306,0.2495921696574225,235,71,0.23202614379084968,1.039977528397598,0.23904738314905918,0.02860319822339759,water_per_diff_前1天,0.0024370038015872958,31 - 33日龄
"[21.53, inf)",63,0.05138662316476346,56,7,0.1111111111111111,1.9225134329745903,0.13905682022396373,0.01511916507880626,water_per_diff_前1天,0.0015802326348889333,31 - 33日龄
Special,0,0.0,0,0,0.0,0.0,0.0,0.0,water_per_diff_前1天,,31 - 33日龄
Missing,0,0.0,0,0,0.0,0.0,0.0,0.0,water_per_diff_前1天,,31 - 33日龄
,1226,1.0,661,565,0.46084828711256115,,0.9135744489544109,0.10234974957157561,water_per_diff_前1天,,31 - 33日龄
"(-inf, -52.21)",124,0.10114192495921696,18,106,0.8548387096774194,-1.9299954449211478,0.3095310328116345,0.0336210171927295,water_per_diff_前2天,0.008432063476122863,31 - 33日龄
"[-52.21, -37.15)",131,0.1068515497553018,41,90,0.6870229007633588,-0.9431657123312027,0.09173682808410677,0.01106012261098346,water_per_diff_前2天,0.006509192100456486,31 - 33日龄
"[-37.15, -22.12)",230,0.18760195758564438,103,127,0.5521739130434783,-0.366386206934201,0.025263887113838097,0.0031404400830451623,water_per_diff_前2天,0.0049259081896578715,31 - 33日龄
"[-22.12, -9.64)",268,0.21859706362153344,151,117,0.43656716417910446,0.09817779331192311,0.0020972847122020027,0.00026205535081650754,water_per_diff_前2天,0.0035075294839627736,31 - 33日龄
"[-9.64, 13.42)",355,0.2895595432300163,246,109,0.30704225352112674,0.6570555449979739,0.11777262993241493,0.014462348289484651,water_per_diff_前2天,0.002717906188449489,31 - 33日龄
"[13.42, inf)",118,0.09624796084828711,102,16,0.13559322033898305,1.6954559823392445,0.21361569569568986,0.02390274167217291,water_per_diff_前2天,0.001801541253576861,31 - 33日龄
Special,0,0.0,0,0,0.0,0.0,0.0,0.0,water_per_diff_前2天,,31 - 33日龄
Missing,0,0.0,0,0,0.0,0.0,0.0,0.0,water_per_diff_前2天,,31 - 33日龄
,1226,1.0,661,565,0.46084828711256115,,0.7600173583498862,0.08644872519923219,water_per_diff_前2天,,31 - 33日龄
"(-inf, -55.05)",67,0.05464926590538336,13,54,0.8059701492537313,-1.5809627978079832,0.12000780355604543,0.01361112384765234,water_per_diff_前3天,0.008091624553809195,31 - 33日龄
"[-55.05, -33.68)",193,0.15742251223491027,60,133,0.689119170984456,-0.9529326747048985,0.1378194812334106,0.016603834326356228,water_per_diff_前3天,0.006307051420982572,31 - 33日龄
"[-33.68, -27.03)",129,0.10522022838499184,51,78,0.6046511627906976,-0.5818113026705112,0.03543072163826714,0.004367412743341742,water_per_diff_前3天,0.005539749411778827,31 - 33日龄
"[-27.03, -18.99)",146,0.11908646003262642,73,73,0.5,-0.15692810870524532,0.002944726241565774,0.0003677135462216447,water_per_diff_前3天,0.0043560988638102534,31 - 33日龄
"[-18.99, -9.65)",200,0.1631321370309951,113,87,0.435,0.10455159135251141,0.0017743241963563315,0.00022168956305459835,water_per_diff_前3天,0.0035884084135005983,31 - 33日龄
"[-9.65, inf)",491,0.400489396411093,351,140,0.285132382892057,0.7622156921513163,0.21587930552342377,0.02635008827587241,water_per_diff_前3天,0.0026904191976644984,31 - 33日龄
Special,0,0.0,0,0,0.0,0.0,0.0,0.0,water_per_diff_前3天,,31 - 33日龄
Missing,0,0.0,0,0,0.0,0.0,0.0,0.0,water_per_diff_前3天,,31 - 33日龄
,1226,1.0,661,565,0.46084828711256115,,0.5138563623890691,0.06152186230249896,water_per_diff_前3天,,31 - 33日龄
"(-inf, -40.21)",80,0.06525285481239804,22,58,0.725,-1.1263286658933485,0.07813563004823715,0.009281357333162574,water_per_diff_前5天,0.0068005950254066555,31 - 33日龄
"[-40.21, -30.42)",117,0.09543230016313213,41,76,0.6495726495726496,-0.7740893822872685,0.056110676148765345,0.006843802138150393,water_per_diff_前5天,0.006052942797144456,31 - 33日龄
"[-30.42, -22.65)",132,0.10766721044045677,57,75,0.5681818181818182,-0.4313649544070059,0.020062949026146207,0.002488603851658465,water_per_diff_前5天,0.00494179321899084,31 - 33日龄
"[-22.65, -8.08)",333,0.27161500815660683,174,159,0.4774774774774775,-0.06677701171094803,0.0012138999170086182,0.00015170930327897732,water_per_diff_前5天,0.0043429393423644784,31 - 33日龄
"[-8.08, 7.14)",337,0.27487765089722677,208,129,0.3827893175074184,0.3207975666344004,0.027702843162079584,0.003448082789774636,water_per_diff_前5天,0.003440909867441958,31 - 33日龄
"[7.14, inf)",226,0.18433931484502447,159,67,0.29646017699115046,0.7072834741240202,0.0862606875594791,0.010563311633500515,water_per_diff_前5天,0.00277169464157504,31 - 33日龄
Special,0,0.0,0,0,0.0,0.0,0.0,0.0,water_per_diff_前5天,,31 - 33日龄
Missing,1,0.0008156606851549756,0,1,0.0,0.0,0.0,0.0,water_per_diff_前5天,0.0119483568075117,31 - 33日龄
,1226,1.0,661,565,0.46084828711256115,,0.269486685861716,0.032776867049525565,water_per_diff_前5天,,31 - 33日龄
"(-inf, -10.44)",391,0.3189233278955954,179,212,0.5421994884910486,-0.3261285775365028,0.03405415805548312,0.00423800495256307,water_per_diff_前7天,0.00491616780226748,31 - 33日龄
"[-10.44, -4.51)",165,0.13458401305057097,92,73,0.44242424242424244,0.07440102719540362,0.0007424862526803572,9.278938103834782e-05,water_per_diff_前7天,0.004531865944595649,31 - 33日龄
"[-4.51, 0.48)",151,0.1231647634584013,90,61,0.40397350993377484,0.2320076974517084,0.00654093167089028,0.0008157876171684649,water_per_diff_前7天,0.00370427773642338,31 - 33日龄
"[0.48, 4.10)",92,0.07504078303425775,63,29,0.31521739130434784,0.6189107876998132,0.027221369067401593,0.0033493822662043447,water_per_diff_前7天,0.0032941082431603096,31 - 33日龄
"[4.10, 20.57)",357,0.2911908646003263,206,151,0.42296918767507,0.15366822326941132,0.006821698080365155,0.0008518742543293292,water_per_diff_前7天,0.0036759914004228494,31 - 33日龄
"[20.57, inf)",65,0.05301794453507341,31,34,0.5230769230769231,-0.2493014288362606,0.003310312306639219,0.0004127207952977774,water_per_diff_前7天,0.0038869756991628834,31 - 33日龄
Special,0,0.0,0,0,0.0,0.0,0.0,0.0,water_per_diff_前7天,,31 - 33日龄
Missing,5,0.004078303425774877,0,5,0.0,0.0,0.0,0.0,water_per_diff_前7天,0.0102659295663833,31 - 33日龄
,1226,1.0,661,565,0.46084828711256115,,0.07869095543345972,0.009760559266601335,water_per_diff_前7天,,31 - 33日龄
"(-inf, -21.79)",139,0.1133768352365416,46,93,0.6690647482014388,-0.8608862053694057,0.08179300664084359,0.009919656951578312,water_per_shift_diff_前1天,0.006744182300600865,31 - 33日龄
"[-21.79, -10.13)",235,0.19168026101141925,111,124,0.5276595744680851,-0.2676794729979479,0.013796640048565467,0.0017194496263847562,water_per_shift_diff_前1天,0.004956782869430791,31 - 33日龄
"[-10.13, -0.34)",310,0.2528548123980424,162,148,0.4774193548387097,-0.06654404723697617,0.0011221785428312586,0.0001402464426958584,water_per_shift_diff_前1天,0.00400694564895196,31 - 33日龄
"[-0.34, 4.39)",169,0.13784665579119088,99,70,0.41420118343195267,0.1896964993799855,0.0049092061277698305,0.0006127323317126629,water_per_shift_diff_前1天,0.003551487353363072,31 - 33日龄
"[4.39, 9.63)",147,0.1199021207177814,100,47,0.3197278911564626,0.5980944755727875,0.04073028743588478,0.005016732739630558,water_per_shift_diff_前1天,0.0032381755837919295,31 - 33日龄
"[9.63, inf)",226,0.18433931484502447,143,83,0.3672566371681416,0.3870759137580638,0.026877090478556527,0.003338818564793778,water_per_shift_diff_前1天,0.0032214325112096018,31 - 33日龄
Special,0,0.0,0,0,0.0,0.0,0.0,0.0,water_per_shift_diff_前1天,,31 - 33日龄
Missing,0,0.0,0,0,0.0,0.0,0.0,0.0,water_per_shift_diff_前1天,,31 - 33日龄
,1226,1.0,661,565,0.46084828711256115,,0.16922840927445143,0.020747636656795923,water_per_shift_diff_前1天,,31 - 33日龄
"(-inf, -22.52)",91,0.07422512234910278,27,64,0.7032967032967034,-1.0199743260605882,0.07387381828447874,0.008853671310775404,water_per_shift_diff_前2天,0.007025782848994296,31 - 33日龄
"[-22.52, -9.50)",244,0.19902120717781402,103,141,0.5778688524590164,-0.47095901085377806,0.044144407465083337,0.005467613320035026,water_per_shift_diff_前2天,0.0052836338721398,31 - 33日龄
"[-9.50, -0.46)",298,0.24306688417618272,156,142,0.47651006711409394,-0.06289915905696872,0.0009637020554107566,0.00012044290304897816,water_per_shift_diff_前2天,0.004072853696274887,31 - 33日龄
"[-0.46, 14.88)",455,0.37112561174551384,281,174,0.3824175824175824,0.3223712614139715,0.03776542663468505,0.004700342784686222,water_per_shift_diff_前2天,0.003577838856320844,31 - 33日龄
"[14.88, 19.52)",69,0.05628058727569331,54,15,0.21739130434782608,1.124005736756819,0.06198411671376618,0.007364290113459137,water_per_shift_diff_前2天,0.002275183185775349,31 - 33日龄
"[19.52, inf)",69,0.05628058727569331,40,29,0.42028985507246375,0.164655515422217,0.001512680099644215,0.00018887170296996584,water_per_shift_diff_前2天,0.003210547265927755,31 - 33日龄
Special,0,0.0,0,0,0.0,0.0,0.0,0.0,water_per_shift_diff_前2天,,31 - 33日龄
Missing,0,0.0,0,0,0.0,0.0,0.0,0.0,water_per_shift_diff_前2天,,31 - 33日龄
,1226,1.0,661,565,0.46084828711256115,,0.2202441512530683,0.026695232134974732,water_per_shift_diff_前2天,,31 - 33日龄
"(-inf, -21.31)",105,0.08564437194127243,34,71,0.6761904761904762,-0.8932474611303998,0.06630263309813718,0.00802283976289269,water_per_shift_diff_前3天,0.0059924817310035615,31 - 33日龄
"[-21.31, -9.21)",251,0.20473083197389885,116,135,0.5378486055776892,-0.30861269603731,0.019580356479466796,0.002437877722903062,water_per_shift_diff_前3天,0.004730733714435938,31 - 33日龄
"[-9.21, 7.41)",608,0.49592169657422513,347,261,0.4292763157894737,0.12787626391892054,0.008058158047120545,0.001006584015847304,water_per_shift_diff_前3天,0.004098188096217451,31 - 33日龄
"[7.41, 13.86)",141,0.11500815660685156,88,53,0.375886524822695,0.35011679222083936,0.013768801165698166,0.0017123630272704773,water_per_shift_diff_前3天,0.0033167290637302156,31 - 33日龄
"[13.86, inf)",121,0.09869494290375204,76,45,0.371900826446281,0.3671427418107661,0.012971626466183063,0.0016124075017731488,water_per_shift_diff_前3天,0.0030802767089176996,31 - 33日龄
Special,0,0.0,0,0,0.0,0.0,0.0,0.0,water_per_shift_diff_前3天,,31 - 33日龄
Missing,0,0.0,0,0,0.0,0.0,0.0,0.0,water_per_shift_diff_前3天,,31 - 33日龄
,1226,1.0,661,565,0.46084828711256115,,0.12068157525660574,0.014792072030686682,water_per_shift_diff_前3天,,31 - 33日龄
"(-inf, -24.40)",63,0.05138662316476346,21,42,0.6666666666666666,-0.8500752892651906,0.036184506910818245,0.004391614047433691,water_per_shift_diff_前5天,0.006124559536196474,31 - 33日龄
"[-24.40, -15.55)",141,0.11500815660685156,56,85,0.6028368794326241,-0.5742276744604125,0.037739596132518,0.004653686248631264,water_per_shift_diff_前5天,0.004993657842121609,31 - 33日龄
"[-15.55, -5.78)",354,0.28874388254486133,182,172,0.4858757062146893,-0.1004158984419029,0.0029205346923431874,0.0003649135347608759,water_per_shift_diff_前5天,0.00442705508864272,31 - 33日龄
"[-5.78, -4.35)",62,0.05057096247960848,43,19,0.3064516129032258,0.6598330278218766,0.020735009745270757,0.0025458577343252676,water_per_shift_diff_前5天,0.0032712733424005405,31 - 33日龄
"[-4.35, 0.19)",209,0.17047308319738988,129,80,0.3827751196172249,0.3208576609825451,0.017187038967388688,0.0021392114259791463,water_per_shift_diff_前5天,0.004000454578302668,31 - 33日龄
"[0.19, inf)",395,0.32218597063621535,230,165,0.4177215189873418,0.17520572631736953,0.009797896975990417,0.001223173030201738,water_per_shift_diff_前5天,0.0036157918450910424,31 - 33日龄
Special,0,0.0,0,0,0.0,0.0,0.0,0.0,water_per_shift_diff_前5天,,31 - 33日龄
Missing,2,0.0016313213703099511,0,2,0.0,0.0,0.0,0.0,water_per_shift_diff_前5天,0.012206572769953,31 - 33日龄
,1226,1.0,661,565,0.46084828711256115,,0.1245645834243293,0.015318456021331982,water_per_shift_diff_前5天,,31 - 33日龄
"(-inf, -14.67)",120,0.09787928221859707,49,71,0.5916666666666667,-0.5277876876359342,0.027198805339834233,0.0033609312973932933,water_per_shift_diff_前7天,0.005292130933169223,31 - 33日龄
"[-14.67, -6.27)",263,0.21451876019575855,130,133,0.5057034220532319,-0.17974278647141662,0.006960812715344407,0.0008689321956924685,water_per_shift_diff_前7天,0.004608287946221146,31 - 33日龄
"[-6.27, -3.00)",126,0.10277324632952692,66,60,0.47619047619047616,-0.06161792890092038,0.00039102591004560303,4.887050774875028e-05,water_per_shift_diff_前7天,0.004271290673902313,31 - 33日龄
"[-3.00, -0.50)",129,0.10522022838499184,72,57,0.4418604651162791,0.07668674247625978,0.0006166315120726389,7.706005747022378e-05,water_per_shift_diff_前7天,0.004194584292662796,31 - 33日龄
"[-0.50, 0.98)",69,0.05628058727569331,51,18,0.2608695652173913,0.8845257661229159,0.040066732854488016,0.004851203589457552,water_per_shift_diff_前7天,0.0028705743749959187,31 - 33日龄
"[0.98, inf)",503,0.4102773246329527,293,210,0.41749502982107356,0.17613696959435327,0.012609004544214403,0.0015740913030295144,water_per_shift_diff_前7天,0.003720249365726469,31 - 33日龄
Special,0,0.0,0,0,0.0,0.0,0.0,0.0,water_per_shift_diff_前7天,,31 - 33日龄
Missing,16,0.013050570962479609,0,16,0.0,0.0,0.0,0.0,water_per_shift_diff_前7天,0.009563805187950851,31 - 33日龄
,1226,1.0,661,565,0.46084828711256115,,0.0878430128759993,0.010781088950791802,water_per_shift_diff_前7天,,31 - 33日龄
"(-inf, -19.00)",40,0.06993006993006994,39,1,0.025,-0.09763846956391609,0.0006986652562713141,8.729848311820275e-05,water_per_diff,0.000924692776756745,10 - 12日龄
"[-19.00, -6.84)",243,0.42482517482517484,239,4,0.01646090534979424,0.32896907511805784,0.03942920936119832,0.00490654648991954,water_per_diff,0.0008408202953725177,10 - 12日龄
"[-6.84, -1.09)",146,0.25524475524475526,143,3,0.02054794520547945,0.10303222589823546,0.0025804135287572317,0.0003224090962578689,water_per_diff,0.0008884530311837335,10 - 12日龄
"[-1.09, inf)",143,0.25,138,5,0.03496503496503497,-0.44338434297045826,0.06107440860237081,0.007572374990472881,water_per_diff,0.0009953013103557028,10 - 12日龄
Special,0,0.0,0,0,0.0,0.0,0.0,0.0,water_per_diff,,10 - 12日龄
Missing,0,0.0,0,0,0.0,0.0,0.0,0.0,water_per_diff,,10 - 12日龄
,572,1.0,559,13,0.022727272727272728,,0.10378269674859766,0.012888629059768493,water_per_diff,,10 - 12日龄
"(-inf, 3.29)",391,0.6835664335664335,380,11,0.028132992327365727,-0.2189241357715015,0.03642208341100114,0.004543690337816826,water_per_shift_diff,0.0009109477119157447,10 - 12日龄
"[3.29, 10.61)",136,0.23776223776223776,135,1,0.007352941176470588,1.1440746627448672,0.1882913577326078,0.02233132938433836,water_per_shift_diff,0.0008852159863040323,10 - 12日龄
"[10.61, inf)",45,0.07867132867132867,44,1,0.022222222222222223,0.022989518224698635,4.1126150670301775e-05,5.140655628912429e-06,water_per_shift_diff,0.0008173187396239468,10 - 12日龄
Special,0,0.0,0,0,0.0,0.0,0.0,0.0,water_per_shift_diff,,10 - 12日龄
Missing,0,0.0,0,0,0.0,0.0,0.0,0.0,water_per_shift_diff,,10 - 12日龄
,572,1.0,559,13,0.022727272727272728,,0.22475456729427926,0.0268801603777841,water_per_shift_diff,,10 - 12日龄
"(-inf, -7.60)",268,0.46853146853146854,265,3,0.011194029850746268,0.7199174216245505,0.17514985570829839,0.021432857715775633,water_per_diff_前1天,0.0008209655848699489,10 - 12日龄
"[-7.60, -6.52)",34,0.05944055944055944,31,3,0.08823529411764706,-1.4258251998765261,0.24996577743810294,0.028841808545504655,water_per_diff_前1天,0.0012621451392124793,10 - 12日龄
"[-6.52, inf)",270,0.47202797202797203,263,7,0.025925925925925925,-0.1349562325711111,0.009174126722186442,0.0011458963712590135,water_per_diff_前1天,0.0009274724492633762,10 - 12日龄
Special,0,0.0,0,0,0.0,0.0,0.0,0.0,water_per_diff_前1天,,10 - 12日龄
Missing,0,0.0,0,0,0.0,0.0,0.0,0.0,water_per_diff_前1天,,10 - 12日龄
,572,1.0,559,13,0.022727272727272728,,0.43428975986858775,0.0514205626325393,water_per_diff_前1天,,10 - 12日龄
"(-inf, -20.40)",29,0.050699300699300696,27,2,0.06896551724137931,-1.1585104302491787,0.1222756983626146,0.014483247539085774,water_per_diff_前2天,0.001070619643202762,10 - 12日龄
"[-20.40, -7.68)",175,0.30594405594405594,170,5,0.02857142857142857,-0.23483959107740082,0.0189047971350323,0.00235768440140793,water_per_diff_前2天,0.0009082869794485702,10 - 12日龄
"[-7.68, -0.64)",180,0.3146853146853147,179,1,0.005555555555555556,1.4261856901471925,0.3469789872272239,0.04003395306706633,water_per_diff_前2天,0.0008789051270631706,10 - 12日龄
"[-0.64, inf)",188,0.32867132867132864,183,5,0.026595744680851064,-0.16115187528624197,0.009225152073631036,0.0011518978328082137,water_per_diff_前2天,0.0008784476534666574,10 - 12日龄
Special,0,0.0,0,0,0.0,0.0,0.0,0.0,water_per_diff_前2天,,10 - 12日龄
Missing,0,0.0,0,0,0.0,0.0,0.0,0.0,water_per_diff_前2天,,10 - 12日龄
,572,1.0,559,13,0.022727272727272728,,0.49738463479850187,0.058026782840368246,water_per_diff_前2天,,10 - 12日龄
"(-inf, -16.12)",29,0.050699300699300696,28,1,0.034482758620689655,-0.4289956055183586,0.011511509987075813,0.0014280051963789118,water_per_diff_前3天,0.0010829288528804344,10 - 12日龄
"[-16.12, -1.60)",262,0.458041958041958,255,7,0.026717557251908396,-0.1658467195904496,0.013647493919786549,0.00170398434062256,water_per_diff_前3天,0.000921752954489963,10 - 12日龄
"[-1.60, 2.51)",154,0.2692307692307692,151,3,0.01948051948051948,0.15746743245325234,0.006197287144850709,0.0007738615305045785,water_per_diff_前3天,0.000883530578599839,10 - 12日龄
"[2.51, inf)",126,0.2202797202797203,124,2,0.015873015873015872,0.3659342693515293,0.024875674839638828,0.003092225473833924,water_per_diff_前3天,0.0008202994509361913,10 - 12日龄
Special,0,0.0,0,0,0.0,0.0,0.0,0.0,water_per_diff_前3天,,10 - 12日龄
Missing,1,0.0017482517482517483,1,0,0.0,0.0,0.0,0.0,water_per_diff_前3天,0.001023622047244,10 - 12日龄
,572,1.0,559,13,0.022727272727272728,,0.056231965891351904,0.006998076541339974,water_per_diff_前3天,,10 - 12日龄
"(-inf, -5.24)",128,0.22377622377622378,122,6,0.046875,-0.748938540188361,0.18221044984904672,0.02225849100737913,water_per_diff_前5天,0.0011469058996316517,10 - 12日龄
"[-5.24, -2.71)",86,0.15034965034965034,83,3,0.03488372093023256,-0.4409717965650741,0.036287482364925606,0.004499537261194161,water_per_diff_前5天,0.001014456569762087,10 - 12日龄
"[-2.71, 3.11)",292,0.5104895104895105,289,3,0.010273972602739725,0.8066142837507599,0.23087349803241783,0.028101427286097984,water_per_diff_前5天,0.0007448664329633083,10 - 12日龄
"[3.11, inf)",63,0.11013986013986014,62,1,0.015873015873015872,0.3659342693515293,0.012437837419819414,0.001546112736916962,water_per_diff_前5天,0.0009228513790312825,10 - 12日龄
Special,0,0.0,0,0,0.0,0.0,0.0,0.0,water_per_diff_前5天,,10 - 12日龄
Missing,3,0.005244755244755245,3,0,0.0,0.0,0.0,0.0,water_per_diff_前5天,0.0012204724409448332,10 - 12日龄
,572,1.0,559,13,0.022727272727272728,,0.46180926766620956,0.056405568291588236,water_per_diff_前5天,,10 - 12日龄
"(-inf, -2.13)",149,0.26048951048951047,142,7,0.04697986577181208,-0.751283207147615,0.21369236124592267,0.02610055878967022,water_per_diff_前7天,0.0010625619549997818,10 - 12日龄
"[-2.13, 1.23)",289,0.5052447552447552,288,1,0.0034602076124567475,1.9017603644423837,0.8335085675999714,0.09087187635913213,water_per_diff_前7天,0.0008083079839718789,10 - 12日龄
"[1.23, inf)",120,0.2097902097902098,115,5,0.041666666666666664,-0.6257058997644127,0.11193307688093257,0.013767767819346764,water_per_diff_前7天,0.0009099926802536325,10 - 12日龄
Special,0,0.0,0,0,0.0,0.0,0.0,0.0,water_per_diff_前7天,,10 - 12日龄
Missing,14,0.024475524475524476,14,0,0.0,0.0,0.0,0.0,water_per_diff_前7天,0.0008733866061575571,10 - 12日龄
,572,1.0,559,13,0.022727272727272728,,1.1591340057268267,0.13074020296814912,water_per_diff_前7天,,10 - 12日龄
"(-inf, -1.35)",326,0.5699300699300699,323,3,0.009202453987730062,0.917839918860984,0.3185347840054221,0.03847556430456224,water_per_shift_diff_前1天,0.0008131779585226162,10 - 12日龄
"[-1.35, -0.19)",34,0.05944055944055944,32,2,0.058823529411764705,-0.9886113934537812,0.09550092172898782,0.011474059021930254,water_per_shift_diff_前1天,0.0011099962020652647,10 - 12日龄
"[-0.19, 4.03)",96,0.16783216783216784,91,5,0.052083333333333336,-0.8597785216108127,0.19072010139488513,0.023131831121999638,water_per_shift_diff_前1天,0.0010206711238122126,10 - 12日龄
"[4.03, inf)",116,0.20279720279720279,113,3,0.02586206896551724,-0.13242458564933157,0.0037903280328967968,0.0004734451187288404,water_per_shift_diff_前1天,0.0009700772374561888,10 - 12日龄
Special,0,0.0,0,0,0.0,0.0,0.0,0.0,water_per_shift_diff_前1天,,10 - 12日龄
Missing,0,0.0,0,0,0.0,0.0,0.0,0.0,water_per_shift_diff_前1天,,10 - 12日龄
,572,1.0,559,13,0.022727272727272728,,0.6085461351621919,0.07355489956722097,water_per_shift_diff_前1天,,10 - 12日龄
"(-inf, -14.23)",41,0.07167832167832168,38,3,0.07317073170731707,-1.2222262446352863,0.1989670630801629,0.02342995233646791,water_per_shift_diff_前2天,0.0010198317385664,10 - 12日龄
"[-14.23, 2.87)",359,0.6276223776223776,351,8,0.022284122562674095,0.020144566092467286,0.0002522575360416313,3.153165885455339e-05,water_per_shift_diff_前2天,0.0008829037218750353,10 - 12日龄
"[2.87, inf)",171,0.29895104895104896,169,2,0.011695906432748537,0.6755514186695657,0.10030548792410365,0.012305078110186458,water_per_shift_diff_前2天,0.0008979538789349596,10 - 12日龄
Special,0,0.0,0,0,0.0,0.0,0.0,0.0,water_per_shift_diff_前2天,,10 - 12日龄
Missing,1,0.0017482517482517483,1,0,0.0,0.0,0.0,0.0,water_per_shift_diff_前2天,0.001023622047244,10 - 12日龄
,572,1.0,559,13,0.022727272727272728,,0.29952480854030816,0.03576656210550892,water_per_shift_diff_前2天,,10 - 12日龄
"(-inf, -9.81)",57,0.09965034965034965,55,2,0.03508771929824561,-0.4470141110210366,0.024789691308858934,0.003073166888388327,water_per_shift_diff_前3天,0.001057099660269679,10 - 12日龄
"[-9.81, -4.79)",79,0.1381118881118881,77,2,0.02531645569620253,-0.11054187439982366,0.0017797439527699778,0.0002223547945475208,water_per_shift_diff_前3天,0.0009584071225098139,10 - 12日龄
"[-4.79, -1.15)",110,0.19230769230769232,109,1,0.00909090909090909,0.9301477665355811,0.10982066653192908,0.013253181050337667,water_per_shift_diff_前3天,0.0008810739400534392,10 - 12日龄
"[-1.15, 5.74)",259,0.4527972027972028,255,4,0.015444015444015444,0.3937690683449735,0.058466605854441425,0.007261472699272409,water_per_shift_diff_前3天,0.0008152248646328634,10 - 12日龄
"[5.74, inf)",65,0.11363636363636363,61,4,0.06153846153846154,-1.0366206126401418,0.20584058676754166,0.024636573449145743,water_per_shift_diff_前3天,0.00103676803479658,10 - 12日龄
Special,0,0.0,0,0,0.0,0.0,0.0,0.0,water_per_shift_diff_前3天,,10 - 12日龄
Missing,2,0.0034965034965034965,2,0,0.0,0.0,0.0,0.0,water_per_shift_diff_前3天,0.0009645669291338,10 - 12日龄
,572,1.0,559,13,0.022727272727272728,,0.400697294415541,0.04844674888169167,water_per_shift_diff_前3天,,10 - 12日龄
"(-inf, -4.65)",64,0.11188811188811189,63,1,0.015625,0.3819346106979702,0.013664923459676931,0.001697808498179628,water_per_shift_diff_前5天,0.0009604119548857641,10 - 12日龄
"[-4.65, -2.46)",94,0.16433566433566432,91,3,0.031914893617021274,-0.34895289784482175,0.02372130611467485,0.002950210001214199,water_per_shift_diff_前5天,0.0009682754044268373,10 - 12日龄
"[-2.46, -0.87)",70,0.12237762237762238,66,4,0.05714285714285714,-0.9578397347870276,0.18162971715102852,0.02187376710654204,water_per_shift_diff_前5天,0.0011191779103973886,10 - 12日龄
"[-0.87, 0.69)",221,0.38636363636363635,217,4,0.01809954751131222,0.23240287672700655,0.018708639450295675,0.0023333312168486234,water_per_shift_diff_前5天,0.0007835239655780738,10 - 12日龄
"[0.69, inf)",114,0.1993006993006993,113,1,0.008771929824561403,0.9661877030187784,0.12098951558374679,0.014561584548963644,water_per_shift_diff_前5天,0.0008909335106546983,10 - 12日龄
Special,0,0.0,0,0,0.0,0.0,0.0,0.0,water_per_shift_diff_前5天,,10 - 12日龄
Missing,9,0.015734265734265736,9,0,0.0,0.0,0.0,0.0,water_per_shift_diff_前5天,0.0008663721461626111,10 - 12日龄
,572,1.0,559,13,0.022727272727272728,,0.35871410175942275,0.043416701371748134,water_per_shift_diff_前5天,,10 - 12日龄
"(-inf, -1.35)",106,0.1853146853146853,102,4,0.03773584905660377,-0.5225216635291821,0.06543205088916411,0.008087212245083499,water_per_shift_diff_前7天,0.0011343917769027915,10 - 12日龄
"[-1.35, -0.23)",112,0.1958041958041958,111,1,0.008928571428571428,0.9483300856187715,0.11536036819691675,0.013902882249575085,water_per_shift_diff_前7天,0.000871578821150351,10 - 12日龄
"[-0.23, -0.02)",58,0.10139860139860139,57,1,0.017241379310344827,0.2818511521409879,0.0070588839534415524,0.000879451429855036,water_per_shift_diff_前7天,0.0007743522948195276,10 - 12日龄
"[-0.02, 1.89)",142,0.24825174825174826,139,3,0.02112676056338028,0.07466152876901955,0.001335626632719489,0.00016691456259177936,water_per_shift_diff_前7天,0.0008302324992915726,10 - 12日龄
"[1.89, inf)",131,0.229020979020979,127,4,0.030534351145038167,-0.30330739035486154,0.02441651621819103,0.0030404190838670755,water_per_shift_diff_前7天,0.0008550067793465527,10 - 12日龄
Special,0,0.0,0,0,0.0,0.0,0.0,0.0,water_per_shift_diff_前7天,,10 - 12日龄
Missing,23,0.04020979020979021,23,0,0.0,0.0,0.0,0.0,water_per_shift_diff_前7天,0.0008989382767657695,10 - 12日龄
,572,1.0,559,13,0.022727272727272728,,0.21360344589043292,0.026076879570972475,water_per_shift_diff_前7天,,10 - 12日龄
"(-inf, -18.01)",34,0.05112781954887218,32,2,0.058823529411764705,0.05001042057466121,0.00012510424158764536,1.5636400761680105e-05,water_per_diff,0.0010588567311317764,13 - 15日龄
"[-18.01, -8.86)",143,0.21503759398496242,136,7,0.04895104895104895,0.24416643501561852,0.01152880915802327,0.0014375320114135906,water_per_diff,0.0012117715390433609,13 - 15日龄
"[-8.86, -6.29)",64,0.0962406015037594,62,2,0.03125,0.7114089028200263,0.0359819856257471,0.004405238352548356,water_per_diff,0.0012802967433719063,13 - 15日龄
"[-6.29, 6.42)",311,0.46766917293233085,290,21,0.06752411575562701,-0.09721981640802335,0.004613229249505166,0.0005764266654087972,water_per_diff,0.0013897913908773412,13 - 15日龄
"[6.42, inf)",113,0.1699248120300752,104,9,0.07964601769911504,-0.27541197985996657,0.014554291618616126,0.001813558334331021,water_per_diff,0.0015196170019071255,13 - 15日龄
Special,0,0.0,0,0,0.0,0.0,0.0,0.0,water_per_diff,,13 - 15日龄
Missing,0,0.0,0,0,0.0,0.0,0.0,0.0,water_per_diff,,13 - 15日龄
,665,1.0,624,41,0.061654135338345864,,0.06680341989347931,0.008248391764463445,water_per_diff,,13 - 15日龄
"(-inf, -7.73)",45,0.06766917293233082,40,5,0.1111111111111111,-0.6431367599852842,0.037204596809655266,0.004572046609620286,water_per_shift_diff,0.0012683065896279466,13 - 15日龄
"[-7.73, -3.17)",102,0.15338345864661654,100,2,0.0196078431372549,1.189444703763026,0.13259444555707284,0.015661540125213303,water_per_shift_diff,0.001181286566075512,13 - 15日龄
"[-3.17, 9.57)",455,0.6842105263157895,427,28,0.06153846153846154,0.002001201388300622,2.737728603444455e-06,3.4221601828807353e-07,water_per_shift_diff,0.0013917419983874332,13 - 15日龄
"[9.57, inf)",63,0.09473684210526316,57,6,0.09523809523809523,-0.47128650305862463,0.025918547131155604,0.003210164161232156,water_per_shift_diff,0.0013390104564539587,13 - 15日龄
Special,0,0.0,0,0,0.0,0.0,0.0,0.0,water_per_shift_diff,,13 - 15日龄
Missing,0,0.0,0,0,0.0,0.0,0.0,0.0,water_per_shift_diff,,13 - 15日龄
,665,1.0,624,41,0.061654135338345864,,0.19572032722648716,0.02344409311208403,water_per_shift_diff,,13 - 15日龄
"(-inf, -12.44)",121,0.18195488721804512,119,2,0.01652892561983471,1.3633980108864643,0.19349977241747776,0.02247256471282885,water_per_diff_前1天,0.001056771385741168,13 - 15日龄
"[-12.44, -10.50)",44,0.06616541353383458,40,4,0.09090909090909091,-0.41999320867107404,0.014052305605942766,0.0017437408612517259,water_per_diff_前1天,0.0013355462282378613,13 - 15日龄
"[-10.50, -9.30)",41,0.061654135338345864,35,6,0.14634146341463414,-0.9589897094037612,0.08655047056806146,0.010422412273952245,water_per_diff_前1天,0.0016124494257863488,13 - 15日龄
"[-9.30, -5.34)",98,0.14736842105263157,90,8,0.08163265306122448,-0.30221017301469066,0.015379832913740135,0.001915196446850122,water_per_diff_前1天,0.0014389521027529653,13 - 15日龄
"[-5.34, 3.84)",240,0.3609022556390977,225,15,0.0625,-0.014528100562909874,7.666094340184578e-05,9.582533652722873e-06,water_per_diff_前1天,0.0013747240492365627,13 - 15日龄
"[3.84, inf)",121,0.18195488721804512,115,6,0.049586776859504134,0.23059435747007528,0.00875184181924028,0.0010915628599012708,water_per_diff_前1天,0.0014171108945032083,13 - 15日龄
Special,0,0.0,0,0,0.0,0.0,0.0,0.0,water_per_diff_前1天,,13 - 15日龄
Missing,0,0.0,0,0,0.0,0.0,0.0,0.0,water_per_diff_前1天,,13 - 15日龄
,665,1.0,624,41,0.061654135338345864,,0.31831088426786425,0.03765505968843694,water_per_diff_前1天,,13 - 15日龄
"(-inf, -5.77)",339,0.5097744360902255,321,18,0.05309734513274336,0.15849106356873133,0.01195001804346788,0.0014921907919878338,water_per_diff_前2天,0.0012769987142018425,13 - 15日龄
"[-5.77, -4.07)",46,0.06917293233082707,44,2,0.043478260869565216,0.36846415169319613,0.008007585535546317,0.0009953240782883052,water_per_diff_前2天,0.0012715535947016609,13 - 15日龄
"[-4.07, -2.12)",53,0.07969924812030076,52,1,0.018867924528301886,1.2286654169163076,0.07242133554994494,0.008523032198930146,water_per_diff_前2天,0.0012266729824257435,13 - 15日龄
"[-2.12, 9.01)",180,0.2706766917293233,165,15,0.08333333333333333,-0.32468302886674927,0.03293278845798993,0.004098611332163618,water_per_diff_前2天,0.001453899628730066,13 - 15日龄
"[9.01, inf)",45,0.06766917293233082,40,5,0.1111111111111111,-0.6431367599852842,0.037204596809655266,0.004572046609620286,water_per_diff_前2天,0.001666686554122102,13 - 15日龄
Special,0,0.0,0,0,0.0,0.0,0.0,0.0,water_per_diff_前2天,,13 - 15日龄
Missing,2,0.0030075187969924814,2,0,0.0,0.0,0.0,0.0,water_per_diff_前2天,0.0010273843248347,13 - 15日龄
,665,1.0,624,41,0.061654135338345864,,0.16251632439660435,0.019681205010990188,water_per_diff_前2天,,13 - 15日龄
"(-inf, -19.87)",34,0.05112781954887218,33,1,0.029411764705882353,0.7739292598013603,0.02205262782970574,0.0026897791654217733,water_per_diff_前3天,0.0010490954123271265,13 - 15日龄
"[-19.87, -12.52)",111,0.16691729323308271,108,3,0.02702702702702703,0.86094063679099,0.08601330001711112,0.010431444820649883,water_per_diff_前3天,0.0011959557886544452,13 - 15日龄
"[-12.52, -9.30)",78,0.11729323308270677,77,1,0.01282051282051282,1.6212271201885642,0.16051314475600503,0.018120284717511696,water_per_diff_前3天,0.001108185235299259,13 - 15日龄
"[-9.30, -7.87)",53,0.07969924812030076,50,3,0.05660377358490566,0.09083241509491646,0.0006319641137779541,7.896836897534117e-05,water_per_diff_前3天,0.0013251674857546907,13 - 15日龄
"[-7.87, 0.07)",244,0.3669172932330827,225,19,0.0778688524590164,-0.2509168786271405,0.025803717466698187,0.0032170298576714614,water_per_diff_前3天,0.0014048424603302827,13 - 15日龄
"[0.07, inf)",143,0.21503759398496242,129,14,0.0979020979020979,-0.5018232269187064,0.06761197088761656,0.008363918478015337,water_per_diff_前3天,0.0015750790466257092,13 - 15日龄
Special,0,0.0,0,0,0.0,0.0,0.0,0.0,water_per_diff_前3天,,13 - 15日龄
Missing,2,0.0030075187969924814,2,0,0.0,0.0,0.0,0.0,water_per_diff_前3天,0.0010273843248347,13 - 15日龄
,665,1.0,624,41,0.061654135338345864,,0.3626267250709146,0.04290142540824549,water_per_diff_前3天,,13 - 15日龄
"(-inf, -19.36)",34,0.05112781954887218,31,3,0.08823529411764706,-0.38720338584808367,0.009095889418960994,0.001129936317644211,water_per_diff_前5天,0.001245276503199656,13 - 15日龄
"[-19.36, -15.89)",34,0.05112781954887218,33,1,0.029411764705882353,0.7739292598013603,0.02205262782970574,0.0026897791654217733,water_per_diff_前5天,0.0012825366899293146,13 - 15日龄
"[-15.89, -7.91)",133,0.2,130,3,0.022556390977443608,1.0463438601223527,0.1414265583295457,0.016913580332185863,water_per_diff_前5天,0.0013816073141634615,13 - 15日龄
"[-7.91, -1.40)",189,0.28421052631578947,178,11,0.0582010582010582,0.061309975828594876,0.001040045712539478,0.00012998535621910542,water_per_diff_前5天,0.0013858572579407832,13 - 15日龄
"[-1.40, inf)",273,0.4105263157894737,250,23,0.08424908424908426,-0.33661159973202315,0.053970480851343004,0.006714639184852114,water_per_diff_前5天,0.0013241175184807272,13 - 15日龄
Special,0,0.0,0,0,0.0,0.0,0.0,0.0,water_per_diff_前5天,,13 - 15日龄
Missing,2,0.0030075187969924814,2,0,0.0,0.0,0.0,0.0,water_per_diff_前5天,0.0010273843248347,13 - 15日龄
,665,1.0,624,41,0.061654135338345864,,0.22758560214209494,0.027577920356323067,water_per_diff_前5天,,13 - 15日龄
"(-inf, -6.69)",77,0.11578947368421053,75,2,0.025974025974025976,0.9017626313112452,0.06439651060841327,0.007787453886144269,water_per_diff_前7天,0.0011930860111920441,13 - 15日龄
"[-6.69, -5.24)",55,0.08270676691729323,44,11,0.2,-1.3362839405452294,0.26429005390708493,0.030778718779082934,water_per_diff_前7天,0.0021144258534305346,13 - 15日龄
"[-5.24, 3.50)",420,0.631578947368421,394,26,0.06190476190476191,-0.004323930388668185,1.1830641307331833e-05,1.4788290113506306e-06,water_per_diff_前7天,0.0012984395020817314,13 - 15日龄
"[3.50, inf)",109,0.16390977443609023,107,2,0.01834862385321101,1.2571033522368409,0.1542388767460696,0.018102887229421428,water_per_diff_前7天,0.0012558564636541937,13 - 15日龄
Special,0,0.0,0,0,0.0,0.0,0.0,0.0,water_per_diff_前7天,,13 - 15日龄
Missing,4,0.006015037593984963,4,0,0.0,0.0,0.0,0.0,water_per_diff_前7天,0.00119282602068505,13 - 15日龄
,665,1.0,624,41,0.061654135338345864,,0.48293727190287516,0.056670538723659986,water_per_diff_前7天,,13 - 15日龄
"(-inf, -8.37)",44,0.06616541353383458,39,5,0.11363636363636363,-0.6684545679695737,0.03974043925428868,0.004877087148883278,water_per_shift_diff_前1天,0.0016319536245251566,13 - 15日龄
"[-8.37, -3.61)",100,0.15037593984962405,91,9,0.09,-0.4089433724844893,0.030130482220655952,0.0037402837056999642,water_per_shift_diff_前1天,0.0013529918426437172,13 - 15日龄
"[-3.61, -2.57)",45,0.06766917293233082,41,4,0.08888888888888889,-0.3953005960807028,0.012592635467705312,0.0015639101070866798,water_per_shift_diff_前1天,0.0012851556074968467,13 - 15日龄
"[-2.57, 3.28)",224,0.3368421052631579,209,15,0.06696428571428571,-0.08829425080251907,0.0027298605528765095,0.00034112177036528003,water_per_shift_diff_前1天,0.0013647076663501814,13 - 15日龄
"[3.28, 7.11)",114,0.17142857142857143,111,3,0.02631578947368421,0.8883396109791044,0.0930214906900024,0.011259830924166183,water_per_shift_diff_前1天,0.001299141200608292,13 - 15日龄
"[7.11, inf)",136,0.20451127819548873,131,5,0.03676470588235294,0.5431811091019312,0.047791614938572834,0.005901577254360722,water_per_shift_diff_前1天,0.0012821820987760977,13 - 15日龄
Special,0,0.0,0,0,0.0,0.0,0.0,0.0,water_per_shift_diff_前1天,,13 - 15日龄
Missing,2,0.0030075187969924814,2,0,0.0,0.0,0.0,0.0,water_per_shift_diff_前1天,0.0010273843248347,13 - 15日龄
,665,1.0,624,41,0.061654135338345864,,0.2260065231241017,0.027683810910562108,water_per_shift_diff_前1天,,13 - 15日龄
"(-inf, -8.26)",56,0.08421052631578947,46,10,0.17857142857142858,-1.1965219981700708,0.2036294863990184,0.024036300298908752,water_per_shift_diff_前2天,0.001537987732187216,13 - 15日龄
"[-8.26, -6.46)",34,0.05112781954887218,33,1,0.029411764705882353,0.7739292598013603,0.02205262782970574,0.0026897791654217733,water_per_shift_diff_前2天,0.0014861445492758707,13 - 15日龄
"[-6.46, -3.67)",84,0.12631578947368421,82,2,0.023809523809523808,0.990993765039188,0.08188558549456079,0.009836401346357227,water_per_shift_diff_前2天,0.0012998761966177988,13 - 15日龄
"[-3.67, -1.89)",88,0.13233082706766916,86,2,0.022727272727272728,1.0386218140284424,0.09247891230287651,0.011066780345363125,water_per_shift_diff_前2天,0.001255461711778309,13 - 15日龄
"[-1.89, 3.88)",239,0.3593984962406015,224,15,0.06276150627615062,-0.018982450912290005,0.0001305859662509006,1.632300071032519e-05,water_per_shift_diff_前2天,0.0013669498399599706,13 - 15日龄
"[3.88, inf)",162,0.24360902255639097,151,11,0.06790123456790123,-0.10319373764856588,0.0027145632206646746,0.00033916992415399406,water_per_shift_diff_前2天,0.001296808981885734,13 - 15日龄
Special,0,0.0,0,0,0.0,0.0,0.0,0.0,water_per_shift_diff_前2天,,13 - 15日龄
Missing,2,0.0030075187969924814,2,0,0.0,0.0,0.0,0.0,water_per_shift_diff_前2天,0.0010273843248347,13 - 15日龄
,665,1.0,624,41,0.061654135338345864,,0.402891761213077,0.047984754080915196,water_per_shift_diff_前2天,,13 - 15日龄
"(-inf, -4.43)",136,0.20451127819548873,133,3,0.022058823529411766,1.0691585378885242,0.14965043480999082,0.017863338205481836,water_per_shift_diff_前3天,0.0011202230340168222,13 - 15日龄
"[-4.43, -0.21)",157,0.23609022556390977,148,9,0.05732484076433121,0.07740939476277564,0.0013676143852710525,0.00017090912845013888,water_per_shift_diff_前3天,0.0013556487133624241,13 - 15日龄
"[-0.21, 0.30)",39,0.058646616541353384,33,6,0.15384615384615385,-1.0178302094266947,0.09512320320275276,0.011402336962376872,water_per_shift_diff_前3天,0.0015247205494669743,13 - 15日龄
"[0.30, 3.29)",112,0.16842105263157894,100,12,0.10714285714285714,-0.6023147654650289,0.07976244627093171,0.00982227676520047,water_per_shift_diff_前3天,0.0015829989607200044,13 - 15日龄
"[3.29, 8.98)",135,0.20300751879699247,127,8,0.05925925925925926,0.04216724311363551,0.00035436043110661413,4.429177251382994e-05,water_per_shift_diff_前3天,0.001367801239044786,13 - 15日龄
"[8.98, inf)",84,0.12631578947368421,81,3,0.03571428571428571,0.5732585643392092,0.03246762272230748,0.004003778899521056,water_per_shift_diff_前3天,0.0012679784847748202,13 - 15日龄
Special,0,0.0,0,0,0.0,0.0,0.0,0.0,water_per_shift_diff_前3天,,13 - 15日龄
Missing,2,0.0030075187969924814,2,0,0.0,0.0,0.0,0.0,water_per_shift_diff_前3天,0.0010273843248347,13 - 15日龄
,665,1.0,624,41,0.061654135338345864,,0.3587256818223604,0.043306931733544204,water_per_shift_diff_前3天,,13 - 15日龄
"(-inf, -15.99)",34,0.05112781954887218,31,3,0.08823529411764706,-0.38720338584808367,0.009095889418960994,0.001129936317644211,water_per_shift_diff_前5天,0.0012948162713444264,13 - 15日龄
"[-15.99, 0.02)",355,0.5338345864661654,329,26,0.07323943661971831,-0.1846170889212302,0.01973607482018309,0.0024635118023117464,water_per_shift_diff_前5天,0.001414863786318051,13 - 15日龄
"[0.02, 1.10)",34,0.05112781954887218,32,2,0.058823529411764705,0.05001042057466121,0.00012510424158764536,1.5636400761680105e-05,water_per_shift_diff_前5天,0.0013357109201046764,13 - 15日龄
"[1.10, 2.73)",55,0.08270676691729323,54,1,0.01818181818181818,1.2664057448991546,0.07870485984950185,0.009229258068694554,water_per_shift_diff_前5天,0.0011147568478488345,13 - 15日龄
"[2.73, inf)",184,0.27669172932330827,175,9,0.04891304347826087,0.24498309492217452,0.014928417955897066,0.0018613997724350982,water_per_shift_diff_前5天,0.001296461398323056,13 - 15日龄
Special,0,0.0,0,0,0.0,0.0,0.0,0.0,water_per_shift_diff_前5天,,13 - 15日龄
Missing,3,0.004511278195488722,3,0,0.0,0.0,0.0,0.0,water_per_shift_diff_前5天,0.0011967339068451666,13 - 15日龄
,665,1.0,624,41,0.061654135338345864,,0.12259034628613065,0.01469974236184729,water_per_shift_diff_前5天,,13 - 15日龄
"(-inf, -2.61)",85,0.12781954887218044,80,5,0.058823529411764705,0.05001042057466121,0.0003127606039691134,3.909100190419316e-05,water_per_shift_diff_前7天,0.001292157770246187,13 - 15日龄
"[-2.61, -1.44)",45,0.06766917293233082,39,6,0.13333333333333333,-0.8507761247635286,0.07133031533840557,0.00865675153509779,water_per_shift_diff_前7天,0.00153497281214152,13 - 15日龄
"[-1.44, -0.88)",39,0.058646616541353384,31,8,0.20512820512820512,-1.3680326388598096,0.19897003788294843,0.023096875198131594,water_per_shift_diff_前7天,0.0017310143005324385,13 - 15日龄
"[-0.88, 0.07)",152,0.22857142857142856,144,8,0.05263157894736842,0.16779345623104458,0.005981380240881527,0.0007467966607310386,water_per_shift_diff_前7天,0.0013064359053543474,13 - 15日龄
"[0.07, 1.25)",114,0.17142857142857143,109,5,0.043859649122807015,0.35933166812992345,0.01894693637848916,0.002355707002300915,water_per_shift_diff_前7天,0.001108328984471877,13 - 15日龄
"[1.25, inf)",225,0.3383458646616541,217,8,0.035555555555555556,0.5778775101955036,0.08820402115828024,0.010874607441630171,water_per_shift_diff_前7天,0.0013973502859557707,13 - 15日龄
Special,0,0.0,0,0,0.0,0.0,0.0,0.0,water_per_shift_diff_前7天,,13 - 15日龄
Missing,5,0.007518796992481203,4,1,0.2,-1.3362839405452294,0.024026368537007722,0.002798065343552994,water_per_shift_diff_前7天,0.0018833946748157402,13 - 15日龄
,665,1.0,624,41,0.061654135338345864,,0.40777182013998176,0.04856789418334869,water_per_shift_diff_前7天,,13 - 15日龄
"(-inf, -26.37)",38,0.05013192612137203,34,4,0.10526315789473684,-0.36939045570376905,0.00800590971893445,0.0009950876626434709,water_per_diff,0.0016067610264118078,16 - 18日龄
"[-26.37, -7.33)",265,0.3496042216358839,245,20,0.07547169811320754,-0.003930682209303704,5.410504329947704e-06,6.763126058403749e-07,water_per_diff,0.001568085273387498,16 - 18日龄
"[-7.33, -0.98)",190,0.25065963060686014,180,10,0.05263157894736842,0.3809151386961247,0.030982661380043686,0.003849587316198999,water_per_diff,0.0015915667928841526,16 - 18日龄
"[-0.98, 1.44)",75,0.09894459102902374,74,1,0.013333333333333334,1.7946084740041304,0.1579607578915465,0.01746005506357663,water_per_diff,0.0014086421424308081,16 - 18日龄
"[1.44, 9.83)",141,0.18601583113456466,127,14,0.09929078014184398,-0.30432686235670703,0.019612124798371267,0.0024420989116085805,water_per_diff,0.0015548760852724744,16 - 18日龄
"[9.83, inf)",49,0.06464379947229551,41,8,0.16326530612244897,-0.8753260941755678,0.07165682243532503,0.008681673313480014,water_per_diff,0.0018489937550700245,16 - 18日龄
Special,0,0.0,0,0,0.0,0.0,0.0,0.0,water_per_diff,,16 - 18日龄
Missing,0,0.0,0,0,0.0,0.0,0.0,0.0,water_per_diff,,16 - 18日龄
,758,1.0,701,57,0.07519788918205805,,0.2882236867285509,0.03342917858011353,water_per_diff,,16 - 18日龄
"(-inf, -18.70)",38,0.05013192612137203,33,5,0.13157894736842105,-0.6223869701676599,0.025296104300930492,0.0031119458313903243,water_per_shift_diff,0.0016716940489616156,16 - 18日龄
"[-18.70, -11.25)",144,0.18997361477572558,130,14,0.09722222222222222,-0.28097949835971603,0.016905040770246942,0.0021062061490941843,water_per_shift_diff,0.001622081395220877,16 - 18日龄
"[-11.25, -1.88)",304,0.40105540897097625,285,19,0.0625,0.19859358190217025,0.014542753976668677,0.001814862846077108,water_per_shift_diff,0.0015227652892679086,16 - 18日龄
"[-1.88, -0.38)",64,0.08443271767810026,63,1,0.015625,1.6336781071914928,0.11816026553003015,0.013319579194419853,water_per_shift_diff,0.0013603795579588782,16 - 18日龄
"[-0.38, 5.80)",156,0.20580474934036938,146,10,0.0641025641025641,0.17156490951425107,0.005633384920857349,0.0007033107592773202,water_per_shift_diff,0.0016592413453383674,16 - 18日龄
"[5.80, inf)",52,0.06860158311345646,44,8,0.15384615384615385,-0.8047085269616145,0.06243202526668683,0.007600029211098477,water_per_shift_diff,0.0017029404906065385,16 - 18日龄
Special,0,0.0,0,0,0.0,0.0,0.0,0.0,water_per_shift_diff,,16 - 18日龄
Missing,0,0.0,0,0,0.0,0.0,0.0,0.0,water_per_shift_diff,,16 - 18日龄
,758,1.0,701,57,0.07519788918205805,,0.24296957476542047,0.028655933991357265,water_per_shift_diff,,16 - 18日龄
"(-inf, -7.33)",160,0.21108179419525067,145,15,0.09375,-0.24077307788167568,0.01355806054593112,0.0016906757333846837,water_per_diff_前1天,0.0015708671970836637,16 - 18日龄
"[-7.33, -0.93)",209,0.2757255936675462,195,14,0.06698564593301436,0.12448560974844858,0.004053251702648627,0.0005063295708328305,water_per_diff_前1天,0.0015998582202691612,16 - 18日龄
"[-0.93, 1.46)",94,0.12401055408970976,92,2,0.02127659574468085,1.3191847772890553,0.1268440552179731,0.01479738606317358,water_per_diff_前1天,0.0014671695763255085,16 - 18日龄
"[1.46, 5.26)",102,0.1345646437994723,96,6,0.058823529411764705,0.2631321030397413,0.008337093436652216,0.001039140550061394,water_per_diff_前1天,0.0015418800919184705,16 - 18日龄
"[5.26, 10.16)",112,0.14775725593667546,103,9,0.08035714285714286,-0.07195220830662352,0.0007887245598593735,9.856930818441826e-05,water_per_diff_前1天,0.0015471728474255903,16 - 18日龄
"[10.16, inf)",81,0.10686015831134564,70,11,0.13580246913580246,-0.6588566499490514,0.06135609766650201,0.007533735010031406,water_per_diff_前1天,0.0017321654539740321,16 - 18日龄
Special,0,0.0,0,0,0.0,0.0,0.0,0.0,water_per_diff_前1天,,16 - 18日龄
Missing,0,0.0,0,0,0.0,0.0,0.0,0.0,water_per_diff_前1天,,16 - 18日龄
,758,1.0,701,57,0.07519788918205805,,0.21493728312956645,0.025665836235668312,water_per_diff_前1天,,16 - 18日龄
"(-inf, -2.84)",276,0.3641160949868074,253,23,0.08333333333333333,-0.11156134640166915,0.004752043736407671,0.0005936976189134559,water_per_diff_前2天,0.0016153763682981,16 - 18日龄
"[-2.84, -1.27)",65,0.08575197889182058,64,1,0.015384615384615385,1.6494264641596317,0.12165227093821947,0.01368770248812276,water_per_diff_前2天,0.0014886353968536353,16 - 18日龄
"[-1.27, 2.98)",149,0.19656992084432717,139,10,0.06711409395973154,0.12243222093660622,0.0027975227798663913,0.00034947210539853623,water_per_diff_前2天,0.0015626898002942275,16 - 18日龄
"[2.98, 10.82)",185,0.24406332453825857,172,13,0.07027027027027027,0.07308850015187662,0.0012639625999185781,0.0001579601677223104,water_per_diff_前2天,0.0014722132199145312,16 - 18日龄
"[10.82, inf)",80,0.10554089709762533,71,9,0.1125,-0.4440013194949439,0.025135295059628176,0.0031163557930068263,water_per_diff_前2天,0.0017410089943586712,16 - 18日龄
Special,0,0.0,0,0,0.0,0.0,0.0,0.0,water_per_diff_前2天,,16 - 18日龄
Missing,3,0.00395778364116095,2,1,0.3333333333333333,-1.8163094386400944,0.026683025264202406,0.0029413030481927117,water_per_diff_前2天,0.0024658219603338667,16 - 18日龄
,758,1.0,701,57,0.07519788918205805,,0.18228412037824268,0.0208464912213566,water_per_diff_前2天,,16 - 18日龄
"(-inf, -11.73)",113,0.14907651715039577,109,4,0.035398230088495575,0.7955969019092133,0.06787771450830911,0.00826778962886681,water_per_diff_前3天,0.0013521379367141683,16 - 18日龄
"[-11.73, -6.77)",132,0.1741424802110818,121,11,0.08333333333333333,-0.11156134640166915,0.0022727165695862767,0.00028394233948035846,water_per_diff_前3天,0.00166404077982875,16 - 18日龄
"[-6.77, -5.04)",38,0.05013192612137203,31,7,0.18421052631578946,-1.0213795637702068,0.08026458017965438,0.00961851103055021,water_per_diff_前3天,0.0019726856965816817,16 - 18日龄
"[-5.04, -3.20)",59,0.07783641160949868,50,9,0.15254237288135594,-0.7946581911081132,0.06879201849595723,0.008379658356391848,water_per_diff_前3天,0.001752751712024095,16 - 18日龄
"[-3.20, -2.00)",44,0.05804749340369393,40,4,0.09090909090909091,-0.20687152620599392,0.0027129333966999744,0.0003385132664334993,water_per_diff_前3天,0.001542846971382234,16 - 18日龄
"[-2.00, inf)",366,0.48284960422163586,346,20,0.0546448087431694,0.3412498823036936,0.048697520556990254,0.00605782504976024,water_per_diff_前3天,0.0015336587956240053,16 - 18日龄
Special,0,0.0,0,0,0.0,0.0,0.0,0.0,water_per_diff_前3天,,16 - 18日龄
Missing,6,0.0079155672823219,4,2,0.3333333333333333,-1.8163094386400944,0.05336605052840481,0.005882606096385423,water_per_diff_前3天,0.0024099710997766,16 - 18日龄
,758,1.0,701,57,0.07519788918205805,,0.323983534235602,0.03882884576786839,water_per_diff_前3天,,16 - 18日龄
"(-inf, -15.69)",104,0.13720316622691292,96,8,0.07692307692307693,-0.024549969412039463,8.35597227028394e-05,1.0444703046140372e-05,water_per_diff_前5天,0.0015845622937224154,16 - 18日龄
"[-15.69, -11.14)",97,0.1279683377308707,94,3,0.030927835051546393,0.9352258744018545,0.07618590537773197,0.009190677868092715,water_per_diff_前5天,0.001475246199423834,16 - 18日龄
"[-11.14, -8.95)",83,0.10949868073878628,80,3,0.03614457831325301,0.7739577268057323,0.047591514246857466,0.005804770178040852,water_per_diff_前5天,0.0014594257039984844,16 - 18日龄
"[-8.95, 7.97)",404,0.5329815303430079,371,33,0.08168316831683169,-0.08976211805908507,0.004461485258286242,0.0005574985074299349,water_per_diff_前5天,0.0015818519192821784,16 - 18日龄
"[7.97, inf)",59,0.07783641160949868,53,6,0.1016949152542373,-0.33092417487597325,0.009814178923042968,0.0012212051357013975,water_per_diff_前5天,0.0017173681321796949,16 - 18日龄
Special,0,0.0,0,0,0.0,0.0,0.0,0.0,water_per_diff_前5天,,16 - 18日龄
Missing,11,0.014511873350923483,7,4,0.36363636363636365,-1.9498408312646172,0.11736034234780901,0.01271409165227107,water_per_diff_前5天,0.0022786364810696456,16 - 18日龄
,758,1.0,701,57,0.07519788918205805,,0.2554969858764305,0.02949868804458211,water_per_diff_前5天,,16 - 18日龄
"(-inf, -19.07)",45,0.059366754617414245,42,3,0.06666666666666667,0.1296007104152186,0.0009438598175746083,0.00011789997671593933,water_per_diff_前7天,0.0014104002289570443,16 - 18日龄
"[-19.07, -12.96)",112,0.14775725593667546,109,3,0.026785714285714284,1.083278974360994,0.11142669831628213,0.013284911648581806,water_per_diff_前7天,0.0014480379294539848,16 - 18日龄
"[-12.96, -9.82)",74,0.09762532981530343,73,1,0.013513513513513514,1.7810028219483511,0.15422253332185337,0.017076009432193038,water_per_diff_前7天,0.001303712358176561,16 - 18日龄
"[-9.82, 2.50)",408,0.5382585751978892,375,33,0.08088235294117647,-0.07903815469610942,0.0034774651739560153,0.00043457003713146154,water_per_diff_前7天,0.0016423215553545425,16 - 18日龄
"[2.50, 7.80)",69,0.09102902374670185,62,7,0.10144927536231885,-0.3282323832102616,0.011278701157436474,0.0014035427508287384,water_per_diff_前7天,0.0014630329596367145,16 - 18日龄
"[7.80, inf)",39,0.051451187335092345,33,6,0.15384615384615385,-0.8047085269616145,0.0468240189500151,0.005700021908323857,water_per_diff_前7天,0.0019558755591065078,16 - 18日龄
Special,0,0.0,0,0,0.0,0.0,0.0,0.0,water_per_diff_前7天,,16 - 18日龄
Missing,11,0.014511873350923483,7,4,0.36363636363636365,-1.9498408312646172,0.11736034234780901,0.01271409165227107,water_per_diff_前7天,0.0022786364810696456,16 - 18日龄
,758,1.0,701,57,0.07519788918205805,,0.4455336190849267,0.050731047406045914,water_per_diff_前7天,,16 - 18日龄
"(-inf, -10.24)",38,0.05013192612137203,33,5,0.13157894736842105,-0.6223869701676599,0.025296104300930492,0.0031119458313903243,water_per_shift_diff_前1天,0.0016412230946792684,16 - 18日龄
"[-10.24, -5.09)",109,0.1437994722955145,100,9,0.08256880733944955,-0.10151101054816802,0.001547168341563035,0.00019331305017555866,water_per_shift_diff_前1天,0.0016695961434839625,16 - 18日龄
"[-5.09, -1.37)",170,0.22427440633245382,163,7,0.041176470588235294,0.6383834325514091,0.070042119486082,0.008609560433671077,water_per_shift_diff_前1天,0.0014365726803455328,16 - 18日龄
"[-1.37, -0.39)",57,0.07519788918205805,56,1,0.017543859649122806,1.5158950715351098,0.09450395733398295,0.010797769330005896,water_per_shift_diff_前1天,0.001346144535139479,16 - 18日龄
"[-0.39, 4.65)",248,0.32717678100263853,229,19,0.07661290322580645,-0.02017359481224057,0.00013429877668633749,1.6787062424430737e-05,water_per_shift_diff_前1天,0.00161205912153221,16 - 18日龄
"[4.65, inf)",133,0.17546174142480211,118,15,0.11278195488721804,-0.4468221958365852,0.042370781090292596,0.005252723797393027,water_per_shift_diff_前1天,0.0016691384239341405,16 - 18日龄
Special,0,0.0,0,0,0.0,0.0,0.0,0.0,water_per_shift_diff_前1天,,16 - 18日龄
Missing,3,0.00395778364116095,2,1,0.3333333333333333,-1.8163094386400944,0.026683025264202406,0.0029413030481927117,water_per_shift_diff_前1天,0.0024658219603338667,16 - 18日龄
,758,1.0,701,57,0.07519788918205805,,0.2605774545937398,0.03092340255325303,water_per_shift_diff_前1天,,16 - 18日龄
"(-inf, -4.50)",106,0.13984168865435356,95,11,0.10377358490566038,-0.3534750003978693,0.02031129966998294,0.0025257768444939942,water_per_shift_diff_前2天,0.001672269910745353,16 - 18日龄
"[-4.50, -2.45)",51,0.06728232189973615,48,3,0.058823529411764705,0.2631321030397413,0.004168546718326108,0.000519570275030697,water_per_shift_diff_前2天,0.001427177367502704,16 - 18日龄
"[-2.45, 0.06)",100,0.13192612137203166,99,1,0.01,2.08566323093455,0.2579610002572402,0.027434913813787862,water_per_shift_diff_前2天,0.0014068528795427501,16 - 18日龄
"[0.06, 10.00)",431,0.5686015831134564,401,30,0.06960556844547564,0.08330742644437406,0.003809161551514654,0.00047600755385601365,water_per_shift_diff_前2天,0.0015786903565743714,16 - 18日龄
"[10.00, inf)",64,0.08443271767810026,54,10,0.15625,-0.823057665629811,0.08099363669085312,0.009847780157779026,water_per_shift_diff_前2天,0.0017011918013336157,16 - 18日龄
Special,0,0.0,0,0,0.0,0.0,0.0,0.0,water_per_shift_diff_前2天,,16 - 18日龄
Missing,6,0.0079155672823219,4,2,0.3333333333333333,-1.8163094386400944,0.05336605052840481,0.005882606096385423,water_per_shift_diff_前2天,0.0024099710997766,16 - 18日龄
,758,1.0,701,57,0.07519788918205805,,0.42060969541632187,0.04668665474133302,water_per_shift_diff_前2天,,16 - 18日龄
"(-inf, -2.26)",187,0.24670184696569922,167,20,0.10695187165775401,-0.3871950803372757,0.04361601362960376,0.0054181981171865234,water_per_shift_diff_前3天,0.0016326696370671764,16 - 18日龄
"[-2.26, 5.76)",353,0.4656992084432718,328,25,0.0708215297450425,0.06468116431590332,0.0018955788325931055,0.000236906058315999,water_per_shift_diff_前3天,0.0015826075907239242,16 - 18日龄
"[5.76, 9.89)",140,0.18469656992084432,139,1,0.007142857142857143,2.4250173139306517,0.43830805719166016,0.0443805748316035,water_per_shift_diff_前3天,0.001410291831682098,16 - 18日龄
"[9.89, inf)",69,0.09102902374670185,62,7,0.10144927536231885,-0.3282323832102616,0.011278701157436474,0.0014035427508287384,water_per_shift_diff_前3天,0.0016118978009586058,16 - 18日龄
Special,0,0.0,0,0,0.0,0.0,0.0,0.0,water_per_shift_diff_前3天,,16 - 18日龄
Missing,9,0.011873350923482849,5,4,0.4444444444444444,-2.28631306788583,0.14413551112456904,0.014897462804088163,water_per_shift_diff_前3天,0.0024280092716378555,16 - 18日龄
,758,1.0,701,57,0.07519788918205805,,0.6392338619358625,0.06633668456202292,water_per_shift_diff_前3天,,16 - 18日龄
"(-inf, -9.73)",44,0.05804749340369393,39,5,0.11363636363636363,-0.4553328855044936,0.014609123788491652,0.0018105267917368313,water_per_shift_diff_前5天,0.0016106639359288978,16 - 18日龄
"[-9.73, -0.53)",329,0.4340369393139842,308,21,0.06382978723404255,0.17612072605011164,0.01249598964767291,0.0015599830453903,water_per_shift_diff_前5天,0.001553914177078067,16 - 18日龄
"[-0.53, 0.03)",38,0.05013192612137203,37,1,0.02631578947368421,1.1014612934441845,0.038813161678039186,0.004620365338655746,water_per_shift_diff_前5天,0.0014429683793135237,16 - 18日龄
"[0.03, 2.15)",103,0.1358839050131926,101,2,0.019417475728155338,1.4125167170812745,0.15395325732384688,0.017788634894055296,water_per_shift_diff_前5天,0.001489204172324537,16 - 18日龄
"[2.15, inf)",233,0.3073878627968338,209,24,0.10300429184549356,-0.3451761975831742,0.04242461411845158,0.005276905791339336,water_per_shift_diff_前5天,0.001626999068278208,16 - 18日龄
Special,0,0.0,0,0,0.0,0.0,0.0,0.0,water_per_shift_diff_前5天,,16 - 18日龄
Missing,11,0.014511873350923483,7,4,0.36363636363636365,-1.9498408312646172,0.11736034234780901,0.01271409165227107,water_per_shift_diff_前5天,0.0022786364810696456,16 - 18日龄
,758,1.0,701,57,0.07519788918205805,,0.37965648890431125,0.04377050751344858,water_per_shift_diff_前5天,,16 - 18日龄
"(-inf, -10.25)",100,0.13192612137203166,96,4,0.04,0.6685972111479059,0.04464342566615644,0.005478756535670863,water_per_shift_diff_前7天,0.0013850365008669391,16 - 18日龄
"[-10.25, 2.60)",454,0.5989445910290238,420,34,0.07488986784140969,0.004437567461212932,1.1772208896778441e-05,1.4715249046777339e-06,water_per_shift_diff_前7天,0.0016171778605845735,16 - 18日龄
"[2.60, 4.39)",44,0.05804749340369393,36,8,0.18181818181818182,-1.0053792224237657,0.08947439785116278,0.010735848913592076,water_per_shift_diff_前7天,0.0018950702843342113,16 - 18日龄
"[4.39, 7.35)",50,0.06596306068601583,45,5,0.1,-0.31223204186382025,0.007345349234226575,0.0009144571062405455,water_per_shift_diff_前7天,0.0016798381435927981,16 - 18日龄
"[7.35, inf)",99,0.13060686015831136,97,2,0.020202020202020204,1.3721071787433976,0.14171950663648428,0.016444211241552154,water_per_shift_diff_前7天,0.0013064766669624625,16 - 18日龄
Special,0,0.0,0,0,0.0,0.0,0.0,0.0,water_per_shift_diff_前7天,,16 - 18日龄
Missing,11,0.014511873350923483,7,4,0.36363636363636365,-1.9498408312646172,0.11736034234780901,0.01271409165227107,water_per_shift_diff_前7天,0.0022786364810696456,16 - 18日龄
,758,1.0,701,57,0.07519788918205805,,0.40055479394473587,0.04628883697423139,water_per_shift_diff_前7天,,16 - 18日龄
"(-inf, -30.03)",52,0.05902383654937571,42,10,0.19230769230769232,-1.6371338428233577,0.33811565022315637,0.03809845330137572,water_per_diff,0.0023080483835360268,19 - 21日龄
"[-30.03, -25.55)",60,0.0681044267877412,55,5,0.08333333333333333,-0.6743230953143096,0.04240444581960075,0.005202358778096468,water_per_diff,0.001350650588927845,19 - 21日龄
"[-25.55, -13.64)",260,0.29511918274687854,251,9,0.03461538461538462,0.25600999368288413,0.017237288995458205,0.002148796218889682,water_per_diff,0.001248189650703704,19 - 21日龄
"[-13.64, -9.80)",102,0.11577752553916004,100,2,0.0196078431372549,0.8398046373154657,0.056672363612006574,0.0068829459618071475,water_per_diff,0.001113880999111449,19 - 21日龄
"[-9.80, 2.40)",284,0.322360953461975,280,4,0.014084507042253521,1.1762768739366791,0.2705171737611851,0.03199080826297248,water_per_diff,0.0011947802970609385,19 - 21日龄
"[2.40, inf)",123,0.13961407491486946,114,9,0.07317073170731707,-0.5332444970544041,0.05085942398362855,0.006283160648352944,water_per_diff,0.0014103454184809811,19 - 21日龄
Special,0,0.0,0,0,0.0,0.0,0.0,0.0,water_per_diff,,19 - 21日龄
Missing,0,0.0,0,0,0.0,0.0,0.0,0.0,water_per_diff,,19 - 21日龄
,881,1.0,842,39,0.04426787741203178,,0.7758063463950355,0.09060652317149444,water_per_diff,,19 - 21日龄
"(-inf, -5.10)",140,0.15891032917139614,129,11,0.07857142857142857,-0.6103012365493785,0.07863403775627081,0.009679495190588285,water_per_shift_diff,0.0015132481260964057,19 - 21日龄
"[-5.10, 0.54)",230,0.26106696935300794,218,12,0.05217391304347826,-0.1726299551115913,0.008421742739776186,0.0010514126141621186,water_per_shift_diff,0.0013702222925427914,19 - 21日龄
"[0.54, 3.53)",123,0.13961407491486946,118,5,0.04065040650406504,0.08902834391888437,0.0010627660276570621,0.00013280189827172837,water_per_shift_diff,0.0013219542735635292,19 - 21日龄
"[3.53, 5.53)",78,0.08853575482406356,77,1,0.01282051282051282,1.271587053741004,0.08368048063628444,0.009807805520139063,water_per_shift_diff,0.0011165052720096115,19 - 21日龄
"[5.53, 13.95)",248,0.2814982973893303,242,6,0.024193548387096774,0.6249598888159511,0.08347262538360321,0.010267522698306473,water_per_shift_diff,0.0011706395622734468,19 - 21日龄
"[13.95, inf)",62,0.07037457434733257,58,4,0.06451612903225806,-0.3980697186861515,0.013407184020551915,0.00166491985186015,water_per_shift_diff,0.0013706540316633033,19 - 21日龄
Special,0,0.0,0,0,0.0,0.0,0.0,0.0,water_per_shift_diff,,19 - 21日龄
Missing,0,0.0,0,0,0.0,0.0,0.0,0.0,water_per_shift_diff,,19 - 21日龄
,881,1.0,842,39,0.04426787741203178,,0.26867883656414365,0.032603957773327814,water_per_shift_diff,,19 - 21日龄
"(-inf, -32.24)",45,0.0510783200908059,35,10,0.2222222222222222,-1.8194553996173122,0.3908964566751975,0.04307178545391099,water_per_diff_前1天,0.0021826366434484733,19 - 21日龄
"[-32.24, -26.68)",66,0.07491486946651532,61,5,0.07575757575757576,-0.5707824163734694,0.03182601267981673,0.003925112683123429,water_per_diff_前1天,0.001543538708267941,19 - 21日龄
"[-26.68, -21.48)",102,0.11577752553916004,97,5,0.049019607843137254,-0.10694530204339792,0.0013906341425339813,0.00017374647611578722,water_per_diff_前1天,0.0012498864459246784,19 - 21日龄
"[-21.48, -10.81)",313,0.35527809307604996,306,7,0.022364217252396165,0.7054565847843874,0.12975692100912656,0.015891434127737684,water_per_diff_前1天,0.0011727947770427051,19 - 21日龄
"[-10.81, 5.51)",305,0.34619750283768447,300,5,0.01639344262295082,1.0221261941094202,0.23313615914122546,0.027936212114340837,water_per_diff_前1天,0.0012300850562598214,19 - 21日龄
"[5.51, inf)",50,0.056753688989784334,43,7,0.14,-1.2569284014744313,0.1614126033564065,0.018945179429213456,water_per_diff_前1天,0.001643029693030948,19 - 21日龄
Special,0,0.0,0,0,0.0,0.0,0.0,0.0,water_per_diff_前1天,,19 - 21日龄
Missing,0,0.0,0,0,0.0,0.0,0.0,0.0,water_per_diff_前1天,,19 - 21日龄
,881,1.0,842,39,0.04426787741203178,,0.9484187870043067,0.1099434702844422,water_per_diff_前1天,,19 - 21日龄
"(-inf, -29.07)",58,0.06583427922814983,49,9,0.15517241379310345,-1.3776226473382729,0.2377424795196417,0.02757039400450256,water_per_diff_前2天,0.0018995169522087448,19 - 21日龄
"[-29.07, -15.19)",240,0.2724177071509648,227,13,0.05416666666666667,-0.21221770809281448,0.013526148457222121,0.001687602932169855,water_per_diff_前2天,0.001223844394034887,19 - 21日龄
"[-15.19, -13.52)",46,0.05221339387060159,45,1,0.021739130434782608,0.7344441216576394,0.020419863666283723,0.002496618928109197,water_per_diff_前2天,0.0012595688703674088,19 - 21日龄
"[-13.52, -4.94)",229,0.2599318955732123,227,2,0.008733624454148471,1.6595844688087773,0.36231076974511617,0.04071617367305508,water_per_diff_前2天,0.0012227431100228063,19 - 21日龄
"[-4.94, 8.49)",261,0.29625425652667425,253,8,0.03065134099616858,0.3817295789350039,0.036396714527239714,0.004522165906147575,water_per_diff_前2天,0.00127715081080197,19 - 21日龄
"[8.49, inf)",45,0.0510783200908059,39,6,0.13333333333333333,-1.200416191211089,0.1290781890238856,0.01523084324963133,water_per_diff_前2天,0.0016662495399946357,19 - 21日龄
Special,0,0.0,0,0,0.0,0.0,0.0,0.0,water_per_diff_前2天,,19 - 21日龄
Missing,2,0.0022701475595913734,2,0,0.0,0.0,0.0,0.0,water_per_diff_前2天,0.00091612213133295,19 - 21日龄
,881,1.0,842,39,0.04426787741203178,,0.799474164939389,0.0922237986936156,water_per_diff_前2天,,19 - 21日龄
"(-inf, -25.58)",45,0.0510783200908059,40,5,0.1111111111111111,-0.9927768264328445,0.0801162857070174,0.009622525050113497,water_per_diff_前3天,0.0016340185698697977,19 - 21日龄
"[-25.58, -13.69)",149,0.16912599318955732,141,8,0.053691275167785234,-0.202900019414348,0.007643197637357584,0.0009537642250865824,water_per_diff_前3天,0.0012700471544680584,19 - 21日龄
"[-13.69, -0.58)",383,0.43473325766174803,365,18,0.04699738903394256,-0.0626927724263533,0.0017583300872364817,0.00021975527364362975,water_per_diff_前3天,0.0013163079593341198,19 - 21日龄
"[-0.58, 3.44)",108,0.12258796821793416,106,2,0.018518518518518517,0.8980735454394417,0.06700408631240123,0.008104928331219717,water_per_diff_前3天,0.0012845076909777093,19 - 21日龄
"[3.44, 7.07)",86,0.09761634506242906,84,2,0.023255813953488372,0.6654512501706882,0.03226135545014116,0.003959871788014881,water_per_diff_前3天,0.0011774057266649325,19 - 21日龄
"[7.07, inf)",104,0.11804767309875142,100,4,0.038461538461538464,0.14665745675552033,0.002375959772030478,0.0002967290953479313,water_per_diff_前3天,0.0013404581033765299,19 - 21日龄
Special,0,0.0,0,0,0.0,0.0,0.0,0.0,water_per_diff_前3天,,19 - 21日龄
Missing,6,0.00681044267877412,6,0,0.0,0.0,0.0,0.0,water_per_diff_前3天,0.0009479395425928167,19 - 21日龄
,881,1.0,842,39,0.04426787741203178,,0.19115921496618435,0.02315757376342624,water_per_diff_前3天,,19 - 21日龄
"(-inf, -3.17)",306,0.3473325766174801,290,16,0.05228758169934641,-0.17492616737194178,0.011516851630980518,0.001437773809352151,water_per_diff_前5天,0.0013849732445497993,19 - 21日龄
"[-3.17, 7.76)",389,0.44154370034052215,375,14,0.03598971722365039,0.215650328242472,0.018630853926057993,0.0023243545564125834,water_per_diff_前5天,0.0012471812557919779,19 - 21日龄
"[7.76, 10.47)",70,0.07945516458569807,69,1,0.014285714285714285,1.1618881364845794,0.065422107447469,0.00774673703326283,water_per_diff_前5天,0.001154820830270517,19 - 21日龄
"[10.47, 13.04)",45,0.0510783200908059,43,2,0.044444444444444446,-0.004165432979063244,8.87935649352654e-07,1.1099187593022317e-07,water_per_diff_前5天,0.0012582600836690467,19 - 21日龄
"[13.04, inf)",60,0.0681044267877412,55,5,0.08333333333333333,-0.6743230953143096,0.04240444581960075,0.005202358778096468,water_per_diff_前5天,0.001525503732853785,19 - 21日龄
Special,0,0.0,0,0,0.0,0.0,0.0,0.0,water_per_diff_前5天,,19 - 21日龄
Missing,11,0.012485811577752554,10,1,0.09090909090909091,-0.7696332751186343,0.010593648832256008,0.0012924621045280285,water_per_diff_前5天,0.0012771005472503453,19 - 21日龄
,881,1.0,842,39,0.04426787741203178,,0.1485687955920136,0.01800379727352799,water_per_diff_前5天,,19 - 21日龄
"(-inf, -16.74)",71,0.08059023836549375,68,3,0.04225352112676056,0.048677048395316724,0.00018677471520220216,2.3344534703058752e-05,water_per_diff_前7天,0.0013787718552807154,19 - 21日龄
"[-16.74, -10.35)",139,0.15777525539160045,134,5,0.03597122302158273,0.21618351940413083,0.006688667267025914,0.0008344590941940545,water_per_diff_前7天,0.001342728125497131,19 - 21日龄
"[-10.35, -4.54)",186,0.21112372304199772,184,2,0.010752688172043012,1.4495702089363602,0.24243375319686006,0.027901800943241125,water_per_diff_前7天,0.0012138754345141882,19 - 21日龄
"[-4.54, 3.53)",282,0.32009080590238365,270,12,0.0425531914893617,0.041296941097693995,0.000535735943346663,6.696223465702238e-05,water_per_diff_前7天,0.0012600435696854815,19 - 21日龄
"[3.53, inf)",186,0.21112372304199772,172,14,0.07526881720430108,-0.5637812209144859,0.08721629216899898,0.010759909260372735,water_per_diff_前7天,0.0013780574780686689,19 - 21日龄
Special,0,0.0,0,0,0.0,0.0,0.0,0.0,water_per_diff_前7天,,19 - 21日龄
Missing,17,0.019296254256526674,14,3,0.17647058823529413,-1.5317733271655314,0.09235980229574738,0.010534056870069426,water_per_diff_前7天,0.0017664113911525295,19 - 21日龄
,881,1.0,842,39,0.04426787741203178,,0.4294210255871812,0.05012053293723742,water_per_diff_前7天,,19 - 21日龄
"(-inf, -16.44)",61,0.06923950056753689,56,5,0.08196721311475409,-0.6563045898116311,0.04049190264201123,0.00497256005134061,water_per_shift_diff_前1天,0.0016234832741580329,19 - 21日龄
"[-16.44, -12.54)",100,0.11350737797956867,99,1,0.01,1.5229014820219096,0.14000973184189494,0.015984632231775965,water_per_shift_diff_前1天,0.0012701640448138391,19 - 21日龄
"[-12.54, -7.07)",142,0.1611804767309875,137,5,0.035211267605633804,0.23832464528134434,0.008222846187458527,0.0010254301271072838,water_per_shift_diff_前1天,0.0014298104011134676,19 - 21日龄
"[-7.07, inf)",576,0.6538024971623155,548,28,0.04861111111111111,-0.09814759133986861,0.006587407616574423,0.0008230956103092747,water_per_shift_diff_前1天,0.001251872582959271,19 - 21日龄
Special,0,0.0,0,0,0.0,0.0,0.0,0.0,water_per_shift_diff_前1天,,19 - 21日龄
Missing,2,0.0022701475595913734,2,0,0.0,0.0,0.0,0.0,water_per_shift_diff_前1天,0.00091612213133295,19 - 21日龄
,881,1.0,842,39,0.04426787741203178,,0.1953118882879391,0.022805718020533133,water_per_shift_diff_前1天,,19 - 21日龄
"(-inf, -14.16)",124,0.14074914869466515,112,12,0.0967741935483871,-0.838626146605586,0.14648759293896227,0.01779255263271097,water_per_shift_diff_前2天,0.001434275547705491,19 - 21日龄
"[-14.16, -10.80)",103,0.11691259931895573,97,6,0.05825242718446602,-0.28926685883735237,0.011178501853480741,0.0013924613317869618,water_per_shift_diff_前2天,0.001387812525011641,19 - 21日龄
"[-10.80, -6.56)",137,0.15550510783200908,136,1,0.0072992700729927005,1.8404365176233721,0.2500769761141204,0.027481608017445414,water_per_shift_diff_前2天,0.0012147853279153337,19 - 21日龄
"[-6.56, -0.61)",240,0.2724177071509648,231,9,0.0375,0.1729747650728939,0.007537818649714091,0.0009410544317197938,water_per_shift_diff_前2天,0.0012388893953302691,19 - 21日龄
"[-0.61, inf)",271,0.3076049943246311,260,11,0.04059040590405904,0.09056799010447714,0.002421545018324215,0.0003025897172510301,water_per_shift_diff_前2天,0.001334875546713801,19 - 21日龄
Special,0,0.0,0,0,0.0,0.0,0.0,0.0,water_per_shift_diff_前2天,,19 - 21日龄
Missing,6,0.00681044267877412,6,0,0.0,0.0,0.0,0.0,water_per_shift_diff_前2天,0.0009479395425928167,19 - 21日龄
,881,1.0,842,39,0.04426787741203178,,0.41770243457460166,0.047910266130914175,water_per_shift_diff_前2天,,19 - 21日龄
"(-inf, -14.84)",100,0.11350737797956867,94,6,0.06,-0.32068305507073136,0.013535133513856932,0.0016846791733841956,water_per_shift_diff_前3天,0.00140101920735519,19 - 21日龄
"[-14.84, 0.35)",578,0.656072644721907,549,29,0.050173010380622836,-0.13141575658962346,0.012033838238169173,0.0015031482885723597,water_per_shift_diff_前3天,0.0012870459382976571,19 - 21日龄
"[0.35, 1.55)",45,0.0510783200908059,44,1,0.022222222222222223,0.7119712658055808,0.01894947579980747,0.0023198901290512382,water_per_shift_diff_前3天,0.0014309268046227579,19 - 21日龄
"[1.55, 6.90)",105,0.1191827468785471,103,2,0.01904761904761905,0.8693634395570102,0.06176456862435304,0.007486271311947484,water_per_shift_diff_前3天,0.0012656093711201715,19 - 21日龄
"[6.90, inf)",45,0.0510783200908059,44,1,0.022222222222222223,0.7119712658055808,0.01894947579980747,0.0023198901290512382,water_per_shift_diff_前3天,0.0013907557821234333,19 - 21日龄
Special,0,0.0,0,0,0.0,0.0,0.0,0.0,water_per_shift_diff_前3天,,19 - 21日龄
Missing,8,0.009080590238365494,8,0,0.0,0.0,0.0,0.0,water_per_shift_diff_前3天,0.0010142049709476,19 - 21日龄
,881,1.0,842,39,0.04426787741203178,,0.1252324919759941,0.015313879032006516,water_per_shift_diff_前3天,,19 - 21日龄
"(-inf, -6.12)",80,0.09080590238365494,73,7,0.0875,-0.7276690760196023,0.06751957106497743,0.008258533475840497,water_per_shift_diff_前5天,0.0015533162549666937,19 - 21日龄
"[-6.12, 5.67)",547,0.6208853575482406,523,24,0.043875685557586835,0.009309265604297234,5.357973077568918e-05,6.697442162954207e-06,water_per_shift_diff_前5天,0.0012861474080698794,19 - 21日龄
"[5.67, 11.31)",191,0.21679909194097616,189,2,0.010471204188481676,1.476381466387017,0.25568491988985215,0.029341478537342276,water_per_shift_diff_前5天,0.0012527357896916095,19 - 21日龄
"[11.31, inf)",49,0.05561861520998865,45,4,0.08163265306122448,-0.651850239462251,0.032018832945143155,0.003932966327310675,water_per_shift_diff_前5天,0.0013035772838075857,19 - 21日龄
Special,0,0.0,0,0,0.0,0.0,0.0,0.0,water_per_shift_diff_前5天,,19 - 21日龄
Missing,14,0.015891032917139614,12,2,0.14285714285714285,-1.2804588988846253,0.0474157385055029,0.005552594623657381,water_per_shift_diff_前5天,0.0015040755615081073,19 - 21日龄
,881,1.0,842,39,0.04426787741203178,,0.4026926421362513,0.04709227040631379,water_per_shift_diff_前5天,,19 - 21日龄
"(-inf, -1.82)",272,0.3087400681044268,259,13,0.04779411764705882,-0.08033966387467917,0.002067331018152866,0.0002583469022489158,water_per_shift_diff_前7天,0.0013060391471546497,19 - 21日龄
"[-1.82, -0.91)",47,0.053348467650397274,41,6,0.1276595744680851,-1.1504057706364272,0.1209681200440826,0.014338739252213475,water_per_shift_diff_前7天,0.0015902618035043062,19 - 21日龄
"[-0.91, 3.16)",207,0.23496027241770714,195,12,0.057971014492753624,-0.2841254593369338,0.021622191451458616,0.002693719319550949,water_per_shift_diff_前7天,0.0014062646224065748,19 - 21日龄
"[3.16, 4.49)",62,0.07037457434733257,61,1,0.016129032258064516,1.0386554960606311,0.048614821165880694,0.005817629751972831,water_per_shift_diff_前7天,0.001212154281378208,19 - 21日龄
"[4.49, inf)",274,0.31101021566401815,271,3,0.010948905109489052,1.4312881640989108,0.35056491576367443,0.04042573626976379,water_per_shift_diff_前7天,0.001171225393157945,19 - 21日龄
Special,0,0.0,0,0,0.0,0.0,0.0,0.0,water_per_shift_diff_前7天,,19 - 21日龄
Missing,19,0.021566401816118047,15,4,0.21052631578947367,-1.7504625281303607,0.14835060648598555,0.016488440090630517,water_per_shift_diff_前7天,0.001833776863720437,19 - 21日龄
,881,1.0,842,39,0.04426787741203178,,0.6921879859292347,0.0800226115863805,water_per_shift_diff_前7天,,19 - 21日龄
"(-inf, -26.47)",61,0.06314699792960662,51,10,0.16393442622950818,-1.6516706760573734,0.3814277071453654,0.042904897595745055,water_per_diff,0.0020331976707325737,22 - 24日龄
"[-26.47, -21.03)",51,0.052795031055900624,47,4,0.0784313725490196,-0.8170579751974856,0.05213022956684277,0.0063408639091755824,water_per_diff,0.0014223489212562687,22 - 24日龄
"[-21.03, -13.16)",118,0.12215320910973085,112,6,0.05084745762711865,-0.35417181372061446,0.018108032581204324,0.0022517474144562004,water_per_diff,0.0013025839518682424,22 - 24日龄
"[-13.16, -8.94)",80,0.08281573498964803,77,3,0.0375,-0.03571808260207954,0.00010742280481828363,1.3427136856044176e-05,water_per_diff,0.0012969471040519677,22 - 24日龄
"[-8.94, 3.31)",306,0.3167701863354037,300,6,0.0196078431372549,0.6311117896404923,0.09517518288455984,0.011703307938126649,water_per_diff,0.0010531632430894643,22 - 24日龄
"[3.31, inf)",350,0.36231884057971014,344,6,0.017142857142857144,0.76797097235769,0.1521093955990956,0.018559787444702408,water_per_diff,0.0010887415027920825,22 - 24日龄
Special,0,0.0,0,0,0.0,0.0,0.0,0.0,water_per_diff,,22 - 24日龄
Missing,0,0.0,0,0,0.0,0.0,0.0,0.0,water_per_diff,,22 - 24日龄
,966,1.0,931,35,0.036231884057971016,,0.6990579705818862,0.08177403143906195,water_per_diff,,22 - 24日龄
"(-inf, -14.31)",49,0.050724637681159424,46,3,0.061224489795918366,-0.5508821079666686,0.01999980155668462,0.0024688359290031114,water_per_shift_diff,0.0013757058460759327,22 - 24日龄
"[-14.31, -0.62)",331,0.34265010351966874,317,14,0.04229607250755287,-0.16106677152563176,0.009584424428055838,0.0011967597102633815,water_per_shift_diff,0.001247840657323011,22 - 24日龄
"[-0.62, 4.49)",212,0.2194616977225673,211,1,0.0047169811320754715,2.070946917688413,0.41018540453463304,0.04371333309193309,water_per_shift_diff,0.0010445191291853415,22 - 24日龄
"[4.49, inf)",374,0.38716356107660455,357,17,0.045454545454545456,-0.23638877806423064,0.02417208557649275,0.0030144952536322878,water_per_shift_diff,0.0012178345093236417,22 - 24日龄
Special,0,0.0,0,0,0.0,0.0,0.0,0.0,water_per_shift_diff,,22 - 24日龄
Missing,0,0.0,0,0,0.0,0.0,0.0,0.0,water_per_shift_diff,,22 - 24日龄
,966,1.0,931,35,0.036231884057971016,,0.46394171609586626,0.050393423984831875,water_per_shift_diff,,22 - 24日龄
"(-inf, -27.30)",51,0.052795031055900624,37,14,0.27450980392156865,-2.309050632758688,0.8318534717800902,0.08569254800102638,water_per_diff_前1天,0.00245705743929691,22 - 24日龄
"[-27.30, -13.16)",200,0.2070393374741201,193,7,0.035,0.03586882406191849,0.00026198496629543233,3.274636536514694e-05,water_per_diff_前1天,0.0012252441987927135,22 - 24日龄
"[-13.16, -7.20)",138,0.14285714285714285,136,2,0.014492753623188406,0.9385964893884533,0.0834756061453963,0.010067549235044791,water_per_diff_前1天,0.0010342009794312768,22 - 24日龄
"[-7.20, -2.13)",139,0.14389233954451347,137,2,0.014388489208633094,0.945922529480526,0.08514318793820419,0.010263052371363924,water_per_diff_前1天,0.0009849284412231604,22 - 24日龄
"[-2.13, 19.03)",382,0.39544513457556935,374,8,0.020942408376963352,0.5639030399470424,0.09763820627224842,0.012045597327682678,water_per_diff_前1天,0.0011651980483154863,22 - 24日龄
"[19.03, inf)",56,0.057971014492753624,54,2,0.03571428571428571,0.014925650216675468,1.2825478166853476e-05,1.6031698897883044e-06,water_per_diff_前1天,0.0011118534606292018,22 - 24日龄
Special,0,0.0,0,0,0.0,0.0,0.0,0.0,water_per_diff_前1天,,22 - 24日龄
Missing,0,0.0,0,0,0.0,0.0,0.0,0.0,water_per_diff_前1天,,22 - 24日龄
,966,1.0,931,35,0.036231884057971016,,1.0983852825804015,0.1181030964703727,water_per_diff_前1天,,22 - 24日龄
"(-inf, -28.18)",49,0.050724637681159424,33,16,0.32653061224489793,-2.5569923765609546,1.0782762696432124,0.10700806631649001,water_per_diff_前2天,0.0027714350781446614,22 - 24日龄
"[-28.18, -21.71)",88,0.09109730848861283,86,2,0.022727272727272728,0.48028889990590873,0.01692102676360238,0.002095030284486497,water_per_diff_前2天,0.0011782901118423512,22 - 24日龄
"[-21.71, inf)",829,0.8581780538302277,812,17,0.020506634499396863,0.5853757803178081,0.22622793314537853,0.027881532905624437,water_per_diff_前2天,0.0011071931932867991,22 - 24日龄
Special,0,0.0,0,0,0.0,0.0,0.0,0.0,water_per_diff_前2天,,22 - 24日龄
Missing,0,0.0,0,0,0.0,0.0,0.0,0.0,water_per_diff_前2天,,22 - 24日龄
,966,1.0,931,35,0.036231884057971016,,1.3214252295521933,0.13698462950660095,water_per_diff_前2天,,22 - 24日龄
"(-inf, -30.85)",49,0.050724637681159424,34,15,0.30612244897959184,-2.462600892273702,0.9654665152308284,0.09720470254209626,water_per_diff_前3天,0.0025578414096794327,22 - 24日龄
"[-30.85, -23.09)",107,0.11076604554865424,105,2,0.018691588785046728,0.6799019538099245,0.03782913126461234,0.004639616897447579,water_per_diff_前3天,0.0011992691471986467,22 - 24日龄
"[-23.09, -14.81)",219,0.2267080745341615,218,1,0.0045662100456621,2.103583847001435,0.4324661098991136,0.045879633397010844,water_per_diff_前3天,0.0010050884827879063,22 - 24日龄
"[-14.81, -7.67)",193,0.1997929606625259,190,3,0.015544041450777202,0.8675005677047225,0.10268374066708967,0.012447551047799803,water_per_diff_前3天,0.000988932691007066,22 - 24日龄
"[-7.67, 11.17)",349,0.3612836438923395,340,9,0.025787965616045846,0.35080982448633424,0.03790705514857705,0.0047142328864199605,water_per_diff_前3天,0.0011972407276549279,22 - 24日龄
"[11.17, inf)",49,0.050724637681159424,44,5,0.10204081632653061,-1.1061594943034931,0.1057445703469504,0.012582881976068366,water_per_diff_前3天,0.0015281954496926388,22 - 24日龄
Special,0,0.0,0,0,0.0,0.0,0.0,0.0,water_per_diff_前3天,,22 - 24日龄
Missing,0,0.0,0,0,0.0,0.0,0.0,0.0,water_per_diff_前3天,,22 - 24日龄
,966,1.0,931,35,0.036231884057971016,,1.6820971225571717,0.1774686187468428,water_per_diff_前3天,,22 - 24日龄
"(-inf, -29.43)",60,0.062111801242236024,51,9,0.15,-1.5463101603995473,0.3129160410518524,0.035631074977732415,water_per_diff_前5天,0.0016897720710438466,22 - 24日龄
"[-29.43, -13.05)",328,0.33954451345755693,317,11,0.03353658536585366,0.08009528529125642,0.0020991675199856777,0.0002623258234554166,water_per_diff_前5天,0.0011498964634808822,22 - 24日龄
"[-13.05, -3.04)",295,0.3053830227743271,286,9,0.030508474576271188,0.17785601769597958,0.008902352765448632,0.0011113297135456526,water_per_diff_前5天,0.001227560352379012,22 - 24日龄
"[-3.04, inf)",279,0.2888198757763975,273,6,0.021505376344086023,0.5368011101692511,0.06538479687775842,0.008076361856032211,water_per_diff_前5天,0.0011246094988622717,22 - 24日龄
Special,0,0.0,0,0,0.0,0.0,0.0,0.0,water_per_diff_前5天,,22 - 24日龄
Missing,4,0.004140786749482402,4,0,0.0,0.0,0.0,0.0,water_per_diff_前5天,0.0007260718718073,22 - 24日龄
,966,1.0,931,35,0.036231884057971016,,0.3893023582150451,0.0450810923707657,water_per_diff_前5天,,22 - 24日龄
"(-inf, -14.91)",49,0.050724637681159424,45,4,0.08163265306122448,-0.8605430871372244,0.056753324973389425,0.0068830676323822955,water_per_diff_前7天,0.0014436034330792612,22 - 24日龄
"[-14.91, -3.17)",295,0.3053830227743271,283,12,0.04067796610169491,-0.1203709679324163,0.004680374907791054,0.0005846939173464773,water_per_diff_前7天,0.0011540285618632496,22 - 24日龄
"[-3.17, 2.32)",245,0.2536231884057971,242,3,0.012244897959183673,1.109414221700923,0.19328355183661627,0.02299297454824007,water_per_diff_前7天,0.0010835424367886403,22 - 24日龄
"[2.32, 6.46)",148,0.15320910973084886,144,4,0.02702702702702703,0.30260772266845626,0.012221321559972045,0.0015218629817082968,water_per_diff_前7天,0.0011673842970368392,22 - 24日龄
"[6.46, 12.13)",139,0.14389233954451347,132,7,0.050359712230215826,-0.3440194422565961,0.020027769892918903,0.0024911986513334455,water_per_diff_前7天,0.0013213195234160547,22 - 24日龄
"[12.13, inf)",80,0.08281573498964803,75,5,0.0625,-0.5728610146854436,0.03568844130156359,0.004401039499092912,water_per_diff_前7天,0.0014352206565483312,22 - 24日龄
Special,0,0.0,0,0,0.0,0.0,0.0,0.0,water_per_diff_前7天,,22 - 24日龄
Missing,10,0.010351966873706004,10,0,0.0,0.0,0.0,0.0,water_per_diff_前7天,0.00094561726820621,22 - 24日龄
,966,1.0,931,35,0.036231884057971016,,0.3226547844722513,0.0388748372301035,water_per_diff_前7天,,22 - 24日龄
"(-inf, -11.93)",49,0.050724637681159424,46,3,0.061224489795918366,-0.5508821079666686,0.01999980155668462,0.0024688359290031114,water_per_shift_diff_前1天,0.0013591983147066141,22 - 24日龄
"[-11.93, -3.29)",167,0.17287784679089027,158,9,0.05389221556886228,-0.4155407600969063,0.03633192037796792,0.004509094660503549,water_per_shift_diff_前1天,0.001193759415461024,22 - 24日龄
"[-3.29, 6.04)",406,0.42028985507246375,391,15,0.03694581280788178,-0.02025385690449788,0.0001740395867196348,2.1754576502310864e-05,water_per_shift_diff_前1天,0.001262716439203238,22 - 24日龄
"[6.04, 8.56)",121,0.12525879917184266,119,2,0.01652892561983471,0.8050650967639306,0.05689933766602217,0.006926359676199607,water_per_shift_diff_前1天,0.001046181763181109,22 - 24日龄
"[8.56, 12.71)",113,0.11697722567287784,112,1,0.008849557522123894,1.4375876555074405,0.1318689428360209,0.01519637375201735,water_per_shift_diff_前1天,0.001137399267002054,22 - 24日龄
"[12.71, inf)",110,0.11387163561076605,105,5,0.045454545454545456,-0.23638877806423064,0.007109436934262566,0.0008866162510683187,water_per_shift_diff_前1天,0.0011237952842790518,22 - 24日龄
Special,0,0.0,0,0,0.0,0.0,0.0,0.0,water_per_shift_diff_前1天,,22 - 24日龄
Missing,0,0.0,0,0,0.0,0.0,0.0,0.0,water_per_shift_diff_前1天,,22 - 24日龄
,966,1.0,931,35,0.036231884057971016,,0.25238347895767776,0.030009034845294248,water_per_shift_diff_前1天,,22 - 24日龄
"(-inf, -5.10)",103,0.10662525879917184,92,11,0.10679611650485436,-1.1570179115369839,0.24929945548261964,0.02953283515620171,water_per_shift_diff_前2天,0.0017162803620682117,22 - 24日龄
"[-5.10, -2.96)",60,0.062111801242236024,56,4,0.06666666666666667,-0.6418538861723952,0.0347469772965507,0.004270317896942844,water_per_shift_diff_前2天,0.0011579245577206868,22 - 24日龄
"[-2.96, 3.20)",276,0.2857142857142857,265,11,0.03985507246376811,-0.09907666259980186,0.0029371814046772497,0.00036699758301840264,water_per_shift_diff_前2天,0.0011943772635557657,22 - 24日龄
"[3.20, 5.59)",125,0.12939958592132506,122,3,0.024,0.4244975402774931,0.019241456712900357,0.0023872845176516246,water_per_shift_diff_前2天,0.0011141836192121463,22 - 24日龄
"[5.59, 8.54)",166,0.17184265010351968,165,1,0.006024096385542169,1.8250342581129266,0.27130477048639,0.02987309940493537,water_per_shift_diff_前2天,0.0009955077870403325,22 - 24日龄
"[8.54, inf)",236,0.2443064182194617,231,5,0.0211864406779661,0.5520685823000395,0.0581124823473726,0.0071731960730795005,water_per_shift_diff_前2天,0.0011734122260936436,22 - 24日龄
Special,0,0.0,0,0,0.0,0.0,0.0,0.0,water_per_shift_diff_前2天,,22 - 24日龄
Missing,0,0.0,0,0,0.0,0.0,0.0,0.0,water_per_shift_diff_前2天,,22 - 24日龄
,966,1.0,931,35,0.036231884057971016,,0.6356423237305106,0.07360373063182946,water_per_shift_diff_前2天,,22 - 24日龄
"(-inf, -5.06)",155,0.16045548654244307,146,9,0.05806451612903226,-0.49452917141553643,0.049612271332127894,0.006139103263308632,water_per_shift_diff_前3天,0.001429326150041595,22 - 24日龄
"[-5.06, 0.50)",241,0.2494824016563147,229,12,0.04979253112033195,-0.33209586202141406,0.03217513077801454,0.004003510790450183,water_per_shift_diff_前3天,0.0012621139148363389,22 - 24日龄
"[0.50, 3.19)",122,0.12629399585921325,117,5,0.040983606557377046,-0.12817519342399786,0.0022027960201761137,0.00027516117038423743,water_per_shift_diff_前3天,0.001087306066863946,22 - 24日龄
"[3.19, 6.77)",171,0.17701863354037267,169,2,0.011695906432748537,1.1558403185754744,0.1437661749635231,0.017032808116564366,water_per_shift_diff_前3天,0.0010723464123191322,22 - 24日龄
"[6.77, 10.64)",139,0.14389233954451347,137,2,0.014388489208633094,0.945922529480526,0.08514318793820419,0.010263052371363924,water_per_shift_diff_前3天,0.0011303987142968872,22 - 24日龄
"[10.64, inf)",136,0.14078674948240166,131,5,0.03676470588235294,-0.015151805020602538,3.2549527434161704e-05,4.0686520097967145e-06,water_per_shift_diff_前3天,0.0011551466528836867,22 - 24日龄
Special,0,0.0,0,0,0.0,0.0,0.0,0.0,water_per_shift_diff_前3天,,22 - 24日龄
Missing,2,0.002070393374741201,2,0,0.0,0.0,0.0,0.0,water_per_shift_diff_前3天,0.0006950282152725501,22 - 24日龄
,966,1.0,931,35,0.036231884057971016,,0.31293211055948,0.03771770436408114,water_per_shift_diff_前3天,,22 - 24日龄
"(-inf, -15.30)",97,0.10041407867494824,93,4,0.041237113402061855,-0.13460608375428817,0.001937402279599849,0.00024199262021354535,water_per_shift_diff_前5天,0.0012710614876594566,22 - 24日龄
"[-15.30, -6.34)",306,0.3167701863354037,293,13,0.042483660130718956,-0.16568796423212317,0.0093966965751408,0.001173245356994635,water_per_shift_diff_前5天,0.001220685506816442,22 - 24日龄
"[-6.34, -5.09)",50,0.051759834368530024,44,6,0.12,-1.2884810510974474,0.1599875504907249,0.01872058433018633,water_per_shift_diff_前5天,0.001609188713288216,22 - 24日龄
"[-5.09, -3.81)",56,0.057971014492753624,53,3,0.05357142857142857,-0.40923159090364125,0.011780243433101599,0.0014623404795763711,water_per_shift_diff_前5天,0.0012556768445240785,22 - 24日龄
"[-3.81, 0.50)",208,0.2153209109730849,203,5,0.02403846153846154,0.422856850820033,0.03179374818195741,0.003944871492739557,water_per_shift_diff_前5天,0.0011358353524276153,22 - 24日龄
"[0.50, inf)",241,0.2494824016563147,237,4,0.016597510373443983,0.800854564227587,0.11234329332773677,0.013679269567105794,water_per_shift_diff_前5天,0.0011034184381899482,22 - 24日龄
Special,0,0.0,0,0,0.0,0.0,0.0,0.0,water_per_shift_diff_前5天,,22 - 24日龄
Missing,8,0.008281573498964804,8,0,0.0,0.0,0.0,0.0,water_per_shift_diff_前5天,0.0009469175813365625,22 - 24日龄
,966,1.0,931,35,0.036231884057971016,,0.32723893428826134,0.03922230384681623,water_per_shift_diff_前5天,,22 - 24日龄
"(-inf, -9.01)",67,0.06935817805383022,63,4,0.05970149253731343,-0.5240708505160114,0.024430370475182484,0.0030193223548671197,water_per_shift_diff_前7天,0.001308520827344327,22 - 24日龄
"[-9.01, -5.09)",114,0.11801242236024845,108,6,0.05263157894736842,-0.39053945789148914,0.021645366302041696,0.0026886061949377704,water_per_shift_diff_前7天,0.0013263421644087228,22 - 24日龄
"[-5.09, -3.52)",78,0.08074534161490683,76,2,0.02564102564102564,0.356674943938732,0.008734896586254667,0.0010861109954736518,water_per_shift_diff_前7天,0.0012445752965695896,22 - 24日龄
"[-3.52, 0.26)",255,0.2639751552795031,253,2,0.00784313725490196,1.5593310923799213,0.3346448466783119,0.038049028173012284,water_per_shift_diff_前7天,0.0010471548170301887,22 - 24日龄
"[0.26, 4.30)",256,0.2650103519668737,247,9,0.03515625,0.031252543504104224,0.0002551228041151404,3.1889052744816116e-05,water_per_shift_diff_前7天,0.001166599824964577,22 - 24日龄
"[4.30, inf)",183,0.18944099378881987,172,11,0.060109289617486336,-0.5313120117725711,0.06882516500512573,0.008503360865781975,water_per_shift_diff_前7天,0.0013156187056524366,22 - 24日龄
Special,0,0.0,0,0,0.0,0.0,0.0,0.0,water_per_shift_diff_前7天,,22 - 24日龄
Missing,13,0.013457556935817806,12,1,0.07692307692307693,-0.7960045659996533,0.012482993193979521,0.0015204411574914968,water_per_shift_diff_前7天,0.0011515364562195154,22 - 24日龄
,966,1.0,931,35,0.036231884057971016,,0.47101876104501117,0.05489875879430911,water_per_shift_diff_前7天,,22 - 24日龄
"(-inf, -32.95)",56,0.053691275167785234,50,6,0.10714285714285714,-0.11262122153501242,0.0007125977524550403,8.902767460998288e-05,water_per_diff,0.001671258616954741,25 - 27日龄
"[-32.95, -21.09)",127,0.12176414189837009,107,20,0.15748031496062992,-0.5557881968271883,0.04692613761653955,0.005791416869417761,water_per_diff,0.00215605963201203,25 - 27日龄
"[-21.09, -17.83)",53,0.05081495685522531,42,11,0.20754716981132076,-0.8931104122501057,0.05744924137573992,0.006951617595274944,water_per_diff,0.0023198143972785247,25 - 27日龄
"[-17.83, 7.83)",546,0.5234899328859061,488,58,0.10622710622710622,-0.10301236242837541,0.005790398712103518,0.0007234799822204915,water_per_diff,0.0016461880938805423,25 - 27日龄
"[7.83, 13.73)",114,0.10930009587727708,111,3,0.02631578947368421,1.378033154909121,0.12144802509841056,0.014083422524991255,water_per_diff,0.0011944666085165114,25 - 27日龄
"[13.73, inf)",147,0.14093959731543623,144,3,0.02040816326530612,1.6383162531727877,0.2017803898875231,0.022733191603672372,water_per_diff,0.0011281354371222387,25 - 27日龄
Special,0,0.0,0,0,0.0,0.0,0.0,0.0,water_per_diff,,25 - 27日龄
Missing,0,0.0,0,0,0.0,0.0,0.0,0.0,water_per_diff,,25 - 27日龄
,1043,1.0,942,101,0.09683604985618409,,0.4341067904427717,0.0503721562501868,water_per_diff,,25 - 27日龄
"(-inf, -6.44)",353,0.33844678811121764,307,46,0.13031161473087818,-0.3346784066370012,0.04335531481155583,0.005394262382564553,water_per_shift_diff,0.0018279965019743966,25 - 27日龄
"[-6.44, 0.58)",255,0.24448705656759348,229,26,0.10196078431372549,-0.0572592922023456,0.0008202940370372453,0.00010252274943694552,water_per_shift_diff,0.0017150493438020148,25 - 27日龄
"[0.58, 1.80)",53,0.05081495685522531,51,2,0.03773584905660377,1.005793694429277,0.03453709192260461,0.004143898679630059,water_per_shift_diff,0.0013095791130140132,25 - 27日龄
"[1.80, 3.63)",61,0.058485139022051776,60,1,0.01639344262295082,1.861459804486997,0.1001340236632029,0.010974282090193226,water_per_shift_diff,0.0011431301168407508,25 - 27日龄
"[3.63, 8.31)",138,0.13231064237775647,128,10,0.07246376811594203,0.316560413190468,0.01167196327039752,0.001452933825876834,water_per_shift_diff,0.0014282703252095493,25 - 27日龄
"[8.31, inf)",183,0.17545541706615533,167,16,0.08743169398907104,0.11252033244187043,0.0021228689404590704,0.00026521872031929055,water_per_shift_diff,0.001488107857349511,25 - 27日龄
Special,0,0.0,0,0,0.0,0.0,0.0,0.0,water_per_shift_diff,,25 - 27日龄
Missing,0,0.0,0,0,0.0,0.0,0.0,0.0,water_per_shift_diff,,25 - 27日龄
,1043,1.0,942,101,0.09683604985618409,,0.19264155664525717,0.022333118448020908,water_per_shift_diff,,25 - 27日龄
"(-inf, -21.02)",138,0.13231064237775647,115,23,0.16666666666666666,-0.6234468453010031,0.06586222953186169,0.00810198524940569,water_per_diff_前1天,0.002046207457496432,25 - 27日龄
"[-21.02, -15.49)",89,0.08533077660594439,77,12,0.1348314606741573,-0.3739859856694199,0.013863998775052497,0.00172297049523977,water_per_diff_前1天,0.0019846425836583985,25 - 27日龄
"[-15.49, 0.72)",362,0.34707574304889743,326,36,0.09944751381215469,-0.02950631482450561,0.00030578741688174496,3.822204057970114e-05,water_per_diff_前1天,0.0016195683348034892,25 - 27日龄
"[0.72, 7.84)",175,0.16778523489932887,161,14,0.08,0.20946227763410086,0.0067654409111600625,0.0008441375079872243,water_per_diff_前1天,0.0014878669184872845,25 - 27日龄
"[7.84, 13.41)",120,0.11505273250239693,116,4,0.03333333333333333,1.1344110722513707,0.09476676128580325,0.01124891580103083,water_per_diff_前1天,0.0013437679478395235,25 - 27日龄
"[13.41, inf)",159,0.15244487056567593,147,12,0.07547169811320754,0.2726411792556327,0.010152905111335743,0.0012651969711090349,water_per_diff_前1天,0.0014104503144804837,25 - 27日龄
Special,0,0.0,0,0,0.0,0.0,0.0,0.0,water_per_diff_前1天,,25 - 27日龄
Missing,0,0.0,0,0,0.0,0.0,0.0,0.0,water_per_diff_前1天,,25 - 27日龄
,1043,1.0,942,101,0.09683604985618409,,0.19171712303209498,0.02322142806535225,water_per_diff_前1天,,25 - 27日龄
"(-inf, -24.66)",77,0.0738255033557047,65,12,0.15584415584415584,-0.5434041376274665,0.02706682861634783,0.0033423309647335336,water_per_diff_前2天,0.0019247730072735586,25 - 27日龄
"[-24.66, -12.07)",175,0.16778523489932887,150,25,0.14285714285714285,-0.44112528850704846,0.03894654751276207,0.004829226300167272,water_per_diff_前2天,0.0018902820261166256,25 - 27日龄
"[-12.07, -2.10)",229,0.2195589645254075,207,22,0.09606986899563319,0.008791582171949752,1.6910087421609644e-05,2.113754120355556e-06,water_per_diff_前2天,0.0014857426994708005,25 - 27日龄
"[-2.10, 2.37)",119,0.11409395973154363,112,7,0.058823529411764705,0.5397039645046777,0.026763398967155076,0.003305404773761917,water_per_diff_前2天,0.0015201082375329523,25 - 27日龄
"[2.37, 4.62)",58,0.05560882070949185,57,1,0.017241379310344827,1.8101665100994468,0.09160992775145399,0.010106146011938785,water_per_diff_前2天,0.0012753685156628536,25 - 27日龄
"[4.62, inf)",385,0.3691275167785235,351,34,0.08831168831168831,0.10154094111460088,0.003653219833882802,0.00045645639931509926,water_per_diff_前2天,0.0016027995123979973,25 - 27日龄
Special,0,0.0,0,0,0.0,0.0,0.0,0.0,water_per_diff_前2天,,25 - 27日龄
Missing,0,0.0,0,0,0.0,0.0,0.0,0.0,water_per_diff_前2天,,25 - 27日龄
,1043,1.0,942,101,0.09683604985618409,,0.18805683276902335,0.022041678204036963,water_per_diff_前2天,,25 - 27日龄
"(-inf, -15.47)",199,0.19079578139980824,168,31,0.15577889447236182,-0.5429079828169907,0.06981076981546602,0.008620731021005905,water_per_diff_前3天,0.001976739643283605,25 - 27日龄
"[-15.47, 13.71)",713,0.6836049856184084,649,64,0.08976157082748948,0.08366487560931457,0.004626357555870206,0.0005781260887510742,water_per_diff_前3天,0.001552211866752015,25 - 27日龄
"[13.71, 17.44)",61,0.058485139022051776,56,5,0.08196721311475409,0.18302902056594572,0.0018198635035566223,0.00022716594415164802,water_per_diff_前3天,0.0017969611286677328,25 - 27日龄
"[17.44, inf)",70,0.06711409395973154,69,1,0.014285714285714285,2.0012217468621563,0.12677222959721482,0.013639404624516157,water_per_diff_前3天,0.0011638734557289558,25 - 27日龄
Special,0,0.0,0,0,0.0,0.0,0.0,0.0,water_per_diff_前3天,,25 - 27日龄
Missing,0,0.0,0,0,0.0,0.0,0.0,0.0,water_per_diff_前3天,,25 - 27日龄
,1043,1.0,942,101,0.09683604985618409,,0.20302922047210767,0.02306542767842478,water_per_diff_前3天,,25 - 27日龄
"(-inf, -26.79)",73,0.06999041227229147,56,17,0.2328767123287671,-1.0407464110561704,0.11330486352735718,0.013556635550516248,water_per_diff_前5天,0.002243331793937333,25 - 27日龄
"[-26.79, -5.84)",473,0.4534995206136146,429,44,0.09302325581395349,0.04438252727465253,0.0008774624645647642,0.0001096738067008305,water_per_diff_前5天,0.0015742708346806501,25 - 27日龄
"[-5.84, -2.91)",85,0.08149568552253116,82,3,0.03529411764705882,1.07522220086104,0.06165954392274529,0.007356384443184573,water_per_diff_前5天,0.0012156695897382695,25 - 27日龄
"[-2.91, -1.37)",54,0.05177372962607862,51,3,0.05555555555555555,0.6003285863211127,0.014670323970450346,0.0018067403292805154,water_per_diff_前5天,0.0015731124865717852,25 - 27日龄
"[-1.37, 10.75)",264,0.25311601150527324,240,24,0.09090909090909091,0.06970033525894248,0.0011955912966155184,0.00014941866762132206,water_per_diff_前5天,0.0016860173245836886,25 - 27日龄
"[10.75, inf)",94,0.09012464046021093,84,10,0.10638297872340426,-0.10465305188583551,0.0010295690290843405,0.00012863743104346397,water_per_diff_前5天,0.0015893843819498584,25 - 27日龄
Special,0,0.0,0,0,0.0,0.0,0.0,0.0,water_per_diff_前5天,,25 - 27日龄
Missing,0,0.0,0,0,0.0,0.0,0.0,0.0,water_per_diff_前5天,,25 - 27日龄
,1043,1.0,942,101,0.09683604985618409,,0.19273735421081745,0.023107490228346954,water_per_diff_前5天,,25 - 27日龄
"(-inf, -32.52)",53,0.05081495685522531,40,13,0.24528301886792453,-1.108954661082704,0.09564736865784482,0.011378643794861431,water_per_diff_前7天,0.0021650978012739035,25 - 27日龄
"[-32.52, -26.78)",75,0.07190795781399809,67,8,0.10666666666666667,-0.10763368002397344,0.0008699659449920712,0.00010869328099392733,water_per_diff_前7天,0.0015944405576769445,25 - 27日龄
"[-26.78, -23.16)",71,0.06807286673058485,70,1,0.014084507042253521,2.015610484314256,0.1298234328464585,0.01394047671904516,water_per_diff_前7天,0.0011340289470335746,25 - 27日龄
"[-23.16, -9.79)",439,0.42090124640460214,405,34,0.0774487471526196,0.2446417847552742,0.022825724950837355,0.002846121683564573,water_per_diff_前7天,0.0014857819262115717,25 - 27日龄
"[-9.79, 0.63)",283,0.2713326941514861,253,30,0.10600706713780919,-0.10069265066973854,0.0028649282689346698,0.0003579648210209358,water_per_diff_前7天,0.0017539159438990477,25 - 27日龄
"[0.63, inf)",120,0.11505273250239693,105,15,0.125,-0.2869746086797902,0.010632375770913584,0.001324505130414183,water_per_diff_前7天,0.00187905284889521,25 - 27日龄
Special,0,0.0,0,0,0.0,0.0,0.0,0.0,water_per_diff_前7天,,25 - 27日龄
Missing,2,0.0019175455417066154,2,0,0.0,0.0,0.0,0.0,water_per_diff_前7天,0.0011159603134877501,25 - 27日龄
,1043,1.0,942,101,0.09683604985618409,,0.262663796439981,0.02995640542990021,water_per_diff_前7天,,25 - 27日龄
"(-inf, -10.50)",186,0.17833173537871524,162,24,0.12903225806451613,-0.32334225285066487,0.0212271731864503,0.0026418978534786825,water_per_shift_diff_前1天,0.0018708454072037166,25 - 27日龄
"[-10.50, -1.32)",310,0.2972195589645254,278,32,0.1032258064516129,-0.07099954684419307,0.0015417487942244552,0.0001926781310586604,water_per_shift_diff_前1天,0.0017970946251353078,25 - 27日龄
"[-1.32, 1.87)",134,0.12847555129434324,122,12,0.08955223880597014,0.08622963721015298,0.0009226395354305722,0.00011529422430796429,water_per_shift_diff_前1天,0.0014171635870510485,25 - 27日龄
"[1.87, 4.02)",73,0.06999041227229147,71,2,0.0273972602739726,1.3366479387462666,0.07427695079093892,0.00864983528175762,water_per_shift_diff_前1天,0.0012423672645435274,25 - 27日龄
"[4.02, 6.07)",81,0.07766059443911794,76,5,0.06172839506172839,0.48841067011712713,0.015225936469355264,0.0018845478080755339,water_per_shift_diff_前1天,0.0014083908490805307,25 - 27日龄
"[6.07, inf)",259,0.2483221476510067,233,26,0.10038610038610038,-0.03994284219088495,0.0004026106836208902,5.032299021204712e-05,water_per_shift_diff_前1天,0.0015113322450714475,25 - 27日龄
Special,0,0.0,0,0,0.0,0.0,0.0,0.0,water_per_shift_diff_前1天,,25 - 27日龄
Missing,0,0.0,0,0,0.0,0.0,0.0,0.0,water_per_shift_diff_前1天,,25 - 27日龄
,1043,1.0,942,101,0.09683604985618409,,0.11359705946002041,0.013534576288890508,water_per_shift_diff_前1天,,25 - 27日龄
"(-inf, 1.87)",553,0.5302013422818792,497,56,0.10126582278481013,-0.04964642237362371,0.0013332346299700481,0.00016663721568301298,water_per_shift_diff_前2天,0.0016468033308202205,25 - 27日龄
"[1.87, 3.99)",77,0.0738255033557047,75,2,0.025974025974025976,1.3914561752412618,0.08323113969958607,0.009638255835251726,water_per_shift_diff_前2天,0.0012665987031224922,25 - 27日龄
"[3.99, 5.00)",54,0.05177372962607862,50,4,0.07407407407407407,0.2928438865731522,0.003945953023762174,0.0004914891755359789,water_per_shift_diff_前2天,0.001532961043468969,25 - 27日龄
"[5.00, 8.47)",149,0.14285714285714285,133,16,0.10738255033557047,-0.11512435175313085,0.0019832336142122497,0.00024776739130117145,water_per_shift_diff_前2天,0.0015919231036528303,25 - 27日龄
"[8.47, inf)",210,0.20134228187919462,187,23,0.10952380952380952,-0.1372703568096667,0.004009525988249814,0.0005007976183600566,water_per_shift_diff_前2天,0.0017285582851512985,25 - 27日龄
Special,0,0.0,0,0,0.0,0.0,0.0,0.0,water_per_shift_diff_前2天,,25 - 27日龄
Missing,0,0.0,0,0,0.0,0.0,0.0,0.0,water_per_shift_diff_前2天,,25 - 27日龄
,1043,1.0,942,101,0.09683604985618409,,0.09450308695578036,0.011044947236131945,water_per_shift_diff_前2天,,25 - 27日龄
"(-inf, -13.31)",61,0.058485139022051776,53,8,0.13114754098360656,-0.3420343858628174,0.007847859665957526,0.0009762284751498656,water_per_shift_diff_前3天,0.0015859016926112787,25 - 27日龄
"[-13.31, -3.95)",210,0.20134228187919462,189,21,0.1,-0.035660180398883856,0.00025974338374667994,3.2466202753358465e-05,water_per_shift_diff_前3天,0.0015925764711748253,25 - 27日龄
"[-3.95, -2.44)",69,0.06615532118887824,67,2,0.028985507246376812,1.2786606810959174,0.06562506680321376,0.007686333667696409,water_per_shift_diff_前3天,0.0013162598357167826,25 - 27日龄
"[-2.44, 4.49)",300,0.28763183125599234,275,25,0.08333333333333333,0.16501051506326725,0.007327672596143689,0.0009149213137021085,water_per_shift_diff_前3天,0.00162556369304454,25 - 27日龄
"[4.49, inf)",403,0.38638542665388304,358,45,0.11166253101736973,-0.15901426110472272,0.010415766698247177,0.0013006008595940373,water_per_shift_diff_前3天,0.0016910965806043704,25 - 27日龄
Special,0,0.0,0,0,0.0,0.0,0.0,0.0,water_per_shift_diff_前3天,,25 - 27日龄
Missing,0,0.0,0,0,0.0,0.0,0.0,0.0,water_per_shift_diff_前3天,,25 - 27日龄
,1043,1.0,942,101,0.09683604985618409,,0.09147610914730882,0.010910550518895779,water_per_shift_diff_前3天,,25 - 27日龄
"(-inf, -7.00)",65,0.062320230105465,52,13,0.2,-0.8465903966152128,0.06223385291382144,0.007554937637377062,water_per_shift_diff_前5天,0.00238480431694514,25 - 27日龄
"[-7.00, -3.67)",86,0.08245445829338446,73,13,0.1511627906976744,-0.507374674048249,0.025986806947900183,0.0032139507528018297,water_per_shift_diff_前5天,0.0018836818937363628,25 - 27日龄
"[-3.67, 2.91)",311,0.2981783317353787,280,31,0.09967845659163987,-0.03208235905099999,0.0003109030191190243,3.8861210780003104e-05,water_per_shift_diff_前5天,0.0016028080092226333,25 - 27日龄
"[2.91, 9.84)",393,0.37679769894535,359,34,0.08651399491094147,0.12407710613701406,0.005517754893377329,0.0006892772720363989,water_per_shift_diff_前5天,0.001565155948332633,25 - 27日龄
"[9.84, 13.51)",99,0.09491850431447747,92,7,0.0707070707070707,0.3429936702586236,0.009726481704796683,0.001209885317851234,water_per_shift_diff_前5天,0.0015027704006723424,25 - 27日龄
"[13.51, inf)",89,0.08533077660594439,86,3,0.033707865168539325,1.1228502498502948,0.0691587570591613,0.00821753221169656,water_per_shift_diff_前5天,0.0012564185288213001,25 - 27日龄
Special,0,0.0,0,0,0.0,0.0,0.0,0.0,water_per_shift_diff_前5天,,25 - 27日龄
Missing,0,0.0,0,0,0.0,0.0,0.0,0.0,water_per_shift_diff_前5天,,25 - 27日龄
,1043,1.0,942,101,0.09683604985618409,,0.17293455653817597,0.02092444440254309,water_per_shift_diff_前5天,,25 - 27日龄
"(-inf, -16.44)",73,0.06999041227229147,64,9,0.1232876712328767,-0.27122625171165105,0.005741414632310286,0.000715485099006069,water_per_shift_diff_前7天,0.0015228080942364657,25 - 27日龄
"[-16.44, -3.13)",413,0.3959731543624161,367,46,0.11138014527845036,-0.1561643061696283,0.01028325427416621,0.0012841022253367862,water_per_shift_diff_前7天,0.0017505649568122447,25 - 27日龄
"[-3.13, 0.91)",190,0.18216682646212848,171,19,0.1,-0.035660180398883856,0.00023500591862795104,2.9374183443504724e-05,water_per_shift_diff_前7天,0.0016733825526300816,25 - 27日龄
"[0.91, 2.90)",83,0.07957813998082454,75,8,0.0963855421686747,0.005161814121370956,2.115897823605335e-06,2.644869343225713e-07,water_per_shift_diff_前7天,0.0015924588574099854,25 - 27日龄
"[2.90, 6.28)",105,0.10067114093959731,104,1,0.009523809523809525,2.411506141406269,0.24236217153440906,0.024590051918384717,water_per_shift_diff_前7天,0.0011350454391796715,25 - 27日龄
"[6.28, inf)",175,0.16778523489932887,157,18,0.10285714285714286,-0.0670107102829598,0.0007740511088790794,9.673828941087316e-05,water_per_shift_diff_前7天,0.0016197673436040682,25 - 27日龄
Special,0,0.0,0,0,0.0,0.0,0.0,0.0,water_per_shift_diff_前7天,,25 - 27日龄
Missing,4,0.003835091083413231,4,0,0.0,0.0,0.0,0.0,water_per_shift_diff_前7天,0.001069969076335475,25 - 27日龄
,1043,1.0,942,101,0.09683604985618409,,0.2593980133662162,0.026716016202516273,water_per_shift_diff_前7天,,25 - 27日龄
"(-inf, -47.51)",82,0.07334525939177101,35,47,0.573170731707317,-1.5292553612716566,0.22341232920957038,0.025488397683186538,water_per_diff,0.004460495059574239,28 - 30日龄
"[-47.51, -38.39)",73,0.06529516994633273,39,34,0.4657534246575342,-1.097254699537527,0.09862782811928646,0.011745002889830203,water_per_diff,0.004421632501407286,28 - 30日龄
"[-38.39, -24.20)",201,0.17978533094812166,137,64,0.31840796019900497,-0.4733579785825589,0.045333323034089774,0.0056143461911250525,water_per_diff,0.002897811740083629,28 - 30日龄
"[-24.20, -11.74)",262,0.23434704830053668,208,54,0.20610687022900764,0.11409821208603144,0.0029550345261476416,0.0003691790824139991,water_per_diff,0.002443367357542359,28 - 30日龄
"[-11.74, 7.60)",322,0.2880143112701252,278,44,0.13664596273291926,0.6089756587213639,0.08916194805282923,0.010976156913197796,water_per_diff,0.0018810334597776936,28 - 30日龄
"[7.60, inf)",178,0.1592128801431127,169,9,0.05056179775280899,1.698218316535842,0.270756846409088,0.030286474877775665,water_per_diff,0.0014255116005525803,28 - 30日龄
Special,0,0.0,0,0,0.0,0.0,0.0,0.0,water_per_diff,,28 - 30日龄
Missing,0,0.0,0,0,0.0,0.0,0.0,0.0,water_per_diff,,28 - 30日龄
,1118,1.0,866,252,0.22540250447227192,,0.7302473093510115,0.08447955763752926,water_per_diff,,28 - 30日龄
"(-inf, -22.53)",80,0.07155635062611806,47,33,0.4125,-0.8808157808074335,0.06754083395666813,0.008179850352495181,water_per_shift_diff,0.003471345883706155,28 - 30日龄
"[-22.53, -11.92)",160,0.14311270125223613,109,51,0.31875,-0.47493357154619376,0.036339495480398595,0.004500220978266384,water_per_shift_diff,0.0029334942023760834,28 - 30日龄
"[-11.92, 6.39)",591,0.5286225402504472,468,123,0.20812182741116753,0.10182811949421722,0.005327694693651606,0.0006656742634766188,water_per_shift_diff,0.0024660857315405298,28 - 30日龄
"[6.39, 14.30)",174,0.1556350626118068,147,27,0.15517241379310345,0.4601398997233954,0.02880618474843757,0.0035693394866260775,water_per_shift_diff,0.0020795804045919816,28 - 30日龄
"[14.30, 19.50)",57,0.050983899821109124,51,6,0.10526315789473684,0.9056103424452588,0.031770559687675975,0.0038409432655355184,water_per_shift_diff,0.0015474833540990562,28 - 30日龄
"[19.50, inf)",56,0.05008944543828265,44,12,0.21428571428571427,0.06482716307924896,0.00020675109747038634,2.5839362696409196e-05,water_per_shift_diff,0.0020717689619238196,28 - 30日龄
Special,0,0.0,0,0,0.0,0.0,0.0,0.0,water_per_shift_diff,,28 - 30日龄
Missing,0,0.0,0,0,0.0,0.0,0.0,0.0,water_per_shift_diff,,28 - 30日龄
,1118,1.0,866,252,0.22540250447227192,,0.16999151966430226,0.02078186770909619,water_per_shift_diff,,28 - 30日龄
"(-inf, -38.17)",119,0.10644007155635063,61,58,0.48739495798319327,-1.18402496742412,0.18911238619696066,0.022348287106104186,water_per_diff_前1天,0.00416706453213205,28 - 30日龄
"[-38.17, -22.64)",222,0.19856887298747763,153,69,0.3108108108108108,-0.43812440425583576,0.04255728363125119,0.005277517786811344,water_per_diff_前1天,0.0030647372669281134,28 - 30日龄
"[-22.64, -9.41)",273,0.2441860465116279,212,61,0.22344322344322345,0.011256589447689036,3.084534114941049e-05,3.855647287330272e-06,water_per_diff_前1天,0.0023568325041006207,28 - 30日龄
"[-9.41, 7.24)",313,0.27996422182468694,260,53,0.16932907348242812,0.3559338964123939,0.03200325761301731,0.00397942309221324,water_per_diff_前1天,0.0020972441015311076,28 - 30日龄
"[7.24, 13.01)",66,0.059033989266547404,64,2,0.030303030303030304,2.2312800817487144,0.1471897249571763,0.015335038341858797,water_per_diff_前1天,0.0014651272872684925,28 - 30日龄
"[13.01, inf)",125,0.11180679785330948,116,9,0.072,1.3219097927191334,0.1298576841907364,0.015144826759842835,water_per_diff_前1天,0.0015823406634185744,28 - 30日龄
Special,0,0.0,0,0,0.0,0.0,0.0,0.0,water_per_diff_前1天,,28 - 30日龄
Missing,0,0.0,0,0,0.0,0.0,0.0,0.0,water_per_diff_前1天,,28 - 30日龄
,1118,1.0,866,252,0.22540250447227192,,0.5407511819302913,0.06208894873411773,water_per_diff_前1天,,28 - 30日龄
"(-inf, -30.34)",166,0.148479427549195,98,68,0.40963855421686746,-0.8689960475565466,0.13615195231704533,0.01650293133749811,water_per_diff_前2天,0.003706495650995203,28 - 30日龄
"[-30.34, -22.65)",117,0.10465116279069768,79,38,0.3247863247863248,-0.5025941283103762,0.029939347428584662,0.0037035201927740676,water_per_diff_前2天,0.0031497775802202294,28 - 30日龄
"[-22.65, -15.27)",149,0.13327370304114491,111,38,0.2550335570469799,-0.16251177946506368,0.0036757127435002777,0.0004589591561979514,water_per_diff_前2天,0.0024229496408717226,28 - 30日龄
"[-15.27, 4.92)",440,0.3935599284436494,359,81,0.18409090909090908,0.2544174127648282,0.023691624794745198,0.002953491793330213,water_per_diff_前2天,0.002262902849118323,28 - 30日龄
"[4.92, 18.18)",175,0.15652951699463327,153,22,0.12571428571428572,0.7049396469831075,0.0630024142873572,0.007716183980827605,water_per_diff_前2天,0.0018282379671148018,28 - 30日龄
"[18.18, inf)",70,0.0626118067978533,66,4,0.05714285714285714,1.568904559855523,0.09466684649445327,0.010751844586443586,water_per_diff_前2天,0.0015079203657479702,28 - 30日龄
Special,0,0.0,0,0,0.0,0.0,0.0,0.0,water_per_diff_前2天,,28 - 30日龄
Missing,1,0.0008944543828264759,0,1,0.0,0.0,0.0,0.0,water_per_diff_前2天,0.0046009389671361,28 - 30日龄
,1118,1.0,866,252,0.22540250447227192,,0.35112789806568595,0.042086931047071535,water_per_diff_前2天,,28 - 30日龄
"(-inf, -34.34)",56,0.05008944543828265,33,23,0.4107142857142857,-0.8734424755136813,0.04643535137335372,0.0056266732426434665,water_per_diff_前3天,0.0039062201652836407,28 - 30日龄
"[-34.34, -13.21)",319,0.2853309481216458,219,100,0.31347962382445144,-0.45055427722260255,0.06485213422466177,0.008038637917859331,water_per_diff_前3天,0.0028121037456074927,28 - 30日龄
"[-13.21, 4.92)",416,0.37209302325581395,330,86,0.20673076923076922,0.11028953715600642,0.004388697994165654,0.0005483093809385935,water_per_diff_前3天,0.0024639342691539336,28 - 30日龄
"[4.92, 8.00)",66,0.059033989266547404,56,10,0.15151515151515152,0.4883107766900916,0.012199266626866734,0.0015099362465395656,water_per_diff_前3天,0.0022439477462455246,28 - 30日龄
"[8.00, 12.28)",84,0.07513416815742398,79,5,0.05952380952380952,1.525554118981909,0.10889824620358235,0.012429006526874337,water_per_diff_前3天,0.001523860169243249,28 - 30日龄
"[12.28, inf)",175,0.15652951699463327,149,26,0.14857142857142858,0.5113939468729651,0.03522523648866533,0.004355792905394762,water_per_diff_前3天,0.0019688781310119707,28 - 30日龄
Special,0,0.0,0,0,0.0,0.0,0.0,0.0,water_per_diff_前3天,,28 - 30日龄
Missing,2,0.0017889087656529517,0,2,0.0,0.0,0.0,0.0,water_per_diff_前3天,0.0045657276995304495,28 - 30日龄
,1118,1.0,866,252,0.22540250447227192,,0.27199893291129557,0.032508356220250056,water_per_diff_前3天,,28 - 30日龄
"(-inf, -12.16)",278,0.24865831842576028,198,80,0.28776978417266186,-0.3282154250303583,0.02915304721025543,0.0036278616097778493,water_per_diff_前5天,0.002696624303794475,28 - 30日龄
"[-12.16, -1.93)",259,0.23166368515205724,202,57,0.22007722007722008,0.03076060851564244,0.00021735061004399408,2.71677551581639e-05,water_per_diff_前5天,0.002288260528837203,28 - 30日龄
"[-1.93, 1.69)",102,0.09123434704830054,88,14,0.13725490196078433,0.6038236638119359,0.027812765628494357,0.003424724408453492,water_per_diff_前5天,0.002192516699119313,28 - 30日龄
"[1.69, 4.74)",87,0.0778175313059034,71,16,0.1839080459770115,0.25563533375052216,0.004727740235240972,0.0005893636277421455,water_per_diff_前5天,0.0023333857560601094,28 - 30日龄
"[4.74, 11.84)",181,0.16189624329159213,147,34,0.1878453038674033,0.2296162411115632,0.007996459879613805,0.000997367411998169,water_per_diff_前5天,0.0025286823340292548,28 - 30日龄
"[11.84, inf)",208,0.18604651162790697,160,48,0.23076923076923078,-0.03048301672507603,0.00017432276143230341,2.178950155571095e-05,water_per_diff_前5天,0.0025257243490448794,28 - 30日龄
Special,0,0.0,0,0,0.0,0.0,0.0,0.0,water_per_diff_前5天,,28 - 30日龄
Missing,3,0.0026833631484794273,0,3,0.0,0.0,0.0,0.0,water_per_diff_前5天,0.006197183098591501,28 - 30日龄
,1118,1.0,866,252,0.22540250447227192,,0.07008168632508086,0.00868827431468553,water_per_diff_前5天,,28 - 30日龄
"(-inf, -18.72)",161,0.1440071556350626,118,43,0.2670807453416149,-0.22497131227890965,0.007733672351975789,0.0009646755570866927,water_per_diff_前7天,0.0024786775204519215,28 - 30日龄
"[-18.72, -13.06)",124,0.11091234347048301,91,33,0.2661290322580645,-0.22010387600064196,0.005694428332690098,0.0007103701866337285,water_per_diff_前7天,0.002656733472105988,28 - 30日龄
"[-13.06, -5.95)",194,0.1735241502683363,153,41,0.211340206185567,0.08241003363711563,0.0011517586907199833,0.00014392911022278153,water_per_diff_前7天,0.0023737421954937734,28 - 30日龄
"[-5.95, -4.10)",61,0.05456171735241502,55,6,0.09836065573770492,0.9811178949534038,0.038951232825049927,0.004682561978408781,water_per_diff_前7天,0.0021501403593123607,28 - 30日龄
"[-4.10, -1.78)",72,0.06440071556350627,57,15,0.20833333333333334,0.10054524568132805,0.0006330380859184041,7.909644632170232e-05,water_per_diff_前7天,0.0024345416343988973,28 - 30日龄
"[-1.78, inf)",503,0.44991055456171736,392,111,0.220675944333996,0.0272758174271166,0.00033221123722128706,4.152511743350752e-05,water_per_diff_前7天,0.002498113096853401,28 - 30日龄
Special,0,0.0,0,0,0.0,0.0,0.0,0.0,water_per_diff_前7天,,28 - 30日龄
Missing,3,0.0026833631484794273,0,3,0.0,0.0,0.0,0.0,water_per_diff_前7天,0.006197183098591501,28 - 30日龄
,1118,1.0,866,252,0.22540250447227192,,0.054496341523575485,0.0066221583961071934,water_per_diff_前7天,,28 - 30日龄
"(-inf, -23.02)",61,0.05456171735241502,36,25,0.4098360655737705,-0.8698127074631027,0.05013244727845093,0.006076192344292951,water_per_shift_diff_前1天,0.0031394481749063294,28 - 30日龄
"[-23.02, -12.64)",151,0.13506261180679785,103,48,0.31788079470198677,-0.4709278437292672,0.033689493274594536,0.0041726994467116,water_per_shift_diff_前1天,0.0031797033389492657,28 - 30日龄
"[-12.64, -4.65)",263,0.23524150268336314,204,59,0.22433460076045628,0.006126728887484889,8.815356458586944e-06,1.1019178338873316e-06,water_per_shift_diff_前1天,0.0024478713415872046,28 - 30日龄
"[-4.65, 6.39)",376,0.3363148479427549,303,73,0.19414893617021275,0.18881754330996614,0.011367191264371556,0.001418791914347189,water_per_shift_diff_前1天,0.0023743782449762887,28 - 30日龄
"[6.39, 10.70)",93,0.08318425760286226,83,10,0.10752688172043011,0.8817996937515404,0.04952223801559294,0.005997208930289743,water_per_shift_diff_前1天,0.0017920149487155152,28 - 30日龄
"[10.70, inf)",173,0.1547406082289803,137,36,0.20809248554913296,0.10200616632100301,0.0015649246895172028,0.00019553082067849756,water_per_shift_diff_前1天,0.0022609234616802324,28 - 30日龄
Special,0,0.0,0,0,0.0,0.0,0.0,0.0,water_per_shift_diff_前1天,,28 - 30日龄
Missing,1,0.0008944543828264759,0,1,0.0,0.0,0.0,0.0,water_per_shift_diff_前1天,0.0046009389671361,28 - 30日龄
,1118,1.0,866,252,0.22540250447227192,,0.14628510987898574,0.017861525374153867,water_per_shift_diff_前1天,,28 - 30日龄
"(-inf, -14.65)",208,0.18604651162790697,143,65,0.3125,-0.44599846068674165,0.04139288840660064,0.005131649468261262,water_per_shift_diff_前2天,0.002986755101700712,28 - 30日龄
"[-14.65, -3.61)",382,0.3416815742397138,285,97,0.25392670157068065,-0.1566776192857442,0.008745952739006812,0.0010921272621781247,water_per_shift_diff_前2天,0.0026559625487380233,28 - 30日龄
"[-3.61, 0.58)",170,0.1520572450805009,139,31,0.18235294117647058,0.26603090759453374,0.009974086687279943,0.0012430972836129789,water_per_shift_diff_前2天,0.0023471868838803056,28 - 30日龄
"[0.58, 2.36)",65,0.05813953488372093,62,3,0.046153846153846156,1.7940662753259697,0.10708561211186302,0.011837423167670221,water_per_shift_diff_前2天,0.0016997002098585292,28 - 30日龄
"[2.36, 11.35)",189,0.16905187835420393,162,27,0.14285714285714285,0.557303648177043,0.04454200223387949,0.005496797897217159,water_per_shift_diff_前2天,0.0019362627659552773,28 - 30日龄
"[11.35, inf)",102,0.09123434704830054,75,27,0.2647058823529412,-0.2128045735190307,0.004370532728987015,0.0005452880705947467,water_per_shift_diff_前2天,0.002452802519909472,28 - 30日龄
Special,0,0.0,0,0,0.0,0.0,0.0,0.0,water_per_shift_diff_前2天,,28 - 30日龄
Missing,2,0.0017889087656529517,0,2,0.0,0.0,0.0,0.0,water_per_shift_diff_前2天,0.0045657276995304495,28 - 30日龄
,1118,1.0,866,252,0.22540250447227192,,0.21611107490761694,0.025346383149534493,water_per_shift_diff_前2天,,28 - 30日龄
"(-inf, -13.13)",185,0.16547406082289803,127,58,0.31351351351351353,-0.45071174513884016,0.03763779300657199,0.004665302467572251,water_per_shift_diff_前3天,0.0030852498550249575,28 - 30日龄
"[-13.13, -6.57)",198,0.1771019677996422,146,52,0.26262626262626265,-0.2020929179241029,0.007630620824144054,0.0009522077522588317,water_per_shift_diff_前3天,0.0027904371223458264,28 - 30日龄
"[-6.57, -1.32)",209,0.18694096601073346,160,49,0.23444976076555024,-0.051102303927811565,0.0004950248840838811,6.187137841819155e-05,water_per_shift_diff_前3天,0.0026711874727560693,28 - 30日龄
"[-1.32, 1.73)",129,0.11538461538461539,107,22,0.17054263565891473,0.34733056005257823,0.012592467608490057,0.0015661937004635001,water_per_shift_diff_前3天,0.0020679309450546916,28 - 30日龄
"[1.73, 3.84)",75,0.06708407871198568,69,6,0.08,1.2078912143181924,0.06748144032482589,0.007957103952162719,water_per_shift_diff_前3天,0.0015746562170333492,28 - 30日龄
"[3.84, inf)",319,0.2853309481216458,257,62,0.19435736677115986,0.1874858787991165,0.009512095614134571,0.0011872735523163255,water_per_shift_diff_前3天,0.0021491730444265313,28 - 30日龄
Special,0,0.0,0,0,0.0,0.0,0.0,0.0,water_per_shift_diff_前3天,,28 - 30日龄
Missing,3,0.0026833631484794273,0,3,0.0,0.0,0.0,0.0,water_per_shift_diff_前3天,0.006197183098591501,28 - 30日龄
,1118,1.0,866,252,0.22540250447227192,,0.13534944226225046,0.016389952803191818,water_per_shift_diff_前3天,,28 - 30日龄
"(-inf, -6.40)",242,0.21645796064400716,180,62,0.256198347107438,-0.16863335520589295,0.006438345960150203,0.000803841012435972,water_per_shift_diff_前5天,0.0025197174468883986,28 - 30日龄
"[-6.40, -0.38)",261,0.2334525939177102,196,65,0.24904214559386972,-0.1307284317161319,0.004132137917344286,0.0005161497520081446,water_per_shift_diff_前5天,0.0027235584900097884,28 - 30日龄
"[-0.38, 1.23)",84,0.07513416815742398,80,4,0.047619047619047616,1.761276452502979,0.13474775308382703,0.014956473175383537,water_per_shift_diff_前5天,0.0016049074968279356,28 - 30日龄
"[1.23, 4.67)",145,0.129695885509839,118,27,0.18620689655172415,0.24039193741032383,0.006999204380224703,0.0008727999906210258,water_per_shift_diff_前5天,0.0023998290183235823,28 - 30日龄
"[4.67, 14.54)",302,0.2701252236135957,234,68,0.2251655629139073,0.0013575891305825927,4.976682175237746e-07,6.220852242823382e-08,water_per_shift_diff_前5天,0.002445968907433218,28 - 30日龄
"[14.54, inf)",81,0.07245080500894455,58,23,0.2839506172839506,-0.3095070264337423,0.007519549168553194,0.0009362097939301806,water_per_shift_diff_前5天,0.0025915312234183236,28 - 30日龄
Special,0,0.0,0,0,0.0,0.0,0.0,0.0,water_per_shift_diff_前5天,,28 - 30日龄
Missing,3,0.0026833631484794273,0,3,0.0,0.0,0.0,0.0,water_per_shift_diff_前5天,0.006197183098591501,28 - 30日龄
,1118,1.0,866,252,0.22540250447227192,,0.15983748817831692,0.018085535932901287,water_per_shift_diff_前5天,,28 - 30日龄
"(-inf, 5.67)",715,0.6395348837209303,539,176,0.24615384615384617,-0.1152242451801666,0.00875829291326935,0.0010941813878591368,water_per_shift_diff_前7天,0.002532370448658267,28 - 30日龄
"[5.67, 7.26)",91,0.08139534883720931,72,19,0.2087912087912088,0.0977713187986029,0.0007571461965689678,9.460559604175024e-05,water_per_shift_diff_前7天,0.0024631137567207484,28 - 30日龄
"[7.26, 8.54)",62,0.055456171735241505,55,7,0.11290322580645161,0.8269672151261458,0.02954970097672975,0.0035919332427947637,water_per_shift_diff_前7天,0.002143910919028447,28 - 30日龄
"[8.54, 10.40)",80,0.07155635062611806,65,15,0.1875,0.23188124774241503,0.003602026420721011,0.0004492472721195524,water_per_shift_diff_前7天,0.002587876427136136,28 - 30日龄
"[10.40, inf)",167,0.14937388193202147,135,32,0.19161676646706588,0.20508305458769094,0.0059279294894385584,0.0007396953528390655,water_per_shift_diff_前7天,0.002259063777058835,28 - 30日龄
Special,0,0.0,0,0,0.0,0.0,0.0,0.0,water_per_shift_diff_前7天,,28 - 30日龄
Missing,3,0.0026833631484794273,0,3,0.0,0.0,0.0,0.0,water_per_shift_diff_前7天,0.006197183098591501,28 - 30日龄
,1118,1.0,866,252,0.22540250447227192,,0.048595095996727636,0.0059696628516542685,water_per_shift_diff_前7天,,28 - 30日龄
