Bin,Count,Count (%),Non-event,Event,Event rate,WoE,IV,JS,feature,MORTALITY_RATE,Age_interval
"(-inf, -13.57)",105,0.1255980861244019,78,27,0.2571428571428571,0.1336705037049446,0.0021778905423915874,0.0002720338209857287,water_per_diff,0.0008487402668424972,13 - 15日龄
"[-13.57, -8.92)",59,0.07057416267942583,52,7,0.11864406779661017,1.0781321125457959,0.06175054209272744,0.00736543949969937,water_per_diff,0.0006398558349149847,13 - 15日龄
"[-8.92, -2.50)",146,0.17464114832535885,113,33,0.22602739726027396,0.3036788002655424,0.015003931341705327,0.001868317845171101,water_per_diff,0.0008477659095972749,13 - 15日龄
"[-2.50, 5.81)",217,0.2595693779904306,157,60,0.2764976958525346,0.03469978614588898,0.00031017961454134695,3.8770506728654733e-05,water_per_diff,0.0008855234189632151,13 - 15日龄
"[5.81, 17.86)",222,0.26555023923444976,149,73,0.32882882882882886,-0.21371459218325028,0.012666642566231116,0.0015803239805084624,water_per_diff,0.000986272127172768,13 - 15日龄
"[17.86, inf)",87,0.10406698564593302,50,37,0.42528735632183906,-0.6260963641963966,0.04548320198895092,0.005594322194376547,water_per_diff,0.0013031325839322563,13 - 15日龄
Special,0,0.0,0,0,0.0,0.0,0.0,0.0,water_per_diff,,13 - 15日龄
Missing,0,0.0,0,0,0.0,0.0,0.0,0.0,water_per_diff,,13 - 15日龄
,836,1.0,599,237,0.2834928229665072,,0.13739238814654775,0.016719207847469865,water_per_diff,,13 - 15日龄
"(-inf, -8.97)",48,0.05741626794258373,35,13,0.2708333333333333,0.0631972470475588,0.0002261448511243059,2.826340317285637e-05,water_per_shift_diff,0.0008631897846248125,13 - 15日龄
"[-8.97, -4.46)",89,0.10645933014354067,66,23,0.25842696629213485,0.12695906911695753,0.001667889970648172,0.00020834633793509211,water_per_shift_diff,0.0007614958299370776,13 - 15日龄
"[-4.46, 1.03)",152,0.18181818181818182,115,37,0.24342105263157895,0.20681275873870741,0.007418063632759934,0.0009256089704717529,water_per_shift_diff,0.0008217582747787164,13 - 15日龄
"[1.03, 2.40)",49,0.05861244019138756,42,7,0.14285714285714285,0.8645580122477368,0.03508462563174356,0.004253901677640487,water_per_shift_diff,0.0008959136023098715,13 - 15日龄
"[2.40, 6.84)",167,0.19976076555023922,115,52,0.31137724550898205,-0.13351304719849566,0.003661280000730772,0.0004573203808818805,water_per_shift_diff,0.0009185096765445182,13 - 15日龄
"[6.84, inf)",331,0.39593301435406697,226,105,0.31722054380664655,-0.16062680786555572,0.010560005056312076,0.0013185834060544938,water_per_shift_diff,0.0010384356351669272,13 - 15日龄
Special,0,0.0,0,0,0.0,0.0,0.0,0.0,water_per_shift_diff,,13 - 15日龄
Missing,0,0.0,0,0,0.0,0.0,0.0,0.0,water_per_shift_diff,,13 - 15日龄
,836,1.0,599,237,0.2834928229665072,,0.05861800914331883,0.007192024176156563,water_per_shift_diff,,13 - 15日龄
"(-inf, -7.49)",257,0.30741626794258375,200,57,0.22178988326848248,0.3280646417331683,0.030635820287374972,0.0038123963818818656,water_per_diff_前1天,0.0008222271202577853,13 - 15日龄
"[-7.49, 3.20)",313,0.37440191387559807,231,82,0.26198083067092653,0.10849700627722214,0.004302033968953069,0.0005374906417614077,water_per_diff_前1天,0.0009104680601120721,13 - 15日龄
"[3.20, 6.31)",86,0.10287081339712918,60,26,0.3023255813953488,-0.09095343277969947,0.0008674862322134158,0.00010839841790049546,water_per_diff_前1天,0.0009177407290687675,13 - 15日龄
"[6.31, 9.84)",60,0.07177033492822966,28,32,0.5333333333333333,-1.060732849604841,0.0936378075361035,0.01118511602386073,water_per_diff_前1天,0.0011764014747334133,13 - 15日龄
"[9.84, inf)",120,0.14354066985645933,80,40,0.3333333333333333,-0.2340542764203729,0.008243495714389412,0.001028091355170348,water_per_diff_前1天,0.0010777325843656558,13 - 15日龄
Special,0,0.0,0,0,0.0,0.0,0.0,0.0,water_per_diff_前1天,,13 - 15日龄
Missing,0,0.0,0,0,0.0,0.0,0.0,0.0,water_per_diff_前1天,,13 - 15日龄
,836,1.0,599,237,0.2834928229665072,,0.1376866437390344,0.016671492820574847,water_per_diff_前1天,,13 - 15日龄
"(-inf, -20.60)",64,0.07655502392344497,46,18,0.28125,0.011068181612612027,9.355830698938801e-06,1.1694728679712083e-06,water_per_diff_前2天,0.000850147360670014,13 - 15日龄
"[-20.60, -14.73)",76,0.09090909090909091,60,16,0.21052631578947367,0.3945543830020013,0.012884724326742031,0.001600224278936661,water_per_diff_前2天,0.0008050773230890566,13 - 15日龄
"[-14.73, -12.00)",48,0.05741626794258373,46,2,0.041666666666666664,2.2082927589488315,0.15094970473179253,0.015778794166900187,water_per_diff_前2天,0.0005632542684902417,13 - 15日龄
"[-12.00, -6.88)",124,0.14832535885167464,101,23,0.18548387096774194,0.5524248439317916,0.039535910162133814,0.0048800921183482435,water_per_diff_前2天,0.0007339215794294016,13 - 15日龄
"[-6.88, 7.00)",394,0.47129186602870815,270,124,0.3147208121827411,-0.14906106358698035,0.010800293738901562,0.0013487882402299645,water_per_diff_前2天,0.000982356514515289,13 - 15日龄
"[7.00, inf)",112,0.1339712918660287,66,46,0.4107142857142857,-0.5661881114429875,0.04750838446291545,0.005860476597032323,water_per_diff_前2天,0.0011723170650490456,13 - 15日龄
Special,0,0.0,0,0,0.0,0.0,0.0,0.0,water_per_diff_前2天,,13 - 15日龄
Missing,18,0.0215311004784689,10,8,0.4444444444444444,-0.7040579056661085,0.012011779460305249,0.0014712097055443376,water_per_diff_前2天,0.0012856004250101833,13 - 15日龄
,836,1.0,599,237,0.2834928229665072,,0.2737001527134896,0.03094075457985969,water_per_diff_前2天,,13 - 15日龄
"(-inf, -17.23)",74,0.08851674641148326,55,19,0.25675675675675674,0.13569274908571227,0.001580945788605254,0.00019746675260132185,water_per_diff_前3天,0.0008015952050967013,13 - 15日龄
"[-17.23, -9.10)",162,0.1937799043062201,135,27,0.16666666666666666,0.6822364554537821,0.07603632776279551,0.00932439923133081,water_per_diff_前3天,0.0007572854688346333,13 - 15日龄
"[-9.10, -7.56)",42,0.050239234449760764,38,4,0.09523809523809523,1.3240903416261771,0.06165153707761198,0.0071886247542408905,water_per_diff_前3天,0.0006536898673018167,13 - 15日龄
"[-7.56, -6.47)",44,0.05263157894736842,41,3,0.06818181818181818,1.6877583210558802,0.09415866037462275,0.01054578168032732,water_per_diff_前3天,0.0006155236792982729,13 - 15日龄
"[-6.47, 4.68)",333,0.39832535885167464,237,96,0.2882882882882883,-0.02348950731302324,0.0002208920089240596,2.761086634815767e-05,water_per_diff_前3天,0.000967094045168727,13 - 15日龄
"[4.68, inf)",145,0.173444976076555,73,72,0.496551724137931,-0.9134081348479824,0.16617422778272398,0.02007852579442459,water_per_diff_前3天,0.0012144915652109421,13 - 15日龄
Special,0,0.0,0,0,0.0,0.0,0.0,0.0,water_per_diff_前3天,,13 - 15日龄
Missing,36,0.0430622009569378,20,16,0.4444444444444444,-0.7040579056661085,0.024023558920610498,0.002942419411088675,water_per_diff_前3天,0.0011235186830052056,13 - 15日龄
,836,1.0,599,237,0.2834928229665072,,0.423846149715894,0.05030482849036176,water_per_diff_前3天,,13 - 15日龄
"(-inf, -8.22)",164,0.19617224880382775,118,46,0.2804878048780488,0.014841770996251502,4.307326310697607e-05,5.3841084717534855e-06,water_per_diff_前5天,0.0009469044920607268,13 - 15日龄
"[-8.22, -6.41)",47,0.056220095693779906,42,5,0.10638297872340426,1.2010302488689497,0.05887428063565169,0.00694659662577914,water_per_diff_前5天,0.0007058698688252148,13 - 15日龄
"[-6.41, 3.13)",379,0.4533492822966507,282,97,0.2559366754617414,0.1399946354544126,0.008609941760546599,0.0010753647161881649,water_per_diff_前5天,0.0009127782993924445,13 - 15日龄
"[3.13, 9.21)",91,0.10885167464114832,64,27,0.2967032967032967,-0.06415523962497549,0.00045417479077717454,5.676211472718253e-05,water_per_diff_前5天,0.0008629786172677905,13 - 15日龄
"[9.21, inf)",75,0.08971291866028708,50,25,0.3333333333333333,-0.2340542764203729,0.005152184821493384,0.0006425570969814613,water_per_diff_前5天,0.0009988874397505586,13 - 15日龄
Special,0,0.0,0,0,0.0,0.0,0.0,0.0,water_per_diff_前5天,,13 - 15日龄
Missing,80,0.09569377990430622,43,37,0.4625,-0.7769192539309805,0.0655190247322309,0.007989923701791812,water_per_diff_前5天,0.0010908470734248162,13 - 15日龄
,836,1.0,599,237,0.2834928229665072,,0.1386526800038067,0.016716588363939515,water_per_diff_前5天,,13 - 15日龄
"(-inf, -0.02)",286,0.34210526315789475,217,69,0.24125874125874125,0.21858939196288185,0.015548527997021635,0.0019397057972802556,water_per_diff_前7天,0.0008710720693402378,13 - 15日龄
"[-0.02, 0.04)",61,0.0729665071770335,56,5,0.08196721311475409,1.488712321320731,0.10777101446301605,0.012350720586987437,water_per_diff_前7天,0.0006283731979702,13 - 15日龄
"[0.04, 0.41)",69,0.08253588516746412,59,10,0.14492753623188406,0.8477508939313554,0.04773126022409589,0.0057939259831258985,water_per_diff_前7天,0.0006806006734599173,13 - 15日龄
"[0.41, 3.90)",153,0.18301435406698566,119,34,0.2222222222222222,0.32556151151504986,0.017972468641430844,0.0022366894698398893,water_per_diff_前7天,0.0008547223031699883,13 - 15日龄
"[3.90, 11.06)",91,0.10885167464114832,55,36,0.3956043956043956,-0.5033872102039574,0.030243017658330356,0.0037409618786203754,water_per_diff_前7天,0.0011207302284819845,13 - 15日龄
"[11.06, inf)",45,0.05382775119617225,17,28,0.6222222222222222,-1.4261926230993058,0.12801907959224906,0.014770652509001348,water_per_diff_前7天,0.0015590101719349424,13 - 15日龄
Special,0,0.0,0,0,0.0,0.0,0.0,0.0,water_per_diff_前7天,,13 - 15日龄
Missing,131,0.15669856459330145,76,55,0.4198473282442748,-0.6038013019264581,0.06351348479299393,0.00782074045413152,water_per_diff_前7天,0.0010518574789233678,13 - 15日龄
,836,1.0,599,237,0.2834928229665072,,0.4107988533691378,0.04865339667898672,water_per_diff_前7天,,13 - 15日龄
"(-inf, -4.46)",173,0.2069377990430622,125,48,0.2774566473988439,0.029911269414092168,0.00018393904185247116,2.299152314840544e-05,water_per_shift_diff_前1天,0.0009384613721925189,13 - 15日龄
"[-4.46, 2.76)",272,0.3253588516746411,197,75,0.2757352941176471,0.03851415822135984,0.00047856818398088745,5.9817325982672916e-05,water_per_shift_diff_前1天,0.0009176549740238265,13 - 15日龄
"[2.76, 3.93)",52,0.06220095693779904,47,5,0.09615384615384616,1.3135082322956397,0.07535210613903408,0.00879540680432202,water_per_shift_diff_前1天,0.0006901333652682788,13 - 15日龄
"[3.93, 4.99)",42,0.050239234449760764,31,11,0.2619047619047619,0.10889047470645741,0.0005814119159745479,7.264060514593912e-05,water_per_shift_diff_前1天,0.000813801545568243,13 - 15日龄
"[4.99, 11.08)",154,0.18421052631578946,107,47,0.3051948051948052,-0.10452022422847063,0.002057081820575408,0.0002570182469691295,water_per_shift_diff_前1天,0.000978086757550172,13 - 15日龄
"[11.08, inf)",125,0.14952153110047847,82,43,0.344,-0.28168232540962734,0.012546067239809482,0.0015630941638084053,water_per_shift_diff_前1天,0.0009547026838769104,13 - 15日龄
Special,0,0.0,0,0,0.0,0.0,0.0,0.0,water_per_shift_diff_前1天,,13 - 15日龄
Missing,18,0.0215311004784689,10,8,0.4444444444444444,-0.7040579056661085,0.012011779460305249,0.0014712097055443376,water_per_shift_diff_前1天,0.0012856004250101833,13 - 15日龄
,836,1.0,599,237,0.2834928229665072,,0.10321095380153213,0.01224217837492091,water_per_shift_diff_前1天,,13 - 15日龄
"(-inf, -11.11)",43,0.05143540669856459,26,17,0.3953488372093023,-0.502318263015052,0.014227803974158931,0.0017600102762932307,water_per_shift_diff_前2天,0.0010618941896297605,13 - 15日龄
"[-11.11, -5.42)",120,0.14354066985645933,75,45,0.375,-0.4163758332143276,0.02692483357570302,0.0033415008876157004,water_per_shift_diff_前2天,0.0009853695083590483,13 - 15日龄
"[-5.42, -4.46)",42,0.050239234449760764,32,10,0.23809523809523808,0.23594935282536267,0.0026493048780571586,0.0003303970523693563,water_per_shift_diff_前2天,0.0008885222158103547,13 - 15日龄
"[-4.46, -3.21)",46,0.05502392344497608,41,5,0.10869565217391304,1.1769326972898893,0.05572819390392311,0.006589910195265485,water_per_shift_diff_前2天,0.0006570251999050348,13 - 15日龄
"[-3.21, 3.96)",348,0.41626794258373206,257,91,0.2614942528735632,0.1110151213980517,0.005004802497464346,0.000625279254944747,water_per_shift_diff_前2天,0.000926099151588856,13 - 15日龄
"[3.96, inf)",201,0.24043062200956938,148,53,0.263681592039801,0.09971890323167498,0.0023383855572103084,0.00029217714765674384,water_per_shift_diff_前2天,0.0009002513098068935,13 - 15日龄
Special,0,0.0,0,0,0.0,0.0,0.0,0.0,water_per_shift_diff_前2天,,13 - 15日龄
Missing,36,0.0430622009569378,20,16,0.4444444444444444,-0.7040579056661085,0.024023558920610498,0.002942419411088675,water_per_shift_diff_前2天,0.0011235186830052056,13 - 15日龄
,836,1.0,599,237,0.2834928229665072,,0.13089688330712737,0.015881694225233937,water_per_shift_diff_前2天,,13 - 15日龄
"(-inf, -8.10)",92,0.11004784688995216,71,21,0.22826086956521738,0.29095598233757425,0.008706360199277383,0.001084472448763604,water_per_shift_diff_前3天,0.0008568537596477656,13 - 15日龄
"[-8.10, -4.31)",112,0.1339712918660287,89,23,0.20535714285714285,0.425940696822672,0.021950664172739852,0.002723277648608269,water_per_shift_diff_前3天,0.0007734701918382527,13 - 15日龄
"[-4.31, -2.67)",68,0.08133971291866028,58,10,0.14705882352941177,0.8306564605720554,0.04538204678822555,0.005515093030842284,water_per_shift_diff_前3天,0.0007726495199536559,13 - 15日龄
"[-2.67, 6.50)",372,0.4449760765550239,264,108,0.2903225806451613,-0.033383580958221803,0.000499473284977511,6.243126159238268e-05,water_per_shift_diff_前3天,0.0009476232048320503,13 - 15日龄
"[6.50, 9.22)",59,0.07057416267942583,41,18,0.3050847457627119,-0.1040011481721751,0.0007802119059428613,9.748255909150364e-05,water_per_shift_diff_前3天,0.0010196713532138204,13 - 15日龄
"[9.22, inf)",75,0.08971291866028708,45,30,0.4,-0.5217363488721538,0.02684702372104762,0.0033183260941078204,water_per_shift_diff_前3天,0.001070488332664212,13 - 15日龄
Special,0,0.0,0,0,0.0,0.0,0.0,0.0,water_per_shift_diff_前3天,,13 - 15日龄
Missing,58,0.06937799043062201,31,27,0.46551724137931033,-0.7890511184995008,0.049056198952379095,0.005977742157871342,water_per_shift_diff_前3天,0.0011062781433076828,13 - 15日龄
,836,1.0,599,237,0.2834928229665072,,0.15322197902458987,0.018778825200877206,water_per_shift_diff_前3天,,13 - 15日龄
"(-inf, -11.61)",59,0.07057416267942583,32,27,0.4576271186440678,-0.7573024201849208,0.045818068700776135,0.005594207135270129,water_per_shift_diff_前5天,0.0012547906427903966,13 - 15日龄
"[-11.61, -6.96)",128,0.15311004784688995,90,38,0.296875,-0.06497794637643894,0.0006554413418359748,8.191575743378247e-05,water_per_shift_diff_前5天,0.001005597255380793,13 - 15日龄
"[-6.96, -0.11)",224,0.2679425837320574,170,54,0.24107142857142858,0.21961293350566913,0.012289153820143527,0.0015330646529808055,water_per_shift_diff_前5天,0.0008549999813036249,13 - 15日龄
"[-0.11, 4.23)",161,0.19258373205741627,126,35,0.21739130434782608,0.35373238848174626,0.022168854281200693,0.0027567491060501784,water_per_shift_diff_前5天,0.0008412365588146392,13 - 15日龄
"[4.23, 6.37)",54,0.0645933014354067,49,5,0.09259259259259259,1.3551809286962082,0.0822675573459558,0.009562374669690506,water_per_shift_diff_前5天,0.0006167905582031741,13 - 15日龄
"[6.37, inf)",101,0.12081339712918661,71,30,0.297029702970297,-0.06571896160115809,0.0005291292316316505,6.61292539217307e-05,water_per_shift_diff_前5天,0.0009360872677495963,13 - 15日龄
Special,0,0.0,0,0,0.0,0.0,0.0,0.0,water_per_shift_diff_前5天,,13 - 15日龄
Missing,109,0.1303827751196172,61,48,0.44036697247706424,-0.6875286037148981,0.06923086571926816,0.008487343983868346,water_per_shift_diff_前5天,0.001078595334393601,13 - 15日龄
,836,1.0,599,237,0.2834928229665072,,0.23295907044081193,0.028081784559215478,water_per_shift_diff_前5天,,13 - 15日龄
"(-inf, -0.02)",242,0.2894736842105263,182,60,0.24793388429752067,0.18246066787437654,0.009246226444131667,0.0011541777174326334,water_per_shift_diff_前7天,0.0008284440662155282,13 - 15日龄
"[-0.02, 0.05)",85,0.10167464114832536,71,14,0.16470588235294117,0.6964210904457386,0.04140860945776349,0.005073948289065723,water_per_shift_diff_前7天,0.0007865902216198364,13 - 15日龄
"[0.05, 0.17)",46,0.05502392344497608,42,4,0.08695652173913043,1.4241738001831594,0.07582190839714799,0.008750095831666777,water_per_shift_diff_前7天,0.0007590237712424717,13 - 15日龄
"[0.17, 4.63)",178,0.21291866028708134,131,47,0.2640449438202247,0.097848264510775,0.0019946949380766953,0.0002492374472810232,water_per_shift_diff_前7天,0.0009585836710801787,13 - 15日龄
"[4.63, 10.14)",88,0.10526315789473684,60,28,0.3181818181818182,-0.16506140493342147,0.002967228822933379,0.00037048311862803145,water_per_shift_diff_前7天,0.001036356458355924,13 - 15日龄
"[10.14, inf)",42,0.050239234449760764,26,16,0.38095238095238093,-0.44169364119861737,0.010646968859362425,0.001320157047769342,water_per_shift_diff_前7天,0.0010687467834164905,13 - 15日龄
Special,0,0.0,0,0,0.0,0.0,0.0,0.0,water_per_shift_diff_前7天,,13 - 15日龄
Missing,155,0.1854066985645933,87,68,0.43870967741935485,-0.6808010435018412,0.09645436760249171,0.011829219621231454,water_per_shift_diff_前7天,0.0010719562645099586,13 - 15日龄
,836,1.0,599,237,0.2834928229665072,,0.23854000452190735,0.028747319073074984,water_per_shift_diff_前7天,,13 - 15日龄
"(-inf, -15.68)",52,0.06557377049180328,28,24,0.46153846153846156,-0.6214977222444309,0.027616016652511278,0.0033974963276285648,water_per_diff,0.0013564651995638213,16 - 18日龄
"[-15.68, 1.90)",269,0.33921815889029006,193,76,0.2825278810408922,0.15630844654686538,0.008039378075802685,0.0010039004828886425,water_per_diff,0.001007053905376032,16 - 18日龄
"[1.90, 3.65)",47,0.05926860025220681,37,10,0.2127659574468085,0.5326844175784898,0.014989719890606492,0.0018518715991532753,water_per_diff,0.0008387685274709277,16 - 18日龄
"[3.65, 5.61)",45,0.05674653215636822,38,7,0.15555555555555556,0.9160276085993834,0.03845628980779291,0.004645718053222029,water_per_diff,0.0008105980736001111,16 - 18日龄
"[5.61, 14.70)",197,0.2484237074401009,136,61,0.3096446700507614,0.026132619491051834,0.00016882730971383154,2.110281324255907e-05,water_per_diff,0.0010634925003375386,16 - 18日龄
"[14.70, inf)",183,0.23076923076923078,111,72,0.39344262295081966,-0.34278431977541035,0.02864995132354918,0.0035638129448026627,water_per_diff,0.001246524232285554,16 - 18日龄
Special,0,0.0,0,0,0.0,0.0,0.0,0.0,water_per_diff,,16 - 18日龄
Missing,0,0.0,0,0,0.0,0.0,0.0,0.0,water_per_diff,,16 - 18日龄
,793,1.0,543,250,0.31525851197982346,,0.11792018305997637,0.014483902220937733,water_per_diff,,16 - 18日龄
"(-inf, -10.39)",159,0.2005044136191677,109,50,0.31446540880503143,0.003676474729308654,2.708268677206928e-06,3.385333939824478e-07,water_per_shift_diff,0.0011197739783199245,16 - 18日龄
"[-10.39, -4.21)",183,0.23076923076923078,131,52,0.28415300546448086,0.14830520254803525,0.004931489387122142,0.0006158718704104057,water_per_shift_diff,0.0011109516293202305,16 - 18日龄
"[-4.21, -2.86)",41,0.05170239596469105,35,6,0.14634146341463414,0.9879401901896697,0.03996882154343769,0.00480234741007195,water_per_shift_diff,0.0008544445485452732,16 - 18日龄
"[-2.86, -1.26)",51,0.06431273644388398,39,12,0.23529411764705882,0.4030065942699571,0.009600908477856654,0.0011920574593308397,water_per_shift_diff,0.0008501328474346666,16 - 18日龄
"[-1.26, 5.40)",257,0.3240857503152585,171,86,0.3346303501945525,-0.08833214182253668,0.0025689524560985303,0.0003210146996803177,water_per_shift_diff,0.001060809408769659,16 - 18日龄
"[5.40, inf)",102,0.12862547288776796,58,44,0.43137254901960786,-0.4993950254435311,0.03455114606972847,0.00427456585865831,water_per_shift_diff,0.0012018573688192607,16 - 18日龄
Special,0,0.0,0,0,0.0,0.0,0.0,0.0,water_per_shift_diff,,16 - 18日龄
Missing,0,0.0,0,0,0.0,0.0,0.0,0.0,water_per_shift_diff,,16 - 18日龄
,793,1.0,543,250,0.31525851197982346,,0.0916240262029207,0.011206195831545807,water_per_shift_diff,,16 - 18日龄
"(-inf, -12.16)",42,0.05296343001261034,16,26,0.6190476190476191,-1.2611562178533897,0.09399910579919409,0.011028301623906223,water_per_diff_前1天,0.001490550271553524,16 - 18日龄
"[-12.16, 9.88)",389,0.4905422446406053,279,110,0.2827763496143959,0.1550830139572602,0.0114470114169558,0.0014294442476097506,water_per_diff_前1天,0.0010053865975977654,16 - 18日龄
"[9.88, 11.48)",41,0.05170239596469105,36,5,0.12195121951219512,1.1984326239503207,0.055485444136484444,0.0065483155680289935,water_per_diff_前1天,0.0007894605728930781,16 - 18日龄
"[11.48, 14.15)",65,0.08196721311475409,51,14,0.2153846153846154,0.517119901037378,0.019610558015030737,0.0024243666804035866,water_per_diff_前1天,0.000829642237025217,16 - 18日龄
"[14.15, 23.22)",173,0.21815889029003782,116,57,0.32947976878612717,-0.0651094787998745,0.0009357539089396329,0.00011694858211372134,water_per_diff_前1天,0.0010172782761997087,16 - 18日龄
"[23.22, inf)",83,0.10466582597730138,45,38,0.4578313253012048,-0.6065720720277552,0.04193055118901255,0.005162417030218193,water_per_diff_前1天,0.0016743664283467206,16 - 18日龄
Special,0,0.0,0,0,0.0,0.0,0.0,0.0,water_per_diff_前1天,,16 - 18日龄
Missing,0,0.0,0,0,0.0,0.0,0.0,0.0,water_per_diff_前1天,,16 - 18日龄
,793,1.0,543,250,0.31525851197982346,,0.22340842446561726,0.026709793732280468,water_per_diff_前1天,,16 - 18日龄
"(-inf, -13.26)",52,0.06557377049180328,22,30,0.5769230769230769,-1.0858033303755286,0.0863043678434766,0.010287490645786726,water_per_diff_前2天,0.0015418561925367943,16 - 18日龄
"[-13.26, 3.99)",289,0.3644388398486759,210,79,0.27335640138408307,0.20201127617875791,0.01429034464194928,0.0017832619291622796,water_per_diff_前2天,0.0009567104090623868,16 - 18日龄
"[3.99, 5.75)",41,0.05170239596469105,38,3,0.07317073170731707,1.763325468986587,0.10224040343567903,0.011345393185101735,water_per_diff_前2天,0.0006562452988894147,16 - 18日龄
"[5.75, 15.05)",223,0.2812105926860025,156,67,0.3004484304932735,0.06951498578688198,0.0013411399467833755,0.00016760874715168305,water_per_diff_前2天,0.001026823279881414,16 - 18日龄
"[15.05, 19.10)",78,0.09836065573770492,51,27,0.34615384615384615,-0.13965963535169235,0.001966037297658079,0.0002455551318291311,water_per_diff_前2天,0.0009677824554968859,16 - 18日龄
"[19.10, inf)",108,0.13619167717528374,65,43,0.39814814814814814,-0.36246124786961437,0.018954787466861075,0.0023564630110142135,water_per_diff_前2天,0.001522640133065813,16 - 18日龄
Special,0,0.0,0,0,0.0,0.0,0.0,0.0,water_per_diff_前2天,,16 - 18日龄
Missing,2,0.0025220680958385876,1,1,0.5,-0.7756484020716891,0.0016741435123904596,0.00020417491571746117,water_per_diff_前2天,0.00123451865126605,16 - 18日龄
,793,1.0,543,250,0.31525851197982346,,0.2267712241447979,0.026389947565763232,water_per_diff_前2天,,16 - 18日龄
"(-inf, -20.27)",42,0.05296343001261034,19,23,0.5476190476190477,-0.9667036388343984,0.05511100892036396,0.006632574630503476,water_per_diff_前3天,0.0014307670647703643,16 - 18日龄
"[-20.27, -13.73)",68,0.08575031525851198,46,22,0.3235294117647059,-0.03804945894090994,0.00012500964042464572,1.5625262495671047e-05,water_per_diff_前3天,0.0011088595269928662,16 - 18日龄
"[-13.73, -6.04)",113,0.1424968474148802,84,29,0.25663716814159293,0.2878725667851506,0.011139555015266265,0.0013876561810506772,water_per_diff_前3天,0.0008479068407507442,16 - 18日龄
"[-6.04, -3.08)",71,0.08953341740226986,61,10,0.14084507042253522,1.0326403691075763,0.07470002522752414,0.008943558107957066,water_per_diff_前3天,0.000868987687081176,16 - 18日龄
"[-3.08, 19.04)",432,0.544766708701135,295,137,0.31712962962962965,-0.008653971559994256,4.0863320588997655e-05,5.10789913463097e-06,water_per_diff_前3天,0.0010331933657326238,16 - 18日龄
"[19.04, inf)",59,0.07440100882723834,35,24,0.4067796610169492,-0.3983541709302212,0.012565396389857873,0.0015603710815981463,water_per_diff_前3天,0.0017510519640991712,16 - 18日龄
Special,0,0.0,0,0,0.0,0.0,0.0,0.0,water_per_diff_前3天,,16 - 18日龄
Missing,8,0.01008827238335435,3,5,0.625,-1.2864740258376797,0.018621889213782987,0.0021794265474770623,water_per_diff_前3天,0.001537102359943625,16 - 18日龄
,793,1.0,543,250,0.31525851197982346,,0.17230374772780888,0.02072431971021673,water_per_diff_前3天,,16 - 18日龄
"(-inf, -20.60)",62,0.07818411097099622,39,23,0.3709677419354839,-0.24758097187119232,0.004995390658970136,0.0006228339168573328,water_per_diff_前5天,0.0010976681348770468,16 - 18日龄
"[-20.60, -14.49)",82,0.1034047919293821,67,15,0.18292682926829268,0.720994016217067,0.045702788283962154,0.005592239293430881,water_per_diff_前5天,0.0009345775072253464,16 - 18日龄
"[-14.49, -11.76)",41,0.05170239596469105,37,4,0.0975609756097561,1.4489751494526448,0.07554951092321047,0.008695581279718975,water_per_diff_前5天,0.000667221298772139,16 - 18日龄
"[-11.76, -6.44)",131,0.16519546027742749,108,23,0.17557251908396945,0.770988609123381,0.08241484867027168,0.010054053446439854,water_per_diff_前5天,0.0008196604118249908,16 - 18日龄
"[-6.44, 6.65)",331,0.41740226986128626,224,107,0.32326283987915405,-0.036831184678555284,0.0005700354991502373,7.125041019937937e-05,water_per_diff_前5天,0.0010176010310041588,16 - 18日龄
"[6.65, inf)",109,0.13745271122320302,56,53,0.48623853211009177,-0.7205886248886619,0.07844993950077,0.009599440637725502,water_per_diff_前5天,0.0016247163326150202,16 - 18日龄
Special,0,0.0,0,0,0.0,0.0,0.0,0.0,water_per_diff_前5天,,16 - 18日龄
Missing,37,0.04665825977301387,12,25,0.6756756756756757,-1.5096175771518894,0.11760004330299252,0.013446052677347088,water_per_diff_前5天,0.0016651971197394811,16 - 18日龄
,793,1.0,543,250,0.31525851197982346,,0.40528255683932723,0.04808145166171901,water_per_diff_前5天,,16 - 18日龄
"(-inf, -11.01)",152,0.19167717528373265,113,39,0.2565789473684211,0.2881777705110048,0.015014964057637855,0.0018704028803592128,water_per_diff_前7天,0.0009505365922045685,16 - 18日龄
"[-11.01, -9.05)",56,0.07061790668348046,49,7,0.125,1.1702617469836243,0.07283640147524599,0.008618175078543107,water_per_diff_前7天,0.0008053675297836375,16 - 18日龄
"[-9.05, -6.42)",81,0.1021437578814628,63,18,0.2222222222222222,0.477114566423679,0.02100358489096063,0.002600825944606597,water_per_diff_前7天,0.0008381826459734605,16 - 18日龄
"[-6.42, 3.80)",313,0.39470365699873894,222,91,0.29073482428115016,0.11616947328374028,0.005209013509231149,0.0006507608030174618,water_per_diff_前7天,0.0010528340690058315,16 - 18日龄
"[3.80, 9.39)",67,0.08448928121059268,41,26,0.3880597014925373,-0.32017287338886347,0.009122863162196114,0.001135511938925293,water_per_diff_前7天,0.001075576989539773,16 - 18日龄
"[9.39, inf)",49,0.0617906683480454,26,23,0.46938775510204084,-0.6530460799793569,0.028810997959457577,0.0035387141122746445,water_per_diff_前7天,0.001579339218261394,16 - 18日龄
Special,0,0.0,0,0,0.0,0.0,0.0,0.0,water_per_diff_前7天,,16 - 18日龄
Missing,75,0.09457755359394704,29,46,0.6133333333333333,-1.2369939685743099,0.16154275561609846,0.01899650466883348,water_per_diff_前7天,0.001579885340023128,16 - 18日龄
,793,1.0,543,250,0.31525851197982346,,0.3135405806708278,0.037410895426559794,water_per_diff_前7天,,16 - 18日龄
"(-inf, -7.25)",59,0.07440100882723834,42,17,0.288135593220339,0.1288078721554632,0.0012041045286576985,0.00015040910096093514,water_per_shift_diff_前1天,0.0012235462872408744,16 - 18日龄
"[-7.25, -4.62)",63,0.07944514501891552,54,9,0.14285714285714285,1.0161110671563658,0.06446972096808677,0.007728992288325258,water_per_shift_diff_前1天,0.0009328207193607603,16 - 18日龄
"[-4.62, -1.18)",92,0.11601513240857503,63,29,0.31521739130434784,0.00019049433336948418,4.209819521976733e-09,5.262274458914747e-10,water_per_shift_diff_前1天,0.0009677891389935664,16 - 18日龄
"[-1.18, inf)",577,0.7276166456494325,383,194,0.3362218370883882,-0.09547157195437117,0.006745954461777747,0.0008429242027287731,water_per_shift_diff_前1天,0.0010961734969575072,16 - 18日龄
Special,0,0.0,0,0,0.0,0.0,0.0,0.0,water_per_shift_diff_前1天,,16 - 18日龄
Missing,2,0.0025220680958385876,1,1,0.5,-0.7756484020716891,0.0016741435123904596,0.00020417491571746117,water_per_shift_diff_前1天,0.00123451865126605,16 - 18日龄
,793,1.0,543,250,0.31525851197982346,,0.07409392768073221,0.008926501033959873,water_per_shift_diff_前1天,,16 - 18日龄
"(-inf, -5.24)",57,0.07187894073139975,46,11,0.19298245614035087,0.6550977216190356,0.026672008157557357,0.003275635034723383,water_per_shift_diff_前2天,0.0009537920169887192,16 - 18日龄
"[-5.24, -2.35)",54,0.06809583858764187,46,8,0.14814814814814814,0.97355145273757,0.0513203255675142,0.006173127615385745,water_per_shift_diff_前2天,0.0009609476750498259,16 - 18日龄
"[-2.35, 0.48)",72,0.09079445145018916,51,21,0.2916666666666667,0.11165479292921365,0.0011079116469661192,0.000138417062636191,water_per_shift_diff_前2天,0.0009252411646086278,16 - 18日龄
"[0.48, 14.26)",535,0.6746532156368222,354,181,0.3383177570093458,-0.10484852020374025,0.00755604473777673,0.0009440731986162555,water_per_shift_diff_前2天,0.0011233271027857707,16 - 18日龄
"[14.26, inf)",67,0.08448928121059268,43,24,0.3582089552238806,-0.1925021167260721,0.0032360208498629565,0.00040387919120412914,water_per_shift_diff_前2天,0.0010269131337097954,16 - 18日龄
Special,0,0.0,0,0,0.0,0.0,0.0,0.0,water_per_shift_diff_前2天,,16 - 18日龄
Missing,8,0.01008827238335435,3,5,0.625,-1.2864740258376797,0.018621889213782987,0.0021794265474770623,water_per_shift_diff_前2天,0.001537102359943625,16 - 18日龄
,793,1.0,543,250,0.31525851197982346,,0.10851420017346033,0.013114558650042765,water_per_shift_diff_前2天,,16 - 18日龄
"(-inf, -8.97)",47,0.05926860025220681,28,19,0.40425531914893614,-0.3878828710629255,0.009477771516137927,0.0011773499863606193,water_per_shift_diff_前3天,0.0010982218888531937,16 - 18日龄
"[-8.97, -2.64)",124,0.15636822194199243,83,41,0.33064516129032256,-0.07037986097939897,0.0007844178980613676,9.80320054107791e-05,water_per_shift_diff_前3天,0.0010046210496650638,16 - 18日龄
"[-2.64, -0.89)",40,0.05044136191677175,35,5,0.125,1.1702617469836243,0.05202600105374713,0.006155839341816503,water_per_shift_diff_前3天,0.000954643153787455,16 - 18日龄
"[-0.89, 2.44)",110,0.13871374527112232,80,30,0.2727272727272727,0.20518085094003724,0.005607520861786661,0.0006997131481659572,water_per_shift_diff_前3天,0.0009678162840557345,16 - 18日龄
"[2.44, 6.70)",153,0.19293820933165196,108,45,0.29411764705882354,0.09982033528221079,0.0018861079926252003,0.00023566566569563612,water_per_shift_diff_前3天,0.001063018289936472,16 - 18日龄
"[6.70, inf)",299,0.3770491803278688,203,96,0.3210702341137124,-0.02679061449773812,0.0002719518731335767,3.39929675640103e-05,water_per_shift_diff_前3天,0.0011320286490721014,16 - 18日龄
Special,0,0.0,0,0,0.0,0.0,0.0,0.0,water_per_shift_diff_前3天,,16 - 18日龄
Missing,20,0.025220680958385876,6,14,0.7,-1.6229462624588926,0.07295188282522404,0.008233858589395768,water_per_shift_diff_前3天,0.0016500680668162949,16 - 18日龄
,793,1.0,543,250,0.31525851197982346,,0.1430056540207159,0.016634451704409275,water_per_shift_diff_前3天,,16 - 18日龄
"(-inf, -10.07)",58,0.07313997477931904,37,21,0.3620689655172414,-0.2092529271508876,0.003318759131903211,0.00041408968109550885,water_per_shift_diff_前5天,0.0010887333998254793,16 - 18日龄
"[-10.07, -7.20)",47,0.05926860025220681,41,6,0.1276595744680851,1.1461641954045638,0.05903484386201628,0.0070002275231121815,water_per_shift_diff_前5天,0.0007973681621101787,16 - 18日龄
"[-7.20, -0.93)",226,0.2849936948297604,171,55,0.24336283185840707,0.35868196919850004,0.03404506204878578,0.0042329660432670925,water_per_shift_diff_前5天,0.0010067986930795713,16 - 18日龄
"[-0.93, 5.31)",264,0.3329129886506936,188,76,0.2878787878787879,0.130060220471929,0.005491750893149892,0.0006859854340557532,water_per_shift_diff_前5天,0.001020559802806601,16 - 18日龄
"[5.31, 9.81)",92,0.11601513240857503,60,32,0.34782608695652173,-0.14703974264931496,0.0025736016834974032,0.0003214107158994971,water_per_shift_diff_前5天,0.0010611761816905739,16 - 18日龄
"[9.81, inf)",52,0.06557377049180328,27,25,0.4807692307692308,-0.6986873609355606,0.03512737560504754,0.004303734381818929,water_per_shift_diff_前5天,0.001330304835341798,16 - 18日龄
Special,0,0.0,0,0,0.0,0.0,0.0,0.0,water_per_shift_diff_前5天,,16 - 18日龄
Missing,54,0.06809583858764187,19,35,0.6481481481481481,-1.3865574843946622,0.14560130342575262,0.0168693853737427,water_per_shift_diff_前5天,0.0016771016400383906,16 - 18日龄
,793,1.0,543,250,0.31525851197982346,,0.2851926966501527,0.03382779915299166,water_per_shift_diff_前5天,,16 - 18日龄
"(-inf, -11.33)",65,0.08196721311475409,31,34,0.5230769230769231,-0.8680217222027043,0.06849538628534342,0.008302863056116404,water_per_shift_diff_前7天,0.0013993741202571446,16 - 18日龄
"[-11.33, -3.29)",268,0.3379571248423707,200,68,0.2537313432835821,0.30316125930024074,0.029201743105782323,0.003636303489587874,water_per_shift_diff_前7天,0.0009659288134888776,16 - 18日龄
"[-3.29, -1.55)",42,0.05296343001261034,39,3,0.07142857142857142,1.7893009553898476,0.10704171682299043,0.01183966564380443,water_per_shift_diff_前7天,0.00068800538824615,16 - 18日龄
"[-1.55, 0.53)",98,0.1235813366960908,82,16,0.16326530612244897,0.8584821229527829,0.07469901168558579,0.00906081048384489,water_per_shift_diff_前7天,0.0008300282822354428,16 - 18日龄
"[0.53, 6.62)",128,0.1614123581336696,94,34,0.265625,0.24128585558215343,0.008954682434054428,0.0011166279157646154,water_per_shift_diff_前7天,0.0009650510665256585,16 - 18日龄
"[6.62, inf)",97,0.1223203026481715,55,42,0.4329896907216495,-0.5059848351225866,0.03375468631211891,0.004174894296840637,water_per_shift_diff_前7天,0.001319543636602269,16 - 18日龄
Special,0,0.0,0,0,0.0,0.0,0.0,0.0,water_per_shift_diff_前7天,,16 - 18日龄
Missing,95,0.11979823455233292,42,53,0.5578947368421052,-1.0082706973404425,0.13576559909160923,0.01628650365198044,water_per_shift_diff_前7天,0.0015091071056685442,16 - 18日龄
,793,1.0,543,250,0.31525851197982346,,0.4579128257374846,0.05441766853793929,water_per_shift_diff_前7天,,16 - 18日龄
"(-inf, -21.01)",40,0.052083333333333336,24,16,0.4,-0.9694747109088004,0.0621182133348711,0.007474302615872308,water_per_diff,0.001093662388021825,19 - 21日龄
"[-21.01, -3.30)",273,0.35546875,211,62,0.2271062271062271,-0.15021607058598985,0.008380733464993234,0.0010466078443817622,water_per_diff,0.0008365568343370623,19 - 21日龄
"[-3.30, 2.17)",134,0.17447916666666666,112,22,0.16417910447761194,0.25251659891981393,0.010295735454563592,0.0012835585056377979,water_per_diff,0.0007820902126148217,19 - 21日龄
"[2.17, 4.35)",48,0.0625,46,2,0.041666666666666664,1.7605543969121848,0.1093965495907966,0.012143678635479646,water_per_diff,0.0007012189308293583,19 - 21日龄
"[4.35, 8.46)",82,0.10677083333333333,69,13,0.15853658536585366,0.2942173281187579,0.008441155990651301,0.0010513551715838438,water_per_diff,0.0007488852624949329,19 - 21日龄
"[8.46, inf)",191,0.24869791666666666,151,40,0.2094240837696335,-0.04653943631597679,0.0005461397831112359,6.826131264658355e-05,water_per_diff,0.0007886281999466864,19 - 21日龄
Special,0,0.0,0,0,0.0,0.0,0.0,0.0,water_per_diff,,19 - 21日龄
Missing,0,0.0,0,0,0.0,0.0,0.0,0.0,water_per_diff,,19 - 21日龄
,768,1.0,613,155,0.20182291666666666,,0.19917852761898705,0.023067764085601943,water_per_diff,,19 - 21日龄
"(-inf, -1.22)",248,0.3229166666666667,189,59,0.23790322580645162,-0.21073024786304217,0.015241154168445233,0.0019016269880516926,water_per_shift_diff,0.0008813803123270395,19 - 21日龄
"[-1.22, -0.19)",54,0.0703125,51,3,0.05555555555555555,1.4582735250392513,0.09309990215111401,0.010704850335663993,water_per_shift_diff,0.0006706382480217037,19 - 21日龄
"[-0.19, 0.84)",45,0.05859375,38,7,0.15555555555555556,0.3167361916541076,0.005330328584485801,0.0006635198218905018,water_per_shift_diff,0.00080805580639392,19 - 21日龄
"[0.84, 13.70)",382,0.4973958333333333,306,76,0.19895287958115182,0.017911942649085022,0.00015873131306140661,1.984114889217554e-05,water_per_shift_diff,0.0007870647608933356,19 - 21日龄
"[13.70, inf)",39,0.05078125,29,10,0.2564102564102564,-0.31022908202453636,0.00533836288070428,0.0006646322585199538,water_per_shift_diff,0.0007898372661597308,19 - 21日龄
Special,0,0.0,0,0,0.0,0.0,0.0,0.0,water_per_shift_diff,,19 - 21日龄
Missing,0,0.0,0,0,0.0,0.0,0.0,0.0,water_per_shift_diff,,19 - 21日龄
,768,1.0,613,155,0.20182291666666666,,0.11916847909781073,0.013954470553018317,water_per_shift_diff,,19 - 21日龄
"(-inf, -22.24)",40,0.052083333333333336,19,21,0.525,-1.4750232775739476,0.15412336051943537,0.01768926244559639,water_per_diff_前1天,0.0011984346916766124,19 - 21日龄
"[-22.24, -17.33)",42,0.0546875,33,9,0.21428571428571427,-0.07565683488670394,0.0003200973280477294,4.000262590692365e-05,water_per_diff_前1天,0.0007877955100797309,19 - 21日龄
"[-17.33, -12.91)",80,0.10416666666666667,66,14,0.175,0.17565759339420217,0.0030467159281549784,0.00038035061902336013,water_per_diff_前1天,0.00078885788854443,19 - 21日龄
"[-12.91, -10.27)",43,0.055989583333333336,41,2,0.046511627906976744,1.6454850671273977,0.08882484775347496,0.009998796664074525,water_per_diff_前1天,0.0006859603351204838,19 - 21日龄
"[-10.27, 9.01)",427,0.5559895833333334,348,79,0.18501170960187355,0.10781480829048795,0.006255675820717374,0.0007815809674595019,water_per_diff_前1天,0.0007877885194218782,19 - 21日龄
"[9.01, inf)",136,0.17708333333333334,106,30,0.22058823529411764,-0.11269810656705315,0.0023247728134654926,0.00029044291478942837,water_per_diff_前1天,0.0008279872338396875,19 - 21日龄
Special,0,0.0,0,0,0.0,0.0,0.0,0.0,water_per_diff_前1天,,19 - 21日龄
Missing,0,0.0,0,0,0.0,0.0,0.0,0.0,water_per_diff_前1天,,19 - 21日龄
,768,1.0,613,155,0.20182291666666666,,0.2548954701632959,0.029180436236850134,water_per_diff_前1天,,19 - 21日龄
"(-inf, -17.69)",62,0.08072916666666667,40,22,0.3548387096774194,-0.7771028182613445,0.059590287153103785,0.007266841697832316,water_per_diff_前2天,0.0010625663181377419,19 - 21日龄
"[-17.69, -11.45)",83,0.10807291666666667,64,19,0.2289156626506024,-0.1604957148237336,0.0029171825448675195,0.00036425694992115766,water_per_diff_前2天,0.0007727539005262422,19 - 21日龄
"[-11.45, -5.02)",118,0.15364583333333334,103,15,0.1271186440677966,0.551738968110461,0.039312453971560496,0.0048526603829326595,water_per_diff_前2天,0.0007235263066160737,19 - 21日龄
"[-5.02, 9.01)",310,0.4036458333333333,257,53,0.17096774193548386,0.20384435232613307,0.01576004433181891,0.001966601833122094,water_per_diff_前2天,0.0007639504517238225,19 - 21日龄
"[9.01, 21.91)",154,0.20052083333333334,120,34,0.22077922077922077,-0.11380860085108035,0.002685458960249664,0.0003355013251268501,water_per_diff_前2天,0.0008779342660377558,19 - 21日龄
"[21.91, inf)",40,0.052083333333333336,28,12,0.3,-0.5276419586297612,0.016748599139371254,0.0020696220041911562,water_per_diff_前2天,0.000871792729917585,19 - 21日龄
Special,0,0.0,0,0,0.0,0.0,0.0,0.0,water_per_diff_前2天,,19 - 21日龄
Missing,1,0.0013020833333333333,1,0,0.0,0.0,0.0,0.0,water_per_diff_前2天,0.0003296703296703,19 - 21日龄
,768,1.0,613,155,0.20182291666666666,,0.13701402610097163,0.016855484193126234,water_per_diff_前2天,,19 - 21日龄
"(-inf, -15.94)",47,0.061197916666666664,28,19,0.40425531914893614,-0.9871742880082013,0.07591730276773064,0.009122185582206073,water_per_diff_前3天,0.0010894611730962744,19 - 21日龄
"[-15.94, -4.08)",161,0.20963541666666666,128,33,0.20496894409937888,-0.01941711656382794,7.949543065125473e-05,9.936772731673456e-06,water_per_diff_前3天,0.0008012451269301844,19 - 21日龄
"[-4.08, -1.19)",54,0.0703125,45,9,0.16666666666666666,0.23449809341713546,0.00359836047152748,0.00044876730331353497,water_per_diff_前3天,0.0007502724476136612,19 - 21日龄
"[-1.19, 2.68)",77,0.10026041666666667,68,9,0.11688311688311688,0.6473433088229226,0.03422202220930948,0.004204591534724933,water_per_diff_前3天,0.0007313435450224767,19 - 21日龄
"[2.68, 23.32)",373,0.4856770833333333,303,70,0.1876675603217158,0.0902977444430455,0.0038536794581544936,0.00048154634437962314,water_per_diff_前3天,0.0007972536853973059,19 - 21日龄
"[23.32, inf)",54,0.0703125,39,15,0.2777777777777778,-0.4194283739895286,0.013905166321812492,0.0017255161911545408,water_per_diff_前3天,0.0008840104692768408,19 - 21日龄
Special,0,0.0,0,0,0.0,0.0,0.0,0.0,water_per_diff_前3天,,19 - 21日龄
Missing,2,0.0026041666666666665,2,0,0.0,0.0,0.0,0.0,water_per_diff_前3天,0.0002380952380952,19 - 21日龄
,768,1.0,613,155,0.20182291666666666,,0.13157602665918583,0.01599254372851038,water_per_diff_前3天,,19 - 21日龄
"(-inf, -14.75)",43,0.055989583333333336,23,20,0.46511627906976744,-1.2351778766418062,0.1130334330095301,0.01329436922246321,water_per_diff_前5天,0.0011767340721902419,19 - 21日龄
"[-14.75, -8.28)",54,0.0703125,41,13,0.24074074074074073,-0.22631710977419361,0.003844401570021039,0.00047952725262398986,water_per_diff_前5天,0.0008411776281910667,19 - 21日龄
"[-8.28, -5.28)",51,0.06640625,43,8,0.1568627450980392,0.3068187549967616,0.005686552939528471,0.0007080440536928875,water_per_diff_前5天,0.0007085373200862392,19 - 21日龄
"[-5.28, -2.69)",40,0.052083333333333336,38,2,0.05,1.5694991601494754,0.07704198371769884,0.008749495069054402,water_per_diff_前5天,0.0006918877911456175,19 - 21日龄
"[-2.69, 19.52)",482,0.6276041666666666,395,87,0.18049792531120332,0.13803782722957325,0.011468406126929993,0.001432413702866106,water_per_diff_前5天,0.000781909546337763,19 - 21日龄
"[19.52, inf)",93,0.12109375,70,23,0.24731182795698925,-0.26193879289675537,0.008956892470889419,0.0011164217196093819,water_per_diff_前5天,0.0008794225330446473,19 - 21日龄
Special,0,0.0,0,0,0.0,0.0,0.0,0.0,water_per_diff_前5天,,19 - 21日龄
Missing,5,0.006510416666666667,3,2,0.4,-0.9694747109088004,0.007764776666858888,0.0009342878269840385,water_per_diff_前5天,0.0008241834549626,19 - 21日龄
,768,1.0,613,155,0.20182291666666666,,0.22779644650145675,0.026714558847294016,water_per_diff_前5天,,19 - 21日龄
"(-inf, -21.73)",39,0.05078125,25,14,0.358974358974359,-0.7951213237640228,0.039389949702228644,0.004798006542347298,water_per_diff_前7天,0.0009638524125188769,19 - 21日龄
"[-21.73, 1.27)",425,0.5533854166666666,345,80,0.18823529411764706,0.08657796334051326,0.004041185785562045,0.0005049905130668306,water_per_diff_前7天,0.0007880081817013605,19 - 21日龄
"[1.27, 3.27)",48,0.0625,46,2,0.041666666666666664,1.7605543969121848,0.1093965495907966,0.012143678635479646,water_per_diff_前7天,0.0007059985428742834,19 - 21日龄
"[3.27, 5.49)",48,0.0625,42,6,0.125,0.5709703300383484,0.017018238958781275,0.00209884663330929,water_per_diff_前7天,0.0007633762568877792,19 - 21日龄
"[5.49, 8.74)",59,0.07682291666666667,47,12,0.2033898305084746,-0.009698867094906749,7.247482647354245e-06,9.059317801172757e-07,water_per_diff_前7天,0.0008212561088510322,19 - 21日龄
"[8.74, inf)",124,0.16145833333333334,95,29,0.23387096774193547,-0.18835875740289776,0.006050317608731724,0.0007551736631980248,water_per_diff_前7天,0.0008026345534364959,19 - 21日龄
Special,0,0.0,0,0,0.0,0.0,0.0,0.0,water_per_diff_前7天,,19 - 21日龄
Missing,25,0.032552083333333336,13,12,0.48,-1.2948971113434282,0.07278898565158397,0.008511880133812955,water_per_diff_前7天,0.001264687177250324,19 - 21日龄
,768,1.0,613,155,0.20182291666666666,,0.24869247478033163,0.02881348205299416,water_per_diff_前7天,,19 - 21日龄
"(-inf, -6.50)",277,0.3606770833333333,212,65,0.23465703971119134,-0.19274081424058953,0.014169284717892104,0.0017684241351121656,water_per_shift_diff_前1天,0.0008493863269043885,19 - 21日龄
"[-6.50, 9.42)",412,0.5364583333333334,327,85,0.20631067961165048,-0.027630904610027818,0.00041294410931157856,5.161637169974866e-05,water_per_shift_diff_前1天,0.0008099209602264312,19 - 21日龄
"[9.42, 12.80)",39,0.05078125,36,3,0.07692307692307693,1.1099668307710355,0.04370242502672677,0.005198584277461337,water_per_shift_diff_前1天,0.0007176202551861641,19 - 21日龄
"[12.80, inf)",39,0.05078125,37,2,0.05128205128205128,1.5428309130673141,0.07321606680019492,0.008340234507675029,water_per_shift_diff_前1天,0.0006496763520962025,19 - 21日龄
Special,0,0.0,0,0,0.0,0.0,0.0,0.0,water_per_shift_diff_前1天,,19 - 21日龄
Missing,1,0.0013020833333333333,1,0,0.0,0.0,0.0,0.0,water_per_shift_diff_前1天,0.0003296703296703,19 - 21日龄
,768,1.0,613,155,0.20182291666666666,,0.13150072065412538,0.01535885929194828,water_per_shift_diff_前1天,,19 - 21日龄
"(-inf, -3.58)",376,0.4895833333333333,299,77,0.2047872340425532,-0.018301667479962314,0.00016488162251063163,2.0609915176589017e-05,water_per_shift_diff_前2天,0.0008046006928713865,19 - 21日龄
"[-3.58, -2.07)",50,0.06510416666666667,47,3,0.06,1.376595494024984,0.07890268968541876,0.009151116727412189,water_per_shift_diff_前2天,0.0006793993784276881,19 - 21日龄
"[-2.07, 0.43)",84,0.109375,66,18,0.21428571428571427,-0.07565683488670394,0.0006401946560954588,8.00052518138473e-05,water_per_shift_diff_前2天,0.0008668827767315667,19 - 21日龄
"[0.43, inf)",256,0.3333333333333333,199,57,0.22265625,-0.1246862621270226,0.0053750979284564,0.000671452345548813,water_per_shift_diff_前2天,0.0008313574727219539,19 - 21日龄
Special,0,0.0,0,0,0.0,0.0,0.0,0.0,water_per_shift_diff_前2天,,19 - 21日龄
Missing,2,0.0026041666666666665,2,0,0.0,0.0,0.0,0.0,water_per_shift_diff_前2天,0.0002380952380952,19 - 21日龄
,768,1.0,613,155,0.20182291666666666,,0.08508286389248125,0.009923184239951437,water_per_shift_diff_前2天,,19 - 21日龄
"(-inf, -7.09)",237,0.30859375,194,43,0.18143459915611815,0.13171822435280078,0.00514451750327048,0.0006426002169141257,water_per_shift_diff_前3天,0.0007777360510332688,19 - 21日龄
"[-7.09, -3.93)",101,0.13151041666666666,83,18,0.1782178217821782,0.15352903088346848,0.002958602910568131,0.0003694625741017168,water_per_shift_diff_前3天,0.0007756015438171485,19 - 21日龄
"[-3.93, -2.15)",59,0.07682291666666667,56,3,0.05084745762711865,1.5517995830500744,0.11172826340731001,0.012714348834211135,water_per_shift_diff_前3天,0.0006955446817406508,19 - 21日龄
"[-2.15, 0.40)",74,0.09635416666666667,57,17,0.22972972972972974,-0.16510189523863095,0.0027558975514231274,0.00034409646595503964,water_per_shift_diff_前3天,0.0008029891640338946,19 - 21日龄
"[0.40, inf)",295,0.3841145833333333,221,74,0.25084745762711863,-0.28084221070338167,0.032829705144266266,0.004090279875193493,water_per_shift_diff_前3天,0.0008780608858361838,19 - 21日龄
Special,0,0.0,0,0,0.0,0.0,0.0,0.0,water_per_shift_diff_前3天,,19 - 21日龄
Missing,2,0.0026041666666666665,2,0,0.0,0.0,0.0,0.0,water_per_shift_diff_前3天,0.0002380952380952,19 - 21日龄
,768,1.0,613,155,0.20182291666666666,,0.155416986516838,0.01816078796637551,water_per_shift_diff_前3天,,19 - 21日龄
"(-inf, 2.27)",261,0.33984375,205,56,0.21455938697318008,-0.07728153061370602,0.0020765115787695727,0.00025949937376233516,water_per_shift_diff_前5天,0.0007976088144083483,19 - 21日龄
"[2.27, 4.37)",100,0.13020833333333334,81,19,0.19,0.0750703564890336,0.0007174012912912972,8.965411027590927e-05,water_per_shift_diff_前5天,0.000816425861568201,19 - 21日龄
"[4.37, 6.24)",65,0.08463541666666667,59,6,0.09230769230769231,0.9108381556606995,0.052408063958291264,0.0063335497363333285,water_per_shift_diff_前5天,0.00077022794677242,19 - 21日龄
"[6.24, 8.63)",96,0.125,78,18,0.1875,0.09139724977646213,0.0010157921987469795,0.00012692984862358592,water_per_shift_diff_前5天,0.0007938641923542667,19 - 21日龄
"[8.63, 10.66)",78,0.1015625,63,15,0.19230769230769232,0.060144706272357684,0.0003608112674340264,4.509461177563891e-05,water_per_shift_diff_前5天,0.0008417144230339499,19 - 21日龄
"[10.66, inf)",157,0.20442708333333334,122,35,0.2229299363057325,-0.12626683577312203,0.003382088060228338,0.00042248038907304834,water_per_shift_diff_前5天,0.0008250828023540975,19 - 21日龄
Special,0,0.0,0,0,0.0,0.0,0.0,0.0,water_per_shift_diff_前5天,,19 - 21日龄
Missing,11,0.014322916666666666,5,6,0.5454545454545454,-1.5572613758109193,0.04757911670766826,0.00541100666409994,water_per_shift_diff_前5天,0.0010305177717845999,19 - 21日龄
,768,1.0,613,155,0.20182291666666666,,0.10753978506242974,0.012688214733943787,water_per_shift_diff_前5天,,19 - 21日龄
"(-inf, -0.66)",272,0.3541666666666667,224,48,0.17647058823529413,0.16550522193018402,0.009225023999813245,0.001151813697477971,water_per_shift_diff_前7天,0.0007931284934533301,19 - 21日龄
"[-0.66, 0.83)",55,0.07161458333333333,36,19,0.34545454545454546,-0.7358598597272952,0.046986915423517336,0.005744336056615548,water_per_shift_diff_前7天,0.0009511006195519346,19 - 21日龄
"[0.83, 4.31)",121,0.15755208333333334,91,30,0.24793388429752067,-0.2652776941622701,0.01196353122649399,0.0014910718748227785,water_per_shift_diff_前7天,0.0008014037952517744,19 - 21日龄
"[4.31, 12.07)",186,0.2421875,155,31,0.16666666666666666,0.23449809341713546,0.012394352735261321,0.0015457540447466334,water_per_shift_diff_前7天,0.0007640839554082528,19 - 21日龄
"[12.07, inf)",91,0.11848958333333333,84,7,0.07692307692307693,1.1099668307710355,0.10197232506236248,0.01213002998074312,water_per_shift_diff_前7天,0.0006966823779498319,19 - 21日龄
Special,0,0.0,0,0,0.0,0.0,0.0,0.0,water_per_shift_diff_前7天,,19 - 21日龄
Missing,43,0.055989583333333336,23,20,0.46511627906976744,-1.2351778766418062,0.1130334330095301,0.01329436922246321,water_per_shift_diff_前7天,0.0012114565246509603,19 - 21日龄
,768,1.0,613,155,0.20182291666666666,,0.2955755814569785,0.03535737487686926,water_per_shift_diff_前7天,,19 - 21日龄
"(-inf, -18.83)",44,0.060689655172413794,39,5,0.11363636363636363,0.16228080591050875,0.001504859603681409,0.00018790131265943293,water_per_diff,0.0006802177829411136,22 - 24日龄
"[-18.83, -11.82)",56,0.07724137931034483,55,1,0.017857142857142856,2.1154902574474335,0.16241733889675783,0.017201985452611424,water_per_diff,0.000633820604857732,22 - 24日龄
"[-11.82, -7.79)",53,0.07310344827586207,49,4,0.07547169811320754,0.6136830092056986,0.0218916161178641,0.0026943043608375307,water_per_diff,0.0006811838232817358,22 - 24日龄
"[-7.79, 2.69)",188,0.2593103448275862,161,27,0.14361702127659576,-0.1062754288049037,0.0030453193049358356,0.00038048587225434066,water_per_diff,0.0007542896337231293,22 - 24日龄
"[2.69, inf)",384,0.5296551724137931,326,58,0.15104166666666666,-0.16538855696474908,0.0153920511661429,0.001921816554286429,water_per_diff,0.0007051687452984909,22 - 24日龄
Special,0,0.0,0,0,0.0,0.0,0.0,0.0,water_per_diff,,22 - 24日龄
Missing,0,0.0,0,0,0.0,0.0,0.0,0.0,water_per_diff,,22 - 24日龄
,725,1.0,630,95,0.1310344827586207,,0.2042511850893821,0.02238649355264916,water_per_diff,,22 - 24日龄
"(-inf, -6.53)",122,0.16827586206896553,97,25,0.20491803278688525,-0.5360077741498555,0.058526496308593225,0.007229473380273046,water_per_shift_diff,0.0007623964770372943,22 - 24日龄
"[-6.53, 4.31)",365,0.503448275862069,327,38,0.10410958904109589,0.26053108338582986,0.031015605164979792,0.00386602298867033,water_per_shift_diff,0.0007021612627915978,22 - 24日龄
"[4.31, 5.42)",56,0.07724137931034483,54,2,0.03571428571428571,1.4039939382192916,0.09078457044124744,0.010499175512034364,water_per_shift_diff,0.0006024983325795304,22 - 24日龄
"[5.42, 7.17)",41,0.05655172413793103,38,3,0.07317073170731707,0.6471309432732386,0.01859758099298196,0.0022849645019071205,water_per_shift_diff,0.0006035432068349513,22 - 24日龄
"[7.17, 10.92)",75,0.10344827586206896,63,12,0.16,-0.23361485118150505,0.006147759241618555,0.0007667271625461242,water_per_shift_diff,0.0007024244975649093,22 - 24日龄
"[10.92, inf)",66,0.0910344827586207,51,15,0.22727272727272727,-0.6680674961629216,0.05140268704812454,0.006308451942983174,water_per_shift_diff,0.0008128679053091637,22 - 24日龄
Special,0,0.0,0,0,0.0,0.0,0.0,0.0,water_per_shift_diff,,22 - 24日龄
Missing,0,0.0,0,0,0.0,0.0,0.0,0.0,water_per_shift_diff,,22 - 24日龄
,725,1.0,630,95,0.1310344827586207,,0.2564746991975455,0.030954815488414156,water_per_shift_diff,,22 - 24日龄
"(-inf, -17.88)",37,0.05103448275862069,30,7,0.1891891891891892,-0.4365556951781955,0.011378895312915367,0.0014111736651915468,water_per_diff_前1天,0.0007432627507850648,22 - 24日龄
"[-17.88, -8.38)",112,0.15448275862068966,107,5,0.044642857142857144,1.1715479942427682,0.13731677827256508,0.016245757273516116,water_per_diff_前1天,0.0006632966853727625,22 - 24日龄
"[-8.38, 2.23)",204,0.2813793103448276,180,24,0.11764705882352941,0.12306009275722718,0.0040711609633969845,0.0005085742550748548,water_per_diff_前1天,0.0006956788432892535,22 - 24日龄
"[2.23, 7.67)",115,0.15862068965517243,97,18,0.1565217391304348,-0.2075037071778194,0.007367508400214973,0.0009192898665285922,water_per_diff_前1天,0.0007646980710754765,22 - 24日龄
"[7.67, inf)",257,0.3544827586206897,216,41,0.15953307392996108,-0.23013658680518034,0.02041813326542202,0.002546649226444736,water_per_diff_前1天,0.000709995391223574,22 - 24日龄
Special,0,0.0,0,0,0.0,0.0,0.0,0.0,water_per_diff_前1天,,22 - 24日龄
Missing,0,0.0,0,0,0.0,0.0,0.0,0.0,water_per_diff_前1天,,22 - 24日龄
,725,1.0,630,95,0.1310344827586207,,0.18055247621451442,0.021631444286755844,water_per_diff_前1天,,22 - 24日龄
"(-inf, -11.03)",123,0.1696551724137931,112,11,0.08943089430894309,0.42876067071168644,0.02657814683943788,0.0032970520060976206,water_per_diff_前2天,0.0006980817065653894,22 - 24日龄
"[-11.03, 1.40)",238,0.32827586206896553,211,27,0.1134453781512605,0.16417833968670004,0.008325501436075751,0.001039520450614076,water_per_diff_前2天,0.0007019260390782598,22 - 24日龄
"[1.40, 4.69)",83,0.11448275862068966,69,14,0.1686746987951807,-0.29679375280303666,0.01123204427901216,0.0013988750417654513,water_per_diff_前2天,0.0007409317047831891,22 - 24日龄
"[4.69, 7.11)",41,0.05655172413793103,29,12,0.2926829268292683,-1.0094537475865637,0.081043028523867,0.00972104614296248,water_per_diff_前2天,0.0008189450957370952,22 - 24日龄
"[7.11, 18.62)",174,0.24,151,23,0.13218390804597702,-0.010057306899262874,2.43660735236945e-05,3.045746353994255e-06,water_per_diff_前2天,0.0006966007913965454,22 - 24日龄
"[18.62, inf)",61,0.08413793103448276,55,6,0.09836065573770492,0.3237307882193783,0.007816056624511304,0.0009727629789120229,water_per_diff_前2天,0.0006623839532494787,22 - 24日龄
Special,0,0.0,0,0,0.0,0.0,0.0,0.0,water_per_diff_前2天,,22 - 24日龄
Missing,5,0.006896551724137931,3,2,0.4,-1.486377819676873,0.024214175007267354,0.002775692420679523,water_per_diff_前2天,0.00090140836166628,22 - 24日龄
,725,1.0,630,95,0.1310344827586207,,0.15923331878369512,0.019207994787385167,water_per_diff_前2天,,22 - 24日龄
"(-inf, -14.45)",109,0.1503448275862069,100,9,0.08256880733944955,0.5161026808668343,0.033027122267668754,0.004083173334687223,water_per_diff_前3天,0.0006720371394886,22 - 24日龄
"[-14.45, -11.53)",43,0.05931034482758621,42,1,0.023255813953488372,1.845826690498331,0.1036253580630642,0.011379792050179902,water_per_diff_前3天,0.0005579963950162279,22 - 24日龄
"[-11.53, -8.56)",50,0.06896551724137931,46,4,0.08,0.5505041075841668,0.01701641769474869,0.002100593816795583,water_per_diff_前3天,0.000650087540494728,22 - 24日龄
"[-8.56, -6.29)",40,0.05517241379310345,34,6,0.15,-0.1572418723969311,0.0014449963211079719,0.0001804386889219865,water_per_diff_前3天,0.000731576164020305,22 - 24日龄
"[-6.29, inf)",476,0.6565517241379311,403,73,0.15336134453781514,-0.18336580698674565,0.023606241317174197,0.002946653179482263,water_per_diff_前3天,0.0007336006957984568,22 - 24日龄
Special,0,0.0,0,0,0.0,0.0,0.0,0.0,water_per_diff_前3天,,22 - 24日龄
Missing,7,0.009655172413793104,5,2,0.2857142857142857,-0.9755521959108824,0.012795463221220433,0.001538880859134123,water_per_diff_前3天,0.0008443257591962286,22 - 24日龄
,725,1.0,630,95,0.1310344827586207,,0.19151559888498426,0.02222953192920108,water_per_diff_前3天,,22 - 24日龄
"(-inf, -13.52)",118,0.16275862068965516,108,10,0.0847457627118644,0.48770320634513653,0.03226908432960303,0.003994129235642244,water_per_diff_前5天,0.0006889062009308619,22 - 24日龄
"[-13.52, -9.02)",64,0.08827586206896551,62,2,0.03125,1.5421442767001088,0.11930038431280708,0.013590873727720656,water_per_diff_前5天,0.00063281940035708,22 - 24日龄
"[-9.02, -5.78)",49,0.06758620689655172,44,5,0.10204081632653061,0.28290879369912303,0.004868772890728438,0.0006065750954842887,water_per_diff_前5天,0.0006645434021471654,22 - 24日龄
"[-5.78, 13.80)",376,0.5186206896551724,319,57,0.15159574468085107,-0.16970309283474316,0.015892829328968003,0.001984223240290652,water_per_diff_前5天,0.0007270906080759753,22 - 24日龄
"[13.80, inf)",108,0.1489655172413793,89,19,0.17592592592592593,-0.3476455372193381,0.020417277582723044,0.002539384884910645,water_per_diff_前5天,0.0007359565126291649,22 - 24日龄
Special,0,0.0,0,0,0.0,0.0,0.0,0.0,water_per_diff_前5天,,22 - 24日龄
Missing,10,0.013793103448275862,8,2,0.2,-0.5055485666651469,0.00422346338066121,0.0005223817657237244,water_per_diff_前5天,0.00068941562515204,22 - 24日龄
,725,1.0,630,95,0.1310344827586207,,0.19697181182549078,0.023237567949772206,water_per_diff_前5天,,22 - 24日龄
"(-inf, 4.53)",289,0.3986206896551724,253,36,0.1245674740484429,0.05802762248637294,0.0013137414948878028,0.0001641946509638179,water_per_diff_前7天,0.0006821618402772855,22 - 24日龄
"[4.53, 10.10)",128,0.17655172413793102,114,14,0.109375,0.20529819099419933,0.00689472621384028,0.0008603304464703115,water_per_diff_前7天,0.0007205764416623898,22 - 24日龄
"[10.10, 17.44)",149,0.20551724137931035,134,15,0.10067114093959731,0.297946671063664,0.016328572783438883,0.0020335553468714736,water_per_diff_前7天,0.0006992848242530443,22 - 24日龄
"[17.44, 19.58)",40,0.05517241379310345,39,1,0.025,1.7717187183446088,0.091028154701916,0.010090634765957784,water_per_diff_前7天,0.000657086707095685,22 - 24日龄
"[19.58, 24.86)",59,0.08137931034482758,48,11,0.1864406779661017,-0.41853718967551723,0.01657365312499541,0.002056716691087713,water_per_diff_前7天,0.0007892222445112254,22 - 24日龄
"[24.86, inf)",49,0.06758620689655172,33,16,0.32653061224489793,-1.1679240885583382,0.13552602832143124,0.016039142996959854,water_per_diff_前7天,0.0008260025675946408,22 - 24日龄
Special,0,0.0,0,0,0.0,0.0,0.0,0.0,water_per_diff_前7天,,22 - 24日龄
Missing,11,0.015172413793103448,9,2,0.18181818181818182,-0.3877655310087633,0.0026239772775029104,0.00032595755451607215,water_per_diff_前7天,0.0006567115073809727,22 - 24日龄
,725,1.0,630,95,0.1310344827586207,,0.27028885391801255,0.03157053245282703,water_per_diff_前7天,,22 - 24日龄
"(-inf, -4.60)",154,0.21241379310344827,127,27,0.17532467532467533,-0.3434927073307754,0.028380475150387368,0.0035302213535761164,water_per_shift_diff_前1天,0.0007560721085145448,22 - 24日龄
"[-4.60, 0.30)",153,0.2110344827586207,140,13,0.08496732026143791,0.4848501373627301,0.04139656143564828,0.005124473686820789,water_per_shift_diff_前1天,0.000658428036161932,22 - 24日龄
"[0.30, 2.28)",65,0.0896551724137931,64,1,0.015384615384615385,2.267040155574634,0.20643891140988732,0.021396949310427807,water_per_shift_diff_前1天,0.0005948292339173045,22 - 24日龄
"[2.28, 4.30)",78,0.10758620689655173,68,10,0.1282051282051282,0.02507968439702357,6.704677533038902e-05,8.380627278469725e-06,water_per_shift_diff_前1天,0.0006919888742754345,22 - 24日龄
"[4.30, 8.97)",148,0.20413793103448277,127,21,0.14189189189189189,-0.09217827904986908,0.0017942806197677114,0.000224205706468192,water_per_shift_diff_前1天,0.0007257046970432582,22 - 24日龄
"[8.97, inf)",122,0.16827586206896553,101,21,0.1721311475409836,-0.32124484866720104,0.01951086090067294,0.002428424516583769,water_per_shift_diff_前1天,0.000757316103910533,22 - 24日龄
Special,0,0.0,0,0,0.0,0.0,0.0,0.0,water_per_shift_diff_前1天,,22 - 24日龄
Missing,5,0.006896551724137931,3,2,0.4,-1.486377819676873,0.024214175007267354,0.002775692420679523,water_per_shift_diff_前1天,0.00090140836166628,22 - 24日龄
,725,1.0,630,95,0.1310344827586207,,0.3218023112989614,0.03548834762183467,water_per_shift_diff_前1天,,22 - 24日龄
"(-inf, -4.62)",114,0.15724137931034482,94,20,0.17543859649122806,-0.3442804190690245,0.021111263792536673,0.002625951927665999,water_per_shift_diff_前2天,0.0007920854596075035,22 - 24日龄
"[-4.62, 4.90)",312,0.4303448275862069,268,44,0.14102564102564102,-0.08504558119244199,0.003211412088469825,0.00040130557904321205,water_per_shift_diff_前2天,0.0007163486556888494,22 - 24日龄
"[4.90, 6.41)",57,0.07862068965517241,56,1,0.017543859649122806,2.133508762950112,0.16718723639492106,0.017662519651289815,water_per_shift_diff_前2天,0.0006189055145908864,22 - 24日龄
"[6.41, 13.10)",172,0.23724137931034484,152,20,0.11627906976744186,0.13630531950724767,0.004190506063380726,0.0005234081342435064,water_per_shift_diff_前2天,0.0006716474421753598,22 - 24日龄
"[13.10, inf)",63,0.08689655172413793,55,8,0.12698412698412698,0.036048715767597495,0.00011142877889733512,1.3927843229895364e-05,water_per_shift_diff_前2天,0.0006921865177706413,22 - 24日龄
Special,0,0.0,0,0,0.0,0.0,0.0,0.0,water_per_shift_diff_前2天,,22 - 24日龄
Missing,7,0.009655172413793104,5,2,0.2857142857142857,-0.9755521959108824,0.012795463221220433,0.001538880859134123,water_per_shift_diff_前2天,0.0008443257591962286,22 - 24日龄
,725,1.0,630,95,0.1310344827586207,,0.20860731033942606,0.02276599399460655,water_per_shift_diff_前2天,,22 - 24日龄
"(-inf, -9.87)",50,0.06896551724137931,42,8,0.16,-0.23361485118150505,0.004098506161079036,0.000511151441697417,water_per_shift_diff_前3天,0.0007097250741458861,22 - 24日龄
"[-9.87, -7.42)",39,0.05379310344827586,38,1,0.02564102564102564,1.7457432319413482,0.08692255357034616,0.00966665415705124,water_per_shift_diff_前3天,0.0006699522352832,22 - 24日龄
"[-7.42, -3.11)",98,0.13517241379310344,89,9,0.09183673469387756,0.39956886461088303,0.01859313764312964,0.0023088036815607435,water_per_shift_diff_前3天,0.0006709078766135982,22 - 24日龄
"[-3.11, inf)",529,0.7296551724137931,454,75,0.14177693761814744,-0.09123384327999995,0.006280424967645778,0.0007847809642490752,water_per_shift_diff_前3天,0.0007184180707563342,22 - 24日龄
Special,0,0.0,0,0,0.0,0.0,0.0,0.0,water_per_shift_diff_前3天,,22 - 24日龄
Missing,9,0.012413793103448275,7,2,0.2222222222222222,-0.6390799592896694,0.006353426495862211,0.0007809333718109424,water_per_shift_diff_前3天,0.0007456673409300333,22 - 24日龄
,725,1.0,630,95,0.1310344827586207,,0.12224804883806283,0.014052323616369418,water_per_shift_diff_前3天,,22 - 24日龄
"(-inf, -13.90)",78,0.10758620689655173,64,14,0.1794871794871795,-0.3720171740406244,0.017031362687908273,0.0021167281744257204,water_per_shift_diff_前5天,0.0007468575588873003,22 - 24日龄
"[-13.90, -9.36)",106,0.14620689655172414,89,17,0.16037735849056603,-0.2364199021091138,0.008907717280802871,0.0011108787021129034,water_per_shift_diff_前5天,0.000798480099322283,22 - 24日龄
"[-9.36, 2.45)",354,0.4882758620689655,306,48,0.13559322033898305,-0.03945883674054773,0.0007713757558302568,9.641571459124022e-05,water_per_shift_diff_前5天,0.0007000480936259816,22 - 24日龄
"[2.45, 3.70)",37,0.05103448275862069,35,2,0.05405405405405406,0.9703579531444311,0.03348018668743943,0.004028192339319685,water_per_shift_diff_前5天,0.0005969908192517352,22 - 24日龄
"[3.70, 5.59)",51,0.0703448275862069,49,2,0.0392156862745098,1.306830189765644,0.07413013357150144,0.008658510681445776,water_per_shift_diff_前5天,0.0006700808677256334,22 - 24日龄
"[5.59, inf)",88,0.12137931034482759,78,10,0.11363636363636363,0.16228080591050875,0.003009719207362818,0.00037580262531886587,water_per_shift_diff_前5天,0.000680910362243883,22 - 24日龄
Special,0,0.0,0,0,0.0,0.0,0.0,0.0,water_per_shift_diff_前5天,,22 - 24日龄
Missing,11,0.015172413793103448,9,2,0.18181818181818182,-0.3877655310087633,0.0026239772775029104,0.00032595755451607215,water_per_shift_diff_前5天,0.0006567115073809727,22 - 24日龄
,725,1.0,630,95,0.1310344827586207,,0.139954472468348,0.016712485791730264,water_per_shift_diff_前5天,,22 - 24日龄
"(-inf, -8.14)",42,0.057931034482758624,34,8,0.19047619047619047,-0.4449239448487121,0.013455511114054611,0.0016682017583433423,water_per_shift_diff_前7天,0.0007072045737460191,22 - 24日龄
"[-8.14, -5.90)",42,0.057931034482758624,36,6,0.14285714285714285,-0.10008345855698253,0.0006020057657562869,7.521932961596155e-05,water_per_shift_diff_前7天,0.0008518952781658857,22 - 24日龄
"[-5.90, -3.51)",60,0.08275862068965517,59,1,0.016666666666666666,2.185694516120682,0.18168471541688208,0.0190529315135766,water_per_shift_diff_前7天,0.0006156169465863266,22 - 24日龄
"[-3.51, inf)",567,0.7820689655172414,489,78,0.13756613756613756,-0.05618926499975707,0.0025207715375830876,0.00031505499736355497,water_per_shift_diff_前7天,0.0007095673953681234,22 - 24日龄
Special,0,0.0,0,0,0.0,0.0,0.0,0.0,water_per_shift_diff_前7天,,22 - 24日龄
Missing,14,0.019310344827586208,12,2,0.14285714285714285,-0.10008345855698253,0.0002006685885854282,2.5073109871988158e-05,water_per_shift_diff_前7天,0.0006695431814812356,22 - 24日龄
,725,1.0,630,95,0.1310344827586207,,0.1984636724228615,0.021136480708771447,water_per_shift_diff_前7天,,22 - 24日龄
"(-inf, 2.00)",398,0.5818713450292398,317,81,0.20351758793969849,-0.28769641132230817,0.0529645721446074,0.006597833110203254,water_per_diff,0.0007809838454917724,25 - 27日龄
"[2.00, 7.48)",90,0.13157894736842105,76,14,0.15555555555555556,0.0395269801439222,0.00020283087688677324,2.5352209222366615e-05,water_per_diff,0.0007800830818477845,25 - 27日龄
"[7.48, 12.59)",72,0.10526315789473684,63,9,0.125,0.293761118528163,0.00820707337794868,0.0010222112948497638,water_per_diff,0.0007027005727456153,25 - 27日龄
"[12.59, 16.26)",41,0.059941520467836254,40,1,0.024390243902439025,2.036730423586786,0.12341670257591135,0.013214443344925938,water_per_diff,0.0005867652239457074,25 - 27日龄
"[16.26, inf)",83,0.12134502923976608,78,5,0.060240963855421686,1.0951218837283414,0.09903620456269921,0.011795781692918186,water_per_diff,0.0006345902710860084,25 - 27日龄
Special,0,0.0,0,0,0.0,0.0,0.0,0.0,water_per_diff,,25 - 27日龄
Missing,0,0.0,0,0,0.0,0.0,0.0,0.0,water_per_diff,,25 - 27日龄
,684,1.0,574,110,0.1608187134502924,,0.28382738353805337,0.03265562165211951,water_per_diff,,25 - 27日龄
"(-inf, -18.28)",37,0.054093567251461985,25,12,0.32432432432432434,-0.9181798554469499,0.060174663317064885,0.0072682697570960395,water_per_shift_diff,0.0011157972998390134,25 - 27日龄
"[-18.28, -13.85)",35,0.05116959064327485,26,9,0.2571428571428571,-0.5912770698418874,0.02159462976014242,0.002660682269965681,water_per_shift_diff,0.0008078740755143342,25 - 27日龄
"[-13.85, -6.16)",156,0.22807017543859648,126,30,0.19230769230769232,-0.21706450523782772,0.011551104491591708,0.0014410600696159511,water_per_shift_diff,0.0007508974071532467,25 - 27日龄
"[-6.16, 2.28)",260,0.38011695906432746,221,39,0.15,0.08245202486095615,0.0025124753853734494,0.00031397049166651415,water_per_shift_diff,0.0007254715811955392,25 - 27日龄
"[2.28, 9.64)",134,0.195906432748538,120,14,0.1044776119402985,0.4962853826396372,0.040589447512687477,0.005022245342392366,water_per_shift_diff,0.0006863701089337418,25 - 27日龄
"[9.64, inf)",62,0.09064327485380116,56,6,0.0967741935483871,0.581443190979944,0.025011081829292497,0.003083076599217459,water_per_shift_diff,0.0006623477714630598,25 - 27日龄
Special,0,0.0,0,0,0.0,0.0,0.0,0.0,water_per_shift_diff,,25 - 27日龄
Missing,0,0.0,0,0,0.0,0.0,0.0,0.0,water_per_shift_diff,,25 - 27日龄
,684,1.0,574,110,0.1608187134502924,,0.16143340229615244,0.019789304529954012,water_per_shift_diff,,25 - 27日龄
"(-inf, 7.40)",448,0.6549707602339181,365,83,0.18526785714285715,-0.17109228474125682,0.020301289155551055,0.0025345705065499963,water_per_diff_前1天,0.0007793551182451701,25 - 27日龄
"[7.40, 13.23)",96,0.14035087719298245,81,15,0.15625,0.03424992304307861,0.00016273324220658235,2.0340661087220324e-05,water_per_diff_前1天,0.0006965817480653291,25 - 27日龄
"[13.23, 16.49)",42,0.06140350877192982,41,1,0.023809523809523808,2.0614230361771577,0.12850429316429035,0.01371265555395716,water_per_diff_前1天,0.0006512648762014286,25 - 27日龄
"[16.49, 19.43)",35,0.05116959064327485,33,2,0.05714285714285714,1.1512113503793846,0.045253509211935904,0.005363658871434551,water_per_diff_前1天,0.0006442909692507886,25 - 27日龄
"[19.43, inf)",63,0.09210526315789473,54,9,0.14285714285714285,0.13961043870090473,0.0017114108260136273,0.0002137527867852613,water_per_diff_前1天,0.0006735810520520255,25 - 27日龄
Special,0,0.0,0,0,0.0,0.0,0.0,0.0,water_per_diff_前1天,,25 - 27日龄
Missing,0,0.0,0,0,0.0,0.0,0.0,0.0,water_per_diff_前1天,,25 - 27日龄
,684,1.0,574,110,0.1608187134502924,,0.1959332355999975,0.021844978379814188,water_per_diff_前1天,,25 - 27日龄
"(-inf, -8.40)",146,0.2134502923976608,132,14,0.0958904109589041,0.5915955624439619,0.06075238560162577,0.007485208609180536,water_per_diff_前2天,0.0006734947120562438,25 - 27日龄
"[-8.40, 2.24)",166,0.24269005847953215,135,31,0.18674698795180722,-0.18086145657386687,0.008432944696760591,0.0010526837196254205,water_per_diff_前2天,0.000761352047800961,25 - 27日龄
"[2.24, 3.97)",35,0.05116959064327485,23,12,0.34285714285714286,-1.001561464386001,0.06912899686085196,0.008297147844082083,water_per_diff_前2天,0.0009853291403987001,25 - 27日龄
"[3.97, 8.08)",90,0.13157894736842105,68,22,0.24444444444444444,-0.5236837787093593,0.04269756244529273,0.005277032090173956,water_per_diff_前2天,0.0009013882722193001,25 - 27日龄
"[8.08, 19.98)",175,0.25584795321637427,149,26,0.14857142857142858,0.09370073739682683,0.002175566693439152,0.00027184639542729774,water_per_diff_前2天,0.0007024480000162291,25 - 27日龄
"[19.98, inf)",71,0.10380116959064327,66,5,0.07042253521126761,0.9280677990651749,0.06452672850643203,0.007788293220551277,water_per_diff_前2天,0.0006275756750770394,25 - 27日龄
Special,0,0.0,0,0,0.0,0.0,0.0,0.0,water_per_diff_前2天,,25 - 27日龄
Missing,1,0.0014619883040935672,1,0,0.0,0.0,0.0,0.0,water_per_diff_前2天,0.0005494505494505,25 - 27日龄
,684,1.0,574,110,0.1608187134502924,,0.24771418480440222,0.03017221187904057,water_per_diff_前2天,,25 - 27日龄
"(-inf, 7.11)",423,0.618421052631579,343,80,0.18912529550827423,-0.19644521803509174,0.025481253337146088,0.0031800449664641933,water_per_diff_前3天,0.0007740369545943697,25 - 27日龄
"[7.11, 12.48)",91,0.13304093567251463,76,15,0.16483516483516483,-0.029465891343029238,0.00011666887608104651,1.4583081947396222e-05,water_per_diff_前3天,0.0007757250605726813,25 - 27日龄
"[12.48, 17.40)",72,0.10526315789473684,62,10,0.1388888888888889,0.17240026152389554,0.002948879988055231,0.00036815418535118914,water_per_diff_前3天,0.000709892113195593,25 - 27日龄
"[17.40, inf)",93,0.13596491228070176,89,4,0.043010752688172046,1.4501929780850986,0.17212141554909302,0.019808196926517273,water_per_diff_前3天,0.0005958325222919,25 - 27日龄
Special,0,0.0,0,0,0.0,0.0,0.0,0.0,water_per_diff_前3天,,25 - 27日龄
Missing,5,0.007309941520467836,4,1,0.2,-0.26585466940725966,0.0005642148511335566,7.031988982725886e-05,water_per_diff_前3天,0.00076571735257224,25 - 27日龄
,684,1.0,574,110,0.1608187134502924,,0.20123243260150894,0.023441299050107313,water_per_diff_前3天,,25 - 27日龄
"(-inf, 6.40)",443,0.6476608187134503,361,82,0.18510158013544017,-0.1699903194585224,0.01980976830180245,0.002473243895511776,water_per_diff_前5天,0.0007529701283326142,25 - 27日龄
"[6.40, 11.60)",91,0.13304093567251463,77,14,0.15384615384615385,0.05259906171127504,0.00036154565699546233,4.518799808264683e-05,water_per_diff_前5天,0.0007610959055841957,25 - 27日龄
"[11.60, 17.47)",73,0.1067251461988304,63,10,0.136986301369863,0.1884006028703369,0.003550787415516325,0.0004431931603263743,water_per_diff_前5天,0.0007698067581394781,25 - 27日龄
"[17.47, inf)",62,0.09064327485380116,60,2,0.03225806451612903,1.7490483511350052,0.15102647466563268,0.016788787457219123,water_per_diff_前5天,0.0006116671782792565,25 - 27日龄
Special,0,0.0,0,0,0.0,0.0,0.0,0.0,water_per_diff_前5天,,25 - 27日龄
Missing,15,0.021929824561403508,13,2,0.13333333333333333,0.2196531463744411,0.0009810292568513226,0.00012238272833075127,water_per_diff_前5天,0.0007611402089744867,25 - 27日龄
,684,1.0,574,110,0.1608187134502924,,0.17572960529679824,0.01987279523947067,water_per_diff_前5天,,25 - 27日龄
"(-inf, -22.24)",41,0.059941520467836254,39,2,0.04878048780487805,1.3182654350425507,0.06560009497788556,0.0076534843323721215,water_per_diff_前7天,0.0006322260415072342,25 - 27日龄
"[-22.24, -6.53)",203,0.29678362573099415,176,27,0.1330049261083744,0.22249809850667246,0.013609243845941857,0.0016976551273261923,water_per_diff_前7天,0.000675742032445572,25 - 27日龄
"[-6.53, -2.80)",81,0.11842105263157894,54,27,0.3333333333333333,-0.959001849967205,0.14517167693991992,0.01748156496770415,water_per_diff_前7天,0.0008822865228378075,25 - 27日龄
"[-2.80, 5.08)",164,0.23976608187134502,136,28,0.17073170731707318,-0.07169865496630212,0.0012627320925329068,0.0001578077112791296,water_per_diff_前7天,0.0007740277123015159,25 - 27日龄
"[5.08, 13.61)",123,0.17982456140350878,104,19,0.15447154471544716,0.04780288944778177,0.0004042879785415848,5.053118617454489e-05,water_per_diff_前7天,0.0008047528918624903,25 - 27日龄
"[13.61, inf)",53,0.07748538011695906,48,5,0.09433962264150944,0.6096140679466404,0.02326844953676597,0.002864339054875648,water_per_diff_前7天,0.0006562530674328981,25 - 27日龄
Special,0,0.0,0,0,0.0,0.0,0.0,0.0,water_per_diff_前7天,,25 - 27日龄
Missing,19,0.027777777777777776,17,2,0.10526315789473684,0.48791713296912054,0.005579286822991845,0.0006905743357083776,water_per_diff_前7天,0.000689114950686021,25 - 27日龄
,684,1.0,574,110,0.1608187134502924,,0.25489577219457965,0.030595956715440166,water_per_diff_前7天,,25 - 27日龄
"(-inf, -11.52)",82,0.11988304093567251,63,19,0.23170731707317074,-0.4534532833020579,0.028554486132546443,0.0035390416857958504,water_per_shift_diff_前1天,0.0008406111219341793,25 - 27日龄
"[-11.52, -3.79)",196,0.28654970760233917,162,34,0.17346938775510204,-0.09091321991092749,0.002442014902897257,0.0003051467824600378,water_per_shift_diff_前1天,0.0007256538482545266,25 - 27日龄
"[-3.79, 0.08)",127,0.18567251461988304,109,18,0.14173228346456693,0.1488270938058287,0.003908066543079886,0.00048805797422052464,water_per_shift_diff_前1天,0.000749634422182341,25 - 27日龄
"[0.08, 1.31)",41,0.059941520467836254,39,2,0.04878048780487805,1.3182654350425507,0.06560009497788556,0.0076534843323721215,water_per_shift_diff_前1天,0.0006574641250682732,25 - 27日龄
"[1.31, 12.43)",202,0.2953216374269006,172,30,0.1485148514851485,0.09414806462414749,0.0025348702860476836,0.000316741812958086,water_per_shift_diff_前1天,0.0007257639713882941,25 - 27日龄
"[12.43, inf)",35,0.05116959064327485,28,7,0.2,-0.26585466940725966,0.003949503957934895,0.0004922392287908237,water_per_shift_diff_前1天,0.0007968633148654486,25 - 27日龄
Special,0,0.0,0,0,0.0,0.0,0.0,0.0,water_per_shift_diff_前1天,,25 - 27日龄
Missing,1,0.0014619883040935672,1,0,0.0,0.0,0.0,0.0,water_per_shift_diff_前1天,0.0005494505494505,25 - 27日龄
,684,1.0,574,110,0.1608187134502924,,0.10698903680039173,0.012794711816597443,water_per_shift_diff_前1天,,25 - 27日龄
"(-inf, -13.02)",48,0.07017543859649122,37,11,0.22916666666666666,-0.4391263906812961,0.015606582525955485,0.0019352981864831711,water_per_shift_diff_前2天,0.0007952620193469417,25 - 27日龄
"[-13.02, -5.28)",126,0.18421052631578946,108,18,0.14285714285714285,0.13961043870090473,0.0034228216520272546,0.0004275055735705226,water_per_shift_diff_前2天,0.0007259355573756778,25 - 27日龄
"[-5.28, -4.19)",35,0.05116959064327485,34,1,0.02857142857142857,1.8742114940890113,0.09397772553509358,0.010282601307354223,water_per_shift_diff_前2天,0.0006622879888669829,25 - 27日龄
"[-4.19, -0.56)",118,0.17251461988304093,104,14,0.11864406779661017,0.35318453899896385,0.019040864281794016,0.0023678141341069176,water_per_shift_diff_前2天,0.0007264300758850627,25 - 27日龄
"[-0.56, 13.71)",314,0.4590643274853801,258,56,0.17834394904458598,-0.12454113634068187,0.007424340151826513,0.0009274432171211284,water_per_shift_diff_前2天,0.0007508610347592685,25 - 27日龄
"[13.71, inf)",38,0.05555555555555555,29,9,0.23684210526315788,-0.48207777787689565,0.0150868813602272,0.0018678084266303668,water_per_shift_diff_前2天,0.0007953583787258184,25 - 27日龄
Special,0,0.0,0,0,0.0,0.0,0.0,0.0,water_per_shift_diff_前2天,,25 - 27日龄
Missing,5,0.007309941520467836,4,1,0.2,-0.26585466940725966,0.0005642148511335566,7.031988982725886e-05,water_per_shift_diff_前2天,0.00076571735257224,25 - 27日龄
,684,1.0,574,110,0.1608187134502924,,0.1551234303580576,0.01787879073509359,water_per_shift_diff_前2天,,25 - 27日龄
"(-inf, -5.28)",166,0.24269005847953215,138,28,0.1686746987951807,-0.0570998555451494,0.0008066688493232982,0.00010081991017997158,water_per_shift_diff_前3天,0.0007438369586642681,25 - 27日龄
"[-5.28, -1.82)",98,0.14327485380116958,82,16,0.16326530612244897,-0.01801850550267825,4.680131299396996e-05,5.850084985833319e-06,water_per_shift_diff_前3天,0.0007056989546726153,25 - 27日龄
"[-1.82, 4.64)",202,0.2953216374269006,170,32,0.15841584158415842,0.01791350372338507,9.419200564085961e-05,1.1773843282564082e-05,water_per_shift_diff_前3天,0.0007769013531147475,25 - 27日龄
"[4.64, 5.39)",36,0.05263157894736842,35,1,0.027777777777777776,1.9031990309622633,0.09874691202775379,0.010763689152623305,water_per_shift_diff_前3天,0.0006347354174253389,25 - 27日龄
"[5.39, 12.10)",123,0.17982456140350878,101,22,0.17886178861788618,-0.12807096704420662,0.0030790580927004415,0.00038461943939747945,water_per_shift_diff_前3天,0.0007483277551524114,25 - 27日龄
"[12.10, inf)",49,0.07163742690058479,39,10,0.20408163265306123,-0.2911724773915496,0.006686729366768242,0.0008329009727078137,water_per_shift_diff_前3天,0.0007411273073047041,25 - 27日龄
Special,0,0.0,0,0,0.0,0.0,0.0,0.0,water_per_shift_diff_前3天,,25 - 27日龄
Missing,10,0.014619883040935672,9,1,0.1,0.5450755468090693,0.003591248455378093,0.000443430099555858,water_per_shift_diff_前3天,0.00075823227972699,25 - 27日龄
,684,1.0,574,110,0.1608187134502924,,0.11305161011055868,0.012543083502732822,water_per_shift_diff_前3天,,25 - 27日龄
"(-inf, -7.29)",64,0.0935672514619883,48,16,0.25,-0.5535367418590404,0.0342256484038279,0.004224410375808377,water_per_shift_diff_前5天,0.0008881125217057547,25 - 27日龄
"[-7.29, 5.12)",339,0.4956140350877193,274,65,0.19174041297935104,-0.213408194034717,0.02423403153672666,0.0030235186049717942,water_per_shift_diff_前5天,0.0007759790241267973,25 - 27日龄
"[5.12, 6.61)",63,0.09210526315789473,60,3,0.047619047619047616,1.3435832430268406,0.10380106207609964,0.012079558016222298,water_per_shift_diff_前5天,0.000617431419329846,25 - 27日龄
"[6.61, 12.35)",137,0.20029239766081872,122,15,0.10948905109489052,0.443821813103896,0.03381030917056924,0.004191939832730224,water_per_shift_diff_前5天,0.0006895986439228591,25 - 27日龄
"[12.35, inf)",64,0.0935672514619883,55,9,0.140625,0.15795957736910116,0.00221153415258609,0.00027615472874052303,water_per_shift_diff_前5天,0.0006655423625728078,25 - 27日龄
Special,0,0.0,0,0,0.0,0.0,0.0,0.0,water_per_shift_diff_前5天,,25 - 27日龄
Missing,17,0.024853801169590642,15,2,0.11764705882352941,0.36275399001511444,0.0028841067942285015,0.0003585495923328825,water_per_shift_diff_前5天,0.000735168257858747,25 - 27日龄
,684,1.0,574,110,0.1608187134502924,,0.20116669213403804,0.024154131150806103,water_per_shift_diff_前5天,,25 - 27日龄
"(-inf, -15.84)",57,0.08333333333333333,48,9,0.15789473684210525,0.021827403044521354,3.940962855678586e-05,4.926105779499946e-06,water_per_shift_diff_前7天,0.0007086505758059931,25 - 27日龄
"[-15.84, -9.63)",107,0.1564327485380117,91,16,0.14953271028037382,0.08612175374991882,0.0011266482197882942,0.00014078752120732022,water_per_shift_diff_前7天,0.0006974232236055355,25 - 27日龄
"[-9.63, -7.52)",56,0.08187134502923976,55,1,0.017857142857142856,2.355184154705321,0.20426019054745545,0.020898988553071606,water_per_shift_diff_前7天,0.0006361309801550929,25 - 27日龄
"[-7.52, -3.18)",109,0.15935672514619884,95,14,0.12844036697247707,0.2626705314581319,0.010042550885966603,0.001251722442128407,water_per_shift_diff_前7天,0.0007196062259756367,25 - 27日龄
"[-3.18, -0.19)",79,0.1154970760233918,67,12,0.1518987341772152,0.06763693907581536,0.0005163288665591251,6.45288086419107e-05,water_per_shift_diff_前7天,0.0007789743309162431,25 - 27日龄
"[-0.19, inf)",256,0.3742690058479532,200,56,0.21875,-0.3791833547142629,0.06091916297468288,0.007569601251734184,water_per_shift_diff_前7天,0.000797132178645943,25 - 27日龄
Special,0,0.0,0,0,0.0,0.0,0.0,0.0,water_per_shift_diff_前7天,,25 - 27日龄
Missing,20,0.029239766081871343,18,2,0.1,0.5450755468090693,0.007182496910756186,0.000886860199111716,water_per_shift_diff_前7天,0.000683963232455745,25 - 27日龄
,684,1.0,574,110,0.1608187134502924,,0.2840867880337653,0.030817414881674644,water_per_shift_diff_前7天,,25 - 27日龄
"(-inf, -20.27)",105,0.17355371900826447,74,31,0.29523809523809524,-0.6010130090609439,0.07448340946165016,0.009172780689415662,water_per_diff,0.0009219213703386523,28 - 30日龄
"[-20.27, 2.01)",280,0.4628099173553719,226,54,0.19285714285714287,-0.03953994507195602,0.0007325372944836844,9.156119741153199e-05,water_per_diff,0.0008276260475619461,28 - 30日龄
"[2.01, 9.27)",85,0.14049586776859505,70,15,0.17647058823529413,0.06935414316718136,0.0006611572033708538,8.26280910481746e-05,water_per_diff,0.0008314166230991117,28 - 30日龄
"[9.27, 12.37)",34,0.05619834710743802,33,1,0.029411764705882353,2.0254166636865127,0.11792707641472844,0.012646165405754375,water_per_diff,0.0006261781987471412,28 - 30日龄
"[12.37, 17.97)",38,0.0628099173553719,35,3,0.07894736842105263,0.9856448750413365,0.04394945041419298,0.0052815725838957165,water_per_diff,0.0006674740551938474,28 - 30日龄
"[17.97, inf)",63,0.10413223140495868,54,9,0.14285714285714285,0.32066857144808747,0.009655356295490653,0.0012017749144613444,water_per_diff,0.0006831750637084365,28 - 30日龄
Special,0,0.0,0,0,0.0,0.0,0.0,0.0,water_per_diff,,28 - 30日龄
Missing,0,0.0,0,0,0.0,0.0,0.0,0.0,water_per_diff,,28 - 30日龄
,605,1.0,492,113,0.18677685950413223,,0.2474089870839168,0.028476482881986804,water_per_diff,,28 - 30日龄
"(-inf, -15.42)",43,0.07107438016528926,31,12,0.27906976744186046,-0.5220103430828215,0.022543831098313816,0.0027864133585779258,water_per_shift_diff,0.0008519910750461558,28 - 30日龄
"[-15.42, 0.61)",211,0.3487603305785124,169,42,0.1990521327014218,-0.07886180114026242,0.0022227577952872763,0.0002777727481514695,water_per_shift_diff,0.0007933445760462095,28 - 30日龄
"[0.61, 9.06)",189,0.31239669421487604,153,36,0.19047619047619047,-0.024171914843642117,0.00018391107235881342,2.298832439539644e-05,water_per_shift_diff,0.0008607108921606385,28 - 30日龄
"[9.06, 10.54)",38,0.0628099173553719,36,2,0.05263157894736842,1.419280860116197,0.07872980380959693,0.009090390105017892,water_per_shift_diff,0.0007040755030919552,28 - 30日龄
"[10.54, 17.61)",76,0.1256198347107438,65,11,0.14473684210526316,0.3054010993172991,0.010618395657607364,0.0013221651847255562,water_per_shift_diff,0.0007747985417033684,28 - 30日龄
"[17.61, inf)",48,0.07933884297520662,38,10,0.20833333333333334,-0.1360898310476275,0.0015323446693253958,0.00019139540946482665,water_per_shift_diff,0.0007615898615975521,28 - 30日龄
Special,0,0.0,0,0,0.0,0.0,0.0,0.0,water_per_shift_diff,,28 - 30日龄
Missing,0,0.0,0,0,0.0,0.0,0.0,0.0,water_per_shift_diff,,28 - 30日龄
,605,1.0,492,113,0.18677685950413223,,0.1158310441024896,0.013691125130333067,water_per_shift_diff,,28 - 30日龄
"(-inf, -34.57)",31,0.0512396694214876,23,8,0.25806451612903225,-0.4150382235306538,0.009981043687684082,0.001238752184211973,water_per_diff_前1天,0.0010138599969643097,28 - 30日龄
"[-34.57, -27.56)",34,0.05619834710743802,26,8,0.23529411764705882,-0.2924359014383213,0.005249496899695026,0.0006538588853853833,water_per_diff_前1天,0.0008583431535441,28 - 30日龄
"[-27.56, -16.25)",94,0.15537190082644628,74,20,0.2127659574468085,-0.1627580781297886,0.004326865952151729,0.0005402620569862314,water_per_diff_前1天,0.0007966411152689382,28 - 30日龄
"[-16.25, 9.29)",337,0.5570247933884298,269,68,0.20178041543026706,-0.09588722335423494,0.00527590143608543,0.0006592351469805972,water_per_diff_前1天,0.0008427145578379044,28 - 30日龄
"[9.29, 16.28)",53,0.08760330578512397,50,3,0.05660377358490566,1.342319818980069,0.10077780639655384,0.011729235843436029,water_per_diff_前1天,0.0006299942569482944,28 - 30日龄
"[16.28, inf)",56,0.09256198347107437,50,6,0.10714285714285714,0.6491726384201235,0.03150348547480922,0.003870212902318166,water_per_diff_前1天,0.0006432046154182464,28 - 30日龄
Special,0,0.0,0,0,0.0,0.0,0.0,0.0,water_per_diff_前1天,,28 - 30日龄
Missing,0,0.0,0,0,0.0,0.0,0.0,0.0,water_per_diff_前1天,,28 - 30日龄
,605,1.0,492,113,0.18677685950413223,,0.15711459984697934,0.018691557019318378,water_per_diff_前1天,,28 - 30日龄
"(-inf, -17.72)",130,0.21487603305785125,105,25,0.19230769230769232,-0.03600637249064498,0.00028172480094666106,3.521369792595041e-05,water_per_diff_前2天,0.0008167145346521661,28 - 30日龄
"[-17.72, -13.40)",45,0.0743801652892562,30,15,0.3333333333333333,-0.7779437172200222,0.055831272604286095,0.006808083776058701,water_per_diff_前2天,0.0009869952912159245,28 - 30日龄
"[-13.40, -10.26)",42,0.06942148760330578,32,10,0.23809523809523808,-0.3079400879742866,0.007222711610879731,0.0008992885462024581,water_per_diff_前2天,0.0008797755282189738,28 - 30日龄
"[-10.26, 14.45)",323,0.5338842975206611,263,60,0.18575851393188855,0.00671857217569638,2.404841828483227e-05,3.0060466318321353e-06,water_per_diff_前2天,0.0008036671414805672,28 - 30日龄
"[14.45, 19.94)",31,0.0512396694214876,29,2,0.06451612903225806,1.2030577516465613,0.04961888309456733,0.005853452431723818,water_per_diff_前2天,0.000705408708235371,28 - 30日龄
"[19.94, inf)",34,0.05619834710743802,33,1,0.029411764705882353,2.0254166636865127,0.11792707641472844,0.012646165405754375,water_per_diff_前2天,0.0005856219290151059,28 - 30日龄
Special,0,0.0,0,0,0.0,0.0,0.0,0.0,water_per_diff_前2天,,28 - 30日龄
Missing,0,0.0,0,0,0.0,0.0,0.0,0.0,water_per_diff_前2天,,28 - 30日龄
,605,1.0,492,113,0.18677685950413223,,0.23090571694369308,0.026245209904297136,water_per_diff_前2天,,28 - 30日龄
"(-inf, -12.18)",155,0.256198347107438,121,34,0.21935483870967742,-0.20166087679938793,0.011081264454675345,0.0013828157200315456,water_per_diff_前3天,0.0008271258970429432,28 - 30日龄
"[-12.18, -8.04)",45,0.0743801652892562,42,3,0.06666666666666667,1.167966431835291,0.068696493130826,0.008130015198047642,water_per_diff_前3天,0.0006990554915546355,28 - 30日龄
"[-8.04, inf)",405,0.6694214876033058,329,76,0.18765432098765433,-0.005766487300926881,2.2300071402606023e-05,2.7875050632693906e-06,water_per_diff_前3天,0.0008129371379583052,28 - 30日龄
Special,0,0.0,0,0,0.0,0.0,0.0,0.0,water_per_diff_前3天,,28 - 30日龄
Missing,0,0.0,0,0,0.0,0.0,0.0,0.0,water_per_diff_前3天,,28 - 30日龄
,605,1.0,492,113,0.18677685950413223,,0.07980005765690396,0.009515618423142457,water_per_diff_前3天,,28 - 30日龄
"(-inf, -15.91)",72,0.11900826446280992,58,14,0.19444444444444445,-0.0497052168488068,0.00029861037534177783,3.732245494775569e-05,water_per_diff_前5天,0.0008233633605643667,28 - 30日龄
"[-15.91, -4.90)",93,0.1537190082644628,77,16,0.17204301075268819,0.10012580183393505,0.0014929903180144637,0.0001865458731245464,water_per_diff_前5天,0.0007579965393467989,28 - 30日龄
"[-4.90, -1.16)",49,0.08099173553719008,46,3,0.061224489795918366,1.2589382100410176,0.08428246668416194,0.009890420093596376,water_per_diff_前5天,0.0006774325888306755,28 - 30日龄
"[-1.16, 1.60)",44,0.07272727272727272,36,8,0.18181818181818182,0.03298649899630668,7.831890545205486e-05,9.789419354004928e-06,water_per_diff_前5天,0.0007756401591314227,28 - 30日龄
"[1.60, 6.26)",87,0.14380165289256197,70,17,0.19540229885057472,-0.05580899978682474,0.0004557393679980303,5.696002909832054e-05,water_per_diff_前5天,0.0008303875149955678,28 - 30日龄
"[6.26, inf)",259,0.428099173553719,204,55,0.21235521235521235,-0.16030408916822214,0.011556565029610655,0.0014430258753799462,water_per_diff_前5天,0.0008440434490477247,28 - 30日龄
Special,0,0.0,0,0,0.0,0.0,0.0,0.0,water_per_diff_前5天,,28 - 30日龄
Missing,1,0.001652892561983471,1,0,0.0,0.0,0.0,0.0,water_per_diff_前5天,0.0009523809523809,28 - 30日龄
,605,1.0,492,113,0.18677685950413223,,0.09816469068057891,0.01162406374550095,water_per_diff_前5天,,28 - 30日龄
"(-inf, 1.50)",273,0.4512396694214876,231,42,0.15384615384615385,0.23365719445845778,0.022858865397862253,0.0028508758904733263,water_per_diff_前7天,0.0007664524283042198,28 - 30日龄
"[1.50, 4.46)",57,0.09421487603305785,43,14,0.24561403508771928,-0.3489481117016635,0.012735011846943582,0.0015838488963027132,water_per_diff_前7天,0.000992668552484386,28 - 30日龄
"[4.46, 6.92)",46,0.07603305785123966,31,15,0.32608695652173914,-0.7451538943970314,0.05196348026076142,0.006349211129901302,water_per_diff_前7天,0.001050658981106561,28 - 30日龄
"[6.92, 13.10)",94,0.15537190082644628,74,20,0.2127659574468085,-0.1627580781297886,0.004326865952151729,0.0005402620569862314,water_per_diff_前7天,0.0007727507569711298,28 - 30日龄
"[13.10, 23.64)",94,0.15537190082644628,76,18,0.19148936170212766,-0.03072931538980117,0.00014813037852483393,1.8515568817948237e-05,water_per_diff_前7天,0.0007986521454701031,28 - 30日龄
"[23.64, inf)",31,0.0512396694214876,30,1,0.03225806451612903,1.930106483882188,0.10060883139597417,0.010927891736111042,water_per_diff_前7天,0.0005499378311546677,28 - 30日龄
Special,0,0.0,0,0,0.0,0.0,0.0,0.0,water_per_diff_前7天,,28 - 30日龄
Missing,10,0.01652892561983471,7,3,0.3,-0.6237930373927638,0.007685772908375482,0.0009454420799141906,water_per_diff_前7天,0.0009987672889894,28 - 30日龄
,605,1.0,492,113,0.18677685950413223,,0.20032695814059348,0.023216047358506756,water_per_diff_前7天,,28 - 30日龄
"(-inf, -5.29)",187,0.3090909090909091,147,40,0.21390374331550802,-0.1695377651151675,0.0093587920199016,0.0011684499698712512,water_per_shift_diff_前1天,0.0008488062839437191,28 - 30日龄
"[-5.29, -3.48)",43,0.07107438016528926,41,2,0.046511627906976744,1.549333988364395,0.10168932519500823,0.011575181541705224,water_per_shift_diff_前1天,0.0006483815171606,28 - 30日龄
"[-3.48, 6.65)",220,0.36363636363636365,180,40,0.18181818181818182,0.03298649899630668,0.0003915945272602761,4.894709677006476e-05,water_per_shift_diff_前1天,0.0008071053443413813,28 - 30日龄
"[6.65, inf)",155,0.256198347107438,124,31,0.2,-0.08479653666007692,0.0018912818450697044,0.0002363394270650538,water_per_shift_diff_前1天,0.0008047173931886658,28 - 30日龄
Special,0,0.0,0,0,0.0,0.0,0.0,0.0,water_per_shift_diff_前1天,,28 - 30日龄
Missing,0,0.0,0,0,0.0,0.0,0.0,0.0,water_per_shift_diff_前1天,,28 - 30日龄
,605,1.0,492,113,0.18677685950413223,,0.1133309935872398,0.013028918035411594,water_per_shift_diff_前1天,,28 - 30日龄
"(-inf, -17.63)",45,0.0743801652892562,31,14,0.3111111111111111,-0.6761610229100798,0.041168520443028656,0.00505022136586494,water_per_shift_diff_前2天,0.0010067194707645156,28 - 30日龄
"[-17.63, -6.19)",179,0.2958677685950413,143,36,0.2011173184357542,-0.09176520597617022,0.0025633384574608297,0.000320304930036314,water_per_shift_diff_前2天,0.0008891361383222061,28 - 30日龄
"[-6.19, -3.10)",84,0.13884297520661157,71,13,0.15476190476190477,0.22663962179981123,0.00663253947529126,0.0008272975841129198,water_per_shift_diff_前2天,0.0007471658935685274,28 - 30日龄
"[-3.10, -1.97)",31,0.0512396694214876,30,1,0.03225806451612903,1.930106483882188,0.10060883139597417,0.010927891736111042,water_per_shift_diff_前2天,0.0006403160132987032,28 - 30日龄
"[-1.97, -0.62)",39,0.06446280991735537,34,5,0.1282051282051282,0.44583171440209357,0.01108244170990167,0.001373945057852404,water_per_shift_diff_前2天,0.0007262506232579512,28 - 30日龄
"[-0.62, inf)",227,0.3752066115702479,183,44,0.19383259911894274,-0.045794378856807594,0.0007981644922700698,9.976184447475517e-05,water_per_shift_diff_前2天,0.0007643537502712515,28 - 30日龄
Special,0,0.0,0,0,0.0,0.0,0.0,0.0,water_per_shift_diff_前2天,,28 - 30日龄
Missing,0,0.0,0,0,0.0,0.0,0.0,0.0,water_per_shift_diff_前2天,,28 - 30日龄
,605,1.0,492,113,0.18677685950413223,,0.16285383597392666,0.018599422518452372,water_per_shift_diff_前2天,,28 - 30日龄
"(-inf, -17.73)",39,0.06446280991735537,24,15,0.38461538461538464,-1.0010872685342322,0.08405416521904086,0.01008890539069822,water_per_shift_diff_前3天,0.0011269876429701026,28 - 30日龄
"[-17.73, -12.78)",50,0.08264462809917356,37,13,0.26,-0.4251223425972799,0.016937297446812265,0.0021013618432649487,water_per_shift_diff_前3天,0.000857778275829854,28 - 30日龄
"[-12.78, -7.55)",93,0.1537190082644628,74,19,0.20430107526881722,-0.11146478374223823,0.001976837843906881,0.00024697688792307305,water_per_shift_diff_前3天,0.0008220554106282978,28 - 30日龄
"[-7.55, -4.92)",60,0.09917355371900827,50,10,0.16666666666666666,0.1383470146541328,0.0018165573188271983,0.00022688875089716364,water_per_shift_diff_前3天,0.0008498951231952517,28 - 30日龄
"[-4.92, -3.98)",38,0.0628099173553719,37,1,0.02631578947368421,2.139827014864257,0.14198542804939643,0.014986751223411279,water_per_shift_diff_前3天,0.0006616174105580789,28 - 30日龄
"[-3.98, inf)",325,0.5371900826446281,270,55,0.16923076923076924,0.11999787598593636,0.007446447085248598,0.0009302478236646681,water_per_shift_diff_前3天,0.0007676116861109166,28 - 30日龄
Special,0,0.0,0,0,0.0,0.0,0.0,0.0,water_per_shift_diff_前3天,,28 - 30日龄
Missing,0,0.0,0,0,0.0,0.0,0.0,0.0,water_per_shift_diff_前3天,,28 - 30日龄
,605,1.0,492,113,0.18677685950413223,,0.2542167329632322,0.028581131919859355,water_per_shift_diff_前3天,,28 - 30日龄
"(-inf, -8.92)",78,0.12892561983471074,60,18,0.23076923076923078,-0.2671180934540316,0.009974407547495678,0.0012431073741445316,water_per_shift_diff_前5天,0.0008715628006312718,28 - 30日龄
"[-8.92, -1.40)",192,0.31735537190082647,165,27,0.140625,0.3390177101162839,0.03269073213780486,0.004066884305482084,water_per_shift_diff_前5天,0.0007321648244441865,28 - 30日龄
"[-1.40, 0.01)",43,0.07107438016528926,37,6,0.13953488372093023,0.3480675456362019,0.007694348758667754,0.0009569677206377573,water_per_shift_diff_前5天,0.0007278993414976187,28 - 30日龄
"[0.01, 1.05)",33,0.05454545454545454,31,2,0.06060606060606061,1.2697491261452334,0.05753108224979931,0.006744154040924266,water_per_shift_diff_前5天,0.0006625008493901605,28 - 30日龄
"[1.05, 7.94)",153,0.2528925619834711,123,30,0.19607843137254902,-0.06010392406970544,0.0009308129833803966,0.00011633411283081332,water_per_shift_diff_前5天,0.0008558661075554411,28 - 30日龄
"[7.94, inf)",101,0.1669421487603306,72,29,0.2871287128712871,-0.5617206087503862,0.06195537040178017,0.007644184383979041,water_per_shift_diff_前5天,0.0009120157548357535,28 - 30日龄
Special,0,0.0,0,0,0.0,0.0,0.0,0.0,water_per_shift_diff_前5天,,28 - 30日龄
Missing,5,0.008264462809917356,4,1,0.2,-0.08479653666007692,6.1009091776441994e-05,7.623852485968025e-06,water_per_shift_diff_前5天,0.00082414037670778,28 - 30日龄
,605,1.0,492,113,0.18677685950413223,,0.1708377631707046,0.020779255790484463,water_per_shift_diff_前5天,,28 - 30日龄
"(-inf, -6.82)",80,0.1322314049586777,61,19,0.2375,-0.30465601277309684,0.01345295545287346,0.0016751461299295434,water_per_shift_diff_前7天,0.0009751125787683687,28 - 30日龄
"[-6.82, -2.57)",86,0.14214876033057852,72,14,0.16279069767441862,0.1665178916208292,0.0037379366994531016,0.0004667030103276456,water_per_shift_diff_前7天,0.000728483900010571,28 - 30日龄
"[-2.57, -0.48)",50,0.08264462809917356,46,4,0.08,0.9712561375892368,0.05642775243566506,0.006788677307275427,water_per_shift_diff_前7天,0.000704475415301244,28 - 30日龄
"[-0.48, 2.17)",75,0.12396694214876033,65,10,0.13333333333333333,0.40071127912162385,0.017478323114431576,0.00217028962723554,water_per_shift_diff_前7天,0.0007194952773220921,28 - 30日龄
"[2.17, inf)",299,0.49421487603305786,239,60,0.20066889632107024,-0.08897190807055755,0.00402162754481099,0.0005025377003392752,water_per_shift_diff_前7天,0.0008096382594795976,28 - 30日龄
Special,0,0.0,0,0,0.0,0.0,0.0,0.0,water_per_shift_diff_前7天,,28 - 30日龄
Missing,15,0.024793388429752067,9,6,0.4,-1.065625789671803,0.03708874564743756,0.004428480759176321,water_per_shift_diff_前7天,0.0011316782789153998,28 - 30日龄
,605,1.0,492,113,0.18677685950413223,,0.13220734089467173,0.01603183453428375,water_per_shift_diff_前7天,,28 - 30日龄
"(-inf, 6.32)",212,0.39332096474953615,161,51,0.24056603773584906,-0.37964284631716194,0.06371122540833304,0.007916419070577115,water_per_diff,0.0008611269933212909,31 - 33日龄
"[6.32, 14.62)",99,0.1836734693877551,84,15,0.15151515151515152,0.19354501916380418,0.006457872041794543,0.0008059764135657076,water_per_diff,0.0007161753145029374,31 - 33日龄
"[14.62, 23.15)",106,0.19666048237476808,100,6,0.05660377358490566,1.284189138182737,0.2096228601689372,0.024538844100321523,water_per_diff,0.0006392268578214708,31 - 33日龄
"[23.15, 26.11)",33,0.061224489795918366,32,1,0.030303030303030304,1.9365143242224272,0.11971162900631963,0.012991774224837818,water_per_diff,0.0006336265029205848,31 - 33日龄
"[26.11, 38.74)",62,0.1150278293135436,50,12,0.1935483870967742,-0.10210522293715352,0.0012388613392487597,0.0001547904330781208,water_per_diff,0.0007618298227617822,31 - 33日龄
"[38.74, inf)",27,0.05009276437847866,16,11,0.4074074074074074,-1.1545281291358886,0.0905911485827328,0.010734114054615848,water_per_diff,0.001291458197116563,31 - 33日龄
Special,0,0.0,0,0,0.0,0.0,0.0,0.0,water_per_diff,,31 - 33日龄
Missing,0,0.0,0,0,0.0,0.0,0.0,0.0,water_per_diff,,31 - 33日龄
,539,1.0,443,96,0.17810760667903525,,0.49133359654736597,0.05714191829699613,water_per_diff,,31 - 33日龄
"(-inf, -16.06)",40,0.07421150278293136,32,8,0.2,-0.14292721745740877,0.0015862877784023918,0.00019811736852561133,water_per_shift_diff,0.0008361967559235275,31 - 33日龄
"[-16.06, -11.35)",36,0.06679035250463822,35,1,0.027777777777777776,2.0261264829121144,0.13897222889989272,0.01490154697005097,water_per_shift_diff,0.0006695603897939472,31 - 33日龄
"[-11.35, 14.59)",350,0.6493506493506493,296,54,0.15428571428571428,0.17215382918248667,0.01819176326998908,0.00227116649966521,water_per_shift_diff,0.0007464649263019598,31 - 33日龄
"[14.59, 20.32)",64,0.11873840445269017,47,17,0.265625,-0.5122873209234569,0.036366521394561625,0.00449675024232744,water_per_shift_diff,0.0008921782592912907,31 - 33日龄
"[20.32, inf)",49,0.09090909090909091,33,16,0.32653061224489793,-0.8053027393506001,0.07422843158047293,0.009035692449264204,water_per_shift_diff,0.0009860539491609325,31 - 33日龄
Special,0,0.0,0,0,0.0,0.0,0.0,0.0,water_per_shift_diff,,31 - 33日龄
Missing,0,0.0,0,0,0.0,0.0,0.0,0.0,water_per_shift_diff,,31 - 33日龄
,539,1.0,443,96,0.17810760667903525,,0.26934523292331874,0.030903273529833436,water_per_shift_diff,,31 - 33日龄
"(-inf, -14.58)",88,0.16326530612244897,66,22,0.25,-0.43060928990918956,0.0345273156177186,0.004282875741515577,water_per_diff_前1天,0.0009038103308160523,31 - 33日龄
"[-14.58, -9.58)",35,0.06493506493506493,23,12,0.34285714285714286,-0.87863401243615,0.06421168431742744,0.007777848301960053,water_per_diff_前1天,0.0008318769806467515,31 - 33日龄
"[-9.58, 6.32)",138,0.2560296846011132,111,27,0.1956521739130435,-0.11552824326929434,0.0035450610766184438,0.0004428863659321561,water_per_diff_前1天,0.0008165566305507493,31 - 33日龄
"[6.32, 12.36)",76,0.14100185528756956,63,13,0.17105263157894737,0.04896379035269649,0.0003327345610404746,4.158766586037101e-05,water_per_diff_前1天,0.0007839443202535184,31 - 33日龄
"[12.36, inf)",202,0.3747680890538033,180,22,0.10891089108910891,0.572692818954595,0.101454752116345,0.012511330630922787,water_per_diff_前1天,0.0007094813553911768,31 - 33日龄
Special,0,0.0,0,0,0.0,0.0,0.0,0.0,water_per_diff_前1天,,31 - 33日龄
Missing,0,0.0,0,0,0.0,0.0,0.0,0.0,water_per_diff_前1天,,31 - 33日龄
,539,1.0,443,96,0.17810760667903525,,0.20407154768914998,0.025056528706190944,water_per_diff_前1天,,31 - 33日龄
"(-inf, -18.77)",88,0.16326530612244897,61,27,0.3068181818181818,-0.7141845804083172,0.10252296988790388,0.012549774418741295,water_per_diff_前2天,0.0009053874199935148,31 - 33日龄
"[-18.77, 6.37)",245,0.45454545454545453,204,41,0.1673469387755102,0.07532634856260922,0.00251690042577755,0.0003145381938959614,water_per_diff_前2天,0.0007800243905818319,31 - 33日龄
"[6.37, 13.71)",76,0.14100185528756956,64,12,0.15789473684210525,0.14475485499437224,0.002818308407057467,0.00035198129597539037,water_per_diff_前2天,0.000757539410459204,31 - 33日龄
"[13.71, 18.11)",43,0.07977736549165121,42,1,0.023255813953488372,2.2084480397060693,0.18637415383994266,0.019481283538257503,water_per_diff_前2天,0.0005788453911196395,31 - 33日龄
"[18.11, 25.93)",42,0.07792207792207792,36,6,0.14285714285714285,0.2625378906507556,0.004926289426714235,0.0006140237604018066,water_per_diff_前2天,0.0007174932231313381,31 - 33日龄
"[25.93, inf)",44,0.08163265306122448,35,9,0.20454545454545456,-0.17109809442410517,0.0025225382149152045,0.0003149332233771027,water_per_diff_前2天,0.0009123717320196772,31 - 33日龄
Special,0,0.0,0,0,0.0,0.0,0.0,0.0,water_per_diff_前2天,,31 - 33日龄
Missing,1,0.0018552875695732839,1,0,0.0,0.0,0.0,0.0,water_per_diff_前2天,0.0007083333333333,31 - 33日龄
,539,1.0,443,96,0.17810760667903525,,0.301681160202311,0.03362653443064906,water_per_diff_前2天,,31 - 33日龄
"(-inf, -19.44)",103,0.19109461966604824,71,32,0.3106796116504854,-0.7322776043357103,0.12672975846291454,0.015496505766028727,water_per_diff_前3天,0.0009406605936069427,31 - 33日龄
"[-19.44, -9.93)",96,0.17810760667903525,80,16,0.16666666666666666,0.08021633385680094,0.001116630681979549,0.00013954142468429118,water_per_diff_前3天,0.0007878325925356374,31 - 33日龄
"[-9.93, 8.58)",214,0.3970315398886827,179,35,0.16355140186915887,0.10281616577404207,0.004059169072954672,0.0005071727618585556,water_per_diff_前3天,0.0007776329364295401,31 - 33日龄
"[8.58, 10.94)",27,0.05009276437847866,25,2,0.07407407407407407,0.9965070657309563,0.03547572652174256,0.004259636893013159,water_per_diff_前3天,0.000726929361406163,31 - 33日龄
"[10.94, 19.63)",60,0.11131725417439703,57,3,0.05,1.415217400589141,0.13786789152184,0.015925500387829555,water_per_diff_前3天,0.0006149708906294433,31 - 33日龄
"[19.63, inf)",37,0.0686456400742115,29,8,0.21621621621621623,-0.24136729027066117,0.004313373321240184,0.0005378666676274114,water_per_diff_前3天,0.0007460916025805378,31 - 33日龄
Special,0,0.0,0,0,0.0,0.0,0.0,0.0,water_per_diff_前3天,,31 - 33日龄
Missing,2,0.0037105751391465678,2,0,0.0,0.0,0.0,0.0,water_per_diff_前3天,0.0005833333333333,31 - 33日龄
,539,1.0,443,96,0.17810760667903525,,0.3095625495826715,0.036866223901041696,water_per_diff_前3天,,31 - 33日龄
"(-inf, -25.69)",57,0.10575139146567718,39,18,0.3157894736842105,-0.7560316903438175,0.07519784730423132,0.009182075234469865,water_per_diff_前5天,0.0009002569770931755,31 - 33日龄
"[-25.69, -19.57)",45,0.08348794063079777,32,13,0.28888888888888886,-0.6284350332391094,0.03970572174363919,0.004883122707848513,water_per_diff_前5天,0.0008894691276850911,31 - 33日龄
"[-19.57, 8.82)",327,0.6066790352504638,278,49,0.14984709480122324,0.20657923700271108,0.024195146245073927,0.003019026982301023,water_per_diff_前5天,0.0007777654482662134,31 - 33日龄
"[8.82, 13.43)",38,0.07050092764378478,37,1,0.02631578947368421,2.0816963340669252,0.1521819484248982,0.01619389764111312,water_per_diff_前5天,0.0006137550086463421,31 - 33日龄
"[13.43, inf)",69,0.1280148423005566,54,15,0.21739130434782608,-0.2482877331152349,0.008529636429678291,0.001063474296729745,water_per_diff_前5天,0.0007770010177823854,31 - 33日龄
Special,0,0.0,0,0,0.0,0.0,0.0,0.0,water_per_diff_前5天,,31 - 33日龄
Missing,3,0.0055658627087198514,3,0,0.0,0.0,0.0,0.0,water_per_diff_前5天,0.0005416666666666334,31 - 33日龄
,539,1.0,443,96,0.17810760667903525,,0.29981030014752097,0.03434159686246227,water_per_diff_前5天,,31 - 33日龄
"(-inf, -20.43)",54,0.10018552875695733,40,14,0.25925925925925924,-0.4793994540786217,0.02662578796401676,0.003296714237058634,water_per_diff_前7天,0.0008887190259284055,31 - 33日龄
"[-20.43, -10.68)",65,0.12059369202226346,50,15,0.23076923076923078,-0.32524877425136345,0.014110327043213067,0.0017560573647714128,water_per_diff_前7天,0.0008742359828138478,31 - 33日龄
"[-10.68, -5.34)",48,0.08905380333951762,42,6,0.125,0.4166885704780139,0.013462427008953896,0.001670733757324793,water_per_diff_前7天,0.0007411517192869916,31 - 33日龄
"[-5.34, -2.33)",37,0.0686456400742115,36,1,0.02702702702702703,2.0542973598788103,0.14554171240864502,0.015545940609800989,water_per_diff_前7天,0.000649470863789708,31 - 33日龄
"[-2.33, 23.48)",295,0.5473098330241187,243,52,0.17627118644067796,0.01259614618182181,8.648595478489584e-05,1.0810672879374384e-05,water_per_diff_前7天,0.000758831241282599,31 - 33日龄
"[23.48, inf)",37,0.0686456400742115,29,8,0.21621621621621623,-0.24136729027066117,0.004313373321240184,0.0005378666676274114,water_per_diff_前7天,0.0009278036116578919,31 - 33日龄
Special,0,0.0,0,0,0.0,0.0,0.0,0.0,water_per_diff_前7天,,31 - 33日龄
Missing,3,0.0055658627087198514,3,0,0.0,0.0,0.0,0.0,water_per_diff_前7天,0.0005416666666666334,31 - 33日龄
,539,1.0,443,96,0.17810760667903525,,0.2041401137008538,0.022818123309462618,water_per_diff_前7天,,31 - 33日龄
"(-inf, -4.18)",115,0.21335807050092764,89,26,0.22608695652173913,-0.2986817468666414,0.020886933671496223,0.002601204897566531,water_per_shift_diff_前1天,0.0008628470362925417,31 - 33日龄
"[-4.18, 2.82)",105,0.19480519480519481,89,16,0.1523809523809524,0.18682606891505915,0.006396227340583298,0.0007983676629057697,water_per_shift_diff_前1天,0.0007588781817033086,31 - 33日龄
"[2.82, 5.20)",32,0.059369202226345084,30,2,0.0625,1.1788286225249107,0.055271451121959005,0.006534774641737701,water_per_shift_diff_前1天,0.0006775034713273219,31 - 33日龄
"[5.20, 13.51)",144,0.26716141001855287,119,25,0.1736111111111111,0.031026089666029266,0.0002546112042288408,3.1825124061943526e-05,water_per_shift_diff_前1天,0.0007475582226989603,31 - 33日龄
"[13.51, 19.67)",69,0.1280148423005566,57,12,0.17391304347826086,0.028923039469250567,0.00010609467073934997,1.3261371608274189e-05,water_per_shift_diff_前1天,0.0008198839341319261,31 - 33日龄
"[19.67, inf)",73,0.13543599257884972,58,15,0.2054794520547945,-0.17682876913308987,0.004478098766843917,0.0005590341974416359,water_per_shift_diff_前1天,0.0008042792107765328,31 - 33日龄
Special,0,0.0,0,0,0.0,0.0,0.0,0.0,water_per_shift_diff_前1天,,31 - 33日龄
Missing,1,0.0018552875695732839,1,0,0.0,0.0,0.0,0.0,water_per_shift_diff_前1天,0.0007083333333333,31 - 33日龄
,539,1.0,443,96,0.17810760667903525,,0.08739341677585064,0.010538467895321856,water_per_shift_diff_前1天,,31 - 33日龄
"(-inf, 8.74)",323,0.5992578849721707,259,64,0.19814241486068113,-0.13127660023743348,0.01076685434603481,0.0013448912133612843,water_per_shift_diff_前2天,0.0007878752482919328,31 - 33日龄
"[8.74, 10.38)",35,0.06493506493506493,34,1,0.02857142857142857,1.9971389460388622,0.13247575636699654,0.014260911125424613,water_per_shift_diff_前2天,0.0006281996168615686,31 - 33日龄
"[10.38, 14.59)",66,0.12244897959183673,57,9,0.13636363636363635,0.3166051119210316,0.01105527161405972,0.0013761660209775234,water_per_shift_diff_前2天,0.0007418011679873334,31 - 33日龄
"[14.59, inf)",113,0.20964749536178107,91,22,0.19469026548672566,-0.109404525418765,0.002598254577524287,0.0003246199429257704,water_per_shift_diff_前2天,0.0008640228764288283,31 - 33日龄
Special,0,0.0,0,0,0.0,0.0,0.0,0.0,water_per_shift_diff_前2天,,31 - 33日龄
Missing,2,0.0037105751391465678,2,0,0.0,0.0,0.0,0.0,water_per_shift_diff_前2天,0.0005833333333333,31 - 33日龄
,539,1.0,443,96,0.17810760667903525,,0.15689613690461537,0.01730658830268919,water_per_shift_diff_前2天,,31 - 33日龄
"(-inf, -13.63)",52,0.09647495361781076,47,5,0.09615384615384616,0.7114881106986586,0.03842852215657495,0.004704743901649162,water_per_shift_diff_前3天,0.0007614900542323115,31 - 33日龄
"[-13.63, -7.22)",54,0.10018552875695733,45,9,0.16666666666666666,0.08021633385680094,0.0006281047586134958,7.849205138491921e-05,water_per_shift_diff_前3天,0.0008054663216299926,31 - 33日龄
"[-7.22, 6.94)",245,0.45454545454545453,201,44,0.17959183673469387,-0.010106304436484637,4.65772119439189e-05,5.822126715592825e-06,water_per_shift_diff_前3天,0.0007905870033336299,31 - 33日龄
"[6.94, 9.06)",44,0.08163265306122448,27,17,0.38636363636363635,-1.0665980566291862,0.12386963416317606,0.014789118428673989,water_per_shift_diff_前3天,0.0010029222096721976,31 - 33日龄
"[9.06, 15.27)",77,0.14285714285714285,64,13,0.16883116883116883,0.06471214732083586,0.0005858299642240813,7.321597081796308e-05,water_per_shift_diff_前3天,0.0007107778276788131,31 - 33日龄
"[15.27, inf)",64,0.11873840445269017,56,8,0.125,0.4166885704780139,0.017949902678605203,0.002227645009766398,water_per_shift_diff_前3天,0.0007337636033914547,31 - 33日龄
Special,0,0.0,0,0,0.0,0.0,0.0,0.0,water_per_shift_diff_前3天,,31 - 33日龄
Missing,3,0.0055658627087198514,3,0,0.0,0.0,0.0,0.0,water_per_shift_diff_前3天,0.0005416666666666334,31 - 33日龄
,539,1.0,443,96,0.17810760667903525,,0.18150857093313771,0.021879037489008026,water_per_shift_diff_前3天,,31 - 33日龄
"(-inf, -17.63)",39,0.07235621521335807,25,14,0.358974358974359,-0.9494030833243573,0.08487656421179476,0.010228241907620329,water_per_shift_diff_前5天,0.0010084265827555948,31 - 33日龄
"[-17.63, -8.47)",108,0.20037105751391465,87,21,0.19444444444444445,-0.10783589764613866,0.0024113981062236166,0.0003012788005488584,water_per_shift_diff_前5天,0.0008087063649449222,31 - 33日龄
"[-8.47, 12.34)",361,0.6697588126159555,303,58,0.16066481994459833,0.12406821638565058,0.009901418510461304,0.0012368841129769999,water_per_shift_diff_前5天,0.0007674973739597168,31 - 33日龄
"[12.34, inf)",28,0.05194805194805195,25,3,0.10714285714285714,0.5910419576227917,0.01488445110548368,0.0018339395087660524,water_per_shift_diff_前5天,0.0006739408727771393,31 - 33日龄
Special,0,0.0,0,0,0.0,0.0,0.0,0.0,water_per_shift_diff_前5天,,31 - 33日龄
Missing,3,0.0055658627087198514,3,0,0.0,0.0,0.0,0.0,water_per_shift_diff_前5天,0.0005416666666666334,31 - 33日龄
,539,1.0,443,96,0.17810760667903525,,0.11207383193396338,0.01360034432991224,water_per_shift_diff_前5天,,31 - 33日龄
"(-inf, -14.29)",40,0.07421150278293136,26,14,0.35,-0.9101823701710758,0.07931564766398626,0.009585804290406855,water_per_shift_diff_前7天,0.000898596371916105,31 - 33日龄
"[-14.29, -1.69)",241,0.44712430426716143,207,34,0.14107883817427386,0.27713669007190833,0.03134470182575898,0.0039055970270320158,water_per_shift_diff_前7天,0.0007640290538300826,31 - 33日龄
"[-1.69, 0.85)",65,0.12059369202226346,63,2,0.03076923076923077,1.9207659672542878,0.23314037629248108,0.025354381255521204,water_per_shift_diff_前7天,0.0006040142031158031,31 - 33日龄
"[0.85, 7.80)",119,0.22077922077922077,96,23,0.19327731092436976,-0.10036760303861292,0.0022963148456680385,0.00028691893570756584,water_per_shift_diff_前7天,0.0008045171047498782,31 - 33日龄
"[7.80, 10.56)",32,0.059369202226345084,24,8,0.25,-0.43060928990918956,0.012555387497352218,0.0015574093605511064,water_per_shift_diff_前7天,0.0008470752639530062,31 - 33日龄
"[10.56, inf)",38,0.07050092764378478,23,15,0.39473684210526316,-1.1017775637503597,0.11494984599229559,0.013683396531170466,water_per_shift_diff_前7天,0.0010387819911158841,31 - 33日龄
Special,0,0.0,0,0,0.0,0.0,0.0,0.0,water_per_shift_diff_前7天,,31 - 33日龄
Missing,4,0.0074211502782931356,4,0,0.0,0.0,0.0,0.0,water_per_shift_diff_前7天,0.0006443452380952,31 - 33日龄
,539,1.0,443,96,0.17810760667903525,,0.4736022741175422,0.05437350740038921,water_per_shift_diff_前7天,,31 - 33日龄
"(-inf, 21.78)",237,0.6909620991253644,201,36,0.1518987341772152,-0.1204258830110363,0.01046541780911031,0.0013073873113652566,water_per_diff,0.0007768646841050928,34 - 35日龄
"[21.78, 24.26)",20,0.05830903790087463,18,2,0.1,0.3570127247222177,0.006518202420891556,0.0008104756208787848,water_per_diff,0.0007084883205864449,34 - 35日龄
"[24.26, 43.54)",63,0.1836734693877551,60,3,0.047619047619047616,1.155520420939989,0.16047048973950975,0.01901240811641992,water_per_diff,0.0006875894612875016,34 - 35日龄
"[43.54, inf)",23,0.06705539358600583,17,6,0.2608695652173913,-0.7987579777858407,0.05609448995807692,0.006831160153491257,water_per_diff,0.0008603762581747956,34 - 35日龄
Special,0,0.0,0,0,0.0,0.0,0.0,0.0,water_per_diff,,34 - 35日龄
Missing,0,0.0,0,0,0.0,0.0,0.0,0.0,water_per_diff,,34 - 35日龄
,343,1.0,296,47,0.13702623906705538,,0.23354859992758853,0.027961431202155218,water_per_diff,,34 - 35日龄
"(-inf, -20.43)",30,0.08746355685131195,25,5,0.16666666666666666,-0.2307739401799016,0.0050593769231505135,0.0006310224808907076,water_per_shift_diff,0.0008394445075737666,34 - 35日龄
"[-20.43, 4.23)",164,0.478134110787172,144,20,0.12195121951219512,0.13386917340800797,0.008159938114576678,0.0010192313112924786,water_per_shift_diff,0.0007492897120277975,34 - 35日龄
"[4.23, 9.38)",35,0.10204081632653061,34,1,0.02857142857142857,1.6861486720021597,0.157803735691979,0.01767746915809335,water_per_shift_diff,0.0006806571439918857,34 - 35日龄
"[9.38, 14.95)",38,0.11078717201166181,35,3,0.07894736842105263,0.6165239202073021,0.033547197210819994,0.004128223427410767,water_per_shift_diff,0.0007021549847147711,34 - 35日龄
"[14.95, 25.45)",52,0.15160349854227406,41,11,0.21153846153846154,-0.5245350587080646,0.050108330435812094,0.006192709287308317,water_per_shift_diff,0.0008150059107674827,34 - 35日龄
"[25.45, inf)",24,0.06997084548104957,17,7,0.2916666666666667,-0.9529086576130992,0.08719470393483862,0.010504821435787237,water_per_shift_diff,0.0008517267385504417,34 - 35日龄
Special,0,0.0,0,0,0.0,0.0,0.0,0.0,water_per_shift_diff,,34 - 35日龄
Missing,0,0.0,0,0,0.0,0.0,0.0,0.0,water_per_shift_diff,,34 - 35日龄
,343,1.0,296,47,0.13702623906705538,,0.3418732823111769,0.04015347710078286,water_per_shift_diff,,34 - 35日龄
"(-inf, -17.91)",25,0.0728862973760933,20,5,0.2,-0.4539174914941113,0.01761899406316992,0.002183659436478594,water_per_diff_前1天,0.0007998147359944439,34 - 35日龄
"[-17.91, 3.50)",89,0.2594752186588921,74,15,0.16853932584269662,-0.2441969605120422,0.016885960035407176,0.0021055160802898668,water_per_diff_前1天,0.0007784135527530056,34 - 35日龄
"[3.50, 22.05)",133,0.3877551020408163,118,15,0.11278195488721804,0.2224225707494527,0.017682530423296056,0.0022057713630002362,water_per_diff_前1天,0.0007564233429099541,34 - 35日龄
"[22.05, 27.70)",40,0.11661807580174927,38,2,0.05,1.1042271265524384,0.0947704995042849,0.011278916311319064,water_per_diff_前1天,0.00063613317286243,34 - 35日龄
"[27.70, 38.93)",36,0.10495626822157435,32,4,0.1111111111111111,0.23922968906583386,0.005502695550680491,0.0006862013943716109,water_per_diff_前1天,0.0007002618135875167,34 - 35日龄
"[38.93, inf)",20,0.05830903790087463,14,6,0.3,-0.9929139922267982,0.07979282945008338,0.009583572840316797,water_per_diff_前1天,0.001043012756910925,34 - 35日龄
Special,0,0.0,0,0,0.0,0.0,0.0,0.0,water_per_diff_前1天,,34 - 35日龄
Missing,0,0.0,0,0,0.0,0.0,0.0,0.0,water_per_diff_前1天,,34 - 35日龄
,343,1.0,296,47,0.13702623906705538,,0.23225350902692193,0.028043637425776168,water_per_diff_前1天,,34 - 35日龄
"(-inf, -24.84)",18,0.052478134110787174,12,6,0.3333333333333333,-1.1470646720540567,0.0999311660817651,0.011848680313421714,water_per_diff_前2天,0.00093263871989635,34 - 35日龄
"[-24.84, 7.16)",114,0.3323615160349854,99,15,0.13157894736842105,0.04685779641837806,0.000717417383346358,8.96689696537876e-05,water_per_diff_前2天,0.0007978808891450157,34 - 35日龄
"[7.16, 15.73)",63,0.1836734693877551,57,6,0.09523809523809523,0.4110799459924934,0.026682374297816388,0.0033120092314817325,water_per_diff_前2天,0.0006793559396316523,34 - 35日龄
"[15.73, 23.39)",59,0.17201166180758018,56,3,0.05084745762711865,1.0865275494530373,0.13620644380722385,0.016234828048429385,water_per_diff_前2天,0.0006439935392325339,34 - 35日龄
"[23.39, 38.74)",68,0.19825072886297376,60,8,0.11764705882352941,0.17469116792826278,0.005675704995944147,0.0007085623866880551,water_per_diff_前2天,0.0007304453375835426,34 - 35日龄
"[38.74, inf)",18,0.052478134110787174,9,9,0.5,-1.8402118526140019,0.29642860564318413,0.03257624632798829,water_per_diff_前2天,0.0011691481038801667,34 - 35日龄
Special,0,0.0,0,0,0.0,0.0,0.0,0.0,water_per_diff_前2天,,34 - 35日龄
Missing,3,0.008746355685131196,3,0,0.0,0.0,0.0,0.0,water_per_diff_前2天,0.0007125254620217334,34 - 35日龄
,343,1.0,296,47,0.13702623906705538,,0.5656417122092801,0.06476999527766297,water_per_diff_前2天,,34 - 35日龄
"(-inf, -23.21)",21,0.061224489795918366,14,7,0.3333333333333333,-1.1470646720540567,0.11658636042872594,0.01382346036565867,water_per_diff_前3天,0.0009951180604189952,34 - 35日龄
"[-23.21, 10.71)",144,0.4198250728862974,123,21,0.14583333333333334,-0.07254993496500739,0.0022684891970800847,0.00028349897757416406,water_per_diff_前3天,0.000776104260914566,34 - 35日龄
"[10.71, 16.32)",48,0.13994169096209913,43,5,0.10416666666666667,0.31155035064546,0.012115349317078344,0.001508323445690041,water_per_diff_前3天,0.000679132098338123,34 - 35日龄
"[16.32, 21.94)",44,0.1282798833819242,43,1,0.022727272727272728,1.9209882630795605,0.23819039345976434,0.025902819925252205,water_per_diff_前3天,0.0006412733083416273,34 - 35日龄
"[21.94, 34.08)",60,0.1749271137026239,54,6,0.1,0.3570127247222177,0.019554607262674654,0.0024314268626363343,water_per_diff_前3天,0.000702883136906295,34 - 35日龄
"[34.08, inf)",22,0.0641399416909621,15,7,0.3181818181818182,-1.078071800567105,0.10593186827021508,0.012635334040709365,water_per_diff_前3天,0.0010567131975423817,34 - 35日龄
Special,0,0.0,0,0,0.0,0.0,0.0,0.0,water_per_diff_前3天,,34 - 35日龄
Missing,4,0.011661807580174927,4,0,0.0,0.0,0.0,0.0,water_per_diff_前3天,0.0006254872139252,34 - 35日龄
,343,1.0,296,47,0.13702623906705538,,0.4946470679355385,0.056584863617520784,water_per_diff_前3天,,34 - 35日龄
"(-inf, -29.09)",19,0.05539358600583091,12,7,0.3684210526315789,-1.3012153518813148,0.14104605740634146,0.016483539790912258,water_per_diff_前5天,0.0009761652394715526,34 - 35日龄
"[-29.09, -18.62)",45,0.13119533527696792,38,7,0.15555555555555556,-0.14853584194292946,0.003053568918608235,0.00038134561304085154,water_per_diff_前5天,0.0007669073060509245,34 - 35日龄
"[-18.62, -7.24)",78,0.22740524781341107,68,10,0.1282051282051282,0.07671075956805917,0.0013013038569624782,0.00016262311064600167,water_per_diff_前5天,0.0007305101924999487,34 - 35日龄
"[-7.24, -3.14)",26,0.07580174927113703,24,2,0.07692307692307693,0.6446947971739985,0.02483872996587574,0.0030521648112050125,water_per_diff_前5天,0.0007253323698765153,34 - 35日龄
"[-3.14, 0.49)",26,0.07580174927113703,25,1,0.038461538461538464,1.3786639722541987,0.08710793786741236,0.010100599493543042,water_per_diff_前5天,0.0007040848072201269,34 - 35日龄
"[0.49, inf)",144,0.4198250728862974,124,20,0.1388888888888889,-0.015662560562956118,0.00010357644995629287,1.2946923907907219e-05,water_per_diff_前5天,0.0007695411649049181,34 - 35日龄
Special,0,0.0,0,0,0.0,0.0,0.0,0.0,water_per_diff_前5天,,34 - 35日龄
Missing,5,0.014577259475218658,5,0,0.0,0.0,0.0,0.0,water_per_diff_前5天,0.00067538977114016,34 - 35日龄
,343,1.0,296,47,0.13702623906705538,,0.25745117446515653,0.030193219743255076,water_per_diff_前5天,,34 - 35日龄
"(-inf, -26.32)",38,0.11078717201166181,28,10,0.2631578947368421,-0.8105924354328435,0.09578881281279432,0.01165619866608611,water_per_diff_前7天,0.0008665596149826368,34 - 35日龄
"[-26.32, -19.57)",28,0.08163265306122448,24,4,0.14285714285714285,-0.04845238338594693,0.0001950354707887445,2.4377049379540076e-05,water_per_diff_前7天,0.000837583446957,34 - 35日龄
"[-19.57, 5.08)",191,0.5568513119533528,167,24,0.1256544502617801,0.09972812945480758,0.005340530221667031,0.0006672897729635852,water_per_diff_前7天,0.0007497214473795921,34 - 35日龄
"[5.08, 20.43)",60,0.1749271137026239,53,7,0.11666666666666667,0.18416991188280663,0.005546808013146641,0.0006923727660812992,water_per_diff_前7天,0.00072387963324977,34 - 35日龄
"[20.43, inf)",20,0.05830903790087463,19,1,0.05,1.1042271265524384,0.04738524975214245,0.005639458155659532,water_per_diff_前7天,0.000675268067972175,34 - 35日龄
Special,0,0.0,0,0,0.0,0.0,0.0,0.0,water_per_diff_前7天,,34 - 35日龄
Missing,6,0.01749271137026239,5,1,0.16666666666666666,-0.2307739401799016,0.0010118753846301016,0.00012620449617814565,water_per_diff_前7天,0.0008128248092834667,34 - 35日龄
,343,1.0,296,47,0.13702623906705538,,0.1552683116551693,0.018805900906348212,water_per_diff_前7天,,34 - 35日龄
"(-inf, -20.39)",29,0.08454810495626822,19,10,0.3448275862068966,-1.1983579664416073,0.17804815386966663,0.021013142058553466,water_per_shift_diff_前1天,0.0008676011186731793,34 - 35日龄
"[-20.39, -15.65)",18,0.052478134110787174,15,3,0.16666666666666666,-0.2307739401799016,0.0030356261538903037,0.00037861348853443673,water_per_shift_diff_前1天,0.0008848667934535611,34 - 35日龄
"[-15.65, -12.57)",19,0.05539358600583091,17,2,0.10526315789473684,0.2998543108822689,0.004461604539435718,0.0005556205690037293,water_per_shift_diff_前1天,0.0006415474007147685,34 - 35日龄
"[-12.57, -6.95)",41,0.119533527696793,40,1,0.024390243902439025,1.8486676014999344,0.21048659292523694,0.02310650651854731,water_per_shift_diff_前1天,0.0006923623571406415,34 - 35日龄
"[-6.95, 9.81)",143,0.41690962099125367,126,17,0.11888111888111888,0.16285671028125992,0.010418521574922467,0.001300877919144931,water_per_shift_diff_前1天,0.0007496375935047532,34 - 35日龄
"[9.81, inf)",90,0.26239067055393583,76,14,0.15555555555555556,-0.14853584194292946,0.00610713783721647,0.0007626912260817031,water_per_shift_diff_前1天,0.0007821493589610077,34 - 35日龄
Special,0,0.0,0,0,0.0,0.0,0.0,0.0,water_per_shift_diff_前1天,,34 - 35日龄
Missing,3,0.008746355685131196,3,0,0.0,0.0,0.0,0.0,water_per_shift_diff_前1天,0.0007125254620217334,34 - 35日龄
,343,1.0,296,47,0.13702623906705538,,0.41255763690036856,0.04711745177986558,water_per_shift_diff_前1天,,34 - 35日龄
"(-inf, -10.45)",64,0.18658892128279883,58,6,0.09375,0.42847168870436225,0.029258776902612457,0.0036296245499427594,water_per_shift_diff_前2天,0.0007249819696597844,34 - 35日龄
"[-10.45, 19.49)",247,0.7201166180758017,215,32,0.12955465587044535,0.06469027271393446,0.0029434260083324075,0.00036786410955854526,water_per_shift_diff_前2天,0.0007598520671808636,34 - 35日龄
"[19.49, inf)",28,0.08163265306122448,19,9,0.32142857142857145,-1.092997450783781,0.13913876404097725,0.0165752281662151,water_per_shift_diff_前2天,0.0008860439655774464,34 - 35日龄
Special,0,0.0,0,0,0.0,0.0,0.0,0.0,water_per_shift_diff_前2天,,34 - 35日龄
Missing,4,0.011661807580174927,4,0,0.0,0.0,0.0,0.0,water_per_shift_diff_前2天,0.0006254872139252,34 - 35日龄
,343,1.0,296,47,0.13702623906705538,,0.1713409669519221,0.020572716825716406,water_per_shift_diff_前2天,,34 - 35日龄
"(-inf, -14.78)",19,0.05539358600583091,18,1,0.05263157894736842,1.0501599052821626,0.04151724754925171,0.004963603338111811,water_per_shift_diff_前3天,0.0006928715909782737,34 - 35日龄
"[-14.78, 4.06)",127,0.37026239067055394,111,16,0.12598425196850394,0.0967296264585511,0.0033443753828754394,0.00041788401963199946,water_per_shift_diff_前3天,0.0007256248971529362,34 - 35日龄
"[4.06, 14.82)",104,0.3032069970845481,88,16,0.15384615384615385,-0.13546376037557661,0.00584231283965971,0.0007297312368060738,water_per_shift_diff_前3天,0.0007630024260533289,34 - 35日龄
"[14.82, 18.47)",30,0.08746355685131195,20,10,0.3333333333333333,-1.1470646720540567,0.1665519434696085,0.019747800522369525,water_per_shift_diff_前3天,0.00097456770317308,34 - 35日龄
"[18.47, inf)",59,0.17201166180758018,55,4,0.06779661016949153,0.7808269714985785,0.07863273340062595,0.009586767382068605,water_per_shift_diff_前3天,0.000762429357903717,34 - 35日龄
Special,0,0.0,0,0,0.0,0.0,0.0,0.0,water_per_shift_diff_前3天,,34 - 35日龄
Missing,4,0.011661807580174927,4,0,0.0,0.0,0.0,0.0,water_per_shift_diff_前3天,0.0006254872139252,34 - 35日龄
,343,1.0,296,47,0.13702623906705538,,0.2958886126420213,0.03544578649898801,water_per_shift_diff_前3天,,34 - 35日龄
"(-inf, -19.04)",20,0.05830903790087463,19,1,0.05,1.1042271265524384,0.04738524975214245,0.005639458155659532,water_per_shift_diff_前5天,0.000670120515456425,34 - 35日龄
"[-19.04, -6.26)",51,0.14868804664723032,43,8,0.1568627450980392,-0.15845327860027547,0.003952220218106351,0.0004935113515628841,water_per_shift_diff_前5天,0.0007567983918139432,34 - 35日龄
"[-6.26, 0.04)",51,0.14868804664723032,41,10,0.19607843137254902,-0.42922487890373984,0.03187099625557526,0.00395357161203579,water_per_shift_diff_前5天,0.0007795422453754353,34 - 35日龄
"[0.04, 1.45)",23,0.06705539358600583,12,11,0.4782608695652174,-1.7532004756243722,0.33924782061391673,0.037692942746555456,water_per_shift_diff_前5天,0.0009929984121327174,34 - 35日龄
"[1.45, 3.00)",23,0.06705539358600583,20,3,0.13043478260869565,0.05690813227187941,0.00021271009762347228,2.658517492335063e-05,water_per_shift_diff_前5天,0.000788971501676239,34 - 35日龄
"[3.00, inf)",169,0.49271137026239065,156,13,0.07692307692307693,0.6446947971739985,0.16145174477819219,0.019839071272832534,water_per_shift_diff_前5天,0.0007323990938738178,34 - 35日龄
Special,0,0.0,0,0,0.0,0.0,0.0,0.0,water_per_shift_diff_前5天,,34 - 35日龄
Missing,6,0.01749271137026239,5,1,0.16666666666666666,-0.2307739401799016,0.0010118753846301016,0.00012620449617814565,water_per_shift_diff_前5天,0.0008128248092834667,34 - 35日龄
,343,1.0,296,47,0.13702623906705538,,0.5851326171001865,0.0677713448097477,water_per_shift_diff_前5天,,34 - 35日龄
"(-inf, -18.13)",22,0.0641399416909621,17,5,0.22727272727272727,-0.616436420991886,0.03017489956120431,0.0037132543241278106,water_per_shift_diff_前7天,0.0009753229146232046,34 - 35日龄
"[-18.13, -8.54)",69,0.20116618075801748,58,11,0.15942028985507245,-0.17766411486595302,0.006768400005675324,0.0008449390381485341,water_per_shift_diff_前7天,0.0008450461484216855,34 - 35日龄
"[-8.54, 1.91)",132,0.3848396501457726,118,14,0.10606060606060606,0.29141544223640437,0.02936777242779176,0.0036580368856793284,water_per_shift_diff_前7天,0.0007200691587026545,34 - 35日龄
"[1.91, 6.76)",51,0.14868804664723032,49,2,0.0392156862745098,1.3584612649366796,0.16707354976327335,0.01941330002116407,water_per_shift_diff_前7天,0.000625889099469151,34 - 35日龄
"[6.76, 11.82)",38,0.11078717201166181,30,8,0.21052631578947367,-0.5184560126316824,0.035701614440853326,0.004413382391868351,water_per_shift_diff_前7天,0.0008006790473304316,34 - 35日龄
"[11.82, inf)",25,0.0728862973760933,19,6,0.24,-0.6875323426756164,0.04363794268132326,0.005349783643799949,water_per_shift_diff_前7天,0.000774238900201108,34 - 35日龄
Special,0,0.0,0,0,0.0,0.0,0.0,0.0,water_per_shift_diff_前7天,,34 - 35日龄
Missing,6,0.01749271137026239,5,1,0.16666666666666666,-0.2307739401799016,0.0010118753846301016,0.00012620449617814565,water_per_shift_diff_前7天,0.0008128248092834667,34 - 35日龄
,343,1.0,296,47,0.13702623906705538,,0.31373605426475143,0.03751890080096618,water_per_shift_diff_前7天,,34 - 35日龄
"(-inf, -0.26)",513,0.6271393643031785,435,78,0.15204678362573099,-0.022691411202070633,0.00032549155412806696,4.068557139451801e-05,water_per_diff,0.0006308124090044707,10 - 12日龄
"[-0.26, 1.25)",57,0.06968215158924206,50,7,0.12280701754385964,0.2247842407716698,0.0032508367211655604,0.00040550123457362697,water_per_diff,0.0006350553958437658,10 - 12日龄
"[1.25, 2.76)",54,0.06601466992665037,53,1,0.018518518518518517,2.228963297950959,0.15146408315876478,0.015785630935187242,water_per_diff,0.0005195267596497871,10 - 12日龄
"[2.76, 8.80)",107,0.13080684596577016,92,15,0.14018691588785046,0.07240976034566726,0.0006685657164005454,8.355246201224159e-05,water_per_diff,0.0006814092980104913,10 - 12日龄
"[8.80, inf)",87,0.10635696821515893,66,21,0.2413793103448276,-0.5961963112981608,0.04608809811759381,0.005677177379031336,water_per_diff,0.000812852732320216,10 - 12日龄
Special,0,0.0,0,0,0.0,0.0,0.0,0.0,water_per_diff,,10 - 12日龄
Missing,0,0.0,0,0,0.0,0.0,0.0,0.0,water_per_diff,,10 - 12日龄
,818,1.0,696,122,0.1491442542787286,,0.20179707526805277,0.021992547582198964,water_per_diff,,10 - 12日龄
"(-inf, -9.74)",67,0.08190709046454768,51,16,0.23880597014925373,-0.5820917051166186,0.03368662425738488,0.004152368999732531,water_per_shift_diff,0.000684313442385494,10 - 12日龄
"[-9.74, -7.12)",46,0.05623471882640587,39,7,0.15217391304347827,-0.023677118526830077,3.178810429690289e-05,3.973420224082417e-06,water_per_shift_diff,0.0006204753361746565,10 - 12日龄
"[-7.12, -5.76)",56,0.06845965770171149,54,2,0.03571428571428571,1.554508250403166,0.0951246569282887,0.010821579959955571,water_per_shift_diff,0.0005134397520690488,10 - 12日龄
"[-5.76, -4.62)",41,0.05012224938875306,38,3,0.07317073170731707,0.797645255457113,0.023935369687496752,0.0029150458961488346,water_per_shift_diff,0.0005589210406362261,10 - 12日龄
"[-4.62, 4.36)",400,0.4889975550122249,343,57,0.1425,0.05335056373022673,0.001365933266788117,0.00017072141210401192,water_per_shift_diff,0.0006402269699483583,10 - 12日龄
"[4.36, inf)",208,0.254278728606357,171,37,0.1778846153846154,-0.2105829717427279,0.012127269783092368,0.0015131139495922017,water_per_shift_diff,0.0007179726352754825,10 - 12日龄
Special,0,0.0,0,0,0.0,0.0,0.0,0.0,water_per_shift_diff,,10 - 12日龄
Missing,0,0.0,0,0,0.0,0.0,0.0,0.0,water_per_shift_diff,,10 - 12日龄
,818,1.0,696,122,0.1491442542787286,,0.16627164202734773,0.01957680363775723,water_per_shift_diff,,10 - 12日龄
"(-inf, -19.09)",41,0.05012224938875306,40,1,0.024390243902439025,1.947550838512773,0.09596467764671003,0.010399384009102756,water_per_diff_前1天,0.0005133333981107822,10 - 12日龄
"[-19.09, -12.29)",85,0.1039119804400978,76,9,0.10588235294117647,0.3921801473489488,0.013892946617976704,0.001725574004607969,water_per_diff_前1天,0.0005666376508416165,10 - 12日龄
"[-12.29, 5.86)",589,0.7200488997555012,501,88,0.1494057724957555,-0.0020593289945047832,3.0558160602457635e-06,3.819769399948658e-07,water_per_diff_前1天,0.0006511236632741319,10 - 12日龄
"[5.86, 9.30)",48,0.05867970660146699,40,8,0.16666666666666666,-0.13189070316706286,0.0010686452301081025,0.00013348391887247225,water_per_diff_前1天,0.0006506689202590021,10 - 12日龄
"[9.30, inf)",55,0.06723716381418093,39,16,0.2909090909090909,-0.850355691711298,0.06387281658345886,0.00775192022853532,water_per_diff_前1天,0.0008642461003178672,10 - 12日龄
Special,0,0.0,0,0,0.0,0.0,0.0,0.0,water_per_diff_前1天,,10 - 12日龄
Missing,0,0.0,0,0,0.0,0.0,0.0,0.0,water_per_diff_前1天,,10 - 12日龄
,818,1.0,696,122,0.1491442542787286,,0.17480214189431395,0.020010744138058513,water_per_diff_前1天,,10 - 12日龄
"(-inf, -0.02)",446,0.5452322738386308,376,70,0.15695067264573992,-0.06023471426062765,0.002020308863461782,0.00025250043711426765,water_per_diff_前2天,0.0006565131821419743,10 - 12日龄
"[-0.02, 0.28)",41,0.05012224938875306,40,1,0.024390243902439025,1.947550838512773,0.09596467764671003,0.010399384009102756,water_per_diff_前2天,0.00046268829736888136,10 - 12日龄
"[0.28, 2.84)",119,0.14547677261613692,106,13,0.1092436974789916,0.35716112104936704,0.01633707596282909,0.0020313489657811414,water_per_diff_前2天,0.0005600343576070076,10 - 12日龄
"[2.84, 5.32)",42,0.05134474327628362,37,5,0.11904761904761904,0.26015138460896114,0.003167944833305842,0.0003948801894789822,water_per_diff_前2天,0.0006757438536648691,10 - 12日龄
"[5.32, 12.44)",94,0.11491442542787286,78,16,0.1702127659574468,-0.1572085111513526,0.002999314443955995,0.0003745287058815102,water_per_diff_前2天,0.0006666673586679437,10 - 12日龄
"[12.44, inf)",45,0.0550122249388753,32,13,0.28888888888888886,-0.8405420702629732,0.05092034588082643,0.006184047855008859,water_per_diff_前2天,0.0009393269233467155,10 - 12日龄
Special,0,0.0,0,0,0.0,0.0,0.0,0.0,water_per_diff_前2天,,10 - 12日龄
Missing,31,0.037897310513447434,27,4,0.12903225806451613,0.1682138892832754,0.0010103293237053706,0.0001261424789790542,water_per_diff_前2天,0.0006371444484021291,10 - 12日龄
,818,1.0,696,122,0.1491442542787286,,0.17241999695479454,0.01976283264134657,water_per_diff_前2天,,10 - 12日龄
"(-inf, -11.15)",49,0.05990220048899755,39,10,0.20408163265306123,-0.3803520624655625,0.009863567476318636,0.0012255673030076818,water_per_diff_前3天,0.0006975451897196791,10 - 12日龄
"[-11.15, -6.36)",69,0.0843520782396088,62,7,0.10144927536231885,0.43989562038861507,0.013946191469829379,0.0017293527961657982,water_per_diff_前3天,0.0005347694661213478,10 - 12日龄
"[-6.36, -4.24)",50,0.061124694376528114,49,1,0.02,2.1504916825094633,0.13377257710353052,0.014098668727192976,water_per_diff_前3天,0.0005439018998527146,10 - 12日龄
"[-4.24, 3.16)",416,0.508557457212714,371,45,0.10817307692307693,0.3682109572359522,0.06045785243291461,0.007514827032188608,water_per_diff_前3天,0.0005805669033047591,10 - 12日龄
"[3.16, 11.08)",125,0.1528117359413203,95,30,0.24,-0.5886491056627776,0.06440256019887887,0.007936068000297666,water_per_diff_前3天,0.000756344240347917,10 - 12日龄
"[11.08, inf)",49,0.05990220048899755,33,16,0.32653061224489793,-1.017409776374464,0.0851915337057476,0.010212179620670593,water_per_diff_前3天,0.001080705299713743,10 - 12日龄
Special,0,0.0,0,0,0.0,0.0,0.0,0.0,water_per_diff_前3天,,10 - 12日龄
Missing,60,0.07334963325183375,47,13,0.21666666666666667,-0.45613037135264145,0.017802148702923643,0.002206176302039682,water_per_diff_前3天,0.0007366837841157033,10 - 12日龄
,818,1.0,696,122,0.1491442542787286,,0.38543643109014325,0.044922839781563,water_per_diff_前3天,,10 - 12日龄
"(-inf, -4.43)",100,0.12224938875305623,92,8,0.08,0.7010184197680411,0.04669493336875873,0.005720211827224667,water_per_diff_前5天,0.000542159166703695,10 - 12日龄
"[-4.43, 0.10)",308,0.3765281173594132,281,27,0.08766233766233766,0.6011891877282536,0.10967143063301596,0.013506139065898148,water_per_diff_前5天,0.0005569002805790287,10 - 12日龄
"[0.10, 0.52)",94,0.11491442542787286,83,11,0.11702127659574468,0.279616719397064,0.008133753732225696,0.0010134199145695232,water_per_diff_前5天,0.0005908990792341667,10 - 12日龄
"[0.52, 4.24)",150,0.18337408312958436,122,28,0.18666666666666668,-0.26951208104311064,0.014613171531968162,0.0018211380385256722,water_per_diff_前5天,0.000700572865709722,10 - 12日龄
"[4.24, inf)",50,0.061124694376528114,34,16,0.32,-0.987556813224783,0.08127292974861956,0.009765424224791925,water_per_diff_前5天,0.00110675091021176,10 - 12日龄
Special,0,0.0,0,0,0.0,0.0,0.0,0.0,water_per_diff_前5天,,10 - 12日龄
Missing,116,0.14180929095354522,84,32,0.27586206896551724,-0.7762477195575761,0.10992088962644025,0.013405211658103725,water_per_diff_前5天,0.0007739582680921527,10 - 12日龄
,818,1.0,696,122,0.1491442542787286,,0.3703071086410284,0.04523154472911366,water_per_diff_前5天,,10 - 12日龄
"(-inf, -2.71)",45,0.0550122249388753,43,2,0.044444444444444446,1.3267243195324538,0.06021758441066137,0.007019571661996287,water_per_diff_前7天,0.0004332114793829866,10 - 12日龄
"[-2.71, -0.47)",80,0.097799511002445,72,8,0.1,0.4558959617350564,0.017266834051016824,0.0021398549129244618,water_per_diff_前7天,0.0005042492795726188,10 - 12日龄
"[-0.47, -0.09)",59,0.07212713936430318,41,18,0.3050847457627119,-0.91812830679302,0.0813764089519063,0.00982918529397752,water_per_diff_前7天,0.0009804853030773,10 - 12日龄
"[-0.09, 0.95)",369,0.4511002444987775,319,50,0.13550135501355012,0.11183948175553549,0.00542390929278894,0.0006776355353759443,water_per_diff_前7天,0.0006341031403083119,10 - 12日龄
"[0.95, 2.18)",64,0.07823960880195599,59,5,0.078125,0.7267709158704561,0.03182276080184609,0.003892548613698952,water_per_diff_前7天,0.0006263866576921296,10 - 12日龄
"[2.18, inf)",49,0.05990220048899755,48,1,0.02040816326530612,2.129872395306728,0.12942978094713012,0.013680611397473159,water_per_diff_前7天,0.0005529799258006285,10 - 12日龄
Special,0,0.0,0,0,0.0,0.0,0.0,0.0,water_per_diff_前7天,,10 - 12日龄
Missing,152,0.18581907090464547,114,38,0.25,-0.6427163269330534,0.09491782951456204,0.011664641559680913,water_per_diff_前7天,0.0007410291970563107,10 - 12日龄
,818,1.0,696,122,0.1491442542787286,,0.4204551079699117,0.048904048975127234,water_per_diff_前7天,,10 - 12日龄
"(-inf, -9.53)",124,0.15158924205378974,96,28,0.22580645161290322,-0.5091849343085308,0.0466297113385992,0.005766552079003794,water_per_shift_diff_前1天,0.0007905591186578898,10 - 12日龄
"[-9.53, -6.98)",84,0.10268948655256724,71,13,0.15476190476190477,-0.043598096021384425,0.00019819183465534136,2.4772017425441677e-05,water_per_shift_diff_前1天,0.000646606934808531,10 - 12日龄
"[-6.98, 0.07)",285,0.3484107579462103,256,29,0.10175438596491228,0.43655299889192545,0.0568004231646645,0.007044204811930816,water_per_shift_diff_前1天,0.0005633037766487541,10 - 12日龄
"[0.07, 1.07)",46,0.05623471882640587,45,1,0.021739130434782608,2.0653338741691565,0.11660555154473969,0.01243624300562671,water_per_shift_diff_前1天,0.0005051121467579841,10 - 12日龄
"[1.07, 10.10)",196,0.2396088019559902,166,30,0.15306122448979592,-0.030538208906775388,0.00022585730159994927,2.8231065717304517e-05,water_per_shift_diff_前1天,0.0006643426251757383,10 - 12日龄
"[10.10, inf)",52,0.06356968215158924,35,17,0.3269230769230769,-1.0191938981679658,0.09076625515764736,0.01087888584015518,water_per_shift_diff_前1天,0.0008731667352748115,10 - 12日龄
Special,0,0.0,0,0,0.0,0.0,0.0,0.0,water_per_shift_diff_前1天,,10 - 12日龄
Missing,31,0.037897310513447434,27,4,0.12903225806451613,0.1682138892832754,0.0010103293237053706,0.0001261424789790542,water_per_shift_diff_前1天,0.0006371444484021291,10 - 12日龄
,818,1.0,696,122,0.1491442542787286,,0.31223631966561144,0.0363050312988383,water_per_shift_diff_前1天,,10 - 12日龄
"(-inf, -11.87)",54,0.06601466992665037,40,14,0.25925925925925924,-0.6915064911024855,0.03961145153479472,0.004855077974682945,water_per_shift_diff_前2天,0.0009229138292752699,10 - 12日龄
"[-11.87, -0.41)",351,0.4290953545232274,295,56,0.15954415954415954,-0.07970494999649258,0.002802889823458715,0.00035026851561006066,water_per_shift_diff_前2天,0.0006444987478469102,10 - 12日龄
"[-0.41, 1.16)",111,0.1356968215158924,103,8,0.07207207207207207,0.8139588309486365,0.06708220156136423,0.008161202585579772,water_per_shift_diff_前2天,0.0005607062918689177,10 - 12日龄
"[1.16, 2.68)",50,0.061124694376528114,49,1,0.02,2.1504916825094633,0.13377257710353052,0.014098668727192976,water_per_shift_diff_前2天,0.000492602696013982,10 - 12日龄
"[2.68, 6.37)",81,0.09902200488997555,72,9,0.1111111111111111,0.3381129260786726,0.010034442407648572,0.0012483645520587044,water_per_shift_diff_前2天,0.0005537207093867552,10 - 12日龄
"[6.37, inf)",111,0.1356968215158924,90,21,0.1891891891891892,-0.28604138299432114,0.012248521629067158,0.001525866828345289,water_per_shift_diff_前2天,0.0007163153695667531,10 - 12日龄
Special,0,0.0,0,0,0.0,0.0,0.0,0.0,water_per_shift_diff_前2天,,10 - 12日龄
Missing,60,0.07334963325183375,47,13,0.21666666666666667,-0.45613037135264145,0.017802148702923643,0.002206176302039682,water_per_shift_diff_前2天,0.0007366837841157033,10 - 12日龄
,818,1.0,696,122,0.1491442542787286,,0.2833542327627876,0.03244562548550943,water_per_shift_diff_前2天,,10 - 12日龄
"(-inf, -10.88)",53,0.0647921760391198,40,13,0.24528301886792453,-0.6173985189487636,0.030305693270426388,0.0037291690492683004,water_per_shift_diff_前3天,0.0007416366920062221,10 - 12日龄
"[-10.88, -6.76)",80,0.097799511002445,69,11,0.1375,0.09488261619772564,0.0008514762759405858,0.00010639462748309857,water_per_shift_diff_前3天,0.0006274023074141374,10 - 12日龄
"[-6.76, 0.00)",255,0.3117359413202934,222,33,0.12941176470588237,0.16484120480463593,0.00799046541096526,0.0009976788672937161,water_per_shift_diff_前3天,0.0006377334411909102,10 - 12日龄
"[0.00, 0.08)",41,0.05012224938875306,40,1,0.024390243902439025,1.947550838512773,0.09596467764671003,0.010399384009102756,water_per_shift_diff_前3天,0.00039103455845748534,10 - 12日龄
"[0.08, 5.65)",187,0.22860635696821516,164,23,0.12299465240641712,0.22304359629388548,0.010507047121437988,0.0013106651999654825,water_per_shift_diff_前3天,0.0006108398473518963,10 - 12日龄
"[5.65, inf)",115,0.14058679706601468,96,19,0.16521739130434782,-0.1214194032997673,0.0021620752990066006,0.0002700935202483998,water_per_shift_diff_前3天,0.000723553244643374,10 - 12日龄
Special,0,0.0,0,0,0.0,0.0,0.0,0.0,water_per_shift_diff_前3天,,10 - 12日龄
Missing,87,0.10635696821515893,65,22,0.25287356321839083,-0.657983799063842,0.05720317981780292,0.007024138526476011,water_per_shift_diff_前3天,0.0007574632499283402,10 - 12日龄
,818,1.0,696,122,0.1491442542787286,,0.2049846148422898,0.023837523799837765,water_per_shift_diff_前3天,,10 - 12日龄
"(-inf, -0.04)",286,0.34963325183374083,259,27,0.0944055944055944,0.5196625800940455,0.0783728919432394,0.009687846736924938,water_per_shift_diff_前5天,0.0005866888501906741,10 - 12日龄
"[-0.04, -0.01)",51,0.06234718826405868,50,1,0.0196078431372549,2.170694389826983,0.13814811195855728,0.014518255273750906,water_per_shift_diff_前5天,0.00045594973344764776,10 - 12日龄
"[-0.01, 0.16)",143,0.17481662591687042,127,16,0.11188811188811189,0.3302697486176469,0.016950673220224536,0.0021092564342359323,water_per_shift_diff_前5天,0.0005817573883725339,10 - 12日龄
"[0.16, 1.54)",126,0.15403422982885084,103,23,0.18253968253968253,-0.24209384330067696,0.00981353646882572,0.0012237051547714008,water_per_shift_diff_前5天,0.0007140271337508293,10 - 12日龄
"[1.54, inf)",80,0.097799511002445,61,19,0.2375,-0.5748937305942925,0.0391468290735844,0.0048270617288262655,water_per_shift_diff_前5天,0.0008122086992573262,10 - 12日龄
Special,0,0.0,0,0,0.0,0.0,0.0,0.0,water_per_shift_diff_前5天,,10 - 12日龄
Missing,132,0.16136919315403422,96,36,0.2727272727272727,-0.7604993625894368,0.1195131841717713,0.01458923859070203,water_per_shift_diff_前5天,0.0007750491069063048,10 - 12日龄
,818,1.0,696,122,0.1491442542787286,,0.40194522683620265,0.04695536391921147,water_per_shift_diff_前5天,,10 - 12日龄
"(-inf, -2.04)",48,0.05867970660146699,46,2,0.041666666666666664,1.3941656003279865,0.06928795498144082,0.008021353134379298,water_per_shift_diff_前7天,0.0005600635062066374,10 - 12日龄
"[-2.04, 0.07)",320,0.39119804400978,287,33,0.103125,0.4216460386919776,0.05981661228193378,0.007422176132997969,water_per_shift_diff_前7天,0.0005650156311890811,10 - 12日龄
"[0.07, 0.14)",44,0.05378973105134474,36,8,0.18181818181818182,-0.23725121882488898,0.0032858422053192674,0.00040976967682326273,water_per_shift_diff_前7天,0.0007705120663212204,10 - 12日龄
"[0.14, 0.25)",47,0.05745721271393643,27,20,0.425531914893617,-1.4412240231508249,0.18035668068118366,0.02077593768996272,water_per_shift_diff_前7天,0.0011875703303614383,10 - 12日龄
"[0.25, 1.74)",126,0.15403422982885084,107,19,0.15079365079365079,-0.012938760305697405,2.590433922141265e-05,3.238019815974408e-06,water_per_shift_diff_前7天,0.0006638315664898238,10 - 12日龄
"[1.74, inf)",55,0.06723716381418093,54,1,0.01818181818181818,2.2476554309631114,0.15596365412703334,0.016210790095194744,water_per_shift_diff_前7天,0.00043591943148248906,10 - 12日龄
Special,0,0.0,0,0,0.0,0.0,0.0,0.0,water_per_shift_diff_前7天,,10 - 12日龄
Missing,178,0.2176039119804401,139,39,0.21910112359550563,-0.47041632860011795,0.05643090167609762,0.006989533926758055,water_per_shift_diff_前7天,0.0007104697649980754,10 - 12日龄
,818,1.0,696,122,0.1491442542787286,,0.52516755029223,0.05983279867593202,water_per_shift_diff_前7天,,10 - 12日龄
