Bin,Count,Count (%),Non-event,Event,Event rate,WoE,IV,JS,feature,MORTALITY_RATE,Age_interval
"[-inf, -13.57)",105,0.1255980861244019,78,27,0.2571428571428571,0.13367050370494452,0.002177890542391587,0.0002720338209857,water_per_diff,0.0008487402668424,13 - 15日龄
"[-13.57, -8.92)",59,0.07057416267942583,52,7,0.11864406779661017,1.0781321125457959,0.06175054209272744,0.0073654394996993,water_per_diff,0.0006398558349149,13 - 15日龄
"[-8.92, -2.50)",146,0.17464114832535885,113,33,0.22602739726027396,0.3036788002655422,0.015003931341705327,0.0018683178451711,water_per_diff,0.0008477659095972,13 - 15日龄
"[-2.50, 5.81)",217,0.2595693779904306,157,60,0.2764976958525346,0.03469978614588922,0.00031017961454134793,3.877050672865473e-05,water_per_diff,0.0008855234189632,13 - 15日龄
"[5.81, 17.86)",222,0.26555023923444976,149,73,0.32882882882882886,-0.21371459218325015,0.01266664256623111,0.0015803239805084,water_per_diff,0.0009862721271727,13 - 15日龄
"[17.86, inf)",87,0.10406698564593302,50,37,0.42528735632183906,-0.6260963641963966,0.045483201988950915,0.0055943221943765,water_per_diff,0.0013031325839322,13 - 15日龄
,836,1.0,599,237,0.2834928229665072,,0.13739238814654772,0.016719207847469653,water_per_diff,0.0009271848971639683,13 - 15日龄
"[-inf, -8.97)",48,0.05741626794258373,35,13,0.2708333333333333,0.06319724704755877,0.00022614485112430597,2.826340317285637e-05,water_per_shift_diff,0.0008631897846248,13 - 15日龄
"[-8.97, -4.46)",89,0.10645933014354067,66,23,0.25842696629213485,0.12695906911695787,0.001667889970648173,0.000208346337935,water_per_shift_diff,0.000761495829937,13 - 15日龄
"[-4.46, 1.03)",152,0.18181818181818182,115,37,0.24342105263157895,0.20681275873870753,0.0074180636327599355,0.0009256089704717,water_per_shift_diff,0.0008217582747787,13 - 15日龄
"[1.03, 2.40)",49,0.05861244019138756,42,7,0.14285714285714285,0.8645580122477368,0.03508462563174356,0.0042539016776404,water_per_shift_diff,0.0008959136023098,13 - 15日龄
"[2.40, 6.84)",167,0.19976076555023922,115,52,0.31137724550898205,-0.13351304719849544,0.0036612800007307733,0.0004573203808818,water_per_shift_diff,0.0009185096765445001,13 - 15日龄
"[6.84, inf)",331,0.39593301435406697,226,105,0.31722054380664655,-0.1606268078655556,0.010560005056312069,0.0013185834060544,water_per_shift_diff,0.0010384356351669,13 - 15日龄
,836,1.0,599,237,0.2834928229665072,,0.05861800914331882,0.0071920241761561565,water_per_shift_diff,0.0009271848971639969,13 - 15日龄
"[-inf, -7.49)",257,0.30741626794258375,200,57,0.22178988326848248,0.32806464173316835,0.03063582028737497,0.0038123963818818,water_per_diff_前1天,0.0008222271202577,13 - 15日龄
"[-7.49, 6.31)",399,0.4772727272727273,291,108,0.2706766917293233,0.06399058306695479,0.0019269791608463604,0.0006458890596618,water_per_diff_前1天,0.0009120356027943965,13 - 15日龄
"[6.31, 9.84)",60,0.07177033492822966,28,32,0.5333333333333333,-1.0607328496048407,0.0936378075361035,0.0111851160238607,water_per_diff_前1天,0.0011764014747334,13 - 15日龄
"[9.84, inf)",120,0.14354066985645933,80,40,0.3333333333333333,-0.2340542764203729,0.008243495714389416,0.0010280913551703,water_per_diff_前1天,0.0010777325843656,13 - 15日龄
,836,1.0,599,237,0.2834928229665072,,0.13444410269871426,0.0166714928205746,water_per_diff_前1天,0.0009271848971639583,13 - 15日龄
"[-inf, -20.60)",64,0.07823960880195599,46,18,0.28125,-0.006434541504416811,3.2439618797335747e-06,1.1694728679712083e-06,water_per_diff_前2天,0.00085014736067,13 - 15日龄
"[-20.60, -14.73)",76,0.09290953545232274,60,16,0.21052631578947367,0.37705165988497247,0.01206511639195692,0.0016002242789366,water_per_diff_前2天,0.000805077323089,13 - 15日龄
"[-14.73, -12.00)",48,0.05867970660146699,46,2,0.041666666666666664,2.1907900358318027,0.15196381681068752,0.0157787941669001,water_per_diff_前2天,0.0005632542684902,13 - 15日龄
"[-12.00, -6.88)",124,0.15158924205378974,101,23,0.18548387096774194,0.5349221208147628,0.03800108066849339,0.0048800921183482,water_per_diff_前2天,0.0007339215794294,13 - 15日龄
"[-6.88, 7.00)",394,0.48166259168704156,270,124,0.3147208121827411,-0.1665637867040092,0.01383822624242946,0.0013487882402299,water_per_diff_前2天,0.0009823565145152,13 - 15日龄
"[7.00, inf)",112,0.13691931540342298,66,46,0.4107142857142857,-0.5836908345600165,0.05184285553954224,0.0058604765970323,water_per_diff_前2天,0.001172317065049,13 - 15日龄
,818,1.0,589,229,0.27995110024449876,,0.26771433961498925,0.029469544874315072,water_per_diff_前2天,0.0009192980029081859,13 - 15日龄
"[-inf, -17.23)",74,0.0925,55,19,0.25675675675675674,0.09975443001078789,0.0008996366979458198,0.0001974667526013,water_per_diff_前3天,0.0008015952050967,13 - 15日龄
"[-17.23, -9.10)",162,0.2025,135,27,0.16666666666666666,0.6462981363788579,0.07173177449692901,0.0093243992313308,water_per_diff_前3天,0.0007572854688346,13 - 15日龄
"[-9.10, -7.56)",42,0.0525,38,4,0.09523809523809523,1.2881520225512526,0.06122696020722824,0.0071886247542408,water_per_diff_前3天,0.0006536898673018,13 - 15日龄
"[-7.56, -6.47)",44,0.055,41,3,0.06818181818181818,1.6518200019809555,0.09454535979890838,0.0105457816803273,water_per_diff_前3天,0.0006155236792982,13 - 15日龄
"[-6.47, 4.68)",333,0.41625,237,96,0.2882882882882883,-0.059427826387947504,0.0014894226996627642,2.761086634815767e-05,water_per_diff_前3天,0.0009670940451687,13 - 15日龄
"[4.68, inf)",145,0.18125,73,72,0.496551724137931,-0.9493464539229067,0.18959626622589956,0.0200785257944245,water_per_diff_前3天,0.0012144915652109,13 - 15日龄
,800,1.0,579,221,0.27625,,0.41948942012657375,0.04736240907927286,water_per_diff_前3天,0.0009183498768011438,13 - 15日龄
"[-inf, -8.22)",164,0.21693121693121692,118,46,0.2804878048780488,-0.08040769972597589,0.0014288274699507943,5.3841084717534855e-06,water_per_diff_前5天,0.0009469044920606998,13 - 15日龄
"[-8.22, -6.41)",47,0.062169312169312166,42,5,0.10638297872340426,1.1057807781467222,0.05588568321209154,0.0069465966257791,water_per_diff_前5天,0.0007058698688252,13 - 15日龄
"[-6.41, 3.13)",379,0.5013227513227513,282,97,0.2559366754617414,0.04474516473218503,0.0009930851309265512,0.0010753647161881,water_per_diff_前5天,0.0009127782993923999,13 - 15日龄
"[3.13, 9.21)",91,0.12037037037037036,64,27,0.2967032967032967,-0.15940471034720297,0.00317089225978429,5.676211472718253e-05,water_per_diff_前5天,0.0008629786172676999,13 - 15日龄
"[9.21, inf)",75,0.0992063492063492,50,25,0.3333333333333333,-0.3293037471426004,0.011549322067051634,0.0006425570969814,water_per_diff_前5天,0.0009988874397505,13 - 15日龄
,756,1.0,556,200,0.26455026455026454,,0.0730278101398048,0.008726664662147537,water_per_diff_前5天,0.0009098661483533161,13 - 15日龄
"[-inf, -0.02)",286,0.4056737588652482,217,69,0.24125874125874125,0.09021607195507257,0.00322911097378745,0.0019397057972802,water_per_diff_前7天,0.0008710720693402,13 - 15日龄
"[-0.02, 0.04)",61,0.08652482269503546,56,5,0.08196721311475409,1.3603390013129213,0.1082857627481773,0.0123507205869874,water_per_diff_前7天,0.0006283731979702,13 - 15日龄
"[0.04, 0.41)",69,0.09787234042553192,59,10,0.14492753623188406,0.7193775739235463,0.041627252717530865,0.0057939259831258,water_per_diff_前7天,0.0006806006734599,13 - 15日龄
"[0.41, 3.90)",153,0.2170212765957447,119,34,0.2222222222222222,0.19718819150724048,0.008029557185742275,0.0022366894698398,water_per_diff_前7天,0.0008547223031699,13 - 15日龄
"[3.90, 11.06)",91,0.12907801418439716,55,36,0.3956043956043956,-0.6317605302117666,0.05852608950273525,0.0037409618786203,water_per_diff_前7天,0.0011207302284819,13 - 15日龄
"[11.06, inf)",45,0.06382978723404255,17,28,0.6222222222222222,-1.5545659431071153,0.18863316709271513,0.0147706525090013,water_per_diff_前7天,0.0015590101719349,13 - 15日龄
,705,1.0,523,182,0.2581560283687943,,0.4083309402206883,0.040832656224854796,water_per_diff_前7天,0.0009040187862271357,13 - 15日龄
"[-inf, -4.46)",173,0.2114914425427873,125,48,0.2774566473988439,0.012408546297063233,3.2474676513840696e-05,2.299152314840544e-05,water_per_shift_diff_前1天,0.0009384613721925002,13 - 15日龄
"[-4.46, 2.76)",272,0.33251833740831294,197,75,0.2757352941176471,0.021011435104331084,0.0001461193654248009,5.981732598267292e-05,water_per_shift_diff_前1天,0.0009176549740238,13 - 15日龄
"[2.76, 3.93)",52,0.06356968215158924,47,5,0.09615384615384616,1.2960055091786113,0.0751193353456631,0.008795406804322,water_per_shift_diff_前1天,0.0006901333652682,13 - 15日龄
"[3.93, 4.99)",42,0.05134474327628362,31,11,0.2619047619047619,0.0913877515894285,0.0004200770011005673,7.264060514593912e-05,water_per_shift_diff_前1天,0.0008138015455682,13 - 15日龄
"[4.99, 11.08)",154,0.1882640586797066,107,47,0.3051948051948052,-0.12202294734549948,0.002876854208959665,0.0002570182469691,water_per_shift_diff_前1天,0.0009780867575501,13 - 15日龄
"[11.08, inf)",125,0.1528117359413203,82,43,0.344,-0.2991850485266563,0.01452660406433131,0.0015630941638084,water_per_shift_diff_前1天,0.0009547026838769,13 - 15日龄
,818,1.0,589,229,0.27995110024449876,,0.09312146466199328,0.010770968669376517,water_per_shift_diff_前1天,0.0009192980029082088,13 - 15日龄
"[-inf, -11.11)",43,0.05375,26,17,0.3953488372093023,-0.5382565820899765,0.017233936001552326,0.0017600102762932,water_per_shift_diff_前2天,0.0010618941896297,13 - 15日龄
"[-11.11, -5.42)",120,0.15,75,45,0.375,-0.45231415228925176,0.03351025065608599,0.0033415008876157,water_per_shift_diff_前2天,0.000985369508359,13 - 15日龄
"[-5.42, -4.46)",42,0.0525,32,10,0.23809523809523808,0.2000110337504385,0.002003877376879017,0.0003303970523693,water_per_shift_diff_前2天,0.0008885222158103,13 - 15日龄
"[-4.46, -3.21)",46,0.0575,41,5,0.10869565217391304,1.140994378214965,0.05498144980871586,0.0065899101952654,water_per_shift_diff_前2天,0.000657025199905,13 - 15日龄
"[-3.21, 3.96)",348,0.435,257,91,0.2614942528735632,0.0750768023231273,0.002410268163579015,0.0006252792549447,water_per_shift_diff_前2天,0.0009260991515887999,13 - 15日龄
"[3.96, inf)",201,0.25125,148,53,0.263681592039801,0.06378058415675064,0.00100735829899259,0.0002921771476567,water_per_shift_diff_前2天,0.0009002513098068001,13 - 15日龄
,800,1.0,579,221,0.27625,,0.1111471403058048,0.012939274814145002,water_per_shift_diff_前2天,0.0009183498768011112,13 - 15日龄
"[-inf, -8.10)",92,0.11825192802056556,71,21,0.22826086956521738,0.22314355131420976,0.005578588782855243,0.0010844724487636,water_per_shift_diff_前3天,0.0008568537596477,13 - 15日龄
"[-8.10, -2.67)",180,0.23136246786632392,147,33,0.18333333333333332,0.4989111373085734,0.05071928614188263,0.0082383706794504,water_per_shift_diff_前3天,0.0007731601602373511,13 - 15日龄
"[-2.67, 6.50)",372,0.4781491002570694,264,108,0.2903225806451613,-0.10119601198158613,0.005008897172529209,6.243126159238268e-05,water_per_shift_diff_前3天,0.000947623204832,13 - 15日龄
"[6.50, 9.22)",59,0.07583547557840617,41,18,0.3050847457627119,-0.1718135791955396,0.002324841690321939,9.748255909150364e-05,water_per_shift_diff_前3天,0.0010196713532138,13 - 15日龄
"[9.22, inf)",75,0.09640102827763496,45,30,0.4,-0.5895487798955181,0.03751404459596732,0.0033183260941078,water_per_shift_diff_前3天,0.0010704883326642,13 - 15日龄
,778,1.0,568,210,0.2699228791773779,,0.10114565838355635,0.012801083043005687,water_per_shift_diff_前3天,0.0009138334726442735,13 - 15日龄
"[-inf, -11.61)",59,0.0811554332874828,32,27,0.4576271186440678,-0.8762125083067446,0.0730564863537753,0.0055942071352701,water_per_shift_diff_前5天,0.0012547906427903,13 - 15日龄
"[-11.61, -6.96)",128,0.17606602475928473,90,38,0.296875,-0.18388803449826266,0.0062102585557624115,8.191575743378247e-05,water_per_shift_diff_前5天,0.0010055972553807,13 - 15日龄
"[-6.96, 4.23)",385,0.5295735900962861,296,89,0.23116883116883116,0.1556115394897785,0.012337879185761437,0.0042898137590309,water_per_shift_diff_前5天,0.0008492443682627455,13 - 15日龄
"[4.23, 6.37)",54,0.07427785419532325,49,5,0.09259259259259259,1.2362708405743843,0.07989158054930351,0.0095623746696905,water_per_shift_diff_前5天,0.0006167905582031,13 - 15日龄
"[6.37, inf)",101,0.13892709766162312,71,30,0.297029702970297,-0.18462904972298183,0.004940654632051231,6.61292539217307e-05,water_per_shift_diff_前5天,0.0009360872677495,13 - 15日龄
,727,1.0,538,189,0.25997248968363135,,0.1764368592766539,0.01959444057534701,water_per_shift_diff_前5天,0.0009044837449521063,13 - 15日龄
"[-inf, -0.02)",242,0.355359765051395,182,60,0.24793388429752067,0.0012362147382603383,5.429012580193101e-07,0.0011541777174326,water_per_shift_diff_前7天,0.0008284440662154999,13 - 15日龄
"[-0.02, 0.05)",85,0.12481644640234948,71,14,0.16470588235294117,0.5151966373096225,0.028764272314658678,0.0050739482890657,water_per_shift_diff_前7天,0.0007865902216198001,13 - 15日龄
"[0.05, 0.17)",46,0.06754772393538913,42,4,0.08695652173913043,1.2429493470470434,0.07254176916821803,0.0087500958316667,water_per_shift_diff_前7天,0.0007590237712424,13 - 15日龄
"[0.17, 4.63)",178,0.26138032305433184,131,47,0.2640449438202247,-0.0833761886253413,0.001854881230396887,0.000249237447281,water_per_shift_diff_前7天,0.0009585836710801,13 - 15日龄
"[4.63, 10.14)",88,0.12922173274596183,60,28,0.3181818181818182,-0.34628585806953766,0.016792430894736737,0.000370483118628,water_per_shift_diff_前7天,0.0010363564583559,13 - 15日龄
"[10.14, inf)",42,0.06167400881057269,26,16,0.38095238095238093,-0.6229180943347336,0.027341934660263936,0.0013201570477693,water_per_shift_diff_前7天,0.0010687467834164,13 - 15日龄
,681,1.0,512,169,0.24816446402349487,,0.1472958311695323,0.0169180994518433,water_per_shift_diff_前7天,0.0008942339985756976,13 - 15日龄
"[-inf, -15.68)",52,0.06557377049180328,28,24,0.46153846153846156,-0.6214977222444308,0.02761601665251128,0.0033974963276285,water_per_diff,0.0013564651995638002,16 - 18日龄
"[-15.68, 1.90)",269,0.33921815889029006,193,76,0.2825278810408922,0.15630844654686538,0.00803937807580268,0.0010039004828886,water_per_diff,0.001007053905376,16 - 18日龄
"[1.90, 3.65)",47,0.05926860025220681,37,10,0.2127659574468085,0.5326844175784898,0.014989719890606493,0.0018518715991532,water_per_diff,0.0008387685274709001,16 - 18日龄
"[3.65, 5.61)",45,0.05674653215636822,38,7,0.15555555555555556,0.9160276085993836,0.038456289807792914,0.004645718053222,water_per_diff,0.0008105980736000999,16 - 18日龄
"[5.61, 14.70)",197,0.2484237074401009,136,61,0.3096446700507614,0.026132619491051844,0.00016882730971383116,2.110281324255907e-05,water_per_diff,0.0010634925003375,16 - 18日龄
"[14.70, inf)",183,0.23076923076923078,111,72,0.39344262295081966,-0.34278431977541013,0.028649951323549187,0.0035638129448026,water_per_diff,0.0012465242322855,16 - 18日龄
,793,1.0,543,250,0.31525851197982346,,0.11792018305997637,0.01448390222093746,water_per_diff,0.0010781269635577963,16 - 18日龄
"[-inf, -4.21)",342,0.4312736443883985,240,102,0.2982456140350877,0.08001770798603135,0.00271971789795616,0.0006162104038043825,water_per_shift_diff,0.0011150532477147974,16 - 18日龄
"[-4.21, -1.26)",92,0.11601513240857503,74,18,0.1956521739130435,0.6380449332363163,0.041013481306962044,0.0059944048694027,water_per_shift_diff,0.0008520543664078022,16 - 18日龄
"[-1.26, 5.40)",257,0.3240857503152585,171,86,0.3346303501945525,-0.0883321418225369,0.0025689524560985316,0.0003210146996803,water_per_shift_diff,0.0010608094087696,16 - 18日龄
"[5.40, inf)",102,0.12862547288776796,58,44,0.43137254901960786,-0.4993950254435307,0.034551146069728464,0.0042745658586583,water_per_shift_diff,0.0012018573688192,16 - 18日龄
,793,1.0,543,250,0.31525851197982346,,0.0808532977307452,0.011206195831545682,water_per_shift_diff,0.0010781269635577856,16 - 18日龄
"[-inf, -12.16)",42,0.05296343001261034,16,26,0.6190476190476191,-1.2611562178533897,0.09399910579919409,0.0110283016239062,water_per_diff_前1天,0.0014905502715534997,16 - 18日龄
"[-12.16, 9.88)",389,0.4905422446406053,279,110,0.2827763496143959,0.1550830139572605,0.011447011416955807,0.0014294442476097,water_per_diff_前1天,0.0010053865975977,16 - 18日龄
"[9.88, 11.48)",41,0.05170239596469105,36,5,0.12195121951219512,1.1984326239503207,0.05548544413648445,0.0065483155680289,water_per_diff_前1天,0.0007894605728930001,16 - 18日龄
"[11.48, 14.15)",65,0.08196721311475409,51,14,0.2153846153846154,0.5171199010373781,0.019610558015030737,0.0024243666804035,water_per_diff_前1天,0.0008296422370252,16 - 18日龄
"[14.15, 23.22)",173,0.21815889029003782,116,57,0.32947976878612717,-0.06510947879987451,0.0009357539089396329,0.0001169485821137,water_per_diff_前1天,0.0010172782761997,16 - 18日龄
"[23.22, inf)",83,0.10466582597730138,45,38,0.4578313253012048,-0.606572072027755,0.041930551189012545,0.0051624170302181,water_per_diff_前1天,0.0016743664283467,16 - 18日龄
,793,1.0,543,250,0.31525851197982346,,0.22340842446561723,0.0267097937322801,water_per_diff_前1天,0.0010781269635577902,16 - 18日龄
"[-inf, -13.26)",52,0.06573957016434892,22,30,0.5769230769230769,-1.0879680332787782,0.08691942185577577,0.0102874906457867,water_per_diff_前2天,0.0015418561925367,16 - 18日龄
"[-13.26, 3.99)",289,0.36536030341340076,210,79,0.27335640138408307,0.19984657327550867,0.01402619142300285,0.0017832619291622,water_per_diff_前2天,0.0009567104090622999,16 - 18日龄
"[3.99, 5.75)",41,0.051833122629582805,38,3,0.07317073170731707,1.7611607660833373,0.10225741166162088,0.0113453931851017,water_per_diff_前2天,0.0006562452988894,16 - 18日龄
"[5.75, 15.05)",223,0.28192161820480405,156,67,0.3004484304932735,0.0673502828836322,0.0012625869951806432,0.0001676087471516,water_per_diff_前2天,0.0010268232798814,16 - 18日龄
"[15.05, 19.10)",78,0.0986093552465234,51,27,0.34615384615384615,-0.14182433825494187,0.0020334481432987485,0.0002455551318291,water_per_diff_前2天,0.0009677824554968,16 - 18日龄
"[19.10, inf)",108,0.13653603034134007,65,43,0.39814814814814814,-0.3646259507728639,0.01923932923912302,0.0023564630110142,water_per_diff_前2天,0.0015226401330658,16 - 18日龄
,791,1.0,542,249,0.3147914032869785,,0.22573838931800191,0.0261857726500455,water_per_diff_前2天,0.001077731535775964,16 - 18日龄
"[-inf, -20.27)",42,0.0535031847133758,19,23,0.5476190476190477,-0.9813661657763023,0.057598702020052815,0.0066325746305034,water_per_diff_前3天,0.0014307670647703,16 - 18日龄
"[-20.27, -13.73)",68,0.08662420382165605,46,22,0.3235294117647059,-0.05271198588281395,0.000243040902407532,1.5625262495671047e-05,water_per_diff_前3天,0.0011088595269928,16 - 18日龄
"[-13.73, -6.04)",113,0.14394904458598726,84,29,0.25663716814159293,0.2732100398432465,0.010160191957889439,0.0013876561810506,water_per_diff_前3天,0.0008479068407507,16 - 18日龄
"[-6.04, -3.08)",71,0.09044585987261146,61,10,0.14084507042253522,1.0179778421656727,0.0734436772749157,0.008943558107957,water_per_diff_前3天,0.0008689876870811,16 - 18日龄
"[-3.08, 19.04)",432,0.5503184713375796,295,137,0.31712962962962965,-0.023316498501898274,0.00030048851054978644,5.10789913463097e-06,water_per_diff_前3天,0.0010331933657326,16 - 18日龄
"[19.04, inf)",59,0.0751592356687898,35,24,0.4067796610169492,-0.4130166978721251,0.013689177779057206,0.0015603710815981,water_per_diff_前3天,0.0017510519640991,16 - 18日龄
,785,1.0,540,245,0.31210191082802546,,0.15543527844487245,0.018544893162739405,water_per_diff_前3天,0.001073449507288892,16 - 18日龄
"[-inf, -20.60)",62,0.082010582010582,39,23,0.3709677419354839,-0.3305941888370221,0.009513143513050278,0.0006228339168573,water_per_diff_前5天,0.001097668134877,16 - 18日龄
"[-20.60, -14.49)",82,0.10846560846560846,67,15,0.18292682926829268,0.6379807992512374,0.037966465642823174,0.0055922392934308,water_per_diff_前5天,0.0009345775072253,16 - 18日龄
"[-14.49, -11.76)",41,0.05423280423280423,37,4,0.0975609756097561,1.3659619324868153,0.07089625397238537,0.0086955812797189,water_per_diff_前5天,0.0006672212987721,16 - 18日龄
"[-11.76, -6.44)",131,0.17328042328042328,108,23,0.17557251908396945,0.6879753921575513,0.069600824984376,0.0100540534464398,water_per_diff_前5天,0.0008196604118249,16 - 18日龄
"[-6.44, 6.65)",331,0.43783068783068785,224,107,0.32326283987915405,-0.11984440164438505,0.0064368405553632034,7.125041019937937e-05,water_per_diff_前5天,0.0010176010310041,16 - 18日龄
"[6.65, inf)",109,0.14417989417989419,56,53,0.48623853211009177,-0.8036018418544912,0.1045439081644223,0.0095994406377255,water_per_diff_前5天,0.001624716332615,16 - 18日龄
,756,1.0,531,225,0.2976190476190476,,0.2989574368324203,0.03463539898437168,water_per_diff_前5天,0.0010493946940092046,16 - 18日龄
"[-inf, -11.01)",152,0.2116991643454039,113,39,0.2565789473684211,0.13972290097174553,0.004005560390641138,0.0018704028803592,water_per_diff_前7天,0.0009505365922044999,16 - 18日龄
"[-11.01, -9.05)",56,0.07799442896935933,49,7,0.125,1.0218068774443645,0.06234760435157781,0.0086181750785431,water_per_diff_前7天,0.0008053675297836,16 - 18日龄
"[-9.05, -6.42)",81,0.11281337047353761,63,18,0.2222222222222222,0.32865969688441926,0.011283807400472162,0.0026008259446065,water_per_diff_前7天,0.0008381826459734,16 - 18日龄
"[-6.42, 3.80)",313,0.435933147632312,222,91,0.29073482428115016,-0.03228539625551931,0.00045754271415752757,0.0006507608030174,water_per_diff_前7天,0.0010528340690058,16 - 18日龄
"[3.80, 9.39)",67,0.09331476323119778,41,26,0.3880597014925373,-0.468627742928123,0.022346253096061405,0.0011355119389252,water_per_diff_前7天,0.0010755769895397,16 - 18日龄
"[9.39, inf)",49,0.06824512534818941,26,23,0.46938775510204084,-0.8015009495186163,0.049822453545456065,0.0035387141122746,water_per_diff_前7天,0.0015793392182613,16 - 18日龄
,718,1.0,514,204,0.2841225626740947,,0.1502632214983661,0.018414390757726,water_per_diff_前7天,0.0010257148768796518,16 - 18日龄
"[-inf, -7.25)",59,0.07458912768647281,42,17,0.288135593220339,0.1266431692522137,0.0011673565298074503,0.0001504091009609,water_per_shift_diff_前1天,0.0012235462872408,16 - 18日龄
"[-7.25, -4.62)",63,0.07964601769911504,54,9,0.14285714285714285,1.0139463642531166,0.06437182270721782,0.0077289922883252,water_per_shift_diff_前1天,0.0009328207193607,16 - 18日龄
"[-4.62, -1.18)",92,0.11630847029077118,63,29,0.31521739130434784,-0.0019742085698800723,4.534778647155796e-07,5.262274458914746e-10,water_per_shift_diff_前1天,0.0009677891389935,16 - 18日龄
"[-1.18, inf)",577,0.729456384323641,383,194,0.3362218370883882,-0.09763627485762078,0.007076130384137209,0.0008429242027287,water_per_shift_diff_前1天,0.0010961734969575,16 - 18日龄
,791,1.0,542,249,0.3147914032869785,,0.0726157630990272,0.008722326118242245,water_per_shift_diff_前1天,0.0010777315357759934,16 - 18日龄
"[-inf, -2.35)",111,0.14140127388535031,92,19,0.17117117117117117,0.7870386688690066,0.07305241763954196,0.009448762650109,water_per_shift_diff_前2天,0.0009572731479373433,16 - 18日龄
"[-2.35, 0.48)",72,0.09171974522292993,51,21,0.2916666666666667,0.0969922659873097,0.0008467578776669892,0.0001384170626361,water_per_shift_diff_前2天,0.0009252411646086,16 - 18日龄
"[0.48, 14.26)",535,0.6815286624203821,354,181,0.3383177570093458,-0.11951104714564437,0.009945703923458383,0.0009440731986162,water_per_shift_diff_前2天,0.0011233271027857,16 - 18日龄
"[14.26, inf)",67,0.08535031847133757,43,24,0.3582089552238806,-0.20716464366797618,0.0037972355320849737,0.0004038791912041,water_per_shift_diff_前2天,0.0010269131337097,16 - 18日龄
,785,1.0,540,245,0.31210191082802546,,0.08764211497275229,0.0109351321025654,water_per_shift_diff_前2天,0.001073449507288871,16 - 18日龄
"[-inf, -8.97)",47,0.06080206985769728,28,19,0.40425531914893614,-0.4344007584744911,0.012322623541929388,0.0011773499863606,water_per_shift_diff_前3天,0.0010982218888531,16 - 18日龄
"[-8.97, -2.64)",124,0.16041397153945666,83,41,0.33064516129032256,-0.11689774839096446,0.0022405125054576016,9.80320054107791e-05,water_per_shift_diff_前3天,0.001004621049665,16 - 18日龄
"[-2.64, 2.44)",150,0.19404915912031048,115,35,0.23333333333333334,0.36741777739058185,0.02419358451160248,0.0068555524899824,water_per_shift_diff_前3天,0.0009643034493174867,16 - 18日龄
"[2.44, 6.70)",153,0.1979301423027167,108,45,0.29411764705882354,0.053302447870645316,0.000556443033589495,0.0002356656656956,water_per_shift_diff_前3天,0.0010630182899364,16 - 18日龄
"[6.70, inf)",299,0.3868046571798189,203,96,0.3210702341137124,-0.07330850190930362,0.0021078826259942453,3.39929675640103e-05,water_per_shift_diff_前3天,0.0011320286490721,16 - 18日龄
,773,1.0,537,236,0.3053040103492885,,0.04142104621857321,0.008400593115013389,water_per_shift_diff_前3天,0.0010633290048706414,16 - 18日龄
"[-inf, -10.07)",58,0.07848443843031123,37,21,0.3620689655172414,-0.32445818127257775,0.008781049127463955,0.0004140896810955,water_per_shift_diff_前5天,0.0010887333998254002,16 - 18日龄
"[-10.07, -7.20)",47,0.06359945872801083,41,6,0.1276595744680851,1.0309589412828735,0.0518956875201063,0.0070002275231121,water_per_shift_diff_前5天,0.0007973681621101,16 - 18日龄
"[-7.20, 5.31)",490,0.6630581867388363,359,131,0.2673469387755102,0.11727140909374803,0.008890600968131563,0.0049189514773227,water_per_shift_diff_前5天,0.0010142128419936927,16 - 18日龄
"[5.31, 9.81)",92,0.12449255751014884,60,32,0.34782608695652173,-0.26224499677100527,0.009003760407511526,0.0003214107158994,water_per_shift_diff_前5天,0.0010611761816905,16 - 18日龄
"[9.81, inf)",52,0.07036535859269283,27,25,0.4807692307692308,-0.813892615057251,0.05270146127145966,0.0043037343818189,water_per_shift_diff_前5天,0.0013303048353417,16 - 18日龄
,739,1.0,524,215,0.29093369418132614,,0.131272559294673,0.016958413779248598,water_per_shift_diff_前5天,0.0010343588545862674,16 - 18日龄
"[-inf, -11.33)",65,0.09312320916905444,31,34,0.5230769230769231,-1.0257756924778916,0.11356627852625632,0.0083028630561164,water_per_shift_diff_前7天,0.0013993741202571,16 - 18日龄
"[-11.33, -3.29)",268,0.3839541547277937,200,68,0.2537313432835821,0.14540728902505384,0.00785547347013169,0.0036363034895878,water_per_shift_diff_前7天,0.0009659288134888,16 - 18日龄
"[-3.29, -1.55)",42,0.06017191977077364,39,3,0.07142857142857142,1.6315469851146605,0.10216075836153683,0.0118396656438044,water_per_shift_diff_前7天,0.0006880053882461,16 - 18日龄
"[-1.55, 0.53)",98,0.14040114613180515,82,16,0.16326530612244897,0.7007281526775956,0.057778105783258586,0.0090608104838448,water_per_shift_diff_前7天,0.0008300282822354,16 - 18日龄
"[0.53, 6.62)",128,0.1833810888252149,94,34,0.265625,0.08353188530696623,0.0012559785788376332,0.0011166279157646,water_per_shift_diff_前7天,0.0009650510665256,16 - 18日龄
"[6.62, inf)",97,0.13896848137535817,55,42,0.4329896907216495,-0.6637388053977736,0.06864222809908178,0.0041748942968406,water_per_shift_diff_前7天,0.0013195436366022,16 - 18日龄
,698,1.0,501,197,0.2822349570200573,,0.3512588228191028,0.0381311648859586,water_per_shift_diff_前7天,0.001019469207826369,16 - 18日龄
"[-inf, -21.01)",40,0.052083333333333336,24,16,0.4,-0.9694747109088006,0.06211821333487111,0.0074743026158723,water_per_diff,0.0010936623880218,19 - 21日龄
"[-21.01, -3.30)",273,0.35546875,211,62,0.2271062271062271,-0.15021607058598982,0.008380733464993233,0.0010466078443817,water_per_diff,0.000836556834337,19 - 21日龄
"[-3.30, 2.17)",134,0.17447916666666666,112,22,0.16417910447761194,0.2525165989198139,0.010295735454563587,0.0012835585056377,water_per_diff,0.0007820902126148,19 - 21日龄
"[2.17, 4.35)",48,0.0625,46,2,0.041666666666666664,1.7605543969121848,0.1093965495907966,0.0121436786354796,water_per_diff,0.0007012189308293,19 - 21日龄
"[4.35, 8.46)",82,0.10677083333333333,69,13,0.15853658536585366,0.2942173281187577,0.0084411559906513,0.0010513551715838,water_per_diff,0.0007488852624949,19 - 21日龄
"[8.46, inf)",191,0.24869791666666666,151,40,0.2094240837696335,-0.04653943631597672,0.0005461397831112358,6.826131264658355e-05,water_per_diff,0.0007886281999466,19 - 21日龄
,768,1.0,613,155,0.20182291666666666,,0.19917852761898705,0.023067764085601683,water_per_diff,0.0008107053205461522,19 - 21日龄
"[-inf, -1.22)",248,0.3229166666666667,189,59,0.23790322580645162,-0.21073024786304193,0.015241154168445235,0.0019016269880516,water_per_shift_diff,0.000881380312327,19 - 21日龄
"[-1.22, -0.19)",54,0.0703125,51,3,0.05555555555555555,1.4582735250392513,0.09309990215111401,0.0107048503356639,water_per_shift_diff,0.0006706382480217,19 - 21日龄
"[-0.19, 0.84)",45,0.05859375,38,7,0.15555555555555556,0.3167361916541078,0.005330328584485802,0.0006635198218905,water_per_shift_diff,0.0008080558063939,19 - 21日龄
"[0.84, inf)",421,0.5481770833333334,335,86,0.2042755344418052,-0.01515658344540609,0.0001264976127159607,0.0006844734074120755,water_per_shift_diff,0.0007873215962980258,19 - 21日龄
,768,1.0,613,155,0.20182291666666666,,0.11379788251676101,0.013954470553018076,water_per_shift_diff,0.0008107053205461748,19 - 21日龄
"[-inf, -22.24)",40,0.052083333333333336,19,21,0.525,-1.4750232775739474,0.15412336051943537,0.0176892624455963,water_per_diff_前1天,0.0011984346916766,19 - 21日龄
"[-22.24, -12.91)",122,0.15885416666666666,99,23,0.1885245901639344,0.08468581518847557,0.0011105459740550516,0.00042035324493022366,water_per_diff_前1天,0.0007884921516958966,19 - 21日龄
"[-12.91, -10.27)",43,0.055989583333333336,41,2,0.046511627906976744,1.6454850671273977,0.08882484775347496,0.0099987966640745,water_per_diff_前1天,0.0006859603351204,19 - 21日龄
"[-10.27, 9.01)",427,0.5559895833333334,348,79,0.18501170960187355,0.10781480829048806,0.00625567582071737,0.0007815809674595,water_per_diff_前1天,0.0007877885194218,19 - 21日龄
"[9.01, inf)",136,0.17708333333333334,106,30,0.22058823529411764,-0.11269810656705298,0.0023247728134654934,0.0002904429147894,water_per_diff_前1天,0.0008279872338396,19 - 21日龄
,768,1.0,613,155,0.20182291666666666,,0.2526392028811482,0.02918043623684992,water_per_diff_前1天,0.0008107053205461392,19 - 21日龄
"[-inf, -17.69)",62,0.08083441981747067,40,22,0.3548387096774194,-0.7754701648374589,0.059382408574523524,0.0072668416978323,water_per_diff_前2天,0.0010625663181377,19 - 21日龄
"[-17.69, -11.45)",83,0.10821382007822686,64,19,0.2289156626506024,-0.15886306139984802,0.002860405954785371,0.0003642569499211,water_per_diff_前2天,0.0007727539005262,19 - 21日龄
"[-11.45, -5.02)",118,0.15384615384615385,103,15,0.1271186440677966,0.5533716215343464,0.03958071317847924,0.0048526603829326,water_per_diff_前2天,0.000723526306616,19 - 21日龄
"[-5.02, 9.01)",310,0.4041720990873533,257,53,0.17096774193548386,0.2054770057500185,0.016027033159860715,0.001966601833122,water_per_diff_前2天,0.0007639504517238,19 - 21日龄
"[9.01, inf)",194,0.2529335071707953,148,46,0.23711340206185566,-0.20473628831805935,0.01124905687026908,0.0024051233293178997,water_per_diff_前2天,0.0008766679699304423,19 - 21日龄
,767,1.0,612,155,0.20208604954367665,,0.12909961773791792,0.0168554841931259,water_per_diff_前2天,0.0008113324848106698,19 - 21日龄
"[-inf, -15.94)",47,0.06135770234986945,28,19,0.40425531914893614,-0.9839063112435852,0.07551887415056882,0.009122185582206,water_per_diff_前3天,0.0010894611730962,19 - 21日龄
"[-15.94, -4.08)",161,0.21018276762402088,128,33,0.20496894409937888,-0.016149139799211697,5.507810733483285e-05,9.936772731673456e-06,water_per_diff_前3天,0.0008012451269301001,19 - 21日龄
"[-4.08, 2.68)",131,0.17101827676240208,113,18,0.13740458015267176,0.4653442185638271,0.03202205028647337,0.004653358838038401,water_per_diff_前3天,0.0007391462987622839,19 - 21日龄
"[2.68, 23.32)",373,0.4869451697127937,303,70,0.1876675603217158,0.0935657212076615,0.004144535140342541,0.0004815463443796,water_per_diff_前3天,0.0007972536853972999,19 - 21日龄
"[23.32, inf)",54,0.07049608355091384,39,15,0.2777777777777778,-0.41616039722491244,0.01371015721811654,0.0017255161911545,water_per_diff_前3天,0.0008840104692768,19 - 21日龄
,766,1.0,611,155,0.20234986945169714,,0.1254506949028361,0.015992543728510174,water_per_diff_前3天,0.0008122003860355964,19 - 21日龄
"[-inf, -14.75)",43,0.0563564875491481,23,20,0.46511627906976744,-1.2432590933997627,0.11564054633883361,0.0132943692224632,water_per_diff_前5天,0.0011767340721902,19 - 21日龄
"[-14.75, -8.28)",54,0.07077326343381389,41,13,0.24074074074074073,-0.2343983265321505,0.0041615560598282815,0.0004795272526239,water_per_diff_前5天,0.000841177628191,19 - 21日龄
"[-8.28, -2.69)",91,0.11926605504587157,81,10,0.10989010989010989,0.7088430259034715,0.047795448001827334,0.0094575391227472,water_per_diff_前5天,0.0007012188458265957,19 - 21日龄
"[-2.69, 19.52)",482,0.6317169069462647,395,87,0.18049792531120332,0.12995661047161683,0.010255335220437789,0.0014324137028661,water_per_diff_前5天,0.0007819095463377,19 - 21日龄
"[19.52, inf)",93,0.1218872870249017,70,23,0.24731182795698925,-0.27002000965471207,0.009605340534165261,0.0011164217196093,water_per_diff_前5天,0.0008794225330446,19 - 21日龄
,763,1.0,610,153,0.20052424639580602,,0.18745822615509228,0.025780271020309695,water_per_diff_前5天,0.0008106169972537772,19 - 21日龄
"[-inf, -21.73)",39,0.052489905787348586,25,14,0.358974358974359,-0.854266529703297,0.04804004668786024,0.0047980065423472,water_per_diff_前7天,0.0009638524125188,19 - 21日龄
"[-21.73, 1.27)",425,0.5720053835800808,345,80,0.18823529411764706,0.027432757401238857,0.0004268383581661267,0.0005049905130668,water_per_diff_前7天,0.0007880081817013,19 - 21日龄
"[1.27, 3.27)",48,0.06460296096904442,46,2,0.041666666666666664,1.7014091909729105,0.10664543856704327,0.0121436786354796,water_per_diff_前7天,0.0007059985428742001,19 - 21日龄
"[3.27, 5.49)",48,0.06460296096904442,42,6,0.125,0.5118251240990743,0.014352578654806212,0.0020988466333092,water_per_diff_前7天,0.0007633762568877,19 - 21日龄
"[5.49, inf)",183,0.24629878869448182,142,41,0.22404371584699453,-0.19183003405928617,0.00960044482809528,0.0007560795949781173,water_per_diff_前7天,0.0008086382243077737,19 - 21日龄
,743,1.0,600,143,0.19246298788694483,,0.17906534709597113,0.020301601919180918,water_per_diff_前7天,0.0007954300225412914,19 - 21日龄
"[-inf, -6.50)",277,0.36114732724902215,212,65,0.23465703971119134,-0.19110816081670418,0.01394126579012854,0.0017684241351121,water_per_shift_diff_前1天,0.0008493863269043,19 - 21日龄
"[-6.50, 9.42)",412,0.5371577574967406,327,85,0.20631067961165048,-0.02599825118614249,0.00036588304167721003,5.161637169974866e-05,water_per_shift_diff_前1天,0.0008099209602264,19 - 21日龄
"[9.42, 12.80)",39,0.05084745762711865,36,3,0.07692307692307693,1.1115994841949208,0.04387337622628909,0.0051985842774613,water_per_shift_diff_前1天,0.0007176202551861,19 - 21日龄
"[12.80, inf)",39,0.05084745762711865,37,2,0.05128205128205128,1.5444635664911996,0.07344586915920094,0.008340234507675,water_per_shift_diff_前1天,0.0006496763520962,19 - 21日龄
,767,1.0,612,155,0.20208604954367665,,0.13162639421729577,0.015358859291948149,water_per_shift_diff_前1天,0.0008113324848106618,19 - 21日龄
"[-inf, -3.58)",376,0.4908616187989556,299,77,0.2047872340425532,-0.015033690715346174,0.00011143710344937462,2.0609915176589017e-05,water_per_shift_diff_前2天,0.0008046006928713,19 - 21日龄
"[-3.58, -2.07)",50,0.06527415143603134,47,3,0.06,1.3798634707896003,0.07943630898838394,0.0091511167274121,water_per_shift_diff_前2天,0.0006793993784276,19 - 21日龄
"[-2.07, 0.43)",84,0.10966057441253264,66,18,0.21428571428571427,-0.07238885812208791,0.0005870296503644324,8.00052518138473e-05,water_per_shift_diff_前2天,0.0008668827767314999,19 - 21日龄
"[0.43, inf)",256,0.3342036553524804,199,57,0.22265625,-0.1214182853624065,0.005105196265383059,0.0006714523455488,water_per_shift_diff_前2天,0.0008313574727219,19 - 21日龄
,766,1.0,611,155,0.20234986945169714,,0.08523997200758081,0.009923184239951335,water_per_shift_diff_前2天,0.0008122003860355629,19 - 21日龄
"[-inf, -3.93)",338,0.4412532637075718,277,61,0.1804733727810651,0.14147179976167865,0.008460971161503067,0.0010120627910158,water_per_shift_diff_前3天,0.0007770982249124127,19 - 21日龄
"[-3.93, -2.15)",59,0.07702349869451697,56,3,0.05084745762711865,1.5550675598146906,0.1124285685238497,0.0127143488342111,water_per_shift_diff_前3天,0.0006955446817406,19 - 21日龄
"[-2.15, 0.40)",74,0.09660574412532637,57,17,0.22972972972972974,-0.1618339184740146,0.0026520906126568885,0.000344096465955,water_per_shift_diff_前3天,0.0008029891640338,19 - 21日龄
"[0.40, inf)",295,0.38511749347258484,221,74,0.25084745762711863,-0.2775742339387656,0.03212012068776656,0.0040902798751934,water_per_shift_diff_前3天,0.0008780608858361001,19 - 21日龄
,766,1.0,611,155,0.20234986945169714,,0.15566175098577623,0.0181607879663753,water_per_shift_diff_前3天,0.0008122003860355634,19 - 21日龄
"[-inf, 4.37)",361,0.47688243064729197,286,75,0.2077562326869806,-0.06772487873716582,0.002232277551099186,0.00034915348403820925,water_per_shift_diff_前5天,0.0008028212928459454,19 - 21日龄
"[4.37, 6.24)",65,0.08586525759577279,59,6,0.09230769230769231,0.8795493986569566,0.049932914134721916,0.0063335497363333,water_per_shift_diff_前5天,0.0007702279467724,19 - 21日龄
"[6.24, 8.63)",96,0.12681638044914134,78,18,0.1875,0.060108492772719166,0.00044985824465630094,0.0001269298486235,water_per_shift_diff_前5天,0.0007938641923542,19 - 21日龄
"[8.63, inf)",235,0.3104359313077939,185,50,0.2127659574468085,-0.09789575637052919,0.003063564876704902,0.0004675750008486389,water_per_shift_diff_前5天,0.0008306030849626477,19 - 21日龄
,757,1.0,608,149,0.19682959048877147,,0.0556786148071823,0.0072772080698436485,water_per_shift_diff_前5天,0.0008075112162348978,19 - 21日龄
"[-inf, -0.66)",272,0.37517241379310345,224,48,0.17647058823529413,0.06559728248581327,0.0015812527604866474,0.0011518136974779,water_per_shift_diff_前7天,0.0007931284934533,19 - 21日龄
"[-0.66, 0.83)",55,0.07586206896551724,36,19,0.34545454545454546,-0.8357677991716661,0.06663057783728914,0.0057443360566155,water_per_shift_diff_前7天,0.0009511006195519,19 - 21日龄
"[0.83, 4.31)",121,0.16689655172413792,91,30,0.24793388429752067,-0.36518563360664086,0.02482712123013132,0.0014910718748227,water_per_shift_diff_前7天,0.0008014037952517,19 - 21日龄
"[4.31, 12.07)",186,0.25655172413793104,155,31,0.16666666666666666,0.13459015397276475,0.004452543072419778,0.0015457540447466,water_per_shift_diff_前7天,0.0007640839554082,19 - 21日龄
"[12.07, inf)",91,0.12551724137931033,84,7,0.07692307692307693,1.0100588913266648,0.09143157070263973,0.0121300299807431,water_per_shift_diff_前7天,0.0006966823779498,19 - 21日龄
,725,1.0,590,135,0.18620689655172415,,0.18892306560296662,0.0220630056544058,water_per_shift_diff_前7天,0.0007869366284406409,19 - 21日龄
"[-inf, -18.83)",44,0.060689655172413794,39,5,0.11363636363636363,0.16228080591050856,0.0015048596036814086,0.0001879013126594,water_per_diff,0.0006802177829411,22 - 24日龄
"[-18.83, -11.82)",56,0.07724137931034483,55,1,0.017857142857142856,2.1154902574474335,0.16241733889675783,0.0172019854526114,water_per_diff,0.0006338206048577,22 - 24日龄
"[-11.82, -7.79)",53,0.07310344827586207,49,4,0.07547169811320754,0.6136830092056985,0.0218916161178641,0.0026943043608375,water_per_diff,0.0006811838232817001,22 - 24日龄
"[-7.79, 2.69)",188,0.2593103448275862,161,27,0.14361702127659576,-0.10627542880490366,0.0030453193049358378,0.0003804858722543,water_per_diff,0.0007542896337231,22 - 24日龄
"[2.69, inf)",384,0.5296551724137931,326,58,0.15104166666666666,-0.16538855696474913,0.015392051166142895,0.0019218165542864,water_per_diff,0.0007051687452983999,22 - 24日龄
,725,1.0,630,95,0.1310344827586207,,0.2042511850893821,0.022386493552649,water_per_diff,0.0007091276252274456,22 - 24日龄
"[-inf, -6.53)",122,0.16827586206896553,97,25,0.20491803278688525,-0.5360077741498555,0.058526496308593225,0.007229473380273,water_per_shift_diff,0.0007623964770372,22 - 24日龄
"[-6.53, 4.31)",365,0.503448275862069,327,38,0.10410958904109589,0.26053108338583014,0.031015605164979785,0.0038660229886703,water_per_shift_diff,0.0007021612627915,22 - 24日龄
"[4.31, 7.17)",97,0.13379310344827586,92,5,0.05154639175257732,1.0205077368299025,0.09531559313081296,0.0127841400139414,water_per_shift_diff,0.0006029399804606485,22 - 24日龄
"[7.17, 10.92)",75,0.10344827586206896,63,12,0.16,-0.2336148511815052,0.006147759241618558,0.0007667271625461,water_per_shift_diff,0.0007024244975649,22 - 24日龄
"[10.92, inf)",66,0.0910344827586207,51,15,0.22727272727272727,-0.6680674961629217,0.05140268704812454,0.0063084519429831,water_per_shift_diff,0.0008128679053091,22 - 24日龄
,725,1.0,630,95,0.1310344827586207,,0.24240814089412907,0.0309548154884139,water_per_shift_diff,0.0007091276252274302,22 - 24日龄
"[-inf, -17.88)",37,0.05103448275862069,30,7,0.1891891891891892,-0.43655569517819537,0.011378895312915365,0.0014111736651915,water_per_diff_前1天,0.000743262750785,22 - 24日龄
"[-17.88, -8.38)",112,0.15448275862068966,107,5,0.044642857142857144,1.1715479942427685,0.1373167782725651,0.0162457572735161,water_per_diff_前1天,0.0006632966853727,22 - 24日龄
"[-8.38, 2.23)",204,0.2813793103448276,180,24,0.11764705882352941,0.12306009275722721,0.004071160963396987,0.0005085742550748,water_per_diff_前1天,0.0006956788432892,22 - 24日龄
"[2.23, 7.67)",115,0.15862068965517243,97,18,0.1565217391304348,-0.20750370717781938,0.007367508400214973,0.0009192898665285,water_per_diff_前1天,0.0007646980710753999,22 - 24日龄
"[7.67, inf)",257,0.3544827586206897,216,41,0.15953307392996108,-0.23013658680518032,0.020418133265422016,0.0025466492264447,water_per_diff_前1天,0.0007099953912235,22 - 24日龄
,725,1.0,630,95,0.1310344827586207,,0.18055247621451445,0.0216314442867556,water_per_diff_前1天,0.0007091276252274409,22 - 24日龄
"[-inf, 1.40)",361,0.5013888888888889,323,38,0.10526315789473684,0.2317191160166059,0.024689524580459466,0.0043365724567115994,water_per_diff_前2天,0.000700616197252475,22 - 24日龄
"[1.40, 4.69)",83,0.11527777777777778,69,14,0.1686746987951807,-0.31329787249766394,0.012685364287475511,0.0013988750417654,water_per_diff_前2天,0.0007409317047831,22 - 24日龄
"[4.69, 7.11)",41,0.05694444444444444,29,12,0.2926829268292683,-1.0259578672811909,0.08492906356204331,0.0097210461429624,water_per_diff_前2天,0.0008189450957369999,22 - 24日龄
"[7.11, 18.62)",174,0.24166666666666667,151,23,0.13218390804597702,-0.026561426593890127,0.0001721839661897496,3.045746353994255e-06,water_per_diff_前2天,0.0006966007913965,22 - 24日龄
"[18.62, inf)",61,0.08472222222222223,55,6,0.09836065573770492,0.30722666852475117,0.007128632376635425,0.000972762978912,water_per_diff_前2天,0.0006623839532494,22 - 24日龄
,720,1.0,627,93,0.12916666666666668,,0.12960476877280347,0.016432302366705395,water_per_diff_前2天,0.0007077923423355031,22 - 24日龄
"[-inf, -14.45)",109,0.15181058495821728,100,9,0.08256880733944955,0.5027934520687264,0.03178952148563561,0.0040831733346872,water_per_diff_前3天,0.0006720371394886,22 - 24日龄
"[-14.45, -11.53)",43,0.05988857938718663,42,1,0.023255813953488372,1.8325174617002227,0.10344068459076869,0.0113797920501799,water_per_diff_前3天,0.0005579963950162,22 - 24日龄
"[-11.53, -8.56)",50,0.06963788300835655,46,4,0.08,0.5371948787860588,0.016432387001834192,0.0021005938167955,water_per_diff_前3天,0.0006500875404947,22 - 24日龄
"[-8.56, inf)",516,0.7186629526462396,437,79,0.15310077519379844,-0.19466681395457683,0.029251095966955246,0.0031270918684040997,water_per_diff_前3天,0.0007334437553504852,22 - 24日龄
,718,1.0,625,93,0.12952646239554316,,0.18091368904519373,0.0206906510700667,water_per_diff_前3天,0.0007078095375703891,22 - 24日龄
"[-inf, -13.52)",118,0.16503496503496504,108,10,0.0847457627118644,0.4792055345442505,0.031678628843778554,0.0039941292356422,water_per_diff_前5天,0.0006889062009308,22 - 24日龄
"[-13.52, -9.02)",64,0.08951048951048951,62,2,0.03125,1.5336466048992228,0.11988987911617545,0.0135908737277206,water_per_diff_前5天,0.000632819400357,22 - 24日龄
"[-9.02, -5.78)",49,0.06853146853146853,44,5,0.10204081632653061,0.2744111218982372,0.004658433110397761,0.0006065750954842,water_per_diff_前5天,0.0006645434021470999,22 - 24日龄
"[-5.78, inf)",484,0.676923076923077,408,76,0.15702479338842976,-0.21980676546809294,0.03544510438554734,0.0045236081252012,water_per_diff_前5天,0.0007290689504142173,22 - 24日龄
,715,1.0,622,93,0.13006993006993006,,0.1916720454558991,0.0227151861840482,water_per_diff_前5天,0.0007094033175361838,22 - 24日龄
"[-inf, 4.53)",289,0.40476190476190477,253,36,0.1245674740484429,0.051138961491187414,0.001038664689785168,0.0001641946509638,water_per_diff_前7天,0.0006821618402772,22 - 24日龄
"[4.53, 10.10)",128,0.1792717086834734,114,14,0.109375,0.19840952999901412,0.006554904216891227,0.0008603304464703,water_per_diff_前7天,0.0007205764416623,22 - 24日龄
"[10.10, 17.44)",149,0.20868347338935575,134,15,0.10067114093959731,0.2910580100684785,0.015859947668268343,0.0020335553468714,water_per_diff_前7天,0.000699284824253,22 - 24日龄
"[17.44, 19.58)",40,0.056022408963585436,39,1,0.025,1.7648300573494236,0.09185807061784439,0.0100906347659577,water_per_diff_前7天,0.0006570867070956,22 - 24日龄
"[19.58, 24.86)",59,0.08263305322128851,48,11,0.1864406779661017,-0.4254258506707025,0.017436029098705747,0.0020567166910877,water_per_diff_前7天,0.0007892222445111999,22 - 24日龄
"[24.86, inf)",49,0.06862745098039216,33,16,0.32653061224489793,-1.1748127495535239,0.1396886594840796,0.0160391429969598,water_per_diff_前7天,0.0008260025675946,22 - 24日龄
,714,1.0,621,93,0.13025210084033614,,0.2724362757755745,0.031244574898310697,water_per_diff_前7天,0.0007099351564547652,22 - 24日龄
"[-inf, -4.60)",154,0.21388888888888888,127,27,0.17532467532467533,-0.35999682702540264,0.03159719025082765,0.0035302213535761,water_per_shift_diff_前1天,0.0007560721085145,22 - 24日龄
"[-4.60, 0.30)",153,0.2125,140,13,0.08496732026143791,0.4683460176681029,0.03910714547900041,0.0051244736868207,water_per_shift_diff_前1天,0.0006584280361619,22 - 24日龄
"[0.30, 2.28)",65,0.09027777777777778,64,1,0.015384615384615385,2.2505360358800073,0.20552047454272845,0.0213969493104278,water_per_shift_diff_前1天,0.0005948292339173,22 - 24日龄
"[2.28, 4.30)",78,0.10833333333333334,68,10,0.1282051282051282,0.008575564702396324,7.9415632372863e-06,8.380627278469725e-06,water_per_shift_diff_前1天,0.0006919888742754,22 - 24日龄
"[4.30, 8.97)",148,0.20555555555555555,127,21,0.14189189189189189,-0.10868239874449638,0.002527367609842688,0.0002242057064681,water_per_shift_diff_前1天,0.0007257046970432,22 - 24日龄
"[8.97, inf)",122,0.16944444444444445,101,21,0.1721311475409836,-0.3377489683618283,0.0218597624221423,0.0024284245165837,water_per_shift_diff_前1天,0.0007573161039105,22 - 24日龄
,720,1.0,627,93,0.12916666666666668,,0.3006198818677788,0.03271265520115487,water_per_shift_diff_前1天,0.0007077923423355333,22 - 24日龄
"[-inf, -4.62)",114,0.15877437325905291,94,20,0.17543859649122806,-0.3575896478671327,0.023119516502102103,0.0026259519276659,water_per_shift_diff_前2天,0.0007920854596075,22 - 24日龄
"[-4.62, 4.90)",312,0.43454038997214484,268,44,0.14102564102564102,-0.09835480999055,0.004358915966204849,0.0004013055790432,water_per_shift_diff_前2天,0.0007163486556888,22 - 24日龄
"[4.90, 6.41)",57,0.07938718662952646,56,1,0.017543859649122806,2.1201995341520035,0.16717203380677215,0.0176625196512898,water_per_shift_diff_前2天,0.0006189055145908001,22 - 24日龄
"[6.41, 13.10)",172,0.2395543175487465,152,20,0.11627906976744186,0.12299609070913974,0.0034618770649488617,0.0005234081342435,water_per_shift_diff_前2天,0.0006716474421753,22 - 24日龄
"[13.10, inf)",63,0.08774373259052924,55,8,0.12698412698412698,0.02273948696948934,4.4989952713828095e-05,1.3927843229895364e-05,water_per_shift_diff_前2天,0.0006921865177706,22 - 24日龄
,718,1.0,625,93,0.12952646239554316,,0.19815733329274177,0.0212271131354723,water_per_shift_diff_前2天,0.0007078095375703839,22 - 24日龄
"[-inf, -9.87)",50,0.06983240223463687,42,8,0.16,-0.24371894903066502,0.004534579938470754,0.0005111514416974,water_per_shift_diff_前3天,0.0007097250741458,22 - 24日龄
"[-9.87, -3.11)",137,0.19134078212290503,127,10,0.072992700729927,0.6396549678303484,0.06161504988800591,0.0119754578386119,water_per_shift_diff_前3天,0.0006706358327311518,22 - 24日龄
"[-3.11, inf)",529,0.7388268156424581,454,75,0.14177693761814744,-0.1013379411291596,0.007875951412772144,0.000784780964249,water_per_shift_diff_前3天,0.0007184180707563,22 - 24日龄
,716,1.0,623,93,0.12988826815642457,,0.07402558123924881,0.013271390244558302,water_per_shift_diff_前3天,0.0007086683271250565,22 - 24日龄
"[-inf, -13.90)",78,0.1092436974789916,64,14,0.1794871794871795,-0.37890583503580966,0.01798971135124046,0.0021167281744257,water_per_shift_diff_前5天,0.0007468575588873,22 - 24日龄
"[-13.90, -9.36)",106,0.1484593837535014,89,17,0.16037735849056603,-0.24330856310429916,0.009605449481027864,0.0011108787021129,water_per_shift_diff_前5天,0.0007984800993222,22 - 24日龄
"[-9.36, 2.45)",354,0.4957983193277311,306,48,0.13559322033898305,-0.04634749773573296,0.0010833917189278376,9.641571459124022e-05,water_per_shift_diff_前5天,0.0007000480936259,22 - 24日龄
"[2.45, 3.70)",37,0.05182072829131653,35,2,0.05405405405405406,0.9634692921492454,0.0335820422332421,0.0040281923393196,water_per_shift_diff_前5天,0.0005969908192517,22 - 24日龄
"[3.70, inf)",139,0.19467787114845939,127,12,0.08633093525179857,0.4605488478903681,0.03476066053632044,0.0090343133067645,water_per_shift_diff_前5天,0.0006769369505860432,22 - 24日龄
,714,1.0,621,93,0.13025210084033614,,0.0970212553207587,0.01638652823721394,water_per_shift_diff_前5天,0.0007099351564547676,22 - 24日龄
"[-inf, -8.14)",42,0.05907172995780591,34,8,0.19047619047619047,-0.44696998136810956,0.013858449156104872,0.0016682017583433,water_per_shift_diff_前7天,0.000707204573746,22 - 24日龄
"[-8.14, -5.90)",42,0.05907172995780591,36,6,0.14285714285714285,-0.10212949507637979,0.0006397087070239883,7.521932961596155e-05,water_per_shift_diff_前7天,0.0008518952781658,22 - 24日龄
"[-5.90, -3.51)",60,0.08438818565400844,59,1,0.016666666666666666,2.1836484796012847,0.18499120379960773,0.0190529315135766,water_per_shift_diff_前7天,0.0006156169465863,22 - 24日龄
"[-3.51, inf)",567,0.7974683544303798,489,78,0.13756613756613756,-0.05823530151915465,0.002763121885421841,0.0003150549973635,water_per_shift_diff_前7天,0.0007095673953681,22 - 24日龄
,711,1.0,618,93,0.1308016877637131,,0.20225248354815845,0.02111140759889936,water_per_shift_diff_前7天,0.0007099070657513169,22 - 24日龄
"[-inf, 7.48)",488,0.7134502923976608,393,95,0.19467213114754098,-0.23221631025842976,0.041559143267663225,0.006623185319425566,water_per_diff,0.000780817721049159,25 - 27日龄
"[7.48, 12.59)",72,0.10526315789473684,63,9,0.125,0.29376111852816317,0.008207073377948683,0.0010222112948497,water_per_diff,0.0007027005727456,25 - 27日龄
"[12.59, 16.26)",41,0.059941520467836254,40,1,0.024390243902439025,2.036730423586786,0.12341670257591135,0.0132144433449259,water_per_diff,0.0005867652239457,25 - 27日龄
"[16.26, inf)",83,0.12134502923976608,78,5,0.060240963855421686,1.0951218837283412,0.09903620456269921,0.0117957816929181,water_per_diff,0.000634590271086,25 - 27日龄
,684,1.0,574,110,0.1608187134502924,,0.27221912378422247,0.03265562165211927,water_per_diff,0.0007432190874145971,25 - 27日龄
"[-inf, -18.28)",37,0.054093567251461985,25,12,0.32432432432432434,-0.9181798554469496,0.060174663317064885,0.007268269757096,water_per_shift_diff,0.001115797299839,25 - 27日龄
"[-18.28, -13.85)",35,0.05116959064327485,26,9,0.2571428571428571,-0.5912770698418874,0.02159462976014242,0.0026606822699656,water_per_shift_diff,0.0008078740755143,25 - 27日龄
"[-13.85, -6.16)",156,0.22807017543859648,126,30,0.19230769230769232,-0.2170645052378275,0.011551104491591703,0.0014410600696159,water_per_shift_diff,0.0007508974071532,25 - 27日龄
"[-6.16, 2.28)",260,0.38011695906432746,221,39,0.15,0.08245202486095617,0.00251247538537345,0.0003139704916665,water_per_shift_diff,0.0007254715811955,25 - 27日龄
"[2.28, 9.64)",134,0.195906432748538,120,14,0.1044776119402985,0.4962853826396373,0.040589447512687477,0.0050222453423923,water_per_shift_diff,0.0006863701089337,25 - 27日龄
"[9.64, inf)",62,0.09064327485380116,56,6,0.0967741935483871,0.5814431909799441,0.0250110818292925,0.0030830765992174,water_per_shift_diff,0.0006623477714630001,25 - 27日龄
,684,1.0,574,110,0.1608187134502924,,0.16143340229615244,0.0197893045299537,water_per_shift_diff,0.0007432190874146119,25 - 27日龄
"[-inf, 7.40)",448,0.6549707602339181,365,83,0.18526785714285715,-0.17109228474125657,0.020301289155551062,0.0025345705065499,water_per_diff_前1天,0.0007793551182451,25 - 27日龄
"[7.40, 13.23)",96,0.14035087719298245,81,15,0.15625,0.03424992304307866,0.00016273324220658273,2.0340661087220324e-05,water_per_diff_前1天,0.0006965817480653001,25 - 27日龄
"[13.23, 19.43)",77,0.11257309941520467,74,3,0.03896103896103896,1.5533037740089097,0.1578888758566548,0.0190763144253916,water_per_diff_前1天,0.0006480949184965364,25 - 27日龄
"[19.43, inf)",63,0.09210526315789473,54,9,0.14285714285714285,0.1396104387009049,0.0017114108260136273,0.0002137527867852,water_per_diff_前1天,0.000673581052052,25 - 27日龄
,684,1.0,574,110,0.1608187134502924,,0.18006430908042603,0.02184497837981392,water_per_diff_前1天,0.0007432190874145948,25 - 27日龄
"[-inf, -8.40)",146,0.21376281112737922,132,14,0.0958904109589041,0.593339242048789,0.06116957631021785,0.0074852086091805,water_per_diff_前2天,0.0006734947120562,25 - 27日龄
"[-8.40, 2.24)",166,0.2430453879941435,135,31,0.18674698795180722,-0.17911777696904013,0.008278122867060348,0.0010526837196254,water_per_diff_前2天,0.0007613520478009,25 - 27日龄
"[2.24, 3.97)",35,0.05124450951683748,23,12,0.34285714285714286,-0.999817784781174,0.06893872906011395,0.008297147844082,water_per_diff_前2天,0.0009853291403987,25 - 27日龄
"[3.97, 8.08)",90,0.13177159590043924,68,22,0.24444444444444444,-0.5219400991045325,0.04244748449960073,0.0052770320901739,water_per_diff_前2天,0.0009013882722192999,25 - 27日龄
"[8.08, 19.98)",175,0.2562225475841874,149,26,0.14857142857142858,0.09544441700165378,0.0022592903405754014,0.0002718463954272,water_per_diff_前2天,0.0007024480000162,25 - 27日龄
"[19.98, inf)",71,0.10395314787701318,66,5,0.07042253521126761,0.9298114786700018,0.06483454622806056,0.0077882932205512,water_per_diff_前2天,0.000627575675077,25 - 27日龄
,683,1.0,573,110,0.16105417276720352,,0.24792774930562883,0.030172211879040203,water_per_diff_前2天,0.0007435027895199825,25 - 27日龄
"[-inf, 12.48)",514,0.7569955817378498,419,95,0.18482490272373542,-0.17029445027785522,0.02324040952689417,0.0031946280484114963,water_per_diff_前3天,0.0007743358216060224,25 - 27日龄
"[12.48, 17.40)",72,0.10603829160530191,62,10,0.1388888888888889,0.17026081345159377,0.0028993391378043815,0.0003681541853511,water_per_diff_前3天,0.0007098921131955,25 - 27日龄
"[17.40, inf)",93,0.13696612665684832,89,4,0.043010752688172046,1.448053530012797,0.17296000718211763,0.0198081969265172,water_per_diff_前3天,0.0005958325222919,25 - 27日龄
,679,1.0,570,109,0.16053019145802652,,0.19909975584681616,0.023370979160279796,water_per_diff_前3天,0.0007430534153589369,25 - 27日龄
"[-inf, 17.47)",607,0.9073243647234679,501,106,0.17462932454695224,-0.09442267142567894,0.008350113446537067,0.002961625053920647,water_per_diff_前5天,0.0007562131591493758,25 - 27日龄
"[17.47, inf)",62,0.09267563527653214,60,2,0.03225806451612903,1.7536077032636788,0.1550774092904006,0.0167887874572191,water_per_diff_前5天,0.0006116671782792,25 - 27日龄
,669,1.0,561,108,0.16143497757847533,,0.16342752273693767,0.019750412511139747,water_per_diff_前5天,0.0007428172685455628,25 - 27日龄
"[-inf, -22.24)",41,0.061654135338345864,39,2,0.04878048780487805,1.329980452766637,0.06849324161631494,0.0076534843323721,water_per_diff_前7天,0.0006322260415072,25 - 27日龄
"[-22.24, -6.53)",203,0.30526315789473685,176,27,0.1330049261083744,0.23421311623075833,0.015453019787217893,0.0016976551273261,water_per_diff_前7天,0.0006757420324455,25 - 27日龄
"[-6.53, -2.80)",81,0.12180451127819548,54,27,0.3333333333333333,-0.947286832243119,0.1449842054734756,0.0174815649677041,water_per_diff_前7天,0.0008822865228377999,25 - 27日龄
"[-2.80, 5.08)",164,0.24661654135338346,136,28,0.17073170731707318,-0.05998363724221623,0.0009053983412449681,0.0001578077112791,water_per_diff_前7天,0.0007740277123015,25 - 27日龄
"[5.08, 13.61)",123,0.1849624060150376,104,19,0.15447154471544716,0.05951790717186777,0.0006421158613362282,5.053118617454489e-05,water_per_diff_前7天,0.0008047528918624,25 - 27日龄
"[13.61, inf)",53,0.07969924812030076,48,5,0.09433962264150944,0.6213290856707263,0.02477838414329531,0.0028643390548756,water_per_diff_前7天,0.0006562530674328,25 - 27日龄
,665,1.0,557,108,0.162406015037594,,0.255256365222885,0.029905382379731546,water_per_diff_前7天,0.0007447649198925611,25 - 27日龄
"[-inf, -11.52)",82,0.12005856515373353,63,19,0.23170731707317074,-0.45170960369723107,0.02835816122211555,0.0035390416857958,water_per_shift_diff_前1天,0.0008406111219341,25 - 27日龄
"[-11.52, -3.79)",196,0.2869692532942899,162,34,0.17346938775510204,-0.08916954030610054,0.0023512577500989836,0.00030514678246,water_per_shift_diff_前1天,0.0007256538482545,25 - 27日龄
"[-3.79, 0.08)",127,0.18594436310395315,109,18,0.14173228346456693,0.1505707734106556,0.004003754025642689,0.0004880579742205,water_per_shift_diff_前1天,0.0007496344221823,25 - 27日龄
"[0.08, 1.31)",41,0.060029282576866766,39,2,0.04878048780487805,1.3200091146473778,0.06584338658498105,0.0076534843323721,water_per_shift_diff_前1天,0.0006574641250682,25 - 27日龄
"[1.31, 12.43)",202,0.2957540263543192,172,30,0.1485148514851485,0.09589174422897447,0.002631964421959798,0.000316741812958,water_per_shift_diff_前1天,0.0007257639713882,25 - 27日龄
"[12.43, inf)",35,0.05124450951683748,28,7,0.2,-0.2641109898024326,0.0039011158417589188,0.0004922392287908,water_per_shift_diff_前1天,0.0007968633148654,25 - 27日龄
,683,1.0,573,110,0.16105417276720352,,0.10708963984655699,0.012794711816597202,water_per_shift_diff_前1天,0.0007435027895199587,25 - 27日龄
"[-inf, -13.02)",48,0.07069219440353461,37,11,0.22916666666666666,-0.4412658387535983,0.015887842930819247,0.0019352981864831,water_per_shift_diff_前2天,0.0007952620193469,25 - 27日龄
"[-13.02, -5.28)",126,0.18556701030927836,108,18,0.14285714285714285,0.13747099062860288,0.003345503586519355,0.0004275055735705,water_per_shift_diff_前2天,0.0007259355573756,25 - 27日龄
"[-5.28, -4.19)",35,0.05154639175257732,34,1,0.02857142857142857,1.872072046016709,0.09449248247719941,0.0102826013073542,water_per_shift_diff_前2天,0.0006622879888669,25 - 27日龄
"[-4.19, -0.56)",118,0.17378497790868924,104,14,0.11864406779661017,0.35104509092666186,0.018961972077094436,0.0023678141341069,water_per_shift_diff_前2天,0.000726430075885,25 - 27日龄
"[-0.56, 13.71)",314,0.46244477172312226,258,56,0.17834394904458598,-0.126680584412984,0.007743970056341755,0.0009274432171211,water_per_shift_diff_前2天,0.0007508610347592,25 - 27日龄
"[13.71, inf)",38,0.055964653902798235,29,9,0.23684210526315788,-0.48421722594919764,0.015345625589795112,0.0018678084266303,water_per_shift_diff_前2天,0.0007953583787258,25 - 27日龄
,679,1.0,570,109,0.16053019145802652,,0.1557773967177693,0.0178084708452661,water_per_shift_diff_前2天,0.000743053415358936,25 - 27日龄
"[-inf, -5.28)",166,0.24629080118694363,138,28,0.1686746987951807,-0.05042867393529658,0.0006370627315362635,0.0001008199101799,water_per_shift_diff_前3天,0.0007438369586642,25 - 27日龄
"[-5.28, -1.82)",98,0.14540059347181009,82,16,0.16326530612244897,-0.011347323892825492,1.8793976407700045e-05,5.850084985833319e-06,water_per_shift_diff_前3天,0.0007056989546725999,25 - 27日龄
"[-1.82, 4.64)",202,0.2997032640949555,170,32,0.15841584158415842,0.02458468533323808,0.00017963965900717947,1.1773843282564082e-05,water_per_shift_diff_前3天,0.0007769013531147,25 - 27日龄
"[4.64, 5.39)",36,0.05341246290801187,35,1,0.027777777777777776,1.9098702125721163,0.10078879907216656,0.0107636891526233,water_per_shift_diff_前3天,0.0006347354174253,25 - 27日龄
"[5.39, inf)",172,0.2551928783382789,140,32,0.18604651162790697,-0.16957132910771955,0.007764734076216113,0.0012175204121052,water_per_shift_diff_前3天,0.0007462764647771831,25 - 27日龄
,674,1.0,565,109,0.16172106824925817,,0.10938902951533382,0.012099653403176798,water_per_shift_diff_前3天,0.0007429963397541955,25 - 27日龄
"[-inf, -7.29)",64,0.095952023988006,48,16,0.25,-0.5454059573627698,0.03396817066991344,0.0042244103758083,water_per_shift_diff_前5天,0.0008881125217057,25 - 27日龄
"[-7.29, 5.12)",339,0.5082458770614693,274,65,0.19174041297935104,-0.2052774095384463,0.022927608370067975,0.0030235186049717,water_per_shift_diff_前5天,0.0007759790241267001,25 - 27日龄
"[5.12, 6.61)",63,0.0944527736131934,60,3,0.047619047619047616,1.3517140275231114,0.10753797247388697,0.0120795580162222,water_per_shift_diff_前5天,0.0006174314193298,25 - 27日龄
"[6.61, 12.35)",137,0.20539730134932535,122,15,0.10948905109489052,0.451952597600167,0.035866045436665994,0.0041919398327302,water_per_shift_diff_前5天,0.0006895986439228,25 - 27日龄
"[12.35, inf)",64,0.095952023988006,55,9,0.140625,0.16609036186537224,0.0025007642439479143,0.0002761547287405,water_per_shift_diff_前5天,0.0006655423625728,25 - 27日龄
,667,1.0,559,108,0.1619190404797601,,0.20280056119448228,0.0237955815584729,water_per_shift_diff_前5天,0.0007434242809714787,25 - 27日龄
"[-inf, -9.63)",164,0.2469879518072289,139,25,0.1524390243902439,0.0769610411361284,0.0014252044654838592,0.00014571362698679994,water_per_shift_diff_前7天,0.0007013254130897854,25 - 27日龄
"[-9.63, -7.52)",56,0.08433734939759036,55,1,0.017857142857142856,2.3686961181061084,0.21238109345662282,0.0208989885530716,water_per_shift_diff_前7天,0.000636130980155,25 - 27日龄
"[-7.52, -3.18)",109,0.16415662650602408,95,14,0.12844036697247707,0.2761824948589196,0.01138802053808095,0.0012517224421284,water_per_shift_diff_前7天,0.0007196062259756,25 - 27日龄
"[-3.18, inf)",335,0.5045180722891566,267,68,0.20298507462686566,-0.2708961139022198,0.04047561840412197,0.007634130060376011,water_per_shift_diff_前7天,0.000792850178733523,25 - 27日龄
,664,1.0,556,108,0.16265060240963855,,0.26566993686430956,0.02993055468256281,water_per_shift_diff_前7天,0.0007450039023230052,25 - 27日龄
"[-inf, -20.27)",105,0.17355371900826447,74,31,0.29523809523809524,-0.6010130090609439,0.07448340946165016,0.0091727806894156,water_per_diff,0.0009219213703386,28 - 30日龄
"[-20.27, 9.27)",365,0.6033057851239669,296,69,0.18904109589041096,-0.014837948053166421,0.00013344438496624083,0.00017418928845970658,water_per_diff,0.0008285087843308369,28 - 30日龄
"[9.27, 12.37)",34,0.05619834710743802,33,1,0.029411764705882353,2.0254166636865127,0.11792707641472844,0.0126461654057543,water_per_diff,0.0006261781987471,28 - 30日龄
"[12.37, inf)",101,0.1669421487603306,89,12,0.1188118811881188,0.532638822164172,0.039787916908551095,0.006483347498357,water_per_diff,0.0006772677535741941,28 - 30日龄
,605,1.0,492,113,0.18677685950413223,,0.23233184716989594,0.028476482881986606,water_per_diff,0.0008081017389003364,28 - 30日龄
"[-inf, -15.42)",43,0.07107438016528926,31,12,0.27906976744186046,-0.5220103430828216,0.022543831098313812,0.0027864133585779,water_per_shift_diff,0.0008519910750461,28 - 30日龄
"[-15.42, 0.61)",211,0.3487603305785124,169,42,0.1990521327014218,-0.07886180114026242,0.0022227577952872737,0.0002777727481514,water_per_shift_diff,0.0007933445760462,28 - 30日龄
"[0.61, 9.06)",189,0.31239669421487604,153,36,0.19047619047619047,-0.024171914843642124,0.00018391107235881385,2.298832439539644e-05,water_per_shift_diff,0.0008607108921606,28 - 30日龄
"[9.06, 10.54)",38,0.0628099173553719,36,2,0.05263157894736842,1.419280860116197,0.07872980380959693,0.0090903901050178,water_per_shift_diff,0.0007040755030919,28 - 30日龄
"[10.54, inf)",124,0.2049586776859504,103,21,0.1693548387096774,0.1191156527262452,0.0028002762449313334,0.0015135605941903,water_per_shift_diff,0.0007696855042429903,28 - 30日龄
,605,1.0,492,113,0.18677685950413223,,0.10648058002048816,0.013691125130332797,water_per_shift_diff,0.000808101738900342,28 - 30日龄
"[-inf, -34.57)",31,0.0512396694214876,23,8,0.25806451612903225,-0.41503822353065384,0.009981043687684082,0.0012387521842119,water_per_diff_前1天,0.0010138599969643,28 - 30日龄
"[-34.57, -27.56)",34,0.05619834710743802,26,8,0.23529411764705882,-0.29243590143832143,0.005249496899695027,0.0006538588853853,water_per_diff_前1天,0.0008583431535441,28 - 30日龄
"[-27.56, -16.25)",94,0.15537190082644628,74,20,0.2127659574468085,-0.16275807812978874,0.004326865952151731,0.0005402620569862,water_per_diff_前1天,0.0007966411152688998,28 - 30日龄
"[-16.25, 9.29)",337,0.5570247933884298,269,68,0.20178041543026706,-0.09588722335423526,0.0052759014360854355,0.0006592351469805,water_per_diff_前1天,0.0008427145578379,28 - 30日龄
"[9.29, inf)",109,0.18016528925619835,100,9,0.08256880733944955,0.9368547108719044,0.11580087727735318,0.0155994487457541,water_per_diff_前1天,0.0006367812301070991,28 - 30日龄
,605,1.0,492,113,0.18677685950413223,,0.14063418525296945,0.018691557019318,water_per_diff_前1天,0.0008081017389003559,28 - 30日龄
"[-inf, -17.72)",130,0.21487603305785125,105,25,0.19230769230769232,-0.03600637249064496,0.0002817248009466614,3.521369792595041e-05,water_per_diff_前2天,0.0008167145346521,28 - 30日龄
"[-17.72, -13.40)",45,0.0743801652892562,30,15,0.3333333333333333,-0.7779437172200223,0.055831272604286095,0.0068080837760587,water_per_diff_前2天,0.0009869952912159,28 - 30日龄
"[-13.40, -10.26)",42,0.06942148760330578,32,10,0.23809523809523808,-0.3079400879742865,0.00722271161087973,0.0008992885462024,water_per_diff_前2天,0.0008797755282189,28 - 30日龄
"[-10.26, 14.45)",323,0.5338842975206611,263,60,0.18575851393188855,0.0067185721756962595,2.404841828483228e-05,3.0060466318321357e-06,water_per_diff_前2天,0.0008036671414805,28 - 30日龄
"[14.45, 19.94)",31,0.0512396694214876,29,2,0.06451612903225806,1.2030577516465613,0.04961888309456733,0.0058534524317238,water_per_diff_前2天,0.0007054087082353,28 - 30日龄
"[19.94, inf)",34,0.05619834710743802,33,1,0.029411764705882353,2.0254166636865127,0.11792707641472844,0.0126461654057543,water_per_diff_前2天,0.0005856219290151,28 - 30日龄
,605,1.0,492,113,0.18677685950413223,,0.2309057169436931,0.026245209904296983,water_per_diff_前2天,0.0008081017389003166,28 - 30日龄
"[-inf, -12.18)",155,0.256198347107438,121,34,0.21935483870967742,-0.20166087679938782,0.011081264454675336,0.0013828157200315,water_per_diff_前3天,0.0008271258970429001,28 - 30日龄
"[-12.18, -8.04)",45,0.0743801652892562,42,3,0.06666666666666667,1.1679664318352911,0.068696493130826,0.0081300151980476,water_per_diff_前3天,0.0006990554915546,28 - 30日龄
"[-8.04, inf)",405,0.6694214876033058,329,76,0.18765432098765433,-0.00576648730092678,2.2300071402605796e-05,2.78750506326939e-06,water_per_diff_前3天,0.0008129371379583,28 - 30日龄
,605,1.0,492,113,0.18677685950413223,,0.07980005765690394,0.00951561842314237,water_per_diff_前3天,0.0008081017389003603,28 - 30日龄
"[-inf, -15.91)",72,0.11920529801324503,58,14,0.19444444444444445,-0.047670628151019245,0.0002749418922611638,3.732245494775569e-05,water_per_diff_前5天,0.0008233633605643,28 - 30日龄
"[-15.91, -4.90)",93,0.15397350993377484,77,16,0.17204301075268819,0.10216039053172249,0.001555891534331335,0.0001865458731245,water_per_diff_前5天,0.0007579965393467,28 - 30日龄
"[-4.90, -1.16)",49,0.08112582781456953,46,3,0.061224489795918366,1.2609727987388053,0.08465879053587676,0.0098904200935963,water_per_diff_前5天,0.0006774325888306,28 - 30日龄
"[-1.16, 1.60)",44,0.0728476821192053,36,8,0.18181818181818182,0.03502108769409402,8.836855031582937e-05,9.789419354004928e-06,water_per_diff_前5天,0.0007756401591314,28 - 30日龄
"[1.60, inf)",346,0.5728476821192053,274,72,0.20809248554913296,-0.13259432171016514,0.01049130494579646,0.0014999859044782205,water_per_diff_前5天,0.0008406097315259041,28 - 30日龄
,604,1.0,491,113,0.1870860927152318,,0.09706929745858155,0.01162406374550078,water_per_diff_前5天,0.0008078628660303254,28 - 30日龄
"[-inf, 1.50)",273,0.4588235294117647,231,42,0.15384615384615385,0.2210795670933581,0.02088549237395547,0.0028508758904733,water_per_diff_前7天,0.0007664524283042,28 - 30日龄
"[1.50, 4.46)",57,0.0957983193277311,43,14,0.24561403508771928,-0.36152573906676305,0.013959569306045578,0.0015838488963027,water_per_diff_前7天,0.0009926685524843,28 - 30日龄
"[4.46, 6.92)",46,0.0773109243697479,31,15,0.32608695652173914,-0.7577315217621308,0.05489470162344209,0.0063492111299013,water_per_diff_前7天,0.0010506589811065,28 - 30日龄
"[6.92, 13.10)",94,0.15798319327731092,74,20,0.2127659574468085,-0.1753357054948882,0.005126967208472831,0.0005402620569862,water_per_diff_前7天,0.0007727507569711,28 - 30日龄
"[13.10, 23.64)",94,0.15798319327731092,76,18,0.19148936170212766,-0.04330694275490054,0.00030034805659443674,1.851556881794824e-05,water_per_diff_前7天,0.0007986521454700999,28 - 30日龄
"[23.64, inf)",31,0.052100840336134456,30,1,0.03225806451612903,1.9175288565170885,0.10117795184809004,0.010927891736111,water_per_diff_前7天,0.0005499378311546,28 - 30日龄
,595,1.0,485,110,0.18487394957983194,,0.19634503041660045,0.022270605278592447,water_per_diff_前7天,0.0008048972758736405,28 - 30日龄
"[-inf, -5.29)",187,0.3090909090909091,147,40,0.21390374331550802,-0.1695377651151676,0.009358792019901602,0.0011684499698712,water_per_shift_diff_前1天,0.0008488062839436998,28 - 30日龄
"[-5.29, -3.48)",43,0.07107438016528926,41,2,0.046511627906976744,1.5493339883643948,0.10168932519500821,0.0115751815417052,water_per_shift_diff_前1天,0.0006483815171606,28 - 30日龄
"[-3.48, inf)",375,0.6198347107438017,304,71,0.18933333333333333,-0.01674307341506121,0.0001746705263100844,0.0002852865238350648,water_per_shift_diff_前1天,0.0008061183245315173,28 - 30日龄
,605,1.0,492,113,0.18677685950413223,,0.1112227877412199,0.013028918035411466,water_per_shift_diff_前1天,0.000808101738900325,28 - 30日龄
"[-inf, -17.63)",45,0.0743801652892562,31,14,0.3111111111111111,-0.6761610229100798,0.04116852044302864,0.0050502213658649,water_per_shift_diff_前2天,0.0010067194707645,28 - 30日龄
"[-17.63, -6.19)",179,0.2958677685950413,143,36,0.2011173184357542,-0.0917652059761703,0.0025633384574608327,0.0003203049300363,water_per_shift_diff_前2天,0.0008891361383222,28 - 30日龄
"[-6.19, -3.10)",84,0.13884297520661157,71,13,0.15476190476190477,0.22663962179981118,0.00663253947529126,0.0008272975841129,water_per_shift_diff_前2天,0.0007471658935685,28 - 30日龄
"[-3.10, -1.97)",31,0.0512396694214876,30,1,0.03225806451612903,1.930106483882188,0.10060883139597418,0.010927891736111,water_per_shift_diff_前2天,0.0006403160132987,28 - 30日龄
"[-1.97, -0.62)",39,0.06446280991735537,34,5,0.1282051282051282,0.44583171440209346,0.011082441709901669,0.0013739450578524,water_per_shift_diff_前2天,0.0007262506232579,28 - 30日龄
"[-0.62, inf)",227,0.3752066115702479,183,44,0.19383259911894274,-0.0457943788568078,0.000798164492270069,9.976184447475516e-05,water_per_shift_diff_前2天,0.0007643537502712,28 - 30日龄
,605,1.0,492,113,0.18677685950413223,,0.16285383597392666,0.018599422518452258,water_per_shift_diff_前2天,0.000808101738900348,28 - 30日龄
"[-inf, -17.73)",39,0.06446280991735537,24,15,0.38461538461538464,-1.001087268534232,0.08405416521904086,0.0100889053906982,water_per_shift_diff_前3天,0.0011269876429701,28 - 30日龄
"[-17.73, -12.78)",50,0.08264462809917356,37,13,0.26,-0.4251223425972798,0.016937297446812265,0.0021013618432649,water_per_shift_diff_前3天,0.0008577782758298,28 - 30日龄
"[-12.78, -7.55)",93,0.1537190082644628,74,19,0.20430107526881722,-0.1114647837422382,0.0019768378439068792,0.000246976887923,water_per_shift_diff_前3天,0.0008220554106282001,28 - 30日龄
"[-7.55, -4.92)",60,0.09917355371900827,50,10,0.16666666666666666,0.13834701465413288,0.0018165573188271996,0.0002268887508971,water_per_shift_diff_前3天,0.0008498951231952,28 - 30日龄
"[-4.92, -3.98)",38,0.0628099173553719,37,1,0.02631578947368421,2.139827014864257,0.14198542804939643,0.0149867512234112,water_per_shift_diff_前3天,0.000661617410558,28 - 30日龄
"[-3.98, inf)",325,0.5371900826446281,270,55,0.16923076923076924,0.11999787598593645,0.0074464470852486,0.0009302478236646,water_per_shift_diff_前3天,0.0007676116861109,28 - 30日龄
,605,1.0,492,113,0.18677685950413223,,0.2542167329632322,0.028581131919859,water_per_shift_diff_前3天,0.0008081017389003389,28 - 30日龄
"[-inf, -8.92)",78,0.13,60,18,0.23076923076923078,-0.2678437302321167,0.010114707611224552,0.0012431073741445,water_per_shift_diff_前5天,0.0008715628006311999,28 - 30日龄
"[-8.92, 0.01)",235,0.39166666666666666,202,33,0.14042553191489363,0.33994360137667196,0.04055240560919023,0.0050238520261197,water_per_shift_diff_前5天,0.0007313843318198467,28 - 30日龄
"[0.01, 1.05)",33,0.055,31,2,0.06060606060606061,1.2690234893671484,0.057953063331755025,0.0067441540409242,water_per_shift_diff_前5天,0.0006625008493901,28 - 30日龄
"[1.05, 7.94)",153,0.255,123,30,0.19607843137254902,-0.06082956084779056,0.0009615914185540673,0.0001163341128308,water_per_shift_diff_前5天,0.0008558661075554,28 - 30日龄
"[7.94, inf)",101,0.16833333333333333,72,29,0.2871287128712871,-0.5624462455284714,0.0626495305689647,0.007644184383979,water_per_shift_diff_前5天,0.0009120157548356999,28 - 30日龄
,600,1.0,488,112,0.18666666666666668,,0.17223129853968858,0.0207716319379982,water_per_shift_diff_前5天,0.0008079680835852545,28 - 30日龄
"[-inf, -6.82)",80,0.13559322033898305,61,19,0.2375,-0.3407529341837957,0.017472480710262157,0.0016751461299295,water_per_shift_diff_前7天,0.0009751125787683,28 - 30日龄
"[-6.82, -2.57)",86,0.14576271186440679,72,14,0.16279069767441862,0.13042097021013035,0.002377209302024785,0.0004667030103276,water_per_shift_diff_前7天,0.0007284839000105,28 - 30日龄
"[-2.57, 2.17)",125,0.211864406779661,111,14,0.112,0.563285052506409,0.05574975413730931,0.0089589669345109,water_per_shift_diff_前7天,0.00071348733251368,28 - 30日龄
"[2.17, inf)",299,0.5067796610169492,239,60,0.20066889632107024,-0.1250688294812564,0.008244993363956583,0.0005025377003392,water_per_shift_diff_前7天,0.0008096382594795,28 - 30日龄
,590,1.0,483,107,0.18135593220338983,,0.08384443751355283,0.011603353775107201,water_per_shift_diff_前7天,0.0007998752166965212,28 - 30日龄
"[-inf, 6.32)",212,0.39332096474953615,161,51,0.24056603773584906,-0.3796428463171623,0.06371122540833304,0.0079164190705771,water_per_diff,0.0008611269933212,31 - 33日龄
"[6.32, 14.62)",99,0.1836734693877551,84,15,0.15151515151515152,0.19354501916380412,0.006457872041794538,0.0008059764135657,water_per_diff,0.0007161753145028998,31 - 33日龄
"[14.62, 26.11)",139,0.25788497217068646,132,7,0.050359712230215826,1.4076701949537582,0.31679861352291244,0.037530618325159304,water_per_diff,0.000637897277161474,31 - 33日龄
"[26.11, 38.74)",62,0.1150278293135436,50,12,0.1935483870967742,-0.10210522293715366,0.0012388613392487605,0.0001547904330781,water_per_diff,0.0007618298227617,31 - 33日龄
"[38.74, inf)",27,0.05009276437847866,16,11,0.4074074074074074,-1.1545281291358886,0.09059114858273279,0.0107341140546158,water_per_diff,0.0012914581971165,31 - 33日龄
,539,1.0,443,96,0.17810760667903525,,0.4787977208950216,0.05714191829699601,water_per_diff,0.0007870701680495311,31 - 33日龄
"[-inf, -16.06)",40,0.07421150278293136,32,8,0.2,-0.1429272174574088,0.001586287778402393,0.0001981173685256,water_per_shift_diff,0.0008361967559235,31 - 33日龄
"[-16.06, -11.35)",36,0.06679035250463822,35,1,0.027777777777777776,2.0261264829121144,0.13897222889989272,0.0149015469700509,water_per_shift_diff,0.0006695603897939,31 - 33日龄
"[-11.35, 14.59)",350,0.6493506493506493,296,54,0.15428571428571428,0.17215382918248662,0.018191763269989072,0.0022711664996652,water_per_shift_diff,0.0007464649263019002,31 - 33日龄
"[14.59, 20.32)",64,0.11873840445269017,47,17,0.265625,-0.512287320923457,0.036366521394561625,0.0044967502423274,water_per_shift_diff,0.0008921782592912,31 - 33日龄
"[20.32, inf)",49,0.09090909090909091,33,16,0.32653061224489793,-0.8053027393506004,0.07422843158047293,0.0090356924492642,water_per_shift_diff,0.0009860539491609,31 - 33日龄
,539,1.0,443,96,0.17810760667903525,,0.2693452329233187,0.030903273529833304,water_per_shift_diff,0.0007870701680495479,31 - 33日龄
"[-inf, -14.58)",88,0.16326530612244897,66,22,0.25,-0.43060928990918956,0.03452731561771859,0.0042828757415155,water_per_diff_前1天,0.000903810330816,31 - 33日龄
"[-14.58, 6.32)",173,0.3209647495361781,134,39,0.2254335260115607,-0.2949434247560345,0.03060537371727757,0.0082207346678921,water_per_diff_前1天,0.0008196561233446884,31 - 33日龄
"[6.32, 12.36)",76,0.14100185528756956,63,13,0.17105263157894737,0.048963790352696636,0.0003327345610404753,4.158766586037101e-05,water_per_diff_前1天,0.0007839443202535,31 - 33日龄
"[12.36, inf)",202,0.3747680890538033,180,22,0.10891089108910891,0.5726928189545952,0.10145475211634501,0.0125113306309227,water_per_diff_前1天,0.0007094813553911001,31 - 33日龄
,539,1.0,443,96,0.17810760667903525,,0.16692017601238165,0.02505652870619067,water_per_diff_前1天,0.0007870701680495497,31 - 33日龄
"[-inf, -18.77)",88,0.16356877323420074,61,27,0.3068181818181818,-0.7119246924408796,0.10197676943475835,0.0125497744187412,water_per_diff_前2天,0.0009053874199935,31 - 33日龄
"[-18.77, 6.37)",245,0.45539033457249073,204,41,0.1673469387755102,0.07758623653004675,0.0026732437265961652,0.0003145381938959,water_per_diff_前2天,0.0007800243905818,31 - 33日龄
"[6.37, 13.71)",76,0.1412639405204461,64,12,0.15789473684210525,0.14701474296180975,0.002910359730578815,0.0003519812959753,water_per_diff_前2天,0.0007575394104592,31 - 33日龄
"[13.71, 18.11)",43,0.07992565055762081,42,1,0.023255813953488372,2.210707927673506,0.18703906156551392,0.0194812835382575,water_per_diff_前2天,0.0005788453911196,31 - 33日龄
"[18.11, 25.93)",42,0.07806691449814127,36,6,0.14285714285714285,0.26479777861819315,0.005017378723817575,0.0006140237604018,water_per_diff_前2天,0.0007174932231313,31 - 33日龄
"[25.93, inf)",44,0.08178438661710037,35,9,0.20454545454545456,-0.16883820645666758,0.0024590406200561037,0.0003149332233771,water_per_diff_前2天,0.0009123717320195999,31 - 33日龄
,538,1.0,442,96,0.17843866171003717,,0.3020758538013209,0.0336265344306488,water_per_diff_前2天,0.0007872165190434722,31 - 33日龄
"[-inf, -19.44)",103,0.19180633147113593,71,32,0.3106796116504854,-0.7277527097374208,0.1254177005443174,0.0154965057660287,water_per_diff_前3天,0.0009406605936069,31 - 33日龄
"[-19.44, 8.58)",310,0.5772811918063314,259,51,0.16451612903225807,0.10030574499620229,0.005622296222505389,0.0006467141865427,water_per_diff_前3天,0.000780791539610744,31 - 33日龄
"[8.58, 10.94)",27,0.05027932960893855,25,2,0.07407407407407407,1.001031960329246,0.035893011049220415,0.0042596368930131,water_per_diff_前3天,0.0007269293614061,31 - 33日龄
"[10.94, 19.63)",60,0.11173184357541899,57,3,0.05,1.4197422951874308,0.13913715945608113,0.0159255003878295,water_per_diff_前3天,0.0006149708906294,31 - 33日龄
"[19.63, inf)",37,0.06890130353817504,29,8,0.21621621621621623,-0.23684239567237167,0.004162196295829661,0.0005378666676274,water_per_diff_前3天,0.0007460916025805,31 - 33日龄
,537,1.0,441,96,0.1787709497206704,,0.310232363567954,0.036866223901041405,water_per_diff_前3天,0.0007878289644544666,31 - 33日龄
"[-inf, -19.57)",102,0.19029850746268656,71,31,0.30392156862745096,-0.6937338628883014,0.11207480777343203,0.014065197942318301,water_per_diff_前5天,0.0008954976317659971,31 - 33日龄
"[-19.57, 8.82)",327,0.6100746268656716,278,49,0.14984709480122324,0.21337428013553994,0.0259039609028184,0.003019026982301,water_per_diff_前5天,0.0007777654482662,31 - 33日龄
"[8.82, 13.43)",38,0.0708955223880597,37,1,0.02631578947368421,2.088491377199754,0.15386802002475458,0.0161938976411131,water_per_diff_前5天,0.0006137550086463,31 - 33日龄
"[13.43, inf)",69,0.1287313432835821,54,15,0.21739130434782608,-0.24149268998240636,0.008095493584637486,0.0010634742967297,water_per_diff_前5天,0.0007770010177823,31 - 33日龄
,536,1.0,440,96,0.1791044776119403,,0.29994228228564246,0.0343415968624621,water_per_diff_前5天,0.0007884436951095471,31 - 33日龄
"[-inf, -10.68)",119,0.22201492537313433,90,29,0.24369747899159663,-0.38991269510067944,0.0380312571925852,0.00505277160183,water_per_diff_前7天,0.0008808081200254672,31 - 33日龄
"[-10.68, -5.34)",48,0.08955223880597014,42,6,0.125,0.42348361361084275,0.013955709993993683,0.0016707337573247,water_per_diff_前7天,0.0007411517192869001,31 - 33日龄
"[-5.34, -2.33)",37,0.06902985074626866,36,1,0.02702702702702703,2.0610924030116395,0.14716512044230834,0.0155459406098009,water_per_diff_前7天,0.0006494708637897,31 - 33日龄
"[-2.33, 23.48)",295,0.5503731343283582,243,52,0.17627118644067796,0.019391189314650583,0.00020566412909477915,1.0810672879374384e-05,water_per_diff_前7天,0.0007588312412825,31 - 33日龄
"[23.48, inf)",37,0.06902985074626866,29,8,0.21621621621621623,-0.23457224713783253,0.0040872437001289,0.0005378666676274,water_per_diff_前7天,0.0009278036116578,31 - 33日龄
,536,1.0,440,96,0.1791044776119403,,0.2034449954581109,0.022818123309462375,water_per_diff_前7天,0.0007884436951095089,31 - 33日龄
"[-inf, -4.18)",115,0.2137546468401487,89,26,0.22608695652173913,-0.29642185889920397,0.020594165724803284,0.0026012048975665,water_per_shift_diff_前1天,0.0008628470362925,31 - 33日龄
"[-4.18, 2.82)",105,0.19516728624535315,89,16,0.1523809523809524,0.18908595688249683,0.006559542998940315,0.0007983676629057,water_per_shift_diff_前1天,0.0007588781817033,31 - 33日龄
"[2.82, 5.20)",32,0.05947955390334572,30,2,0.0625,1.181088510492348,0.05555836790494737,0.0065347746417377,water_per_shift_diff_前1天,0.0006775034713273,31 - 33日龄
"[5.20, 13.51)",144,0.26765799256505574,119,25,0.1736111111111111,0.033285977633466544,0.000293386020807797,3.1825124061943526e-05,water_per_shift_diff_前1天,0.0007475582226989,31 - 33日龄
"[13.51, inf)",142,0.26394052044609667,115,27,0.19014084507042253,-0.07786642825094085,0.0016405681291558507,0.0005722955690498742,water_per_shift_diff_前1天,0.0008118617876182084,31 - 33日龄
,538,1.0,442,96,0.17843866171003717,,0.08464603077865461,0.010538467895321717,water_per_shift_diff_前1天,0.0007872165190434661,31 - 33日龄
"[-inf, 8.74)",323,0.6014897579143389,259,64,0.19814241486068113,-0.12675170563914376,0.010059659177709814,0.0013448912133612,water_per_shift_diff_前2天,0.0007878752482919001,31 - 33日龄
"[8.74, 10.38)",35,0.06517690875232775,34,1,0.02857142857142857,2.0016638406371516,0.13347262429418646,0.0142609111254246,water_per_shift_diff_前2天,0.0006281996168615,31 - 33日龄
"[10.38, 14.59)",66,0.12290502793296089,57,9,0.13636363636363635,0.32113000651932105,0.011400661370902768,0.0013761660209775,water_per_shift_diff_前2天,0.0007418011679873,31 - 33日龄
"[14.59, inf)",113,0.21042830540037244,91,22,0.19469026548672566,-0.10487963082047552,0.0023930868143560886,0.0003246199429257,water_per_shift_diff_前2天,0.0008640228764288,31 - 33日龄
,537,1.0,441,96,0.1787709497206704,,0.15732603165715514,0.017306588302689,water_per_shift_diff_前2天,0.0007878289644544738,31 - 33日龄
"[-inf, -13.63)",52,0.09701492537313433,47,5,0.09615384615384616,0.7182831538314876,0.03931511959418558,0.0047047439016491,water_per_shift_diff_前3天,0.0007614900542323,31 - 33日龄
"[-13.63, 6.94)",299,0.5578358208955224,246,53,0.17725752508361203,0.012613086935770339,8.838716223929915e-05,8.431417810051203e-05,water_per_shift_diff_前3天,0.0007932742380760756,31 - 33日龄
"[6.94, 9.06)",44,0.08208955223880597,27,17,0.38636363636363635,-1.0598030134963576,0.12264008356937017,0.0147891184286739,water_per_shift_diff_前3天,0.0010029222096721,31 - 33日龄
"[9.06, 15.27)",77,0.14365671641791045,64,13,0.16883116883116883,0.07150719045366451,0.0007177805102356477,7.321597081796308e-05,water_per_shift_diff_前3天,0.0007107778276788,31 - 33日龄
"[15.27, inf)",64,0.11940298507462686,56,8,0.125,0.4234836136108426,0.018607613325324898,0.0022276450097663,water_per_shift_diff_前3天,0.0007337636033914,31 - 33日龄
,536,1.0,440,96,0.1791044776119403,,0.1813689841613556,0.021879037489007776,water_per_shift_diff_前3天,0.0007884436951095445,31 - 33日龄
"[-inf, -17.63)",39,0.07276119402985075,25,14,0.358974358974359,-0.9426080401915286,0.08390639751704895,0.0102282419076203,water_per_shift_diff_前5天,0.0010084265827555,31 - 33日龄
"[-17.63, -8.47)",108,0.20149253731343283,87,21,0.19444444444444445,-0.10104085451330992,0.0021241543278366294,0.0003012788005488,water_per_shift_diff_前5天,0.0008087063649449,31 - 33日龄
"[-8.47, 12.34)",361,0.6735074626865671,303,58,0.16066481994459833,0.13086325951847919,0.011053979875992749,0.0012368841129769,water_per_shift_diff_前5天,0.0007674973739596999,31 - 33日龄
"[12.34, inf)",28,0.05223880597014925,25,3,0.10714285714285714,0.5978370007556204,0.015285605132956202,0.001833939508766,water_per_shift_diff_前5天,0.0006739408727771,31 - 33日龄
,536,1.0,440,96,0.1791044776119403,,0.11237013685383454,0.013600344329911999,water_per_shift_diff_前5天,0.0007884436951095601,31 - 33日龄
"[-inf, -14.29)",40,0.07476635514018691,26,14,0.35,-0.9011120132011117,0.0780433477644281,0.0095858042904068,water_per_shift_diff_前7天,0.0008985963719160999,31 - 33日龄
"[-14.29, -1.69)",241,0.4504672897196262,207,34,0.14107883817427386,0.2862070470418725,0.03358912430403144,0.003905597027032,water_per_shift_diff_前7天,0.00076402905383,31 - 33日龄
"[-1.69, 0.85)",65,0.12149532710280374,63,2,0.03076923076923077,1.9298363242242522,0.23674197504364522,0.0253543812555212,water_per_shift_diff_前7天,0.0006040142031158,31 - 33日龄
"[0.85, 7.80)",119,0.22242990654205608,96,23,0.19327731092436976,-0.09129724606864859,0.0019085249095121353,0.0002869189357075,water_per_shift_diff_前7天,0.0008045171047498,31 - 33日龄
"[7.80, 10.56)",32,0.059813084112149535,24,8,0.25,-0.4215389329392254,0.012082835777111433,0.0015574093605511,water_per_shift_diff_前7天,0.000847075263953,31 - 33日龄
"[10.56, inf)",38,0.07102803738317758,23,15,0.39473684210526316,-1.0927072067803956,0.11348660412105617,0.0136833965311704,water_per_shift_diff_前7天,0.0010387819911158,31 - 33日龄
,535,1.0,439,96,0.17943925233644858,,0.4758524119197845,0.054373507400389,water_per_shift_diff_前7天,0.0007881372703295768,31 - 33日龄
"[-inf, 21.78)",237,0.6909620991253644,201,36,0.1518987341772152,-0.12042588301103603,0.010465417809110304,0.0013073873113652,water_per_diff,0.000776864684105,34 - 35日龄
"[21.78, 24.26)",20,0.05830903790087463,18,2,0.1,0.3570127247222177,0.006518202420891555,0.0008104756208787,water_per_diff,0.0007084883205864,34 - 35日龄
"[24.26, 43.54)",63,0.1836734693877551,60,3,0.047619047619047616,1.1555204209399892,0.16047048973950973,0.0190124081164199,water_per_diff,0.0006875894612875,34 - 35日龄
"[43.54, inf)",23,0.06705539358600583,17,6,0.2608695652173913,-0.7987579777858406,0.05609448995807692,0.0068311601534912,water_per_diff,0.0008603762581747,34 - 35日龄
,343,1.0,296,47,0.13702623906705538,,0.2335485999275885,0.027961431202155003,water_per_diff,0.0007620801356960455,34 - 35日龄
"[-inf, -20.43)",30,0.08746355685131195,25,5,0.16666666666666666,-0.2307739401799015,0.005059376923150515,0.0006310224808907,water_per_shift_diff,0.0008394445075737,34 - 35日龄
"[-20.43, 4.23)",164,0.478134110787172,144,20,0.12195121951219512,0.1338691734080079,0.008159938114576678,0.0010192313112924,water_per_shift_diff,0.0007492897120277,34 - 35日龄
"[4.23, 9.38)",35,0.10204081632653061,34,1,0.02857142857142857,1.6861486720021597,0.157803735691979,0.0176774691580933,water_per_shift_diff,0.0006806571439918,34 - 35日龄
"[9.38, 14.95)",38,0.11078717201166181,35,3,0.07894736842105263,0.6165239202073023,0.03354719721082,0.0041282234274107,water_per_shift_diff,0.0007021549847147,34 - 35日龄
"[14.95, 25.45)",52,0.15160349854227406,41,11,0.21153846153846154,-0.5245350587080646,0.050108330435812094,0.0061927092873083,water_per_shift_diff,0.0008150059107674,34 - 35日龄
"[25.45, inf)",24,0.06997084548104957,17,7,0.2916666666666667,-0.952908657613099,0.08719470393483862,0.0105048214357872,water_per_shift_diff,0.0008517267385503999,34 - 35日龄
,343,1.0,296,47,0.13702623906705538,,0.3418732823111769,0.040153477100782604,water_per_shift_diff,0.0007620801356960345,34 - 35日龄
"[-inf, -17.91)",25,0.0728862973760933,20,5,0.2,-0.4539174914941111,0.017618994063169923,0.0021836594364785,water_per_diff_前1天,0.0007998147359943999,34 - 35日龄
"[-17.91, 3.50)",89,0.2594752186588921,74,15,0.16853932584269662,-0.2441969605120421,0.01688596003540717,0.0021055160802898,water_per_diff_前1天,0.000778413552753,34 - 35日龄
"[3.50, 22.05)",133,0.3877551020408163,118,15,0.11278195488721804,0.22242257074945274,0.017682530423296046,0.0022057713630002,water_per_diff_前1天,0.0007564233429099,34 - 35日龄
"[22.05, 27.70)",40,0.11661807580174927,38,2,0.05,1.1042271265524386,0.0947704995042849,0.011278916311319,water_per_diff_前1天,0.0006361331728624,34 - 35日龄
"[27.70, 38.93)",36,0.10495626822157435,32,4,0.1111111111111111,0.23922968906583425,0.005502695550680491,0.0006862013943716,water_per_diff_前1天,0.0007002618135875,34 - 35日龄
"[38.93, inf)",20,0.05830903790087463,14,6,0.3,-0.9929139922267981,0.07979282945008338,0.0095835728403167,water_per_diff_前1天,0.0010430127569109,34 - 35日龄
,343,1.0,296,47,0.13702623906705538,,0.23225350902692193,0.0280436374257758,water_per_diff_前1天,0.0007620801356960866,34 - 35日龄
"[-inf, -24.84)",18,0.052941176470588235,12,6,0.3333333333333333,-1.1368778267470634,0.09857179036642172,0.0118486803134217,water_per_diff_前2天,0.0009326387198962999,34 - 35日龄
"[-24.84, 7.16)",114,0.3352941176470588,99,15,0.13157894736842105,0.05704464172537108,0.0010687326675728492,8.96689696537876e-05,water_per_diff_前2天,0.0007978808891450001,34 - 35日龄
"[7.16, 15.73)",63,0.18529411764705883,57,6,0.09523809523809523,0.4212667912994865,0.028174185955037918,0.0033120092314817,water_per_diff_前2天,0.0006793559396316,34 - 35日龄
"[15.73, 23.39)",59,0.17352941176470588,56,3,0.05084745762711865,1.0967143947600309,0.1396078958691696,0.0162348280484293,water_per_diff_前2天,0.0006439935392325,34 - 35日龄
"[23.39, 38.74)",68,0.2,60,8,0.11764705882352941,0.18487801323525604,0.006390380822015966,0.000708562386688,water_per_diff_前2天,0.0007304453375835,34 - 35日龄
"[38.74, inf)",18,0.052941176470588235,9,9,0.5,-1.8300250073070088,0.2942179483100513,0.0325762463279882,water_per_diff_前2天,0.0011691481038801,34 - 35日龄
,340,1.0,293,47,0.13823529411764707,,0.5680309339902694,0.0647699952776627,water_per_diff_前2天,0.0007625173828167399,34 - 35日龄
"[-inf, -23.21)",21,0.061946902654867256,14,7,0.3333333333333333,-1.133459019998278,0.11446911991530262,0.0138234603656586,water_per_diff_前3天,0.0009951180604189,34 - 35日龄
"[-23.21, 10.71)",144,0.4247787610619469,123,21,0.14583333333333334,-0.05894428290922858,0.0015075374017151852,0.0002834989775741,water_per_diff_前3天,0.0007761042609145,34 - 35日龄
"[10.71, 16.32)",48,0.1415929203539823,43,5,0.10416666666666667,0.3251560027012389,0.013291497924467724,0.00150832344569,water_per_diff_前3天,0.0006791320983381,34 - 35日龄
"[16.32, 21.94)",44,0.12979351032448377,43,1,0.022727272727272728,1.9345939151353393,0.24372725730610623,0.0259028199252522,water_per_diff_前3天,0.0006412733083416,34 - 35日龄
"[21.94, 34.08)",60,0.17699115044247787,54,6,0.1,0.3706183767779963,0.021226030614070614,0.0024314268626363,water_per_diff_前3天,0.0007028831369062,34 - 35日龄
"[34.08, inf)",22,0.06489675516224189,15,7,0.3181818181818182,-1.0644661485113263,0.10385603124866408,0.0126353340407093,water_per_diff_前3天,0.0010567131975423,34 - 35日龄
,339,1.0,292,47,0.13864306784660768,,0.49807747441032646,0.056584863617520506,water_per_diff_前3天,0.0007636918515871584,34 - 35日龄
"[-inf, -29.09)",19,0.05621301775147929,12,7,0.3684210526315789,-1.2841791647287468,0.13830488481724384,0.0164835397909122,water_per_diff_前5天,0.0009761652394715,34 - 35日龄
"[-29.09, -18.62)",45,0.13313609467455623,38,7,0.15555555555555556,-0.13149965479036135,0.0024132787418571816,0.0003813456130408,water_per_diff_前5天,0.0007669073060509,34 - 35日龄
"[-18.62, -3.14)",104,0.3076923076923077,92,12,0.11538461538461539,0.2137062617996061,0.01300019081796244,0.003214787921851,water_per_diff_前5天,0.0007292157368440499,34 - 35日龄
"[-3.14, 0.49)",26,0.07692307692307693,25,1,0.038461538461538464,1.3957001594067668,0.09020976390404195,0.010100599493543,water_per_diff_前5天,0.0007040848072201,34 - 35日龄
"[0.49, inf)",144,0.4260355029585799,124,20,0.1388888888888889,0.0013736265896119398,8.034666020980601e-07,1.294692390790722e-05,water_per_diff_前5天,0.0007695411649049,34 - 35日龄
,338,1.0,291,47,0.1390532544378698,,0.24392892174770753,0.030193219743254906,water_per_diff_前5天,0.0007633625375386342,34 - 35日龄
"[-inf, -26.32)",38,0.11275964391691394,28,10,0.2631578947368421,-0.8150624535012392,0.09876223663372254,0.0116561986660861,water_per_diff_前7天,0.0008665596149826,34 - 35日龄
"[-26.32, -19.57)",28,0.0830860534124629,24,4,0.14285714285714285,-0.05292240145434255,0.00023721381198719204,2.437704937954008e-05,water_per_diff_前7天,0.000837583446957,34 - 35日龄
"[-19.57, 5.08)",191,0.5667655786350149,167,24,0.1256544502617801,0.09525811138641185,0.004967141920492712,0.0006672897729635,water_per_diff_前7天,0.0007497214473795002,34 - 35日龄
"[5.08, 20.43)",60,0.17804154302670624,53,7,0.11666666666666667,0.17969989381441098,0.005383210624501625,0.0006923727660812,water_per_diff_前7天,0.0007238796332497,34 - 35日龄
"[20.43, inf)",20,0.05934718100890208,19,1,0.05,1.0997571084840432,0.04789768371777956,0.0056394581556595,water_per_diff_前7天,0.0006752680679721,34 - 35日龄
,337,1.0,291,46,0.13649851632047477,,0.15724748670848362,0.01867969641016984,water_per_diff_前7天,0.000761176669697458,34 - 35日龄
"[-inf, -15.65)",47,0.13823529411764707,34,13,0.2765957446808511,-0.868613840152384,0.13946011187110022,0.0213917555470878,water_per_shift_diff_前1天,0.0008742135047592107,34 - 35日龄
"[-15.65, -12.57)",19,0.05588235294117647,17,2,0.10526315789473684,0.3100411561892622,0.004795495335728187,0.0005556205690037,water_per_shift_diff_前1天,0.0006415474007147,34 - 35日龄
"[-12.57, -6.95)",41,0.12058823529411765,40,1,0.024390243902439025,1.8588544468069277,0.21421843054844197,0.0231065065185473,water_per_shift_diff_前1天,0.0006923623571406,34 - 35日龄
"[-6.95, 9.81)",143,0.42058823529411765,126,17,0.11888111888111888,0.17304355558825316,0.011824412592298758,0.0013008779191449,water_per_shift_diff_前1天,0.0007496375935047,34 - 35日龄
"[9.81, inf)",90,0.2647058823529412,76,14,0.15555555555555556,-0.13834899663593633,0.005324592855787255,0.0007626912260817,water_per_shift_diff_前1天,0.000782149358961,34 - 35日龄
,340,1.0,293,47,0.13823529411764707,,0.3756230432033564,0.0471174517798654,water_per_shift_diff_前1天,0.0007625173828167321,34 - 35日龄
"[-inf, -10.45)",64,0.1887905604719764,58,6,0.09375,0.4420773407601412,0.0313744775503044,0.0036296245499427,water_per_shift_diff_前2天,0.0007249819696597,34 - 35日龄
"[-10.45, 19.49)",247,0.7286135693215339,215,32,0.12955465587044535,0.078295924769713,0.004341532989635059,0.0003678641095585,water_per_shift_diff_前2天,0.0007598520671808,34 - 35日龄
"[19.49, inf)",28,0.08259587020648967,19,9,0.32142857142857145,-1.0793917987280022,0.1364576487024981,0.0165752281662151,water_per_shift_diff_前2天,0.0008860439655774,34 - 35日龄
,339,1.0,292,47,0.13864306784660768,,0.17217365924243755,0.020572716825716302,water_per_shift_diff_前2天,0.0007636918515871552,34 - 35日龄
"[-inf, -14.78)",19,0.05604719764011799,18,1,0.05263157894736842,1.0637655573379414,0.042941279420374484,0.0049636033381118,water_per_shift_diff_前3天,0.0006928715909782,34 - 35日龄
"[-14.78, 4.06)",127,0.3746312684365782,111,16,0.12598425196850394,0.11033527851432975,0.0043815743799409616,0.0004178840196319,water_per_shift_diff_前3天,0.0007256248971529,34 - 35日龄
"[4.06, 14.82)",104,0.30678466076696165,88,16,0.15384615384615385,-0.121858108319798,0.004759249931463986,0.000729731236806,water_per_shift_diff_前3天,0.0007630024260533,34 - 35日龄
"[14.82, 18.47)",30,0.08849557522123894,20,10,0.3333333333333333,-1.133459019998278,0.16352731416471805,0.0197478005223695,water_per_shift_diff_前3天,0.000974567703173,34 - 35日龄
"[18.47, inf)",59,0.17404129793510326,55,4,0.06779661016949153,0.7944326235543572,0.08202499472285953,0.0095867673820686,water_per_shift_diff_前3天,0.0007624293579037,34 - 35日龄
,339,1.0,292,47,0.13864306784660768,,0.297634412619357,0.0354457864989878,water_per_shift_diff_前3天,0.0007636918515871845,34 - 35日龄
"[-inf, -19.04)",20,0.05934718100890208,19,1,0.05,1.0997571084840432,0.04789768371777956,0.0056394581556595,water_per_shift_diff_前5天,0.0006701205154564,34 - 35日龄
"[-19.04, -6.26)",51,0.1513353115727003,43,8,0.1568627450980392,-0.16292329666867092,0.004259909893473391,0.0004935113515628,water_per_shift_diff_前5天,0.0007567983918139,34 - 35日龄
"[-6.26, 0.04)",51,0.1513353115727003,41,10,0.19607843137254902,-0.43369489697213537,0.033176720043289004,0.0039535716120357,water_per_shift_diff_前5天,0.0007795422453754,34 - 35日龄
"[0.04, 1.45)",23,0.06824925816023739,12,11,0.4782608695652174,-1.7576704936927678,0.34783125188944736,0.0376929427465554,water_per_shift_diff_前5天,0.0009929984121327,34 - 35日龄
"[1.45, 3.00)",23,0.06824925816023739,20,3,0.13043478260869565,0.05243811420348382,0.0001841170900615378,2.658517492335063e-05,water_per_shift_diff_前5天,0.0007889715016762,34 - 35日龄
"[3.00, inf)",169,0.5014836795252225,156,13,0.07692307692307693,0.6402247791056028,0.1622801938970051,0.0198390712728325,water_per_shift_diff_前5天,0.0007323990938738,34 - 35日龄
,337,1.0,291,46,0.13649851632047477,,0.5956298765310559,0.06764514031356925,water_per_shift_diff_前5天,0.000761176669697505,34 - 35日龄
"[-inf, -18.13)",22,0.06528189910979229,17,5,0.22727272727272727,-0.6209064390602819,0.03121694557654039,0.0037132543241278,water_per_shift_diff_前7天,0.0009753229146232,34 - 35日龄
"[-18.13, -8.54)",69,0.20474777448071216,58,11,0.15942028985507245,-0.1821341329343487,0.00725216590871118,0.0008449390381485,water_per_shift_diff_前7天,0.0008450461484216,34 - 35日龄
"[-8.54, 1.91)",132,0.3916913946587537,118,14,0.10606060606060606,0.28694542416800856,0.029024660415619567,0.0036580368856793,water_per_shift_diff_前7天,0.0007200691587026,34 - 35日龄
"[1.91, 6.76)",51,0.1513353115727003,49,2,0.0392156862745098,1.353991246868284,0.169122468606288,0.019413300021164,water_per_shift_diff_前7天,0.0006258890994691,34 - 35日龄
"[6.76, 11.82)",38,0.11275964391691394,30,8,0.21052631578947367,-0.522926030700078,0.03703375744088406,0.0044133823918683,water_per_shift_diff_前7天,0.0008006790473304,34 - 35日龄
"[11.82, inf)",25,0.07418397626112759,19,6,0.24,-0.6920023607440121,0.045078892766231775,0.0053497836437999,water_per_shift_diff_前7天,0.0007742389002010999,34 - 35日龄
,337,1.0,291,46,0.13649851632047477,,0.31872889071427496,0.0373926963047878,water_per_shift_diff_前7天,0.0007611766696974802,34 - 35日龄
"[-inf, 1.25)",570,0.6968215158924206,485,85,0.14912280701754385,0.00016901884600362198,1.9905177831602183e-08,0.00044618680596811804,water_per_diff,0.0006312367076883301,10 - 12日龄
"[1.25, 2.76)",54,0.06601466992665037,53,1,0.018518518518518517,2.228963297950959,0.15146408315876478,0.0157856309351872,water_per_diff,0.0005195267596497,10 - 12日龄
"[2.76, 8.80)",107,0.13080684596577016,92,15,0.14018691588785046,0.07240976034566725,0.0006685657164005461,8.355246201224159e-05,water_per_diff,0.0006814092980104,10 - 12日龄
"[8.80, inf)",87,0.10635696821515893,66,21,0.2413793103448276,-0.5961963112981606,0.04608809811759382,0.0056771773790313,water_per_diff,0.0008128527323201999,10 - 12日龄
,818,1.0,696,122,0.1491442542787286,,0.198220766897937,0.02199254758219886,water_per_diff,0.0006497412603941348,10 - 12日龄
"[-inf, -9.74)",67,0.08190709046454768,51,16,0.23880597014925373,-0.5820917051166187,0.033686624257384876,0.0041523689997325,water_per_shift_diff,0.0006843134423854,10 - 12日龄
"[-9.74, -7.12)",46,0.05623471882640587,39,7,0.15217391304347827,-0.02367711852683002,3.178810429690294e-05,3.973420224082417e-06,water_per_shift_diff,0.0006204753361746,10 - 12日龄
"[-7.12, -5.76)",56,0.06845965770171149,54,2,0.03571428571428571,1.554508250403166,0.0951246569282887,0.0108215799599555,water_per_shift_diff,0.000513439752069,10 - 12日龄
"[-5.76, -4.62)",41,0.05012224938875306,38,3,0.07317073170731707,0.7976452554571132,0.023935369687496755,0.0029150458961488,water_per_shift_diff,0.0005589210406362,10 - 12日龄
"[-4.62, 4.36)",400,0.4889975550122249,343,57,0.1425,0.0533505637302266,0.001365933266788116,0.000170721412104,water_per_shift_diff,0.0006402269699483,10 - 12日龄
"[4.36, inf)",208,0.254278728606357,171,37,0.1778846153846154,-0.21058297174272775,0.012127269783092365,0.0015131139495922,water_per_shift_diff,0.0007179726352754,10 - 12日龄
,818,1.0,696,122,0.1491442542787286,,0.1662716420273477,0.01957680363775708,water_per_shift_diff,0.0006497412603941379,10 - 12日龄
"[-inf, -19.09)",41,0.05012224938875306,40,1,0.024390243902439025,1.947550838512773,0.09596467764671003,0.0103993840091027,water_per_diff_前1天,0.0005133333981107,10 - 12日龄
"[-19.09, -12.29)",85,0.1039119804400978,76,9,0.10588235294117647,0.39218014734894874,0.013892946617976706,0.0017255740046079,water_per_diff_前1天,0.0005666376508416,10 - 12日龄
"[-12.29, 9.30)",637,0.7787286063569682,541,96,0.15070643642072212,-0.01225752822251785,0.00011750551127201766,0.00013386589581239488,water_per_diff_前1天,0.0006510893969244536,10 - 12日龄
"[9.30, inf)",55,0.06723716381418093,39,16,0.2909090909090909,-0.8503556917112979,0.06387281658345885,0.0077519202285353,water_per_diff_前1天,0.0008642461003178,10 - 12日龄
,818,1.0,696,122,0.1491442542787286,,0.17384794635941758,0.020010744138058294,water_per_diff_前1天,0.0006497412603941695,10 - 12日龄
"[-inf, -0.02)",446,0.5667090216010165,376,70,0.15695067264573992,-0.05400553432202807,0.0016842951217454951,0.0002525004371142,water_per_diff_前2天,0.0006565131821419,10 - 12日龄
"[-0.02, 0.28)",41,0.052096569250317665,40,1,0.024390243902439025,1.9537800184513725,0.1002604805394658,0.0103993840091027,water_per_diff_前2天,0.00046268829736880005,10 - 12日龄
"[0.28, 2.84)",119,0.15120711562897077,106,13,0.1092436974789916,0.3633903009879667,0.0175430117942938,0.0020313489657811,water_per_diff_前2天,0.000560034357607,10 - 12日龄
"[2.84, 12.44)",136,0.17280813214739518,115,21,0.15441176470588236,-0.03468974502273663,0.000210488559523332,0.0007694088953604,water_per_diff_前2天,0.0006694703938875309,10 - 12日龄
"[12.44, inf)",45,0.05717916137229987,32,13,0.28888888888888886,-0.8343128903243738,0.05200848386519525,0.0061840478550088,water_per_diff_前2天,0.0009393269233467,10 - 12日龄
,787,1.0,669,118,0.14993646759847523,,0.17170675988022366,0.0196366901623672,water_per_diff_前2天,0.0006502374499389415,10 - 12日龄
"[-inf, -11.15)",49,0.06464379947229551,39,10,0.20408163265306123,-0.4231082813393457,0.013391660308997543,0.0012255673030076,water_per_diff_前3天,0.0006975451897196,10 - 12日龄
"[-11.15, -4.24)",119,0.15699208443271767,111,8,0.06722689075630252,0.8460038251575518,0.08260200478312732,0.0158280215233586,water_per_diff_前3天,0.0005386066231513,10 - 12日龄
"[-4.24, 3.16)",416,0.5488126649076517,371,45,0.10817307692307693,0.3254547383621691,0.05168372698662173,0.0075148270321886,water_per_diff_前3天,0.0005805669033047,10 - 12日龄
"[3.16, 11.08)",125,0.16490765171503957,95,30,0.24,-0.6314053245365608,0.08135677376840521,0.0079360680002976,water_per_diff_前3天,0.0007563442403479,10 - 12日龄
"[11.08, inf)",49,0.06464379947229551,33,16,0.32653061224489793,-1.0601659952482472,0.1017139510291041,0.0102121796206705,water_per_diff_前3天,0.0010807052997137,10 - 12日龄
,758,1.0,649,109,0.1437994722955145,,0.33074811687625594,0.042716663479522896,water_per_diff_前3天,0.0006428592664320305,10 - 12日龄
"[-inf, 0.10)",408,0.5811965811965812,373,35,0.0857843137254902,0.44930774597234097,0.0991120027880164,0.0192263508931227,water_per_diff_前5天,0.0005532872624722842,10 - 12日龄
"[0.10, 0.52)",94,0.1339031339031339,83,11,0.11702127659574468,0.10402272281616635,0.0013937685083211825,0.0010134199145695,water_per_diff_前5天,0.0005908990792341,10 - 12日龄
"[0.52, 4.24)",150,0.21367521367521367,122,28,0.18666666666666668,-0.4451060776240083,0.04974714985209504,0.0018211380385256,water_per_diff_前5天,0.0007005728657097,10 - 12日龄
"[4.24, inf)",50,0.07122507122507123,34,16,0.32,-1.163150809805681,0.1421628767540277,0.0097654242247919,water_per_diff_前5天,0.0011067509102117,10 - 12日龄
,702,1.0,612,90,0.1282051282051282,,0.2924157979024603,0.0318263330710097,water_per_diff_前5天,0.000629215373082247,10 - 12日龄
"[-inf, -2.71)",45,0.06756756756756757,43,2,0.044444444444444446,1.132399286245493,0.05670335159403058,0.0070195716619962,water_per_diff_前7天,0.0004332114793829,10 - 12日龄
"[-2.71, -0.47)",80,0.12012012012012012,72,8,0.1,0.2615709284480952,0.007447773122233445,0.0021398549129244,water_per_diff_前7天,0.0005042492795726,10 - 12日龄
"[-0.47, -0.09)",59,0.08858858858858859,41,18,0.3050847457627119,-1.1124533400799812,0.16001415250045875,0.0098291852939775,water_per_diff_前7天,0.0009804853030773,10 - 12日龄
"[-0.09, 2.18)",433,0.6501501501501501,378,55,0.12702078521939955,-0.008092638501007388,4.270783695916991e-05,0.0045701841490748,water_per_diff_前7天,0.000632962597843088,10 - 12日龄
"[2.18, inf)",49,0.07357357357357357,48,1,0.02040816326530612,1.9355473620197667,0.13659054162510625,0.0136806113974731,water_per_diff_前7天,0.0005529799258006,10 - 12日龄
,666,1.0,582,84,0.12612612612612611,,0.3607985266787882,0.037239407415446,water_per_diff_前7天,0.0006289067763511798,10 - 12日龄
"[-inf, -9.53)",124,0.15756035578144853,96,28,0.22580645161290322,-0.5029557543699315,0.04717241019172269,0.0057665520790037,water_per_shift_diff_前1天,0.0007905591186578,10 - 12日龄
"[-9.53, -6.98)",84,0.10673443456162643,71,13,0.15476190476190477,-0.03736891608278502,0.00015100560196610707,2.477201742544168e-05,water_per_shift_diff_前1天,0.0006466069348085,10 - 12日龄
"[-6.98, 0.07)",285,0.36213468869123255,256,29,0.10175438596491228,0.4427821788305247,0.0606159839707821,0.0070442048119308,water_per_shift_diff_前1天,0.0005633037766487,10 - 12日龄
"[0.07, 1.07)",46,0.05844980940279543,45,1,0.021739130434782608,2.0715630541077563,0.12178718722751004,0.0124362430056267,water_per_shift_diff_前1天,0.0005051121467579,10 - 12日龄
"[1.07, 10.10)",196,0.24904701397712833,166,30,0.15306122448979592,-0.024309028968175713,0.00014842481774797505,2.823106571730452e-05,water_per_shift_diff_前1天,0.0006643426251757001,10 - 12日龄
"[10.10, inf)",52,0.06607369758576874,35,17,0.3269230769230769,-1.0129647182293662,0.09294043036831218,0.0108788858401551,water_per_shift_diff_前1天,0.0008731667352748,10 - 12日龄
,787,1.0,669,118,0.14993646759847523,,0.32281544217804115,0.03617888881985905,water_per_shift_diff_前1天,0.0006502374499389466,10 - 12日龄
"[-inf, -11.87)",54,0.0712401055408971,40,14,0.25925925925925924,-0.7342627099762686,0.04905395127787062,0.0048550779746829,water_per_shift_diff_前2天,0.0009229138292752,10 - 12日龄
"[-11.87, -0.41)",351,0.4630606860158311,295,56,0.15954415954415954,-0.12246116887027574,0.007251662209999653,0.00035026851561,water_per_shift_diff_前2天,0.0006444987478469,10 - 12日龄
"[-0.41, 1.16)",111,0.14643799472295516,103,8,0.07207207207207207,0.7712026120748535,0.06579222464867249,0.0081612025855797,water_per_shift_diff_前2天,0.0005607062918689,10 - 12日龄
"[1.16, 2.68)",50,0.06596306068601583,49,1,0.02,2.1077354636356804,0.13979862873550858,0.0140986687271929,water_per_shift_diff_前2天,0.0004926026960139,10 - 12日龄
"[2.68, 6.37)",81,0.10686015831134564,72,9,0.1111111111111111,0.29535670720488955,0.008379594737990886,0.0012483645520587,water_per_shift_diff_前2天,0.0005537207093867,10 - 12日龄
"[6.37, inf)",111,0.14643799472295516,90,21,0.1891891891891892,-0.32879760186810436,0.01775035752299644,0.0015258668283452,water_per_shift_diff_前2天,0.0007163153695667,10 - 12日龄
,758,1.0,649,109,0.1437994722955145,,0.28802641913303867,0.030239449183469398,water_per_shift_diff_前2天,0.0006428592664320474,10 - 12日龄
"[-inf, -10.88)",53,0.07250341997264022,40,13,0.24528301886792453,-0.7182055799007223,0.047838637913197084,0.0037291690492683,water_per_shift_diff_前3天,0.0007416366920062,10 - 12日龄
"[-10.88, 0.00)",335,0.4582763337893297,291,44,0.13134328358208955,0.04699795670010959,0.0009950755966932866,0.0011040734947767,water_per_shift_diff_前3天,0.0006352663047665896,10 - 12日龄
"[0.00, 0.08)",41,0.0560875512995896,40,1,0.024390243902439025,1.8467437775608144,0.09860031357531511,0.0103993840091027,water_per_shift_diff_前3天,0.0003910345584574,10 - 12日龄
"[0.08, 5.65)",187,0.2558139534883721,164,23,0.12299465240641712,0.12223653534192683,0.0036554729348687136,0.0013106651999654,water_per_shift_diff_前3天,0.0006108398473518,10 - 12日龄
"[5.65, inf)",115,0.1573187414500684,96,19,0.16521739130434782,-0.22222646425172604,0.008413613678246806,0.0002700935202483,water_per_shift_diff_前3天,0.0007235532446433,10 - 12日龄
,731,1.0,631,100,0.13679890560875513,,0.159503113698321,0.0168133852733614,water_per_shift_diff_前3天,0.0006369207226520597,10 - 12日龄
"[-inf, -0.04)",286,0.41690962099125367,259,27,0.0944055944055944,0.3184088367325699,0.03748091616886878,0.0096878467369249,water_per_shift_diff_前5天,0.0005866888501906,10 - 12日龄
"[-0.04, -0.01)",51,0.07434402332361516,50,1,0.0196078431372549,1.9694406464655074,0.14121958123880574,0.0145182552737509,water_per_shift_diff_前5天,0.0004559497334476,10 - 12日龄
"[-0.01, 0.16)",143,0.20845481049562684,127,16,0.11188811188811189,0.12901600525617138,0.0033054100571445464,0.0021092564342359,water_per_shift_diff_前5天,0.0005817573883725,10 - 12日龄
"[0.16, 1.54)",126,0.1836734693877551,103,23,0.18253968253968253,-0.44334758666215246,0.04246170103264258,0.0012237051547714,water_per_shift_diff_前5天,0.0007140271337508,10 - 12日龄
"[1.54, inf)",80,0.11661807580174927,61,19,0.2375,-0.7761474739557678,0.09256611540162393,0.0048270617288262,water_per_shift_diff_前5天,0.0008122086992573,10 - 12日龄
,686,1.0,600,86,0.12536443148688048,,0.3170337238990856,0.0323661253285093,water_per_shift_diff_前5天,0.0006256295464880343,10 - 12日龄
"[-inf, 0.07)",368,0.575,333,35,0.09510869565217392,0.34906979636034413,0.06149173544934444,0.0154435292673771,water_per_shift_diff_前7天,0.0005643697018434695,10 - 12日龄
"[0.07, 0.14)",44,0.06875,36,8,0.18181818181818182,-0.3996472353544121,0.012690232560409187,0.0004097696768232,water_per_shift_diff_前7天,0.0007705120663211999,10 - 12日龄
"[0.14, 0.25)",47,0.0734375,27,20,0.425531914893617,-1.603620039680348,0.3086806414119404,0.0207759376899627,water_per_shift_diff_前7天,0.0011875703303614,10 - 12日龄
"[0.25, 1.74)",126,0.196875,107,19,0.15079365079365079,-0.1753347768352203,0.0064549715596362795,3.238019815974408e-06,water_per_shift_diff_前7天,0.0006638315664898,10 - 12日龄
"[1.74, inf)",55,0.0859375,54,1,0.01818181818181818,2.085259414433588,0.17703798753329655,0.0162107900951947,water_per_shift_diff_前7天,0.0004359194314824,10 - 12日龄
,640,1.0,557,83,0.1296875,,0.5663555685146269,0.05284326474917367,water_per_shift_diff_前7天,0.0006328511450511909,10 - 12日龄
