Bin,Count,Count (%),Non-event,Event,Event rate,WoE,IV,JS,feature,MORTALITY_RATE,Age_interval
"[-inf, -13.57)",105,0.1255980861244019,78,27,0.2571428571428571,0.1336705037049445,0.0021778905423915,0.0002720338209857,water_per_diff,0.0008487402668424,13 - 15日龄
"[-13.57, -8.92)",59,0.0705741626794258,52,7,0.1186440677966101,1.078132112545796,0.0617505420927274,0.0073654394996993,water_per_diff,0.0006398558349149,13 - 15日龄
"[-8.92, -2.50)",146,0.1746411483253588,113,33,0.2260273972602739,0.3036788002655422,0.0150039313417053,0.0018683178451711,water_per_diff,0.0008477659095972,13 - 15日龄
"[-2.50, 5.81)",217,0.2595693779904306,157,60,0.2764976958525346,0.0346997861458892,0.0003101796145413,3.877050672865473e-05,water_per_diff,0.0008855234189632,13 - 15日龄
"[5.81, 17.86)",222,0.2655502392344497,149,73,0.3288288288288288,-0.2137145921832501,0.0126666425662311,0.0015803239805084,water_per_diff,0.0009862721271727,13 - 15日龄
"[17.86, inf)",87,0.104066985645933,50,37,0.425287356321839,-0.6260963641963966,0.0454832019889509,0.0055943221943765,water_per_diff,0.0013031325839322,13 - 15日龄
,836,1.0,599,237,0.2834928229665072,,0.1373923881465477,0.0167192078474696,water_per_diff,0.0009271848971639,13 - 15日龄
"[-inf, -8.97)",48,0.0574162679425837,35,13,0.2708333333333333,0.0631972470475587,0.0002261448511243,2.826340317285637e-05,water_per_shift_diff,0.0008631897846248,13 - 15日龄
"[-8.97, -4.46)",89,0.1064593301435406,66,23,0.2584269662921348,0.1269590691169578,0.0016678899706481,0.000208346337935,water_per_shift_diff,0.000761495829937,13 - 15日龄
"[-4.46, 1.03)",152,0.1818181818181818,115,37,0.2434210526315789,0.2068127587387075,0.0074180636327599,0.0009256089704717,water_per_shift_diff,0.0008217582747787,13 - 15日龄
"[1.03, 2.40)",49,0.0586124401913875,42,7,0.1428571428571428,0.8645580122477368,0.0350846256317435,0.0042539016776404,water_per_shift_diff,0.0008959136023098,13 - 15日龄
"[2.40, 6.84)",167,0.1997607655502392,115,52,0.311377245508982,-0.1335130471984954,0.0036612800007307,0.0004573203808818,water_per_shift_diff,0.0009185096765445,13 - 15日龄
"[6.84, inf)",331,0.3959330143540669,226,105,0.3172205438066465,-0.1606268078655556,0.010560005056312,0.0013185834060544,water_per_shift_diff,0.0010384356351669,13 - 15日龄
,836,1.0,599,237,0.2834928229665072,,0.0586180091433188,0.0071920241761561,water_per_shift_diff,0.0009271848971639,13 - 15日龄
"[-inf, -7.49)",257,0.3074162679425837,200,57,0.2217898832684824,0.3280646417331683,0.0306358202873749,0.0038123963818818,water_per_diff_前1天,0.0008222271202577,13 - 15日龄
"[-7.49, 6.31)",399,0.4772727272727273,291,108,0.2706766917293233,0.0639905830669547,0.0019269791608463,0.0006458890596618,water_per_diff_前1天,0.0009120356027943,13 - 15日龄
"[6.31, 9.84)",60,0.0717703349282296,28,32,0.5333333333333333,-1.0607328496048407,0.0936378075361035,0.0111851160238607,water_per_diff_前1天,0.0011764014747334,13 - 15日龄
"[9.84, inf)",120,0.1435406698564593,80,40,0.3333333333333333,-0.2340542764203729,0.0082434957143894,0.0010280913551703,water_per_diff_前1天,0.0010777325843656,13 - 15日龄
,836,1.0,599,237,0.2834928229665072,,0.1344441026987142,0.0166714928205746,water_per_diff_前1天,0.0009271848971639,13 - 15日龄
"[-inf, -20.60)",64,0.0782396088019559,46,18,0.28125,-0.0064345415044168,3.2439618797335747e-06,1.1694728679712083e-06,water_per_diff_前2天,0.00085014736067,13 - 15日龄
"[-20.60, -14.73)",76,0.0929095354523227,60,16,0.2105263157894736,0.3770516598849724,0.0120651163919569,0.0016002242789366,water_per_diff_前2天,0.000805077323089,13 - 15日龄
"[-14.73, -12.00)",48,0.0586797066014669,46,2,0.0416666666666666,2.1907900358318027,0.1519638168106875,0.0157787941669001,water_per_diff_前2天,0.0005632542684902,13 - 15日龄
"[-12.00, -6.88)",124,0.1515892420537897,101,23,0.1854838709677419,0.5349221208147628,0.0380010806684933,0.0048800921183482,water_per_diff_前2天,0.0007339215794294,13 - 15日龄
"[-6.88, 7.00)",394,0.4816625916870415,270,124,0.3147208121827411,-0.1665637867040092,0.0138382262424294,0.0013487882402299,water_per_diff_前2天,0.0009823565145152,13 - 15日龄
"[7.00, inf)",112,0.1369193154034229,66,46,0.4107142857142857,-0.5836908345600165,0.0518428555395422,0.0058604765970323,water_per_diff_前2天,0.001172317065049,13 - 15日龄
,818,1.0,589,229,0.2799511002444987,,0.2677143396149892,0.029469544874315,water_per_diff_前2天,0.0009192980029081,13 - 15日龄
"[-inf, -17.23)",74,0.0925,55,19,0.2567567567567567,0.0997544300107878,0.0008996366979458,0.0001974667526013,water_per_diff_前3天,0.0008015952050967,13 - 15日龄
"[-17.23, -9.10)",162,0.2025,135,27,0.1666666666666666,0.6462981363788579,0.071731774496929,0.0093243992313308,water_per_diff_前3天,0.0007572854688346,13 - 15日龄
"[-9.10, -7.56)",42,0.0525,38,4,0.0952380952380952,1.2881520225512526,0.0612269602072282,0.0071886247542408,water_per_diff_前3天,0.0006536898673018,13 - 15日龄
"[-7.56, -6.47)",44,0.055,41,3,0.0681818181818181,1.6518200019809557,0.0945453597989083,0.0105457816803273,water_per_diff_前3天,0.0006155236792982,13 - 15日龄
"[-6.47, 4.68)",333,0.41625,237,96,0.2882882882882883,-0.0594278263879475,0.0014894226996627,2.761086634815767e-05,water_per_diff_前3天,0.0009670940451687,13 - 15日龄
"[4.68, inf)",145,0.18125,73,72,0.496551724137931,-0.9493464539229068,0.1895962662258995,0.0200785257944245,water_per_diff_前3天,0.0012144915652109,13 - 15日龄
,800,1.0,579,221,0.27625,,0.4194894201265737,0.0473624090792728,water_per_diff_前3天,0.0009183498768011,13 - 15日龄
"[-inf, -8.22)",164,0.2169312169312169,118,46,0.2804878048780488,-0.0804076997259758,0.0014288274699507,5.3841084717534855e-06,water_per_diff_前5天,0.0009469044920606,13 - 15日龄
"[-8.22, -6.41)",47,0.0621693121693121,42,5,0.1063829787234042,1.1057807781467222,0.0558856832120915,0.0069465966257791,water_per_diff_前5天,0.0007058698688252,13 - 15日龄
"[-6.41, 3.13)",379,0.5013227513227513,282,97,0.2559366754617414,0.044745164732185,0.0009930851309265,0.0010753647161881,water_per_diff_前5天,0.0009127782993923,13 - 15日龄
"[3.13, 9.21)",91,0.1203703703703703,64,27,0.2967032967032967,-0.1594047103472029,0.0031708922597842,5.676211472718253e-05,water_per_diff_前5天,0.0008629786172676,13 - 15日龄
"[9.21, inf)",75,0.0992063492063492,50,25,0.3333333333333333,-0.3293037471426004,0.0115493220670516,0.0006425570969814,water_per_diff_前5天,0.0009988874397505,13 - 15日龄
,756,1.0,556,200,0.2645502645502645,,0.0730278101398048,0.0087266646621475,water_per_diff_前5天,0.0009098661483533,13 - 15日龄
"[-inf, -0.02)",286,0.4056737588652482,217,69,0.2412587412587412,0.0902160719550725,0.0032291109737874,0.0019397057972802,water_per_diff_前7天,0.0008710720693402,13 - 15日龄
"[-0.02, 0.04)",61,0.0865248226950354,56,5,0.081967213114754,1.3603390013129213,0.1082857627481773,0.0123507205869874,water_per_diff_前7天,0.0006283731979702,13 - 15日龄
"[0.04, 0.41)",69,0.0978723404255319,59,10,0.144927536231884,0.7193775739235463,0.0416272527175308,0.0057939259831258,water_per_diff_前7天,0.0006806006734599,13 - 15日龄
"[0.41, 3.90)",153,0.2170212765957447,119,34,0.2222222222222222,0.1971881915072404,0.0080295571857422,0.0022366894698398,water_per_diff_前7天,0.0008547223031699,13 - 15日龄
"[3.90, 11.06)",91,0.1290780141843971,55,36,0.3956043956043956,-0.6317605302117666,0.0585260895027352,0.0037409618786203,water_per_diff_前7天,0.0011207302284819,13 - 15日龄
"[11.06, inf)",45,0.0638297872340425,17,28,0.6222222222222222,-1.5545659431071153,0.1886331670927151,0.0147706525090013,water_per_diff_前7天,0.0015590101719349,13 - 15日龄
,705,1.0,523,182,0.2581560283687943,,0.4083309402206883,0.0408326562248547,water_per_diff_前7天,0.0009040187862271,13 - 15日龄
"[-inf, -4.46)",173,0.2114914425427873,125,48,0.2774566473988439,0.0124085462970632,3.2474676513840696e-05,2.299152314840544e-05,water_per_shift_diff_前1天,0.0009384613721925,13 - 15日龄
"[-4.46, 2.76)",272,0.3325183374083129,197,75,0.2757352941176471,0.021011435104331,0.0001461193654248,5.981732598267292e-05,water_per_shift_diff_前1天,0.0009176549740238,13 - 15日龄
"[2.76, 3.93)",52,0.0635696821515892,47,5,0.0961538461538461,1.2960055091786111,0.0751193353456631,0.008795406804322,water_per_shift_diff_前1天,0.0006901333652682,13 - 15日龄
"[3.93, 4.99)",42,0.0513447432762836,31,11,0.2619047619047619,0.0913877515894285,0.0004200770011005,7.264060514593912e-05,water_per_shift_diff_前1天,0.0008138015455682,13 - 15日龄
"[4.99, 11.08)",154,0.1882640586797066,107,47,0.3051948051948052,-0.1220229473454994,0.0028768542089596,0.0002570182469691,water_per_shift_diff_前1天,0.0009780867575501,13 - 15日龄
"[11.08, inf)",125,0.1528117359413203,82,43,0.344,-0.2991850485266563,0.0145266040643313,0.0015630941638084,water_per_shift_diff_前1天,0.0009547026838769,13 - 15日龄
,818,1.0,589,229,0.2799511002444987,,0.0931214646619932,0.0107709686693765,water_per_shift_diff_前1天,0.0009192980029082,13 - 15日龄
"[-inf, -11.11)",43,0.05375,26,17,0.3953488372093023,-0.5382565820899765,0.0172339360015523,0.0017600102762932,water_per_shift_diff_前2天,0.0010618941896297,13 - 15日龄
"[-11.11, -5.42)",120,0.15,75,45,0.375,-0.4523141522892517,0.0335102506560859,0.0033415008876157,water_per_shift_diff_前2天,0.000985369508359,13 - 15日龄
"[-5.42, -4.46)",42,0.0525,32,10,0.238095238095238,0.2000110337504385,0.002003877376879,0.0003303970523693,water_per_shift_diff_前2天,0.0008885222158103,13 - 15日龄
"[-4.46, -3.21)",46,0.0575,41,5,0.108695652173913,1.140994378214965,0.0549814498087158,0.0065899101952654,water_per_shift_diff_前2天,0.000657025199905,13 - 15日龄
"[-3.21, 3.96)",348,0.435,257,91,0.2614942528735632,0.0750768023231273,0.002410268163579,0.0006252792549447,water_per_shift_diff_前2天,0.0009260991515887,13 - 15日龄
"[3.96, inf)",201,0.25125,148,53,0.263681592039801,0.0637805841567506,0.0010073582989925,0.0002921771476567,water_per_shift_diff_前2天,0.0009002513098068,13 - 15日龄
,800,1.0,579,221,0.27625,,0.1111471403058048,0.012939274814145,water_per_shift_diff_前2天,0.0009183498768011,13 - 15日龄
"[-inf, -8.10)",92,0.1182519280205655,71,21,0.2282608695652173,0.2231435513142097,0.0055785887828552,0.0010844724487636,water_per_shift_diff_前3天,0.0008568537596477,13 - 15日龄
"[-8.10, -2.67)",180,0.2313624678663239,147,33,0.1833333333333333,0.4989111373085734,0.0507192861418826,0.0082383706794504,water_per_shift_diff_前3天,0.0007731601602373,13 - 15日龄
"[-2.67, 6.50)",372,0.4781491002570694,264,108,0.2903225806451613,-0.1011960119815861,0.0050088971725292,6.243126159238268e-05,water_per_shift_diff_前3天,0.000947623204832,13 - 15日龄
"[6.50, 9.22)",59,0.0758354755784061,41,18,0.3050847457627119,-0.1718135791955396,0.0023248416903219,9.748255909150364e-05,water_per_shift_diff_前3天,0.0010196713532138,13 - 15日龄
"[9.22, inf)",75,0.0964010282776349,45,30,0.4,-0.5895487798955181,0.0375140445959673,0.0033183260941078,water_per_shift_diff_前3天,0.0010704883326642,13 - 15日龄
,778,1.0,568,210,0.2699228791773779,,0.1011456583835563,0.0128010830430056,water_per_shift_diff_前3天,0.0009138334726442,13 - 15日龄
"[-inf, -11.61)",59,0.0811554332874828,32,27,0.4576271186440678,-0.8762125083067446,0.0730564863537753,0.0055942071352701,water_per_shift_diff_前5天,0.0012547906427903,13 - 15日龄
"[-11.61, -6.96)",128,0.1760660247592847,90,38,0.296875,-0.1838880344982626,0.0062102585557624,8.191575743378247e-05,water_per_shift_diff_前5天,0.0010055972553807,13 - 15日龄
"[-6.96, 4.23)",385,0.5295735900962861,296,89,0.2311688311688311,0.1556115394897785,0.0123378791857614,0.0042898137590309,water_per_shift_diff_前5天,0.0008492443682627,13 - 15日龄
"[4.23, 6.37)",54,0.0742778541953232,49,5,0.0925925925925925,1.2362708405743843,0.0798915805493035,0.0095623746696905,water_per_shift_diff_前5天,0.0006167905582031,13 - 15日龄
"[6.37, inf)",101,0.1389270976616231,71,30,0.297029702970297,-0.1846290497229818,0.0049406546320512,6.61292539217307e-05,water_per_shift_diff_前5天,0.0009360872677495,13 - 15日龄
,727,1.0,538,189,0.2599724896836313,,0.1764368592766539,0.019594440575347,water_per_shift_diff_前5天,0.0009044837449521,13 - 15日龄
"[-inf, -0.02)",242,0.355359765051395,182,60,0.2479338842975206,0.0012362147382603,5.429012580193101e-07,0.0011541777174326,water_per_shift_diff_前7天,0.0008284440662154,13 - 15日龄
"[-0.02, 0.05)",85,0.1248164464023494,71,14,0.1647058823529411,0.5151966373096225,0.0287642723146586,0.0050739482890657,water_per_shift_diff_前7天,0.0007865902216198,13 - 15日龄
"[0.05, 0.17)",46,0.0675477239353891,42,4,0.0869565217391304,1.2429493470470434,0.072541769168218,0.0087500958316667,water_per_shift_diff_前7天,0.0007590237712424,13 - 15日龄
"[0.17, 4.63)",178,0.2613803230543318,131,47,0.2640449438202247,-0.0833761886253413,0.0018548812303968,0.000249237447281,water_per_shift_diff_前7天,0.0009585836710801,13 - 15日龄
"[4.63, 10.14)",88,0.1292217327459618,60,28,0.3181818181818182,-0.3462858580695376,0.0167924308947367,0.000370483118628,water_per_shift_diff_前7天,0.0010363564583559,13 - 15日龄
"[10.14, inf)",42,0.0616740088105726,26,16,0.3809523809523809,-0.6229180943347336,0.0273419346602639,0.0013201570477693,water_per_shift_diff_前7天,0.0010687467834164,13 - 15日龄
,681,1.0,512,169,0.2481644640234948,,0.1472958311695323,0.0169180994518433,water_per_shift_diff_前7天,0.0008942339985756,13 - 15日龄
"[-inf, -15.68)",52,0.0655737704918032,28,24,0.4615384615384615,-0.6214977222444308,0.0276160166525112,0.0033974963276285,water_per_diff,0.0013564651995638,16 - 18日龄
"[-15.68, 1.90)",269,0.33921815889029,193,76,0.2825278810408922,0.1563084465468653,0.0080393780758026,0.0010039004828886,water_per_diff,0.001007053905376,16 - 18日龄
"[1.90, 3.65)",47,0.0592686002522068,37,10,0.2127659574468085,0.5326844175784898,0.0149897198906064,0.0018518715991532,water_per_diff,0.0008387685274709,16 - 18日龄
"[3.65, 5.61)",45,0.0567465321563682,38,7,0.1555555555555555,0.9160276085993836,0.0384562898077929,0.004645718053222,water_per_diff,0.0008105980736,16 - 18日龄
"[5.61, 14.70)",197,0.2484237074401009,136,61,0.3096446700507614,0.0261326194910518,0.0001688273097138,2.110281324255907e-05,water_per_diff,0.0010634925003375,16 - 18日龄
"[14.70, inf)",183,0.2307692307692307,111,72,0.3934426229508196,-0.3427843197754101,0.0286499513235491,0.0035638129448026,water_per_diff,0.0012465242322855,16 - 18日龄
,793,1.0,543,250,0.3152585119798234,,0.1179201830599763,0.0144839022209374,water_per_diff,0.0010781269635577,16 - 18日龄
"[-inf, -4.21)",342,0.4312736443883985,240,102,0.2982456140350877,0.0800177079860313,0.0027197178979561,0.0006162104038043,water_per_shift_diff,0.0011150532477147,16 - 18日龄
"[-4.21, -1.26)",92,0.116015132408575,74,18,0.1956521739130435,0.6380449332363163,0.041013481306962,0.0059944048694027,water_per_shift_diff,0.0008520543664078,16 - 18日龄
"[-1.26, 5.40)",257,0.3240857503152585,171,86,0.3346303501945525,-0.0883321418225369,0.0025689524560985,0.0003210146996803,water_per_shift_diff,0.0010608094087696,16 - 18日龄
"[5.40, inf)",102,0.1286254728877679,58,44,0.4313725490196078,-0.4993950254435307,0.0345511460697284,0.0042745658586583,water_per_shift_diff,0.0012018573688192,16 - 18日龄
,793,1.0,543,250,0.3152585119798234,,0.0808532977307452,0.0112061958315456,water_per_shift_diff,0.0010781269635577,16 - 18日龄
"[-inf, -12.16)",42,0.0529634300126103,16,26,0.6190476190476191,-1.2611562178533895,0.093999105799194,0.0110283016239062,water_per_diff_前1天,0.0014905502715534,16 - 18日龄
"[-12.16, 9.88)",389,0.4905422446406053,279,110,0.2827763496143959,0.1550830139572605,0.0114470114169558,0.0014294442476097,water_per_diff_前1天,0.0010053865975977,16 - 18日龄
"[9.88, 11.48)",41,0.051702395964691,36,5,0.1219512195121951,1.198432623950321,0.0554854441364844,0.0065483155680289,water_per_diff_前1天,0.000789460572893,16 - 18日龄
"[11.48, 14.15)",65,0.081967213114754,51,14,0.2153846153846154,0.5171199010373781,0.0196105580150307,0.0024243666804035,water_per_diff_前1天,0.0008296422370252,16 - 18日龄
"[14.15, 23.22)",173,0.2181588902900378,116,57,0.3294797687861271,-0.0651094787998745,0.0009357539089396,0.0001169485821137,water_per_diff_前1天,0.0010172782761997,16 - 18日龄
"[23.22, inf)",83,0.1046658259773013,45,38,0.4578313253012048,-0.606572072027755,0.0419305511890125,0.0051624170302181,water_per_diff_前1天,0.0016743664283467,16 - 18日龄
,793,1.0,543,250,0.3152585119798234,,0.2234084244656172,0.0267097937322801,water_per_diff_前1天,0.0010781269635577,16 - 18日龄
"[-inf, -13.26)",52,0.0657395701643489,22,30,0.5769230769230769,-1.0879680332787782,0.0869194218557757,0.0102874906457867,water_per_diff_前2天,0.0015418561925367,16 - 18日龄
"[-13.26, 3.99)",289,0.3653603034134007,210,79,0.273356401384083,0.1998465732755086,0.0140261914230028,0.0017832619291622,water_per_diff_前2天,0.0009567104090622,16 - 18日龄
"[3.99, 5.75)",41,0.0518331226295828,38,3,0.073170731707317,1.7611607660833373,0.1022574116616208,0.0113453931851017,water_per_diff_前2天,0.0006562452988894,16 - 18日龄
"[5.75, 15.05)",223,0.281921618204804,156,67,0.3004484304932735,0.0673502828836322,0.0012625869951806,0.0001676087471516,water_per_diff_前2天,0.0010268232798814,16 - 18日龄
"[15.05, 19.10)",78,0.0986093552465234,51,27,0.3461538461538461,-0.1418243382549418,0.0020334481432987,0.0002455551318291,water_per_diff_前2天,0.0009677824554968,16 - 18日龄
"[19.10, inf)",108,0.13653603034134,65,43,0.3981481481481481,-0.3646259507728639,0.019239329239123,0.0023564630110142,water_per_diff_前2天,0.0015226401330658,16 - 18日龄
,791,1.0,542,249,0.3147914032869785,,0.2257383893180019,0.0261857726500455,water_per_diff_前2天,0.0010777315357759,16 - 18日龄
"[-inf, -20.27)",42,0.0535031847133758,19,23,0.5476190476190477,-0.9813661657763024,0.0575987020200528,0.0066325746305034,water_per_diff_前3天,0.0014307670647703,16 - 18日龄
"[-20.27, -13.73)",68,0.086624203821656,46,22,0.3235294117647059,-0.0527119858828139,0.0002430409024075,1.5625262495671047e-05,water_per_diff_前3天,0.0011088595269928,16 - 18日龄
"[-13.73, -6.04)",113,0.1439490445859872,84,29,0.2566371681415929,0.2732100398432465,0.0101601919578894,0.0013876561810506,water_per_diff_前3天,0.0008479068407507,16 - 18日龄
"[-6.04, -3.08)",71,0.0904458598726114,61,10,0.1408450704225352,1.0179778421656729,0.0734436772749157,0.008943558107957,water_per_diff_前3天,0.0008689876870811,16 - 18日龄
"[-3.08, 19.04)",432,0.5503184713375796,295,137,0.3171296296296296,-0.0233164985018982,0.0003004885105497,5.10789913463097e-06,water_per_diff_前3天,0.0010331933657326,16 - 18日龄
"[19.04, inf)",59,0.0751592356687898,35,24,0.4067796610169492,-0.4130166978721251,0.0136891777790572,0.0015603710815981,water_per_diff_前3天,0.0017510519640991,16 - 18日龄
,785,1.0,540,245,0.3121019108280254,,0.1554352784448724,0.0185448931627394,water_per_diff_前3天,0.0010734495072888,16 - 18日龄
"[-inf, -20.60)",62,0.082010582010582,39,23,0.3709677419354839,-0.3305941888370221,0.0095131435130502,0.0006228339168573,water_per_diff_前5天,0.001097668134877,16 - 18日龄
"[-20.60, -14.49)",82,0.1084656084656084,67,15,0.1829268292682926,0.6379807992512374,0.0379664656428231,0.0055922392934308,water_per_diff_前5天,0.0009345775072253,16 - 18日龄
"[-14.49, -11.76)",41,0.0542328042328042,37,4,0.0975609756097561,1.3659619324868153,0.0708962539723853,0.0086955812797189,water_per_diff_前5天,0.0006672212987721,16 - 18日龄
"[-11.76, -6.44)",131,0.1732804232804232,108,23,0.1755725190839694,0.6879753921575513,0.069600824984376,0.0100540534464398,water_per_diff_前5天,0.0008196604118249,16 - 18日龄
"[-6.44, 6.65)",331,0.4378306878306878,224,107,0.323262839879154,-0.119844401644385,0.0064368405553632,7.125041019937937e-05,water_per_diff_前5天,0.0010176010310041,16 - 18日龄
"[6.65, inf)",109,0.1441798941798941,56,53,0.4862385321100917,-0.8036018418544912,0.1045439081644223,0.0095994406377255,water_per_diff_前5天,0.001624716332615,16 - 18日龄
,756,1.0,531,225,0.2976190476190476,,0.2989574368324203,0.0346353989843716,water_per_diff_前5天,0.0010493946940092,16 - 18日龄
"[-inf, -11.01)",152,0.2116991643454039,113,39,0.2565789473684211,0.1397229009717455,0.0040055603906411,0.0018704028803592,water_per_diff_前7天,0.0009505365922044,16 - 18日龄
"[-11.01, -9.05)",56,0.0779944289693593,49,7,0.125,1.0218068774443645,0.0623476043515778,0.0086181750785431,water_per_diff_前7天,0.0008053675297836,16 - 18日龄
"[-9.05, -6.42)",81,0.1128133704735376,63,18,0.2222222222222222,0.3286596968844192,0.0112838074004721,0.0026008259446065,water_per_diff_前7天,0.0008381826459734,16 - 18日龄
"[-6.42, 3.80)",313,0.435933147632312,222,91,0.2907348242811501,-0.0322853962555193,0.0004575427141575,0.0006507608030174,water_per_diff_前7天,0.0010528340690058,16 - 18日龄
"[3.80, 9.39)",67,0.0933147632311977,41,26,0.3880597014925373,-0.468627742928123,0.0223462530960614,0.0011355119389252,water_per_diff_前7天,0.0010755769895397,16 - 18日龄
"[9.39, inf)",49,0.0682451253481894,26,23,0.4693877551020408,-0.8015009495186163,0.049822453545456,0.0035387141122746,water_per_diff_前7天,0.0015793392182613,16 - 18日龄
,718,1.0,514,204,0.2841225626740947,,0.1502632214983661,0.018414390757726,water_per_diff_前7天,0.0010257148768796,16 - 18日龄
"[-inf, -7.25)",59,0.0745891276864728,42,17,0.288135593220339,0.1266431692522137,0.0011673565298074,0.0001504091009609,water_per_shift_diff_前1天,0.0012235462872408,16 - 18日龄
"[-7.25, -4.62)",63,0.079646017699115,54,9,0.1428571428571428,1.0139463642531166,0.0643718227072178,0.0077289922883252,water_per_shift_diff_前1天,0.0009328207193607,16 - 18日龄
"[-4.62, -1.18)",92,0.1163084702907711,63,29,0.3152173913043478,-0.00197420856988,4.534778647155796e-07,5.262274458914742e-10,water_per_shift_diff_前1天,0.0009677891389935,16 - 18日龄
"[-1.18, inf)",577,0.729456384323641,383,194,0.3362218370883882,-0.0976362748576207,0.0070761303841372,0.0008429242027287,water_per_shift_diff_前1天,0.0010961734969575,16 - 18日龄
,791,1.0,542,249,0.3147914032869785,,0.0726157630990272,0.0087223261182422,water_per_shift_diff_前1天,0.0010777315357759,16 - 18日龄
"[-inf, -2.35)",111,0.1414012738853503,92,19,0.1711711711711711,0.7870386688690066,0.0730524176395419,0.009448762650109,water_per_shift_diff_前2天,0.0009572731479373,16 - 18日龄
"[-2.35, 0.48)",72,0.0917197452229299,51,21,0.2916666666666667,0.0969922659873097,0.0008467578776669,0.0001384170626361,water_per_shift_diff_前2天,0.0009252411646086,16 - 18日龄
"[0.48, 14.26)",535,0.6815286624203821,354,181,0.3383177570093458,-0.1195110471456443,0.0099457039234583,0.0009440731986162,water_per_shift_diff_前2天,0.0011233271027857,16 - 18日龄
"[14.26, inf)",67,0.0853503184713375,43,24,0.3582089552238806,-0.2071646436679761,0.0037972355320849,0.0004038791912041,water_per_shift_diff_前2天,0.0010269131337097,16 - 18日龄
,785,1.0,540,245,0.3121019108280254,,0.0876421149727522,0.0109351321025654,water_per_shift_diff_前2天,0.0010734495072888,16 - 18日龄
"[-inf, -8.97)",47,0.0608020698576972,28,19,0.4042553191489361,-0.4344007584744911,0.0123226235419293,0.0011773499863606,water_per_shift_diff_前3天,0.0010982218888531,16 - 18日龄
"[-8.97, -2.64)",124,0.1604139715394566,83,41,0.3306451612903225,-0.1168977483909644,0.0022405125054576,9.80320054107791e-05,water_per_shift_diff_前3天,0.001004621049665,16 - 18日龄
"[-2.64, 2.44)",150,0.1940491591203104,115,35,0.2333333333333333,0.3674177773905818,0.0241935845116024,0.0068555524899824,water_per_shift_diff_前3天,0.0009643034493174,16 - 18日龄
"[2.44, 6.70)",153,0.1979301423027167,108,45,0.2941176470588235,0.0533024478706453,0.0005564430335894,0.0002356656656956,water_per_shift_diff_前3天,0.0010630182899364,16 - 18日龄
"[6.70, inf)",299,0.3868046571798189,203,96,0.3210702341137124,-0.0733085019093036,0.0021078826259942,3.39929675640103e-05,water_per_shift_diff_前3天,0.0011320286490721,16 - 18日龄
,773,1.0,537,236,0.3053040103492885,,0.0414210462185732,0.0084005931150133,water_per_shift_diff_前3天,0.0010633290048706,16 - 18日龄
"[-inf, -10.07)",58,0.0784844384303112,37,21,0.3620689655172414,-0.3244581812725777,0.0087810491274639,0.0004140896810955,water_per_shift_diff_前5天,0.0010887333998254,16 - 18日龄
"[-10.07, -7.20)",47,0.0635994587280108,41,6,0.1276595744680851,1.0309589412828737,0.0518956875201063,0.0070002275231121,water_per_shift_diff_前5天,0.0007973681621101,16 - 18日龄
"[-7.20, 5.31)",490,0.6630581867388363,359,131,0.2673469387755102,0.117271409093748,0.0088906009681315,0.0049189514773227,water_per_shift_diff_前5天,0.0010142128419936,16 - 18日龄
"[5.31, 9.81)",92,0.1244925575101488,60,32,0.3478260869565217,-0.2622449967710052,0.0090037604075115,0.0003214107158994,water_per_shift_diff_前5天,0.0010611761816905,16 - 18日龄
"[9.81, inf)",52,0.0703653585926928,27,25,0.4807692307692308,-0.813892615057251,0.0527014612714596,0.0043037343818189,water_per_shift_diff_前5天,0.0013303048353417,16 - 18日龄
,739,1.0,524,215,0.2909336941813261,,0.131272559294673,0.0169584137792485,water_per_shift_diff_前5天,0.0010343588545862,16 - 18日龄
"[-inf, -11.33)",65,0.0931232091690544,31,34,0.5230769230769231,-1.0257756924778916,0.1135662785262563,0.0083028630561164,water_per_shift_diff_前7天,0.0013993741202571,16 - 18日龄
"[-11.33, -3.29)",268,0.3839541547277937,200,68,0.2537313432835821,0.1454072890250538,0.0078554734701316,0.0036363034895878,water_per_shift_diff_前7天,0.0009659288134888,16 - 18日龄
"[-3.29, -1.55)",42,0.0601719197707736,39,3,0.0714285714285714,1.6315469851146605,0.1021607583615368,0.0118396656438044,water_per_shift_diff_前7天,0.0006880053882461,16 - 18日龄
"[-1.55, 0.53)",98,0.1404011461318051,82,16,0.1632653061224489,0.7007281526775956,0.0577781057832585,0.0090608104838448,water_per_shift_diff_前7天,0.0008300282822354,16 - 18日龄
"[0.53, 6.62)",128,0.1833810888252149,94,34,0.265625,0.0835318853069662,0.0012559785788376,0.0011166279157646,water_per_shift_diff_前7天,0.0009650510665256,16 - 18日龄
"[6.62, inf)",97,0.1389684813753581,55,42,0.4329896907216495,-0.6637388053977736,0.0686422280990817,0.0041748942968406,water_per_shift_diff_前7天,0.0013195436366022,16 - 18日龄
,698,1.0,501,197,0.2822349570200573,,0.3512588228191028,0.0381311648859586,water_per_shift_diff_前7天,0.0010194692078263,16 - 18日龄
"[-inf, -21.01)",40,0.0520833333333333,24,16,0.4,-0.9694747109088006,0.0621182133348711,0.0074743026158723,water_per_diff,0.0010936623880218,19 - 21日龄
"[-21.01, -3.30)",273,0.35546875,211,62,0.2271062271062271,-0.1502160705859898,0.0083807334649932,0.0010466078443817,water_per_diff,0.000836556834337,19 - 21日龄
"[-3.30, 2.17)",134,0.1744791666666666,112,22,0.1641791044776119,0.2525165989198139,0.0102957354545635,0.0012835585056377,water_per_diff,0.0007820902126148,19 - 21日龄
"[2.17, 4.35)",48,0.0625,46,2,0.0416666666666666,1.7605543969121848,0.1093965495907966,0.0121436786354796,water_per_diff,0.0007012189308293,19 - 21日龄
"[4.35, 8.46)",82,0.1067708333333333,69,13,0.1585365853658536,0.2942173281187577,0.0084411559906513,0.0010513551715838,water_per_diff,0.0007488852624949,19 - 21日龄
"[8.46, inf)",191,0.2486979166666666,151,40,0.2094240837696335,-0.0465394363159767,0.0005461397831112,6.826131264658355e-05,water_per_diff,0.0007886281999466,19 - 21日龄
,768,1.0,613,155,0.2018229166666666,,0.199178527618987,0.0230677640856016,water_per_diff,0.0008107053205461,19 - 21日龄
"[-inf, -1.22)",248,0.3229166666666667,189,59,0.2379032258064516,-0.2107302478630419,0.0152411541684452,0.0019016269880516,water_per_shift_diff,0.000881380312327,19 - 21日龄
"[-1.22, -0.19)",54,0.0703125,51,3,0.0555555555555555,1.4582735250392511,0.093099902151114,0.0107048503356639,water_per_shift_diff,0.0006706382480217,19 - 21日龄
"[-0.19, 0.84)",45,0.05859375,38,7,0.1555555555555555,0.3167361916541078,0.0053303285844858,0.0006635198218905,water_per_shift_diff,0.0008080558063939,19 - 21日龄
"[0.84, inf)",421,0.5481770833333334,335,86,0.2042755344418052,-0.015156583445406,0.0001264976127159,0.000684473407412,water_per_shift_diff,0.000787321596298,19 - 21日龄
,768,1.0,613,155,0.2018229166666666,,0.113797882516761,0.013954470553018,water_per_shift_diff,0.0008107053205461,19 - 21日龄
"[-inf, -22.24)",40,0.0520833333333333,19,21,0.525,-1.4750232775739474,0.1541233605194353,0.0176892624455963,water_per_diff_前1天,0.0011984346916766,19 - 21日龄
"[-22.24, -12.91)",122,0.1588541666666666,99,23,0.1885245901639344,0.0846858151884755,0.001110545974055,0.0004203532449302,water_per_diff_前1天,0.0007884921516958,19 - 21日龄
"[-12.91, -10.27)",43,0.0559895833333333,41,2,0.0465116279069767,1.6454850671273975,0.0888248477534749,0.0099987966640745,water_per_diff_前1天,0.0006859603351204,19 - 21日龄
"[-10.27, 9.01)",427,0.5559895833333334,348,79,0.1850117096018735,0.107814808290488,0.0062556758207173,0.0007815809674595,water_per_diff_前1天,0.0007877885194218,19 - 21日龄
"[9.01, inf)",136,0.1770833333333333,106,30,0.2205882352941176,-0.1126981065670529,0.0023247728134654,0.0002904429147894,water_per_diff_前1天,0.0008279872338396,19 - 21日龄
,768,1.0,613,155,0.2018229166666666,,0.2526392028811482,0.0291804362368499,water_per_diff_前1天,0.0008107053205461,19 - 21日龄
"[-inf, -17.69)",62,0.0808344198174706,40,22,0.3548387096774194,-0.7754701648374589,0.0593824085745235,0.0072668416978323,water_per_diff_前2天,0.0010625663181377,19 - 21日龄
"[-17.69, -11.45)",83,0.1082138200782268,64,19,0.2289156626506024,-0.158863061399848,0.0028604059547853,0.0003642569499211,water_per_diff_前2天,0.0007727539005262,19 - 21日龄
"[-11.45, -5.02)",118,0.1538461538461538,103,15,0.1271186440677966,0.5533716215343464,0.0395807131784792,0.0048526603829326,water_per_diff_前2天,0.000723526306616,19 - 21日龄
"[-5.02, 9.01)",310,0.4041720990873533,257,53,0.1709677419354838,0.2054770057500185,0.0160270331598607,0.001966601833122,water_per_diff_前2天,0.0007639504517238,19 - 21日龄
"[9.01, inf)",194,0.2529335071707953,148,46,0.2371134020618556,-0.2047362883180593,0.011249056870269,0.0024051233293178,water_per_diff_前2天,0.0008766679699304,19 - 21日龄
,767,1.0,612,155,0.2020860495436766,,0.1290996177379179,0.0168554841931259,water_per_diff_前2天,0.0008113324848106,19 - 21日龄
"[-inf, -15.94)",47,0.0613577023498694,28,19,0.4042553191489361,-0.9839063112435852,0.0755188741505688,0.009122185582206,water_per_diff_前3天,0.0010894611730962,19 - 21日龄
"[-15.94, -4.08)",161,0.2101827676240208,128,33,0.2049689440993788,-0.0161491397992116,5.507810733483285e-05,9.936772731673456e-06,water_per_diff_前3天,0.0008012451269301,19 - 21日龄
"[-4.08, 2.68)",131,0.171018276762402,113,18,0.1374045801526717,0.4653442185638271,0.0320220502864733,0.0046533588380384,water_per_diff_前3天,0.0007391462987622,19 - 21日龄
"[2.68, 23.32)",373,0.4869451697127937,303,70,0.1876675603217158,0.0935657212076615,0.0041445351403425,0.0004815463443796,water_per_diff_前3天,0.0007972536853972,19 - 21日龄
"[23.32, inf)",54,0.0704960835509138,39,15,0.2777777777777778,-0.4161603972249124,0.0137101572181165,0.0017255161911545,water_per_diff_前3天,0.0008840104692768,19 - 21日龄
,766,1.0,611,155,0.2023498694516971,,0.1254506949028361,0.0159925437285101,water_per_diff_前3天,0.0008122003860355,19 - 21日龄
"[-inf, -14.75)",43,0.0563564875491481,23,20,0.4651162790697674,-1.2432590933997627,0.1156405463388336,0.0132943692224632,water_per_diff_前5天,0.0011767340721902,19 - 21日龄
"[-14.75, -8.28)",54,0.0707732634338138,41,13,0.2407407407407407,-0.2343983265321505,0.0041615560598282,0.0004795272526239,water_per_diff_前5天,0.000841177628191,19 - 21日龄
"[-8.28, -2.69)",91,0.1192660550458715,81,10,0.1098901098901098,0.7088430259034715,0.0477954480018273,0.0094575391227472,water_per_diff_前5天,0.0007012188458265,19 - 21日龄
"[-2.69, 19.52)",482,0.6317169069462647,395,87,0.1804979253112033,0.1299566104716168,0.0102553352204377,0.0014324137028661,water_per_diff_前5天,0.0007819095463377,19 - 21日龄
"[19.52, inf)",93,0.1218872870249017,70,23,0.2473118279569892,-0.270020009654712,0.0096053405341652,0.0011164217196093,water_per_diff_前5天,0.0008794225330446,19 - 21日龄
,763,1.0,610,153,0.200524246395806,,0.1874582261550922,0.0257802710203096,water_per_diff_前5天,0.0008106169972537,19 - 21日龄
"[-inf, -21.73)",39,0.0524899057873485,25,14,0.358974358974359,-0.854266529703297,0.0480400466878602,0.0047980065423472,water_per_diff_前7天,0.0009638524125188,19 - 21日龄
"[-21.73, 1.27)",425,0.5720053835800808,345,80,0.188235294117647,0.0274327574012388,0.0004268383581661,0.0005049905130668,water_per_diff_前7天,0.0007880081817013,19 - 21日龄
"[1.27, 3.27)",48,0.0646029609690444,46,2,0.0416666666666666,1.7014091909729103,0.1066454385670432,0.0121436786354796,water_per_diff_前7天,0.0007059985428742,19 - 21日龄
"[3.27, 5.49)",48,0.0646029609690444,42,6,0.125,0.5118251240990743,0.0143525786548062,0.0020988466333092,water_per_diff_前7天,0.0007633762568877,19 - 21日龄
"[5.49, inf)",183,0.2462987886944818,142,41,0.2240437158469945,-0.1918300340592861,0.0096004448280952,0.0007560795949781,water_per_diff_前7天,0.0008086382243077,19 - 21日龄
,743,1.0,600,143,0.1924629878869448,,0.1790653470959711,0.0203016019191809,water_per_diff_前7天,0.0007954300225412,19 - 21日龄
"[-inf, -6.50)",277,0.3611473272490221,212,65,0.2346570397111913,-0.1911081608167041,0.0139412657901285,0.0017684241351121,water_per_shift_diff_前1天,0.0008493863269043,19 - 21日龄
"[-6.50, 9.42)",412,0.5371577574967406,327,85,0.2063106796116504,-0.0259982511861424,0.0003658830416772,5.161637169974866e-05,water_per_shift_diff_前1天,0.0008099209602264,19 - 21日龄
"[9.42, 12.80)",39,0.0508474576271186,36,3,0.0769230769230769,1.1115994841949208,0.043873376226289,0.0051985842774613,water_per_shift_diff_前1天,0.0007176202551861,19 - 21日龄
"[12.80, inf)",39,0.0508474576271186,37,2,0.0512820512820512,1.5444635664911996,0.0734458691592009,0.008340234507675,water_per_shift_diff_前1天,0.0006496763520962,19 - 21日龄
,767,1.0,612,155,0.2020860495436766,,0.1316263942172957,0.0153588592919481,water_per_shift_diff_前1天,0.0008113324848106,19 - 21日龄
"[-inf, -3.58)",376,0.4908616187989556,299,77,0.2047872340425532,-0.0150336907153461,0.0001114371034493,2.0609915176589017e-05,water_per_shift_diff_前2天,0.0008046006928713,19 - 21日龄
"[-3.58, -2.07)",50,0.0652741514360313,47,3,0.06,1.3798634707896005,0.0794363089883839,0.0091511167274121,water_per_shift_diff_前2天,0.0006793993784276,19 - 21日龄
"[-2.07, 0.43)",84,0.1096605744125326,66,18,0.2142857142857142,-0.0723888581220879,0.0005870296503644,8.00052518138473e-05,water_per_shift_diff_前2天,0.0008668827767314,19 - 21日龄
"[0.43, inf)",256,0.3342036553524804,199,57,0.22265625,-0.1214182853624065,0.005105196265383,0.0006714523455488,water_per_shift_diff_前2天,0.0008313574727219,19 - 21日龄
,766,1.0,611,155,0.2023498694516971,,0.0852399720075808,0.0099231842399513,water_per_shift_diff_前2天,0.0008122003860355,19 - 21日龄
"[-inf, -3.93)",338,0.4412532637075718,277,61,0.1804733727810651,0.1414717997616786,0.008460971161503,0.0010120627910158,water_per_shift_diff_前3天,0.0007770982249124,19 - 21日龄
"[-3.93, -2.15)",59,0.0770234986945169,56,3,0.0508474576271186,1.5550675598146906,0.1124285685238497,0.0127143488342111,water_per_shift_diff_前3天,0.0006955446817406,19 - 21日龄
"[-2.15, 0.40)",74,0.0966057441253263,57,17,0.2297297297297297,-0.1618339184740146,0.0026520906126568,0.000344096465955,water_per_shift_diff_前3天,0.0008029891640338,19 - 21日龄
"[0.40, inf)",295,0.3851174934725848,221,74,0.2508474576271186,-0.2775742339387656,0.0321201206877665,0.0040902798751934,water_per_shift_diff_前3天,0.0008780608858361,19 - 21日龄
,766,1.0,611,155,0.2023498694516971,,0.1556617509857762,0.0181607879663753,water_per_shift_diff_前3天,0.0008122003860355,19 - 21日龄
"[-inf, 4.37)",361,0.4768824306472919,286,75,0.2077562326869806,-0.0677248787371658,0.0022322775510991,0.0003491534840382,water_per_shift_diff_前5天,0.0008028212928459,19 - 21日龄
"[4.37, 6.24)",65,0.0858652575957727,59,6,0.0923076923076923,0.8795493986569566,0.0499329141347219,0.0063335497363333,water_per_shift_diff_前5天,0.0007702279467724,19 - 21日龄
"[6.24, 8.63)",96,0.1268163804491413,78,18,0.1875,0.0601084927727191,0.0004498582446563,0.0001269298486235,water_per_shift_diff_前5天,0.0007938641923542,19 - 21日龄
"[8.63, inf)",235,0.3104359313077939,185,50,0.2127659574468085,-0.0978957563705291,0.0030635648767049,0.0004675750008486,water_per_shift_diff_前5天,0.0008306030849626,19 - 21日龄
,757,1.0,608,149,0.1968295904887714,,0.0556786148071823,0.0072772080698436,water_per_shift_diff_前5天,0.0008075112162348,19 - 21日龄
"[-inf, -18.83)",44,0.0606896551724137,39,5,0.1136363636363636,0.1622808059105085,0.0015048596036814,0.0001879013126594,water_per_diff,0.0006802177829411,22 - 24日龄
"[-18.83, -11.82)",56,0.0772413793103448,55,1,0.0178571428571428,2.115490257447433,0.1624173388967578,0.0172019854526114,water_per_diff,0.0006338206048577,22 - 24日龄
"[-11.82, -7.79)",53,0.073103448275862,49,4,0.0754716981132075,0.6136830092056985,0.0218916161178641,0.0026943043608375,water_per_diff,0.0006811838232817,22 - 24日龄
"[-7.79, 2.69)",188,0.2593103448275862,161,27,0.1436170212765957,-0.1062754288049036,0.0030453193049358,0.0003804858722543,water_per_diff,0.0007542896337231,22 - 24日龄
"[2.69, inf)",384,0.5296551724137931,326,58,0.1510416666666666,-0.1653885569647491,0.0153920511661428,0.0019218165542864,water_per_diff,0.0007051687452983,22 - 24日龄
,725,1.0,630,95,0.1310344827586207,,0.2042511850893821,0.022386493552649,water_per_diff,0.0007091276252274,22 - 24日龄
"[-inf, -6.53)",122,0.1682758620689655,97,25,0.2049180327868852,-0.5360077741498555,0.0585264963085932,0.007229473380273,water_per_shift_diff,0.0007623964770372,22 - 24日龄
"[-6.53, 4.31)",365,0.503448275862069,327,38,0.1041095890410958,0.2605310833858301,0.0310156051649797,0.0038660229886703,water_per_shift_diff,0.0007021612627915,22 - 24日龄
"[4.31, 7.17)",97,0.1337931034482758,92,5,0.0515463917525773,1.0205077368299025,0.0953155931308129,0.0127841400139414,water_per_shift_diff,0.0006029399804606,22 - 24日龄
"[7.17, 10.92)",75,0.1034482758620689,63,12,0.16,-0.2336148511815052,0.0061477592416185,0.0007667271625461,water_per_shift_diff,0.0007024244975649,22 - 24日龄
"[10.92, inf)",66,0.0910344827586207,51,15,0.2272727272727272,-0.6680674961629217,0.0514026870481245,0.0063084519429831,water_per_shift_diff,0.0008128679053091,22 - 24日龄
,725,1.0,630,95,0.1310344827586207,,0.242408140894129,0.0309548154884139,water_per_shift_diff,0.0007091276252274,22 - 24日龄
"[-inf, -17.88)",37,0.0510344827586206,30,7,0.1891891891891892,-0.4365556951781953,0.0113788953129153,0.0014111736651915,water_per_diff_前1天,0.000743262750785,22 - 24日龄
"[-17.88, -8.38)",112,0.1544827586206896,107,5,0.0446428571428571,1.1715479942427685,0.1373167782725651,0.0162457572735161,water_per_diff_前1天,0.0006632966853727,22 - 24日龄
"[-8.38, 2.23)",204,0.2813793103448276,180,24,0.1176470588235294,0.1230600927572272,0.0040711609633969,0.0005085742550748,water_per_diff_前1天,0.0006956788432892,22 - 24日龄
"[2.23, 7.67)",115,0.1586206896551724,97,18,0.1565217391304348,-0.2075037071778193,0.0073675084002149,0.0009192898665285,water_per_diff_前1天,0.0007646980710753,22 - 24日龄
"[7.67, inf)",257,0.3544827586206897,216,41,0.159533073929961,-0.2301365868051803,0.020418133265422,0.0025466492264447,water_per_diff_前1天,0.0007099953912235,22 - 24日龄
,725,1.0,630,95,0.1310344827586207,,0.1805524762145144,0.0216314442867556,water_per_diff_前1天,0.0007091276252274,22 - 24日龄
"[-inf, 1.40)",361,0.5013888888888889,323,38,0.1052631578947368,0.2317191160166059,0.0246895245804594,0.0043365724567115,water_per_diff_前2天,0.0007006161972524,22 - 24日龄
"[1.40, 4.69)",83,0.1152777777777777,69,14,0.1686746987951807,-0.3132978724976639,0.0126853642874755,0.0013988750417654,water_per_diff_前2天,0.0007409317047831,22 - 24日龄
"[4.69, 7.11)",41,0.0569444444444444,29,12,0.2926829268292683,-1.0259578672811909,0.0849290635620433,0.0097210461429624,water_per_diff_前2天,0.0008189450957369,22 - 24日龄
"[7.11, 18.62)",174,0.2416666666666666,151,23,0.132183908045977,-0.0265614265938901,0.0001721839661897,3.045746353994255e-06,water_per_diff_前2天,0.0006966007913965,22 - 24日龄
"[18.62, inf)",61,0.0847222222222222,55,6,0.0983606557377049,0.3072266685247511,0.0071286323766354,0.000972762978912,water_per_diff_前2天,0.0006623839532494,22 - 24日龄
,720,1.0,627,93,0.1291666666666666,,0.1296047687728034,0.0164323023667053,water_per_diff_前2天,0.0007077923423355,22 - 24日龄
"[-inf, -14.45)",109,0.1518105849582172,100,9,0.0825688073394495,0.5027934520687264,0.0317895214856356,0.0040831733346872,water_per_diff_前3天,0.0006720371394886,22 - 24日龄
"[-14.45, -11.53)",43,0.0598885793871866,42,1,0.0232558139534883,1.832517461700223,0.1034406845907686,0.0113797920501799,water_per_diff_前3天,0.0005579963950162,22 - 24日龄
"[-11.53, -8.56)",50,0.0696378830083565,46,4,0.08,0.5371948787860588,0.0164323870018341,0.0021005938167955,water_per_diff_前3天,0.0006500875404947,22 - 24日龄
"[-8.56, inf)",516,0.7186629526462396,437,79,0.1531007751937984,-0.1946668139545768,0.0292510959669552,0.003127091868404,water_per_diff_前3天,0.0007334437553504,22 - 24日龄
,718,1.0,625,93,0.1295264623955431,,0.1809136890451937,0.0206906510700667,water_per_diff_前3天,0.0007078095375703,22 - 24日龄
"[-inf, -13.52)",118,0.165034965034965,108,10,0.0847457627118644,0.4792055345442505,0.0316786288437785,0.0039941292356422,water_per_diff_前5天,0.0006889062009308,22 - 24日龄
"[-13.52, -9.02)",64,0.0895104895104895,62,2,0.03125,1.5336466048992228,0.1198898791161754,0.0135908737277206,water_per_diff_前5天,0.000632819400357,22 - 24日龄
"[-9.02, -5.78)",49,0.0685314685314685,44,5,0.1020408163265306,0.2744111218982372,0.0046584331103977,0.0006065750954842,water_per_diff_前5天,0.000664543402147,22 - 24日龄
"[-5.78, inf)",484,0.676923076923077,408,76,0.1570247933884297,-0.2198067654680929,0.0354451043855473,0.0045236081252012,water_per_diff_前5天,0.0007290689504142,22 - 24日龄
,715,1.0,622,93,0.13006993006993,,0.1916720454558991,0.0227151861840482,water_per_diff_前5天,0.0007094033175361,22 - 24日龄
"[-inf, 4.53)",289,0.4047619047619047,253,36,0.1245674740484429,0.0511389614911874,0.0010386646897851,0.0001641946509638,water_per_diff_前7天,0.0006821618402772,22 - 24日龄
"[4.53, 10.10)",128,0.1792717086834734,114,14,0.109375,0.1984095299990141,0.0065549042168912,0.0008603304464703,water_per_diff_前7天,0.0007205764416623,22 - 24日龄
"[10.10, 17.44)",149,0.2086834733893557,134,15,0.1006711409395973,0.2910580100684785,0.0158599476682683,0.0020335553468714,water_per_diff_前7天,0.000699284824253,22 - 24日龄
"[17.44, 19.58)",40,0.0560224089635854,39,1,0.025,1.7648300573494236,0.0918580706178443,0.0100906347659577,water_per_diff_前7天,0.0006570867070956,22 - 24日龄
"[19.58, 24.86)",59,0.0826330532212885,48,11,0.1864406779661017,-0.4254258506707025,0.0174360290987057,0.0020567166910877,water_per_diff_前7天,0.0007892222445111,22 - 24日龄
"[24.86, inf)",49,0.0686274509803921,33,16,0.3265306122448979,-1.174812749553524,0.1396886594840796,0.0160391429969598,water_per_diff_前7天,0.0008260025675946,22 - 24日龄
,714,1.0,621,93,0.1302521008403361,,0.2724362757755745,0.0312445748983106,water_per_diff_前7天,0.0007099351564547,22 - 24日龄
"[-inf, -4.60)",154,0.2138888888888888,127,27,0.1753246753246753,-0.3599968270254026,0.0315971902508276,0.0035302213535761,water_per_shift_diff_前1天,0.0007560721085145,22 - 24日龄
"[-4.60, 0.30)",153,0.2125,140,13,0.0849673202614379,0.4683460176681029,0.0391071454790004,0.0051244736868207,water_per_shift_diff_前1天,0.0006584280361619,22 - 24日龄
"[0.30, 2.28)",65,0.0902777777777777,64,1,0.0153846153846153,2.250536035880008,0.2055204745427284,0.0213969493104278,water_per_shift_diff_前1天,0.0005948292339173,22 - 24日龄
"[2.28, 4.30)",78,0.1083333333333333,68,10,0.1282051282051282,0.0085755647023963,7.9415632372863e-06,8.380627278469725e-06,water_per_shift_diff_前1天,0.0006919888742754,22 - 24日龄
"[4.30, 8.97)",148,0.2055555555555555,127,21,0.1418918918918918,-0.1086823987444963,0.0025273676098426,0.0002242057064681,water_per_shift_diff_前1天,0.0007257046970432,22 - 24日龄
"[8.97, inf)",122,0.1694444444444444,101,21,0.1721311475409836,-0.3377489683618283,0.0218597624221423,0.0024284245165837,water_per_shift_diff_前1天,0.0007573161039105,22 - 24日龄
,720,1.0,627,93,0.1291666666666666,,0.3006198818677788,0.0327126552011548,water_per_shift_diff_前1天,0.0007077923423355,22 - 24日龄
"[-inf, -4.62)",114,0.1587743732590529,94,20,0.175438596491228,-0.3575896478671327,0.0231195165021021,0.0026259519276659,water_per_shift_diff_前2天,0.0007920854596075,22 - 24日龄
"[-4.62, 4.90)",312,0.4345403899721448,268,44,0.141025641025641,-0.09835480999055,0.0043589159662048,0.0004013055790432,water_per_shift_diff_前2天,0.0007163486556888,22 - 24日龄
"[4.90, 6.41)",57,0.0793871866295264,56,1,0.0175438596491228,2.1201995341520035,0.1671720338067721,0.0176625196512898,water_per_shift_diff_前2天,0.0006189055145908,22 - 24日龄
"[6.41, 13.10)",172,0.2395543175487465,152,20,0.1162790697674418,0.1229960907091397,0.0034618770649488,0.0005234081342435,water_per_shift_diff_前2天,0.0006716474421753,22 - 24日龄
"[13.10, inf)",63,0.0877437325905292,55,8,0.1269841269841269,0.0227394869694893,4.4989952713828095e-05,1.3927843229895364e-05,water_per_shift_diff_前2天,0.0006921865177706,22 - 24日龄
,718,1.0,625,93,0.1295264623955431,,0.1981573332927417,0.0212271131354723,water_per_shift_diff_前2天,0.0007078095375703,22 - 24日龄
"[-inf, -9.87)",50,0.0698324022346368,42,8,0.16,-0.243718949030665,0.0045345799384707,0.0005111514416974,water_per_shift_diff_前3天,0.0007097250741458,22 - 24日龄
"[-9.87, -3.11)",137,0.191340782122905,127,10,0.072992700729927,0.6396549678303484,0.0616150498880059,0.0119754578386119,water_per_shift_diff_前3天,0.0006706358327311,22 - 24日龄
"[-3.11, inf)",529,0.7388268156424581,454,75,0.1417769376181474,-0.1013379411291596,0.0078759514127721,0.000784780964249,water_per_shift_diff_前3天,0.0007184180707563,22 - 24日龄
,716,1.0,623,93,0.1298882681564245,,0.0740255812392488,0.0132713902445583,water_per_shift_diff_前3天,0.000708668327125,22 - 24日龄
"[-inf, -13.90)",78,0.1092436974789916,64,14,0.1794871794871795,-0.3789058350358096,0.0179897113512404,0.0021167281744257,water_per_shift_diff_前5天,0.0007468575588873,22 - 24日龄
"[-13.90, -9.36)",106,0.1484593837535014,89,17,0.160377358490566,-0.2433085631042991,0.0096054494810278,0.0011108787021129,water_per_shift_diff_前5天,0.0007984800993222,22 - 24日龄
"[-9.36, 2.45)",354,0.4957983193277311,306,48,0.135593220338983,-0.0463474977357329,0.0010833917189278,9.641571459124022e-05,water_per_shift_diff_前5天,0.0007000480936259,22 - 24日龄
"[2.45, 3.70)",37,0.0518207282913165,35,2,0.054054054054054,0.9634692921492454,0.0335820422332421,0.0040281923393196,water_per_shift_diff_前5天,0.0005969908192517,22 - 24日龄
"[3.70, inf)",139,0.1946778711484593,127,12,0.0863309352517985,0.4605488478903681,0.0347606605363204,0.0090343133067645,water_per_shift_diff_前5天,0.000676936950586,22 - 24日龄
,714,1.0,621,93,0.1302521008403361,,0.0970212553207587,0.0163865282372139,water_per_shift_diff_前5天,0.0007099351564547,22 - 24日龄
"[-inf, -8.14)",42,0.0590717299578059,34,8,0.1904761904761904,-0.4469699813681095,0.0138584491561048,0.0016682017583433,water_per_shift_diff_前7天,0.000707204573746,22 - 24日龄
"[-8.14, -5.90)",42,0.0590717299578059,36,6,0.1428571428571428,-0.1021294950763797,0.0006397087070239,7.521932961596155e-05,water_per_shift_diff_前7天,0.0008518952781658,22 - 24日龄
"[-5.90, -3.51)",60,0.0843881856540084,59,1,0.0166666666666666,2.1836484796012847,0.1849912037996077,0.0190529315135766,water_per_shift_diff_前7天,0.0006156169465863,22 - 24日龄
"[-3.51, inf)",567,0.7974683544303798,489,78,0.1375661375661375,-0.0582353015191546,0.0027631218854218,0.0003150549973635,water_per_shift_diff_前7天,0.0007095673953681,22 - 24日龄
,711,1.0,618,93,0.1308016877637131,,0.2022524835481584,0.0211114075988993,water_per_shift_diff_前7天,0.0007099070657513,22 - 24日龄
"[-inf, 7.48)",488,0.7134502923976608,393,95,0.1946721311475409,-0.2322163102584297,0.0415591432676632,0.0066231853194255,water_per_diff,0.0007808177210491,25 - 27日龄
"[7.48, 12.59)",72,0.1052631578947368,63,9,0.125,0.2937611185281631,0.0082070733779486,0.0010222112948497,water_per_diff,0.0007027005727456,25 - 27日龄
"[12.59, 16.26)",41,0.0599415204678362,40,1,0.024390243902439,2.036730423586786,0.1234167025759113,0.0132144433449259,water_per_diff,0.0005867652239457,25 - 27日龄
"[16.26, inf)",83,0.121345029239766,78,5,0.0602409638554216,1.0951218837283412,0.0990362045626992,0.0117957816929181,water_per_diff,0.000634590271086,25 - 27日龄
,684,1.0,574,110,0.1608187134502924,,0.2722191237842224,0.0326556216521192,water_per_diff,0.0007432190874145,25 - 27日龄
"[-inf, -18.28)",37,0.0540935672514619,25,12,0.3243243243243243,-0.9181798554469496,0.0601746633170648,0.007268269757096,water_per_shift_diff,0.001115797299839,25 - 27日龄
"[-18.28, -13.85)",35,0.0511695906432748,26,9,0.2571428571428571,-0.5912770698418874,0.0215946297601424,0.0026606822699656,water_per_shift_diff,0.0008078740755143,25 - 27日龄
"[-13.85, -6.16)",156,0.2280701754385964,126,30,0.1923076923076923,-0.2170645052378275,0.0115511044915917,0.0014410600696159,water_per_shift_diff,0.0007508974071532,25 - 27日龄
"[-6.16, 2.28)",260,0.3801169590643274,221,39,0.15,0.0824520248609561,0.0025124753853734,0.0003139704916665,water_per_shift_diff,0.0007254715811955,25 - 27日龄
"[2.28, 9.64)",134,0.195906432748538,120,14,0.1044776119402985,0.4962853826396373,0.0405894475126874,0.0050222453423923,water_per_shift_diff,0.0006863701089337,25 - 27日龄
"[9.64, inf)",62,0.0906432748538011,56,6,0.0967741935483871,0.5814431909799441,0.0250110818292925,0.0030830765992174,water_per_shift_diff,0.000662347771463,25 - 27日龄
,684,1.0,574,110,0.1608187134502924,,0.1614334022961524,0.0197893045299537,water_per_shift_diff,0.0007432190874146,25 - 27日龄
"[-inf, 7.40)",448,0.6549707602339181,365,83,0.1852678571428571,-0.1710922847412565,0.020301289155551,0.0025345705065499,water_per_diff_前1天,0.0007793551182451,25 - 27日龄
"[7.40, 13.23)",96,0.1403508771929824,81,15,0.15625,0.0342499230430786,0.0001627332422065,2.0340661087220324e-05,water_per_diff_前1天,0.0006965817480653,25 - 27日龄
"[13.23, 19.43)",77,0.1125730994152046,74,3,0.0389610389610389,1.5533037740089095,0.1578888758566548,0.0190763144253916,water_per_diff_前1天,0.0006480949184965,25 - 27日龄
"[19.43, inf)",63,0.0921052631578947,54,9,0.1428571428571428,0.1396104387009049,0.0017114108260136,0.0002137527867852,water_per_diff_前1天,0.000673581052052,25 - 27日龄
,684,1.0,574,110,0.1608187134502924,,0.180064309080426,0.0218449783798139,water_per_diff_前1天,0.0007432190874145,25 - 27日龄
"[-inf, 12.48)",514,0.7569955817378498,419,95,0.1848249027237354,-0.1702944502778552,0.0232404095268941,0.0031946280484114,water_per_diff_前3天,0.000774335821606,25 - 27日龄
"[12.48, 17.40)",72,0.1060382916053019,62,10,0.1388888888888889,0.1702608134515937,0.0028993391378043,0.0003681541853511,water_per_diff_前3天,0.0007098921131955,25 - 27日龄
"[17.40, inf)",93,0.1369661266568483,89,4,0.043010752688172,1.448053530012797,0.1729600071821176,0.0198081969265172,water_per_diff_前3天,0.0005958325222919,25 - 27日龄
,679,1.0,570,109,0.1605301914580265,,0.1990997558468161,0.0233709791602797,water_per_diff_前3天,0.0007430534153589,25 - 27日龄
"[-inf, 17.47)",607,0.907324364723468,501,106,0.1746293245469522,-0.0944226714256789,0.008350113446537,0.0029616250539206,water_per_diff_前5天,0.0007562131591493,25 - 27日龄
"[17.47, inf)",62,0.0926756352765321,60,2,0.032258064516129,1.7536077032636788,0.1550774092904006,0.0167887874572191,water_per_diff_前5天,0.0006116671782792,25 - 27日龄
,669,1.0,561,108,0.1614349775784753,,0.1634275227369376,0.0197504125111397,water_per_diff_前5天,0.0007428172685455,25 - 27日龄
"[-inf, -11.52)",82,0.1200585651537335,63,19,0.2317073170731707,-0.451709603697231,0.0283581612221155,0.0035390416857958,water_per_shift_diff_前1天,0.0008406111219341,25 - 27日龄
"[-11.52, -3.79)",196,0.2869692532942899,162,34,0.173469387755102,-0.0891695403061005,0.0023512577500989,0.00030514678246,water_per_shift_diff_前1天,0.0007256538482545,25 - 27日龄
"[-3.79, 0.08)",127,0.1859443631039531,109,18,0.1417322834645669,0.1505707734106556,0.0040037540256426,0.0004880579742205,water_per_shift_diff_前1天,0.0007496344221823,25 - 27日龄
"[0.08, 1.31)",41,0.0600292825768667,39,2,0.048780487804878,1.3200091146473778,0.065843386584981,0.0076534843323721,water_per_shift_diff_前1天,0.0006574641250682,25 - 27日龄
"[1.31, 12.43)",202,0.2957540263543192,172,30,0.1485148514851485,0.0958917442289744,0.0026319644219597,0.000316741812958,water_per_shift_diff_前1天,0.0007257639713882,25 - 27日龄
"[12.43, inf)",35,0.0512445095168374,28,7,0.2,-0.2641109898024326,0.0039011158417589,0.0004922392287908,water_per_shift_diff_前1天,0.0007968633148654,25 - 27日龄
,683,1.0,573,110,0.1610541727672035,,0.1070896398465569,0.0127947118165972,water_per_shift_diff_前1天,0.0007435027895199,25 - 27日龄
"[-inf, -13.02)",48,0.0706921944035346,37,11,0.2291666666666666,-0.4412658387535983,0.0158878429308192,0.0019352981864831,water_per_shift_diff_前2天,0.0007952620193469,25 - 27日龄
"[-13.02, -5.28)",126,0.1855670103092783,108,18,0.1428571428571428,0.1374709906286028,0.0033455035865193,0.0004275055735705,water_per_shift_diff_前2天,0.0007259355573756,25 - 27日龄
"[-5.28, -4.19)",35,0.0515463917525773,34,1,0.0285714285714285,1.872072046016709,0.0944924824771994,0.0102826013073542,water_per_shift_diff_前2天,0.0006622879888669,25 - 27日龄
"[-4.19, -0.56)",118,0.1737849779086892,104,14,0.1186440677966101,0.3510450909266618,0.0189619720770944,0.0023678141341069,water_per_shift_diff_前2天,0.000726430075885,25 - 27日龄
"[-0.56, 13.71)",314,0.4624447717231222,258,56,0.1783439490445859,-0.126680584412984,0.0077439700563417,0.0009274432171211,water_per_shift_diff_前2天,0.0007508610347592,25 - 27日龄
"[13.71, inf)",38,0.0559646539027982,29,9,0.2368421052631578,-0.4842172259491976,0.0153456255897951,0.0018678084266303,water_per_shift_diff_前2天,0.0007953583787258,25 - 27日龄
,679,1.0,570,109,0.1605301914580265,,0.1557773967177693,0.0178084708452661,water_per_shift_diff_前2天,0.0007430534153589,25 - 27日龄
"[-inf, -5.28)",166,0.2462908011869436,138,28,0.1686746987951807,-0.0504286739352965,0.0006370627315362,0.0001008199101799,water_per_shift_diff_前3天,0.0007438369586642,25 - 27日龄
"[-5.28, -1.82)",98,0.14540059347181,82,16,0.1632653061224489,-0.0113473238928254,1.8793976407700045e-05,5.850084985833319e-06,water_per_shift_diff_前3天,0.0007056989546725,25 - 27日龄
"[-1.82, 4.64)",202,0.2997032640949555,170,32,0.1584158415841584,0.024584685333238,0.0001796396590071,1.1773843282564082e-05,water_per_shift_diff_前3天,0.0007769013531147,25 - 27日龄
"[4.64, 5.39)",36,0.0534124629080118,35,1,0.0277777777777777,1.9098702125721163,0.1007887990721665,0.0107636891526233,water_per_shift_diff_前3天,0.0006347354174253,25 - 27日龄
"[5.39, inf)",172,0.2551928783382789,140,32,0.1860465116279069,-0.1695713291077195,0.0077647340762161,0.0012175204121052,water_per_shift_diff_前3天,0.0007462764647771,25 - 27日龄
,674,1.0,565,109,0.1617210682492581,,0.1093890295153338,0.0120996534031767,water_per_shift_diff_前3天,0.0007429963397541,25 - 27日龄
"[-inf, -7.29)",64,0.095952023988006,48,16,0.25,-0.5454059573627698,0.0339681706699134,0.0042244103758083,water_per_shift_diff_前5天,0.0008881125217057,25 - 27日龄
"[-7.29, 5.12)",339,0.5082458770614693,274,65,0.191740412979351,-0.2052774095384463,0.0229276083700679,0.0030235186049717,water_per_shift_diff_前5天,0.0007759790241267,25 - 27日龄
"[5.12, 6.61)",63,0.0944527736131934,60,3,0.0476190476190476,1.3517140275231114,0.1075379724738869,0.0120795580162222,water_per_shift_diff_前5天,0.0006174314193298,25 - 27日龄
"[6.61, 12.35)",137,0.2053973013493253,122,15,0.1094890510948905,0.451952597600167,0.0358660454366659,0.0041919398327302,water_per_shift_diff_前5天,0.0006895986439228,25 - 27日龄
"[12.35, inf)",64,0.095952023988006,55,9,0.140625,0.1660903618653722,0.0025007642439479,0.0002761547287405,water_per_shift_diff_前5天,0.0006655423625728,25 - 27日龄
,667,1.0,559,108,0.1619190404797601,,0.2028005611944822,0.0237955815584729,water_per_shift_diff_前5天,0.0007434242809714,25 - 27日龄
"[-inf, -9.63)",164,0.2469879518072289,139,25,0.1524390243902439,0.0769610411361284,0.0014252044654838,0.0001457136269867,water_per_shift_diff_前7天,0.0007013254130897,25 - 27日龄
"[-9.63, -7.52)",56,0.0843373493975903,55,1,0.0178571428571428,2.3686961181061084,0.2123810934566228,0.0208989885530716,water_per_shift_diff_前7天,0.000636130980155,25 - 27日龄
"[-7.52, -3.18)",109,0.164156626506024,95,14,0.128440366972477,0.2761824948589196,0.0113880205380809,0.0012517224421284,water_per_shift_diff_前7天,0.0007196062259756,25 - 27日龄
"[-3.18, inf)",335,0.5045180722891566,267,68,0.2029850746268656,-0.2708961139022198,0.0404756184041219,0.007634130060376,water_per_shift_diff_前7天,0.0007928501787335,25 - 27日龄
,664,1.0,556,108,0.1626506024096385,,0.2656699368643095,0.0299305546825628,water_per_shift_diff_前7天,0.000745003902323,25 - 27日龄
"[-inf, -20.27)",105,0.1735537190082644,74,31,0.2952380952380952,-0.6010130090609439,0.0744834094616501,0.0091727806894156,water_per_diff,0.0009219213703386,28 - 30日龄
"[-20.27, 9.27)",365,0.6033057851239669,296,69,0.1890410958904109,-0.0148379480531664,0.0001334443849662,0.0001741892884597,water_per_diff,0.0008285087843308,28 - 30日龄
"[9.27, 12.37)",34,0.056198347107438,33,1,0.0294117647058823,2.0254166636865127,0.1179270764147284,0.0126461654057543,water_per_diff,0.0006261781987471,28 - 30日龄
"[12.37, inf)",101,0.1669421487603306,89,12,0.1188118811881188,0.532638822164172,0.039787916908551,0.006483347498357,water_per_diff,0.0006772677535741,28 - 30日龄
,605,1.0,492,113,0.1867768595041322,,0.2323318471698959,0.0284764828819866,water_per_diff,0.0008081017389003,28 - 30日龄
"[-inf, -15.42)",43,0.0710743801652892,31,12,0.2790697674418604,-0.5220103430828216,0.0225438310983138,0.0027864133585779,water_per_shift_diff,0.0008519910750461,28 - 30日龄
"[-15.42, 0.61)",211,0.3487603305785124,169,42,0.1990521327014218,-0.0788618011402624,0.0022227577952872,0.0002777727481514,water_per_shift_diff,0.0007933445760462,28 - 30日龄
"[0.61, 9.06)",189,0.312396694214876,153,36,0.1904761904761904,-0.0241719148436421,0.0001839110723588,2.298832439539644e-05,water_per_shift_diff,0.0008607108921606,28 - 30日龄
"[9.06, 10.54)",38,0.0628099173553719,36,2,0.0526315789473684,1.419280860116197,0.0787298038095969,0.0090903901050178,water_per_shift_diff,0.0007040755030919,28 - 30日龄
"[10.54, inf)",124,0.2049586776859504,103,21,0.1693548387096774,0.1191156527262452,0.0028002762449313,0.0015135605941903,water_per_shift_diff,0.0007696855042429,28 - 30日龄
,605,1.0,492,113,0.1867768595041322,,0.1064805800204881,0.0136911251303327,water_per_shift_diff,0.0008081017389003,28 - 30日龄
"[-inf, -34.57)",31,0.0512396694214876,23,8,0.2580645161290322,-0.4150382235306538,0.009981043687684,0.0012387521842119,water_per_diff_前1天,0.0010138599969643,28 - 30日龄
"[-34.57, -27.56)",34,0.056198347107438,26,8,0.2352941176470588,-0.2924359014383214,0.005249496899695,0.0006538588853853,water_per_diff_前1天,0.0008583431535441,28 - 30日龄
"[-27.56, -16.25)",94,0.1553719008264462,74,20,0.2127659574468085,-0.1627580781297887,0.0043268659521517,0.0005402620569862,water_per_diff_前1天,0.0007966411152688,28 - 30日龄
"[-16.25, 9.29)",337,0.5570247933884298,269,68,0.201780415430267,-0.0958872233542352,0.0052759014360854,0.0006592351469805,water_per_diff_前1天,0.0008427145578379,28 - 30日龄
"[9.29, inf)",109,0.1801652892561983,100,9,0.0825688073394495,0.9368547108719044,0.1158008772773531,0.0155994487457541,water_per_diff_前1天,0.000636781230107,28 - 30日龄
,605,1.0,492,113,0.1867768595041322,,0.1406341852529694,0.018691557019318,water_per_diff_前1天,0.0008081017389003,28 - 30日龄
"[-inf, -12.18)",155,0.256198347107438,121,34,0.2193548387096774,-0.2016608767993878,0.0110812644546753,0.0013828157200315,water_per_diff_前3天,0.0008271258970429,28 - 30日龄
"[-12.18, -8.04)",45,0.0743801652892562,42,3,0.0666666666666666,1.1679664318352911,0.068696493130826,0.0081300151980476,water_per_diff_前3天,0.0006990554915546,28 - 30日龄
"[-8.04, inf)",405,0.6694214876033058,329,76,0.1876543209876543,-0.0057664873009267,2.23000714026058e-05,2.78750506326939e-06,water_per_diff_前3天,0.0008129371379583,28 - 30日龄
,605,1.0,492,113,0.1867768595041322,,0.0798000576569039,0.0095156184231423,water_per_diff_前3天,0.0008081017389003,28 - 30日龄
"[-inf, -15.91)",72,0.119205298013245,58,14,0.1944444444444444,-0.0476706281510192,0.0002749418922611,3.732245494775569e-05,water_per_diff_前5天,0.0008233633605643,28 - 30日龄
"[-15.91, -4.90)",93,0.1539735099337748,77,16,0.1720430107526881,0.1021603905317224,0.0015558915343313,0.0001865458731245,water_per_diff_前5天,0.0007579965393467,28 - 30日龄
"[-4.90, -1.16)",49,0.0811258278145695,46,3,0.0612244897959183,1.2609727987388053,0.0846587905358767,0.0098904200935963,water_per_diff_前5天,0.0006774325888306,28 - 30日龄
"[-1.16, 1.60)",44,0.0728476821192053,36,8,0.1818181818181818,0.035021087694094,8.836855031582937e-05,9.789419354004928e-06,water_per_diff_前5天,0.0007756401591314,28 - 30日龄
"[1.60, inf)",346,0.5728476821192053,274,72,0.2080924855491329,-0.1325943217101651,0.0104913049457964,0.0014999859044782,water_per_diff_前5天,0.0008406097315259,28 - 30日龄
,604,1.0,491,113,0.1870860927152318,,0.0970692974585815,0.0116240637455007,water_per_diff_前5天,0.0008078628660303,28 - 30日龄
"[-inf, -5.29)",187,0.3090909090909091,147,40,0.213903743315508,-0.1695377651151676,0.0093587920199016,0.0011684499698712,water_per_shift_diff_前1天,0.0008488062839436,28 - 30日龄
"[-5.29, -3.48)",43,0.0710743801652892,41,2,0.0465116279069767,1.5493339883643948,0.1016893251950082,0.0115751815417052,water_per_shift_diff_前1天,0.0006483815171606,28 - 30日龄
"[-3.48, inf)",375,0.6198347107438017,304,71,0.1893333333333333,-0.0167430734150612,0.00017467052631,0.000285286523835,water_per_shift_diff_前1天,0.0008061183245315,28 - 30日龄
,605,1.0,492,113,0.1867768595041322,,0.1112227877412199,0.0130289180354114,water_per_shift_diff_前1天,0.0008081017389003,28 - 30日龄
"[-inf, -17.63)",45,0.0743801652892562,31,14,0.3111111111111111,-0.6761610229100798,0.0411685204430286,0.0050502213658649,water_per_shift_diff_前2天,0.0010067194707645,28 - 30日龄
"[-17.63, -6.19)",179,0.2958677685950413,143,36,0.2011173184357542,-0.0917652059761703,0.0025633384574608,0.0003203049300363,water_per_shift_diff_前2天,0.0008891361383222,28 - 30日龄
"[-6.19, -3.10)",84,0.1388429752066115,71,13,0.1547619047619047,0.2266396217998111,0.0066325394752912,0.0008272975841129,water_per_shift_diff_前2天,0.0007471658935685,28 - 30日龄
"[-3.10, -1.97)",31,0.0512396694214876,30,1,0.032258064516129,1.930106483882188,0.1006088313959741,0.010927891736111,water_per_shift_diff_前2天,0.0006403160132987,28 - 30日龄
"[-1.97, -0.62)",39,0.0644628099173553,34,5,0.1282051282051282,0.4458317144020934,0.0110824417099016,0.0013739450578524,water_per_shift_diff_前2天,0.0007262506232579,28 - 30日龄
"[-0.62, inf)",227,0.3752066115702479,183,44,0.1938325991189427,-0.0457943788568078,0.00079816449227,9.976184447475516e-05,water_per_shift_diff_前2天,0.0007643537502712,28 - 30日龄
,605,1.0,492,113,0.1867768595041322,,0.1628538359739266,0.0185994225184522,water_per_shift_diff_前2天,0.0008081017389003,28 - 30日龄
"[-inf, -8.92)",78,0.13,60,18,0.2307692307692307,-0.2678437302321167,0.0101147076112245,0.0012431073741445,water_per_shift_diff_前5天,0.0008715628006311,28 - 30日龄
"[-8.92, 0.01)",235,0.3916666666666666,202,33,0.1404255319148936,0.3399436013766719,0.0405524056091902,0.0050238520261197,water_per_shift_diff_前5天,0.0007313843318198,28 - 30日龄
"[0.01, 1.05)",33,0.055,31,2,0.0606060606060606,1.2690234893671484,0.057953063331755,0.0067441540409242,water_per_shift_diff_前5天,0.0006625008493901,28 - 30日龄
"[1.05, 7.94)",153,0.255,123,30,0.196078431372549,-0.0608295608477905,0.000961591418554,0.0001163341128308,water_per_shift_diff_前5天,0.0008558661075554,28 - 30日龄
"[7.94, inf)",101,0.1683333333333333,72,29,0.2871287128712871,-0.5624462455284714,0.0626495305689647,0.007644184383979,water_per_shift_diff_前5天,0.0009120157548356,28 - 30日龄
,600,1.0,488,112,0.1866666666666666,,0.1722312985396885,0.0207716319379982,water_per_shift_diff_前5天,0.0008079680835852,28 - 30日龄
"[-inf, -6.82)",80,0.135593220338983,61,19,0.2375,-0.3407529341837957,0.0174724807102621,0.0016751461299295,water_per_shift_diff_前7天,0.0009751125787683,28 - 30日龄
"[-6.82, -2.57)",86,0.1457627118644067,72,14,0.1627906976744186,0.1304209702101303,0.0023772093020247,0.0004667030103276,water_per_shift_diff_前7天,0.0007284839000105,28 - 30日龄
"[-2.57, 2.17)",125,0.211864406779661,111,14,0.112,0.563285052506409,0.0557497541373093,0.0089589669345109,water_per_shift_diff_前7天,0.0007134873325136,28 - 30日龄
"[2.17, inf)",299,0.5067796610169492,239,60,0.2006688963210702,-0.1250688294812564,0.0082449933639565,0.0005025377003392,water_per_shift_diff_前7天,0.0008096382594795,28 - 30日龄
,590,1.0,483,107,0.1813559322033898,,0.0838444375135528,0.0116033537751072,water_per_shift_diff_前7天,0.0007998752166965,28 - 30日龄
"[-inf, 6.32)",212,0.3933209647495361,161,51,0.240566037735849,-0.3796428463171623,0.063711225408333,0.0079164190705771,water_per_diff,0.0008611269933212,31 - 33日龄
"[6.32, 14.62)",99,0.1836734693877551,84,15,0.1515151515151515,0.1935450191638041,0.0064578720417945,0.0008059764135657,water_per_diff,0.0007161753145028,31 - 33日龄
"[14.62, 26.11)",139,0.2578849721706864,132,7,0.0503597122302158,1.4076701949537582,0.3167986135229124,0.0375306183251593,water_per_diff,0.0006378972771614,31 - 33日龄
"[26.11, 38.74)",62,0.1150278293135436,50,12,0.1935483870967742,-0.1021052229371536,0.0012388613392487,0.0001547904330781,water_per_diff,0.0007618298227617,31 - 33日龄
"[38.74, inf)",27,0.0500927643784786,16,11,0.4074074074074074,-1.1545281291358886,0.0905911485827327,0.0107341140546158,water_per_diff,0.0012914581971165,31 - 33日龄
,539,1.0,443,96,0.1781076066790352,,0.4787977208950216,0.057141918296996,water_per_diff,0.0007870701680495,31 - 33日龄
"[-inf, -16.06)",40,0.0742115027829313,32,8,0.2,-0.1429272174574088,0.0015862877784023,0.0001981173685256,water_per_shift_diff,0.0008361967559235,31 - 33日龄
"[-16.06, -11.35)",36,0.0667903525046382,35,1,0.0277777777777777,2.0261264829121144,0.1389722288998927,0.0149015469700509,water_per_shift_diff,0.0006695603897939,31 - 33日龄
"[-11.35, 14.59)",350,0.6493506493506493,296,54,0.1542857142857142,0.1721538291824866,0.018191763269989,0.0022711664996652,water_per_shift_diff,0.0007464649263019,31 - 33日龄
"[14.59, 20.32)",64,0.1187384044526901,47,17,0.265625,-0.512287320923457,0.0363665213945616,0.0044967502423274,water_per_shift_diff,0.0008921782592912,31 - 33日龄
"[20.32, inf)",49,0.0909090909090909,33,16,0.3265306122448979,-0.8053027393506004,0.0742284315804729,0.0090356924492642,water_per_shift_diff,0.0009860539491609,31 - 33日龄
,539,1.0,443,96,0.1781076066790352,,0.2693452329233187,0.0309032735298333,water_per_shift_diff,0.0007870701680495,31 - 33日龄
"[-inf, -14.58)",88,0.1632653061224489,66,22,0.25,-0.4306092899091895,0.0345273156177185,0.0042828757415155,water_per_diff_前1天,0.000903810330816,31 - 33日龄
"[-14.58, 6.32)",173,0.3209647495361781,134,39,0.2254335260115607,-0.2949434247560345,0.0306053737172775,0.0082207346678921,water_per_diff_前1天,0.0008196561233446,31 - 33日龄
"[6.32, 12.36)",76,0.1410018552875695,63,13,0.1710526315789473,0.0489637903526966,0.0003327345610404,4.158766586037101e-05,water_per_diff_前1天,0.0007839443202535,31 - 33日龄
"[12.36, inf)",202,0.3747680890538033,180,22,0.1089108910891089,0.5726928189545952,0.101454752116345,0.0125113306309227,water_per_diff_前1天,0.0007094813553911,31 - 33日龄
,539,1.0,443,96,0.1781076066790352,,0.1669201760123816,0.0250565287061906,water_per_diff_前1天,0.0007870701680495,31 - 33日龄
"[-inf, -18.77)",88,0.1635687732342007,61,27,0.3068181818181818,-0.7119246924408796,0.1019767694347583,0.0125497744187412,water_per_diff_前2天,0.0009053874199935,31 - 33日龄
"[-18.77, 6.37)",245,0.4553903345724907,204,41,0.1673469387755102,0.0775862365300467,0.0026732437265961,0.0003145381938959,water_per_diff_前2天,0.0007800243905818,31 - 33日龄
"[6.37, 13.71)",76,0.1412639405204461,64,12,0.1578947368421052,0.1470147429618097,0.0029103597305788,0.0003519812959753,water_per_diff_前2天,0.0007575394104592,31 - 33日龄
"[13.71, 18.11)",43,0.0799256505576208,42,1,0.0232558139534883,2.210707927673506,0.1870390615655139,0.0194812835382575,water_per_diff_前2天,0.0005788453911196,31 - 33日龄
"[18.11, 25.93)",42,0.0780669144981412,36,6,0.1428571428571428,0.2647977786181931,0.0050173787238175,0.0006140237604018,water_per_diff_前2天,0.0007174932231313,31 - 33日龄
"[25.93, inf)",44,0.0817843866171003,35,9,0.2045454545454545,-0.1688382064566675,0.0024590406200561,0.0003149332233771,water_per_diff_前2天,0.0009123717320195,31 - 33日龄
,538,1.0,442,96,0.1784386617100371,,0.3020758538013209,0.0336265344306488,water_per_diff_前2天,0.0007872165190434,31 - 33日龄
"[-inf, -19.44)",103,0.1918063314711359,71,32,0.3106796116504854,-0.7277527097374208,0.1254177005443174,0.0154965057660287,water_per_diff_前3天,0.0009406605936069,31 - 33日龄
"[-19.44, 8.58)",310,0.5772811918063314,259,51,0.164516129032258,0.1003057449962022,0.0056222962225053,0.0006467141865427,water_per_diff_前3天,0.0007807915396107,31 - 33日龄
"[8.58, 10.94)",27,0.0502793296089385,25,2,0.074074074074074,1.001031960329246,0.0358930110492204,0.0042596368930131,water_per_diff_前3天,0.0007269293614061,31 - 33日龄
"[10.94, 19.63)",60,0.1117318435754189,57,3,0.05,1.4197422951874308,0.1391371594560811,0.0159255003878295,water_per_diff_前3天,0.0006149708906294,31 - 33日龄
"[19.63, inf)",37,0.068901303538175,29,8,0.2162162162162162,-0.2368423956723716,0.0041621962958296,0.0005378666676274,water_per_diff_前3天,0.0007460916025805,31 - 33日龄
,537,1.0,441,96,0.1787709497206704,,0.310232363567954,0.0368662239010414,water_per_diff_前3天,0.0007878289644544,31 - 33日龄
"[-inf, -19.57)",102,0.1902985074626865,71,31,0.3039215686274509,-0.6937338628883014,0.112074807773432,0.0140651979423183,water_per_diff_前5天,0.0008954976317659,31 - 33日龄
"[-19.57, 8.82)",327,0.6100746268656716,278,49,0.1498470948012232,0.2133742801355399,0.0259039609028184,0.003019026982301,water_per_diff_前5天,0.0007777654482662,31 - 33日龄
"[8.82, 13.43)",38,0.0708955223880597,37,1,0.0263157894736842,2.088491377199754,0.1538680200247545,0.0161938976411131,water_per_diff_前5天,0.0006137550086463,31 - 33日龄
"[13.43, inf)",69,0.1287313432835821,54,15,0.217391304347826,-0.2414926899824063,0.0080954935846374,0.0010634742967297,water_per_diff_前5天,0.0007770010177823,31 - 33日龄
,536,1.0,440,96,0.1791044776119403,,0.2999422822856424,0.0343415968624621,water_per_diff_前5天,0.0007884436951095,31 - 33日龄
"[-inf, -10.68)",119,0.2220149253731343,90,29,0.2436974789915966,-0.3899126951006794,0.0380312571925852,0.00505277160183,water_per_diff_前7天,0.0008808081200254,31 - 33日龄
"[-10.68, -5.34)",48,0.0895522388059701,42,6,0.125,0.4234836136108427,0.0139557099939936,0.0016707337573247,water_per_diff_前7天,0.0007411517192869,31 - 33日龄
"[-5.34, -2.33)",37,0.0690298507462686,36,1,0.027027027027027,2.0610924030116395,0.1471651204423083,0.0155459406098009,water_per_diff_前7天,0.0006494708637897,31 - 33日龄
"[-2.33, 23.48)",295,0.5503731343283582,243,52,0.1762711864406779,0.0193911893146505,0.0002056641290947,1.0810672879374384e-05,water_per_diff_前7天,0.0007588312412825,31 - 33日龄
"[23.48, inf)",37,0.0690298507462686,29,8,0.2162162162162162,-0.2345722471378325,0.0040872437001289,0.0005378666676274,water_per_diff_前7天,0.0009278036116578,31 - 33日龄
,536,1.0,440,96,0.1791044776119403,,0.2034449954581109,0.0228181233094623,water_per_diff_前7天,0.0007884436951095,31 - 33日龄
"[-inf, -4.18)",115,0.2137546468401487,89,26,0.2260869565217391,-0.2964218588992039,0.0205941657248032,0.0026012048975665,water_per_shift_diff_前1天,0.0008628470362925,31 - 33日龄
"[-4.18, 2.82)",105,0.1951672862453531,89,16,0.1523809523809524,0.1890859568824968,0.0065595429989403,0.0007983676629057,water_per_shift_diff_前1天,0.0007588781817033,31 - 33日龄
"[2.82, 5.20)",32,0.0594795539033457,30,2,0.0625,1.181088510492348,0.0555583679049473,0.0065347746417377,water_per_shift_diff_前1天,0.0006775034713273,31 - 33日龄
"[5.20, 13.51)",144,0.2676579925650557,119,25,0.1736111111111111,0.0332859776334665,0.0002933860208077,3.1825124061943526e-05,water_per_shift_diff_前1天,0.0007475582226989,31 - 33日龄
"[13.51, inf)",142,0.2639405204460966,115,27,0.1901408450704225,-0.0778664282509408,0.0016405681291558,0.0005722955690498,water_per_shift_diff_前1天,0.0008118617876182,31 - 33日龄
,538,1.0,442,96,0.1784386617100371,,0.0846460307786546,0.0105384678953217,water_per_shift_diff_前1天,0.0007872165190434,31 - 33日龄
"[-inf, 8.74)",323,0.6014897579143389,259,64,0.1981424148606811,-0.1267517056391437,0.0100596591777098,0.0013448912133612,water_per_shift_diff_前2天,0.0007878752482919,31 - 33日龄
"[8.74, 10.38)",35,0.0651769087523277,34,1,0.0285714285714285,2.001663840637152,0.1334726242941864,0.0142609111254246,water_per_shift_diff_前2天,0.0006281996168615,31 - 33日龄
"[10.38, 14.59)",66,0.1229050279329608,57,9,0.1363636363636363,0.321130006519321,0.0114006613709027,0.0013761660209775,water_per_shift_diff_前2天,0.0007418011679873,31 - 33日龄
"[14.59, inf)",113,0.2104283054003724,91,22,0.1946902654867256,-0.1048796308204755,0.002393086814356,0.0003246199429257,water_per_shift_diff_前2天,0.0008640228764288,31 - 33日龄
,537,1.0,441,96,0.1787709497206704,,0.1573260316571551,0.017306588302689,water_per_shift_diff_前2天,0.0007878289644544,31 - 33日龄
"[-inf, -13.63)",52,0.0970149253731343,47,5,0.0961538461538461,0.7182831538314876,0.0393151195941855,0.0047047439016491,water_per_shift_diff_前3天,0.0007614900542323,31 - 33日龄
"[-13.63, 6.94)",299,0.5578358208955224,246,53,0.177257525083612,0.0126130869357703,8.838716223929915e-05,8.431417810051203e-05,water_per_shift_diff_前3天,0.000793274238076,31 - 33日龄
"[6.94, 9.06)",44,0.0820895522388059,27,17,0.3863636363636363,-1.0598030134963576,0.1226400835693701,0.0147891184286739,water_per_shift_diff_前3天,0.0010029222096721,31 - 33日龄
"[9.06, 15.27)",77,0.1436567164179104,64,13,0.1688311688311688,0.0715071904536645,0.0007177805102356,7.321597081796308e-05,water_per_shift_diff_前3天,0.0007107778276788,31 - 33日龄
"[15.27, inf)",64,0.1194029850746268,56,8,0.125,0.4234836136108426,0.0186076133253248,0.0022276450097663,water_per_shift_diff_前3天,0.0007337636033914,31 - 33日龄
,536,1.0,440,96,0.1791044776119403,,0.1813689841613556,0.0218790374890077,water_per_shift_diff_前3天,0.0007884436951095,31 - 33日龄
"[-inf, -17.63)",39,0.0727611940298507,25,14,0.358974358974359,-0.9426080401915286,0.0839063975170489,0.0102282419076203,water_per_shift_diff_前5天,0.0010084265827555,31 - 33日龄
"[-17.63, -8.47)",108,0.2014925373134328,87,21,0.1944444444444444,-0.1010408545133099,0.0021241543278366,0.0003012788005488,water_per_shift_diff_前5天,0.0008087063649449,31 - 33日龄
"[-8.47, 12.34)",361,0.6735074626865671,303,58,0.1606648199445983,0.1308632595184791,0.0110539798759927,0.0012368841129769,water_per_shift_diff_前5天,0.0007674973739596,31 - 33日龄
"[12.34, inf)",28,0.0522388059701492,25,3,0.1071428571428571,0.5978370007556204,0.0152856051329562,0.001833939508766,water_per_shift_diff_前5天,0.0006739408727771,31 - 33日龄
,536,1.0,440,96,0.1791044776119403,,0.1123701368538345,0.0136003443299119,water_per_shift_diff_前5天,0.0007884436951095,31 - 33日龄
"[-inf, -14.29)",40,0.0747663551401869,26,14,0.35,-0.9011120132011116,0.0780433477644281,0.0095858042904068,water_per_shift_diff_前7天,0.000898596371916,31 - 33日龄
"[-14.29, -1.69)",241,0.4504672897196262,207,34,0.1410788381742738,0.2862070470418725,0.0335891243040314,0.003905597027032,water_per_shift_diff_前7天,0.00076402905383,31 - 33日龄
"[-1.69, 0.85)",65,0.1214953271028037,63,2,0.0307692307692307,1.929836324224252,0.2367419750436452,0.0253543812555212,water_per_shift_diff_前7天,0.0006040142031158,31 - 33日龄
"[0.85, 7.80)",119,0.222429906542056,96,23,0.1932773109243697,-0.0912972460686485,0.0019085249095121,0.0002869189357075,water_per_shift_diff_前7天,0.0008045171047498,31 - 33日龄
"[7.80, 10.56)",32,0.0598130841121495,24,8,0.25,-0.4215389329392254,0.0120828357771114,0.0015574093605511,water_per_shift_diff_前7天,0.000847075263953,31 - 33日龄
"[10.56, inf)",38,0.0710280373831775,23,15,0.3947368421052631,-1.0927072067803956,0.1134866041210561,0.0136833965311704,water_per_shift_diff_前7天,0.0010387819911158,31 - 33日龄
,535,1.0,439,96,0.1794392523364485,,0.4758524119197845,0.054373507400389,water_per_shift_diff_前7天,0.0007881372703295,31 - 33日龄
"[-inf, 21.78)",237,0.6909620991253644,201,36,0.1518987341772152,-0.120425883011036,0.0104654178091103,0.0013073873113652,water_per_diff,0.000776864684105,34 - 35日龄
"[21.78, 24.26)",20,0.0583090379008746,18,2,0.1,0.3570127247222177,0.0065182024208915,0.0008104756208787,water_per_diff,0.0007084883205864,34 - 35日龄
"[24.26, 43.54)",63,0.1836734693877551,60,3,0.0476190476190476,1.1555204209399892,0.1604704897395097,0.0190124081164199,water_per_diff,0.0006875894612875,34 - 35日龄
"[43.54, inf)",23,0.0670553935860058,17,6,0.2608695652173913,-0.7987579777858406,0.0560944899580769,0.0068311601534912,water_per_diff,0.0008603762581747,34 - 35日龄
,343,1.0,296,47,0.1370262390670553,,0.2335485999275885,0.027961431202155,water_per_diff,0.000762080135696,34 - 35日龄
"[-inf, -20.43)",30,0.0874635568513119,25,5,0.1666666666666666,-0.2307739401799015,0.0050593769231505,0.0006310224808907,water_per_shift_diff,0.0008394445075737,34 - 35日龄
"[-20.43, 4.23)",164,0.478134110787172,144,20,0.1219512195121951,0.1338691734080079,0.0081599381145766,0.0010192313112924,water_per_shift_diff,0.0007492897120277,34 - 35日龄
"[4.23, 9.38)",35,0.1020408163265306,34,1,0.0285714285714285,1.6861486720021597,0.157803735691979,0.0176774691580933,water_per_shift_diff,0.0006806571439918,34 - 35日龄
"[9.38, 14.95)",38,0.1107871720116618,35,3,0.0789473684210526,0.6165239202073023,0.03354719721082,0.0041282234274107,water_per_shift_diff,0.0007021549847147,34 - 35日龄
"[14.95, 25.45)",52,0.151603498542274,41,11,0.2115384615384615,-0.5245350587080646,0.050108330435812,0.0061927092873083,water_per_shift_diff,0.0008150059107674,34 - 35日龄
"[25.45, inf)",24,0.0699708454810495,17,7,0.2916666666666667,-0.952908657613099,0.0871947039348386,0.0105048214357872,water_per_shift_diff,0.0008517267385503,34 - 35日龄
,343,1.0,296,47,0.1370262390670553,,0.3418732823111769,0.0401534771007826,water_per_shift_diff,0.000762080135696,34 - 35日龄
"[-inf, -17.91)",25,0.0728862973760933,20,5,0.2,-0.4539174914941111,0.0176189940631699,0.0021836594364785,water_per_diff_前1天,0.0007998147359943,34 - 35日龄
"[-17.91, 3.50)",89,0.2594752186588921,74,15,0.1685393258426966,-0.2441969605120421,0.0168859600354071,0.0021055160802898,water_per_diff_前1天,0.000778413552753,34 - 35日龄
"[3.50, 22.05)",133,0.3877551020408163,118,15,0.112781954887218,0.2224225707494527,0.017682530423296,0.0022057713630002,water_per_diff_前1天,0.0007564233429099,34 - 35日龄
"[22.05, 27.70)",40,0.1166180758017492,38,2,0.05,1.1042271265524386,0.0947704995042849,0.011278916311319,water_per_diff_前1天,0.0006361331728624,34 - 35日龄
"[27.70, 38.93)",36,0.1049562682215743,32,4,0.1111111111111111,0.2392296890658342,0.0055026955506804,0.0006862013943716,water_per_diff_前1天,0.0007002618135875,34 - 35日龄
"[38.93, inf)",20,0.0583090379008746,14,6,0.3,-0.992913992226798,0.0797928294500833,0.0095835728403167,water_per_diff_前1天,0.0010430127569109,34 - 35日龄
,343,1.0,296,47,0.1370262390670553,,0.2322535090269219,0.0280436374257758,water_per_diff_前1天,0.000762080135696,34 - 35日龄
"[-inf, -24.84)",18,0.0529411764705882,12,6,0.3333333333333333,-1.1368778267470634,0.0985717903664217,0.0118486803134217,water_per_diff_前2天,0.0009326387198962,34 - 35日龄
"[-24.84, 7.16)",114,0.3352941176470588,99,15,0.131578947368421,0.057044641725371,0.0010687326675728,8.96689696537876e-05,water_per_diff_前2天,0.000797880889145,34 - 35日龄
"[7.16, 15.73)",63,0.1852941176470588,57,6,0.0952380952380952,0.4212667912994865,0.0281741859550379,0.0033120092314817,water_per_diff_前2天,0.0006793559396316,34 - 35日龄
"[15.73, 23.39)",59,0.1735294117647058,56,3,0.0508474576271186,1.0967143947600309,0.1396078958691696,0.0162348280484293,water_per_diff_前2天,0.0006439935392325,34 - 35日龄
"[23.39, 38.74)",68,0.2,60,8,0.1176470588235294,0.184878013235256,0.0063903808220159,0.000708562386688,water_per_diff_前2天,0.0007304453375835,34 - 35日龄
"[38.74, inf)",18,0.0529411764705882,9,9,0.5,-1.8300250073070088,0.2942179483100513,0.0325762463279882,water_per_diff_前2天,0.0011691481038801,34 - 35日龄
,340,1.0,293,47,0.138235294117647,,0.5680309339902694,0.0647699952776627,water_per_diff_前2天,0.0007625173828167,34 - 35日龄
"[-inf, -23.21)",21,0.0619469026548672,14,7,0.3333333333333333,-1.133459019998278,0.1144691199153026,0.0138234603656586,water_per_diff_前3天,0.0009951180604189,34 - 35日龄
"[-23.21, 10.71)",144,0.4247787610619469,123,21,0.1458333333333333,-0.0589442829092285,0.0015075374017151,0.0002834989775741,water_per_diff_前3天,0.0007761042609145,34 - 35日龄
"[10.71, 16.32)",48,0.1415929203539823,43,5,0.1041666666666666,0.3251560027012389,0.0132914979244677,0.00150832344569,water_per_diff_前3天,0.0006791320983381,34 - 35日龄
"[16.32, 21.94)",44,0.1297935103244837,43,1,0.0227272727272727,1.9345939151353395,0.2437272573061062,0.0259028199252522,water_per_diff_前3天,0.0006412733083416,34 - 35日龄
"[21.94, 34.08)",60,0.1769911504424778,54,6,0.1,0.3706183767779963,0.0212260306140706,0.0024314268626363,water_per_diff_前3天,0.0007028831369062,34 - 35日龄
"[34.08, inf)",22,0.0648967551622418,15,7,0.3181818181818182,-1.0644661485113265,0.103856031248664,0.0126353340407093,water_per_diff_前3天,0.0010567131975423,34 - 35日龄
,339,1.0,292,47,0.1386430678466076,,0.4980774744103264,0.0565848636175205,water_per_diff_前3天,0.0007636918515871,34 - 35日龄
"[-inf, -29.09)",19,0.0562130177514792,12,7,0.3684210526315789,-1.2841791647287468,0.1383048848172438,0.0164835397909122,water_per_diff_前5天,0.0009761652394715,34 - 35日龄
"[-29.09, -18.62)",45,0.1331360946745562,38,7,0.1555555555555555,-0.1314996547903613,0.0024132787418571,0.0003813456130408,water_per_diff_前5天,0.0007669073060509,34 - 35日龄
"[-18.62, -3.14)",104,0.3076923076923077,92,12,0.1153846153846153,0.2137062617996061,0.0130001908179624,0.003214787921851,water_per_diff_前5天,0.000729215736844,34 - 35日龄
"[-3.14, 0.49)",26,0.0769230769230769,25,1,0.0384615384615384,1.3957001594067668,0.0902097639040419,0.010100599493543,water_per_diff_前5天,0.0007040848072201,34 - 35日龄
"[0.49, inf)",144,0.4260355029585799,124,20,0.1388888888888889,0.0013736265896119,8.034666020980601e-07,1.294692390790722e-05,water_per_diff_前5天,0.0007695411649049,34 - 35日龄
,338,1.0,291,47,0.1390532544378698,,0.2439289217477075,0.0301932197432549,water_per_diff_前5天,0.0007633625375386,34 - 35日龄
"[-inf, -26.32)",38,0.1127596439169139,28,10,0.2631578947368421,-0.8150624535012392,0.0987622366337225,0.0116561986660861,water_per_diff_前7天,0.0008665596149826,34 - 35日龄
"[-26.32, -19.57)",28,0.0830860534124629,24,4,0.1428571428571428,-0.0529224014543425,0.0002372138119871,2.437704937954008e-05,water_per_diff_前7天,0.000837583446957,34 - 35日龄
"[-19.57, 5.08)",191,0.5667655786350149,167,24,0.1256544502617801,0.0952581113864118,0.0049671419204927,0.0006672897729635,water_per_diff_前7天,0.0007497214473795,34 - 35日龄
"[5.08, 20.43)",60,0.1780415430267062,53,7,0.1166666666666666,0.1796998938144109,0.0053832106245016,0.0006923727660812,water_per_diff_前7天,0.0007238796332497,34 - 35日龄
"[20.43, inf)",20,0.059347181008902,19,1,0.05,1.0997571084840432,0.0478976837177795,0.0056394581556595,water_per_diff_前7天,0.0006752680679721,34 - 35日龄
,337,1.0,291,46,0.1364985163204747,,0.1572474867084836,0.0186796964101698,water_per_diff_前7天,0.0007611766696974,34 - 35日龄
"[-inf, -15.65)",47,0.138235294117647,34,13,0.2765957446808511,-0.868613840152384,0.1394601118711002,0.0213917555470878,water_per_shift_diff_前1天,0.0008742135047592,34 - 35日龄
"[-15.65, -12.57)",19,0.0558823529411764,17,2,0.1052631578947368,0.3100411561892622,0.0047954953357281,0.0005556205690037,water_per_shift_diff_前1天,0.0006415474007147,34 - 35日龄
"[-12.57, -6.95)",41,0.1205882352941176,40,1,0.024390243902439,1.858854446806928,0.2142184305484419,0.0231065065185473,water_per_shift_diff_前1天,0.0006923623571406,34 - 35日龄
"[-6.95, 9.81)",143,0.4205882352941176,126,17,0.1188811188811188,0.1730435555882531,0.0118244125922987,0.0013008779191449,water_per_shift_diff_前1天,0.0007496375935047,34 - 35日龄
"[9.81, inf)",90,0.2647058823529412,76,14,0.1555555555555555,-0.1383489966359363,0.0053245928557872,0.0007626912260817,water_per_shift_diff_前1天,0.000782149358961,34 - 35日龄
,340,1.0,293,47,0.138235294117647,,0.3756230432033564,0.0471174517798654,water_per_shift_diff_前1天,0.0007625173828167,34 - 35日龄
"[-inf, -10.45)",64,0.1887905604719764,58,6,0.09375,0.4420773407601412,0.0313744775503044,0.0036296245499427,water_per_shift_diff_前2天,0.0007249819696597,34 - 35日龄
"[-10.45, 19.49)",247,0.7286135693215339,215,32,0.1295546558704453,0.078295924769713,0.004341532989635,0.0003678641095585,water_per_shift_diff_前2天,0.0007598520671808,34 - 35日龄
"[19.49, inf)",28,0.0825958702064896,19,9,0.3214285714285714,-1.0793917987280022,0.1364576487024981,0.0165752281662151,water_per_shift_diff_前2天,0.0008860439655774,34 - 35日龄
,339,1.0,292,47,0.1386430678466076,,0.1721736592424375,0.0205727168257163,water_per_shift_diff_前2天,0.0007636918515871,34 - 35日龄
"[-inf, -14.78)",19,0.0560471976401179,18,1,0.0526315789473684,1.0637655573379414,0.0429412794203744,0.0049636033381118,water_per_shift_diff_前3天,0.0006928715909782,34 - 35日龄
"[-14.78, 4.06)",127,0.3746312684365782,111,16,0.1259842519685039,0.1103352785143297,0.0043815743799409,0.0004178840196319,water_per_shift_diff_前3天,0.0007256248971529,34 - 35日龄
"[4.06, 14.82)",104,0.3067846607669616,88,16,0.1538461538461538,-0.121858108319798,0.0047592499314639,0.000729731236806,water_per_shift_diff_前3天,0.0007630024260533,34 - 35日龄
"[14.82, 18.47)",30,0.0884955752212389,20,10,0.3333333333333333,-1.133459019998278,0.163527314164718,0.0197478005223695,water_per_shift_diff_前3天,0.000974567703173,34 - 35日龄
"[18.47, inf)",59,0.1740412979351032,55,4,0.0677966101694915,0.7944326235543572,0.0820249947228595,0.0095867673820686,water_per_shift_diff_前3天,0.0007624293579037,34 - 35日龄
,339,1.0,292,47,0.1386430678466076,,0.297634412619357,0.0354457864989878,water_per_shift_diff_前3天,0.0007636918515871,34 - 35日龄
"[-inf, -18.13)",22,0.0652818991097922,17,5,0.2272727272727272,-0.6209064390602819,0.0312169455765403,0.0037132543241278,water_per_shift_diff_前7天,0.0009753229146232,34 - 35日龄
"[-18.13, -8.54)",69,0.2047477744807121,58,11,0.1594202898550724,-0.1821341329343487,0.0072521659087111,0.0008449390381485,water_per_shift_diff_前7天,0.0008450461484216,34 - 35日龄
"[-8.54, 1.91)",132,0.3916913946587537,118,14,0.106060606060606,0.2869454241680085,0.0290246604156195,0.0036580368856793,water_per_shift_diff_前7天,0.0007200691587026,34 - 35日龄
"[1.91, 6.76)",51,0.1513353115727003,49,2,0.0392156862745098,1.353991246868284,0.169122468606288,0.019413300021164,water_per_shift_diff_前7天,0.0006258890994691,34 - 35日龄
"[6.76, 11.82)",38,0.1127596439169139,30,8,0.2105263157894736,-0.522926030700078,0.037033757440884,0.0044133823918683,water_per_shift_diff_前7天,0.0008006790473304,34 - 35日龄
"[11.82, inf)",25,0.0741839762611275,19,6,0.24,-0.6920023607440121,0.0450788927662317,0.0053497836437999,water_per_shift_diff_前7天,0.000774238900201,34 - 35日龄
,337,1.0,291,46,0.1364985163204747,,0.3187288907142749,0.0373926963047878,water_per_shift_diff_前7天,0.0007611766696974,34 - 35日龄
"[-inf, 1.25)",570,0.6968215158924206,485,85,0.1491228070175438,0.0001690188460036,1.9905177831602183e-08,0.0004461868059681,water_per_diff,0.0006312367076883,10 - 12日龄
"[1.25, 2.76)",54,0.0660146699266503,53,1,0.0185185185185185,2.228963297950959,0.1514640831587647,0.0157856309351872,water_per_diff,0.0005195267596497,10 - 12日龄
"[2.76, 8.80)",107,0.1308068459657701,92,15,0.1401869158878504,0.0724097603456672,0.0006685657164005,8.355246201224159e-05,water_per_diff,0.0006814092980104,10 - 12日龄
"[8.80, inf)",87,0.1063569682151589,66,21,0.2413793103448276,-0.5961963112981606,0.0460880981175938,0.0056771773790313,water_per_diff,0.0008128527323201,10 - 12日龄
,818,1.0,696,122,0.1491442542787286,,0.198220766897937,0.0219925475821988,water_per_diff,0.0006497412603941,10 - 12日龄
"[-inf, -9.74)",67,0.0819070904645476,51,16,0.2388059701492537,-0.5820917051166187,0.0336866242573848,0.0041523689997325,water_per_shift_diff,0.0006843134423854,10 - 12日龄
"[-9.74, -7.12)",46,0.0562347188264058,39,7,0.1521739130434782,-0.02367711852683,3.178810429690294e-05,3.973420224082417e-06,water_per_shift_diff,0.0006204753361746,10 - 12日龄
"[-7.12, -5.76)",56,0.0684596577017114,54,2,0.0357142857142857,1.554508250403166,0.0951246569282887,0.0108215799599555,water_per_shift_diff,0.000513439752069,10 - 12日龄
"[-5.76, -4.62)",41,0.050122249388753,38,3,0.073170731707317,0.7976452554571132,0.0239353696874967,0.0029150458961488,water_per_shift_diff,0.0005589210406362,10 - 12日龄
"[-4.62, 4.36)",400,0.4889975550122249,343,57,0.1425,0.0533505637302266,0.0013659332667881,0.000170721412104,water_per_shift_diff,0.0006402269699483,10 - 12日龄
"[4.36, inf)",208,0.254278728606357,171,37,0.1778846153846154,-0.2105829717427277,0.0121272697830923,0.0015131139495922,water_per_shift_diff,0.0007179726352754,10 - 12日龄
,818,1.0,696,122,0.1491442542787286,,0.1662716420273477,0.019576803637757,water_per_shift_diff,0.0006497412603941,10 - 12日龄
"[-inf, -19.09)",41,0.050122249388753,40,1,0.024390243902439,1.947550838512773,0.09596467764671,0.0103993840091027,water_per_diff_前1天,0.0005133333981107,10 - 12日龄
"[-19.09, -12.29)",85,0.1039119804400978,76,9,0.1058823529411764,0.3921801473489487,0.0138929466179767,0.0017255740046079,water_per_diff_前1天,0.0005666376508416,10 - 12日龄
"[-12.29, 9.30)",637,0.7787286063569682,541,96,0.1507064364207221,-0.0122575282225178,0.000117505511272,0.0001338658958123,water_per_diff_前1天,0.0006510893969244,10 - 12日龄
"[9.30, inf)",55,0.0672371638141809,39,16,0.2909090909090909,-0.8503556917112979,0.0638728165834588,0.0077519202285353,water_per_diff_前1天,0.0008642461003178,10 - 12日龄
,818,1.0,696,122,0.1491442542787286,,0.1738479463594175,0.0200107441380582,water_per_diff_前1天,0.0006497412603941,10 - 12日龄
"[-inf, -0.02)",446,0.5667090216010165,376,70,0.1569506726457399,-0.054005534322028,0.0016842951217454,0.0002525004371142,water_per_diff_前2天,0.0006565131821419,10 - 12日龄
"[-0.02, 0.28)",41,0.0520965692503176,40,1,0.024390243902439,1.9537800184513725,0.1002604805394658,0.0103993840091027,water_per_diff_前2天,0.0004626882973688,10 - 12日龄
"[0.28, 2.84)",119,0.1512071156289707,106,13,0.1092436974789916,0.3633903009879667,0.0175430117942938,0.0020313489657811,water_per_diff_前2天,0.000560034357607,10 - 12日龄
"[2.84, 12.44)",136,0.1728081321473951,115,21,0.1544117647058823,-0.0346897450227366,0.0002104885595233,0.0007694088953604,water_per_diff_前2天,0.0006694703938875,10 - 12日龄
"[12.44, inf)",45,0.0571791613722998,32,13,0.2888888888888888,-0.8343128903243738,0.0520084838651952,0.0061840478550088,water_per_diff_前2天,0.0009393269233467,10 - 12日龄
,787,1.0,669,118,0.1499364675984752,,0.1717067598802236,0.0196366901623672,water_per_diff_前2天,0.0006502374499389,10 - 12日龄
"[-inf, -11.15)",49,0.0646437994722955,39,10,0.2040816326530612,-0.4231082813393457,0.0133916603089975,0.0012255673030076,water_per_diff_前3天,0.0006975451897196,10 - 12日龄
"[-11.15, -4.24)",119,0.1569920844327176,111,8,0.0672268907563025,0.8460038251575518,0.0826020047831273,0.0158280215233586,water_per_diff_前3天,0.0005386066231513,10 - 12日龄
"[-4.24, 3.16)",416,0.5488126649076517,371,45,0.1081730769230769,0.3254547383621691,0.0516837269866217,0.0075148270321886,water_per_diff_前3天,0.0005805669033047,10 - 12日龄
"[3.16, 11.08)",125,0.1649076517150395,95,30,0.24,-0.6314053245365608,0.0813567737684052,0.0079360680002976,water_per_diff_前3天,0.0007563442403479,10 - 12日龄
"[11.08, inf)",49,0.0646437994722955,33,16,0.3265306122448979,-1.0601659952482472,0.1017139510291041,0.0102121796206705,water_per_diff_前3天,0.0010807052997137,10 - 12日龄
,758,1.0,649,109,0.1437994722955145,,0.3307481168762559,0.0427166634795228,water_per_diff_前3天,0.000642859266432,10 - 12日龄
"[-inf, 0.10)",408,0.5811965811965812,373,35,0.0857843137254902,0.4493077459723409,0.0991120027880164,0.0192263508931227,water_per_diff_前5天,0.0005532872624722,10 - 12日龄
"[0.10, 0.52)",94,0.1339031339031339,83,11,0.1170212765957446,0.1040227228161663,0.0013937685083211,0.0010134199145695,water_per_diff_前5天,0.0005908990792341,10 - 12日龄
"[0.52, 4.24)",150,0.2136752136752136,122,28,0.1866666666666666,-0.4451060776240083,0.049747149852095,0.0018211380385256,water_per_diff_前5天,0.0007005728657097,10 - 12日龄
"[4.24, inf)",50,0.0712250712250712,34,16,0.32,-1.163150809805681,0.1421628767540277,0.0097654242247919,water_per_diff_前5天,0.0011067509102117,10 - 12日龄
,702,1.0,612,90,0.1282051282051282,,0.2924157979024603,0.0318263330710097,water_per_diff_前5天,0.0006292153730822,10 - 12日龄
"[-inf, -9.53)",124,0.1575603557814485,96,28,0.2258064516129032,-0.5029557543699315,0.0471724101917226,0.0057665520790037,water_per_shift_diff_前1天,0.0007905591186578,10 - 12日龄
"[-9.53, -6.98)",84,0.1067344345616264,71,13,0.1547619047619047,-0.037368916082785,0.0001510056019661,2.477201742544168e-05,water_per_shift_diff_前1天,0.0006466069348085,10 - 12日龄
"[-6.98, 0.07)",285,0.3621346886912325,256,29,0.1017543859649122,0.4427821788305247,0.0606159839707821,0.0070442048119308,water_per_shift_diff_前1天,0.0005633037766487,10 - 12日龄
"[0.07, 1.07)",46,0.0584498094027954,45,1,0.0217391304347826,2.0715630541077563,0.12178718722751,0.0124362430056267,water_per_shift_diff_前1天,0.0005051121467579,10 - 12日龄
"[1.07, 10.10)",196,0.2490470139771283,166,30,0.1530612244897959,-0.0243090289681757,0.0001484248177479,2.823106571730452e-05,water_per_shift_diff_前1天,0.0006643426251757,10 - 12日龄
"[10.10, inf)",52,0.0660736975857687,35,17,0.3269230769230769,-1.0129647182293662,0.0929404303683121,0.0108788858401551,water_per_shift_diff_前1天,0.0008731667352748,10 - 12日龄
,787,1.0,669,118,0.1499364675984752,,0.3228154421780411,0.036178888819859,water_per_shift_diff_前1天,0.0006502374499389,10 - 12日龄
"[-inf, -11.87)",54,0.0712401055408971,40,14,0.2592592592592592,-0.7342627099762686,0.0490539512778706,0.0048550779746829,water_per_shift_diff_前2天,0.0009229138292752,10 - 12日龄
"[-11.87, -0.41)",351,0.4630606860158311,295,56,0.1595441595441595,-0.1224611688702757,0.0072516622099996,0.00035026851561,water_per_shift_diff_前2天,0.0006444987478469,10 - 12日龄
"[-0.41, 1.16)",111,0.1464379947229551,103,8,0.072072072072072,0.7712026120748535,0.0657922246486724,0.0081612025855797,water_per_shift_diff_前2天,0.0005607062918689,10 - 12日龄
"[1.16, 2.68)",50,0.0659630606860158,49,1,0.02,2.1077354636356804,0.1397986287355085,0.0140986687271929,water_per_shift_diff_前2天,0.0004926026960139,10 - 12日龄
"[2.68, 6.37)",81,0.1068601583113456,72,9,0.1111111111111111,0.2953567072048895,0.0083795947379908,0.0012483645520587,water_per_shift_diff_前2天,0.0005537207093867,10 - 12日龄
"[6.37, inf)",111,0.1464379947229551,90,21,0.1891891891891892,-0.3287976018681043,0.0177503575229964,0.0015258668283452,water_per_shift_diff_前2天,0.0007163153695667,10 - 12日龄
,758,1.0,649,109,0.1437994722955145,,0.2880264191330386,0.0302394491834693,water_per_shift_diff_前2天,0.000642859266432,10 - 12日龄
"[-inf, -10.88)",53,0.0725034199726402,40,13,0.2452830188679245,-0.7182055799007223,0.047838637913197,0.0037291690492683,water_per_shift_diff_前3天,0.0007416366920062,10 - 12日龄
"[-10.88, 0.00)",335,0.4582763337893297,291,44,0.1313432835820895,0.0469979567001095,0.0009950755966932,0.0011040734947767,water_per_shift_diff_前3天,0.0006352663047665,10 - 12日龄
"[0.00, 0.08)",41,0.0560875512995896,40,1,0.024390243902439,1.8467437775608144,0.0986003135753151,0.0103993840091027,water_per_shift_diff_前3天,0.0003910345584574,10 - 12日龄
"[0.08, 5.65)",187,0.2558139534883721,164,23,0.1229946524064171,0.1222365353419268,0.0036554729348687,0.0013106651999654,water_per_shift_diff_前3天,0.0006108398473518,10 - 12日龄
"[5.65, inf)",115,0.1573187414500684,96,19,0.1652173913043478,-0.222226464251726,0.0084136136782468,0.0002700935202483,water_per_shift_diff_前3天,0.0007235532446433,10 - 12日龄
,731,1.0,631,100,0.1367989056087551,,0.159503113698321,0.0168133852733614,water_per_shift_diff_前3天,0.000636920722652,10 - 12日龄
"[-inf, -0.04)",286,0.4169096209912536,259,27,0.0944055944055944,0.3184088367325699,0.0374809161688687,0.0096878467369249,water_per_shift_diff_前5天,0.0005866888501906,10 - 12日龄
"[-0.04, -0.01)",51,0.0743440233236151,50,1,0.0196078431372549,1.969440646465508,0.1412195812388057,0.0145182552737509,water_per_shift_diff_前5天,0.0004559497334476,10 - 12日龄
"[-0.01, 0.16)",143,0.2084548104956268,127,16,0.1118881118881118,0.1290160052561713,0.0033054100571445,0.0021092564342359,water_per_shift_diff_前5天,0.0005817573883725,10 - 12日龄
"[0.16, 1.54)",126,0.1836734693877551,103,23,0.1825396825396825,-0.4433475866621524,0.0424617010326425,0.0012237051547714,water_per_shift_diff_前5天,0.0007140271337508,10 - 12日龄
"[1.54, inf)",80,0.1166180758017492,61,19,0.2375,-0.7761474739557678,0.0925661154016239,0.0048270617288262,water_per_shift_diff_前5天,0.0008122086992573,10 - 12日龄
,686,1.0,600,86,0.1253644314868804,,0.3170337238990856,0.0323661253285093,water_per_shift_diff_前5天,0.000625629546488,10 - 12日龄
"[-inf, 0.25)",459,0.7171875,396,63,0.1372549019607843,-0.0654451472677382,0.0031469049420558,0.0003932929327576,water_per_shift_diff_前7天,0.0006479441976546,10 - 12日龄
"[0.25, 1.74)",126,0.196875,107,19,0.1507936507936507,-0.1753347768352203,0.0064549715596362,0.0008058394863903,water_per_shift_diff_前7天,0.0006638315664898,10 - 12日龄
"[1.74, inf)",55,0.0859375,54,1,0.0181818181818181,2.085259414433588,0.1770379875332965,0.0188295665755116,water_per_shift_diff_前7天,0.0004359194314824,10 - 12日龄
,640,1.0,557,83,0.1296875,,0.1866398640349886,0.0200286989946596,water_per_shift_diff_前7天,0.0006328511450511,10 - 12日龄
"[-inf, -2.71)",45,0.0675675675675675,43,2,0.0444444444444444,1.132399286245493,0.0567033515940305,0.0067319384344491,water_per_diff_前7天,0.0004332114793829,10 - 12日龄
"[-2.71, -0.47)",80,0.1201201201201201,72,8,0.1,0.2615709284480952,0.0074477731222334,0.0009283266666547,water_per_diff_前7天,0.0005042492795726,10 - 12日龄
"[-0.47, 2.18)",492,0.7387387387387387,419,73,0.1483739837398374,-0.1882421701143776,0.0280699848660982,0.0035035767323812,water_per_diff_前7天,0.0006746370685926,10 - 12日龄
"[2.18, inf)",49,0.0735735735735735,48,1,0.0204081632653061,1.9355473620197667,0.1365905416251062,0.0148254661295497,water_per_diff_前7天,0.0005529799258006,10 - 12日龄
,666,1.0,582,84,0.1261261261261261,,0.2288116512074685,0.0259893079630348,water_per_diff_前7天,0.0006289067763511,10 - 12日龄
"[-inf, 0.83)",327,0.4510344827586207,260,67,0.2048929663608562,-0.118858746836774,0.0066107250280842,0.0008258545532589,water_per_shift_diff_前7天,0.0008196987287298,19 - 21日龄
"[0.83, 4.31)",121,0.1668965517241379,91,30,0.2479338842975206,-0.3651856336066408,0.0248271212301313,0.0030862597505793,water_per_shift_diff_前7天,0.0008014037952517,19 - 21日龄
"[4.31, 12.07)",186,0.256551724137931,155,31,0.1666666666666666,0.1345901539727647,0.0044525430724197,0.000556148182735,water_per_shift_diff_前7天,0.0007640839554082,19 - 21日龄
"[12.07, inf)",91,0.1255172413793103,84,7,0.0769230769230769,1.0100588913266648,0.0914315707026397,0.0109666162940902,water_per_shift_diff_前7天,0.0006966823779498,19 - 21日龄
,725,1.0,590,135,0.1862068965517241,,0.127321960033275,0.0154348787806636,water_per_shift_diff_前7天,0.0007869366284406,19 - 21日龄
"[-inf, -22.24)",41,0.0616541353383458,39,2,0.048780487804878,1.329980452766637,0.0684932416163149,0.0079816567800639,water_per_diff_前7天,0.0006322260415072,25 - 27日龄
"[-22.24, -6.53)",203,0.3052631578947368,176,27,0.1330049261083744,0.2342131162307583,0.0154530197872178,0.0019272245083228,water_per_diff_前7天,0.0006757420324455,25 - 27日龄
"[-6.53,  5.08)",245,0.3684210526315789,190,55,0.2244897959183673,-0.4007431258750492,0.0673834150911982,0.0083670139165809,water_per_diff_前7天,0.0008098194006828,25 - 27日龄
"[5.08, 13.61)",123,0.1849624060150376,104,19,0.1544715447154471,0.0595179071718677,0.0006421158613362,8.02526377899496e-05,water_per_diff_前7天,0.0008047528918624,25 - 27日龄
"[13.61, inf)",53,0.0796992481203007,48,5,0.0943396226415094,0.6213290856707263,0.0247783841432953,0.0030484189364358,water_per_diff_前7天,0.0006562530674328,25 - 27日龄
,665,1.0,557,108,0.162406015037594,,0.1767501764993626,0.0214045667791935,water_per_diff_前7天,0.0007447649198925,25 - 27日龄
"[-inf, -8.40)",146,0.2137628111273792,132,14,0.0958904109589041,0.593339242048789,0.0611695763102178,0.0075359742538021,water_per_diff_前2天,0.0006734947120562,25 - 27日龄
"[-8.40, 2.24)",166,0.2430453879941435,135,31,0.1867469879518072,-0.1791177769690401,0.0082781228670603,0.0010333843001824,water_per_diff_前2天,0.0007613520478009,25 - 27日龄
"[2.24, 8.08)",125,0.1830161054172767,91,34,0.272,-0.6659063690216347,0.1000708413037113,0.0122827433390423,water_per_diff_前2天,0.0009248917153094,25 - 27日龄
"[8.08, 19.98)",175,0.2562225475841874,149,26,0.1485714285714285,0.0954444170016537,0.0022592903405754,0.0002823041470279,water_per_diff_前2天,0.0007024480000162,25 - 27日龄
"[19.98, inf)",71,0.1039531478770131,66,5,0.0704225352112676,0.9298114786700018,0.0648345462280605,0.0078244407599668,water_per_diff_前2天,0.000627575675077,25 - 27日龄
,683,1.0,573,110,0.1610541727672035,,0.2366123770496254,0.0289588468000218,water_per_diff_前2天,0.0007435027895199,25 - 27日龄
"[-inf, -17.73)",39,0.0644628099173553,24,15,0.3846153846153846,-1.001087268534232,0.0840541652190408,0.0100889053906982,water_per_shift_diff_前3天,0.0011269876429701,28 - 30日龄
"[-17.73, -12.78)",50,0.0826446280991735,37,13,0.26,-0.4251223425972798,0.0169372974468122,0.0021013618432649,water_per_shift_diff_前3天,0.0008577782758298,28 - 30日龄
"[-12.78, -7.55)",93,0.1537190082644628,74,19,0.2043010752688172,-0.1114647837422382,0.0019768378439068,0.000246976887923,water_per_shift_diff_前3天,0.0008220554106282,28 - 30日龄
"[-7.55, -3.98)",98,0.1619834710743801,87,11,0.1122448979591836,0.5969219480762455,0.0474458250332565,0.0058442169778345,water_per_shift_diff_前3天,0.0007768894795195,28 - 30日龄
"[-3.98, inf)",325,0.5371900826446281,270,55,0.1692307692307692,0.1199978759859364,0.0074464470852486,0.0009302478236646,water_per_shift_diff_前3天,0.0007676116861109,28 - 30日龄
,605,1.0,492,113,0.1867768595041322,,0.1578605726282651,0.0192117089233854,water_per_shift_diff_前3天,0.0008081017389003,28 - 30日龄
"[-inf, -17.72)",130,0.2148760330578512,105,25,0.1923076923076923,-0.0360063724906449,0.0002817248009466,3.521369792595041e-05,water_per_diff_前2天,0.0008167145346521,28 - 30日龄
"[-17.72, -10.26)",87,0.1438016528925619,62,25,0.2873563218390804,-0.5628323376030767,0.0535944023899325,0.0066122522836127,water_per_diff_前2天,0.0009352340263207,28 - 30日龄
"[-10.26, 14.45)",323,0.5338842975206611,263,60,0.1857585139318885,0.0067185721756962,2.404841828483228e-05,3.006046631832136e-06,water_per_diff_前2天,0.0008036671414805,28 - 30日龄
"[14.45, 19.94)",31,0.0512396694214876,29,2,0.064516129032258,1.2030577516465613,0.0496188830945673,0.0058534524317238,water_per_diff_前2天,0.0007054087082353,28 - 30日龄
"[19.94, inf)",34,0.056198347107438,33,1,0.0294117647058823,2.0254166636865127,0.1179270764147284,0.0126461654057543,water_per_diff_前2天,0.0005856219290151,28 - 30日龄
,605,1.0,492,113,0.1867768595041322,,0.2214461351184597,0.0251500898656487,water_per_diff_前2天,0.0008081017389003,28 - 30日龄
"[-inf, 1.50)",273,0.4588235294117647,231,42,0.1538461538461538,0.2210795670933581,0.0208854923739554,0.0026053828235885,water_per_diff_前7天,0.0007664524283042,28 - 30日龄
"[1.50, 6.92)",103,0.173109243697479,74,29,0.2815533980582524,-0.546899261927371,0.0607381092206124,0.0074990381724547,water_per_diff_前7天,0.0010185671905097,28 - 30日龄
"[6.92, 23.64)",188,0.3159663865546218,150,38,0.202127659574468,-0.1106193907751969,0.0040017886447259,0.0004999686923376,water_per_diff_前7天,0.0007857014512205,28 - 30日龄
"[23.64, inf)",31,0.0521008403361344,30,1,0.032258064516129,1.9175288565170885,0.10117795184809,0.0110079516804156,water_per_diff_前7天,0.0005499378311546,28 - 30日龄
,595,1.0,485,110,0.1848739495798319,,0.1868033420873839,0.0216123413687965,water_per_diff_前7天,0.0008048972758736,28 - 30日龄
"[-inf, -19.04)",20,0.05934718100890208,19,1,0.05,1.0997571084840432,0.04789768371777956,0.005702630286583389,water_per_shift_diff_前5天,0.0006701205154564,34 - 35日龄
"[-19.04, -6.26)",51,0.1513353115727003,43,8,0.1568627450980392,-0.16292329666867092,0.004259909893473391,0.000531900584649682,water_per_shift_diff_前5天,0.0007567983918139,34 - 35日龄
"[-6.26, 0.04)",51,0.1513353115727003,41,10,0.19607843137254902,-0.43369489697213537,0.033176720043289004,0.004114891311333389,water_per_shift_diff_前5天,0.0007795422453754,34 - 35日龄
"[0.04,  3.00)",46,0.13649851632047477,32,14,0.30434782608695654,-1.0180032974979296,0.1978817107492614,0.023719582880519348,water_per_shift_diff_前5天,0.00089098495690445,34 - 35日龄
"[3.00, inf)",169,0.5014836795252225,156,13,0.07692307692307693,0.6402247791056028,0.1622801938970051,0.01994553110743682,water_per_shift_diff_前5天,0.0007323990938738,34 - 35日龄
,337,1.0,291,46,0.13649851632047477,,0.44549621830080843,0.054014536170522626,water_per_shift_diff_前5天,0.000761176669697505,34 - 35日龄
