Bin,Count,Count (%),Non-event,Event,Event rate,WoE,IV,JS,feature,MORTALITY_RATE,Age_interval
"[-inf, -18.26)",64,0.0595348837209302,58,6,0.09375,-0.2656158637992124,0.0047057662820408,0.0005864976942724,water_per_diff,0.0011507374446289,13 - 15日龄
"[-18.26, -3.55)",378,0.3516279069767442,362,16,0.0423280423280423,0.5847560844684131,0.0941002178529186,0.0183138227891056,water_per_diff,0.0010855838295322,13 - 15日龄
"[-3.55, 3.03)",223,0.2074418604651162,209,14,0.0627802690582959,0.1689775172319757,0.0055127508354237,0.0006882751908663,water_per_diff,0.0011111369906305,13 - 15日龄
"[3.03, inf)",410,0.3813953488372093,367,43,0.1048780487804878,-0.390137672756569,0.0685978687228297,0.0085207633558341,water_per_diff,0.0013178944376097,13 - 15日龄
,1075,1.0,996,79,0.0734883720930232,,0.1729166036932129,0.0281093590300785,water_per_diff,0.0011833657231162,13 - 15日龄
"[-inf, 7.28)",700,0.6511627906976745,648,52,0.0742857142857142,-0.0116524273467293,8.885486767370223e-05,0.0007211095357985,water_per_shift_diff,0.0011773276060465,13 - 15日龄
"[7.28, 8.16)",59,0.0548837209302325,58,1,0.0169491525423728,1.5261436054288426,0.0695535428939534,0.0079379090837763,water_per_shift_diff,0.0010506403831753,13 - 15日龄
"[8.16, inf)",316,0.293953488372093,290,26,0.0822784810126582,-0.1225150201585389,0.0046493550174545,0.0007596367590916,water_per_shift_diff,0.001221522295918,13 - 15日龄
,1075,1.0,996,79,0.0734883720930232,,0.0742917527790816,0.0094186553786665,water_per_shift_diff,0.0011833657231162,13 - 15日龄
"[-inf, -15.26)",144,0.133953488372093,135,9,0.0625,0.1737507959846332,0.0037561652174503,0.0004689309373162,water_per_diff_前1天,0.0011791410821124,13 - 15日龄
"[-15.26, -12.67)",76,0.0706976744186046,75,1,0.0131578947368421,1.783188708418734,0.1117042491967355,0.0123648620055338,water_per_diff_前1天,0.0009969543675265,13 - 15日龄
"[-12.67, -10.10)",77,0.0716279069767441,74,3,0.0389610389610389,0.6711533994184832,0.0243779728475678,0.002991311817861,water_per_diff_前1天,0.0009134880435102,13 - 15日龄
"[-10.10, 1.60)",480,0.4465116279069767,443,37,0.0770833333333333,-0.0516475477166656,0.0012176071503026,0.0001521839797439,water_per_diff_前1天,0.001164786878261,13 - 15日龄
"[1.60, 9.29)",190,0.1767441860465116,173,17,0.0894736842105263,-0.214221154676014,0.008889127014605,0.0011090211133992,water_per_diff_前1天,0.0013054874082565,13 - 15日龄
"[9.29, inf)",108,0.1004651162790697,96,12,0.1111111111111111,-0.4548578634377408,0.0252506119096137,0.003129395287703,water_per_diff_前1天,0.0013803186676807,13 - 15日龄
,1075,1.0,996,79,0.0734883720930232,,0.1751957333362752,0.0202157051415571,water_per_diff_前1天,0.0011833657231162,13 - 15日龄
"[-inf, -18.17)",100,0.0941619585687382,90,10,0.1,-0.3516116419821855,0.01353689754879,0.0015189571926999,water_per_diff_前2天,0.0012994287484161,13 - 15日龄
"[-18.17, -12.80)",162,0.1525423728813559,153,9,0.0555555555555555,0.284377124737811,0.0109333996405228,0.0014775054774069,water_per_diff_前2天,0.0010919203564425,13 - 15日龄
"[-12.80, -10.32)",96,0.0903954802259887,94,2,0.0208333333333333,1.3013113823916536,0.0903857652111441,0.0106046996768547,water_per_diff_前2天,0.00095638144031,13 - 15日龄
"[-10.32, -4.83)",249,0.2344632768361582,234,15,0.0602409638554216,0.1984346949370863,0.0084847216781722,0.0011974686351274,water_per_diff_前2天,0.0011037664623807,13 - 15日龄
"[-4.83, 2.20)",283,0.2664783427495292,259,24,0.0848056537102473,-0.1700619879668128,0.0082895269235059,0.0008498140594329,water_per_diff_前2天,0.001212052219043,13 - 15日龄
"[2.20, inf)",172,0.1619585687382297,155,17,0.0988372093023255,-0.3386244464553744,0.0214751610185292,0.002402625936404,water_per_diff_前2天,0.0014024956535863,13 - 15日龄
,1062,1.0,985,77,0.0725047080979284,,0.1531054720206645,0.0180510709779258,water_per_diff_前2天,0.0011842979947211,13 - 15日龄
"[-inf, -14.69)",150,0.1439539347408829,138,12,0.08,-0.1143633465477795,0.0019774096735045,0.0001533284846577,water_per_diff_前3天,0.0011552306905885,13 - 15日龄
"[-14.69, -9.34)",183,0.1756238003838771,169,14,0.0765027322404371,-0.0658689966091689,0.0007837979189757,4.0936813722128405e-05,water_per_diff_前3天,0.0011895007929068,13 - 15日龄
"[-9.34, -7.94)",76,0.072936660268714,75,1,0.0131578947368421,1.7607777316193265,0.1130879375923174,0.0123648620055338,water_per_diff_前3天,0.0010083296534466,13 - 15日龄
"[-7.94, 2.86)",484,0.4644913627639155,453,31,0.0640495867768595,0.1251945390809039,0.0069014514615022,0.0011505409979628,water_per_diff_前3天,0.001162275499574,13 - 15日龄
"[2.86, inf)",149,0.1429942418426103,132,17,0.1140939597315436,-0.5071218033868291,0.045723122679717,0.0049598007895434,water_per_diff_前3天,0.0013869040155264,13 - 15日龄
,1042,1.0,967,75,0.0719769673704414,,0.1684737193260169,0.0186694690914198,water_per_diff_前3天,0.0011869350695387,13 - 15日龄
"[-inf, -5.62)",358,0.3597989949748744,319,39,0.1089385474860335,-0.4493336588315986,0.0880939003388241,0.0093050989613709,water_per_diff_前5天,0.0012500275488831,13 - 15日龄
"[-5.62, -3.23)",84,0.0844221105527638,78,6,0.0714285714285714,0.0139862419747398,1.6415776965657168e-05,9.056269380415668e-06,water_per_diff_前5天,0.0011773044443322,13 - 15日龄
"[-3.23, -1.44)",87,0.0874371859296482,86,1,0.0114942528735632,1.903384180766711,0.1509108470034278,0.0153879386137382,water_per_diff_前5天,0.0010834730221011,13 - 15日龄
"[-1.44, 1.69)",225,0.2261306532663316,220,5,0.0222222222222222,1.2332265184314644,0.2083027517363848,0.0231345427390495,water_per_diff_前5天,0.0010517074415034,13 - 15日龄
"[1.69, 5.14)",136,0.1366834170854271,127,9,0.0661764705882353,0.0959993936355751,0.0012090931213581,0.0001912288436344,water_per_diff_前5天,0.0012520744293672,13 - 15日龄
"[5.14, inf)",105,0.1055276381909547,93,12,0.1142857142857142,-0.5032702721215413,0.0331696730452081,0.0035251346261572,water_per_diff_前5天,0.0013773042925421,13 - 15日龄
,995,1.0,923,72,0.0723618090452261,,0.4817026810221687,0.0515530000533306,water_per_diff_前5天,0.0011981897851215,13 - 15日龄
"[-inf, -4.23)",221,0.2278350515463917,197,24,0.1085972850678733,-0.4183540508961014,0.0476743480419833,0.0056433298828055,water_per_diff_前7天,0.0012372700362817,13 - 15日龄
"[-4.23, -1.33)",160,0.1649484536082474,156,4,0.025,1.140057696843502,0.1347135734330047,0.0142142949387269,water_per_diff_前7天,0.001019084049968,13 - 15日龄
"[-1.33, 0.10)",224,0.2309278350515464,214,10,0.0446428571428571,0.5398869727416615,0.0536747318235492,0.0057711773122062,water_per_diff_前7天,0.0011102933697778,13 - 15日龄
"[0.10, 0.93)",119,0.122680412371134,112,7,0.0588235294117647,0.249084772953637,0.0068496771577512,0.0007084923853043,water_per_diff_前7天,0.0012399959946899,13 - 15日龄
"[0.93, inf)",246,0.2536082474226804,219,27,0.1097560975609756,-0.4302690854739726,0.0564189140473945,0.0089403182765037,water_per_diff_前7天,0.001386188056661,13 - 15日龄
,970,1.0,898,72,0.0742268041237113,,0.2993312445036831,0.0352776127955466,water_per_diff_前7天,0.0012100594084021,13 - 15日龄
"[-inf, -0.25)",443,0.4171374764595104,418,25,0.0564334085778781,0.2677693883381505,0.0266939725126871,0.0036305144412479,water_per_shift_diff_前1天,0.0011196343574544,13 - 15日龄
"[-0.25, 0.73)",60,0.0564971751412429,59,1,0.0166666666666666,1.5287012245873144,0.071713612724394,0.008187896959477,water_per_shift_diff_前1天,0.0010013914693062,13 - 15日龄
"[0.73, 1.92)",56,0.0527306967984934,52,4,0.0714285714285714,0.0161131381431317,1.3596688524760038e-05,6.037512920268511e-06,water_per_shift_diff_前1天,0.001329945170913,13 - 15日龄
"[1.92, inf)",503,0.4736346516007533,456,47,0.0934393638170974,-0.2764910115140774,0.0407673410476884,0.004476624226421,water_per_shift_diff_前1天,0.001246850958871,13 - 15日龄
,1062,1.0,985,77,0.0725047080979284,,0.1391885229732943,0.0163010731400661,water_per_shift_diff_前1天,0.0011842979947211,13 - 15日龄
"[-inf, -0.61)",551,0.5287907869481766,507,44,0.0798548094373865,-0.1123890122440617,0.007009107237227,0.0022739222458716,water_per_shift_diff_前2天,0.0011999601959604,13 - 15日龄
"[-0.61, 0.89)",126,0.1209213051823416,124,2,0.0158730158730158,1.5704240031281078,0.159500078690681,0.0178933420725003,water_per_shift_diff_前2天,0.0010623368590491,13 - 15日龄
"[0.89, inf)",365,0.3502879078694818,336,29,0.0794520547945205,-0.1068950519402536,0.0041903155141832,0.0003139678386364,water_per_shift_diff_前2天,0.0012102844664248,13 - 15日龄
,1042,1.0,967,75,0.0719769673704414,,0.1706995014420913,0.0204812321570083,water_per_shift_diff_前2天,0.0011869350695388,13 - 15日龄
"[-inf, -6.60)",172,0.1689587426326129,165,7,0.0406976744186046,0.6139742519039363,0.0492367693421588,0.0059305729329378,water_per_shift_diff_前3天,0.0011165862678695,13 - 15日龄
"[-6.60, -5.43)",60,0.0589390962671905,59,1,0.0166666666666666,1.5314763709643886,0.0750216465506203,0.008187896959477,water_per_shift_diff_前3天,0.0012263972945237,13 - 15日龄
"[-5.43, -4.34)",57,0.055992141453831,55,2,0.0350877192982456,0.7681249317311946,0.0239929082832894,0.0028435536089514,water_per_shift_diff_前3天,0.0011096329562775,13 - 15日龄
"[-4.34, 2.40)",419,0.4115913555992141,383,36,0.0859188544152744,-0.181545022216795,0.0146626920428761,0.0015083702830387,water_per_shift_diff_前3天,0.001196890110703,13 - 15日龄
"[2.40, inf)",310,0.3045186640471513,282,28,0.0903225806451612,-0.2363585121784214,0.0188258526362909,0.0019974624548622,water_per_shift_diff_前3天,0.0012400012504291,13 - 15日龄
,1018,1.0,944,74,0.0726915520628683,,0.1817398688552357,0.0204678562392671,water_per_shift_diff_前3天,0.0011933036328785,13 - 15日龄
"[-inf, -1.66)",395,0.4022403258655804,354,41,0.1037974683544303,-0.3810536340653737,0.0687548238998908,0.0084378906765315,water_per_shift_diff_前5天,0.0012941477695919,13 - 15日龄
"[-1.66, -0.90)",54,0.054989816700611,53,1,0.0185185185185185,1.4335134330572814,0.0635804340119728,0.006712186845746,water_per_shift_diff_前5天,0.0010685232205709,13 - 15日龄
"[-0.90, 0.37)",114,0.1160896130346232,113,1,0.0087719298245614,2.1906093382175,0.2415955903229495,0.023157052595939,water_per_shift_diff_前5天,0.0010380410318138,13 - 15日龄
"[0.37, 4.18)",211,0.2148676171079429,201,10,0.0473933649289099,0.4639413345701895,0.0380386576512676,0.0043464788407228,water_per_shift_diff_前5天,0.0011117707847552,13 - 15日龄
"[4.18, inf)",208,0.2118126272912423,189,19,0.0913461538461538,-0.2394704446016384,0.0134574202842373,0.001499825547133,water_per_shift_diff_前5天,0.001252349316501,13 - 15日龄
,982,1.0,910,72,0.0733197556008146,,0.4254269261703182,0.0441534345060723,water_per_shift_diff_前5天,0.0012039690366008,13 - 15日龄
"[-inf, -3.72)",93,0.096875,81,12,0.1290322580645161,-0.6178748535881508,0.0481327437870203,0.0054234843586337,water_per_shift_diff_前7天,0.0012489333971386,13 - 15日龄
"[-3.72, -2.39)",65,0.0677083333333333,62,3,0.0461538461538461,0.5011047379043928,0.0137742473781923,0.0014845364100608,water_per_shift_diff_前7天,0.0010467408211565,13 - 15日龄
"[-2.39, 0.07)",289,0.3010416666666666,281,8,0.0276816608996539,1.031495769181321,0.2098159695261169,0.0223739939532456,water_per_shift_diff_前7天,0.0010825730426627,13 - 15日龄
"[0.07, 4.58)",388,0.4041666666666667,358,30,0.0773195876288659,-0.0480817537340442,0.0009537279689954,0.0001395154966898,water_per_shift_diff_前7天,0.0012655488217205,13 - 15日龄
"[4.58, inf)",125,0.1302083333333333,107,18,0.144,-0.7449602819068476,0.0991997840496055,0.011057721449624,water_per_shift_diff_前7天,0.0014001159956748,13 - 15日龄
,960,1.0,889,71,0.0739583333333333,,0.3718764727099306,0.0404792516682539,water_per_shift_diff_前7天,0.0012115625113807,13 - 15日龄
"[-inf, 5.26)",722,0.6395039858281665,643,79,0.1094182825484764,0.0399723563749945,0.001006109900329,0.0001257553655454,water_per_diff,0.0013159519521646,16 - 18日龄
"[5.26, 7.05)",58,0.0513728963684676,53,5,0.0862068965517241,0.3041294857224179,0.0042227019472728,0.0005258128459155,water_per_diff,0.0012578941072287,16 - 18日龄
"[7.05, 8.99)",66,0.0584588131089459,65,1,0.0151515151515151,2.1176627545000337,0.1209663282044966,0.0128079241629802,water_per_diff,0.0011757497642844,16 - 18日龄
"[8.99, 15.66)",143,0.1266607617360496,127,16,0.1118881118881118,0.0148738488232066,2.7860605937575005e-05,3.4825436402449272e-06,water_per_diff,0.0013763273666153,16 - 18日龄
"[15.66, inf)",140,0.1240035429583702,113,27,0.1928571428571428,-0.6251735626875919,0.0612985098342611,0.0075399208922125,water_per_diff,0.0015230218836357,16 - 18日龄
,1129,1.0,1001,128,0.1133746678476528,,0.1875215104922973,0.0210028958102938,water_per_diff,0.0013380979001415,16 - 18日龄
"[-inf, -16.87)",62,0.0549158547387068,51,11,0.1774193548387097,-0.522794155469648,0.0182917566727837,0.0022607818094769,water_per_shift_diff,0.0014401527715378,16 - 18日龄
"[-16.87, -7.65)",312,0.2763507528786537,286,26,0.0833333333333333,0.341170757402767,0.0281770491604963,0.003505147977186,water_per_shift_diff,0.0012956227936529,16 - 18日龄
"[-7.65, -6.23)",65,0.0575730735163861,64,1,0.0153846153846153,2.1021585679640684,0.117980630792876,0.0125188605674581,water_per_shift_diff,0.001079912040753,16 - 18日龄
"[-6.23, -3.92)",112,0.0992028343666961,103,9,0.0803571428571428,0.3807798954978129,0.0124075616859965,0.0015416427530696,water_per_shift_diff,0.0012590076768896,16 - 18日龄
"[-3.92, 3.19)",424,0.3755535872453499,372,52,0.1226415094339622,-0.0890743797038841,0.0030839000715411,0.0003853601197952,water_per_shift_diff,0.0013556175356423,16 - 18日龄
"[3.19, inf)",154,0.1364038972542072,125,29,0.1883116883116883,-0.5957066080797764,0.0605758413201751,0.007461969666315,water_per_shift_diff,0.0015013231703371,16 - 18日龄
,1129,1.0,1001,128,0.1133746678476528,,0.240516739703869,0.0276737628933008,water_per_shift_diff,0.0013380979001416,16 - 18日龄
"[-inf, -7.26)",132,0.1169176262178919,112,20,0.1515151515151515,-0.3339579176544999,0.014815003777068,0.0018433175189257,water_per_diff_前1天,0.0014930088146518,16 - 18日龄
"[-7.26, -0.39)",214,0.1895482728077945,195,19,0.0887850467289719,0.2718360640017029,0.0126044116526763,0.0015707182621503,water_per_diff_前1天,0.0012253561730602,16 - 18日龄
"[-0.39, 1.25)",57,0.0504871567759078,56,1,0.0175438596491228,1.968627175339546,0.0947530890228441,0.0102392656221605,water_per_diff_前1天,0.001161304024564,16 - 18日龄
"[1.25, 10.65)",381,0.337466784765279,347,34,0.0892388451443569,0.2662397399350942,0.0215729659403576,0.0026886844388319,water_per_diff_前1天,0.0012464729850386,16 - 18日龄
"[10.65, 15.13)",145,0.1284322409211691,127,18,0.1241379310344827,-0.1029091868331767,0.0014151940809195,0.0001768212424097,water_per_diff_前1天,0.0014078291424778,16 - 18日龄
"[15.13, inf)",200,0.1771479185119575,164,36,0.18,-0.540377026027515,0.0634477396006956,0.007835858796427,water_per_diff_前1天,0.001530866911659,16 - 18日龄
,1129,1.0,1001,128,0.1133746678476528,,0.2086084040745615,0.024354665880905,water_per_diff_前1天,0.0013380979001415,16 - 18日龄
"[-inf, -12.35)",57,0.0511210762331838,48,9,0.1578947368421052,-0.3775191777176049,0.0084123148721542,0.0010633198968672,water_per_diff_前2天,0.0014371492956446,16 - 18日龄
"[-12.35, -4.58)",182,0.1632286995515695,161,21,0.1153846153846153,-0.0146136840282365,3.5056256913666486e-05,7.99479276641544e-06,water_per_diff_前2天,0.0013676347603884,16 - 18日龄
"[-4.58, -0.25)",148,0.1327354260089686,136,12,0.081081081081081,0.3762526246587752,0.0162404301631541,0.0019420415350846,water_per_diff_前2天,0.0012407368443946,16 - 18日龄
"[-0.25, 1.36)",59,0.052914798206278,58,1,0.0169491525423728,2.008947399257143,0.102115675606985,0.0108032694150173,water_per_diff_前2天,0.0011304530098454,16 - 18日龄
"[1.36, 7.42)",256,0.2295964125560538,231,25,0.09765625,0.1720462743643162,0.006358017264077,0.0007384937369515,water_per_diff_前2天,0.0012597016278469,16 - 18日龄
"[7.42, inf)",413,0.3704035874439462,354,59,0.1428571428571428,-0.2597361420612215,0.0276014673582543,0.003543191702969,water_per_diff_前2天,0.0014209808095171,16 - 18日龄
,1115,1.0,988,127,0.1139013452914798,,0.1607629615215385,0.018098311079656,water_per_diff_前2天,0.001336772652783,16 - 18日龄
"[-inf, -17.69)",62,0.0564663023679417,48,14,0.2258064516129032,-0.8199266635910717,0.0513831944903691,0.0061575462264232,water_per_diff_前3天,0.0016290067894452,16 - 18日龄
"[-17.69, -12.45)",98,0.0892531876138433,89,9,0.0918367346938775,0.2393414475122165,0.0046599017283365,0.0005443578373531,water_per_diff_前3天,0.0012409476963856,16 - 18日龄
"[-12.45, -10.23)",58,0.052823315118397,56,2,0.0344827586206896,1.2801341652915,0.0531946398469331,0.0060251482775933,water_per_diff_前3天,0.0010968902834894,16 - 18日龄
"[-10.23, -6.15)",128,0.116575591985428,118,10,0.078125,0.4160291865879151,0.0171713588215525,0.0020300910833393,water_per_diff_前3天,0.0013400603986931,16 - 18日龄
"[-6.15, 7.57)",472,0.4298724954462659,421,51,0.1080508474576271,0.0587368560743516,0.0014497680734651,0.0001496685760361,water_per_diff_前3天,0.0013035790849384,16 - 18日龄
"[7.57, inf)",280,0.2550091074681239,241,39,0.1392857142857143,-0.2308350575226954,0.0148455648093938,0.0018774659202451,water_per_diff_前3天,0.0014061864091133,16 - 18日龄
,1098,1.0,973,125,0.1138433515482695,,0.1427044277700504,0.0167842779209901,water_per_diff_前3天,0.0013358653782414,16 - 18日龄
"[-inf, -12.19)",278,0.2593283582089552,243,35,0.1258992805755395,-0.1147275580101952,0.0035675420109468,0.0004561423623829,water_per_diff_前5天,0.001364923414555,16 - 18日龄
"[-12.19, -3.03)",409,0.3815298507462686,372,37,0.0904645476772616,0.255535001767592,0.0225638067997371,0.0025862999442941,water_per_diff_前5天,0.0012373230549307,16 - 18日龄
"[-3.03, -1.01)",76,0.0708955223880597,73,3,0.0394736842105263,1.1394062126189517,0.0595361865713578,0.0066678210184898,water_per_diff_前5天,0.001195687307804,16 - 18日龄
"[-1.01, 7.75)",239,0.2229477611940298,203,36,0.1506276150627615,-0.3227538992756525,0.0262714433629551,0.0031929093586735,water_per_diff_前5天,0.0014575737189443,16 - 18日龄
"[7.75, inf)",70,0.0652985074626865,59,11,0.1571428571428571,-0.372798768753981,0.0104602381017079,0.0012649993518869,water_per_diff_前5天,0.0015278077125282,16 - 18日龄
,1072,1.0,950,122,0.1138059701492537,,0.1223992168467049,0.0141681720357271,water_per_diff_前5天,0.0013355342656816,16 - 18日龄
"[-inf, 2.95)",884,0.859086491739553,780,104,0.1176470588235294,-0.0385630347343104,0.001296710232294,0.0001739606675974,water_per_diff_前7天,0.0013457825280564,16 - 18日龄
"[2.95, 5.15)",59,0.0573372206025267,58,1,0.0169491525423728,2.006976955269844,0.110483043140417,0.0108032694150173,water_per_diff_前7天,0.0012118420830817,16 - 18日龄
"[5.15, inf)",86,0.0835762876579203,74,12,0.1395348837209302,-0.2343076118604057,0.0050197480948501,0.0005873060891672,water_per_diff_前7天,0.0013863816136284,16 - 18日龄
,1029,1.0,912,117,0.1137026239067055,,0.1167995014675612,0.0115645361717819,water_per_diff_前7天,0.0013414958760696,16 - 18日龄
"[-inf, 2.22)",438,0.4036866359447004,378,60,0.136986301369863,-0.2071432099677686,0.018752819216645,0.0027128865821218,water_per_shift_diff_前3天,0.0013750071613774,16 - 18日龄
"[2.22, 4.37)",127,0.1170506912442396,116,11,0.0866141732283464,0.3080020749427384,0.0098554253948899,0.0011149944833249,water_per_shift_diff_前3天,0.0013296935276353,16 - 18日龄
"[4.37, 7.22)",137,0.1262672811059907,129,8,0.0583941605839416,0.7326780193165805,0.0510816100876284,0.0065851987103287,water_per_shift_diff_前3天,0.0012408054119585,16 - 18日龄
"[7.22, inf)",383,0.3529953917050691,338,45,0.1174934725848564,-0.0313094376525567,0.0003502356449167,7.008874413276913e-05,water_per_shift_diff_前3天,0.0013283559052419,16 - 18日龄
,1085,1.0,961,124,0.1142857142857142,,0.08004009034408,0.0104831685199081,water_per_shift_diff_前3天,0.0013362902007732,16 - 18日龄
"[-inf, -1.69)",495,0.4905847373637265,425,70,0.1414141414141414,-0.2374024628950765,0.0302746122605317,0.005593879443023,water_per_shift_diff_前7天,0.0013937188628714,16 - 18日龄
"[-1.69, 0.01)",110,0.1090188305252725,106,4,0.0363636363636363,1.236148343222042,0.1041062492399611,0.0107292305793203,water_per_shift_diff_前7天,0.0012614311870137,16 - 18日龄
"[0.01, 8.97)",343,0.3399405351833499,309,34,0.0991253644314868,0.1659843625114497,0.0087840896174051,0.0008081126318375,water_per_shift_diff_前7天,0.0012971476358926,16 - 18日龄
"[8.97, inf)",61,0.0604558969276511,53,8,0.1311475409836065,-0.1501460178978484,0.001443655962334,0.0001978465992324,water_per_shift_diff_前7天,0.0013597332368253,16 - 18日龄
,1009,1.0,893,116,0.1149653121902874,,0.1446086070802321,0.0173290692534133,water_per_shift_diff_前7天,0.0013444139090687,16 - 18日龄
"[-inf, -0.18)",752,0.6351351351351351,705,47,0.0625,-0.0591669773356602,0.002282306589198,0.0002852467176931,water_per_diff,0.0011810885865688,19 - 21日龄
"[-0.18, 2.99)",110,0.0929054054054054,104,6,0.0545454545454545,0.0854142514754473,0.0006528198753445,8.157768768714702e-05,water_per_diff,0.0010896833518952,19 - 21日龄
"[2.99, 5.97)",89,0.0751689189189189,86,3,0.0337078651685393,0.5885178291475277,0.0202109610984493,0.0024905310203202,water_per_diff,0.0012162436541287,19 - 21日龄
"[5.97, 11.90)",114,0.0962837837837837,113,1,0.0087719298245614,1.9601706402744703,0.1708299521839612,0.0184812042152506,water_per_diff,0.0010989735928214,19 - 21日龄
"[11.90, inf)",119,0.1005067567567567,106,13,0.1092436974789916,-0.6687274417873401,0.0605610822506052,0.0074321599122988,water_per_diff,0.0013088339409141,19 - 21日龄
,1184,1.0,1114,70,0.0591216216216216,,0.2545371219975584,0.0287707195532498,water_per_diff,0.0011801720435608,19 - 21日龄
"[-inf, -8.70)",77,0.0650337837837837,71,6,0.0779220779220779,-0.2962967706246098,0.0065126014984685,0.0008111103183651,water_per_shift_diff,0.0012477312154721,19 - 21日龄
"[-8.70, 2.08)",491,0.4146959459459459,464,27,0.054989816700611,0.0768305077840558,0.0023665924557232,0.000295751318942,water_per_shift_diff,0.0012018917256656,19 - 21日龄
"[2.08, 3.21)",88,0.0743243243243243,87,1,0.0113636363636363,1.6986909402167134,0.1083955644847187,0.0121242789158011,water_per_shift_diff,0.0010538784040981,19 - 21日龄
"[3.21, 4.55)",94,0.0793918918918918,91,3,0.0319148936170212,0.64503003941087,0.0250468191758927,0.0030776805257725,water_per_shift_diff,0.001115363876077,19 - 21日龄
"[4.55, 12.63)",345,0.2913851351351351,321,24,0.0695652173913043,-0.1738298856558,0.0095095959503416,0.0011872051375553,water_per_shift_diff,0.0011678455960481,19 - 21日龄
"[12.63, inf)",89,0.0751689189189189,80,9,0.1011235955056179,-0.5824151211002081,0.0330568007949412,0.004074671345774,water_per_shift_diff,0.0012430036419602,19 - 21日龄
,1184,1.0,1114,70,0.0591216216216216,,0.1848879743600862,0.02157069756221,water_per_shift_diff,0.0011801720435608,19 - 21日龄
"[-inf, -18.14)",171,0.1444256756756756,158,13,0.0760233918128654,-0.2695715028724403,0.0118296189129198,0.0014742412558006,water_per_diff_前1天,0.001292701175597,19 - 21日龄
"[-18.14, -16.33)",60,0.0506756756756756,56,4,0.0666666666666666,-0.1281598488226116,0.0008809140673111,0.0001100389610462,water_per_diff_前1天,0.0011273351538599,19 - 21日龄
"[-16.33, -10.99)",198,0.1672297297297297,189,9,0.0454545454545454,0.2773052592855527,0.0113937682835459,0.0014196751739458,water_per_diff_前1天,0.001084444154137,19 - 21日龄
"[-10.99, -8.30)",104,0.0878378378378378,103,1,0.0096153846153846,1.8675118097917656,0.1459906641765914,0.0159874772688684,water_per_diff_前1天,0.0010528586737369,19 - 21日龄
"[-8.30, inf)",651,0.549831081081081,608,43,0.0660522273425499,-0.1182424121652657,0.00810016627067,0.0010119313490125,water_per_diff_前1天,0.0012049377031177,19 - 21日龄
,1184,1.0,1114,70,0.0591216216216216,,0.1781951317110383,0.0200033640086735,water_per_diff_前1天,0.0011801720435608,19 - 21日龄
"[-inf, -17.51)",144,0.1227621483375959,133,11,0.0763888888888889,-0.2648399217807602,0.0096832417975273,0.0012925883028427,water_per_diff_前2天,0.0011795720375494,19 - 21日龄
"[-17.51, -15.21)",60,0.0511508951406649,57,3,0.05,0.1871452019622971,0.0016506395873115,0.0001838446999724,water_per_diff_前2天,0.0011271277460989,19 - 21日龄
"[-15.21, -8.44)",222,0.1892583120204603,215,7,0.0315315315315315,0.667434101868206,0.0633548054991851,0.0096672824547631,water_per_diff_前2天,0.0010583106081221,19 - 21日龄
"[-8.44, 14.31)",641,0.546462063086104,602,39,0.0608424336973478,-0.0205979780249688,0.0002339648585403,6.389358520014505e-05,water_per_diff_前2天,0.0012035378427547,19 - 21日龄
"[14.31, inf)",106,0.0903665814151747,96,10,0.0943396226415094,-0.4955306787303529,0.0276614068815933,0.0035435757764107,water_per_diff_前2天,0.0013328717258122,19 - 21日龄
,1173,1.0,1103,70,0.0596760443307757,,0.1025840586241576,0.0147511848191891,water_per_diff_前2天,0.0011808893037664,19 - 21日龄
"[-inf, 3.57)",680,0.5831903945111492,637,43,0.063235294117647,-0.0553576855800008,0.0018313061261997,0.0008992062028639,water_per_diff_前3天,0.0011622603292838,19 - 21日龄
"[3.57, 7.74)",152,0.1303602058319039,146,6,0.0394736842105263,0.4409199270216795,0.0209425471072341,0.0023889325744303,water_per_diff_前3天,0.0011076300819171,19 - 21日龄
"[7.74, 10.26)",78,0.0668953687821612,77,1,0.0128205128205128,1.592878196395082,0.0891530106272221,0.0098101471764391,water_per_diff_前3天,0.0010262395537895,19 - 21日龄
"[10.26, 14.31)",98,0.0840480274442538,95,3,0.0306122448979591,0.7043373774738293,0.0308652536896117,0.0035781629730973,water_per_diff_前3天,0.0012483157781584,19 - 21日龄
"[14.31, inf)",158,0.1355060034305317,141,17,0.1075949367088607,-0.6353806791366496,0.0725652438815866,0.0093084055068277,water_per_diff_前3天,0.0013804046146121,19 - 21日龄
,1166,1.0,1096,70,0.0600343053173241,,0.2153573614318543,0.0259848544336583,water_per_diff_前3天,0.0011828322100584,19 - 21日龄
"[-inf, 3.64)",589,0.5166666666666667,556,33,0.0560271646859083,0.0347701997417177,0.0006151152654493,0.0005253290618722,water_per_diff_前5天,0.0011761458843875,19 - 21日龄
"[3.64, 6.23)",97,0.0850877192982456,94,3,0.0309278350515463,0.6551919605595098,0.0275630950057623,0.0034506007871732,water_per_diff_前5天,0.0010955653955368,19 - 21日龄
"[6.23, 9.82)",130,0.1140350877192982,129,1,0.0076923076923076,2.070321871319288,0.2173014322359841,0.0225704160740119,water_per_diff_前5天,0.0009972664020899,19 - 21日龄
"[9.82, 19.11)",226,0.1982456140350877,212,14,0.0619469026548672,-0.0719615879856305,0.0010598710267055,6.020845186211757e-05,water_per_diff_前5天,0.001222172380148,19 - 21日龄
"[19.11, inf)",98,0.0859649122807017,83,15,0.1530612244897959,-1.0787001263479965,0.1617958882587311,0.0176452081830138,water_per_diff_前5天,0.0014166043090789,19 - 21日龄
,1140,1.0,1074,66,0.0578947368421052,,0.4083354017926326,0.0442517625579332,water_per_diff_前5天,0.0011786864752159,19 - 21日龄
"[-inf, -14.62)",169,0.1522522522522522,163,6,0.0355029585798816,0.508145170313511,0.0315465363262271,0.0040036680900201,water_per_diff_前7天,0.0011422352613347,19 - 21日龄
"[-14.62, -10.74)",124,0.1117117117117117,119,5,0.0403225806451612,0.3758400194122327,0.0133955886459964,0.0017686841003729,water_per_diff_前7天,0.0010619846401253,19 - 21日龄
"[-10.74, 11.02)",739,0.6657657657657657,697,42,0.0568335588633288,0.0152702312119591,0.0001541986779888,0.0001344493625274,water_per_diff_前7天,0.0011944752951686,19 - 21日龄
"[11.02, inf)",78,0.0702702702702702,67,11,0.141025641025641,-0.9870482146726008,0.1064249822763329,0.0112171126287733,water_per_diff_前7天,0.001301751418076,19 - 21日龄
,1110,1.0,1046,64,0.0576576576576576,,0.1515213059265454,0.0171239141816937,water_per_diff_前7天,0.0011792591966492,19 - 21日龄
"[-inf, -2.71)",586,0.4995737425404944,548,38,0.0648464163822525,-0.0886046499825136,0.0040784992363405,0.0006270761692222,water_per_shift_diff_前1天,0.0012339853896335,19 - 21日龄
"[-2.71, -1.06)",60,0.0511508951406649,57,3,0.05,0.1871452019622971,0.0016506395873115,0.0001838446999724,water_per_shift_diff_前1天,0.0011264261377351,19 - 21日龄
"[-1.06, 0.55)",88,0.0750213128729752,87,1,0.0113636363636363,1.7086143414504402,0.1103595353038899,0.0121242789158011,water_per_shift_diff_前1天,0.0010380399339941,19 - 21日龄
"[0.55, 9.32)",330,0.2813299232736573,312,18,0.0545454545454545,0.0953376527091744,0.0024522805113381,0.0018598332763251,water_per_shift_diff_前1天,0.0011274503414955,19 - 21日龄
"[9.32, inf)",109,0.092924126172208,99,10,0.091743119266055,-0.4647590200635991,0.0246796008581887,0.0031736660062221,water_per_shift_diff_前1天,0.0012025322921434,19 - 21日龄
,1173,1.0,1103,70,0.0596760443307757,,0.143220555497069,0.017968699067543,water_per_shift_diff_前1天,0.0011808893037663,19 - 21日龄
"[-inf, -17.00)",60,0.0514579759862778,52,8,0.1333333333333333,-0.8791250485570105,0.0587611215980233,0.0073239748810403,water_per_shift_diff_前2天,0.0013832993468937,19 - 21日龄
"[-17.00, -14.16)",60,0.0514579759862778,55,5,0.0833333333333333,-0.3530319526602313,0.0075005485249762,0.0010125158872036,water_per_shift_diff_前2天,0.0012290757079724,19 - 21日龄
"[-14.16, -3.39)",453,0.3885077186963979,428,25,0.0551876379690949,0.0893201452549942,0.0029804428030863,0.0002469534997747,water_per_shift_diff_前2天,0.0011712540520067,19 - 21日龄
"[-3.39, -1.94)",71,0.0608919382504288,70,1,0.0140845070422535,1.4975680165907572,0.0742537634920652,0.0082485646063957,water_per_shift_diff_前2天,0.0010843244207478,19 - 21日龄
"[-1.94, 4.55)",386,0.3310463121783876,367,19,0.0492227979274611,0.2099956434295279,0.0133190667482805,0.0014025343874268,water_per_shift_diff_前2天,0.001149769797966,19 - 21日龄
"[4.55, inf)",136,0.1166380789022298,124,12,0.088235294117647,-0.4155523096415653,0.0242224964639869,0.0032202021712463,water_per_shift_diff_前2天,0.0012578205308034,19 - 21日龄
,1166,1.0,1096,70,0.0600343053173241,,0.1810374396304186,0.0214547454330874,water_per_shift_diff_前2天,0.0011828322100585,19 - 21日龄
"[-inf, -14.40)",110,0.095320623916811,99,11,0.1,-0.558004184041081,0.0380425212762395,0.0047996540184835,water_per_shift_diff_前3天,0.0011694082217573,19 - 21日龄
"[-14.40, -11.67)",92,0.0797227036395147,91,1,0.0108695652173913,1.7556307451395494,0.1218025257497471,0.013073320669682,water_per_shift_diff_前3天,0.0010536167403973,19 - 21日龄
"[-11.67, -2.16)",437,0.378682842287695,414,23,0.0526315789473684,0.1351429965188641,0.0065184179580527,0.0006624966765065,water_per_shift_diff_前3天,0.0011508980866481,19 - 21日龄
"[-2.16, 4.81)",406,0.3518197573656845,383,23,0.0566502463054187,0.0573120118741958,0.001126872122872,8.630389589314854e-05,water_per_shift_diff_前3天,0.0012037774675465,19 - 21日龄
"[4.81, inf)",109,0.0944540727902946,98,11,0.1009174311926605,-0.5681565555050992,0.0392583164579961,0.0049470106346929,water_per_shift_diff_前3天,0.0013518996689328,19 - 21日龄
,1154,1.0,1085,69,0.059792027729636,,0.2067486535649076,0.023568785895258,water_per_shift_diff_前3天,0.00118249638138,19 - 21日龄
"[-inf, 2.51)",451,0.4019607843137255,420,31,0.0687361419068736,-0.1825352091823329,0.0145247069150689,0.0013231355322338,water_per_shift_diff_前5天,0.0011559114882024,19 - 21日龄
"[2.51, 3.74)",77,0.0686274509803921,76,1,0.0129870129870129,1.5419306243117306,0.0871452822094818,0.0095838661592251,water_per_shift_diff_前5天,0.0010943636642992,19 - 21日龄
"[3.74, 5.41)",86,0.0766488413547237,82,4,0.0465116279069767,0.2316221701697619,0.0037151245400928,0.0005197693991625,water_per_shift_diff_前5天,0.0011648315948261,19 - 21日龄
"[5.41, inf)",508,0.4527629233511586,479,29,0.0570866141732283,0.0156020514498405,0.0001094562084102,7.295939071962814e-05,water_per_shift_diff_前5天,0.0012136141555344,19 - 21日龄
,1122,1.0,1057,65,0.0579322638146167,,0.1054945698730538,0.011499730481341,water_per_shift_diff_前5天,0.0011784969621183,19 - 21日龄
"[-inf, -22.49)",121,0.096414342629482,110,11,0.0909090909090909,-0.7427724178467988,0.0751409053464207,0.00918248186746,water_per_diff,0.0012973866195983,22 - 24日龄
"[-22.49, -3.72)",404,0.3219123505976096,385,19,0.047029702970297,-0.0365531557195007,0.0004373360311459,5.4663960663262415e-05,water_per_diff,0.0010925584220292,22 - 24日龄
"[-3.72, 0.90)",156,0.1243027888446215,155,1,0.0064102564102564,1.9980676060784024,0.2234607724514652,0.0240523599015184,water_per_diff,0.0009295705941439,22 - 24日龄
"[0.90, 5.75)",127,0.1011952191235059,126,1,0.0078740157480314,1.7909243961106336,0.1569412703383714,0.0173554109914825,water_per_diff,0.0009706003712458,22 - 24日龄
"[5.75, 18.41)",323,0.2573705179282868,310,13,0.0402476780185758,0.1262654291768108,0.0038756456602319,0.0004841341447936,water_per_diff,0.00109686770991,22 - 24日龄
"[18.41, inf)",124,0.098804780876494,112,12,0.0967741935483871,-0.8117652893337501,0.0950067099018148,0.0115601446437682,water_per_diff,0.0012259223282851,22 - 24日龄
,1255,1.0,1198,57,0.045418326693227,,0.5548626397294503,0.0626891955096859,water_per_diff,0.0010939914600112,22 - 24日龄
"[-inf, -15.87)",63,0.050199203187251,58,5,0.0793650793650793,-0.5943524127285253,0.0233611849539197,0.0028779117016829,water_per_shift_diff,0.0012339574962751,22 - 24日龄
"[-15.87, -11.07)",73,0.0581673306772908,69,4,0.0547945205479452,-0.1975453673634757,0.0024850111379378,0.0003101222949624,water_per_shift_diff,0.0012647769443822,22 - 24日龄
"[-11.07, 1.39)",608,0.4844621513944223,575,33,0.0542763157894736,-0.1874950315099743,0.0185584002280982,0.0023164080254719,water_per_shift_diff,0.0011038950258347,22 - 24日龄
"[1.39, 5.28)",239,0.1904382470119522,229,10,0.0418410041841004,0.0857793997193496,0.001347879446722,0.0001684332944253,water_per_shift_diff,0.0011366637673715,22 - 24日龄
"[5.28, 7.04)",78,0.0621513944223107,77,1,0.0128205128205128,1.2984479110128395,0.0606763799906565,0.007092963414572,water_per_shift_diff,0.0008870655977747,22 - 24日龄
"[7.04, inf)",194,0.1545816733067729,190,4,0.0206185567010309,0.8153722001997512,0.0720970234719576,0.0087704942188822,water_per_shift_diff,0.0009838624246042,22 - 24日龄
,1255,1.0,1198,57,0.045418326693227,,0.178525879229292,0.0215363329499967,water_per_shift_diff,0.0010939914600112,22 - 24日龄
"[-inf, -23.67)",63,0.050199203187251,57,6,0.0952380952380952,-0.7940657122343493,0.0458047746315657,0.0055797589764605,water_per_diff_前1天,0.0013535863592366,22 - 24日龄
"[-23.67, -11.37)",229,0.1824701195219123,219,10,0.0436681222707423,0.0411291259816106,0.0003029603486622,3.786737459373214e-05,water_per_diff_前1天,0.0010667700219377,22 - 24日龄
"[-11.37, -7.70)",100,0.0796812749003984,99,1,0.01,1.5497623392937454,0.1008800280901019,0.0114825029218257,water_per_diff_前1天,0.0009469092062908,22 - 24日龄
"[-7.70, 18.39)",753,0.6,725,28,0.0371845949535192,0.2086096338386264,0.0237704882537907,0.0029659350004436,water_per_diff_前1天,0.0010687412536634,22 - 24日龄
"[18.39, inf)",110,0.0876494023904382,98,12,0.109090909090909,-0.9452966819582728,0.1216817185720823,0.0146680482770534,water_per_diff_前1天,0.0013085447456446,22 - 24日龄
,1255,1.0,1198,57,0.045418326693227,,0.292439969896203,0.0347341125503769,water_per_diff_前1天,0.0010939914600112,22 - 24日龄
"[-inf, -22.21)",68,0.0544435548438751,66,2,0.0294117647058823,0.4561709816757354,0.0092517898968144,0.0011186355658977,water_per_diff_前2天,0.0010604656948257,22 - 24日龄
"[-22.21, 17.18)",1081,0.8654923939151321,1036,45,0.0416281221091581,0.0961233532583636,0.0076565934863161,0.0009060590954761,water_per_diff_前2天,0.0010807032061404,22 - 24日龄
"[17.18, inf)",100,0.0800640512409927,90,10,0.1,-0.8431120024545254,0.0842566009753065,0.0103271768542783,water_per_diff_前2天,0.0012590702252586,22 - 24日龄
,1249,1.0,1192,57,0.0456365092073658,,0.1011649843584371,0.0123518715156521,water_per_diff_前2天,0.0010938821902416,22 - 24日龄
"[-inf, -16.43)",194,0.1574675324675324,180,14,0.0721649484536082,-0.4720726374687573,0.0436301549224577,0.005800146680969,water_per_diff_前3天,0.0012239788831531,22 - 24日龄
"[-16.43, -11.38)",166,0.1347402597402597,162,4,0.0240963855421686,0.6753298153687844,0.0457177362132447,0.0052400344949211,water_per_diff_前3天,0.0010028447894633,22 - 24日龄
"[-11.38, -7.63)",127,0.1030844155844155,126,1,0.0078740157480314,1.8103097482077688,0.1623670124297733,0.0173554109914825,water_per_diff_前3天,0.0009505043103014,22 - 24日龄
"[-7.63, inf)",745,0.6047077922077922,707,38,0.0510067114093959,-0.1025276525735222,0.0066606616849181,0.0011653217024196,water_per_diff_前3天,0.0011092497854447,22 - 24日龄
,1232,1.0,1175,57,0.0462662337662337,,0.258375565250394,0.0295609138697921,water_per_diff_前3天,0.001096614672035,22 - 24日龄
"[-inf, 1.40)",760,0.6386554621848739,720,40,0.0526315789473684,-0.0992012352972914,0.0065743993910346,0.0019499532185873,water_per_diff_前5天,0.0010959125849556,22 - 24日龄
"[1.40, 10.65)",271,0.2277310924369747,265,6,0.022140221402214,0.798397363564711,0.1026971849171126,0.0111877133202285,water_per_diff_前5天,0.0010538366933738,22 - 24日龄
"[10.65, 15.03)",63,0.0529411764705882,61,2,0.0317460317460317,0.4281536904199098,0.0080285861027006,0.0007326199313476,water_per_diff_前5天,0.0011067917848038,22 - 24日龄
"[15.03, inf)",96,0.080672268907563,87,9,0.09375,-0.7208894518750917,0.0584695026233989,0.0080767331751288,water_per_diff_前5天,0.0013167349511445,22 - 24日龄
,1190,1.0,1133,57,0.0478991596638655,,0.1757696730342469,0.0219470196452922,water_per_diff_前5天,0.0011047207951454,22 - 24日龄
"[-inf, 0.40)",419,0.358426005132592,398,21,0.0501193317422434,-0.0664496676937437,0.0016311457517772,0.0004678118082637,water_per_diff_前7天,0.0010554325081871,22 - 24日龄
"[0.40, 2.82)",102,0.0872540633019675,97,5,0.0490196078431372,-0.043106169185476,0.0001653329485651,6.756338480719986e-05,water_per_diff_前7天,0.0011327740924381,22 - 24日龄
"[2.82, 7.25)",172,0.1471343028229255,170,2,0.0116279069767441,1.4342720212355582,0.1667191992041724,0.017273079684532,water_per_diff_前7天,0.0009636396471693,22 - 24日龄
"[7.25, 8.83)",63,0.0538922155688622,60,3,0.0476190476190476,-0.0126469617007674,8.66937149391596e-06,1.5804676969595954e-05,water_per_diff_前7天,0.0010138204306124,22 - 24日龄
"[8.83, 12.56)",133,0.1137724550898203,126,7,0.0526315789473684,-0.1180074773585935,0.0016717886461116,0.0003412418132527,water_per_diff_前7天,0.0011226185084363,22 - 24日龄
"[12.56, inf)",280,0.2395209580838323,263,17,0.0607142857142857,-0.2694385471332098,0.0196702892333417,0.0030031361995352,water_per_diff_前7天,0.0012362834671406,22 - 24日龄
,1169,1.0,1114,55,0.0470487596236099,,0.1898664251554621,0.0211686375673604,water_per_diff_前7天,0.0010973939411652,22 - 24日龄
"[-inf, -12.32)",69,0.055244195356285,62,7,0.1014492753623188,-0.8591123438009667,0.0608196510903486,0.0074448024874672,water_per_shift_diff_前1天,0.0012600182472039,22 - 24日龄
"[-12.32, 4.96)",761,0.6092874299439551,726,35,0.0459921156373193,-0.0081346264553626,4.046720449064795e-05,1.319669025532516e-05,water_per_shift_diff_前1天,0.0011105645577761,22 - 24日龄
"[4.96, 6.10)",63,0.0504403522818254,62,1,0.0158730158730158,1.0867978052543468,0.0374614456008724,0.0044126893607356,water_per_shift_diff_前1天,0.0010706245211091,22 - 24日龄
"[6.10, 9.00)",139,0.1112890312249799,136,3,0.0215827338129496,0.7737060172771976,0.0475538138488987,0.0057108273019698,water_per_shift_diff_前1天,0.0010396182820084,22 - 24日龄
"[9.00, 11.23)",80,0.0640512409927942,78,2,0.025,0.6232250663389015,0.0189139598314908,0.0022836225358451,water_per_shift_diff_前1天,0.0009792530947494,22 - 24日龄
"[11.23, inf)",137,0.1096877502001601,128,9,0.0656934306569343,-0.385530893207347,0.0194740083817204,0.0024764893335087,water_per_shift_diff_前1天,0.0010502294487456,22 - 24日龄
,1249,1.0,1192,57,0.0456365092073658,,0.1842633459578218,0.0223416277097817,water_per_shift_diff_前1天,0.0010938821902416,22 - 24日龄
"[-inf, -8.72)",79,0.0641233766233766,74,5,0.0632911392405063,-0.3313449779736397,0.0081976652258651,0.0011318721023036,water_per_shift_diff_前2天,0.0011386578675143,22 - 24日龄
"[-8.72, 3.20)",551,0.4472402597402597,528,23,0.0417422867513611,0.1076299090334026,0.0049351467061079,0.0004104884408433,water_per_shift_diff_前2天,0.0011085612489494,22 - 24日龄
"[3.20, 4.92)",120,0.0974025974025974,119,1,0.0083333333333333,1.7531513343678204,0.1467961580161961,0.015793078832505,water_per_shift_diff_前2天,0.0010398021900971,22 - 24日龄
"[4.92, 14.87)",419,0.3400974025974026,397,22,0.0525059665871121,-0.1330783314148345,0.006400079215934,0.001039163274069,water_per_shift_diff_前2天,0.0010830791448064,22 - 24日龄
"[14.87, inf)",63,0.0511363636363636,57,6,0.0952380952380952,-0.774680360137214,0.0439650623199932,0.0055797589764605,water_per_shift_diff_前2天,0.0011376449485225,22 - 24日龄
,1232,1.0,1175,57,0.0462662337662337,,0.2102941114840966,0.0239543616261814,water_per_shift_diff_前2天,0.001096614672035,22 - 24日龄
"[-inf, -5.22)",178,0.1471074380165289,166,12,0.0674157303370786,-0.3799901138659659,0.0252898884382424,0.0037353125596101,water_per_shift_diff_前3天,0.0011849060626113,22 - 24日龄
"[-5.22, 1.55)",381,0.3148760330578512,361,20,0.0524934383202099,-0.1139255676556188,0.004304213029152,0.0009416939263616,water_per_shift_diff_前3天,0.0011274353241885,22 - 24日龄
"[1.55, 3.24)",123,0.1016528925619834,119,4,0.032520325203252,0.3857578795571298,0.0127429642963212,0.0012600616559766,water_per_shift_diff_前3天,0.000970388496605,22 - 24日龄
"[3.24, 4.55)",91,0.0752066115702479,90,1,0.0109890109890109,1.492738417895756,0.0903306505983083,0.0096336736112691,water_per_shift_diff_前3天,0.0010177390393392,22 - 24日龄
"[4.55, inf)",437,0.3611570247933884,417,20,0.045766590389016,0.0302826958103015,0.0003266905757597,2.79829755690038e-06,water_per_shift_diff_前3天,0.0010990082869899,22 - 24日龄
,1210,1.0,1153,57,0.0471074380165289,,0.1329944069377838,0.0155735400507743,water_per_shift_diff_前3天,0.0011014089229235,22 - 24日龄
"[-inf, -15.02)",97,0.0821337849280271,86,11,0.1134020618556701,-0.925145739163949,0.1077517248180275,0.0143993588309319,water_per_shift_diff_前5天,0.0013332746054074,22 - 24日龄
"[-15.02, -1.02)",615,0.5207451312447079,594,21,0.0341463414634146,0.3607591190201358,0.0577390273839119,0.0069129465626445,water_per_shift_diff_前5天,0.0010671822622896,22 - 24日龄
"[-1.02, 0.43)",92,0.077900084674005,91,1,0.0108695652173913,1.529261743897764,0.0969811835152746,0.009835807739724,water_per_shift_diff_前5天,0.0009914576004396,22 - 24日龄
"[0.43, inf)",377,0.3192209991532599,353,24,0.0636604774535809,-0.293183536033735,0.0313693753435607,0.0056097261557107,water_per_shift_diff_前5天,0.0011408561781673,22 - 24日龄
,1181,1.0,1124,57,0.0482641828958509,,0.2938413110607749,0.0367578392890111,water_per_shift_diff_前5天,0.0011066567370382,22 - 24日龄
"[-inf, -4.67)",160,0.1387684301821335,152,8,0.05,-0.0687329286729063,0.0006763729711349,0.0001698841450219,water_per_shift_diff_前7天,0.0011056689902258,22 - 24日龄
"[-4.67, -3.07)",82,0.0711188204683434,81,1,0.0121951219512195,1.3812772468330918,0.0762255751588713,0.0078562509505875,water_per_shift_diff_前7天,0.001007571146825,22 - 24日龄
"[-3.07, 0.38)",244,0.2116218560277536,234,10,0.040983606557377,0.1395641145243088,0.003870901703687,0.0002668006688115,water_per_shift_diff_前7天,0.0010736838550715,22 - 24日龄
"[0.38, inf)",667,0.5784908933217693,632,35,0.0524737631184407,-0.1196305751819032,0.0087425909844625,0.0016397326567295,water_per_shift_diff_前7天,0.0011175013688569,22 - 24日龄
,1153,1.0,1099,54,0.04683434518647,,0.0895154408181558,0.0099326684211504,water_per_shift_diff_前7天,0.0010987685569304,22 - 24日龄
"[-inf, -43.86)",90,0.0692307692307692,64,26,0.2888888888888888,-1.6170761921331065,0.3474141119433115,0.0392385451143312,water_per_diff,0.0028169389453359,25 - 27日龄
"[-43.86, -28.88)",150,0.1153846153846153,131,19,0.1266666666666666,-0.5871043934365848,0.0510674310219411,0.0062933005850751,water_per_diff,0.0013547213788012,25 - 27日龄
"[-28.88, -9.22)",427,0.3284615384615384,394,33,0.0772833723653395,-0.0380193896398425,0.0004825283531429,6.03124116856789e-05,water_per_diff,0.0012304316965457,25 - 27日龄
"[-9.22, -3.68)",127,0.0976923076923076,126,1,0.0078740157480314,2.318419169480182,0.2189257168804974,0.0225214016407735,water_per_diff,0.0009728431152892,25 - 27日龄
"[-3.68, inf)",506,0.3892307692307692,488,18,0.0355731225296442,0.7820809104856863,0.1721246877916325,0.0225012125148997,water_per_diff,0.0010625424687541,25 - 27日龄
,1300,1.0,1203,97,0.0746153846153846,,0.7900144759905257,0.0906147722667651,water_per_diff,0.0012640958547359,25 - 27日龄
"[-inf, -16.50)",144,0.1107692307692307,116,28,0.1944444444444444,-1.0964770565401354,0.2107803800833681,0.0251022523003518,water_per_shift_diff,0.0021175686744478,25 - 27日龄
"[-16.50, -8.14)",278,0.2138461538461538,251,27,0.0971223021582733,-0.2882466643438412,0.0200923667444173,0.0025028870268169,water_per_shift_diff,0.001231155880423,25 - 27日龄
"[-8.14, 0.36)",432,0.3323076923076923,408,24,0.0555555555555555,0.3153506065849201,0.0289269343212842,0.0072781211457193,water_per_shift_diff,0.0011904277338706,25 - 27日龄
"[0.36, 1.65)",77,0.0592307692307692,76,1,0.0129870129870129,1.812870602815035,0.0958394284800537,0.0105691098244255,water_per_shift_diff,0.0010157323225713,25 - 27日龄
"[1.65, inf)",369,0.2838461538461538,352,17,0.046070460704607,0.512555094070585,0.0601453145753187,0.0074369337962881,water_per_shift_diff,0.0010939219983973,25 - 27日龄
,1300,1.0,1203,97,0.0746153846153846,,0.4157844242044423,0.0528893040936016,water_per_shift_diff,0.0012640958547359,25 - 27日龄
"[-inf, -41.59)",65,0.05,46,19,0.2923076923076923,-1.6336603201486417,0.257527843528072,0.0290298069342077,water_per_diff_前1天,0.0032003239393372,25 - 27日龄
"[-41.59, -9.05)",510,0.3923076923076923,467,43,0.084313725490196,-0.1327335954959611,0.0073139918163271,0.0024208459112675,water_per_diff_前1天,0.0012329109621179,25 - 27日龄
"[-9.05, 5.56)",356,0.2738461538461538,334,22,0.0617977528089887,0.2022358021470884,0.0102806795582909,0.001282899450898,water_per_diff_前1天,0.0011600019750165,25 - 27日龄
"[5.56, 18.99)",251,0.1930769230769231,240,11,0.0438247011952191,0.5648809130723247,0.0486357862529042,0.0059999119899776,water_per_diff_前1天,0.001090871275676,25 - 27日龄
"[18.99, inf)",118,0.0907692307692307,116,2,0.0169491525423728,1.5425802730751232,0.1169384536564305,0.0133211434427703,water_per_diff_前1天,0.0010148268738915,25 - 27日龄
,1300,1.0,1203,97,0.0746153846153846,,0.4406967548120249,0.0520546077291211,water_per_diff_前1天,0.0012640958547359,25 - 27日龄
"[-inf, -32.11)",67,0.052059052059052,50,17,0.2537313432835821,-1.439390716515534,0.1944642841975883,0.0221677312404754,water_per_diff_前2天,0.0030167004613767,25 - 27日龄
"[-32.11, 9.45)",902,0.7008547008547008,834,68,0.0753880266075388,-0.0114746807048237,9.273199142227406e-05,0.0012504319066888,water_per_diff_前2天,0.0011996225705825,25 - 27日龄
"[9.45, 15.00)",121,0.094017094017094,114,7,0.0578512396694214,0.2720879214517183,0.0062039358664342,0.0007671681376565,water_per_diff_前2天,0.0011498361807642,25 - 27日龄
"[15.00, inf)",197,0.153069153069153,193,4,0.0203045685279187,1.358195449897531,0.1635023279840961,0.0188155641461615,water_per_diff_前2天,0.0010361823654878,25 - 27日龄
,1287,1.0,1191,96,0.0745920745920745,,0.364263280039541,0.0430008954309822,water_per_diff_前2天,0.0012645194976311,25 - 27日龄
"[-inf, -27.02)",68,0.0534591194968553,52,16,0.2352941176470588,-1.384602313338866,0.1824818524637502,0.0189785388605017,water_per_diff_前3天,0.0026746857922889,25 - 27日龄
"[-27.02, -19.80)",112,0.0880503144654088,106,6,0.0535714285714285,0.3084223152034999,0.0073467365793652,0.0011552683530492,water_per_diff_前3天,0.0011952125894666,25 - 27日龄
"[-19.80, -15.78)",76,0.0597484276729559,75,1,0.0131578947368421,1.754230803855798,0.09212604941763,0.0103442325765425,water_per_diff_前3天,0.0009743176870434,25 - 27日龄
"[-15.78, inf)",1016,0.7987421383647799,948,68,0.0669291338582677,0.0715894873984029,0.0039701253816795,0.0012978842002163,water_per_diff_前3天,0.0011881173206512,25 - 27日龄
,1272,1.0,1181,91,0.0715408805031446,,0.285924763842425,0.0317759239903097,water_per_diff_前3天,0.001255438510922,25 - 27日龄
"[-inf, -17.78)",145,0.1155378486055776,132,13,0.0896551724137931,-0.2792874796087546,0.0101693008438867,0.0006063937887675,water_per_diff_前5天,0.0015844233890725,25 - 27日龄
"[-17.78, -13.47)",93,0.0741035856573705,91,2,0.021505376344086,1.2205722812233162,0.0670368239401996,0.0083600035080255,water_per_diff_前5天,0.0010933009832856,25 - 27日龄
"[-13.47, -1.14)",431,0.3434262948207171,405,26,0.0603248259860788,0.1486504843514683,0.0071197636921212,0.001989237309871,water_per_diff_前5天,0.0011599821663753,25 - 27日龄
"[-1.14, 10.48)",360,0.2868525896414343,335,25,0.0694444444444444,-0.0018853377767228,1.020445379859004e-06,0.0002005744228487,water_per_diff_前5天,0.0012359618006284,25 - 27日龄
"[10.48, inf)",226,0.1800796812749004,205,21,0.0929203539823008,-0.3186525033186035,0.0209882420554973,0.0013757434012268,water_per_diff_前5天,0.0013080896203652,25 - 27日龄
,1255,1.0,1168,87,0.0693227091633466,,0.1053151509770848,0.0125319524307395,water_per_diff_前5天,0.0012525459752968,25 - 27日龄
"[-inf, -21.22)",134,0.110469909315746,130,4,0.0298507462686567,0.92072139929064,0.0639679655741215,0.0077499032508029,water_per_diff_前7天,0.000983001351617,25 - 27日龄
"[-21.22, -13.46)",208,0.1714756801319043,196,12,0.0576923076923076,0.2326893193974648,0.0084085685333805,0.0013454494845123,water_per_diff_前7天,0.0012318149814159,25 - 27日龄
"[-13.46, 9.38)",764,0.629843363561418,708,56,0.0732984293193717,-0.0234262870864814,0.0003491392493646,0.0003427162688768,water_per_diff_前7天,0.0012948393231747,25 - 27日龄
"[9.38, inf)",107,0.0882110469909315,92,15,0.1401869158878504,-0.7467803140982218,0.0677394282586798,0.0067409336138704,water_per_diff_前7天,0.0014911508508055,25 - 27日龄
,1213,1.0,1126,87,0.0717230008244023,,0.1404651016155466,0.0161790026180624,water_per_diff_前7天,0.0012669003142562,25 - 27日龄
"[-inf, -16.52)",108,0.0839160839160839,88,20,0.1851851851851851,-1.0365958369632484,0.1393660020098574,0.0165004708828306,water_per_shift_diff_前1天,0.0022471569862064,25 - 27日龄
"[-16.52, -11.56)",120,0.0932400932400932,109,11,0.0916666666666666,-0.2247477684566906,0.0051834930854699,0.0006380971200616,water_per_shift_diff_前1天,0.0013815688450212,25 - 27日龄
"[-11.56, -0.44)",542,0.4211344211344211,501,41,0.0756457564575645,-0.0151663435069067,9.74956485934127e-05,1.15321016713665e-05,water_per_shift_diff_前1天,0.0012060955635803,25 - 27日龄
"[-0.44, 2.14)",146,0.1134421134421134,144,2,0.0136986301369863,1.7584657411285916,0.1759757645010613,0.0193487989328447,water_per_shift_diff_前1天,0.0010118292572566,25 - 27日龄
"[2.14, inf)",371,0.2882672882672882,349,22,0.059299191374663,0.2458290909566474,0.0156997273139294,0.0032092878318106,water_per_shift_diff_前1天,0.001125402993311,25 - 27日龄
,1287,1.0,1191,96,0.0745920745920745,,0.3363224825589115,0.0397081868692188,water_per_shift_diff_前1天,0.001264519497631,25 - 27日龄
"[-inf, -11.55)",134,0.1053459119496855,116,18,0.1343283582089552,-0.7000388764703124,0.0697101176688156,0.0071669629245829,water_per_shift_diff_前2天,0.0018504156258083,25 - 27日龄
"[-11.55, -2.91)",405,0.3183962264150943,369,36,0.0888888888888888,-0.235979604096095,0.0196234307097431,0.0015319120785695,water_per_shift_diff_前2天,0.0012774737924144,25 - 27日龄
"[-2.91, 0.71)",203,0.1595911949685534,190,13,0.064039408866995,0.118817405018437,0.0021415015541002,0.0004903991889667,water_per_shift_diff_前2天,0.0011802293815097,25 - 27日龄
"[0.71, 2.29)",105,0.0825471698113207,101,4,0.0380952380952381,0.6655688460408565,0.0276641701972113,0.0037185230678924,water_per_shift_diff_前2天,0.0011124804050393,25 - 27日龄
"[2.29, 4.63)",113,0.0888364779874213,112,1,0.0088495575221238,2.155241561614582,0.1807081139257008,0.0190655955786903,water_per_shift_diff_前2天,0.0010435528356956,25 - 27日龄
"[4.63, inf)",312,0.2452830188679245,293,19,0.0608974358974358,0.1724763201701145,0.0067789447981182,0.0012959886997483,water_per_shift_diff_前2天,0.0011450856689021,25 - 27日龄
,1272,1.0,1181,91,0.0715408805031446,,0.3066262788536895,0.0332693815384501,water_per_shift_diff_前2天,0.001255438510922,25 - 27日龄
"[-inf, -8.61)",222,0.1759112519809825,195,27,0.1216216216216216,-0.625952615364258,0.0903796586233939,0.0077630983877085,water_per_shift_diff_前3天,0.0016265599787812,25 - 27日龄
"[-8.61, -0.65)",394,0.312202852614897,362,32,0.0812182741116751,-0.1772069988976311,0.0105847486942424,0.000333016638138,water_per_shift_diff_前3天,0.0012608773868171,25 - 27日龄
"[-0.65, 1.14)",111,0.0879556259904912,109,2,0.018018018018018,1.3950853937455228,0.0973455036790101,0.0118843424985363,water_per_shift_diff_前3天,0.0010492581653191,25 - 27日龄
"[1.14, inf)",535,0.4239302694136291,509,26,0.0485981308411214,0.3712361706053651,0.0498722067099386,0.0087722952402812,water_per_shift_diff_前3天,0.0011264174190708,25 - 27日龄
,1262,1.0,1175,87,0.0689381933438985,,0.2481821177065852,0.028752752764664,water_per_shift_diff_前3天,0.0012495903179466,25 - 27日龄
"[-inf, -8.72)",82,0.0662894098625707,68,14,0.1707317073170731,-1.0011587271418638,0.1019070512465041,0.0099277329287799,water_per_shift_diff_前5天,0.0021262185731758,25 - 27日龄
"[-8.72, 5.89)",733,0.5925626515763945,683,50,0.068212824010914,0.032862751439932,0.000630977966178,0.0008025801088445,water_per_shift_diff_前5天,0.0012296846886031,25 - 27日龄
"[5.89, 9.73)",216,0.1746160064672595,203,13,0.0601851851851851,0.1666475188775385,0.0045155564585407,0.0009978240781018,water_per_shift_diff_前5天,0.0011697215302122,25 - 27日龄
"[9.73, inf)",206,0.1665319320937752,196,10,0.0485436893203883,0.3939204635337595,0.0218595343682102,0.0033933965124499,water_per_shift_diff_前5天,0.0011111011877118,25 - 27日龄
,1237,1.0,1150,87,0.0703314470493128,,0.1289131200394331,0.0151215336281761,water_per_shift_diff_前5天,0.001258896923962,25 - 27日龄
"[-inf, -16.67)",65,0.0544388609715242,56,9,0.1384615384615384,-0.7153737006551233,0.0378154431053715,0.0039089063128339,water_per_shift_diff_前7天,0.0014580954294806,25 - 27日龄
"[-16.67, -1.65)",569,0.4765494137353434,533,36,0.0632688927943761,0.1515016716556814,0.0102549024236923,0.0015905180567404,water_per_shift_diff_前7天,0.0012100746137982,25 - 27日龄
"[-1.65, 2.44)",212,0.1775544388609715,205,7,0.0330188679245283,0.8335990160290416,0.0872990029557872,0.0159233173682304,water_per_shift_diff_前7天,0.0011312894490469,25 - 27日龄
"[2.44, inf)",348,0.2914572864321608,313,35,0.1005747126436781,-0.3526456850033136,0.0421597401813761,0.0044530864074504,water_per_shift_diff_前7天,0.0014173728112487,25 - 27日龄
,1194,1.0,1107,87,0.0728643216080402,,0.1775290886662273,0.0258758281452551,water_per_shift_diff_前7天,0.0012700064988944,25 - 27日龄
"[-inf, -69.70)",66,0.050190114068441,10,56,0.8484848484848485,-2.772295424100122,0.4268113298124721,0.040951370477898,water_per_diff,0.0074303310885727,28 - 30日龄
"[-69.70, -52.11)",110,0.0836501901140684,60,50,0.4545454545454545,-0.8672072695650638,0.0737350987629011,0.0089385139298848,water_per_diff,0.0034687549887255,28 - 30日龄
"[-52.11, -33.33)",270,0.2053231939163498,176,94,0.3481481481481481,-0.4223396135908702,0.0401060758990529,0.0049763295229966,water_per_diff,0.0026479348099239,28 - 30日龄
"[-33.33, -20.97)",283,0.2152091254752851,220,63,0.2226148409893993,0.2009639936018104,0.0082640326633633,0.0010312692752678,water_per_diff,0.0020051875283984,28 - 30日龄
"[-20.97, -3.21)",334,0.2539923954372624,279,55,0.1646706586826347,0.5743497702298764,0.0718840757004273,0.008864006270513,water_per_diff,0.0017230938804322,28 - 30日龄
"[-3.21, inf)",252,0.1916349809885931,229,23,0.0912698412698412,1.2486989612660715,0.2093621822999865,0.0245924276616181,water_per_diff,0.001289534262355,28 - 30日龄
,1315,1.0,974,341,0.2593155893536121,,0.8301627951382033,0.0893539171381783,water_per_diff,0.002323080882129,28 - 30日龄
"[-inf, -25.07)",68,0.0517110266159695,37,31,0.4558823529411764,-0.8725981181999402,0.0461791238584437,0.0055959547189666,water_per_shift_diff,0.0039866698319472,28 - 30日龄
"[-25.07, -12.66)",259,0.1969581749049429,178,81,0.3127413127413127,-0.262194430739372,0.0143643525255879,0.0017904184991598,water_per_shift_diff,0.0029277517095993,28 - 30日龄
"[-12.66, -7.76)",176,0.1338403041825095,124,52,0.2954545454545454,-0.1804909793354087,0.004545233403269,0.0005673842312635,water_per_shift_diff,0.0025325700111275,28 - 30日龄
"[-7.76, 4.71)",479,0.3642585551330798,366,113,0.2359081419624217,0.1257166883300075,0.0055807802053918,0.0006971385004886,water_per_shift_diff,0.0020577473382098,28 - 30日龄
"[4.71, 18.33)",262,0.1992395437262357,208,54,0.2061068702290076,0.2990252067780253,0.0165045737282384,0.0020554195924153,water_per_shift_diff,0.0017998607299486,28 - 30日龄
"[18.33, inf)",71,0.0539923954372623,61,10,0.1408450704225352,0.7587599448202472,0.0252688485661111,0.003084952818288,water_per_shift_diff,0.0017255395835717,28 - 30日龄
,1315,1.0,974,341,0.2593155893536121,,0.1124429122870421,0.0137912683605818,water_per_shift_diff,0.002323080882129,28 - 30日龄
"[-inf, -58.25)",78,0.0593155893536121,24,54,0.6923076923076923,-1.860459042575347,0.2487752142173228,0.0272682737923134,water_per_diff_前1天,0.0060642271147131,28 - 30日龄
"[-58.25, -43.80)",134,0.1019011406844106,74,60,0.4477611940298507,-0.8398082953769493,0.08396211847112,0.0101973262686665,water_per_diff_前1天,0.0032835500402322,28 - 30日龄
"[-43.80, -28.81)",236,0.179467680608365,159,77,0.326271186440678,-0.3244300459924705,0.0202970244710795,0.0025260594117246,water_per_diff_前1天,0.0025600279110552,28 - 30日龄
"[-28.81, -11.79)",403,0.3064638783269962,309,94,0.2332506203473945,0.1405176682687234,0.0058439381448327,0.0007298918721863,water_per_diff_前1天,0.0021108742464245,28 - 30日龄
"[-11.79, 1.33)",248,0.1885931558935361,212,36,0.1451612903225806,0.7235385098568842,0.0810994708309058,0.009921938268919,water_per_diff_前1天,0.0016228257919065,28 - 30日龄
"[1.33, inf)",216,0.1642585551330798,196,20,0.0925925925925925,1.232853559317508,0.1757815013068216,0.0206789907155557,water_per_diff_前1天,0.001317297384028,28 - 30日龄
,1315,1.0,974,341,0.2593155893536121,,0.6157592674420828,0.0713224803293655,water_per_diff_前1天,0.002323080882129,28 - 30日龄
"[-inf, -52.87)",69,0.0525514089870525,25,44,0.6376811594202898,-1.6127871362269826,0.1666204153416499,0.0188574147024808,water_per_diff_前2天,0.005738998128589,28 - 30日龄
"[-52.87, -43.29)",100,0.0761614623000761,47,53,0.53,-1.1676176390189856,0.1250183507450393,0.0148330374246946,water_per_diff_前2天,0.0037160187497272,28 - 30日龄
"[-43.29, -32.01)",138,0.1051028179741051,95,43,0.3115942028985507,-0.2547965512699439,0.0072268152809116,0.000914570281402,water_per_diff_前2天,0.0025312418272149,28 - 30日龄
"[-32.01, -9.02)",495,0.376999238385377,364,131,0.2646464646464646,-0.025516782741333,0.0002469674011144,3.600684804003955e-05,water_per_diff_前2天,0.0022537313055886,28 - 30日龄
"[-9.02, 5.63)",305,0.2322924600152323,254,51,0.1672131147540983,0.5580353071172884,0.0623642151691303,0.0076314806026411,water_per_diff_前2天,0.0017646053685777,28 - 30日龄
"[5.63, inf)",206,0.1568926123381569,187,19,0.0922330097087378,1.2391963105112238,0.1693589227696557,0.0198248595149396,water_per_diff_前2天,0.0013704256533362,28 - 30日龄
,1313,1.0,972,341,0.2597105864432597,,0.5308356867075015,0.0620973693741981,water_per_diff_前2天,0.0023252196772816,28 - 30日龄
"[-inf, -42.38)",113,0.0862595419847328,46,67,0.5929203539823009,-1.4244016767890926,0.2131419731641653,0.0245509307031774,water_per_diff_前3天,0.0047056720217228,28 - 30日龄
"[-42.38, -28.88)",141,0.1076335877862595,89,52,0.3687943262411347,-0.5109578027365091,0.0312647921747203,0.0038703169040438,water_per_diff_前3天,0.002938638667698,28 - 30日龄
"[-28.88, -11.03)",363,0.2770992366412214,258,105,0.2892561983471074,-0.1493512191231274,0.006398825731382,0.0008089129862413,water_per_diff_前3天,0.0025241460209018,28 - 30日龄
"[-11.03, 5.63)",404,0.3083969465648855,323,81,0.2004950495049505,0.3348527146629964,0.0317287669291044,0.0039061362608626,water_per_diff_前3天,0.0018819735213741,28 - 30日龄
"[5.63, 13.35)",130,0.099236641221374,108,22,0.1692307692307692,0.5427383198786824,0.0253102345655977,0.0031009987997822,water_per_diff_前3天,0.0016672597066938,28 - 30日龄
"[13.35, inf)",159,0.1213740458015267,146,13,0.0817610062893081,1.370306810359578,0.1538582813451036,0.0177624237048762,water_per_diff_前3天,0.0013067459232202,28 - 30日龄
,1310,1.0,970,340,0.2595419847328244,,0.4617028739100733,0.0539997193589835,water_per_diff_前3天,0.0023260974522784,28 - 30日龄
"[-inf, -32.79)",77,0.0598290598290598,36,41,0.5324675324675324,-1.223492099636087,0.1096133743928429,0.0116127630060475,water_per_diff_前5天,0.004571894712336,28 - 30日龄
"[-32.79, -17.63)",195,0.1515151515151515,140,55,0.282051282051282,-0.1591297340110556,0.0039862669902439,0.0002526686834087,water_per_diff_前5天,0.002401702962893,28 - 30日龄
"[-17.63, -12.70)",132,0.1025641025641025,96,36,0.2727272727272727,-0.1126097183761629,0.0013366825505128,6.017946191004585e-05,water_per_diff_前5天,0.0021262939746494,28 - 30日龄
"[-12.70, 9.48)",566,0.4397824397824398,430,136,0.2402826855123674,0.057691351563667,0.0014425987669884,0.0005414486528756,water_per_diff_前5天,0.0022857654926054,28 - 30日龄
"[9.48, 20.78)",215,0.167055167055167,170,45,0.2093023255813953,0.235696975892053,0.0087277794150899,0.0014831422720704,water_per_diff_前5天,0.0019424394507027,28 - 30日龄
"[20.78, inf)",102,0.0792540792540792,92,10,0.0980392156862745,1.1257645126671054,0.0725847165329728,0.00901443007126,water_per_diff_前5天,0.0014264093673564,28 - 30日龄
,1287,1.0,964,323,0.2509712509712509,,0.1976914186486508,0.0229646321475722,water_per_diff_前5天,0.0022982908169804,28 - 30日龄
"[-inf, -23.08)",86,0.068308181096108,55,31,0.3604651162790697,-0.5626838209544966,0.0245300338655176,0.0020308703309213,water_per_diff_前7天,0.0035005499183395,28 - 30日龄
"[-23.08, -5.28)",403,0.3200953137410643,304,99,0.2456575682382134,-0.0141219504301895,6.40678573309634e-05,0.000197121139284,water_per_diff_前7天,0.0022247230728739,28 - 30日龄
"[-5.28, -1.12)",131,0.1040508339952343,114,17,0.1297709923664122,0.7669553026364581,0.0491362876062415,0.0069580221064934,water_per_diff_前7天,0.0015032309033942,28 - 30日龄
"[-1.12, 1.52)",91,0.0722795869737887,73,18,0.1978021978021978,0.264057881550405,0.0046940725811071,0.0009662256771095,water_per_diff_前7天,0.0015969165793754,28 - 30日龄
"[1.52, 17.30)",415,0.329626687847498,317,98,0.236144578313253,0.0379044935048874,0.0004689676651154,0.0005916638686384,water_per_diff_前7天,0.0023198689544941,28 - 30日龄
"[17.30, inf)",133,0.1056393963463065,90,43,0.3233082706766917,-0.3974202470651186,0.0183148183593198,0.0013043904703546,water_per_diff_前7天,0.0025715101891952,28 - 30日龄
,1259,1.0,953,306,0.2430500397140587,,0.0972082479346325,0.0120482935928012,water_per_diff_前7天,0.0022594200315259,28 - 30日龄
"[-inf, -23.59)",67,0.051028179741051,40,27,0.4029850746268656,-0.6544307390673151,0.0248857905072361,0.0030724514226208,water_per_shift_diff_前1天,0.0037751119711159,28 - 30日龄
"[-23.59, -10.22)",329,0.2505712109672505,231,98,0.2978723404255319,-0.1900230953257007,0.0094509332465762,0.0012040120223811,water_per_shift_diff_前1天,0.0025768897543275,28 - 30日龄
"[-10.22, 0.86)",468,0.3564356435643564,349,119,0.2542735042735042,0.0284751019139754,0.0002870259207806,3.085262391209131e-05,water_per_shift_diff_前1天,0.0022344201140232,28 - 30日龄
"[0.86, 5.31)",186,0.1416603198781416,141,45,0.2419354838709677,0.0946240734309264,0.001239283826206,0.0001480458832715,water_per_shift_diff_前1天,0.0021350300232806,28 - 30日龄
"[5.31, 8.92)",79,0.0601675552170601,69,10,0.1265822784810126,0.8840480844262913,0.0368313360542179,0.0044343237326735,water_per_shift_diff_前1天,0.0016818433175236,28 - 30日龄
"[8.92, inf)",184,0.1401370906321401,142,42,0.2282608695652173,0.1706841121409701,0.0039126566864797,0.000476304848513,water_per_shift_diff_前1天,0.0020467086155159,28 - 30日龄
,1313,1.0,972,341,0.2597105864432597,,0.0766070262414968,0.0093659905333719,water_per_shift_diff_前1天,0.0023252196772816,28 - 30日龄
"[-inf, -4.33)",714,0.5450381679389313,522,192,0.2689075630252101,-0.0481782380323643,0.0012796887967359,0.0001672745491971,water_per_shift_diff_前2天,0.0025461028982035,28 - 30日龄
"[-4.33, -2.64)",71,0.0541984732824427,42,29,0.4084507042253521,-0.6779766655903272,0.0284717308017769,0.00349215286653,water_per_shift_diff_前2天,0.0027057279535576,28 - 30日龄
"[-2.64, 1.73)",199,0.1519083969465648,145,54,0.271356783919598,-0.0606007580309213,0.0005659500750007,7.325171800347816e-05,water_per_shift_diff_前2天,0.0020450977003465,28 - 30日龄
"[1.73, 5.03)",118,0.0900763358778626,93,25,0.211864406779661,0.2653732143978337,0.0059302625534021,0.0007299873303416,water_per_shift_diff_前2天,0.0018839963234173,28 - 30日龄
"[5.03, inf)",208,0.1587786259541984,168,40,0.1923076923076923,0.3867340714021011,0.021482620339862,0.0026431420536323,water_per_shift_diff_前2天,0.0019609495189072,28 - 30日龄
,1310,1.0,970,340,0.2595419847328244,,0.0577302525667777,0.0071058085177044,water_per_shift_diff_前2天,0.0023260974522784,28 - 30日龄
"[-inf, -20.55)",75,0.0576036866359447,39,36,0.48,-0.9840483866263402,0.0664185180041569,0.0076443096837322,water_per_shift_diff_前3天,0.0040747488912556,28 - 30日龄
"[-20.55, -16.50)",72,0.0552995391705069,40,32,0.4444444444444444,-0.8409475429856669,0.0458199260071865,0.0053014358288152,water_per_shift_diff_前3天,0.003901773967779,28 - 30日龄
"[-16.50, -1.85)",604,0.4639016897081413,442,162,0.2682119205298013,-0.0603775474545625,0.0017158314755175,0.0001348262626722,water_per_shift_diff_前3天,0.0022966452361123,28 - 30日龄
"[-1.85, 6.33)",359,0.2757296466973886,281,78,0.2172701949860724,0.2175547483442773,0.0123476073641482,0.001730090639775,water_per_shift_diff_前3天,0.0020169602318815,28 - 30日龄
"[6.33, inf)",192,0.1474654377880184,166,26,0.1354166666666666,0.7898001560351845,0.0739594865768089,0.0092225389759495,water_per_shift_diff_前3天,0.0016523151010527,28 - 30日龄
,1302,1.0,968,334,0.2565284178187404,,0.2002613694278182,0.0240332013909441,water_per_shift_diff_前3天,0.0023156995681902,28 - 30日龄
"[-inf, -14.45)",86,0.0677698975571316,48,38,0.4418604651162791,-0.8871853524619668,0.0635563013730188,0.006169020620731,water_per_shift_diff_前5天,0.003495695696142,28 - 30日龄
"[-14.45, -2.42)",469,0.3695823483057525,325,144,0.3070362473347548,-0.306788320889735,0.0374083982629795,0.0026026857943671,water_per_shift_diff_前5天,0.0025891440029979,28 - 30日龄
"[-2.42, -0.78)",86,0.0677698975571316,65,21,0.2441860465116279,0.0090646285287424,5.55564605189788e-06,5.171781369775561e-05,water_per_shift_diff_前5天,0.002173606789419,28 - 30日龄
"[-0.78, 4.91)",325,0.256107171000788,261,64,0.1969230769230769,0.2848371203195496,0.0192547237512049,0.0035549564470719,water_per_shift_diff_前5天,0.0019363457641177,28 - 30日龄
"[4.91, 10.01)",174,0.1371158392434988,151,23,0.132183908045977,0.7609854172423027,0.0639736052775736,0.0088571760500591,water_per_shift_diff_前5天,0.001880437556008,28 - 30日龄
"[10.01, inf)",129,0.1016548463356974,107,22,0.1705426356589147,0.4609861774601183,0.0190363836243176,0.002981467488756,water_per_shift_diff_前5天,0.0017351177926557,28 - 30日龄
,1269,1.0,957,312,0.2458628841607565,,0.2032349679351465,0.0242170242146828,water_per_shift_diff_前5天,0.0022712429113479,28 - 30日龄
"[-inf, -9.05)",139,0.1112890312249799,76,63,0.4532374100719424,-0.9422157756432908,0.1187652644124976,0.0111551466282898,water_per_shift_diff_前7天,0.0038131051921584,28 - 30日龄
"[-9.05, -5.65)",130,0.1040832666132906,83,47,0.3615384615384615,-0.5611213834515498,0.0371320009686801,0.0031322388290056,water_per_shift_diff_前7天,0.0028132530553744,28 - 30日龄
"[-5.65, 7.76)",714,0.5716573258606885,556,158,0.2212885154061624,0.1283588716855265,0.0091070958279797,0.0027985534624203,water_per_shift_diff_前7天,0.0020642087033384,28 - 30日龄
"[7.76, 9.36)",71,0.0568454763811048,66,5,0.0704225352112676,1.450402440054236,0.0776281661615579,0.0092712654967315,water_per_shift_diff_前7天,0.0015697407709179,28 - 30日龄
"[9.36, inf)",195,0.1561248999199359,163,32,0.1641025641025641,0.4981999084689468,0.0337537705421775,0.0052426223467618,water_per_shift_diff_前7天,0.0017854151767091,28 - 30日龄
,1249,1.0,944,305,0.244195356285028,,0.276386297912893,0.031599826763209,water_per_shift_diff_前7天,0.0022651698056731,28 - 30日龄
"[-inf, -79.82)",249,0.1894977168949771,12,237,0.9518072289156626,-2.9466197480146747,0.9890489436813048,0.0922722324563425,water_per_diff,0.0104479970723602,31 - 33日龄
"[-79.82, -64.87)",86,0.0654490106544901,18,68,0.7906976744186046,-1.292602203947486,0.0953129556440854,0.0111483265208955,water_per_diff,0.0051606135129715,31 - 33日龄
"[-64.87, -30.16)",421,0.3203957382039574,187,234,0.5558194774346793,-0.1876787551706589,0.0112331936125713,0.0014020920412075,water_per_diff,0.0036915935688193,31 - 33日龄
"[-30.16, -6.52)",343,0.2610350076103501,245,98,0.2857142857142857,0.9528244752066112,0.2223488963764723,0.0267877540325088,water_per_diff,0.0022315073174381,31 - 33日龄
"[-6.52, 9.29)",148,0.1126331811263318,122,26,0.1756756756756756,1.5824582500442306,0.2378170649213062,0.0269682516481749,water_per_diff,0.0018348858479379,31 - 33日龄
"[9.29, inf)",67,0.0509893455098934,61,6,0.0895522388059701,2.3556481382777124,0.2016553378983799,0.0206310527836425,water_per_diff,0.0014242430005234,31 - 33日龄
,1314,1.0,645,669,0.5091324200913242,,1.7574163921341204,0.1792097094827717,water_per_diff,0.0043621912648533,31 - 33日龄
"[-inf, -38.90)",86,0.0654490106544901,8,78,0.9069767441860463,-2.2407335416773,0.2334594003933397,0.0242899480323573,water_per_shift_diff,0.0090407369374805,31 - 33日龄
"[-38.90, -31.53)",68,0.0517503805175038,18,50,0.7352941176470589,-0.9851175041995256,0.0461344701101123,0.0055443819523729,water_per_shift_diff,0.0079447584060744,31 - 33日龄
"[-31.53, -15.77)",310,0.2359208523592085,115,195,0.6290322580645161,-0.4915336868680407,0.0556343617493079,0.0068851220155561,water_per_shift_diff,0.0050412016884441,31 - 33日龄
"[-15.77, -6.89)",245,0.1864535768645357,120,125,0.5102040816326531,-0.0042882511877991,3.4285736197511143e-06,4.28571374071527e-07,water_per_shift_diff,0.0038552937505223,31 - 33日龄
"[-6.89, -1.42)",146,0.1111111111111111,81,65,0.4452054794520548,0.2565956281092578,0.0072928211333169,0.000909109965884,water_per_shift_diff,0.0033667196199014,31 - 33日龄
"[-1.42, inf)",459,0.3493150684931507,303,156,0.3398692810457516,0.700410541592288,0.1657056371525982,0.0202999337833133,water_per_shift_diff,0.003083468010849,31 - 33日龄
,1314,1.0,645,669,0.5091324200913242,,0.5082301191122949,0.0579289243208576,water_per_shift_diff,0.0043621912648533,31 - 33日龄
"[-inf, -87.55)",105,0.0799086757990867,2,103,0.9809523809523808,-3.9050480643372345,0.5891169600448684,0.0468132761614785,water_per_diff_前1天,0.0142401748904355,31 - 33日龄
"[-87.55, -67.05)",99,0.0753424657534246,9,90,0.9090909090909092,-2.266051349661589,0.2732306361955083,0.0283238367836259,water_per_diff_前1天,0.0077441779851287,31 - 33日龄
"[-67.05, -29.04)",459,0.3493150684931507,176,283,0.616557734204793,-0.4384291592726299,0.0658306709271803,0.0081635546945313,water_per_diff_前1天,0.0042125618370658,31 - 33日龄
"[-29.04, -7.82)",360,0.273972602739726,226,134,0.3722222222222222,0.5592289426538305,0.0839339132617992,0.0103571269770884,water_per_diff_前1天,0.0028128247714669,31 - 33日龄
"[-7.82, 6.77)",186,0.1415525114155251,141,45,0.2419354838709677,1.1786311439403043,0.1783741282809646,0.0210896516215212,water_per_diff_前1天,0.0019106944009766,31 - 33日龄
"[6.77, inf)",105,0.0799086757990867,91,14,0.1333333333333333,1.9083359202340475,0.2293028102298122,0.0249778231262712,water_per_diff_前1天,0.0016043369378177,31 - 33日龄
,1314,1.0,645,669,0.5091324200913242,,1.4197891189401337,0.1397252693645164,water_per_diff_前1天,0.0043621912648533,31 - 33日龄
"[-inf, -63.43)",131,0.0998475609756097,9,122,0.931297709923664,-2.573256738277186,0.4347647398048738,0.0428685060116847,water_per_diff_前2天,0.0121688943725415,31 - 33日龄
"[-63.43, -41.35)",215,0.1638719512195122,68,147,0.6837209302325581,-0.7373851524827784,0.0847723400082417,0.0102634144186928,water_per_diff_前2天,0.0054617923925853,31 - 33日龄
"[-41.35, -30.15)",207,0.1577743902439024,83,124,0.5990338164251208,-0.3679012286885876,0.0210531021677169,0.0025706238070993,water_per_diff_前2天,0.0042830623284467,31 - 33日龄
"[-30.15, -13.74)",337,0.2568597560975609,176,161,0.4777448071216617,0.1226193591735398,0.0038611495617864,0.0005054267462753,water_per_diff_前2天,0.0034059583092019,31 - 33日龄
"[-13.74, 0.41)",252,0.1920731707317073,170,82,0.3253968253968254,0.76261891890586,0.1072450858147775,0.0131732478182607,water_per_diff_前2天,0.0023925763475445,31 - 33日龄
"[0.41, inf)",170,0.1295731707317073,139,31,0.1823529411764705,1.5340264577653966,0.2592920654923332,0.0296380270547241,water_per_diff_前2天,0.0018569575914289,31 - 33日龄
,1312,1.0,645,667,0.5083841463414634,,0.9109884828497296,0.0990192458567369,water_per_diff_前2天,0.0043608417755506,31 - 33日龄
"[-inf, -66.98)",68,0.0518292682926829,11,57,0.8382352941176471,-1.6116162659163282,0.1102394000055453,0.0123936203112184,water_per_diff_前3天,0.0106782825635701,31 - 33日龄
"[-66.98, -42.96)",196,0.149390243902439,51,145,0.7397959183673469,-1.011368380576397,0.1398940287794248,0.0166533198963902,water_per_diff_前3天,0.0072098061836547,31 - 33日龄
"[-42.96, -22.15)",396,0.3018292682926829,170,226,0.5707070707070707,-0.2511968331021727,0.0189062525849827,0.0022977915210131,water_per_diff_前3天,0.0043048386721791,31 - 33日龄
"[-22.15, -2.76)",403,0.3071646341463415,230,173,0.4292803970223325,0.3183274435452677,0.0309474223964316,0.0039191106174404,water_per_diff_前3天,0.0033278739788326,31 - 33日龄
"[-2.76, 10.12)",145,0.1105182926829268,101,44,0.3034482758620689,0.8644706120428496,0.0783401688730392,0.0095502213816557,water_per_diff_前3天,0.0023065176083273,31 - 33日龄
"[10.12, inf)",104,0.0792682926829268,82,22,0.2115384615384615,1.3492165230257884,0.127026407839421,0.0148176709937939,water_per_diff_前3天,0.0019412000225325,31 - 33日龄
,1312,1.0,645,667,0.5083841463414634,,0.5053536804788449,0.0596317347215116,water_per_diff_前3天,0.0043608417755506,31 - 33日龄
"[-inf, -52.87)",67,0.0511841100076394,16,51,0.7611940298507462,-1.130205077803883,0.0587718251792525,0.0068605003754609,water_per_diff_前5天,0.0067935801133069,31 - 33日龄
"[-52.87, -43.29)",90,0.0687547746371275,27,63,0.7,-0.8182660277065423,0.0433836898550771,0.005160788099426,water_per_diff_前5天,0.007494940205223,31 - 33日龄
"[-43.29, -24.69)",254,0.1940412528647822,103,151,0.594488188976378,-0.3535190159046271,0.0239402073836786,0.0028413497255292,water_per_diff_前5天,0.0053511445725492,31 - 33日龄
"[-24.69, -8.88)",366,0.2796027501909854,178,188,0.5136612021857924,-0.0256265798572026,0.0001835769753476,1.1435264136863818e-05,water_per_diff_前5天,0.0044184659315157,31 - 33日龄
"[-8.88, 13.80)",424,0.3239113827349121,247,177,0.4174528301886792,0.3622704367348093,0.0421608419215772,0.0054403653690065,water_per_diff_前5天,0.003203014395227,31 - 33日龄
"[13.80, inf)",108,0.0825057295645531,74,34,0.3148148148148148,0.8067364012686696,0.0512470125453334,0.0063304691133086,water_per_diff_前5天,0.0023011315713592,31 - 33日龄
,1309,1.0,645,664,0.5072574484339191,,0.2196871538602667,0.026644907946868,water_per_diff_前5天,0.0043641436605858,31 - 33日龄
"[-inf, -35.02)",108,0.0831408775981524,29,79,0.7314814814814815,-0.982135957774078,0.0739801184101671,0.0084987263348949,water_per_diff_前7天,0.0067555367081851,31 - 33日龄
"[-35.02, -25.89)",98,0.075442648190916,41,57,0.5816326530612245,-0.3094631364237726,0.0071568412543477,0.0007894465926386,water_per_diff_前7天,0.0054220085440382,31 - 33日龄
"[-25.89, 10.00)",816,0.628175519630485,411,405,0.4963235294117647,0.0347222120961651,0.0007574040167488,0.0002038364803205,water_per_diff_前7天,0.0043203421150017,31 - 33日龄
"[10.00, 13.32)",66,0.0508083140877598,46,20,0.303030303030303,0.8529251876415737,0.0350141594023856,0.004365165617654,water_per_diff_前7天,0.0029367354734449,31 - 33日龄
"[13.32, 23.71)",144,0.1108545034642032,83,61,0.4236111111111111,0.3279828083297563,0.0118384152430028,0.0016069635257066,water_per_diff_前7天,0.0032914161527257,31 - 33日龄
"[23.71, inf)",67,0.0515781370284834,33,34,0.5074626865671642,-0.0098368984432113,4.99065040693208e-06,2.844905796330549e-07,water_per_diff_前7天,0.0028716642620074,31 - 33日龄
,1299,1.0,643,656,0.5050038491147036,,0.1287519289770591,0.0154644230417942,water_per_diff_前7天,0.0043468390611512,31 - 33日龄
"[-inf, -31.46)",88,0.0670731707317073,11,77,0.875,-1.912370419935462,0.1881543301257005,0.0203888908792308,water_per_shift_diff_前1天,0.0112764099050562,31 - 33日龄
"[-31.46, -14.53)",305,0.2324695121951219,110,195,0.639344262295082,-0.5389794636514794,0.0656537284675238,0.0080069555648151,water_per_shift_diff_前1天,0.0057895371862901,31 - 33日龄
"[-14.53, -6.73)",215,0.1638719512195122,96,119,0.5534883720930233,-0.1812355725238419,0.0053597856634957,0.0006461666133036,water_per_shift_diff_前1天,0.0041654356625957,31 - 33日龄
"[-6.73, -0.50)",200,0.1524390243902439,112,88,0.44,0.2747017859367392,0.0114576405909809,0.0014568280693077,water_per_shift_diff_前1天,0.0031961376457687,31 - 33日龄
"[-0.50, 1.18)",68,0.0518292682926829,50,18,0.2647058823529412,1.0551909766518326,0.0533218317176547,0.0063989593907897,water_per_shift_diff_前1天,0.0022311405378832,31 - 33日龄
"[1.18, inf)",436,0.3323170731707317,266,170,0.3899082568807339,0.4812376008512885,0.0758096177141511,0.0094887530685776,water_per_shift_diff_前1天,0.0029283893185116,31 - 33日龄
,1312,1.0,645,667,0.5083841463414634,,0.3997569342795069,0.0463865535860245,water_per_shift_diff_前1天,0.0043608417755506,31 - 33日龄
"[-inf, -28.05)",68,0.0518292682926829,17,51,0.75,-1.0650725595482586,0.0533656522753094,0.0063269467239732,water_per_shift_diff_前2天,0.0117925624006744,31 - 33日龄
"[-28.05, -20.94)",89,0.0678353658536585,29,60,0.6741573033707865,-0.6935090031157755,0.0312035930251434,0.003785486141838,water_per_shift_diff_前2天,0.0065594839558394,31 - 33日龄
"[-20.94, -7.76)",334,0.2545731707317073,128,206,0.6167664670658682,-0.4423061757501127,0.0488288170126003,0.0059637036163249,water_per_shift_diff_前2天,0.0050143021835213,31 - 33日龄
"[-7.76, 0.06)",280,0.2134146341463414,148,132,0.4714285714285714,0.1479500802975953,0.0046687593182946,0.0006059926665544,water_per_shift_diff_前2天,0.0034127522833795,31 - 33日龄
"[0.06, 9.16)",296,0.2256097560975609,165,131,0.4425675675675675,0.2642878798192803,0.0157019123186797,0.0019986452430878,water_per_shift_diff_前2天,0.0034723852736853,31 - 33日龄
"[9.16, inf)",245,0.1867378048780487,158,87,0.3551020408163265,0.6302266434922343,0.0721776250281972,0.00894694646557,water_per_shift_diff_前2天,0.0027655611614432,31 - 33日龄
,1312,1.0,645,667,0.5083841463414634,,0.2259463589782249,0.0276277208573483,water_per_shift_diff_前2天,0.0043608417755505,31 - 33日龄
"[-inf, -21.06)",126,0.0961098398169336,40,86,0.6825396825396826,-0.7334284883949548,0.0492230447201307,0.005931663991554,water_per_shift_diff_前3天,0.0073606448958886,31 - 33日龄
"[-21.06, -11.22)",239,0.1823035850495804,105,134,0.5606694560669456,-0.2118400960487712,0.0081368847563952,0.0009704092652362,water_per_shift_diff_前3天,0.0050995770946511,31 - 33日龄
"[-11.22, 0.75)",463,0.3531655225019069,225,238,0.5140388768898488,-0.0241309177224378,0.0002055989916989,1.6979552603194406e-05,water_per_shift_diff_前3天,0.0042520913321244,31 - 33日龄
"[0.75, 5.04)",161,0.1228070175438596,83,78,0.484472049689441,0.0941711348516229,0.0010890942057007,0.0001490508089151,water_per_shift_diff_前3天,0.0035508933726089,31 - 33日龄
"[5.04, 11.33)",158,0.1205186880244088,88,70,0.4430379746835443,0.2608809261734641,0.0081731394288299,0.0010517932125602,water_per_shift_diff_前3天,0.0030597291279176,31 - 33日龄
"[11.33, inf)",164,0.1250953470633104,104,60,0.3658536585365853,0.5820856906638887,0.0414155249422703,0.0051725880402776,water_per_shift_diff_前3天,0.0033458825338579,31 - 33日龄
,1311,1.0,645,666,0.5080091533180778,,0.108243287045026,0.0132924848711462,water_per_shift_diff_前3天,0.0043621771472394,31 - 33日龄
"[-inf, -21.84)",89,0.0681470137825421,32,57,0.6404494382022472,-0.5497485352021692,0.0200181462640935,0.0023768684149519,water_per_shift_diff_前5天,0.005677273129156,31 - 33日龄
"[-21.84, -18.16)",71,0.0543644716692189,16,55,0.7746478873239436,-1.2071776331600352,0.0703022233493867,0.0081180238358055,water_per_shift_diff_前5天,0.005469698879427,31 - 33日龄
"[-18.16, -11.22)",213,0.1630934150076569,102,111,0.5211267605633803,-0.0569905581954084,0.0005293638007679,4.6696992242847065e-05,water_per_shift_diff_前5天,0.0048009469191787,31 - 33日龄
"[-11.22, -1.54)",454,0.3476263399693721,236,218,0.4801762114537445,0.1069035720691758,0.0039719478466714,0.0005794914956829,water_per_shift_diff_前5天,0.0044395313285427,31 - 33日龄
"[-1.54, inf)",479,0.3667687595712098,258,221,0.4613778705636743,0.1823637132365191,0.0121790256405166,0.001711783467951,water_per_shift_diff_前5天,0.0037005030314169,31 - 33日龄
,1306,1.0,644,662,0.5068912710566615,,0.1070007069014363,0.0128328642066342,water_per_shift_diff_前5天,0.0043677762618119,31 - 33日龄
"[-inf, -14.06)",147,0.1135135135135135,45,102,0.6938775510204082,-0.8013214979274815,0.0690007412557526,0.0078818000380483,water_per_shift_diff_前7天,0.0074687949347,31 - 33日龄
"[-14.06, -0.84)",577,0.4455598455598455,274,303,0.5251299826689775,-0.083615873534829,0.0031122642456275,0.0002250795842134,water_per_shift_diff_前7天,0.0044778752210368,31 - 33日龄
"[-0.84, 2.54)",204,0.1575289575289575,108,96,0.4705882352941176,0.1347718612428531,0.0028585807897684,0.0004614143577377,water_per_shift_diff_前7天,0.0034294843808968,31 - 33日龄
"[2.54, 4.22)",68,0.0525096525096525,44,24,0.3529411764705882,0.6231246291567852,0.0198043836949163,0.00255439180039,water_per_shift_diff_前7天,0.002873173138808,31 - 33日龄
"[4.22, 11.04)",209,0.1613899613899614,124,85,0.4066985645933014,0.3946191347011902,0.0248523097192941,0.0033511448727719,water_per_shift_diff_前7天,0.003398999616502,31 - 33日龄
"[11.04, inf)",90,0.0694980694980695,47,43,0.4777777777777778,0.1059363116029659,0.0007795640568455,0.0001346969855924,water_per_shift_diff_前7天,0.0037121579014969,31 - 33日龄
,1295,1.0,642,653,0.5042471042471043,,0.1204078437622047,0.0146085276387536,water_per_shift_diff_前7天,0.0043406351938723,31 - 33日龄
"[-inf, -65.90)",432,0.5142857142857142,37,395,0.914351851851852,-1.398567295068794,0.6831037751104783,0.0796844636233528,water_per_diff,0.0109175937799647,34 - 35日龄
"[-65.90, -56.31)",62,0.0738095238095238,12,50,0.8064516129032258,-0.4577157984520421,0.0138018497219454,0.0017677285007159,water_per_diff,0.0044847229025986,34 - 35日龄
"[-56.31, -46.39)",64,0.0761904761904762,20,44,0.6875,0.1809431968238333,0.0025930059553796,0.0002923134605983,water_per_diff,0.0036461211115834,34 - 35日龄
"[-46.39, -25.16)",132,0.1571428571428571,58,74,0.5606060606060606,0.725778474530353,0.0940402621126058,0.011183554613919,water_per_diff,0.0033507401848393,34 - 35日龄
"[-25.16, -11.92)",72,0.0857142857142857,56,16,0.2222222222222222,2.2221635256834715,0.4803243447066229,0.0494948493732139,water_per_diff,0.0019216338586532,34 - 35日龄
"[-11.92, inf)",78,0.0928571428571428,48,30,0.3846153846153846,1.4394041864338392,0.2281903636352795,0.025863504562103,water_per_diff,0.0024470154517887,34 - 35日龄
,840,1.0,231,609,0.725,,1.5020536012423116,0.1682864141339028,water_per_diff,0.0071420567041768,34 - 35日龄
"[-inf, -49.38)",44,0.0523809523809523,16,28,0.6363636363636364,0.4097847692526808,0.009542681594778,0.001130358129021,water_per_shift_diff,0.0074480410681525,34 - 35日龄
"[-49.38, -22.41)",195,0.2321428571428571,23,172,0.882051282051282,-1.0425997036961998,0.1906530283665986,0.023087429418955,water_per_shift_diff,0.0094495391414142,34 - 35日龄
"[-22.41, -17.91)",67,0.0797619047619047,11,56,0.835820895522388,-0.6580558607486753,0.02917489037802,0.003661146006145,water_per_shift_diff,0.0083102789389092,34 - 35日龄
"[-17.91, -5.20)",247,0.294047619047619,55,192,0.7773279352226721,-0.2807616296072072,0.0216679746987499,0.0028556313703447,water_per_shift_diff,0.0072708212843002,34 - 35日龄
"[-5.20, 5.59)",171,0.2035714285714285,66,105,0.6140350877192983,0.5050949490570056,0.0572275065434045,0.0068093558315075,water_per_shift_diff,0.0051290730608217,34 - 35日龄
"[5.59, inf)",116,0.1380952380952381,60,56,0.4827586206896552,1.038393428675055,0.1742281256651383,0.0204163693003238,water_per_shift_diff,0.0051655228655559,34 - 35日龄
,840,1.0,231,609,0.725,,0.4824942072466897,0.057960290056297,water_per_shift_diff,0.0071420567041768,34 - 35日龄
"[-inf, -67.92)",323,0.3836104513064133,28,295,0.913312693498452,-1.3939910320204196,0.5077319358965401,0.0587803660331658,water_per_diff_前1天,0.0117468308743415,34 - 35日龄
"[-67.92, -58.21)",71,0.0843230403800475,8,63,0.8873239436619719,-1.1029133705675005,0.0762262163763538,0.0090729300728412,water_per_diff_前1天,0.0088137041227895,34 - 35日龄
"[-58.21, -42.68)",101,0.1199524940617577,23,78,0.7722772277227723,-0.2604347966162457,0.0076480249582436,0.0009533104933546,water_per_diff_前1天,0.0048565829449831,34 - 35日龄
"[-42.68, -24.44)",147,0.17458432304038,63,84,0.5714285714285714,0.6730977416924157,0.0891553172731555,0.0109386887441901,water_per_diff_前1天,0.0036438227875345,34 - 35日龄
"[-24.44, -17.45)",59,0.0700712589073634,37,22,0.3728813559322034,1.480655273430105,0.1816371476817539,0.0208342889987004,water_per_diff_前1天,0.0026843363721475,34 - 35日龄
"[-17.45, inf)",141,0.167458432304038,74,67,0.475177304964539,1.0601522879574,0.2200665668885545,0.026288405002758,water_per_diff_前1天,0.0027999687461743,34 - 35日龄
,842,1.0,233,609,0.7232779097387173,,1.0824652090746014,0.1268679893450101,water_per_diff_前1天,0.0071250921989412,34 - 35日龄
"[-inf, -129.36)",43,0.0510688836104513,13,30,0.6976744186046512,0.1245317899435778,0.0008135546859884,0.0001016286744637,water_per_diff_前2天,0.018098724678663,34 - 35日龄
"[-129.36, -93.38)",93,0.1104513064133016,3,90,0.967741935483871,-2.440417567517959,0.3292311570716526,0.0332588456035156,water_per_diff_前2天,0.0140311137607343,34 - 35日龄
"[-93.38, -51.15)",202,0.2399049881235154,22,180,0.8910891089108911,-1.141134583387698,0.2295345446278052,0.0272298490949729,water_per_diff_前2天,0.0078262541287091,34 - 35日龄
"[-51.15, -34.01)",145,0.172209026128266,36,109,0.7517241379310344,-0.1470491296288371,0.0035991009478773,0.000449482717849,water_per_diff_前2天,0.0068687105420042,34 - 35日龄
"[-34.01, -5.78)",240,0.2850356294536817,95,145,0.6041666666666666,0.537922963324163,0.0912479173429502,0.011270430223245,water_per_diff_前2天,0.004105821587647,34 - 35日龄
"[-5.78, inf)",119,0.1413301662707838,64,55,0.4621848739495798,1.112329712271397,0.2050759184671418,0.0243896501779372,water_per_diff_前2天,0.0029741625794336,34 - 35日龄
,842,1.0,233,609,0.7232779097387173,,0.8595021931434157,0.0966998864919833,water_per_diff_前2天,0.0071250921989412,34 - 35日龄
"[-inf, -52.30)",241,0.2869047619047619,33,208,0.8630705394190872,-0.8835401807410401,0.1776251172586632,0.0213129097141928,water_per_diff_前3天,0.011469160346621,34 - 35日龄
"[-52.30, -31.08)",188,0.2238095238095238,44,144,0.7659574468085106,-0.2281333281639416,0.0110396200122605,0.0013353465343104,water_per_diff_前3天,0.0069795846476081,34 - 35日龄
"[-31.08, -13.07)",182,0.2166666666666666,54,128,0.7032967032967034,0.0944441201384547,0.001972608062511,0.0002635196889548,water_per_diff_前3天,0.0058669141258944,34 - 35日龄
"[-13.07, -5.98)",70,0.0833333333333333,26,44,0.6285714285714286,0.4313972415970187,0.0168677782525154,0.0021208135702552,water_per_diff_前3天,0.004868977948559,34 - 35日龄
"[-5.98, -1.01)",44,0.0523809523809523,23,21,0.4772727272727273,1.0484621156995244,0.0672232711722556,0.0080753363784667,water_per_diff_前3天,0.0029603308242919,34 - 35日龄
"[-1.01, inf)",115,0.1369047619047619,53,62,0.5391304347826087,0.8006478660008279,0.1003420991498658,0.0122985570364438,water_per_diff_前3天,0.0032149167380045,34 - 35日龄
,840,1.0,233,607,0.7226190476190476,,0.3750704939080717,0.0454064829226237,water_per_diff_前3天,0.0071247694830205,34 - 35日龄
"[-inf, -31.99)",297,0.3544152744630071,58,239,0.8047138047138047,-0.4618305369199504,0.0674800380870444,0.0080971949644999,water_per_diff_前5天,0.009599021212021,34 - 35日龄
"[-31.99, -18.95)",184,0.2195704057279236,46,138,0.75,-0.1444222842029687,0.0044300497066196,0.0005022791001016,water_per_diff_前5天,0.0066947123163995,34 - 35日龄
"[-18.95, -8.32)",141,0.1682577565632458,45,96,0.6808510638297872,0.1965043027676242,0.0067706267409807,0.0008996230763585,water_per_diff_前5天,0.0061231622974924,34 - 35日龄
"[-8.32, -4.42)",47,0.0560859188544152,17,30,0.6382978723404256,0.3862059668592016,0.0090274086532193,0.0011562480646384,water_per_diff_前5天,0.0050383869055275,34 - 35日龄
"[-4.42, 5.98)",79,0.094272076372315,38,41,0.5189873417721519,0.878204097487219,0.0837117614864382,0.0102592064230689,water_per_diff_前5天,0.0043171257592074,34 - 35日龄
"[5.98, inf)",90,0.107398568019093,29,61,0.6777777777777778,0.2106119702783036,0.0049782505229475,0.0006584380493182,water_per_diff_前5天,0.0048978680836339,34 - 35日龄
,838,1.0,233,605,0.7219570405727923,,0.1763981351972499,0.0215729896779855,water_per_diff_前5天,0.007117860975177,34 - 35日龄
"[-inf, -42.91)",121,0.1445639187574671,30,91,0.7520661157024794,-0.1571263804855803,0.0034421498382531,0.0003843183453461,water_per_diff_前7天,0.0090765369180583,34 - 35日龄
"[-42.91, -24.14)",181,0.2162485065710872,49,132,0.7292817679558011,-0.0384458801066298,0.0003168946716005,2.4343014838563992e-05,water_per_diff_前7天,0.0075031711609301,34 - 35日龄
"[-24.14, -21.16)",50,0.05973715651135,22,28,0.56,0.7113736875522264,0.0341907428488421,0.0042659529366074,water_per_diff_前7天,0.0046274999527508,34 - 35日龄
"[-21.16, -1.64)",277,0.3309438470728793,80,197,0.7111913357400722,0.0513586503050073,0.0008827883856394,0.0001479904455012,water_per_diff_前7天,0.0068015941310191,34 - 35日龄
"[-1.64, 3.46)",64,0.076463560334528,18,46,0.71875,0.0142661057761842,1.561109264085201e-05,4.8383394958725055e-06,water_per_diff_前7天,0.0067405627426833,34 - 35日龄
"[3.46, inf)",144,0.1720430107526881,34,110,0.7638888888888888,-0.2215840968071404,0.0080205595680838,0.0009236441374349,water_per_diff_前7天,0.0066506094384278,34 - 35日龄
,837,1.0,233,604,0.7216248506571087,,0.04686874640506,0.005751087219224,water_per_diff_前7天,0.0071216670176924,34 - 35日龄
"[-inf, -42.26)",56,0.0665083135391924,2,54,0.9642857142857144,-2.335057051860133,0.1870059855905237,0.0191906547796999,water_per_shift_diff_前1天,0.0137777448362085,34 - 35日龄
"[-42.26, -25.67)",151,0.179334916864608,22,129,0.8543046357615894,-0.8079901368591597,0.0948597059129984,0.0115450904947381,water_per_shift_diff_前1天,0.0098721121975254,34 - 35日龄
"[-25.67, -5.60)",344,0.4085510688836104,88,256,0.7441860465116279,-0.1070608158571594,0.0045692319135073,0.0005708813713582,water_per_shift_diff_前1天,0.0067339245630639,34 - 35日龄
"[-5.60, 0.37)",97,0.1152019002375296,30,67,0.6907216494845361,0.1572845764153856,0.0029473469396006,0.0003680390825988,water_per_shift_diff_前1天,0.0062439435487538,34 - 35日龄
"[0.37, 4.68)",68,0.0807600950118764,26,42,0.6176470588235294,0.4812067338823102,0.0205102174571711,0.0025393239038311,water_per_shift_diff_前1天,0.0047618960744397,34 - 35日龄
"[4.68, inf)",126,0.1496437054631829,65,61,0.4841269841269841,1.0242932198665222,0.1831495209514887,0.0219425973606115,water_per_shift_diff_前1天,0.0038979640624563,34 - 35日龄
,842,1.0,233,609,0.7232779097387173,,0.49304200876529,0.0561565869928376,water_per_shift_diff_前1天,0.0071250921989412,34 - 35日龄
"[-inf, -37.88)",72,0.0857142857142857,8,64,0.8888888888888888,-1.1219512041860382,0.0797727606344776,0.0094083145131268,water_per_shift_diff_前2天,0.0148966968724338,34 - 35日龄
"[-37.88, -19.59)",198,0.2357142857142857,30,168,0.8484848484848485,-0.7652762602473059,0.1132728555409853,0.0136822358789928,water_per_shift_diff_前2天,0.009380443601178,34 - 35日龄
"[-19.59, -0.99)",299,0.3559523809523809,83,216,0.7224080267558528,0.0010525376062304,3.9442903698769094e-07,8.376677935637792e-07,water_per_shift_diff_前2天,0.0062955415089593,34 - 35日龄
"[-0.99, 2.57)",70,0.0833333333333333,24,46,0.6571428571428571,0.3069027713526484,0.0083544319824345,0.0010608971843604,water_per_shift_diff_前2天,0.0050216316152136,34 - 35日龄
"[2.57, 15.03)",143,0.1702380952380952,67,76,0.5314685314685315,0.8314496165984328,0.134983947272639,0.0165061585297633,water_per_shift_diff_前2天,0.0040741056403389,34 - 35日龄
"[15.03, inf)",58,0.069047619047619,21,37,0.6379310344827587,0.3910948625729962,0.0114095028881658,0.0014387398992342,water_per_shift_diff_前2天,0.004111002190975,34 - 35日龄
,840,1.0,233,607,0.7226190476190476,,0.3477938927477393,0.042097183673271,water_per_shift_diff_前2天,0.0071247694830205,34 - 35日龄
"[-inf, -27.20)",105,0.1252983293556085,27,78,0.7428571428571429,-0.1066819562201217,0.0013917505585698,0.0001525641991252,water_per_shift_diff_前3天,0.0125272905913812,34 - 35日龄
"[-27.20, -21.10)",69,0.0823389021479713,10,59,0.855072463768116,-0.8207623464465328,0.0448154348994357,0.0053449379954043,water_per_shift_diff_前3天,0.0094228249349246,34 - 35日龄
"[-21.10, -11.48)",145,0.1730310262529833,30,115,0.7931034482758621,-0.3895447422359538,0.0238897194099941,0.0028584877695096,water_per_shift_diff_前3天,0.0076789005373617,34 - 35日龄
"[-11.48, -2.52)",162,0.1933174224343675,47,115,0.7098765432098766,0.0594054778119492,0.0006911288873947,0.0001062544463398,water_per_shift_diff_前3天,0.006127658969393,34 - 35日龄
"[-2.52, 10.09)",231,0.2756563245823389,69,162,0.7012987012987013,0.1007001738300162,0.0028567374535965,0.0004038535137341,water_per_shift_diff_前3天,0.0059522413328945,34 - 35日龄
"[10.09, inf)",126,0.1503579952267303,50,76,0.6031746031746031,0.5354796696069558,0.0476429327578508,0.0060111448749981,water_per_shift_diff_前3天,0.0041122062359986,34 - 35日龄
,838,1.0,233,605,0.7219570405727923,,0.1212877039668418,0.014877242799111,water_per_shift_diff_前3天,0.007117860975177,34 - 35日龄
"[-inf, -18.51)",94,0.1121718377088305,12,82,0.8723404255319149,-0.967622593011112,0.0813142073338036,0.009620659146355,water_per_shift_diff_前5天,0.0096558694410352,34 - 35日龄
"[-18.51, -15.29)",49,0.058472553699284,9,40,0.8163265306122449,-0.5374648723125759,0.0147744218792695,0.0017745524294534,water_per_shift_diff_前5天,0.0082962801073668,34 - 35日龄
"[-15.29, -7.76)",139,0.1658711217183771,32,107,0.7697841726618705,-0.2529029271970386,0.0099948370688802,0.0011780582083569,water_per_shift_diff_前5天,0.009718996953559,34 - 35日龄
"[-7.76, 7.25)",366,0.4367541766109785,102,264,0.7213114754098361,0.0032137146030958,4.513996321164768e-06,5.233472099790354e-06,water_per_shift_diff_前5天,0.0062999321255174,34 - 35日龄
"[7.25, inf)",190,0.2267303102625298,78,112,0.5894736842105263,0.5923999598596381,0.0886467190669968,0.0131368456078267,water_per_shift_diff_前5天,0.0052309595262949,34 - 35日龄
,838,1.0,233,605,0.7219570405727923,,0.1947346993452713,0.0257153488640918,water_per_shift_diff_前5天,0.007117860975177,34 - 35日龄
"[-inf, -19.18)",104,0.1247002398081534,19,85,0.8173076923076923,-0.544692203681365,0.032299954396903,0.0038520193971064,water_per_shift_diff_前7天,0.0074041496784168,34 - 35日龄
"[-19.18, -13.77)",70,0.0839328537170263,15,55,0.7857142857142857,-0.3457629104877497,0.0092342740872329,0.0010921462079541,water_per_shift_diff_前7天,0.0068433739540551,34 - 35日龄
"[-13.77, -10.33)",86,0.1031175059952038,23,63,0.7325581395348837,-0.0541204368198719,0.0002983785109355,2.773799566783779e-05,water_per_shift_diff_前7天,0.0069236157025817,34 - 35日龄
"[-10.33, -8.78)",47,0.0563549160671462,21,26,0.5531914893617021,0.739945973344452,0.0350200687636529,0.0043302645685207,water_per_shift_diff_前7天,0.0069858605080054,34 - 35日龄
"[-8.78, inf)",527,0.63189448441247,154,373,0.7077798861480076,0.0688942564123247,0.0030445594467927,0.0009774269127898,water_per_shift_diff_前7天,0.0071628798500518,34 - 35日龄
,834,1.0,232,602,0.7218225419664268,,0.0798972352055173,0.0102795950820389,water_per_shift_diff_前7天,0.0071315009815525,34 - 35日龄
"(-inf, -14.84)",147,0.1425800193986421,139,8,0.0544217687074829,-0.3811290697043707,0.0247761479090801,0.0030784089569403,water_per_diff,0.0008979655715942,10 - 12日龄
"[-14.84, -6.43)",333,0.3229873908826382,322,11,0.033033033033033,0.1404948115908113,0.005977420902566,0.0007465637026891,water_per_diff,0.00085314460333,10 - 12日龄
"[-6.43, -1.57)",229,0.2221144519883608,222,7,0.0305676855895196,0.2206057716617397,0.0097735290691744,0.0012192198158352,water_per_diff,0.000859262000442,10 - 12日龄
"[-1.57, 3.02)",183,0.1774975751697381,182,1,0.0054644808743169,1.9678452259215689,0.3105785501829275,0.0335654389078118,water_per_diff,0.0008544728281346,10 - 12日龄
"[3.02, inf)",139,0.1348205625606207,127,12,0.0863309352517985,-0.8768810244846357,0.1575475599977435,0.0190858006377606,water_per_diff,0.0010244985899862,10 - 12日龄
,1031,1.0,992,39,0.037827352085354,,0.5086532080614915,0.057695432021037,water_per_diff,0.0008842317377217,10 - 12日龄
"[-inf, -3.64)",318,0.3084384093113482,308,10,0.0314465408805031,0.1913532288243024,0.0103471607397756,0.00188667381773,water_per_shift_diff,0.0008931406651062,10 - 12日龄
"[-3.64, -2.22)",80,0.0775945683802133,79,1,0.0125,1.1332863913117952,0.0611930125995228,0.0072643941347653,water_per_shift_diff,0.0007963397988749,10 - 12日龄
"[-2.22, 1.49)",268,0.2599418040737148,260,8,0.0298507462686567,0.2450786281804655,0.0139617787559384,0.0017408677434363,water_per_shift_diff,0.0008275690126024,10 - 12日龄
"[1.49, inf)",365,0.3540252182347235,345,20,0.0547945205479452,-0.3883493176778575,0.0640924936252357,0.0081537398901437,water_per_shift_diff,0.0009373383857534,10 - 12日龄
,1031,1.0,992,39,0.037827352085354,,0.1495944457204726,0.0190456755860753,water_per_shift_diff,0.0008842317377218,10 - 12日龄
"[-inf, -18.78)",52,0.0504364694471387,47,5,0.0961538461538461,-0.995451771879268,0.0804584804245882,0.0096616003383927,water_per_diff_前1天,0.0011353098317803,10 - 12日龄
"[-18.78, -3.44)",506,0.4907856450048496,485,21,0.0415019762845849,-0.0965350079411661,0.004783333597581,0.0007225622524068,water_per_diff_前1天,0.0008635372316499,10 - 12日龄
"[-3.44, 0.13)",220,0.2133850630455868,219,1,0.0045454545454545,2.1529102686612744,0.4200868387645771,0.0442590211237246,water_per_diff_前1天,0.000746390281458,10 - 12日龄
"[0.13, 2.30)",85,0.0824442289039767,83,2,0.0235294117647058,0.4895319660814263,0.0158546203861669,0.0019622729801275,water_per_diff_前1天,0.0009228780158564,10 - 12日龄
"[2.30, inf)",168,0.1629485935984481,158,10,0.0595238095238095,-0.4761515211223052,0.0462514840875109,0.0057274318508398,water_per_diff_前1天,0.0010298004634238,10 - 12日龄
,1031,1.0,992,39,0.037827352085354,,0.5674347572604242,0.0623328885454914,water_per_diff_前1天,0.0008842317377218,10 - 12日龄
"[-inf, -15.65)",67,0.0664682539682539,62,5,0.0746268656716417,-0.6950064931501286,0.0446344568515086,0.0057771264257437,water_per_diff_前2天,0.0010333504011388,10 - 12日龄
"[-15.65, -5.26)",301,0.2986111111111111,288,13,0.0431893687707641,-0.1146918430867106,0.0041426362312021,0.000742153666349,water_per_diff_前2天,0.0009317264156617,10 - 12日龄
"[-5.26, -0.68)",212,0.2103174603174603,207,5,0.0235849056603773,0.5105779150701489,0.0436121169020782,0.0048515880026101,water_per_diff_前2天,0.0008308605580739,10 - 12日龄
"[-0.68, 0.13)",98,0.0972222222222222,97,1,0.010204081632653,1.3620080127422631,0.1014180769986697,0.0112431602295125,water_per_diff_前2天,0.0007314435001994,10 - 12日龄
"[0.13, 5.20)",225,0.2232142857142857,216,9,0.04,-0.0346491354131742,0.0002723080420659,9.460984807166524e-05,water_per_diff_前2天,0.0008695448857569,10 - 12日龄
"[5.20, inf)",105,0.1041666666666666,99,6,0.0571428571428571,-0.4093425848545848,0.0211544036469266,0.0029013817382855,water_per_diff_前2天,0.0009533280668208,10 - 12日龄
,1008,1.0,969,39,0.0386904761904761,,0.2152339986724513,0.0256100199105724,water_per_diff_前2天,0.000886165749636,10 - 12日龄
"[-inf, -10.13)",125,0.1257545271629778,118,7,0.056,-0.3733752189407323,0.0208817446920001,0.0030911757776614,water_per_diff_前3天,0.0010251584430684,10 - 12日龄
"[-10.13, -3.99)",176,0.1770623742454728,170,6,0.034090909090909,0.1458892734711228,0.0035253147032893,0.0002362021306041,water_per_diff_前3天,0.0008586171479381,10 - 12日龄
"[-3.99, 0.24)",335,0.3370221327967806,331,4,0.0119402985074626,1.2176743199060884,0.2971524202879967,0.0412425767649007,water_per_diff_前3天,0.0007690973675925,10 - 12日龄
"[0.24, inf)",358,0.3601609657947686,336,22,0.0614525139664804,-0.4720809877461954,0.1002086800676982,0.0142176021653731,water_per_diff_前3天,0.0009726520023445,10 - 12日龄
,994,1.0,955,39,0.039235412474849,,0.4217681597509844,0.0587875568385393,water_per_diff_前3天,0.000890461225758,10 - 12日龄
"[-inf, -5.69)",172,0.1771369721936148,159,13,0.0755813953488372,-0.6698163237972499,0.1090008681429716,0.0154940499031361,water_per_diff_前5天,0.0010070177167997,10 - 12日龄
"[-5.69, -2.77)",110,0.1132852729145211,108,2,0.0181818181818181,0.8152128780083296,0.0526609397370847,0.0052948272236489,water_per_diff_前5天,0.0008925680443943,10 - 12日龄
"[-2.77, -1.11)",90,0.0926879505664263,89,1,0.0111111111111111,1.3148652011761952,0.091846669577043,0.009423577603927,water_per_diff_前5天,0.0007540124873924,10 - 12日龄
"[-1.11, 0.16)",323,0.3326467559217301,313,10,0.0309597523219814,0.2698469289901629,0.0214330385164135,0.0015302042481277,water_per_diff_前5天,0.0008439770683324,10 - 12日龄
"[0.16, inf)",276,0.2842430484037075,263,13,0.0471014492753623,-0.166566493839717,0.0085189587335763,0.0019479575961632,water_per_diff_前5天,0.000943380418699,10 - 12日龄
,971,1.0,932,39,0.0401647785787847,,0.2834604747070894,0.0336906165750029,water_per_diff_前5天,0.0008982783158295,10 - 12日龄
"[-inf, -0.04)",476,0.505307855626327,453,23,0.0483193277310924,-0.1617629977334547,0.0142484828057238,0.0042433984014442,water_per_diff_前7天,0.0009297888080186,10 - 12日龄
"[-0.04, 0.06)",185,0.1963906581740976,183,2,0.0108108108108108,1.3741780649941366,0.2080172435040958,0.0199682225591742,water_per_diff_前7天,0.0007880764273102,10 - 12日龄
"[0.06, inf)",281,0.2983014861995753,267,14,0.0498220640569395,-0.193969578502348,0.0122769739183273,0.0032220998582886,water_per_diff_前7天,0.0009397884827193,10 - 12日龄
,942,1.0,903,39,0.0414012738853503,,0.234542700228147,0.027433720818907,water_per_diff_前7天,0.0009049407381246,10 - 12日龄
"[-inf, -0.63)",564,0.5595238095238095,542,22,0.0390070921985815,-0.0084794176797895,4.0387795569371406e-05,0.0093173326935162,water_per_shift_diff_前1天,0.0008865528999162,10 - 12日龄
"[-0.63, 1.37)",140,0.1388888888888889,135,5,0.0357142857142857,0.0831339002432093,0.0009239299860323,5.87982651916038e-05,water_per_shift_diff_前1天,0.0008023494441255,10 - 12日龄
"[1.37, inf)",304,0.3015873015873015,292,12,0.0394736842105263,-0.0208558132808383,0.0001324493976714,7.387404516440415e-05,water_per_shift_diff_前1天,0.0009240470983647,10 - 12日龄
,1008,1.0,969,39,0.0386904761904761,,0.0010967671792731,0.0094500050038722,water_per_shift_diff_前1天,0.0008861657496361,10 - 12日龄
"[-inf, -11.96)",52,0.0523665659617321,48,4,0.0769230769230769,-0.7121953755306397,0.0372119499551567,0.0049712295837518,water_per_shift_diff_前2天,0.0009246699072889,10 - 12日龄
"[-11.96, -1.41)",357,0.3595166163141994,337,20,0.0560224089635854,-0.3727513685202693,0.0594803223916797,0.0088482634783141,water_per_shift_diff_前2天,0.0009952291944651,10 - 12日龄
"[-1.41, -0.59)",63,0.0634441087613293,61,2,0.0317460317460317,0.2206246582947259,0.0027929423764128,0.0002314022247155,water_per_shift_diff_前2天,0.000812389942446,10 - 12日龄
"[-0.59, 3.85)",297,0.2990936555891239,294,3,0.0101010101010101,1.3878654533519317,0.3209480825845299,0.0344270636602559,water_per_shift_diff_前2天,0.0007766148790395,10 - 12日龄
"[3.85, 4.73)",70,0.0704934541792547,69,1,0.0142857142857142,1.0370044792786193,0.0484136101840284,0.0052615772431736,water_per_shift_diff_前2天,0.0008302415951404,10 - 12日龄
"[4.73, inf)",154,0.1550855991943605,145,9,0.0584415584415584,-0.417592860234285,0.0328969702022977,0.0047875645796289,water_per_shift_diff_前2天,0.0009145085892168,10 - 12日龄
,993,1.0,954,39,0.039274924471299,,0.5017438776941056,0.0585271007698398,water_per_shift_diff_前2天,0.0008903988695378,10 - 12日龄
"[-inf, -1.40)",338,0.3448979591836735,320,18,0.0532544378698224,-0.3054322555581257,0.0371022914869104,0.0061889943341931,water_per_shift_diff_前3天,0.0010246038748339,10 - 12日龄
"[-1.40, 0.12)",199,0.2030612244897959,196,3,0.0150753768844221,0.9961208771066744,0.1308563925047352,0.01372251684428,water_per_shift_diff_前3天,0.0007541601168138,10 - 12日龄
"[0.12, 5.04)",339,0.3459183673469387,331,8,0.023598820058997,0.5392953402414938,0.079074313355663,0.0081708272770578,water_per_shift_diff_前3天,0.0008165685351914,10 - 12日龄
"[5.04, inf)",104,0.1061224489795918,94,10,0.0961538461538461,-0.9426718041797748,0.1475437162649834,0.0193232006767855,water_per_shift_diff_前3天,0.0009969234134305,10 - 12日龄
,980,1.0,941,39,0.0397959183673469,,0.3945767136122921,0.0474055391323164,water_per_shift_diff_前3天,0.0008947864707821,10 - 12日龄
"[-inf, -3.27)",135,0.1409185803757829,127,8,0.0592592592592592,-0.3949789314472853,0.0264377237393498,0.0045018977287066,water_per_shift_diff_前5天,0.0010006337500503,10 - 12日龄
"[-3.27, 1.68)",720,0.7515657620041754,690,30,0.0416666666666666,-0.024230260296891,0.0004461921206425,0.0014126339274984,water_per_shift_diff_前5天,0.000893601139974,10 - 12日龄
"[1.68, inf)",103,0.1075156576200417,102,1,0.0097087378640776,1.4652483370582303,0.1250577456840246,0.0124162084816665,water_per_shift_diff_前5天,0.0008311790999956,10 - 12日龄
,958,1.0,919,39,0.0407098121085595,,0.1519416615440169,0.0183307401378716,water_per_shift_diff_前5天,0.0009019726767616,10 - 12日龄
"[-inf, -1.69)",105,0.1143790849673202,99,6,0.0571428571428571,-0.3118628706489957,0.012854416038827,0.0029013817382855,water_per_shift_diff_前7天,0.0010097268247807,10 - 12日龄
"[-1.69, -0.04)",211,0.2298474945533769,200,11,0.0521327014218009,-0.2148011578058644,0.0117109583716682,0.0033600250304452,water_per_shift_diff_前7天,0.0008954444954742,10 - 12日龄
"[-0.04, 0.16)",258,0.2810457516339869,253,5,0.0193798449612403,0.8087283247378894,0.1290907906118762,0.0107756951594389,water_per_shift_diff_前7天,0.0008355414322173,10 - 12日龄
"[0.16, inf)",344,0.3747276688453159,327,17,0.0494186046511627,-0.1584764247144933,0.0101240736887704,0.0099358188588915,water_per_shift_diff_前7天,0.0009423895469687,10 - 12日龄
,918,1.0,879,39,0.0424836601307189,,0.1637802387111421,0.0269729207870611,water_per_shift_diff_前7天,0.0009092721120003,10 - 12日龄
"[-inf, -5.76)",72,0.0655737704918032,70,2,0.0277777777777777,1.5032777166057096,0.0840970325491079,0.0096221762771219,water_per_shift_diff_前2天,0.0010460735267277,16 - 18日龄
"[-5.76, 8.45)",718,0.6539162112932605,639,79,0.1100278551532033,0.0383862570268095,0.0009493595982457,0.0001186626644535,water_per_shift_diff_前2天,0.0013567695121624,16 - 18日龄
"[8.45, 14.47)",240,0.2185792349726776,200,40,0.1666666666666666,-0.4426324324496035,0.0506593501311283,0.0062812253595439,water_per_shift_diff_前2天,0.0014142724074826,16 - 18日龄
"[14.47, inf)",68,0.0619307832422586,64,4,0.0588235294117647,0.7205183773560773,0.0243361931689929,0.0029778837259201,water_per_shift_diff_前2天,0.0011452500567093,16 - 18日龄
,1098,1.0,973,125,0.1138433515482695,,0.1600419354474749,0.0189999480270396,water_per_shift_diff_前2天,0.0013358653782414,16 - 18日龄
"[-inf, -1.53)",475,0.4519505233111323,417,58,0.1221052631578947,-0.0855661103216796,0.0034200830152559,0.000427380006192,water_per_shift_diff_前5天,0.0013575553087247,16 - 18日龄
"[-1.53, 0.40)",165,0.1569933396764985,151,14,0.0848484848484848,0.3200131856256039,0.0141990197863418,0.0017673426063518,water_per_shift_diff_前5天,0.0012782572136162,16 - 18日龄
"[0.40, 3.40)",170,0.1617507136060894,157,13,0.0764705882352941,0.4330871263127094,0.0256436249729105,0.0031806345107711,water_per_shift_diff_前5天,0.0012730938346347,16 - 18日龄
"[3.40, 7.03)",141,0.1341579448144624,125,16,0.1134751773049645,-0.0024843065115419,8.287890948087771e-07,1.03598610224861e-07,water_per_shift_diff_前5天,0.0012903568301518,16 - 18日龄
"[7.03, inf)",100,0.0951474785918173,82,18,0.18,-0.5418618322059732,0.034287755062047,0.0042342930152511,water_per_shift_diff_前5天,0.0015316876751673,16 - 18日龄
,1051,1.0,932,119,0.1132254995242626,,0.0775513116256502,0.0096097537371764,water_per_shift_diff_前5天,0.0013389973780656,16 - 18日龄
"[-inf, -8.21)",61,0.0547085201793721,53,8,0.1311475409836065,-0.1606452394169906,0.0015017761630601,0.0001875204253987,water_per_shift_diff_前1天,0.0012160532157381,16 - 18日龄
"[-8.21, 0.27)",396,0.3551569506726457,364,32,0.0808080808080808,0.3799223535477375,0.0442429263766739,0.0054973432302828,water_per_shift_diff_前1天,0.0012698463758476,16 - 18日龄
"[0.27, 6.52)",457,0.4098654708520179,400,57,0.12472647702407,-0.1030823320158447,0.0045315609630479,0.0005661944607487,water_per_shift_diff_前1天,0.0013610164505442,16 - 18日龄
"[6.52, inf)",201,0.1802690582959641,171,30,0.1492537313432835,-0.3110294364487721,0.0196395025740669,0.0024450900640333,water_per_shift_diff_前1天,0.0014501421838741,16 - 18日龄
,1115,1.0,988,127,0.1139013452914798,,0.0699157660768488,0.0086961481804636,water_per_shift_diff_前1天,0.001336772652783,16 - 18日龄
"[-inf, -1.67)",377,0.3436645396536007,361,16,0.042440318302387266,0.3182339074162581,0.030283565012946868,0.0037695526261542905,water_per_shift_diff_前7天,0.0011429327390094508,19 - 21日龄
"[-1.67, 12.78)",617,0.5624430264357339,579,38,0.06158833063209076,-0.07433901083023219,0.0032124330767723344,0.0004014616974707518,water_per_shift_diff_前7天,0.0012132570299139,19 - 21日龄
"[12.78, inf)",103,0.09389243391066546,94,9,0.08737864077669903,-0.4519851237430571,0.023479746687951015,0.0029102380007618115,water_per_shift_diff_前7天,0.0010876906733825,19 - 21日龄
,1097,1.0,1034,63,0.05742935278030994,,0.056975744777670215,0.007081252324386854,water_per_shift_diff_前7天,0.001177299334021729,19 - 21日龄
