Bin,Count,Count (%),Non-event,Event,Event rate,WoE,IV,JS,feature,MORTALITY_RATE,Age_interval
"[-inf, -18.26)",64,0.059534883720930236,58,6,0.09375,-0.2656158637992124,0.004705766282040848,0.0005864976942724,water_per_diff,0.0011507374446289,13 - 15日龄
"[-18.26, -3.55)",378,0.3516279069767442,362,16,0.042328042328042326,0.5847560844684131,0.09410021785291861,0.018313822789105698,water_per_diff,0.0010855838295322276,13 - 15日龄
"[-3.55, 3.03)",223,0.20744186046511628,209,14,0.06278026905829596,0.16897751723197574,0.005512750835423742,0.0006882751908663,water_per_diff,0.0011111369906305,13 - 15日龄
"[3.03, inf)",410,0.3813953488372093,367,43,0.1048780487804878,-0.390137672756569,0.06859786872282972,0.0085207633558341,water_per_diff,0.0013178944376097,13 - 15日龄
,1075,1.0,996,79,0.07348837209302325,,0.17291660369321293,0.028109359030078503,water_per_diff,0.0011833657231162887,13 - 15日龄
"[-inf, 7.28)",700,0.6511627906976745,648,52,0.07428571428571429,-0.011652427346729357,8.885486767370223e-05,0.0007211095357985,water_per_shift_diff,0.0011773276060465245,13 - 15日龄
"[7.28, 8.16)",59,0.05488372093023256,58,1,0.01694915254237288,1.5261436054288426,0.06955354289395341,0.0079379090837763,water_per_shift_diff,0.0010506403831753,13 - 15日龄
"[8.16, inf)",316,0.293953488372093,290,26,0.08227848101265822,-0.1225150201585389,0.004649355017454588,0.0007596367590916999,water_per_shift_diff,0.001221522295918038,13 - 15日龄
,1075,1.0,996,79,0.07348837209302325,,0.07429175277908169,0.0094186553786665,water_per_shift_diff,0.0011833657231162882,13 - 15日龄
"[-inf, -15.26)",144,0.13395348837209303,135,9,0.0625,0.17375079598463325,0.0037561652174503217,0.0004689309373162,water_per_diff_前1天,0.0011791410821124,13 - 15日龄
"[-15.26, -12.67)",76,0.07069767441860465,75,1,0.013157894736842105,1.783188708418734,0.11170424919673555,0.0123648620055338,water_per_diff_前1天,0.0009969543675265,13 - 15日龄
"[-12.67, -10.10)",77,0.07162790697674419,74,3,0.03896103896103896,0.6711533994184832,0.0243779728475678,0.002991311817861,water_per_diff_前1天,0.0009134880435102,13 - 15日龄
"[-10.10, 1.60)",480,0.44651162790697674,443,37,0.07708333333333334,-0.051647547716665645,0.0012176071503026645,0.0001521839797439,water_per_diff_前1天,0.001164786878261,13 - 15日龄
"[1.60, 9.29)",190,0.17674418604651163,173,17,0.08947368421052632,-0.214221154676014,0.008889127014605078,0.0011090211133992,water_per_diff_前1天,0.0013054874082565,13 - 15日龄
"[9.29, inf)",108,0.10046511627906977,96,12,0.1111111111111111,-0.4548578634377408,0.025250611909613797,0.003129395287703,water_per_diff_前1天,0.0013803186676807,13 - 15日龄
,1075,1.0,996,79,0.07348837209302325,,0.17519573333627525,0.020215705141557103,water_per_diff_前1天,0.0011833657231162939,13 - 15日龄
"[-inf, -18.17)",100,0.09416195856873823,90,10,0.1,-0.35161164198218553,0.013536897548790052,0.0015189571926999,water_per_diff_前2天,0.0012994287484161997,13 - 15日龄
"[-18.17, -12.80)",162,0.15254237288135594,153,9,0.05555555555555555,0.284377124737811,0.010933399640522869,0.0014775054774069,water_per_diff_前2天,0.0010919203564425,13 - 15日龄
"[-12.80, -10.32)",96,0.0903954802259887,94,2,0.020833333333333332,1.3013113823916536,0.09038576521114418,0.0106046996768547,water_per_diff_前2天,0.00095638144031,13 - 15日龄
"[-10.32, -4.83)",249,0.2344632768361582,234,15,0.060240963855421686,0.19843469493708638,0.008484721678172208,0.0011974686351274,water_per_diff_前2天,0.0011037664623807,13 - 15日龄
"[-4.83, 2.20)",283,0.2664783427495292,259,24,0.08480565371024736,-0.17006198796681285,0.008289526923505926,0.0008498140594329,water_per_diff_前2天,0.001212052219043,13 - 15日龄
"[2.20, inf)",172,0.16195856873822975,155,17,0.09883720930232558,-0.3386244464553744,0.021475161018529244,0.002402625936404,water_per_diff_前2天,0.0014024956535863,13 - 15日龄
,1062,1.0,985,77,0.07250470809792843,,0.1531054720206645,0.018051070977925802,water_per_diff_前2天,0.00118429799472116,13 - 15日龄
"[-inf, -14.69)",150,0.14395393474088292,138,12,0.08,-0.11436334654777953,0.001977409673504524,0.0001533284846577,water_per_diff_前3天,0.0011552306905885,13 - 15日龄
"[-14.69, -9.34)",183,0.17562380038387715,169,14,0.07650273224043716,-0.06586899660916896,0.0007837979189757022,4.0936813722128405e-05,water_per_diff_前3天,0.0011895007929068,13 - 15日龄
"[-9.34, -7.94)",76,0.07293666026871401,75,1,0.013157894736842105,1.7607777316193265,0.11308793759231746,0.0123648620055338,water_per_diff_前3天,0.0010083296534466,13 - 15日龄
"[-7.94, 2.86)",484,0.46449136276391556,453,31,0.0640495867768595,0.12519453908090392,0.006901451461502296,0.0011505409979628,water_per_diff_前3天,0.001162275499574,13 - 15日龄
"[2.86, inf)",149,0.14299424184261036,132,17,0.11409395973154363,-0.5071218033868291,0.045723122679717,0.0049598007895434,water_per_diff_前3天,0.0013869040155264,13 - 15日龄
,1042,1.0,967,75,0.07197696737044146,,0.16847371932601699,0.018669469091419828,water_per_diff_前3天,0.0011869350695387817,13 - 15日龄
"[-inf, -5.62)",358,0.3597989949748744,319,39,0.10893854748603352,-0.4493336588315986,0.08809390033882414,0.0093050989613709,water_per_diff_前5天,0.0012500275488831,13 - 15日龄
"[-5.62, -3.23)",84,0.08442211055276382,78,6,0.07142857142857142,0.01398624197473987,1.6415776965657168e-05,9.056269380415668e-06,water_per_diff_前5天,0.0011773044443322,13 - 15日龄
"[-3.23, -1.44)",87,0.08743718592964825,86,1,0.011494252873563218,1.903384180766711,0.15091084700342783,0.0153879386137382,water_per_diff_前5天,0.0010834730221011,13 - 15日龄
"[-1.44, 1.69)",225,0.22613065326633167,220,5,0.022222222222222223,1.2332265184314644,0.2083027517363848,0.0231345427390495,water_per_diff_前5天,0.0010517074415034,13 - 15日龄
"[1.69, 5.14)",136,0.13668341708542714,127,9,0.0661764705882353,0.09599939363557514,0.0012090931213581389,0.0001912288436344,water_per_diff_前5天,0.0012520744293672,13 - 15日龄
"[5.14, inf)",105,0.10552763819095477,93,12,0.11428571428571428,-0.5032702721215413,0.03316967304520812,0.0035251346261572,water_per_diff_前5天,0.0013773042925421,13 - 15日龄
,995,1.0,923,72,0.07236180904522613,,0.4817026810221687,0.05155300005333061,water_per_diff_前5天,0.0011981897851215829,13 - 15日龄
"[-inf, -4.23)",221,0.22783505154639175,197,24,0.1085972850678733,-0.41835405089610145,0.047674348041983346,0.0056433298828055,water_per_diff_前7天,0.0012372700362817,13 - 15日龄
"[-4.23, -1.33)",160,0.16494845360824742,156,4,0.025,1.140057696843502,0.13471357343300477,0.0142142949387269,water_per_diff_前7天,0.001019084049968,13 - 15日龄
"[-1.33, 0.10)",224,0.2309278350515464,214,10,0.044642857142857144,0.5398869727416615,0.05367473182354925,0.0057711773122062,water_per_diff_前7天,0.0011102933697778,13 - 15日龄
"[0.10, 0.93)",119,0.12268041237113401,112,7,0.058823529411764705,0.249084772953637,0.006849677157751278,0.0007084923853043,water_per_diff_前7天,0.0012399959946899,13 - 15日龄
"[0.93, inf)",246,0.2536082474226804,219,27,0.10975609756097561,-0.4302690854739726,0.05641891404739451,0.008940318276503755,water_per_diff_前7天,0.0013861880566610643,13 - 15日龄
,970,1.0,898,72,0.07422680412371134,,0.29933124450368315,0.035277612795546656,water_per_diff_前7天,0.0012100594084021473,13 - 15日龄
"[-inf, -0.25)",443,0.4171374764595104,418,25,0.056433408577878104,0.26776938833815056,0.026693972512687136,0.0036305144412479,water_per_shift_diff_前1天,0.0011196343574544,13 - 15日龄
"[-0.25, 0.73)",60,0.05649717514124294,59,1,0.016666666666666666,1.5287012245873144,0.07171361272439401,0.008187896959477,water_per_shift_diff_前1天,0.0010013914693062,13 - 15日龄
"[0.73, 1.92)",56,0.05273069679849341,52,4,0.07142857142857142,0.016113138143131707,1.3596688524760038e-05,6.037512920268511e-06,water_per_shift_diff_前1天,0.001329945170913,13 - 15日龄
"[1.92, inf)",503,0.4736346516007533,456,47,0.09343936381709742,-0.27649101151407746,0.040767341047688414,0.004476624226421,water_per_shift_diff_前1天,0.001246850958871,13 - 15日龄
,1062,1.0,985,77,0.07250470809792843,,0.13918852297329432,0.016301073140066166,water_per_shift_diff_前1天,0.001184297994721198,13 - 15日龄
"[-inf, -0.61)",551,0.5287907869481766,507,44,0.07985480943738657,-0.11238901224406178,0.0070091072372270415,0.0022739222458716003,water_per_shift_diff_前2天,0.0011999601959604676,13 - 15日龄
"[-0.61, 0.89)",126,0.12092130518234165,124,2,0.015873015873015872,1.5704240031281078,0.15950007869068103,0.0178933420725003,water_per_shift_diff_前2天,0.0010623368590491,13 - 15日龄
"[0.89, inf)",365,0.3502879078694818,336,29,0.07945205479452055,-0.10689505194025366,0.00419031551418326,0.0003139678386364,water_per_shift_diff_前2天,0.0012102844664248,13 - 15日龄
,1042,1.0,967,75,0.07197696737044146,,0.1706995014420913,0.020481232157008304,water_per_shift_diff_前2天,0.0011869350695388255,13 - 15日龄
"[-inf, -6.60)",172,0.16895874263261296,165,7,0.040697674418604654,0.6139742519039363,0.049236769342158884,0.0059305729329378,water_per_shift_diff_前3天,0.0011165862678695,13 - 15日龄
"[-6.60, -5.43)",60,0.05893909626719057,59,1,0.016666666666666666,1.5314763709643886,0.07502164655062038,0.008187896959477,water_per_shift_diff_前3天,0.0012263972945237,13 - 15日龄
"[-5.43, -4.34)",57,0.055992141453831044,55,2,0.03508771929824561,0.7681249317311946,0.023992908283289427,0.0028435536089514,water_per_shift_diff_前3天,0.0011096329562775,13 - 15日龄
"[-4.34, 2.40)",419,0.41159135559921417,383,36,0.08591885441527446,-0.18154502221679508,0.014662692042876182,0.0015083702830387,water_per_shift_diff_前3天,0.001196890110703,13 - 15日龄
"[2.40, inf)",310,0.3045186640471513,282,28,0.09032258064516129,-0.23635851217842144,0.018825852636290906,0.0019974624548622,water_per_shift_diff_前3天,0.0012400012504291,13 - 15日龄
,1018,1.0,944,74,0.07269155206286837,,0.18173986885523577,0.0204678562392671,water_per_shift_diff_前3天,0.0011933036328785574,13 - 15日龄
"[-inf, -1.66)",395,0.40224032586558045,354,41,0.10379746835443038,-0.3810536340653737,0.06875482389989082,0.008437890676531501,water_per_shift_diff_前5天,0.001294147769591948,13 - 15日龄
"[-1.66, -0.90)",54,0.054989816700611,53,1,0.018518518518518517,1.4335134330572814,0.06358043401197283,0.006712186845746,water_per_shift_diff_前5天,0.0010685232205709,13 - 15日龄
"[-0.90, 0.37)",114,0.11608961303462322,113,1,0.008771929824561403,2.1906093382175,0.24159559032294955,0.023157052595939,water_per_shift_diff_前5天,0.0010380410318138,13 - 15日龄
"[0.37, 4.18)",211,0.21486761710794297,201,10,0.04739336492890995,0.4639413345701895,0.03803865765126767,0.0043464788407228,water_per_shift_diff_前5天,0.0011117707847552,13 - 15日龄
"[4.18, inf)",208,0.21181262729124237,189,19,0.09134615384615384,-0.23947044460163844,0.013457420284237373,0.001499825547133,water_per_shift_diff_前5天,0.0012523493165010999,13 - 15日龄
,982,1.0,910,72,0.07331975560081466,,0.42542692617031824,0.0441534345060723,water_per_shift_diff_前5天,0.0012039690366008118,13 - 15日龄
"[-inf, -3.72)",93,0.096875,81,12,0.12903225806451613,-0.6178748535881508,0.04813274378702034,0.0054234843586337,water_per_shift_diff_前7天,0.0012489333971386,13 - 15日龄
"[-3.72, -2.39)",65,0.06770833333333333,62,3,0.046153846153846156,0.5011047379043928,0.01377424737819233,0.0014845364100608,water_per_shift_diff_前7天,0.0010467408211565,13 - 15日龄
"[-2.39, 0.07)",289,0.30104166666666665,281,8,0.02768166089965398,1.0314957691813207,0.20981596952611695,0.022373993953245602,water_per_shift_diff_前7天,0.0010825730426627257,13 - 15日龄
"[0.07, 4.58)",388,0.4041666666666667,358,30,0.07731958762886598,-0.04808175373404428,0.000953727968995445,0.0001395154966898,water_per_shift_diff_前7天,0.0012655488217205,13 - 15日龄
"[4.58, inf)",125,0.13020833333333334,107,18,0.144,-0.7449602819068476,0.09919978404960557,0.011057721449624,water_per_shift_diff_前7天,0.0014001159956748,13 - 15日龄
,960,1.0,889,71,0.07395833333333333,,0.37187647270993063,0.040479251668253904,water_per_shift_diff_前7天,0.0012115625113807227,13 - 15日龄
"[-inf, 5.26)",722,0.6395039858281665,643,79,0.10941828254847645,0.03997235637499457,0.0010061099003290266,0.0001257553655454,water_per_diff,0.0013159519521646,16 - 18日龄
"[5.26, 7.05)",58,0.05137289636846767,53,5,0.08620689655172414,0.30412948572241794,0.004222701947272894,0.0005258128459155,water_per_diff,0.0012578941072287,16 - 18日龄
"[7.05, 8.99)",66,0.05845881310894597,65,1,0.015151515151515152,2.1176627545000337,0.12096632820449664,0.0128079241629802,water_per_diff,0.0011757497642844,16 - 18日龄
"[8.99, 15.66)",143,0.1266607617360496,127,16,0.11188811188811189,0.014873848823206663,2.7860605937575005e-05,3.4825436402449272e-06,water_per_diff,0.0013763273666153,16 - 18日龄
"[15.66, inf)",140,0.12400354295837024,113,27,0.19285714285714287,-0.6251735626875919,0.061298509834261196,0.0075399208922125,water_per_diff,0.0015230218836357,16 - 18日龄
,1129,1.0,1001,128,0.1133746678476528,,0.18752151049229732,0.021002895810293847,water_per_diff,0.0013380979001415964,16 - 18日龄
"[-inf, -16.87)",62,0.05491585473870682,51,11,0.1774193548387097,-0.522794155469648,0.018291756672783717,0.0022607818094769,water_per_shift_diff,0.0014401527715378,16 - 18日龄
"[-16.87, -7.65)",312,0.2763507528786537,286,26,0.08333333333333333,0.34117075740276703,0.02817704916049638,0.003505147977186,water_per_shift_diff,0.0012956227936529,16 - 18日龄
"[-7.65, -6.23)",65,0.05757307351638618,64,1,0.015384615384615385,2.1021585679640684,0.117980630792876,0.0125188605674581,water_per_shift_diff,0.001079912040753,16 - 18日龄
"[-6.23, -3.92)",112,0.09920283436669619,103,9,0.08035714285714286,0.3807798954978129,0.012407561685996571,0.0015416427530696,water_per_shift_diff,0.0012590076768896,16 - 18日龄
"[-3.92, 3.19)",424,0.3755535872453499,372,52,0.12264150943396226,-0.08907437970388418,0.0030839000715411936,0.0003853601197952,water_per_shift_diff,0.0013556175356423,16 - 18日龄
"[3.19, inf)",154,0.13640389725420726,125,29,0.18831168831168832,-0.5957066080797764,0.06057584132017518,0.007461969666315,water_per_shift_diff,0.0015013231703371,16 - 18日龄
,1129,1.0,1001,128,0.1133746678476528,,0.24051673970386905,0.0276737628933008,water_per_shift_diff,0.0013380979001416094,16 - 18日龄
"[-inf, -7.26)",132,0.11691762621789194,112,20,0.15151515151515152,-0.3339579176544999,0.014815003777068068,0.0018433175189257,water_per_diff_前1天,0.0014930088146518,16 - 18日龄
"[-7.26, -0.39)",214,0.18954827280779452,195,19,0.08878504672897196,0.27183606400170296,0.012604411652676367,0.0015707182621503,water_per_diff_前1天,0.0012253561730602,16 - 18日龄
"[-0.39, 1.25)",57,0.050487156775907885,56,1,0.017543859649122806,1.968627175339546,0.09475308902284418,0.0102392656221605,water_per_diff_前1天,0.001161304024564,16 - 18日龄
"[1.25, 10.65)",381,0.337466784765279,347,34,0.08923884514435695,0.26623973993509426,0.02157296594035767,0.0026886844388319,water_per_diff_前1天,0.0012464729850386,16 - 18日龄
"[10.65, 15.13)",145,0.12843224092116917,127,18,0.12413793103448276,-0.10290918683317678,0.001415194080919529,0.0001768212424097,water_per_diff_前1天,0.0014078291424778,16 - 18日龄
"[15.13, inf)",200,0.1771479185119575,164,36,0.18,-0.540377026027515,0.06344773960069568,0.007835858796427,water_per_diff_前1天,0.001530866911659,16 - 18日龄
,1129,1.0,1001,128,0.1133746678476528,,0.2086084040745615,0.024354665880905096,water_per_diff_前1天,0.0013380979001415907,16 - 18日龄
"[-inf, -12.35)",57,0.051121076233183856,48,9,0.15789473684210525,-0.37751917771760496,0.008412314872154224,0.0010633198968672,water_per_diff_前2天,0.0014371492956446,16 - 18日龄
"[-12.35, -4.58)",182,0.16322869955156952,161,21,0.11538461538461539,-0.014613684028236597,3.5056256913666486e-05,7.99479276641544e-06,water_per_diff_前2天,0.0013676347603884,16 - 18日龄
"[-4.58, -0.25)",148,0.13273542600896862,136,12,0.08108108108108109,0.3762526246587752,0.01624043016315412,0.0019420415350846,water_per_diff_前2天,0.0012407368443946,16 - 18日龄
"[-0.25, 1.36)",59,0.05291479820627803,58,1,0.01694915254237288,2.008947399257143,0.10211567560698506,0.0108032694150173,water_per_diff_前2天,0.0011304530098454,16 - 18日龄
"[1.36, 7.42)",256,0.2295964125560538,231,25,0.09765625,0.17204627436431627,0.0063580172640770715,0.0007384937369515,water_per_diff_前2天,0.0012597016278469,16 - 18日龄
"[7.42, inf)",413,0.3704035874439462,354,59,0.14285714285714285,-0.25973614206122153,0.027601467358254392,0.003543191702969,water_per_diff_前2天,0.0014209808095171,16 - 18日龄
,1115,1.0,988,127,0.11390134529147983,,0.16076296152153852,0.018098311079656017,water_per_diff_前2天,0.0013367726527830307,16 - 18日龄
"[-inf, -17.69)",62,0.056466302367941715,48,14,0.22580645161290322,-0.8199266635910717,0.051383194490369155,0.0061575462264232,water_per_diff_前3天,0.0016290067894452,16 - 18日龄
"[-17.69, -12.45)",98,0.08925318761384335,89,9,0.09183673469387756,0.23934144751221653,0.004659901728336517,0.0005443578373531,water_per_diff_前3天,0.0012409476963856,16 - 18日龄
"[-12.45, -10.23)",58,0.052823315118397086,56,2,0.034482758620689655,1.2801341652915001,0.05319463984693313,0.0060251482775933,water_per_diff_前3天,0.0010968902834894,16 - 18日龄
"[-10.23, -6.15)",128,0.11657559198542805,118,10,0.078125,0.41602918658791516,0.01717135882155259,0.0020300910833393,water_per_diff_前3天,0.0013400603986931,16 - 18日龄
"[-6.15, 7.57)",472,0.42987249544626593,421,51,0.10805084745762712,0.058736856074351654,0.00144976807346519,0.0001496685760361,water_per_diff_前3天,0.0013035790849384,16 - 18日龄
"[7.57, inf)",280,0.2550091074681239,241,39,0.1392857142857143,-0.2308350575226954,0.014845564809393818,0.0018774659202451,water_per_diff_前3天,0.0014061864091133,16 - 18日龄
,1098,1.0,973,125,0.11384335154826958,,0.1427044277700504,0.0167842779209901,water_per_diff_前3天,0.0013358653782414775,16 - 18日龄
"[-inf, -12.19)",278,0.2593283582089552,243,35,0.12589928057553956,-0.1147275580101952,0.003567542010946881,0.0004561423623829,water_per_diff_前5天,0.001364923414555,16 - 18日龄
"[-12.19, -3.03)",409,0.38152985074626866,372,37,0.09046454767726161,0.25553500176759203,0.022563806799737154,0.0025862999442941,water_per_diff_前5天,0.0012373230549307,16 - 18日龄
"[-3.03, -1.01)",76,0.0708955223880597,73,3,0.039473684210526314,1.1394062126189515,0.059536186571357806,0.0066678210184898,water_per_diff_前5天,0.001195687307804,16 - 18日龄
"[-1.01, 7.75)",239,0.22294776119402984,203,36,0.1506276150627615,-0.32275389927565257,0.02627144336295519,0.0031929093586735,water_per_diff_前5天,0.0014575737189443,16 - 18日龄
"[7.75, inf)",70,0.06529850746268656,59,11,0.15714285714285714,-0.37279876875398105,0.010460238101707906,0.0012649993518869,water_per_diff_前5天,0.0015278077125282,16 - 18日龄
,1072,1.0,950,122,0.11380597014925373,,0.12239921684670493,0.014168172035727199,water_per_diff_前5天,0.0013355342656816342,16 - 18日龄
"[-inf, 2.95)",884,0.859086491739553,780,104,0.11764705882352941,-0.038563034734310477,0.0012967102322940642,0.0001739606675974,water_per_diff_前7天,0.0013457825280564,16 - 18日龄
"[2.95, 5.15)",59,0.057337220602526724,58,1,0.01694915254237288,2.006976955269844,0.11048304314041708,0.0108032694150173,water_per_diff_前7天,0.0012118420830817,16 - 18日龄
"[5.15, inf)",86,0.08357628765792031,74,12,0.13953488372093023,-0.23430761186040575,0.005019748094850122,0.0005873060891672,water_per_diff_前7天,0.0013863816136284,16 - 18日龄
,1029,1.0,912,117,0.11370262390670553,,0.11679950146756127,0.011564536171781901,water_per_diff_前7天,0.001341495876069699,16 - 18日龄
"[-inf, -8.21)",61,0.054708520179372194,53,8,0.13114754098360656,-0.16064523941699066,0.0015017761630601073,0.0001978465992324,water_per_shift_diff_前1天,0.0012160532157381,16 - 18日龄
"[-8.21, -1.63)",267,0.23946188340807176,240,27,0.10112359550561797,0.1333064460483856,0.004041392144856853,0.0004611280723443,water_per_shift_diff_前1天,0.0013103864504275,16 - 18日龄
"[-1.63, -0.71)",61,0.054708520179372194,60,1,0.01639344262295082,2.0428489509328243,0.10797422808016266,0.0113713682741263,water_per_shift_diff_前1天,0.0011470609280712,16 - 18日龄
"[-0.71, 0.27)",68,0.06098654708520179,64,4,0.058823529411764705,0.7210931109505047,0.023998890874185563,0.0028639524835955,water_per_shift_diff_前1天,0.0012208127346937,16 - 18日龄
"[0.27, 6.52)",457,0.4098654708520179,400,57,0.12472647702407003,-0.10308233201584473,0.004531560963047908,0.00061858942235,water_per_shift_diff_前1天,0.0013610164505442,16 - 18日龄
"[6.52, inf)",201,0.18026905829596412,171,30,0.14925373134328357,-0.3110294364487721,0.019639502574066926,0.0025016952286066,water_per_shift_diff_前1天,0.0014501421838741002,16 - 18日龄
,1115,1.0,988,127,0.11390134529147983,,0.16168735079938001,0.0180145800802551,water_per_shift_diff_前1天,0.0013367726527830268,16 - 18日龄
"[-inf, -5.76)",72,0.06557377049180328,70,2,0.027777777777777776,1.5032777166057096,0.0840970325491079,0.0093164202584781,water_per_shift_diff_前2天,0.0010460735267277,16 - 18日龄
"[-5.76, 8.45)",718,0.6539162112932605,639,79,0.11002785515320335,0.03838625702680951,0.0009493595982457815,0.0016676582767834185,water_per_shift_diff_前2天,0.001356769512162474,16 - 18日龄
"[8.45, 9.70)",57,0.05191256830601093,44,13,0.22807017543859648,-0.8328300684269796,0.04895294683810464,0.0058602816608045,water_per_shift_diff_前2天,0.0015089326780748,16 - 18日龄
"[9.70, 14.47)",183,0.16666666666666666,156,27,0.14754098360655737,-0.29805120363849597,0.0165928443974204,0.0020767087095527,water_per_shift_diff_前2天,0.0013847880609048,16 - 18日龄
"[14.47, inf)",68,0.061930783242258654,64,4,0.058823529411764705,0.7205183773560773,0.024336193168992933,0.0028639524835955,water_per_shift_diff_前2天,0.0011452500567093,16 - 18日龄
,1098,1.0,973,125,0.11384335154826958,,0.17492837655187166,0.02178502138921422,water_per_shift_diff_前2天,0.001335865378241462,16 - 18日龄
"[-inf, 2.22)",438,0.40368663594470044,378,60,0.136986301369863,-0.20714320996776867,0.018752819216645036,0.0027128865821218,water_per_shift_diff_前3天,0.0013750071613774027,16 - 18日龄
"[2.22, 4.37)",127,0.11705069124423963,116,11,0.08661417322834646,0.3080020749427384,0.009855425394889913,0.0011149944833249,water_per_shift_diff_前3天,0.0013296935276353,16 - 18日龄
"[4.37, 7.22)",137,0.12626728110599078,129,8,0.058394160583941604,0.7326780193165805,0.051081610087628404,0.006585198710328701,water_per_shift_diff_前3天,0.0012408054119585963,16 - 18日龄
"[7.22, inf)",383,0.3529953917050691,338,45,0.1174934725848564,-0.0313094376525567,0.00035023564491673786,7.008874413276913e-05,water_per_shift_diff_前3天,0.0013283559052419,16 - 18日龄
,1085,1.0,961,124,0.11428571428571428,,0.08004009034408009,0.01048316851990817,water_per_shift_diff_前3天,0.0013362902007732359,16 - 18日龄
"[-inf, -1.53)",475,0.4519505233111323,417,58,0.12210526315789473,-0.08556611032167968,0.003420083015255942,0.0003839449068796,water_per_shift_diff_前5天,0.0013575553087247,16 - 18日龄
"[-1.53, 0.40)",165,0.15699333967649856,151,14,0.08484848484848485,0.3200131856256039,0.014199019786341803,0.0016595907931041,water_per_shift_diff_前5天,0.0012782572136162,16 - 18日龄
"[0.40, 1.35)",63,0.05994291151284491,62,1,0.015873015873015872,2.06892506347103,0.12024642910461156,0.0119433088345919,water_per_shift_diff_前5天,0.0011266866429423,16 - 18日龄
"[1.35, 3.40)",107,0.10180780209324453,95,12,0.11214953271028037,0.010760920238478746,1.1740103048075269e-05,1.7681109765965385e-06,water_per_shift_diff_前5天,0.0013592961998369,16 - 18日龄
"[3.40, 7.03)",141,0.13415794481446242,125,16,0.11347517730496454,-0.0024843065115419108,8.287890948087771e-07,1.5601590470831262e-08,water_per_shift_diff_前5天,0.0012903568301518,16 - 18日龄
"[7.03, inf)",100,0.09514747859181731,82,18,0.18,-0.5418618322059732,0.03428775506204709,0.0039179293982135,water_per_shift_diff_前5天,0.0015316876751673,16 - 18日龄
,1051,1.0,932,119,0.11322549952426261,,0.1721658558603993,0.017906557645356168,water_per_shift_diff_前5天,0.0013389973780656068,16 - 18日龄
"[-inf, -1.69)",495,0.4905847373637265,425,70,0.1414141414141414,-0.23740246289507652,0.030274612260531724,0.0055938794430230995,water_per_shift_diff_前7天,0.0013937188628714273,16 - 18日龄
"[-1.69, 0.01)",110,0.10901883052527254,106,4,0.03636363636363636,1.2361483432220421,0.10410624923996116,0.0107292305793203,water_per_shift_diff_前7天,0.0012614311870137,16 - 18日龄
"[0.01, 8.97)",343,0.3399405351833499,309,34,0.09912536443148688,0.16598436251144977,0.008784089617405184,0.0008081126318375,water_per_shift_diff_前7天,0.0012971476358926,16 - 18日龄
"[8.97, inf)",61,0.06045589692765114,53,8,0.13114754098360656,-0.15014601789784845,0.0014436559623340253,0.0001978465992324,water_per_shift_diff_前7天,0.0013597332368253,16 - 18日龄
,1009,1.0,893,116,0.11496531219028741,,0.1446086070802321,0.0173290692534133,water_per_shift_diff_前7天,0.00134441390906875,16 - 18日龄
"[-inf, -0.18)",752,0.6351351351351351,705,47,0.0625,-0.05916697733566022,0.002282306589198075,0.0002852467176931,water_per_diff,0.0011810885865688,19 - 21日龄
"[-0.18, 2.99)",110,0.0929054054054054,104,6,0.05454545454545454,0.08541425147544736,0.0006528198753445319,8.157768768714702e-05,water_per_diff,0.0010896833518952,19 - 21日龄
"[2.99, 5.97)",89,0.07516891891891891,86,3,0.033707865168539325,0.5885178291475277,0.020210961098449335,0.0024905310203202,water_per_diff,0.0012162436541287,19 - 21日龄
"[5.97, 11.90)",114,0.09628378378378379,113,1,0.008771929824561403,1.9601706402744703,0.17082995218396127,0.0184812042152506,water_per_diff,0.0010989735928214,19 - 21日龄
"[11.90, inf)",119,0.10050675675675676,106,13,0.1092436974789916,-0.6687274417873401,0.06056108225060524,0.0074321599122988,water_per_diff,0.0013088339409141998,19 - 21日龄
,1184,1.0,1114,70,0.05912162162162162,,0.25453712199755846,0.028770719553249845,water_per_diff,0.0011801720435608897,19 - 21日龄
"[-inf, -8.70)",77,0.06503378378378379,71,6,0.07792207792207792,-0.29629677062460985,0.006512601498468598,0.0008111103183651,water_per_shift_diff,0.0012477312154721,19 - 21日龄
"[-8.70, 2.08)",491,0.41469594594594594,464,27,0.054989816700611,0.07683050778405588,0.0023665924557232897,0.000295751318942,water_per_shift_diff,0.0012018917256656,19 - 21日龄
"[2.08, 3.21)",88,0.07432432432432433,87,1,0.011363636363636364,1.6986909402167134,0.10839556448471872,0.0121242789158011,water_per_shift_diff,0.0010538784040981,19 - 21日龄
"[3.21, 4.55)",94,0.07939189189189189,91,3,0.031914893617021274,0.64503003941087,0.025046819175892722,0.0030776805257725,water_per_shift_diff,0.001115363876077,19 - 21日龄
"[4.55, 12.63)",345,0.29138513513513514,321,24,0.06956521739130435,-0.17382988565580007,0.009509595950341666,0.0011872051375553,water_per_shift_diff,0.0011678455960481,19 - 21日龄
"[12.63, inf)",89,0.07516891891891891,80,9,0.10112359550561797,-0.5824151211002081,0.03305680079494127,0.004074671345774,water_per_shift_diff,0.0012430036419602,19 - 21日龄
,1184,1.0,1114,70,0.05912162162162162,,0.18488797436008628,0.02157069756221,water_per_shift_diff,0.001180172043560882,19 - 21日龄
"[-inf, -18.14)",171,0.14442567567567569,158,13,0.07602339181286549,-0.26957150287244036,0.011829618912919867,0.0014742412558006,water_per_diff_前1天,0.001292701175597,19 - 21日龄
"[-18.14, -16.33)",60,0.05067567567567568,56,4,0.06666666666666667,-0.12815984882261167,0.0008809140673111031,0.0001100389610462,water_per_diff_前1天,0.0011273351538599,19 - 21日龄
"[-16.33, -10.99)",198,0.16722972972972974,189,9,0.045454545454545456,0.2773052592855527,0.011393768283545925,0.0014196751739458,water_per_diff_前1天,0.001084444154137,19 - 21日龄
"[-10.99, -8.30)",104,0.08783783783783784,103,1,0.009615384615384616,1.8675118097917656,0.14599066417659146,0.0159874772688684,water_per_diff_前1天,0.0010528586737369,19 - 21日龄
"[-8.30, inf)",651,0.549831081081081,608,43,0.06605222734254992,-0.11824241216526574,0.008100166270670037,0.0010119313490125,water_per_diff_前1天,0.0012049377031177,19 - 21日龄
,1184,1.0,1114,70,0.05912162162162162,,0.17819513171103837,0.0200033640086735,water_per_diff_前1天,0.0011801720435608678,19 - 21日龄
"[-inf, -17.51)",144,0.12276214833759591,133,11,0.0763888888888889,-0.26483992178076027,0.009683241797527345,0.0012925883028427,water_per_diff_前2天,0.0011795720375494,19 - 21日龄
"[-17.51, -15.21)",60,0.05115089514066496,57,3,0.05,0.18714520196229711,0.0016506395873115449,0.0001838446999724,water_per_diff_前2天,0.0011271277460989,19 - 21日龄
"[-15.21, -8.44)",222,0.18925831202046037,215,7,0.03153153153153153,0.667434101868206,0.0633548054991851,0.009667282454763199,water_per_diff_前2天,0.0010583106081221377,19 - 21日龄
"[-8.44, 14.31)",641,0.546462063086104,602,39,0.060842433697347896,-0.020597978024968846,0.00023396485854031444,6.389358520014505e-05,water_per_diff_前2天,0.0012035378427547,19 - 21日龄
"[14.31, inf)",106,0.09036658141517477,96,10,0.09433962264150944,-0.49553067873035295,0.02766140688159333,0.0035435757764107,water_per_diff_前2天,0.0013328717258122,19 - 21日龄
,1173,1.0,1103,70,0.059676044330775786,,0.10258405862415762,0.014751184819189144,water_per_diff_前2天,0.0011808893037664261,19 - 21日龄
"[-inf, 3.57)",680,0.5831903945111492,637,43,0.06323529411764706,-0.055357685580000864,0.001831306126199715,0.0008992062028639,water_per_diff_前3天,0.0011622603292838142,19 - 21日龄
"[3.57, 7.74)",152,0.13036020583190394,146,6,0.039473684210526314,0.44091992702167954,0.020942547107234102,0.0023889325744303,water_per_diff_前3天,0.0011076300819171,19 - 21日龄
"[7.74, 10.26)",78,0.06689536878216124,77,1,0.01282051282051282,1.592878196395082,0.08915301062722213,0.0098101471764391,water_per_diff_前3天,0.0010262395537895,19 - 21日龄
"[10.26, 14.31)",98,0.08404802744425385,95,3,0.030612244897959183,0.7043373774738293,0.030865253689611762,0.0035781629730973,water_per_diff_前3天,0.0012483157781584,19 - 21日龄
"[14.31, inf)",158,0.13550600343053174,141,17,0.10759493670886076,-0.6353806791366496,0.0725652438815866,0.0093084055068277,water_per_diff_前3天,0.0013804046146121,19 - 21日龄
,1166,1.0,1096,70,0.060034305317324184,,0.2153573614318543,0.0259848544336583,water_per_diff_前3天,0.0011828322100584981,19 - 21日龄
"[-inf, 3.64)",589,0.5166666666666667,556,33,0.05602716468590832,0.0347701997417177,0.0006151152654493824,0.0005253290618722458,water_per_diff_前5天,0.0011761458843875493,19 - 21日龄
"[3.64, 6.23)",97,0.08508771929824561,94,3,0.030927835051546393,0.6551919605595098,0.027563095005762348,0.0034506007871732,water_per_diff_前5天,0.0010955653955368,19 - 21日龄
"[6.23, 9.82)",130,0.11403508771929824,129,1,0.007692307692307693,2.0703218713192877,0.21730143223598414,0.0225704160740119,water_per_diff_前5天,0.0009972664020899,19 - 21日龄
"[9.82, 19.11)",226,0.19824561403508772,212,14,0.061946902654867256,-0.07196158798563056,0.001059871026705579,6.020845186211757e-05,water_per_diff_前5天,0.001222172380148,19 - 21日龄
"[19.11, inf)",98,0.08596491228070176,83,15,0.15306122448979592,-1.0787001263479965,0.16179588825873115,0.0176452081830138,water_per_diff_前5天,0.0014166043090789002,19 - 21日龄
,1140,1.0,1074,66,0.05789473684210526,,0.4083354017926326,0.04425176255793326,water_per_diff_前5天,0.001178686475215968,19 - 21日龄
"[-inf, -14.62)",169,0.15225225225225225,163,6,0.03550295857988166,0.508145170313511,0.03154653632622718,0.0040036680900201,water_per_diff_前7天,0.0011422352613347,19 - 21日龄
"[-14.62, -10.74)",124,0.11171171171171171,119,5,0.04032258064516129,0.3758400194122327,0.013395588645996465,0.0017686841003729,water_per_diff_前7天,0.0010619846401253,19 - 21日龄
"[-10.74, 11.02)",739,0.6657657657657657,697,42,0.056833558863328824,0.015270231211959183,0.00015419867798883204,0.0001344493625274,water_per_diff_前7天,0.0011944752951686,19 - 21日龄
"[11.02, inf)",78,0.07027027027027027,67,11,0.14102564102564102,-0.9870482146726008,0.10642498227633294,0.0112171126287733,water_per_diff_前7天,0.001301751418076,19 - 21日龄
,1110,1.0,1046,64,0.05765765765765766,,0.15152130592654542,0.0171239141816937,water_per_diff_前7天,0.0011792591966492119,19 - 21日龄
"[-inf, -2.71)",586,0.49957374254049447,548,38,0.06484641638225255,-0.08860464998251365,0.004078499236340543,0.0006270761692222,water_per_shift_diff_前1天,0.0012339853896335,19 - 21日龄
"[-2.71, -1.06)",60,0.05115089514066496,57,3,0.05,0.18714520196229711,0.0016506395873115449,0.0001838446999724,water_per_shift_diff_前1天,0.0011264261377351,19 - 21日龄
"[-1.06, 0.55)",88,0.07502131287297528,87,1,0.011363636363636364,1.7086143414504402,0.11035953530388998,0.0121242789158011,water_per_shift_diff_前1天,0.0010380399339941,19 - 21日龄
"[0.55, 9.32)",330,0.2813299232736573,312,18,0.05454545454545454,0.09533765270917445,0.0024522805113381795,0.0018598332763251999,water_per_shift_diff_前1天,0.0011274503414955526,19 - 21日龄
"[9.32, inf)",109,0.09292412617220801,99,10,0.09174311926605505,-0.4647590200635991,0.024679600858188783,0.0031736660062221,water_per_shift_diff_前1天,0.0012025322921434,19 - 21日龄
,1173,1.0,1103,70,0.059676044330775786,,0.14322055549706902,0.017968699067543,water_per_shift_diff_前1天,0.0011808893037663943,19 - 21日龄
"[-inf, -17.00)",60,0.051457975986277875,52,8,0.13333333333333333,-0.8791250485570105,0.058761121598023325,0.0073239748810403,water_per_shift_diff_前2天,0.0013832993468937,19 - 21日龄
"[-17.00, -14.16)",60,0.051457975986277875,55,5,0.08333333333333333,-0.3530319526602313,0.007500548524976236,0.0010125158872036,water_per_shift_diff_前2天,0.0012290757079724,19 - 21日龄
"[-14.16, -3.39)",453,0.38850771869639794,428,25,0.05518763796909492,0.08932014525499425,0.002980442803086358,0.0002469534997747,water_per_shift_diff_前2天,0.0011712540520067,19 - 21日龄
"[-3.39, -1.94)",71,0.060891938250428816,70,1,0.014084507042253521,1.4975680165907572,0.0742537634920652,0.0082485646063957,water_per_shift_diff_前2天,0.0010843244207478,19 - 21日龄
"[-1.94, 4.55)",386,0.33104631217838765,367,19,0.04922279792746114,0.20999564342952795,0.013319066748280543,0.0014025343874268,water_per_shift_diff_前2天,0.001149769797966,19 - 21日龄
"[4.55, inf)",136,0.11663807890222985,124,12,0.08823529411764706,-0.4155523096415653,0.024222496463986967,0.0032202021712463,water_per_shift_diff_前2天,0.0012578205308034,19 - 21日龄
,1166,1.0,1096,70,0.060034305317324184,,0.18103743963041863,0.0214547454330874,water_per_shift_diff_前2天,0.0011828322100585192,19 - 21日龄
"[-inf, -14.40)",110,0.09532062391681109,99,11,0.1,-0.558004184041081,0.03804252127623959,0.0047996540184835,water_per_shift_diff_前3天,0.0011694082217573,19 - 21日龄
"[-14.40, -11.67)",92,0.07972270363951472,91,1,0.010869565217391304,1.7556307451395494,0.12180252574974716,0.013073320669682,water_per_shift_diff_前3天,0.0010536167403973,19 - 21日龄
"[-11.67, -2.16)",437,0.378682842287695,414,23,0.05263157894736842,0.13514299651886413,0.006518417958052742,0.0006624966765065,water_per_shift_diff_前3天,0.0011508980866481,19 - 21日龄
"[-2.16, 4.81)",406,0.35181975736568455,383,23,0.05665024630541872,0.05731201187419581,0.0011268721228720527,8.630389589314854e-05,water_per_shift_diff_前3天,0.0012037774675465,19 - 21日龄
"[4.81, inf)",109,0.09445407279029462,98,11,0.10091743119266056,-0.5681565555050992,0.0392583164579961,0.0049470106346929,water_per_shift_diff_前3天,0.0013518996689328,19 - 21日龄
,1154,1.0,1085,69,0.05979202772963605,,0.20674865356490765,0.023568785895258047,water_per_shift_diff_前3天,0.0011824963813800938,19 - 21日龄
"[-inf, 2.51)",451,0.4019607843137255,420,31,0.06873614190687362,-0.18253520918233296,0.01452470691506899,0.0013231355322338,water_per_shift_diff_前5天,0.0011559114882024,19 - 21日龄
"[2.51, 3.74)",77,0.06862745098039216,76,1,0.012987012987012988,1.5419306243117306,0.08714528220948184,0.0095838661592251,water_per_shift_diff_前5天,0.0010943636642992,19 - 21日龄
"[3.74, 5.41)",86,0.0766488413547237,82,4,0.046511627906976744,0.23162217016976192,0.0037151245400928257,0.0005197693991625,water_per_shift_diff_前5天,0.0011648315948261,19 - 21日龄
"[5.41, inf)",508,0.45276292335115864,479,29,0.05708661417322835,0.015602051449840532,0.00010945620841020463,7.295939071962814e-05,water_per_shift_diff_前5天,0.0012136141555344,19 - 21日龄
,1122,1.0,1057,65,0.057932263814616754,,0.10549456987305386,0.011499730481341027,water_per_shift_diff_前5天,0.0011784969621183963,19 - 21日龄
"[-inf, -3.80)",254,0.2315405651777575,239,15,0.05905511811023622,-0.02964197784754115,0.0002061314661038366,3.8348689411303984e-08,water_per_shift_diff_前7天,0.0011772983692189,19 - 21日龄
"[-3.80, -1.67)",123,0.11212397447584321,122,1,0.008130081300813009,2.005965716056415,0.20483994877663061,0.020767848164144,water_per_shift_diff_前7天,0.0010719663156501,19 - 21日龄
"[-1.67, 12.78)",617,0.5624430264357339,579,38,0.06158833063209076,-0.07433901083023219,0.0032124330767723344,0.0052542270879004,water_per_shift_diff_前7天,0.001213257029913983,19 - 21日龄
"[12.78, inf)",103,0.09389243391066546,94,9,0.08737864077669903,-0.4519851237430571,0.023479746687951015,0.0023093124801489,water_per_shift_diff_前7天,0.0010876906733825,19 - 21日龄
,1097,1.0,1034,63,0.05742935278030994,,0.2317382600074578,0.02833142608088271,water_per_shift_diff_前7天,0.0011772993340217757,19 - 21日龄
"[-inf, -22.49)",121,0.09641434262948208,110,11,0.09090909090909091,-0.7427724178467988,0.07514090534642073,0.00918248186746,water_per_diff,0.0012973866195983,22 - 24日龄
"[-22.49, -3.72)",404,0.3219123505976096,385,19,0.04702970297029703,-0.03655315571950071,0.0004373360311459458,5.4663960663262415e-05,water_per_diff,0.0010925584220292,22 - 24日龄
"[-3.72, 0.90)",156,0.12430278884462151,155,1,0.00641025641025641,1.9980676060784022,0.22346077245146528,0.0240523599015184,water_per_diff,0.0009295705941439,22 - 24日龄
"[0.90, 5.75)",127,0.10119521912350597,126,1,0.007874015748031496,1.7909243961106336,0.15694127033837144,0.0173554109914825,water_per_diff,0.0009706003712458,22 - 24日龄
"[5.75, 18.41)",323,0.25737051792828686,310,13,0.04024767801857585,0.12626542917681086,0.0038756456602319048,0.0004841341447936,water_per_diff,0.00109686770991,22 - 24日龄
"[18.41, inf)",124,0.09880478087649402,112,12,0.0967741935483871,-0.8117652893337501,0.09500670990181487,0.0115601446437682,water_per_diff,0.0012259223282851,22 - 24日龄
,1255,1.0,1198,57,0.04541832669322709,,0.5548626397294503,0.06268919550968596,water_per_diff,0.0010939914600112657,22 - 24日龄
"[-inf, -15.87)",63,0.050199203187251,58,5,0.07936507936507936,-0.5943524127285253,0.023361184953919718,0.0028779117016829,water_per_shift_diff,0.0012339574962751,22 - 24日龄
"[-15.87, -11.07)",73,0.05816733067729084,69,4,0.0547945205479452,-0.19754536736347575,0.0024850111379378734,0.0003101222949624,water_per_shift_diff,0.0012647769443822,22 - 24日龄
"[-11.07, 1.39)",608,0.48446215139442234,575,33,0.054276315789473686,-0.1874950315099743,0.018558400228098237,0.0023164080254719,water_per_shift_diff,0.0011038950258347,22 - 24日龄
"[1.39, 5.28)",239,0.1904382470119522,229,10,0.04184100418410042,0.08577939971934968,0.0013478794467220564,0.0001684332944253,water_per_shift_diff,0.0011366637673715,22 - 24日龄
"[5.28, 7.04)",78,0.062151394422310755,77,1,0.01282051282051282,1.2984479110128395,0.060676379990656525,0.007092963414572,water_per_shift_diff,0.0008870655977747,22 - 24日龄
"[7.04, inf)",194,0.15458167330677292,190,4,0.020618556701030927,0.8153722001997512,0.07209702347195762,0.0087704942188822,water_per_shift_diff,0.0009838624246042,22 - 24日龄
,1255,1.0,1198,57,0.04541832669322709,,0.17852587922929203,0.0215363329499967,water_per_shift_diff,0.0010939914600112824,22 - 24日龄
"[-inf, -23.67)",63,0.050199203187251,57,6,0.09523809523809523,-0.7940657122343493,0.04580477463156579,0.0055797589764605,water_per_diff_前1天,0.0013535863592366,22 - 24日龄
"[-23.67, -11.37)",229,0.18247011952191236,219,10,0.043668122270742356,0.041129125981610615,0.00030296034866224617,3.786737459373214e-05,water_per_diff_前1天,0.0010667700219377,22 - 24日龄
"[-11.37, -7.70)",100,0.0796812749003984,99,1,0.01,1.5497623392937454,0.10088002809010191,0.0114825029218257,water_per_diff_前1天,0.0009469092062908,22 - 24日龄
"[-7.70, 18.39)",753,0.6,725,28,0.03718459495351926,0.2086096338386264,0.023770488253790717,0.0029659350004436,water_per_diff_前1天,0.0010687412536634,22 - 24日龄
"[18.39, inf)",110,0.08764940239043825,98,12,0.10909090909090909,-0.9452966819582728,0.12168171857208236,0.0146680482770534,water_per_diff_前1天,0.0013085447456446,22 - 24日龄
,1255,1.0,1198,57,0.04541832669322709,,0.292439969896203,0.034734112550376936,water_per_diff_前1天,0.001093991460011287,22 - 24日龄
"[-inf, -22.21)",68,0.0544435548438751,66,2,0.029411764705882353,0.45617098167573544,0.009251789896814489,0.0011186355658977,water_per_diff_前2天,0.0010604656948257,22 - 24日龄
"[-22.21, 17.18)",1081,0.8654923939151321,1036,45,0.041628122109158186,0.09612335325836363,0.007656593486316143,0.0009060590954761,water_per_diff_前2天,0.001080703206140416,22 - 24日龄
"[17.18, inf)",100,0.08006405124099279,90,10,0.1,-0.8431120024545254,0.08425660097530653,0.0103271768542783,water_per_diff_前2天,0.0012590702252586001,22 - 24日龄
,1249,1.0,1192,57,0.045636509207365894,,0.10116498435843715,0.0123518715156521,water_per_diff_前2天,0.0010938821902416313,22 - 24日龄
"[-inf, -16.43)",194,0.15746753246753248,180,14,0.07216494845360824,-0.47207263746875733,0.043630154922457746,0.005800146680969,water_per_diff_前3天,0.0012239788831531,22 - 24日龄
"[-16.43, -11.38)",166,0.13474025974025974,162,4,0.024096385542168676,0.6753298153687844,0.045717736213244785,0.0052400344949211,water_per_diff_前3天,0.0010028447894633,22 - 24日龄
"[-11.38, -7.63)",127,0.10308441558441558,126,1,0.007874015748031496,1.8103097482077688,0.1623670124297733,0.0173554109914825,water_per_diff_前3天,0.0009505043103014,22 - 24日龄
"[-7.63, inf)",745,0.6047077922077922,707,38,0.05100671140939597,-0.10252765257352227,0.006660661684918185,0.0011653217024196,water_per_diff_前3天,0.0011092497854447,22 - 24日龄
,1232,1.0,1175,57,0.04626623376623377,,0.258375565250394,0.029560913869792198,water_per_diff_前3天,0.0010966146720350557,22 - 24日龄
"[-inf, 1.40)",760,0.6386554621848739,720,40,0.05263157894736842,-0.09920123529729145,0.0065743993910346256,0.0019499532185873,water_per_diff_前5天,0.0010959125849556,22 - 24日龄
"[1.40, 10.65)",271,0.22773109243697479,265,6,0.02214022140221402,0.798397363564711,0.10269718491711269,0.0111877133202285,water_per_diff_前5天,0.001053836693373833,22 - 24日龄
"[10.65, 15.03)",63,0.052941176470588235,61,2,0.031746031746031744,0.42815369041990986,0.008028586102700653,0.0007326199313476,water_per_diff_前5天,0.0011067917848038,22 - 24日龄
"[15.03, inf)",96,0.08067226890756303,87,9,0.09375,-0.7208894518750917,0.058469502623398985,0.0080767331751288,water_per_diff_前5天,0.0013167349511445,22 - 24日龄
,1190,1.0,1133,57,0.04789915966386555,,0.17576967303424695,0.0219470196452922,water_per_diff_前5天,0.0011047207951454423,22 - 24日龄
"[-inf, 0.40)",419,0.358426005132592,398,21,0.050119331742243436,-0.06644966769374376,0.0016311457517772258,0.0004678118082637,water_per_diff_前7天,0.0010554325081871,22 - 24日龄
"[0.40, 2.82)",102,0.0872540633019675,97,5,0.049019607843137254,-0.043106169185476044,0.00016533294856515242,6.756338480719986e-05,water_per_diff_前7天,0.0011327740924381,22 - 24日龄
"[2.82, 7.25)",172,0.14713430282292558,170,2,0.011627906976744186,1.4342720212355582,0.16671919920417247,0.017273079684532,water_per_diff_前7天,0.0009636396471693,22 - 24日龄
"[7.25, 8.83)",63,0.05389221556886228,60,3,0.047619047619047616,-0.012646961700767421,8.66937149391596e-06,1.5804676969595954e-05,water_per_diff_前7天,0.0010138204306124,22 - 24日龄
"[8.83, 12.56)",133,0.11377245508982035,126,7,0.05263157894736842,-0.11800747735859352,0.0016717886461116212,0.0003412418132527,water_per_diff_前7天,0.0011226185084363,22 - 24日龄
"[12.56, inf)",280,0.23952095808383234,263,17,0.060714285714285714,-0.26943854713320986,0.019670289233341725,0.0030031361995352,water_per_diff_前7天,0.0012362834671406,22 - 24日龄
,1169,1.0,1114,55,0.04704875962360992,,0.1898664251554621,0.0211686375673604,water_per_diff_前7天,0.0010973939411652504,22 - 24日龄
"[-inf, -12.32)",69,0.055244195356285025,62,7,0.10144927536231885,-0.8591123438009667,0.060819651090348655,0.0074448024874672,water_per_shift_diff_前1天,0.0012600182472039,22 - 24日龄
"[-12.32, 4.96)",761,0.6092874299439551,726,35,0.045992115637319315,-0.00813462645536261,4.046720449064795e-05,1.319669025532516e-05,water_per_shift_diff_前1天,0.0011105645577761,22 - 24日龄
"[4.96, 6.10)",63,0.05044035228182546,62,1,0.015873015873015872,1.0867978052543468,0.03746144560087249,0.0044126893607356,water_per_shift_diff_前1天,0.0010706245211091,22 - 24日龄
"[6.10, 9.00)",139,0.11128903122497999,136,3,0.02158273381294964,0.7737060172771976,0.04755381384889876,0.0057108273019698,water_per_shift_diff_前1天,0.0010396182820084,22 - 24日龄
"[9.00, 11.23)",80,0.06405124099279423,78,2,0.025,0.6232250663389015,0.018913959831490863,0.0022836225358451,water_per_shift_diff_前1天,0.0009792530947494,22 - 24日龄
"[11.23, inf)",137,0.10968775020016013,128,9,0.06569343065693431,-0.38553089320734707,0.019474008381720462,0.0024764893335087,water_per_shift_diff_前1天,0.0010502294487456,22 - 24日龄
,1249,1.0,1192,57,0.045636509207365894,,0.18426334595782184,0.02234162770978173,water_per_shift_diff_前1天,0.0010938821902416501,22 - 24日龄
"[-inf, -8.72)",79,0.06412337662337662,74,5,0.06329113924050633,-0.3313449779736397,0.008197665225865186,0.0011318721023036,water_per_shift_diff_前2天,0.0011386578675143,22 - 24日龄
"[-8.72, 3.20)",551,0.4472402597402597,528,23,0.041742286751361164,0.10762990903340262,0.004935146706107945,0.0004104884408433,water_per_shift_diff_前2天,0.0011085612489494,22 - 24日龄
"[3.20, 4.92)",120,0.09740259740259741,119,1,0.008333333333333333,1.7531513343678204,0.14679615801619617,0.015793078832505,water_per_shift_diff_前2天,0.0010398021900971,22 - 24日龄
"[4.92, 14.87)",419,0.3400974025974026,397,22,0.05250596658711217,-0.1330783314148345,0.006400079215934028,0.001039163274069,water_per_shift_diff_前2天,0.0010830791448064,22 - 24日龄
"[14.87, inf)",63,0.05113636363636364,57,6,0.09523809523809523,-0.774680360137214,0.04396506231999328,0.0055797589764605,water_per_shift_diff_前2天,0.0011376449485225,22 - 24日龄
,1232,1.0,1175,57,0.04626623376623377,,0.2102941114840966,0.0239543616261814,water_per_shift_diff_前2天,0.001096614672035065,22 - 24日龄
"[-inf, -5.22)",178,0.14710743801652892,166,12,0.06741573033707865,-0.3799901138659659,0.025289888438242484,0.0037353125596101,water_per_shift_diff_前3天,0.0011849060626113,22 - 24日龄
"[-5.22, 1.55)",381,0.3148760330578512,361,20,0.05249343832020997,-0.11392556765561881,0.004304213029152041,0.0009416939263616,water_per_shift_diff_前3天,0.0011274353241885,22 - 24日龄
"[1.55, 3.24)",123,0.10165289256198347,119,4,0.032520325203252036,0.38575787955712987,0.012742964296321251,0.0012600616559766,water_per_shift_diff_前3天,0.000970388496605,22 - 24日龄
"[3.24, 4.55)",91,0.07520661157024794,90,1,0.01098901098901099,1.4927384178957561,0.09033065059830835,0.0096336736112691,water_per_shift_diff_前3天,0.0010177390393392,22 - 24日龄
"[4.55, inf)",437,0.3611570247933884,417,20,0.04576659038901602,0.030282695810301526,0.00032669057575970806,2.79829755690038e-06,water_per_shift_diff_前3天,0.0010990082869899,22 - 24日龄
,1210,1.0,1153,57,0.047107438016528926,,0.13299440693778383,0.015573540050774302,water_per_shift_diff_前3天,0.0011014089229235526,22 - 24日龄
"[-inf, -15.02)",97,0.0821337849280271,86,11,0.1134020618556701,-0.925145739163949,0.10775172481802751,0.0143993588309319,water_per_shift_diff_前5天,0.0013332746054074,22 - 24日龄
"[-15.02, -1.02)",615,0.5207451312447079,594,21,0.03414634146341464,0.3607591190201358,0.05773902738391199,0.0069129465626445,water_per_shift_diff_前5天,0.0010671822622896694,22 - 24日龄
"[-1.02, 0.43)",92,0.07790008467400508,91,1,0.010869565217391304,1.529261743897764,0.09698118351527464,0.009835807739724,water_per_shift_diff_前5天,0.0009914576004396,22 - 24日龄
"[0.43, inf)",377,0.31922099915325997,353,24,0.0636604774535809,-0.29318353603373504,0.031369375343560796,0.0056097261557107,water_per_shift_diff_前5天,0.0011408561781673,22 - 24日龄
,1181,1.0,1124,57,0.04826418289585097,,0.29384131106077493,0.0367578392890111,water_per_shift_diff_前5天,0.0011066567370382556,22 - 24日龄
"[-inf, -4.67)",160,0.13876843018213356,152,8,0.05,-0.06873292867290635,0.0006763729711349921,0.0001698841450219,water_per_shift_diff_前7天,0.0011056689902258,22 - 24日龄
"[-4.67, -3.07)",82,0.07111882046834345,81,1,0.012195121951219513,1.3812772468330918,0.0762255751588713,0.0078562509505875,water_per_shift_diff_前7天,0.001007571146825,22 - 24日龄
"[-3.07, 0.38)",244,0.21162185602775369,234,10,0.040983606557377046,0.1395641145243088,0.0038709017036870626,0.0002668006688115,water_per_shift_diff_前7天,0.0010736838550715,22 - 24日龄
"[0.38, inf)",667,0.5784908933217693,632,35,0.05247376311844078,-0.11963057518190322,0.008742590984462546,0.0016397326567295,water_per_shift_diff_前7天,0.0011175013688569,22 - 24日龄
,1153,1.0,1099,54,0.046834345186470075,,0.08951544081815589,0.0099326684211504,water_per_shift_diff_前7天,0.0010987685569304219,22 - 24日龄
"[-inf, -43.86)",90,0.06923076923076923,64,26,0.28888888888888886,-1.6170761921331063,0.34741411194331157,0.0392385451143312,water_per_diff,0.0028169389453359998,25 - 27日龄
"[-43.86, -28.88)",150,0.11538461538461539,131,19,0.12666666666666668,-0.5871043934365848,0.05106743102194116,0.0062933005850751,water_per_diff,0.0013547213788012,25 - 27日龄
"[-28.88, -9.22)",427,0.32846153846153847,394,33,0.07728337236533958,-0.038019389639842575,0.0004825283531429754,6.03124116856789e-05,water_per_diff,0.0012304316965457002,25 - 27日龄
"[-9.22, -3.68)",127,0.09769230769230769,126,1,0.007874015748031496,2.318419169480182,0.21892571688049742,0.0225214016407735,water_per_diff,0.0009728431152892998,25 - 27日龄
"[-3.68, inf)",506,0.3892307692307692,488,18,0.03557312252964427,0.7820809104856863,0.17212468779163254,0.0225012125148997,water_per_diff,0.0010625424687541608,25 - 27日龄
,1300,1.0,1203,97,0.07461538461538461,,0.7900144759905257,0.09061477226676518,water_per_diff,0.001264095854735985,25 - 27日龄
"[-inf, -16.50)",144,0.11076923076923077,116,28,0.19444444444444445,-1.0964770565401354,0.21078038008336816,0.0251022523003518,water_per_shift_diff,0.0021175686744478,25 - 27日龄
"[-16.50, -8.14)",278,0.21384615384615385,251,27,0.09712230215827339,-0.2882466643438412,0.020092366744417348,0.0025028870268169,water_per_shift_diff,0.001231155880423,25 - 27日龄
"[-8.14, 0.36)",432,0.3323076923076923,408,24,0.05555555555555555,0.31535060658492015,0.028926934321284296,0.0072781211457193,water_per_shift_diff,0.001190427733870612,25 - 27日龄
"[0.36, 1.65)",77,0.05923076923076923,76,1,0.012987012987012988,1.812870602815035,0.09583942848005374,0.0105691098244255,water_per_shift_diff,0.0010157323225713,25 - 27日龄
"[1.65, inf)",369,0.28384615384615386,352,17,0.04607046070460705,0.512555094070585,0.060145314575318756,0.0074369337962881,water_per_shift_diff,0.0010939219983973,25 - 27日龄
,1300,1.0,1203,97,0.07461538461538461,,0.4157844242044423,0.052889304093601604,water_per_shift_diff,0.001264095854735981,25 - 27日龄
"[-inf, -41.59)",65,0.05,46,19,0.2923076923076923,-1.6336603201486415,0.25752784352807206,0.0290298069342077,water_per_diff_前1天,0.0032003239393372,25 - 27日龄
"[-41.59, -9.05)",510,0.3923076923076923,467,43,0.08431372549019608,-0.1327335954959611,0.007313991816327132,0.0024208459112675697,water_per_diff_前1天,0.0012329109621179058,25 - 27日龄
"[-9.05, 5.56)",356,0.27384615384615385,334,22,0.06179775280898876,0.20223580214708847,0.010280679558290944,0.001282899450898,water_per_diff_前1天,0.0011600019750165,25 - 27日龄
"[5.56, 18.99)",251,0.1930769230769231,240,11,0.043824701195219126,0.5648809130723247,0.048635786252904226,0.0059999119899776,water_per_diff_前1天,0.001090871275676,25 - 27日龄
"[18.99, inf)",118,0.09076923076923077,116,2,0.01694915254237288,1.5425802730751232,0.11693845365643057,0.0133211434427703,water_per_diff_前1天,0.0010148268738915,25 - 27日龄
,1300,1.0,1203,97,0.07461538461538461,,0.4406967548120249,0.05205460772912117,water_per_diff_前1天,0.0012640958547359977,25 - 27日龄
"[-inf, -32.11)",67,0.052059052059052056,50,17,0.2537313432835821,-1.439390716515534,0.1944642841975883,0.0221677312404754,water_per_diff_前2天,0.0030167004613767,25 - 27日龄
"[-32.11, 9.45)",902,0.7008547008547008,834,68,0.07538802660753881,-0.011474680704823752,9.273199142227406e-05,0.0012504319066888,water_per_diff_前2天,0.0011996225705825227,25 - 27日龄
"[9.45, 15.00)",121,0.09401709401709402,114,7,0.05785123966942149,0.2720879214517183,0.006203935866434276,0.0007671681376565,water_per_diff_前2天,0.0011498361807642,25 - 27日龄
"[15.00, inf)",197,0.15306915306915306,193,4,0.02030456852791878,1.358195449897531,0.16350232798409617,0.0188155641461615,water_per_diff_前2天,0.0010361823654878,25 - 27日龄
,1287,1.0,1191,96,0.07459207459207459,,0.364263280039541,0.0430008954309822,water_per_diff_前2天,0.0012645194976311106,25 - 27日龄
"[-inf, -27.02)",68,0.05345911949685535,52,16,0.23529411764705882,-1.384602313338866,0.18248185246375023,0.0189785388605017,water_per_diff_前3天,0.0026746857922889,25 - 27日龄
"[-27.02, -19.80)",112,0.0880503144654088,106,6,0.05357142857142857,0.3084223152034999,0.007346736579365221,0.0011552683530492,water_per_diff_前3天,0.0011952125894666,25 - 27日龄
"[-19.80, -15.78)",76,0.059748427672955975,75,1,0.013157894736842105,1.7542308038557979,0.09212604941763007,0.0103442325765425,water_per_diff_前3天,0.0009743176870434,25 - 27日龄
"[-15.78, inf)",1016,0.7987421383647799,948,68,0.06692913385826772,0.07158948739840294,0.0039701253816795375,0.0012978842002163,water_per_diff_前3天,0.0011881173206512137,25 - 27日龄
,1272,1.0,1181,91,0.07154088050314465,,0.28592476384242504,0.0317759239903097,water_per_diff_前3天,0.001255438510922041,25 - 27日龄
"[-inf, -17.78)",145,0.11553784860557768,132,13,0.0896551724137931,-0.2792874796087546,0.010169300843886717,0.0006063937887675,water_per_diff_前5天,0.0015844233890725,25 - 27日龄
"[-17.78, -13.47)",93,0.07410358565737052,91,2,0.021505376344086023,1.2205722812233162,0.06703682394019966,0.0083600035080255,water_per_diff_前5天,0.0010933009832856,25 - 27日龄
"[-13.47, -1.14)",431,0.3434262948207171,405,26,0.060324825986078884,0.14865048435146838,0.007119763692121287,0.001989237309871,water_per_diff_前5天,0.0011599821663753438,25 - 27日龄
"[-1.14, 10.48)",360,0.2868525896414343,335,25,0.06944444444444445,-0.001885337776722865,1.020445379859004e-06,0.0002005744228487,water_per_diff_前5天,0.0012359618006284,25 - 27日龄
"[10.48, inf)",226,0.1800796812749004,205,21,0.09292035398230089,-0.3186525033186035,0.0209882420554973,0.0013757434012268,water_per_diff_前5天,0.0013080896203652003,25 - 27日龄
,1255,1.0,1168,87,0.06932270916334661,,0.10531515097708483,0.0125319524307395,water_per_diff_前5天,0.001252545975296897,25 - 27日龄
"[-inf, -21.22)",134,0.11046990931574609,130,4,0.029850746268656716,0.9207213992906399,0.06396796557412154,0.0077499032508029,water_per_diff_前7天,0.000983001351617,25 - 27日龄
"[-21.22, -13.46)",208,0.17147568013190437,196,12,0.057692307692307696,0.23268931939746484,0.00840856853338055,0.0013454494845123,water_per_diff_前7天,0.0012318149814159,25 - 27日龄
"[-13.46, 9.38)",764,0.629843363561418,708,56,0.07329842931937172,-0.023426287086481475,0.000349139249364682,0.0003427162688768454,water_per_diff_前7天,0.0012948393231747065,25 - 27日龄
"[9.38, inf)",107,0.08821104699093157,92,15,0.14018691588785046,-0.7467803140982218,0.06773942825867989,0.0067409336138704,water_per_diff_前7天,0.0014911508508055,25 - 27日龄
,1213,1.0,1126,87,0.0717230008244023,,0.14046510161554665,0.016179002618062446,water_per_diff_前7天,0.0012669003142562652,25 - 27日龄
"[-inf, -16.52)",108,0.08391608391608392,88,20,0.18518518518518517,-1.0365958369632484,0.1393660020098574,0.0165004708828306,water_per_shift_diff_前1天,0.0022471569862064,25 - 27日龄
"[-16.52, -11.56)",120,0.09324009324009325,109,11,0.09166666666666666,-0.2247477684566906,0.005183493085469957,0.0006380971200616,water_per_shift_diff_前1天,0.0013815688450212,25 - 27日龄
"[-11.56, -0.44)",542,0.4211344211344211,501,41,0.07564575645756458,-0.01516634350690679,9.74956485934127e-05,1.15321016713665e-05,water_per_shift_diff_前1天,0.0012060955635803,25 - 27日龄
"[-0.44, 2.14)",146,0.11344211344211344,144,2,0.0136986301369863,1.7584657411285916,0.1759757645010613,0.0193487989328447,water_per_shift_diff_前1天,0.0010118292572566,25 - 27日龄
"[2.14, inf)",371,0.28826728826728826,349,22,0.05929919137466307,0.24582909095664746,0.01569972731392947,0.0032092878318106,water_per_shift_diff_前1天,0.0011254029933110564,25 - 27日龄
,1287,1.0,1191,96,0.07459207459207459,,0.33632248255891156,0.03970818686921887,water_per_shift_diff_前1天,0.0012645194976310982,25 - 27日龄
"[-inf, -11.55)",134,0.10534591194968554,116,18,0.13432835820895522,-0.7000388764703124,0.06971011766881562,0.0071669629245829,water_per_shift_diff_前2天,0.0018504156258083,25 - 27日龄
"[-11.55, -2.91)",405,0.31839622641509435,369,36,0.08888888888888889,-0.23597960409609509,0.019623430709743112,0.0015319120785695,water_per_shift_diff_前2天,0.0012774737924144998,25 - 27日龄
"[-2.91, 0.71)",203,0.15959119496855345,190,13,0.06403940886699508,0.11881740501843709,0.0021415015541002935,0.0004903991889667,water_per_shift_diff_前2天,0.0011802293815097,25 - 27日龄
"[0.71, 2.29)",105,0.08254716981132075,101,4,0.0380952380952381,0.6655688460408565,0.027664170197211395,0.0037185230678924,water_per_shift_diff_前2天,0.0011124804050393,25 - 27日龄
"[2.29, 4.63)",113,0.08883647798742138,112,1,0.008849557522123894,2.155241561614582,0.18070811392570088,0.0190655955786903,water_per_shift_diff_前2天,0.0010435528356956,25 - 27日龄
"[4.63, inf)",312,0.24528301886792453,293,19,0.060897435897435896,0.17247632017011455,0.006778944798118225,0.0012959886997483,water_per_shift_diff_前2天,0.0011450856689021,25 - 27日龄
,1272,1.0,1181,91,0.07154088050314465,,0.30662627885368954,0.033269381538450105,water_per_shift_diff_前2天,0.0012554385109220427,25 - 27日龄
"[-inf, -8.61)",222,0.17591125198098256,195,27,0.12162162162162163,-0.625952615364258,0.09037965862339396,0.0077630983877085,water_per_shift_diff_前3天,0.0016265599787812998,25 - 27日龄
"[-8.61, -0.65)",394,0.312202852614897,362,32,0.08121827411167512,-0.17720699889763117,0.010584748694242467,0.000333016638138,water_per_shift_diff_前3天,0.0012608773868171,25 - 27日龄
"[-0.65, 1.14)",111,0.08795562599049128,109,2,0.018018018018018018,1.3950853937455228,0.09734550367901017,0.0118843424985363,water_per_shift_diff_前3天,0.0010492581653191,25 - 27日龄
"[1.14, inf)",535,0.42393026941362916,509,26,0.048598130841121495,0.3712361706053651,0.04987220670993866,0.0087722952402812,water_per_shift_diff_前3天,0.0011264174190708,25 - 27日龄
,1262,1.0,1175,87,0.06893819334389857,,0.24818211770658524,0.028752752764664,water_per_shift_diff_前3天,0.0012495903179466595,25 - 27日龄
"[-inf, -8.72)",82,0.06628940986257073,68,14,0.17073170731707318,-1.0011587271418638,0.10190705124650416,0.0099277329287799,water_per_shift_diff_前5天,0.0021262185731758,25 - 27日龄
"[-8.72, 5.89)",733,0.5925626515763945,683,50,0.06821282401091405,0.03286275143993203,0.0006309779661780076,0.0008025801088445434,water_per_shift_diff_前5天,0.0012296846886031753,25 - 27日龄
"[5.89, 9.73)",216,0.1746160064672595,203,13,0.06018518518518518,0.16664751887753854,0.004515556458540798,0.0009978240781018,water_per_shift_diff_前5天,0.0011697215302122,25 - 27日龄
"[9.73, inf)",206,0.16653193209377526,196,10,0.04854368932038835,0.3939204635337595,0.021859534368210223,0.0033933965124499,water_per_shift_diff_前5天,0.0011111011877118,25 - 27日龄
,1237,1.0,1150,87,0.07033144704931285,,0.12891312003943317,0.015121533628176144,water_per_shift_diff_前5天,0.0012588969239620122,25 - 27日龄
"[-inf, -16.67)",65,0.05443886097152429,56,9,0.13846153846153847,-0.7153737006551233,0.03781544310537159,0.0039089063128339,water_per_shift_diff_前7天,0.0014580954294806,25 - 27日龄
"[-16.67, -1.65)",569,0.4765494137353434,533,36,0.0632688927943761,0.15150167165568143,0.010254902423692354,0.0015905180567404,water_per_shift_diff_前7天,0.0012100746137982,25 - 27日龄
"[-1.65, 2.44)",212,0.17755443886097153,205,7,0.0330188679245283,0.8335990160290416,0.08729900295578724,0.0159233173682304,water_per_shift_diff_前7天,0.0011312894490469708,25 - 27日龄
"[2.44, inf)",348,0.2914572864321608,313,35,0.10057471264367816,-0.3526456850033136,0.04215974018137612,0.0044530864074504,water_per_shift_diff_前7天,0.0014173728112487518,25 - 27日龄
,1194,1.0,1107,87,0.0728643216080402,,0.1775290886662273,0.025875828145255103,water_per_shift_diff_前7天,0.0012700064988944205,25 - 27日龄
"[-inf, -69.70)",66,0.050190114068441066,10,56,0.8484848484848485,-2.772295424100122,0.4268113298124721,0.040951370477898,water_per_diff,0.0074303310885727,28 - 30日龄
"[-69.70, -52.11)",110,0.08365019011406843,60,50,0.45454545454545453,-0.8672072695650638,0.07373509876290113,0.0089385139298848,water_per_diff,0.0034687549887255,28 - 30日龄
"[-52.11, -33.33)",270,0.20532319391634982,176,94,0.34814814814814815,-0.4223396135908702,0.04010607589905291,0.0049763295229966,water_per_diff,0.0026479348099239,28 - 30日龄
"[-33.33, -20.97)",283,0.21520912547528517,220,63,0.2226148409893993,0.20096399360181041,0.008264032663363358,0.0010312692752678,water_per_diff,0.0020051875283984,28 - 30日龄
"[-20.97, -3.21)",334,0.2539923954372624,279,55,0.16467065868263472,0.5743497702298764,0.07188407570042735,0.008864006270513,water_per_diff,0.0017230938804322997,28 - 30日龄
"[-3.21, inf)",252,0.19163498098859316,229,23,0.09126984126984126,1.2486989612660717,0.20936218229998654,0.0245924276616181,water_per_diff,0.001289534262355,28 - 30日龄
,1315,1.0,974,341,0.25931558935361215,,0.8301627951382033,0.08935391713817831,water_per_diff,0.0023230808821290126,28 - 30日龄
"[-inf, -25.07)",68,0.05171102661596958,37,31,0.45588235294117646,-0.8725981181999402,0.04617912385844373,0.0055959547189666,water_per_shift_diff,0.0039866698319472,28 - 30日龄
"[-25.07, -12.66)",259,0.19695817490494297,178,81,0.3127413127413127,-0.26219443073937204,0.014364352525587912,0.0017904184991598,water_per_shift_diff,0.0029277517095993,28 - 30日龄
"[-12.66, -7.76)",176,0.1338403041825095,124,52,0.29545454545454547,-0.18049097933540878,0.00454523340326904,0.0005673842312635,water_per_shift_diff,0.0025325700111275,28 - 30日龄
"[-7.76, 4.71)",479,0.36425855513307986,366,113,0.2359081419624217,0.12571668833000754,0.005580780205391898,0.0006971385004886,water_per_shift_diff,0.0020577473382098,28 - 30日龄
"[4.71, 18.33)",262,0.19923954372623573,208,54,0.20610687022900764,0.29902520677802535,0.016504573728238485,0.0020554195924153,water_per_shift_diff,0.0017998607299486,28 - 30日龄
"[18.33, inf)",71,0.05399239543726236,61,10,0.14084507042253522,0.7587599448202472,0.02526884856611113,0.003084952818288,water_per_shift_diff,0.0017255395835717,28 - 30日龄
,1315,1.0,974,341,0.25931558935361215,,0.11244291228704219,0.013791268360581801,water_per_shift_diff,0.002323080882129039,28 - 30日龄
"[-inf, -58.25)",78,0.05931558935361217,24,54,0.6923076923076923,-1.860459042575347,0.24877521421732288,0.0272682737923134,water_per_diff_前1天,0.0060642271147131,28 - 30日龄
"[-58.25, -43.80)",134,0.10190114068441064,74,60,0.44776119402985076,-0.8398082953769493,0.08396211847112003,0.0101973262686665,water_per_diff_前1天,0.0032835500402322,28 - 30日龄
"[-43.80, -28.81)",236,0.17946768060836502,159,77,0.326271186440678,-0.32443004599247055,0.02029702447107958,0.0025260594117246,water_per_diff_前1天,0.0025600279110552,28 - 30日龄
"[-28.81, -11.79)",403,0.3064638783269962,309,94,0.23325062034739455,0.14051766826872347,0.005843938144832745,0.0007298918721863,water_per_diff_前1天,0.0021108742464245,28 - 30日龄
"[-11.79, 1.33)",248,0.18859315589353612,212,36,0.14516129032258066,0.7235385098568842,0.08109947083090585,0.009921938268919,water_per_diff_前1天,0.0016228257919065,28 - 30日龄
"[1.33, inf)",216,0.16425855513307985,196,20,0.09259259259259259,1.232853559317508,0.17578150130682169,0.0206789907155557,water_per_diff_前1天,0.001317297384028,28 - 30日龄
,1315,1.0,974,341,0.25931558935361215,,0.6157592674420828,0.0713224803293655,water_per_diff_前1天,0.0023230808821290473,28 - 30日龄
"[-inf, -52.87)",69,0.05255140898705255,25,44,0.6376811594202898,-1.6127871362269826,0.16662041534164998,0.0188574147024808,water_per_diff_前2天,0.005738998128589,28 - 30日龄
"[-52.87, -43.29)",100,0.07616146230007616,47,53,0.53,-1.1676176390189856,0.12501835074503934,0.0148330374246946,water_per_diff_前2天,0.0037160187497272,28 - 30日龄
"[-43.29, -32.01)",138,0.1051028179741051,95,43,0.3115942028985507,-0.2547965512699439,0.0072268152809116925,0.000914570281402,water_per_diff_前2天,0.0025312418272149,28 - 30日龄
"[-32.01, -9.02)",495,0.376999238385377,364,131,0.26464646464646463,-0.02551678274133306,0.0002469674011144789,3.600684804003955e-05,water_per_diff_前2天,0.0022537313055886,28 - 30日龄
"[-9.02, 5.63)",305,0.2322924600152323,254,51,0.16721311475409836,0.5580353071172884,0.06236421516913035,0.0076314806026411,water_per_diff_前2天,0.0017646053685777,28 - 30日龄
"[5.63, inf)",206,0.1568926123381569,187,19,0.09223300970873786,1.2391963105112238,0.16935892276965572,0.0198248595149396,water_per_diff_前2天,0.0013704256533362,28 - 30日龄
,1313,1.0,972,341,0.2597105864432597,,0.5308356867075015,0.062097369374198144,water_per_diff_前2天,0.002325219677281668,28 - 30日龄
"[-inf, -42.38)",113,0.08625954198473282,46,67,0.5929203539823009,-1.4244016767890926,0.2131419731641653,0.0245509307031774,water_per_diff_前3天,0.0047056720217228,28 - 30日龄
"[-42.38, -28.88)",141,0.10763358778625955,89,52,0.36879432624113473,-0.5109578027365091,0.03126479217472031,0.0038703169040438,water_per_diff_前3天,0.002938638667698,28 - 30日龄
"[-28.88, -11.03)",363,0.2770992366412214,258,105,0.2892561983471074,-0.14935121912312746,0.006398825731382025,0.0008089129862413,water_per_diff_前3天,0.0025241460209018,28 - 30日龄
"[-11.03, 5.63)",404,0.3083969465648855,323,81,0.2004950495049505,0.3348527146629964,0.03172876692910442,0.0039061362608626,water_per_diff_前3天,0.0018819735213741,28 - 30日龄
"[5.63, 13.35)",130,0.09923664122137404,108,22,0.16923076923076924,0.5427383198786824,0.02531023456559774,0.0031009987997822,water_per_diff_前3天,0.0016672597066938,28 - 30日龄
"[13.35, inf)",159,0.12137404580152672,146,13,0.08176100628930817,1.3703068103595781,0.15385828134510363,0.0177624237048762,water_per_diff_前3天,0.0013067459232202,28 - 30日龄
,1310,1.0,970,340,0.2595419847328244,,0.46170287391007336,0.0539997193589835,water_per_diff_前3天,0.0023260974522784656,28 - 30日龄
"[-inf, -32.79)",77,0.05982905982905983,36,41,0.5324675324675324,-1.223492099636087,0.1096133743928429,0.0116127630060475,water_per_diff_前5天,0.004571894712336,28 - 30日龄
"[-32.79, -17.63)",195,0.15151515151515152,140,55,0.28205128205128205,-0.15912973401105562,0.003986266990243931,0.0002526686834087,water_per_diff_前5天,0.002401702962893,28 - 30日龄
"[-17.63, -12.70)",132,0.10256410256410256,96,36,0.2727272727272727,-0.1126097183761629,0.0013366825505128856,6.017946191004585e-05,water_per_diff_前5天,0.0021262939746494,28 - 30日龄
"[-12.70, 9.48)",566,0.4397824397824398,430,136,0.24028268551236748,0.05769135156366704,0.0014425987669884012,0.0005414486528756,water_per_diff_前5天,0.0022857654926054,28 - 30日龄
"[9.48, 20.78)",215,0.16705516705516704,170,45,0.20930232558139536,0.23569697589205307,0.008727779415089901,0.0014831422720704,water_per_diff_前5天,0.0019424394507027,28 - 30日龄
"[20.78, inf)",102,0.07925407925407925,92,10,0.09803921568627451,1.1257645126671054,0.0725847165329728,0.00901443007126,water_per_diff_前5天,0.0014264093673564,28 - 30日龄
,1287,1.0,964,323,0.25097125097125095,,0.19769141864865084,0.022964632147572245,water_per_diff_前5天,0.0022982908169804327,28 - 30日龄
"[-inf, -23.08)",86,0.06830818109610802,55,31,0.36046511627906974,-0.5626838209544966,0.024530033865517616,0.0020308703309213,water_per_diff_前7天,0.0035005499183395003,28 - 30日龄
"[-23.08, -5.28)",403,0.3200953137410643,304,99,0.2456575682382134,-0.014121950430189592,6.40678573309634e-05,0.000197121139284,water_per_diff_前7天,0.0022247230728739,28 - 30日龄
"[-5.28, -1.12)",131,0.10405083399523431,114,17,0.1297709923664122,0.7669553026364581,0.049136287606241544,0.0069580221064934,water_per_diff_前7天,0.0015032309033942,28 - 30日龄
"[-1.12, 1.52)",91,0.07227958697378872,73,18,0.1978021978021978,0.26405788155040505,0.004694072581107131,0.0009662256771095,water_per_diff_前7天,0.0015969165793754,28 - 30日龄
"[1.52, 17.30)",415,0.329626687847498,317,98,0.236144578313253,0.037904493504887476,0.0004689676651154394,0.0005916638686384,water_per_diff_前7天,0.0023198689544941,28 - 30日龄
"[17.30, inf)",133,0.10563939634630659,90,43,0.3233082706766917,-0.39742024706511864,0.018314818359319827,0.0013043904703546,water_per_diff_前7天,0.0025715101891952,28 - 30日龄
,1259,1.0,953,306,0.24305003971405878,,0.09720824793463251,0.0120482935928012,water_per_diff_前7天,0.002259420031525968,28 - 30日龄
"[-inf, -23.59)",67,0.051028179741051026,40,27,0.40298507462686567,-0.6544307390673151,0.024885790507236157,0.0030724514226208,water_per_shift_diff_前1天,0.0037751119711159995,28 - 30日龄
"[-23.59, -10.22)",329,0.25057121096725055,231,98,0.2978723404255319,-0.19002309532570072,0.009450933246576209,0.0012040120223811,water_per_shift_diff_前1天,0.0025768897543275,28 - 30日龄
"[-10.22, 0.86)",468,0.3564356435643564,349,119,0.25427350427350426,0.0284751019139754,0.0002870259207806609,3.085262391209131e-05,water_per_shift_diff_前1天,0.0022344201140232,28 - 30日龄
"[0.86, 5.31)",186,0.14166031987814165,141,45,0.24193548387096775,0.0946240734309264,0.0012392838262060626,0.0001480458832715,water_per_shift_diff_前1天,0.0021350300232806,28 - 30日龄
"[5.31, 8.92)",79,0.060167555217060166,69,10,0.12658227848101267,0.8840480844262913,0.03683133605421797,0.0044343237326735,water_per_shift_diff_前1天,0.0016818433175236,28 - 30日龄
"[8.92, inf)",184,0.14013709063214014,142,42,0.22826086956521738,0.17068411214097015,0.003912656686479765,0.000476304848513,water_per_shift_diff_前1天,0.0020467086155159,28 - 30日龄
,1313,1.0,972,341,0.2597105864432597,,0.07660702624149683,0.00936599053337199,water_per_shift_diff_前1天,0.00232521967728169,28 - 30日龄
"[-inf, -4.33)",714,0.5450381679389313,522,192,0.2689075630252101,-0.04817823803236432,0.001279688796735936,0.0001672745491971,water_per_shift_diff_前2天,0.0025461028982035,28 - 30日龄
"[-4.33, -2.64)",71,0.05419847328244275,42,29,0.4084507042253521,-0.6779766655903272,0.028471730801776934,0.00349215286653,water_per_shift_diff_前2天,0.0027057279535576,28 - 30日龄
"[-2.64, 1.73)",199,0.15190839694656488,145,54,0.271356783919598,-0.06060075803092139,0.000565950075000721,7.325171800347816e-05,water_per_shift_diff_前2天,0.0020450977003465,28 - 30日龄
"[1.73, 5.03)",118,0.0900763358778626,93,25,0.211864406779661,0.26537321439783373,0.005930262553402168,0.0007299873303416,water_per_shift_diff_前2天,0.0018839963234173,28 - 30日龄
"[5.03, inf)",208,0.15877862595419848,168,40,0.19230769230769232,0.3867340714021011,0.02148262033986201,0.0026431420536323,water_per_shift_diff_前2天,0.0019609495189072,28 - 30日龄
,1310,1.0,970,340,0.2595419847328244,,0.05773025256677777,0.007105808517704478,water_per_shift_diff_前2天,0.0023260974522784587,28 - 30日龄
"[-inf, -20.55)",75,0.0576036866359447,39,36,0.48,-0.9840483866263402,0.06641851800415698,0.0076443096837322,water_per_shift_diff_前3天,0.0040747488912556,28 - 30日龄
"[-20.55, -16.50)",72,0.055299539170506916,40,32,0.4444444444444444,-0.8409475429856669,0.04581992600718658,0.0053014358288152,water_per_shift_diff_前3天,0.0039017739677790994,28 - 30日龄
"[-16.50, -1.85)",604,0.46390168970814133,442,162,0.2682119205298013,-0.06037754745456257,0.0017158314755175224,0.00013482626267221232,water_per_shift_diff_前3天,0.0022966452361123132,28 - 30日龄
"[-1.85, 6.33)",359,0.27572964669738864,281,78,0.21727019498607242,0.21755474834427732,0.012347607364148217,0.001730090639775,water_per_shift_diff_前3天,0.0020169602318815,28 - 30日龄
"[6.33, inf)",192,0.14746543778801843,166,26,0.13541666666666666,0.7898001560351845,0.07395948657680892,0.0092225389759495,water_per_shift_diff_前3天,0.0016523151010527,28 - 30日龄
,1302,1.0,968,334,0.2565284178187404,,0.20026136942781822,0.024033201390944114,water_per_shift_diff_前3天,0.0023156995681902297,28 - 30日龄
"[-inf, -14.45)",86,0.0677698975571316,48,38,0.4418604651162791,-0.8871853524619668,0.06355630137301889,0.006169020620731,water_per_shift_diff_前5天,0.003495695696142,28 - 30日龄
"[-14.45, -2.42)",469,0.36958234830575254,325,144,0.3070362473347548,-0.306788320889735,0.03740839826297951,0.0026026857943671,water_per_shift_diff_前5天,0.0025891440029979,28 - 30日龄
"[-2.42, -0.78)",86,0.0677698975571316,65,21,0.2441860465116279,0.009064628528742406,5.55564605189788e-06,5.171781369775561e-05,water_per_shift_diff_前5天,0.002173606789419,28 - 30日龄
"[-0.78, 4.91)",325,0.256107171000788,261,64,0.19692307692307692,0.28483712031954966,0.019254723751204985,0.0035549564470719,water_per_shift_diff_前5天,0.0019363457641177998,28 - 30日龄
"[4.91, 10.01)",174,0.13711583924349882,151,23,0.13218390804597702,0.7609854172423027,0.06397360527757362,0.0088571760500591,water_per_shift_diff_前5天,0.001880437556008,28 - 30日龄
"[10.01, inf)",129,0.1016548463356974,107,22,0.17054263565891473,0.46098617746011833,0.01903638362431764,0.002981467488756,water_per_shift_diff_前5天,0.0017351177926557,28 - 30日龄
,1269,1.0,957,312,0.2458628841607565,,0.20323496793514656,0.024217024214682855,water_per_shift_diff_前5天,0.00227124291134793,28 - 30日龄
"[-inf, -9.05)",139,0.11128903122497999,76,63,0.45323741007194246,-0.9422157756432907,0.11876526441249763,0.0111551466282898,water_per_shift_diff_前7天,0.0038131051921584005,28 - 30日龄
"[-9.05, -5.65)",130,0.10408326661329063,83,47,0.36153846153846153,-0.5611213834515498,0.037132000968680114,0.0031322388290056,water_per_shift_diff_前7天,0.0028132530553744,28 - 30日龄
"[-5.65, 7.76)",714,0.5716573258606885,556,158,0.22128851540616246,0.12835887168552657,0.009107095827979772,0.0027985534624203,water_per_shift_diff_前7天,0.0020642087033384,28 - 30日龄
"[7.76, 9.36)",71,0.05684547638110488,66,5,0.07042253521126761,1.4504024400542361,0.07762816616155799,0.0092712654967315,water_per_shift_diff_前7天,0.0015697407709179,28 - 30日龄
"[9.36, inf)",195,0.15612489991993594,163,32,0.1641025641025641,0.4981999084689468,0.03375377054217751,0.0052426223467618,water_per_shift_diff_前7天,0.0017854151767091003,28 - 30日龄
,1249,1.0,944,305,0.24419535628502803,,0.276386297912893,0.031599826763209,water_per_shift_diff_前7天,0.002265169805673141,28 - 30日龄
"[-inf, -79.82)",249,0.18949771689497716,12,237,0.9518072289156626,-2.9466197480146747,0.9890489436813049,0.0922722324563425,water_per_diff,0.0104479970723602,31 - 33日龄
"[-79.82, -64.87)",86,0.0654490106544901,18,68,0.7906976744186046,-1.292602203947486,0.09531295564408548,0.0111483265208955,water_per_diff,0.0051606135129715,31 - 33日龄
"[-64.87, -30.16)",421,0.3203957382039574,187,234,0.5558194774346793,-0.18767875517065893,0.011233193612571373,0.0014020920412075,water_per_diff,0.0036915935688193,31 - 33日龄
"[-30.16, -6.52)",343,0.2610350076103501,245,98,0.2857142857142857,0.9528244752066111,0.22234889637647237,0.0267877540325088,water_per_diff,0.0022315073174381,31 - 33日龄
"[-6.52, 9.29)",148,0.1126331811263318,122,26,0.17567567567567569,1.5824582500442306,0.23781706492130625,0.0269682516481749,water_per_diff,0.0018348858479379998,31 - 33日龄
"[9.29, inf)",67,0.05098934550989345,61,6,0.08955223880597014,2.3556481382777124,0.2016553378983799,0.0206310527836425,water_per_diff,0.0014242430005234,31 - 33日龄
,1314,1.0,645,669,0.5091324200913242,,1.7574163921341204,0.1792097094827717,water_per_diff,0.004362191264853366,31 - 33日龄
"[-inf, -38.90)",86,0.0654490106544901,8,78,0.9069767441860465,-2.2407335416773,0.23345940039333973,0.0242899480323573,water_per_shift_diff,0.0090407369374805,31 - 33日龄
"[-38.90, -31.53)",68,0.0517503805175038,18,50,0.7352941176470589,-0.9851175041995255,0.04613447011011231,0.0055443819523729,water_per_shift_diff,0.0079447584060744,31 - 33日龄
"[-31.53, -15.77)",310,0.2359208523592085,115,195,0.6290322580645161,-0.4915336868680407,0.05563436174930791,0.0068851220155561,water_per_shift_diff,0.0050412016884441,31 - 33日龄
"[-15.77, -6.89)",245,0.18645357686453576,120,125,0.5102040816326531,-0.004288251187799165,3.4285736197511143e-06,4.28571374071527e-07,water_per_shift_diff,0.0038552937505223,31 - 33日龄
"[-6.89, -1.42)",146,0.1111111111111111,81,65,0.4452054794520548,0.2565956281092578,0.00729282113331697,0.000909109965884,water_per_shift_diff,0.0033667196199014,31 - 33日龄
"[-1.42, inf)",459,0.3493150684931507,303,156,0.33986928104575165,0.700410541592288,0.16570563715259823,0.0202999337833133,water_per_shift_diff,0.003083468010849,31 - 33日龄
,1314,1.0,645,669,0.5091324200913242,,0.5082301191122949,0.057928924320857667,water_per_shift_diff,0.004362191264853358,31 - 33日龄
"[-inf, -87.55)",105,0.07990867579908675,2,103,0.9809523809523809,-3.9050480643372345,0.5891169600448684,0.0468132761614785,water_per_diff_前1天,0.0142401748904355,31 - 33日龄
"[-87.55, -67.05)",99,0.07534246575342465,9,90,0.9090909090909091,-2.2660513496615895,0.27323063619550836,0.0283238367836259,water_per_diff_前1天,0.0077441779851287,31 - 33日龄
"[-67.05, -29.04)",459,0.3493150684931507,176,283,0.616557734204793,-0.43842915927262993,0.06583067092718038,0.0081635546945313,water_per_diff_前1天,0.0042125618370658,31 - 33日龄
"[-29.04, -7.82)",360,0.273972602739726,226,134,0.37222222222222223,0.5592289426538305,0.08393391326179925,0.0103571269770884,water_per_diff_前1天,0.0028128247714669006,31 - 33日龄
"[-7.82, 6.77)",186,0.1415525114155251,141,45,0.24193548387096775,1.1786311439403045,0.17837412828096466,0.0210896516215212,water_per_diff_前1天,0.0019106944009766,31 - 33日龄
"[6.77, inf)",105,0.07990867579908675,91,14,0.13333333333333333,1.9083359202340475,0.22930281022981225,0.0249778231262712,water_per_diff_前1天,0.0016043369378177,31 - 33日龄
,1314,1.0,645,669,0.5091324200913242,,1.4197891189401335,0.13972526936451649,water_per_diff_前1天,0.0043621912648533195,31 - 33日龄
"[-inf, -63.43)",131,0.09984756097560976,9,122,0.9312977099236641,-2.573256738277186,0.43476473980487385,0.0428685060116847,water_per_diff_前2天,0.0121688943725415,31 - 33日龄
"[-63.43, -41.35)",215,0.1638719512195122,68,147,0.6837209302325581,-0.7373851524827784,0.08477234000824177,0.0102634144186928,water_per_diff_前2天,0.0054617923925853,31 - 33日龄
"[-41.35, -30.15)",207,0.15777439024390244,83,124,0.5990338164251208,-0.36790122868858766,0.021053102167716928,0.0025706238070993,water_per_diff_前2天,0.0042830623284467,31 - 33日龄
"[-30.15, -13.74)",337,0.25685975609756095,176,161,0.47774480712166173,0.12261935917353986,0.0038611495617864177,0.0005054267462753,water_per_diff_前2天,0.0034059583092019,31 - 33日龄
"[-13.74, 0.41)",252,0.19207317073170732,170,82,0.3253968253968254,0.76261891890586,0.10724508581477758,0.0131732478182607,water_per_diff_前2天,0.0023925763475445,31 - 33日龄
"[0.41, inf)",170,0.12957317073170732,139,31,0.18235294117647058,1.5340264577653966,0.2592920654923332,0.0296380270547241,water_per_diff_前2天,0.0018569575914289,31 - 33日龄
,1312,1.0,645,667,0.5083841463414634,,0.9109884828497297,0.0990192458567369,water_per_diff_前2天,0.0043608417755506175,31 - 33日龄
"[-inf, -66.98)",68,0.051829268292682924,11,57,0.8382352941176471,-1.6116162659163282,0.11023940000554538,0.0123936203112184,water_per_diff_前3天,0.0106782825635701,31 - 33日龄
"[-66.98, -42.96)",196,0.14939024390243902,51,145,0.7397959183673469,-1.0113683805763973,0.1398940287794248,0.0166533198963902,water_per_diff_前3天,0.0072098061836547,31 - 33日龄
"[-42.96, -22.15)",396,0.3018292682926829,170,226,0.5707070707070707,-0.2511968331021727,0.018906252584982734,0.0022977915210131,water_per_diff_前3天,0.0043048386721791,31 - 33日龄
"[-22.15, -2.76)",403,0.3071646341463415,230,173,0.4292803970223325,0.3183274435452677,0.03094742239643161,0.0039191106174404,water_per_diff_前3天,0.0033278739788326,31 - 33日龄
"[-2.76, 10.12)",145,0.11051829268292683,101,44,0.30344827586206896,0.8644706120428496,0.07834016887303925,0.0095502213816557,water_per_diff_前3天,0.0023065176083273,31 - 33日龄
"[10.12, inf)",104,0.07926829268292683,82,22,0.21153846153846154,1.3492165230257884,0.12702640783942107,0.0148176709937939,water_per_diff_前3天,0.0019412000225325003,31 - 33日龄
,1312,1.0,645,667,0.5083841463414634,,0.5053536804788449,0.059631734721511696,water_per_diff_前3天,0.0043608417755506,31 - 33日龄
"[-inf, -52.87)",67,0.05118411000763942,16,51,0.7611940298507462,-1.130205077803883,0.058771825179252536,0.0068605003754609,water_per_diff_前5天,0.0067935801133069,31 - 33日龄
"[-52.87, -43.29)",90,0.06875477463712758,27,63,0.7,-0.8182660277065423,0.043383689855077186,0.005160788099426,water_per_diff_前5天,0.007494940205223001,31 - 33日龄
"[-43.29, -24.69)",254,0.19404125286478227,103,151,0.594488188976378,-0.35351901590462714,0.023940207383678667,0.0028413497255292,water_per_diff_前5天,0.0053511445725492,31 - 33日龄
"[-24.69, -8.88)",366,0.27960275019098546,178,188,0.5136612021857924,-0.02562657985720267,0.00018357697534766458,1.1435264136863818e-05,water_per_diff_前5天,0.0044184659315157,31 - 33日龄
"[-8.88, 13.80)",424,0.32391138273491216,247,177,0.41745283018867924,0.36227043673480935,0.04216084192157724,0.0054403653690065,water_per_diff_前5天,0.003203014395227,31 - 33日龄
"[13.80, inf)",108,0.0825057295645531,74,34,0.3148148148148148,0.8067364012686696,0.05124701254533349,0.0063304691133086,water_per_diff_前5天,0.0023011315713592,31 - 33日龄
,1309,1.0,645,664,0.5072574484339191,,0.21968715386026677,0.026644907946868062,water_per_diff_前5天,0.00436414366058588,31 - 33日龄
"[-inf, -35.02)",108,0.08314087759815242,29,79,0.7314814814814815,-0.9821359577740779,0.07398011841016713,0.0084987263348949,water_per_diff_前7天,0.0067555367081851,31 - 33日龄
"[-35.02, -25.89)",98,0.07544264819091609,41,57,0.5816326530612245,-0.3094631364237726,0.007156841254347713,0.0007894465926386,water_per_diff_前7天,0.0054220085440382,31 - 33日龄
"[-25.89, 10.00)",816,0.628175519630485,411,405,0.4963235294117647,0.034722212096165134,0.000757404016748888,0.0002038364803205,water_per_diff_前7天,0.0043203421150017,31 - 33日龄
"[10.00, 13.32)",66,0.050808314087759814,46,20,0.30303030303030304,0.8529251876415737,0.035014159402385656,0.004365165617654,water_per_diff_前7天,0.0029367354734449,31 - 33日龄
"[13.32, 23.71)",144,0.11085450346420324,83,61,0.4236111111111111,0.32798280832975635,0.011838415243002835,0.0016069635257066,water_per_diff_前7天,0.0032914161527257,31 - 33日龄
"[23.71, inf)",67,0.05157813702848345,33,34,0.5074626865671642,-0.009836898443211353,4.99065040693208e-06,2.844905796330549e-07,water_per_diff_前7天,0.0028716642620074,31 - 33日龄
,1299,1.0,643,656,0.5050038491147036,,0.12875192897705914,0.015464423041794234,water_per_diff_前7天,0.004346839061151256,31 - 33日龄
"[-inf, -31.46)",88,0.06707317073170732,11,77,0.875,-1.912370419935462,0.18815433012570051,0.0203888908792308,water_per_shift_diff_前1天,0.0112764099050562,31 - 33日龄
"[-31.46, -14.53)",305,0.23246951219512196,110,195,0.639344262295082,-0.5389794636514794,0.06565372846752386,0.0080069555648151,water_per_shift_diff_前1天,0.0057895371862901,31 - 33日龄
"[-14.53, -6.73)",215,0.1638719512195122,96,119,0.5534883720930233,-0.18123557252384198,0.005359785663495791,0.0006461666133036,water_per_shift_diff_前1天,0.0041654356625957,31 - 33日龄
"[-6.73, -0.50)",200,0.1524390243902439,112,88,0.44,0.2747017859367392,0.0114576405909809,0.0014568280693077,water_per_shift_diff_前1天,0.0031961376457687,31 - 33日龄
"[-0.50, 1.18)",68,0.051829268292682924,50,18,0.2647058823529412,1.0551909766518326,0.053321831717654755,0.0063989593907897,water_per_shift_diff_前1天,0.0022311405378832,31 - 33日龄
"[1.18, inf)",436,0.3323170731707317,266,170,0.38990825688073394,0.4812376008512885,0.07580961771415114,0.0094887530685776,water_per_shift_diff_前1天,0.0029283893185116996,31 - 33日龄
,1312,1.0,645,667,0.5083841463414634,,0.3997569342795069,0.0463865535860245,water_per_shift_diff_前1天,0.0043608417755506106,31 - 33日龄
"[-inf, -28.05)",68,0.051829268292682924,17,51,0.75,-1.0650725595482586,0.05336565227530947,0.0063269467239732,water_per_shift_diff_前2天,0.0117925624006744,31 - 33日龄
"[-28.05, -20.94)",89,0.06783536585365854,29,60,0.6741573033707865,-0.6935090031157755,0.0312035930251434,0.003785486141838,water_per_shift_diff_前2天,0.006559483955839401,31 - 33日龄
"[-20.94, -7.76)",334,0.2545731707317073,128,206,0.6167664670658682,-0.4423061757501127,0.04882881701260035,0.0059637036163249,water_per_shift_diff_前2天,0.0050143021835213,31 - 33日龄
"[-7.76, 0.06)",280,0.21341463414634146,148,132,0.4714285714285714,0.14795008029759535,0.004668759318294698,0.0006059926665544,water_per_shift_diff_前2天,0.0034127522833795,31 - 33日龄
"[0.06, 9.16)",296,0.22560975609756098,165,131,0.44256756756756754,0.2642878798192803,0.015701912318679744,0.0019986452430878,water_per_shift_diff_前2天,0.0034723852736853003,31 - 33日龄
"[9.16, inf)",245,0.18673780487804878,158,87,0.3551020408163265,0.6302266434922343,0.07217762502819725,0.00894694646557,water_per_shift_diff_前2天,0.0027655611614432,31 - 33日龄
,1312,1.0,645,667,0.5083841463414634,,0.2259463589782249,0.0276277208573483,water_per_shift_diff_前2天,0.00436084177555059,31 - 33日龄
"[-inf, -21.06)",126,0.09610983981693363,40,86,0.6825396825396826,-0.7334284883949548,0.049223044720130706,0.005931663991554,water_per_shift_diff_前3天,0.0073606448958886,31 - 33日龄
"[-21.06, -11.22)",239,0.18230358504958047,105,134,0.5606694560669456,-0.2118400960487712,0.008136884756395285,0.0009704092652362,water_per_shift_diff_前3天,0.0050995770946511,31 - 33日龄
"[-11.22, 0.75)",463,0.3531655225019069,225,238,0.5140388768898488,-0.024130917722437896,0.00020559899169896072,1.6979552603194406e-05,water_per_shift_diff_前3天,0.0042520913321244,31 - 33日龄
"[0.75, 5.04)",161,0.12280701754385964,83,78,0.484472049689441,0.09417113485162294,0.001089094205700732,0.0001490508089151,water_per_shift_diff_前3天,0.0035508933726089,31 - 33日龄
"[5.04, 11.33)",158,0.12051868802440885,88,70,0.4430379746835443,0.26088092617346414,0.008173139428829945,0.0010517932125602,water_per_shift_diff_前3天,0.0030597291279176,31 - 33日龄
"[11.33, inf)",164,0.12509534706331046,104,60,0.36585365853658536,0.5820856906638887,0.041415524942270396,0.0051725880402776,water_per_shift_diff_前3天,0.0033458825338579996,31 - 33日龄
,1311,1.0,645,666,0.5080091533180778,,0.10824328704502602,0.013292484871146294,water_per_shift_diff_前3天,0.004362177147239435,31 - 33日龄
"[-inf, -21.84)",89,0.0681470137825421,32,57,0.6404494382022472,-0.5497485352021692,0.020018146264093553,0.0023768684149519,water_per_shift_diff_前5天,0.005677273129156001,31 - 33日龄
"[-21.84, -18.16)",71,0.05436447166921899,16,55,0.7746478873239436,-1.2071776331600352,0.07030222334938675,0.0081180238358055,water_per_shift_diff_前5天,0.005469698879427,31 - 33日龄
"[-18.16, -11.22)",213,0.16309341500765698,102,111,0.5211267605633803,-0.05699055819540842,0.0005293638007679939,4.6696992242847065e-05,water_per_shift_diff_前5天,0.0048009469191787,31 - 33日龄
"[-11.22, -1.54)",454,0.34762633996937214,236,218,0.4801762114537445,0.10690357206917583,0.003971947846671453,0.0005794914956829,water_per_shift_diff_前5天,0.0044395313285427,31 - 33日龄
"[-1.54, inf)",479,0.3667687595712098,258,221,0.4613778705636743,0.18236371323651915,0.012179025640516625,0.0017117834679510999,water_per_shift_diff_前5天,0.0037005030314169827,31 - 33日龄
,1306,1.0,644,662,0.5068912710566615,,0.10700070690143638,0.012832864206634247,water_per_shift_diff_前5天,0.004367776261811933,31 - 33日龄
"[-inf, -14.06)",147,0.11351351351351352,45,102,0.6938775510204082,-0.8013214979274815,0.06900074125575265,0.0078818000380483,water_per_shift_diff_前7天,0.0074687949347,31 - 33日龄
"[-14.06, -0.84)",577,0.44555984555984557,274,303,0.5251299826689775,-0.08361587353482906,0.003112264245627591,0.0002250795842134,water_per_shift_diff_前7天,0.0044778752210368,31 - 33日龄
"[-0.84, 2.54)",204,0.15752895752895754,108,96,0.47058823529411764,0.13477186124285312,0.0028585807897684033,0.0004614143577377,water_per_shift_diff_前7天,0.0034294843808968,31 - 33日龄
"[2.54, 4.22)",68,0.05250965250965251,44,24,0.35294117647058826,0.6231246291567852,0.019804383694916355,0.00255439180039,water_per_shift_diff_前7天,0.002873173138808,31 - 33日龄
"[4.22, 11.04)",209,0.1613899613899614,124,85,0.40669856459330145,0.3946191347011902,0.024852309719294176,0.0033511448727719,water_per_shift_diff_前7天,0.003398999616502,31 - 33日龄
"[11.04, inf)",90,0.0694980694980695,47,43,0.4777777777777778,0.10593631160296595,0.0007795640568455913,0.0001346969855924,water_per_shift_diff_前7天,0.0037121579014969,31 - 33日龄
,1295,1.0,642,653,0.5042471042471043,,0.12040784376220476,0.014608527638753699,water_per_shift_diff_前7天,0.004340635193872328,31 - 33日龄
"[-inf, -65.90)",432,0.5142857142857142,37,395,0.9143518518518519,-1.398567295068794,0.6831037751104783,0.0796844636233528,water_per_diff,0.0109175937799647,34 - 35日龄
"[-65.90, -56.31)",62,0.07380952380952381,12,50,0.8064516129032258,-0.45771579845204213,0.013801849721945439,0.0017677285007159,water_per_diff,0.0044847229025986,34 - 35日龄
"[-56.31, -46.39)",64,0.0761904761904762,20,44,0.6875,0.1809431968238333,0.002593005955379609,0.0002923134605983,water_per_diff,0.0036461211115834,34 - 35日龄
"[-46.39, -25.16)",132,0.15714285714285714,58,74,0.5606060606060606,0.725778474530353,0.09404026211260581,0.011183554613919,water_per_diff,0.0033507401848393,34 - 35日龄
"[-25.16, -11.92)",72,0.08571428571428572,56,16,0.2222222222222222,2.2221635256834715,0.48032434470662294,0.0494948493732139,water_per_diff,0.0019216338586532998,34 - 35日龄
"[-11.92, inf)",78,0.09285714285714286,48,30,0.38461538461538464,1.4394041864338392,0.2281903636352795,0.025863504562103,water_per_diff,0.0024470154517887,34 - 35日龄
,840,1.0,231,609,0.725,,1.5020536012423116,0.16828641413390288,water_per_diff,0.007142056704176839,34 - 35日龄
"[-inf, -49.38)",44,0.05238095238095238,16,28,0.6363636363636364,0.4097847692526808,0.009542681594778057,0.001130358129021,water_per_shift_diff,0.0074480410681525,34 - 35日龄
"[-49.38, -22.41)",195,0.23214285714285715,23,172,0.882051282051282,-1.0425997036961998,0.19065302836659867,0.023087429418955,water_per_shift_diff,0.0094495391414142,34 - 35日龄
"[-22.41, -17.91)",67,0.07976190476190476,11,56,0.835820895522388,-0.6580558607486753,0.029174890378020086,0.003661146006145,water_per_shift_diff,0.0083102789389092,34 - 35日龄
"[-17.91, -5.20)",247,0.29404761904761906,55,192,0.7773279352226721,-0.28076162960720724,0.021667974698749988,0.0028556313703447,water_per_shift_diff,0.0072708212843002,34 - 35日龄
"[-5.20, 5.59)",171,0.20357142857142857,66,105,0.6140350877192983,0.5050949490570056,0.05722750654340456,0.0068093558315075,water_per_shift_diff,0.0051290730608217,34 - 35日龄
"[5.59, inf)",116,0.1380952380952381,60,56,0.4827586206896552,1.038393428675055,0.17422812566513832,0.0204163693003238,water_per_shift_diff,0.0051655228655559,34 - 35日龄
,840,1.0,231,609,0.725,,0.4824942072466897,0.057960290056297006,water_per_shift_diff,0.007142056704176834,34 - 35日龄
"[-inf, -67.92)",323,0.3836104513064133,28,295,0.913312693498452,-1.3939910320204196,0.5077319358965401,0.0587803660331658,water_per_diff_前1天,0.0117468308743415,34 - 35日龄
"[-67.92, -58.21)",71,0.08432304038004751,8,63,0.8873239436619719,-1.1029133705675003,0.0762262163763538,0.0090729300728412,water_per_diff_前1天,0.0088137041227895,34 - 35日龄
"[-58.21, -42.68)",101,0.11995249406175772,23,78,0.7722772277227723,-0.26043479661624575,0.007648024958243631,0.0009533104933546,water_per_diff_前1天,0.0048565829449831,34 - 35日龄
"[-42.68, -24.44)",147,0.17458432304038005,63,84,0.5714285714285714,0.6730977416924157,0.08915531727315557,0.0109386887441901,water_per_diff_前1天,0.0036438227875345997,34 - 35日龄
"[-24.44, -17.45)",59,0.07007125890736342,37,22,0.3728813559322034,1.480655273430105,0.18163714768175393,0.0208342889987004,water_per_diff_前1天,0.0026843363721475,34 - 35日龄
"[-17.45, inf)",141,0.167458432304038,74,67,0.475177304964539,1.0601522879574001,0.2200665668885545,0.026288405002758,water_per_diff_前1天,0.0027999687461743,34 - 35日龄
,842,1.0,233,609,0.7232779097387173,,1.0824652090746014,0.12686798934501012,water_per_diff_前1天,0.007125092198941231,34 - 35日龄
"[-inf, -129.36)",43,0.0510688836104513,13,30,0.6976744186046512,0.12453178994357782,0.0008135546859884046,0.0001016286744637,water_per_diff_前2天,0.018098724678663,34 - 35日龄
"[-129.36, -93.38)",93,0.11045130641330166,3,90,0.967741935483871,-2.440417567517959,0.3292311570716526,0.0332588456035156,water_per_diff_前2天,0.0140311137607343,34 - 35日龄
"[-93.38, -51.15)",202,0.23990498812351543,22,180,0.8910891089108911,-1.141134583387698,0.22953454462780523,0.0272298490949729,water_per_diff_前2天,0.0078262541287091,34 - 35日龄
"[-51.15, -34.01)",145,0.17220902612826602,36,109,0.7517241379310344,-0.14704912962883712,0.0035991009478773413,0.000449482717849,water_per_diff_前2天,0.0068687105420042,34 - 35日龄
"[-34.01, -5.78)",240,0.2850356294536817,95,145,0.6041666666666666,0.537922963324163,0.09124791734295021,0.011270430223245,water_per_diff_前2天,0.004105821587647,34 - 35日龄
"[-5.78, inf)",119,0.14133016627078385,64,55,0.46218487394957986,1.1123297122713973,0.20507591846714185,0.0243896501779372,water_per_diff_前2天,0.0029741625794336,34 - 35日龄
,842,1.0,233,609,0.7232779097387173,,0.8595021931434157,0.09669988649198338,water_per_diff_前2天,0.007125092198941241,34 - 35日龄
"[-inf, -52.30)",241,0.2869047619047619,33,208,0.8630705394190872,-0.8835401807410401,0.1776251172586632,0.0213129097141928,water_per_diff_前3天,0.011469160346621,34 - 35日龄
"[-52.30, -31.08)",188,0.22380952380952382,44,144,0.7659574468085106,-0.22813332816394163,0.011039620012260509,0.0013353465343104,water_per_diff_前3天,0.0069795846476081,34 - 35日龄
"[-31.08, -13.07)",182,0.21666666666666667,54,128,0.7032967032967034,0.09444412013845477,0.001972608062511014,0.0002635196889548,water_per_diff_前3天,0.0058669141258944,34 - 35日龄
"[-13.07, -5.98)",70,0.08333333333333333,26,44,0.6285714285714286,0.4313972415970187,0.01686777825251546,0.0021208135702552,water_per_diff_前3天,0.004868977948559,34 - 35日龄
"[-5.98, -1.01)",44,0.05238095238095238,23,21,0.4772727272727273,1.0484621156995244,0.06722327117225564,0.0080753363784667,water_per_diff_前3天,0.0029603308242919,34 - 35日龄
"[-1.01, inf)",115,0.13690476190476192,53,62,0.5391304347826087,0.8006478660008279,0.10034209914986583,0.0122985570364438,water_per_diff_前3天,0.0032149167380045,34 - 35日龄
,840,1.0,233,607,0.7226190476190476,,0.3750704939080717,0.0454064829226237,water_per_diff_前3天,0.007124769483020543,34 - 35日龄
"[-inf, -31.99)",297,0.35441527446300713,58,239,0.8047138047138047,-0.4618305369199504,0.06748003808704443,0.0080971949644999,water_per_diff_前5天,0.009599021212021,34 - 35日龄
"[-31.99, -18.95)",184,0.21957040572792363,46,138,0.75,-0.14442228420296876,0.004430049706619636,0.0005022791001016,water_per_diff_前5天,0.0066947123163995,34 - 35日龄
"[-18.95, -8.32)",141,0.16825775656324582,45,96,0.6808510638297872,0.19650430276762423,0.006770626740980742,0.0008996230763585,water_per_diff_前5天,0.0061231622974924,34 - 35日龄
"[-8.32, -4.42)",47,0.05608591885441527,17,30,0.6382978723404256,0.3862059668592016,0.009027408653219377,0.0011562480646384,water_per_diff_前5天,0.0050383869055275,34 - 35日龄
"[-4.42, 5.98)",79,0.09427207637231504,38,41,0.5189873417721519,0.878204097487219,0.0837117614864382,0.0102592064230689,water_per_diff_前5天,0.0043171257592074,34 - 35日龄
"[5.98, inf)",90,0.10739856801909307,29,61,0.6777777777777778,0.21061197027830367,0.004978250522947598,0.0006584380493182,water_per_diff_前5天,0.0048978680836339,34 - 35日龄
,838,1.0,233,605,0.7219570405727923,,0.17639813519724998,0.0215729896779855,water_per_diff_前5天,0.007117860975177091,34 - 35日龄
"[-inf, -42.91)",121,0.14456391875746716,30,91,0.7520661157024794,-0.1571263804855803,0.0034421498382531624,0.0003843183453461,water_per_diff_前7天,0.009076536918058398,34 - 35日龄
"[-42.91, -24.14)",181,0.2162485065710872,49,132,0.7292817679558011,-0.038445880106629866,0.0003168946716005646,2.4343014838563992e-05,water_per_diff_前7天,0.0075031711609301,34 - 35日龄
"[-24.14, -21.16)",50,0.05973715651135006,22,28,0.56,0.7113736875522264,0.034190742848842194,0.0042659529366074,water_per_diff_前7天,0.0046274999527508,34 - 35日龄
"[-21.16, -1.64)",277,0.3309438470728793,80,197,0.7111913357400722,0.05135865030500739,0.0008827883856394628,0.0001479904455012,water_per_diff_前7天,0.0068015941310191,34 - 35日龄
"[-1.64, 3.46)",64,0.07646356033452807,18,46,0.71875,0.014266105776184236,1.561109264085201e-05,4.8383394958725055e-06,water_per_diff_前7天,0.0067405627426833,34 - 35日龄
"[3.46, inf)",144,0.17204301075268819,34,110,0.7638888888888888,-0.2215840968071404,0.008020559568083823,0.0009236441374349,water_per_diff_前7天,0.0066506094384278,34 - 35日龄
,837,1.0,233,604,0.7216248506571087,,0.04686874640506006,0.005751087219224036,water_per_diff_前7天,0.007121667017692447,34 - 35日龄
"[-inf, -42.26)",56,0.0665083135391924,2,54,0.9642857142857143,-2.3350570518601326,0.18700598559052373,0.0191906547796999,water_per_shift_diff_前1天,0.0137777448362085,34 - 35日龄
"[-42.26, -25.67)",151,0.17933491686460806,22,129,0.8543046357615894,-0.8079901368591597,0.09485970591299843,0.0115450904947381,water_per_shift_diff_前1天,0.0098721121975254,34 - 35日龄
"[-25.67, -5.60)",344,0.4085510688836104,88,256,0.7441860465116279,-0.10706081585715949,0.0045692319135073834,0.0005708813713582,water_per_shift_diff_前1天,0.0067339245630639,34 - 35日龄
"[-5.60, 0.37)",97,0.11520190023752969,30,67,0.6907216494845361,0.15728457641538562,0.0029473469396006265,0.0003680390825988,water_per_shift_diff_前1天,0.006243943548753899,34 - 35日龄
"[0.37, 4.68)",68,0.08076009501187649,26,42,0.6176470588235294,0.4812067338823102,0.020510217457171135,0.0025393239038311,water_per_shift_diff_前1天,0.0047618960744397,34 - 35日龄
"[4.68, inf)",126,0.1496437054631829,65,61,0.48412698412698413,1.0242932198665222,0.18314952095148876,0.0219425973606115,water_per_shift_diff_前1天,0.0038979640624563,34 - 35日龄
,842,1.0,233,609,0.7232779097387173,,0.49304200876529003,0.056156586992837605,water_per_shift_diff_前1天,0.007125092198941228,34 - 35日龄
"[-inf, -37.88)",72,0.08571428571428572,8,64,0.8888888888888888,-1.1219512041860382,0.0797727606344776,0.0094083145131268,water_per_shift_diff_前2天,0.0148966968724338,34 - 35日龄
"[-37.88, -19.59)",198,0.2357142857142857,30,168,0.8484848484848485,-0.7652762602473059,0.11327285554098536,0.0136822358789928,water_per_shift_diff_前2天,0.009380443601178,34 - 35日龄
"[-19.59, -0.99)",299,0.35595238095238096,83,216,0.7224080267558528,0.0010525376062304184,3.9442903698769094e-07,8.376677935637792e-07,water_per_shift_diff_前2天,0.0062955415089593,34 - 35日龄
"[-0.99, 2.57)",70,0.08333333333333333,24,46,0.6571428571428571,0.30690277135264843,0.00835443198243452,0.0010608971843604,water_per_shift_diff_前2天,0.0050216316152136,34 - 35日龄
"[2.57, 15.03)",143,0.17023809523809524,67,76,0.5314685314685315,0.8314496165984328,0.13498394727263904,0.0165061585297633,water_per_shift_diff_前2天,0.0040741056403389,34 - 35日龄
"[15.03, inf)",58,0.06904761904761905,21,37,0.6379310344827587,0.39109486257299625,0.01140950288816584,0.0014387398992342,water_per_shift_diff_前2天,0.004111002190975,34 - 35日龄
,840,1.0,233,607,0.7226190476190476,,0.34779389274773936,0.04209718367327107,water_per_shift_diff_前2天,0.007124769483020563,34 - 35日龄
"[-inf, -27.20)",105,0.12529832935560858,27,78,0.7428571428571429,-0.10668195622012175,0.001391750558569885,0.0001525641991252,water_per_shift_diff_前3天,0.0125272905913812,34 - 35日龄
"[-27.20, -21.10)",69,0.08233890214797136,10,59,0.855072463768116,-0.8207623464465328,0.04481543489943576,0.0053449379954043,water_per_shift_diff_前3天,0.0094228249349246,34 - 35日龄
"[-21.10, -11.48)",145,0.1730310262529833,30,115,0.7931034482758621,-0.3895447422359538,0.023889719409994122,0.0028584877695096,water_per_shift_diff_前3天,0.0076789005373617,34 - 35日龄
"[-11.48, -2.52)",162,0.19331742243436753,47,115,0.7098765432098766,0.05940547781194929,0.0006911288873947204,0.0001062544463398,water_per_shift_diff_前3天,0.006127658969393,34 - 35日龄
"[-2.52, 10.09)",231,0.2756563245823389,69,162,0.7012987012987013,0.1007001738300162,0.0028567374535965265,0.0004038535137341,water_per_shift_diff_前3天,0.0059522413328945,34 - 35日龄
"[10.09, inf)",126,0.15035799522673032,50,76,0.6031746031746031,0.5354796696069558,0.04764293275785081,0.0060111448749981,water_per_shift_diff_前3天,0.0041122062359986,34 - 35日龄
,838,1.0,233,605,0.7219570405727923,,0.12128770396684183,0.014877242799111099,water_per_shift_diff_前3天,0.007117860975177076,34 - 35日龄
"[-inf, -18.51)",94,0.11217183770883055,12,82,0.8723404255319149,-0.9676225930111119,0.08131420733380364,0.009620659146355,water_per_shift_diff_前5天,0.0096558694410352,34 - 35日龄
"[-18.51, -15.29)",49,0.05847255369928401,9,40,0.8163265306122449,-0.5374648723125759,0.014774421879269545,0.0017745524294534,water_per_shift_diff_前5天,0.0082962801073668,34 - 35日龄
"[-15.29, -7.76)",139,0.1658711217183771,32,107,0.7697841726618705,-0.25290292719703866,0.009994837068880233,0.0011780582083569,water_per_shift_diff_前5天,0.009718996953559,34 - 35日龄
"[-7.76, 7.25)",366,0.43675417661097854,102,264,0.7213114754098361,0.0032137146030958245,4.513996321164768e-06,5.233472099790354e-06,water_per_shift_diff_前5天,0.0062999321255174,34 - 35日龄
"[7.25, inf)",190,0.22673031026252982,78,112,0.5894736842105263,0.5923999598596381,0.08864671906699682,0.013136845607826799,water_per_shift_diff_前5天,0.005230959526294958,34 - 35日龄
,838,1.0,233,605,0.7219570405727923,,0.19473469934527138,0.025715348864091887,water_per_shift_diff_前5天,0.007117860975177081,34 - 35日龄
"[-inf, -19.18)",104,0.12470023980815348,19,85,0.8173076923076923,-0.544692203681365,0.03229995439690304,0.0038520193971064,water_per_shift_diff_前7天,0.0074041496784168,34 - 35日龄
"[-19.18, -13.77)",70,0.08393285371702638,15,55,0.7857142857142857,-0.3457629104877497,0.009234274087232975,0.0010921462079541,water_per_shift_diff_前7天,0.0068433739540551,34 - 35日龄
"[-13.77, -10.33)",86,0.10311750599520383,23,63,0.7325581395348837,-0.054120436819871914,0.0002983785109355409,2.773799566783779e-05,water_per_shift_diff_前7天,0.0069236157025817004,34 - 35日龄
"[-10.33, -8.78)",47,0.05635491606714628,21,26,0.5531914893617021,0.739945973344452,0.03502006876365297,0.0043302645685207,water_per_shift_diff_前7天,0.006985860508005499,34 - 35日龄
"[-8.78, inf)",527,0.63189448441247,154,373,0.7077798861480076,0.06889425641232472,0.0030445594467927925,0.0009774269127898851,water_per_shift_diff_前7天,0.007162879850051877,34 - 35日龄
,834,1.0,232,602,0.7218225419664268,,0.07989723520551731,0.010279595082038923,water_per_shift_diff_前7天,0.007131500981552551,34 - 35日龄
"(-inf, -14.84)",147,0.1425800193986421,139,8,0.0544217687074829,-0.3811290697043707,0.0247761479090801,0.0030784089569403,water_per_diff,0.0008979655715942,10 - 12日龄
"[-14.84, -6.43)",333,0.3229873908826382,322,11,0.033033033033033,0.1404948115908113,0.005977420902566,0.0007465637026891,water_per_diff,0.00085314460333,10 - 12日龄
"[-6.43, -1.57)",229,0.2221144519883608,222,7,0.0305676855895196,0.2206057716617397,0.0097735290691744,0.0012192198158352,water_per_diff,0.000859262000442,10 - 12日龄
"[-1.57, 3.02)",183,0.1774975751697381,182,1,0.0054644808743169,1.9678452259215689,0.3105785501829275,0.0335654389078118,water_per_diff,0.0008544728281346,10 - 12日龄
"[3.02, inf)",139,0.1348205625606207,127,12,0.0863309352517985,-0.8768810244846357,0.1575475599977435,0.0190858006377606,water_per_diff,0.0010244985899862,10 - 12日龄
,1031,1.0,992,39,0.037827352085354024,,0.5086532080614915,0.057695432021037,water_per_diff,0.0008842317377217933,10 - 12日龄
"[-inf, -3.64)",318,0.3084384093113482,308,10,0.031446540880503145,0.19135322882430245,0.010347160739775664,0.0018866738177300505,water_per_shift_diff,0.0008931406651062023,10 - 12日龄
"[-3.64, -2.22)",80,0.07759456838021339,79,1,0.0125,1.1332863913117952,0.06119301259952285,0.0072643941347653,water_per_shift_diff,0.0007963397988749,10 - 12日龄
"[-2.22, 1.49)",268,0.25994180407371487,260,8,0.029850746268656716,0.24507862818046552,0.01396177875593843,0.0017408677434363,water_per_shift_diff,0.0008275690126024,10 - 12日龄
"[1.49, inf)",365,0.35402521823472355,345,20,0.0547945205479452,-0.3883493176778575,0.06409249362523572,0.0081537398901437,water_per_shift_diff,0.0009373383857534695,10 - 12日龄
,1031,1.0,992,39,0.037827352085354024,,0.14959444572047267,0.019045675586075353,water_per_shift_diff,0.0008842317377218467,10 - 12日龄
"[-inf, -18.78)",52,0.0504364694471387,47,5,0.09615384615384616,-0.9954517718792681,0.08045848042458827,0.0096616003383927,water_per_diff_前1天,0.0011353098317803,10 - 12日龄
"[-18.78, -3.44)",506,0.49078564500484967,485,21,0.041501976284584984,-0.0965350079411661,0.004783333597581043,0.0007225622524068,water_per_diff_前1天,0.0008635372316499332,10 - 12日龄
"[-3.44, 0.13)",220,0.2133850630455868,219,1,0.004545454545454545,2.1529102686612744,0.42008683876457714,0.0442590211237246,water_per_diff_前1天,0.000746390281458,10 - 12日龄
"[0.13, 2.30)",85,0.08244422890397672,83,2,0.023529411764705882,0.4895319660814263,0.015854620386166952,0.0019622729801275,water_per_diff_前1天,0.0009228780158564,10 - 12日龄
"[2.30, inf)",168,0.1629485935984481,158,10,0.05952380952380952,-0.4761515211223052,0.046251484087510925,0.0057274318508398,water_per_diff_前1天,0.0010298004634238,10 - 12日龄
,1031,1.0,992,39,0.037827352085354024,,0.5674347572604242,0.062332888545491405,water_per_diff_前1天,0.0008842317377218178,10 - 12日龄
"[-inf, -15.65)",67,0.06646825396825397,62,5,0.07462686567164178,-0.6950064931501286,0.044634456851508617,0.0057771264257437,water_per_diff_前2天,0.0010333504011388,10 - 12日龄
"[-15.65, -5.26)",301,0.2986111111111111,288,13,0.04318936877076412,-0.11469184308671064,0.004142636231202138,0.000742153666349,water_per_diff_前2天,0.0009317264156617,10 - 12日龄
"[-5.26, -0.68)",212,0.21031746031746032,207,5,0.02358490566037736,0.5105779150701489,0.04361211690207829,0.0048515880026101,water_per_diff_前2天,0.0008308605580739,10 - 12日龄
"[-0.68, 0.13)",98,0.09722222222222222,97,1,0.01020408163265306,1.3620080127422631,0.10141807699866975,0.0112431602295125,water_per_diff_前2天,0.0007314435001994,10 - 12日龄
"[0.13, 5.20)",225,0.22321428571428573,216,9,0.04,-0.03464913541317425,0.0002723080420659093,9.460984807166524e-05,water_per_diff_前2天,0.0008695448857569,10 - 12日龄
"[5.20, inf)",105,0.10416666666666667,99,6,0.05714285714285714,-0.40934258485458486,0.021154403646926632,0.0029013817382855,water_per_diff_前2天,0.0009533280668208,10 - 12日龄
,1008,1.0,969,39,0.03869047619047619,,0.21523399867245135,0.025610019910572466,water_per_diff_前2天,0.0008861657496360773,10 - 12日龄
"[-inf, -10.13)",125,0.12575452716297786,118,7,0.056,-0.37337521894073233,0.020881744692000145,0.0030911757776614,water_per_diff_前3天,0.0010251584430684,10 - 12日龄
"[-10.13, -3.99)",176,0.17706237424547283,170,6,0.03409090909090909,0.1458892734711228,0.003525314703289312,0.0002362021306041,water_per_diff_前3天,0.0008586171479381,10 - 12日龄
"[-3.99, 0.24)",335,0.33702213279678067,331,4,0.011940298507462687,1.2176743199060884,0.2971524202879967,0.0412425767649007,water_per_diff_前3天,0.000769097367592525,10 - 12日龄
"[0.24, inf)",358,0.36016096579476864,336,22,0.061452513966480445,-0.4720809877461954,0.10020868006769823,0.0142176021653731,water_per_diff_前3天,0.0009726520023445,10 - 12日龄
,994,1.0,955,39,0.039235412474849095,,0.4217681597509844,0.0587875568385393,water_per_diff_前3天,0.0008904612257580308,10 - 12日龄
"[-inf, -5.69)",172,0.17713697219361482,159,13,0.0755813953488372,-0.6698163237972499,0.10900086814297162,0.0154940499031361,water_per_diff_前5天,0.0010070177167997,10 - 12日龄
"[-5.69, -2.77)",110,0.11328527291452112,108,2,0.01818181818181818,0.8152128780083296,0.05266093973708479,0.0052948272236489,water_per_diff_前5天,0.0008925680443943,10 - 12日龄
"[-2.77, -1.11)",90,0.09268795056642637,89,1,0.011111111111111112,1.3148652011761952,0.09184666957704302,0.009423577603927,water_per_diff_前5天,0.0007540124873924,10 - 12日龄
"[-1.11, 0.16)",323,0.33264675592173015,313,10,0.030959752321981424,0.26984692899016294,0.02143303851641358,0.0015302042481277,water_per_diff_前5天,0.0008439770683324,10 - 12日龄
"[0.16, inf)",276,0.2842430484037075,263,13,0.04710144927536232,-0.166566493839717,0.00851895873357637,0.0019479575961632,water_per_diff_前5天,0.0009433804186990001,10 - 12日龄
,971,1.0,932,39,0.04016477857878476,,0.2834604747070894,0.0336906165750029,water_per_diff_前5天,0.0008982783158295845,10 - 12日龄
"[-inf, -0.04)",476,0.505307855626327,453,23,0.04831932773109244,-0.16176299773345476,0.014248482805723856,0.0042433984014442,water_per_diff_前7天,0.0009297888080186,10 - 12日龄
"[-0.04, 0.06)",185,0.19639065817409768,183,2,0.010810810810810811,1.3741780649941366,0.20801724350409584,0.0199682225591742,water_per_diff_前7天,0.0007880764273102,10 - 12日龄
"[0.06, inf)",281,0.29830148619957536,267,14,0.0498220640569395,-0.19396957850234806,0.012276973918327338,0.0032220998582886,water_per_diff_前7天,0.0009397884827193999,10 - 12日龄
,942,1.0,903,39,0.041401273885350316,,0.23454270022814702,0.027433720818907,water_per_diff_前7天,0.00090494073812462,10 - 12日龄
"[-inf, -0.63)",564,0.5595238095238095,542,22,0.03900709219858156,-0.008479417679789505,4.0387795569371406e-05,0.0093173326935162,water_per_shift_diff_前1天,0.0008865528999162295,10 - 12日龄
"[-0.63, 1.37)",140,0.1388888888888889,135,5,0.03571428571428571,0.08313390024320938,0.000923929986032335,5.87982651916038e-05,water_per_shift_diff_前1天,0.0008023494441255,10 - 12日龄
"[1.37, inf)",304,0.30158730158730157,292,12,0.039473684210526314,-0.020855813280838346,0.00013244939767143504,7.387404516440415e-05,water_per_shift_diff_前1天,0.0009240470983647,10 - 12日龄
,1008,1.0,969,39,0.03869047619047619,,0.0010967671792731413,0.009450005003872209,water_per_shift_diff_前1天,0.0008861657496361034,10 - 12日龄
"[-inf, -11.96)",52,0.05236656596173213,48,4,0.07692307692307693,-0.7121953755306397,0.03721194995515679,0.0049712295837518,water_per_shift_diff_前2天,0.0009246699072889,10 - 12日龄
"[-11.96, -1.41)",357,0.3595166163141994,337,20,0.056022408963585436,-0.3727513685202693,0.05948032239167979,0.0088482634783141,water_per_shift_diff_前2天,0.0009952291944651,10 - 12日龄
"[-1.41, -0.59)",63,0.0634441087613293,61,2,0.031746031746031744,0.22062465829472594,0.002792942376412836,0.0002314022247155,water_per_shift_diff_前2天,0.000812389942446,10 - 12日龄
"[-0.59, 3.85)",297,0.2990936555891239,294,3,0.010101010101010102,1.3878654533519317,0.3209480825845299,0.0344270636602559,water_per_shift_diff_前2天,0.0007766148790395,10 - 12日龄
"[3.85, 4.73)",70,0.07049345417925479,69,1,0.014285714285714285,1.0370044792786193,0.04841361018402843,0.0052615772431736,water_per_shift_diff_前2天,0.0008302415951404,10 - 12日龄
"[4.73, inf)",154,0.15508559919436052,145,9,0.05844155844155844,-0.417592860234285,0.03289697020229773,0.0047875645796289,water_per_shift_diff_前2天,0.0009145085892168,10 - 12日龄
,993,1.0,954,39,0.03927492447129909,,0.5017438776941056,0.0585271007698398,water_per_shift_diff_前2天,0.0008903988695378734,10 - 12日龄
"[-inf, -1.40)",338,0.3448979591836735,320,18,0.05325443786982249,-0.30543225555812575,0.0371022914869104,0.0061889943341931,water_per_shift_diff_前3天,0.0010246038748339,10 - 12日龄
"[-1.40, 0.12)",199,0.2030612244897959,196,3,0.01507537688442211,0.9961208771066743,0.1308563925047352,0.01372251684428,water_per_shift_diff_前3天,0.0007541601168138,10 - 12日龄
"[0.12, 5.04)",339,0.34591836734693876,331,8,0.02359882005899705,0.5392953402414938,0.07907431335566306,0.0081708272770578,water_per_shift_diff_前3天,0.0008165685351914081,10 - 12日龄
"[5.04, inf)",104,0.10612244897959183,94,10,0.09615384615384616,-0.9426718041797748,0.1475437162649834,0.0193232006767855,water_per_shift_diff_前3天,0.0009969234134305,10 - 12日龄
,980,1.0,941,39,0.03979591836734694,,0.3945767136122921,0.047405539132316404,water_per_shift_diff_前3天,0.0008947864707821059,10 - 12日龄
"[-inf, -3.27)",135,0.1409185803757829,127,8,0.05925925925925926,-0.3949789314472853,0.02643772373934983,0.0045018977287066,water_per_shift_diff_前5天,0.0010006337500503,10 - 12日龄
"[-3.27, 1.68)",720,0.7515657620041754,690,30,0.041666666666666664,-0.024230260296891046,0.0004461921206425084,0.0014126339274984998,water_per_shift_diff_前5天,0.0008936011399740667,10 - 12日龄
"[1.68, inf)",103,0.10751565762004175,102,1,0.009708737864077669,1.4652483370582305,0.12505774568402464,0.0124162084816665,water_per_shift_diff_前5天,0.0008311790999956999,10 - 12日龄
,958,1.0,919,39,0.0407098121085595,,0.15194166154401698,0.0183307401378716,water_per_shift_diff_前5天,0.0009019726767616655,10 - 12日龄
"[-inf, -1.69)",105,0.11437908496732026,99,6,0.05714285714285714,-0.31186287064899576,0.012854416038827081,0.0029013817382855,water_per_shift_diff_前7天,0.0010097268247807,10 - 12日龄
"[-1.69, -0.04)",211,0.2298474945533769,200,11,0.052132701421800945,-0.21480115780586442,0.01171095837166829,0.0033600250304452,water_per_shift_diff_前7天,0.0008954444954742,10 - 12日龄
"[-0.04, 0.16)",258,0.28104575163398693,253,5,0.01937984496124031,0.8087283247378894,0.12909079061187628,0.0107756951594389,water_per_shift_diff_前7天,0.0008355414322173125,10 - 12日龄
"[0.16, inf)",344,0.3747276688453159,327,17,0.04941860465116279,-0.15847642471449333,0.01012407368877047,0.0099358188588915,water_per_shift_diff_前7天,0.0009423895469687232,10 - 12日龄
,918,1.0,879,39,0.042483660130718956,,0.1637802387111421,0.0269729207870611,water_per_shift_diff_前7天,0.0009092721120003671,10 - 12日龄
