Bin,Count,Count (%),Non-event,Event,Event rate,WoE,IV,JS,feature,MORTALITY_RATE,Age_interval
"(-inf, -18.26)",64,0.059534883720930236,58,6,0.09375,-0.26561586379921254,0.004705766282040848,0.000586497694272407,water_per_diff,0.00115073744462895,13 - 15日龄
"[-18.26, -7.41)",241,0.2241860465116279,228,13,0.05394190871369295,0.3300968663753272,0.021244605400394707,0.002643584231935496,water_per_diff,0.0010838190698263938,13 - 15日龄
"[-7.41, -5.59)",63,0.0586046511627907,61,2,0.031746031746031744,0.8834272784957893,0.0317402383751156,0.003843344969008072,water_per_diff,0.0011010406992078637,13 - 15日龄
"[-5.59, -3.55)",74,0.06883720930232558,73,1,0.013513513513513514,1.7561600360308143,0.10648466691961536,0.011826893588162366,water_per_diff,0.0010781719957426404,13 - 15日龄
"[-3.55, 3.03)",223,0.20744186046511628,209,14,0.06278026905829596,0.16897751723197585,0.005512750835423737,0.0006882751908663786,water_per_diff,0.0011111369906305476,13 - 15日龄
"[3.03, inf)",410,0.3813953488372093,367,43,0.1048780487804878,-0.39013767275656885,0.0685978687228297,0.008520763355834168,water_per_diff,0.001317894437609722,13 - 15日龄
Special,0,0.0,0,0,0.0,0.0,0.0,0.0,water_per_diff,,13 - 15日龄
Missing,0,0.0,0,0,0.0,0.0,0.0,0.0,water_per_diff,,13 - 15日龄
,1075,1.0,996,79,0.07348837209302325,,0.23828589653541998,0.02810935903007889,water_per_diff,,13 - 15日龄
"(-inf, -5.68)",87,0.08093023255813954,80,7,0.08045977011494253,-0.09818291949900848,0.0008135740876589086,0.0001016559329209965,water_per_shift_diff,0.0011633659985972517,13 - 15日龄
"[-5.68, 4.85)",483,0.4493023255813953,446,37,0.07660455486542443,-0.04489836574173722,0.000923257025191023,0.00011539743558462278,water_per_shift_diff,0.0011807718948259479,13 - 15日龄
"[4.85, 7.28)",130,0.12093023255813953,122,8,0.06153846153846154,0.19028009793584388,0.004038530877343033,0.000504056167293071,water_per_shift_diff,0.0011738742857977523,13 - 15日龄
"[7.28, 8.16)",59,0.05488372093023256,58,1,0.01694915254237288,1.5261436054288424,0.06955354289395341,0.007937909083776323,water_per_shift_diff,0.0010506403831753424,13 - 15日龄
"[8.16, 11.93)",192,0.1786046511627907,177,15,0.078125,-0.06619987364595747,0.000805160885048825,0.00010062673676235591,water_per_shift_diff,0.0012114703603106714,13 - 15日龄
"[11.93, inf)",124,0.11534883720930232,113,11,0.08870967741935484,-0.20480685920360697,0.005281291206905063,0.0006590100223294168,water_per_shift_diff,0.0012370865833102177,13 - 15日龄
Special,0,0.0,0,0,0.0,0.0,0.0,0.0,water_per_shift_diff,,13 - 15日龄
Missing,0,0.0,0,0,0.0,0.0,0.0,0.0,water_per_shift_diff,,13 - 15日龄
,1075,1.0,996,79,0.07348837209302325,,0.08141535697610025,0.009418655378666787,water_per_shift_diff,,13 - 15日龄
"(-inf, -15.26)",144,0.13395348837209303,135,9,0.0625,0.1737507959846334,0.003756165217450322,0.00046893093731623873,water_per_diff_前1天,0.0011791410821124543,13 - 15日龄
"[-15.26, -12.67)",76,0.07069767441860465,75,1,0.013157894736842105,1.7831887084187334,0.11170424919673555,0.012364862005533828,water_per_diff_前1天,0.0009969543675265131,13 - 15日龄
"[-12.67, -10.10)",77,0.07162790697674419,74,3,0.03896103896103896,0.6711533994184835,0.02437797284756779,0.0029913118178610722,water_per_diff_前1天,0.0009134880435102376,13 - 15日龄
"[-10.10, 1.60)",480,0.44651162790697674,443,37,0.07708333333333334,-0.051647547716665354,0.0012176071503026624,0.00015218397974391552,water_per_diff_前1天,0.0011647868782610374,13 - 15日龄
"[1.60, 9.29)",190,0.17674418604651163,173,17,0.08947368421052632,-0.214221154676014,0.008889127014605076,0.0011090211133992275,water_per_diff_前1天,0.0013054874082565533,13 - 15日龄
"[9.29, inf)",108,0.10046511627906977,96,12,0.1111111111111111,-0.45485786343774093,0.025250611909613793,0.003129395287703075,water_per_diff_前1天,0.0013803186676807676,13 - 15日龄
Special,0,0.0,0,0,0.0,0.0,0.0,0.0,water_per_diff_前1天,,13 - 15日龄
Missing,0,0.0,0,0,0.0,0.0,0.0,0.0,water_per_diff_前1天,,13 - 15日龄
,1075,1.0,996,79,0.07348837209302325,,0.1751957333362752,0.020215705141557357,water_per_diff_前1天,,13 - 15日龄
"(-inf, -18.17)",100,0.09302325581395349,90,10,0.1,-0.3370748277813571,0.012209130943735309,0.0015189571926999476,water_per_diff_前2天,0.0012994287484162908,13 - 15日龄
"[-18.17, -12.80)",162,0.15069767441860465,153,9,0.05555555555555555,0.2989139389386395,0.011864015953756428,0.0014775054774069044,water_per_diff_前2天,0.0010919203564425692,13 - 15日龄
"[-12.80, -10.32)",96,0.08930232558139535,94,2,0.020833333333333332,1.3158481965924818,0.09087386381327266,0.010604699676854788,water_per_diff_前2天,0.0009563814403100083,13 - 15日龄
"[-10.32, -4.83)",249,0.23162790697674418,234,15,0.060240963855421686,0.21297150913791496,0.00959784672110016,0.0011974686351274022,water_per_diff_前2天,0.0011037664623807788,13 - 15日龄
"[-4.83, 2.20)",283,0.26325581395348835,259,24,0.08480565371024736,-0.15552517376598463,0.0068053628854187025,0.0008498140594329993,water_per_diff_前2天,0.0012120522190430967,13 - 15日龄
"[2.20, inf)",172,0.16,155,17,0.09883720930232558,-0.32408763225454607,0.019305052264463666,0.002402625936404057,water_per_diff_前2天,0.001402495653586346,13 - 15日龄
Special,0,0.0,0,0,0.0,0.0,0.0,0.0,water_per_diff_前2天,,13 - 15日龄
Missing,13,0.012093023255813953,11,2,0.15384615384615385,-0.8295513128791514,0.011839587773413745,0.001438922040091978,water_per_diff_前2天,0.0011072063043165155,13 - 15日龄
,1075,1.0,996,79,0.07348837209302325,,0.16249486035516067,0.019489993018018077,water_per_diff_前2天,,13 - 15日龄
"(-inf, -14.69)",150,0.13953488372093023,138,12,0.08,-0.0919523697483724,0.001227059989779257,0.00015332848465773527,water_per_diff_前3天,0.0011552306905885212,13 - 15日龄
"[-14.69, -9.34)",183,0.1702325581395349,169,14,0.07650273224043716,-0.04345801980976205,0.0003275202804533174,4.0936813722128405e-05,water_per_diff_前3天,0.0011895007929068157,13 - 15日龄
"[-9.34, -7.94)",76,0.07069767441860465,75,1,0.013157894736842105,1.7831887084187334,0.11170424919673555,0.012364862005533828,water_per_diff_前3天,0.0010083296534466593,13 - 15日龄
"[-7.94, 2.86)",484,0.4502325581395349,453,31,0.0640495867768595,0.14760551588031134,0.009212682228765794,0.0011505409979628064,water_per_diff_前3天,0.001162275499574074,13 - 15日龄
"[2.86, inf)",149,0.1386046511627907,132,17,0.11409395973154363,-0.4847108265874218,0.040066077171020696,0.0049598007895434205,water_per_diff_前3天,0.0013869040155264456,13 - 15日龄
Special,0,0.0,0,0,0.0,0.0,0.0,0.0,water_per_diff_前3天,,13 - 15日龄
Missing,33,0.030697674418604652,29,4,0.12121212121212122,-0.5532979362509933,0.011905004906625634,0.001469429295240428,water_per_diff_前3天,0.0010706609057757213,13 - 15日龄
,1075,1.0,996,79,0.07348837209302325,,0.17444259377338026,0.020138898386660345,water_per_diff_前3天,,13 - 15日龄
"(-inf, -5.62)",358,0.3330232558139535,319,39,0.10893854748603352,-0.4326699484623786,0.07502053920583895,0.009305098961370988,water_per_diff_前5天,0.001250027548883164,13 - 15日龄
"[-5.62, -3.23)",84,0.07813953488372093,78,6,0.07142857142857142,0.030649952343960063,7.24529909000121e-05,9.056269380415668e-06,water_per_diff_前5天,0.0011773044443322762,13 - 15日龄
"[-3.23, -1.44)",87,0.08093023255813954,86,1,0.011494252873563218,1.9200478911359307,0.14148286402325924,0.015387938613738274,water_per_diff_前5天,0.001083473022101115,13 - 15日龄
"[-1.44, 1.69)",225,0.20930232558139536,220,5,0.022222222222222223,1.2498902288006843,0.19697319451385906,0.023134542739049507,water_per_diff_前5天,0.0010517074415034044,13 - 15日龄
"[1.69, 5.14)",136,0.12651162790697673,127,9,0.0661764705882353,0.1126631040047954,0.0015306397511708361,0.0001912288436344456,water_per_diff_前5天,0.0012520744293672242,13 - 15日龄
"[5.14, inf)",105,0.09767441860465116,93,12,0.11428571428571428,-0.4866065617523212,0.02847876591008896,0.0035251346261572555,water_per_diff_前5天,0.001377304292542102,13 - 15日龄
Special,0,0.0,0,0,0.0,0.0,0.0,0.0,water_per_diff_前5天,,13 - 15日龄
Missing,80,0.07441860465116279,73,7,0.0875,-0.18975011302449873,0.00290591335207312,0.0003626952121213692,water_per_diff_前5天,0.0009989914519256563,13 - 15日龄
,1075,1.0,996,79,0.07348837209302325,,0.44646436974719017,0.051915695265452255,water_per_diff_前5天,,13 - 15日龄
"(-inf, -4.23)",221,0.2055813953488372,197,24,0.1085972850678733,-0.42914950672753394,0.04549255294105995,0.00564332988280556,water_per_diff_前7天,0.0012372700362817113,13 - 15日龄
"[-4.23, -1.33)",160,0.14883720930232558,156,4,0.025,1.1292622410120696,0.11969456420670863,0.014214294938726925,water_per_diff_前7天,0.0010190840499680637,13 - 15日龄
"[-1.33, 0.10)",224,0.20837209302325582,214,10,0.044642857142857144,0.529091516910229,0.04670669610668562,0.005771177312206201,water_per_diff_前7天,0.001110293369777884,13 - 15日龄
"[0.10, 0.93)",119,0.11069767441860465,112,7,0.058823529411764705,0.23828931712220447,0.00568134257182217,0.0007084923853043863,water_per_diff_前7天,0.0012399959946899504,13 - 15日龄
"[0.93, 1.90)",59,0.05488372093023256,55,4,0.06779661016949153,0.0867394189950037,0.0003979580379390509,4.972916619205435e-05,water_per_diff_前7天,0.0013860841976641863,13 - 15日龄
"[1.90, inf)",187,0.173953488372093,164,23,0.12299465240641712,-0.569927193222528,0.07208473675652737,0.008890589110311792,water_per_diff_前7天,0.0013862208250077597,13 - 15日龄
Special,0,0.0,0,0,0.0,0.0,0.0,0.0,water_per_diff_前7天,,13 - 15日龄
Missing,105,0.09767441860465116,98,7,0.06666666666666667,0.10475792449768173,0.0010251588869810268,0.00012808629757874931,water_per_diff_前7天,0.0009367669161897714,13 - 15日龄
,1075,1.0,996,79,0.07348837209302325,,0.2910830095077238,0.03540569909312567,water_per_diff_前7天,,13 - 15日龄
"(-inf, -0.25)",443,0.41209302325581393,418,25,0.056433408577878104,0.28230620253897865,0.029140498411641305,0.003630514441247963,water_per_shift_diff_前1天,0.0011196343574544365,13 - 15日龄
"[-0.25, 0.73)",60,0.05581395348837209,59,1,0.016666666666666666,1.543238038788143,0.0718820524141953,0.00818789695947705,water_per_shift_diff_前1天,0.0010013914693062533,13 - 15日龄
"[0.73, 1.92)",56,0.052093023255813956,52,4,0.07142857142857142,0.030649952343960063,4.8301993933341336e-05,6.037512920268511e-06,water_per_shift_diff_前1天,0.0013299451709130536,13 - 15日龄
"[1.92, inf)",503,0.467906976744186,456,47,0.09343936381709742,-0.2619541973132491,0.03591533069766829,0.004476624226421096,water_per_shift_diff_前1天,0.0012468509588710265,13 - 15日龄
Special,0,0.0,0,0,0.0,0.0,0.0,0.0,water_per_shift_diff_前1天,,13 - 15日龄
Missing,13,0.012093023255813953,11,2,0.15384615384615385,-0.8295513128791514,0.011839587773413745,0.001438922040091978,water_per_shift_diff_前1天,0.0011072063043165155,13 - 15日龄
,1075,1.0,996,79,0.07348837209302325,,0.14882577129085198,0.017739995180158355,water_per_shift_diff_前1天,,13 - 15日龄
"(-inf, -1.41)",490,0.4558139534883721,449,41,0.0836734693877551,-0.14084858407963008,0.00960363801519008,0.00119946344304616,water_per_shift_diff_前2天,0.001197781335121601,13 - 15日龄
"[-1.41, -0.61)",61,0.05674418604651163,58,3,0.04918032786885246,0.42753131676073286,0.008661035520774341,0.0010744588028255382,water_per_shift_diff_前2天,0.0012174625207317837,13 - 15日龄
"[-0.61, 0.89)",126,0.1172093023255814,124,2,0.015873015873015872,1.592834979927515,0.1579798203364639,0.01789334207250033,water_per_shift_diff_前2天,0.0010623368590491008,13 - 15日龄
"[0.89, inf)",365,0.3395348837209302,336,29,0.07945205479452055,-0.08448407514084666,0.00251248965265596,0.00031396783863643207,water_per_shift_diff_前2天,0.001210284466424805,13 - 15日龄
Special,0,0.0,0,0,0.0,0.0,0.0,0.0,water_per_shift_diff_前2天,,13 - 15日龄
Missing,33,0.030697674418604652,29,4,0.12121212121212122,-0.5532979362509933,0.011905004906625634,0.001469429295240428,water_per_shift_diff_前2天,0.0010706609057757213,13 - 15日龄
,1075,1.0,996,79,0.07348837209302325,,0.19066198843170992,0.02195066145224889,water_per_shift_diff_前2天,,13 - 15日龄
"(-inf, -6.60)",172,0.16,165,7,0.040697674418604654,0.6257359197276906,0.048216116126645676,0.00593057293293784,water_per_shift_diff_前3天,0.0011165862678695663,13 - 15日龄
"[-6.60, -5.43)",60,0.05581395348837209,59,1,0.016666666666666666,1.543238038788143,0.0718820524141953,0.00818789695947705,water_per_shift_diff_前3天,0.0012263972945237883,13 - 15日龄
"[-5.43, -4.34)",57,0.053023255813953486,55,2,0.03508771929824561,0.7798865995549491,0.02332206253816271,0.002843553608951448,water_per_shift_diff_前3天,0.0011096329562775315,13 - 15日龄
"[-4.34, 2.40)",419,0.38976744186046514,383,36,0.08591885441527446,-0.1697833543930405,0.012081452407689427,0.001508370283038754,water_per_shift_diff_前3天,0.001196890110703063,13 - 15日龄
"[2.40, inf)",310,0.28837209302325584,282,28,0.09032258064516129,-0.22459684435466665,0.016013272035352563,0.0019974624548622574,water_per_shift_diff_前3天,0.0012400012504291875,13 - 15日龄
Special,0,0.0,0,0,0.0,0.0,0.0,0.0,water_per_shift_diff_前3天,,13 - 15日龄
Missing,57,0.053023255813953486,52,5,0.08771929824561403,-0.19249359897024965,0.0021332725624276594,0.00026624813453799464,water_per_shift_diff_前3天,0.0010058781417477034,13 - 15日龄
,1075,1.0,996,79,0.07348837209302325,,0.17364822808447336,0.020734104373805344,water_per_shift_diff_前3天,,13 - 15日龄
"(-inf, -3.64)",311,0.28930232558139535,277,34,0.10932475884244373,-0.4366424235463997,0.06648636160476606,0.008245397045030307,water_per_shift_diff_前5天,0.001293333127338157,13 - 15日龄
"[-3.64, -1.66)",84,0.07813953488372093,77,7,0.08333333333333333,-0.136404132319206,0.001541142718110089,0.00019249363150127766,water_per_shift_diff_前5天,0.0012971638855556796,13 - 15日龄
"[-1.66, -0.90)",54,0.05023255813953489,53,1,0.018518518518518517,1.4359925084345453,0.058236135610983605,0.006712186845746023,water_per_shift_diff_前5天,0.0010685232205709593,13 - 15日龄
"[-0.90, 0.37)",114,0.10604651162790697,113,1,0.008771929824561403,2.193088413594764,0.2210536348968033,0.02315705259593909,water_per_shift_diff_前5天,0.0010380410318138386,13 - 15日龄
"[0.37, 4.18)",211,0.19627906976744186,201,10,0.04739336492890995,0.4664204099474536,0.03508645222000631,0.004346478840722857,water_per_shift_diff_前5天,0.00111177078475528,13 - 15日龄
"[4.18, inf)",208,0.19348837209302325,189,19,0.09134615384615384,-0.2369913692243748,0.012026670445235737,0.00149982554713304,water_per_shift_diff_前5天,0.0012523493165011864,13 - 15日龄
Special,0,0.0,0,0,0.0,0.0,0.0,0.0,water_per_shift_diff_前5天,,13 - 15日龄
Missing,93,0.08651162790697674,86,7,0.07526881720430108,-0.025862257919382348,5.850594669373747e-05,7.313039530646988e-06,water_per_shift_diff_前5天,0.0009658124559999827,13 - 15日龄
,1075,1.0,996,79,0.07348837209302325,,0.3944889034425989,0.044160747545603236,water_per_shift_diff_前5天,,13 - 15日龄
"(-inf, -3.72)",93,0.08651162790697674,81,12,0.12903225806451613,-0.6247569002331381,0.04409123922264523,0.00542348435863373,water_per_shift_diff_前7天,0.0012489333971386226,13 - 15日龄
"[-3.72, -2.39)",65,0.06046511627906977,62,3,0.046153846153846156,0.494222691259405,0.011996916022386554,0.0014845364100608289,water_per_shift_diff_前7天,0.0010467408211565369,13 - 15日龄
"[-2.39, -0.58)",131,0.12186046511627907,127,4,0.030534351145038167,0.9235933202211242,0.07100320260812337,0.008572813590469668,water_per_shift_diff_前7天,0.0010862289241111627,13 - 15日龄
"[-0.58, 0.07)",158,0.1469767441860465,154,4,0.02531645569620253,1.116358836176162,0.11608520153517052,0.013801180362776017,water_per_shift_diff_前7天,0.0010795419004492525,13 - 15日龄
"[0.07, 4.58)",388,0.36093023255813955,358,30,0.07731958762886598,-0.05496380037903181,0.001116264462987307,0.00013951549668980712,water_per_shift_diff_前7天,0.00126554882172057,13 - 15日龄
"[4.58, inf)",125,0.11627906976744186,107,18,0.144,-0.7518423285518352,0.09053563701678408,0.011057721449624039,water_per_shift_diff_前7天,0.0014001159956748407,13 - 15日龄
Special,0,0.0,0,0,0.0,0.0,0.0,0.0,water_per_shift_diff_前7天,,13 - 15日龄
Missing,115,0.10697674418604651,107,8,0.06956521739130435,0.059087887664493355,0.000364211599782413,4.5519828209281046e-05,water_per_shift_diff_前7天,0.0009479838384740461,13 - 15日龄
,1075,1.0,996,79,0.07348837209302325,,0.3351926724678794,0.04052477149646337,water_per_shift_diff_前7天,,13 - 15日龄
"(-inf, 5.26)",722,0.6395039858281665,643,79,0.10941828254847645,0.03997235637499452,0.0010061099003290243,0.00012575536554540554,water_per_diff,0.0013159519521646521,16 - 18日龄
"[5.26, 7.05)",58,0.05137289636846767,53,5,0.08620689655172414,0.30412948572241794,0.004222701947272895,0.0005258128459155434,water_per_diff,0.0012578941072287088,16 - 18日龄
"[7.05, 8.99)",66,0.05845881310894597,65,1,0.015151515151515152,2.1176627545000333,0.12096632820449664,0.012807924162980204,water_per_diff,0.001175749764284497,16 - 18日龄
"[8.99, 15.66)",143,0.1266607617360496,127,16,0.11188811188811189,0.014873848823206526,2.786060593757508e-05,3.4825436402449272e-06,water_per_diff,0.0013763273666153014,16 - 18日龄
"[15.66, inf)",140,0.12400354295837024,113,27,0.19285714285714287,-0.625173562687592,0.061298509834261196,0.007539920892212563,water_per_diff,0.001523021883635742,16 - 18日龄
Special,0,0.0,0,0,0.0,0.0,0.0,0.0,water_per_diff,,16 - 18日龄
Missing,0,0.0,0,0,0.0,0.0,0.0,0.0,water_per_diff,,16 - 18日龄
,1129,1.0,1001,128,0.1133746678476528,,0.18752151049229732,0.02100289581029396,water_per_diff,,16 - 18日龄
"(-inf, -16.87)",62,0.05491585473870682,51,11,0.1774193548387097,-0.5227941554696485,0.018291756672783717,0.0022607818094769047,water_per_shift_diff,0.0014401527715378628,16 - 18日龄
"[-16.87, -7.65)",312,0.2763507528786537,286,26,0.08333333333333333,0.34117075740276714,0.02817704916049639,0.003505147977186044,water_per_shift_diff,0.0012956227936529168,16 - 18日龄
"[-7.65, -6.23)",65,0.05757307351638618,64,1,0.015384615384615385,2.102158567964068,0.117980630792876,0.012518860567458137,water_per_shift_diff,0.0010799120407530478,16 - 18日龄
"[-6.23, -3.92)",112,0.09920283436669619,103,9,0.08035714285714286,0.38077989549781277,0.012407561685996571,0.001541642753069632,water_per_shift_diff,0.0012590076768896606,16 - 18日龄
"[-3.92, 3.19)",424,0.3755535872453499,372,52,0.12264150943396226,-0.08907437970388443,0.0030839000715411906,0.0003853601197952843,water_per_shift_diff,0.0013556175356423087,16 - 18日龄
"[3.19, inf)",154,0.13640389725420726,125,29,0.18831168831168832,-0.5957066080797766,0.060575841320175176,0.007461969666315023,water_per_shift_diff,0.0015013231703371844,16 - 18日龄
Special,0,0.0,0,0,0.0,0.0,0.0,0.0,water_per_shift_diff,,16 - 18日龄
Missing,0,0.0,0,0,0.0,0.0,0.0,0.0,water_per_shift_diff,,16 - 18日龄
,1129,1.0,1001,128,0.1133746678476528,,0.24051673970386905,0.027673762893301028,water_per_shift_diff,,16 - 18日龄
"(-inf, -7.26)",132,0.11691762621789194,112,20,0.15151515151515152,-0.3339579176545,0.014815003777068068,0.0018433175189257137,water_per_diff_前1天,0.0014930088146518628,16 - 18日龄
"[-7.26, -0.39)",214,0.18954827280779452,195,19,0.08878504672897196,0.271836064001703,0.012604411652676367,0.0015707182621503835,water_per_diff_前1天,0.0012253561730602121,16 - 18日龄
"[-0.39, 1.25)",57,0.050487156775907885,56,1,0.017543859649122806,1.9686271753395461,0.09475308902284418,0.010239265622160515,water_per_diff_前1天,0.001161304024564014,16 - 18日龄
"[1.25, 10.65)",381,0.337466784765279,347,34,0.08923884514435695,0.2662397399350942,0.021572965940357677,0.0026886844388319536,water_per_diff_前1天,0.0012464729850386927,16 - 18日龄
"[10.65, 15.13)",145,0.12843224092116917,127,18,0.12413793103448276,-0.10290918683317707,0.0014151940809195298,0.00017682124240973917,water_per_diff_前1天,0.0014078291424778069,16 - 18日龄
"[15.13, inf)",200,0.1771479185119575,164,36,0.18,-0.5403770260275151,0.06344773960069566,0.007835858796427012,water_per_diff_前1天,0.001530866911659044,16 - 18日龄
Special,0,0.0,0,0,0.0,0.0,0.0,0.0,water_per_diff_前1天,,16 - 18日龄
Missing,0,0.0,0,0,0.0,0.0,0.0,0.0,water_per_diff_前1天,,16 - 18日龄
,1129,1.0,1001,128,0.1133746678476528,,0.2086084040745615,0.024354665880905315,water_per_diff_前1天,,16 - 18日龄
"(-inf, -12.35)",57,0.050487156775907885,48,9,0.15789473684210525,-0.38274808182393194,0.008558420130069655,0.0010633198968672576,water_per_diff_前2天,0.0014371492956446264,16 - 18日龄
"[-12.35, -4.58)",182,0.1612046058458813,161,21,0.11538461538461539,-0.01984258813456341,6.395939138654079e-05,7.99479276641544e-06,water_per_diff_前2天,0.0013676347603884447,16 - 18日龄
"[-4.58, -0.25)",148,0.13108945969884853,136,12,0.08108108108108109,0.37102372055244803,0.01562534337616299,0.0019420415350846973,water_per_diff_前2天,0.001240736844394665,16 - 18日龄
"[-0.25, 1.36)",59,0.05225863596102746,58,1,0.01694915254237288,2.0037184951508156,0.10044552240223598,0.010803269415017365,water_per_diff_前2天,0.0011304530098454407,16 - 18日龄
"[1.36, 7.42)",256,0.2267493356953056,231,25,0.09765625,0.16681737025798915,0.005914798584868618,0.0007384937369515222,water_per_diff_前2天,0.001259701627846969,16 - 18日龄
"[7.42, inf)",413,0.36581045172719223,354,59,0.14285714285714285,-0.26496504616754857,0.028428403546963084,0.0035431917029690486,water_per_diff_前2天,0.0014209808095171001,16 - 18日龄
Special,0,0.0,0,0,0.0,0.0,0.0,0.0,water_per_diff_前2天,,16 - 18日龄
Missing,14,0.012400354295837024,13,1,0.07142857142857142,0.5082248420659332,0.0026298160455927966,0.00032523425100749624,water_per_diff_前2天,0.0014436443861995999,16 - 18日龄
,1129,1.0,1001,128,0.1133746678476528,,0.16166626347727966,0.0184235453306638,water_per_diff_前2天,,16 - 18日龄
"(-inf, -17.69)",62,0.05491585473870682,48,14,0.22580645161290322,-0.8245808341029712,0.05064818903276709,0.0061575462264232585,water_per_diff_前3天,0.0016290067894452807,16 - 18日龄
"[-17.69, -12.45)",98,0.08680248007085917,89,9,0.09183673469387756,0.234687277000317,0.004364852187591748,0.0005443578373531544,water_per_diff_前3天,0.0012409476963856695,16 - 18日龄
"[-12.45, -10.23)",58,0.05137289636846767,56,2,0.034482758620689655,1.2754799947796003,0.051426149265042895,0.006025148277593366,water_per_diff_前3天,0.0010968902834894137,16 - 18日龄
"[-10.23, -6.15)",128,0.1133746678476528,118,10,0.078125,0.4113750160760157,0.0163550850078923,0.0020300910833393696,water_per_diff_前3天,0.0013400603986931116,16 - 18日龄
"[-6.15, 7.57)",472,0.41806908768821965,421,51,0.10805084745762712,0.05408268556245188,0.0011974945284455947,0.00014966857603615578,water_per_diff_前3天,0.0013035790849384684,16 - 18日龄
"[7.57, inf)",280,0.24800708591674048,241,39,0.1392857142857143,-0.23548922803459504,0.015054416418201842,0.0018774659202451544,water_per_diff_前3天,0.0014061864091133775,16 - 18日龄
Special,0,0.0,0,0,0.0,0.0,0.0,0.0,water_per_diff_前3天,,16 - 18日龄
Missing,31,0.02745792736935341,28,3,0.0967741935483871,0.17686770611149072,0.0008020115607109777,0.00010012097895032985,water_per_diff_前3天,0.001417172385506542,16 - 18日龄
,1129,1.0,1001,128,0.1133746678476528,,0.13984819800065246,0.01688439889994079,water_per_diff_前3天,,16 - 18日龄
"(-inf, -12.19)",278,0.2462356067316209,243,35,0.12589928057553956,-0.1190111335444688,0.003651292191896436,0.0004561423623829783,water_per_diff_前5天,0.001364923414555008,16 - 18日龄
"[-12.19, -3.03)",409,0.3622674933569531,372,37,0.09046454767726161,0.25125142623331875,0.02074479300482548,0.002586299944294178,water_per_diff_前5天,0.0012373230549307958,16 - 18日龄
"[-3.03, -1.01)",76,0.06731620903454384,73,3,0.039473684210526314,1.1351226370846779,0.05617673452917351,0.0066678210184898095,water_per_diff_前5天,0.0011956873078040513,16 - 18日龄
"[-1.01, 7.75)",239,0.21169176262178918,203,36,0.1506276150627615,-0.3270374748099263,0.025657004688978035,0.003192909358673529,water_per_diff_前5天,0.0014575737189443192,16 - 18日龄
"[7.75, inf)",70,0.06200177147918512,59,11,0.15714285714285714,-0.3770823442882545,0.01017988128194518,0.0012649993518869728,water_per_diff_前5天,0.0015278077125282757,16 - 18日龄
Special,0,0.0,0,0,0.0,0.0,0.0,0.0,water_per_diff_前5天,,16 - 18日龄
Missing,57,0.050487156775907885,51,6,0.10526315789473684,0.08334164810066724,0.00033953812053999423,4.242998613296963e-05,water_per_diff_前5天,0.0013863122184060632,16 - 18日龄
,1129,1.0,1001,128,0.1133746678476528,,0.11674924381735864,0.01421060202186044,water_per_diff_前5天,,16 - 18日龄
"(-inf, 2.95)",884,0.7829937998228521,780,104,0.11764705882352941,-0.04182149485333886,0.001391786760541302,0.00017396066759746247,water_per_diff_前7天,0.0013457825280564167,16 - 18日龄
"[2.95, 5.15)",59,0.05225863596102746,58,1,0.01694915254237288,2.0037184951508156,0.10044552240223598,0.010803269415017365,water_per_diff_前7天,0.001211842083081712,16 - 18日龄
"[5.15, inf)",86,0.07617360496014172,74,12,0.13953488372093023,-0.23756607197943413,0.0047094922485933005,0.0005873060891672596,water_per_diff_前7天,0.0013863816136284871,16 - 18日龄
Special,0,0.0,0,0,0.0,0.0,0.0,0.0,water_per_diff_前7天,,16 - 18日龄
Missing,100,0.08857395925597875,89,11,0.11,0.03401658153816589,0.00010115132965504181,1.2643306632691251e-05,water_per_diff_前7天,0.001303132727841694,16 - 18日龄
,1129,1.0,1001,128,0.1133746678476528,,0.10664795274102562,0.011577179478414778,water_per_diff_前7天,,16 - 18日龄
"(-inf, -8.21)",61,0.054030115146147036,53,8,0.13114754098360656,-0.16587414352331753,0.0015845869105311932,0.0001978465992324755,water_per_shift_diff_前1天,0.0012160532157381278,16 - 18日龄
"[-8.21, -1.63)",267,0.23649247121346323,240,27,0.10112359550561797,0.12807754194205856,0.0036915456605271565,0.0004611280723443179,water_per_shift_diff_前1天,0.0013103864504275505,16 - 18日龄
"[-1.63, -0.71)",61,0.054030115146147036,60,1,0.01639344262295082,2.037620046826497,0.10621616112601599,0.011371368274126381,water_per_shift_diff_前1天,0.0011470609280712558,16 - 18日龄
"[-0.71, 0.27)",68,0.06023029229406555,64,4,0.058823529411764705,0.7158642068441776,0.023398783234448495,0.0028639524835955953,water_per_shift_diff_前1天,0.0012208127346937838,16 - 18日龄
"[0.27, 6.52)",457,0.40478299379982285,400,57,0.12472647702407003,-0.10831123612217164,0.004951134100021526,0.0006185894223500066,water_per_shift_diff_前1天,0.001361016450544234,16 - 18日龄
"[6.52, inf)",201,0.17803365810451727,171,30,0.14925373134328357,-0.31625834055509894,0.020096898482764244,0.0025016952286066024,water_per_shift_diff_前1天,0.0014501421838741184,16 - 18日龄
Special,0,0.0,0,0,0.0,0.0,0.0,0.0,water_per_shift_diff_前1天,,16 - 18日龄
Missing,14,0.012400354295837024,13,1,0.07142857142857142,0.5082248420659332,0.0026298160455927966,0.00032523425100749624,water_per_shift_diff_前1天,0.0014436443861995999,16 - 18日龄
,1129,1.0,1001,128,0.1133746678476528,,0.16256892555990143,0.018339814331262874,water_per_shift_diff_前1天,,16 - 18日龄
"(-inf, -5.76)",72,0.0637732506643047,70,2,0.027777777777777776,1.49862354609381,0.08138285646947375,0.009316420258478167,water_per_shift_diff_前2天,0.0010460735267277875,16 - 18日龄
"[-5.76, -2.82)",92,0.08148804251550044,85,7,0.07608695652173914,0.4400165920393997,0.01330063889991723,0.0016492958844747472,water_per_shift_diff_前2天,0.0013658104193219154,16 - 18日龄
"[-2.82, 8.45)",626,0.5544729849424269,554,72,0.11501597444089456,-0.016225947664374907,0.000146900749958439,1.8362392308718563e-05,water_per_shift_diff_前2天,0.0013554408165416807,16 - 18日龄
"[8.45, 9.70)",57,0.050487156775907885,44,13,0.22807017543859648,-0.837484238938879,0.04824449899793851,0.005860281660804581,water_per_shift_diff_前2天,0.0015089326780748807,16 - 18日龄
"[9.70, 14.47)",183,0.16209034543844109,156,27,0.14754098360655737,-0.30270537415039556,0.016677051355891308,0.0020767087095527707,water_per_shift_diff_前2天,0.001384788060904885,16 - 18日龄
"[14.47, inf)",68,0.06023029229406555,64,4,0.058823529411764705,0.7158642068441776,0.023398783234448495,0.0028639524835955953,water_per_shift_diff_前2天,0.0011452500567093956,16 - 18日龄
Special,0,0.0,0,0,0.0,0.0,0.0,0.0,water_per_shift_diff_前2天,,16 - 18日龄
Missing,31,0.02745792736935341,28,3,0.0967741935483871,0.17686770611149072,0.0008020115607109777,0.00010012097895032985,water_per_shift_diff_前2天,0.001417172385506542,16 - 18日龄
,1129,1.0,1001,128,0.1133746678476528,,0.18395274126833872,0.02188514236816491,water_per_shift_diff_前2天,,16 - 18日龄
"(-inf, -3.89)",148,0.13108945969884853,126,22,0.14864864864864866,-0.3114850618024414,0.014328585120064219,0.001783867450993331,water_per_shift_diff_前3天,0.0013778627894348648,16 - 18日龄
"[-3.89, 2.22)",290,0.25686448184233834,252,38,0.1310344827586207,-0.16488158761056604,0.0074405698954505715,0.000929019131128566,water_per_shift_diff_前3天,0.001373549806368848,16 - 18日龄
"[2.22, 4.37)",127,0.112488928255093,116,11,0.08661417322834646,0.29897040291239074,0.008953151816736728,0.0011149944833249072,water_per_shift_diff_前3天,0.001329693527635304,16 - 18日龄
"[4.37, 5.98)",68,0.06023029229406555,65,3,0.04411764705882353,1.0190504658319237,0.04228811287796843,0.005068544867395285,water_per_shift_diff_前3天,0.0012302601742994427,16 - 18日龄
"[5.98, 7.22)",69,0.06111603188662533,64,5,0.07246376811594203,0.4927206555299679,0.012255718727943996,0.0015166538429335786,water_per_shift_diff_前3天,0.0012511978200865116,16 - 18日龄
"[7.22, inf)",383,0.3392382639503986,338,45,0.1174934725848564,-0.04034110968290472,0.0005607479734738135,7.008874413276913e-05,water_per_shift_diff_前3天,0.001328355905241968,16 - 18日龄
Special,0,0.0,0,0,0.0,0.0,0.0,0.0,water_per_shift_diff_前3天,,16 - 18日龄
Missing,44,0.03897254207263064,40,4,0.09090909090909091,0.24586057759844238,0.002141455455480938,0.0002670097678972635,water_per_shift_diff_前3天,0.0013826741232022296,16 - 18日龄
,1129,1.0,1001,128,0.1133746678476528,,0.08796834186711869,0.0107501782878057,water_per_shift_diff_前3天,,16 - 18日龄
"(-inf, -1.53)",475,0.42072630646589904,417,58,0.12210526315789473,-0.08408130414322135,0.003072463989124641,0.0003839449068796918,water_per_shift_diff_前5天,0.001357555308724726,16 - 18日龄
"[-1.53, 0.40)",165,0.14614703277236493,151,14,0.08484848484848485,0.3214979918040619,0.013333856209780741,0.0016595907931041768,water_per_shift_diff_前5天,0.0012782572136162637,16 - 18日龄
"[0.40, 1.35)",63,0.05580159433126661,62,1,0.015873015873015872,2.070409869649488,0.11206209763688811,0.01194330883459195,water_per_shift_diff_前5天,0.0011266866429423174,16 - 18日龄
"[1.35, 3.40)",107,0.09477413640389726,95,12,0.11214953271028037,0.012245726416936886,1.4144976193390306e-05,1.7681109765965383e-06,water_per_shift_diff_前5天,0.0013592961998369702,16 - 18日龄
"[3.40, 7.03)",141,0.12488928255093003,125,16,0.11347517730496454,-0.0009995003330836028,1.2481272890651715e-07,1.5601590470831262e-08,water_per_shift_diff_前5天,0.0012903568301518228,16 - 18日龄
"[7.03, inf)",100,0.08857395925597875,82,18,0.18,-0.5403770260275151,0.03172386980034783,0.003917929398213506,water_per_shift_diff_前5天,0.001531687675167333,16 - 18日龄
Special,0,0.0,0,0,0.0,0.0,0.0,0.0,water_per_shift_diff_前5天,,16 - 18日龄
Missing,78,0.06908768821966342,69,9,0.11538461538461539,-0.01984258813456341,2.7411167737088907e-05,3.426339757035173e-06,water_per_shift_diff_前5天,0.001325978011704132,16 - 18日龄
,1129,1.0,1001,128,0.1133746678476528,,0.1602339685928007,0.01790998398511343,water_per_shift_diff_前5天,,16 - 18日龄
"(-inf, -3.55)",405,0.3587245349867139,344,61,0.1506172839506173,-0.3269567221955165,0.043454561237726695,0.005407754348304889,water_per_shift_diff_前7天,0.0013955086290335537,16 - 18日龄
"[-3.55, -1.69)",90,0.07971656333038087,81,9,0.1,0.14050006194061604,0.001490225276109023,0.00018612509471830707,water_per_shift_diff_前7天,0.0013856649151421211,16 - 18日龄
"[-1.69, 0.01)",110,0.09743135518157661,106,4,0.03636363636363636,1.220420217596573,0.09109717595758635,0.01072923057932037,water_per_shift_diff_前7天,0.00126143118701372,16 - 18日龄
"[0.01, 8.97)",343,0.3038086802480071,309,34,0.09912536443148688,0.15025623688598033,0.006470981480526041,0.000808112631837556,water_per_shift_diff_前7天,0.0012971476358926706,16 - 18日龄
"[8.97, inf)",61,0.054030115146147036,53,8,0.13114754098360656,-0.16587414352331753,0.0015845869105311932,0.0001978465992324755,water_per_shift_diff_前7天,0.001359733236825313,16 - 18日龄
Special,0,0.0,0,0,0.0,0.0,0.0,0.0,water_per_shift_diff_前7天,,16 - 18日龄
Missing,120,0.10628875110717449,108,12,0.1,0.14050006194061604,0.0019869670348120314,0.000248166792957737,water_per_shift_diff_前7天,0.0012849907917457774,16 - 18日龄
,1129,1.0,1001,128,0.1133746678476528,,0.14608449789729133,0.017577236046371333,water_per_shift_diff_前7天,,16 - 18日龄
"(-inf, -0.18)",752,0.6351351351351351,705,47,0.0625,-0.05916697733566023,0.002282306589198074,0.0002852467176931283,water_per_diff,0.0011810885865688593,19 - 21日龄
"[-0.18, 2.99)",110,0.0929054054054054,104,6,0.05454545454545454,0.08541425147544768,0.000652819875344531,8.157768768714702e-05,water_per_diff,0.001089683351895261,19 - 21日龄
"[2.99, 5.97)",89,0.07516891891891891,86,3,0.033707865168539325,0.5885178291475279,0.02021096109844933,0.0024905310203202123,water_per_diff,0.0012162436541287304,19 - 21日龄
"[5.97, 11.90)",114,0.09628378378378379,113,1,0.008771929824561403,1.9601706402744705,0.17082995218396127,0.018481204215250666,water_per_diff,0.0010989735928214133,19 - 21日龄
"[11.90, inf)",119,0.10050675675675676,106,13,0.1092436974789916,-0.6687274417873401,0.06056108225060524,0.007432159912298893,water_per_diff,0.0013088339409142841,19 - 21日龄
Special,0,0.0,0,0,0.0,0.0,0.0,0.0,water_per_diff,,19 - 21日龄
Missing,0,0.0,0,0,0.0,0.0,0.0,0.0,water_per_diff,,19 - 21日龄
,1184,1.0,1114,70,0.05912162162162162,,0.25453712199755846,0.028770719553250047,water_per_diff,,19 - 21日龄
"(-inf, -8.70)",77,0.06503378378378379,71,6,0.07792207792207792,-0.2962967706246098,0.006512601498468599,0.0008111103183651254,water_per_shift_diff,0.0012477312154721843,19 - 21日龄
"[-8.70, 2.08)",491,0.41469594594594594,464,27,0.054989816700611,0.07683050778405587,0.002366592455723287,0.00029575131894201464,water_per_shift_diff,0.001201891725665678,19 - 21日龄
"[2.08, 3.21)",88,0.07432432432432433,87,1,0.011363636363636364,1.6986909402167134,0.10839556448471872,0.012124278915801166,water_per_shift_diff,0.0010538784040981521,19 - 21日龄
"[3.21, 4.55)",94,0.07939189189189189,91,3,0.031914893617021274,0.6450300394108703,0.025046819175892715,0.00307768052577251,water_per_shift_diff,0.001115363876077066,19 - 21日龄
"[4.55, 12.63)",345,0.29138513513513514,321,24,0.06956521739130435,-0.17382988565580026,0.00950959595034167,0.001187205137555384,water_per_shift_diff,0.0011678455960481347,19 - 21日龄
"[12.63, inf)",89,0.07516891891891891,80,9,0.10112359550561797,-0.5824151211002082,0.03305680079494126,0.004074671345774031,water_per_shift_diff,0.0012430036419602752,19 - 21日龄
Special,0,0.0,0,0,0.0,0.0,0.0,0.0,water_per_shift_diff,,19 - 21日龄
Missing,0,0.0,0,0,0.0,0.0,0.0,0.0,water_per_shift_diff,,19 - 21日龄
,1184,1.0,1114,70,0.05912162162162162,,0.18488797436008628,0.02157069756221023,water_per_shift_diff,,19 - 21日龄
"(-inf, -18.14)",171,0.14442567567567569,158,13,0.07602339181286549,-0.26957150287244014,0.011829618912919867,0.0014742412558006353,water_per_diff_前1天,0.0012927011755970222,19 - 21日龄
"[-18.14, -16.33)",60,0.05067567567567568,56,4,0.06666666666666667,-0.1281598488226119,0.0008809140673111027,0.00011003896104628229,water_per_diff_前1天,0.00112733515385991,19 - 21日龄
"[-16.33, -10.99)",198,0.16722972972972974,189,9,0.045454545454545456,0.2773052592855527,0.011393768283545927,0.0014196751739458478,water_per_diff_前1天,0.0010844441541370859,19 - 21日龄
"[-10.99, -8.30)",104,0.08783783783783784,103,1,0.009615384615384616,1.8675118097917656,0.14599066417659146,0.015987477268868476,water_per_diff_前1天,0.0010528586737369567,19 - 21日龄
"[-8.30, inf)",651,0.549831081081081,608,43,0.06605222734254992,-0.11824241216526588,0.008100166270670039,0.0010119313490125556,water_per_diff_前1天,0.0012049377031177987,19 - 21日龄
Special,0,0.0,0,0,0.0,0.0,0.0,0.0,water_per_diff_前1天,,19 - 21日龄
Missing,0,0.0,0,0,0.0,0.0,0.0,0.0,water_per_diff_前1天,,19 - 21日龄
,1184,1.0,1114,70,0.05912162162162162,,0.17819513171103837,0.020003364008673797,water_per_diff_前1天,,19 - 21日龄
"(-inf, -17.51)",144,0.12162162162162163,133,11,0.0763888888888889,-0.27476332301448725,0.010373213938890105,0.0012925883028427673,water_per_diff_前2天,0.0011795720375494313,19 - 21日龄
"[-17.51, -15.21)",60,0.05067567567567568,57,3,0.05,0.17722180072856997,0.0014726818013864255,0.00018384469997245658,water_per_diff_前2天,0.001127127746098925,19 - 21日龄
"[-15.21, -12.93)",64,0.05405405405405406,63,1,0.015625,1.3759175479536623,0.058156248243848054,0.006745421341376242,water_per_diff_前2天,0.001038691715687336,19 - 21日龄
"[-12.93, -8.44)",158,0.13344594594594594,152,6,0.0379746835443038,0.4649038731803512,0.023585018239310973,0.0029218611133870025,water_per_diff_前2天,0.0010662575012603348,19 - 21日龄
"[-8.44, 14.31)",641,0.5413851351351351,602,39,0.060842433697347896,-0.030521379258695802,0.0005111685215677974,6.389358520014505e-05,water_per_diff_前2天,0.0012035378427547175,19 - 21日龄
"[14.31, inf)",106,0.08952702702702703,96,10,0.09433962264150944,-0.5054540799640797,0.028649743952824214,0.003543575776410785,water_per_diff_前2天,0.0013328717258122207,19 - 21日龄
Special,0,0.0,0,0,0.0,0.0,0.0,0.0,water_per_diff_前2天,,19 - 21日龄
Missing,11,0.009290540540540541,11,0,0.0,0.0,0.0,0.0,water_per_diff_前2天,0.0011036860234648635,19 - 21日龄
,1184,1.0,1114,70,0.05912162162162162,,0.12274807469782756,0.014751184819189397,water_per_diff_前2天,,19 - 21日龄
"(-inf, 0.83)",583,0.49239864864864863,545,38,0.06518010291595197,-0.104017543501012,0.005578370953080691,0.0006969821848379198,water_per_diff_前3天,0.001160671097026984,19 - 21日龄
"[0.83, 3.57)",97,0.08192567567567567,92,5,0.05154639175257732,0.14513348617706967,0.0016192117590927255,0.00020222401802609752,water_per_diff_前3天,0.0011718121066630258,19 - 21日龄
"[3.57, 7.74)",152,0.12837837837837837,146,6,0.039473684210526314,0.4246299740424111,0.01925482929230528,0.0023889325744303348,water_per_diff_前3天,0.0011076300819171112,19 - 21日龄
"[7.74, 10.26)",78,0.06587837837837837,77,1,0.01282051282051282,1.5765882434158138,0.08645154307317283,0.00981014717643912,water_per_diff_前3天,0.001026239553789586,19 - 21日龄
"[10.26, 14.31)",98,0.08277027027027027,95,3,0.030612244897959183,0.6880474244945609,0.029187751734137044,0.0035781629730973173,water_per_diff_前3天,0.001248315778158454,19 - 21日龄
"[14.31, inf)",158,0.13344594594594594,141,17,0.10759493670886076,-0.651670632115918,0.07578031921040199,0.009308405506827752,water_per_diff_前3天,0.001380404614612117,19 - 21日龄
Special,0,0.0,0,0,0.0,0.0,0.0,0.0,water_per_diff_前3天,,19 - 21日龄
Missing,18,0.015202702702702704,18,0,0.0,0.0,0.0,0.0,water_per_diff_前3天,0.0010078523693267834,19 - 21日龄
,1184,1.0,1114,70,0.05912162162162162,,0.21787202602219055,0.02598485443365854,water_per_diff_前3天,,19 - 21日龄
"(-inf, -8.25)",160,0.13513513513513514,150,10,0.0625,-0.05916697733566023,0.0004855971466378878,6.0690790998545706e-05,water_per_diff_前5天,0.001157171200037935,19 - 21日龄
"[-8.25, 3.64)",429,0.3623310810810811,406,23,0.053613053613053616,0.10364176523471258,0.003718769673335803,0.0004646382708737729,water_per_diff_前5天,0.001183222689739494,19 - 21日龄
"[3.64, 6.23)",97,0.08192567567567567,94,3,0.030927835051546393,0.677465315164024,0.028130709034382015,0.003450600787173278,water_per_diff_前5天,0.001095565395536863,19 - 21日龄
"[6.23, 9.82)",130,0.1097972972972973,129,1,0.007692307692307693,2.0925952259238016,0.21242605550670443,0.02257041607401198,water_per_diff_前5天,0.0009972664020899684,19 - 21日龄
"[9.82, 19.11)",226,0.19087837837837837,212,14,0.061946902654867256,-0.04968823338111639,0.0004817171638384744,6.0208451862117564e-05,water_per_diff_前5天,0.0012221723801480288,19 - 21日龄
"[19.11, inf)",98,0.08277027027027027,83,15,0.15306122448979592,-1.0564267717434825,0.14766673264944805,0.017645208183013846,water_per_diff_前5天,0.001416604309078997,19 - 21日龄
Special,0,0.0,0,0,0.0,0.0,0.0,0.0,water_per_diff_前5天,,19 - 21日龄
Missing,44,0.037162162162162164,40,4,0.09090909090909091,-0.4646320854438244,0.009867026590086862,0.0012224023196793776,water_per_diff_前5天,0.0012186617688608728,19 - 21日龄
,1184,1.0,1114,70,0.05912162162162162,,0.40277660776443347,0.04547416487761291,water_per_diff_前5天,,19 - 21日龄
"(-inf, -14.62)",169,0.14273648648648649,163,6,0.03550295857988166,0.5347735531408371,0.03241010274613486,0.00400366809002011,water_per_diff_前7天,0.001142235261334764,19 - 21日龄
"[-14.62, -10.74)",124,0.10472972972972973,119,5,0.04032258064516129,0.4024684022395588,0.014244842141333449,0.0017686841003729283,water_per_diff_前7天,0.0010619846401253652,19 - 21日龄
"[-10.74, 11.02)",739,0.6241554054054054,697,42,0.056833558863328824,0.04189861403928541,0.001075673574078602,0.00013444936252749676,water_per_diff_前7天,0.0011944752951686798,19 - 21日龄
"[11.02, inf)",78,0.06587837837837837,67,11,0.14102564102564102,-0.9604198318452748,0.0931599847150251,0.011217112628773365,water_per_diff_前7天,0.0013017514180760719,19 - 21日龄
Special,0,0.0,0,0,0.0,0.0,0.0,0.0,water_per_diff_前7天,,19 - 21日龄
Missing,74,0.0625,68,6,0.08108108108108109,-0.33946894248981874,0.008375714867278934,0.001041966009596696,water_per_diff_前7天,0.0011938647472358162,19 - 21日龄
,1184,1.0,1114,70,0.05912162162162162,,0.14926631804385093,0.018165880191290597,water_per_diff_前7天,,19 - 21日龄
"(-inf, -2.71)",586,0.49493243243243246,548,38,0.06484641638225255,-0.09852805121624053,0.005018638361514573,0.0006270761692222567,water_per_shift_diff_前1天,0.0012339853896335459,19 - 21日龄
"[-2.71, -1.06)",60,0.05067567567567568,57,3,0.05,0.17722180072856997,0.0014726818013864255,0.00018384469997245658,water_per_shift_diff_前1天,0.00112642613773517,19 - 21日龄
"[-1.06, 0.55)",88,0.07432432432432433,87,1,0.011363636363636364,1.6986909402167134,0.10839556448471872,0.012124278915801166,water_per_shift_diff_前1天,0.001038039933994108,19 - 21日龄
"[0.55, 4.54)",199,0.16807432432432431,190,9,0.04522613065326633,0.2825823163863963,0.011864253704142883,0.001478116989185747,water_per_shift_diff_前1天,0.0011238540441481923,19 - 21日龄
"[4.54, 9.32)",131,0.11064189189189189,122,9,0.06870229007633588,-0.1604207110408331,0.0030570040601010256,0.0003817162871395602,water_per_shift_diff_前1天,0.0011329134191455526,19 - 21日龄
"[9.32, inf)",109,0.09206081081081081,99,10,0.09174311926605505,-0.4746824212973264,0.025627250495790496,0.0031736660062221395,water_per_shift_diff_前1天,0.0012025322921434688,19 - 21日龄
Special,0,0.0,0,0,0.0,0.0,0.0,0.0,water_per_shift_diff_前1天,,19 - 21日龄
Missing,11,0.009290540540540541,11,0,0.0,0.0,0.0,0.0,water_per_shift_diff_前1天,0.0011036860234648635,19 - 21日龄
,1184,1.0,1114,70,0.05912162162162162,,0.15543539290765412,0.017968699067543326,water_per_shift_diff_前1天,,19 - 21日龄
"(-inf, -17.00)",60,0.05067567567567568,52,8,0.13333333333333333,-0.895415001536279,0.06053639251217315,0.007323974881040371,water_per_shift_diff_前2天,0.001383299346893765,19 - 21日龄
"[-17.00, -14.16)",60,0.05067567567567568,55,5,0.08333333333333333,-0.3693219056394996,0.008146110255192861,0.0010125158872036815,water_per_shift_diff_前2天,0.0012290757079724832,19 - 21日龄
"[-14.16, -3.39)",453,0.38260135135135137,428,25,0.05518763796909492,0.07303019227572571,0.0019760670133595936,0.0002469534997747297,water_per_shift_diff_前2天,0.001171254052006753,19 - 21日龄
"[-3.39, -1.94)",71,0.059966216216216214,70,1,0.014084507042253521,1.481278063611489,0.07191739867700815,0.008248564606395722,water_per_shift_diff_前2天,0.0010843244207478014,19 - 21日龄
"[-1.94, 4.55)",386,0.3260135135135135,367,19,0.04922279792746114,0.19370569045025965,0.01123781153625255,0.0014025343874268011,water_per_shift_diff_前2天,0.0011497697979660194,19 - 21日龄
"[4.55, inf)",136,0.11486486486486487,124,12,0.08823529411764706,-0.431842262620834,0.025961484062150156,0.0032202021712463957,water_per_shift_diff_前2天,0.0012578205308034214,19 - 21日龄
Special,0,0.0,0,0,0.0,0.0,0.0,0.0,water_per_shift_diff_前2天,,19 - 21日龄
Missing,18,0.015202702702702704,18,0,0.0,0.0,0.0,0.0,water_per_shift_diff_前2天,0.0010078523693267834,19 - 21日龄
,1184,1.0,1114,70,0.05912162162162162,,0.17977526405613645,0.021454745433087702,water_per_shift_diff_前2天,,19 - 21日龄
"(-inf, -14.40)",110,0.0929054054054054,99,11,0.1,-0.5699926011016507,0.03891562718985882,0.0047996540184835935,water_per_shift_diff_前3天,0.0011694082217573992,19 - 21日龄
"[-14.40, -11.67)",92,0.0777027027027027,91,1,0.010869565217391304,1.7436423280789795,0.11752480221060678,0.01307332066968202,water_per_shift_diff_前3天,0.001053616740397362,19 - 21日龄
"[-11.67, -2.16)",437,0.36908783783783783,414,23,0.05263157894736842,0.12315457945829422,0.005303322362412832,0.0006624966765065785,water_per_shift_diff_前3天,0.0011508980866481375,19 - 21日龄
"[-2.16, 4.81)",406,0.34290540540540543,383,23,0.05665024630541872,0.04532359481362569,0.0006904902621003817,8.630389589314854e-05,water_per_shift_diff_前3天,0.0012037774675465348,19 - 21日龄
"[4.81, inf)",109,0.09206081081081081,98,11,0.10091743119266056,-0.5801449725656691,0.04012954580686352,0.004947010634692911,water_per_shift_diff_前3天,0.00135189966893289,19 - 21日龄
Special,0,0.0,0,0,0.0,0.0,0.0,0.0,water_per_shift_diff_前3天,,19 - 21日龄
Missing,30,0.02533783783783784,29,1,0.03333333333333333,0.6000786515486038,0.007048884904059001,0.0008681240162709738,water_per_shift_diff_前3天,0.0010907625154491132,19 - 21日龄
,1184,1.0,1114,70,0.05912162162162162,,0.2096126727359013,0.024436909911529227,water_per_shift_diff_前3天,,19 - 21日龄
"(-inf, 2.51)",451,0.38091216216216217,420,31,0.06873614190687362,-0.1609496716456027,0.010596506979078258,0.0013231355322338746,water_per_shift_diff_前5天,0.001155911488202462,19 - 21日龄
"[2.51, 3.74)",77,0.06503378378378379,76,1,0.012987012987012988,1.5635161618484608,0.08433122565702267,0.009583866159225114,water_per_shift_diff_前5天,0.0010943636642992741,19 - 21日龄
"[3.74, 5.41)",86,0.07263513513513513,82,4,0.046511627906976744,0.25320770770649226,0.004169257459542653,0.000519769399162511,water_per_shift_diff_前5天,0.001164831594826149,19 - 21日龄
"[5.41, inf)",508,0.42905405405405406,479,29,0.05708661417322835,0.03718758898657093,0.0005837087576245522,7.295939071962814e-05,water_per_shift_diff_前5天,0.0012136141555344653,19 - 21日龄
Special,0,0.0,0,0,0.0,0.0,0.0,0.0,water_per_shift_diff_前5天,,19 - 21日龄
Missing,62,0.052364864864864864,57,5,0.08064516129032258,-0.33360382303742053,0.006759349068980819,0.0008410222952501155,water_per_shift_diff_前5天,0.0012104856141814063,19 - 21日龄
,1184,1.0,1114,70,0.05912162162162162,,0.10644004792224894,0.012340752776591243,water_per_shift_diff_前5天,,19 - 21日龄
"(-inf, -3.80)",254,0.21452702702702703,239,15,0.05905511811023622,0.001196172391430217,3.067895335804928e-07,3.8348689411303984e-08,water_per_shift_diff_前7天,0.0011772983692189326,19 - 21日龄
"[-3.80, -1.67)",123,0.10388513513513513,122,1,0.008130081300813009,2.0368038662953865,0.19396390755462342,0.020767848164144082,water_per_shift_diff_前7天,0.0010719663156501448,19 - 21日龄
"[-1.67, 3.75)",307,0.2592905405405405,293,14,0.04560260586319218,0.2738981009639385,0.017260006003293055,0.0021507819429842923,water_per_shift_diff_前7天,0.001217923479695539,19 - 21日龄
"[3.75, 12.78)",310,0.26182432432432434,286,24,0.07741935483870968,-0.28927919796596324,0.02491406890919993,0.0031034451449162594,water_per_shift_diff_前7天,0.001208635739323968,19 - 21日龄
"[12.78, inf)",103,0.08699324324324324,94,9,0.08737864077669903,-0.4211469735040856,0.01861082932412258,0.0023093124801489163,water_per_shift_diff_前7天,0.0010876906733825913,19 - 21日龄
Special,0,0.0,0,0,0.0,0.0,0.0,0.0,water_per_shift_diff_前7天,,19 - 21日龄
Missing,87,0.07347972972972973,80,7,0.08045977011494253,-0.3311006928193021,0.009332640713219108,0.0011612804001867472,water_per_shift_diff_前7天,0.001216394599473731,19 - 21日龄
,1184,1.0,1114,70,0.05912162162162162,,0.26408175929399164,0.029492706481069705,water_per_shift_diff_前7天,,19 - 21日龄
"(-inf, -22.49)",121,0.09641434262948208,110,11,0.09090909090909091,-0.7427724178467985,0.07514090534642073,0.009182481867460058,water_per_diff,0.0012973866195983529,22 - 24日龄
"[-22.49, -3.72)",404,0.3219123505976096,385,19,0.04702970297029703,-0.03655315571950046,0.00043733603114594674,5.4663960663262415e-05,water_per_diff,0.0010925584220292685,22 - 24日龄
"[-3.72, 0.90)",156,0.12430278884462151,155,1,0.00641025641025641,1.9980676060784024,0.22346077245146528,0.02405235990151844,water_per_diff,0.0009295705941439155,22 - 24日龄
"[0.90, 5.75)",127,0.10119521912350597,126,1,0.007874015748031496,1.7909243961106336,0.15694127033837144,0.017355410991482592,water_per_diff,0.0009706003712458015,22 - 24日龄
"[5.75, 18.41)",323,0.25737051792828686,310,13,0.04024767801857585,0.12626542917681105,0.0038756456602319057,0.00048413414479369504,water_per_diff,0.001096867709910057,22 - 24日龄
"[18.41, inf)",124,0.09880478087649402,112,12,0.0967741935483871,-0.8117652893337501,0.09500670990181487,0.011560144643768235,water_per_diff,0.0012259223282851451,22 - 24日龄
Special,0,0.0,0,0,0.0,0.0,0.0,0.0,water_per_diff,,22 - 24日龄
Missing,0,0.0,0,0,0.0,0.0,0.0,0.0,water_per_diff,,22 - 24日龄
,1255,1.0,1198,57,0.04541832669322709,,0.5548626397294502,0.06268919550968628,water_per_diff,,22 - 24日龄
"(-inf, -15.87)",63,0.050199203187251,58,5,0.07936507936507936,-0.5943524127285253,0.02336118495391972,0.0028779117016829083,water_per_shift_diff,0.0012339574962751192,22 - 24日龄
"[-15.87, -11.07)",73,0.05816733067729084,69,4,0.0547945205479452,-0.1975453673634755,0.0024850111379378734,0.00031012229496242766,water_per_shift_diff,0.0012647769443822426,22 - 24日龄
"[-11.07, 1.39)",608,0.48446215139442234,575,33,0.054276315789473686,-0.18749503150997437,0.01855840022809824,0.0023164080254719395,water_per_shift_diff,0.001103895025834734,22 - 24日龄
"[1.39, 5.28)",239,0.1904382470119522,229,10,0.04184100418410042,0.08577939971934967,0.0013478794467220558,0.00016843329442531047,water_per_shift_diff,0.0011366637673715255,22 - 24日龄
"[5.28, 7.04)",78,0.062151394422310755,77,1,0.01282051282051282,1.2984479110128397,0.060676379990656525,0.007092963414572038,water_per_shift_diff,0.0008870655977747244,22 - 24日龄
"[7.04, inf)",194,0.15458167330677292,190,4,0.020618556701030927,0.815372200199751,0.07209702347195761,0.008770494218882246,water_per_shift_diff,0.000983862424604235,22 - 24日龄
Special,0,0.0,0,0,0.0,0.0,0.0,0.0,water_per_shift_diff,,22 - 24日龄
Missing,0,0.0,0,0,0.0,0.0,0.0,0.0,water_per_shift_diff,,22 - 24日龄
,1255,1.0,1198,57,0.04541832669322709,,0.17852587922929203,0.02153633294999687,water_per_shift_diff,,22 - 24日龄
"(-inf, -23.67)",63,0.050199203187251,57,6,0.09523809523809523,-0.7940657122343491,0.0458047746315658,0.005579758976460561,water_per_diff_前1天,0.0013535863592366762,22 - 24日龄
"[-23.67, -11.37)",229,0.18247011952191236,219,10,0.043668122270742356,0.04112912598161067,0.00030296034866224666,3.786737459373214e-05,water_per_diff_前1天,0.0010667700219377388,22 - 24日龄
"[-11.37, -7.70)",100,0.0796812749003984,99,1,0.01,1.5497623392937454,0.10088002809010191,0.0114825029218257,water_per_diff_前1天,0.000946909206290842,22 - 24日龄
"[-7.70, 18.39)",753,0.6,725,28,0.03718459495351926,0.20860963383862652,0.023770488253790717,0.002965935000443686,water_per_diff_前1天,0.0010687412536634121,22 - 24日龄
"[18.39, inf)",110,0.08764940239043825,98,12,0.10909090909090909,-0.9452966819582724,0.12168171857208235,0.014668048277053425,water_per_diff_前1天,0.0013085447456446628,22 - 24日龄
Special,0,0.0,0,0,0.0,0.0,0.0,0.0,water_per_diff_前1天,,22 - 24日龄
Missing,0,0.0,0,0,0.0,0.0,0.0,0.0,water_per_diff_前1天,,22 - 24日龄
,1255,1.0,1198,57,0.04541832669322709,,0.292439969896203,0.0347341125503771,water_per_diff_前1天,,22 - 24日龄
"(-inf, -22.21)",68,0.054183266932270914,66,2,0.029411764705882353,0.45115005062563585,0.009024850908745845,0.0011186355658977824,water_per_diff_前2天,0.0010604656948257206,22 - 24日龄
"[-22.21, -6.66)",371,0.29561752988047807,356,15,0.04043126684636118,0.12152301890897599,0.004132273817570833,0.0005162166243264706,water_per_diff_前2天,0.0010962139018456407,22 - 24日龄
"[-6.66, 17.18)",710,0.5657370517928287,680,30,0.04225352112676056,0.07553790566715257,0.0031194812111028586,0.0003898424711497178,water_per_diff_前2天,0.001072598321483265,22 - 24日龄
"[17.18, inf)",100,0.0796812749003984,90,10,0.1,-0.8481329335046248,0.08507908787316112,0.010327176854278381,water_per_diff_前2天,0.001259070225258698,22 - 24日龄
Special,0,0.0,0,0,0.0,0.0,0.0,0.0,water_per_diff_前2天,,22 - 24日龄
Missing,6,0.004780876494023904,6,0,0.0,0.0,0.0,0.0,water_per_diff_前2天,0.0011167377837215833,22 - 24日龄
,1255,1.0,1198,57,0.04541832669322709,,0.10135569381058065,0.012351871515652351,water_per_diff_前2天,,22 - 24日龄
"(-inf, -16.43)",194,0.15458167330677292,180,14,0.07216494845360824,-0.4914579895658924,0.0468672118450794,0.005800146680969079,water_per_diff_前3天,0.0012239788831531406,22 - 24日龄
"[-16.43, -11.38)",166,0.13227091633466134,162,4,0.024096385542168676,0.6559444632716489,0.04266914603070416,0.005240034494921145,water_per_diff_前3天,0.0010028447894633759,22 - 24日龄
"[-11.38, -7.63)",127,0.10119521912350597,126,1,0.007874015748031496,1.7909243961106336,0.15694127033837144,0.017355410991482592,water_per_diff_前3天,0.0009505043103014866,22 - 24日龄
"[-7.63, inf)",745,0.5936254980079682,707,38,0.05100671140939597,-0.12191300467065735,0.00932834621158342,0.0011653217024196229,water_per_diff_前3天,0.0011092497854447477,22 - 24日龄
Special,0,0.0,0,0,0.0,0.0,0.0,0.0,water_per_diff_前3天,,22 - 24日龄
Missing,23,0.018326693227091632,23,0,0.0,0.0,0.0,0.0,water_per_diff_前3天,0.0009534785376932,22 - 24日龄
,1255,1.0,1198,57,0.04541832669322709,,0.25580597442573844,0.029560913869792437,water_per_diff_前3天,,22 - 24日龄
"(-inf, 1.40)",760,0.6055776892430279,720,40,0.05263157894736842,-0.15498575294467987,0.01561523563042784,0.0019499532185873088,water_per_diff_前5天,0.001095912584955684,22 - 24日龄
"[1.40, 7.99)",205,0.16334661354581673,200,5,0.024390243902439025,0.6435219432730919,0.05098341846216541,0.006265189935399481,water_per_diff_前5天,0.0010609633305373697,22 - 24日龄
"[7.99, 10.65)",66,0.05258964143426295,65,1,0.015151515151515152,1.1290297590547924,0.04145033544138425,0.004922523384829111,water_per_diff_前5天,0.001031700926426753,22 - 24日龄
"[10.65, 15.03)",63,0.050199203187251,61,2,0.031746031746031744,0.3723691727725216,0.005894781884531172,0.0007326199313476495,water_per_diff_前5天,0.0011067917848038428,22 - 24日龄
"[15.03, inf)",96,0.07649402390438247,87,9,0.09375,-0.7766739695224802,0.0662298644602027,0.00807673317512882,water_per_diff_前5天,0.0013167349511445043,22 - 24日龄
Special,0,0.0,0,0,0.0,0.0,0.0,0.0,water_per_diff_前5天,,22 - 24日龄
Missing,65,0.05179282868525897,65,0,0.0,0.0,0.0,0.0,water_per_diff_前5天,0.0008975620937082816,22 - 24日龄
,1255,1.0,1198,57,0.04541832669322709,,0.18017363587871138,0.02194701964529237,water_per_diff_前5天,,22 - 24日龄
"(-inf, 0.40)",419,0.33386454183266934,398,21,0.050119331742243436,-0.10342794327982974,0.0037441624313583883,0.000467811808263734,water_per_diff_前7天,0.0010554325081871016,22 - 24日龄
"[0.40, 2.82)",102,0.08127490039840637,97,5,0.049019607843137254,-0.08008444477156207,0.0005406515104075521,6.756338480719986e-05,water_per_diff_前7天,0.0011327740924381284,22 - 24日龄
"[2.82, 7.25)",172,0.13705179282868526,170,2,0.011627906976744186,1.3972937456494723,0.14925256393356248,0.017273079684532008,water_per_diff_前7天,0.0009636396471693925,22 - 24日龄
"[7.25, 8.83)",63,0.050199203187251,60,3,0.047619047619047616,-0.04962523728685353,0.00012645038936110606,1.5804676969595954e-05,water_per_diff_前7天,0.0010138204306124159,22 - 24日龄
"[8.83, 12.56)",133,0.10597609561752988,126,7,0.05263157894736842,-0.15498575294467987,0.0027326662353248737,0.0003412418132527793,water_per_diff_前7天,0.0011226185084363873,22 - 24日龄
"[12.56, inf)",280,0.22310756972111553,263,17,0.060714285714285714,-0.3064168227192958,0.024119005683686485,0.003003136199535239,water_per_diff_前7天,0.0012362834671406952,22 - 24日龄
Special,0,0.0,0,0,0.0,0.0,0.0,0.0,water_per_diff_前7天,,22 - 24日龄
Missing,86,0.06852589641434263,84,2,0.023255813953488372,0.692312107442524,0.0242510992151029,0.0029722631330960274,water_per_diff_前7天,0.001047741454557706,22 - 24日龄
,1255,1.0,1198,57,0.04541832669322709,,0.20476659939880376,0.024140900700456585,water_per_diff_前7天,,22 - 24日龄
"(-inf, -12.32)",69,0.0549800796812749,62,7,0.10144927536231885,-0.8641332748510662,0.061400208674946145,0.007444802487467235,water_per_shift_diff_前1天,0.0012600182472039653,22 - 24日龄
"[-12.32, 4.96)",761,0.6063745019920319,726,35,0.045992115637319315,-0.013155557505462045,0.00010557428335227188,1.319669025532516e-05,water_per_shift_diff_前1天,0.001110564557776139,22 - 24日龄
"[4.96, 6.10)",63,0.050199203187251,62,1,0.015873015873015872,1.0817768742042473,0.03700657203733007,0.004412689360735649,water_per_shift_diff_前1天,0.0010706245211091095,22 - 24日龄
"[6.10, 9.00)",139,0.11075697211155379,136,3,0.02158273381294964,0.768685086227098,0.046805971773603273,0.005710827301969897,water_per_shift_diff_前1天,0.00103961828200847,22 - 24日龄
"[9.00, 11.23)",80,0.06374501992031872,78,2,0.025,0.6182041352888019,0.018558979546935597,0.0022836225358451078,water_per_shift_diff_前1天,0.0009792530947494126,22 - 24日龄
"[11.23, inf)",137,0.10916334661354582,128,9,0.06569343065693431,-0.3905518242574466,0.01993766891253637,0.0024764893335087242,water_per_shift_diff_前1天,0.0010502294487456218,22 - 24日龄
Special,0,0.0,0,0,0.0,0.0,0.0,0.0,water_per_shift_diff_前1天,,22 - 24日龄
Missing,6,0.004780876494023904,6,0,0.0,0.0,0.0,0.0,water_per_shift_diff_前1天,0.0011167377837215833,22 - 24日龄
,1255,1.0,1198,57,0.04541832669322709,,0.18381497522870371,0.02234162770978194,water_per_shift_diff_前1天,,22 - 24日龄
"(-inf, -8.72)",79,0.06294820717131475,74,5,0.06329113924050633,-0.35073033007077514,0.009101340609867514,0.0011318721023036568,water_per_shift_diff_前2天,0.0011386578675143886,22 - 24日龄
"[-8.72, 3.20)",551,0.43904382470119524,528,23,0.041742286751361164,0.08824455693626732,0.0032849729627155177,0.00041048844084335713,water_per_shift_diff_前2天,0.0011085612489494,22 - 24日龄
"[3.20, 4.92)",120,0.09561752988047809,119,1,0.008333333333333333,1.7337659822706852,0.14180187755882284,0.015793078832505032,water_per_shift_diff_前2天,0.001039802190097175,22 - 24日龄
"[4.92, 14.87)",419,0.33386454183266934,397,22,0.05250596658711217,-0.1524636835119697,0.008321356477888755,0.0010391632740690184,water_per_shift_diff_前2天,0.001083079144806481,22 - 24日龄
"[14.87, inf)",63,0.050199203187251,57,6,0.09523809523809523,-0.7940657122343491,0.0458047746315658,0.005579758976460561,water_per_shift_diff_前2天,0.0011376449485225872,22 - 24日龄
Special,0,0.0,0,0,0.0,0.0,0.0,0.0,water_per_shift_diff_前2天,,22 - 24日龄
Missing,23,0.018326693227091632,23,0,0.0,0.0,0.0,0.0,water_per_shift_diff_前2天,0.0009534785376932,22 - 24日龄
,1255,1.0,1198,57,0.04541832669322709,,0.2083143222408604,0.023954361626181628,water_per_shift_diff_前2天,,22 - 24日龄
"(-inf, -5.22)",178,0.14183266932270916,166,12,0.06741573033707865,-0.4182763722723015,0.03010002186899349,0.003735312559610182,water_per_shift_diff_前3天,0.0011849060626113461,22 - 24日龄
"[-5.22, 1.55)",381,0.3035856573705179,361,20,0.05249343832020997,-0.15221182606195427,0.007540822534159149,0.0009416939263616579,water_per_shift_diff_前3天,0.0011274353241885876,22 - 24日龄
"[1.55, 3.24)",123,0.09800796812749003,119,4,0.032520325203252036,0.34747162115079444,0.01013115422943549,0.0012600616559766938,water_per_shift_diff_前3天,0.0009703884966050935,22 - 24日龄
"[3.24, 4.55)",91,0.07250996015936255,90,1,0.01098901098901099,1.4544521594894206,0.08374931744592454,0.009633673611269102,water_per_shift_diff_前3天,0.0010177390393392824,22 - 24日龄
"[4.55, inf)",437,0.34820717131474105,417,20,0.04576659038901602,-0.008003562596033742,2.238644020505642e-05,2.79829755690038e-06,water_per_shift_diff_前3天,0.0010990082869899915,22 - 24日龄
Special,0,0.0,0,0,0.0,0.0,0.0,0.0,water_per_shift_diff_前3天,,22 - 24日龄
Missing,45,0.035856573705179286,45,0,0.0,0.0,0.0,0.0,water_per_shift_diff_前3天,0.0008945441239244489,22 - 24日龄
,1255,1.0,1198,57,0.04541832669322709,,0.13154370251871772,0.015573540050774538,water_per_shift_diff_前3天,,22 - 24日龄
"(-inf, -15.02)",97,0.07729083665338646,86,11,0.1134020618556701,-0.9889054873857073,0.11985153345640558,0.01439935883093196,water_per_shift_diff_前5天,0.001333274605407431,22 - 24日龄
"[-15.02, -9.06)",236,0.18804780876494023,226,10,0.0423728813559322,0.07259239543739593,0.0009588838222260926,0.00011983416706590764,water_per_shift_diff_前5天,0.001065757668996357,22 - 24日龄
"[-9.06, -4.73)",191,0.15219123505976095,185,6,0.031413612565445025,0.3832388450094255,0.018840359703257488,0.0023407378825501517,water_per_shift_diff_前5天,0.0010822366134233964,22 - 24日龄
"[-4.73, -1.02)",188,0.149800796812749,183,5,0.026595744680851064,0.554690729566476,0.036074473977165455,0.004452374513028519,water_per_shift_diff_前5天,0.0010536760013892877,22 - 24日龄
"[-1.02, 0.43)",92,0.07330677290836653,91,1,0.010869565217391304,1.4655019956760054,0.08560887240066173,0.009835807739724044,water_per_shift_diff_前5天,0.0009914576004396674,22 - 24日龄
"[0.43, inf)",377,0.300398406374502,353,24,0.0636604774535809,-0.35694328425549315,0.04511579952565917,0.0056097261557107,water_per_shift_diff_前5天,0.0011408561781673277,22 - 24日龄
Special,0,0.0,0,0,0.0,0.0,0.0,0.0,water_per_shift_diff_前5天,,22 - 24日龄
Missing,74,0.05896414342629482,74,0,0.0,0.0,0.0,0.0,water_per_shift_diff_前5天,0.0008918604847561,22 - 24日龄
,1255,1.0,1198,57,0.04541832669322709,,0.30644992288537554,0.03675783928901128,water_per_shift_diff_前5天,,22 - 24日龄
"(-inf, -4.67)",160,0.12749003984063745,152,8,0.05,-0.10091853167440412,0.0013596498424340538,0.00016988414502192408,water_per_shift_diff_前7天,0.0011056689902258863,22 - 24日龄
"[-4.67, -3.07)",82,0.0653386454183267,81,1,0.012195121951219513,1.3490916438315947,0.06754743769235597,0.007856250950587566,water_per_shift_diff_前7天,0.0010075711468250743,22 - 24日龄
"[-3.07, 0.38)",244,0.1944223107569721,234,10,0.040983606557377046,0.10737851152281142,0.002135430668775118,0.00026680066881153326,water_per_shift_diff_前7天,0.0010736838550715333,22 - 24日龄
"[0.38, inf)",667,0.5314741035856574,632,35,0.05247376311844078,-0.15181617818340065,0.01313045643837924,0.0016397326567295853,water_per_shift_diff_前7天,0.0011175013688569772,22 - 24日龄
Special,0,0.0,0,0,0.0,0.0,0.0,0.0,water_per_shift_diff_前7天,,22 - 24日龄
Missing,102,0.08127490039840637,99,3,0.029411764705882353,0.45115005062563585,0.013537276363118767,0.001677953348846675,water_per_shift_diff_前7天,0.001039991531111209,22 - 24日龄
,1255,1.0,1198,57,0.04541832669322709,,0.09771025100506314,0.011610621769997283,water_per_shift_diff_前7天,,22 - 24日龄
"(-inf, -43.86)",90,0.06923076923076923,64,26,0.28888888888888886,-1.6170761921331063,0.34741411194331157,0.03923854511433125,water_per_diff,0.0028169389453360275,25 - 27日龄
"[-43.86, -28.88)",150,0.11538461538461539,131,19,0.12666666666666668,-0.5871043934365849,0.05106743102194117,0.0062933005850751185,water_per_diff,0.001354721378801218,25 - 27日龄
"[-28.88, -9.22)",427,0.32846153846153847,394,33,0.07728337236533958,-0.038019389639842416,0.0004825283531429749,6.03124116856789e-05,water_per_diff,0.0012304316965457583,25 - 27日龄
"[-9.22, -3.68)",127,0.09769230769230769,126,1,0.007874015748031496,2.318419169480182,0.21892571688049742,0.022521401640773535,water_per_diff,0.0009728431152893725,25 - 27日龄
"[-3.68, 17.30)",385,0.29615384615384616,373,12,0.03116883116883117,0.918809032384519,0.17121716678408253,0.020679724074788297,water_per_diff,0.0010692189909903254,25 - 27日龄
"[17.30, inf)",121,0.09307692307692307,115,6,0.049586776859504134,0.43530992166389915,0.014686780999312461,0.0018214884401115414,water_per_diff,0.0010412989889119794,25 - 27日龄
Special,0,0.0,0,0,0.0,0.0,0.0,0.0,water_per_diff,,25 - 27日龄
Missing,0,0.0,0,0,0.0,0.0,0.0,0.0,water_per_diff,,25 - 27日龄
,1300,1.0,1203,97,0.07461538461538461,,0.8037937359822882,0.09061477226676543,water_per_diff,,25 - 27日龄
"(-inf, -16.50)",144,0.11076923076923077,116,28,0.19444444444444445,-1.0964770565401354,0.21078038008336816,0.025102252300351895,water_per_shift_diff,0.002117568674447812,25 - 27日龄
"[-16.50, -8.14)",278,0.21384615384615385,251,27,0.09712230215827339,-0.2882466643438413,0.02009236674441735,0.002502887026816933,water_per_shift_diff,0.001231155880423082,25 - 27日龄
"[-8.14, -1.94)",327,0.25153846153846154,306,21,0.06422018348623854,0.1611999267576616,0.006104519426023482,0.0007622398102099977,water_per_shift_diff,0.0011955564897104315,25 - 27日龄
"[-1.94, 0.36)",105,0.08076923076923077,102,3,0.02857142857142857,1.0084977871448655,0.05431788734525782,0.006515881335509418,water_per_shift_diff,0.0011744553228267562,25 - 27日龄
"[0.36, 1.65)",77,0.05923076923076923,76,1,0.012987012987012988,1.812870602815035,0.09583942848005374,0.010569109824425549,water_per_shift_diff,0.0010157323225713066,25 - 27日龄
"[1.65, inf)",369,0.28384615384615386,352,17,0.04607046070460705,0.512555094070585,0.060145314575318756,0.007436933796288136,water_per_shift_diff,0.0010939219983973612,25 - 27日龄
Special,0,0.0,0,0,0.0,0.0,0.0,0.0,water_per_shift_diff,,25 - 27日龄
Missing,0,0.0,0,0,0.0,0.0,0.0,0.0,water_per_shift_diff,,25 - 27日龄
,1300,1.0,1203,97,0.07461538461538461,,0.44727989665443935,0.05288930409360193,water_per_shift_diff,,25 - 27日龄
"(-inf, -41.59)",65,0.05,46,19,0.2923076923076923,-1.6336603201486417,0.25752784352807206,0.02902980693420775,water_per_diff_前1天,0.003200323939337243,25 - 27日龄
"[-41.59, -26.37)",130,0.1,116,14,0.1076923076923077,-0.40332987598019,0.01932123305764165,0.0023989159185328103,water_per_diff_前1天,0.0012251854586030908,25 - 27日龄
"[-26.37, -9.05)",380,0.2923076923076923,351,29,0.07631578947368421,-0.024372343991904355,0.00017544428407674745,2.192999273477e-05,water_per_diff_前1天,0.0012355538975309024,25 - 27日龄
"[-9.05, 5.56)",356,0.27384615384615385,334,22,0.06179775280898876,0.2022358021470887,0.010280679558290942,0.0012828994508980208,water_per_diff_前1天,0.0011600019750165626,25 - 27日龄
"[5.56, 18.99)",251,0.1930769230769231,240,11,0.043824701195219126,0.5648809130723245,0.048635786252904226,0.00599991198997769,water_per_diff_前1天,0.0010908712756760083,25 - 27日龄
"[18.99, inf)",118,0.09076923076923077,116,2,0.01694915254237288,1.542580273075123,0.11693845365643057,0.013321143442770342,water_per_diff_前1天,0.0010148268738915188,25 - 27日龄
Special,0,0.0,0,0,0.0,0.0,0.0,0.0,water_per_diff_前1天,,25 - 27日龄
Missing,0,0.0,0,0,0.0,0.0,0.0,0.0,water_per_diff_前1天,,25 - 27日龄
,1300,1.0,1203,97,0.07461538461538461,,0.45287944033741623,0.05205460772912139,water_per_diff_前1天,,25 - 27日龄
"(-inf, -32.11)",67,0.05153846153846154,50,17,0.2537313432835821,-1.4390530760993663,0.1923941609912179,0.022167731240475476,water_per_diff_前2天,0.003016700461376709,25 - 27日龄
"[-32.11, -11.78)",349,0.2684615384615385,319,30,0.08595988538681948,-0.15386901634860672,0.006786845833408576,0.0008475198272095488,water_per_diff_前2天,0.0011848990422918604,25 - 27日龄
"[-11.78, 9.45)",553,0.42538461538461536,515,38,0.06871609403254973,0.08871800346605418,0.0032243536579473738,0.00040291207947934504,water_per_diff_前2天,0.0012089146345490669,25 - 27日龄
"[9.45, 15.00)",121,0.09307692307692307,114,7,0.05785123966942149,0.27242556186788613,0.006156312026168392,0.0007671681376565194,water_per_diff_前2天,0.0011498361807642727,25 - 27日龄
"[15.00, inf)",197,0.15153846153846154,193,4,0.02030456852791878,1.3585330903136992,0.16193054094294534,0.0188155641461615,water_per_diff_前2天,0.0010361823654878315,25 - 27日龄
Special,0,0.0,0,0,0.0,0.0,0.0,0.0,water_per_diff_前2天,,25 - 27日龄
Missing,13,0.01,12,1,0.07692307692307693,-0.03295608768329572,1.101445201128226e-05,1.3767441983490584e-06,water_per_diff_前2天,0.001222155208117423,25 - 27日龄
,1300,1.0,1203,97,0.07461538461538461,,0.3705032279036989,0.04300227217518073,water_per_diff_前2天,,25 - 27日龄
"(-inf, -27.02)",68,0.052307692307692305,52,16,0.23529411764705882,-1.33920774112965,0.16301262955159823,0.018978538860501753,water_per_diff_前3天,0.0026746857922889367,25 - 27日龄
"[-27.02, -19.80)",112,0.08615384615384615,106,6,0.05357142857142857,0.35381688741271633,0.009290304676732239,0.0011552683530492392,water_per_diff_前3天,0.0011952125894666436,25 - 27日龄
"[-19.80, -15.78)",76,0.05846153846153846,75,1,0.013157894736842105,1.799625376065014,0.09364325683614647,0.010344232576542534,water_per_diff_前3天,0.0009743176870434447,25 - 27日龄
"[-15.78, 3.39)",516,0.39692307692307693,482,34,0.06589147286821706,0.13372085196314298,0.006706039246285603,0.0008376309195019058,water_per_diff_前3天,0.0011855429140052581,25 - 27日龄
"[3.39, inf)",500,0.38461538461538464,466,34,0.068,0.09996237203818836,0.0036835591413580332,0.0004602532807144403,water_per_diff_前3天,0.0011907741083099289,25 - 27日龄
Special,0,0.0,0,0,0.0,0.0,0.0,0.0,water_per_diff_前3天,,25 - 27日龄
Missing,28,0.021538461538461538,22,6,0.21428571428571427,-1.2185797533410352,0.053091150697018814,0.006254038621256983,water_per_diff_前3天,0.0016573866165695678,25 - 27日龄
,1300,1.0,1203,97,0.07461538461538461,,0.32942694014913937,0.03802996261156685,water_per_diff_前3天,,25 - 27日龄
"(-inf, -17.78)",145,0.11153846153846154,132,13,0.0896551724137931,-0.2000101723464618,0.004859233690706393,0.0006063937887675628,water_per_diff_前5天,0.0015844233890725352,25 - 27日龄
"[-17.78, -13.47)",93,0.07153846153846154,91,2,0.021505376344086023,1.2998495884856087,0.07152508940420507,0.008360003508025557,water_per_diff_前5天,0.0010933009832856462,25 - 27日龄
"[-13.47, -10.31)",105,0.08076923076923077,99,6,0.05714285714285714,0.28549764343523876,0.005835170489523991,0.0007269291839990168,water_per_diff_前5天,0.0011575713632930428,25 - 27日龄
"[-10.31, -1.14)",326,0.25076923076923074,306,20,0.06134969325153374,0.20999009092709375,0.010117012376208281,0.001262308125872056,water_per_diff_前5天,0.001160758652030767,25 - 27日龄
"[-1.14, 10.48)",360,0.27692307692307694,335,25,0.06944444444444445,0.07739196948556959,0.0016049958107744314,0.0002005744228487892,water_per_diff_前5天,0.0012359618006284841,25 - 27日龄
"[10.48, inf)",226,0.17384615384615384,205,21,0.09292035398230089,-0.23937519605631108,0.011032211604929601,0.0013757434012268994,water_per_diff_前5天,0.0013080896203652363,25 - 27日龄
Special,0,0.0,0,0,0.0,0.0,0.0,0.0,water_per_diff_前5天,,25 - 27日龄
Missing,45,0.03461538461538462,35,10,0.2222222222222222,-1.265099768975928,0.09361593014977279,0.010979175259762337,water_per_diff_前5天,0.0015862091590924247,25 - 27日龄
,1300,1.0,1203,97,0.07461538461538461,,0.19858964352612057,0.023511127690502218,water_per_diff_前5天,,25 - 27日龄
"(-inf, -21.22)",134,0.10307692307692308,130,4,0.029850746268656716,0.9633773518643958,0.06437871463813456,0.007749903250802905,water_per_diff_前7天,0.0009830013516170671,25 - 27日龄
"[-21.22, -13.46)",208,0.16,196,12,0.057692307692307696,0.27534527197122083,0.010797576201594866,0.0013454494845123142,water_per_diff_前7天,0.0012318149814159777,25 - 27日龄
"[-13.46, -3.88)",378,0.2907692307692308,352,26,0.06878306878306878,0.087671900105319,0.002153273737493417,0.00026907304800226003,water_per_diff_前7天,0.0012801393313638895,25 - 27日龄
"[-3.88, 9.38)",386,0.2969230769230769,356,30,0.07772020725388601,-0.0441293882814211,0.0005891935705620345,7.364322087464537e-05,water_per_diff_前7天,0.0013092346519429359,25 - 27日龄
"[9.38, inf)",107,0.0823076923076923,92,15,0.14018691588785046,-0.7041243615244657,0.05503696344589258,0.006740933613870438,water_per_diff_前7天,0.0014911508508055618,25 - 27日龄
Special,0,0.0,0,0,0.0,0.0,0.0,0.0,water_per_diff_前7天,,25 - 27日龄
Missing,87,0.06692307692307692,77,10,0.11494252873563218,-0.47664240861165785,0.018630108797403143,0.002306966540869919,water_per_diff_前7天,0.0012249945972863231,25 - 27日龄
,1300,1.0,1203,97,0.07461538461538461,,0.15158583039108062,0.018485969158932483,water_per_diff_前7天,,25 - 27日龄
"(-inf, -16.52)",108,0.08307692307692308,88,20,0.18518518518518517,-1.0362581965470805,0.13785872297946608,0.016500470882830645,water_per_shift_diff_前1天,0.002247156986206499,25 - 27日龄
"[-16.52, -11.56)",120,0.09230769230769231,109,11,0.09166666666666666,-0.22441012804052285,0.005115483975523314,0.0006380971200616219,water_per_shift_diff_前1天,0.001381568845021229,25 - 27日龄
"[-11.56, -0.44)",542,0.4169230769230769,501,41,0.07564575645756458,-0.014828703090739026,9.225765863585554e-05,1.15321016713665e-05,water_per_shift_diff_前1天,0.0012060955635803832,25 - 27日龄
"[-0.44, 2.14)",146,0.1123076923076923,144,2,0.0136986301369863,1.7588033815447592,0.17426609333556578,0.01934879893284475,water_per_shift_diff_前1天,0.0010118292572566924,25 - 27日龄
"[2.14, 3.83)",77,0.05923076923076923,74,3,0.03896103896103896,0.6875900670647641,0.021029976170862733,0.0025781568403519207,water_per_shift_diff_前1天,0.0011467978174418453,25 - 27日龄
"[3.83, inf)",294,0.22615384615384615,275,19,0.06462585034013606,0.1544693810288349,0.005054066695530004,0.0006311309914587351,water_per_shift_diff_前1天,0.0011197995869911437,25 - 27日龄
Special,0,0.0,0,0,0.0,0.0,0.0,0.0,water_per_shift_diff_前1天,,25 - 27日龄
Missing,13,0.01,12,1,0.07692307692307693,-0.03295608768329572,1.101445201128226e-05,1.3767441983490584e-06,water_per_shift_diff_前1天,0.001222155208117423,25 - 27日龄
,1300,1.0,1203,97,0.07461538461538461,,0.343427615267595,0.03970956361341739,water_per_shift_diff_前1天,,25 - 27日龄
"(-inf, -11.55)",134,0.10307692307692308,116,18,0.13432835820895522,-0.6546443042610961,0.0583559147914057,0.00716696292458294,water_per_shift_diff_前2天,0.0018504156258083396,25 - 27日龄
"[-11.55, -2.91)",405,0.31153846153846154,369,36,0.08888888888888889,-0.19058503188687892,0.012273838724750798,0.0015319120785695726,water_per_shift_diff_前2天,0.0012774737924145158,25 - 27日龄
"[-2.91, 0.71)",203,0.15615384615384614,190,13,0.06403940886699508,0.16421197722765335,0.0039276004871188095,0.0004903991889667579,water_per_shift_diff_前2天,0.0011802293815097902,25 - 27日龄
"[0.71, 2.29)",105,0.08076923076923077,101,4,0.0380952380952381,0.7109634182500728,0.03037211644408406,0.003718523067892436,water_per_shift_diff_前2天,0.001112480405039362,25 - 27日龄
"[2.29, 4.63)",113,0.08692307692307692,112,1,0.008849557522123894,2.200636133823798,0.18219353411035744,0.01906559557869037,water_per_shift_diff_前2天,0.0010435528356956185,25 - 27日龄
"[4.63, inf)",312,0.24,293,19,0.060897435897435896,0.21787089237933088,0.010388407376735109,0.001295988699748337,water_per_shift_diff_前2天,0.0011450856689021458,25 - 27日龄
Special,0,0.0,0,0,0.0,0.0,0.0,0.0,water_per_shift_diff_前2天,,25 - 27日龄
Missing,28,0.021538461538461538,22,6,0.21428571428571427,-1.2185797533410352,0.053091150697018814,0.006254038621256983,water_per_shift_diff_前2天,0.0016573866165695678,25 - 27日龄
,1300,1.0,1203,97,0.07461538461538461,,0.3506025626314707,0.0395234201597074,water_per_shift_diff_前2天,,25 - 27日龄
"(-inf, -8.61)",222,0.17076923076923076,195,27,0.12162162162162163,-0.5407000449118784,0.06285949052861438,0.007763098387708528,water_per_shift_diff_前3天,0.0016265599787813397,25 - 27日龄
"[-8.61, -0.65)",394,0.3030769230769231,362,32,0.08121827411167512,-0.09195442844525159,0.0026650716593553947,0.00033301663813809293,water_per_shift_diff_前3天,0.0012608773868171522,25 - 27日龄
"[-0.65, 1.14)",111,0.08538461538461538,109,2,0.018018018018018018,1.4803379641979024,0.10360627772154038,0.011884342498536371,water_per_shift_diff_前3天,0.0010492581653191865,25 - 27日龄
"[1.14, inf)",535,0.4115384615384615,509,26,0.048598130841121495,0.45648874105774473,0.07078663966749699,0.008772295240281239,water_per_shift_diff_前3天,0.0011264174190708117,25 - 27日龄
Special,0,0.0,0,0,0.0,0.0,0.0,0.0,water_per_shift_diff_前3天,,25 - 27日龄
Missing,38,0.02923076923076923,28,10,0.2631578947368421,-1.4882433202901377,0.11878806664766213,0.01361399284704651,water_per_shift_diff_前3天,0.0017458323660028894,25 - 27日龄
,1300,1.0,1203,97,0.07461538461538461,,0.35870554622466927,0.04236674561171074,water_per_shift_diff_前3天,,25 - 27日龄
"(-inf, -8.72)",82,0.06307692307692307,68,14,0.17073170731707318,-0.937412361910448,0.08230906462481637,0.00992773292877992,water_per_shift_diff_前5天,0.0021262185731758866,25 - 27日龄
"[-8.72, -5.70)",91,0.07,84,7,0.07692307692307693,-0.03295608768329572,7.710116407897525e-05,9.637209388443382e-06,water_per_shift_diff_前5天,0.0012042379418533177,25 - 27日龄
"[-5.70, 5.89)",642,0.4938461538461538,599,43,0.06697819314641744,0.1161987449505908,0.006347111605137218,0.0007929428994561914,water_per_shift_diff_前5天,0.0012332916262266787,25 - 27日龄
"[5.89, 9.73)",216,0.16615384615384615,203,13,0.06018518518518518,0.23039388410895478,0.008000240107715965,0.0009978240781018007,water_per_shift_diff_前5天,0.0011697215302122806,25 - 27日龄
"[9.73, inf)",206,0.15846153846153846,196,10,0.04854368932038835,0.4576668287651757,0.02738368681765051,0.003393396512449947,water_per_shift_diff_前5天,0.0011111011877118558,25 - 27日龄
Special,0,0.0,0,0,0.0,0.0,0.0,0.0,water_per_shift_diff_前5天,,25 - 27日龄
Missing,63,0.04846153846153846,53,10,0.15873015873015872,-0.8501559169132198,0.050190024180229595,0.0060913917566677075,water_per_shift_diff_前5天,0.001366176447868919,25 - 27日龄
,1300,1.0,1203,97,0.07461538461538461,,0.17430722849962862,0.02121292538484401,water_per_shift_diff_前5天,,25 - 27日龄
"(-inf, -16.67)",65,0.05,56,9,0.13846153846153847,-0.6897356240723664,0.03188869485967569,0.003908906312833995,water_per_shift_diff_前7天,0.001458095429480643,25 - 27日龄
"[-16.67, -1.65)",569,0.4376923076923077,533,36,0.0632688927943761,0.17713974823843825,0.012740776126395455,0.0015905180567404552,water_per_shift_diff_前7天,0.0012100746137982136,25 - 27日龄
"[-1.65, 0.64)",119,0.09153846153846154,113,6,0.05042016806722689,0.41776561201298934,0.013400319525624253,0.0016629643544938252,water_per_shift_diff_前7天,0.0011246869357687613,25 - 27日龄
"[0.64, 2.44)",93,0.07153846153846154,92,1,0.010752688172043012,2.0039258395777444,0.13259215712762565,0.014260353013736609,water_per_shift_diff_前7天,0.0011397378262525128,25 - 27日龄
"[2.44, 7.80)",204,0.15692307692307692,185,19,0.09313725490196079,-0.24194589155941193,0.01018448911518309,0.0012699651068963525,water_per_shift_diff_前7天,0.001411598240900675,25 - 27日龄
"[7.80, inf)",144,0.11076923076923077,128,16,0.1111111111111111,-0.4384211957914603,0.025668591490751264,0.0031831213005541655,water_per_shift_diff_前7天,0.0014255534525753847,25 - 27日龄
Special,0,0.0,0,0,0.0,0.0,0.0,0.0,water_per_shift_diff_前7天,,25 - 27日龄
Missing,106,0.08153846153846153,96,10,0.09433962264150944,-0.25609963899750543,0.005965145716423889,0.000743612185117197,water_per_shift_diff_前7天,0.0011975174667627764,25 - 27日龄
,1300,1.0,1203,97,0.07461538461538461,,0.2324401739616793,0.0266194403303726,water_per_shift_diff_前7天,,25 - 27日龄
"(-inf, -69.70)",66,0.050190114068441066,10,56,0.8484848484848485,-2.772295424100122,0.4268113298124721,0.04095137047789801,water_per_diff,0.007430331088572736,28 - 30日龄
"[-69.70, -52.11)",110,0.08365019011406843,60,50,0.45454545454545453,-0.8672072695650636,0.07373509876290113,0.0089385139298848,water_per_diff,0.0034687549887255846,28 - 30日龄
"[-52.11, -33.33)",270,0.20532319391634982,176,94,0.34814814814814815,-0.42233961359087047,0.04010607589905292,0.004976329522996679,water_per_diff,0.0026479348099239792,28 - 30日龄
"[-33.33, -20.97)",283,0.21520912547528517,220,63,0.2226148409893993,0.2009639936018106,0.008264032663363358,0.0010312692752678394,water_per_diff,0.0020051875283984637,28 - 30日龄
"[-20.97, -3.21)",334,0.2539923954372624,279,55,0.16467065868263472,0.5743497702298765,0.07188407570042735,0.008864006270513002,water_per_diff,0.001723093880432319,28 - 30日龄
"[-3.21, inf)",252,0.19163498098859316,229,23,0.09126984126984126,1.2486989612660715,0.20936218229998654,0.024592427661618142,water_per_diff,0.0012895342623550662,28 - 30日龄
Special,0,0.0,0,0,0.0,0.0,0.0,0.0,water_per_diff,,28 - 30日龄
Missing,0,0.0,0,0,0.0,0.0,0.0,0.0,water_per_diff,,28 - 30日龄
,1315,1.0,974,341,0.25931558935361215,,0.8301627951382035,0.08935391713817847,water_per_diff,,28 - 30日龄
"(-inf, -25.07)",68,0.05171102661596958,37,31,0.45588235294117646,-0.8725981181999403,0.04617912385844373,0.00559595471896665,water_per_shift_diff,0.00398666983194729,28 - 30日龄
"[-25.07, -12.66)",259,0.19695817490494297,178,81,0.3127413127413127,-0.262194430739372,0.014364352525587912,0.0017904184991598855,water_per_shift_diff,0.002927751709599322,28 - 30日龄
"[-12.66, -7.76)",176,0.1338403041825095,124,52,0.29545454545454547,-0.1804909793354088,0.004545233403269041,0.0005673842312635324,water_per_shift_diff,0.0025325700111275048,28 - 30日龄
"[-7.76, 4.71)",479,0.36425855513307986,366,113,0.2359081419624217,0.12571668833000738,0.005580780205391893,0.0006971385004886418,water_per_shift_diff,0.002057747338209853,28 - 30日龄
"[4.71, 18.33)",262,0.19923954372623573,208,54,0.20610687022900764,0.299025206778025,0.016504573728238478,0.00205541959241534,water_per_shift_diff,0.0017998607299486013,28 - 30日龄
"[18.33, inf)",71,0.05399239543726236,61,10,0.14084507042253522,0.7587599448202471,0.025268848566111127,0.0030849528182880755,water_per_shift_diff,0.0017255395835717169,28 - 30日龄
Special,0,0.0,0,0,0.0,0.0,0.0,0.0,water_per_shift_diff,,28 - 30日龄
Missing,0,0.0,0,0,0.0,0.0,0.0,0.0,water_per_shift_diff,,28 - 30日龄
,1315,1.0,974,341,0.25931558935361215,,0.11244291228704217,0.013791268360582126,water_per_shift_diff,,28 - 30日龄
"(-inf, -58.25)",78,0.05931558935361217,24,54,0.6923076923076923,-1.860459042575347,0.24877521421732288,0.027268273792313436,water_per_diff_前1天,0.0060642271147131185,28 - 30日龄
"[-58.25, -43.80)",134,0.10190114068441064,74,60,0.44776119402985076,-0.8398082953769492,0.08396211847112002,0.010197326268666502,water_per_diff_前1天,0.0032835500402322395,28 - 30日龄
"[-43.80, -28.81)",236,0.17946768060836502,159,77,0.326271186440678,-0.32443004599247083,0.020297024471079575,0.00252605941172461,water_per_diff_前1天,0.002560027911055219,28 - 30日龄
"[-28.81, -11.79)",403,0.3064638783269962,309,94,0.23325062034739455,0.14051766826872303,0.00584393814483274,0.0007298918721863751,water_per_diff_前1天,0.0021108742464245093,28 - 30日龄
"[-11.79, 1.33)",248,0.18859315589353612,212,36,0.14516129032258066,0.7235385098568841,0.08109947083090585,0.009921938268919073,water_per_diff_前1天,0.0016228257919065129,28 - 30日龄
"[1.33, inf)",216,0.16425855513307985,196,20,0.09259259259259259,1.232853559317508,0.17578150130682166,0.02067899071555575,water_per_diff_前1天,0.0013172973840280483,28 - 30日龄
Special,0,0.0,0,0,0.0,0.0,0.0,0.0,water_per_diff_前1天,,28 - 30日龄
Missing,0,0.0,0,0,0.0,0.0,0.0,0.0,water_per_diff_前1天,,28 - 30日龄
,1315,1.0,974,341,0.25931558935361215,,0.6157592674420828,0.07132248032936575,water_per_diff_前1天,,28 - 30日龄
"(-inf, -52.87)",69,0.05247148288973384,25,44,0.6376811594202898,-1.6148426354090786,0.16691805872397614,0.018857414702480833,water_per_diff_前2天,0.005738998128589073,28 - 30日龄
"[-52.87, -43.29)",100,0.07604562737642585,47,53,0.53,-1.1696731382010819,0.12535457181218274,0.014833037424694613,water_per_diff_前2天,0.003716018749727294,28 - 30日龄
"[-43.29, -32.01)",138,0.10494296577946768,95,43,0.3115942028985507,-0.25685205045203996,0.00733666352327224,0.0009145702814020336,water_per_diff_前2天,0.002531241827214942,28 - 30日龄
"[-32.01, -9.02)",495,0.376425855513308,364,131,0.26464646464646463,-0.027572281923429198,0.00028806390876664144,3.600684804003955e-05,water_per_diff_前2天,0.002253731305588665,28 - 30日龄
"[-9.02, 5.63)",305,0.23193916349809887,254,51,0.16721311475409836,0.5559798079351925,0.06183616885090356,0.007631480602641197,water_per_diff_前2天,0.0017646053685777445,28 - 30日龄
"[5.63, inf)",206,0.15665399239543726,187,19,0.09223300970873786,1.2371408113291278,0.16858927499613904,0.019824859514939626,water_per_diff_前2天,0.0013704256533362805,28 - 30日龄
Special,0,0.0,0,0,0.0,0.0,0.0,0.0,water_per_diff_前2天,,28 - 30日龄
Missing,2,0.001520912547528517,2,0,0.0,0.0,0.0,0.0,water_per_diff_前2天,0.00091896186440675,28 - 30日龄
,1315,1.0,974,341,0.25931558935361215,,0.5303228018152404,0.062097369374198345,water_per_diff_前2天,,28 - 30日龄
"(-inf, -42.38)",113,0.08593155893536121,46,67,0.5929203539823009,-1.4255800492608894,0.21277211668170318,0.024550930703177463,water_per_diff_前3天,0.0047056720217228745,28 - 30日龄
"[-42.38, -28.88)",141,0.10722433460076046,89,52,0.36879432624113473,-0.5121361752083058,0.03130017469019553,0.003870316904043828,water_per_diff_前3天,0.002938638667698019,28 - 30日龄
"[-28.88, -11.03)",363,0.27604562737642585,258,105,0.2892561983471074,-0.15052959159492418,0.006477412499396811,0.0008089129862413301,water_per_diff_前3天,0.0025241460209018463,28 - 30日龄
"[-11.03, 5.63)",404,0.30722433460076043,323,81,0.2004950495049505,0.3336743421911994,0.03139392389557465,0.0039061362608626173,water_per_diff_前3天,0.001881973521374143,28 - 30日龄
"[5.63, 13.35)",130,0.09885931558935361,108,22,0.16923076923076924,0.5415599474068855,0.02511041685002451,0.0031009987997822844,water_per_diff_前3天,0.00166725970669383,28 - 30日龄
"[13.35, inf)",159,0.12091254752851711,146,13,0.08176100628930817,1.3691284378877813,0.15303318578689928,0.01776242370487624,water_per_diff_前3天,0.0013067459232202748,28 - 30日龄
Special,0,0.0,0,0,0.0,0.0,0.0,0.0,water_per_diff_前3天,,28 - 30日龄
Missing,5,0.0038022813688212928,4,1,0.2,0.33676553476087223,0.00039543846326103394,4.919754588265739e-05,water_per_diff_前3天,0.0015327395029749798,28 - 30日龄
,1315,1.0,974,341,0.25931558935361215,,0.460482668867055,0.05404891690486642,water_per_diff_前3天,,28 - 30日龄
"(-inf, -32.79)",77,0.05855513307984791,36,41,0.5324675324675324,-1.179581954607216,0.09822805765301472,0.011612763006047508,water_per_diff_前5天,0.004571894712336055,28 - 30日龄
"[-32.79, -17.63)",195,0.1482889733840304,140,55,0.28205128205128205,-0.11521958898218498,0.0020224674491805678,0.0002526686834087837,water_per_diff_前5天,0.002401702962893078,28 - 30日龄
"[-17.63, -12.70)",132,0.10038022813688213,96,36,0.2727272727272727,-0.06869957334729204,0.00048153036651621276,6.017946191004585e-05,water_per_diff_前5天,0.0021262939746494697,28 - 30日龄
"[-12.70, 9.48)",566,0.43041825095057035,430,136,0.24028268551236748,0.10160149659253781,0.0043334521630724095,0.0005414486528756753,water_per_diff_前5天,0.0022857654926054394,28 - 30日龄
"[9.48, 20.78)",215,0.1634980988593156,170,45,0.20930232558139536,0.27960712092092366,0.011903763811659944,0.0014831422720704077,water_per_diff_前5天,0.0019424394507027666,28 - 30日龄
"[20.78, inf)",102,0.07756653992395438,92,10,0.09803921568627451,1.1696746576959762,0.0761813069281656,0.00901443007126008,water_per_diff_前5天,0.0014264093673564766,28 - 30日龄
Special,0,0.0,0,0,0.0,0.0,0.0,0.0,water_per_diff_前5天,,28 - 30日龄
Missing,28,0.02129277566539924,10,18,0.6428571428571429,-1.6373154912611376,0.06961699003290775,0.00784418817781821,water_per_diff_前5天,0.0034625385194941216,28 - 30日龄
,1315,1.0,974,341,0.25931558935361215,,0.2627675684045172,0.03080882032539071,water_per_diff_前5天,,28 - 30日龄
"(-inf, -23.08)",86,0.06539923954372624,55,31,0.36046511627906974,-0.47618284561169355,0.01640017454085449,0.0020308703309213647,water_per_diff_前7天,0.003500549918339548,28 - 30日龄
"[-23.08, -5.28)",403,0.3064638783269962,304,99,0.2456575682382134,0.0723790249126135,0.0015773133202788515,0.00019712113928404065,water_per_diff_前7天,0.0022247230728739643,28 - 30日龄
"[-5.28, -1.12)",131,0.09961977186311786,114,17,0.1297709923664122,0.8534562779792612,0.05734351285741656,0.006958022106493452,water_per_diff_前7天,0.0015032309033942619,28 - 30日龄
"[-1.12, 1.52)",91,0.06920152091254753,73,18,0.1978021978021978,0.3505588568932081,0.00776934534131075,0.0009662256771095033,water_per_diff_前7天,0.0015969165793754297,28 - 30日龄
"[1.52, 17.30)",415,0.3155893536121673,317,98,0.236144578313253,0.12440546884769033,0.0047363628944313,0.000591663868638485,water_per_diff_前7天,0.002319868954494103,28 - 30日龄
"[17.30, inf)",133,0.10114068441064639,90,43,0.3233082706766917,-0.3109192717223156,0.010477122152854445,0.0013043904703546978,water_per_diff_前7天,0.0025715101891952983,28 - 30日龄
Special,0,0.0,0,0,0.0,0.0,0.0,0.0,water_per_diff_前7天,,28 - 30日龄
Missing,56,0.04258555133079848,21,35,0.625,-1.5603544501250088,0.1265115434957468,0.014382652213055035,water_per_diff_前7天,0.0037543132197942392,28 - 30日龄
,1315,1.0,974,341,0.25931558935361215,,0.2248153746028932,0.026430945805856577,water_per_diff_前7天,,28 - 30日龄
"(-inf, -23.59)",67,0.05095057034220532,40,27,0.40298507462686567,-0.6564862382494112,0.0250194283143582,0.0030724514226208727,water_per_shift_diff_前1天,0.0037751119711160533,28 - 30日龄
"[-23.59, -10.22)",329,0.25019011406844105,231,98,0.2978723404255319,-0.19207859450779674,0.009646898646283006,0.0012040120223811273,water_per_shift_diff_前1天,0.0025768897543275828,28 - 30日龄
"[-10.22, 0.86)",468,0.355893536121673,349,119,0.25427350427350426,0.026419602731879488,0.00024682816958523235,3.085262391209131e-05,water_per_shift_diff_前1天,0.0022344201140232197,28 - 30日龄
"[0.86, 5.31)",186,0.1414448669201521,141,45,0.24193548387096775,0.09256857424883003,0.0011847899014607902,0.00014804588327154517,water_per_shift_diff_前1天,0.002135030023280616,28 - 30日龄
"[5.31, 8.92)",79,0.06007604562737642,69,10,0.12658227848101267,0.8819925852441952,0.0366171357281465,0.004434323732673539,water_per_shift_diff_前1天,0.0016818433175236698,28 - 30日龄
"[8.92, inf)",184,0.1399239543726236,142,42,0.22826086956521738,0.1686286129588741,0.0038149523920254455,0.00047630484851307955,water_per_shift_diff_前1天,0.0020467086155159272,28 - 30日龄
Special,0,0.0,0,0,0.0,0.0,0.0,0.0,water_per_shift_diff_前1天,,28 - 30日龄
Missing,2,0.001520912547528517,2,0,0.0,0.0,0.0,0.0,water_per_shift_diff_前1天,0.00091896186440675,28 - 30日龄
,1315,1.0,974,341,0.25931558935361215,,0.07653003315185916,0.009365990533372254,water_per_shift_diff_前1天,,28 - 30日龄
"(-inf, -4.33)",714,0.5429657794676807,522,192,0.2689075630252101,-0.04935661050416118,0.0013383322219359553,0.0001672745491971715,water_per_shift_diff_前2天,0.002546102898203547,28 - 30日龄
"[-4.33, -2.64)",71,0.05399239543726236,42,29,0.4084507042253521,-0.6791550380621242,0.02847210689052314,0.0034921528665300145,water_per_shift_diff_前2天,0.00270572795355768,28 - 30日龄
"[-2.64, 1.73)",199,0.15133079847908745,145,54,0.271356783919598,-0.06177913050271833,0.0005861069333885262,7.325171800347816e-05,water_per_shift_diff_前2天,0.002045097700346588,28 - 30日龄
"[1.73, 5.03)",118,0.08973384030418251,93,25,0.211864406779661,0.2641948419260369,0.005856872891969532,0.0007299873303416434,water_per_shift_diff_前2天,0.001883996323417352,28 - 30日龄
"[5.03, inf)",208,0.15817490494296577,168,40,0.19230769230769232,0.38555569893030417,0.02127594540153858,0.00264314205363232,water_per_shift_diff_前2天,0.0019609495189072345,28 - 30日龄
Special,0,0.0,0,0,0.0,0.0,0.0,0.0,water_per_shift_diff_前2天,,28 - 30日龄
Missing,5,0.0038022813688212928,4,1,0.2,0.33676553476087223,0.00039543846326103394,4.919754588265739e-05,water_per_shift_diff_前2天,0.0015327395029749798,28 - 30日龄
,1315,1.0,974,341,0.25931558935361215,,0.05792480280261677,0.007155006063587285,water_per_shift_diff_前2天,,28 - 30日龄
"(-inf, -20.55)",75,0.057034220532319393,39,36,0.48,-0.9694861186854817,0.06353118130992165,0.007644309683732295,water_per_shift_diff_前3天,0.004074748891255695,28 - 30日龄
"[-20.55, -16.50)",72,0.05475285171102662,40,32,0.4444444444444444,-0.8263852750448086,0.0436115576875159,0.005301435828815251,water_per_shift_diff_前3天,0.0039017739677791735,28 - 30日龄
"[-16.50, -11.54)",150,0.11406844106463879,109,41,0.2733333333333333,-0.0717530108341824,0.0005973404558296197,7.465154337128526e-05,water_per_shift_diff_前3天,0.002274310546286868,28 - 30日龄
"[-11.54, -1.85)",454,0.3452471482889734,333,121,0.2665198237885463,-0.037176881975315546,0.00048142547699372306,6.017471930092706e-05,water_per_shift_diff_前3天,0.0023040245389181527,28 - 30日龄
"[-1.85, 6.33)",359,0.27300380228136883,281,78,0.21727019498607242,0.2321170162851358,0.01387178264267933,0.0017300906397750317,water_per_shift_diff_前3天,0.002016960231881503,28 - 30日龄
"[6.33, inf)",192,0.14600760456273765,166,26,0.13541666666666666,0.804362423976043,0.07575877611692441,0.00922253897594959,water_per_shift_diff_前3天,0.0016523151010527364,28 - 30日龄
Special,0,0.0,0,0,0.0,0.0,0.0,0.0,water_per_shift_diff_前3天,,28 - 30日龄
Missing,13,0.00988593155893536,6,7,0.5384615384615384,-1.2036795061862766,0.017294099982299044,0.0020400372715208563,water_per_shift_diff_前3天,0.0030623478627686074,28 - 30日龄
,1315,1.0,974,341,0.25931558935361215,,0.21514616367216366,0.026073238662465237,water_per_shift_diff_前3天,,28 - 30日龄
"(-inf, -14.45)",86,0.06539923954372624,48,38,0.4418604651162791,-0.8159139751775133,0.050713652030700204,0.006169020620731096,water_per_shift_diff_前5天,0.0034956956961420945,28 - 30日龄
"[-14.45, -2.42)",469,0.35665399239543727,325,144,0.3070362473347548,-0.23551694360528164,0.020869586273151938,0.0026026857943671246,water_per_shift_diff_前5天,0.0025891440029979936,28 - 30日龄
"[-2.42, -0.78)",86,0.06539923954372624,65,21,0.2441860465116279,0.08033600581319589,0.00041385376368085824,5.171781369775561e-05,water_per_shift_diff_前5天,0.002173606789419057,28 - 30日龄
"[-0.78, 4.91)",325,0.24714828897338403,261,64,0.19692307692307692,0.3561084976040032,0.028589765241169966,0.0035549564470719816,water_per_shift_diff_前5天,0.0019363457641178004,28 - 30日龄
"[4.91, 10.01)",174,0.132319391634981,151,23,0.13218390804597702,0.8322567945267563,0.0728908148397599,0.008857176050059139,water_per_shift_diff_前5天,0.0018804375560080207,28 - 30日龄
"[10.01, inf)",129,0.09809885931558936,107,22,0.17054263565891473,0.5322575547445718,0.0241326287489342,0.0029814674887560094,water_per_shift_diff_前5天,0.0017351177926557008,28 - 30日龄
Special,0,0.0,0,0,0.0,0.0,0.0,0.0,water_per_shift_diff_前5天,,28 - 30日龄
Missing,46,0.0349809885931559,17,29,0.6304347826086957,-1.5836113122892765,0.10703658869487004,0.012136246453202625,water_per_shift_diff_前5天,0.0037531327282422132,28 - 30日龄
,1315,1.0,974,341,0.25931558935361215,,0.3046468895922671,0.036353270667885726,water_per_shift_diff_前5天,,28 - 30日龄
"(-inf, -9.05)",139,0.10570342205323194,76,63,0.45323741007194246,-0.8619302124642199,0.09198690381293918,0.011155146628289841,water_per_shift_diff_前7天,0.003813105192158429,28 - 30日龄
"[-9.05, -5.65)",130,0.09885931558935361,83,47,0.36153846153846153,-0.48083582027247884,0.025298843115313597,0.0031322388290056895,water_per_shift_diff_前7天,0.0028132530553744684,28 - 30日龄
"[-5.65, 7.76)",714,0.5429657794676807,556,158,0.22128851540616246,0.20864443486459727,0.02242902232955851,0.0027985534624203057,water_per_shift_diff_前7天,0.0020642087033384405,28 - 30日龄
"[7.76, 9.36)",71,0.05399239543726236,66,5,0.07042253521126761,1.5306880032333068,0.08127807940476615,0.009271265496731594,water_per_shift_diff_前7天,0.0015697407709179703,28 - 30日龄
"[9.36, inf)",195,0.1482889733840304,163,32,0.1641025641025641,0.5784854716480174,0.042524170335726995,0.005242622346761892,water_per_shift_diff_前7天,0.0017854151767091422,28 - 30日龄
Special,0,0.0,0,0,0.0,0.0,0.0,0.0,water_per_shift_diff_前7天,,28 - 30日龄
Missing,66,0.050190114068441066,30,36,0.5454545454545454,-1.2318503831529728,0.0921067172141995,0.010836488629742198,water_per_shift_diff_前7天,0.003419004132029065,28 - 30日龄
,1315,1.0,974,341,0.25931558935361215,,0.3556237362125039,0.04243631539295152,water_per_shift_diff_前7天,,28 - 30日龄
"(-inf, -79.82)",249,0.18949771689497716,12,237,0.9518072289156626,-2.946619748014674,0.9890489436813049,0.09227223245634254,water_per_diff,0.01044799707236021,31 - 33日龄
"[-79.82, -64.87)",86,0.0654490106544901,18,68,0.7906976744186046,-1.2926022039474852,0.09531295564408548,0.011148326520895514,water_per_diff,0.005160613512971504,31 - 33日龄
"[-64.87, -30.16)",421,0.3203957382039574,187,234,0.5558194774346793,-0.18767875517065868,0.011233193612571373,0.0014020920412075744,water_per_diff,0.0036915935688193336,31 - 33日龄
"[-30.16, -6.52)",343,0.2610350076103501,245,98,0.2857142857142857,0.9528244752066112,0.2223488963764724,0.02678775403250888,water_per_diff,0.0022315073174381714,31 - 33日龄
"[-6.52, 9.29)",148,0.1126331811263318,122,26,0.17567567567567569,1.5824582500442306,0.23781706492130625,0.026968251648174908,water_per_diff,0.0018348858479380191,31 - 33日龄
"[9.29, inf)",67,0.05098934550989345,61,6,0.08955223880597014,2.3556481382777124,0.2016553378983799,0.02063105278364259,water_per_diff,0.0014242430005234673,31 - 33日龄
Special,0,0.0,0,0,0.0,0.0,0.0,0.0,water_per_diff,,31 - 33日龄
Missing,0,0.0,0,0,0.0,0.0,0.0,0.0,water_per_diff,,31 - 33日龄
,1314,1.0,645,669,0.5091324200913242,,1.7574163921341204,0.17920970948277198,water_per_diff,,31 - 33日龄
"(-inf, -38.90)",86,0.0654490106544901,8,78,0.9069767441860465,-2.240733541677299,0.23345940039333973,0.024289948032357345,water_per_shift_diff,0.009040736937480512,31 - 33日龄
"[-38.90, -31.53)",68,0.0517503805175038,18,50,0.7352941176470589,-0.9851175041995256,0.046134470110112305,0.005544381952372982,water_per_shift_diff,0.00794475840607445,31 - 33日龄
"[-31.53, -15.77)",310,0.2359208523592085,115,195,0.6290322580645161,-0.4915336868680408,0.05563436174930791,0.006885122015556147,water_per_shift_diff,0.00504120168844412,31 - 33日龄
"[-15.77, -6.89)",245,0.18645357686453576,120,125,0.5102040816326531,-0.004288251187799096,3.4285736197510317e-06,4.28571374071527e-07,water_per_shift_diff,0.003855293750522322,31 - 33日龄
"[-6.89, -1.42)",146,0.1111111111111111,81,65,0.4452054794520548,0.25659562810925773,0.00729282113331697,0.0009091099658840923,water_per_shift_diff,0.0033667196199014568,31 - 33日龄
"[-1.42, inf)",459,0.3493150684931507,303,156,0.33986928104575165,0.700410541592288,0.16570563715259823,0.02029993378331335,water_per_shift_diff,0.00308346801084908,31 - 33日龄
Special,0,0.0,0,0,0.0,0.0,0.0,0.0,water_per_shift_diff,,31 - 33日龄
Missing,0,0.0,0,0,0.0,0.0,0.0,0.0,water_per_shift_diff,,31 - 33日龄
,1314,1.0,645,669,0.5091324200913242,,0.5082301191122949,0.057928924320857986,water_per_shift_diff,,31 - 33日龄
"(-inf, -87.55)",105,0.07990867579908675,2,103,0.9809523809523809,-3.905048064337235,0.5891169600448684,0.04681327616147857,water_per_diff_前1天,0.014240174890435584,31 - 33日龄
"[-87.55, -67.05)",99,0.07534246575342465,9,90,0.9090909090909091,-2.266051349661589,0.2732306361955084,0.02832383678362591,water_per_diff_前1天,0.007744177985128793,31 - 33日龄
"[-67.05, -29.04)",459,0.3493150684931507,176,283,0.616557734204793,-0.43842915927262943,0.06583067092718038,0.008163554694531311,water_per_diff_前1天,0.00421256183706589,31 - 33日龄
"[-29.04, -7.82)",360,0.273972602739726,226,134,0.37222222222222223,0.5592289426538304,0.08393391326179925,0.010357126977088411,water_per_diff_前1天,0.00281282477146697,31 - 33日龄
"[-7.82, 6.77)",186,0.1415525114155251,141,45,0.24193548387096775,1.1786311439403043,0.17837412828096466,0.02108965162152123,water_per_diff_前1天,0.0019106944009766914,31 - 33日龄
"[6.77, inf)",105,0.07990867579908675,91,14,0.13333333333333333,1.9083359202340473,0.22930281022981225,0.024977823126271264,water_per_diff_前1天,0.001604336937817799,31 - 33日龄
Special,0,0.0,0,0,0.0,0.0,0.0,0.0,water_per_diff_前1天,,31 - 33日龄
Missing,0,0.0,0,0,0.0,0.0,0.0,0.0,water_per_diff_前1天,,31 - 33日龄
,1314,1.0,645,669,0.5091324200913242,,1.4197891189401335,0.13972526936451668,water_per_diff_前1天,,31 - 33日龄
"(-inf, -63.43)",131,0.09969558599695585,9,122,0.9312977099236641,-2.5702627240645817,0.4328534359857917,0.04286850601168477,water_per_diff_前2天,0.0121688943725415,31 - 33日龄
"[-63.43, -41.35)",215,0.16362252663622526,68,147,0.6837209302325581,-0.7343911382701733,0.08394427437202298,0.010263414418692801,water_per_diff_前2天,0.005461792392585302,31 - 33日龄
"[-41.35, -30.15)",207,0.15753424657534246,83,124,0.5990338164251208,-0.3649072144759828,0.0206789634316664,0.002570623807099345,water_per_diff_前2天,0.004283062328446705,31 - 33日龄
"[-30.15, -13.74)",337,0.256468797564688,176,161,0.47774480712166173,0.1256133733861447,0.004046071949789745,0.0005054267462753746,water_per_diff_前2天,0.0034059583092019784,31 - 33日龄
"[-13.74, 0.41)",252,0.1917808219178082,170,82,0.3253968253968254,0.7656129331184648,0.10794751127084833,0.013173247818260733,water_per_diff_前2天,0.0023925763475445335,31 - 33日龄
"[0.41, inf)",170,0.1293759512937595,139,31,0.18235294117647058,1.5370204719780016,0.2600116948181509,0.029638027054724153,water_per_diff_前2天,0.0018569575914289826,31 - 33日龄
Special,0,0.0,0,0,0.0,0.0,0.0,0.0,water_per_diff_前2天,,31 - 33日龄
Missing,2,0.0015220700152207,0,2,0.0,0.0,0.0,0.0,water_per_diff_前2天,0.0052474562474562,31 - 33日龄
,1314,1.0,645,669,0.5091324200913242,,0.90948195182827,0.09901924585673719,water_per_diff_前2天,,31 - 33日龄
"(-inf, -66.98)",68,0.0517503805175038,11,57,0.8382352941176471,-1.608622251703724,0.10962363340772342,0.012393620311218446,water_per_diff_前3天,0.010678282563570148,31 - 33日龄
"[-66.98, -42.96)",196,0.1491628614916286,51,145,0.7397959183673469,-1.0083743663637925,0.1388245503718554,0.016653319896390278,water_per_diff_前3天,0.007209806183654746,31 - 33日龄
"[-42.96, -22.15)",396,0.3013698630136986,170,226,0.5707070707070707,-0.24820281888956797,0.018429492861546815,0.0022977915210131254,water_per_diff_前3天,0.0043048386721791995,31 - 33日龄
"[-22.15, -2.76)",403,0.3066971080669711,230,173,0.4292803970223325,0.3213214577578726,0.031487648674503516,0.003919110617440401,water_per_diff_前3天,0.0033278739788326042,31 - 33日龄
"[-2.76, 10.12)",145,0.11035007610350075,101,44,0.30344827586206896,0.8674646262554543,0.0787825662236243,0.009550221381655764,water_per_diff_前3天,0.002306517608327375,31 - 33日龄
"[10.12, inf)",104,0.0791476407914764,82,22,0.21153846153846154,1.3522105372383932,0.12744162438073944,0.014817670993793974,water_per_diff_前3天,0.0019412000225325838,31 - 33日龄
Special,0,0.0,0,0,0.0,0.0,0.0,0.0,water_per_diff_前3天,,31 - 33日龄
Missing,2,0.0015220700152207,0,2,0.0,0.0,0.0,0.0,water_per_diff_前3天,0.0052474562474562,31 - 33日龄
,1314,1.0,645,669,0.5091324200913242,,0.5045895159199929,0.05963173472151199,water_per_diff_前3天,,31 - 33日龄
"(-inf, -52.87)",67,0.05098934550989345,16,51,0.7611940298507462,-1.1227031671520886,0.05773723591214932,0.006860500375460939,water_per_diff_前5天,0.0067935801133069285,31 - 33日龄
"[-52.87, -43.29)",90,0.0684931506849315,27,63,0.7,-0.8107641170547475,0.04241102107776216,0.00516078809942605,water_per_diff_前5天,0.007494940205223034,31 - 33日龄
"[-43.29, -24.69)",254,0.1933028919330289,103,151,0.594488188976378,-0.3460171052528326,0.02284408128397746,0.002841349725529206,water_per_diff_前5天,0.005351144572549272,31 - 33日龄
"[-24.69, -8.88)",366,0.2785388127853881,178,188,0.5136612021857924,-0.01812466920540813,9.14833652666336e-05,1.1435264136863818e-05,water_per_diff_前5天,0.00441846593151578,31 - 33日龄
"[-8.88, 13.80)",424,0.3226788432267884,247,177,0.41745283018867924,0.3697723473866042,0.04377059816181263,0.005440365369006574,water_per_diff_前5天,0.003203014395227096,31 - 33日龄
"[13.80, inf)",108,0.0821917808219178,74,34,0.3148148148148148,0.8142383119204644,0.05203516920897493,0.006330469113308654,water_per_diff_前5天,0.0023011315713592742,31 - 33日龄
Special,0,0.0,0,0,0.0,0.0,0.0,0.0,water_per_diff_前5天,,31 - 33日龄
Missing,5,0.00380517503805175,0,5,0.0,0.0,0.0,0.0,water_per_diff_前5天,0.00385105406207098,31 - 33日龄
,1314,1.0,645,669,0.5091324200913242,,0.21888958900994313,0.026644907946868288,water_per_diff_前5天,,31 - 33日龄
"(-inf, -35.02)",108,0.0821917808219178,29,79,0.7314814814814815,-0.9656182791480915,0.0706112772279322,0.008498726334894915,water_per_diff_前7天,0.006755536708185162,31 - 33日龄
"[-35.02, -25.89)",98,0.0745814307458143,41,57,0.5816326530612245,-0.29294545779778625,0.006338139289232182,0.0007894465926386821,water_per_diff_前7天,0.0054220085440382215,31 - 33日龄
"[-25.89, 10.00)",816,0.6210045662100456,411,405,0.4963235294117647,0.051239890722151335,0.0016308702313484844,0.0002038364803205895,water_per_diff_前7天,0.004320342115001747,31 - 33日龄
"[10.00, 13.32)",66,0.0502283105022831,46,20,0.30303030303030304,0.86944286626756,0.036014465166490234,0.004365165617654073,water_per_diff_前7天,0.0029367354734449076,31 - 33日龄
"[13.32, 23.71)",144,0.1095890410958904,83,61,0.4236111111111111,0.3445004869557427,0.012919217343756917,0.0016069635257066738,water_per_diff_前7天,0.003291416152725726,31 - 33日龄
"[23.71, inf)",67,0.05098934550989345,33,34,0.5074626865671642,0.006680780182774796,2.2759288695795e-06,2.8449057963305486e-07,water_per_diff_前7天,0.002871664262007487,31 - 33日龄
Special,0,0.0,0,0,0.0,0.0,0.0,0.0,water_per_diff_前7天,,31 - 33日龄
Missing,15,0.01141552511415525,2,13,0.8666666666666667,-1.8352684335691358,0.02997215942193415,0.0032958974941279546,water_per_diff_前7天,0.005691692105455607,31 - 33日龄
,1314,1.0,645,669,0.5091324200913242,,0.15748840460956376,0.018760320535922522,water_per_diff_前7天,,31 - 33日龄
"(-inf, -31.46)",88,0.0669710806697108,11,77,0.875,-1.9093764057228575,0.18720079308585347,0.02038889087923089,water_per_shift_diff_前1天,0.011276409905056241,31 - 33日龄
"[-31.46, -14.53)",305,0.23211567732115676,110,195,0.639344262295082,-0.5359854494388745,0.06482057143942174,0.008006955564815184,water_per_shift_diff_前1天,0.005789537186290137,31 - 33日龄
"[-14.53, -6.73)",215,0.16362252663622526,96,119,0.5534883720930233,-0.17824155831123706,0.005176174012347745,0.0006461666133036927,water_per_shift_diff_前1天,0.004165435662595734,31 - 33日龄
"[-6.73, -0.50)",200,0.15220700152207,112,88,0.44,0.2776958001493443,0.01169204828939011,0.0014568280693077282,water_per_shift_diff_前1天,0.0031961376457687696,31 - 33日龄
"[-0.50, 1.18)",68,0.0517503805175038,50,18,0.2647058823529412,1.0581849908644374,0.05355849920737722,0.006398959390789778,water_per_shift_diff_前1天,0.0022311405378832292,31 - 33日龄
"[1.18, inf)",436,0.3318112633181126,266,170,0.38990825688073394,0.4842316150638935,0.07665022707807367,0.009488753068577611,water_per_shift_diff_前1天,0.0029283893185117513,31 - 33日龄
Special,0,0.0,0,0,0.0,0.0,0.0,0.0,water_per_shift_diff_前1天,,31 - 33日龄
Missing,2,0.0015220700152207,0,2,0.0,0.0,0.0,0.0,water_per_shift_diff_前1天,0.0052474562474562,31 - 33日龄
,1314,1.0,645,669,0.5091324200913242,,0.39909831311246396,0.046386553586024885,water_per_shift_diff_前1天,,31 - 33日龄
"(-inf, -28.05)",68,0.0517503805175038,17,51,0.75,-1.062078545335654,0.05297286115505948,0.006326946723973239,water_per_shift_diff_前2天,0.01179256240067446,31 - 33日龄
"[-28.05, -20.94)",89,0.06773211567732115,29,60,0.6741573033707865,-0.6905149889031704,0.03088318506353875,0.003785486141838013,water_per_shift_diff_前2天,0.00655948395583943,31 - 33日龄
"[-20.94, -7.76)",334,0.2541856925418569,128,206,0.6167664670658682,-0.4393121615375076,0.048092670737787044,0.005963703616324902,water_per_shift_diff_前2天,0.005014302183521327,31 - 33日龄
"[-7.76, 0.06)",280,0.213089802130898,148,132,0.4714285714285714,0.1509440945102002,0.0048525427956698005,0.0006059926665544658,water_per_shift_diff_前2天,0.003412752283379587,31 - 33日龄
"[0.06, 9.16)",296,0.2252663622526636,165,131,0.44256756756756754,0.2672818940318853,0.016036727816561822,0.001998645243087859,water_per_shift_diff_前2天,0.003472385273685393,31 - 33日龄
"[9.16, inf)",245,0.18645357686453576,158,87,0.3551020408163265,0.6332206577048393,0.0727674366545228,0.008946946465570097,water_per_shift_diff_前2天,0.0027655611614432842,31 - 33日龄
Special,0,0.0,0,0,0.0,0.0,0.0,0.0,water_per_shift_diff_前2天,,31 - 33日龄
Missing,2,0.0015220700152207,0,2,0.0,0.0,0.0,0.0,water_per_shift_diff_前2天,0.0052474562474562,31 - 33日龄
,1314,1.0,645,669,0.5091324200913242,,0.22560542422313973,0.027627720857348576,water_per_shift_diff_前2天,,31 - 33日龄
"(-inf, -21.06)",126,0.0958904109589041,40,86,0.6825396825396826,-0.7289340988071155,0.048499317451135636,0.005931663991554079,water_per_shift_diff_前3天,0.007360644895888606,31 - 33日龄
"[-21.06, -11.22)",239,0.18188736681887366,105,134,0.5606694560669456,-0.207345706460932,0.007777175835900355,0.0009704092652362915,water_per_shift_diff_前3天,0.0050995770946511325,31 - 33日龄
"[-11.22, 0.75)",463,0.3523592085235921,225,238,0.5140388768898488,-0.01963652813459852,0.00013583860321844844,1.6979552603194406e-05,water_per_shift_diff_前3天,0.004252091332124426,31 - 33日龄
"[0.75, 5.04)",161,0.12252663622526636,83,78,0.484472049689441,0.09866552443946204,0.0011928900962924528,0.00014905080891514403,water_per_shift_diff_前3天,0.0035508933726089474,31 - 33日龄
"[5.04, 11.33)",158,0.1202435312024353,88,70,0.4430379746835443,0.2653753157613035,0.008439021756124737,0.0010517932125602364,water_per_shift_diff_前3天,0.0030597291279176437,31 - 33日龄
"[11.33, inf)",164,0.1248097412480974,104,60,0.36585365853658536,0.586580080251728,0.0419722750787415,0.005172588040277655,water_per_shift_diff_前3天,0.0033458825338580057,31 - 33日龄
Special,0,0.0,0,0,0.0,0.0,0.0,0.0,water_per_shift_diff_前3天,,31 - 33日龄
Missing,3,0.00228310502283105,0,3,0.0,0.0,0.0,0.0,water_per_shift_diff_前3天,0.0043683606621459335,31 - 33日龄
,1314,1.0,645,669,0.5091324200913242,,0.10801651882141314,0.0132924848711466,water_per_shift_diff_前3天,,31 - 33日龄
"(-inf, -21.84)",89,0.06773211567732115,32,57,0.6404494382022472,-0.5407816217023675,0.01924608837553043,0.0023768684149519537,water_per_shift_diff_前5天,0.0056772731291560964,31 - 33日龄
"[-21.84, -18.16)",71,0.05403348554033485,16,55,0.7746478873239436,-1.1982107196602332,0.06878455113313556,0.008118023835805564,water_per_shift_diff_前5天,0.0054696988794270774,31 - 33日龄
"[-18.16, -11.22)",213,0.16210045662100456,102,111,0.5211267605633803,-0.04802364469560681,0.0003736118358840649,4.6696992242847065e-05,water_per_shift_diff_前5天,0.004800946919178754,31 - 33日龄
"[-11.22, -1.54)",454,0.3455098934550989,236,218,0.4801762114537445,0.11587048556897687,0.004638525087121844,0.0005794914956829787,water_per_shift_diff_前5天,0.00443953132854279,31 - 33日龄
"[-1.54, 5.82)",295,0.22450532724505326,157,138,0.46779661016949153,0.16552586352355958,0.006146443056831302,0.0007674294713351324,water_per_shift_diff_前5天,0.0037036740651090246,31 - 33日龄
"[5.82, inf)",184,0.1400304414003044,101,83,0.45108695652173914,0.23281365237711762,0.0075718862990242705,0.0009443539966160451,water_per_shift_diff_前5天,0.003695419037182522,31 - 33日龄
Special,0,0.0,0,0,0.0,0.0,0.0,0.0,water_per_shift_diff_前5天,,31 - 33日龄
Missing,8,0.0060882800608828,1,7,0.875,-1.9093764057228575,0.017018253916895768,0.0018535355344755356,water_per_shift_diff_前5天,0.0034504405113638123,31 - 33日龄
,1314,1.0,645,669,0.5091324200913242,,0.12377935970442325,0.014686399741110058,water_per_shift_diff_前5天,,31 - 33日龄
"(-inf, -14.06)",147,0.11187214611872145,45,102,0.6938775510204082,-0.7817765801814953,0.06465208343768128,0.007881800038048354,water_per_shift_diff_前7天,0.007468794934700004,31 - 33日龄
"[-14.06, -0.84)",577,0.439117199391172,274,303,0.5251299826689775,-0.06407095578884278,0.0018009446536259664,0.00022507958421341592,water_per_shift_diff_前7天,0.004477875221036851,31 - 33日龄
"[-0.84, 2.54)",204,0.1552511415525114,108,96,0.47058823529411764,0.15431677898883953,0.003694976791723594,0.00046141435773774594,water_per_shift_diff_前7天,0.003429484380896848,31 - 33日龄
"[2.54, 4.22)",68,0.0517503805175038,44,24,0.35294117647058826,0.6426695469027714,0.020785613600248155,0.0025543918003900073,water_per_shift_diff_前7天,0.0028731731388080602,31 - 33日龄
"[4.22, 11.04)",209,0.15905631659056316,124,85,0.40669856459330145,0.4141640524471763,0.027000495844524443,0.003351144872771921,water_per_shift_diff_前7天,0.0033989996165020827,31 - 33日龄
"[11.04, inf)",90,0.0684931506849315,47,43,0.4777777777777778,0.12548122934895198,0.001078282750897243,0.00013469698559244502,water_per_shift_diff_前7天,0.0037121579014969043,31 - 33日龄
Special,0,0.0,0,0,0.0,0.0,0.0,0.0,water_per_shift_diff_前7天,,31 - 33日龄
Missing,19,0.01445966514459665,3,16,0.8421052631578947,-1.6374426902392156,0.03154554659611963,0.0035543836175780472,water_per_shift_diff_前7天,0.00583140768171829,31 - 33日龄
,1314,1.0,645,669,0.5091324200913242,,0.1505579436748203,0.01816291125633194,water_per_shift_diff_前7天,,31 - 33日龄
"(-inf, -65.90)",432,0.5130641330166271,37,395,0.9143518518518519,-1.4071880381127002,0.6892491245403986,0.07968446362335287,water_per_diff,0.01091759377996471,34 - 35日龄
"[-65.90, -56.31)",62,0.07363420427553444,12,50,0.8064516129032258,-0.4663365414959493,0.014269739763176189,0.0017677285007159562,water_per_diff,0.004484722902598675,34 - 35日龄
"[-56.31, -46.39)",64,0.07600950118764846,20,44,0.6875,0.1723224537799265,0.002341400388223135,0.00029231346059830927,water_per_diff,0.0036461211115834,34 - 35日龄
"[-46.39, -25.16)",132,0.15676959619952494,58,74,0.5606060606060606,0.7171577314864463,0.09137763155863017,0.011183554613919088,water_per_diff,0.0033507401848393917,34 - 35日龄
"[-25.16, -11.92)",72,0.0855106888361045,56,16,0.2222222222222222,2.2135427826395646,0.47385480711684824,0.04949484937321395,water_per_diff,0.0019216338586533403,34 - 35日龄
"[-11.92, inf)",78,0.09263657957244656,48,30,0.38461538461538464,1.4307834433899318,0.22427172771713896,0.025863504562103058,water_per_diff,0.002447015451788733,34 - 35日龄
Special,0,0.0,0,0,0.0,0.0,0.0,0.0,water_per_diff,,34 - 35日龄
Missing,2,0.0023752969121140144,2,0,0.0,0.0,0.0,0.0,water_per_diff,0.0,34 - 35日龄
,842,1.0,233,609,0.7232779097387173,,1.4953644310844152,0.16828641413390322,water_per_diff,,34 - 35日龄
"(-inf, -49.38)",44,0.052256532066508314,16,28,0.6363636363636364,0.4011640262087738,0.009103421244932956,0.0011303581290210748,water_per_shift_diff,0.0074480410681525755,34 - 35日龄
"[-49.38, -22.41)",195,0.23159144893111638,23,172,0.882051282051282,-1.0512204467401065,0.19312787321837563,0.023087429418955023,water_per_shift_diff,0.00944953914141423,34 - 35日龄
"[-22.41, -17.91)",67,0.07957244655581948,11,56,0.835820895522388,-0.6666766037925822,0.02982959299688579,0.0036611460061450156,water_per_shift_diff,0.008310278938909258,34 - 35日龄
"[-17.91, -5.20)",247,0.29334916864608074,55,192,0.7773279352226721,-0.28938237265111444,0.022924707717366644,0.0028556313703447106,water_per_shift_diff,0.007270821284300246,34 - 35日龄
"[-5.20, 5.59)",171,0.20308788598574823,66,105,0.6140350877192983,0.4964742060130987,0.055033177490574334,0.006809355831507522,water_per_shift_diff,0.005129073060821702,34 - 35日龄
"[5.59, inf)",116,0.1377672209026128,60,56,0.4827586206896552,1.0297726856311478,0.17048577440570925,0.0204163693003238,water_per_shift_diff,0.005165522865555966,34 - 35日龄
Special,0,0.0,0,0,0.0,0.0,0.0,0.0,water_per_shift_diff,,34 - 35日龄
Missing,2,0.0023752969121140144,2,0,0.0,0.0,0.0,0.0,water_per_shift_diff,0.0,34 - 35日龄
,842,1.0,233,609,0.7232779097387173,,0.4805045470738446,0.057960290056297145,water_per_shift_diff,,34 - 35日龄
"(-inf, -67.92)",323,0.3836104513064133,28,295,0.913312693498452,-1.3939910320204185,0.5077319358965401,0.058780366033165846,water_per_diff_前1天,0.011746830874341576,34 - 35日龄
"[-67.92, -58.21)",71,0.08432304038004751,8,63,0.8873239436619719,-1.1029133705675003,0.0762262163763538,0.00907293007284126,water_per_diff_前1天,0.008813704122789562,34 - 35日龄
"[-58.21, -42.68)",101,0.11995249406175772,23,78,0.7722772277227723,-0.26043479661624525,0.007648024958243631,0.0009533104933546867,water_per_diff_前1天,0.004856582944983148,34 - 35日龄
"[-42.68, -24.44)",147,0.17458432304038005,63,84,0.5714285714285714,0.6730977416924157,0.08915531727315558,0.010938688744190187,water_per_diff_前1天,0.0036438227875346322,34 - 35日龄
"[-24.44, -17.45)",59,0.07007125890736342,37,22,0.3728813559322034,1.480655273430105,0.18163714768175393,0.02083428899870049,water_per_diff_前1天,0.002684336372147551,34 - 35日龄
"[-17.45, inf)",141,0.167458432304038,74,67,0.475177304964539,1.0601522879574004,0.22006656688855444,0.026288405002758024,water_per_diff_前1天,0.002799968746174395,34 - 35日龄
Special,0,0.0,0,0,0.0,0.0,0.0,0.0,water_per_diff_前1天,,34 - 35日龄
Missing,0,0.0,0,0,0.0,0.0,0.0,0.0,water_per_diff_前1天,,34 - 35日龄
,842,1.0,233,609,0.7232779097387173,,1.0824652090746014,0.12686798934501048,water_per_diff_前1天,,34 - 35日龄
"(-inf, -129.36)",43,0.0510688836104513,13,30,0.6976744186046512,0.12453178994357794,0.0008135546859884046,0.00010162867446370676,water_per_diff_前2天,0.01809872467866306,34 - 35日龄
"[-129.36, -93.38)",93,0.11045130641330166,3,90,0.967741935483871,-2.4404175675179625,0.3292311570716526,0.03325884560351561,water_per_diff_前2天,0.01403111376073439,34 - 35日龄
"[-93.38, -51.15)",202,0.23990498812351543,22,180,0.8910891089108911,-1.1411345833876978,0.22953454462780523,0.027229849094972967,water_per_diff_前2天,0.007826254128709157,34 - 35日龄
"[-51.15, -34.01)",145,0.17220902612826602,36,109,0.7517241379310344,-0.14704912962883698,0.003599100947877341,0.00044948271784909805,water_per_diff_前2天,0.006868710542004263,34 - 35日龄
"[-34.01, -5.78)",240,0.2850356294536817,95,145,0.6041666666666666,0.5379229633241633,0.09124791734295021,0.011270430223245066,water_per_diff_前2天,0.004105821587647041,34 - 35日龄
"[-5.78, inf)",119,0.14133016627078385,64,55,0.46218487394957986,1.1123297122713973,0.20507591846714185,0.024389650177937233,water_per_diff_前2天,0.0029741625794336497,34 - 35日龄
Special,0,0.0,0,0,0.0,0.0,0.0,0.0,water_per_diff_前2天,,34 - 35日龄
Missing,0,0.0,0,0,0.0,0.0,0.0,0.0,water_per_diff_前2天,,34 - 35日龄
,842,1.0,233,609,0.7232779097387173,,0.8595021931434157,0.09669988649198369,water_per_diff_前2天,,34 - 35日龄
"(-inf, -52.30)",241,0.2862232779097387,33,208,0.8630705394190872,-0.880250704090642,0.17597321805915012,0.0213129097141928,water_per_diff_前3天,0.011469160346621017,34 - 35日龄
"[-52.30, -31.08)",188,0.22327790973871733,44,144,0.7659574468085106,-0.22484385151354291,0.010705265515306843,0.0013353465343104356,water_per_diff_前3天,0.006979584647608168,34 - 35日龄
"[-31.08, -13.07)",182,0.2161520190023753,54,128,0.7032967032967034,0.09773359678885374,0.0021089964789070235,0.0002635196889548153,water_per_diff_前3天,0.005866914125894489,34 - 35日龄
"[-13.07, -5.98)",70,0.0831353919239905,26,44,0.6285714285714286,0.43468671824741767,0.017099877102807567,0.0021208135702552745,water_per_diff_前3天,0.004868977948559075,34 - 35日龄
"[-5.98, -1.01)",44,0.052256532066508314,23,21,0.4772727272727273,1.0517515923499234,0.06755367634747174,0.008075336378466793,water_per_diff_前3天,0.0029603308242919773,34 - 35日龄
"[-1.01, inf)",115,0.13657957244655583,53,62,0.5391304347826087,0.8039373426512267,0.10102402980199739,0.012298557036443877,water_per_diff_前3天,0.003214916738004577,34 - 35日龄
Special,0,0.0,0,0,0.0,0.0,0.0,0.0,water_per_diff_前3天,,34 - 35日龄
Missing,2,0.0023752969121140144,0,2,0.0,0.0,0.0,0.0,water_per_diff_前3天,0.00726063288563285,34 - 35日龄
,842,1.0,233,609,0.7232779097387173,,0.37446506330564067,0.045406482922624,water_per_diff_前3天,,34 - 35日龄
"(-inf, -31.99)",297,0.3527315914489311,58,239,0.8047138047138047,-0.4552407272408945,0.065335964891864,0.008097194964499906,water_per_diff_前5天,0.009599021212021072,34 - 35日龄
"[-31.99, -18.95)",184,0.21852731591448932,46,138,0.75,-0.13783247452391345,0.0040214130286686895,0.0005022791001016774,water_per_diff_前5天,0.006694712316399506,34 - 35日龄
"[-18.95, -8.32)",141,0.167458432304038,45,96,0.6808510638297872,0.20309411244668008,0.007209349347723536,0.0008996230763585553,water_per_diff_前5天,0.00612316229749241,34 - 35日龄
"[-8.32, -4.42)",47,0.055819477434679333,17,30,0.6382978723404256,0.39279577653825726,0.009309373675963262,0.0011562480646384538,water_per_diff_前5天,0.005038386905527545,34 - 35日龄
"[-4.42, 5.98)",79,0.09382422802850356,38,41,0.5189873417721519,0.8847939071662745,0.08473374634053223,0.010259206423068937,water_per_diff_前5天,0.004317125759207468,34 - 35日龄
"[5.98, inf)",90,0.10688836104513064,29,61,0.6777777777777778,0.217201779957359,0.005277854621965051,0.0006584380493182499,water_per_diff_前5天,0.004897868083633958,34 - 35日龄
Special,0,0.0,0,0,0.0,0.0,0.0,0.0,water_per_diff_前5天,,34 - 35日龄
Missing,4,0.004750593824228029,0,4,0.0,0.0,0.0,0.0,water_per_diff_前5天,0.008640033577533525,34 - 35日龄
,842,1.0,233,609,0.7232779097387173,,0.17588770190671676,0.02157298967798578,water_per_diff_前5天,,34 - 35日龄
"(-inf, -42.91)",121,0.14370546318289787,30,91,0.7520661157024794,-0.1488823107104984,0.0030773858313698807,0.0003843183453461378,water_per_diff_前7天,0.009076536918058478,34 - 35日龄
"[-42.91, -24.14)",181,0.21496437054631828,49,132,0.7292817679558011,-0.030201810331548007,0.0001947515201404283,2.4343014838563992e-05,water_per_diff_前7天,0.00750317116093011,34 - 35日龄
"[-24.14, -21.16)",50,0.05938242280285035,22,28,0.56,0.7196177573273084,0.03486086713509038,0.004265952936607481,water_per_diff_前7天,0.004627499952750832,34 - 35日龄
"[-21.16, -1.64)",277,0.32897862232779096,80,197,0.7111913357400722,0.05960272008008938,0.0011840988033980458,0.00014799044550128666,water_per_diff_前7天,0.0068015941310191315,34 - 35日龄
"[-1.64, 3.46)",64,0.07600950118764846,18,46,0.71875,0.02251017555126611,3.8707533172011845e-05,4.8383394958725055e-06,water_per_diff_前7天,0.006740562742683345,34 - 35日龄
"[3.46, inf)",144,0.171021377672209,34,110,0.7638888888888888,-0.21334002703205823,0.007403160694770538,0.0009236441374349466,water_per_diff_前7天,0.0066506094384278245,34 - 35日龄
Special,0,0.0,0,0,0.0,0.0,0.0,0.0,water_per_diff_前7天,,34 - 35日龄
Missing,5,0.0059382422802850355,0,5,0.0,0.0,0.0,0.0,water_per_diff_前7天,0.007698467539992921,34 - 35日龄
,842,1.0,233,609,0.7232779097387173,,0.046758971517941283,0.005751087219224288,water_per_diff_前7天,,34 - 35日龄
"(-inf, -42.26)",56,0.0665083135391924,2,54,0.9642857142857143,-2.335057051860134,0.18700598559052373,0.019190654779699962,water_per_shift_diff_前1天,0.013777744836208524,34 - 35日龄
"[-42.26, -25.67)",151,0.17933491686460806,22,129,0.8543046357615894,-0.8079901368591604,0.09485970591299844,0.011545090494738168,water_per_shift_diff_前1天,0.009872112197525462,34 - 35日龄
"[-25.67, -5.60)",344,0.4085510688836104,88,256,0.7441860465116279,-0.10706081585715954,0.004569231913507378,0.0005708813713582433,water_per_shift_diff_前1天,0.006733924563063968,34 - 35日龄
"[-5.60, 0.37)",97,0.11520190023752969,30,67,0.6907216494845361,0.15728457641538574,0.002947346939600627,0.00036803908259889963,water_per_shift_diff_前1天,0.006243943548753975,34 - 35日龄
"[0.37, 4.68)",68,0.08076009501187649,26,42,0.6176470588235294,0.48120673388231033,0.020510217457171135,0.002539323903831164,water_per_shift_diff_前1天,0.004761896074439778,34 - 35日龄
"[4.68, inf)",126,0.1496437054631829,65,61,0.48412698412698413,1.0242932198665224,0.18314952095148876,0.021942597360611514,water_per_shift_diff_前1天,0.0038979640624563854,34 - 35日龄
Special,0,0.0,0,0,0.0,0.0,0.0,0.0,water_per_shift_diff_前1天,,34 - 35日龄
Missing,0,0.0,0,0,0.0,0.0,0.0,0.0,water_per_shift_diff_前1天,,34 - 35日龄
,842,1.0,233,609,0.7232779097387173,,0.49304200876529003,0.05615658699283795,water_per_shift_diff_前1天,,34 - 35日龄
"(-inf, -37.88)",72,0.0855106888361045,8,64,0.8888888888888888,-1.1186617275356392,0.07915152360132927,0.009408314513126835,water_per_shift_diff_前2天,0.014896696872433803,34 - 35日龄
"[-37.88, -19.59)",198,0.23515439429928742,30,168,0.8484848484848485,-0.7619867835969067,0.11209336434739171,0.013682235878992852,water_per_shift_diff_前2天,0.00938044360117807,34 - 35日龄
"[-19.59, -0.99)",299,0.35510688836104515,83,216,0.7224080267558528,0.004342014256629612,6.701347612717715e-06,8.376677935637792e-07,water_per_shift_diff_前2天,0.0062955415089593165,34 - 35日龄
"[-0.99, 2.57)",70,0.0831353919239905,24,46,0.6571428571428571,0.31019224800304734,0.008521176506310051,0.0010608971843604296,water_per_shift_diff_前2天,0.005021631615213605,34 - 35日龄
"[2.57, 15.03)",143,0.16983372921615203,67,76,0.5314685314685315,0.8347390932488314,0.13586121876136745,0.016506158529763358,water_per_shift_diff_前2天,0.00407410564033896,34 - 35日龄
"[15.03, inf)",58,0.0688836104513064,21,37,0.6379310344827587,0.3943843392233951,0.011584416343425939,0.0014387398992342952,water_per_shift_diff_前2天,0.0041110021909750915,34 - 35日龄
Special,0,0.0,0,0,0.0,0.0,0.0,0.0,water_per_shift_diff_前2天,,34 - 35日龄
Missing,2,0.0023752969121140144,0,2,0.0,0.0,0.0,0.0,water_per_shift_diff_前2天,0.00726063288563285,34 - 35日龄
,842,1.0,233,609,0.7232779097387173,,0.34721840090743716,0.04209718367327134,water_per_shift_diff_前2天,,34 - 35日龄
"(-inf, -27.20)",105,0.12470308788598575,27,78,0.7428571428571429,-0.10009214654106646,0.0012210230354594254,0.00015256419912529264,water_per_shift_diff_前3天,0.012527290591381258,34 - 35日龄
"[-27.20, -21.10)",69,0.08194774346793349,10,59,0.855072463768116,-0.8141725367674773,0.0439341149850143,0.0053449379954043,water_per_shift_diff_前3天,0.009422824934924644,34 - 35日龄
"[-21.10, -11.48)",145,0.17220902612826602,30,115,0.7931034482758621,-0.38295493255689794,0.0230074687981251,0.002858487769509671,water_per_shift_diff_前3天,0.007678900537361754,34 - 35日龄
"[-11.48, -2.52)",162,0.19239904988123516,47,115,0.7098765432098766,0.0659952874910047,0.0008501898245456723,0.00010625444633987052,water_per_shift_diff_前3天,0.006127658969393051,34 - 35日龄
"[-2.52, 10.09)",231,0.27434679334916867,69,162,0.7012987012987013,0.1072899835090716,0.003232377566130934,0.00040385351373417935,water_per_shift_diff_前3天,0.005952241332894588,34 - 35日龄
"[10.09, inf)",126,0.1496437054631829,50,76,0.6031746031746031,0.5420694792860117,0.0486764998912053,0.006011144874998146,water_per_shift_diff_前3天,0.004112206235998626,34 - 35日龄
Special,0,0.0,0,0,0.0,0.0,0.0,0.0,water_per_shift_diff_前3天,,34 - 35日龄
Missing,4,0.004750593824228029,0,4,0.0,0.0,0.0,0.0,water_per_shift_diff_前3天,0.008640033577533525,34 - 35日龄
,842,1.0,233,609,0.7232779097387173,,0.12092167410048074,0.01487724279911146,water_per_shift_diff_前3天,,34 - 35日龄
"(-inf, -18.51)",94,0.11163895486935867,12,82,0.8723404255319149,-0.9610327833320569,0.07990489423843776,0.009620659146355038,water_per_shift_diff_前5天,0.009655869441035272,34 - 35日龄
"[-18.51, -15.29)",49,0.05819477434679335,9,40,0.8163265306122449,-0.530875062633521,0.014362737517002368,0.0017745524294534064,water_per_shift_diff_前5天,0.008296280107366868,34 - 35日龄
"[-15.29, -7.76)",139,0.16508313539192399,32,107,0.7697841726618705,-0.2463131175179829,0.009448277966767324,0.001178058208356923,water_per_shift_diff_前5天,0.009718996953559019,34 - 35日龄
"[-7.76, 7.25)",366,0.4346793349168646,102,264,0.7213114754098361,0.009803524282151144,4.186794445959879e-05,5.233472099790354e-06,water_per_shift_diff_前5天,0.00629993212551746,34 - 35日龄
"[7.25, 12.36)",90,0.10688836104513064,31,59,0.6555555555555556,0.31722957472362323,0.011473267070351265,0.0014281748986871429,water_per_shift_diff_前5天,0.005224677161340816,34 - 35日龄
"[12.36, inf)",100,0.1187648456057007,47,53,0.53,0.8406355023021331,0.09641149682139097,0.011708670709139751,water_per_shift_diff_前5天,0.005236613654753785,34 - 35日龄
Special,0,0.0,0,0,0.0,0.0,0.0,0.0,water_per_shift_diff_前5天,,34 - 35日龄
Missing,4,0.004750593824228029,0,4,0.0,0.0,0.0,0.0,water_per_shift_diff_前5天,0.008640033577533525,34 - 35日龄
,842,1.0,233,609,0.7232779097387173,,0.21164254155840928,0.025715348864092054,water_per_shift_diff_前5天,,34 - 35日龄
"(-inf, -19.18)",104,0.12351543942992874,19,85,0.8173076923076923,-0.537432463179679,0.03118613432152534,0.0038520193971064483,water_per_shift_diff_前7天,0.007404149678416835,34 - 35日龄
"[-19.18, -13.77)",70,0.0831353919239905,15,55,0.7857142857142857,-0.33850316998606433,0.008778844271187674,0.001092146207954176,water_per_shift_diff_前7天,0.006843373954055109,34 - 35日龄
"[-13.77, -10.33)",86,0.1021377672209026,23,63,0.7325581395348837,-0.046860696318186346,0.0002219242684892656,2.773799566783779e-05,water_per_shift_diff_前7天,0.006923615702581701,34 - 35日龄
"[-10.33, -8.78)",47,0.055819477434679333,21,26,0.5531914893617021,0.7472057138461375,0.03544431284592592,0.0043302645685207915,water_per_shift_diff_前7天,0.006985860508005504,34 - 35日龄
"[-8.78, -4.85)",124,0.14726840855106887,40,84,0.6774193548387096,0.21884246941481944,0.007384354451173418,0.00092120676988478,water_per_shift_diff_前7天,0.007169427878974388,34 - 35日龄
"[-4.85, inf)",403,0.47862232779097386,114,289,0.71712158808933,0.030551574426259998,0.00044977863504131165,5.6220142905185136e-05,water_per_shift_diff_前7天,0.007160865071921993,34 - 35日龄
Special,0,0.0,0,0,0.0,0.0,0.0,0.0,water_per_shift_diff_前7天,,34 - 35日龄
Missing,8,0.009501187648456057,1,7,0.875,-0.9851303349111171,0.007095309994426671,0.0008527044824856297,water_per_shift_diff_前7天,0.006456976611711388,34 - 35日龄
,842,1.0,233,609,0.7232779097387173,,0.09056065878776959,0.011132299564524849,water_per_shift_diff_前7天,,34 - 35日龄
"(-inf, -14.84)",147,0.1425800193986421,139,8,0.05442176870748299,-0.38112906970437077,0.024776147909080132,0.0030784089569403372,water_per_diff,0.0008979655715942653,10 - 12日龄
"[-14.84, -6.43)",333,0.3229873908826382,322,11,0.03303303303303303,0.14049481159081134,0.005977420902566055,0.0007465637026891139,water_per_diff,0.0008531446033300814,10 - 12日龄
"[-6.43, -1.57)",229,0.22211445198836083,222,7,0.03056768558951965,0.22060577166173978,0.009773529069174471,0.0012192198158352055,water_per_diff,0.0008592620004420606,10 - 12日龄
"[-1.57, 3.02)",183,0.17749757516973813,182,1,0.00546448087431694,1.9678452259215686,0.31057855018292757,0.03356543890781183,water_per_diff,0.0008544728281346722,10 - 12日龄
"[3.02, inf)",139,0.13482056256062075,127,12,0.08633093525179857,-0.8768810244846357,0.15754755999774356,0.019085800637760664,water_per_diff,0.0010244985899862864,10 - 12日龄
Special,0,0.0,0,0,0.0,0.0,0.0,0.0,water_per_diff,,10 - 12日龄
Missing,0,0.0,0,0,0.0,0.0,0.0,0.0,water_per_diff,,10 - 12日龄
,1031,1.0,992,39,0.037827352085354024,,0.5086532080614918,0.05769543202103715,water_per_diff,,10 - 12日龄
"(-inf, -7.26)",139,0.13482056256062075,134,5,0.03597122302158273,0.05224042636158455,0.0003591799372462135,4.48923875170505e-05,water_per_shift_diff,0.0008912198932968216,10 - 12日龄
"[-7.26, -3.64)",179,0.17361784675072744,174,5,0.027932960893854747,0.3134559256252021,0.014794523371371479,0.001841781430213095,water_per_shift_diff,0.0008946322141649604,10 - 12日龄
"[-3.64, -2.22)",80,0.07759456838021339,79,1,0.0125,1.133286391311795,0.06119301259952285,0.007264394134765307,water_per_shift_diff,0.0007963397988749214,10 - 12日龄
"[-2.22, 1.49)",268,0.25994180407371487,260,8,0.029850746268656716,0.24507862818046533,0.013961778755938428,0.0017408677434363404,water_per_shift_diff,0.0008275690126024048,10 - 12日龄
"[1.49, 5.43)",193,0.1871968962172648,183,10,0.05181347150259067,-0.32926040130785106,0.02368516586124248,0.002947344027450345,water_per_shift_diff,0.0009286065135176171,10 - 12日龄
"[5.43, inf)",172,0.16682832201745879,162,10,0.05813953488372093,-0.45115021891688833,0.04200380191632108,0.005206395862693499,water_per_shift_diff,0.0009471363586693045,10 - 12日龄
Special,0,0.0,0,0,0.0,0.0,0.0,0.0,water_per_shift_diff,,10 - 12日龄
Missing,0,0.0,0,0,0.0,0.0,0.0,0.0,water_per_shift_diff,,10 - 12日龄
,1031,1.0,992,39,0.037827352085354024,,0.15599746244164253,0.019045675586075637,water_per_shift_diff,,10 - 12日龄
"(-inf, -18.78)",52,0.0504364694471387,47,5,0.09615384615384616,-0.9954517718792686,0.08045848042458827,0.009661600338392796,water_per_diff_前1天,0.0011353098317803442,10 - 12日龄
"[-18.78, -13.52)",135,0.1309408341416101,129,6,0.044444444444444446,-0.16810852602160953,0.004001963204763809,0.0004996571827859658,water_per_diff_前1天,0.0008435663581525311,10 - 12日龄
"[-13.52, -3.44)",371,0.35984481086323955,356,15,0.04043126684636118,-0.06928093140540614,0.0017835971794816084,0.0002229050696209503,water_per_diff_前1天,0.0008708042610897283,10 - 12日龄
"[-3.44, 0.13)",220,0.2133850630455868,219,1,0.004545454545454545,2.1529102686612744,0.42008683876457714,0.04425902112372461,water_per_diff_前1天,0.0007463902814580531,10 - 12日龄
"[0.13, 2.30)",85,0.08244422890397672,83,2,0.023529411764705882,0.4895319660814259,0.01585462038616695,0.001962272980127594,water_per_diff_前1天,0.0009228780158564918,10 - 12日龄
"[2.30, inf)",168,0.1629485935984481,158,10,0.05952380952380952,-0.4761515211223055,0.046251484087510925,0.005727431850839897,water_per_diff_前1天,0.0010298004634238839,10 - 12日龄
Special,0,0.0,0,0,0.0,0.0,0.0,0.0,water_per_diff_前1天,,10 - 12日龄
Missing,0,0.0,0,0,0.0,0.0,0.0,0.0,water_per_diff_前1天,,10 - 12日龄
,1031,1.0,992,39,0.037827352085354024,,0.5684369840470886,0.06233288854549181,water_per_diff_前1天,,10 - 12日龄
"(-inf, -15.65)",67,0.06498545101842872,62,5,0.07462686567164178,-0.7184649885442354,0.04720683418319493,0.005777126425743769,water_per_diff_前2天,0.0010333504011388627,10 - 12日龄
"[-15.65, -5.26)",301,0.29194956353055285,288,13,0.04318936877076412,-0.13815033848081715,0.005941950042185671,0.0007421536663490581,water_per_diff_前2天,0.0009317264156617688,10 - 12日龄
"[-5.26, -0.68)",212,0.20562560620756548,207,5,0.02358490566037736,0.4871194196760422,0.039195687382431774,0.004851588002610159,water_per_diff_前2天,0.0008308605580739095,10 - 12日龄
"[-0.68, 0.13)",98,0.0950533462657614,97,1,0.01020408163265306,1.3385495173481563,0.09656461184136436,0.011243160229512597,water_per_diff_前2天,0.0007314435001994236,10 - 12日龄
"[0.13, 5.20)",225,0.21823472356935014,216,9,0.04,-0.05810763080728076,0.0007569852648591172,9.460984807166525e-05,water_per_diff_前2天,0.0008695448857569942,10 - 12日龄
"[5.20, inf)",105,0.10184287099903007,99,6,0.05714285714285714,-0.4328010802486917,0.023391931834160835,0.0029013817382855817,water_per_diff_前2天,0.0009533280668208448,10 - 12日龄
Special,0,0.0,0,0,0.0,0.0,0.0,0.0,water_per_diff_前2天,,10 - 12日龄
Missing,23,0.02230843840931135,23,0,0.0,0.0,0.0,0.0,water_per_diff_前2天,0.0007994715633923435,10 - 12日龄
,1031,1.0,992,39,0.037827352085354024,,0.21305800054819668,0.025610019910572834,water_per_diff_前2天,,10 - 12日龄
"(-inf, -10.13)",125,0.12124151309408342,118,7,0.056,-0.41138698574487487,0.024903544267330876,0.003091175777661494,water_per_diff_前3天,0.00102515844306842,10 - 12日龄
"[-10.13, -3.99)",176,0.17070805043646944,170,6,0.03409090909090909,0.10787750666698015,0.0018905332278797693,0.00023620213060411392,water_per_diff_前3天,0.000858617147938162,10 - 12日龄
"[-3.99, -0.66)",194,0.18816682832201745,193,1,0.005154639175257732,2.026528727749659,0.3423119632920808,0.036703003876637885,water_per_diff_前3天,0.0007695968664624211,10 - 12日龄
"[-0.66, 0.24)",141,0.1367604267701261,138,3,0.02127659574468085,0.5924799353338686,0.0368462242662657,0.004539572888262908,water_per_diff_前3天,0.0007684101138283978,10 - 12日龄
"[0.24, inf)",358,0.3472356935014549,336,22,0.061452513966480445,-0.510092754550338,0.11497127842429042,0.01421760216537317,water_per_diff_前3天,0.0009726520023445905,10 - 12日龄
Special,0,0.0,0,0,0.0,0.0,0.0,0.0,water_per_diff_前3天,,10 - 12日龄
Missing,37,0.03588748787584869,37,0,0.0,0.0,0.0,0.0,water_per_diff_前3天,0.0007168773834513135,10 - 12日龄
,1031,1.0,992,39,0.037827352085354024,,0.5209235434778475,0.05878755683853957,water_per_diff_前3天,,10 - 12日龄
"(-inf, -5.69)",172,0.16682832201745879,159,13,0.0755813953488372,-0.7322066163965317,0.12670914228636213,0.015494049903136173,water_per_diff_前5天,0.0010070177167997186,10 - 12日龄
"[-5.69, -2.77)",110,0.1066925315227934,108,2,0.01818181818181818,0.752822585409048,0.043354236980235716,0.005294827223648988,water_per_diff_前5天,0.0008925680443943073,10 - 12日龄
"[-2.77, -1.11)",90,0.08729388942774007,89,1,0.011111111111111112,1.2524749085769131,0.0802544793828104,0.009423577603927038,water_per_diff_前5天,0.0007540124873924667,10 - 12日龄
"[-1.11, 0.16)",323,0.31328806983511154,313,10,0.030959752321981424,0.20745663639088097,0.012263578562498606,0.001530204248127772,water_per_diff_前5天,0.0008439770683324258,10 - 12日龄
"[0.16, inf)",276,0.2677012609117362,263,13,0.04710144927536232,-0.22895678643899853,0.015617684021208559,0.0019479575961632856,water_per_diff_前5天,0.0009433804186990576,10 - 12日龄
Special,0,0.0,0,0,0.0,0.0,0.0,0.0,water_per_diff_前5天,,10 - 12日龄
Missing,60,0.058195926285160036,60,0,0.0,0.0,0.0,0.0,water_per_diff_前5天,0.0006569112820114,10 - 12日龄
,1031,1.0,992,39,0.037827352085354024,,0.2781991212331154,0.03369061657500326,water_per_diff_前5天,,10 - 12日龄
"(-inf, -0.04)",476,0.46168768186226966,453,23,0.04831932773109244,-0.25576355160134234,0.03403966416447763,0.00424339840144421,water_per_diff_前7天,0.0009297888080186993,10 - 12日龄
"[-0.04, 0.06)",185,0.17943743937924345,183,2,0.010810810810810811,1.2801775111262494,0.17051164999052837,0.0199682225591742,water_per_diff_前7天,0.0007880764273102524,10 - 12日龄
"[0.06, inf)",281,0.2725509214354995,267,14,0.0498220640569395,-0.2879701323702357,0.025865803608006832,0.003222099858288606,water_per_diff_前7天,0.0009397884827194598,10 - 12日龄
Special,0,0.0,0,0,0.0,0.0,0.0,0.0,water_per_diff_前7天,,10 - 12日龄
Missing,89,0.0863239573229874,89,0,0.0,0.0,0.0,0.0,water_per_diff_前7天,0.0006650420930087528,10 - 12日龄
,1031,1.0,992,39,0.037827352085354024,,0.23041711776301282,0.027433720818907017,water_per_diff_前7天,,10 - 12日龄
"(-inf, -12.07)",52,0.0504364694471387,48,4,0.07692307692307693,-0.7512548113672262,0.04070073626513921,0.0049712295837518045,water_per_shift_diff_前1天,0.0009031359687693615,10 - 12日龄
"[-12.07, -3.64)",341,0.33074684772065954,327,14,0.04105571847507331,-0.08525861987323191,0.0025012544860452254,0.00031256214880794227,water_per_shift_diff_前1天,0.0008803186671287076,10 - 12日龄
"[-3.64, -0.63)",171,0.1658583899127061,167,4,0.023391812865497075,0.49553799014163813,0.032597812885402935,0.0040335409609565335,water_per_shift_diff_前1天,0.0008939421034261444,10 - 12日龄
"[-0.63, 1.37)",140,0.13579049466537343,135,5,0.03571428571428571,0.05967540484910261,0.00047045591601985935,5.87982651916038e-05,water_per_shift_diff_前1天,0.0008023494441255364,10 - 12日龄
"[1.37, inf)",304,0.2948593598448109,292,12,0.039473684210526314,-0.044314308674945124,0.0005910407174387803,7.387404516440415e-05,water_per_shift_diff_前1天,0.0009240470983647336,10 - 12日龄
Special,0,0.0,0,0,0.0,0.0,0.0,0.0,water_per_shift_diff_前1天,,10 - 12日龄
Missing,23,0.02230843840931135,23,0,0.0,0.0,0.0,0.0,water_per_shift_diff_前1天,0.0007994715633923435,10 - 12日龄
,1031,1.0,992,39,0.037827352085354024,,0.076861300270046,0.009450005003872289,water_per_shift_diff_前1天,,10 - 12日龄
"(-inf, -11.96)",52,0.0504364694471387,48,4,0.07692307692307693,-0.7512548113672262,0.04070073626513921,0.0049712295837518045,water_per_shift_diff_前2天,0.0009246699072889288,10 - 12日龄
"[-11.96, -1.41)",357,0.34626576139670223,337,20,0.056022408963585436,-0.4118108043568558,0.07128559131456423,0.008848263478314189,water_per_shift_diff_前2天,0.0009952291944651695,10 - 12日龄
"[-1.41, -0.59)",63,0.061105722599418044,61,2,0.031746031746031744,0.18156522245813944,0.0018537598963752372,0.00023140222471551737,water_per_shift_diff_前2天,0.0008123899424460714,10 - 12日龄
"[-0.59, 3.85)",297,0.2880698351115422,294,3,0.010101010101010102,1.348806017515345,0.295992635667527,0.034427063660255906,water_per_shift_diff_前2天,0.0007766148790395639,10 - 12日龄
"[3.85, 4.73)",70,0.06789524733268672,69,1,0.014285714285714285,0.9979450434420332,0.043825181679280754,0.005261577243173601,water_per_shift_diff_前2天,0.0008302415951404857,10 - 12日龄
"[4.73, inf)",154,0.14936954413191075,145,9,0.05844155844155844,-0.45665229607087143,0.0386327275909833,0.0047875645796289674,water_per_shift_diff_前2天,0.0009145085892168084,10 - 12日龄
Special,0,0.0,0,0,0.0,0.0,0.0,0.0,water_per_shift_diff_前2天,,10 - 12日龄
Missing,38,0.03685741998060136,38,0,0.0,0.0,0.0,0.0,water_per_shift_diff_前2天,0.0007230748457915658,10 - 12日龄
,1031,1.0,992,39,0.037827352085354024,,0.4922906324138697,0.05852710076983998,water_per_shift_diff_前2天,,10 - 12日龄
"(-inf, -1.40)",338,0.32783705140640157,320,18,0.05325443786982249,-0.35821222325761903,0.04977638834349048,0.0061889943341931,water_per_shift_diff_前3天,0.001024603874833968,10 - 12日龄
"[-1.40, 0.12)",199,0.1930164888457808,196,3,0.01507537688442211,0.9433409094071812,0.11382122014869522,0.013722516844280018,water_per_shift_diff_前3天,0.0007541601168138362,10 - 12日龄
"[0.12, 0.36)",56,0.05431619786614937,55,1,0.017857142857142856,0.7711717240772447,0.022982862847938976,0.00280372174861361,water_per_shift_diff_前3天,0.0008369921930944215,10 - 12日龄
"[0.36, 5.04)",283,0.27449078564500484,276,7,0.024734982332155476,0.43832925550661006,0.043280028847065,0.005367105528444258,water_per_shift_diff_前3天,0.0008125271046523032,10 - 12日龄
"[5.04, inf)",104,0.1008729388942774,94,10,0.09615384615384616,-0.9954517718792686,0.16091696084917653,0.01932320067678559,water_per_shift_diff_前3天,0.0009969234134305646,10 - 12日龄
Special,0,0.0,0,0,0.0,0.0,0.0,0.0,water_per_shift_diff_前3天,,10 - 12日龄
Missing,51,0.049466537342386034,51,0,0.0,0.0,0.0,0.0,water_per_shift_diff_前3天,0.0006814152985243549,10 - 12日龄
,1031,1.0,992,39,0.037827352085354024,,0.39077746103636624,0.04740553913231658,water_per_shift_diff_前3天,,10 - 12日龄
"(-inf, -3.27)",135,0.1309408341416101,127,8,0.05925925925925926,-0.47141591637647107,0.03634805827520194,0.004501897728706607,water_per_shift_diff_前5天,0.0010006337500503629,10 - 12日龄
"[-3.27, -0.32)",240,0.23278370514064015,229,11,0.04583333333333333,-0.20033473039935723,0.01025804127691085,0.0012801152018387333,water_per_shift_diff_前5天,0.0008792027039062054,10 - 12日龄
"[-0.32, 1.68)",480,0.4655674102812803,461,19,0.03958333333333333,-0.04720239732501863,0.0010602482236207824,0.00013251872565984459,water_per_shift_diff_前5天,0.0009008003580080017,10 - 12日龄
"[1.68, inf)",103,0.09990300678952474,102,1,0.009708737864077669,1.388811352129045,0.10719061976471587,0.012416208481666588,water_per_shift_diff_前5天,0.0008311790999957077,10 - 12日龄
Special,0,0.0,0,0,0.0,0.0,0.0,0.0,water_per_shift_diff_前5天,,10 - 12日龄
Missing,73,0.07080504364694472,73,0,0.0,0.0,0.0,0.0,water_per_shift_diff_前5天,0.0006514122911446275,10 - 12日龄
,1031,1.0,992,39,0.037827352085354024,,0.15485696754044945,0.018330740137871775,water_per_shift_diff_前5天,,10 - 12日龄
"(-inf, -1.69)",105,0.10184287099903007,99,6,0.05714285714285714,-0.4328010802486917,0.023391931834160835,0.0029013817382855817,water_per_shift_diff_前7天,0.001009726824780758,10 - 12日龄
"[-1.69, -0.04)",211,0.2046556741028128,200,11,0.052132701421800945,-0.33573936740556043,0.027006330421994,0.003360025030445208,water_per_shift_diff_前7天,0.0008954444954742365,10 - 12日龄
"[-0.04, 0.07)",200,0.19398642095053345,196,4,0.02,0.6556588369554,0.06229843581079537,0.007650748938780812,water_per_shift_diff_前7天,0.0008349773874546305,10 - 12日龄
"[0.07, 0.16)",58,0.05625606207565471,57,1,0.017241379310344827,0.8068898066793238,0.025674145782212766,0.003124946220658187,water_per_shift_diff_前7天,0.0008374864141577206,10 - 12日龄
"[0.16, 4.45)",292,0.2832201745877789,280,12,0.0410958904109589,-0.08627850777397716,0.0021944285476011506,0.00027421852049889454,water_per_shift_diff_前7天,0.0009411151327883634,10 - 12日龄
"[4.45, inf)",52,0.0504364694471387,47,5,0.09615384615384616,-0.9954517718792686,0.08045848042458827,0.009661600338392796,water_per_shift_diff_前7天,0.0009495458727511576,10 - 12日龄
Special,0,0.0,0,0,0.0,0.0,0.0,0.0,water_per_shift_diff_前7天,,10 - 12日龄
Missing,113,0.1096023278370514,113,0,0.0,0.0,0.0,0.0,water_per_shift_diff_前7天,0.0006808063962377442,10 - 12日龄
,1031,1.0,992,39,0.037827352085354024,,0.2210237528213524,0.02697292078706148,water_per_shift_diff_前7天,,10 - 12日龄
