EEF,MORTALITY_RATE,Temp_MEAN_-2,Temp_MEAN_-1,Temp_MEAN_0,Temp_MEAN_1,Temp_MEAN_2,Temp_MEAN_3,Temp_MEAN_4,Temp_MEAN_5,Temp_MEAN_6,Temp_MEAN_7,Temp_MEAN_8,Temp_MEAN_9,Temp_MEAN_10,Temp_MEAN_11,Temp_MEAN_12,Temp_MEAN_13,Temp_MEAN_14,Temp_MEAN_15,Temp_MEAN_16,Temp_MEAN_17,Temp_MEAN_18,Temp_MEAN_19,Temp_MEAN_20,Temp_MEAN_21,Temp_MEAN_22,Temp_MEAN_23,Temp_MEAN_24,Temp_MEAN_25,Temp_MEAN_26,Temp_MEAN_27,Temp_MEAN_28,Temp_MEAN_29,Temp_MEAN_30,Temp_MEAN_31,Temp_MEAN_32,Temp_MEAN_33,Temp_MEAN_34,Temp_MEAN_35,Temp_MEAN_36
451.0846344,0.049084507,33.1,33.54583333,33.82083333,33.76666667,32.8875,31.84583333,30.88333333,30.02916667,29.45833333,29,28.36666667,28.12083333,27.89583333,27.36666667,26.81666667,26.87916667,26.39583333,25.2375,25.53333333,24.13333333,23.75416667,23.375,22.88333333,22.79166667,22.64583333,22.2875,21.8125,21.32916667,21.6,21.28333333,19.68333333,19.4625,19.34166667,18.95,18.51666667,18.54583333,18.8625,17.45833333,16.075
452.5899681,0.039916318,32.61666667,33.37916667,33.75833333,33.45416667,32.61666667,31.83333333,30.74166667,30.20416667,29.4125,28.77916667,28.6125,28.12083333,27.72916667,27.325,26.87083333,26.30833333,25.9625,25.32916667,25.30416667,24.85833333,24.33333333,23.275,23.2,23.0125,22.525,22.49166667,22.34583333,21.9,22.05,21.27083333,19.95,19.66666667,19.35833333,19.26666667,19.22083333,19.0125,18.85833333,17.50833333,16.675
471.1975534,0.046713781,31.77142857,32.69583333,33.80833333,33.45,32.68333333,31.84583333,30.74583333,29.90833333,29.27083333,28.94583333,28.45,28.02083333,27.60833333,27.12916667,26.58333333,26.50416667,25.94166667,25.3125,25.07083333,24.25416667,23.65,23.07083333,22.87916667,22.4875,22.36666667,22.18333333,21.85416667,21.62083333,21.48333333,21.32083333,19.5875,19.2375,19.68333333,18.98333333,19.01666667,18.5375,18.45,18.2875,17.16666667
289.9180029,0.098588235,,30.66428571,32.15833333,32.2625,31.07916667,30.37916667,29.54166667,29.22083333,28.59583333,27.75416667,27.44166667,27.2875,28.4,27.025,27.46666667,27.41666667,27,26.60416667,26.61666667,26.375,26.00416667,25.45833333,24.825,24.04583333,24.44166667,23.9625,23.55,23.03333333,23.8625,23.69583333,23.075,22.5125,22.45416667,21.74583333,21.025,20.93333333,20.69583333,20.6375,20.1375
364.1382066,0.055252918,,,,31.58333333,31.09166667,30.43333333,29.54583333,28.85833333,28.5125,27.83333333,27.59583333,27.27083333,26.76666667,26.17083333,27,27.14583333,27.07083333,26.5,26.2625,25.49583333,25.05416667,24.43333333,23.99583333,23.60833333,23.625,23.7125,23.39583333,22.93333333,23.0625,22.54166667,21.95416667,21.89583333,21.8625,21.32083333,21.39583333,21.25,20.525,20.90416667,
352.8615165,0.076459144,,,,31.35,31.19583333,30.22916667,29.3375,28.75416667,28.69166667,27.95833333,28.17916667,28.2625,27.84583333,27.65833333,27.6125,27.66666667,27.2125,26.5,26.15,25.80833333,25.00833333,24.79583333,24.3875,23.625,23.825,23.85416667,23.5,23.7,23.22916667,23.18333333,22.76666667,22.19166667,21.89166667,21.37083333,21.59583333,21.1875,21.20416667,,
347.9899437,0.062393822,,,,31.55,31.40416667,30.69583333,29.7375,29.20416667,28.625,27.97916667,27.56666667,27.2375,26.825,26.18333333,27.1125,27.17916667,26.68333333,26.37916667,26.05416667,25.42083333,24.88333333,24.59583333,24.2,23.875,23.30833333,23.38333333,22.9,22.84583333,22.61666667,22.30833333,21.92916667,21.55416667,21.8625,21.575,21.70416667,21.38333333,22.1375,21.925,20.7375
376.2232357,0.062588235,,,,31.76666667,31.24166667,30.17916667,29.45833333,28.775,28.31666667,27.73333333,27.01666667,26.75416667,26.13333333,26.89166667,27.6375,27.225,26.86666667,26.14166667,25.63333333,24.775,24.90833333,24.92916667,24.28333333,23.8,24.1125,24.07083333,23.73333333,23.19166667,22.97083333,22.79166667,22.42083333,22.0375,21.8375,21.225,20.9125,20.8125,21.17083333,20.275,
277.2144227,0.164824903,,,,31.63333333,31.67083333,30.88333333,29.70833333,29.22083333,28.52083333,27.95833333,27.35416667,26.90416667,26.34166667,25.8,27.07916667,27.1125,26.85833333,26.5125,26.12916667,25.5375,24.91666667,24.54583333,23.8375,23.43333333,23.2625,23.16666667,23.10833333,22.93333333,22.74583333,22.65833333,22.09166667,21.90416667,22.09583333,21.66666667,21.59583333,21.52083333,21.44583333,,
345.1266535,0.048522727,,,,,31.38571429,30.9625,30.16666667,29.2625,28.6125,27.90833333,27.32916667,27.14166667,26.83333333,26.47083333,27.52916667,27.81666667,27.22916667,27.30416667,26.60833333,26.15833333,25.3375,25.47083333,25.41666667,24.56666667,24.39166667,24.20416667,24.4625,24.44166667,23.47916667,23.6375,22.9,22.94583333,22.02916667,21.89166667,22.25416667,21.18333333,20.9,21.03333333,20.42083333
340.500269,0.083579767,,,,31.3,30.89166667,29.96666667,29.1375,28.50833333,28.22083333,27.66666667,27.13333333,26.53333333,25.98333333,25.42916667,26.275,26.63333333,26.425,26.42916667,25.7625,25.45,25.27083333,25.15833333,24.79583333,24.05833333,23.425,23.47916667,23.075,23.04583333,23.325,22.92916667,22.35416667,22.375,22.70416667,22.3,21.99583333,21.89166667,22.05416667,22.4875,21.45833333
349.6908477,0.078181818,,,,,31.16666667,30.65,29.59583333,28.74583333,28.24166667,27.92083333,26.89583333,26.64583333,27.03333333,26.3375,26.90416667,27.41666667,27.2375,26.975,26.625,26.26666667,25.79583333,25.57083333,25.22083333,24.90416667,24.52916667,23.89166667,23.725,24.075,23.92916667,24.10416667,23.68333333,23.025,22.14583333,21.64166667,21.55416667,20.98333333,21.47916667,21.68333333,
356.5828739,0.047191011,,,,,31.13333333,30.61666667,29.77083333,28.94583333,28.3625,28.34166667,27.65416667,27.37083333,26.88333333,26.29166667,27.27083333,27.43333333,27.15416667,26.91666667,26.375,25.70416667,25.32916667,24.98333333,24.64583333,24.24583333,23.72083333,23.20833333,23.05833333,22.74583333,22.6,22.62916667,22.35416667,21.63333333,21.3375,21.6125,21.275,20.8875,21,21.62083333,22.3
354.7627975,0.050461538,,,,,31.13333333,30.73333333,29.67083333,28.675,28.1375,27.67083333,27.2125,26.85,26.52916667,26.30833333,27.18333333,27.7875,27.16666667,27.04583333,26.20416667,25.88333333,25.80416667,25.32916667,24.8375,24.5,24.26666667,24.07083333,24.00416667,23.97083333,23.48333333,23.19166667,22.825,22.47083333,21.975,22.04583333,21.78333333,21.3,20.61666667,21.1875,20.7375
329.5635731,0.06247191,,,,,30.86666667,30.52083333,29.5875,28.85,28.44166667,27.9,27.38333333,27.37916667,26.7125,26.1625,27.45,27.97083333,27.38333333,27.4125,26.79166667,25.77083333,25.41666667,25.23333333,25.14583333,24.80416667,24.6375,23.89583333,23.85833333,23.24166667,23.57083333,23.85833333,23.69583333,23.81666667,24.0625,24.59583333,24.50416667,24.00416667,24.37916667,24.94166667,25.17083333
352.8727388,0.048615385,,,,,30.28333333,29.85,28.97083333,28.04583333,27.37083333,26.9625,27.22083333,27.29166667,26.55416667,26.275,27.23333333,28.02916667,27.66666667,27.29583333,26.1875,25.4,25.41666667,24.9,24.83333333,24.1625,24.19166667,24.09583333,24.125,24.27083333,23.4875,23.32916667,22.525,21.22916667,20.925,21.30833333,21.4,21.02083333,20.5,20.95833333,20.12916667
342.2310823,0.042910448,,,,,,,,,,,,,,,,,,,,,25.08888889,25.27916667,25.3125,24.97916667,24.65416667,24.525,23.89166667,22.99583333,22.95833333,23.0625,22.50833333,21.74583333,21.53333333,21.625,21.23333333,20.94166667,20.75833333,21.025,
328.7857388,0.062653846,,,,,31.2,30.58333333,29.67916667,28.85,28.36666667,27.9125,27.5,27.30416667,26.8125,26.53333333,27.225,27.97083333,27.40416667,26.87083333,26.42916667,26.11666667,25.60416667,25.00416667,25.36666667,24.76666667,24.5125,23.78333333,23.825,23.6125,23.39583333,23.46666667,23.2375,22.57916667,22.48333333,22.09166667,21.7875,21.1625,20.77916667,20.89166667,20.37916667
322.2587249,0.058277154,,,,,31.1,30.57083333,29.65416667,28.99583333,28.2625,27.74166667,27.3125,27.0625,26.85,26.1375,27.11666667,27.46666667,27.1375,26.9,26.4375,25.8,25.32083333,24.94583333,24.5625,24.1375,23.73333333,23.35833333,23.19583333,22.92083333,22.4125,22.60416667,22.325,21.65,21.40416667,21.6,20.925,20.59583333,20.29166667,20.69583333,20.92083333
309.8250686,0.151627907,,,,,,29.7,29.44583333,28.45416667,28.04583333,27.45,26.96666667,26.8375,26.39166667,25.7875,26.70833333,27.19166667,26.9375,26.35416667,25.8875,25.52083333,24.96666667,24.75,24.05833333,23.68333333,23.74583333,23.32083333,23.24583333,23.10416667,22.5,22.77083333,22.67083333,22.425,21.85416667,21.5375,21.27083333,20.55833333,20.325,20.15,20.22083333
354.3846465,0.061930502,,,,,,30.13333333,29.95416667,29.12916667,28.33333333,27.82083333,27.37083333,27.0625,26.57083333,26.26666667,26.95416667,27.64583333,27.26666667,27.22083333,26.32083333,25.32916667,24.9,24.35416667,23.92916667,23.54583333,23.44583333,22.89583333,22.6875,22.67083333,22.3,22.02916667,21.99166667,21.82916667,21.1125,21.00833333,21.12916667,20.72083333,21.1,21.10416667,21.45833333
237.6339894,0.176833977,,,,,,,,,,,,,,,,,,,,,,24.78888889,24.16666667,23.76666667,23.62916667,23.15416667,22.80833333,22.74166667,22.36666667,22.38333333,22.15416667,21.6875,21.49583333,20.94583333,21.24166667,21.325,22.07083333,21.5875,21.175
352.1063083,0.083861004,,,,,,32.56666667,32.42083333,31.6625,30.61666667,28.94583333,28.91666667,28.10416667,27.86666667,27.21666667,27.575,27.40833333,26.96666667,26.37083333,25.97916667,25.05416667,24.80416667,24.56666667,24.37083333,24.6125,24.59583333,24.04583333,23.11666667,22.96666667,22.7375,22.72083333,22.58333333,22.3625,21.61666667,21.08333333,21.54583333,20.9375,20.5,20.575,20.89583333
406.972692,0.040536913,,32.66666667,32.2375,31.67916667,30.8,30.9375,31.65416667,30.64583333,29.65,29.55833333,29.01666667,28.5125,27.52083333,27.67083333,27.06666667,26.78333333,26.38333333,25.62916667,25.85416667,25.725,25.2625,24.37916667,23.90416667,23.6125,23.46666667,23.6375,23.3875,23.41666667,23.4375,23.45833333,22.77916667,22.9125,23.2,22.7,22.05,21.40416667,21.09166667,20.37083333,
383.0216476,0.07409396,,32.74285714,32.38181818,31.67916667,30.825,30.9,31.76666667,30.30833333,29.56666667,29.20833333,29.11666667,28.21666667,28.225,27.57083333,27.27916667,27.30833333,26.64583333,26.0125,26.05416667,25.77916667,25.26666667,24.79583333,24.40833333,23.63333333,23.57083333,23.87916667,23.775,23.29583333,23.07916667,23.1875,22.81666667,23.04583333,23.29166667,22.9625,22.2125,21.44166667,20.89166667,20.28333333,
398.5367886,0.046241611,,,,31.56666667,30.80416667,30.94583333,31.49166667,30.43333333,29.7625,29.57916667,29.20416667,28.4875,28.25416667,27.6,27.61666667,27.10833333,26.68333333,26.37083333,25.99166667,25.59166667,25.27083333,24.53333333,24.21666667,23.52083333,23.3125,23.825,23.75833333,23.62916667,23.42083333,23.125,22.96666667,23.25833333,22.70416667,22.30416667,21.62083333,21.15833333,20.98333333,20.275,
347.5676201,0.055743243,,35.45833333,33.525,31.70416667,30.8,30.95,31.51666667,30.825,29.6125,29.3,29.1,28.52083333,28.29583333,28.15833333,27.57916667,27.13333333,26.8375,26.33333333,26.32916667,26.1125,25.79166667,25.07083333,24.875,23.86666667,23.92916667,24.17083333,24.04166667,23.59583333,23.37916667,22.90416667,22.4125,22.2625,22.6375,21.90416667,21.38333333,20.8125,20.12083333,19.78333333,
385.8322833,0.045230769,,,,31.46666667,30.80416667,31.15,31.43333333,30.53333333,29.87083333,29.57916667,29.32083333,29.03333333,28.5,28.20416667,27.31666667,26.87083333,26.4875,25.63333333,25.51666667,25.5,25.39583333,24.975,24.70833333,24.21666667,23.76666667,23.68333333,23.64166667,23.27916667,23.3125,22.675,22.64166667,22.675,22.75416667,22.10833333,21.45833333,20.925,20.725,20.2125,
342.6136269,0.070852459,,32.31666667,33.0375,32.45833333,30.5,30.82916667,31.475,30.47083333,29.51666667,28.94166667,28.95833333,28.30416667,27.74166667,27.775,27.1125,26.46666667,25.94166667,25.45416667,25.45833333,25.24583333,24.62083333,24.15416667,24.41666667,23.42916667,23.27916667,23.325,23.32916667,23.05833333,23.07916667,23.025,22.4,22.43333333,22.60416667,22.0875,21.84166667,21.075,20.675,19.62083333,
361.8921896,0.044983498,,34.63636364,34.25,34,33.1625,32.28333333,31.32083333,30.45833333,29.92916667,28.52083333,28.82916667,28.21666667,27.54583333,27.75416667,27.29583333,26.77083333,26.05833333,25.7875,25.55,25.1,24.40833333,24.2375,23.74166667,23.13333333,22.8875,23.4875,23.19583333,23.025,22.7125,22.725,22.15833333,22.67083333,22.91666667,21.98333333,21.6125,20.97083333,20.25833333,20.12916667,
380.2122773,0.051353135,,32.41818182,32.0375,31.47083333,30.5,30.7625,30.83333333,30.10833333,29.75416667,29.42916667,28.2625,28.22916667,27.85,27.94583333,27.34166667,26.86666667,26.39583333,25.75,25.62083333,25.02916667,24.84583333,24.45833333,24.25416667,23.5875,23.76666667,23.96666667,23.38333333,22.92916667,22.80416667,22.75833333,22.36666667,22.8875,23.16666667,22.34583333,21.16666667,20.80833333,20.59166667,20.4125,
415.8780565,0.061469534,,32.29230769,32.14583333,31.39583333,31.4625,32.14583333,31.21666667,30.3375,29.51666667,28.475,28.32916667,28.1375,27.59583333,27.48333333,27.24583333,27.1,26.55416667,26.17916667,25.6375,24.83333333,24.6125,24.33333333,23.47916667,23.30833333,23.69166667,23.5625,23.42083333,23.32916667,23.07916667,23.11666667,23.34166667,22.62083333,22.125,21.62916667,21.125,20.40416667,20.325,20.025,
408.6564997,0.063701068,,32.28461538,32.0375,31.42083333,31.4625,32.19583333,30.8125,30.07916667,29.49166667,28.9125,28.6625,28.10833333,27.74166667,27.6,27.20833333,26.9625,26.5375,26.02916667,25.47916667,25.225,24.55,24.44583333,24.0125,23.8125,23.725,23.49583333,23.09583333,23.37083333,23.44166667,22.87916667,22.95,22.77083333,22.4875,21.9,20.74166667,19.95416667,20.07916667,19.72916667,
340.0829789,0.074485981,,,,31.13636364,29.99583333,29.50833333,30.47083333,29.67916667,29.94583333,29.09166667,27.88333333,28.2125,27.69166667,27.78333333,27.20833333,27.02916667,26.4,25.72083333,25.59166667,25.30833333,25.58333333,25.1625,24.6125,24.06666667,24.07083333,24.05833333,23.85416667,23.94583333,23.675,23.50833333,22.44166667,22.35833333,22.39583333,21.9875,21.77916667,21.8625,21.3875,20.4,20.10416667
319.617198,0.055,,31.81818182,31.6125,31.08333333,30.35416667,30.20416667,31.12916667,30.79583333,29.85,29.24583333,28.95833333,28.72916667,28.28333333,27.875,27.73333333,26.99583333,26.61666667,25.86666667,26.075,26.0125,25.47083333,24.97916667,24.82916667,24.68333333,24.43333333,24.60416667,24.225,24.49583333,24.2625,23.67083333,23.57083333,23.075,23.025,23.35416667,23.12083333,22.65,21.7,21.05833333,
331.0108416,0.050987261,30.84375,31.64166667,31.125,30.49166667,29.67916667,29.60416667,30.7625,30.5125,29.47083333,28.82083333,28.67916667,28.575,28.25,27.82916667,27.41666667,26.95833333,26.475,26.23333333,25.875,25.80833333,24.87916667,24.83333333,24.78333333,24.57083333,24.45416667,24.20416667,24.15833333,24.18333333,23.5125,23.3625,22.875,22.95833333,22.8625,22.74583333,21.72916667,21.24166667,20.90416667,,
306.0677341,0.07133758,,32.04,32.32916667,31.05833333,30.37916667,30.29583333,31.20416667,30.79166667,30.00833333,29.40833333,29.07083333,28.75416667,28.4375,28.15,27.56666667,27.09583333,26.425,25.59583333,25.59583333,25.4375,24.975,24.7625,24.5125,24.3125,24.375,24.67083333,24.525,24.42916667,23.78333333,23.68333333,24.15,23.8875,23.4875,22.15416667,21.64583333,21.3,20.94583333,20.25833333,
362.2116601,0.03075,,33.7,34.1625,33.62916667,32.96666667,32.275,31.55416667,30.74166667,29.84583333,29.21666667,28.65416667,28.62083333,28.3125,27.78333333,27.14166667,26.82083333,26.58333333,26.35833333,26.24166667,25.8,25.22083333,24.5875,24.35416667,23.97916667,24.07083333,24.01666667,23.875,23.47083333,23.3875,22.92916667,23.075,23.82916667,23.0125,22.17916667,21.87916667,21.42916667,21,20.24166667,
342.3112917,0.0532,,32.6,32.5,31.55833333,30.85416667,30.70416667,31.63333333,31.02916667,30.475,29.95833333,29.5125,29.25416667,28.675,28.54583333,28.2,27.625,27.29583333,26.50833333,26.3375,26.15,25.64583333,25.28333333,24.99166667,24.65416667,24.60833333,24.32083333,24.175,24.05,23.9875,23.5625,23.64583333,23.64583333,23.7125,23.26666667,21.85416667,21.57916667,20.825,20.225,
375.4154921,0.067400612,,,31.73333333,30.58333333,29.82916667,29.74583333,30.875,30.4375,29.65833333,29.36666667,28.60416667,28.74583333,28.09583333,27.71666667,27.33333333,26.8375,26.40416667,26.12083333,26.16666667,25.97916667,25.25,24.65416667,24.44166667,24.20833333,24.49166667,24.42083333,24.42916667,24.72083333,24.65833333,23.82916667,24.19166667,24.25416667,23.3125,22.17083333,21.7,21.44583333,20.75,,
380.8737607,0.054969325,,,31.6875,31.05833333,30.35416667,30.10416667,31,30.39583333,29.7,29.2125,28.575,28.47083333,28.2375,28.00833333,27.50416667,27.0125,26.6625,26.09166667,26.1875,25.95,25.18333333,24.57083333,24.4625,24.40833333,24.11666667,24.29166667,24.07916667,24.76666667,24.59166667,23.79166667,24.69166667,24.42083333,23.75833333,22.7,21.50416667,21,20.90416667,,
344.474847,0.09829653,,32.26153846,32.37916667,32.40416667,31.59583333,31.0375,30.775,30.45416667,29.7,28.94166667,28.89583333,28.40833333,27.67083333,27.4625,27.19166667,26.70416667,26.125,25.4875,24.74166667,24.50833333,24.2625,23.96666667,23.29583333,22.725,22.11666667,21.56666667,21.99583333,21.47083333,21.4125,21.25833333,19.89583333,19.80833333,20.42083333,19.925,19.725,19.65833333,19.35833333,19.34583333,19.00416667
287.0096196,0.066131805,,31.63076923,32.34166667,33.2875,32.525,31.9125,31.54166667,30.93333333,30.22916667,29.64583333,29.34166667,28.6,28.23333333,27.6125,27.39583333,27.00416667,26.5,25.92083333,25.2,24.88333333,24.89166667,24.05833333,23.7125,23.35,22.4875,22.34583333,22.36666667,21.99166667,21.85833333,21.05833333,20.30833333,20.025,20.10416667,19.50416667,19.525,19.25416667,19.24583333,18.825,18.35
368.8729589,0.073459119,,32.63076923,32.67916667,32.1875,31.5625,30.91666667,31.01666667,30.6375,29.45,29.09583333,28.74583333,28.48333333,27.69583333,27.57916667,27.125,26.89583333,26.24166667,25.62916667,24.925,24.575,24.25416667,23.95,23.3625,22.75416667,21.95833333,21.69583333,22.07916667,21.76666667,21.52916667,21.53333333,20.45833333,20.17916667,19.25,19.60833333,19.6125,19.14166667,19.25,19.51666667,19.23333333
337.4064683,0.054741379,,32.69230769,33.44583333,32.82083333,32.29166667,31.72916667,31.775,31,29.9875,29.7375,29.45833333,28.72083333,28.17916667,27.7375,27.40416667,26.8625,26.175,25.35833333,25.1875,24.90833333,24.59166667,24.2625,23.525,22.80416667,22.775,22.65833333,22.5625,22.5625,22.275,21.6125,20.97916667,20.24583333,20.19166667,20.45,19.9625,19.62916667,19.92083333,19.4125,
350.7728958,0.106040268,,33.04615385,33.2625,32.89166667,32.10833333,31.49166667,31.05833333,30.64583333,29.725,29.11666667,28.85833333,28.48333333,27.69583333,27.57916667,27.38333333,26.825,26.275,25.7625,25.12916667,24.60833333,24.29166667,23.96666667,23.59166667,22.98333333,22.3625,22.25833333,22.40416667,22.2,21.97083333,22.2125,20.925,20.4125,20.40833333,20.2125,19.9125,19.21666667,19.48333333,19.525,19.24583333
343.7514386,0.043084112,,31.76153846,32.80416667,32.6125,31.99583333,31.05,31.05,30.6875,29.62083333,28.8125,28.56666667,27.89166667,27.725,27.44583333,26.65,26.14166667,25.80416667,25.34166667,25.225,24.71666667,24.3625,24.0625,23.6375,23.60416667,23.1,23.02916667,23.31666667,22.525,21.8875,21.725,21.375,20.8125,21.02083333,20.5625,20.3,20.04166667,19.87083333,,
310.9400941,0.132121212,,32.93076923,33.34166667,33.45416667,32.85833333,32.05416667,31.67916667,30.75,29.97916667,29.18333333,28.74583333,28.4625,27.78333333,27.59166667,27.24583333,26.9375,26.50416667,25.80416667,25.1875,24.64166667,24.3375,24.05416667,23.25833333,22.9875,22.34583333,22.20833333,22.2625,22.125,22.1875,22.27916667,21.27916667,20.65,19.60416667,19.86666667,19.82083333,19.44583333,19.25416667,19.15,18.90833333
324.535872,0.045327103,,32.60769231,33.2375,32.64583333,32.26666667,31.725,30.72916667,30.55416667,29.84166667,28.825,28.66666667,28.60416667,28.0875,27.5375,27.2,26.69166667,26.34166667,25.45833333,25.31666667,25.0125,24.50833333,23.9625,23.3875,23.30833333,23.13333333,22.92916667,23.25,22.64583333,22.18333333,21.95416667,21.625,21.29166667,20.70833333,20.7375,21.42916667,20.55833333,20.3875,,
308.4416666,0.108817568,,32.62083333,33.43846154,32.87916667,32.125,31.5,31.4625,30.76666667,29.92083333,29.34166667,28.82083333,28.62916667,27.875,27.525,27.4375,27.09166667,26.6625,25.94583333,25.65,25.37083333,24.89583333,24.6125,24.21666667,23.56666667,23.075,22.675,22.71666667,22.40416667,22.30416667,22.42083333,21.1875,21.00833333,19.94583333,20.04583333,20.47083333,19.82916667,19.92916667,,
356.5052273,0.046037736,,31.83076923,33.01666667,32.39583333,32.19583333,31.8875,31.09166667,30.3875,29.65,29.09583333,28.72083333,28.54166667,28.37083333,27.55416667,27.04166667,26.59583333,26.17083333,26.02916667,26.1125,25.5,24.77083333,24.3,24.0625,23.7375,23.42916667,23.23333333,23.14583333,22.0375,21.79583333,21.28333333,21.4375,20.69166667,20.37083333,19.8625,19.67916667,19.27083333,19.56666667,18.67083333,17.8
275.7992374,0.053826087,,32.59230769,33.86666667,33.69583333,32.94583333,32.3125,31.72916667,31.10833333,30.07916667,29.75833333,29.3875,28.6625,28.17083333,27.52083333,27.25833333,26.84166667,26.34583333,25.7375,25.34166667,24.83333333,24.57083333,24.2125,23.5375,23.18333333,22.71666667,22.8625,22.35416667,22.4125,22.23333333,21.54166667,20.975,20.275,20.14166667,19.74166667,19.45833333,19.28333333,18.675,18.59166667,
297.4231895,0.057861635,,32.16923077,32.99583333,32.3625,32.32083333,31.825,30.95,30.35,29.65416667,28.80833333,28.68333333,28.29166667,28.1125,27.65416667,26.94583333,26.35416667,25.9375,25.5125,24.95,24.58333333,24.37916667,23.96666667,23.375,23.05,22.82083333,22.74166667,22.8125,22.08333333,21.40833333,20.98333333,20.75416667,20.52083333,20.00416667,19.9875,19.51666667,19.22916667,18.89166667,18.425,17.80833333
386.0584955,0.074074074,,33.21702128,32.725,30.31145833,29.61458333,29.00729167,28.403125,27.58020833,26.959375,28.89583333,28.64791667,28.375,28.45104167,27.796875,27.15729167,26.61354167,26.19895833,25.98229167,25.70416667,25.38645833,24.709375,24.36770833,24.37291667,23.496875,22.52291667,21.821875,21.66458333,21.99479167,22.4375,22.44166667,21.74583333,20.71875,19.60625,19.40625,19.56041667,19.18125,18.728125,18.47916667,18.846875
286.2050168,0.109945652,,,,31.78571429,,,,,,,,,,,,26.95263158,26.87395833,27.065625,27.14895833,26.596875,26.515625,26.44270833,26.19270833,24.090625,23.79583333,23.84895833,23.73333333,24.171875,24.61666667,24.00104167,23.25208333,22.76979167,22.06770833,21.76770833,20.61354167,19.78541667,20.02291667,,
311.2818875,0.08263587,,,,,,,,,,,29.04716981,28.709375,28.084375,27.48333333,27.00833333,26.83492063,,,,,24.58125,24.70833333,24.04583333,22.69166667,22.31875,22.59375,21.35,23.71666667,22.81770833,22.80104167,22.14479167,21.54895833,20.73970588,20.6421875,19.796875,19.115625,18.97395833,19.703125,
324.2882519,0.061362398,,,,,,,,,,30.51034483,29.625,29.26875,29.05520833,28.346875,27.58390805,,,,25.635,25.85520833,25.146875,24.89895833,24.60833333,23.796875,22.734375,22.11770833,22.9875,22.49895833,22.54791667,22.671875,22.65104167,22.02916667,21.28125,20.85416667,20.534375,19.865625,19.31145833,18.9125,19.753125
308.322719,0.053989071,,,,,,,,,,,,,,,,,,,,,,,,,,,21.89859155,22.24479167,22.625,22.90833333,22.30104167,20.15333333,,,,20.25268817,19.40104167,19.80625,21.00729167
359.9047096,0.064661654,,,,,,,,,,,,,,,,,,,25.40232558,25.34270833,25.48958333,25.2125,24.596875,23.8,23.08275862,22.525,22.08229167,22.16770833,22.66041667,22.90625,23.03125,22.71979167,22.19166667,21.44479167,21.19583333,20.59895833,20.22916667,19.48958333,19.13854167
334.2683738,0.057889447,,,,,,,,,,,,,,,,,,,26.20921053,26.49270833,26.20416667,25.42395833,25.44270833,25.20416667,24.78229167,22.65416667,22.553125,23.00833333,23.05208333,23.38541667,24.01354167,23.51354167,21.94270833,21.4078125,,20.70120482,20.36666667,19.39270833,19.10104167
282.7241428,0.094953271,,,,,,29.9826087,29.46354167,28.8125,28.11770833,29.65729167,29.42571429,,,,,,,,,,,,,,,,,,,24.33333333,23.575,23.23229167,22.33541667,20.87083333,20.79375,20.415625,19.9,18.978125,19.153125
246.6692008,0.157399381,,,,30.1,,,,,,,,,,,,,,,,,,,,,24.56486486,23.59583333,,,,23.44230769,22.84583333,23.034375,23.29583333,21.88125,20.92395833,20.90520833,20.07708333,19.76770833,18.99375
343.8321514,0.051795666,,,32.38333333,31.31666667,30.54791667,29.92083333,29.26145833,28.53958333,27.90104167,29.88958333,29.56979167,29.22428571,,27.79019608,28.01041667,27.409375,26.89166667,26.34791667,25.73229167,25.30729167,25.13020833,25.00833333,24.74558824,,,22.83584906,22.54166667,22.1125,22.17083333,22.46875,22.390625,22.43958333,22.446875,21.33333333,20.078125,20.21770833,19.83958333,19.36770833,18.671875
283.5588159,0.173204225,,,,,,29.23733333,28.61979167,27.93333333,27.51145833,29.409375,29.2875,29.12395833,28.784375,28.609375,28.51354167,28.40833333,27.74895833,27.215625,25.715625,25.56458333,25.6,25.4,,,24.62692308,24.484375,23.55416667,22.359375,22.03541667,22.02604167,22.03541667,21.98645833,22.50416667,21.83333333,20.01666667,19.00208333,18.66666667,18.37083333,17.634375
396.3171601,0.062133333,,,,,,,,,,,,,,28.46067416,28.24270833,27.37395833,26.68541667,25.78541667,25.43333333,24.915625,24.94153846,,,23.39677419,24.021875,22.64479167,21.95625,21.55833333,21.45416667,21.534375,21.48125,21.37708333,21.21875,19.66145833,18.85416667,18.42708333,18.09166667,17.71041667,17.14479167
361.415592,0.059667774,,,,,,,,,27.85,29.51979167,29.43541667,29.33125,29.14895833,29.06458333,28.56590909,27.90921053,27.16979167,25.99479167,25.878125,25.41875,25.29090909,,,,,,,22.64029851,22.58333333,22.50208333,22.346875,22.571875,22.52083333,21.721875,20.66770833,19.259375,19.55104167,19.50208333,18.47291667
310.688868,0.078910891,,,,,,,,,,,,,,,,27.72368421,27.05833333,25.82708333,25.53229167,25.21041667,24.99090909,,,,,,,,,,,,,,18.5969697,18.246875,17.896875,17.571875,
360.8722929,0.07009901,,,,,,,,,,,29.1921875,28.88958333,28.61458333,28.15625,27.996875,27.70384615,,,,,,,,,,23.49056604,22.88645833,22.46354167,22.725,22.69166667,22.26145833,22.12083333,19.85,,,18.98043478,18.89479167,18.571875,17.70208333
267.7488945,0.099721362,,,,,,,,,,,,,,,,,,,,,,,,,,,,21.73888889,22.72604167,22.934375,23.05520833,23.134375,23.009375,20.5,,20.68043478,20.3,19.88541667,18.77604167
279.7358131,0.090277778,,,,,,,,,,,29.72987013,29.67916667,29.12916667,29.03020833,28.603125,28.26458333,27.409375,27.1375,,,26.30617284,26.47604167,26.16458333,25.496875,24.67395833,23.54791667,22.9125,22.98645833,22.89583333,23.17291667,23.74791667,23.496875,22.24494382,20.8125,20.75520833,20.52395833,20.125,19.37395833,19.27604167
315.3400652,0.119252336,,,,,,,,,,,,,29.07142857,29.08854167,28.67708333,28.16770833,27.02395833,26.80625,26.50104167,26.4625,26.02931034,,,,,,,,,,,,20.83289474,19.73020833,19.55208333,19.178125,18.71770833,18.19791667,17.83541667
252.5802617,0.0803125,,,,,,,,,,,,,,,,,,,,,,25.3402439,24.93020833,24.525,23.215625,22.43958333,22.19895833,22.109375,22.36145833,22.24791667,22.49791667,21.81145833,20.371875,19.36354167,19.175,18.96354167,18.61145833,18.03854167,
345.9203928,0.070155763,,,,,,,,,,,,,,,28.34102564,27.70104167,26.52604167,26.265625,26.12604167,25.91145833,25.6,25.41875,24.8375,25.04895833,24.2375,22.90729167,22.51770833,22.575,22.79322034,,,,,,18.54666667,19.88125,19.48229167,18.840625,18.97604167
350.8505784,0.048163265,,,,,,,,,,,,,,,,,,,,,,,,23.39375,22.80104167,22.203125,22.04895833,22.21354167,22.3625,22.44166667,21.86458333,20.66041667,19.79583333,19.553125,19.31354167,18.84479167,18.31041667,18.03333333,18.59270833
345.61831,0.07579661,,,,,,,,,,,,,,,,,,,,,,,,,,,,,,,22.05333333,20.64583333,19.784375,19.63645833,19.30625,18.84895833,18.34375,18.32708333,18.840625
329.8691357,0.084285714,,,,,,,,,,,,,,,,,,,,,,,,,,,,,,,,,,,19.72181818,19.565625,18.88020833,18.7125,18.91666667
371.0991612,0.06804428,,,,,,,,,,,,,,,,,,,,,,,,23.4,23.21875,22.478125,22.559375,22.98125,23.39375,23.88854167,22.31354167,20.90520833,19.75520833,19.57291667,19.41354167,19.48229167,18.87395833,,
395.2528883,0.076144578,,32.18666667,32.425,32.00416667,31.275,30.94166667,30.62916667,29.85833333,29.06666667,28.69166667,28.20833333,28.025,27.59166667,27.68333333,26.99583333,26.60833333,26.50833333,25.84166667,25.7875,25.00416667,24.21666667,23.25,23.14166667,23.01666667,22.36666667,22,21.7125,21.53333333,21.60416667,20.77916667,20.15833333,19.36666667,19.0125,18.875,18.98333333,18.96666667,19.25416667,18.25,
380.6791663,0.058928571,30,30.94583333,31.32916667,31.17083333,30.30833333,30.93333333,30.775,29.77083333,29.07083333,28.60416667,28.2375,28.1875,27.8875,27.30833333,26.92916667,26.61666667,26.15833333,26.375,25.9,25.1375,24.75833333,24.25833333,23.54583333,23.10833333,22.70416667,22.49583333,22.14166667,22.21666667,21.3875,20.92916667,20.35,20.14583333,20.04583333,20.15,19.82916667,19.79166667,19.34583333,18.32083333,17.94583333
381.0222097,0.036291391,,32.24666667,32.30833333,31.1875,30.8375,30.38333333,29.67083333,28.6125,29.1125,28.45416667,27.94166667,27.7625,27.3875,27.0125,26.57916667,26.25416667,25.9625,25.64583333,25.76666667,25.07083333,25.2375,24.17916667,23.6,23.19166667,22.88333333,22.55416667,22.4,22.02083333,22.1375,21.30416667,20.42916667,20.43333333,20.9625,20.3875,20.20833333,19.73333333,19.63333333,18.82083333,17.94583333
393.1016058,0.039205298,,32.4,32.07083333,31.1875,30.83333333,30.20416667,29.34166667,28.34166667,29.12916667,28.57083333,27.98333333,27.82916667,27.49583333,27.34583333,26.6625,26.70416667,26.46666667,26.02083333,26.275,25.59166667,25.7125,24.57916667,23.9,23.68333333,23.55416667,23.25833333,22.89166667,22.55416667,22.54583333,22.175,21.00416667,20.63333333,20.63333333,20.31666667,20.09166667,19.57083333,19.68333333,19.12916667,18.24583333
369.5978714,0.046887417,,32.51333333,32.27916667,31.1875,30.75833333,30.12083333,29.375,28.49166667,29.3625,28.55,28.15,27.88333333,27.81666667,27.24166667,26.6125,26.45,26.12916667,25.43333333,25.37916667,24.8375,25.45,23.5375,23.19583333,22.85416667,22.35,22.60833333,22.03333333,22.01666667,22.21666667,21.60833333,20.75,20.325,19.60416667,19.12916667,19.0125,18.9375,18.85833333,17.8875,17.37083333
341.9281104,0.111202749,,32.8,32.275,31.1875,30.8125,30.14166667,29.36666667,28.47083333,29.14583333,28.46666667,28.22083333,27.96666667,27.75,27.19583333,26.7,26.58333333,26.11666667,25.48333333,25.59166667,25.17916667,25.50833333,23.825,23.39583333,23.07916667,22.875,22.54583333,22.2375,21.83333333,22.06666667,21.79583333,20.44166667,19.92083333,19.93333333,19.3125,18.9875,18.575,18.45833333,17.22083333,17.14166667
420.7948273,0.02929368,,31.24,30.94583333,31.17083333,30.28333333,29.79583333,28.90416667,27.93333333,28.65833333,28.63333333,28.20416667,28.0375,27.44166667,27.05,26.7625,26.425,26.175,26.425,25.92083333,25.81666667,24.5875,23.85,23.51666667,23.7125,23.20416667,22.44166667,22.47916667,22.77916667,22.20833333,21.34166667,20.71666667,20.95833333,20.67916667,19.95833333,19.93333333,19.60833333,18.66666667,18.05833333,18.02916667
377.0225684,0.048823529,,,,,,,28.88695652,27.80416667,28.77916667,28.475,28.09583333,27.92083333,27.2125,26.77083333,26.67916667,26.44583333,25.675,25.92916667,25.34583333,25.43333333,23.89583333,23.5,23.20833333,22.95416667,22.77083333,22.20416667,21.99583333,22.29166667,21.9,20.77916667,20.075,20.06666667,19.9125,19.42083333,19.62916667,19.34166667,18.92916667,18.50833333,18.525
349.9915644,0.058823529,,31.35333333,31.17083333,31.49583333,30.42083333,29.47083333,28.6875,27.6875,28.6375,28.35833333,27.94583333,27.9,27.25833333,26.8625,26.48333333,26.1625,25.5625,26.0875,25.76666667,25.91666667,24.35,23.96666667,23.33333333,22.775,22.8,21.84166667,21.675,21.3875,21.0625,20.80416667,20.83333333,20.48333333,20.3,19.8625,19.88333333,19.59583333,18.94166667,18.5625,18.81666667
375.0038523,0.045294118,,30.36666667,30.99583333,31.14615385,30.28333333,29.5125,28.65833333,27.71666667,28.675,28.69333333,,,,,,,,,,25.28571429,24.2375,23.77916667,23.625,23.3,23.13333333,22.5,22.25416667,22.6125,22.44583333,21.3375,20.725,20.325,19.49166667,19.50416667,19.45,19.21666667,18.125,18.2875,18.52916667
383.3042146,0.047352941,,31.41333333,31.00416667,31.17083333,30.28333333,29.4625,28.62916667,27.6875,28.63333333,28.54166667,28.125,27.79583333,27.2875,26.725,26.425,26.1625,25.45416667,25.85,25.6125,25.90416667,24.1375,23.78333333,24.10833333,24.35416667,23.94583333,23.24166667,23.275,23.06666667,22.77916667,21.65833333,21.475,20.82916667,20.725,20.15416667,20.0125,20.14583333,19.72916667,19.5875,19.25
365.3788168,0.056692913,,,,,29.98,29.775,28.925,28.05416667,28.825,28.45416667,28.225,28.22916667,27.59166667,27.15,26.71666667,26.22916667,25.50833333,25.62916667,25.04583333,25.00833333,23.98333333,23.6375,23.20833333,23.06666667,23.07916667,22.375,22.075,21.92083333,21.71666667,20.67916667,20.60416667,20.29583333,19.4875,19.27083333,19.25416667,18.85833333,18.07916667,18.07916667,18.05833333
397.7694275,0.065806452,,,31.5,31.17083333,30.28333333,29.64583333,28.79166667,27.85,28.55,28.75416667,28.47083333,27.82083333,27.40833333,26.92083333,26.82916667,26.24583333,25.8625,25.875,25.26666667,25.40833333,23.94583333,23.70416667,23.825,23.6,23.1,22.7875,22.56666667,22.50833333,22.24583333,21.59166667,20.95833333,20.75416667,20.82083333,20.35833333,20.15,19.775,18.5875,18.9625,19.15
378.9925908,0.057991968,,,,,29.98,29.56666667,28.68333333,27.78333333,28.60416667,28.52916667,28.05416667,27.7875,27.2,26.925,26.92916667,26.50833333,25.59583333,25.85,25.09583333,25.27083333,23.925,23.69166667,23.1375,22.6875,22.55416667,22.025,21.87916667,22.225,21.70416667,20.67083333,20.26666667,19.95,19.60416667,19.62083333,19.50416667,19.1625,18.14583333,17.8125,18.125
372.429871,0.049686275,,31.38666667,31.37083333,31.025,30.18333333,29.67083333,28.5125,27.77083333,28.79583333,28.7625,28.11666667,27.87083333,27.57083333,27.3,26.675,26.55833333,26.09166667,26,24.7375,24.58333333,24.36666667,24.25833333,23.925,23.5375,23.35833333,23.20416667,23.0375,21.975,21.50416667,21.37916667,20.5375,20.0625,20.52083333,20.59583333,20.01666667,20.15833333,20.39166667,19.94166667,19.825
316.6907876,0.069372549,,,,30.66,30.22083333,29.37916667,28.48333333,27.6875,28.59166667,28.70416667,28.15833333,27.95,27.49583333,27.0875,26.3,26.44583333,26.31666667,26.4125,24.92916667,24.6125,24.24583333,23.79583333,23.7125,23.09583333,22.975,22.96666667,22.85833333,21.83333333,21.37083333,21.2,20.30416667,19.575,19.67916667,19.6375,19.27083333,19.675,20.02083333,19.24166667,18.47916667
305.0531444,0.068,,32.07333333,31.725,31.075,30.24583333,29.67083333,28.8625,27.83333333,28.69583333,28.525,28.04166667,27.85833333,27.49583333,27.17916667,26.26666667,26.3375,25.55,25.65,24.55,24.54166667,24.29166667,23.87083333,23.65,23.03333333,22.6625,22.87916667,22.875,21.36666667,21.1875,21.00416667,20.0625,19.70416667,19.87083333,19.79166667,19,18.42083333,19.2,18.72916667,18.0875
338.570211,0.0521875,,,,,,,,,,28.11428571,28.175,27.72916667,27.49583333,27.30416667,26.52083333,26.69583333,25.95416667,25.68333333,24.50833333,24.33333333,23.89583333,23.43333333,23.3,22.61666667,22.31666667,22.40833333,21.9625,21.17083333,21.15833333,20.8125,20.17916667,19.5125,19.57083333,19.525,18.35416667,17.90416667,18.00416667,17.64583333,16.96666667
333.2034292,0.067921569,,,,,,,,,,,,,,,,,,,,24.64285714,24.19166667,23.99583333,23.85833333,23.0625,23.1,23.12083333,22.8625,22.17916667,21.6875,21.7125,20.85416667,20.22916667,20.18333333,20.275,18.8625,19.1875,19.62916667,19.65,18.59583333
381.0116698,0.103598326,,32.29333333,32.35,31.075,30.19583333,29.65833333,28.8875,27.9375,28.72083333,28.43333333,28.35,27.91666667,27.47083333,27.01666667,26.34583333,26.69166667,25.825,25.47083333,24.52083333,24.17083333,23.64166667,23.22083333,22.9375,22.21666667,22.25416667,22.37916667,21.92916667,21.45416667,21.02083333,21.1,20.19166667,19.6875,20.07916667,20.1,18.94583333,18.80833333,19.325,18.98333333,18.05
327.433082,0.192259414,,31.66,31.82083333,31.0375,30.2,29.44166667,28.5125,27.7625,28.75,28.57916667,28.11666667,27.85,27.3875,27.125,26.38333333,26.59583333,25.64583333,25.42083333,24.2625,24.34583333,23.99166667,23.825,23.45833333,22.54583333,22.25416667,22.375,22.45833333,21.45833333,21.07083333,20.74583333,20.75,20.32083333,20.46666667,20.20416667,19.85,20.63333333,,,
387.2575223,0.072175732,,32.32,32.30833333,31.07916667,30.24583333,29.625,28.65,27.875,28.59583333,28.70416667,28.16666667,27.7875,27.49166667,27.2375,26.4125,26.67083333,25.71428571,25.8875,24.77916667,24.45833333,24.63333333,24.175,23.9125,23.425,23.4875,23.27916667,23.22083333,22.48333333,21.79166667,21.54583333,20.70416667,20.0875,19.9875,19.8625,18.99166667,18.02916667,18.60416667,18.34583333,17.38333333
288.8352414,0.061907692,,30.34444444,31.79166667,32.19583333,31.3125,30.39166667,29.54583333,30.04166667,29.77083333,28.54166667,28.64583333,28.225,28.125,27.40416667,27.15833333,26.99583333,26.5125,26.375,25.61666667,24.75,24.37083333,24.3,24.3625,24.18333333,24,23.35833333,22.625,21.75833333,21.47083333,21.55416667,20.94166667,20.59166667,20.8125,21.35416667,20.50833333,19.61666667,18.34583333,17.54583333,17.55833333
377.3913693,0.049824561,,31.06666667,32.00416667,31.60416667,30.70416667,29.82916667,28.99583333,29.5875,29.25,28.49166667,28.4875,28.01666667,27.85833333,27.66666667,27.36666667,26.775,26.79166667,26.0125,25.25833333,24.77916667,24.4125,24.4125,23.9625,24.06666667,23.69166667,22.925,22.25416667,22.03333333,21.89583333,21.33333333,20.7,20.225,20.64583333,20.64166667,21.17083333,20.72916667,19.64583333,19.42083333,
362.2384143,0.059087719,,30.65833333,31.78333333,31.60416667,30.70416667,29.82916667,28.90833333,29.35,29.47916667,28.90833333,28.17916667,28,27.91666667,27.55416667,27.35416667,26.84583333,26.65833333,26.24583333,25.3625,25.32083333,24.9625,25.07083333,24.87083333,24.75833333,24.3625,23.925,23.3875,22.8,22.225,21.42083333,20.6875,20.72916667,20.825,20.44166667,20.52916667,20.06666667,19.21666667,19.1,18.80833333
361.3352255,0.087676768,,30.30833333,31.56666667,31.57916667,30.70416667,29.85,28.8875,29.6,29.49583333,28.90416667,28.19166667,28.175,27.8125,27.34583333,27.1875,26.75,27.04285714,26.30833333,25.64166667,24.7875,24.8375,24.90833333,24.4375,24.55,23.9375,23.3375,22.4,22.275,22.26666667,21.70833333,20.71666667,20.6375,20.65416667,21.06666667,21.29166667,19.6125,18.9625,18.77083333,
338.8205022,0.052162162,,30.55,31.90833333,31.6,30.80833333,29.82916667,29.08333333,29.525,29.54166667,28.875,28.72916667,28.51666667,28.5875,27.48333333,27.36666667,26.96521739,,,,25.3,25.00833333,25.17916667,24.91666667,24.49583333,24.61666667,23.99583333,23.1125,22.75,22.34166667,21.38333333,20.44166667,20.1375,20.82916667,20.70833333,20.22916667,19.65,18.81666667,18.85833333,18.6125
281.4069521,0.0625,,31.25833333,32.6,32.19583333,31.275,30.39166667,29.66666667,30.1375,29.95833333,29.04583333,29.1375,28.64166667,27.91666667,27.72916667,27.19166667,26.875,27.1375,26.79166667,25.91666667,25.0875,25.23333333,25.65833333,25.19583333,24.87083333,23.8625,23.87083333,23.55833333,23.23333333,22.25,21.11666667,20.80416667,21.79583333,21.77916667,21.22916667,21.03333333,20.63333333,19.84166667,20.1125,19.93333333
300.2498924,0.05304918,,32.675,33.14166667,32.19583333,31.27083333,30.39166667,29.49583333,30.09166667,29.7375,28.88333333,28.62083333,28.65833333,27.65,27.00833333,27.32916667,26.79565217,,,,,25.15833333,25.05833333,24.65416667,24.62083333,24.10416667,23.0875,22.50416667,22.25833333,21.75833333,21.1875,21.19583333,21.02916667,20.82916667,20.47916667,20.22916667,19.8,19.0125,19.0125,18.77083333
325.6989695,0.053609272,,31.425,32.65,32.19583333,31.27083333,30.39166667,29.48333333,29.1625,29.29583333,28.50833333,29.6625,28.14583333,27.625,27.47916667,27.0375,26.85217391,,,,24.3125,24.60416667,23.99583333,24.29583333,24.03333333,23.99583333,23.3625,22.60833333,22.20416667,21.925,21.6125,21.43333333,20.90416667,20.9875,20.92083333,21.0375,20.60416667,19.675,19.5125,19.17083333
331.7981521,0.059686411,,31.89166667,32.29166667,31.725,30.92083333,30.175,28.94583333,29.88333333,29.475,29.03333333,28.775,28.57916667,27.9625,27.69166667,27.66086957,,,,,25.85,25.07083333,25.05833333,24.60833333,24.47083333,22.72083333,22.3875,22.10416667,21.5,21.35,21.40416667,20.94166667,20.93333333,20.42916667,20.44166667,19.94166667,19.175,19.31666667,19.25416667,18.94583333
323.130694,0.057038328,,31.025,31.75,31.69583333,30.90833333,30.06666667,28.95833333,29.99166667,29.7375,29.22083333,28.23333333,28.46666667,28.09583333,27.8375,27.70416667,26.98333333,26.85833333,26.28333333,25.5125,25.4125,25.07916667,24.86666667,24.65833333,24.4125,23.59166667,22.7,22.5625,22.32083333,21.85416667,21.63333333,21.94166667,22.28333333,21.93333333,21.84166667,19.89583333,19.25416667,19.025,19.10416667,
301.7086537,0.082662116,,32.75,33.59583333,33.99583333,33.23333333,32.47083333,31.49166667,30.32083333,29.21666667,28.65833333,28.60833333,28.22083333,27.925,27.64166667,27.55,27.00416667,26.69166667,26.50833333,25.92083333,25.2875,24.82916667,24.5,24.65,24.40833333,23.475,23.23333333,23.05,22.55,21.95833333,21.59583333,21.82916667,22.20833333,21.9375,21.41666667,19.1,18.4125,18.61666667,18.825,18.24583333
303.1756209,0.066757679,,31.85,32.28333333,31.69583333,30.90833333,29.99166667,28.92083333,29.82916667,29.59166667,29.08333333,28.67083333,28.1625,28.075,27.675,27.6173913,26.95714286,26.55833333,26.075,25.94583333,25.325,24.56666667,24.39583333,24.53333333,24.28333333,23.19166667,22.75416667,22.50833333,22.72916667,22.0125,21.75416667,21.92916667,22.31666667,21.6125,21.84583333,19.2375,18.775,18.675,18.8375,
327.6385915,0.03440678,,32.08333333,32.49166667,31.69583333,30.90833333,30.03333333,29.02083333,29.94583333,29.65,28.98636364,28.5,28.14583333,27.82083333,27.82916667,27.84782609,,,,,23.75,24.74583333,24.17916667,23.65,23.7125,23.04583333,22.61666667,23.12083333,22.6375,22.02083333,21.29583333,20.825,20.89166667,20.45833333,20.38333333,19.825,19.1625,19.40416667,18.84166667,18.39583333
296.6629816,0.053605442,,,,31.1,,,,,29.49444444,28.90416667,28.45416667,28.4,27.54583333,27.525,27.49166667,26.65416667,26.4625,26.27083333,25.91666667,25.98333333,25.51666667,25.1375,24.77083333,24.625,23.6,23.07916667,22.82083333,22.88333333,22.39583333,21.04583333,21.3375,21.09583333,20.65,20.57083333,20.02083333,19.17916667,19.25833333,18.77083333,18.92916667
292.5209985,0.060816327,,30.675,31.64166667,31.69583333,30.90833333,30.05833333,29.02083333,29.62916667,29.63333333,29.55416667,28.26666667,27.89166667,28.07083333,27.57083333,27.44090909,,,,,25.95,25.7125,24.725,24.30833333,24.11666667,23.25416667,23.02916667,22.69166667,21.96666667,21.65833333,21.17083333,21.47083333,20.90416667,20.8,21.06666667,20.75,19.57083333,19.4375,19.40833333,18.78333333
356.5927292,0.052745763,,31.7,32.1625,31.70416667,30.90833333,30.13333333,29.0375,29.80416667,29.85833333,28.79166667,28.53333333,28.11666667,27.2875,27.22083333,26.925,26.82916667,26.675,26.475,26.10416667,26.25,25.79166667,25.11666667,25.19166667,24.97083333,24.24583333,23.12916667,23.04583333,22.72916667,22.35833333,21.89583333,21.92083333,22.65,22.5375,22.02916667,20.0375,19.63333333,19.70833333,19.50833333,19.25833333
365.3628302,0.059354839,,32.48571429,32.43333333,31.72083333,30.98333333,29.89166667,29.04166667,29.7875,29.35416667,28.63333333,28.4625,28.30416667,28.16666667,27.85,27.79166667,27.30416667,26.7,26.16666667,26.22916667,25.44166667,24.575,24.44166667,24.53333333,23.41666667,22.6875,22.45833333,22.59166667,22,21.45416667,21.38333333,21.66666667,21.5375,21.19583333,20.75833333,19.70833333,19.98333333,19.55833333,19.17083333,
348.5371757,0.069820789,,31.97142857,32,31.72083333,30.90416667,29.8125,28.9625,29.875,29.53333333,29.19583333,28.58333333,27.9,27.94166667,27.82083333,27.70833333,26.95833333,26.48333333,26.35,26.42916667,26.03333333,25.6125,25.2875,24.62916667,23.50416667,22.72916667,22.63333333,22.475,22.04583333,21.7125,21.54166667,21.76666667,21.2125,21.2,20.6625,19.65,19.6,19.46666667,19.17916667,
361.3409445,0.07326087,,31.86428571,32.34166667,31.69583333,30.85416667,29.80416667,28.93333333,29.59166667,29.50833333,28.58333333,28.1625,28.06666667,27.7625,27.45,27.42916667,26.84583333,26.6625,26.1875,26.0625,25.3125,24.975,25.02083333,24.61666667,23.3625,22.95416667,22.93333333,22.87083333,22.325,22.03333333,22.1875,22.325,21.98333333,21.68333333,19.39583333,18.75,19.04166667,18.84166667,18.46666667,17.75833333
334.7059543,0.037645051,,31.52142857,32.61666667,32.19583333,31.3875,30.35833333,29.475,30.10416667,30.09166667,29.41666667,29.225,28.43333333,28.09166667,27.69583333,27.46,,,,,25.88571429,25.22916667,25.29583333,24.56666667,24.1625,23.45833333,23.35833333,23.05,22.67083333,22.2,22.14166667,22.6625,22.42083333,22.12083333,20.12916667,19.57916667,19.87916667,19.5125,19.02916667,18.42083333
344.9578632,0.057610922,,31.99285714,32.59166667,32.19583333,31.325,30.30416667,29.42916667,29.2125,29.32083333,29.4125,28.74166667,28.5625,27.7625,27.46086957,,,,,,25.65714286,25.77083333,25.44166667,24.87083333,23.65416667,23.32916667,23.4875,23.35,22.89166667,21.9375,22.15416667,21.81666667,21.23333333,21.17083333,20.83333333,19.98333333,20.2125,20.0375,19.56666667,18.9625
314.836082,0.070612245,,,,,,,,,,,,29.1,27.92916667,27.70416667,27.4125,27.03333333,26.9625,26.4625,26.42916667,25.82083333,25.66666667,25.59166667,25.025,24.25,23.62916667,23.50416667,23.4625,22.58333333,22.44166667,22.45416667,22.6,22.225,22.15416667,20.52916667,20.22083333,19.78333333,19.57083333,19.22083333,18.29166667
344.1571189,0.089684211,,,,,,,,,,,,,,,,,,,,,,,,23.78181818,23.625,23.59166667,23.4375,22.4125,21.7,21.34583333,21.24166667,20.5125,20.42916667,20.8625,20.85833333,19.94166667,19.75416667,19.06666667,17.40416667
343.0646435,0.102596491,,,,,,,,,,,,,,,,,,,,,,,23.89166667,24.12083333,23.83333333,23.91666667,23.56666667,22.79166667,22.775,22.5125,21.8,21.09583333,20.29166667,21.05,21.2625,20.6125,19.81666667,18.94583333,17.375
331.6804072,0.09922807,,,,,30.815,29.52916667,30.36666667,30.2375,29.38333333,28.72083333,28.48333333,27.9125,27.675,27.575,27.25416667,26.84583333,26.5625,26.16666667,25.6875,25.20416667,24.825,24.37083333,23.6875,23.78333333,23.85,23.73333333,23.75416667,22.60416667,22.29583333,22.125,21.9375,21.02083333,20.17916667,20.33333333,20.5,19.90416667,19.45416667,19.04166667,18.09583333
281.0003968,0.125526316,,,,,,,,,,,,,,,,,,,,,,,23.96666667,23.54583333,23.69166667,23.75833333,22.675,22.05833333,21.54583333,21.1125,20.89583333,20.2875,20.57916667,21.325,20.70833333,20.22916667,19.25833333,18.21666667,
354.0769818,0.078815789,,,,,,,,,,,,,,,,,,,,,,24.70909091,25.07916667,24.74166667,24.5,24.63333333,23.2625,22.8625,22.75,22.45833333,21.72916667,21.05,21.675,22,21.46666667,20.4375,19.5125,18.74583333,
386.4598602,0.079736842,,,,,,,,,,,,,,,,,,,,,,,25.66,25.15,24.91666667,24.6375,24.375,24.275,23.95416667,23.3125,22.6625,21.69166667,21.53333333,21.775,20.65416667,20.7375,19.8125,18.73333333,18.97916667
401.4643502,0.058421053,,,,,,,,,,,,,,,,,,,,,,,24.31333333,23.8,24.025,23.9625,22.97083333,22.36666667,22.25833333,21.67916667,21.50416667,20.70416667,20.73333333,21.5875,21.2375,21.09166667,19.70416667,18.59583333,18.5125
354.9653607,0.067347561,,,,,,,,,,,,,,,,,,,,,,24.62857143,24.3625,24.07916667,24.22916667,24.275,23.25,22.58333333,22.39583333,21.6625,21.30416667,20.7125,20.81666667,21.1375,21.14583333,20.65833333,19.2,19.1375,
315.8117942,0.083170732,,,,,,,,,,,,,,,,,,,,,,,,24.10434783,24.2625,23.81666667,23.14166667,22.94166667,22.37916667,21.90833333,21.4,20.9125,21.125,21.5375,21.00416667,20.0875,19.14166667,18.2,18.49166667
309.0907593,0.094563758,,32.83333333,34.2625,34.48333333,33.8,32.77083333,31.42916667,30.4875,29.97916667,29.29166667,29.1875,28.85416667,28.35416667,28.075,27.62083333,27.275,26.8875,26.4,26.13333333,25.4875,25.26666667,24.85416667,24.86666667,24.26666667,24.07083333,23.8125,23.8,23.24583333,23.5,22.80416667,22.4125,22.0625,21.7125,21.42083333,20.97083333,20.3,19.925,19.50833333,19.19166667
352.6796934,0.090666667,,32.60714286,33.60833333,33.6125,32.75833333,31.61666667,30.6375,29.75,29.10416667,28.69583333,28.26666667,27.84166667,27.55416667,27.425,26.95,26.5375,26.49583333,26.07916667,25.22916667,24.8125,24.34166667,24.15833333,23.475,23.13333333,22.79583333,23.07083333,22.9625,22.8875,22.55,21.92083333,21.55,21.65833333,21.35833333,20.86666667,20.925,20.65,20.47916667,20.41666667,20.75
392.5380981,0.0496,,32.97142857,33.86666667,33.90833333,32.86666667,31.8875,30.85833333,29.85,29.36666667,29.19583333,28.66666667,28.43333333,28.45,27.97083333,27.575,26.70416667,26.69166667,26.3375,25.40833333,24.875,24.77083333,24.1375,23.45416667,22.92083333,22.6,22.3125,22.36666667,22.475,22.05833333,21.52083333,21.66666667,21.45416667,21.24166667,20.75,20.58333333,20.0875,19.96666667,19.93333333,20.00833333
340.6349752,0.055033333,,32.88571429,33.675,33.87083333,32.80416667,31.60416667,30.80833333,29.8125,29.25416667,29.15416667,28.64166667,28.25,27.90416667,27.45,27.19166667,26.73333333,26.57083333,26.02916667,25.54166667,25.33333333,25.13333333,24.6875,24.07916667,23.775,23.3625,23.2125,23.08333333,23.4,23.025,22.55833333,22.33333333,22.025,21.6125,20.9875,20.75833333,20.65416667,20.17083333,20.01666667,20.425
308.2653704,0.0778,,30,33.2972973,33.7875,32.89583333,31.74166667,30.5,29.84583333,29.3625,29.09583333,28.4875,28.0875,27.69583333,27.40833333,27.27916667,26.94583333,26.30833333,26.00416667,25.525,24.96666667,24.64583333,24.12083333,23.67083333,23.0875,22.65,22.4125,22.3,22.60416667,22.0125,21.75416667,21.775,21.5875,21.23333333,20.80833333,20.4375,20.175,19.86666667,19.30416667,19.24166667
323.4910168,0.106631579,,,,,,,,,,,28.55,28.56666667,28.11666667,27.88333333,27.27083333,27.125,26.8125,26.48333333,25.88333333,25.46666667,24.9,24.64166667,24.22916667,23.975,23.65833333,23.45833333,23.2625,23.4625,22.85833333,22.2625,22.24583333,22.13333333,21.85833333,21.025,21.2375,21.1125,20.5625,20.37083333,20.88333333
333.9065932,0.119484536,,33.47857143,33.9625,33.975,33.05,31.8125,30.79583333,29.975,29.34166667,29.40833333,28.7125,28.70416667,28.69583333,27.975,27.67083333,27.50416667,27,26.47083333,26.17083333,25.875,25.19166667,24.82916667,24.325,23.91666667,23.77916667,23.50416667,23.17083333,22.9,22.8875,22.77083333,22.47083333,22.5125,22.01666667,21.41666667,21.30833333,21.26666667,20.6,20.57916667,
311.4955747,0.112413793,,33.4,34.02916667,33.89583333,32.80416667,31.79583333,30.8125,29.9,29.20833333,29.05833333,28.89166667,28.3875,28.075,27.97916667,27.2125,26.97083333,26.29583333,26.40833333,25.77916667,25.49166667,25.1875,24.7375,24.14166667,23.71666667,23.33333333,23.27083333,23.0125,22.9,22.66666667,22.35833333,22.3,21.96666667,21.67916667,21.1375,21.14583333,20.66666667,20.4125,20.1125,
276.9279808,0.08347541,,32.56428571,33.97083333,34.3,33.47083333,32.37916667,31.02916667,30.47083333,30.0375,29.8,29.17916667,28.84583333,28.56666667,27.9125,27.56666667,27.0625,26.68333333,26.42916667,26.20833333,25.6625,25.19583333,24.825,24.52083333,24.44583333,23.71666667,23.4875,23.32083333,23.2,22.74166667,22.6875,22.6125,22.64583333,22.01666667,21.53333333,21.7875,21.1,21.15,20.87916667,
294.2904951,0.05990099,,32.56428571,34.0375,34.425,33.34166667,32.43333333,31.30416667,30.4125,29.875,29.59583333,29.22916667,28.7875,28.5375,28.0375,27.56666667,27.23333333,27.075,26.45416667,26.1625,26.0375,25.3625,25.1125,24.73333333,24.425,24.04583333,23.7,23.57916667,23.20416667,23.02916667,22.7375,22.37916667,22.0625,21.45833333,21.1,21.1625,20.375,20.20416667,20.42916667,
324.4494783,0.053663366,,32.35714286,33.90416667,34.38333333,33.39583333,32.2875,31.3125,30.425,30.1625,29.7125,29.17083333,28.98333333,28.63333333,28.05,27.72083333,27.37916667,26.94166667,26.37083333,25.85,25.75833333,25.49166667,25.04166667,24.9,24.80833333,24.40416667,24.31666667,24.57083333,23.99166667,23.90833333,23.67916667,23.56666667,23.05833333,22.31666667,21.64166667,21.32916667,20.61666667,19.91666667,19.76666667,19.75
294.0753206,0.119966887,,32.83571429,34.11666667,34.38333333,33.35416667,32.075,31.33333333,30.40416667,29.67916667,29.35416667,29.12083333,28.875,28.52916667,28.025,28.00833333,27.42083333,27.04166667,26.75,26.20833333,25.90833333,25.36666667,24.95416667,24.6875,24.35,23.89583333,23.60833333,23.19583333,22.97916667,22.62916667,22.67083333,22.625,22.225,21.79166667,21.31666667,21.41666667,21.025,20.75416667,21.1125,
319.0564991,0.076587031,,30.4,31.25833333,31.55,30.69166667,29.85,30.8625,30.32916667,29.50416667,29.02083333,28.59166667,28.24583333,27.81666667,27.54583333,27.25416667,26.64583333,26.10416667,25.51666667,25.15,24.64583333,24.5,24.59583333,23.9375,23.15833333,22.6,22.3875,21.66666667,21.3125,21.05,21.11666667,20.72916667,20.4875,20.3125,19.80833333,18.97083333,18.925,18.76666667,17.90833333,17.7875
369.4970744,0.048707483,,30.32666667,31.275,31.55,30.69166667,29.82916667,30.64583333,30.32083333,29.7,29.07083333,28.64166667,28.29166667,27.7875,27.3625,26.90833333,26.44166667,25.96666667,25.625,25.4125,25.1125,24.96666667,24.74166667,23.74166667,23.05,22.93333333,22.81666667,22.06666667,21.60833333,21.75416667,21.52916667,21.41666667,20.8875,20.69166667,19.95833333,19.73333333,19.15416667,18.975,18.27083333,17.975
370.3204164,0.055918367,,30.71333333,31.57083333,31.55416667,30.69166667,29.82916667,30.82916667,30.52916667,29.6875,29.04583333,28.68333333,28.29583333,27.9125,27.5625,27.225,26.51666667,26.3375,26.07916667,25.60833333,25.6875,25.47083333,25.075,23.975,22.96666667,22.7125,22.6,22.02916667,21.7,21.55416667,21.3625,21.25833333,21.29583333,20.85416667,19.85833333,19.89166667,19.7375,19.1625,18.75416667,
354.9152607,0.042721088,,31.03333333,31.9125,31.57083333,30.69166667,29.82916667,30.74583333,30.54166667,29.65,29.14583333,28.69166667,28.49166667,28.0375,27.6375,27.32916667,26.92083333,26.2875,25.9125,26.02083333,25.48333333,25.1375,24.67083333,23.87916667,23.52083333,22.975,22.73333333,21.97916667,21.825,21.525,21.35416667,21.28333333,21.22916667,20.59166667,20.1125,19.97083333,19.5125,19.3125,18.37083333,18.00833333
362.1972571,0.0504,,31.26666667,31.94583333,31.45416667,30.55833333,29.55833333,30.15416667,30.325,29.59583333,28.80416667,28.38333333,28.14583333,27.59583333,27.34583333,27.0375,26.5625,26.00833333,25.65416667,25.76666667,25.26666667,24.70833333,24.55833333,23.72916667,23.28333333,23.175,22.45416667,21.3,21.15833333,21.01666667,21.05833333,20.97916667,20.85416667,20.16666667,19.61666667,19.54166667,19.3,19.0625,18.22083333,17.85833333
344.5477809,0.0748,,30.34666667,31.0625,31.29583333,30.42083333,29.55,30.85833333,30.19166667,29.31666667,29,28.51666667,28.2125,27.87083333,27.39583333,27.025,26.60416667,26.4,25.775,25.48333333,25.20416667,24.6,24.52916667,23.75,23.02916667,23.05416667,22.80833333,22.10833333,21.88333333,21.49166667,21.175,21.09583333,21.11666667,20.69166667,20.375,20.04583333,19.825,19.425,18.44166667,
337.3937902,0.053066667,,30.32666667,31.09166667,31.325,30.42916667,29.52916667,30.48333333,30.25416667,29.37916667,28.90833333,28.45416667,28.1375,27.64166667,27.29166667,26.94583333,26.2,25.77083333,25.54166667,25.2125,24.8375,24.525,24.02083333,23.32916667,22.64583333,22.5,22.24583333,21.425,20.9,21.42083333,20.8625,20.48333333,20.21666667,19.84583333,19.40416667,19.19583333,19.12916667,18.65,17.73333333,17.31666667
352.6787688,0.034950166,,30.32666667,31.0625,31.25416667,30.42083333,29.52916667,30.37916667,30.03333333,29.40416667,28.9,28.47916667,28.175,27.825,27.36666667,26.60416667,26.09583333,25.84583333,25.3375,25.07916667,25.13333333,24.62916667,24.35,23.66666667,22.72916667,22.49166667,22.12916667,21.625,20.7375,20.92916667,20.9,20.4125,20.075,19.67083333,19.375,19.01666667,18.84166667,18.7125,17.51666667,17.425
350.6299415,0.094372881,,31.3,31.5125,30.55833333,29.88333333,28.98333333,30.10833333,29.77083333,29.0125,28.5,28.02083333,27.6625,27.27916667,26.85,26.775,26.5875,26.1,25.6875,25.1,24.77083333,24.49583333,24.10833333,24.54166667,24.1,23.40833333,22.875,21.75,21.04583333,20.59583333,20.725,20.2625,20.25833333,20.12916667,19.85833333,19.17916667,18.8875,18.30416667,17.95416667,17.29583333
355.4774482,0.063061224,28.475,30.37083333,30.9875,30.8,29.90833333,29.11666667,30.35416667,29.92083333,29.275,28.8875,28.35833333,27.97916667,27.575,26.9125,26.74583333,26.25,25.72916667,25.8375,25.35833333,25.04583333,24.36666667,23.56666667,23.15833333,22.75416667,22.35,21.50416667,21.68333333,21.54583333,21.225,21.02083333,20.72083333,20.15416667,19.75833333,19.69583333,19.575,18.78333333,18.1125,,
342.8097274,0.058630137,28.475,30.37916667,31.17916667,30.875,29.90833333,29.09583333,30.4875,30.0875,29.6,29.13333333,28.75416667,28.49166667,28.30833333,27.48333333,26.62916667,27.18333333,26.32083333,25.8125,25.7125,25.38333333,24.37083333,23.96666667,23.60416667,23.42916667,22.78333333,22.57916667,22.22083333,22.10416667,21.925,21.73333333,21.69166667,20.79166667,20.53333333,20.45833333,20.30416667,19.72916667,18.775,,
303.6820591,0.086746575,30.1,30.6,31.10416667,30.8,29.90833333,29.09583333,30.18333333,29.92083333,29.3,28.8625,28.44166667,28.125,27.51666667,26.99166667,26.5875,26.3875,26.10416667,25.95416667,25.29583333,24.925,24.4375,23.75833333,23.4875,22.80416667,22.34583333,22.00833333,21.49166667,21.62916667,21.56666667,20.97916667,20.84166667,20.3625,19.78333333,20.00416667,19.6125,18.82916667,18.5875,18.12916667,17.3875
414.4510087,0.045527273,,31.86666667,33.39166667,33.19583333,32.42916667,31.67916667,30.97916667,30.075,28.8125,27.8,27.33333333,27.01666667,27.95833333,27.3,26.79583333,26.57083333,26.64166667,26.28333333,25.67916667,25.79166667,24.5625,24.14583333,23.89583333,23.7375,23.59166667,23.6375,23.65833333,23.175,22.8875,22.59583333,21.7,21.60833333,20.82916667,21.09583333,20.32916667,19.8375,19.52083333,19.55,19.2625
397.283152,0.059622642,,31.82222222,33.00416667,33.17916667,32.175,31.59583333,30.80416667,30.04583333,28.6375,28.11666667,27.09166667,27.275,27.99583333,27.7375,27.21666667,27.4,26.77083333,26.24166667,25.7125,25.4375,24.58333333,24.4,23.8125,24.15416667,23.63333333,24.24166667,24.375,22.96666667,22.7375,22.48333333,21.76666667,21.6,20.8,20.62083333,20.59583333,19.65416667,19.2875,19.12083333,19
377.4474313,0.091320755,,32.23333333,33.67916667,33.37083333,32.44583333,31.82916667,30.92083333,30.2625,29.125,28.18333333,27.375,26.94166667,27.84583333,27.37083333,27.15,26.625,26.5375,26.25416667,26.12083333,26.16666667,25.075,24.75,24.40416667,24.14583333,23.39166667,23.26666667,23.35416667,23.17083333,22.9375,22.53333333,21.925,21.44583333,21.00833333,20.77083333,20.55,19.83333333,19.525,19.54583333,19.29583333
363.3185523,0.083802281,,32.11111111,33.48333333,33.0875,32.475,31.50416667,31.075,30.05,28.5375,27.63333333,27.2375,26.97083333,27.85416667,27.15,26.75416667,26.975,26.20416667,25.90833333,25.45416667,25.2625,24.65,24.13333333,23.69583333,23.425,23.375,23.83333333,23.37916667,22.79583333,22.33333333,22.16666667,21.6125,20.99166667,20.74166667,20.47916667,19.95416667,19.7625,18.92083333,19.1,18.90833333
337.2994254,0.064524715,,32.32222222,33.69166667,33.33333333,32.54166667,31.86666667,31.24583333,30.5125,29.225,27.825,27.05,26.7375,27.6625,27.29583333,27.07916667,26.825,26.51666667,26.31666667,25.86666667,25.44166667,24.80416667,24.63333333,24.0875,23.86666667,23.675,23.50833333,23.48333333,22.8,22.59583333,22.30833333,21.6125,20.96666667,20.7625,20.5125,20.35,19.60833333,19.75416667,19.50833333,18.9125
420.0277491,0.031298246,30,31.10833333,33.39583333,33.4625,32.6375,31.975,31.3625,30.54583333,29.69583333,28.2,27.73333333,27.6625,28.31666667,27.95833333,27.52916667,27.52083333,27.14583333,26.67083333,26.175,25.2125,24.6625,24.22916667,24.1625,23.65,23.33333333,23.2125,22.75,22.725,22.2375,21.89166667,21.20416667,20.74583333,21.0375,20.94166667,19.97916667,19.8125,19.9875,19.6875,
327.7439087,0.045157895,30,31.20833333,33.53333333,33.42083333,32.44166667,31.925,31.0625,30.34583333,29.475,28.42916667,27.82916667,27.23333333,28.175,27.57083333,27.35,26.9875,26.6375,26.37083333,25.85833333,25.05416667,24.5875,24.03333333,23.875,23.82916667,23.825,23.9,23.075,22.69166667,22.2,21.75416667,21.50833333,21.01666667,21.14583333,20.775,20.4125,19.95416667,19.90416667,19.3875,
372.4153365,0.047272727,30,31.02916667,33.4,33.35833333,32.425,31.77916667,31.025,30.29583333,29.07083333,28.00416667,27.83333333,27.62083333,28.17083333,27.96666667,27.25416667,26.85833333,26.61666667,26.39166667,25.89166667,25.15833333,24.6375,23.95416667,23.6375,23.6875,23.14166667,22.97916667,22.90833333,22.32083333,21.74583333,21.825,20.99583333,20.5625,20.8125,20.7875,20.2125,19.79583333,19.8375,19.4,
365.8548108,0.041964912,30,30.99583333,33.27916667,33.14583333,32.3625,31.7875,31.12916667,30.29583333,29.17916667,28.25,27.59583333,27.07083333,28.1,27.70416667,27.39166667,27.2375,26.79583333,25.94583333,25.86666667,25.09166667,24.38333333,23.55833333,23.42083333,23.275,23.5125,23.6375,23.01666667,22.66666667,22.1875,22.02916667,21.75833333,20.70833333,20.64583333,20.55833333,20.2,19.50416667,19.575,19.05416667,18.3625
369.4040405,0.040571429,30,31.1375,33.325,33.6625,32.8875,32.2125,31.54166667,30.54583333,29.82083333,29.1125,28.6375,27.72083333,28.3375,28.0875,27.44583333,27.2125,27.025,26.80833333,26.30833333,26.00833333,25.07083333,24.825,24.3375,24.12083333,23.45,23.7875,23.45416667,23.20416667,22.7625,22.49166667,21.91666667,21.62083333,21.42916667,21.48333333,20.50416667,20.275,20.33333333,19.77083333,19.2125
350.561096,0.037132616,,,,,,,,,,28.36,28.19583333,27.7375,28.25416667,27.92083333,27.18333333,26.9875,26.67083333,26.11666667,25.84583333,25.2375,24.625,24.70833333,24.025,23.94583333,23.075,24.01666667,23.7125,23.00833333,22.64166667,22.09166667,21.725,21.56666667,21.27916667,20.90833333,20.17916667,19.78333333,20.07916667,19.37083333,19.025
378.8581939,0.036272401,,32.09230769,32.82916667,33.425,32.71666667,31.88333333,31.16666667,30.37916667,29.60833333,28.95833333,28.22083333,27.42083333,28.31666667,27.83333333,27.5375,27.29583333,27.27083333,26.95,26.525,25.325,25.04583333,24.275,24.20416667,24.39583333,23.79166667,23.9625,23.675,23.25,22.76666667,22.00416667,21.52916667,21.6375,21.25416667,20.9625,20.41666667,20.05833333,19.84583333,19.41666667,19.24166667
312.6125886,0.067,,,,,,,,,,,,,,,,,,,,,,,,,,,,,,,,,,,,,,,
348.7250746,0.055714286,,,,,,,,,,,,,,,,,,,,,,,,,,,,,,,,,,,,,,,
350.2233755,0.037449495,,,,,,,,,,,,,,,,,,,,,,,,,,,,,,,,,,,,,,,
388.6035098,0.059527559,,,,,,,,,,,,,,,,,,,,,,,,,,,,,,,,,,,,,,,
392.3535865,0.107157895,,,,,,,,,,,,,,,,,,,,,,,,,,,,,,,,,,,,,,,
362.5129821,0.044371859,,,,,,,,,,,,,,,,,,,,,,,,,,,,,,,,,,,,,,,
325.4314289,0.078690176,,,,,,,,,,,,,,,,,,,,,,,,,,,,,,,,,,,,,,,
323.1062075,0.066851385,,,,,,,,,,,,,,,,,,,,,,,,,,,,,,,,,,,,,,,
341.3320899,0.060050633,,,,,,,,,,,,,,,,,,,,,,,,,,,,,,,,,,,,,,,
378.0537765,0.047783784,,,,,,,,,,,,,,,,,,,,,,,,,,,,,,,,,,,,,,,
405.598676,0.040648649,,,,,,,,,,,,,,,,,,,,,,,,,,,,,,,,,,,,,,,
395.5267211,0.022585752,,,,,,,,,,,,,,,,,,,,,,,,,,,,,,,,,,,,,,,
370.1486225,0.033034301,,,,,,,,,,,,,,,,,,,,,,,,,,,,,,,,,,,,,,,
375.6777676,0.038743455,,,,,,,,,,,,,,,,,,,,,,,,,,,,,,,,,,,,,,,
384.9797253,0.054293333,,,,,,,,,,,,,,,,,,,,,,,,,,,,,,,,,,,,,,,
356.0592538,0.0656,,,,,,,,,,,,,,,,,,,,,,,,,,,,,,,,,,,,,,,
404.6769259,0.055656836,,,,,,,,,,,,,,,,,,,,,,,,,,,,,,,,,,,,,,,
338.0586755,0.043675676,32.84,34.80833333,33.69583333,32.11666667,31.325,30.82083333,29.73333333,28.73333333,28.85833333,28.8375,28.83333333,28.6875,27.8,27.30416667,26.6125,26.2125,25.98333333,25.94166667,26.1625,25.925,25.81666667,25.29166667,24.55833333,24.72083333,23.85,22.04583333,22.27916667,22.12083333,21.75,22.42083333,21.78333333,21.09166667,21.32083333,20.10416667,17.74166667,17.23333333,16.92083333,17.14583333,17.19166667
338.903355,0.046649215,31.98,34.29583333,33.42083333,32.62916667,31.54583333,31.025,30.32083333,29.44583333,29.20416667,29.04166667,28.84166667,28.6375,27.87916667,27.0625,26.925,26.35416667,26.00833333,25.30416667,25.22083333,25.39583333,25.10833333,24.32916667,23.87916667,23.80416667,22.85,21.8125,21.75416667,21.72083333,21.45416667,21.72916667,21.85416667,21.63333333,21.38333333,19.81666667,17.6125,17.14583333,16.8125,17.2875,17.46666667
358.9521567,0.064712042,30.5,32.7875,33.60416667,31.57083333,30.40833333,31.0875,31.44583333,30.08333333,29.46666667,29.11666667,28.87916667,28.52083333,27.80833333,27.0125,26.5,26.23333333,25.67916667,25.575,25.78333333,25.94166667,25.70416667,24.97083333,24.1,24.24583333,23.275,21.87916667,22.00416667,22.0625,21.62083333,21.72083333,21.43333333,21.075,21.09166667,19.70833333,17.66666667,17.64166667,18.09583333,17.59166667,17.4375
359.2044402,0.081148825,31.44,33.67083333,32.91666667,31.04583333,29.94583333,29.22916667,28.575,27.68333333,28.49583333,28.77916667,28.67916667,28.4125,27.60833333,26.93333333,26.37083333,26.3375,25.9125,25.575,25.5125,25.50833333,25.05833333,24.35,23.7875,23.70833333,22.69166667,21.82083333,22.01666667,21.90833333,21.175,20.98333333,21.01666667,20.69166667,20.22083333,18.88333333,16.65833333,16.92916667,16.09583333,16.30833333,16.3125
353.0227637,0.077180157,30.5,32.7875,33.60416667,31.57083333,30.40833333,31.0875,31.44583333,30.08333333,29.46666667,29.11666667,28.87916667,28.52083333,27.80833333,27.0125,26.5,26.23333333,25.67916667,25.575,25.78333333,25.94166667,25.70416667,24.97083333,24.1,24.24583333,23.275,21.87916667,22.00416667,22.0625,21.62083333,21.72083333,21.43333333,21.075,21.09166667,19.70833333,17.66666667,17.64166667,18.09583333,17.59166667,17.4375
333.9689301,0.049784367,30.5,32.2875,31.84166667,30.7375,29.84583333,29.48333333,28.80416667,27.7125,28.5375,28.87083333,28.67916667,28.66666667,27.775,27.1,26.65416667,25.92083333,25.65833333,25.0125,24.825,25.2625,25.25416667,24.6125,23.85416667,23.79583333,22.75833333,21.89166667,21.95416667,21.925,20.975,21.19166667,21.325,20.71666667,20.5125,19.1625,17.15,17.30416667,16.19583333,17.14583333,16.5625
382.9001712,0.077615894,,31.6,33.0875,33.425,32.79166667,31.67083333,30.70833333,29.85416667,29.4875,28.72083333,28.35416667,27.66666667,27.4875,27.0875,26.89583333,26.4125,25.6625,25.40416667,25.24166667,24.69583333,24.35416667,23.82083333,23.82916667,23.725,23.30833333,22.79583333,21.9125,21.57916667,21.75,21.05,20.47916667,20.72083333,20.62083333,20.83333333,20.70833333,20.42083333,20.25833333,20.55833333,
387.1728204,0.082649007,,,,,,,,,,,,,,,,,,,,,,,,,,,,,,,,,,,,,,,
401.2390962,0.038611111,,,,,,,,,,,,,,,,,,,25.14761905,24.44583333,23.825,23.66666667,23.43333333,22.89166667,22.5625,21.82083333,22.33333333,22.15833333,22.29583333,22.3625,22.17916667,21.52083333,21.60416667,20.55,20.1875,20.43333333,20.97083333,20.09166667,
371.9376929,0.045833333,,,,,,,,,,,,,,,,,,24.14444444,24.6,23.92916667,23.78333333,22.87916667,23.12083333,22.95833333,22.2375,21.78333333,22.3125,22.33333333,22.0125,22.0375,22.09583333,21.725,21.55833333,21.19583333,21.1125,20.85,21.06666667,20.37916667,
397.3014011,0.0525,,,,,,,,,,,,,,,,,,25.85555556,25.025,24.2625,23.83333333,24.02916667,23.62083333,23.35416667,23.125,22.5,22.89583333,21.89583333,21.69583333,21.78333333,21.8,21.54166667,21.3625,20.79166667,20.74583333,21.34166667,21.8625,21.05416667,
123.1418382,0.278798587,,33.11875,33.89166667,33.37916667,32.81666667,31.87083333,31.2875,30.64166667,29.57916667,29.32916667,28.82916667,28.84583333,28.85416667,28.39166667,27.83333333,27.4,27.35833333,26.99583333,27.025,26.74583333,26.25416667,25.54166667,25.37916667,24.83333333,24.49583333,24.02083333,24.00833333,23.65,23.7,23.075,23.57916667,23.64166667,23.50416667,23.3125,23.44166667,24.17083333,24.27916667,23.59166667,
287.1321122,0.119399293,,32.88125,34.2125,33.3875,32.78333333,31.85833333,31.27083333,30.6875,30.14583333,29.47916667,29.00833333,28.5375,28.7875,28.4375,27.4875,27.54583333,27.04583333,27.3875,26.3625,26.26666667,25.96666667,25.37083333,25.29583333,24.67916667,24.62083333,24.12916667,23.83333333,23.69166667,23.69166667,23.77916667,23.70416667,24.22916667,23.725,23.725,23.57916667,23.2125,23.1,22.1375,
212.5141744,0.186183746,,32.85,34.2875,33.48333333,32.75833333,31.8125,31.20833333,30.45416667,29.95416667,29.02083333,28.7625,28.6625,28.6375,28.44166667,27.93333333,27.67083333,27.02083333,26.775,26.58333333,26.43333333,26.12083333,25.36666667,25.02083333,24.62916667,23.725,23.75,23.8625,23.96666667,23.5875,23.225,23.05833333,23.3,23.0125,23.05,23.0375,22.64583333,23.1875,22.19583333,
228.2999348,0.153938356,,33.15625,35.11666667,34.27916667,32.99583333,32.5,31.69583333,31.1875,30.3375,30.05833333,29.7625,29.575,29.375,29.30833333,28.56666667,27.7625,27.8625,27.67083333,27.09583333,26.69583333,25.975,26,25.93333333,25.54166667,25.13333333,24.98333333,24.775,24.55833333,23.90833333,23.94166667,23.78333333,23.5125,23.64166667,23.85416667,23.77916667,23.97916667,22.76666667,21.30416667,
263.9176892,0.110479452,,33.0125,34.87916667,34.26666667,33.29583333,32.42916667,31.66666667,31.12083333,30.58333333,30.11666667,29.87916667,28.9125,29.57083333,28.89583333,28.54583333,28.04166667,27.48333333,27.44166667,27.5875,26.69166667,25.84166667,26.25,25.99583333,25.17083333,24.58333333,24.6,24.175,23.89583333,23.8,23.42083333,23.8125,23.52916667,23.6875,23.37083333,23.325,23.08333333,22.02083333,21.40416667,
235.4778487,0.129109589,,32.93125,34.73333333,33.91666667,33.11666667,32.25416667,31.65416667,30.82916667,30.26666667,29.80416667,29.2125,28.975,28.99583333,28.50416667,28.25,27.80833333,27.98333333,27.30833333,27.1125,26.09583333,25.95833333,26.35,25.3875,24.62083333,24.40416667,24.02083333,23.72083333,23.34166667,22.97916667,23.2375,23.86666667,23.47083333,23.67916667,23.70833333,23.7625,23.97916667,23.00833333,22.46666667,
223.273216,0.153938356,,,,,,32.10909091,31.47083333,30.97916667,30.41666667,30.07083333,29.5625,29.625,29.3,28.71666667,28.34583333,28.075,27.82083333,27.38333333,26.9875,25.99583333,25.89166667,25.75,24.975,24.95416667,24.13333333,24.25,24.475,23.98333333,23.47916667,23.5375,24.1,23.82916667,23.6875,23.225,23.46666667,23.2,22.14166667,,
285.3598253,0.100616438,,,,,,,31.02727273,30.625,30,29.625,29.42916667,29.17916667,28.82916667,28.33333333,27.9125,27.85416667,27.5625,27.19583333,26.69583333,26.62083333,26.08333333,25.9625,25.18333333,25.175,24.64583333,24.6,24.56666667,24.3625,24.03333333,23.775,24.04166667,23.87916667,23.81666667,23.30833333,22.66666667,22.53333333,21.79583333,21.4125,
283.8598818,0.101590106,,,,,32.45,32.00416667,31.0625,30.625,29.99166667,29.69166667,29.54583333,29.84583333,29.60416667,28.69583333,27.7,27.45833333,27.42083333,27.33333333,27.29166667,26.7875,26.05,25.55,24.74583333,24.5125,24.1625,24.75416667,24.34583333,24.31666667,23.79583333,23.99583333,23.9625,23.53333333,23.3875,22.94166667,22.6375,22.92083333,22.13333333,21.50416667,
252.1089923,0.117307692,,,,,,31.84545455,31.24166667,30.33333333,30.04166667,29.5125,29.50833333,29.27083333,28.96666667,28.1875,28.175,27.625,27.30833333,27.275,26.62083333,26.39583333,25.75,25.03333333,25.125,24.90833333,24.3,24.47083333,24.2125,24.06666667,23.56666667,23.525,23.96666667,23.44166667,23.39166667,23.54166667,23.02916667,23.36666667,22.52916667,21.775,
215.6001759,0.162842105,,,,,32.54166667,31.97083333,31.0375,30.65416667,29.91666667,29.6625,29.42083333,29.04583333,28.97083333,28.56666667,28.02916667,27.42083333,27.40833333,26.94583333,26.75,26.525,25.4125,24.91666667,24.8375,24.975,24.3625,24.40416667,24.15833333,24.12083333,23.95,24.10833333,24.05416667,24.14166667,24.14583333,23.99166667,23.99166667,23.9125,22.92083333,22.32083333,
187.402557,0.232147651,,,,,32.67,31.9625,31.11666667,30.475,29.9125,29.67083333,29.40416667,29.26666667,29.0625,28.9875,29.05,28.625,27.67083333,27.11666667,26.89166667,26.13333333,25.65,25.2375,24.6,24.1125,24.4625,24.4,24.2875,24.05,24.45,24.54166667,24.31666667,24.02916667,24.2875,23.825,23.68333333,23.33333333,22.69583333,,
239.1626437,0.139563758,,33.6625,34.50833333,33.975,33.15,32.0875,31.55,30.7125,30.175,29.89583333,29.66666667,29.35,28.48333333,29.34583333,29.18333333,28.45833333,28.12083333,27.41666667,26.87083333,26.39583333,25.83333333,25.2125,25.44583333,24.82916667,24.5375,24.17083333,24.17916667,24.225,24.5125,24.49583333,24.10416667,24.02916667,23.9,23.29166667,23.68333333,22.875,22.4625,21.77916667,
269.5545608,0.126187291,,32.8375,34.0875,33.36666667,32.83333333,31.9875,31.35416667,30.71666667,29.97083333,29.79583333,29.80416667,29.63333333,29.15833333,28.9125,28.17916667,27.65833333,27.75416667,27.17916667,27.025,26.39583333,26.20833333,25.5875,25.33333333,24.70833333,25.22916667,24.6,24.67083333,24.2625,24.45,24.46666667,24.05,23.92916667,23.7125,22.975,23.31666667,22.725,22.3625,21.65833333,
306.7758773,0.09367893,,33.60625,35.34583333,33.825,32.59583333,31.69583333,31.17083333,30.7375,29.76666667,29.075,28.75416667,29.20833333,28.77916667,28.6875,28.79583333,28.4125,27.87083333,27.23333333,26.65833333,26.375,25.92916667,24.87083333,24.6875,24.875,24.52083333,24.55833333,24.60833333,24.625,24.57916667,24.45,24.36666667,24.37916667,24.52083333,23.97916667,23.44166667,22.57916667,22.1375,22.10416667,
195.4159141,0.165762712,,33.38125,34.325,34.1,33.33333333,32.54166667,31.775,31.25416667,30.575,30.15416667,29.99166667,29.725,29.6625,29.1375,28.82916667,28.89166667,27.90833333,27.725,27.5125,26.44583333,25.9,25.62916667,25.79583333,25.5625,25.37083333,25.56666667,24.95833333,24.45,24.55833333,24.74166667,24.47083333,24.09166667,24.4125,24.19166667,24.94166667,23.83333333,23.26666667,23.325,
294.4700799,0.118061224,,33.19375,34.54583333,33.92916667,33.2875,32.52083333,31.85833333,31.1625,30.5375,30.40833333,30.09166667,29.55,29.42916667,29.05833333,28.23333333,28.15833333,27.98333333,27.62083333,26.75833333,26.42083333,26.95416667,26.4625,25.48333333,24.2125,24.4125,25.29583333,25.2875,25.37083333,25.62916667,25.41666667,25.21666667,25,25.30416667,24.72083333,24.35,24.32916667,23.89583333,23.80833333,
300.6120777,0.081877133,,33.2625,34.27916667,32.80416667,32.9875,32.34583333,31.30416667,31.11666667,30.45416667,30.55833333,30.19166667,29.89166667,29.63333333,29.24583333,29.15416667,29.01666667,27.68333333,27.50833333,27.57916667,27.06666667,26.34583333,25.85,25.40416667,24.96666667,24.8375,25.13333333,25.15,25.15416667,25.11666667,24.97916667,24.9,25.0625,25.75,24.70833333,24.6625,23.89166667,23.67916667,23.43333333,
261.1698282,0.122422145,,32.69375,34.1125,33.3375,32.7,31.75,31.19166667,30.475,30.20833333,29.87916667,29.55416667,29.39166667,29.3375,28.94166667,29.075,28.39583333,27.94166667,27.23333333,26.50416667,25.95,25.55,25.4,24.95416667,24.79583333,25.20416667,25.0875,24.91666667,25.07916667,25.175,24.64166667,24.53333333,25.05,24.12083333,23.92916667,23.47916667,23.0375,22.87083333,,
258.9847615,0.128373702,,32.91875,34.30416667,33.75416667,32.79166667,32.07916667,31.26666667,30.57083333,30.35833333,30.08333333,30.02916667,29.71666667,29.38333333,29.23333333,29.10833333,28.57916667,27.99583333,27.71666667,26.82916667,26.35416667,25.79583333,25.4,24.73333333,24.42083333,24.70416667,24.87916667,24.48333333,24.83333333,24.85833333,24.57083333,24.35416667,24.2125,23.94583333,23.54583333,22.92083333,22.24166667,21.92083333,,
219.9758248,0.164169381,,,,,,,,,,,,,,,,,,,,,,,,,,,,,,,,,,,23.25,23.09166667,22.91041667,,
228.9701209,0.146807818,,,,,,,,,,,,,,,,,,,,,,,,,,,,,,,,,,,22.8,22.18333333,22.3125,,
309.1634782,0.090822368,,,,,,,,,,,,,,,,,,,,,,,,,,,,,,,,,,,21.6125,22.52291667,22.5875,,
212.090618,0.185148515,,,,,,,,,,,,,,,,,,,,,,,,,,,,,,,,,,,,22.04,21.98958333,,
224.6871987,0.144039735,,,,,,,,,,,,,,,,,,,,,,,,,,,,,,,,,,,23.24117647,23.18333333,22.9625,,
280.9965654,0.080993377,,,,,,,,,,,,,,,,,,,,,,,,,,,,,,,,,,,22.6,23.01458333,23.2125,,
199.5468956,0.187096774,,,,,,,,,,,,,,,,,,,,,,,,,,,,,,,,,,,22.6,23.01458333,23.2125,,
254.7135741,0.135016077,,,,,,,,,,,,,,,,,,,,,,,,,,,,,,,,,,21.9,22.41041667,22.45833333,22.64583333,,
249.6102567,0.141093248,,,,,,,,,,,,,,,,,,,,,,,,,,,,,,,,,,,22.79318182,23.20208333,23.18958333,,
236.8396929,0.137530364,,,,,,,,,,,,,,,,,,,,,,,,,,,,,,,,,,,22.38604651,22.72708333,23.01041667,22.75,
297.0562988,0.111752577,,33.40595238,34.26875,34.06666667,33.25138889,32.275,31.64305556,30.71319444,29.97847222,29.39236111,29.07430556,28.80277778,28.36805556,28.06736111,27.75138889,27.42777778,27.10486111,26.77847222,26.52430556,26.12777778,25.68888889,25.27569444,25,24.81041667,24.51041667,24.29861111,24.35763889,24.28055556,24.08125,23.49513889,23.58541667,23.08541667,22.71180556,22.39930556,22.12986111,21.99652778,21.61041667,,
277.947407,0.125051546,,,,,,,,,,,,,,,,,,,,,,,,,,,24.2962406,24.09305556,24.01041667,23.625,23.625,23.12083333,22.65694444,22.43194444,21.96597222,21.75069444,21.57916667,,
291.6432563,0.088445946,,33.30119048,34.15277778,34.01597222,33.3625,32.55763889,31.76458333,30.91388889,30.17152778,29.59375,29.31111111,29.02291667,28.58611111,28.28472222,27.94027778,27.74791667,27.35347222,26.92777778,26.71388889,26.38888889,26.01805556,25.66388889,25.3,24.99513889,24.875,24.69791667,24.4,24.27013889,23.74791667,23.39097222,23.56736111,22.71111111,22.42569444,22.24375,21.75902778,21.82638889,21.82152778,,
264.0393841,0.149662162,,33.0452381,33.94166667,33.81944444,33.17847222,32.29722222,31.66111111,30.88888889,30.11180556,29.49097222,29.11875,28.86666667,28.42777778,27.93472222,27.77638889,27.51388889,27.12777778,26.77986111,26.57847222,26.24375,25.87291667,25.62291667,25.15694444,24.94305556,24.78958333,24.425,24.21875,24.08055556,23.90972222,23.78125,23.81527778,23.01180556,22.69166667,22.27013889,21.95138889,21.66736111,21.36527778,,
277.0153813,0.108671096,,,,,,,,,,,,,,,,,,,,,,,,,,,,,23.05454545,23.075,23.21805556,22.9375,22.90486111,22.29722222,21.80694444,21.73125,21.92013889,,
286.1951013,0.140963455,,33.25411765,33.80972222,33.57569444,32.87222222,32.09791667,31.30902778,30.57777778,29.72291667,29.02430556,28.65555556,28.43611111,28.14861111,27.72291667,27.43402778,27.19583333,26.76527778,26.28958333,26.06458333,25.7125,25.31319444,24.99930556,24.69583333,24.41041667,24.11111111,23.94930556,23.91458333,23.91597222,23.64027778,23.4375,23.42986111,23.10486111,22.48888889,22.38541667,21.74027778,21.675,21.75763889,,
278.3034349,0.132217899,,33.19047619,33.85625,33.125,33.08958333,32.34722222,31.56805556,30.76041667,29.96111111,29.37986111,29.00694444,28.61944444,28.24652778,27.97361111,27.50694444,27.25902778,26.83819444,26.39583333,26.17986111,25.71666667,25.36180556,25.00138889,24.75416667,24.38819444,24.23263889,24.08333333,23.94444444,23.86041667,23.58125,23.69097222,23.77013889,23.38472222,23.07013889,22.65,21.87777778,21.89444444,22.04236111,,
247.5705343,0.173643411,,33.4047619,34.01111111,33.8375,33.22013889,32.21111111,31.50625,30.74583333,29.93472222,29.30486111,29.02361111,28.59166667,28.27013889,27.87083333,27.525,27.17777778,26.76875,26.42152778,26.04930556,25.67222222,25.48194444,25.15902778,25.02222222,24.76458333,24.57569444,24.33402778,24.24583333,24.21944444,23.93194444,23.47916667,23.45625,23.48263889,23.34097222,22.65277778,22.55069444,22.51597222,22.34513889,,
235.1022076,0.127142857,,32.5952381,33.69930556,33.49652778,32.75763889,31.96597222,31.19027778,30.34722222,29.52847222,29.07777778,28.73263889,28.33263889,28.05555556,27.64097222,27.30555556,26.95833333,26.54791667,26.28472222,26.07847222,25.55555556,25.19861111,24.88819444,24.61875,24.42847222,24.27152778,24.12777778,23.94305556,23.75902778,23.67361111,23.48055556,23.04097222,22.54513889,22.56805556,22.2375,22.00555556,22.16319444,22.33541667,,
270.487359,0.125099602,,32.64193548,33.63263889,33.43161765,32.67638889,31.77083333,31.05416667,30.20902778,29.37986111,28.87986111,28.60972222,28.32083333,27.86388889,27.57916667,27.23402778,26.93333333,26.56041667,26.19027778,25.825,25.46041667,25.15972222,24.87152778,24.83333333,24.61944444,24.39861111,24.11458333,24.01041667,23.72013889,23.44513889,23.50138889,23.01666667,22.69027778,22.53819444,22.13888889,22.09791667,21.99166667,22.32430556,,
270.8889174,0.168471761,,30.775,31.74583333,31.22592593,30.47083333,30.46875,30.51041667,29.89791667,29.51666667,29.12916667,28.88541667,28.67916667,28.30208333,27.81875,27.48541667,27.32916667,26.77083333,26.69375,26.06041667,25.71458333,25.66041667,25.42708333,24.85833333,24.95625,24.45416667,24.63958333,24.51458333,24.31666667,24.21875,23.83541667,23.27083333,23.6,22.95208333,22.51875,22.0875,21.1,21.10208333,,
258.0171242,0.136404494,,31.825,32.55833333,31.34444444,30.69375,30.17916667,30.23958333,30.21875,29.775,29.52916667,29.1,28.62916667,28.4375,28.19791667,27.97708333,27.27083333,26.89375,26.47916667,26.1375,25.87708333,25.50833333,25.06458333,24.75833333,24.58958333,24.61041667,24.5875,24.1875,24.00416667,23.97083333,23.75,23.58541667,23.73125,22.62083333,21.98333333,22.02916667,21.525,21.40416667,,
295.1424776,0.110384615,,30.85,31.8375,31.37777778,30.66458333,29.48541667,29.78541667,29.97916667,29.40416667,29.21875,28.65208333,28.67291667,28.2125,27.8,27.36458333,27.27916667,26.78541667,26.35625,26.39166667,25.88541667,25.53541667,24.99375,24.51875,24.32291667,24.58541667,24.6875,24.33541667,24.36041667,24.14166667,24.03333333,23.57083333,23.76458333,23.00833333,22.4375,22.30833333,21.77708333,21.60625,,
279.4264572,0.077755682,,31.04166667,32.70833333,32.42962963,31.59166667,30.15625,30.89375,30.94583333,30.35625,29.6375,29.36041667,29.58125,28.80208333,28.63541667,28.26458333,27.81041667,27.29166667,26.8125,26.52083333,26.21458333,26.01875,25.66041667,25.22916667,24.77083333,24.57083333,24.86041667,24.55625,24.40416667,24.50416667,24.15208333,23.7375,24.13958333,23.32291667,22.8125,22.35208333,21.56875,21.1625,,
198.1191942,0.163920455,,31.125,32.56666667,32.51111111,31.68125,30.46041667,30.70833333,30.71458333,30.12916667,29.52916667,29.43333333,29.42708333,28.84166667,28.45,28.22291667,27.7875,27.29166667,26.68541667,26.44375,26.21875,26.04166667,25.5625,25.21458333,24.78958333,24.49583333,24.74375,24.33958333,24.44583333,24.17708333,23.71666667,23.53958333,23.65208333,23.04791667,22.65208333,22.6,22.09791667,21.78541667,,
204.7679974,0.173816156,,32.34444444,31.67916667,32.5,31.85925926,30.92708333,31.21666667,31.66041667,31.13333333,30.77708333,30.09166667,30.20833333,29.63958333,29.21875,28.79583333,28.54791667,27.87291667,27.28541667,27.05625,26.25416667,26.14583333,25.84791667,25.31458333,25.13958333,24.63541667,24.73333333,24.76458333,24.52083333,24.65416667,24.70833333,24.30625,24.33333333,24.41458333,23.83333333,23.02708333,22.62083333,21.99583333,21.69166667,
185.0469011,0.184958217,,32.56,31.9625,32.57083333,31.87777778,30.90625,31.23958333,31.71041667,31.1,30.64791667,30.46041667,29.93125,29.76666667,29.16875,28.99166667,28.6125,27.82916667,27.16458333,26.90416667,26.5,26.19583333,25.90625,25.47083333,25.05208333,24.73541667,24.60625,24.85833333,24.45,24.52708333,24.35416667,24.07916667,24.15625,24.15625,23.36666667,23.01875,22.6875,22.04791667,,
317.2756466,0.05137931,,31.4,32.75833333,32.5037037,31.72083333,30.36041667,30.66041667,30.82916667,30.14791667,29.66875,29.52083333,29.21041667,28.725,28.77916667,28.10416667,27.8375,27.10625,26.98333333,26.62916667,26.11041667,26.1375,25.71666667,25.40416667,24.89375,24.72291667,24.33333333,24.525,24.44791667,24.56458333,24.23958333,23.8375,23.73541667,23.04375,22.60416667,22.51875,21.70833333,21.43125,,
198.9571872,0.155938697,,32,33.60833333,32.51111111,31.74375,30.72291667,30.54375,30.63333333,29.89791667,29.39583333,29.22916667,29.09166667,28.66875,28.08541667,27.66458333,27.525,27.21458333,26.98125,26.65208333,26.15,25.87708333,25.4875,25.14583333,24.93125,24.79375,24.87916667,24.675,24.60208333,24.38958333,24.21041667,23.88541667,23.89375,23.36458333,22.87083333,22.40625,22.00833333,21.89375,,
211.916425,0.18975265,,32.33333333,32.625,31.22083333,30.50833333,29.62916667,28.74166667,29.32916667,29.3375,28.67916667,28.75,28.61666667,27.84583333,27.95416667,27.72916667,27.275,27.35833333,26.95,26.27083333,26.0125,26.05833333,25.50416667,24.825,24.3,24.5625,24.40416667,23.73333333,23.39166667,23.30833333,22.79583333,22.6,23.10416667,22.97916667,23.3875,23.40416667,23.10416667,23.17083333,23.22916667,
238.5271837,0.170282686,,32.1,33.58333333,31.19583333,30.50833333,29.62916667,28.74166667,29.4,29.59166667,28.96666667,28.75,28.6,28.20833333,28.24583333,28.03333333,27.31666667,27.0375,26.75,26.54583333,25.77083333,25.41666667,24.85416667,24.95833333,24.73333333,24.5875,24.175,23.53333333,23.1625,22.80416667,22.46666667,22.1375,22.47916667,22.5875,22.29583333,22.05833333,21.5625,21.7,22.0125,
283.5217511,0.107785467,,33.21111111,32.94166667,31.69583333,31.00833333,30.12916667,29.27083333,29.89166667,30.65416667,29.94166667,29.2125,29.15416667,28.52916667,28.61666667,28.42916667,27.80416667,27.62083333,27.32916667,26.43333333,25.63333333,25.825,25.825,25.7875,25.025,24.60416667,24.69166667,24.25,24,23.52916667,23.8,23.74583333,23.4,23.3625,23.47083333,23.02916667,22.3625,21.97916667,21.85416667,
254.195214,0.1390625,,33.28888889,33.05416667,31.69583333,31.00833333,30.12916667,29.24583333,30.0125,30.6625,29.65833333,29.07916667,28.9,28.62916667,28.3875,27.96666667,27.77916667,27.425,27.13333333,26.77083333,26.225,25.95,25.475,24.54583333,24.4,24.76666667,24.49166667,24.0375,23.775,23.05416667,22.9375,22.83333333,22.71666667,22.8,23.01666667,23.14166667,22.30416667,22.55416667,22.1375,
164.9660676,0.290677966,,,,,,,,,,,,,,,,27.13636364,26.9375,26.50833333,26.15833333,26.0625,25.4875,25.18333333,24.95,24.425,24.28333333,23.975,23.5375,23.77083333,23.11666667,23.12916667,22.8,23.2,22.6625,23.05833333,22.82916667,22.67083333,23.37083333,,
301.6253111,0.125169492,,,,,,,,,,,,,,,,,26.22307692,26.20416667,25.8125,25.3375,25.125,24.825,24.0375,23.75416667,23.9625,23.87083333,23.06666667,23.02916667,22.8625,22.825,22.54583333,22.72083333,22.65416667,22.7625,22.69583333,21.90833333,22.2125,22.4875,
268.6094749,0.116803279,,33,32.5,31.69583333,30.90833333,30.04166667,29.16666667,29.94166667,30.09166667,29.6375,29.20833333,28.6375,28.36666667,28.1375,27.85,27.67916667,27.39166667,26.7875,26.4875,25.8625,25.56666667,25.4375,25.05416667,24.6375,24.675,24.19583333,23.85,23.52916667,23.19166667,22.87083333,22.48333333,22.6375,22.1125,22.41666667,22.7375,22.825,,,
302.7648186,0.105720165,,,,,,,,,,,,,,,,,,,25.90769231,25.55833333,25.875,25.6625,24.75416667,24.4125,24.24583333,23.30833333,23.40416667,23.5875,23.37083333,23.725,23.42083333,23.62916667,23.28333333,22.59166667,22.3375,22.72083333,,,
224.6817568,0.158847737,,37.93,34.5375,31.69583333,30.9125,30.04166667,29.1875,28.3625,28.60833333,29.47916667,29.0625,28.61666667,28.46666667,27.85833333,27.80833333,27.61666667,27.15,26.74583333,26.54583333,26.05416667,25.84583333,25.34166667,25.18333333,25.06666667,24.82916667,24.55,23.98333333,23.70833333,23.56666667,22.85416667,22.39583333,22.83333333,21.98333333,21.3,21.625,21.87916667,,,
203.8661355,0.161967213,,32.12307692,32.87083333,31.70416667,30.9625,30.04166667,29.16666667,29.37916667,29.09166667,29.7125,29.32916667,29,28.45833333,28.04583333,27.6,27.72916667,27.2625,26.54583333,26.35,26.35,25.94166667,25.62083333,25.55833333,25.14583333,24.90416667,24.37916667,23.92916667,23.47916667,23.325,22.92083333,22.63333333,22.62916667,22.30833333,21.81666667,22,22.29583333,21.275,21.5625,
279.4094505,0.109221311,,33,32.775,31.825,33.425,32.40833333,31.275,30.5,30.01666667,29.5125,29.1625,28.80416667,28.1375,27.94583333,27.95833333,27.69583333,27.1375,26.58333333,26.325,25.6875,25.29583333,24.8,24.97083333,24.18333333,24.02083333,24.16666667,23.6,23.325,22.825,22.46666667,22.54583333,22.38333333,22.82083333,22.47083333,22.9375,22.7625,21.8625,21.78333333,
219.4046845,0.15186722,,33,33.09166667,31.69583333,32.29166667,32.60416667,31.67916667,30.79166667,30.11666667,29.74583333,29.45833333,28.67916667,28.35416667,28.31666667,28.02083333,27.82083333,27.6375,26.89583333,26.6625,26.14583333,25.925,25.45833333,24.85416667,25.04583333,24.47916667,23.37083333,23.37083333,23.3,22.91666667,23.2125,23.5625,23.01666667,23.6375,23.52916667,23.46666667,23.275,,,
337.2160185,0.082821577,,,,,,,,,,,,,,,,,,,,,,,,,,,,,,,,,,,,,,,
225.5030902,0.117573222,,33,32.65217391,31.69583333,30.90833333,30.04166667,29.1875,29.79583333,29.97083333,29.78333333,28.75833333,28.8625,28.63333333,27.93333333,28.05416667,27.74166667,27.62083333,27.16666667,27.0375,26.48333333,26.025,25.575,25.575,25.025,24.97083333,24.475,24.01666667,23.91666667,23.8125,23.90833333,23.27083333,23.3,22.82083333,22.50416667,22.69166667,23.7,,,
329.8327223,0.062343096,,33,32.70833333,31.69583333,30.90833333,30.04166667,29.16666667,28.3625,29.63333333,30.14583333,29.59166667,28.95833333,28.36666667,28.35416667,28.35416667,28.0375,27.65,27.09166667,26.58333333,26.03333333,25.55416667,25.3875,24.925,24.7375,24.32083333,23.94583333,23.325,23.41666667,23.37916667,23.55833333,23.45833333,23.025,22.8375,22.925,22.84583333,22.69583333,22.11666667,21.5875,
318.5305174,0.119956522,,33,32.5625,31.19583333,30.42083333,29.6125,28.85416667,28.27916667,28.88333333,29.02916667,28.9,28.24166667,28.05833333,27.99166667,27.6625,27.45416667,26.8,26.93333333,26.3625,26.17916667,25.99583333,25.70416667,25.4,25.0125,24.82916667,24.6125,24.5625,24.10416667,23.92083333,23.2375,23.41666667,22.84166667,22.52916667,22.44583333,22.44166667,22.125,21.4125,,
310.3194415,0.119578947,,31.74375,33.7,33.99166667,33.30416667,32.28333333,31.47083333,30.8875,30.2125,29.67916667,29.2375,28.68333333,28.46666667,28.04583333,27.49166667,26.90416667,26.87083333,26.39583333,26.15833333,25.7375,25.38333333,25.15,24.89583333,24.27916667,24.57916667,24.025,24.1125,24.22916667,23.70416667,23.49166667,23.175,23.0375,23.03333333,23.3125,22.58333333,21.50833333,20.82083333,19.68333333,
319.0685922,0.121444043,,31.50625,33.14583333,33.79166667,33.2625,32.3,31.5875,30.78333333,29.99166667,29.4125,29.00833333,28.74583333,28.57916667,28.2125,27.66666667,27.0125,26.67916667,26.31666667,26.08333333,25.575,25.59166667,25.25,24.84583333,24.54166667,24.2625,24.27916667,23.925,23.75,23.77916667,23.46666667,23.1625,22.73333333,22.24166667,22.75416667,23.11666667,22.2375,21.41666667,21.00416667,
124.0475714,0.31024735,,32.6625,33.76666667,33.76666667,33.01666667,32.425,31.8125,30.90833333,30.04583333,29.725,29.37916667,29.1875,28.75833333,27.87916667,28.10833333,27.57083333,26.7375,26.675,26.52083333,26.09166667,25.69166667,25.65,25.31666667,25.20416667,24.78333333,24.66666667,24.25416667,24.0375,23.6,23.19583333,22.85,22.55833333,22.74166667,22.87916667,22.99166667,22.42083333,21.8375,,
229.0164283,0.198540146,,31.45625,33.28333333,34.0125,33.37916667,32.47083333,31.7375,30.9375,30.1375,29.54583333,28.75,28.60416667,28.33333333,28.10416667,27.30833333,27.19166667,26.69583333,26.3375,26.30833333,25.64166667,25.17916667,24.87083333,24.74166667,24.55416667,24.40833333,24.38333333,24.175,23.90416667,24.01666667,23.27916667,23.09166667,22.825,22.60833333,23.0375,23.4125,22.79166667,22.4375,,
309.1789565,0.095865724,,31.9375,33.4375,34.29583333,33.30416667,32.55833333,31.5875,30.97916667,30.39583333,30.03333333,29.40416667,28.6,28.42083333,28.38333333,27.925,27.475,27.1,26.64166667,26.76666667,26.27916667,26.25,25.8,25.50416667,25.45,24.95416667,24.7375,24.25833333,24.29583333,24.21666667,23.85416667,23.7375,23.375,22.85,22.4625,22.59583333,22.20416667,21.70416667,21.40833333,
326.2736838,0.096425993,,31.34375,33.11666667,33.6875,32.75833333,31.87083333,31.3125,29.92916667,29.69583333,28.975,29.2875,28.9125,28.46666667,28.26666667,27.83333333,27.57916667,26.925,25.97916667,25.49583333,25.15833333,24.69583333,24.27916667,24.36666667,23.99583333,23.7625,23.47916667,23.4,23.1125,23.31666667,22.92916667,22.8125,22.74166667,22.54583333,22.55833333,22.8625,22.00416667,21.04583333,20.90416667,
292.2350725,0.100319149,,32.3125,33.69166667,33.94583333,33.23333333,32.74166667,31.58333333,30.85416667,30.14583333,29.6125,29.34583333,28.79166667,28.55,28.09166667,27.675,27.07083333,26.68333333,26.69583333,26.0125,25.67916667,25.73333333,25.53333333,25.28333333,25.25,24.92916667,24.57916667,24.3875,23.84166667,23.94583333,23.15,23.45416667,23.20833333,22.85416667,22.45416667,22.57083333,21.72916667,21.03333333,20.59583333,
166.1326452,0.22233677,29.11875,31.77916667,33.77916667,33.79583333,33.46666667,32.7,31.83333333,30.80416667,30.15833333,29.5375,29.5,28.86666667,28.83333333,28.40833333,27.54166667,26.9,26.87083333,26.55416667,26.11666667,25.8375,25.42916667,25.325,25.2625,24.85,24.6625,24.15416667,23.94583333,24.27916667,24.1125,24.64583333,24.7,24.75833333,24.74166667,24.725,23.525,22.625,,,
242.7633454,0.1128125,,33.25625,34.5625,34.65416667,33.6625,32.54583333,32.52916667,31.85833333,30.6,30.09583333,29.65416667,29.4625,29.24583333,28.57916667,28.09583333,27.9,27.6,27.175,26.49583333,26.49583333,25.92083333,25.4375,25.33333333,25.29583333,24.95833333,24.79166667,24.7375,24.7875,24.075,24.0625,23.69166667,23.26666667,22.91666667,23.03333333,22.30416667,21.88333333,21.49166667,20.9875,
246.3761771,0.155479452,,31.74375,33.7,33.99166667,33.30416667,32.28333333,31.47083333,30.8875,30.2125,29.67916667,29.2375,28.68333333,28.46666667,28.04583333,27.49166667,26.90416667,26.87083333,26.39583333,26.15833333,25.7375,25.38333333,25.15,24.89583333,24.27916667,24.57916667,24.025,24.1125,24.22916667,23.70416667,23.49166667,23.175,23.0375,23.03333333,23.3125,22.58333333,21.50833333,,,
272.5959937,0.102491349,,33.00625,34.3375,34.2125,33.39583333,32.325,32.2875,30.87916667,30.59166667,30.12916667,29.775,29.075,28.87916667,28.47916667,28.13333333,27.40833333,27.25833333,26.60416667,26.30416667,26.00416667,25.88333333,25.67083333,25.375,24.38333333,24.32916667,24.30416667,24.11666667,23.94583333,23.58333333,23.0625,23.025,22.65,22.57083333,22.6875,22.02916667,21.4375,20.80833333,19.7,
179.1018741,0.197766323,,32.16363636,33.86111111,33.83333333,33.125,32.35416667,31.65833333,30.7375,30.30416667,29.80416667,29.4875,28.75416667,28.8625,28.25416667,27.60416667,27.07083333,26.74583333,26.375,25.88333333,25.28333333,25.25416667,24.85,24.4,24.175,23.8375,23.56666667,23.2875,23.7125,23.0375,23.21666667,23.125,22.77083333,23.0625,23.6375,22.18333333,21.55833333,,,
232.2298816,0.12875,,32.7875,34.3125,34.19583333,33.22083333,32.50833333,31.6125,30.93333333,30.55,29.8375,29.57083333,29.09166667,28.77083333,28.2875,27.34583333,26.83333333,26.825,26.10833333,26.62083333,25.67916667,25.35833333,25.55833333,25.0375,24.525,24.30833333,24.2875,24.07083333,23.70416667,23.28333333,23.37916667,23.21666667,23.10833333,22.82916667,22.8125,21.9625,21.59166667,20.9125,20.42083333,
256.8092471,0.135136986,,32.0625,33.65833333,33.95416667,33.27916667,32.4,31.49166667,31.0125,29.97083333,29.70416667,29.37916667,28.45,28.6375,27.97916667,27.9,27.45416667,27.275,26.575,26.42083333,26.08333333,25.72916667,25.1875,24.8875,24.44166667,23.94166667,23.4625,23.41666667,23.58333333,23.02916667,23.15,22.95416667,22.46666667,22.79583333,23.20833333,22.12083333,21.725,21.21666667,20.225,
261.152672,0.095640138,,32.575,34.20833333,34.1625,33.55416667,32.6875,31.88333333,31.16666667,30.23333333,30.04583333,29.37916667,29.17916667,29.00416667,28.39166667,28.15416667,27.67916667,27.18333333,26.6625,25.95,26.26666667,26.20416667,25.9625,25.75416667,25.47916667,25.34166667,25.15416667,24.7,24.45833333,24.2875,23.8,23.47916667,23.2173913,22.6625,22.47083333,21.92083333,21.70833333,21.2125,20.67916667,
227.5130804,0.155631399,29.5625,32.3125,33.93333333,34.11666667,33.4125,32.55833333,31.85,31.0875,30.29166667,29.78333333,29.36666667,29,28.7125,28.37916667,27.53333333,26.95416667,27.15833333,26.72083333,25.5875,25.63333333,25.87916667,25.6125,25.72916667,25.55,24.8375,24.45833333,24.125,24.18333333,23.6125,23.30833333,23.25,22.90416667,22.9875,22.42083333,22.32916667,21.79166667,,,
192.9618264,0.225938567,,32.77058824,33.9875,33.9875,33.15,32.59583333,31.71666667,31.02916667,30.4625,29.9125,29.57916667,29.19166667,28.90416667,28.17083333,28.3875,28.06666667,27.69583333,26.8375,26.6375,26.54166667,26.06666667,25.79583333,25.6125,25.3625,25.35416667,25.37916667,24.8875,24.675,24.70416667,24.7125,24.47083333,23.8875,23.64583333,22.85833333,22.35416667,21.27083333,,,
189.9091851,0.187372014,,31.8125,34.16666667,34.04583333,33.34166667,32.49583333,31.89166667,31.1625,30.4125,29.82916667,29.29583333,28.67083333,28.3,27.84166667,27.92916667,27.0125,26.81666667,26.10416667,26.1625,25.7625,25.66666667,24.94583333,24.51666667,24.35,24.46666667,24.94583333,24.64166667,24.32083333,24.025,23.71666667,23.27083333,22.875,23.19166667,22.44166667,22.325,21.975,,,
256.3966977,0.148103448,,32.83529412,34.25833333,34.31666667,33.39166667,32.42083333,32.05416667,31.29166667,30.17916667,29.8,29.34583333,29.10833333,28.75416667,28.12083333,27.69583333,27.74166667,27.30416667,26.99583333,26.79166667,26.325,26.00833333,25.87083333,25.85,25.43333333,25.29166667,24.90416667,25.04583333,24.425,24.2625,24.1375,23.70416667,23.38333333,23.65,22.40416667,21.8,21.78333333,21.1,,
207.2424174,0.150859107,,,34.74444444,34.24583333,33.625,32.88333333,32.4625,31.44166667,31.03333333,30.3125,30.1625,29.84583333,28.6,28.39166667,27.45,27.3375,27.02916667,26.45416667,26.25416667,26.1125,25.6625,25.87083333,25.6125,25.50416667,25.12916667,24.9,24.62916667,24.15833333,23.82916667,23.53333333,23.30833333,23.31666667,23.21666667,22.15833333,21.57916667,21.20416667,20.3125,,
391.6748311,0.061007194,,,,,,,,,,,,,,,,,,,,,,,,,,,,,,,,,,,,,,,
407.6608251,0.055827338,,,,,,,,,,,,,,,,,,,,,,,,,,,,,,,,,,,,,,,
402.6004682,0.067360595,,,,,,,,,,,,,,,,,,,,,,,,,,23.1,23.325,23.13333333,23.1875,23.09583333,23.275,22.75833333,22.30416667,22.175,21.44583333,21.7125,21.75416667,20.63333333,
413.8673296,0.058141264,,,,,,,,,,,,,,,,,,,,25.7,25.2,24.70833333,24.19166667,24.1125,24.00416667,23.625,23.76666667,23.2375,22.95,22.99166667,22.71666667,22.49583333,22.20416667,21.53333333,20.99583333,21.05833333,21.5625,21.00416667,
392.5578773,0.063111111,,,,,,,,,,,,,,,,,,26.06666667,26.02916667,25.47916667,25.37916667,25.02916667,24.38333333,24.23333333,24.08333333,23.825,23.95833333,23.4,23.65,22.95833333,22.17916667,22.55,22.20833333,21.57083333,21.12916667,21.0125,21.45416667,20.79166667,
418.6305307,0.045294118,,,,,,,,,,,,,,,,,26.36666667,25.65,25.35,24.77916667,24.53333333,24.12916667,23.575,23.30833333,24.00416667,23.77083333,23.3375,23.2,22.98333333,22.525,22.52916667,21.95,21.59583333,21.08333333,21.09583333,21.25,20.65416667,20.31666667,
385.4188334,0.085,,,,,,,,,,,,,,,,,,,24.875,25.05,24.48333333,24.15833333,23.49583333,23.075,23.54583333,23.30833333,23.22083333,22.6375,22.50833333,22.87916667,22.7,22.40833333,21.90833333,21.3,21.20416667,21.34166667,20.84166667,,
377.3149478,0.0784,,,,,,,,,,,,,,,,,25.76666667,25.56666667,25.05454545,24.90833333,24.63333333,24.06666667,23.65833333,23.225,23.42083333,23.825,23.44583333,23.23333333,22.77083333,22.22916667,22.87083333,22.42916667,21.725,21.11666667,21.41666667,21.64583333,20.62916667,20.42083333,
334.8872171,0.082058824,,,34.775,34.425,33.8125,32.8125,31.72083333,30.75416667,29.725,29.34583333,29.16666667,28.4875,28.06666667,27.49166667,27.47916667,27.33333333,26.92916667,26.3625,25.9,25.75,25.1,24.69583333,24.0625,23.84583333,23.7875,23.9,23.52083333,23.4125,23.00833333,22.92083333,22.50833333,22.07083333,22.07083333,21.44583333,21.6875,21.41666667,20.97916667,,
381.0578874,0.063736264,,32.56666667,33.71666667,34.49166667,,,,,,,,28.6,28.4375,27.97368421,,,,,,,,,,,,,,,,,,,,,,,,,
403.0001911,0.042058824,,32.83333333,32.8,34.53333333,,,,,,,,29.6,,,,,,,,,,,,,,,,,,,,,,,,,,,
388.4889346,0.047941176,,33.6,32.16923077,34.36666667,,,,,,,,,,,,,,,,,,,,,24,,,,,,,,,,,,,,
375.0852409,0.056764706,,33.2,33.136,34.40833333,,,,,,,,,,,,,,,,,,,,,25.3,,,,,,,,,,,,,,
371.183753,0.071304348,33.7,34.10833333,32.85384615,34.28571429,,,,,,,,,,,,,,,,,,,,24.15,,,,,,,,,,,,,,,
378.6625931,0.082028986,33.46666667,34.50416667,33.52307692,,,,,,,,,,,27.52380952,27.2875,27.34545455,,,,,,,,24.2,,,,,,,,,,,,,,,
379.0959342,0.069565217,33.26666667,34.31666667,34.5125,33.95,33.43571429,,,,,,,,,,,,,,,,,,,,,,,,,,,,,,,,,,
395.5446658,0.059856115,33.26666667,34.31666667,34.5125,33.95,33.43571429,,,,,,,,,,,,,,,,,,,,,,,,,,,,,,,,,,
388.9129516,0.047482014,32.96666667,34.17916667,31.32758621,34.15833333,33.125,32.275,31.35,30.55833333,30.12083333,29.7125,29.44583333,28.5,28.1125,27.91666667,27.37916667,26.76666667,26.33333333,25.69583333,25.29583333,24.68333333,24.47916667,24.41666667,24.8375,24.725,24.41666667,24.18333333,23.74583333,23.53333333,23.2125,22.98333333,22.82083333,22.18333333,21.57083333,21.80416667,21.31666667,21.2125,21.81764706,,
325.2982171,0.086350711,,32.5,32.14583333,32.48333333,32.23333333,30.675,31.0625,30.80416667,30.13333333,29.18333333,29.1625,28.4625,28.44166667,28.10833333,26.95833333,26.7875,26.925,26.29166667,25.95416667,25.19583333,25.0375,24.97083333,25.24166667,24.7375,24.55,24.3375,24.20416667,24.18333333,23.35,23.02083333,22.99166667,22.39583333,22.0125,21.5,21.30416667,21.59166667,22.01666667,20.325,
344.8293291,0.074565217,,31.95833333,32,31.55,30.775,30.16666667,31.2625,30.6125,29.875,29.17083333,28.6,28.33333333,27.83333333,27.3875,27.10833333,26.97916667,26.58333333,26.27083333,25.94583333,25.83333333,25.65,25.44583333,25.42083333,24.90833333,24.14583333,23.77916667,23.45416667,23.10833333,23.21666667,22.60416667,22.65,22.36666667,22.02083333,21.675,21.725,21.8,22.22916667,21.93333333,
350.7195564,0.065023697,,32.5,32.14583333,31.55833333,30.78333333,30.00416667,30.85,30.8875,30.1125,29.6375,29.27083333,28.73333333,28.37083333,28.04166667,27.77083333,27.44166667,26.775,26.48333333,25.84583333,25.27916667,25.20833333,25.18333333,25.05833333,24.65,24.50416667,24.03333333,23.92083333,24.0625,23.44166667,23.1625,23.22083333,22.38333333,22.22916667,22.35,22.0375,22.9125,23.19583333,21.19583333,
362.9000181,0.077338129,,34.04,32.16875,31.468,30.8,30.21666667,31.70416667,30.80416667,30.1625,29.55,28.55833333,28.65833333,28.0875,27.60833333,27.20833333,27.17083333,26.55833333,26.1375,25.65416667,25.76666667,25.3375,25.22083333,24.85833333,24.675,24.625,24.26666667,23.84166667,23.47083333,23.52083333,22.83333333,22.8875,22.6875,21.85416667,21.34166667,21.10416667,20.87083333,21.43333333,20.89166667,19.36666667
294.75954,0.10175772,,32.5,32.14583333,31.55833333,30.78333333,30.00416667,31.0125,31.04583333,30.17083333,29.77083333,29.05833333,28.90416667,28.66666667,28.04166667,27.81666667,27.57916667,27.025,26.54166667,25.96666667,25.25416667,24.8875,25.125,24.925,24.83333333,24.97916667,25.39166667,25.49583333,25.58333333,25.4,25.27083333,24.80416667,24.39583333,24.19166667,23.81666667,23.69583333,24.10833333,24.09583333,,
370.2377687,0.064688995,,32.52,32.55,31.55833333,30.78333333,30.00416667,30.98333333,30.74166667,29.80416667,29.39166667,28.84166667,28.55833333,28.26666667,28.00416667,27.55833333,27.24583333,26.92083333,26.17083333,25.97916667,25.5,25.0875,24.84583333,24.45833333,24.4,24.25416667,23.90416667,23.875,23.6625,22.84166667,23.09166667,23.28333333,22.99583333,22.55,22.15,22.05416667,22.50416667,21.98333333,20.77083333,20.95
293.2377615,0.151904762,30,32,32,31.56666667,30.81666667,30.00416667,30.5625,30.67083333,30.1875,29.5625,29.04583333,28.45416667,28.45,27.68333333,27.49166667,27.05833333,26.75416667,26.27083333,26.05416667,25.99583333,25.7375,25.54583333,25.22083333,24.91666667,24.67916667,24.52916667,23.87083333,23.62916667,23.77916667,23.5875,23.37083333,23.19166667,22.625,23.42083333,23.16666667,22.23333333,,,
380.2074195,0.067331731,,32.04666667,32.5875,31.9125,31.40833333,30.39583333,31.36666667,30.75416667,30.09166667,29.27916667,29.20416667,28.725,28.3,28.075,27.82083333,27.28333333,26.9625,26.15416667,26.09583333,25.57916667,25.0125,25.0375,24.9375,24.55,24.32083333,24.00416667,23.72916667,23.9,23.39166667,23.4375,23.35416667,22.97916667,22.625,22.20416667,22.075,22.37916667,22.24166667,20.96666667,
346.2387555,0.052416268,30.12,33.125,33.10833333,32.16666667,31.40833333,30.83333333,31.69166667,30.88333333,30.37083333,29.87916667,29.10416667,29.24583333,29.1125,27.65,27.67083333,27.1625,26.6,26.35833333,26.30416667,26.175,26.38333333,26.47083333,26.10416667,25.78333333,25.31666667,25.57916667,24.94166667,24.47916667,24.55,24.34166667,24.24166667,24.4,24.34166667,25.15416667,25.15833333,23.63333333,24.0125,,
337.4226444,0.067625899,30.26,31.775,32.42916667,32.5,31.64583333,30.75416667,31.30416667,30.46666667,30.16666667,29.54583333,28.975,28.24583333,27.92916667,27.775,27.43333333,27.35,27.30833333,26.90416667,26.3625,25.83333333,25.7,25.175,24.77916667,24.2125,23.9875,23.8375,23.14583333,22.9875,23.07083333,22.70833333,22.40416667,21.875,21.7875,22.19166667,22.05,20.48333333,21.40833333,21.72083333,21.65
296.2280586,0.144575472,30,32,32,31.62083333,30.92916667,30.2875,30.90416667,30.575,30.19583333,29.39166667,28.99583333,28.73333333,28.20416667,28.13333333,27.72916667,27.29583333,26.8375,26.26666667,25.80833333,25.2875,25.25,24.7125,24.4,23.85,23.74583333,24.08333333,23.13333333,22.87083333,22.9375,22.67083333,22.33333333,22.16666667,22.4625,23.14166667,23.30416667,22.0125,22.00416667,,
244.2993227,0.216320755,30,32.5625,32.7375,32.1,31.2,30.1875,30.93333333,30.12916667,29.56666667,29.11666667,28.62916667,27.8125,27.1375,27.06666667,27.45833333,27.325,27.175,26.86666667,26.4125,25.76666667,25.825,25.42083333,24.77083333,24.18333333,23.69583333,23.45416667,22.6,22.725,23.02916667,22.25416667,21.9625,21.73333333,21.45416667,21.8125,21.80416667,20.27083333,20.1875,,
325.960007,0.154255319,30,32.22916667,33.13333333,32.34583333,31.24583333,30.525,31.425,30.55416667,30.15416667,29.3625,28.92916667,28.2875,28.175,27.9375,27.67916667,27.375,26.98333333,26.45833333,26.40833333,25.70416667,25.63333333,24.84166667,24.3375,23.85416667,23.80833333,24.14583333,23.2375,23.20416667,23.67916667,23.175,23.2125,23.19583333,23.28333333,23.625,23.76666667,,,,
305.2911479,0.082990431,30,31.25,32.09583333,31.91666667,30.95416667,30.96666667,31.325,30.60416667,29.96666667,29.35416667,28.8125,28.425,28.21666667,27.4875,27.09583333,27.325,27.05416667,26.99166667,26.4875,25.96666667,25.97083333,25.31666667,24.58333333,24.3375,24.0875,23.00416667,23.51666667,23.825,23.82083333,23.24166667,22.90833333,22.2125,22.4,22.24166667,21.10416667,21.28333333,21.20833333,21.29166667,
277.1840979,0.143492823,30,32.5375,33.95416667,32.65416667,31.72083333,31.27083333,31.12916667,30.65833333,30.25,29.4125,29.07916667,28.74166667,28.3875,28.12916667,27.29166667,26.74583333,25.9125,25.66666667,25.89166667,24.90416667,25.13333333,24.95416667,24.80833333,24.54583333,24.1875,23.86666667,24.00833333,23.74583333,23.95416667,23.49166667,22.65833333,22.47083333,22.72916667,22.65416667,22.08333333,22.0625,21.87083333,21.8,
257.3172964,0.152535885,30,34.7125,34.7125,32.72083333,31.76666667,31.35416667,31.06666667,30.62083333,30.12083333,29.71666667,29.46666667,28.6875,28.7125,28.05833333,27.3875,27.15833333,26.57916667,26.3125,25.9875,25.63333333,25.85416667,25.83333333,25.2875,25.10833333,24.59583333,23.9125,23.80416667,23.77916667,23.44583333,22.95,22.67916667,22.27083333,22.61666667,22.60416667,21.76666667,21.74166667,21.44166667,21.42083333,
275.7865052,0.173656174,30,31.25,32,31.79583333,30.98333333,31.10833333,31.475,30.72916667,30.17916667,29.52916667,29.18333333,28.77916667,28.3625,28.20833333,27.60833333,26.92083333,26.36666667,26.23333333,25.76666667,25.24166667,25.52083333,24.725,24.02083333,23.7625,24.30416667,23.47083333,23.275,23.2375,23.0375,22.96666667,23.20416667,23.04166667,23.51666667,23.41666667,22.6625,22.77916667,,,
367.0771372,0.06578125,,31.87857143,33.55833333,34.32083333,33.6,32.38333333,31.70833333,31.22916667,30.23333333,29.74166667,29.74166667,29.15833333,28.70416667,29,28.17916667,28.10416667,28.01666667,27.4875,26.8,26.7875,26.2625,25.07083333,25.825,25.075,24.09583333,25.35833333,25.07916667,24.6875,24.9875,24.91666667,24.35416667,24.74166667,25.0625,25.50833333,24.76666667,25.29166667,25.79166667,,
307.098699,0.08448,,30,32.80416667,34.1,33.22083333,32.6125,31.9625,31.375,30.14583333,30.37916667,29.62083333,29.45833333,29.36666667,28.60833333,28.45833333,27.79583333,27.67083333,27.1375,26.59166667,26.56666667,25.49583333,24.89166667,24.57916667,24.26666667,23.9875,25.275,25.70416667,26.375,26.6625,25.75833333,25.67916667,25.37083333,26.0125,26.7875,26.275,26.44583333,,,
323.6426219,0.056831169,,31.82142857,33.67083333,34.00833333,32.82083333,32.475,31.77083333,30.77916667,30.35,29.7875,29.55833333,29.15,28.74583333,28.80833333,28.20833333,27.62083333,27.85416667,27.025,27.16666667,26.67916667,26.15416667,25.825,24.99583333,25.1625,24.20833333,24.725,24.66666667,25.0375,24.93333333,24.09583333,24.56666667,24.55833333,24.54583333,25.0125,24.4,24.8875,24.95833333,,
334.3424852,0.063236074,,30.44285714,33.50416667,33.9625,33.4,32.64583333,32.00416667,31.22083333,30.40833333,30.15416667,30.02916667,29.2,29.5125,28.75833333,28.54583333,28.1875,27.8,27.24583333,26.87083333,26.20416667,25.37916667,24.625,25.03333333,24.39166667,23.95833333,25.3125,25.60833333,25.62083333,25.80416667,24.75,25.275,26.22083333,26.20416667,26.24583333,25.68333333,25.99583333,25.86666667,,
313.4660787,0.06025974,,31.47142857,33.75833333,34.12916667,33.39583333,32.92083333,31.90833333,30.94166667,30.15416667,30.02083333,29.17083333,28.90833333,29.125,28.50416667,28.32083333,28.17916667,27.32083333,27.17083333,27.10416667,26.47916667,26.07916667,26.13333333,25.10833333,24.81666667,25.27916667,24.64583333,24.5,25.1125,24.7125,24.4,24.81666667,24.56666667,24.64166667,25.30416667,25.30833333,25.3125,25.6625,25.53333333,
307.3431038,0.066443299,,30.97142857,34.8625,34.62083333,34.15416667,33.40833333,32.62083333,31.71666667,30.92916667,30.85,30.12916667,30.3125,29.725,29.5,29.04583333,27.89583333,28.2625,27.3625,27.12083333,26.70833333,25.69583333,25.85,25.25,24.875,25.24166667,25.58333333,26.0625,26.34166667,25.29166667,25.40416667,25.60833333,26.075,26.8875,26.77916667,26.90833333,27.01666667,,,
273.0523122,0.095090909,,30.26428571,32.25833333,33.34583333,33.1625,32.52916667,31.78333333,31.01666667,30.51666667,29.71666667,29.54166667,29.35833333,28.9,28.8,28.5375,28.075,27.93333333,27.05,26.575,26.29583333,25.57083333,25.75833333,25.20416667,24.54166667,25.20833333,24.425,24.74583333,24.6875,23.88333333,24.075,23.67083333,24.71666667,25.51666667,24.8375,24.54583333,25.2625,26.0875,,
332.2724377,0.045721649,,31.95,34.3875,34.0625,33.46666667,32.5875,31.77083333,30.87083333,30.46666667,29.90416667,29.16666667,29.42916667,28.82083333,28.6125,28.35416667,27.4875,27.575,27.0625,26.6625,26.23333333,25.9625,25.77083333,25.07083333,25.4125,24.79583333,25.13333333,25.22083333,24.7625,24.6,24.2875,24.17916667,24.61666667,24.92083333,24.0625,24.52916667,24.5,24.67916667,,
283.178108,0.100465116,,30.72857143,34.06666667,33.95833333,33.35,32.725,31.8875,31.0375,30.44166667,30.28333333,30.01666667,29.53333333,29.3875,29.3875,28.69583333,28.49583333,28.14583333,27.23333333,27.1125,26.60416667,26.0875,26.39166667,25.62083333,25.5,26.39166667,25.875,26.54166667,26.8625,26.22083333,26.04166667,25.71666667,26.0375,26.22916667,26.175,25.98333333,25.875,,,
277.4492987,0.055012853,,30.42857143,33.96666667,34.07083333,33.00416667,32.425,32.27916667,31,30.80416667,30.07916667,29.72083333,29.55416667,29.17083333,28.50416667,28.51666667,28.02916667,27.42083333,26.89166667,26.75416667,26.65,25.72083333,25.525,25.15833333,24.95833333,24.8875,24.74583333,25.15416667,24.94583333,24.30833333,24.475,24.24583333,24.18333333,24.6625,24.39583333,25.0875,24.25416667,,,
236.3177393,0.155220779,,31.28571429,33.93333333,33.92083333,33.42083333,32.64583333,32.01666667,31.1375,30.47083333,30.38333333,30.17916667,29.45833333,29.3,29.09166667,28.47916667,28.35416667,27.5,26.88333333,26.925,26.09583333,25.99166667,25.9125,25.4375,24.67916667,25.23333333,25.8,25.9125,26.05,25.17083333,25.175,25.36666667,25.6625,26.22916667,25.98333333,26.29166667,26.125,,,
293.7610787,0.059188482,,31.59285714,34.10833333,34.28333333,33.90416667,33.31666667,32.44166667,31.69166667,31.15833333,30.78333333,30.24583333,30.28333333,29.85,29.4625,29.2375,28.54583333,27.80416667,27.5625,27.22083333,26.15833333,26.22916667,26.04166667,25.27083333,25.25,25.45416667,25.31666667,25.22916667,25.075,24.6625,24.6625,25.20833333,25.33333333,25.125,25.79166667,25.90416667,25.19166667,,,
308.9674087,0.052408377,,31.41428571,34.39583333,34.12916667,33.97916667,33.14583333,32.375,31.68333333,30.79583333,30.65833333,30.28333333,30.26666667,29.35416667,29.37083333,28.85833333,27.8125,27.68333333,27.59166667,26.92083333,26.15,26.2125,25.5875,25.3625,25.64583333,24.975,25.07916667,25.45416667,24.46666667,24.39166667,24.8375,24.5875,24.44166667,24.29166667,24.85416667,24.43333333,24.35833333,24.6375,,
309.5205823,0.064566929,,30,34.07916667,34.625,33.99583333,33.22083333,32.225,31.82083333,31.10416667,30.68333333,30.46666667,30.29583333,29.7125,29.53333333,29.075,28.32083333,28.08333333,27.59166667,26.9,26.53333333,25.78333333,26.15,25.45833333,25.29166667,25.68333333,25.5875,25.79583333,25.12083333,24.74583333,24.91666667,25.24583333,25.85416667,25.58333333,25.74583333,25.65,25.6,25.09583333,,
318.1945644,0.052606383,,30,34.05833333,33.94583333,33.65416667,33.3625,32.51666667,31.89583333,31.30833333,30.89583333,30.3625,30.45,29.7375,29.44583333,29.22083333,28.40416667,27.95,27.82083333,26.9,26.63333333,26.49583333,25.6625,25.72916667,25.67083333,25.04583333,25.75416667,25.64166667,24.75,24.94166667,25.0875,25.37083333,25.54166667,25.20833333,25.625,25.43333333,25.55,25.37916667,25.19583333,
296.1759863,0.04662234,,30,32.97083333,34.325,33.86666667,33.03333333,32.35833333,31.59583333,31.22083333,30.45833333,30.42083333,30.15416667,29.67083333,29.59583333,28.84166667,28.17083333,28.04166667,27.32916667,26.95416667,26.3,26.0375,26.075,25.30416667,25.40833333,25.04166667,25.2375,25.23333333,24.19583333,24.06666667,24.0375,24.35833333,24.8375,24.40416667,25.07916667,25.05833333,25.5625,24.975,,
381.7823417,0.04375,,,,,,,,,,,,,,,,,,,,,,25.38888889,25.47083333,24.725,24.90833333,25.1625,24.9875,24.3375,24.13333333,24.06666667,23.95833333,24.075,24.25416667,24.44583333,23.85833333,23.95,,,
279.8762297,0.195169713,30.5,31.4625,31.96666667,31.10833333,30.30833333,29.64583333,28.77916667,27.81666667,28.9,29.0125,28.60416667,28.04166667,27.99166667,28.16666667,27.975,27.09166667,27.41666667,26.49583333,25.94583333,25.72916667,24.88333333,24.27916667,23.8125,23.90416667,24.54583333,24.6375,25.1875,24.85416667,25.025,25.36666667,24.96666667,24.39166667,24.475,24.19166667,23.20416667,23.29166667,23.35833333,,
380.0372953,0.050287958,31.04615385,30.84583333,31.6625,31.19583333,30.48333333,29.55833333,28.60416667,27.68333333,29.92916667,29.2,28.72916667,28.54583333,28.07083333,27.47916667,28.08333333,27.67916667,27.15833333,26.825,26.46666667,26.02916667,25.22916667,24.5625,24.19583333,25.04166667,24.91666667,25.06666667,25.08333333,24.85,24.49583333,24.5125,24.325,24.49166667,24.24166667,24.17916667,25.0625,25.09583333,25.41666667,,
319.4217115,0.128484043,30.5,31.3375,31.44583333,31.12916667,30.29166667,29.32916667,28.54166667,27.6875,29.79166667,28.7125,28.78333333,29.17916667,28.07916667,27.5875,27.25416667,26.9125,26.97083333,26.67083333,26.25833333,26.20833333,25.49583333,25.79166667,25.63333333,26.24583333,26.41666667,25.75,25.93333333,25.62083333,25.77083333,25.82083333,25.64166667,24.3125,24.70833333,24.54166667,24.52916667,24.66666667,,,
349.3489989,0.058205805,32.4,33.1125,33.99166667,33.175,33.14583333,31.79583333,31.2,30.22916667,30.9125,29.675,29.47916667,29.8375,28.78333333,28.35833333,27.74166667,27.8125,27.22916667,26.8,26.74166667,26.07083333,25.69166667,25.2875,24.91666667,25.8125,25.79166667,25.17916667,25.0625,24.72083333,24.59166667,24.91666667,24.78333333,24.4875,24.68333333,24.22916667,24.19583333,24.15,,,
343.0393383,0.044815789,30.525,31.32916667,31.77916667,31.59583333,30.69166667,29.75,28.92083333,28.04166667,30.38333333,29.925,29.48333333,29.05833333,28.77916667,28.1875,28.0375,28.01666667,27.30833333,27.175,26.625,26.39166667,25.85,25.64166667,25.05,25.85416667,25.87083333,25.21666667,25.25,24.9,25.00833333,24.8375,24.45416667,24.2625,24.85,24.92083333,25.3375,25.35833333,24.9,,
325.7731147,0.081027027,30.73333333,31.37083333,32.39583333,33.15416667,32.7375,31.2125,29.99583333,28.65833333,30.14166667,29.42083333,29.1875,29.17083333,28.63333333,28.34166667,28.15416667,28.34166667,27.79166667,27.45,26.74166667,26.05416667,26.00416667,25.85416667,25.09166667,25.4125,25.7375,25.2625,25.3,25.5,25.9,25.95416667,25.68333333,25.2,25.1875,24.7625,24.69583333,24.8375,24.22916667,,
321.3319097,0.061362468,30.5,30.49583333,31.77916667,31.64583333,30.69583333,29.90416667,29.03333333,28.18333333,30.925,29.61666667,29.64166667,29.45416667,29.12916667,28.1875,28.06666667,28.05,27.09583333,26.1375,25.67916667,25.45416667,25.82083333,25.24583333,25.39166667,26.2375,25.67083333,25.7125,25.5125,25.65416667,25.90833333,25.47916667,25.00416667,24.64583333,24.20833333,23.96666667,23.9,23.14166667,,,
348.472747,0.045953608,30.5,30.50416667,31.77916667,31.64583333,30.69583333,29.90416667,30.95,30.77083333,31.43333333,29.4,29.25,29.17916667,29.06666667,28.62916667,28.3375,28.2125,27.57916667,26.87916667,25.9625,25.78333333,26.1375,25.18333333,25.87083333,26.3125,25.5625,25.65833333,25.82916667,25.61666667,25.41666667,24.90416667,24.31666667,24.2,23.75416667,23.90416667,24.09166667,23.725,24.225,,
359.3196875,0.041082474,33.325,33.75416667,34.6125,34.68333333,33.39166667,32.7625,31.875,30.79583333,29.9625,29.7125,29.8125,29.5875,29.07083333,28.35416667,28,27.41666667,26.70833333,26.34166667,25.8125,25.80416667,25.85416667,25.39166667,25.4125,25.875,25.72916667,25.89166667,25.575,25.01666667,25.21666667,24.64166667,24.00416667,24.12083333,23.69166667,23.82083333,23.675,23.39583333,23.78333333,,
318.5552198,0.052570694,30.5,30.49583333,31.77916667,31.5625,30.69583333,29.925,29.07083333,28.225,31.15,29.4625,29.94166667,29.2125,28.71666667,28.0125,27.74166667,27.5125,26.81666667,26.43333333,25.84166667,25.40833333,25.3875,24.8,25.10416667,25.71666667,25.19166667,25.17083333,24.99583333,24.775,24.91666667,25,24.30416667,24.15416667,24.2125,24.1125,24.125,23.40833333,,,
341.8269449,0.052202073,30.5,30.49583333,31.80833333,31.64583333,30.69583333,30.38333333,31.39583333,30.8,31.2375,29.79583333,29.14166667,29.27083333,28.82916667,28.2875,28.20833333,27.76666667,27.2625,26.96666667,26.6625,26.2,25.8125,25.12916667,25.2,25.57083333,25.36666667,24.95833333,24.70833333,24.8375,24.82083333,24.64166667,24.37916667,24.7125,24.6625,24.91666667,24.8625,24.3375,24.37916667,,
337.5635931,0.076,30.5,30.49583333,31.79166667,31.95,33.34166667,32.2375,31.48333333,30.3875,29.70416667,29.9,29.2625,29.18333333,28.87083333,28.38333333,28.18333333,27.92916667,27.26666667,26.475,25.97083333,26.07916667,25.81666667,25.45,25.89583333,26.30833333,25.7375,25.575,24.8375,24.87083333,25.1125,25.15,24.71666667,25.11666667,24.92083333,24.3,24.40833333,23.96666667,,,
371.7207573,0.041906005,30.5,30.50416667,31.70833333,31.525,30.80416667,29.91666667,29.00833333,28.2875,29.24583333,29.42083333,28.95,29.54583333,28.125,28.40833333,28.075,27.525,27.3,26.71666667,26.2625,25.55416667,25.26666667,25.25833333,26.03333333,25.54583333,25.20833333,24.9375,25.1125,25.51666667,25.35416667,25.52916667,25.6125,25.625,25.4375,25.05416667,24.30416667,,,,
357.7806689,0.06513089,30.5,30.37083333,31.175,31.19583333,30.50833333,29.55833333,28.60416667,27.68333333,29.71666667,29.2375,28.4875,28.9,28.07916667,27.475,26.74166667,26.72916667,26.7625,26.4375,26.0625,26.40833333,25.77083333,25.19583333,25.35,25.125,25.24166667,25.775,25.89583333,24.98333333,25.29166667,24.94583333,24.69583333,24.75833333,24.59166667,23.74583333,23.69166667,23.87083333,24.23333333,,
352.4034473,0.054293194,30.5,30.5375,31.47916667,31.19583333,30.48333333,29.58333333,28.60416667,27.65833333,29.34166667,29.125,29.275,29.1125,28.65833333,28.0875,27.375,27.32916667,26.75416667,26.86666667,26.22083333,25.46666667,25.04583333,24.37916667,24.27083333,24.92083333,25.24583333,25.775,25.94583333,25.25833333,25.4875,25.38333333,25.72916667,25.55416667,25.34166667,24.69583333,24.22916667,23.675,23.55,,
391.5696203,0.063414634,30.5,30.5375,31.83333333,33.525,34.35,32.8,32.68333333,30.67916667,30.45,29.53333333,29.0625,28.99166667,28.96666667,28.69583333,28.09166667,27.64166667,27.30416667,27.14166667,26.3375,26.01666667,25.50833333,24.90833333,24.60833333,24.32916667,24.50833333,24.925,25.18333333,25.3125,25.34166667,25.025,24.95,24.9625,24.57916667,24.07916667,24.02916667,23.89166667,23.97083333,24.23333333,
392.8325733,0.048031496,31.42307692,31.47916667,32.52916667,33.0625,32.32916667,31.26666667,30.22916667,28.9375,30.77916667,29.58333333,29.68333333,29.22916667,29.325,28.475,27.84583333,27.22083333,27.18333333,27.00833333,26.83333333,26.54583333,26.00416667,25.37083333,25.3625,25.34166667,24.54583333,24.77083333,25.025,24.6375,24.475,24.29583333,24.8,24.88333333,24.59583333,24.0375,24.49166667,24.23333333,24.2875,24.325,
358.8781306,0.052047244,30.5,30.5375,31.82083333,31.69583333,31.025,30.1625,29.20416667,28.25416667,30.15833333,29.50833333,29.00833333,28.94583333,28.94583333,28.58333333,28.3625,27.59583333,27.32083333,26.8625,26.27916667,26.91666667,25.80833333,25.37916667,25.25833333,25.10833333,24.82083333,25.25416667,25.47083333,25.34166667,25.1,24.85,25.1875,25.07916667,24.75833333,24.68333333,24.775,24.60416667,24.64583333,24.43333333,
342.0280038,0.062005277,33.96666667,34.1875,34.64583333,34.4875,33.36666667,32.45416667,31.63333333,30.60833333,29.76666667,29.16666667,29.16666667,28.7625,28.20833333,28.1875,27.34166667,27.42916667,27.25416667,27.15,26.90416667,26.3375,25.87916667,25.62083333,25.45833333,26.2875,26.1875,25.60416667,25.64583333,25.7,25.56666667,25.7375,25.825,25.4125,25.85416667,25.67083333,25.55416667,25.67916667,,,
339.0663406,0.088601583,30.525,31.5125,31.9625,32.83333333,30.66666667,29.725,28.92083333,28.08333333,29.72916667,29.1,29.17916667,28.81666667,28.15833333,27.7875,27.28333333,27.27083333,27.04166667,26.56666667,26.07083333,25.80416667,25.5125,25.4875,25.24583333,25.40833333,25.57083333,25.21666667,25.29166667,25.52083333,25.15416667,25.34583333,25.19166667,24.60416667,25.29166667,25.30416667,25.34583333,25.40416667,24.75,,
310.2718535,0.115249169,,,34.25,34.225,33.20416667,31.08333333,30.40416667,29.10416667,29.2625,29.30416667,29.07083333,28.5875,28.50416667,27.99583333,27.9375,27.33333333,27.09166667,26.80833333,26.25416667,26.15416667,25.85416667,25.60416667,25.38333333,25.20833333,24.6125,24.75416667,24.875,25.07916667,25.0875,24.975,24.95416667,24.5875,24.275,23.10833333,22.82916667,22.71666667,22.42083333,22.36666667,
349.2432152,0.071659574,32.24444444,32.96666667,33.625,33.71666667,32.95833333,31.10416667,30.73333333,29.82916667,29.35833333,29.13333333,28.84583333,28.6125,28.575,28.05416667,27.775,27.30416667,26.75416667,26.22083333,26.1375,25.65,25.24583333,24.75833333,24.8125,24.7125,24.02083333,24.17083333,24.125,24.3,24.36666667,24.11666667,24.40833333,24.17083333,23.87083333,22.9625,22.48333333,21.97083333,21.70416667,21.69583333,
310.8488907,0.063820598,30.5,32.325,33.8875,33.6875,32.90416667,30.64166667,29.89583333,28.72083333,29.1375,29.3875,28.70416667,28.62916667,28.1875,27.79583333,27.40416667,27.49583333,26.7125,26.75416667,26.17083333,25.82083333,25.40833333,24.99583333,24.75416667,24.65,24.0375,23.97916667,23.99166667,24.52083333,24.51666667,23.925,24.45,23.98333333,23.88333333,22.66666667,22.17916667,21.80833333,21.49583333,21.29166667,
326.8108015,0.092204724,,,,,,,,,,,,,,,,,,,,,,,26.4,24.9,25.20833333,25.06666667,25.75416667,25.76666667,25.42916667,25.04166667,24.48333333,23.78333333,23.2,23.00833333,22.6625,22.40833333,22.34166667,21.87083333,
348.5134062,0.093372093,,,,,,,,,,28.83333333,29.53333333,29.24583333,29.2,29.24583333,28.93333333,28.7625,28.50833333,27.65,27.27083333,27.09166667,26.9375,26.58333333,26.5625,26.59583333,26.2375,25.99583333,25.20416667,24.69583333,24.45,23.8125,24.04166667,24.17083333,23.56666667,23.36666667,23.49583333,23.2375,23.20416667,23.2125,
282.6439438,0.093622047,,,,,,,,,,,,,,,,,,,,,,,26.1125,26.17916667,25.94166667,25.55416667,25.375,25.02916667,24.975,24.17916667,24.18333333,23.67916667,22.6625,22.825,22.86666667,22.22083333,21.58333333,20.95416667,
249.7454926,0.153590734,,,,,,,,,,,,,,,,,,,,,,,26.3875,26.525,26.3625,26.70833333,26.15416667,25.8,25.76666667,25.55,25.625,25.0125,23.9125,24.32916667,23.84583333,22.83333333,22.42083333,22.45833333,
285.8230189,0.117859922,,,,,,,,,,,,,,,,,,,,,,,25.86666667,25.6125,25.08333333,24.93333333,25.07083333,24.95416667,24.59166667,24.60833333,24.28333333,24.0375,23.2875,22.95,22.48333333,22.1,21.8375,21.375,
288.0490102,0.109069767,,,,,,,,,,,,,,,,,,,,,,,,,,,,,,,,,,,,,,,
259.8940106,0.078521401,,,,,,,,,,,,,,,,,,,,,,,,,,,,,,,,,,,,,,,
277.9470092,0.168023256,,,,,,,,,,,,,,,,,,,,,,,,,,,,,,,,,,,,,,,
282.7102609,0.081789883,,,,,,,,,,,,,,,,,,,,,,,,,,,,,,,,,,,,,,,
225.0238443,0.174571429,29.33076923,31.3,30.80555556,31.27083333,30.90833333,30.125,29.54583333,28.94166667,28.43333333,28.64583333,28.15833333,27.8125,29.29583333,28.82916667,28.575,28.46666667,28.24166667,27.725,27.25,26.96666667,26.82083333,26.52083333,26.19583333,26.22916667,25.47083333,25.46666667,25.45,25.9,25.7375,24.73333333,24.5375,24.175,24.3875,24.30416667,23.10833333,23.2625,22.99166667,,
347.8805013,0.074588235,,,,,,29.3,28.94583333,28.35833333,29.34583333,28.975,27.68333333,27.24583333,28.74583333,28.55833333,28.2875,28.33333333,28.3875,27.72916667,27.3375,26.8,26.54583333,26.525,26.48333333,26.07083333,25.73333333,25.73333333,25.20833333,25.13333333,24.3625,23.8625,23.8625,23.25,23.5125,23.38333333,22.45,22.5,21.86666667,21.30416667,
367.5009828,0.093755102,,,,,,,,,,,,,,,,,,,,,,,,,,,25.51818182,25.90416667,26.03333333,25.6375,25.95,25.79583333,25.80833333,25.29583333,23.825,23.675,23.5875,23.225,
343.4980131,0.062235294,,,,,,,,,,,,,,,,,,,,,,,,25.575,25.1625,24.90416667,24.56666667,24.26666667,23.9625,23.21666667,23.1375,22.98333333,23.23333333,23.4375,22.4375,22.30833333,21.44583333,21.07083333,
371.1568926,0.064734694,29.51428571,31.875,31.2826087,31.27083333,30.90833333,30.125,29.54583333,28.96666667,28.73333333,28.9,28.2875,28.26666667,28.7125,28.68333333,28.67916667,28.57916667,28.54583333,28.02083333,27.425,26.8875,26.35416667,26.05,25.62916667,25.30416667,25.15833333,25.14166667,24.77916667,24.9625,24.47916667,24.01666667,24.04583333,23.63333333,23.46666667,23.5125,22.30833333,22.72916667,22.33333333,21.67083333,
262.8808912,0.096117647,,,,,,,,,,,,,,,,,,,,,,,,,,,,,,,,,,,,,,,
236.9332628,0.167959184,,,,,,,,,,,,,,,,,,,,,,,,26.16190476,25.89166667,25.67916667,25.46666667,25.74166667,25.17083333,24.71666667,24.32083333,24.20416667,24.225,24.14583333,22.8625,22.7625,22.55,21.85416667,
329.3298675,0.073882353,,,,,,,,,,,,,,,,,,,,,,,,,25.82,25.7875,25.625,25.17916667,24.55,24.07083333,24.14583333,23.325,23.39166667,23.60833333,22.79166667,22.925,21.99583333,21.27083333,
369.6801268,0.047931034,,,,,,,,,,,,,,,,,,,,,,,,,,25.275,24.76666667,24.7125,25.26666667,24.82083333,25.31666667,24.64166667,24.92083333,25.27916667,24.92916667,23.44583333,23.75416667,23.43333333,
323.101682,0.076,,,,,,,,,,,,,,,,,,,,,,,,,25.6125,25.37916667,25.10416667,24.925,24.02083333,23.23333333,23.63333333,22.90833333,22.7875,22.87083333,22.375,22.3125,21.47083333,20.70833333,
375.1788858,0.049501916,,,,,,,,,,,,,,,,,,,,,,,,,,25.20454545,24.72083333,24.425,24.475,23.70416667,23.725,23.875,23.64583333,23.8,23.72083333,22.3125,22.325,22,
346.0781527,0.075695793,,32.39375,33.2125,32.82083333,32.06666667,31.4,31.0375,30.2875,29.53333333,28.92083333,28.6375,28.36666667,28.15,27.6,26.92083333,26.74166667,25.87916667,25.43333333,25.37916667,24.96666667,24.78333333,24.61666667,24.35833333,24.27916667,23.4125,22.9125,22.6375,23.06666667,23.22916667,22.3875,22.22916667,22.34583333,21.96666667,21.26666667,22.09166667,21.32916667,22.58333333,23.44166667,
342.1753883,0.075533981,,,,,,,,,,,,,,,,,,,,,,,,,,,,,,,,,,,,,,,
374.9391,0.068710801,,32.78125,32.36666667,33.06666667,32.82916667,32.08333333,31.76666667,30.55,29.88333333,29.22916667,28.98333333,28.53333333,27.8125,27.27083333,26.9875,26.35833333,25.79583333,25.85833333,25.21666667,25.15833333,25.08333333,24.55,24.25416667,23.8625,23.73333333,23.0125,23.2875,23.59166667,22.07083333,23.00833333,22.24166667,21.89583333,21.875,22.18333333,21.24583333,21.575,23.45,,
348.6991457,0.0628125,,32.15625,32.425,32.94166667,32.77083333,32.27083333,31.90833333,30.89583333,30.05833333,29.29583333,28.9875,28.65,27.71666667,27.49583333,27.03333333,26.22916667,25.8625,25.67083333,25.02916667,25.16666667,25.45,24.99166667,24.55833333,23.875,23.8625,23.375,23.76666667,24.0375,22.87916667,23.26666667,22.6625,22.2375,22.39583333,22.3,21.7625,22.65416667,24.93333333,25.05,
338.4203949,0.0790625,,32.3375,32.05,32.95,32.39166667,31.69166667,31.45,30.425,29.725,29.10416667,28.94166667,28.4375,27.94583333,27.32083333,26.925,26.17916667,25.70416667,25.60416667,25.15416667,25.00416667,24.70416667,24.83333333,24.35,23.82083333,23.54583333,22.95416667,23.10416667,22.97916667,21.94166667,22.22916667,22.19583333,21.75416667,21.6,21.99583333,21.4625,22.025,23.03333333,,
275.946743,0.117096774,,32.64615385,33.29583333,33.04583333,32.77916667,31.74166667,31.10416667,30.425,29.92916667,29.45416667,29.02916667,28.5375,28.14166667,27.7875,27.40416667,26.8875,26.17916667,25.8125,25.45833333,25.275,24.92916667,24.3125,24.30416667,24.69166667,24.37916667,24.0625,23.94166667,23.65416667,24.10833333,23.92083333,22.8,22.9375,22.95,22.61666667,22.0875,22.7625,22.37916667,22.6875,
336.3767886,0.117818182,,34.31538462,33.93333333,33.8375,33.05,32.275,31.5125,30.82083333,30.12083333,29.5,28.94166667,28.325,28.0125,27.65,27.32083333,26.6875,26.3875,26.04166667,25.7375,25.75,25.10833333,24.8875,25.04583333,24.8875,24.4875,24.37083333,24.17083333,24.25416667,24.57083333,24.21666667,22.8,22.95,22.5875,21.90416667,21.625,22.38333333,22.79166667,23.05833333,
241.2547804,0.219776952,,33.60769231,33.54583333,33.425,33.02083333,32.4125,31.37083333,30.39166667,29.84166667,29.075,29.11666667,28.7625,28.18333333,27.82083333,27.27916667,26.8125,26.375,25.95,26.0875,25.56666667,25.2,24.70416667,24.64583333,24.425,23.975,23.49166667,23.15833333,23.04166667,23.68333333,23.68333333,22.22083333,22.75416667,22.8375,21.65833333,21.76666667,22.55,22.87083333,,
372.2328198,0.097313433,,34.57692308,34.16666667,33.56666667,33.24583333,32.1,31.09166667,30.60416667,30.05833333,29.6375,28.925,28.47916667,28.27916667,27.74583333,27.325,26.82083333,27.04166667,26.6625,25.90833333,25.6625,25.04166667,24.67916667,24.62083333,24.47916667,24.14583333,23.9,23.49166667,23.25833333,23.5,23.775,22.74583333,22.90416667,23.0875,22.39583333,22.46666667,22.89583333,22.575,22.93333333,
279.7217493,0.1,,34,33.99166667,33.825,33.10416667,32.07916667,31.0375,30.75416667,29.87083333,29.34583333,28.8375,28.4,28.02083333,27.65,27.3125,26.97083333,26.4875,26.10416667,25.6625,25.20416667,25.05,24.80833333,24.2,24.5625,24.31666667,22.94583333,22.90416667,23.0375,23.025,22.19583333,22.4625,21.99583333,21.6875,21.88333333,22.73333333,22.45,22.4625,,
295.4234496,0.089016949,,34.21333333,34.4125,34.175,33.47916667,32.1375,31.4375,30.825,29.9625,29.075,28.84166667,28.21666667,27.99166667,27.65,27.34583333,26.90416667,26.5875,26.25416667,25.69166667,24.83333333,24.8125,24.3375,24.50833333,24.31666667,23.53333333,23.24166667,23.26666667,23.71666667,23.55833333,22.40833333,22.7875,23.0375,23.25833333,22.975,23.58333333,23.59166667,23.89166667,24.17916667,
391.1649383,0.059863946,,34.52666667,34.12083333,33.925,33.21666667,32.27916667,31.39583333,30.28333333,29.9375,29.24583333,28.85,28.5375,28.22083333,27.94583333,27.6125,27.05833333,26.67916667,26.22083333,25.8,25.09166667,24.69583333,24.62916667,25.01666667,24.74583333,24.17083333,24.33333333,24.11666667,24.7625,24.84583333,23.65,23.67916667,23.69166667,22.7875,22.075,22.3875,21.725,22.475,22.95833333,
302.8062128,0.114081633,,34.26,34.36666667,33.7625,33.2625,32.3125,31.3375,30.37083333,29.4,29.61666667,28.97916667,29.15416667,28.30416667,28,27.30833333,26.90833333,26.55833333,25.94166667,25.72916667,25.10833333,24.87916667,24.59583333,24.6125,24.5375,24.19166667,23.94583333,23.80416667,23.87083333,23.8125,22.525,22.50833333,22.85833333,22.17916667,21.55416667,22.2875,21.5125,22.24166667,22.08333333,
216.8774611,0.165570934,,34.55333333,34.7375,34.44583333,33.0875,32.825,31.87916667,31.32083333,31.03333333,30.13333333,29.125,28.68333333,28.52083333,28.01666667,27.5125,26.97083333,26.75833333,25.9125,25.6375,24.99166667,24.40416667,24.62083333,25.44583333,25.0125,24.26666667,24.725,24.14166667,24.3,24.57083333,23.83333333,23.79583333,23.65416667,22.77083333,22.04166667,22.27083333,22.52083333,22.35416667,,
237.7203622,0.125536332,,34.44,34.65833333,34.34166667,33.50416667,32.44166667,31.62083333,30.9375,30.34583333,29.6375,29.4125,28.57916667,28.325,27.77083333,27.42083333,26.90833333,26.33333333,25.97916667,25.52916667,25.07083333,24.65833333,24.29583333,24.25,24.3375,23.80416667,23.7375,23.475,24.0125,23.70416667,22.74583333,22.64583333,23.325,22.15833333,21.425,21.7125,21.97916667,22.80833333,22.72083333,
332.5986416,0.078839286,32.95,33.35833333,33.6875,33.65416667,32.89166667,32.03333333,31.325,30.47916667,29.6125,29.34166667,29.09166667,28.37083333,28.15,27.70416667,27.7625,27.20416667,27.10833333,26.98333333,26.69583333,26.47083333,26.6875,25.8125,25.69583333,25.91666667,25.7125,25.425,24.85,24.52083333,24.2375,24.48333333,24.1125,23.3,23.28333333,22.9625,22.5,22.34166667,21.975,21.06666667,
170.8963265,0.203392857,30.5,32.6,34.59166667,34.31666667,33.55833333,32.77916667,31.975,31,30.2625,29.75833333,29.4,28.97916667,28.12916667,28.20416667,28.08333333,27.54583333,27.5,26.9375,26.69583333,26.72083333,26.58333333,25.92916667,25.725,26.08333333,26.19583333,25.52916667,24.54166667,24.4625,24.575,24.79166667,24.45833333,23.25416667,23.15833333,23.05833333,22.40833333,22.875,23.04166667,,
236.8315265,0.125295858,,,,,,,,,,,,,,,,,,,27.05,26.525,26.39583333,26.04166667,26.09583333,25.72916667,25.375,24.9625,23.9625,23.85416667,23.42083333,23.29166667,23,21.9375,21.86666667,21.5875,21.2,21.57083333,21.89166667,21.54583333,
263.571264,0.148393443,30.5,31.25416667,32.875,33.67083333,33.34166667,32.7,31.79166667,31.0875,30.37083333,29.94583333,29.3625,28.99583333,28.70416667,28.29166667,28.03333333,27.9125,27.52916667,27.49166667,27.46666667,26.87916667,26.40833333,26.06666667,25.81666667,25.625,25.35,25.12083333,24.2125,23.7375,23.43333333,23.59166667,23.74583333,22.95416667,23.025,22.4875,21.5625,21.24166667,21.5875,21.0375,
273.962595,0.08295858,30.94,32.95833333,33.97916667,34.18333333,33.27083333,32.30833333,31.74583333,30.5375,30.05,29.70416667,29.46666667,28.82083333,28.4625,28.025,28.13333333,27.45833333,27.1375,27.02916667,27.25,26.55,26.40833333,25.86666667,25.975,25.72916667,25.45833333,25.2625,24.56666667,24.3875,23.9375,23.97916667,23.74583333,22.93333333,22.77916667,22.78333333,22.19583333,21.94166667,21.46666667,20.6,
310.547917,0.10762215,30.5,32.725,34.425,34.39166667,33.94166667,33.05416667,31.83333333,31.07916667,30.32083333,29.75416667,29.52083333,29.05833333,28.79166667,28.275,28.2125,27.85416667,27.57916667,27.3625,26.86666667,26.07083333,25.64166667,25.62916667,25.45833333,25.24583333,25.55,25.2,24.60416667,24.23333333,24.08333333,24.28333333,24.4625,23.24166667,23.38333333,23.46666667,23.07916667,23.0375,22.84583333,21.90416667,
282.5968772,0.08977918,33,33.925,34.54166667,34.1875,33.575,32.55416667,31.7875,30.96666667,30.64583333,29.9,29.69583333,29.14166667,28.55,28.4375,28.05416667,27.84166667,27.94166667,27.8125,27.4375,26.97083333,26.37916667,25.8875,25.74166667,25.79583333,25.3875,24.46666667,24.27916667,23.975,24.0875,23.9875,23.0875,23.02083333,23.22083333,22.525,22.50416667,22.17083333,21.55,22.42083333,
247.201279,0.142018927,30.5,32.99166667,34.375,33.95833333,33.44583333,32.77916667,31.9125,31.33333333,30.35,29.77916667,29.45416667,29.025,28.31666667,28.30833333,27.90416667,27.4125,27.32083333,27.35416667,27.38333333,26.69166667,26.5375,26.2,26.15,26.07916667,26.11666667,25.6875,25.39166667,24.60416667,24.85833333,24.92916667,25.31666667,23.85833333,23.61666667,24.17916667,23.45833333,23.025,23.125,22.12083333,
279.7133004,0.122429022,,32.3,32.125,31.69583333,31.10416667,30.55,29.64583333,28.525,27.97916667,27.67083333,27.84583333,27.17916667,27.26666667,27.1,26.62083333,26.15416667,26.37916667,26.35416667,25.99583333,25.675,25.30833333,25.35,25.4875,25.30833333,25.3625,25.24166667,25.51666667,25.475,25.84166667,25.3875,24.7625,24.6875,24.925,24.82916667,24.7625,24.75833333,23.84583333,23.7625,
259.7987569,0.168706625,,,,,,,,,,,,,,,,,,,,,,,,,,,,,,,,,,,,,,,
298.1794122,0.07271875,,31.66666667,32.00833333,31.81666667,31.04583333,31.03333333,31.57916667,30.89583333,30.06666667,29.63333333,29.24166667,28.99583333,28.675,28.075,27.61666667,27.05833333,27.10416667,26.47083333,26.3375,26.10416667,25.98333333,25.59583333,25.41666667,25.1625,24.85,24.72083333,24.4875,24.3375,24.18333333,23.64166667,23.99583333,23.2875,23.05833333,23.0375,23.0375,22.60833333,22.1,22.525,
307.0771846,0.098758621,,31.56,33.125,32.23333333,30.77916667,32.15,31.26666667,30.6875,29.74583333,29.6125,29.3375,28.775,28.32916667,27.6875,27.17916667,27.24583333,27.01666667,26.70416667,26.4375,26.1,25.81666667,25.45416667,25.10833333,24.60833333,24.275,24.29583333,24.15833333,24.05,24.44583333,23.87916667,23.3875,23.275,22.88333333,22.60833333,22.375,22.21666667,21.4375,,
304.2998187,0.068101266,,31.06,31.8952381,32.7375,31.95833333,31.62916667,31.67916667,30.90833333,30.29166667,29.77916667,29.25416667,28.54166667,28.7125,27.67083333,27.39166667,26.79166667,27.15833333,26.75833333,26.32916667,26.35833333,25.81666667,25.675,25.50416667,25.175,24.775,24.60416667,24.07916667,23.65833333,23.24583333,23.06666667,23.26666667,23.07916667,22.65,22.77083333,23.1,22.7875,22.4,22.53333333,
290.1732751,0.12013986,,31.12666667,32.8125,32.7,30.675,32.2375,31.44583333,30.72083333,29.91666667,29.24166667,29.19583333,28.83333333,28.48333333,28.2,27.65833333,26.74583333,26.55833333,26.94166667,26.44583333,26.025,25.93333333,25.69583333,25.80416667,25.32083333,25.14583333,24.91666667,24.4625,24.19166667,24.375,24.21666667,23.98333333,23.725,23.925,23.37083333,23,22.68333333,21.8875,,
325.297508,0.048612903,,32.15333333,34.2125,33.77916667,33.10416667,32.31666667,31.67916667,30.80833333,30.32083333,29.9375,29.61666667,28.87916667,28.70416667,28.32916667,27.69583333,27.775,27.5,27.1,27.10833333,26.69166667,26.41666667,26.1375,26.0125,25.59583333,25.26666667,24.8625,24.50416667,24.0125,24.00416667,24.2,23.78333333,23.8875,23.775,23.35416667,22.89166667,22.83333333,22,,
244.5807071,0.159368421,,31.22666667,32.74583333,32.34166667,31.5875,31.88333333,31.27916667,30.58333333,29.7125,29.5625,29.19583333,28.5625,28.20833333,27.12083333,26.65833333,26.6625,26.67083333,26.01666667,26.50416667,26.43333333,26.025,26.1125,25.8,25.37916667,25.04583333,24.64583333,24.19583333,23.84166667,23.8,23.54166667,23.03333333,22.83333333,22.67083333,22.3625,22.47083333,22.51666667,22.52083333,,
260.7878231,0.104935484,,32.42666667,34.19166667,34.3625,33.875,32.89583333,31.7,30.925,30.20416667,29.76666667,29.72916667,29.12916667,28.70833333,28.07916667,28.13333333,27.49583333,27.50833333,27.075,26.88333333,26.75416667,26.49583333,26.225,26,25.57083333,25.1625,24.7625,24.5,24.15833333,24.20833333,24.35833333,24.06666667,23.80833333,23.34583333,22.97083333,22.8875,22.875,22.06666667,,
314.401801,0.0874,,31.83846154,32.94166667,33.44166667,32.70833333,31.88333333,31.52916667,30.7,30.0125,29.22916667,28.84583333,28.5375,28.04166667,27.85416667,27.65416667,27.37083333,27.04583333,26.55,26.44166667,26.3375,26.27083333,25.89583333,25.5875,24.69583333,24.20416667,23.85,24.475,24.46666667,23.9375,23.59583333,23.24583333,23.0375,22.77916667,23.1,22.625,22.3875,22.52083333,,
298.3712538,0.068645161,,31.94,33.7125,33.35416667,32.19166667,32.40833333,31.51666667,30.65416667,30.06666667,29.36666667,29.09583333,28.52916667,28.13333333,27.5625,27.39583333,27.15416667,26.975,26.80833333,26.66666667,26.3125,26.14166667,26.0125,25.7125,25.50833333,25.3875,24.89583333,24.4125,23.95833333,24.25,23.64166667,23.20833333,23.29166667,23.32083333,23.29166667,22.79583333,22.80416667,21.91666667,,
326.9024949,0.068708609,,33.05384615,33.525,32.50416667,31.80416667,31.54166667,31.7375,30.72916667,29.99166667,29.65833333,29.21666667,28.65,28.46666667,27.875,27.52916667,27.21666667,26.42916667,26.50833333,26.27916667,26.32083333,26.00833333,25.70416667,25.37083333,25.1,24.44583333,24.48333333,24.16666667,24.12083333,23.71666667,23.42916667,23.41666667,23.17083333,22.87083333,22.67083333,22.77083333,22.35833333,22.225,,
283.7018384,0.102322581,,32.2,33.875,33.21666667,32.3625,31.79166667,31.71666667,30.70833333,29.93333333,29.62916667,29.3625,28.92083333,28.40833333,27.92916667,27.80416667,27.02083333,26.47916667,26.30416667,26.22083333,26.025,25.78333333,25.46666667,25.45,25.35,25.02083333,24.35416667,24.40416667,23.92083333,24.225,23.30833333,23.06666667,22.92916667,22.72083333,22.5125,22.55,22.775,22.15833333,,
312.1828492,0.082475248,,,,,,,,,,,,,,,,,26.91818182,26.45,26.125,26.075,25.75416667,25.51666667,25.19166667,24.6625,24.09583333,23.9875,23.8875,24.15416667,23.8375,23.59166667,23.66666667,23.45833333,23.26666667,22.875,22.74583333,22.02916667,21.625,,
347.1535773,0.036060606,,,,,,,,,,,,,,,,,26.59368421,26.14583333,25.73854167,25.63541667,25.353125,25.434375,24.89895833,24.5625,24.353125,24.00729167,23.28020833,22.978125,22.85625,23.18020833,23.55416667,22.82916667,22.621875,22.84375,22.553125,21.98333333,21.44791667,21.09166667,
165.3275552,0.211864407,,,,,,,,,,,,,,,,,,,26.63684211,26.52083333,26.29375,25.96315789,25.85729167,25.37395833,24.99479167,24.36770833,23.95833333,23.29473684,23.06770833,22.92708333,23.309375,22.79583333,22.52708333,22.853125,22.846875,22.55208333,22.15729167,21.93333333,
315.9875586,0.083125,,,,,,,,,,,,28.51126761,28.17916667,27.89166667,27.93854167,27.37083333,27.09777778,,26.51891892,26.33645833,26.0625,26.08229167,25.47708333,25.11770833,24.78854167,23.93333333,,,,,22.9,23.27291667,22.94270833,22.74583333,22.55833333,22.31770833,21.58229167,21.271875,
293.726231,0.081690544,,,,,,,29.1,28.46875,27.78229167,27.24791667,26.953125,28.315625,28.159375,27.76979167,27.51041667,27.215625,26.71354167,26.52916667,26.49270833,26.31020408,,,,,24.795,24.675,23.915625,23.35625,22.84791667,22.82916667,,,,23.13333333,23.29270833,22.97291667,22.478125,21.75729167,
268.8930538,0.112931034,,,,,,,,,,,,,,,27.41515152,27.35416667,26.83229167,26.67708333,26.42083333,25.98,25.37857143,25.30833333,24.915625,24.47708333,24.24583333,24.01145833,23.65,23.11621622,22.85,22.8125,22.90416667,23.63958333,23.76458333,23.25104167,22.99375,22.62083333,22.01458333,21.21875,
282.193176,0.117692308,,,,,,,,,,,,,,,,,,,,,,,,,,,,,,,,,,,23.31,22.653125,22.215625,21.49583333,
330.3703765,0.051519337,,,,,,,,,27.5,27.25625,26.759375,27.8625,28.27708333,28.15729167,28.03541667,27.43125,26.90208333,26.04166667,25.84166667,25.66145833,25.29166667,25.178125,24.7,24.90729167,24.47604167,24.18229167,23.85416667,23.79166667,23.203125,22.8625,22.57708333,22.790625,23.534375,23.15,22.73333333,22.81145833,22.45416667,21.72291667,
325.9852178,0.08003663,,,,,,,29.4,28.96041667,28.28229167,27.753125,27.259375,28.34270833,28.64791667,28.503125,28.32395833,27.63571429,27.51612903,27.28333333,26.85208333,26.38020833,26.01458333,25.79791667,25.26875,25.27395833,24.93125,24.575,24.06041667,23.26666667,23.09270833,22.85,22.52291667,22.56875,23.34895833,22.95729167,22.90104167,22.70208333,22.37604167,21.80833333,
271.8097386,0.093863636,,,,,,,,,,,,,,28.44084507,28.1125,27.86458333,27.53854167,26.80104167,26.54479167,26.51770833,26.078125,25.86588235,,,,,,,23.88888889,23.47395833,23.55208333,23.70729167,24.29375,24.109375,23.9875,23.90520833,23.546875,22.76770833,
234.6699089,0.148098361,,,,,,,,,,,,,,,,,,,,,25.436,25.31041667,24.884375,25.14583333,24.76041667,24.42708333,23.55104167,23.13645833,22.87291667,23.29375,23.571875,23.56770833,23.565625,23.05416667,22.85833333,22.84479167,22.959375,22.80729167,
372.60511,0.075115512,,,,,,,,,,,,,,27.78,27.875,27.684375,27.1,26.67291667,26.16458333,25.85,25.359375,24.9,24.87395833,24.20625,24.70631579,24.15,23.95104167,23.21770833,23.17083333,23.109375,23.01235955,23.09270833,23.0125,22.95833333,21.95104167,21.21770833,20.99479167,20.55625,
298.4972668,0.078823529,,,,,,,,,,,,,,,,,,,,,,24.88823529,24.61145833,24.27291667,25.20210526,24.94270833,24.334375,24.09166667,24.52241379,,,,22.3,23.23854167,22.89895833,23.01979167,23.19375,22.45625,
298.9171222,0.086221498,,,,,,,,,,,,,,,,,,,,,,,25.87142857,25.22395833,25.90105263,25.52916667,25.41666667,24.66041667,23.58958333,22.525,22.69583333,22.36770833,22.47083333,23.12604167,22.58333333,22.284375,22.05833333,21.884375,
275.346669,0.118175896,,,,,,,,,,,,,,27.97462687,27.84583333,27.62604167,27.36354167,26.97708333,26.31333333,,,,,24.0962963,24.43684211,24.84166667,24.49583333,23.81354167,23.66041667,23.540625,23.38645833,23.02708333,22.759375,23.121875,22.99270833,22.684375,22.10416667,21.51145833,
343.422311,0.042941176,,,,,,,,,,,,,,,27.89054054,27.61458333,27.07395833,26.70833333,25.7875,25.17272727,24.92395833,24.73541667,24.75,24.38958333,24.675,24.64479167,24.27916667,24.00689655,,,,,,,21.68095238,21.253125,20.89166667,20.559375,
285.3914361,0.072207792,,,,,,,,,,,,,,,,27.8,27.66041667,26.884375,26.47083333,26.18645833,25.778125,25.44,,,,,,23.22424242,22.65729167,22.20833333,22.046875,22.215625,22.98125,22.59895833,22.41354167,22.20104167,21.93958333,21.2125,
258.9086851,0.12923913,,,,,,,,,,,,28.796875,28.69791667,28.596875,28.33229167,28.14895833,27.803125,27.25714286,,,26.18358209,25.70520833,25.2375,25.10729167,24.99895833,24.61770833,24.03958333,23.834375,23.64166667,23.39791667,23.40520833,23.15520833,23.275,22.93958333,22.48113208,22.20208333,22.2875,21.85520833,
289.1484651,0.0934375,,,,,,,,,,,,,,,,,,,,,,,,,,,,,,22.90879121,22.853125,23.06666667,23.403125,22.80729167,22.44470588,22.03229167,21.60104167,20.821875,
326.9659964,0.089934211,,,,,,,,,,27.548,27.46458333,28.84583333,28.66041667,28.50520833,28.22916667,28.20729167,27.72708333,27.43809524,,,,,,25.12444444,25.03854167,24.93541667,24.61354167,24.19583333,24.16354167,23.7875,23.4,23.58115942,,22.06285714,21.884375,21.68958333,21.28333333,20.553125,
337.8310888,0.056776316,,,,,,,,,,27.536,27.48958333,29.26041667,29.08541667,28.775,28.340625,28.28571429,,,,,,,,,,,,,,,,,,21.93142857,21.81770833,21.81145833,21.92916667,21.41145833,
328.7031667,0.053398058,,,,,,,,,,,,28.508,28.44166667,28.21145833,27.97604167,27.803125,27.315625,26.92380952,,,,,,,,,,,,,,,,22.41714286,22.471875,22.38645833,22.65729167,21.87708333,
281.2720764,0.103214286,,32.09310345,32.65208333,32.09479167,31.3,30.69310345,,,,,,28.508,28.64895833,28.48854167,27.87916667,27.71041667,27.128125,26.75238095,,,,,,,,24.95060241,24.34895833,23.30520833,22.75,22.59375,22.21355932,,,22.40882353,22.22395833,22.425,22.51458333,22.05729167,
177.0042522,0.210671378,,,,,,,,30.53333333,29.95625,29.32395833,28.98854167,28.80729167,28.4,28.14270833,28.17395833,27.84270833,27.26875,26.75520833,26.37708333,26.12083333,25.63125,25.46354167,24.93854167,24.55729167,24.54791667,24.15416667,24.06458333,24.42604167,24.23125,23.86666667,23.55416667,23.29166667,23.415625,22.853125,22.56145833,21.653125,20.98333333,20.846875,
230.8539609,0.132842105,,,,,,,,,,,,,,,,,,,27.25230769,27.13229167,26.65625,26.30208333,26.44583333,26.17604167,26.453125,26.04545455,23.26833333,22.78854167,22.70104167,22.79583333,23.48958333,23.32073171,,23.05957447,22.95729167,22.50104167,21.80729167,21.45833333,
386.2426032,0.041329114,28.62307692,31.90833333,33.625,33.35416667,32.67916667,32.37083333,31.66666667,30.78333333,30.14583333,29.55416667,29.00833333,28.86666667,28.45833333,27.87083333,27.6125,27.40416667,26.9125,26.74166667,26.3625,25.6875,25.575,24.77083333,24.39583333,24.04166667,24,23.44166667,23.74166667,23.44166667,23.58333333,23.4125,23.06666667,22.53333333,22.16666667,21.55,21.42083333,21.25416667,21.2875,21.76666667,
314.1678643,0.080445545,28.83076923,31.97916667,33.07083333,33.27916667,32.8375,32.5875,31.70416667,30.975,30.125,29.57916667,29.2875,28.94583333,28.45416667,27.93333333,,,,,25.67142857,25.48333333,25.19583333,25.10833333,24.725,24.21666667,23.73333333,23.74166667,24.2375,23.75,23.8625,23.975,23.5125,22.8375,22.17083333,21.57083333,21.27916667,21.13333333,21.32083333,22.00833333,
364.3563076,0.050074074,28.9,32.1375,33.32916667,33.1375,32.54166667,31.05,29.8375,29.24583333,30.04583333,29.425,28.975,28.7125,28.30833333,27.7375,27.24166667,27.1875,26.8625,26.6125,26.55,25.9,25.34583333,24.875,24.6,24.30416667,24.23333333,24.2625,24.25416667,23.8625,23.84583333,23.90833333,23.46666667,22.79166667,22.3875,21.75416667,21.50416667,21.225,21.7125,22.5375,
351.3775704,0.061143911,28.81428571,33.96666667,32.73157895,33.385,32.69166667,31.14583333,30.14583333,29.2375,30.10416667,29.525,29.12083333,28.8625,28.27916667,27.74166667,27.39166667,27.26666667,26.99166667,26.8125,26.4625,26.0625,25.65416667,24.94583333,24.4375,24.25416667,24.03333333,23.83333333,23.8375,23.39166667,23.9,23.6,23.1,22.72083333,22.40416667,21.825,21.77916667,21.7,21.7625,22.275,
380.3756152,0.043925926,28.83846154,31.975,33.08333333,33.14583333,32.5625,31.05833333,30.02916667,29.05416667,30.18333333,29.59166667,29.14166667,28.8625,28.33333333,27.75416667,27.40833333,27.10416667,27.05,26.93333333,26.2125,25.7125,25.0375,24.91666667,24.55833333,24.34583333,24.19166667,24.18333333,24.15416667,24.00833333,24.0625,23.99583333,23.15416667,22.7875,22.38333333,21.425,21.80416667,21.20833333,21.175,22.30416667,
346.1920568,0.097824561,28.49230769,31.65833333,33.35833333,33.80416667,33.0125,31.85416667,30.8,30.74583333,30.00833333,29.27916667,28.97916667,28.48333333,28.00833333,27.84583333,27.4375,27.04583333,26.85833333,26.475,26.21666667,25.75,25.74166667,25.325,25.00416667,24.54583333,24.3625,24.125,24.075,23.60833333,23.18333333,22.67916667,22.43333333,22.29166667,21.89583333,21.77916667,21.95833333,23.25833333,,,
363.5758182,0.075692308,,31.76666667,31.95,32.2,31.5125,31.32083333,31.08333333,31.0125,30.175,29.35833333,29.06666667,28.54166667,28.175,27.94166667,27.45416667,26.9625,26.80833333,26.53333333,26.49166667,26.0875,25.85,25.4875,24.99166667,24.51666667,24.6,24.5625,24.66666667,24.49583333,23.97916667,22.99166667,22.625,22.02916667,21.7125,21.53333333,22.07083333,23.35833333,23.2,22.9875,
394.2482068,0.053615385,28.94615385,31.45416667,31.97083333,32.10833333,31.85,31.54583333,30.86666667,30.72083333,29.925,29.25416667,29.075,28.49166667,27.94166667,27.82083333,27.325,26.78333333,26.34166667,25.82916667,25.60416667,25.22083333,24.77916667,24.72916667,24.52916667,24.28333333,24.2125,24.14583333,24.2625,23.81666667,23.09583333,22.74583333,22.4,21.72916667,21.24166667,21.13333333,21.39583333,22.67083333,21.71666667,20.575,
307.3609645,0.114923077,29.06923077,31.55416667,31.8875,32.33333333,31.59166667,30.8875,30.91666667,30.7875,30.3375,29.475,29.125,28.92083333,28.30833333,27.9625,27.47083333,27.09166667,26.72916667,26.35833333,25.89583333,25.77916667,24.925,24.575,24.5125,24.19583333,24.14583333,23.7875,23.7875,23.7125,23.0125,22.425,22.3375,21.94583333,21.43333333,21.2375,21.21666667,22.14166667,21.51666667,20.91666667,
328.6563014,0.109846154,,,,,,,,,,,,,,,,,,,26.275,25.6375,25.75833333,25.14583333,24.6375,24.575,24.64583333,24.525,24.18333333,23.85833333,23.26666667,22.77083333,22.5,22.21666667,22.04166667,21.52916667,21.925,23.05833333,22.2375,21.06666667,
328.768274,0.135145985,28.11666667,31.07083333,32.60416667,33.02916667,32.1625,31.75,30.80416667,30.1125,30.50833333,30.24545455,,,,,,,,,,26.29583333,26.00833333,25.58333333,25,25.06666667,24.91666667,25.05833333,24.72916667,24.04166667,23.4375,23.3625,22.75,22.67083333,22.45,22.35,23.6625,23.525,22.73333333,22.7375,
352.9538173,0.112539063,28.29166667,30.86666667,32.56666667,33.38333333,32.50416667,32.07083333,31.25,30.10833333,30.57916667,30.2375,29.94545455,,,,,,,,,26.32916667,25.7875,25.02916667,24.45,24.3125,25.02916667,24.41666667,24.42083333,24.1625,24.025,23.27916667,22.825,22.8625,22.6,22.325,23.05,22.61666667,21.87916667,22.1,
319.258821,0.071875,28.1,31.0625,32.49166667,33.1875,32.71666667,31.95833333,30.6375,30.01666667,30.22916667,29.95,29.30416667,29.15833333,28.8125,28.3,27.7625,27.45416667,27.17083333,27.0125,26.5625,26.34166667,25.77083333,25.22916667,25.08333333,25.1625,24.24583333,24.67083333,24.525,23.85833333,23.325,23.08333333,22.9,22.88333333,22.4625,22.4875,23.27083333,22.49583333,21.725,21.80833333,
322.9740778,0.068725869,28,30.79166667,32.45,33.01666667,32.18333333,31.81666667,30.84583333,30.15,30.05416667,29.675,29.19166667,,,,,,,,,25.97916667,25.79583333,25.23333333,24.84583333,24.88333333,24.31666667,24.17916667,23.68333333,23.27083333,22.97083333,22.77916667,22.3,22.34583333,22.25,22.62083333,23.18333333,22.51666667,21.84166667,21.69583333,
304.3058462,0.077065637,,,,,,,,,,,,,,,,,,,,25.75,25.14166667,25.07083333,24.9625,25.09166667,24.85,24.99583333,24.95416667,24.225,23.52916667,23.225,22.69583333,22.54166667,22.30833333,22.61666667,23.9625,22.94166667,22.09583333,21.61666667,
362.1686993,0.084193548,28.975,31.25833333,32.72083333,32.67916667,31.95,31.69090909,,,,,,,,,,,,,,26.03333333,25.525,24.81666667,24.625,24.76666667,24.55833333,24.64583333,24.3,23.69166667,23.15416667,22.92083333,22.60833333,22.19583333,22.03333333,22.45416667,23.34166667,22.79583333,21.6,21.11666667,
353.1009799,0.073225806,,,,,,,,,,29.57916667,29.16666667,28.7125,28.55416667,28.425,27.775,27.37083333,26.77916667,26.3,25.8625,25.44583333,25.12083333,24.74166667,24.175,24.78333333,24.37916667,24.425,24.08333333,23.44166667,23.13333333,22.79583333,22.62916667,22.26666667,21.95,21.89583333,22.95,22.1125,21.79583333,21.125,
348.4420733,0.086275304,,,,,,,,,,,,,,,,,,,,25.67083333,25.29583333,25.2375,24.79166667,25.05,24.45416667,24.17083333,24.1125,23.74583333,23,22.73333333,22.52083333,22.69583333,22.62916667,22.65,23.4,22.63333333,21.85416667,21.7625,
311.6374127,0.111869919,,,,,,,,29.5,30.16666667,29.79583333,29.23333333,28.9125,28.39583333,28.09166667,27.63333333,27.3625,26.975,26.90416667,26.38333333,25.92916667,25.65833333,24.97916667,24.89166667,25.10416667,24.8,24.9625,25.0875,24.5375,23.64166667,23.36666667,23.14166667,23.07916667,22.85833333,23.10416667,23.95833333,23.5,21.89166667,21.54583333,
323.2370993,0.065116279,29.37692308,31.58333333,33.4125,32.95416667,31.99166667,31.1,30.19166667,29.70416667,30.15416667,29.5,29.16666667,28.91666667,28.49583333,28.05,27.65,27.35,27.08333333,26.55,26.3125,25.9,25.2,24.95416667,25.05416667,24.34166667,24.62916667,24.52083333,24.3125,24.1625,23.775,23.44166667,23.12916667,23.03333333,22.63333333,23.95,23.6625,22.85833333,22.64583333,22.29583333,
293.4799872,0.160576923,,,,,,,,29.42,30.30833333,29.35,28.93333333,28.9625,28.64166667,27.90416667,27.5125,26.92916667,26.8,26.05416667,25.47083333,25.2625,25.27916667,25.32916667,25.16666667,25.13333333,24.975,24.77916667,23.97916667,23.45833333,23.3,22.87916667,22.6375,22.37083333,22.23333333,22.96666667,23.14583333,22.43333333,,,
362.940456,0.056,29.06923077,30.95,32.42083333,32.8375,32.1125,31.44166667,30.56666667,29.64166667,30.15833333,29.43333333,29.23333333,28.90833333,28.74583333,28.45833333,28.00833333,27.125,27.0875,26.82083333,26.14166667,25.82083333,25.37083333,25.5375,25.3375,25.09166667,25.15833333,24.98333333,24.20416667,23.6625,23.11666667,22.4875,22.42916667,22.20833333,22.37083333,23.77083333,24.0125,23.55,23.28333333,22.79583333,
327.0555964,0.113285714,32.5625,32.37916667,32.125,31.62083333,30.82916667,30.125,31.04166667,30.91666667,29.65833333,29.52083333,29.20416667,28.5625,28.25416667,27.77916667,27.6625,27.04166667,26.65416667,26.32083333,25.875,25.47916667,25.4125,24.9,24.34166667,23.90416667,23.47083333,23.20833333,23.18333333,22.95416667,22.09583333,22.14166667,21.82083333,21.625,21.60833333,21.82083333,20.94583333,20.65,20.49166667,,
391.290137,0.064285714,32.5625,32.37083333,32.1125,31.64583333,30.82916667,30.125,30.42916667,30.5375,29.975,29.525,28.92083333,28.7,28.31666667,27.75416667,27.3375,26.89583333,26.625,26.40416667,25.80833333,25.60833333,25.53333333,25.02916667,24.2875,23.73333333,23.5375,23.15833333,23.36666667,22.65,22.225,22.02083333,22.04583333,21.81666667,21.425,21.875,20.825,20.59166667,20.7625,,
361.4591313,0.04359589,,32.33125,32.87083333,33.11666667,32.2125,30.50416667,31.34166667,30.8875,30.1625,29.75,29.25,28.8375,28.375,28.00416667,27.74166667,27.20833333,26.7625,26.48333333,26.30833333,25.89166667,25.46666667,24.14583333,23.72916667,23.50833333,23.73333333,23.87083333,23.4375,23.075,23.0875,23.43333333,23.0125,22.8,22.7875,22.10416667,21.96666667,21.47916667,21.59166667,21.22916667,
298.23254,0.065290102,,,,,,,,,,,,,28.17692308,27.76666667,27.2625,26.65833333,26.51666667,26.34166667,26.19583333,25.65833333,25.25,24.625,24.48333333,24.3875,24.32083333,24.1875,23.77916667,23.45833333,23.07083333,22.8375,22.51666667,21.95416667,22.16666667,20.99583333,20.35416667,20.475,20.99166667,20.40416667,
362.8161484,0.049452055,,32.32666667,32.1125,31.62083333,30.90833333,30.21666667,31.375,30.82916667,30.4875,29.8875,29.82083333,29.39166667,28.74166667,28.07916667,28.075,27.46666667,27.00833333,26.75833333,26.44166667,26.05416667,25.44583333,24.65,24.15,23.98333333,23.79583333,23.84166667,23.10833333,23.3,23.3,23.64583333,23.5625,23.15833333,23.15833333,22.4125,22.30416667,21.57916667,22.0125,21.75833333,
364.5712656,0.047645051,,,,,,,,,,,,,28.44,28.22916667,27.57916667,27.30416667,27.09166667,26.75833333,26.7375,26.2875,25.70416667,24.81666667,24.71666667,24.625,24.47083333,24.42916667,24.01666667,23.99166667,23.8625,23.9,23.76666667,23.2375,23.22083333,22.12916667,21.65,21.2125,21.57916667,21.3375,
347.7359902,0.066808511,,32.4,,,,,,,,29,29.22916667,28.67916667,28.17916667,27.94166667,27.2,26.84583333,26.59583333,26.325,25.69166667,25.60833333,25.06666667,25.07916667,24.40416667,24.52083333,24.3875,24.48333333,23.89583333,23.50416667,23.17916667,22.70833333,22.15416667,21.76666667,21.75833333,20.99583333,20.49583333,20.15,,,
364.6566022,0.05,,32.32666667,32.1125,31.64583333,30.90833333,30.21666667,31.4,30.64583333,30.02916667,29.50833333,29.31,,28.33333333,27.74166667,27.07083333,26.75833333,26.67916667,26.9375,26.27916667,25.9,25.55833333,25.17916667,24.83333333,24.575,24.34583333,23.74166667,22.97916667,22.73333333,22.525,22.25,22.00833333,21.89166667,22.04583333,21.2,20.8625,21.19583333,21.76666667,21.3,
361.4317014,0.067509025,,32.32666667,32.1125,31.62083333,30.90833333,30.21666667,31.55,30.75,29.85,29.89166667,29.35833333,29.09166667,28.54166667,28.20833333,27.87083333,27.375,27.39583333,26.92916667,26.44166667,25.72083333,25.125,24.94583333,24.17916667,23.66666667,23.55833333,23.36666667,23.275,22.9625,23.14166667,23.05,23.01666667,23.0375,23.04166667,22.21666667,22.00416667,21.50416667,21.325,20.44583333,
339.4261322,0.082318841,,32.33125,32.1125,31.62083333,30.90833333,30.21666667,31.81666667,31.09166667,30.13333333,29.92916667,28.99583333,29.17916667,28.5,28.025,27.93333333,27.00416667,26.89166667,26.39166667,25.975,25.67916667,25.17083333,24.56666667,23.9375,23.7125,23.83333333,23.7125,23.5875,23.4125,23.39166667,23.5125,23.575,23.50833333,23.35833333,22.55833333,21.825,21.0625,21.37083333,21.07083333,
346.6926723,0.04533557,,,,,,,,,,,,,28.55,27.925,27.54583333,27.15833333,27.1625,26.69583333,25.95,26.04166667,25.7,25.32083333,24.8625,24.4,24.275,23.67916667,23.42916667,23.1625,23.04166667,22.59166667,22.15416667,22.45833333,21.8125,21.7,21.32083333,21.81666667,21.67916667,,
301.2652228,0.070704698,,,,,,,,,,,30.03333333,29.1625,28.38333333,27.95416667,27.62083333,27.20833333,26.9,26.375,26.09583333,25.93333333,25.79583333,25.3,25.1625,24.8625,24.49166667,24.15,23.84166667,23.3375,23.17916667,22.66666667,22.2125,22.84583333,21.59583333,21.74583333,21.94166667,22.53333333,21.75,21.10416667,
321.3997531,0.077423729,,31.35,32.1125,31.70869565,31.4,,,30.12,30.05416667,29.89166667,29.10833333,28.53333333,28.45416667,28.0125,27.49166667,26.99166667,26.77083333,26.44583333,26.39166667,25.90416667,25.6875,25.3875,25.30416667,24.90833333,24.81666667,24.33333333,23.95833333,23.64583333,23.48333333,23.525,22.65833333,22.47916667,21.4125,21.05,20.66666667,21.2875,20.88333333,20.6875,
302.2318566,0.072142857,,,,,,,,,,,,,,,26.8,27.075,26.94166667,26.65416667,26.35833333,25.9125,24.9875,24.8375,24.29166667,24.20833333,24.11666667,23.675,23.25,23.34166667,23.38333333,23.25416667,23.04583333,23.25416667,22.0375,22.00416667,21.99166667,22.57083333,21.47083333,20.75416667,
277.6681343,0.077653061,,30.64166667,32.1125,31.68214286,31.03076923,30.20833333,31.29583333,30.8625,30.2875,29.425,29.14166667,28.54545455,,,27.3,27.17083333,26.85833333,26.35833333,26.0125,25.64583333,25.27916667,24.925,24.76666667,24.44166667,24.71666667,24.35416667,23.94583333,23.775,23.47916667,23.8125,23.39166667,23.04583333,21.45833333,21.18333333,20.87916667,21.625,21.50833333,20.6625,
314.9911044,0.100610169,,31.33888889,32.1125,32.86666667,31.10416667,30.52916667,31.80416667,31.27083333,30.77083333,30.29583333,29.475,29.05416667,28.60416667,28.45833333,27.85416667,27.525,26.9375,26.725,26.44583333,26.05833333,25.17916667,24.69583333,24.32916667,23.69583333,23.75,23.375,23.16666667,23.1375,22.925,22.37916667,22.5375,22.53333333,21.5,21.77083333,21.75416667,22.1375,22.44583333,21.69583333,
308.5314799,0.118979592,,31.35,32.1125,31.69583333,32.44166667,33.20416667,32.2,31.22083333,30.9,30.4125,29.98333333,29.45454545,,,27.6,27.89583333,27.2375,26.7125,26.00833333,25.65416667,25.6875,25.09583333,23.6625,24.5625,24.45416667,23.97916667,24.1,24.06666667,24.0375,23.92083333,23.12083333,22.8875,22.16666667,21.71666667,21.25,21.64583333,21.17916667,20.5125,
321.4693158,0.086621622,,,,,,,,,,,,,,,26,27.19166667,27.00416667,26.525,26.06666667,25.6625,25.1875,24.89583333,24.9125,24.71666667,24.55416667,24.2375,23.87916667,23.60833333,23.6125,23.07083333,22.72083333,22.59583333,21.525,21.42916667,21.09166667,21.66666667,21.32083333,20.32083333,
358.3118775,0.071932203,,35.82352941,,,,,,,,,,29.975,28.95,27.87916667,27.54583333,27.13333333,27.32083333,26.75,25.5125,24.8125,24.62083333,24.42083333,23.86666667,24.12916667,23.9125,23.77083333,23.55833333,23.4,23.94166667,23.625,24.09583333,23.0375,22.83333333,22.4875,22.575,22.3625,21.6625,,
352.5567274,0.049355932,,,,,,,,,,,,,,27,27.55416667,27.47083333,27.1125,26.41666667,25.79166667,24.90833333,24.775,24.3,24.49166667,24.5375,24.08333333,24.1,24.27083333,24.1625,24.225,24.15833333,24.44166667,23.39166667,23.3625,22.97083333,23.13333333,22.40833333,21.84583333,21.49583333,
325.0079128,0.084618182,,,,,,,,,,,,,,27.7,27.65833333,27.27083333,26.8,26.67083333,26.70833333,26.3,26.06666667,25.5125,25.37916667,24.7625,24.57083333,24.43333333,24.14166667,23.4125,23.2125,23.09583333,22.65416667,21.79583333,21.5,21.22916667,21.875,21.72916667,21.85833333,21.40833333,
322.2243241,0.089160584,,,,,,,,31.22941176,30.79583333,30.3,29.25416667,28.71666667,28.41666667,27.95833333,27.5875,27.33333333,27.175,26.24166667,26.28333333,25.7625,25.38333333,25.20416667,24.74583333,24.55833333,23.82916667,23.47916667,23.29583333,22.9375,22.8,22.6875,22.74166667,21.98333333,21.67083333,21.51666667,21.7875,21.75833333,21.075,20.92083333,
237.6152255,0.1315,,,30.60526316,30.72916667,30.20833333,31.03333333,31.99166667,31.35833333,30.95,30.35833333,30.19166667,29.82083333,29.35,28.60833333,28.04583333,27.84583333,27.8625,27.225,26.79166667,26.59166667,26,25.79583333,25.1,25.04166667,24.1125,24.30416667,23.57916667,24.55416667,23.82083333,23.6,23.48333333,23.04583333,22.92916667,22.17916667,22.52083333,21.16666667,20.72083333,,
286.2685992,0.107392857,,,30.68947368,30.82916667,30.5,31.10416667,32.04166667,31.40833333,30.86666667,30.50833333,30.30416667,29.95,29.35,28.79583333,28.3,28.1875,27.85,26.87083333,26.80833333,26.5125,25.81666667,25.92083333,25.27083333,24.7625,24.36666667,24.24166667,23.69583333,23.95833333,23.475,22.875,22.85,22.70833333,22.61666667,21.8875,21.99166667,21.10416667,20.72916667,,
345.4822228,0.071071429,,,31.1,30.54583333,30.31666667,30.9875,31.92083333,31.39166667,30.825,30.375,30.24583333,30.02083333,29.29166667,28.57083333,28.1625,27.82083333,27.925,27.2625,26.875,26.175,26.175,25.55833333,25.32083333,24.7625,24.4875,24.1,23.67083333,24.35,23.70833333,23.54166667,23.45416667,23.22083333,23.0375,22.64583333,22.5375,21.15,20.48333333,,
313.7698688,0.066989619,,,,,30.40588235,31.09583333,32.10833333,31.39583333,30.87083333,30.4375,30.02083333,29.89166667,29.30416667,28.6,28.17083333,27.925,27.87916667,27.125,26.87083333,26.29583333,25.94583333,25.70833333,25.35416667,24.9375,24.27916667,24.05,24.025,24.80833333,24.59583333,23.89583333,24.35416667,23.96666667,23.475,23.18333333,23.16666667,21.68333333,21.0875,,
331.6424592,0.159311475,,,,,,,32.25,31.62083333,31.2,30.71666667,30.55,29.89166667,29.13333333,28.72083333,28.33333333,28.14583333,27.28333333,27.0375,26.37916667,25.9875,25.86666667,25.5,25.17916667,24.75,24.5,24.2625,24.675,24.08333333,23.4375,23.475,23.45,23.20416667,22.84166667,22.61666667,21.4,21.05416667,,,
243.4473179,0.191764706,,30,30.3625,30.7875,30.7875,32.27083333,32.2,31.62083333,31.1875,30.84583333,30.4,30.0375,29.32916667,28.75416667,28.375,28.1375,27.79166667,27.375,26.54166667,26.58333333,26.35416667,25.75,25.125,24.675,24.54166667,24.125,24.33333333,23.8125,23.82916667,23.25833333,23.3625,23.17083333,22.24166667,22.6125,21.5,21.07916667,20.825,,
355.3604655,0.08,,30,30.04166667,30.70416667,30.65,32.24583333,32.41666667,31.85833333,31.21666667,30.87083333,30.48333333,29.95833333,29.3,28.8,28.50416667,28.3625,27.6625,27.37916667,26.7625,26.33333333,25.925,25.6625,25.13333333,24.57916667,24.175,24.19166667,24.36666667,23.82083333,23.525,23.40416667,23.2375,23.02916667,22.55833333,22.7125,21.25416667,20.775,20.98333333,,
308.9101175,0.06695082,,30,30.15,30.8125,30.67916667,31.9625,32.15833333,31.8,31.25833333,30.76666667,30.49166667,29.95,29.1625,28.675,28.34583333,28.0625,27.52083333,27.12083333,26.4625,26.09166667,26.025,25.51666667,24.8625,24.375,24.12916667,23.975,23.975,23.52083333,23.20833333,23.8625,23.3625,23.4875,22.79166667,22.9,21.3625,21.06666667,21.175,,
246.1123077,0.106786885,,30,30.10416667,30.82083333,30.76666667,32.09583333,32.3125,31.84583333,31.30833333,30.82916667,30.49583333,29.99166667,29.26666667,28.80833333,28.4625,28.2625,27.66666667,27.3875,26.8875,26.4375,26.14583333,25.65416667,25.21666667,24.32916667,24.55416667,24.1875,24.21666667,23.7,23.225,23.14583333,22.975,22.57916667,22.22083333,22.2875,21.32083333,20.96666667,21.04583333,,
287.4965179,0.147081851,29.52941176,30.97916667,33.3125,33.25833333,32.94583333,32.47083333,31.62083333,31.14583333,30.325,29.9375,29.75833333,29.26666667,28.78333333,28.59583333,28.57916667,28.0625,27.19166667,27.22083333,27.16666667,27.05,26.68333333,26.47916667,26.45416667,26.25,26.025,25.92916667,25.625,25.20416667,24.9375,24.89166667,24.4625,24.1125,24.325,24.27916667,24.75416667,24.2375,23.275,23.075,
267.495701,0.151556291,29.07058824,30.34583333,33.63333333,33.87083333,33.30833333,32.67916667,32.125,31.32083333,30.50416667,29.775,29.4,29.0375,28.81666667,28.80833333,28.20416667,28.2,27.6875,27.325,26.95416667,26.77916667,26.4625,26.27083333,26.05416667,25.8375,25.62083333,25.3875,25.11666667,24.62083333,24.475,24.45416667,24.30833333,23.99583333,23.74166667,24.13333333,23.68333333,23.5875,22.84583333,22.66666667,
354.1408834,0.065841584,29.54117647,31.1125,33.84166667,34.1125,33.3,33.2875,32.65833333,32.05,30.95833333,30.47083333,29.74583333,29.7625,29.125,29.29166667,28.0875,28.15,27.775,27.2,27.4125,27.21666667,26.57916667,26.65416667,26.38333333,26.27083333,25.9375,25.5625,25.425,24.85416667,24.53333333,24.77083333,24.21666667,23.99166667,24.02916667,23.95416667,24.05833333,23.57083333,22.70833333,22.83333333,
333.2473067,0.056019417,28.85,31.12083333,33.35833333,34.17083333,33.475,32.85416667,32.14583333,31.15833333,30.5875,29.79583333,29.47916667,29.30416667,28.975,29.3,28.7375,28.37083333,27.8875,27.70833333,27.19583333,26.85,26.625,26.62916667,26.20833333,25.8375,25.40833333,25.15833333,24.85833333,24.52083333,24.01666667,24.04583333,23.67916667,23.0875,23.4375,23.59166667,23.97083333,23.63333333,22.67916667,22.8375,
331.387238,0.070677419,28.96666667,31.11666667,33.80833333,34.20416667,33.65416667,33.14166667,31.86666667,31.2375,30.66666667,30.09166667,29.6625,29.26666667,28.80833333,28.63333333,28.09583333,27.67083333,27.4125,27.62916667,27.0875,26.8625,26.66666667,26.35,26.1375,25.69583333,25.61666667,25.4,24.83333333,24.35416667,24.17083333,24.5,24.00833333,23.3625,23.67083333,23.24583333,23.57083333,23.3,22.45833333,22.4875,
355.8322996,0.044660194,28.71666667,31.10833333,33.525,34.40416667,33.6125,32.84583333,31.98333333,31.3,30.55,30.22916667,29.77083333,29.31666667,28.9,28.79166667,28.65,28.35833333,27.75416667,27.64583333,27.07916667,26.94166667,26.6375,26.54166667,26.06666667,25.72916667,25.55,25.10416667,24.72916667,24.43333333,24.10833333,24.13333333,23.69166667,23.23333333,23.5625,23.375,23.8375,23.47083333,22.575,22.73333333,
370.0937305,0.046182432,29.5,30.90833333,33.33333333,33.36666667,33.34166667,32.7125,32.16666667,31.03333333,30.35416667,29.62916667,29.27916667,28.91666667,28.40833333,28.525,28.3625,28.09583333,27.80833333,27.49166667,27.06666667,26.95833333,26.70833333,26.43333333,26.1125,25.8625,25.70416667,25.20833333,25.04166667,24.68333333,24.45416667,24.20833333,23.79583333,23.6375,23.27083333,23.70833333,23.4625,22.66666667,22.72916667,22.4125,
288.9625324,0.080735786,29.55294118,31.0625,33.26666667,33.78333333,33.02916667,32.125,31.7625,30.9125,30.12083333,29.60416667,29.03333333,28.61666667,28.54166667,28.40833333,28.44583333,28.275,27.4375,27.51666667,27.3875,26.87916667,26.70833333,26.3125,26.08333333,25.57083333,25.39583333,25.59583333,25.32916667,24.9875,24.67083333,24.19166667,24.225,24.2625,24.01666667,24.40833333,23.97916667,23.50416667,23.50416667,,
368.5596447,0.0397,29.47058824,30.97916667,33.30833333,33.8625,33.44583333,32.54166667,31.75416667,31.02083333,30.15833333,29.74166667,29.27916667,29.00833333,28.80416667,28.87083333,28.83333333,28.42083333,28.08333333,27.61666667,27.37916667,27.10416667,27.45,26.69166667,26.33333333,26.13333333,25.74166667,25.68333333,25.35833333,25.15416667,24.8375,24.44583333,24.30416667,24.125,23.82916667,24.3375,24.32083333,23.05833333,23.21666667,23.0875,
350.1581536,0.055,29.58823529,31.14583333,33.37916667,33.94166667,33.07083333,32.25416667,31.775,31,30.20416667,29.725,29.2375,28.60416667,28.44166667,28.02916667,28.30416667,27.8375,27.75416667,27.48333333,27.25416667,26.9875,26.88333333,26.65833333,26.275,25.975,25.50833333,25.28333333,25.03333333,24.8625,24.59583333,24.10833333,23.92083333,24.04166667,23.55416667,24.18333333,23.63333333,22.45416667,22.79583333,22.475,
379.871196,0.040789474,29.48235294,31.01666667,33.57083333,34.5,33.89583333,33.2125,32.40833333,31.625,30.87083333,30.04166667,29.65416667,29.15833333,29.37916667,28.85416667,28.62916667,28.025,27.65833333,27.5375,27.28333333,26.98333333,26.74166667,26.53333333,26.38333333,26.0375,25.9,25.61666667,25.20833333,24.96666667,24.80833333,24.52083333,24.59583333,24.40833333,24.24583333,23.82083333,23.49583333,22.52916667,22.84166667,22.5875,
397.8735839,0.062105263,29.24705882,30.9875,33.72083333,34.29583333,33.78333333,33.07083333,32.17083333,31.44166667,30.79583333,29.85,29.70416667,29.15833333,29.12083333,29.09583333,28.7125,28.17916667,28.0875,27.50416667,27.40833333,27.2875,26.975,26.65833333,26.4375,26.11666667,25.84583333,25.79583333,25.17083333,24.9,24.72083333,24.35,23.97916667,23.97916667,23.39583333,23.97916667,23.8375,22.61666667,22.95833333,,
347.2654454,0.064411765,29.55,30.37916667,31.6125,31.70416667,31.09583333,30.0875,30.94166667,29.94583333,29.325,29.13333333,28.90833333,28.75416667,28.22916667,27.89166667,27.37083333,27.05,26.94166667,26.1625,25.75416667,25.58333333,25.42083333,25.41666667,25.1625,24.87083333,24.53333333,24.28333333,23.875,23.71666667,23.54583333,22.91666667,22.58333333,22.18333333,21.875,21.55,21.27083333,20.8875,20.50416667,21.35,
276.2201559,0.093571429,,,,,,,,,,,,,,28.17142857,27.51666667,27.27083333,26.95833333,26.10833333,25.60416667,25.07083333,24.8125,24.72916667,24.5875,24.24166667,24.2125,24.2125,23.22916667,22.82916667,22.75833333,22.27916667,22.17916667,21.925,22.44166667,22.21666667,21.86666667,21.80416667,21.20833333,21.575,
333.0958982,0.04974026,,,,,,,,,,,,,,27.68571429,27.5,27.4375,27.10416667,26.25833333,25.64583333,25.19583333,25.19166667,25.33333333,25.48333333,24.90416667,24.80416667,24.44166667,24.225,23.8625,24.0875,23.15833333,22.89166667,22.3125,22.35833333,21.8,21.6125,21.36666667,21.12083333,21.48333333,
341.9673604,0.082931034,,,,,,,,,,,,,,27.85714286,27.5875,27.43333333,27.12083333,26.575,26.09583333,25.16666667,25.23333333,24.98333333,24.65833333,23.89166667,23.78333333,23.55833333,23.29583333,22.82083333,22.8875,21.95416667,21.8,21.775,22.29166667,21.85833333,21.5625,21.7,,,
317.7987654,0.111172414,,,,,,,,,,,,,,27.64285714,27.44166667,27.2125,26.62083333,25.68333333,25.3875,25.30833333,25.08333333,25.55416667,24.975,24.96666667,24.95,24.6125,24.17916667,23.75416667,23.9,22.97083333,23.02916667,22.69583333,22.60833333,21.80833333,21.72916667,21.51666667,21.05833333,21.59166667,
295.9699578,0.159021739,,,,,,,,,,,,,,27.64285714,27.38333333,27.4375,26.84583333,26.36666667,26.05,25.79166667,25.49583333,25.29583333,24.83333333,24.42916667,23.99583333,23.73333333,23.34583333,22.79166667,22.85416667,22.3,22.35416667,22.27083333,22.67083333,22.35833333,22.2625,22.125,,,
297.2680237,0.151014493,,,,,,,,,,,,,,27.4,27.275,26.67083333,26.29583333,25.82083333,25.15416667,24.9125,24.775,24.88333333,24.81666667,24.23333333,24.325,24.12916667,23.65,23.3125,23.37916667,22.67916667,22.41666667,22.26666667,21.91666667,21.32083333,21.12916667,21.04166667,20.46666667,20.85416667,
343.1552587,0.059228188,,,,,,,,,,,,,28.52857143,28.12916667,27.80416667,27.34583333,26.475,25.92916667,25.59166667,25.325,25.45,24.85,24.92083333,24.7,24.74166667,24.30416667,23.96666667,23.6,23.4875,23.3375,22.80416667,22.77083333,22.34583333,22.1125,21.725,21.34166667,21.40416667,21.04583333,
353.1487321,0.056060606,,,,,,,,,,,,,28.67142857,28.14166667,27.8,27.58333333,27.2125,26.0375,25.98333333,26.0625,25.94166667,25.65833333,25.85,25.225,25.0375,24.5875,24.15,23.98333333,23.78333333,23.68333333,23.34583333,23.19583333,22.76666667,22.12916667,22.05833333,21.45833333,21.94166667,21.8375,
290.2434811,0.12393617,,,,,,,,,,,,,,27.80909091,27.55416667,27.08333333,26.32083333,25.8,25.50833333,25.22916667,24.97083333,24.52916667,24.625,24.2625,24.10833333,23.77916667,23.45416667,23.32916667,22.8875,22.90416667,22.85,22.49166667,21.97083333,21.59583333,21.32916667,20.90833333,21.27083333,,
340.174002,0.075744681,,,,,,,,,,,,,28.5,28.32083333,27.775,27.4125,26.42916667,26.225,25.94583333,25.38333333,25.6,24.9,24.40833333,24.3,24.27083333,24.37083333,23.95833333,23.85416667,23.325,23.4,23.02083333,22.65833333,22.2375,21.7,21.3375,21.275,21.7,21.61666667,
348.9256659,0.081939799,,,,,,,,,,,,,,,,,,,,,,,,,,,,,,,,,,,,,,,
410.0924253,0.039145907,,,,,,,,,,,,,,,,,,,,,,,,25.58823529,25.62083333,25.80416667,25.17083333,25.36666667,24.5625,24.725,24.625,24.35416667,23.875,23.21666667,23.8625,23.66666667,23.75416667,23.69166667,21.97916667
386.2352421,0.054347826,33,33.19166667,32.02777778,32.19583333,31.425,30.57916667,29.7625,29.40416667,29.37916667,28.5375,28.425,28.05,27.825,27.74166667,26.85,28.1625,28.075,27.22916667,26.775,26.71666667,26.42916667,25.82083333,25.79166667,25.5125,25.72916667,25.04583333,24.92083333,25.12083333,24.37916667,24.05416667,23.9625,24.57916667,24.21666667,23.75833333,22.94166667,22.94583333,23.04583333,22.64583333,
397.7098719,0.028695652,,,,,,,,,,,,,,,,,,,,,,,,25.59411765,25.31666667,25.05,24.74166667,24.83333333,24.12083333,24.0875,23.84166667,24.24583333,24.4875,23.97083333,23.87916667,23.71666667,23.6875,22.74583333,21.8
361.8430508,0.064964286,,,,,,,,,,,,,,,,,,,,,,,25.41333333,25.17083333,25.05416667,24.65416667,24.875,24.49583333,24.15416667,23.84583333,23.9125,23.73333333,23.43333333,23.03333333,23.17083333,23.25,22.84166667,,
338.6732412,0.073,,,,,,,,,,,,,,,,,,,,,,,25.61875,25.04583333,25.21666667,24.87916667,24.80416667,24.32916667,24.10416667,23.99583333,24.16666667,23.77083333,23.46666667,23.9,23.41666667,23.40416667,22.87916667,21.8375,
349.8544436,0.072258065,,,,,,,,,,,,,,,,,,,,,25.45,25.3875,24.89583333,24.67083333,24.35416667,24.60833333,24.47916667,24.13333333,24.45,24.12916667,24.325,24.22083333,24.24166667,23.20416667,22.675,23.15833333,23.02083333,,
362.6990055,0.056750903,,,,,,,,,,,,,,,,,,,,,,,25.9,25.52083333,25.52916667,25.22916667,25.51666667,24.61666667,24.47916667,24.05833333,24.27916667,23.99583333,23.97916667,23.87083333,23.725,23.40416667,22.6125,21.53333333,
352.7439382,0.042166065,33,32.08333333,30.775,31.49583333,30.77916667,29.94166667,29.0875,28.29166667,29.0875,28.04583333,27.69583333,27.52083333,26.725,26.2375,27.54166667,26.95,26.86666667,26.55,26.42083333,26.39166667,26.15,25.7625,25.62916667,25.15416667,24.84166667,25.10416667,24.9,24.4875,24.35416667,23.95833333,23.33333333,23.2625,23.225,22.61666667,22.79583333,22.65,22.34583333,21.44583333,
380.3426095,0.045217391,,,,,,,,,,,,,,,,,,,,,,,25.68888889,25.56666667,25.47916667,25.59166667,25.70416667,25.24166667,25.225,24.80833333,24.5625,24.17083333,23.50416667,24.41666667,24.09166667,23.8375,23.41666667,22.23333333,
311.1907096,0.071894737,,,,,,,,,,,,,,,,,,,,,,,25.63125,25.76666667,25.65833333,25.72083333,25.46666667,24.71666667,24.53333333,24.48333333,24.3625,24.80833333,24.42083333,23.75833333,24.0125,24.06666667,23.39583333,22.5375,
331.5630745,0.053578947,,,,,,,,,,,,,,,,,,,,,,,25.90625,25.7125,25.45416667,25.15833333,25.225,24.26666667,24.26666667,24.30833333,24,24.32916667,24.33333333,23.425,23.15416667,23.25833333,22.93333333,21.70833333,
387.1031277,0.096666667,30.66666667,30,30.6875,31.14166667,30.325,29.4875,28.71666667,28.05833333,27.475,27.04583333,26.64583333,26.6125,26.7125,27.97916667,28.07083333,27.6375,27.3,27.04166667,27.025,26.4875,26.1125,25.91666667,25.62083333,25.19583333,25.225,25.01666667,24.675,24.7,24.42083333,23.92916667,23.9375,23.725,23.1375,22.9125,23.5375,23.33333333,,,
268.1530428,0.14725,,,,,,,,,,,,,,,,,,,,,,,,,,,,,,,,,,,,,,,
259.5922383,0.204528302,,,,,,,,,,,,,,,,,26.39090909,26.45833333,26.45,26.04583333,25.68333333,25,24.90416667,24.37083333,24.125,23.8625,24.55833333,23.925,23.30416667,23.05833333,22.75833333,22.65,22.85833333,23.14166667,22.41666667,22.70416667,23.10833333,24.10833333,
344.2859022,0.123333333,,,34.86363636,34.3,33.3,32.425,31.51666667,30.71666667,29.90416667,28.95833333,28.63333333,28.125,27.85416667,27.60833333,27.20416667,26.85,26.45833333,26.22916667,26.20416667,25.9625,25.27083333,24.92916667,24.64583333,24.21666667,24.25416667,23.84166667,24.6875,24.30416667,23.07916667,23.12083333,22.94166667,23.2,23.34583333,23.4,23.59166667,23.02916667,23.77083333,24.31666667,
349.2643748,0.12,,,34.31818182,34.33333333,33.19166667,32.49583333,31.475,30.65,29.925,29.12083333,28.58333333,28.27083333,27.84583333,27.525,27.25833333,26.65416667,26.55833333,26.22083333,26.64166667,26.175,25.54583333,24.80833333,24.625,24.42916667,24.2375,24.38333333,24.75416667,23.94583333,22.97083333,23.12916667,22.53333333,22.64166667,23.00416667,23.00416667,22.59583333,22.54166667,22.9625,23.6875,
317.6919489,0.122159091,,,34.92727273,34.30833333,33.25416667,32.325,31.62916667,30.62083333,29.77083333,29.01666667,28.65,28.25833333,27.94166667,27.55833333,27.18333333,26.75625,,26.53125,26.5625,26.10833333,25.475,24.9875,24.67916667,24.39166667,24.44166667,24.7875,24.625,23.8875,23.19583333,23.1,22.95416667,22.375,22.99583333,22.84166667,22.54166667,22.45833333,23.2375,23.95416667,
248.4852843,0.140135135,,,34.85384615,34.24583333,33.53333333,32.60833333,31.8375,30.96666667,29.875,29.22916667,28.85,28.5875,27.97916667,27.64166667,27.12916667,26.8375,26.64166667,26.7,26.5,25.93333333,25.39166667,24.58333333,24.23333333,24.32083333,24.05833333,24.675,24.825,23.07916667,22.95,22.92083333,22.60416667,22.99166667,23.12916667,22.50416667,23.30833333,23.125,23.10416667,,
236.8091403,0.175675676,,,,,,,,,,,,,,,,,,,,,,,,,,,,,,,,,,,,,,,
